Date,Message
2026-04-06T12:15:00.000+07:00,"24089.8,24095.2,24085,24093.7"
2026-04-06T12:20:00.000+07:00,"24093.6,24094.8,24079.7,24093.1"
2026-04-06T12:25:00.000+07:00,"24093,24093,24079.4,24079.4"
2026-04-06T12:30:00.000+07:00,"24079.9,24083.3,24063.6,24073.3"
2026-04-06T12:35:00.000+07:00,"24073.1,24073.8,24064.6,24067.2"
2026-04-06T12:40:00.000+07:00,"24067.4,24068,24051.3,24056.1"
2026-04-06T12:45:00.000+07:00,"24056.2,24060.8,24042,24044.7"
2026-04-06T12:50:00.000+07:00,"24044.8,24060.3,24043.7,24060.1"
2026-04-06T12:55:00.000+07:00,"24060.2,24066.2,24057,24060.5"
2026-04-06T13:00:00.000+07:00,"24060.1,24061,24047.9,24054.1"
2026-04-06T13:05:00.000+07:00,"24053.9,24081,24050.1,24074.6"
2026-04-06T13:10:00.000+07:00,"24074.7,24106.4,24072.5,24102.7"
2026-04-06T13:15:00.000+07:00,"24102.5,24103.3,24076.9,24079"
2026-04-06T13:20:00.000+07:00,"24078.9,24082.9,24065.5,24075.1"
2026-04-06T13:25:00.000+07:00,"24075.2,24076.5,24050.4,24055.7"
2026-04-06T13:30:00.000+07:00,"24055.4,24065.8,24045.2,24056.7"
2026-04-06T13:35:00.000+07:00,"24056.9,24060.1,24048.4,24059.6"
2026-04-06T13:40:00.000+07:00,"24059.5,24067,24051.7,24059.9"
2026-04-06T13:45:00.000+07:00,"24059.8,24063.1,24047.6,24061.8"
2026-04-06T13:50:00.000+07:00,"24061.1,24119.2,24057.4,24079.8"
2026-04-06T13:55:00.000+07:00,"24079.9,24090.6,24074.8,24085.6"
2026-04-06T14:00:00.000+07:00,"24085.5,24090.1,24056.8,24060.7"
2026-04-06T14:05:00.000+07:00,"24060.6,24065.6,24046.1,24048.7"
2026-04-06T14:10:00.000+07:00,"24048.8,24055.6,24036.3,24055.6"
2026-04-06T14:15:00.000+07:00,"24055.7,24083,24055.7,24068.7"
2026-04-06T14:20:00.000+07:00,"24069.6,24078.5,24054.4,24064.7"
2026-04-06T14:25:00.000+07:00,"24063.9,24076.2,24063.4,24067.4"
2026-04-06T14:30:00.000+07:00,"24067.3,24086.3,24063.8,24082.5"
2026-04-06T14:35:00.000+07:00,"24082.4,24098.7,24080.2,24090.1"
2026-04-06T14:40:00.000+07:00,"24090.2,24112.1,24082.2,24102.9"
2026-04-06T14:45:00.000+07:00,"24103,24125.9,24100,24122.3"
2026-04-06T14:50:00.000+07:00,"24122.1,24153.1,24117.3,24136.4"
2026-04-06T14:55:00.000+07:00,"24136.6,24154.4,24134.5,24138.2"
2026-04-06T15:00:00.000+07:00,"24138,24164.2,24137.9,24162.6"
2026-04-06T15:05:00.000+07:00,"24162.1,24165.9,24141.5,24156.7"
2026-04-06T15:10:00.000+07:00,"24157.2,24162,24147.8,24156.6"
2026-04-06T15:15:00.000+07:00,"24156.5,24166.8,24143.5,24147.7"
2026-04-06T15:20:00.000+07:00,"24148.5,24171.4,24147,24168.2"
2026-04-06T15:25:00.000+07:00,"24168.3,24189.2,24164.2,24178.1"
2026-04-06T15:30:00.000+07:00,"24178,24200.6,24173.2,24194.3"
2026-04-06T15:35:00.000+07:00,"24194.4,24220,24192.6,24210.7"
2026-04-06T15:40:00.000+07:00,"24210.8,24221.4,24207.1,24217"
2026-04-06T15:45:00.000+07:00,"24216.9,24219,24208,24214.7"
2026-04-06T15:50:00.000+07:00,"24214.8,24214.8,24192.3,24199"
2026-04-06T15:55:00.000+07:00,"24199.1,24208.6,24195,24197.4"
2026-04-06T16:00:00.000+07:00,"24197.5,24216.7,24195.5,24211.5"
2026-04-06T16:05:00.000+07:00,"24211.6,24225.5,24205.4,24209.5"
2026-04-06T16:10:00.000+07:00,"24209.4,24215.8,24202.8,24207"
2026-04-06T16:15:00.000+07:00,"24207.1,24215.8,24197.2,24213.5"
2026-04-06T16:20:00.000+07:00,"24213.4,24224.2,24202,24203.9"
2026-04-06T16:25:00.000+07:00,"24204.7,24211.7,24200.6,24210.7"
2026-04-06T16:30:00.000+07:00,"24210.6,24216.5,24207.3,24212"
2026-04-06T16:35:00.000+07:00,"24212.1,24213,24205.4,24207.4"
2026-04-06T16:40:00.000+07:00,"24207.3,24209.1,24197.5,24201.4"
2026-04-06T16:45:00.000+07:00,"24201.3,24207.1,24197.8,24200.8"
2026-04-06T16:50:00.000+07:00,"24200.7,24201,24161.2,24177.8"
2026-04-06T16:55:00.000+07:00,"24177.7,24185.3,24160.6,24166"
2026-04-06T17:00:00.000+07:00,"24166.1,24173.2,24154.8,24169.7"
2026-04-06T17:05:00.000+07:00,"24169.4,24185.6,24164.8,24184.1"
2026-04-06T17:10:00.000+07:00,"24184,24188.6,24175.7,24177.5"
2026-04-06T17:15:00.000+07:00,"24178.6,24181.7,24171.2,24176.4"
2026-04-06T17:20:00.000+07:00,"24175.8,24180,24168.7,24173.1"
2026-04-06T17:25:00.000+07:00,"24172.6,24175.9,24155.7,24173.3"
2026-04-06T17:30:00.000+07:00,"24173.1,24178.6,24164.3,24173.8"
2026-04-06T17:35:00.000+07:00,"24173.9,24184.7,24170.6,24174.4"
2026-04-06T17:40:00.000+07:00,"24174.6,24179.9,24168.7,24173.8"
2026-04-06T17:45:00.000+07:00,"24173.4,24175,24093.5,24151.4"
2026-04-06T17:50:00.000+07:00,"24151.5,24160,24137.6,24142.2"
2026-04-06T17:55:00.000+07:00,"24142,24151.7,24136.6,24143.2"
2026-04-06T18:00:00.000+07:00,"24143.3,24144.7,24123.2,24133.8"
2026-04-06T18:05:00.000+07:00,"24132.5,24139.9,24123.8,24133.3"
2026-04-06T18:10:00.000+07:00,"24132.9,24135.3,24111.5,24117.8"
2026-04-06T18:15:00.000+07:00,"24118,24140.7,24110.6,24136.6"
2026-04-06T18:20:00.000+07:00,"24136.5,24138.6,24113.4,24124.5"
2026-04-06T18:25:00.000+07:00,"24124.3,24133.5,24121.3,24130.6"
2026-04-06T18:30:00.000+07:00,"24130.7,24137.9,24122.3,24137.7"
2026-04-06T18:35:00.000+07:00,"24136.5,24143.3,24125.2,24136.3"
2026-04-06T18:40:00.000+07:00,"24136.4,24139.4,24122,24125"
2026-04-06T18:45:00.000+07:00,"24124.9,24134.7,24122.5,24132.5"
2026-04-06T18:50:00.000+07:00,"24132.6,24145.9,24131.6,24136.3"
2026-04-06T18:55:00.000+07:00,"24136.2,24138.6,24129,24134"
2026-04-06T19:00:00.000+07:00,"24133.9,24136.6,24123,24128.6"
2026-04-06T19:05:00.000+07:00,"24128.7,24137.7,24128.3,24132"
2026-04-06T19:10:00.000+07:00,"24132.1,24138.9,24123.8,24132.5"
2026-04-06T19:15:00.000+07:00,"24132.2,24139.3,24127.4,24129.7"
2026-04-06T19:20:00.000+07:00,"24129.6,24139.5,24116.2,24133"
2026-04-06T19:25:00.000+07:00,"24133.2,24146,24130.4,24138.9"
2026-04-06T19:30:00.000+07:00,"24139,24157.6,24129,24154.7"
2026-04-06T19:35:00.000+07:00,"24155.1,24156.4,24146.2,24148.8"
2026-04-06T19:40:00.000+07:00,"24149.3,24151.4,24138.5,24144.6"
2026-04-06T19:45:00.000+07:00,"24144.7,24166.3,24144.2,24145.8"
2026-04-06T19:50:00.000+07:00,"24145.7,24154.2,24137.2,24139.8"
2026-04-06T19:55:00.000+07:00,"24139.3,24141.7,24130.6,24135"
2026-04-06T20:00:00.000+07:00,"24135.4,24142.6,24115,24116.7"
2026-04-06T20:05:00.000+07:00,"24116.8,24132.4,24102.6,24131.2"
2026-04-06T20:10:00.000+07:00,"24131.1,24142,24121.2,24135.7"
2026-04-06T20:15:00.000+07:00,"24135.8,24141.5,24118.8,24120.3"
2026-04-06T20:20:00.000+07:00,"24120.5,24123,24098.8,24112.9"
2026-04-06T20:25:00.000+07:00,"24113,24123.5,24085.8,24091.7"
2026-04-06T20:30:00.000+07:00,"24091.6,24198,24091.5,24181.7"
2026-04-06T20:35:00.000+07:00,"24181.8,24200.2,24074.9,24127.1"
2026-04-06T20:40:00.000+07:00,"24126.7,24177.9,24096.2,24159.8"
2026-04-06T20:45:00.000+07:00,"24159.6,24214.4,24158.5,24194.2"
2026-04-06T20:50:00.000+07:00,"24192.7,24238.9,24186.3,24209.7"
2026-04-06T20:55:00.000+07:00,"24209.8,24243.2,24191.6,24241.8"
2026-04-06T21:00:00.000+07:00,"24241.2,24279.2,24115.8,24121.6"
2026-04-06T21:05:00.000+07:00,"24121.1,24146.6,24100.2,24144.4"
2026-04-06T21:10:00.000+07:00,"24144.9,24185.9,24109.9,24183.9"
2026-04-06T21:15:00.000+07:00,"24184.2,24205.8,24171.2,24197.3"
2026-04-06T21:20:00.000+07:00,"24197.6,24220.6,24190.1,24205.4"
2026-04-06T21:25:00.000+07:00,"24204.8,24210.5,24176.9,24194.7"
2026-04-06T21:30:00.000+07:00,"24193.1,24217.1,24179.7,24191.7"
2026-04-06T21:35:00.000+07:00,"24191.6,24210.4,24115.3,24130.6"
2026-04-06T21:40:00.000+07:00,"24131.9,24176.4,24128.4,24146"
2026-04-06T21:45:00.000+07:00,"24146.1,24146.4,24092.3,24098.6"
2026-04-06T21:50:00.000+07:00,"24098.5,24137.4,24098.1,24126.4"
2026-04-06T21:55:00.000+07:00,"24126.3,24155,24109.5,24135.4"
2026-04-06T22:00:00.000+07:00,"24135.7,24166.7,24122.2,24143.6"
2026-04-06T22:05:00.000+07:00,"24143.5,24161.6,24122.8,24154.3"
2026-04-06T22:10:00.000+07:00,"24154.1,24154.4,24122.9,24142.4"
2026-04-06T22:15:00.000+07:00,"24142.5,24152.9,24125.6,24135.8"
2026-04-06T22:20:00.000+07:00,"24135.9,24144.8,24111.8,24116.7"
2026-04-06T22:25:00.000+07:00,"24116.3,24125.1,24097.1,24110.1"
2026-04-06T22:30:00.000+07:00,"24109.8,24118,24082.8,24105.2"
2026-04-06T22:35:00.000+07:00,"24105.4,24118.3,24084.1,24114.9"
2026-04-06T22:40:00.000+07:00,"24114.7,24128.3,24103.7,24123.6"
2026-04-06T22:45:00.000+07:00,"24123.5,24144.4,24116.1,24138.8"
2026-04-06T22:50:00.000+07:00,"24137.1,24161.2,24128.8,24153.7"
2026-04-06T22:55:00.000+07:00,"24154.6,24154.6,24135.1,24152.1"
2026-04-06T23:00:00.000+07:00,"24151.3,24157.2,24126.6,24126.7"
2026-04-06T23:05:00.000+07:00,"24126.5,24141.8,24114.5,24115.7"
2026-04-06T23:10:00.000+07:00,"24117.2,24138.2,24113.3,24134.1"
2026-04-06T23:15:00.000+07:00,"24134.3,24144.2,24123.1,24129.8"
2026-04-06T23:20:00.000+07:00,"24129.5,24145.8,24124.2,24136.9"
2026-04-06T23:25:00.000+07:00,"24136.8,24153.5,24136,24143"
2026-04-06T23:30:00.000+07:00,"24142.9,24155.8,24132.2,24153.5"
2026-04-06T23:35:00.000+07:00,"24153.6,24176.8,24152.8,24159.4"
2026-04-06T23:40:00.000+07:00,"24158.7,24166.3,24149.9,24164.3"
2026-04-06T23:45:00.000+07:00,"24163.8,24173.6,24159,24167.3"
2026-04-06T23:50:00.000+07:00,"24167.4,24172.1,24137.7,24150.3"
2026-04-06T23:55:00.000+07:00,"24150.5,24155.7,24131.1,24137.2"
2026-04-07T00:00:00.000+07:00,"24138.1,24141.4,24088.2,24109.4"
2026-04-07T00:05:00.000+07:00,"24109.3,24120.7,24092.4,24108.5"
2026-04-07T00:10:00.000+07:00,"24109.6,24112.8,24035.6,24059.4"
2026-04-07T00:15:00.000+07:00,"24059.1,24087.4,24048.7,24081"
2026-04-07T00:20:00.000+07:00,"24080.4,24122.9,24061.5,24121.2"
2026-04-07T00:25:00.000+07:00,"24121.6,24143.2,24113.4,24137.2"
2026-04-07T00:30:00.000+07:00,"24137.3,24163.4,24126.8,24139.2"
2026-04-07T00:35:00.000+07:00,"24139.3,24150.1,24122.9,24127.8"
2026-04-07T00:40:00.000+07:00,"24129,24131.8,24110,24122.5"
2026-04-07T00:45:00.000+07:00,"24123.2,24123.2,24100.3,24112.9"
2026-04-07T00:50:00.000+07:00,"24113.7,24116,24096.2,24102.9"
2026-04-07T00:55:00.000+07:00,"24103,24112.7,24093.3,24095.8"
2026-04-07T01:00:00.000+07:00,"24095.2,24099.1,24076.5,24080.1"
2026-04-07T01:05:00.000+07:00,"24079.9,24107.6,24079.4,24106.2"
2026-04-07T01:10:00.000+07:00,"24106,24157.1,24104.8,24134.7"
2026-04-07T01:15:00.000+07:00,"24134.8,24168.3,24132.8,24164"
2026-04-07T01:20:00.000+07:00,"24161.7,24192.8,24151.7,24180.2"
2026-04-07T01:25:00.000+07:00,"24180.3,24189,24158.5,24170.7"
2026-04-07T01:30:00.000+07:00,"24169.9,24185.6,24152.2,24162.6"
2026-04-07T01:35:00.000+07:00,"24162.9,24172.3,24158.6,24160.2"
2026-04-07T01:40:00.000+07:00,"24160,24167.1,24154.7,24163.5"
2026-04-07T01:45:00.000+07:00,"24163.4,24178,24160,24170.2"
2026-04-07T01:50:00.000+07:00,"24170.4,24182.6,24168.4,24177.1"
2026-04-07T01:55:00.000+07:00,"24177,24182.2,24173.9,24178.9"
2026-04-07T02:00:00.000+07:00,"24177.5,24182,24168.3,24178.9"
2026-04-07T02:05:00.000+07:00,"24179,24181.7,24162.5,24164.7"
2026-04-07T02:10:00.000+07:00,"24164.6,24173.7,24157.1,24172.4"
2026-04-07T02:15:00.000+07:00,"24172.3,24175.5,24159.6,24167.6"
2026-04-07T02:20:00.000+07:00,"24169.5,24177.8,24163.7,24168"
2026-04-07T02:25:00.000+07:00,"24168.2,24174.6,24164,24165.2"
2026-04-07T02:30:00.000+07:00,"24165.5,24176.4,24161.1,24172"
2026-04-07T02:35:00.000+07:00,"24172.1,24177.9,24168.3,24172.1"
2026-04-07T02:40:00.000+07:00,"24172,24175.7,24155.6,24172"
2026-04-07T02:45:00.000+07:00,"24172.3,24195.1,24169.8,24193.6"
2026-04-07T02:50:00.000+07:00,"24193.7,24204.1,24170.8,24171.2"
2026-04-07T02:55:00.000+07:00,"24171.7,24197.5,24164.7,24192.1"
2026-04-07T03:00:00.000+07:00,"24191.95,24198.8,24183.9,24189"
2026-04-07T03:05:00.000+07:00,"24188,24188,24172.4,24175.1"
2026-04-07T03:10:00.000+07:00,"24173.9,24181.1,24170.8,24174.4"
2026-04-07T03:15:00.000+07:00,"24172.2,24175.1,24162.6,24172.6"
2026-04-07T03:20:00.000+07:00,"24172.1,24176.8,24170.7,24173.1"
2026-04-07T03:25:00.000+07:00,"24173.3,24179.3,24171.2,24171.7"
2026-04-07T03:30:00.000+07:00,"24171.9,24179.7,24171.9,24177.1"
2026-04-07T03:35:00.000+07:00,"24176.6,24186.1,24174.8,24175.6"
2026-04-07T03:40:00.000+07:00,"24176.6,24181,24173.6,24177.2"
2026-04-07T03:45:00.000+07:00,"24177.5,24179.8,24167.8,24170.5"
2026-04-07T03:50:00.000+07:00,"24170,24173.6,24167.8,24171.9"
2026-04-07T03:55:00.000+07:00,"24171.2,24179.8,24169.2,24176.6"
2026-04-07T04:00:00.000+07:00,"24176.4,24176.4,24172,24173.6"
2026-04-07T04:05:00.000+07:00,"24172.4,24173.9,24171.2,24172.8"
2026-04-07T04:10:00.000+07:00,"24172.9,24175.4,24171.1,24171.2"
2026-04-07T04:15:00.000+07:00,"24171.1,24178.3,24170.9,24177"
2026-04-07T04:20:00.000+07:00,"24177.1,24183.9,24177.1,24179.5"
2026-04-07T04:25:00.000+07:00,"24180.3,24188.8,24179.7,24184.7"
2026-04-07T04:30:00.000+07:00,"24185.3,24188.2,24184.9,24185.4"
2026-04-07T04:35:00.000+07:00,"24185.5,24188.3,24183.6,24186.3"
2026-04-07T04:40:00.000+07:00,"24186.4,24186.5,24179.6,24183.6"
2026-04-07T04:45:00.000+07:00,"24183.8,24184.6,24179.2,24183.3"
2026-04-07T04:50:00.000+07:00,"24183.4,24183.4,24175.5,24177.8"
2026-04-07T04:55:00.000+07:00,"24177.5,24178.4,24175.6,24177.1"
2026-04-07T05:00:00.000+07:00,"24179.1,24204.9,24169.7,24203.8"
2026-04-07T05:05:00.000+07:00,"24203.4,24213.4,24197.7,24202.4"
2026-04-07T05:10:00.000+07:00,"24202.5,24204.9,24197,24203.7"
2026-04-07T05:15:00.000+07:00,"24204,24208,24198.6,24199.5"
2026-04-07T05:20:00.000+07:00,"24199.2,24200.2,24133.2,24145.6"
2026-04-07T05:25:00.000+07:00,"24145.5,24156.1,24141.5,24153.4"
2026-04-07T05:30:00.000+07:00,"24153.5,24159.7,24134.2,24137.8"
2026-04-07T05:35:00.000+07:00,"24137.9,24149.9,24137.8,24144.7"
2026-04-07T05:40:00.000+07:00,"24146,24154.4,24144.7,24146.9"
2026-04-07T05:45:00.000+07:00,"24146.8,24150.5,24143.1,24150.2"
2026-04-07T05:50:00.000+07:00,"24151,24158.3,24140.7,24141.2"
2026-04-07T05:55:00.000+07:00,"24141.6,24145.7,24134.3,24134.7"
2026-04-07T06:00:00.000+07:00,"24134.8,24148.8,24133.4,24145.5"
2026-04-07T06:05:00.000+07:00,"24146.3,24150.6,24142.5,24148.6"
2026-04-07T06:10:00.000+07:00,"24148.4,24163.1,24147.1,24160.8"
2026-04-07T06:15:00.000+07:00,"24160.7,24163,24149.1,24151.5"
2026-04-07T06:20:00.000+07:00,"24151.8,24153.8,24140.8,24146"
2026-04-07T06:25:00.000+07:00,"24146.1,24154.3,24144.2,24144.2"
2026-04-07T06:30:00.000+07:00,"24144,24153.3,24141.7,24150.6"
2026-04-07T06:35:00.000+07:00,"24150.5,24150.8,24142.5,24143.9"
2026-04-07T06:40:00.000+07:00,"24144.9,24148.7,24144.5,24145.8"
2026-04-07T06:45:00.000+07:00,"24146,24156.2,24144,24146.2"
2026-04-07T06:50:00.000+07:00,"24146,24150,24143.5,24147.2"
2026-04-07T06:55:00.000+07:00,"24147,24148.9,24130.2,24130.4"
2026-04-07T07:00:00.000+07:00,"24130.2,24130.7,24114.8,24123.4"
2026-04-07T07:05:00.000+07:00,"24123.5,24131.7,24108.5,24127.5"
2026-04-07T07:10:00.000+07:00,"24127.2,24153.7,24124,24146.6"
2026-04-07T07:15:00.000+07:00,"24146.5,24188.5,24145.6,24176.9"
2026-04-07T07:20:00.000+07:00,"24177,24178.6,24154.2,24160.2"
2026-04-07T07:25:00.000+07:00,"24160.3,24167,24155.5,24162.1"
2026-04-07T07:30:00.000+07:00,"24162,24167.2,24144.1,24148.9"
2026-04-07T07:35:00.000+07:00,"24148.8,24150.4,24123.7,24125.3"
2026-04-07T07:40:00.000+07:00,"24125.5,24137.8,24125.3,24134.6"
2026-04-07T07:45:00.000+07:00,"24134.7,24149.6,24133.7,24149.6"
2026-04-07T07:50:00.000+07:00,"24149.7,24153.6,24138.3,24139.9"
2026-04-07T07:55:00.000+07:00,"24140,24140.5,24129.5,24132.8"
2026-04-07T08:00:00.000+07:00,"24133.3,24142.1,24111.8,24138"
2026-04-07T08:05:00.000+07:00,"24137.9,24141.7,24104,24109.5"
2026-04-07T08:10:00.000+07:00,"24109.6,24112,24079.1,24088"
2026-04-07T08:15:00.000+07:00,"24088.2,24110.1,24087.3,24109.3"
2026-04-07T08:20:00.000+07:00,"24109.2,24110.2,24100.7,24103.8"
2026-04-07T08:25:00.000+07:00,"24103.7,24115.8,24100.2,24110.6"
2026-04-07T08:30:00.000+07:00,"24110.8,24112.9,24103.4,24106.5"
2026-04-07T08:35:00.000+07:00,"24106.6,24109,24057.4,24066.7"
2026-04-07T08:40:00.000+07:00,"24066.8,24073.5,24056.3,24060.7"
2026-04-07T08:45:00.000+07:00,"24060.8,24071.2,24052.7,24053.2"
2026-04-07T08:50:00.000+07:00,"24053.3,24057.8,24019.2,24030.5"
2026-04-07T08:55:00.000+07:00,"24030.7,24035.3,23999.6,24009.5"
2026-04-07T09:00:00.000+07:00,"24009.8,24013.4,23996.9,24004.6"
2026-04-07T09:05:00.000+07:00,"24004.5,24014.6,23983.9,24007.9"
2026-04-07T09:10:00.000+07:00,"24008,24019.8,23999.9,24004.6"
2026-04-07T09:15:00.000+07:00,"24004.3,24019.3,23997.1,24016.3"
2026-04-07T09:20:00.000+07:00,"24016.1,24017.2,23997.4,24013.2"
2026-04-07T09:25:00.000+07:00,"24013.3,24028.9,24009.7,24024.7"
2026-04-07T09:30:00.000+07:00,"24024.6,24036.6,24024.6,24028.7"
2026-04-07T09:35:00.000+07:00,"24028.8,24039.7,24022.2,24038.9"
2026-04-07T09:40:00.000+07:00,"24038.5,24040.6,24031.4,24039.6"
2026-04-07T09:45:00.000+07:00,"24039.5,24052.2,24034.9,24045.5"
2026-04-07T09:50:00.000+07:00,"24045.6,24049.9,24033.9,24037"
2026-04-07T09:55:00.000+07:00,"24037.1,24043.2,24031.9,24042.2"
2026-04-07T10:00:00.000+07:00,"24042.8,24049.4,24039.6,24043.6"
2026-04-07T10:05:00.000+07:00,"24043.5,24043.5,24033.3,24041.4"
2026-04-07T10:10:00.000+07:00,"24040.7,24045.7,24037.2,24044.8"
2026-04-07T10:15:00.000+07:00,"24045,24046.8,24027.4,24029.9"
2026-04-07T10:20:00.000+07:00,"24029.8,24049.7,24023.4,24046.6"
2026-04-07T10:25:00.000+07:00,"24046.5,24048.8,24040.8,24046.7"
2026-04-07T10:30:00.000+07:00,"24046.6,24062.3,24044.3,24054.3"
2026-04-07T10:35:00.000+07:00,"24054,24054.9,24047.7,24050.8"
2026-04-07T10:40:00.000+07:00,"24050.9,24059.3,24049.6,24059"
2026-04-07T10:45:00.000+07:00,"24059.1,24059.3,24050.1,24053.2"
2026-04-07T10:50:00.000+07:00,"24053.1,24057,24048.2,24050.3"
2026-04-07T10:55:00.000+07:00,"24050.6,24059.9,24050.4,24051.4"
2026-04-07T11:00:00.000+07:00,"24051.3,24061.3,24045.7,24048.4"
2026-04-07T11:05:00.000+07:00,"24048.5,24050.6,24040.7,24044.6"
2026-04-07T11:10:00.000+07:00,"24044.4,24047.2,24032.7,24035.5"
2026-04-07T11:15:00.000+07:00,"24035.4,24047.2,24028.9,24034.4"
2026-04-07T11:20:00.000+07:00,"24035.1,24057.2,24031.8,24056.9"
2026-04-07T11:25:00.000+07:00,"24057.1,24072.4,24053.1,24056.6"
2026-04-07T11:30:00.000+07:00,"24056.8,24080.4,24056.6,24075"
2026-04-07T11:35:00.000+07:00,"24077,24080.4,24068.4,24071.9"
2026-04-07T11:40:00.000+07:00,"24071.8,24074.7,24064.9,24071.2"
2026-04-07T11:45:00.000+07:00,"24071.3,24090,24069,24088.1"
2026-04-07T11:50:00.000+07:00,"24088.2,24094.7,24077,24085.8"
2026-04-07T11:55:00.000+07:00,"24085.9,24089.6,24076.5,24077.2"
2026-04-07T12:00:00.000+07:00,"24078.2,24088.4,24074.4,24075.8"
2026-04-07T12:05:00.000+07:00,"24075.1,24081.6,24071.7,24076.3"
2026-04-07T12:10:00.000+07:00,"24076.4,24085.2,24074.1,24081.3"
2026-04-07T12:15:00.000+07:00,"24081.2,24084.5,24077.1,24082.2"
2026-04-07T12:20:00.000+07:00,"24082.4,24089.8,24064.3,24069.1"
2026-04-07T12:25:00.000+07:00,"24069.2,24073.3,24052.8,24056.8"
2026-04-07T12:30:00.000+07:00,"24057,24060.1,24042.4,24046.8"
2026-04-07T12:35:00.000+07:00,"24046.7,24052.7,24039.9,24050.5"
2026-04-07T12:40:00.000+07:00,"24050.6,24050.7,24036.9,24039.4"
2026-04-07T12:45:00.000+07:00,"24039.2,24048.5,24035.8,24043.6"
2026-04-07T12:50:00.000+07:00,"24044.2,24059,24040.6,24052.6"
2026-04-07T12:55:00.000+07:00,"24052.5,24063.9,24052.3,24058.7"
2026-04-07T13:00:00.000+07:00,"24060.5,24065.6,24052.9,24058.5"
2026-04-07T13:05:00.000+07:00,"24058.4,24070.6,24051.7,24058.8"
2026-04-07T13:10:00.000+07:00,"24058.9,24059.8,24049.5,24050.5"
2026-04-07T13:15:00.000+07:00,"24050.4,24056.9,24045.8,24049.2"
2026-04-07T13:20:00.000+07:00,"24049.1,24061.3,24038.9,24061.2"
2026-04-07T13:25:00.000+07:00,"24061,24072.1,24056.1,24068.8"
2026-04-07T13:30:00.000+07:00,"24069.3,24076.2,24050.7,24052.4"
2026-04-07T13:35:00.000+07:00,"24052.5,24072.3,24050.7,24067.7"
2026-04-07T13:40:00.000+07:00,"24067.4,24072.3,24056.5,24067.1"
2026-04-07T13:45:00.000+07:00,"24067.2,24069.1,24053.1,24062"
2026-04-07T13:50:00.000+07:00,"24061.9,24071.2,24058.3,24066.5"
2026-04-07T13:55:00.000+07:00,"24066.4,24074.4,24062.4,24073.8"
2026-04-07T14:00:00.000+07:00,"24073.5,24085.9,24062.9,24071.4"
2026-04-07T14:05:00.000+07:00,"24071.1,24073.9,24057.7,24070.3"
2026-04-07T14:10:00.000+07:00,"24070.1,24075.9,24054.2,24073.2"
2026-04-07T14:15:00.000+07:00,"24073.1,24075,24057,24060.8"
2026-04-07T14:20:00.000+07:00,"24060.5,24069.6,24040.2,24055.5"
2026-04-07T14:25:00.000+07:00,"24055.9,24065.4,24048.6,24050.1"
2026-04-07T14:30:00.000+07:00,"24050,24068.5,24049.5,24057.6"
2026-04-07T14:35:00.000+07:00,"24057.3,24064.4,24055.4,24061.5"
2026-04-07T14:40:00.000+07:00,"24061.4,24081,24059.6,24075.8"
2026-04-07T14:45:00.000+07:00,"24075.7,24079.7,24068.1,24071.6"
2026-04-07T14:50:00.000+07:00,"24071.8,24074.2,24056.9,24058"
2026-04-07T14:55:00.000+07:00,"24058.1,24078.9,24055.2,24077.4"
2026-04-07T15:00:00.000+07:00,"24077.6,24178.8,24077.1,24106.2"
2026-04-07T15:05:00.000+07:00,"24106.1,24127.3,24095.3,24121.4"
2026-04-07T15:10:00.000+07:00,"24121.3,24154,24115.4,24145.5"
2026-04-07T15:15:00.000+07:00,"24145.7,24165.4,24135.4,24164.4"
2026-04-07T15:20:00.000+07:00,"24164.1,24199.2,24157.5,24184.9"
2026-04-07T15:25:00.000+07:00,"24182.3,24186.3,24158.7,24168.6"
2026-04-07T15:30:00.000+07:00,"24168.7,24208.9,24164,24207.4"
2026-04-07T15:35:00.000+07:00,"24206.1,24212.8,24193.3,24195.8"
2026-04-07T15:40:00.000+07:00,"24195.7,24197.6,24179.7,24194.7"
2026-04-07T15:45:00.000+07:00,"24194.6,24202.7,24177.5,24186.2"
2026-04-07T15:50:00.000+07:00,"24186.3,24187.3,24176.7,24180.8"
2026-04-07T15:55:00.000+07:00,"24180.7,24201.8,24177.3,24191"
2026-04-07T16:00:00.000+07:00,"24190.9,24205.4,24187.7,24196.7"
2026-04-07T16:05:00.000+07:00,"24196.6,24209.4,24183.4,24205.9"
2026-04-07T16:10:00.000+07:00,"24206.9,24220.1,24202.2,24205.8"
2026-04-07T16:15:00.000+07:00,"24205.7,24231.2,24198.8,24218.6"
2026-04-07T16:20:00.000+07:00,"24218.8,24228.7,24212.3,24225.4"
2026-04-07T16:25:00.000+07:00,"24225.6,24243.9,24209.4,24232.3"
2026-04-07T16:30:00.000+07:00,"24232.2,24251.1,24229.3,24250.9"
2026-04-07T16:35:00.000+07:00,"24251.1,24251.3,24231.2,24236.9"
2026-04-07T16:40:00.000+07:00,"24236.7,24237.9,24216.8,24218.2"
2026-04-07T16:45:00.000+07:00,"24217.9,24223.6,24202.6,24214.9"
2026-04-07T16:50:00.000+07:00,"24214.6,24227.1,24211.5,24218.5"
2026-04-07T16:55:00.000+07:00,"24218.6,24228.1,24213.9,24216.1"
2026-04-07T17:00:00.000+07:00,"24216.2,24229.6,24201.4,24205.6"
2026-04-07T17:05:00.000+07:00,"24205.8,24217,24127.9,24191.4"
2026-04-07T17:10:00.000+07:00,"24190.7,24212.3,24164.7,24198.8"
2026-04-07T17:15:00.000+07:00,"24198.2,24223.7,24197.4,24206.3"
2026-04-07T17:20:00.000+07:00,"24206.4,24223.4,24198.6,24212"
2026-04-07T17:25:00.000+07:00,"24211.1,24211.1,24147.7,24178.8"
2026-04-07T17:30:00.000+07:00,"24178.9,24181.3,24143.1,24148.9"
2026-04-07T17:35:00.000+07:00,"24149.1,24154.3,24122.5,24127.6"
2026-04-07T17:40:00.000+07:00,"24127.4,24144.4,24104.1,24120.6"
2026-04-07T17:45:00.000+07:00,"24120.5,24122.2,24066.8,24078.2"
2026-04-07T17:50:00.000+07:00,"24079,24079.5,24019.4,24052.3"
2026-04-07T17:55:00.000+07:00,"24052.2,24059.5,24016.1,24036.6"
2026-04-07T18:00:00.000+07:00,"24036.7,24051.1,24027.9,24044.9"
2026-04-07T18:05:00.000+07:00,"24045,24065.5,24026.7,24064.9"
2026-04-07T18:10:00.000+07:00,"24064.7,24064.8,24037.9,24052.6"
2026-04-07T18:15:00.000+07:00,"24052.5,24082.8,24051.8,24078.1"
2026-04-07T18:20:00.000+07:00,"24078.3,24080.3,24059.6,24065.1"
2026-04-07T18:25:00.000+07:00,"24065,24086.9,24053.1,24055.5"
2026-04-07T18:30:00.000+07:00,"24055.4,24060.1,24030.9,24036"
2026-04-07T18:35:00.000+07:00,"24035.9,24057.5,24008.3,24041.8"
2026-04-07T18:40:00.000+07:00,"24041.4,24057.9,24033.4,24050.7"
2026-04-07T18:45:00.000+07:00,"24050.5,24052.4,24038.7,24042.5"
2026-04-07T18:50:00.000+07:00,"24042.6,24050.2,24032.8,24040.9"
2026-04-07T18:55:00.000+07:00,"24041,24052.1,24036.8,24042.5"
2026-04-07T19:00:00.000+07:00,"24043.2,24044.4,24022.7,24025.8"
2026-04-07T19:05:00.000+07:00,"24025.9,24062.2,23967.2,24010.3"
2026-04-07T19:10:00.000+07:00,"24009.9,24020,23995,23997.9"
2026-04-07T19:15:00.000+07:00,"23998.3,24048,23970.8,24034.9"
2026-04-07T19:20:00.000+07:00,"24034.4,24071.5,24026.7,24047.8"
2026-04-07T19:25:00.000+07:00,"24047.9,24075,24047.9,24073.5"
2026-04-07T19:30:00.000+07:00,"24074.4,24080.4,24040.3,24049.7"
2026-04-07T19:35:00.000+07:00,"24049.9,24056,24040.6,24049.5"
2026-04-07T19:40:00.000+07:00,"24049.4,24050.2,24024.5,24036.2"
2026-04-07T19:45:00.000+07:00,"24036.3,24042.7,24013.2,24016.8"
2026-04-07T19:50:00.000+07:00,"24017.6,24047.8,24011.8,24046.9"
2026-04-07T19:55:00.000+07:00,"24047.3,24111.2,24033.6,24047.6"
2026-04-07T20:00:00.000+07:00,"24047.4,24060.8,24036.4,24054"
2026-04-07T20:05:00.000+07:00,"24054.1,24081.6,24050.2,24061.9"
2026-04-07T20:10:00.000+07:00,"24062.3,24066,24032.5,24062.3"
2026-04-07T20:15:00.000+07:00,"24062.4,24068.1,24044.6,24048.1"
2026-04-07T20:20:00.000+07:00,"24048.3,24076.3,24046.2,24071.3"
2026-04-07T20:25:00.000+07:00,"24071.2,24079.1,24057.1,24074.6"
2026-04-07T20:30:00.000+07:00,"24074.4,24134.3,24030.1,24052.3"
2026-04-07T20:35:00.000+07:00,"24052.4,24091.9,24032.3,24042.2"
2026-04-07T20:40:00.000+07:00,"24042.1,24063.7,24019.6,24028.5"
2026-04-07T20:45:00.000+07:00,"24028.7,24034.9,23978.9,23998.1"
2026-04-07T20:50:00.000+07:00,"23998,24034.3,23978.7,24032.6"
2026-04-07T20:55:00.000+07:00,"24032,24040.7,23950.8,23954"
2026-04-07T21:00:00.000+07:00,"23953.3,23961.3,23903.9,23911.9"
2026-04-07T21:05:00.000+07:00,"23911.8,23913.3,23826.9,23852.2"
2026-04-07T21:10:00.000+07:00,"23851.9,23876.5,23846,23869"
2026-04-07T21:15:00.000+07:00,"23868.4,23904.3,23865.1,23889.7"
2026-04-07T21:20:00.000+07:00,"23889.5,23966.4,23887.6,23955"
2026-04-07T21:25:00.000+07:00,"23954.5,23955.9,23912.2,23942.8"
2026-04-07T21:30:00.000+07:00,"23944.1,23977.8,23918.3,23947.6"
2026-04-07T21:35:00.000+07:00,"23947.4,23954.1,23913.6,23925.4"
2026-04-07T21:40:00.000+07:00,"23925.3,23933.9,23895.5,23910"
2026-04-07T21:45:00.000+07:00,"23910.1,23958.9,23901.3,23912.5"
2026-04-07T21:50:00.000+07:00,"23912.6,23918.7,23882.9,23899.1"
2026-04-07T21:55:00.000+07:00,"23898.1,23898.1,23842.7,23844.5"
2026-04-07T22:00:00.000+07:00,"23843.5,23848,23804.9,23811.5"
2026-04-07T22:05:00.000+07:00,"23811,23811,23776,23800.8"
2026-04-07T22:10:00.000+07:00,"23801.6,23853.8,23801.1,23840.8"
2026-04-07T22:15:00.000+07:00,"23840.9,23919.6,23831.6,23882.4"
2026-04-07T22:20:00.000+07:00,"23882.6,23887.2,23860.3,23861"
2026-04-07T22:25:00.000+07:00,"23860.8,23903.8,23860.2,23901.2"
2026-04-07T22:30:00.000+07:00,"23901.6,23916.6,23881.6,23906.1"
2026-04-07T22:35:00.000+07:00,"23906.2,23927.5,23882.2,23890.7"
2026-04-07T22:40:00.000+07:00,"23889.8,23904.9,23875.9,23888.7"
2026-04-07T22:45:00.000+07:00,"23888.9,23914.8,23885.8,23910.6"
2026-04-07T22:50:00.000+07:00,"23909.9,23921.8,23890.1,23917.9"
2026-04-07T22:55:00.000+07:00,"23917.7,23964.7,23913,23941"
2026-04-07T23:00:00.000+07:00,"23941.7,24071.7,23938.9,24010.7"
2026-04-07T23:05:00.000+07:00,"24010.3,24021.7,23978.7,23980.1"
2026-04-07T23:10:00.000+07:00,"23979.9,24002.8,23976.5,23991.5"
2026-04-07T23:15:00.000+07:00,"23991.6,24014.1,23981.4,23995.5"
2026-04-07T23:20:00.000+07:00,"23995,24061.8,23984.7,24027.5"
2026-04-07T23:25:00.000+07:00,"24028.5,24049.5,24014.7,24022.5"
2026-04-07T23:30:00.000+07:00,"24023,24040.7,24013.8,24039.8"
2026-04-07T23:35:00.000+07:00,"24039.9,24045.3,24009.7,24021.3"
2026-04-07T23:40:00.000+07:00,"24020.6,24041.1,24014.1,24037.6"
2026-04-07T23:45:00.000+07:00,"24037.8,24073.1,24036.8,24055"
2026-04-07T23:50:00.000+07:00,"24054.8,24066.1,24046.6,24056.9"
2026-04-07T23:55:00.000+07:00,"24057,24057,24031.4,24034.2"
2026-04-08T00:00:00.000+07:00,"24035.2,24068.9,24023.6,24061.4"
2026-04-08T00:05:00.000+07:00,"24057.8,24065.4,24043.5,24048.2"
2026-04-08T00:10:00.000+07:00,"24047.7,24054.8,24030.8,24033.8"
2026-04-08T00:15:00.000+07:00,"24033.9,24045.7,24020.7,24026.4"
2026-04-08T00:20:00.000+07:00,"24026.6,24028.4,24002.9,24019.2"
2026-04-08T00:25:00.000+07:00,"24019.3,24028.5,24003.9,24020.5"
2026-04-08T00:30:00.000+07:00,"24019.4,24063.8,24014.9,24061.1"
2026-04-08T00:35:00.000+07:00,"24061.2,24129.8,24060.8,24091.6"
2026-04-08T00:40:00.000+07:00,"24091.5,24093.5,24058,24062.3"
2026-04-08T00:45:00.000+07:00,"24062.8,24068,24049.2,24067"
2026-04-08T00:50:00.000+07:00,"24068.3,24086.8,24063.5,24072.8"
2026-04-08T00:55:00.000+07:00,"24072.7,24075,24048.9,24058.5"
2026-04-08T01:00:00.000+07:00,"24057.7,24070.2,24050.1,24052.8"
2026-04-08T01:05:00.000+07:00,"24053.1,24053.4,24031.5,24041.8"
2026-04-08T01:10:00.000+07:00,"24043.1,24048.8,24031.1,24043.3"
2026-04-08T01:15:00.000+07:00,"24043.4,24059.4,24038.8,24056.2"
2026-04-08T01:20:00.000+07:00,"24055.2,24058.3,24021.7,24026.3"
2026-04-08T01:25:00.000+07:00,"24026,24036.8,24019.6,24026.3"
2026-04-08T01:30:00.000+07:00,"24027.2,24035.9,24017.4,24029.3"
2026-04-08T01:35:00.000+07:00,"24029.2,24032.2,24013.5,24020"
2026-04-08T01:40:00.000+07:00,"24020.6,24022.4,23986.5,23998.9"
2026-04-08T01:45:00.000+07:00,"23998.8,24003.1,23977.1,23981.1"
2026-04-08T01:50:00.000+07:00,"23981.5,23983.2,23943,23948.5"
2026-04-08T01:55:00.000+07:00,"23948.1,23948.5,23910.4,23936.8"
2026-04-08T02:00:00.000+07:00,"23936.3,23962.9,23926.1,23946.5"
2026-04-08T02:05:00.000+07:00,"23946.7,23965.6,23918.1,23938.1"
2026-04-08T02:10:00.000+07:00,"23938.2,23969.2,23935.7,23966.8"
2026-04-08T02:15:00.000+07:00,"23967,24105.9,23960.1,24086"
2026-04-08T02:20:00.000+07:00,"24085.8,24129.8,24030.3,24058.4"
2026-04-08T02:25:00.000+07:00,"24058.2,24061.9,24023,24050"
2026-04-08T02:30:00.000+07:00,"24049.7,24056.2,24036.8,24044.7"
2026-04-08T02:35:00.000+07:00,"24044.3,24046.9,24024.8,24036.2"
2026-04-08T02:40:00.000+07:00,"24036.1,24091.6,24030.7,24072.8"
2026-04-08T02:45:00.000+07:00,"24072.6,24173.3,24055.4,24119.2"
2026-04-08T02:50:00.000+07:00,"24119.3,24172.7,24118,24153.6"
2026-04-08T02:55:00.000+07:00,"24153.8,24211.6,24153.7,24200"
2026-04-08T03:00:00.000+07:00,"24200.1,24229.9,24176.4,24213.6"
2026-04-08T03:05:00.000+07:00,"24216.4,24224.4,24191,24223.6"
2026-04-08T03:10:00.000+07:00,"24224,24231.3,24210.8,24222.9"
2026-04-08T03:15:00.000+07:00,"24223.7,24245.1,24196.3,24211.7"
2026-04-08T03:20:00.000+07:00,"24211.4,24212.1,24190.3,24197.1"
2026-04-08T03:25:00.000+07:00,"24197.6,24213.2,24195.3,24199.1"
2026-04-08T03:30:00.000+07:00,"24198.7,24236.9,24196.4,24214.1"
2026-04-08T03:35:00.000+07:00,"24212.6,24227.2,24202.8,24207.3"
2026-04-08T03:40:00.000+07:00,"24206.8,24283.3,24203.9,24247.4"
2026-04-08T03:45:00.000+07:00,"24247.2,24251.4,24231.9,24235.2"
2026-04-08T03:50:00.000+07:00,"24234.4,24254.7,24223.4,24234.3"
2026-04-08T03:55:00.000+07:00,"24233.8,24246,24219.1,24227.6"
2026-04-08T04:00:00.000+07:00,"24227.4,24234.3,24225.4,24233.1"
2026-04-08T04:05:00.000+07:00,"24233.2,24235,24226.7,24229"
2026-04-08T04:10:00.000+07:00,"24228.8,24237.5,24222.7,24235.2"
2026-04-08T04:15:00.000+07:00,"24235.1,24238.6,24234.8,24237.1"
2026-04-08T04:20:00.000+07:00,"24237.7,24237.7,24230.8,24235.5"
2026-04-08T04:25:00.000+07:00,"24235.4,24237.7,24232.4,24234.2"
2026-04-08T04:30:00.000+07:00,"24234.1,24249.4,24233.8,24240.9"
2026-04-08T04:35:00.000+07:00,"24241,24267.4,24235.9,24264.5"
2026-04-08T04:40:00.000+07:00,"24264.4,24285.2,24264.3,24282.6"
2026-04-08T04:45:00.000+07:00,"24280.9,24293.2,24277.2,24288.2"
2026-04-08T04:50:00.000+07:00,"24288.3,24288.3,24274.7,24287.7"
2026-04-08T04:55:00.000+07:00,"24287.6,24299.1,24287.6,24299.1"
2026-04-08T05:00:00.000+07:00,"24347.3,24501.9,24339.4,24426.1"
2026-04-08T05:05:00.000+07:00,"24425.9,24481.4,24424.9,24448.4"
2026-04-08T05:10:00.000+07:00,"24448.3,24461.7,24436.6,24444.7"
2026-04-08T05:15:00.000+07:00,"24444.6,24445.6,24425.2,24432.3"
2026-04-08T05:20:00.000+07:00,"24432.2,24454.2,24423.6,24449.3"
2026-04-08T05:25:00.000+07:00,"24449.1,24462.1,24434.8,24439.7"
2026-04-08T05:30:00.000+07:00,"24439.8,24576.7,24201,24497.8"
2026-04-08T05:35:00.000+07:00,"24494.3,24675.2,24477.5,24654.5"
2026-04-08T05:40:00.000+07:00,"24655,24669.6,24603.5,24609.6"
2026-04-08T05:45:00.000+07:00,"24609.3,24638.1,24601.3,24634.6"
2026-04-08T05:50:00.000+07:00,"24634.2,24702.8,24630,24683.9"
2026-04-08T05:55:00.000+07:00,"24683.6,24756.1,24672.4,24747.5"
2026-04-08T06:00:00.000+07:00,"24747.4,24819.2,24747.4,24779"
2026-04-08T06:05:00.000+07:00,"24779.2,24785.7,24749.6,24770"
2026-04-08T06:10:00.000+07:00,"24769.8,24798.7,24752.4,24796.8"
2026-04-08T06:15:00.000+07:00,"24796.9,24817.8,24795.3,24807.4"
2026-04-08T06:20:00.000+07:00,"24807.3,24896.7,24805.1,24891.3"
2026-04-08T06:25:00.000+07:00,"24891.5,24919.8,24873.9,24881.7"
2026-04-08T06:30:00.000+07:00,"24881.6,24889.5,24863.4,24868.4"
2026-04-08T06:35:00.000+07:00,"24868.5,24874.7,24853,24863.8"
2026-04-08T06:40:00.000+07:00,"24863.7,24872.8,24851.2,24852.7"
2026-04-08T06:45:00.000+07:00,"24854.2,24897.9,24844.6,24880.4"
2026-04-08T06:50:00.000+07:00,"24880.2,24884.2,24869,24876.3"
2026-04-08T06:55:00.000+07:00,"24876.1,24894.9,24864,24883.4"
2026-04-08T07:00:00.000+07:00,"24883.2,24925.6,24874.1,24886.1"
2026-04-08T07:05:00.000+07:00,"24886.3,24894.6,24861.3,24873.5"
2026-04-08T07:10:00.000+07:00,"24873.6,24900.7,24872.1,24891.6"
2026-04-08T07:15:00.000+07:00,"24891.7,24895.4,24878,24886.7"
2026-04-08T07:20:00.000+07:00,"24886.8,24889,24871.2,24880.2"
2026-04-08T07:25:00.000+07:00,"24881,24899.6,24861.8,24874.1"
2026-04-08T07:30:00.000+07:00,"24874.2,24878.9,24846.5,24850.2"
2026-04-08T07:35:00.000+07:00,"24850.3,24888.4,24841.1,24884.1"
2026-04-08T07:40:00.000+07:00,"24884.2,24891.7,24868.6,24878.6"
2026-04-08T07:45:00.000+07:00,"24878.5,24928.6,24875.1,24919.6"
2026-04-08T07:50:00.000+07:00,"24920,24934.3,24915.5,24925.1"
2026-04-08T07:55:00.000+07:00,"24925,24927.7,24906.6,24914.1"
2026-04-08T08:00:00.000+07:00,"24913.6,24923.7,24903.1,24905.7"
2026-04-08T08:05:00.000+07:00,"24906.3,24940.6,24905,24925.3"
2026-04-08T08:10:00.000+07:00,"24925.4,24931,24917.3,24923.1"
2026-04-08T08:15:00.000+07:00,"24923.3,24928,24895.6,24899.4"
2026-04-08T08:20:00.000+07:00,"24899.3,24906.2,24878,24899.3"
2026-04-08T08:25:00.000+07:00,"24899.2,24909.5,24894.7,24900.2"
2026-04-08T08:30:00.000+07:00,"24900.3,24918.5,24898.4,24918"
2026-04-08T08:35:00.000+07:00,"24917.9,24931.1,24913.5,24921.6"
2026-04-08T08:40:00.000+07:00,"24921.5,24928.7,24916,24921.3"
2026-04-08T08:45:00.000+07:00,"24921.2,24935,24921.2,24930.1"
2026-04-08T08:50:00.000+07:00,"24930.3,24942.2,24916.6,24925.2"
2026-04-08T08:55:00.000+07:00,"24925.4,24931.3,24918.8,24926.9"
2026-04-08T09:00:00.000+07:00,"24927.3,24943.5,24926.7,24933.7"
2026-04-08T09:05:00.000+07:00,"24933.8,24940.5,24928.4,24932.6"
2026-04-08T09:10:00.000+07:00,"24932.5,24939.3,24929.6,24937.1"
2026-04-08T09:15:00.000+07:00,"24937.2,24939.9,24928.8,24930.3"
2026-04-08T09:20:00.000+07:00,"24930.2,24941.3,24929,24936.6"
2026-04-08T09:25:00.000+07:00,"24936.5,24938.9,24927.7,24930"
2026-04-08T09:30:00.000+07:00,"24930.2,24940.7,24924.2,24939.1"
2026-04-08T09:35:00.000+07:00,"24939,24944,24933.7,24942"
2026-04-08T09:40:00.000+07:00,"24941.9,24943.9,24934.3,24936.9"
2026-04-08T09:45:00.000+07:00,"24936.7,24940.9,24934.9,24940.4"
2026-04-08T09:50:00.000+07:00,"24940.3,24943.8,24936.7,24938.8"
2026-04-08T09:55:00.000+07:00,"24939.2,24944.9,24935,24944.9"
2026-04-08T10:00:00.000+07:00,"24944.8,24953.5,24942.2,24945.8"
2026-04-08T10:05:00.000+07:00,"24946,24948.1,24938.5,24942.8"
2026-04-08T10:10:00.000+07:00,"24942.7,24944.3,24936.9,24939.1"
2026-04-08T10:15:00.000+07:00,"24938.7,24944.7,24933.6,24939"
2026-04-08T10:20:00.000+07:00,"24939.1,24942.5,24926.4,24928.2"
2026-04-08T10:25:00.000+07:00,"24928,24934,24920.4,24928.1"
2026-04-08T10:30:00.000+07:00,"24928,24932.5,24926.6,24928.3"
2026-04-08T10:35:00.000+07:00,"24928.4,24936.5,24926.9,24927.4"
2026-04-08T10:40:00.000+07:00,"24927.5,24934.5,24924.3,24926.6"
2026-04-08T10:45:00.000+07:00,"24926.5,24931.7,24922.8,24925.8"
2026-04-08T10:50:00.000+07:00,"24925.9,24933.5,24923.7,24929.5"
2026-04-08T10:55:00.000+07:00,"24929.4,24938,24928.2,24935"
2026-04-08T11:00:00.000+07:00,"24935.1,24950.5,24935,24948.5"
2026-04-08T11:05:00.000+07:00,"24948.7,24960.4,24948.2,24956.9"
2026-04-08T11:10:00.000+07:00,"24956.8,24971.3,24954.3,24967.5"
2026-04-08T11:15:00.000+07:00,"24967.3,24991.6,24965.9,24968.6"
2026-04-08T11:20:00.000+07:00,"24968.5,24985.7,24965.4,24968.1"
2026-04-08T11:25:00.000+07:00,"24967.9,24982.9,24966.3,24980.9"
2026-04-08T11:30:00.000+07:00,"24980.8,24985.7,24974.8,24977.2"
2026-04-08T11:35:00.000+07:00,"24977.1,24980.5,24971.9,24972.1"
2026-04-08T11:40:00.000+07:00,"24972,24974.5,24966.3,24967.3"
2026-04-08T11:45:00.000+07:00,"24967.2,24973.2,24961.5,24967"
2026-04-08T11:50:00.000+07:00,"24966.9,24967.6,24948.5,24949.6"
2026-04-08T11:55:00.000+07:00,"24949.4,24963.5,24949.3,24954.5"
2026-04-08T12:00:00.000+07:00,"24955.7,24959.3,24946.7,24956"
2026-04-08T12:05:00.000+07:00,"24956.1,24964.9,24948.5,24950.8"
2026-04-08T12:10:00.000+07:00,"24950.7,24959.7,24946.4,24954.6"
2026-04-08T12:15:00.000+07:00,"24955,24967,24953.3,24963.8"
2026-04-08T12:20:00.000+07:00,"24963.6,24983.1,24962.5,24978.4"
2026-04-08T12:25:00.000+07:00,"24978.3,24991.5,24975.7,24987.8"
2026-04-08T12:30:00.000+07:00,"24987.7,25002,24983.4,24988.5"
2026-04-08T12:35:00.000+07:00,"24988.3,24996.6,24967.5,24974.2"
2026-04-08T12:40:00.000+07:00,"24974.4,24988.9,24974.4,24983.6"
2026-04-08T12:45:00.000+07:00,"24984.1,24998.2,24981.7,24987"
2026-04-08T12:50:00.000+07:00,"24987.1,25021.1,24987,25016.3"
2026-04-08T12:55:00.000+07:00,"25016.2,25023.2,25008.5,25019"
2026-04-08T13:00:00.000+07:00,"25019.4,25029.5,25008,25015.8"
2026-04-08T13:05:00.000+07:00,"25016,25031,25003.7,25012.7"
2026-04-08T13:10:00.000+07:00,"25012.9,25030,25010.2,25023.9"
2026-04-08T13:15:00.000+07:00,"25024,25028.9,25012.7,25021.6"
2026-04-08T13:20:00.000+07:00,"25021.5,25025.5,24999.3,24999.9"
2026-04-08T13:25:00.000+07:00,"24999.8,25006,24990.1,25001.5"
2026-04-08T13:30:00.000+07:00,"25001.8,25015.4,24991.5,25007.5"
2026-04-08T13:35:00.000+07:00,"25007.4,25011.6,25001.6,25007"
2026-04-08T13:40:00.000+07:00,"25007.2,25014.7,25002.3,25007.1"
2026-04-08T13:45:00.000+07:00,"25007.3,25016.1,25002.6,25009"
2026-04-08T13:50:00.000+07:00,"25008.9,25014.2,24994.7,24995.3"
2026-04-08T13:55:00.000+07:00,"24995.2,25010.6,24992.9,25000.3"
2026-04-08T14:00:00.000+07:00,"25000.5,25001.9,24970.5,24975.3"
2026-04-08T14:05:00.000+07:00,"24975.1,24989.1,24975.1,24979.8"
2026-04-08T14:10:00.000+07:00,"24979.3,24995.3,24975.1,24984.7"
2026-04-08T14:15:00.000+07:00,"24984.8,24997.2,24977.2,24996.9"
2026-04-08T14:20:00.000+07:00,"24996.2,25018.6,24988.9,25016.2"
2026-04-08T14:25:00.000+07:00,"25016.1,25017.5,24993,24997.4"
2026-04-08T14:30:00.000+07:00,"24997.5,24997.5,24967.9,24975.1"
2026-04-08T14:35:00.000+07:00,"24974.8,24987.3,24972.4,24973.9"
2026-04-08T14:40:00.000+07:00,"24974,24983.3,24965.6,24975.3"
2026-04-08T14:45:00.000+07:00,"24975.1,24985.6,24965.2,24971"
2026-04-08T14:50:00.000+07:00,"24971.1,24984.3,24965.9,24977.2"
2026-04-08T14:55:00.000+07:00,"24977.4,24977.9,24963.4,24969.5"
2026-04-08T15:00:00.000+07:00,"24969.6,24981.4,24961.9,24972"
2026-04-08T15:05:00.000+07:00,"24972.1,24983.2,24970.2,24978.3"
2026-04-08T15:10:00.000+07:00,"24978.2,24986.1,24971.8,24984"
2026-04-08T15:15:00.000+07:00,"24984.3,25004,24983,25001.7"
2026-04-08T15:20:00.000+07:00,"25001.2,25004.4,24987.6,24992.2"
2026-04-08T15:25:00.000+07:00,"24992.3,25003.5,24990.4,24999.8"
2026-04-08T15:30:00.000+07:00,"24999.9,25014.9,24994.8,25014.9"
2026-04-08T15:35:00.000+07:00,"25014.8,25018.2,24989.5,25004.2"
2026-04-08T15:40:00.000+07:00,"25004.4,25005.5,24975.1,24991.1"
2026-04-08T15:45:00.000+07:00,"24991.2,25022.2,24988.8,25014.5"
2026-04-08T15:50:00.000+07:00,"25014.7,25024.2,25010.7,25012.1"
2026-04-08T15:55:00.000+07:00,"25012.5,25050.9,25010.6,25042.4"
2026-04-08T16:00:00.000+07:00,"25044.7,25060,25033,25039.6"
2026-04-08T16:05:00.000+07:00,"25039.9,25054,25038.8,25044.9"
2026-04-08T16:10:00.000+07:00,"25045,25072.9,25043.6,25065"
2026-04-08T16:15:00.000+07:00,"25064.8,25068.5,25055.9,25057.9"
2026-04-08T16:20:00.000+07:00,"25057.8,25061.2,25053.1,25058.8"
2026-04-08T16:25:00.000+07:00,"25059,25059.8,25043.3,25043.3"
2026-04-08T16:30:00.000+07:00,"25043.4,25049.8,25026,25027.2"
2026-04-08T16:35:00.000+07:00,"25027.5,25046,25027,25042.7"
2026-04-08T16:40:00.000+07:00,"25042.2,25042.7,25012.5,25018.1"
2026-04-08T16:45:00.000+07:00,"25018.3,25034.4,25014.3,25034.2"
2026-04-08T16:50:00.000+07:00,"25034,25048.6,25033.8,25043.8"
2026-04-08T16:55:00.000+07:00,"25042.6,25048.7,25026,25030.4"
2026-04-08T17:00:00.000+07:00,"25029.9,25036.6,25024.9,25027.1"
2026-04-08T17:05:00.000+07:00,"25026.9,25042.7,25020.5,25038.2"
2026-04-08T17:10:00.000+07:00,"25038,25040.4,25019.4,25023"
2026-04-08T17:15:00.000+07:00,"25023.1,25026.3,25014.7,25021.5"
2026-04-08T17:20:00.000+07:00,"25021.4,25033.2,25018.4,25029.2"
2026-04-08T17:25:00.000+07:00,"25029.1,25049.8,25026.6,25047.9"
2026-04-08T17:30:00.000+07:00,"25048.1,25056.7,25047.5,25052.7"
2026-04-08T17:35:00.000+07:00,"25052.8,25059.6,25044.9,25045.4"
2026-04-08T17:40:00.000+07:00,"25045.8,25054.4,25034.3,25051.4"
2026-04-08T17:45:00.000+07:00,"25051.6,25055.2,25036.7,25038"
2026-04-08T17:50:00.000+07:00,"25038.2,25048.4,25035.3,25045.5"
2026-04-08T17:55:00.000+07:00,"25045.7,25046.9,25032,25033.8"
2026-04-08T18:00:00.000+07:00,"25033.1,25034,25019.3,25023.9"
2026-04-08T18:05:00.000+07:00,"25025.9,25033.4,25010.3,25028"
2026-04-08T18:10:00.000+07:00,"25027.7,25040.4,25024.5,25027.7"
2026-04-08T18:15:00.000+07:00,"25027.6,25029.2,25013.3,25020.6"
2026-04-08T18:20:00.000+07:00,"25020.7,25042.7,25009.7,25041.9"
2026-04-08T18:25:00.000+07:00,"25042,25062.2,25040.6,25053.9"
2026-04-08T18:30:00.000+07:00,"25054,25063.1,25041.5,25055.8"
2026-04-08T18:35:00.000+07:00,"25055.9,25059,25033.2,25041.9"
2026-04-08T18:40:00.000+07:00,"25042,25053.4,25040.3,25041.4"
2026-04-08T18:45:00.000+07:00,"25041.3,25053.5,25039.2,25049.3"
2026-04-08T18:50:00.000+07:00,"25049.2,25057.4,25042.8,25044.4"
2026-04-08T18:55:00.000+07:00,"25044.5,25047.9,25033.7,25037"
2026-04-08T19:00:00.000+07:00,"25036.8,25074.9,25036.8,25071"
2026-04-08T19:05:00.000+07:00,"25070.9,25086.1,25059.2,25061.2"
2026-04-08T19:10:00.000+07:00,"25060.9,25071.7,25053.2,25071.5"
2026-04-08T19:15:00.000+07:00,"25071.4,25074.1,25035.8,25037"
2026-04-08T19:20:00.000+07:00,"25036.8,25038.1,24985,25002.4"
2026-04-08T19:25:00.000+07:00,"25002,25027.1,24998.1,25017.3"
2026-04-08T19:30:00.000+07:00,"25017.1,25034.1,25013.1,25026.5"
2026-04-08T19:35:00.000+07:00,"25028.1,25029,25017.3,25021.9"
2026-04-08T19:40:00.000+07:00,"25022.1,25025.6,25004.3,25018.3"
2026-04-08T19:45:00.000+07:00,"25018.4,25048.6,25015.1,25026.7"
2026-04-08T19:50:00.000+07:00,"25026.9,25048.3,25025.5,25045.4"
2026-04-08T19:55:00.000+07:00,"25045.1,25050,25032.9,25040.9"
2026-04-08T20:00:00.000+07:00,"25040.8,25063.7,25039.1,25057.5"
2026-04-08T20:05:00.000+07:00,"25057.6,25066.1,25048.8,25065.6"
2026-04-08T20:10:00.000+07:00,"25063.8,25064.7,25051.5,25056.7"
2026-04-08T20:15:00.000+07:00,"25056.4,25058.7,25034.9,25039.6"
2026-04-08T20:20:00.000+07:00,"25039.5,25041,25016.4,25036.3"
2026-04-08T20:25:00.000+07:00,"25036,25058.3,25018.9,25029.2"
2026-04-08T20:30:00.000+07:00,"25028.35,25077.9,24960.9,24991.6"
2026-04-08T20:35:00.000+07:00,"24991.4,25009.6,24940.5,24949.9"
2026-04-08T20:40:00.000+07:00,"24951.1,24959.4,24918.6,24927.8"
2026-04-08T20:45:00.000+07:00,"24927.5,24988.4,24926.7,24982.2"
2026-04-08T20:50:00.000+07:00,"24982.6,24982.6,24901.1,24909.6"
2026-04-08T20:55:00.000+07:00,"24910.2,24931.6,24896.5,24910.4"
2026-04-08T21:00:00.000+07:00,"24909.3,24933.1,24903.1,24917"
2026-04-08T21:05:00.000+07:00,"24916.7,24923.9,24871.7,24905.4"
2026-04-08T21:10:00.000+07:00,"24905.6,24917.4,24885.5,24902.4"
2026-04-08T21:15:00.000+07:00,"24903,24917.7,24874.3,24887.2"
2026-04-08T21:20:00.000+07:00,"24888.4,24915.1,24883.9,24902.3"
2026-04-08T21:25:00.000+07:00,"24903.2,24905.2,24876.3,24880.4"
2026-04-08T21:30:00.000+07:00,"24880.3,24891.3,24855.2,24874.8"
2026-04-08T21:35:00.000+07:00,"24875.8,24886.6,24852.9,24871.3"
2026-04-08T21:40:00.000+07:00,"24872.3,24885.1,24853.1,24857.1"
2026-04-08T21:45:00.000+07:00,"24857.6,24863.6,24826.3,24854.6"
2026-04-08T21:50:00.000+07:00,"24855,24860.9,24813.8,24829.2"
2026-04-08T21:55:00.000+07:00,"24829.4,24829.5,24752.8,24816.1"
2026-04-08T22:00:00.000+07:00,"24814.9,24866.1,24813.3,24849.6"
2026-04-08T22:05:00.000+07:00,"24850.1,24858.4,24812.4,24813.6"
2026-04-08T22:10:00.000+07:00,"24814.3,24850.1,24802.2,24846.6"
2026-04-08T22:15:00.000+07:00,"24845.9,24859.1,24826.2,24856.8"
2026-04-08T22:20:00.000+07:00,"24857.3,24860.7,24834.7,24850.2"
2026-04-08T22:25:00.000+07:00,"24850.7,24853.6,24831.6,24835.5"
2026-04-08T22:30:00.000+07:00,"24834.8,24862.1,24829.6,24860.2"
2026-04-08T22:35:00.000+07:00,"24861.8,24885.9,24855.4,24879.9"
2026-04-08T22:40:00.000+07:00,"24879.8,24882.1,24858.9,24881.3"
2026-04-08T22:45:00.000+07:00,"24881.4,24905.6,24881.3,24903.8"
2026-04-08T22:50:00.000+07:00,"24904.4,24913.1,24901.4,24904.9"
2026-04-08T22:55:00.000+07:00,"24905.1,24913.4,24900.6,24904.2"
2026-04-08T23:00:00.000+07:00,"24904,24942.5,24903.1,24927.5"
2026-04-08T23:05:00.000+07:00,"24927.7,24930.7,24917.5,24921.5"
2026-04-08T23:10:00.000+07:00,"24920.9,24927.6,24904.9,24906.3"
2026-04-08T23:15:00.000+07:00,"24906.4,24913.2,24887.4,24902.5"
2026-04-08T23:20:00.000+07:00,"24903.4,24915,24894,24912.8"
2026-04-08T23:25:00.000+07:00,"24912.3,24923.2,24902.6,24920.1"
2026-04-08T23:30:00.000+07:00,"24920.3,24939,24914.5,24936.2"
2026-04-08T23:35:00.000+07:00,"24936.3,24945.8,24933.3,24944"
2026-04-08T23:40:00.000+07:00,"24943.6,24963.8,24943.1,24957.3"
2026-04-08T23:45:00.000+07:00,"24957.2,24971.4,24954.4,24965.9"
2026-04-08T23:50:00.000+07:00,"24966.3,24975.5,24964.5,24972.6"
2026-04-08T23:55:00.000+07:00,"24973.1,24984,24964.6,24968.4"
2026-04-09T00:00:00.000+07:00,"24967.8,24981.6,24964,24965.6"
2026-04-09T00:05:00.000+07:00,"24966,24966,24947.2,24951.6"
2026-04-09T00:10:00.000+07:00,"24952,24960.2,24945.8,24950.2"
2026-04-09T00:15:00.000+07:00,"24950.5,24956.8,24932,24938.2"
2026-04-09T00:20:00.000+07:00,"24937.2,24946.2,24911.8,24917.9"
2026-04-09T00:25:00.000+07:00,"24917.8,24926.3,24897.5,24908.4"
2026-04-09T00:30:00.000+07:00,"24907.2,24922.9,24903.2,24912.6"
2026-04-09T00:35:00.000+07:00,"24913.3,24923,24889.4,24911.3"
2026-04-09T00:40:00.000+07:00,"24911.4,24921.8,24905,24916.7"
2026-04-09T00:45:00.000+07:00,"24916.5,24925.2,24909.6,24912.9"
2026-04-09T00:50:00.000+07:00,"24912.8,24920.7,24911.1,24911.6"
2026-04-09T00:55:00.000+07:00,"24911.2,24919.3,24908.5,24918.1"
2026-04-09T01:00:00.000+07:00,"24918.3,24943.4,24903.7,24943.3"
2026-04-09T01:05:00.000+07:00,"24943.1,24954.9,24938.9,24953.4"
2026-04-09T01:10:00.000+07:00,"24953.5,24955.2,24938.8,24944.7"
2026-04-09T01:15:00.000+07:00,"24944.9,24956.7,24858.8,24879.4"
2026-04-09T01:20:00.000+07:00,"24879.8,24905.6,24870.9,24890"
2026-04-09T01:25:00.000+07:00,"24889.8,24900.4,24873.9,24880.1"
2026-04-09T01:30:00.000+07:00,"24879.3,24897.5,24876.1,24883.5"
2026-04-09T01:35:00.000+07:00,"24883.3,24893.6,24865.3,24866.7"
2026-04-09T01:40:00.000+07:00,"24866.9,24868.5,24838.5,24842.1"
2026-04-09T01:45:00.000+07:00,"24842.2,24853.8,24824.9,24825.9"
2026-04-09T01:50:00.000+07:00,"24826,24837.9,24818.8,24819.2"
2026-04-09T01:55:00.000+07:00,"24817.8,24819.6,24774.4,24778.1"
2026-04-09T02:00:00.000+07:00,"24777.5,24804.7,24768.2,24790.3"
2026-04-09T02:05:00.000+07:00,"24790.7,24812.8,24779.2,24802.9"
2026-04-09T02:10:00.000+07:00,"24803.1,24836.3,24802.1,24831.6"
2026-04-09T02:15:00.000+07:00,"24831.3,24836.9,24796.9,24804.2"
2026-04-09T02:20:00.000+07:00,"24806.6,24807.8,24783.8,24796.4"
2026-04-09T02:25:00.000+07:00,"24796.7,24812.3,24782.9,24786.2"
2026-04-09T02:30:00.000+07:00,"24786.1,24822.8,24783.1,24822"
2026-04-09T02:35:00.000+07:00,"24822.1,24844.3,24817.9,24833.8"
2026-04-09T02:40:00.000+07:00,"24832.8,24842.2,24811.6,24840.6"
2026-04-09T02:45:00.000+07:00,"24840.4,24863.9,24838,24859.9"
2026-04-09T02:50:00.000+07:00,"24859.8,24874.1,24854,24864.8"
2026-04-09T02:55:00.000+07:00,"24864.9,24910.2,24856.8,24906.7"
2026-04-09T03:00:00.000+07:00,"24906.2,24922.4,24900.2,24902.3"
2026-04-09T03:05:00.000+07:00,"24901.1,24905,24881.3,24886.5"
2026-04-09T03:10:00.000+07:00,"24886,24890.7,24879.6,24886"
2026-04-09T03:15:00.000+07:00,"24885.7,24903.7,24882.8,24882.8"
2026-04-09T03:20:00.000+07:00,"24882.9,24887.2,24877.2,24885.1"
2026-04-09T03:25:00.000+07:00,"24885.3,24887.6,24874.2,24876"
2026-04-09T03:30:00.000+07:00,"24877.2,24879.8,24872.5,24876.3"
2026-04-09T03:35:00.000+07:00,"24874.5,24876.8,24864.2,24868.8"
2026-04-09T03:40:00.000+07:00,"24870.2,24871.2,24863.3,24864.9"
2026-04-09T03:45:00.000+07:00,"24864.4,24871.7,24862.4,24869.6"
2026-04-09T03:50:00.000+07:00,"24869.8,24875.9,24862.4,24866.7"
2026-04-09T03:55:00.000+07:00,"24865.9,24871.2,24860,24864.8"
2026-04-09T04:00:00.000+07:00,"24865.8,24868.5,24864.7,24866.7"
2026-04-09T04:05:00.000+07:00,"24866.8,24869.7,24866.6,24869.3"
2026-04-09T04:10:00.000+07:00,"24869.4,24869.5,24865.8,24865.8"
2026-04-09T04:15:00.000+07:00,"24867.5,24868,24862.8,24865.6"
2026-04-09T04:20:00.000+07:00,"24864.5,24868,24864.5,24867.8"
2026-04-09T04:25:00.000+07:00,"24867.9,24868.9,24866.7,24868.4"
2026-04-09T04:30:00.000+07:00,"24866.7,24868.9,24866,24868.9"
2026-04-09T04:35:00.000+07:00,"24869,24869.5,24867.5,24867.6"
2026-04-09T04:40:00.000+07:00,"24869.7,24873.7,24866.4,24870.6"
2026-04-09T04:45:00.000+07:00,"24871.9,24872,24868.7,24871.3"
2026-04-09T04:50:00.000+07:00,"24871.2,24873.5,24870.1,24873.2"
2026-04-09T04:55:00.000+07:00,"24873.3,24874.5,24871.1,24872"
2026-04-09T05:00:00.000+07:00,"24866.9,24889.8,24860.1,24882.7"
2026-04-09T05:05:00.000+07:00,"24881.8,24893.7,24879,24890.5"
2026-04-09T05:10:00.000+07:00,"24890.4,24890.9,24867.8,24870.2"
2026-04-09T05:15:00.000+07:00,"24870.3,24876.5,24853.8,24854.7"
2026-04-09T05:20:00.000+07:00,"24854.6,24862.3,24843,24855.4"
2026-04-09T05:25:00.000+07:00,"24855.3,24863.3,24849.7,24858.3"
2026-04-09T05:30:00.000+07:00,"24858.4,24872.2,24858.4,24868.7"
2026-04-09T05:35:00.000+07:00,"24868.8,24878.5,24863.4,24864.5"
2026-04-09T05:40:00.000+07:00,"24864.4,24867.5,24857.7,24860.5"
2026-04-09T05:45:00.000+07:00,"24860.4,24863.7,24856.7,24858.1"
2026-04-09T05:50:00.000+07:00,"24858.3,24863.1,24855.7,24862.8"
2026-04-09T05:55:00.000+07:00,"24862.7,24865.6,24858.5,24864"
2026-04-09T06:00:00.000+07:00,"24863.4,24863.9,24854.3,24863.5"
2026-04-09T06:05:00.000+07:00,"24863.6,24883.5,24863.6,24870"
2026-04-09T06:10:00.000+07:00,"24869.9,24876.7,24868.3,24874.1"
2026-04-09T06:15:00.000+07:00,"24874.2,24881,24865,24865.8"
2026-04-09T06:20:00.000+07:00,"24865.9,24867.6,24861,24865.8"
2026-04-09T06:25:00.000+07:00,"24865.9,24869.6,24862,24862.7"
2026-04-09T06:30:00.000+07:00,"24863.1,24866.7,24855.2,24864"
2026-04-09T06:35:00.000+07:00,"24863.5,24864.8,24858.5,24859.6"
2026-04-09T06:40:00.000+07:00,"24859.7,24865.2,24856.9,24860.7"
2026-04-09T06:45:00.000+07:00,"24860.8,24867.4,24854.9,24859.3"
2026-04-09T06:50:00.000+07:00,"24859.2,24865.6,24857.3,24858.4"
2026-04-09T06:55:00.000+07:00,"24857.9,24859.2,24852.8,24855.5"
2026-04-09T07:00:00.000+07:00,"24855.8,24858.2,24828.3,24830.6"
2026-04-09T07:05:00.000+07:00,"24830.5,24844.8,24828,24832.1"
2026-04-09T07:10:00.000+07:00,"24831.8,24854.4,24830.5,24848.7"
2026-04-09T07:15:00.000+07:00,"24848.6,24854.4,24840.7,24851.7"
2026-04-09T07:20:00.000+07:00,"24851.4,24864.9,24845.5,24854"
2026-04-09T07:25:00.000+07:00,"24854.1,24854.3,24840.6,24841.7"
2026-04-09T07:30:00.000+07:00,"24841.6,24861.9,24838.3,24847.6"
2026-04-09T07:35:00.000+07:00,"24847.7,24859.6,24846.6,24853.7"
2026-04-09T07:40:00.000+07:00,"24854.5,24858.3,24851,24854.9"
2026-04-09T07:45:00.000+07:00,"24855.2,24857.3,24841.1,24848.2"
2026-04-09T07:50:00.000+07:00,"24848.5,24852.8,24836.3,24840.2"
2026-04-09T07:55:00.000+07:00,"24840.3,24844.8,24837.2,24841.9"
2026-04-09T08:00:00.000+07:00,"24841.8,24851.3,24833.3,24842.4"
2026-04-09T08:05:00.000+07:00,"24843.2,24843.2,24826.3,24832.1"
2026-04-09T08:10:00.000+07:00,"24832.2,24839.9,24822.4,24828.8"
2026-04-09T08:15:00.000+07:00,"24829,24833.9,24821.6,24825.1"
2026-04-09T08:20:00.000+07:00,"24826.1,24827.4,24811.1,24818.6"
2026-04-09T08:25:00.000+07:00,"24818.4,24824.9,24812.4,24818.2"
2026-04-09T08:30:00.000+07:00,"24818,24838.6,24812.4,24834.6"
2026-04-09T08:35:00.000+07:00,"24834.4,24836.4,24827.7,24832.3"
2026-04-09T08:40:00.000+07:00,"24832.2,24842.1,24830.5,24834.1"
2026-04-09T08:45:00.000+07:00,"24834,24840.8,24822.9,24840.5"
2026-04-09T08:50:00.000+07:00,"24840.4,24854.7,24839.8,24848.3"
2026-04-09T08:55:00.000+07:00,"24848.8,24854.1,24845.8,24851.5"
2026-04-09T09:00:00.000+07:00,"24851.4,24861.2,24850.9,24854.8"
2026-04-09T09:05:00.000+07:00,"24854.6,24869.2,24853.6,24860.5"
2026-04-09T09:10:00.000+07:00,"24860.6,24861.7,24852.4,24856.5"
2026-04-09T09:15:00.000+07:00,"24857,24868.7,24853.1,24866.8"
2026-04-09T09:20:00.000+07:00,"24866.9,24869.8,24856.8,24859.3"
2026-04-09T09:25:00.000+07:00,"24859.5,24861.1,24854.7,24855.8"
2026-04-09T09:30:00.000+07:00,"24855.7,24867.2,24854.7,24859.7"
2026-04-09T09:35:00.000+07:00,"24859.6,24864.6,24857.2,24862.3"
2026-04-09T09:40:00.000+07:00,"24862.5,24865,24855.3,24862.5"
2026-04-09T09:45:00.000+07:00,"24862.4,24869.6,24861.8,24868.9"
2026-04-09T09:50:00.000+07:00,"24869.1,24878.3,24867.7,24874.2"
2026-04-09T09:55:00.000+07:00,"24874.1,24874.1,24859,24859.1"
2026-04-09T10:00:00.000+07:00,"24859.3,24863.7,24855.9,24857.9"
2026-04-09T10:05:00.000+07:00,"24858.4,24867.3,24853.9,24860.4"
2026-04-09T10:10:00.000+07:00,"24860.8,24861.7,24855.8,24857.8"
2026-04-09T10:15:00.000+07:00,"24857.7,24857.8,24848.2,24850.5"
2026-04-09T10:20:00.000+07:00,"24850.3,24851.4,24844.8,24849"
2026-04-09T10:25:00.000+07:00,"24849.1,24851.8,24847.8,24849.3"
2026-04-09T10:30:00.000+07:00,"24849.1,24860,24848.5,24857.7"
2026-04-09T10:35:00.000+07:00,"24857.8,24864.2,24851.5,24852.7"
2026-04-09T10:40:00.000+07:00,"24852.5,24855,24845.7,24851.7"
2026-04-09T10:45:00.000+07:00,"24851.6,24852.1,24838.5,24847.6"
2026-04-09T10:50:00.000+07:00,"24848.2,24853,24844.5,24849.1"
2026-04-09T10:55:00.000+07:00,"24849.3,24855,24844.9,24848.5"
2026-04-09T11:00:00.000+07:00,"24848.6,24852.2,24838.3,24842.8"
2026-04-09T11:05:00.000+07:00,"24843,24846.2,24838.2,24843.8"
2026-04-09T11:10:00.000+07:00,"24844,24850.5,24843.5,24847.1"
2026-04-09T11:15:00.000+07:00,"24846.9,24849.3,24840.2,24843.2"
2026-04-09T11:20:00.000+07:00,"24843.3,24843.3,24837.2,24840.8"
2026-04-09T11:25:00.000+07:00,"24840.4,24844.8,24837.3,24843.6"
2026-04-09T11:30:00.000+07:00,"24843.7,24844.1,24835.9,24839"
2026-04-09T11:35:00.000+07:00,"24838.8,24845.9,24838.8,24842.6"
2026-04-09T11:40:00.000+07:00,"24842.8,24848.4,24840.4,24843.9"
2026-04-09T11:45:00.000+07:00,"24844,24848.5,24841.5,24844.9"
2026-04-09T11:50:00.000+07:00,"24845.3,24852.4,24844.1,24849.9"
2026-04-09T11:55:00.000+07:00,"24849.8,24851.4,24842.4,24844.1"
2026-04-09T12:00:00.000+07:00,"24844.4,24848.5,24841.2,24842.4"
2026-04-09T12:05:00.000+07:00,"24842.6,24844.5,24833.1,24834.7"
2026-04-09T12:10:00.000+07:00,"24834.8,24841.5,24823,24841.3"
2026-04-09T12:15:00.000+07:00,"24841.2,24855.9,24839.5,24853.8"
2026-04-09T12:20:00.000+07:00,"24853.7,24859.6,24849.5,24852.9"
2026-04-09T12:25:00.000+07:00,"24852.8,24862.2,24849.7,24860.8"
2026-04-09T12:30:00.000+07:00,"24861,24865.7,24856,24861.7"
2026-04-09T12:35:00.000+07:00,"24861.2,24876.7,24855.3,24866.8"
2026-04-09T12:40:00.000+07:00,"24866.7,24870.4,24861.1,24869"
2026-04-09T12:45:00.000+07:00,"24868.4,24869,24852.3,24855.7"
2026-04-09T12:50:00.000+07:00,"24855.6,24859.4,24850.4,24852.5"
2026-04-09T12:55:00.000+07:00,"24852.6,24858.9,24852.5,24857.5"
2026-04-09T13:00:00.000+07:00,"24857.9,24887.8,24856.6,24881.2"
2026-04-09T13:05:00.000+07:00,"24881.3,24883,24865.1,24866.2"
2026-04-09T13:10:00.000+07:00,"24866.7,24873.1,24859.6,24863.3"
2026-04-09T13:15:00.000+07:00,"24863.2,24867.4,24857.2,24859.5"
2026-04-09T13:20:00.000+07:00,"24859.6,24863.1,24854.9,24858.1"
2026-04-09T13:25:00.000+07:00,"24858,24868.8,24855,24866"
2026-04-09T13:30:00.000+07:00,"24866.5,24871.6,24856.1,24861.9"
2026-04-09T13:35:00.000+07:00,"24861.7,24866.1,24859.3,24864.6"
2026-04-09T13:40:00.000+07:00,"24864.3,24868.5,24860.6,24867.9"
2026-04-09T13:45:00.000+07:00,"24867.7,24869.2,24846.1,24851.8"
2026-04-09T13:50:00.000+07:00,"24852.5,24857.1,24845.8,24854.9"
2026-04-09T13:55:00.000+07:00,"24854.8,24868.5,24854.7,24867.3"
2026-04-09T14:00:00.000+07:00,"24867.6,24878.7,24857.1,24857.1"
2026-04-09T14:05:00.000+07:00,"24857,24859.7,24843.5,24845"
2026-04-09T14:10:00.000+07:00,"24845.1,24853.3,24842.8,24850.4"
2026-04-09T14:15:00.000+07:00,"24850.1,24850.8,24826.1,24837.1"
2026-04-09T14:20:00.000+07:00,"24836.6,24845.2,24825.5,24844.6"
2026-04-09T14:25:00.000+07:00,"24844.8,24845.7,24835.5,24842.7"
2026-04-09T14:30:00.000+07:00,"24843.4,24847.3,24822.9,24823.1"
2026-04-09T14:35:00.000+07:00,"24823.4,24833.6,24820.7,24827.8"
2026-04-09T14:40:00.000+07:00,"24827.9,24828.5,24801,24806.8"
2026-04-09T14:45:00.000+07:00,"24807.1,24811.3,24795.1,24802.6"
2026-04-09T14:50:00.000+07:00,"24802.1,24809.1,24793.5,24807.5"
2026-04-09T14:55:00.000+07:00,"24807.6,24816.2,24807.1,24814"
2026-04-09T15:00:00.000+07:00,"24813.9,24821.1,24797.9,24810"
2026-04-09T15:05:00.000+07:00,"24809.8,24810.2,24786.1,24792.3"
2026-04-09T15:10:00.000+07:00,"24792.8,24793.9,24782.1,24787.4"
2026-04-09T15:15:00.000+07:00,"24787.7,24796.8,24782.8,24791.9"
2026-04-09T15:20:00.000+07:00,"24792,24803.1,24788.9,24800.2"
2026-04-09T15:25:00.000+07:00,"24800.1,24803.3,24788.4,24791.4"
2026-04-09T15:30:00.000+07:00,"24791.2,24811.9,24791.2,24808"
2026-04-09T15:35:00.000+07:00,"24808.1,24815.2,24802.7,24810.8"
2026-04-09T15:40:00.000+07:00,"24811,24827.3,24806,24827.1"
2026-04-09T15:45:00.000+07:00,"24827.2,24833.1,24814.2,24816.2"
2026-04-09T15:50:00.000+07:00,"24816,24816.3,24801.8,24804.8"
2026-04-09T15:55:00.000+07:00,"24805,24810.1,24796.8,24800.9"
2026-04-09T16:00:00.000+07:00,"24800.7,24803.4,24792.6,24797.8"
2026-04-09T16:05:00.000+07:00,"24797.6,24818.4,24797.1,24815.5"
2026-04-09T16:10:00.000+07:00,"24815.3,24829.5,24813.6,24828.1"
2026-04-09T16:15:00.000+07:00,"24827.9,24840.6,24824.2,24834.6"
2026-04-09T16:20:00.000+07:00,"24834.7,24838.8,24825.1,24833.4"
2026-04-09T16:25:00.000+07:00,"24833.9,24844.2,24831.2,24840.6"
2026-04-09T16:30:00.000+07:00,"24840.5,24843.3,24831.6,24834.6"
2026-04-09T16:35:00.000+07:00,"24834.9,24836.1,24822.8,24834.9"
2026-04-09T16:40:00.000+07:00,"24835,24837.3,24829.8,24833.8"
2026-04-09T16:45:00.000+07:00,"24833.7,24840.3,24831.3,24835.6"
2026-04-09T16:50:00.000+07:00,"24835.5,24842.8,24830.2,24842.2"
2026-04-09T16:55:00.000+07:00,"24842,24846.7,24838.3,24845"
2026-04-09T17:00:00.000+07:00,"24845.1,24853.9,24839.1,24842.8"
2026-04-09T17:05:00.000+07:00,"24843.3,24851.4,24836.8,24843.1"
2026-04-09T17:10:00.000+07:00,"24843.2,24846.9,24837.9,24840.5"
2026-04-09T17:15:00.000+07:00,"24840.4,24844.6,24832.8,24835.6"
2026-04-09T17:20:00.000+07:00,"24835.8,24855,24834,24854.5"
2026-04-09T17:25:00.000+07:00,"24854.3,24856.9,24847.8,24850.3"
2026-04-09T17:30:00.000+07:00,"24850.2,24854.3,24840.3,24840.9"
2026-04-09T17:35:00.000+07:00,"24840.8,24840.8,24831.6,24836.6"
2026-04-09T17:40:00.000+07:00,"24836.7,24849.3,24832.1,24846"
2026-04-09T17:45:00.000+07:00,"24846.2,24854.3,24839.5,24853.6"
2026-04-09T17:50:00.000+07:00,"24853.4,24853.4,24828.1,24837.9"
2026-04-09T17:55:00.000+07:00,"24837.8,24837.8,24810,24814.2"
2026-04-09T18:00:00.000+07:00,"24814.9,24828.7,24806.8,24816.1"
2026-04-09T18:05:00.000+07:00,"24816.2,24821.2,24808.6,24820.4"
2026-04-09T18:10:00.000+07:00,"24820.5,24825.2,24814,24822.4"
2026-04-09T18:15:00.000+07:00,"24822,24822.3,24813.4,24814.4"
2026-04-09T18:20:00.000+07:00,"24815.2,24823.3,24812.5,24818.3"
2026-04-09T18:25:00.000+07:00,"24818.4,24819,24805.8,24812.7"
2026-04-09T18:30:00.000+07:00,"24812.5,24827.9,24812,24827.9"
2026-04-09T18:35:00.000+07:00,"24828.2,24846.5,24818.6,24845.7"
2026-04-09T18:40:00.000+07:00,"24845.6,24865,24841.8,24853.8"
2026-04-09T18:45:00.000+07:00,"24853.7,24867.2,24849.6,24857.9"
2026-04-09T18:50:00.000+07:00,"24857.8,24860.8,24852.1,24855.8"
2026-04-09T18:55:00.000+07:00,"24855.7,24865.9,24854.9,24858.9"
2026-04-09T19:00:00.000+07:00,"24860.7,24870.5,24858.3,24861.7"
2026-04-09T19:05:00.000+07:00,"24861.6,24875.3,24860.5,24875.3"
2026-04-09T19:10:00.000+07:00,"24875.5,24880.4,24862.6,24863.4"
2026-04-09T19:15:00.000+07:00,"24863.1,24873.5,24860.6,24868.3"
2026-04-09T19:20:00.000+07:00,"24869.2,24870.6,24856.1,24862.6"
2026-04-09T19:25:00.000+07:00,"24862.1,24868,24858.5,24865.4"
2026-04-09T19:30:00.000+07:00,"24863.8,24875.9,24845.8,24854.3"
2026-04-09T19:35:00.000+07:00,"24854.5,24871.3,24851.8,24858.1"
2026-04-09T19:40:00.000+07:00,"24858,24890.8,24854.1,24867.2"
2026-04-09T19:45:00.000+07:00,"24867.3,24878.2,24854.8,24866.6"
2026-04-09T19:50:00.000+07:00,"24866.9,24871.7,24851.4,24854.6"
2026-04-09T19:55:00.000+07:00,"24854.5,24864,24853.3,24858.3"
2026-04-09T20:00:00.000+07:00,"24858.7,24878.4,24854.7,24873.4"
2026-04-09T20:05:00.000+07:00,"24872.7,24879.3,24860.5,24861.8"
2026-04-09T20:10:00.000+07:00,"24862.6,24876.3,24858.8,24874.5"
2026-04-09T20:15:00.000+07:00,"24874.3,24879.5,24867.3,24870.2"
2026-04-09T20:20:00.000+07:00,"24870,24877.1,24866.3,24872.5"
2026-04-09T20:25:00.000+07:00,"24872.6,24911.8,24871.3,24908.9"
2026-04-09T20:30:00.000+07:00,"24909.1,24930.6,24848.7,24855.9"
2026-04-09T20:35:00.000+07:00,"24856.1,24902.1,24852.1,24892.1"
2026-04-09T20:40:00.000+07:00,"24890.8,24937.8,24872.8,24929.1"
2026-04-09T20:45:00.000+07:00,"24929,24938.6,24890,24905.7"
2026-04-09T20:50:00.000+07:00,"24905.6,24906,24845.1,24850.3"
2026-04-09T20:55:00.000+07:00,"24850.1,24870.1,24835.3,24863.3"
2026-04-09T21:00:00.000+07:00,"24863.4,24871.2,24837.5,24864.7"
2026-04-09T21:05:00.000+07:00,"24864.5,24883.7,24844.1,24845.2"
2026-04-09T21:10:00.000+07:00,"24843.4,24873.9,24828.9,24840.4"
2026-04-09T21:15:00.000+07:00,"24840.3,24840.4,24803,24815.1"
2026-04-09T21:20:00.000+07:00,"24814.9,24834.3,24807.8,24824.8"
2026-04-09T21:25:00.000+07:00,"24824.9,24825.5,24790.8,24808.6"
2026-04-09T21:30:00.000+07:00,"24808.7,24815.3,24789.6,24803.4"
2026-04-09T21:35:00.000+07:00,"24803.5,24814.3,24787.1,24811.3"
2026-04-09T21:40:00.000+07:00,"24811.7,24823.9,24803.9,24813.9"
2026-04-09T21:45:00.000+07:00,"24813.5,24844.9,24810.3,24838.1"
2026-04-09T21:50:00.000+07:00,"24839.8,24866.9,24836.3,24864.6"
2026-04-09T21:55:00.000+07:00,"24864.7,24881.3,24852.6,24869.1"
2026-04-09T22:00:00.000+07:00,"24869.8,24873.3,24844.8,24858.5"
2026-04-09T22:05:00.000+07:00,"24858.9,24865.1,24845.3,24855.5"
2026-04-09T22:10:00.000+07:00,"24855.1,24907.4,24853.6,24901.3"
2026-04-09T22:15:00.000+07:00,"24900.8,24929.9,24900.8,24926.7"
2026-04-09T22:20:00.000+07:00,"24925.7,24932.2,24905.7,24917.2"
2026-04-09T22:25:00.000+07:00,"24917.4,24917.4,24879.6,24884.9"
2026-04-09T22:30:00.000+07:00,"24885.3,24980.9,24876.1,24950.3"
2026-04-09T22:35:00.000+07:00,"24950.4,24971.1,24918.4,24938.5"
2026-04-09T22:40:00.000+07:00,"24938.6,24970.4,24936.4,24953.3"
2026-04-09T22:45:00.000+07:00,"24953.4,25005.5,24936.4,24980.6"
2026-04-09T22:50:00.000+07:00,"24979.9,25004.8,24973.6,25004"
2026-04-09T22:55:00.000+07:00,"25003.8,25023.9,25001.9,25016.3"
2026-04-09T23:00:00.000+07:00,"25016.6,25092,25016.2,25063.9"
2026-04-09T23:05:00.000+07:00,"25063.6,25077.2,25045.4,25053"
2026-04-09T23:10:00.000+07:00,"25053.4,25068.5,25035.8,25036.1"
2026-04-09T23:15:00.000+07:00,"25035.8,25068.8,25031.5,25065.8"
2026-04-09T23:20:00.000+07:00,"25064.2,25069,25041.1,25042.3"
2026-04-09T23:25:00.000+07:00,"25042.2,25050.6,25033.7,25041.8"
2026-04-09T23:30:00.000+07:00,"25042.2,25046.6,25020.9,25027.7"
2026-04-09T23:35:00.000+07:00,"25027.5,25028.6,25001.9,25012.4"
2026-04-09T23:40:00.000+07:00,"25012.7,25014.1,24995.8,25008.7"
2026-04-09T23:45:00.000+07:00,"25008.3,25008.4,24988.3,24996.7"
2026-04-09T23:50:00.000+07:00,"24996.4,25038.3,24996.2,25029.7"
2026-04-09T23:55:00.000+07:00,"25029.8,25033.6,25015.1,25022.9"
2026-04-10T00:00:00.000+07:00,"25022.1,25034.1,25014.5,25033.4"
2026-04-10T00:05:00.000+07:00,"25033.5,25060.7,25027.3,25050.4"
2026-04-10T00:10:00.000+07:00,"25050.3,25066.4,25043.8,25052.9"
2026-04-10T00:15:00.000+07:00,"25053.4,25079,25049.6,25069.1"
2026-04-10T00:20:00.000+07:00,"25069.5,25073.4,25055.4,25058.6"
2026-04-10T00:25:00.000+07:00,"25058.7,25063.1,25047.6,25049.8"
2026-04-10T00:30:00.000+07:00,"25049.7,25050.1,25016.4,25039"
2026-04-10T00:35:00.000+07:00,"25038.9,25080.2,25038,25075.7"
2026-04-10T00:40:00.000+07:00,"25075.5,25082.5,25052.6,25060.4"
2026-04-10T00:45:00.000+07:00,"25060.5,25069.9,25054.1,25064.6"
2026-04-10T00:50:00.000+07:00,"25066,25066.7,25045.3,25056.1"
2026-04-10T00:55:00.000+07:00,"25056,25056,25045.6,25053.6"
2026-04-10T01:00:00.000+07:00,"25054.1,25058.2,24978.9,24991.9"
2026-04-10T01:05:00.000+07:00,"24992.4,25019.2,24992.4,25011"
2026-04-10T01:10:00.000+07:00,"25011.3,25018.8,24991.1,25004.7"
2026-04-10T01:15:00.000+07:00,"25005,25019.6,24996.3,25005.4"
2026-04-10T01:20:00.000+07:00,"25005.5,25013.2,24978.9,24984.7"
2026-04-10T01:25:00.000+07:00,"24985,25000.3,24976.6,24990.1"
2026-04-10T01:30:00.000+07:00,"24990.3,24999.9,24976.3,24981.8"
2026-04-10T01:35:00.000+07:00,"24981.3,25019,24979.4,25015.9"
2026-04-10T01:40:00.000+07:00,"25015.6,25018.4,24992.4,24999"
2026-04-10T01:45:00.000+07:00,"24998.9,25011.2,24994.1,25009.3"
2026-04-10T01:50:00.000+07:00,"25010.4,25013.7,24991.2,25005.4"
2026-04-10T01:55:00.000+07:00,"25005.9,25018.6,25004.9,25009.3"
2026-04-10T02:00:00.000+07:00,"25009.2,25041.3,25004.5,25035.9"
2026-04-10T02:05:00.000+07:00,"25035.5,25049.7,25021.8,25049.5"
2026-04-10T02:10:00.000+07:00,"25049.6,25059.1,25046.3,25049.6"
2026-04-10T02:15:00.000+07:00,"25050.6,25058.3,25034.7,25038.5"
2026-04-10T02:20:00.000+07:00,"25038.3,25046.9,25033.5,25044.7"
2026-04-10T02:25:00.000+07:00,"25045.2,25056,25044.7,25050.7"
2026-04-10T02:30:00.000+07:00,"25050.9,25083,25049.3,25071.7"
2026-04-10T02:35:00.000+07:00,"25071.6,25083,25063.5,25073.3"
2026-04-10T02:40:00.000+07:00,"25072.1,25076.2,25060,25073.9"
2026-04-10T02:45:00.000+07:00,"25073.1,25085.5,25067.1,25073.9"
2026-04-10T02:50:00.000+07:00,"25074.5,25096.5,25074,25095.1"
2026-04-10T02:55:00.000+07:00,"25095,25095,25069.7,25077.3"
2026-04-10T03:00:00.000+07:00,"25078.5,25083.9,25058.1,25058.8"
2026-04-10T03:05:00.000+07:00,"25058.3,25066.7,25048.7,25063"
2026-04-10T03:10:00.000+07:00,"25062.7,25071,25061.6,25064.6"
2026-04-10T03:15:00.000+07:00,"25065.3,25066.2,25059.5,25060.7"
2026-04-10T03:20:00.000+07:00,"25060.2,25068.7,25060,25067.7"
2026-04-10T03:25:00.000+07:00,"25068.2,25071,25064.2,25068.1"
2026-04-10T03:30:00.000+07:00,"25067.9,25083.2,25067.8,25079.8"
2026-04-10T03:35:00.000+07:00,"25079.3,25083.5,25076.5,25079.4"
2026-04-10T03:40:00.000+07:00,"25078.9,25081.2,25075.8,25077.8"
2026-04-10T03:45:00.000+07:00,"25078.3,25082,25072.5,25077.1"
2026-04-10T03:50:00.000+07:00,"25076.6,25079.2,25070.7,25074.6"
2026-04-10T03:55:00.000+07:00,"25075.9,25076.2,25063.8,25073.9"
2026-04-10T04:00:00.000+07:00,"25073,25076.4,25071.5,25075"
2026-04-10T04:05:00.000+07:00,"25075.1,25080.7,25072.1,25073.9"
2026-04-10T04:10:00.000+07:00,"25074,25074.1,25052,25052"
2026-04-10T04:15:00.000+07:00,"25048,25064.7,25042.7,25057.9"
2026-04-10T04:20:00.000+07:00,"25058.1,25066.3,25055.8,25061.6"
2026-04-10T04:25:00.000+07:00,"25061.8,25062.5,25056.1,25056.1"
2026-04-10T04:30:00.000+07:00,"25056.2,25063.2,25056.1,25061.4"
2026-04-10T04:35:00.000+07:00,"25061.3,25061.3,25057.8,25057.9"
2026-04-10T04:40:00.000+07:00,"25059.1,25061.3,25057.9,25061.1"
2026-04-10T04:45:00.000+07:00,"25061.6,25064.7,25059.7,25062.6"
2026-04-10T04:50:00.000+07:00,"25061.7,25062.5,25060,25062.5"
2026-04-10T04:55:00.000+07:00,"25064.2,25071.3,25062.8,25071"
2026-04-10T05:00:00.000+07:00,"25075.1,25085.9,25062.1,25084.2"
2026-04-10T05:05:00.000+07:00,"25084.5,25091.3,25074.7,25085.4"
2026-04-10T05:10:00.000+07:00,"25085.6,25090.5,25082.2,25087.9"
2026-04-10T05:15:00.000+07:00,"25087.7,25089.6,25080.4,25085.3"
2026-04-10T05:20:00.000+07:00,"25085.4,25089.1,25082,25082.9"
2026-04-10T05:25:00.000+07:00,"25082.8,25087.4,25051.9,25054.5"
2026-04-10T05:30:00.000+07:00,"25054.7,25070.7,25050.4,25059"
2026-04-10T05:35:00.000+07:00,"25059.2,25066.4,25057.6,25061.6"
2026-04-10T05:40:00.000+07:00,"25061.5,25069,25060.2,25062"
2026-04-10T05:45:00.000+07:00,"25061.8,25062.3,25050.1,25059.4"
2026-04-10T05:50:00.000+07:00,"25059.9,25060.2,25050.1,25053.8"
2026-04-10T05:55:00.000+07:00,"25053.7,25055.6,25040.1,25042.9"
2026-04-10T06:00:00.000+07:00,"25043.1,25046.8,25029.1,25035.8"
2026-04-10T06:05:00.000+07:00,"25035.6,25050.9,25034.7,25050"
2026-04-10T06:10:00.000+07:00,"25050.1,25050.2,25043.5,25048.7"
2026-04-10T06:15:00.000+07:00,"25048.5,25050.4,25043.6,25046.2"
2026-04-10T06:20:00.000+07:00,"25046.1,25047.8,25042.9,25046.3"
2026-04-10T06:25:00.000+07:00,"25046.1,25048.3,25044.7,25045.4"
2026-04-10T06:30:00.000+07:00,"25045.5,25054.3,25044,25051.2"
2026-04-10T06:35:00.000+07:00,"25051.1,25052.3,25044.5,25045.9"
2026-04-10T06:40:00.000+07:00,"25045.8,25051.6,25045.5,25050.7"
2026-04-10T06:45:00.000+07:00,"25050.8,25071.1,25047.7,25065.7"
2026-04-10T06:50:00.000+07:00,"25065.9,25070,25061.4,25070"
2026-04-10T06:55:00.000+07:00,"25069.9,25070.2,25055.5,25060.2"
2026-04-10T07:00:00.000+07:00,"25060.4,25061.7,25045.7,25048.4"
2026-04-10T07:05:00.000+07:00,"25048.3,25059,25041.9,25052.2"
2026-04-10T07:10:00.000+07:00,"25052.1,25053.7,25043.3,25051.1"
2026-04-10T07:15:00.000+07:00,"25051,25061.3,25043.7,25058.8"
2026-04-10T07:20:00.000+07:00,"25058.6,25071.9,25058.4,25062.8"
2026-04-10T07:25:00.000+07:00,"25062.7,25072.4,25061.7,25070.4"
2026-04-10T07:30:00.000+07:00,"25070.3,25076.7,25067.3,25073.9"
2026-04-10T07:35:00.000+07:00,"25073.8,25088,25073.8,25083.2"
2026-04-10T07:40:00.000+07:00,"25083.3,25086.8,25080.2,25082.5"
2026-04-10T07:45:00.000+07:00,"25082.4,25084.1,25078.3,25083.7"
2026-04-10T07:50:00.000+07:00,"25084.1,25092.6,25081,25083.9"
2026-04-10T07:55:00.000+07:00,"25084,25110,25076.9,25103.6"
2026-04-10T08:00:00.000+07:00,"25102.8,25104.1,25090.3,25095.9"
2026-04-10T08:05:00.000+07:00,"25096.2,25101.1,25092.6,25098.5"
2026-04-10T08:10:00.000+07:00,"25098.4,25099.8,25090.4,25091.2"
2026-04-10T08:15:00.000+07:00,"25090.5,25098.4,25087.7,25094.6"
2026-04-10T08:20:00.000+07:00,"25094.7,25101,25092.5,25098"
2026-04-10T08:25:00.000+07:00,"25097.8,25112.8,25097.6,25110.9"
2026-04-10T08:30:00.000+07:00,"25110,25127.8,25107.9,25124.9"
2026-04-10T08:35:00.000+07:00,"25125.3,25130.4,25123,25124.5"
2026-04-10T08:40:00.000+07:00,"25124.6,25129.4,25120.4,25124.4"
2026-04-10T08:45:00.000+07:00,"25124.3,25129.4,25118.9,25127.6"
2026-04-10T08:50:00.000+07:00,"25127.4,25127.4,25117.6,25123.3"
2026-04-10T08:55:00.000+07:00,"25123.2,25123.4,25116.3,25117.4"
2026-04-10T09:00:00.000+07:00,"25117.8,25122.5,25100.5,25102.1"
2026-04-10T09:05:00.000+07:00,"25101.6,25115.6,25101.3,25112.4"
2026-04-10T09:10:00.000+07:00,"25112.3,25112.5,25103.3,25104.4"
2026-04-10T09:15:00.000+07:00,"25104.5,25105.5,25091.1,25092.8"
2026-04-10T09:20:00.000+07:00,"25092.9,25100,25088,25096.9"
2026-04-10T09:25:00.000+07:00,"25097,25101.5,25093.1,25095.7"
2026-04-10T09:30:00.000+07:00,"25095.8,25105.1,25093.2,25101.9"
2026-04-10T09:35:00.000+07:00,"25102,25104.9,25097.3,25104.4"
2026-04-10T09:40:00.000+07:00,"25104.2,25112.2,25100.7,25107.3"
2026-04-10T09:45:00.000+07:00,"25107.2,25110.3,25103.8,25104.9"
2026-04-10T09:50:00.000+07:00,"25104.7,25110.4,25103.8,25106.3"
2026-04-10T09:55:00.000+07:00,"25106.4,25109.7,25105.1,25107.7"
2026-04-10T10:00:00.000+07:00,"25107.8,25113.6,25106.2,25112"
2026-04-10T10:05:00.000+07:00,"25112.1,25119.8,25110.3,25114.6"
2026-04-10T10:10:00.000+07:00,"25114.5,25119.3,25112.5,25118.9"
2026-04-10T10:15:00.000+07:00,"25118.4,25119.5,25114.8,25117.4"
2026-04-10T10:20:00.000+07:00,"25117.3,25118.7,25114.2,25115.6"
2026-04-10T10:25:00.000+07:00,"25115.4,25116.3,25103.8,25104.6"
2026-04-10T10:30:00.000+07:00,"25104.5,25125,25104.5,25119.7"
2026-04-10T10:35:00.000+07:00,"25119.8,25136.4,25117.3,25126.2"
2026-04-10T10:40:00.000+07:00,"25126.1,25128.4,25121.4,25123.4"
2026-04-10T10:45:00.000+07:00,"25123.2,25128.9,25120.5,25124.2"
2026-04-10T10:50:00.000+07:00,"25124.1,25126.9,25116.8,25126.4"
2026-04-10T10:55:00.000+07:00,"25126.2,25128,25122.5,25123.7"
2026-04-10T11:00:00.000+07:00,"25123.6,25125.7,25120.9,25123.6"
2026-04-10T11:05:00.000+07:00,"25123.5,25123.6,25109.8,25114.5"
2026-04-10T11:10:00.000+07:00,"25114.6,25117.1,25109.7,25110.6"
2026-04-10T11:15:00.000+07:00,"25110.7,25115.3,25110.7,25113.3"
2026-04-10T11:20:00.000+07:00,"25113.2,25116.3,25106.6,25107.3"
2026-04-10T11:25:00.000+07:00,"25107.1,25112.1,25106.4,25109.1"
2026-04-10T11:30:00.000+07:00,"25109.3,25112.5,25108.3,25109.2"
2026-04-10T11:35:00.000+07:00,"25109.3,25109.3,25104.5,25105.4"
2026-04-10T11:40:00.000+07:00,"25105.5,25109.9,25097.7,25105.4"
2026-04-10T11:45:00.000+07:00,"25104.9,25104.9,25100.2,25101.8"
2026-04-10T11:50:00.000+07:00,"25101.9,25106.7,25101.5,25105.7"
2026-04-10T11:55:00.000+07:00,"25105.8,25106,25098.6,25102.2"
2026-04-10T12:00:00.000+07:00,"25102.3,25116.9,25102.2,25115.1"
2026-04-10T12:05:00.000+07:00,"25115.2,25118.4,25110.4,25112.9"
2026-04-10T12:10:00.000+07:00,"25113,25115.1,25108.1,25110.5"
2026-04-10T12:15:00.000+07:00,"25110.8,25111.8,25105.5,25110"
2026-04-10T12:20:00.000+07:00,"25110.1,25115,25109.3,25112.5"
2026-04-10T12:25:00.000+07:00,"25112.6,25114.5,25102.1,25103"
2026-04-10T12:30:00.000+07:00,"25103.1,25110.3,25099.9,25107.2"
2026-04-10T12:35:00.000+07:00,"25107.1,25111,25103.1,25108.1"
2026-04-10T12:40:00.000+07:00,"25108.2,25109.8,25100.5,25100.8"
2026-04-10T12:45:00.000+07:00,"25101,25106.8,25101,25103.9"
2026-04-10T12:50:00.000+07:00,"25103.8,25104.9,25095.1,25098.4"
2026-04-10T12:55:00.000+07:00,"25098.5,25098.6,25091.6,25096.2"
2026-04-10T13:00:00.000+07:00,"25095.6,25101.6,25087.9,25090.1"
2026-04-10T13:05:00.000+07:00,"25090.6,25094.4,25085.8,25088.3"
2026-04-10T13:10:00.000+07:00,"25088.4,25090.7,25081.7,25083.6"
2026-04-10T13:15:00.000+07:00,"25083.5,25083.7,25069.6,25072"
2026-04-10T13:20:00.000+07:00,"25071.9,25080,25070.5,25073.6"
2026-04-10T13:25:00.000+07:00,"25073.8,25078.4,25069.3,25071.7"
2026-04-10T13:30:00.000+07:00,"25071.9,25075.8,25069.2,25073.7"
2026-04-10T13:35:00.000+07:00,"25073.5,25076.3,25061.2,25064.1"
2026-04-10T13:40:00.000+07:00,"25064,25064.9,25055.8,25063.6"
2026-04-10T13:45:00.000+07:00,"25063.2,25069.9,25060.5,25060.9"
2026-04-10T13:50:00.000+07:00,"25060.8,25067.5,25053.7,25062.6"
2026-04-10T13:55:00.000+07:00,"25062.7,25065.6,25058.2,25061.8"
2026-04-10T14:00:00.000+07:00,"25061.7,25069,25058.4,25066.4"
2026-04-10T14:05:00.000+07:00,"25066.6,25078.5,25066.2,25076.9"
2026-04-10T14:10:00.000+07:00,"25076.2,25077.7,25061.2,25066.7"
2026-04-10T14:15:00.000+07:00,"25066.9,25069.2,25055.4,25062.5"
2026-04-10T14:20:00.000+07:00,"25062.6,25074.7,25060.9,25071.4"
2026-04-10T14:25:00.000+07:00,"25071.5,25079.8,25069.5,25079.8"
2026-04-10T14:30:00.000+07:00,"25080.1,25085.2,25077.3,25082.5"
2026-04-10T14:35:00.000+07:00,"25082.3,25087.8,25078,25082.2"
2026-04-10T14:40:00.000+07:00,"25082.3,25084.7,25064.1,25067.5"
2026-04-10T14:45:00.000+07:00,"25067.4,25070.6,25061.6,25066.4"
2026-04-10T14:50:00.000+07:00,"25066.2,25085.6,25064.2,25079.4"
2026-04-10T14:55:00.000+07:00,"25079.2,25084.4,25069.9,25076"
2026-04-10T15:00:00.000+07:00,"25076.6,25077.6,25061.5,25061.9"
2026-04-10T15:05:00.000+07:00,"25062.2,25064.6,25053.1,25063.3"
2026-04-10T15:10:00.000+07:00,"25062.8,25063.2,25045.9,25049.4"
2026-04-10T15:15:00.000+07:00,"25050,25051.4,25035.6,25046.9"
2026-04-10T15:20:00.000+07:00,"25046.7,25053.9,25045.4,25053.6"
2026-04-10T15:25:00.000+07:00,"25053.9,25065,25053.7,25061.3"
2026-04-10T15:30:00.000+07:00,"25060.2,25065.6,25054.8,25061.5"
2026-04-10T15:35:00.000+07:00,"25061.6,25061.8,25052.8,25057.6"
2026-04-10T15:40:00.000+07:00,"25057.8,25069.1,25057.5,25064.6"
2026-04-10T15:45:00.000+07:00,"25064.5,25065.4,25044.9,25052.4"
2026-04-10T15:50:00.000+07:00,"25052.2,25054.6,25036.7,25039.8"
2026-04-10T15:55:00.000+07:00,"25039.7,25045.2,25035.4,25041.1"
2026-04-10T16:00:00.000+07:00,"25041.2,25054,25041.2,25051.3"
2026-04-10T16:05:00.000+07:00,"25051.1,25051.4,25039,25040.3"
2026-04-10T16:10:00.000+07:00,"25040.2,25047.9,25039.4,25044.9"
2026-04-10T16:15:00.000+07:00,"25044.8,25108.1,25042.6,25098.5"
2026-04-10T16:20:00.000+07:00,"25096.3,25100.7,25055.8,25062.3"
2026-04-10T16:25:00.000+07:00,"25063.5,25072.1,25058.6,25070.2"
2026-04-10T16:30:00.000+07:00,"25070,25075.2,25053.6,25064.7"
2026-04-10T16:35:00.000+07:00,"25064.6,25074.1,25058.1,25059.6"
2026-04-10T16:40:00.000+07:00,"25059.7,25070.7,25058.7,25069.4"
2026-04-10T16:45:00.000+07:00,"25069.5,25077.6,25067.8,25076.3"
2026-04-10T16:50:00.000+07:00,"25076.5,25092.2,25071,25088.6"
2026-04-10T16:55:00.000+07:00,"25088.7,25094.9,25084,25090.8"
2026-04-10T17:00:00.000+07:00,"25090.7,25102,25085.4,25085.7"
2026-04-10T17:05:00.000+07:00,"25085.8,25087,25072.6,25085"
2026-04-10T17:10:00.000+07:00,"25084.8,25085.5,25077.1,25077.1"
2026-04-10T17:15:00.000+07:00,"25076.9,25096.4,25076,25096.2"
2026-04-10T17:20:00.000+07:00,"25096.4,25107.6,25092.7,25102.9"
2026-04-10T17:25:00.000+07:00,"25103,25115.7,25101.8,25102.8"
2026-04-10T17:30:00.000+07:00,"25102.9,25106,25087.9,25097.3"
2026-04-10T17:35:00.000+07:00,"25096.8,25097.5,25090.1,25094.1"
2026-04-10T17:40:00.000+07:00,"25094.3,25106.8,25093.6,25099"
2026-04-10T17:45:00.000+07:00,"25098.5,25103.3,25096.8,25101.2"
2026-04-10T17:50:00.000+07:00,"25101.3,25115.2,25099.4,25110.7"
2026-04-10T17:55:00.000+07:00,"25111.1,25116.5,25101.7,25103.8"
2026-04-10T18:00:00.000+07:00,"25103.7,25124.9,25103.7,25123.6"
2026-04-10T18:05:00.000+07:00,"25123.3,25124.9,25108,25109.3"
2026-04-10T18:10:00.000+07:00,"25109.4,25114.6,25103.3,25114.5"
2026-04-10T18:15:00.000+07:00,"25114.6,25119.9,25112.7,25117.1"
2026-04-10T18:20:00.000+07:00,"25117.2,25131.4,25116.8,25126"
2026-04-10T18:25:00.000+07:00,"25126.4,25126.8,25121.6,25124.1"
2026-04-10T18:30:00.000+07:00,"25124.2,25133.5,25123.8,25125.6"
2026-04-10T18:35:00.000+07:00,"25125.7,25126.3,25119.3,25120.8"
2026-04-10T18:40:00.000+07:00,"25120.9,25122,25111.4,25115.4"
2026-04-10T18:45:00.000+07:00,"25115.2,25121.1,25111.6,25117.4"
2026-04-10T18:50:00.000+07:00,"25117.6,25120.9,25107.6,25112.9"
2026-04-10T18:55:00.000+07:00,"25113,25114.7,25095.6,25102"
2026-04-10T19:00:00.000+07:00,"25102.2,25114.5,25098.8,25105.7"
2026-04-10T19:05:00.000+07:00,"25105.6,25113.3,25096.1,25109.9"
2026-04-10T19:10:00.000+07:00,"25109.8,25115.6,25106.7,25115.6"
2026-04-10T19:15:00.000+07:00,"25115.5,25130.6,25105.5,25122.9"
2026-04-10T19:20:00.000+07:00,"25123.1,25123.2,25111.9,25113.3"
2026-04-10T19:25:00.000+07:00,"25113.4,25177.2,25109.4,25149.9"
2026-04-10T19:30:00.000+07:00,"25146.9,25201.8,25132.9,25132.9"
2026-04-10T19:35:00.000+07:00,"25133.4,25146.1,25124.9,25146.1"
2026-04-10T19:40:00.000+07:00,"25146.7,25151,25130.8,25144.6"
2026-04-10T19:45:00.000+07:00,"25144.8,25151.9,25138.8,25151.4"
2026-04-10T19:50:00.000+07:00,"25151.5,25159.2,25140.6,25142.4"
2026-04-10T19:55:00.000+07:00,"25142.5,25148.1,25131.4,25137"
2026-04-10T20:00:00.000+07:00,"25137.3,25145.6,25129.2,25135.7"
2026-04-10T20:05:00.000+07:00,"25136,25150.1,25132.6,25146.8"
2026-04-10T20:10:00.000+07:00,"25146.5,25154.5,25140.9,25150.4"
2026-04-10T20:15:00.000+07:00,"25150.5,25152.4,25135.7,25139"
2026-04-10T20:20:00.000+07:00,"25139.4,25150.3,25135,25140.9"
2026-04-10T20:25:00.000+07:00,"25141.1,25149.4,25127.6,25148.9"
2026-04-10T20:30:00.000+07:00,"25148.45,25201.5,25143,25169"
2026-04-10T20:35:00.000+07:00,"25169.4,25189.9,25135.2,25141.8"
2026-04-10T20:40:00.000+07:00,"25141.7,25169.1,25124.4,25157.4"
2026-04-10T20:45:00.000+07:00,"25157.3,25187.6,25154.4,25156.8"
2026-04-10T20:50:00.000+07:00,"25158.2,25179.3,25136,25174.2"
2026-04-10T20:55:00.000+07:00,"25174.5,25176,25144.3,25154.2"
2026-04-10T21:00:00.000+07:00,"25154.4,25154.4,25118.4,25124.2"
2026-04-10T21:05:00.000+07:00,"25124.9,25136.7,25107.6,25120.3"
2026-04-10T21:10:00.000+07:00,"25120.1,25160.9,25102.3,25156.5"
2026-04-10T21:15:00.000+07:00,"25156.2,25169.6,25146.2,25168.7"
2026-04-10T21:20:00.000+07:00,"25168.1,25177.2,25153.9,25173.6"
2026-04-10T21:25:00.000+07:00,"25173.7,25184.1,25163.4,25174.2"
2026-04-10T21:30:00.000+07:00,"25174.5,25206.3,25171.4,25187.9"
2026-04-10T21:35:00.000+07:00,"25188,25196.4,25172.7,25178.9"
2026-04-10T21:40:00.000+07:00,"25180.7,25189.8,25141.3,25155.4"
2026-04-10T21:45:00.000+07:00,"25156.4,25177.9,25147.8,25151.9"
2026-04-10T21:50:00.000+07:00,"25152.1,25184.9,25151.9,25156.5"
2026-04-10T21:55:00.000+07:00,"25156.3,25192.8,25146.4,25186.9"
2026-04-10T22:00:00.000+07:00,"25187.2,25192.6,25173.9,25174.7"
2026-04-10T22:05:00.000+07:00,"25175,25197.5,25163.8,25190.1"
2026-04-10T22:10:00.000+07:00,"25190.2,25205.9,25180.8,25202.9"
2026-04-10T22:15:00.000+07:00,"25202.6,25216.1,25201.3,25204.2"
2026-04-10T22:20:00.000+07:00,"25204.8,25228,25200.9,25223.1"
2026-04-10T22:25:00.000+07:00,"25222.5,25222.5,25178.7,25182.6"
2026-04-10T22:30:00.000+07:00,"25182.7,25192.4,25157.7,25169.1"
2026-04-10T22:35:00.000+07:00,"25169.8,25174,25134.4,25136.8"
2026-04-10T22:40:00.000+07:00,"25135.9,25142,25119.8,25138.1"
2026-04-10T22:45:00.000+07:00,"25137.9,25147.9,25123.1,25130.8"
2026-04-10T22:50:00.000+07:00,"25132.1,25139.8,25111.4,25113.8"
2026-04-10T22:55:00.000+07:00,"25113.4,25114.6,25080.7,25099"
2026-04-10T23:00:00.000+07:00,"25098.7,25104.6,25083.8,25091.8"
2026-04-10T23:05:00.000+07:00,"25092.1,25104.6,25086.8,25096.8"
2026-04-10T23:10:00.000+07:00,"25097.1,25136.1,25096.6,25127.8"
2026-04-10T23:15:00.000+07:00,"25128,25136.7,25119.3,25124.5"
2026-04-10T23:20:00.000+07:00,"25124.4,25129.4,25106,25127.9"
2026-04-10T23:25:00.000+07:00,"25128.4,25128.4,25106.6,25110.6"
2026-04-10T23:30:00.000+07:00,"25110.8,25119.2,25091.9,25101.4"
2026-04-10T23:35:00.000+07:00,"25101.5,25102.6,25082.8,25086.8"
2026-04-10T23:40:00.000+07:00,"25086.7,25090.1,25057.6,25063.1"
2026-04-10T23:45:00.000+07:00,"25063.3,25085.4,25060.8,25084.9"
2026-04-10T23:50:00.000+07:00,"25084.5,25106,25076.2,25098.8"
2026-04-10T23:55:00.000+07:00,"25099.3,25101.8,25090.4,25099.3"
2026-04-11T00:00:00.000+07:00,"25098.8,25100.8,25068.1,25069.1"
2026-04-11T00:05:00.000+07:00,"25069.4,25082.1,25061.9,25078.6"
2026-04-11T00:10:00.000+07:00,"25080.8,25089.1,25069.1,25084.7"
2026-04-11T00:15:00.000+07:00,"25084.9,25094,25075.1,25088.2"
2026-04-11T00:20:00.000+07:00,"25086.6,25087.5,25063,25075.5"
2026-04-11T00:25:00.000+07:00,"25076,25087.7,25066.4,25069.2"
2026-04-11T00:30:00.000+07:00,"25068.6,25084.4,25059.6,25073.7"
2026-04-11T00:35:00.000+07:00,"25073.8,25080.6,25064.8,25076.7"
2026-04-11T00:40:00.000+07:00,"25075.5,25091,25069.4,25088.9"
2026-04-11T00:45:00.000+07:00,"25088.7,25092.9,25083.7,25088.7"
2026-04-11T00:50:00.000+07:00,"25088.6,25109.1,25087,25108.1"
2026-04-11T00:55:00.000+07:00,"25107.9,25109.3,25101.9,25106.3"
2026-04-11T01:00:00.000+07:00,"25106.2,25108.7,25082.9,25085.1"
2026-04-11T01:05:00.000+07:00,"25084.9,25089.5,25075.2,25081.7"
2026-04-11T01:10:00.000+07:00,"25082.4,25096.6,25080.7,25090.8"
2026-04-11T01:15:00.000+07:00,"25090.6,25109.1,25090.6,25106.5"
2026-04-11T01:20:00.000+07:00,"25106.1,25115.5,25102.8,25107.8"
2026-04-11T01:25:00.000+07:00,"25108,25108.4,25097.8,25101.8"
2026-04-11T01:30:00.000+07:00,"25101.2,25105.8,25091.2,25093.1"
2026-04-11T01:35:00.000+07:00,"25093,25097.7,25086.4,25091"
2026-04-11T01:40:00.000+07:00,"25091.5,25094.7,25074.5,25082.3"
2026-04-11T01:45:00.000+07:00,"25082.2,25085.1,25078.3,25082"
2026-04-11T01:50:00.000+07:00,"25082.7,25093.2,25079.9,25091.9"
2026-04-11T01:55:00.000+07:00,"25091.7,25098.2,25086.8,25097.1"
2026-04-11T02:00:00.000+07:00,"25097.6,25111.9,25094.9,25109.7"
2026-04-11T02:05:00.000+07:00,"25109.8,25115.9,25107.4,25109.9"
2026-04-11T02:10:00.000+07:00,"25110.1,25130.9,25109.4,25129.9"
2026-04-11T02:15:00.000+07:00,"25129.8,25132.2,25119.9,25131.3"
2026-04-11T02:20:00.000+07:00,"25130.7,25136.3,25123.3,25128.4"
2026-04-11T02:25:00.000+07:00,"25128.6,25131.9,25120.5,25130.4"
2026-04-11T02:30:00.000+07:00,"25129.8,25129.8,25115.7,25118.1"
2026-04-11T02:35:00.000+07:00,"25118.2,25121.2,25100.2,25106.1"
2026-04-11T02:40:00.000+07:00,"25105.5,25116.3,25094.4,25111.9"
2026-04-11T02:45:00.000+07:00,"25112.1,25120.2,25098.5,25104.8"
2026-04-11T02:50:00.000+07:00,"25103.9,25119.6,25099.2,25104.1"
2026-04-11T02:55:00.000+07:00,"25104.5,25122.9,25095.3,25117.7"
2026-04-11T03:00:00.000+07:00,"25117.4,25121.1,25107.7,25116.1"
2026-04-11T03:05:00.000+07:00,"25115.8,25127.9,25111.3,25125.5"
2026-04-11T03:10:00.000+07:00,"25125.7,25133.3,25123.1,25126.5"
2026-04-11T03:15:00.000+07:00,"25126.7,25135.2,25125.9,25130.7"
2026-04-11T03:20:00.000+07:00,"25130.2,25135.9,25128.7,25135"
2026-04-11T03:25:00.000+07:00,"25136,25141.5,25131.8,25136.3"
2026-04-11T03:30:00.000+07:00,"25136.1,25149.9,25131.9,25145.1"
2026-04-11T03:35:00.000+07:00,"25143.4,25146.3,25139.9,25146.3"
2026-04-11T03:40:00.000+07:00,"25147,25152.3,25144.6,25150.4"
2026-04-11T03:45:00.000+07:00,"25150.2,25152.7,25140.2,25143.8"
2026-04-11T03:50:00.000+07:00,"25144,25150.1,25143.2,25148.5"
2026-04-11T03:55:00.000+07:00,"25148.3,25169.1,25146.3,25164.7"
2026-04-13T05:00:00.000+07:00,"24776.7,24843,24776.7,24798"
2026-04-13T05:05:00.000+07:00,"24797.9,24834.1,24791.9,24825.6"
2026-04-13T05:10:00.000+07:00,"24825.8,24854.4,24821.2,24836.7"
2026-04-13T05:15:00.000+07:00,"24836.8,24836.8,24796.9,24799.4"
2026-04-13T05:20:00.000+07:00,"24799.8,24816.2,24797.7,24810.4"
2026-04-13T05:25:00.000+07:00,"24809.9,24812.2,24778.8,24789.7"
2026-04-13T05:30:00.000+07:00,"24790.2,24791.2,24763.8,24789.1"
2026-04-13T05:35:00.000+07:00,"24788.5,24800.1,24784.5,24791.9"
2026-04-13T05:40:00.000+07:00,"24792.1,24792.4,24769.2,24777.9"
2026-04-13T05:45:00.000+07:00,"24778,24785.7,24773.5,24777.2"
2026-04-13T05:50:00.000+07:00,"24777.1,24791.2,24775.4,24786.3"
2026-04-13T05:55:00.000+07:00,"24786,24795.3,24780.5,24791.1"
2026-04-13T06:00:00.000+07:00,"24791.3,24791.7,24765.4,24773.1"
2026-04-13T06:05:00.000+07:00,"24773.2,24785,24765.5,24776.9"
2026-04-13T06:10:00.000+07:00,"24776.8,24784,24776.8,24780.9"
2026-04-13T06:15:00.000+07:00,"24780.7,24789.7,24772.4,24777.4"
2026-04-13T06:20:00.000+07:00,"24777.3,24778.1,24770.2,24774.1"
2026-04-13T06:25:00.000+07:00,"24774.3,24780.3,24773.7,24780.2"
2026-04-13T06:30:00.000+07:00,"24780.3,24780.7,24768.4,24768.4"
2026-04-13T06:35:00.000+07:00,"24768.6,24772.1,24763.8,24768"
2026-04-13T06:40:00.000+07:00,"24767.8,24772.6,24764.3,24771.8"
2026-04-13T06:45:00.000+07:00,"24771.5,24772.5,24757.3,24762.6"
2026-04-13T06:50:00.000+07:00,"24762.5,24811.7,24762.4,24805.1"
2026-04-13T06:55:00.000+07:00,"24804.9,24820.8,24801.1,24817"
2026-04-13T07:00:00.000+07:00,"24816.4,24822.8,24783.7,24794.2"
2026-04-13T07:05:00.000+07:00,"24794.4,24826.1,24793,24823.3"
2026-04-13T07:10:00.000+07:00,"24823.4,24842.9,24820.6,24839.3"
2026-04-13T07:15:00.000+07:00,"24839.7,24842.4,24831.6,24832.5"
2026-04-13T07:20:00.000+07:00,"24832.2,24838.2,24825.8,24835.5"
2026-04-13T07:25:00.000+07:00,"24835.2,24839.5,24829,24830.1"
2026-04-13T07:30:00.000+07:00,"24829.8,24856.7,24821.8,24846.5"
2026-04-13T07:35:00.000+07:00,"24846.3,24854.1,24843.7,24844.5"
2026-04-13T07:40:00.000+07:00,"24844.8,24856.6,24842.6,24845.9"
2026-04-13T07:45:00.000+07:00,"24846,24863.6,24844.9,24862.3"
2026-04-13T07:50:00.000+07:00,"24862.5,24890.4,24859.7,24885.7"
2026-04-13T07:55:00.000+07:00,"24885.6,24889.3,24880.5,24889.1"
2026-04-13T08:00:00.000+07:00,"24889,24907,24888.9,24901.2"
2026-04-13T08:05:00.000+07:00,"24900.8,24901.2,24886,24892.3"
2026-04-13T08:10:00.000+07:00,"24892.2,24916.8,24891.4,24906.2"
2026-04-13T08:15:00.000+07:00,"24905.8,24907.7,24898.5,24900.4"
2026-04-13T08:20:00.000+07:00,"24900.6,24907,24894.6,24895.9"
2026-04-13T08:25:00.000+07:00,"24896.1,24912.3,24896.1,24907.3"
2026-04-13T08:30:00.000+07:00,"24907.5,24916.8,24899.2,24914.4"
2026-04-13T08:35:00.000+07:00,"24914.5,24921.3,24905.8,24906.7"
2026-04-13T08:40:00.000+07:00,"24906.5,24910,24892.8,24898.5"
2026-04-13T08:45:00.000+07:00,"24898.3,24911.6,24893,24905"
2026-04-13T08:50:00.000+07:00,"24904.7,24916.6,24904.6,24911"
2026-04-13T08:55:00.000+07:00,"24911.1,24924.8,24910.9,24918.7"
2026-04-13T09:00:00.000+07:00,"24919.2,24921.1,24907.9,24911.8"
2026-04-13T09:05:00.000+07:00,"24911.9,24913,24902.6,24903"
2026-04-13T09:10:00.000+07:00,"24902.9,24905.5,24893,24898.6"
2026-04-13T09:15:00.000+07:00,"24898.7,24903.3,24895.5,24903"
2026-04-13T09:20:00.000+07:00,"24902.5,24905.9,24894.8,24897.1"
2026-04-13T09:25:00.000+07:00,"24897.2,24900,24891.7,24894.5"
2026-04-13T09:30:00.000+07:00,"24895,24901.1,24890.2,24896.6"
2026-04-13T09:35:00.000+07:00,"24896.8,24899,24893,24896.7"
2026-04-13T09:40:00.000+07:00,"24896.8,24901.1,24894.4,24898.7"
2026-04-13T09:45:00.000+07:00,"24898.5,24913.2,24898,24898.2"
2026-04-13T09:50:00.000+07:00,"24898.1,24903.4,24896.4,24902.8"
2026-04-13T09:55:00.000+07:00,"24902.9,24916.3,24902.2,24910.7"
2026-04-13T10:00:00.000+07:00,"24910.9,24919.4,24904.2,24905.7"
2026-04-13T10:05:00.000+07:00,"24905.5,24906.9,24894.8,24895.3"
2026-04-13T10:10:00.000+07:00,"24895.4,24898,24887.5,24888.4"
2026-04-13T10:15:00.000+07:00,"24888.3,24895.4,24887.4,24890.7"
2026-04-13T10:20:00.000+07:00,"24890.8,24903.5,24889.4,24899.2"
2026-04-13T10:25:00.000+07:00,"24899,24912.3,24898,24906.4"
2026-04-13T10:30:00.000+07:00,"24906.3,24908.2,24898.2,24899.4"
2026-04-13T10:35:00.000+07:00,"24899.3,24900.4,24891.5,24893.2"
2026-04-13T10:40:00.000+07:00,"24893.1,24904.7,24893.1,24902.2"
2026-04-13T10:45:00.000+07:00,"24902.3,24902.8,24890.6,24896.7"
2026-04-13T10:50:00.000+07:00,"24896.6,24897.9,24891.1,24894.6"
2026-04-13T10:55:00.000+07:00,"24894.7,24898.7,24893.6,24894.5"
2026-04-13T11:00:00.000+07:00,"24894.6,24897.1,24887.1,24891.3"
2026-04-13T11:05:00.000+07:00,"24890.9,24894.5,24885.7,24892"
2026-04-13T11:10:00.000+07:00,"24892.1,24900.4,24891.1,24898.3"
2026-04-13T11:15:00.000+07:00,"24898.4,24908.9,24895.9,24908.1"
2026-04-13T11:20:00.000+07:00,"24908.3,24909.2,24894.4,24901"
2026-04-13T11:25:00.000+07:00,"24902.1,24909.9,24901.5,24904.9"
2026-04-13T11:30:00.000+07:00,"24905.1,24909.8,24899.8,24903.7"
2026-04-13T11:35:00.000+07:00,"24903.8,24905.8,24897.6,24898.9"
2026-04-13T11:40:00.000+07:00,"24899,24910.4,24899,24901.1"
2026-04-13T11:45:00.000+07:00,"24901.2,24904.2,24896.9,24903.9"
2026-04-13T11:50:00.000+07:00,"24903.8,24913.5,24898.7,24912.9"
2026-04-13T11:55:00.000+07:00,"24913.1,24928.8,24912.9,24916.6"
2026-04-13T12:00:00.000+07:00,"24916.8,24919.5,24907,24912.5"
2026-04-13T12:05:00.000+07:00,"24912.8,24916,24904.9,24905.8"
2026-04-13T12:10:00.000+07:00,"24906.1,24908.6,24900,24901.5"
2026-04-13T12:15:00.000+07:00,"24901.6,24908.8,24894.5,24898.6"
2026-04-13T12:20:00.000+07:00,"24899,24924.1,24897.9,24917.3"
2026-04-13T12:25:00.000+07:00,"24917.8,24920.2,24910.6,24912.7"
2026-04-13T12:30:00.000+07:00,"24912.6,24914.4,24899.6,24908.3"
2026-04-13T12:35:00.000+07:00,"24908.2,24913.1,24904.5,24907"
2026-04-13T12:40:00.000+07:00,"24906.8,24909.5,24902.4,24905.9"
2026-04-13T12:45:00.000+07:00,"24905.8,24914.8,24904.9,24908.6"
2026-04-13T12:50:00.000+07:00,"24908.7,24911.6,24904.3,24908.8"
2026-04-13T12:55:00.000+07:00,"24908.7,24919.4,24907.5,24913.2"
2026-04-13T13:00:00.000+07:00,"24913.1,24926.3,24913,24922.1"
2026-04-13T13:05:00.000+07:00,"24922,24924.9,24913.2,24921.4"
2026-04-13T13:10:00.000+07:00,"24921.6,24926.3,24914.8,24921.1"
2026-04-13T13:15:00.000+07:00,"24921,24943,24920.9,24937.4"
2026-04-13T13:20:00.000+07:00,"24937.7,24953.1,24933.1,24949.8"
2026-04-13T13:25:00.000+07:00,"24949.7,24954.2,24940.5,24942.7"
2026-04-13T13:30:00.000+07:00,"24942.9,24948.6,24932.8,24938.3"
2026-04-13T13:35:00.000+07:00,"24938.2,24943.4,24930.6,24936"
2026-04-13T13:40:00.000+07:00,"24935.7,24938.9,24932.7,24935.3"
2026-04-13T13:45:00.000+07:00,"24935.7,24944.8,24932.9,24939.9"
2026-04-13T13:50:00.000+07:00,"24939.8,24943.6,24936.8,24943.3"
2026-04-13T13:55:00.000+07:00,"24942.9,24948.6,24940.8,24948.3"
2026-04-13T14:00:00.000+07:00,"24948.7,24961.8,24948.7,24957.2"
2026-04-13T14:05:00.000+07:00,"24957.3,24959.8,24942.6,24946.3"
2026-04-13T14:10:00.000+07:00,"24946.1,24953.1,24945,24947.8"
2026-04-13T14:15:00.000+07:00,"24948,24955.9,24941.2,24954.8"
2026-04-13T14:20:00.000+07:00,"24954.7,24956.7,24925.7,24926.9"
2026-04-13T14:25:00.000+07:00,"24927.4,24945.8,24922.3,24944.7"
2026-04-13T14:30:00.000+07:00,"24945.1,24952.3,24936.8,24940.1"
2026-04-13T14:35:00.000+07:00,"24940.2,24947.1,24933.3,24943.3"
2026-04-13T14:40:00.000+07:00,"24943,24948.2,24940,24944.7"
2026-04-13T14:45:00.000+07:00,"24945.1,24945.6,24930.4,24934.1"
2026-04-13T14:50:00.000+07:00,"24934.3,24936.9,24926.7,24933.3"
2026-04-13T14:55:00.000+07:00,"24933.1,24937.7,24932.2,24935.3"
2026-04-13T15:00:00.000+07:00,"24934.6,24963.6,24934.6,24959.7"
2026-04-13T15:05:00.000+07:00,"24959.5,24962.4,24942.9,24946"
2026-04-13T15:10:00.000+07:00,"24946.1,24952.6,24942.6,24945.7"
2026-04-13T15:15:00.000+07:00,"24945.8,24951.1,24938.9,24945.5"
2026-04-13T15:20:00.000+07:00,"24945.6,24956.2,24939.7,24949.3"
2026-04-13T15:25:00.000+07:00,"24949.1,24958.2,24949,24951.8"
2026-04-13T15:30:00.000+07:00,"24951.7,24957.9,24938.8,24947"
2026-04-13T15:35:00.000+07:00,"24946.9,24950,24930,24931.1"
2026-04-13T15:40:00.000+07:00,"24930.6,24940.1,24924.9,24938.5"
2026-04-13T15:45:00.000+07:00,"24938.8,24946.6,24931.9,24940.3"
2026-04-13T15:50:00.000+07:00,"24940.2,24942.7,24933.5,24941"
2026-04-13T15:55:00.000+07:00,"24940,24944.8,24931.6,24933.3"
2026-04-13T16:00:00.000+07:00,"24934,24961.7,24933.5,24953"
2026-04-13T16:05:00.000+07:00,"24952.8,24960.4,24944.4,24945.7"
2026-04-13T16:10:00.000+07:00,"24945.8,24948.6,24939.3,24944.2"
2026-04-13T16:15:00.000+07:00,"24944.3,24955.8,24941.9,24953.5"
2026-04-13T16:20:00.000+07:00,"24953.4,24957,24951.3,24954"
2026-04-13T16:25:00.000+07:00,"24953.9,24965,24951,24957.6"
2026-04-13T16:30:00.000+07:00,"24957.7,24961.9,24954.7,24961.5"
2026-04-13T16:35:00.000+07:00,"24961.4,24968.3,24957.7,24959.9"
2026-04-13T16:40:00.000+07:00,"24959.8,24961.9,24949.1,24954.3"
2026-04-13T16:45:00.000+07:00,"24954.2,24954.9,24946.7,24947.2"
2026-04-13T16:50:00.000+07:00,"24946.6,24951.6,24942.5,24949.7"
2026-04-13T16:55:00.000+07:00,"24949.8,24956.3,24947.7,24949.6"
2026-04-13T17:00:00.000+07:00,"24950.8,24958.4,24950.1,24953.4"
2026-04-13T17:05:00.000+07:00,"24954.1,24955.2,24948.2,24953.5"
2026-04-13T17:10:00.000+07:00,"24953.6,24957.5,24950,24955.4"
2026-04-13T17:15:00.000+07:00,"24955.2,24955.4,24945.1,24947.2"
2026-04-13T17:20:00.000+07:00,"24947,24953.2,24943.6,24947"
2026-04-13T17:25:00.000+07:00,"24946.2,24955.4,24944.5,24954.8"
2026-04-13T17:30:00.000+07:00,"24954.9,24961.5,24949.8,24956.2"
2026-04-13T17:35:00.000+07:00,"24955.9,24957,24946.9,24951.3"
2026-04-13T17:40:00.000+07:00,"24951.1,24952.6,24947,24952.4"
2026-04-13T17:45:00.000+07:00,"24952.5,24964.7,24948.6,24960.3"
2026-04-13T17:50:00.000+07:00,"24960.4,24963.9,24956.7,24959.9"
2026-04-13T17:55:00.000+07:00,"24960.1,24994.2,24959.7,24991.8"
2026-04-13T18:00:00.000+07:00,"24991.3,25030.1,24991,25005.3"
2026-04-13T18:05:00.000+07:00,"25005.2,25011.1,24993.6,24994.5"
2026-04-13T18:10:00.000+07:00,"24994.2,24999.9,24989.9,24998.1"
2026-04-13T18:15:00.000+07:00,"24998.2,24998.5,24983.8,24987.1"
2026-04-13T18:20:00.000+07:00,"24987,24994,24971.2,24979.7"
2026-04-13T18:25:00.000+07:00,"24979.4,24983.8,24968.7,24973.5"
2026-04-13T18:30:00.000+07:00,"24973.3,24976.4,24955.7,24956.5"
2026-04-13T18:35:00.000+07:00,"24956.9,24961.5,24937.4,24951.3"
2026-04-13T18:40:00.000+07:00,"24951.2,24959.4,24939.9,24958.7"
2026-04-13T18:45:00.000+07:00,"24958.8,24964.9,24941.3,24946.7"
2026-04-13T18:50:00.000+07:00,"24946.4,24946.4,24928.8,24935"
2026-04-13T18:55:00.000+07:00,"24935.1,24936,24918.6,24924.5"
2026-04-13T19:00:00.000+07:00,"24925.7,24941.9,24909.7,24922.2"
2026-04-13T19:05:00.000+07:00,"24922,24943.1,24921.2,24940.8"
2026-04-13T19:10:00.000+07:00,"24940.7,24953.2,24938.9,24949.7"
2026-04-13T19:15:00.000+07:00,"24949.4,24957.4,24945.7,24951.3"
2026-04-13T19:20:00.000+07:00,"24951.1,24955.6,24946.1,24951.2"
2026-04-13T19:25:00.000+07:00,"24952.6,24964,24951.4,24959.5"
2026-04-13T19:30:00.000+07:00,"24960.5,24980.8,24953.9,24974.1"
2026-04-13T19:35:00.000+07:00,"24973.8,24975.4,24964.6,24974.2"
2026-04-13T19:40:00.000+07:00,"24974,24985.3,24973,24981.4"
2026-04-13T19:45:00.000+07:00,"24981.6,25010.6,24981.4,25000.9"
2026-04-13T19:50:00.000+07:00,"25000.8,25010.9,24997.7,25007.4"
2026-04-13T19:55:00.000+07:00,"25007.2,25012.6,24998.3,25001.4"
2026-04-13T20:00:00.000+07:00,"25001.6,25013.4,25001.5,25010.8"
2026-04-13T20:05:00.000+07:00,"25010.6,25013,24991.2,24996.9"
2026-04-13T20:10:00.000+07:00,"24996.8,25015.1,24992.4,25012.1"
2026-04-13T20:15:00.000+07:00,"25012,25025,25000.9,25021.4"
2026-04-13T20:20:00.000+07:00,"25021.2,25039.8,25016.3,25039.5"
2026-04-13T20:25:00.000+07:00,"25036.1,25052,25029.1,25048.7"
2026-04-13T20:30:00.000+07:00,"25049.4,25071.4,25031,25055.2"
2026-04-13T20:35:00.000+07:00,"25055.4,25056.4,25009.3,25033.3"
2026-04-13T20:40:00.000+07:00,"25033.2,25049.4,25014.6,25016.7"
2026-04-13T20:45:00.000+07:00,"25016.8,25111.1,24995.7,25104.2"
2026-04-13T20:50:00.000+07:00,"25106.2,25133.9,25066.7,25107.8"
2026-04-13T20:55:00.000+07:00,"25107.3,25145,25093.4,25143.4"
2026-04-13T21:00:00.000+07:00,"25142.5,25161.3,25123.3,25151.7"
2026-04-13T21:05:00.000+07:00,"25151.3,25167.6,25136,25145.2"
2026-04-13T21:10:00.000+07:00,"25145.8,25145.8,25112.6,25117.9"
2026-04-13T21:15:00.000+07:00,"25117.8,25120.3,25088.6,25109.3"
2026-04-13T21:20:00.000+07:00,"25108.9,25135.4,25083.1,25129.9"
2026-04-13T21:25:00.000+07:00,"25131.3,25133.8,25113.8,25131.1"
2026-04-13T21:30:00.000+07:00,"25131.8,25148.2,25124,25140.6"
2026-04-13T21:35:00.000+07:00,"25140.3,25140.6,25114.9,25126.1"
2026-04-13T21:40:00.000+07:00,"25125.6,25154.7,25122.8,25151.8"
2026-04-13T21:45:00.000+07:00,"25151.7,25154.8,25129.5,25136.2"
2026-04-13T21:50:00.000+07:00,"25136.3,25171.5,25130.3,25165.1"
2026-04-13T21:55:00.000+07:00,"25164.6,25194.4,25155.4,25187.8"
2026-04-13T22:00:00.000+07:00,"25189.4,25190.7,25145.3,25147.6"
2026-04-13T22:05:00.000+07:00,"25147.4,25172.5,25143,25166"
2026-04-13T22:10:00.000+07:00,"25165.6,25187.5,25156.8,25168.6"
2026-04-13T22:15:00.000+07:00,"25168.8,25178,25152.2,25155.3"
2026-04-13T22:20:00.000+07:00,"25155.4,25176.3,25154.8,25158.3"
2026-04-13T22:25:00.000+07:00,"25158.5,25166.3,25147.6,25149.4"
2026-04-13T22:30:00.000+07:00,"25149.8,25154.8,25136,25148.1"
2026-04-13T22:35:00.000+07:00,"25147.7,25191.5,25142.5,25176"
2026-04-13T22:40:00.000+07:00,"25175.8,25180.1,25151.5,25157"
2026-04-13T22:45:00.000+07:00,"25156.9,25164,25148.5,25156.6"
2026-04-13T22:50:00.000+07:00,"25157.6,25159.3,25139.7,25139.8"
2026-04-13T22:55:00.000+07:00,"25139.9,25154,25136.3,25147.4"
2026-04-13T23:00:00.000+07:00,"25147.3,25152.9,25121.3,25131"
2026-04-13T23:05:00.000+07:00,"25131.2,25181.1,25119.8,25151.4"
2026-04-13T23:10:00.000+07:00,"25151.7,25166.7,25145.1,25151.4"
2026-04-13T23:15:00.000+07:00,"25151.2,25169.8,25142.6,25166.1"
2026-04-13T23:20:00.000+07:00,"25165.5,25194,25165.3,25190.9"
2026-04-13T23:25:00.000+07:00,"25191,25232,25188.5,25220.8"
2026-04-13T23:30:00.000+07:00,"25219.8,25243.8,25206.4,25215.7"
2026-04-13T23:35:00.000+07:00,"25215.9,25256.7,25215.4,25219.8"
2026-04-13T23:40:00.000+07:00,"25220.5,25232.9,25182,25215.9"
2026-04-13T23:45:00.000+07:00,"25216.2,25250.3,25209.4,25237.5"
2026-04-13T23:50:00.000+07:00,"25236.9,25270.6,25229,25235.2"
2026-04-13T23:55:00.000+07:00,"25234.9,25252.3,25223,25246.9"
2026-04-14T00:00:00.000+07:00,"25247,25257.3,25239.8,25252.9"
2026-04-14T00:05:00.000+07:00,"25253.3,25257.6,25232.8,25240.7"
2026-04-14T00:10:00.000+07:00,"25240.4,25249.6,25238.1,25248"
2026-04-14T00:15:00.000+07:00,"25248.5,25274.4,25246.8,25266.7"
2026-04-14T00:20:00.000+07:00,"25266.5,25266.6,25254.4,25255.4"
2026-04-14T00:25:00.000+07:00,"25255.6,25265.7,25255.3,25264.4"
2026-04-14T00:30:00.000+07:00,"25264.1,25273.7,25257.6,25259"
2026-04-14T00:35:00.000+07:00,"25258.9,25266.3,25250.9,25259.6"
2026-04-14T00:40:00.000+07:00,"25259.9,25266,25254.3,25255.8"
2026-04-14T00:45:00.000+07:00,"25255.9,25256.1,25245.3,25245.8"
2026-04-14T00:50:00.000+07:00,"25246.5,25249.5,25235.5,25245.2"
2026-04-14T00:55:00.000+07:00,"25244.6,25252.3,25239.9,25240.8"
2026-04-14T01:00:00.000+07:00,"25241.1,25260.3,25241,25252.5"
2026-04-14T01:05:00.000+07:00,"25252.3,25259.2,25249.1,25256.4"
2026-04-14T01:10:00.000+07:00,"25256.6,25261.1,25250.6,25252.1"
2026-04-14T01:15:00.000+07:00,"25252.4,25253.5,25244.1,25244.2"
2026-04-14T01:20:00.000+07:00,"25244,25248.1,25236.3,25237.7"
2026-04-14T01:25:00.000+07:00,"25237.8,25242.2,25231.7,25234.8"
2026-04-14T01:30:00.000+07:00,"25235.7,25248.5,25234.1,25248.1"
2026-04-14T01:35:00.000+07:00,"25248,25257.8,25246,25255.8"
2026-04-14T01:40:00.000+07:00,"25254.7,25261,25248.9,25259.5"
2026-04-14T01:45:00.000+07:00,"25259.3,25274.7,25259.3,25270.5"
2026-04-14T01:50:00.000+07:00,"25269.9,25285.2,25265.2,25283.8"
2026-04-14T01:55:00.000+07:00,"25283.1,25288.9,25279.4,25280.2"
2026-04-14T02:00:00.000+07:00,"25280.5,25290.5,25280.3,25282.4"
2026-04-14T02:05:00.000+07:00,"25282.6,25283.4,25271,25279"
2026-04-14T02:10:00.000+07:00,"25279.3,25279.6,25266.5,25272.7"
2026-04-14T02:15:00.000+07:00,"25273.3,25290.1,25270.9,25286.2"
2026-04-14T02:20:00.000+07:00,"25286.5,25295.9,25283.3,25292.7"
2026-04-14T02:25:00.000+07:00,"25292.6,25296.5,25291.9,25294"
2026-04-14T02:30:00.000+07:00,"25294.6,25315.7,25287.3,25310.3"
2026-04-14T02:35:00.000+07:00,"25310.2,25321.3,25302.2,25306.1"
2026-04-14T02:40:00.000+07:00,"25306.4,25308.6,25295.1,25302.2"
2026-04-14T02:45:00.000+07:00,"25302.1,25307.9,25293.4,25307.6"
2026-04-14T02:50:00.000+07:00,"25307.1,25367.3,25306.7,25357.8"
2026-04-14T02:55:00.000+07:00,"25358,25385.8,25358,25373.2"
2026-04-14T03:00:00.000+07:00,"25373.7,25387.1,25370.8,25380.1"
2026-04-14T03:05:00.000+07:00,"25380.3,25396.7,25380.1,25384.9"
2026-04-14T03:10:00.000+07:00,"25384.4,25396.9,25379.3,25392.3"
2026-04-14T03:15:00.000+07:00,"25392.2,25394,25385.2,25391.4"
2026-04-14T03:20:00.000+07:00,"25391.2,25401.1,25389.1,25392.4"
2026-04-14T03:25:00.000+07:00,"25392.7,25396.4,25388.8,25389.2"
2026-04-14T03:30:00.000+07:00,"25389.7,25406.6,25388.1,25402.8"
2026-04-14T03:35:00.000+07:00,"25401.6,25414.2,25400.8,25402.6"
2026-04-14T03:40:00.000+07:00,"25402.7,25408.9,25400.6,25407.8"
2026-04-14T03:45:00.000+07:00,"25408,25417.1,25407.2,25412.1"
2026-04-14T03:50:00.000+07:00,"25411.8,25415.1,25410.6,25413.2"
2026-04-14T03:55:00.000+07:00,"25413,25425.3,25412.4,25424.6"
2026-04-14T04:00:00.000+07:00,"25424.8,25427.1,25412.7,25415.7"
2026-04-14T04:05:00.000+07:00,"25415.6,25417.6,25415.3,25415.3"
2026-04-14T04:10:00.000+07:00,"25415.7,25416,25410.4,25410.4"
2026-04-14T04:15:00.000+07:00,"25410.3,25410.5,25407.2,25407.4"
2026-04-14T04:20:00.000+07:00,"25407.5,25409.1,25407.4,25407.8"
2026-04-14T04:25:00.000+07:00,"25406.3,25409.8,25406.3,25407.6"
2026-04-14T04:30:00.000+07:00,"25407.2,25416.6,25406.9,25415.6"
2026-04-14T04:35:00.000+07:00,"25414.9,25416.4,25411.8,25416.4"
2026-04-14T04:40:00.000+07:00,"25417,25417.1,25412.7,25414.8"
2026-04-14T04:45:00.000+07:00,"25416.1,25416.8,25413.8,25416.6"
2026-04-14T04:50:00.000+07:00,"25416,25416.2,25413.3,25414.3"
2026-04-14T04:55:00.000+07:00,"25413.8,25417.7,25413.1,25415.1"
2026-04-14T05:00:00.000+07:00,"25415.2,25426,25406.2,25418"
2026-04-14T05:05:00.000+07:00,"25418.2,25436.2,25418.2,25422.9"
2026-04-14T05:10:00.000+07:00,"25422.8,25428.2,25420.3,25427.1"
2026-04-14T05:15:00.000+07:00,"25427,25430.4,25422.3,25424"
2026-04-14T05:20:00.000+07:00,"25424.2,25430.1,25422.1,25425.6"
2026-04-14T05:25:00.000+07:00,"25425.5,25425.8,25420.5,25422.7"
2026-04-14T05:30:00.000+07:00,"25422.8,25425.2,25418.5,25419.6"
2026-04-14T05:35:00.000+07:00,"25419.7,25428.6,25419.1,25426.2"
2026-04-14T05:40:00.000+07:00,"25426.1,25437.3,25423.6,25426.4"
2026-04-14T05:45:00.000+07:00,"25426.6,25429.3,25419.9,25424.6"
2026-04-14T05:50:00.000+07:00,"25424.8,25434.5,25423.6,25431.9"
2026-04-14T05:55:00.000+07:00,"25431.8,25436.3,25428.8,25435.6"
2026-04-14T06:00:00.000+07:00,"25435.7,25445.2,25427,25437.7"
2026-04-14T06:05:00.000+07:00,"25437.3,25454.7,25435.8,25452.5"
2026-04-14T06:10:00.000+07:00,"25452.8,25459.9,25446.1,25448.7"
2026-04-14T06:15:00.000+07:00,"25448.9,25455,25447.2,25449.6"
2026-04-14T06:20:00.000+07:00,"25449.7,25450.6,25442.8,25443.7"
2026-04-14T06:25:00.000+07:00,"25443.8,25446.3,25440.7,25442"
2026-04-14T06:30:00.000+07:00,"25442.1,25443.6,25434.7,25436.6"
2026-04-14T06:35:00.000+07:00,"25436.8,25445.4,25435,25442"
2026-04-14T06:40:00.000+07:00,"25441.9,25448.9,25438.2,25446.5"
2026-04-14T06:45:00.000+07:00,"25446.4,25452.7,25435.2,25435.3"
2026-04-14T06:50:00.000+07:00,"25435.2,25436.8,25426.3,25428.1"
2026-04-14T06:55:00.000+07:00,"25428.2,25432.5,25423.1,25425.5"
2026-04-14T07:00:00.000+07:00,"25425.6,25426.4,25413.9,25416.8"
2026-04-14T07:05:00.000+07:00,"25416.7,25418.9,25402.2,25409.2"
2026-04-14T07:10:00.000+07:00,"25409,25422.1,25403.9,25421.4"
2026-04-14T07:15:00.000+07:00,"25421.2,25426.5,25417.3,25420.1"
2026-04-14T07:20:00.000+07:00,"25420,25429.6,25411.9,25417"
2026-04-14T07:25:00.000+07:00,"25417.1,25417.7,25407.9,25416.1"
2026-04-14T07:30:00.000+07:00,"25416,25437.4,25415.5,25434.9"
2026-04-14T07:35:00.000+07:00,"25435.1,25440.3,25432.1,25434.2"
2026-04-14T07:40:00.000+07:00,"25434.4,25435.3,25428.7,25433.5"
2026-04-14T07:45:00.000+07:00,"25433.6,25435.9,25425.5,25428"
2026-04-14T07:50:00.000+07:00,"25427.9,25435.3,25422.8,25432.1"
2026-04-14T07:55:00.000+07:00,"25432.7,25434.6,25430.2,25431.4"
2026-04-14T08:00:00.000+07:00,"25430.8,25432.9,25413.8,25421.6"
2026-04-14T08:05:00.000+07:00,"25421.9,25427.6,25420.9,25424.1"
2026-04-14T08:10:00.000+07:00,"25423.7,25428.6,25419.8,25428.5"
2026-04-14T08:15:00.000+07:00,"25428.6,25431.5,25426.2,25428.3"
2026-04-14T08:20:00.000+07:00,"25428.1,25432.9,25420.8,25423.2"
2026-04-14T08:25:00.000+07:00,"25423.1,25427.8,25422.4,25425.8"
2026-04-14T08:30:00.000+07:00,"25425.2,25425.2,25414.7,25416.1"
2026-04-14T08:35:00.000+07:00,"25416.3,25421.4,25414.2,25420.4"
2026-04-14T08:40:00.000+07:00,"25420.2,25426.6,25418.6,25424.8"
2026-04-14T08:45:00.000+07:00,"25424.7,25429.6,25423.6,25427.3"
2026-04-14T08:50:00.000+07:00,"25427.2,25427.9,25423.3,25426.7"
2026-04-14T08:55:00.000+07:00,"25426.6,25428.1,25419.9,25422.4"
2026-04-14T09:00:00.000+07:00,"25422.2,25424.8,25416.2,25423.6"
2026-04-14T09:05:00.000+07:00,"25423.5,25432.7,25423.5,25431.7"
2026-04-14T09:10:00.000+07:00,"25431.9,25437.8,25431.2,25435.8"
2026-04-14T09:15:00.000+07:00,"25435.5,25439.4,25430.9,25431"
2026-04-14T09:20:00.000+07:00,"25431.1,25431.1,25424.9,25426.1"
2026-04-14T09:25:00.000+07:00,"25425.9,25433.4,25424.3,25432.5"
2026-04-14T09:30:00.000+07:00,"25432.4,25432.7,25423.4,25426.8"
2026-04-14T09:35:00.000+07:00,"25426.7,25430,25424.9,25430"
2026-04-14T09:40:00.000+07:00,"25430.5,25436.5,25430.5,25435.2"
2026-04-14T09:45:00.000+07:00,"25433.7,25437.1,25433.7,25435.5"
2026-04-14T09:50:00.000+07:00,"25435.6,25436.1,25429.2,25432.2"
2026-04-14T09:55:00.000+07:00,"25432.3,25436.3,25430.1,25435.4"
2026-04-14T10:00:00.000+07:00,"25434.9,25436.7,25424,25427.6"
2026-04-14T10:05:00.000+07:00,"25427.5,25428.4,25420.8,25423.1"
2026-04-14T10:10:00.000+07:00,"25422.9,25427,25422.5,25423"
2026-04-14T10:15:00.000+07:00,"25423.2,25425.6,25421.3,25425.1"
2026-04-14T10:20:00.000+07:00,"25425.2,25426.1,25419.5,25419.9"
2026-04-14T10:25:00.000+07:00,"25420,25421.7,25416.6,25419.2"
2026-04-14T10:30:00.000+07:00,"25419.1,25422.9,25418.3,25419.5"
2026-04-14T10:35:00.000+07:00,"25419.4,25420.1,25416,25419.3"
2026-04-14T10:40:00.000+07:00,"25419.4,25423.1,25418.3,25419.4"
2026-04-14T10:45:00.000+07:00,"25418.5,25422.6,25417.1,25422.4"
2026-04-14T10:50:00.000+07:00,"25422.2,25427.5,25421.6,25423.9"
2026-04-14T10:55:00.000+07:00,"25423.7,25427.2,25422.3,25422.8"
2026-04-14T11:00:00.000+07:00,"25423,25424.6,25420.6,25424"
2026-04-14T11:05:00.000+07:00,"25424.1,25427.1,25423.3,25425"
2026-04-14T11:10:00.000+07:00,"25425.1,25425.1,25420.2,25421"
2026-04-14T11:15:00.000+07:00,"25420.9,25430.7,25420.5,25430.2"
2026-04-14T11:20:00.000+07:00,"25430.3,25433.3,25427.7,25430.2"
2026-04-14T11:25:00.000+07:00,"25430,25433.1,25427.3,25428.9"
2026-04-14T11:30:00.000+07:00,"25429.3,25431.8,25426.9,25426.9"
2026-04-14T11:35:00.000+07:00,"25427.2,25430.9,25423.7,25424.9"
2026-04-14T11:40:00.000+07:00,"25424.6,25426.4,25423.6,25426.2"
2026-04-14T11:45:00.000+07:00,"25426.1,25433.4,25426.1,25433.4"
2026-04-14T11:50:00.000+07:00,"25433.5,25433.5,25431,25432.4"
2026-04-14T11:55:00.000+07:00,"25432.3,25433.8,25431.2,25433"
2026-04-14T12:00:00.000+07:00,"25432.9,25434.8,25429.4,25431.4"
2026-04-14T12:05:00.000+07:00,"25431.3,25433,25429.7,25432.8"
2026-04-14T12:10:00.000+07:00,"25432.6,25435.7,25431.4,25434"
2026-04-14T12:15:00.000+07:00,"25433.9,25436.9,25432.8,25435"
2026-04-14T12:20:00.000+07:00,"25434.7,25439.9,25429.3,25429.5"
2026-04-14T12:25:00.000+07:00,"25429.6,25437,25425,25433.4"
2026-04-14T12:30:00.000+07:00,"25433.3,25433.5,25416.5,25417.7"
2026-04-14T12:35:00.000+07:00,"25417,25421.2,25411.3,25413.4"
2026-04-14T12:40:00.000+07:00,"25414,25421.1,25413.1,25418"
2026-04-14T12:45:00.000+07:00,"25418.4,25423.8,25416.2,25419"
2026-04-14T12:50:00.000+07:00,"25418.9,25419.2,25413,25415.4"
2026-04-14T12:55:00.000+07:00,"25415.5,25416.5,25413.2,25414.5"
2026-04-14T13:00:00.000+07:00,"25414.7,25422.2,25413.8,25416.8"
2026-04-14T13:05:00.000+07:00,"25416.9,25417.3,25408.1,25408.9"
2026-04-14T13:10:00.000+07:00,"25408,25417.1,25406.6,25412.8"
2026-04-14T13:15:00.000+07:00,"25412.9,25412.9,25405.8,25408.4"
2026-04-14T13:20:00.000+07:00,"25408.8,25413.8,25405.7,25410.5"
2026-04-14T13:25:00.000+07:00,"25410.6,25417.5,25407.8,25413.9"
2026-04-14T13:30:00.000+07:00,"25414,25418.9,25409.8,25418.5"
2026-04-14T13:35:00.000+07:00,"25418.4,25431,25417.1,25425.1"
2026-04-14T13:40:00.000+07:00,"25424.7,25433.5,25423.4,25425.6"
2026-04-14T13:45:00.000+07:00,"25425.8,25430.2,25421.7,25422.8"
2026-04-14T13:50:00.000+07:00,"25422.7,25423.4,25415.9,25417.3"
2026-04-14T13:55:00.000+07:00,"25417.5,25428,25415.8,25426.9"
2026-04-14T14:00:00.000+07:00,"25426.3,25451.6,25422.4,25445.5"
2026-04-14T14:05:00.000+07:00,"25444.7,25478.3,25444.2,25474"
2026-04-14T14:10:00.000+07:00,"25474.3,25477.7,25451.1,25459.3"
2026-04-14T14:15:00.000+07:00,"25459.6,25463.7,25449.3,25452.3"
2026-04-14T14:20:00.000+07:00,"25452.1,25472.9,25450.3,25451.8"
2026-04-14T14:25:00.000+07:00,"25452.1,25464.9,25450.1,25461.9"
2026-04-14T14:30:00.000+07:00,"25461.7,25477.3,25461.4,25467.5"
2026-04-14T14:35:00.000+07:00,"25467.6,25478.7,25466.6,25475.1"
2026-04-14T14:40:00.000+07:00,"25475.2,25483.4,25456.1,25458.8"
2026-04-14T14:45:00.000+07:00,"25458.9,25468.1,25457.9,25461.3"
2026-04-14T14:50:00.000+07:00,"25461.1,25462.3,25447.1,25453.6"
2026-04-14T14:55:00.000+07:00,"25453.5,25462.1,25451.9,25458.3"
2026-04-14T15:00:00.000+07:00,"25458.1,25470.7,25450.2,25467.6"
2026-04-14T15:05:00.000+07:00,"25467.5,25470.8,25460,25466.3"
2026-04-14T15:10:00.000+07:00,"25466.4,25476.6,25458.1,25472.8"
2026-04-14T15:15:00.000+07:00,"25472.9,25480.4,25459.8,25472"
2026-04-14T15:20:00.000+07:00,"25471.5,25476.5,25468.5,25471.5"
2026-04-14T15:25:00.000+07:00,"25471.6,25484.7,25471.5,25483.8"
2026-04-14T15:30:00.000+07:00,"25483.7,25493.4,25479.4,25482.1"
2026-04-14T15:35:00.000+07:00,"25482,25489.1,25476.3,25488.7"
2026-04-14T15:40:00.000+07:00,"25488.6,25498.3,25484.1,25496.1"
2026-04-14T15:45:00.000+07:00,"25495.9,25499.1,25492.4,25494.8"
2026-04-14T15:50:00.000+07:00,"25494.9,25506,25494,25503.6"
2026-04-14T15:55:00.000+07:00,"25503.5,25504.2,25496.8,25502.4"
2026-04-14T16:00:00.000+07:00,"25502.9,25514.8,25502.4,25511.5"
2026-04-14T16:05:00.000+07:00,"25511.6,25512.4,25503.5,25511.2"
2026-04-14T16:10:00.000+07:00,"25511.3,25512.3,25504.3,25508.3"
2026-04-14T16:15:00.000+07:00,"25508.4,25512.7,25502,25502.2"
2026-04-14T16:20:00.000+07:00,"25502.1,25508.4,25499.7,25506.5"
2026-04-14T16:25:00.000+07:00,"25506.4,25506.5,25491,25491.2"
2026-04-14T16:30:00.000+07:00,"25491.4,25492.1,25481.5,25482.7"
2026-04-14T16:35:00.000+07:00,"25482.8,25490.3,25481.8,25488.4"
2026-04-14T16:40:00.000+07:00,"25488.3,25490.9,25479.3,25481.5"
2026-04-14T16:45:00.000+07:00,"25481.3,25481.5,25473.6,25475"
2026-04-14T16:50:00.000+07:00,"25474.9,25483,25471.2,25475.7"
2026-04-14T16:55:00.000+07:00,"25476.1,25481.1,25474.3,25478.2"
2026-04-14T17:00:00.000+07:00,"25478.3,25480.7,25467.2,25476.5"
2026-04-14T17:05:00.000+07:00,"25476.7,25491.8,25476.5,25489.2"
2026-04-14T17:10:00.000+07:00,"25489.1,25493.2,25485.4,25491.5"
2026-04-14T17:15:00.000+07:00,"25491.2,25495.7,25486.1,25495.6"
2026-04-14T17:20:00.000+07:00,"25495.1,25495.8,25488.1,25495.8"
2026-04-14T17:25:00.000+07:00,"25495.6,25497.3,25479.1,25487.7"
2026-04-14T17:30:00.000+07:00,"25487.8,25489.8,25472.3,25473.7"
2026-04-14T17:35:00.000+07:00,"25473.8,25483.9,25463.2,25469.1"
2026-04-14T17:40:00.000+07:00,"25469.5,25476.2,25462.2,25464.9"
2026-04-14T17:45:00.000+07:00,"25465,25475.2,25462.4,25475"
2026-04-14T17:50:00.000+07:00,"25474.8,25481.5,25470.4,25476.3"
2026-04-14T17:55:00.000+07:00,"25476.1,25480.6,25466.1,25466.2"
2026-04-14T18:00:00.000+07:00,"25466.3,25475,25460,25474.1"
2026-04-14T18:05:00.000+07:00,"25474,25479.5,25470.2,25475"
2026-04-14T18:10:00.000+07:00,"25474.9,25487.6,25474.9,25478.9"
2026-04-14T18:15:00.000+07:00,"25478.6,25490.3,25478.1,25489.2"
2026-04-14T18:20:00.000+07:00,"25489.3,25498,25487.4,25497.4"
2026-04-14T18:25:00.000+07:00,"25497.3,25501.8,25494,25495.6"
2026-04-14T18:30:00.000+07:00,"25495.9,25501.6,25489.8,25492.8"
2026-04-14T18:35:00.000+07:00,"25492.9,25497.6,25491.1,25496.9"
2026-04-14T18:40:00.000+07:00,"25496.7,25502,25494.6,25495.4"
2026-04-14T18:45:00.000+07:00,"25495.7,25502.8,25491.3,25499.7"
2026-04-14T18:50:00.000+07:00,"25499.9,25504.4,25497,25499.4"
2026-04-14T18:55:00.000+07:00,"25499.1,25535.1,25494,25508"
2026-04-14T19:00:00.000+07:00,"25508.4,25524.3,25508.4,25519.4"
2026-04-14T19:05:00.000+07:00,"25518.9,25530.4,25517.8,25526.8"
2026-04-14T19:10:00.000+07:00,"25526.6,25534.5,25511,25513.5"
2026-04-14T19:15:00.000+07:00,"25513.4,25525,25510.4,25521.5"
2026-04-14T19:20:00.000+07:00,"25521.7,25522,25502.6,25503.3"
2026-04-14T19:25:00.000+07:00,"25503.4,25534.7,25499.2,25533.5"
2026-04-14T19:30:00.000+07:00,"25535.1,25557.5,25505.9,25513.6"
2026-04-14T19:35:00.000+07:00,"25513.7,25522.7,25506.6,25521.3"
2026-04-14T19:40:00.000+07:00,"25521,25531.3,25514.7,25520.9"
2026-04-14T19:45:00.000+07:00,"25521,25522.3,25509.3,25519.3"
2026-04-14T19:50:00.000+07:00,"25519.5,25521.3,25499.3,25508.8"
2026-04-14T19:55:00.000+07:00,"25508.9,25518.5,25505.8,25516.6"
2026-04-14T20:00:00.000+07:00,"25516.5,25516.8,25506.1,25513"
2026-04-14T20:05:00.000+07:00,"25513.4,25517.7,25508.3,25511.6"
2026-04-14T20:10:00.000+07:00,"25511.5,25517.5,25505.5,25512.5"
2026-04-14T20:15:00.000+07:00,"25512.4,25524,25512,25520.7"
2026-04-14T20:20:00.000+07:00,"25520.9,25520.9,25506.8,25511.9"
2026-04-14T20:25:00.000+07:00,"25512.9,25512.9,25492.7,25495.5"
2026-04-14T20:30:00.000+07:00,"25495.7,25566.8,25495.65,25558.7"
2026-04-14T20:35:00.000+07:00,"25559.1,25587.5,25544.5,25548.2"
2026-04-14T20:40:00.000+07:00,"25548.3,25594.7,25547,25589"
2026-04-14T20:45:00.000+07:00,"25589.1,25604.5,25571,25586.9"
2026-04-14T20:50:00.000+07:00,"25587.3,25599.9,25578.4,25581.5"
2026-04-14T20:55:00.000+07:00,"25581.9,25582.6,25557.2,25562.7"
2026-04-14T21:00:00.000+07:00,"25563.1,25572.9,25549.5,25558.5"
2026-04-14T21:05:00.000+07:00,"25558.6,25597.4,25557.5,25595.2"
2026-04-14T21:10:00.000+07:00,"25595.5,25613.5,25580.2,25611.4"
2026-04-14T21:15:00.000+07:00,"25611.5,25622.8,25602.6,25603.3"
2026-04-14T21:20:00.000+07:00,"25603.6,25632.6,25603.6,25630.7"
2026-04-14T21:25:00.000+07:00,"25631,25644.4,25624.1,25640.9"
2026-04-14T21:30:00.000+07:00,"25641,25646.2,25629,25633"
2026-04-14T21:35:00.000+07:00,"25632.8,25653.3,25625.5,25626.5"
2026-04-14T21:40:00.000+07:00,"25626.7,25636.2,25618.5,25624.8"
2026-04-14T21:45:00.000+07:00,"25624.1,25644.3,25621.9,25639.1"
2026-04-14T21:50:00.000+07:00,"25637.7,25654.3,25625.7,25654.3"
2026-04-14T21:55:00.000+07:00,"25654.6,25655,25639.7,25642.5"
2026-04-14T22:00:00.000+07:00,"25644.7,25645.9,25621.6,25621.6"
2026-04-14T22:05:00.000+07:00,"25621.9,25624,25602,25612.2"
2026-04-14T22:10:00.000+07:00,"25611.5,25631.5,25609.4,25623.6"
2026-04-14T22:15:00.000+07:00,"25623.5,25650.6,25620.8,25647.4"
2026-04-14T22:20:00.000+07:00,"25646.6,25667.7,25642.2,25660.5"
2026-04-14T22:25:00.000+07:00,"25660.4,25683.4,25660.4,25670.9"
2026-04-14T22:30:00.000+07:00,"25671.3,25688.2,25670.6,25680.7"
2026-04-14T22:35:00.000+07:00,"25680.5,25697.8,25680.3,25692"
2026-04-14T22:40:00.000+07:00,"25692.8,25709.7,25687.1,25700.6"
2026-04-14T22:45:00.000+07:00,"25700.7,25723.6,25700.7,25718.7"
2026-04-14T22:50:00.000+07:00,"25718.9,25738.6,25718.9,25733.9"
2026-04-14T22:55:00.000+07:00,"25733.3,25734.5,25713.9,25715.2"
2026-04-14T23:00:00.000+07:00,"25714.3,25732.5,25711.6,25731"
2026-04-14T23:05:00.000+07:00,"25731.2,25733,25719,25727.1"
2026-04-14T23:10:00.000+07:00,"25726.3,25730.9,25721.3,25726.9"
2026-04-14T23:15:00.000+07:00,"25727.4,25742.4,25726.7,25741.3"
2026-04-14T23:20:00.000+07:00,"25741.9,25755.9,25737.6,25754.2"
2026-04-14T23:25:00.000+07:00,"25754.1,25769,25752.9,25764.2"
2026-04-14T23:30:00.000+07:00,"25763.3,25769.9,25748.5,25750.6"
2026-04-14T23:35:00.000+07:00,"25750.8,25759,25744.3,25757.4"
2026-04-14T23:40:00.000+07:00,"25756.7,25761.6,25752.4,25761.1"
2026-04-14T23:45:00.000+07:00,"25761.3,25772.6,25757.7,25770.4"
2026-04-14T23:50:00.000+07:00,"25770.3,25774.4,25754.1,25755.3"
2026-04-14T23:55:00.000+07:00,"25755.4,25757.9,25743.4,25750.5"
2026-04-15T00:00:00.000+07:00,"25750.3,25761.8,25750,25752.3"
2026-04-15T00:05:00.000+07:00,"25752.1,25764.4,25747.6,25748.7"
2026-04-15T00:10:00.000+07:00,"25748.3,25760.5,25748.3,25759.3"
2026-04-15T00:15:00.000+07:00,"25759.4,25787.8,25757.7,25785"
2026-04-15T00:20:00.000+07:00,"25785.3,25795.9,25783.1,25790.5"
2026-04-15T00:25:00.000+07:00,"25790.7,25792.1,25776.6,25778.8"
2026-04-15T00:30:00.000+07:00,"25778.7,25793.2,25777.7,25790.4"
2026-04-15T00:35:00.000+07:00,"25790.7,25799.1,25786.7,25795.6"
2026-04-15T00:40:00.000+07:00,"25795.7,25804.2,25791.5,25800.2"
2026-04-15T00:45:00.000+07:00,"25799.9,25804.7,25797.5,25801.8"
2026-04-15T00:50:00.000+07:00,"25801.2,25804.9,25788.5,25792.7"
2026-04-15T00:55:00.000+07:00,"25792.6,25797.5,25788.5,25793.8"
2026-04-15T01:00:00.000+07:00,"25793,25800,25790.2,25791.9"
2026-04-15T01:05:00.000+07:00,"25791.4,25795,25784.6,25789.3"
2026-04-15T01:10:00.000+07:00,"25787.7,25788,25769.4,25771.8"
2026-04-15T01:15:00.000+07:00,"25772.1,25774.3,25737,25746.6"
2026-04-15T01:20:00.000+07:00,"25746.7,25754.1,25723.2,25728.6"
2026-04-15T01:25:00.000+07:00,"25728.9,25750.5,25719.5,25744.1"
2026-04-15T01:30:00.000+07:00,"25743.9,25759.4,25741.8,25754"
2026-04-15T01:35:00.000+07:00,"25754.4,25765.2,25754.4,25760.4"
2026-04-15T01:40:00.000+07:00,"25760.6,25769.4,25738.5,25743.9"
2026-04-15T01:45:00.000+07:00,"25743.3,25751.9,25736.1,25740.3"
2026-04-15T01:50:00.000+07:00,"25740.4,25752,25738.6,25748"
2026-04-15T01:55:00.000+07:00,"25747.6,25754.3,25743.9,25752.5"
2026-04-15T02:00:00.000+07:00,"25752,25775.2,25749.1,25772.5"
2026-04-15T02:05:00.000+07:00,"25772.3,25786.4,25772.3,25785"
2026-04-15T02:10:00.000+07:00,"25785.1,25804.4,25783.3,25792.3"
2026-04-15T02:15:00.000+07:00,"25792.5,25808.5,25792.5,25804.2"
2026-04-15T02:20:00.000+07:00,"25804.7,25821.3,25803.6,25818.2"
2026-04-15T02:25:00.000+07:00,"25818.5,25824.1,25816.5,25821.4"
2026-04-15T02:30:00.000+07:00,"25821,25829.8,25803.5,25804.9"
2026-04-15T02:35:00.000+07:00,"25804.7,25823.2,25795,25819.4"
2026-04-15T02:40:00.000+07:00,"25819.1,25821.6,25799.9,25806.2"
2026-04-15T02:45:00.000+07:00,"25805.9,25811.5,25799.7,25809.1"
2026-04-15T02:50:00.000+07:00,"25809.2,25822,25787.8,25796.8"
2026-04-15T02:55:00.000+07:00,"25796.6,25834.7,25796.6,25833.3"
2026-04-15T03:00:00.000+07:00,"25832.8,25833.6,25805.8,25810.5"
2026-04-15T03:05:00.000+07:00,"25810,25823.5,25810,25817.8"
2026-04-15T03:10:00.000+07:00,"25817.5,25825.5,25815.4,25824.9"
2026-04-15T03:15:00.000+07:00,"25824.6,25826.9,25821.1,25826"
2026-04-15T03:20:00.000+07:00,"25825.8,25831.8,25823.5,25824.8"
2026-04-15T03:25:00.000+07:00,"25825.1,25826.6,25821.8,25825.2"
2026-04-15T03:30:00.000+07:00,"25825.1,25828.5,25815.4,25818.1"
2026-04-15T03:35:00.000+07:00,"25818.6,25825.6,25818.1,25820.9"
2026-04-15T03:40:00.000+07:00,"25820.7,25830.1,25820.4,25829.5"
2026-04-15T03:45:00.000+07:00,"25828.8,25833.4,25826,25827.9"
2026-04-15T03:50:00.000+07:00,"25827.6,25830.7,25824.9,25828.7"
2026-04-15T03:55:00.000+07:00,"25829.2,25829.3,25821.3,25824.7"
2026-04-15T04:00:00.000+07:00,"25824.8,25826.6,25824.8,25824.9"
2026-04-15T04:05:00.000+07:00,"25824.8,25831,25824.8,25825.6"
2026-04-15T04:10:00.000+07:00,"25828.6,25834.6,25825.9,25834.6"
2026-04-15T04:15:00.000+07:00,"25834.4,25834.4,25827.5,25829"
2026-04-15T04:20:00.000+07:00,"25831.7,25831.7,25826.3,25828.6"
2026-04-15T04:25:00.000+07:00,"25828.3,25831.5,25827.6,25831"
2026-04-15T04:30:00.000+07:00,"25831.1,25831.6,25823.5,25826.3"
2026-04-15T04:35:00.000+07:00,"25826.5,25831.7,25826.5,25828.7"
2026-04-15T04:40:00.000+07:00,"25828.6,25831.9,25828.6,25830.7"
2026-04-15T04:45:00.000+07:00,"25830.8,25832.2,25829,25829"
2026-04-15T04:50:00.000+07:00,"25829.1,25829.8,25828.5,25829.4"
2026-04-15T04:55:00.000+07:00,"25827.3,25829.2,25825.5,25828.3"
2026-04-15T05:00:00.000+07:00,"25822.1,25833.7,25813.8,25827.3"
2026-04-15T05:05:00.000+07:00,"25828.6,25847.4,25828.3,25843.4"
2026-04-15T05:10:00.000+07:00,"25843.7,25844.8,25835.4,25839"
2026-04-15T05:15:00.000+07:00,"25838.8,25846.6,25838.5,25842.7"
2026-04-15T05:20:00.000+07:00,"25842.8,25845.6,25837.8,25844.2"
2026-04-15T05:25:00.000+07:00,"25843.9,25844.2,25837.4,25839.1"
2026-04-15T05:30:00.000+07:00,"25839.2,25844.1,25830.4,25830.5"
2026-04-15T05:35:00.000+07:00,"25830.7,25839.8,25828.4,25837.9"
2026-04-15T05:40:00.000+07:00,"25838.3,25841.1,25835,25836"
2026-04-15T05:45:00.000+07:00,"25836.1,25837.8,25829.9,25832.9"
2026-04-15T05:50:00.000+07:00,"25832.8,25835.5,25830.2,25831.9"
2026-04-15T05:55:00.000+07:00,"25831.5,25833.6,25828.5,25830.8"
2026-04-15T06:00:00.000+07:00,"25830.9,25837,25828.6,25834"
2026-04-15T06:05:00.000+07:00,"25834.3,25846.7,25834.3,25843.4"
2026-04-15T06:10:00.000+07:00,"25843.5,25844.8,25839,25839"
2026-04-15T06:15:00.000+07:00,"25839.1,25846.7,25837.2,25840.7"
2026-04-15T06:20:00.000+07:00,"25840.9,25848.6,25840.4,25844.3"
2026-04-15T06:25:00.000+07:00,"25844.2,25851.3,25842.4,25848.2"
2026-04-15T06:30:00.000+07:00,"25848.1,25866.5,25840.6,25865.8"
2026-04-15T06:35:00.000+07:00,"25866.5,25866.6,25852.9,25861.5"
2026-04-15T06:40:00.000+07:00,"25861.7,25862.9,25853,25860"
2026-04-15T06:45:00.000+07:00,"25860.5,25870.8,25858,25867.6"
2026-04-15T06:50:00.000+07:00,"25867.5,25871.5,25855.7,25857.8"
2026-04-15T06:55:00.000+07:00,"25858,25860.2,25851.9,25854.8"
2026-04-15T07:00:00.000+07:00,"25855,25855,25841.6,25849.7"
2026-04-15T07:05:00.000+07:00,"25849.9,25857.1,25846.6,25853.4"
2026-04-15T07:10:00.000+07:00,"25853.5,25853.9,25841.1,25852.3"
2026-04-15T07:15:00.000+07:00,"25852.1,25858.4,25844.9,25848.1"
2026-04-15T07:20:00.000+07:00,"25848,25857.9,25847,25849.3"
2026-04-15T07:25:00.000+07:00,"25849.4,25853.7,25846.8,25852.3"
2026-04-15T07:30:00.000+07:00,"25852.8,25856,25843.2,25848.7"
2026-04-15T07:35:00.000+07:00,"25848.5,25850.8,25841.4,25842.4"
2026-04-15T07:40:00.000+07:00,"25842.6,25845.4,25830.1,25835.5"
2026-04-15T07:45:00.000+07:00,"25835.3,25840.5,25834.5,25838.6"
2026-04-15T07:50:00.000+07:00,"25838.9,25850.2,25838.5,25848.6"
2026-04-15T07:55:00.000+07:00,"25848.7,25855.1,25848.7,25852.6"
2026-04-15T08:00:00.000+07:00,"25852.4,25857.1,25848.7,25854.4"
2026-04-15T08:05:00.000+07:00,"25854.1,25864.2,25854.1,25863.7"
2026-04-15T08:10:00.000+07:00,"25863.8,25871.5,25860.5,25868.3"
2026-04-15T08:15:00.000+07:00,"25868.4,25875,25866.5,25873.5"
2026-04-15T08:20:00.000+07:00,"25873.6,25874.4,25863.7,25866.7"
2026-04-15T08:25:00.000+07:00,"25866.8,25872,25866.4,25871"
2026-04-15T08:30:00.000+07:00,"25871.1,25872.9,25859.3,25862.5"
2026-04-15T08:35:00.000+07:00,"25862.6,25868.1,25860.9,25866.5"
2026-04-15T08:40:00.000+07:00,"25866.8,25872.7,25865.3,25869"
2026-04-15T08:45:00.000+07:00,"25868.8,25876.4,25868,25872.1"
2026-04-15T08:50:00.000+07:00,"25872.2,25875.2,25869.7,25874.4"
2026-04-15T08:55:00.000+07:00,"25874.5,25875.5,25870.8,25872.3"
2026-04-15T09:00:00.000+07:00,"25872.4,25875.1,25867.1,25870.7"
2026-04-15T09:05:00.000+07:00,"25870.9,25872.2,25866.8,25867.1"
2026-04-15T09:10:00.000+07:00,"25866.9,25867.1,25857.4,25859.7"
2026-04-15T09:15:00.000+07:00,"25859.9,25863.6,25857.8,25860.4"
2026-04-15T09:20:00.000+07:00,"25860.5,25863.2,25855.2,25858.7"
2026-04-15T09:25:00.000+07:00,"25858.5,25860.7,25848.2,25848.7"
2026-04-15T09:30:00.000+07:00,"25848.9,25849.9,25833.3,25836.1"
2026-04-15T09:35:00.000+07:00,"25835.6,25837.6,25826.5,25831.4"
2026-04-15T09:40:00.000+07:00,"25831.1,25836.1,25825.3,25834.7"
2026-04-15T09:45:00.000+07:00,"25834.8,25839,25832.2,25834.7"
2026-04-15T09:50:00.000+07:00,"25834.8,25839.6,25833.2,25835.4"
2026-04-15T09:55:00.000+07:00,"25835.6,25837.1,25827.4,25832.9"
2026-04-15T10:00:00.000+07:00,"25833.3,25839.5,25831.8,25834.3"
2026-04-15T10:05:00.000+07:00,"25834.4,25838.6,25831.7,25836.9"
2026-04-15T10:10:00.000+07:00,"25836.7,25838.3,25832.9,25833.1"
2026-04-15T10:15:00.000+07:00,"25832.9,25839.8,25829.9,25834.1"
2026-04-15T10:20:00.000+07:00,"25834.2,25839.8,25834,25835.9"
2026-04-15T10:25:00.000+07:00,"25836,25841,25835.7,25839"
2026-04-15T10:30:00.000+07:00,"25839.1,25845.2,25837.4,25839.9"
2026-04-15T10:35:00.000+07:00,"25840.2,25851.7,25837.4,25847.9"
2026-04-15T10:40:00.000+07:00,"25847.7,25849.6,25844.8,25847.3"
2026-04-15T10:45:00.000+07:00,"25846.5,25857.9,25844.3,25854.8"
2026-04-15T10:50:00.000+07:00,"25855,25859.3,25853.3,25857.4"
2026-04-15T10:55:00.000+07:00,"25857.9,25861.7,25855.2,25856.6"
2026-04-15T11:00:00.000+07:00,"25857.1,25861,25854.5,25858.8"
2026-04-15T11:05:00.000+07:00,"25858.7,25859.3,25851,25854.2"
2026-04-15T11:10:00.000+07:00,"25854,25857.6,25852.9,25855.5"
2026-04-15T11:15:00.000+07:00,"25855.7,25861.7,25855.4,25858.1"
2026-04-15T11:20:00.000+07:00,"25858,25858.6,25855.1,25855.9"
2026-04-15T11:25:00.000+07:00,"25855.8,25861.6,25855.5,25857.7"
2026-04-15T11:30:00.000+07:00,"25858,25859.9,25855.1,25856.1"
2026-04-15T11:35:00.000+07:00,"25856.2,25860.5,25853.9,25854.3"
2026-04-15T11:40:00.000+07:00,"25854.2,25856.7,25853.1,25854"
2026-04-15T11:45:00.000+07:00,"25854.1,25855.4,25846.4,25852.8"
2026-04-15T11:50:00.000+07:00,"25852.5,25853.7,25846.6,25846.6"
2026-04-15T11:55:00.000+07:00,"25846.5,25850.9,25845.6,25850.1"
2026-04-15T12:00:00.000+07:00,"25850.2,25892.8,25838.7,25843.2"
2026-04-15T12:05:00.000+07:00,"25843.8,25850.7,25834.4,25846"
2026-04-15T12:10:00.000+07:00,"25845.9,25857.1,25838.7,25843.7"
2026-04-15T12:15:00.000+07:00,"25843.8,25845.1,25838.7,25841.9"
2026-04-15T12:20:00.000+07:00,"25842,25842.2,25817.8,25819.4"
2026-04-15T12:25:00.000+07:00,"25819.3,25824.6,25814.2,25821.2"
2026-04-15T12:30:00.000+07:00,"25821.1,25823.6,25812.1,25820.3"
2026-04-15T12:35:00.000+07:00,"25820.1,25821.6,25808.7,25817.7"
2026-04-15T12:40:00.000+07:00,"25817.8,25822,25802.1,25808.7"
2026-04-15T12:45:00.000+07:00,"25808.8,25811,25803.1,25805"
2026-04-15T12:50:00.000+07:00,"25805.3,25809.7,25801.6,25803.4"
2026-04-15T12:55:00.000+07:00,"25803.3,25816.8,25802.8,25814.8"
2026-04-15T13:00:00.000+07:00,"25814.9,25825.4,25811,25814.4"
2026-04-15T13:05:00.000+07:00,"25814.1,25818.7,25805.6,25809.6"
2026-04-15T13:10:00.000+07:00,"25809.1,25814.9,25806.6,25808.5"
2026-04-15T13:15:00.000+07:00,"25808.4,25817.9,25805,25814.7"
2026-04-15T13:20:00.000+07:00,"25814.6,25817.7,25810.7,25812"
2026-04-15T13:25:00.000+07:00,"25812.2,25820.8,25811.9,25819.5"
2026-04-15T13:30:00.000+07:00,"25819.2,25828.8,25817.8,25822.6"
2026-04-15T13:35:00.000+07:00,"25822.5,25833.3,25819.8,25827.4"
2026-04-15T13:40:00.000+07:00,"25827.5,25833.5,25826.3,25832.4"
2026-04-15T13:45:00.000+07:00,"25832.5,25833.2,25823.6,25828.5"
2026-04-15T13:50:00.000+07:00,"25828.3,25831.9,25818,25828.9"
2026-04-15T13:55:00.000+07:00,"25829.1,25829.1,25819.6,25822.7"
2026-04-15T14:00:00.000+07:00,"25822.9,25829.4,25815.9,25829.2"
2026-04-15T14:05:00.000+07:00,"25829.3,25835.6,25824.7,25832"
2026-04-15T14:10:00.000+07:00,"25832.1,25835.6,25825.8,25826.9"
2026-04-15T14:15:00.000+07:00,"25827.6,25828.1,25812,25816.2"
2026-04-15T14:20:00.000+07:00,"25816,25826.7,25815,25820.2"
2026-04-15T14:25:00.000+07:00,"25820.3,25826,25817.4,25822"
2026-04-15T14:30:00.000+07:00,"25822.1,25830.9,25820.5,25826.9"
2026-04-15T14:35:00.000+07:00,"25827,25835,25826.6,25831.1"
2026-04-15T14:40:00.000+07:00,"25831.2,25841,25828.8,25834.2"
2026-04-15T14:45:00.000+07:00,"25834.3,25842.8,25815.9,25842.2"
2026-04-15T14:50:00.000+07:00,"25842.5,25845.7,25831.7,25833.5"
2026-04-15T14:55:00.000+07:00,"25833.7,25841,25826.5,25840.6"
2026-04-15T15:00:00.000+07:00,"25841.8,25851.5,25839.5,25846.2"
2026-04-15T15:05:00.000+07:00,"25846.1,25850.3,25842.6,25842.8"
2026-04-15T15:10:00.000+07:00,"25842.7,25848.1,25836.8,25844.6"
2026-04-15T15:15:00.000+07:00,"25844.7,25848.8,25836.1,25839.7"
2026-04-15T15:20:00.000+07:00,"25839.6,25846.7,25839.6,25846.6"
2026-04-15T15:25:00.000+07:00,"25847,25860.5,25846.3,25858.6"
2026-04-15T15:30:00.000+07:00,"25858.8,25863.4,25854.8,25860.6"
2026-04-15T15:35:00.000+07:00,"25860.5,25863.9,25856.4,25857.8"
2026-04-15T15:40:00.000+07:00,"25857.9,25865.7,25856.5,25860.6"
2026-04-15T15:45:00.000+07:00,"25860.4,25861.9,25854,25860.5"
2026-04-15T15:50:00.000+07:00,"25860.4,25869.9,25853.9,25868.8"
2026-04-15T15:55:00.000+07:00,"25868.9,25873.2,25865.4,25867.3"
2026-04-15T16:00:00.000+07:00,"25867.4,25873.6,25846.6,25850.2"
2026-04-15T16:05:00.000+07:00,"25850.7,25850.8,25835.1,25839.5"
2026-04-15T16:10:00.000+07:00,"25839.4,25847.4,25823.9,25828.9"
2026-04-15T16:15:00.000+07:00,"25828.8,25832.6,25824.1,25830.8"
2026-04-15T16:20:00.000+07:00,"25830.6,25839,25827.2,25835.6"
2026-04-15T16:25:00.000+07:00,"25835.7,25835.9,25818.3,25824.9"
2026-04-15T16:30:00.000+07:00,"25824.8,25832.7,25824,25829.1"
2026-04-15T16:35:00.000+07:00,"25829.3,25832.3,25815.6,25819.2"
2026-04-15T16:40:00.000+07:00,"25819.3,25827.3,25819,25819.2"
2026-04-15T16:45:00.000+07:00,"25819.1,25826.6,25816.1,25816.1"
2026-04-15T16:50:00.000+07:00,"25816,25824,25814.8,25819.6"
2026-04-15T16:55:00.000+07:00,"25819.7,25822.9,25810.5,25813.4"
2026-04-15T17:00:00.000+07:00,"25813.5,25821.1,25809.3,25814.1"
2026-04-15T17:05:00.000+07:00,"25814,25833.6,25812.9,25832.4"
2026-04-15T17:10:00.000+07:00,"25832.3,25833.9,25818.6,25820.2"
2026-04-15T17:15:00.000+07:00,"25820.1,25821.2,25795,25803.9"
2026-04-15T17:20:00.000+07:00,"25803.8,25812.9,25785.5,25787"
2026-04-15T17:25:00.000+07:00,"25787.1,25794.1,25775.6,25786"
2026-04-15T17:30:00.000+07:00,"25785.8,25796.9,25770.1,25776.8"
2026-04-15T17:35:00.000+07:00,"25776.6,25791.7,25773.4,25787.4"
2026-04-15T17:40:00.000+07:00,"25787.8,25816.7,25786.6,25816"
2026-04-15T17:45:00.000+07:00,"25816.4,25821.9,25808.3,25814"
2026-04-15T17:50:00.000+07:00,"25814.1,25818.7,25806.6,25814.7"
2026-04-15T17:55:00.000+07:00,"25814.8,25823.9,25809.8,25820.1"
2026-04-15T18:00:00.000+07:00,"25820.3,25827.6,25819,25821.4"
2026-04-15T18:05:00.000+07:00,"25821.5,25823.9,25813,25822.1"
2026-04-15T18:10:00.000+07:00,"25822,25833.7,25821.8,25833"
2026-04-15T18:15:00.000+07:00,"25833.2,25834.6,25814.6,25815.3"
2026-04-15T18:20:00.000+07:00,"25815.4,25825.3,25807.8,25822.1"
2026-04-15T18:25:00.000+07:00,"25822,25831,25815,25816.5"
2026-04-15T18:30:00.000+07:00,"25816.6,25838.7,25812.9,25821.2"
2026-04-15T18:35:00.000+07:00,"25821.1,25833,25818.8,25829"
2026-04-15T18:40:00.000+07:00,"25828.9,25830.1,25820.4,25823.4"
2026-04-15T18:45:00.000+07:00,"25823.3,25878.8,25816.6,25835.5"
2026-04-15T18:50:00.000+07:00,"25835.8,25840.1,25825.7,25834.4"
2026-04-15T18:55:00.000+07:00,"25834.3,25843.2,25830.6,25832.1"
2026-04-15T19:00:00.000+07:00,"25832.2,25840.8,25815.4,25820.7"
2026-04-15T19:05:00.000+07:00,"25820.5,25826,25804.6,25819.6"
2026-04-15T19:10:00.000+07:00,"25819.7,25822,25799.4,25800"
2026-04-15T19:15:00.000+07:00,"25800.1,25813.2,25795.3,25807.1"
2026-04-15T19:20:00.000+07:00,"25807.2,25817.4,25802.6,25817.2"
2026-04-15T19:25:00.000+07:00,"25817.3,25817.8,25804.1,25811.3"
2026-04-15T19:30:00.000+07:00,"25810.6,25825.4,25806.4,25822"
2026-04-15T19:35:00.000+07:00,"25821.6,25833,25816.7,25831.8"
2026-04-15T19:40:00.000+07:00,"25831.7,25842.3,25827.5,25836.7"
2026-04-15T19:45:00.000+07:00,"25836.5,25843.1,25826.6,25832.2"
2026-04-15T19:50:00.000+07:00,"25832,25836.2,25826.3,25832.8"
2026-04-15T19:55:00.000+07:00,"25833,25836.5,25823.2,25824.6"
2026-04-15T20:00:00.000+07:00,"25824.7,25828.6,25814.5,25827.6"
2026-04-15T20:05:00.000+07:00,"25827.4,25828.8,25817.8,25823.8"
2026-04-15T20:10:00.000+07:00,"25823.9,25837.5,25822.5,25834"
2026-04-15T20:15:00.000+07:00,"25834.2,25838.6,25825.5,25837"
2026-04-15T20:20:00.000+07:00,"25836.8,25843.1,25827.7,25828.7"
2026-04-15T20:25:00.000+07:00,"25828.6,25861.8,25828.6,25858.7"
2026-04-15T20:30:00.000+07:00,"25858.6,25876.4,25831,25854.4"
2026-04-15T20:35:00.000+07:00,"25855.1,25889.5,25846.7,25888.6"
2026-04-15T20:40:00.000+07:00,"25888.2,25894.6,25820,25825.5"
2026-04-15T20:45:00.000+07:00,"25825.3,25885.5,25824.4,25872.4"
2026-04-15T20:50:00.000+07:00,"25872.5,25898.1,25862.6,25880.4"
2026-04-15T20:55:00.000+07:00,"25879.4,25907.3,25879,25906.3"
2026-04-15T21:00:00.000+07:00,"25906,25922.7,25886.7,25912.3"
2026-04-15T21:05:00.000+07:00,"25912.8,25918.6,25894.5,25905.5"
2026-04-15T21:10:00.000+07:00,"25905.9,25931.9,25897.5,25930.1"
2026-04-15T21:15:00.000+07:00,"25930,25945.7,25911.2,25912.7"
2026-04-15T21:20:00.000+07:00,"25912.6,25966.2,25910.5,25958.9"
2026-04-15T21:25:00.000+07:00,"25958.7,25971.1,25955.1,25970.8"
2026-04-15T21:30:00.000+07:00,"25969.6,25989.4,25963,25973.1"
2026-04-15T21:35:00.000+07:00,"25972.7,25988.6,25943.7,25948.6"
2026-04-15T21:40:00.000+07:00,"25949.9,25985.8,25949.8,25983.2"
2026-04-15T21:45:00.000+07:00,"25983.4,26000.4,25975.8,25999.6"
2026-04-15T21:50:00.000+07:00,"25998.7,26005.6,25991.4,25999.3"
2026-04-15T21:55:00.000+07:00,"25999.6,26014.7,25996.1,26000.4"
2026-04-15T22:00:00.000+07:00,"26000.2,26018.3,25992.3,26008.8"
2026-04-15T22:05:00.000+07:00,"26008.6,26011.4,25976.5,25989.8"
2026-04-15T22:10:00.000+07:00,"25989.4,26025.5,25986.3,26022.7"
2026-04-15T22:15:00.000+07:00,"26022.5,26029.2,26015.4,26025.8"
2026-04-15T22:20:00.000+07:00,"26025.7,26033.6,26018.2,26025.5"
2026-04-15T22:25:00.000+07:00,"26025.7,26038.5,26023.6,26028.9"
2026-04-15T22:30:00.000+07:00,"26028.8,26032.2,26005.4,26008.4"
2026-04-15T22:35:00.000+07:00,"26008.3,26023.8,26006.7,26016.1"
2026-04-15T22:40:00.000+07:00,"26016.8,26047.8,26015.6,26039.7"
2026-04-15T22:45:00.000+07:00,"26040.1,26052.9,26036.7,26046.1"
2026-04-15T22:50:00.000+07:00,"26045.4,26050.7,26037.2,26039.6"
2026-04-15T22:55:00.000+07:00,"26040.1,26044.9,26024.5,26034.2"
2026-04-15T23:00:00.000+07:00,"26032.1,26040.6,26023,26039.1"
2026-04-15T23:05:00.000+07:00,"26039.4,26058,26034,26054.4"
2026-04-15T23:10:00.000+07:00,"26054.2,26056.7,26047.3,26053.6"
2026-04-15T23:15:00.000+07:00,"26053.7,26074.5,26047.7,26072.5"
2026-04-15T23:20:00.000+07:00,"26073.8,26088,26073.8,26078.6"
2026-04-15T23:25:00.000+07:00,"26078.5,26079,26052.4,26052.7"
2026-04-15T23:30:00.000+07:00,"26050.3,26054.9,26021.9,26031.7"
2026-04-15T23:35:00.000+07:00,"26030.7,26046,26024.2,26024.3"
2026-04-15T23:40:00.000+07:00,"26024.1,26025.2,25978,25980.7"
2026-04-15T23:45:00.000+07:00,"25980.8,25988.8,25959.8,25988.8"
2026-04-15T23:50:00.000+07:00,"25986.4,25997.8,25949.5,25958.8"
2026-04-15T23:55:00.000+07:00,"25958.9,25982.8,25935.1,25976.5"
2026-04-16T00:00:00.000+07:00,"25976.8,25995.3,25968.6,25994.1"
2026-04-16T00:05:00.000+07:00,"25994.3,26012.8,25991.4,26005.1"
2026-04-16T00:10:00.000+07:00,"26007.4,26013.3,25996.2,26004.9"
2026-04-16T00:15:00.000+07:00,"26004.8,26017.6,26004.6,26010.4"
2026-04-16T00:20:00.000+07:00,"26010.2,26013.5,25998.9,26011.3"
2026-04-16T00:25:00.000+07:00,"26011.5,26034,26010.5,26020.8"
2026-04-16T00:30:00.000+07:00,"26020.9,26044.6,26020.9,26043.7"
2026-04-16T00:35:00.000+07:00,"26043.6,26053.7,26033.5,26034"
2026-04-16T00:40:00.000+07:00,"26034.6,26035.8,26012.4,26017.1"
2026-04-16T00:45:00.000+07:00,"26017.2,26034.2,26017.2,26028.2"
2026-04-16T00:50:00.000+07:00,"26028.4,26047.5,26027.4,26038.2"
2026-04-16T00:55:00.000+07:00,"26038.8,26044.9,26021,26023.1"
2026-04-16T01:00:00.000+07:00,"26022.5,26072,26006.3,26039.2"
2026-04-16T01:05:00.000+07:00,"26039.3,26057.6,26037,26053.4"
2026-04-16T01:10:00.000+07:00,"26055.4,26084.1,26049.7,26076.4"
2026-04-16T01:15:00.000+07:00,"26076.7,26092.2,26070.1,26074.4"
2026-04-16T01:20:00.000+07:00,"26074.6,26080.4,26065.2,26076.7"
2026-04-16T01:25:00.000+07:00,"26076.5,26086.9,26068.9,26082.2"
2026-04-16T01:30:00.000+07:00,"26082.9,26110.6,26082.4,26109.5"
2026-04-16T01:35:00.000+07:00,"26109.7,26122.5,26102.6,26111.4"
2026-04-16T01:40:00.000+07:00,"26110.6,26112.8,26097.6,26105.9"
2026-04-16T01:45:00.000+07:00,"26105.6,26120.7,26105.3,26120"
2026-04-16T01:50:00.000+07:00,"26119.1,26134.4,26118.7,26131"
2026-04-16T01:55:00.000+07:00,"26131.1,26148.4,26128.3,26136.3"
2026-04-16T02:00:00.000+07:00,"26136.2,26142.9,26124.4,26140.1"
2026-04-16T02:05:00.000+07:00,"26140.3,26156.3,26140.3,26153.4"
2026-04-16T02:10:00.000+07:00,"26153.2,26158.8,26134.7,26137.7"
2026-04-16T02:15:00.000+07:00,"26137.8,26147.9,26136.6,26146.9"
2026-04-16T02:20:00.000+07:00,"26149,26160.5,26143.4,26154.6"
2026-04-16T02:25:00.000+07:00,"26154.7,26172.5,26154.4,26171.3"
2026-04-16T02:30:00.000+07:00,"26171.2,26184.9,26165.6,26182.9"
2026-04-16T02:35:00.000+07:00,"26182.8,26192.7,26173.3,26174.2"
2026-04-16T02:40:00.000+07:00,"26174.9,26181.6,26165.5,26171.9"
2026-04-16T02:45:00.000+07:00,"26171.7,26184.2,26164.3,26172.9"
2026-04-16T02:50:00.000+07:00,"26173.6,26199.7,26173.6,26189.8"
2026-04-16T02:55:00.000+07:00,"26189.3,26212.5,26188.6,26199.7"
2026-04-16T03:00:00.000+07:00,"26201.3,26209.1,26179.7,26181.7"
2026-04-16T03:05:00.000+07:00,"26182.2,26185.3,26175.1,26179.6"
2026-04-16T03:10:00.000+07:00,"26179.8,26184.5,26172.6,26178.5"
2026-04-16T03:15:00.000+07:00,"26178.3,26192,26178.3,26184.5"
2026-04-16T03:20:00.000+07:00,"26184.1,26193,26180.4,26189.2"
2026-04-16T03:25:00.000+07:00,"26189.7,26190.5,26183.3,26186.1"
2026-04-16T03:30:00.000+07:00,"26186.6,26193.3,26186,26191.6"
2026-04-16T03:35:00.000+07:00,"26191.4,26196.5,26183,26187.6"
2026-04-16T03:40:00.000+07:00,"26187.4,26191,26183.4,26186.5"
2026-04-16T03:45:00.000+07:00,"26186,26188.9,26179.1,26183.9"
2026-04-16T03:50:00.000+07:00,"26183.8,26191.3,26182,26188.6"
2026-04-16T03:55:00.000+07:00,"26188.9,26197.6,26187.9,26196.9"
2026-04-16T04:00:00.000+07:00,"26196.7,26196.8,26192.2,26192.2"
2026-04-16T04:05:00.000+07:00,"26191.6,26191.6,26189.7,26190.2"
2026-04-16T04:10:00.000+07:00,"26190.4,26190.6,26186.2,26187.2"
2026-04-16T04:15:00.000+07:00,"26187.3,26188,26185.9,26187.1"
2026-04-16T04:20:00.000+07:00,"26187.3,26188.1,26186.4,26187.7"
2026-04-16T04:25:00.000+07:00,"26187.9,26189.8,26186.6,26188.6"
2026-04-16T04:30:00.000+07:00,"26188.8,26191,26187.9,26190.2"
2026-04-16T04:35:00.000+07:00,"26190.4,26190.4,26187.2,26188.1"
2026-04-16T04:40:00.000+07:00,"26188.3,26189.1,26187.4,26188.3"
2026-04-16T04:45:00.000+07:00,"26188.1,26191.8,26188.1,26191.3"
2026-04-16T04:50:00.000+07:00,"26191.4,26191.5,26189.5,26190.2"
2026-04-16T04:55:00.000+07:00,"26190,26191.6,26190,26191.2"
2026-04-16T05:00:00.000+07:00,"26187.9,26210.3,26184.5,26203.2"
2026-04-16T05:05:00.000+07:00,"26203.4,26208.6,26198.1,26208.2"
2026-04-16T05:10:00.000+07:00,"26208,26209.6,26202.2,26207"
2026-04-16T05:15:00.000+07:00,"26207.1,26214.5,26205.6,26207.2"
2026-04-16T05:20:00.000+07:00,"26207.3,26217.2,26205.7,26211.6"
2026-04-16T05:25:00.000+07:00,"26211.7,26213.5,26207.1,26210.3"
2026-04-16T05:30:00.000+07:00,"26210.4,26223.7,26210.4,26217.7"
2026-04-16T05:35:00.000+07:00,"26217.5,26231,26216.9,26228.2"
2026-04-16T05:40:00.000+07:00,"26228,26228.2,26218.7,26221.9"
2026-04-16T05:45:00.000+07:00,"26222.2,26233.2,26221.6,26229.4"
2026-04-16T05:50:00.000+07:00,"26229.5,26232.2,26226.3,26231.1"
2026-04-16T05:55:00.000+07:00,"26230.9,26232.1,26226.3,26228.5"
2026-04-16T06:00:00.000+07:00,"26229.1,26234.7,26225.6,26231.3"
2026-04-16T06:05:00.000+07:00,"26231.1,26237.4,26229,26230.8"
2026-04-16T06:10:00.000+07:00,"26230.9,26236.3,26228.9,26234.2"
2026-04-16T06:15:00.000+07:00,"26234.3,26237.2,26231.5,26231.6"
2026-04-16T06:20:00.000+07:00,"26231.8,26235,26229.9,26230.9"
2026-04-16T06:25:00.000+07:00,"26231.2,26235,26222.9,26228.5"
2026-04-16T06:30:00.000+07:00,"26228.6,26234.4,26224.9,26234.4"
2026-04-16T06:35:00.000+07:00,"26234.1,26240.1,26233.5,26238.6"
2026-04-16T06:40:00.000+07:00,"26238.1,26240.1,26234.4,26236.4"
2026-04-16T06:45:00.000+07:00,"26236.6,26255,26234.9,26251.9"
2026-04-16T06:50:00.000+07:00,"26251.8,26256.1,26247.1,26247.9"
2026-04-16T06:55:00.000+07:00,"26248.4,26250.9,26245.6,26247"
2026-04-16T07:00:00.000+07:00,"26247.7,26256,26232.6,26233.2"
2026-04-16T07:05:00.000+07:00,"26233.3,26243.9,26230.1,26239.3"
2026-04-16T07:10:00.000+07:00,"26239.6,26255.7,26239.4,26250.6"
2026-04-16T07:15:00.000+07:00,"26250.7,26265.7,26246.9,26255.9"
2026-04-16T07:20:00.000+07:00,"26256.1,26256.1,26243.8,26247.4"
2026-04-16T07:25:00.000+07:00,"26247.1,26250.4,26242.6,26243.6"
2026-04-16T07:30:00.000+07:00,"26244.3,26257.8,26244,26257.3"
2026-04-16T07:35:00.000+07:00,"26257.4,26261.2,26255,26260"
2026-04-16T07:40:00.000+07:00,"26260.1,26264.5,26258.5,26263.1"
2026-04-16T07:45:00.000+07:00,"26263.2,26278.8,26259.7,26275.5"
2026-04-16T07:50:00.000+07:00,"26276.1,26284.3,26275.7,26278.2"
2026-04-16T07:55:00.000+07:00,"26278.3,26282.7,26274.8,26278.8"
2026-04-16T08:00:00.000+07:00,"26277.8,26277.8,26268.8,26272.2"
2026-04-16T08:05:00.000+07:00,"26272.3,26280.5,26265.7,26277.4"
2026-04-16T08:10:00.000+07:00,"26277.3,26282,26275.6,26276.2"
2026-04-16T08:15:00.000+07:00,"26276.4,26284.1,26275.8,26282"
2026-04-16T08:20:00.000+07:00,"26281.9,26290.5,26280.5,26281.3"
2026-04-16T08:25:00.000+07:00,"26281.2,26281.6,26274.1,26279.5"
2026-04-16T08:30:00.000+07:00,"26278.9,26281.3,26273.4,26276.5"
2026-04-16T08:35:00.000+07:00,"26276.6,26280.3,26270.5,26280"
2026-04-16T08:40:00.000+07:00,"26280.2,26304,26278.8,26294.6"
2026-04-16T08:45:00.000+07:00,"26294.5,26297.1,26289.9,26295"
2026-04-16T08:50:00.000+07:00,"26295.1,26296.2,26288.4,26290.1"
2026-04-16T08:55:00.000+07:00,"26290,26290.1,26279.4,26281"
2026-04-16T09:00:00.000+07:00,"26280.5,26292.8,26280.5,26289.8"
2026-04-16T09:05:00.000+07:00,"26289.2,26292.5,26286.5,26287.9"
2026-04-16T09:10:00.000+07:00,"26287.7,26292.4,26284.2,26284.2"
2026-04-16T09:15:00.000+07:00,"26284.5,26286.7,26280.5,26282.7"
2026-04-16T09:20:00.000+07:00,"26282.8,26287.5,26281.6,26286.5"
2026-04-16T09:25:00.000+07:00,"26286.6,26288.8,26283.3,26287.8"
2026-04-16T09:30:00.000+07:00,"26287.7,26293,26283.2,26284.2"
2026-04-16T09:35:00.000+07:00,"26284.1,26291.8,26282.8,26291.2"
2026-04-16T09:40:00.000+07:00,"26291.1,26297.7,26289.7,26292.8"
2026-04-16T09:45:00.000+07:00,"26292.9,26295.3,26285.2,26288.3"
2026-04-16T09:50:00.000+07:00,"26288.1,26291.4,26278.3,26281"
2026-04-16T09:55:00.000+07:00,"26281.2,26285,26280.9,26283.7"
2026-04-16T10:00:00.000+07:00,"26283.5,26296.9,26282.8,26296"
2026-04-16T10:05:00.000+07:00,"26296.2,26301.9,26293.2,26294.2"
2026-04-16T10:10:00.000+07:00,"26294.1,26295.5,26288.1,26290.6"
2026-04-16T10:15:00.000+07:00,"26290.5,26295.1,26284,26287.4"
2026-04-16T10:20:00.000+07:00,"26286.7,26290.5,26285.2,26287.8"
2026-04-16T10:25:00.000+07:00,"26287.9,26290.1,26285.2,26286.3"
2026-04-16T10:30:00.000+07:00,"26286.5,26291.9,26279.8,26281.6"
2026-04-16T10:35:00.000+07:00,"26281.8,26284.2,26278.1,26282.2"
2026-04-16T10:40:00.000+07:00,"26282.3,26287.4,26282.3,26285.2"
2026-04-16T10:45:00.000+07:00,"26285,26291.6,26284.3,26289.4"
2026-04-16T10:50:00.000+07:00,"26289.3,26290.7,26283.3,26286"
2026-04-16T10:55:00.000+07:00,"26286.2,26287.9,26281.3,26282.1"
2026-04-16T11:00:00.000+07:00,"26281.9,26284.4,26274.9,26277.3"
2026-04-16T11:05:00.000+07:00,"26277.5,26279.9,26272.9,26275.4"
2026-04-16T11:10:00.000+07:00,"26275.5,26279.4,26274.7,26278.5"
2026-04-16T11:15:00.000+07:00,"26278.2,26284.9,26278.2,26281.1"
2026-04-16T11:20:00.000+07:00,"26281,26281.9,26270.2,26273.6"
2026-04-16T11:25:00.000+07:00,"26273.5,26274.8,26270.8,26272.9"
2026-04-16T11:30:00.000+07:00,"26273,26273.6,26267.6,26271.3"
2026-04-16T11:35:00.000+07:00,"26271.2,26273.5,26269.1,26271.7"
2026-04-16T11:40:00.000+07:00,"26271.9,26276.2,26270.8,26274.2"
2026-04-16T11:45:00.000+07:00,"26274.1,26277.2,26272.4,26275.3"
2026-04-16T11:50:00.000+07:00,"26274.9,26279.1,26273.1,26279"
2026-04-16T11:55:00.000+07:00,"26278.8,26279.6,26271.1,26273.8"
2026-04-16T12:00:00.000+07:00,"26273.9,26276.9,26257.2,26264"
2026-04-16T12:05:00.000+07:00,"26264.2,26268.1,26258.4,26261.4"
2026-04-16T12:10:00.000+07:00,"26261.5,26263.6,26257.1,26259.7"
2026-04-16T12:15:00.000+07:00,"26259.5,26274.2,26257.5,26271.4"
2026-04-16T12:20:00.000+07:00,"26271.5,26280.2,26269.8,26278.4"
2026-04-16T12:25:00.000+07:00,"26278.3,26285.1,26275.1,26282.5"
2026-04-16T12:30:00.000+07:00,"26282.3,26294.8,26281.6,26288.9"
2026-04-16T12:35:00.000+07:00,"26288.8,26296.1,26287.9,26293.1"
2026-04-16T12:40:00.000+07:00,"26293.2,26296.9,26285.7,26286.9"
2026-04-16T12:45:00.000+07:00,"26286.7,26294.7,26286.4,26293.5"
2026-04-16T12:50:00.000+07:00,"26293.6,26302.1,26292.4,26296.7"
2026-04-16T12:55:00.000+07:00,"26296.5,26298.5,26290.6,26294"
2026-04-16T13:00:00.000+07:00,"26294.2,26309.9,26294.2,26303.3"
2026-04-16T13:05:00.000+07:00,"26303.5,26323.1,26301,26318.6"
2026-04-16T13:10:00.000+07:00,"26318.4,26325.5,26312.8,26321"
2026-04-16T13:15:00.000+07:00,"26321.2,26325.3,26313.6,26313.6"
2026-04-16T13:20:00.000+07:00,"26313.5,26316.4,26305.4,26314.4"
2026-04-16T13:25:00.000+07:00,"26314.8,26321,26309.9,26315.4"
2026-04-16T13:30:00.000+07:00,"26317.8,26324,26314.1,26316.9"
2026-04-16T13:35:00.000+07:00,"26316.6,26318.8,26308.9,26309.1"
2026-04-16T13:40:00.000+07:00,"26309,26320.3,26303.8,26318.4"
2026-04-16T13:45:00.000+07:00,"26318.2,26323.9,26314.3,26320.8"
2026-04-16T13:50:00.000+07:00,"26320.9,26324.2,26319.1,26320"
2026-04-16T13:55:00.000+07:00,"26319.8,26323.6,26315.9,26321.4"
2026-04-16T14:00:00.000+07:00,"26321.3,26322.5,26306.3,26311.2"
2026-04-16T14:05:00.000+07:00,"26311.4,26311.9,26296.8,26300.7"
2026-04-16T14:10:00.000+07:00,"26300.9,26307.7,26296.2,26298.5"
2026-04-16T14:15:00.000+07:00,"26299,26311.8,26297.9,26311.7"
2026-04-16T14:20:00.000+07:00,"26311.6,26320,26310,26319.7"
2026-04-16T14:25:00.000+07:00,"26319.9,26319.9,26309.9,26316.8"
2026-04-16T14:30:00.000+07:00,"26316.7,26319.8,26308,26316.4"
2026-04-16T14:35:00.000+07:00,"26316.5,26323.9,26315.2,26317.9"
2026-04-16T14:40:00.000+07:00,"26318,26326.4,26315.2,26323.1"
2026-04-16T14:45:00.000+07:00,"26323.2,26323.5,26308.2,26313.1"
2026-04-16T14:50:00.000+07:00,"26313.4,26313.8,26301.7,26305"
2026-04-16T14:55:00.000+07:00,"26304.6,26304.7,26291.2,26300.4"
2026-04-16T15:00:00.000+07:00,"26300.3,26306,26282.6,26283.8"
2026-04-16T15:05:00.000+07:00,"26283.7,26284.9,26268.1,26277.1"
2026-04-16T15:10:00.000+07:00,"26277.2,26285.2,26263.7,26267"
2026-04-16T15:15:00.000+07:00,"26267.2,26278,26266.4,26268.6"
2026-04-16T15:20:00.000+07:00,"26268.5,26281.5,26266.5,26273.2"
2026-04-16T15:25:00.000+07:00,"26273.1,26274.4,26264,26269.9"
2026-04-16T15:30:00.000+07:00,"26269.8,26269.8,26257.5,26258.7"
2026-04-16T15:35:00.000+07:00,"26258.6,26262.3,26251.3,26261.5"
2026-04-16T15:40:00.000+07:00,"26261.7,26274.6,26255.6,26270.1"
2026-04-16T15:45:00.000+07:00,"26269.9,26279.6,26268.6,26273.9"
2026-04-16T15:50:00.000+07:00,"26273.6,26275.1,26265.8,26272.5"
2026-04-16T15:55:00.000+07:00,"26272.7,26284.7,26271.6,26281"
2026-04-16T16:00:00.000+07:00,"26281.1,26294,26278.2,26287.7"
2026-04-16T16:05:00.000+07:00,"26287.5,26294.5,26281.3,26294.4"
2026-04-16T16:10:00.000+07:00,"26294.2,26297.2,26290.4,26292.2"
2026-04-16T16:15:00.000+07:00,"26292.3,26295.9,26287.3,26291.2"
2026-04-16T16:20:00.000+07:00,"26291.1,26293.5,26283.8,26286.4"
2026-04-16T16:25:00.000+07:00,"26286.3,26291.2,26284.8,26286.4"
2026-04-16T16:30:00.000+07:00,"26286.3,26290.8,26283.8,26290.3"
2026-04-16T16:35:00.000+07:00,"26290.4,26293.6,26285.5,26288.9"
2026-04-16T16:40:00.000+07:00,"26288.4,26294.4,26285.1,26285.2"
2026-04-16T16:45:00.000+07:00,"26285.4,26285.6,26272.1,26281.6"
2026-04-16T16:50:00.000+07:00,"26281.4,26289.3,26280.7,26288.6"
2026-04-16T16:55:00.000+07:00,"26288.7,26294.9,26284.9,26294.6"
2026-04-16T17:00:00.000+07:00,"26294.7,26303.7,26293.9,26298.9"
2026-04-16T17:05:00.000+07:00,"26298.8,26306.1,26295.9,26301.8"
2026-04-16T17:10:00.000+07:00,"26301.3,26301.4,26288,26292.7"
2026-04-16T17:15:00.000+07:00,"26292.5,26293.7,26281.4,26282.4"
2026-04-16T17:20:00.000+07:00,"26282.3,26287.3,26276.5,26285.3"
2026-04-16T17:25:00.000+07:00,"26285.5,26287.2,26269.8,26271.4"
2026-04-16T17:30:00.000+07:00,"26271.3,26272.5,26238.5,26250.1"
2026-04-16T17:35:00.000+07:00,"26250.3,26251.6,26233.9,26240.7"
2026-04-16T17:40:00.000+07:00,"26240.8,26243.8,26219,26226.4"
2026-04-16T17:45:00.000+07:00,"26226.6,26229.4,26204.6,26224.6"
2026-04-16T17:50:00.000+07:00,"26224.1,26242.9,26216.3,26241.7"
2026-04-16T17:55:00.000+07:00,"26241.8,26250.2,26239.5,26245.4"
2026-04-16T18:00:00.000+07:00,"26245.3,26260.8,26245.3,26260.3"
2026-04-16T18:05:00.000+07:00,"26260.5,26263.1,26251.8,26255.8"
2026-04-16T18:10:00.000+07:00,"26256.1,26262.4,26244.5,26249.5"
2026-04-16T18:15:00.000+07:00,"26249.6,26258.5,26247,26249.5"
2026-04-16T18:20:00.000+07:00,"26249.3,26252,26235.6,26236.9"
2026-04-16T18:25:00.000+07:00,"26237,26238.1,26223,26236.9"
2026-04-16T18:30:00.000+07:00,"26236.8,26260.8,26236.4,26260"
2026-04-16T18:35:00.000+07:00,"26260.3,26261,26246.1,26246.5"
2026-04-16T18:40:00.000+07:00,"26246.4,26250,26240.5,26246.7"
2026-04-16T18:45:00.000+07:00,"26246.5,26254.9,26241.2,26248"
2026-04-16T18:50:00.000+07:00,"26247.9,26266.3,26247.5,26259.5"
2026-04-16T18:55:00.000+07:00,"26259.7,26262.2,26254.6,26257.2"
2026-04-16T19:00:00.000+07:00,"26257.3,26271.5,26255.4,26263.1"
2026-04-16T19:05:00.000+07:00,"26262.9,26266.1,26239.5,26259.1"
2026-04-16T19:10:00.000+07:00,"26258.8,26259.1,26246.2,26250"
2026-04-16T19:15:00.000+07:00,"26249.8,26255.8,26246.5,26249.4"
2026-04-16T19:20:00.000+07:00,"26249.3,26265.5,26248.3,26261.2"
2026-04-16T19:25:00.000+07:00,"26261.5,26266.4,26256.8,26266.4"
2026-04-16T19:30:00.000+07:00,"26268,26268.5,26246.7,26267.8"
2026-04-16T19:35:00.000+07:00,"26268.2,26273.4,26246.8,26254.2"
2026-04-16T19:40:00.000+07:00,"26254,26259.7,26244.8,26254.6"
2026-04-16T19:45:00.000+07:00,"26254.5,26254.6,26243.4,26247.4"
2026-04-16T19:50:00.000+07:00,"26247.1,26254.5,26233.5,26236.9"
2026-04-16T19:55:00.000+07:00,"26236.8,26248.4,26236,26242.5"
2026-04-16T20:00:00.000+07:00,"26243.3,26264.5,26240.9,26257.5"
2026-04-16T20:05:00.000+07:00,"26257.4,26267.3,26252.9,26264.1"
2026-04-16T20:10:00.000+07:00,"26263.9,26264.3,26248.1,26253.2"
2026-04-16T20:15:00.000+07:00,"26253.1,26264.6,26248.2,26262.7"
2026-04-16T20:20:00.000+07:00,"26262.5,26264.4,26239.4,26245.4"
2026-04-16T20:25:00.000+07:00,"26242.5,26286.7,26242.5,26280.3"
2026-04-16T20:30:00.000+07:00,"26280.7,26293,26207.6,26233.9"
2026-04-16T20:35:00.000+07:00,"26233.6,26247.5,26198.3,26203.9"
2026-04-16T20:40:00.000+07:00,"26203.8,26243.9,26186.2,26232.4"
2026-04-16T20:45:00.000+07:00,"26232.1,26233.1,26204.6,26221.5"
2026-04-16T20:50:00.000+07:00,"26222.2,26223.5,26121,26123.8"
2026-04-16T20:55:00.000+07:00,"26123.9,26167,26117.3,26162.7"
2026-04-16T21:00:00.000+07:00,"26161.2,26175.9,26131.6,26171.7"
2026-04-16T21:05:00.000+07:00,"26172,26204.6,26162.1,26186.7"
2026-04-16T21:10:00.000+07:00,"26185.6,26225.2,26185.5,26197.6"
2026-04-16T21:15:00.000+07:00,"26197.8,26208.2,26156.6,26162.9"
2026-04-16T21:20:00.000+07:00,"26163.2,26182.7,26151.4,26175.8"
2026-04-16T21:25:00.000+07:00,"26175.7,26205.3,26167.8,26191.4"
2026-04-16T21:30:00.000+07:00,"26191.2,26217,26188.8,26213.9"
2026-04-16T21:35:00.000+07:00,"26213.3,26229.8,26205.8,26211.6"
2026-04-16T21:40:00.000+07:00,"26211.3,26231.8,26200.3,26228.4"
2026-04-16T21:45:00.000+07:00,"26228.7,26257.5,26223.8,26255.8"
2026-04-16T21:50:00.000+07:00,"26256,26261.9,26232,26250.5"
2026-04-16T21:55:00.000+07:00,"26250.1,26253.3,26225,26242.7"
2026-04-16T22:00:00.000+07:00,"26242.2,26285.2,26242.2,26279.6"
2026-04-16T22:05:00.000+07:00,"26279.7,26308.6,26269.8,26304.9"
2026-04-16T22:10:00.000+07:00,"26304.5,26325.6,26300.1,26308.3"
2026-04-16T22:15:00.000+07:00,"26307.9,26334.6,26306.3,26310.2"
2026-04-16T22:20:00.000+07:00,"26310.1,26337.9,26310.1,26329.6"
2026-04-16T22:25:00.000+07:00,"26329.4,26343.5,26298.8,26298.8"
2026-04-16T22:30:00.000+07:00,"26298.2,26328.5,26292.1,26328"
2026-04-16T22:35:00.000+07:00,"26328.6,26379.7,26326.8,26346.6"
2026-04-16T22:40:00.000+07:00,"26346.3,26349.8,26315,26337.1"
2026-04-16T22:45:00.000+07:00,"26337,26346,26309.9,26321.5"
2026-04-16T22:50:00.000+07:00,"26321.6,26348.5,26319.8,26339.7"
2026-04-16T22:55:00.000+07:00,"26339.6,26375.3,26338.7,26371.9"
2026-04-16T23:00:00.000+07:00,"26372.1,26386,26366.8,26378.8"
2026-04-16T23:05:00.000+07:00,"26379,26384.6,26364.4,26376.8"
2026-04-16T23:10:00.000+07:00,"26377.4,26392,26376,26389.9"
2026-04-16T23:15:00.000+07:00,"26390.1,26401.3,26389.4,26400.3"
2026-04-16T23:20:00.000+07:00,"26399.8,26400.9,26360.3,26368.9"
2026-04-16T23:25:00.000+07:00,"26368.6,26378.2,26353,26356.1"
2026-04-16T23:30:00.000+07:00,"26356.3,26361.5,26270.4,26308.1"
2026-04-16T23:35:00.000+07:00,"26308.4,26345,26298.3,26343.3"
2026-04-16T23:40:00.000+07:00,"26341.5,26353.8,26319.8,26334"
2026-04-16T23:45:00.000+07:00,"26334.3,26357.1,26332.6,26342.9"
2026-04-16T23:50:00.000+07:00,"26344.5,26357.4,26315.2,26319.2"
2026-04-16T23:55:00.000+07:00,"26319.4,26330.7,26308.2,26312.2"
2026-04-17T00:00:00.000+07:00,"26313.3,26322,26300.9,26308.1"
2026-04-17T00:05:00.000+07:00,"26308,26311.8,26284.4,26308.1"
2026-04-17T00:10:00.000+07:00,"26307.6,26317,26282.5,26282.8"
2026-04-17T00:15:00.000+07:00,"26283.2,26289.5,26271.6,26285.2"
2026-04-17T00:20:00.000+07:00,"26285.5,26317.4,26279.8,26316.2"
2026-04-17T00:25:00.000+07:00,"26315.9,26326.7,26308.2,26315.7"
2026-04-17T00:30:00.000+07:00,"26316.2,26335.4,26313.5,26316.8"
2026-04-17T00:35:00.000+07:00,"26316.6,26323.2,26302.9,26317.9"
2026-04-17T00:40:00.000+07:00,"26318.5,26346.5,26317.1,26341.8"
2026-04-17T00:45:00.000+07:00,"26341.7,26349.1,26330.1,26345.6"
2026-04-17T00:50:00.000+07:00,"26344.7,26344.9,26322.3,26323.6"
2026-04-17T00:55:00.000+07:00,"26323.5,26323.7,26275.5,26299.4"
2026-04-17T01:00:00.000+07:00,"26299.8,26323.6,26282.8,26284.7"
2026-04-17T01:05:00.000+07:00,"26284.9,26293.6,26233.7,26248"
2026-04-17T01:10:00.000+07:00,"26248.2,26262.2,26231.6,26258.8"
2026-04-17T01:15:00.000+07:00,"26258.9,26267.5,26242.3,26244.6"
2026-04-17T01:20:00.000+07:00,"26244.3,26253.1,26206.6,26213.5"
2026-04-17T01:25:00.000+07:00,"26213.4,26220.5,26191.3,26209.8"
2026-04-17T01:30:00.000+07:00,"26210.8,26257.8,26209.9,26251.1"
2026-04-17T01:35:00.000+07:00,"26250.5,26277.9,26247.6,26265.4"
2026-04-17T01:40:00.000+07:00,"26263.4,26278.7,26261.9,26271.5"
2026-04-17T01:45:00.000+07:00,"26271.6,26287.5,26265.8,26271.5"
2026-04-17T01:50:00.000+07:00,"26271.3,26276,26259.3,26265.7"
2026-04-17T01:55:00.000+07:00,"26265.9,26274.2,26254.5,26273"
2026-04-17T02:00:00.000+07:00,"26273.1,26301.7,26273,26291.6"
2026-04-17T02:05:00.000+07:00,"26291.9,26298.8,26273.2,26276.8"
2026-04-17T02:10:00.000+07:00,"26276.7,26285.6,26269.9,26279.8"
2026-04-17T02:15:00.000+07:00,"26279.9,26296.2,26279.8,26291.6"
2026-04-17T02:20:00.000+07:00,"26291.9,26293.5,26278.9,26286.7"
2026-04-17T02:25:00.000+07:00,"26286.5,26289.6,26280.8,26281"
2026-04-17T02:30:00.000+07:00,"26281.4,26302.2,26276.7,26295.6"
2026-04-17T02:35:00.000+07:00,"26295.9,26309.7,26290.4,26307.2"
2026-04-17T02:40:00.000+07:00,"26307.9,26318.3,26304.6,26306.1"
2026-04-17T02:45:00.000+07:00,"26306,26320.7,26297.2,26319.9"
2026-04-17T02:50:00.000+07:00,"26320.2,26334.4,26305.8,26318"
2026-04-17T02:55:00.000+07:00,"26318.9,26336.2,26311.7,26322.1"
2026-04-17T03:00:00.000+07:00,"26322.1,26328.9,26283.3,26292.5"
2026-04-17T03:05:00.000+07:00,"26292.3,26296.7,26281.3,26288.4"
2026-04-17T03:10:00.000+07:00,"26288.7,26301.6,26286.8,26296.5"
2026-04-17T03:15:00.000+07:00,"26296.3,26301.6,26290.9,26297.5"
2026-04-17T03:20:00.000+07:00,"26297.8,26300,26294.3,26298"
2026-04-17T03:25:00.000+07:00,"26297.5,26298.7,26293,26297.1"
2026-04-17T03:30:00.000+07:00,"26297.6,26303,26293.5,26302.8"
2026-04-17T03:35:00.000+07:00,"26302.7,26308.3,26299,26304.8"
2026-04-17T03:40:00.000+07:00,"26305.3,26309.4,26299.2,26302.8"
2026-04-17T03:45:00.000+07:00,"26302.7,26309.8,26301.2,26305.5"
2026-04-17T03:50:00.000+07:00,"26305,26309.4,26302.4,26306.7"
2026-04-17T03:55:00.000+07:00,"26306.5,26310.8,26303.95,26305.5"
2026-04-17T04:00:00.000+07:00,"26306.8,26308.1,26300.1,26300.1"
2026-04-17T04:05:00.000+07:00,"26300,26300,26296,26296.4"
2026-04-17T04:10:00.000+07:00,"26296.2,26297.2,26284.6,26284.6"
2026-04-17T04:15:00.000+07:00,"26284.7,26287.3,26282.3,26283.1"
2026-04-17T04:20:00.000+07:00,"26282.7,26290.7,26282.5,26288.3"
2026-04-17T04:25:00.000+07:00,"26289,26296,26287.6,26295.6"
2026-04-17T04:30:00.000+07:00,"26295.8,26303.3,26293.4,26301.8"
2026-04-17T04:35:00.000+07:00,"26302.7,26303.3,26301.1,26301.4"
2026-04-17T04:40:00.000+07:00,"26301.6,26303,26300.6,26302.7"
2026-04-17T04:45:00.000+07:00,"26302.5,26303.7,26294.9,26297.3"
2026-04-17T04:50:00.000+07:00,"26297.1,26298.8,26294,26294.6"
2026-04-17T04:55:00.000+07:00,"26295.7,26297.1,26292.6,26295.9"
2026-04-17T05:00:00.000+07:00,"26296.3,26320.5,26295.6,26317.1"
2026-04-17T05:05:00.000+07:00,"26317.3,26326.3,26314.9,26323"
2026-04-17T05:10:00.000+07:00,"26322.8,26331.8,26321.5,26323.6"
2026-04-17T05:15:00.000+07:00,"26323.7,26329.7,26318.7,26321.7"
2026-04-17T05:20:00.000+07:00,"26321.5,26329.1,26317.8,26327.3"
2026-04-17T05:25:00.000+07:00,"26327.5,26331.9,26323,26328.9"
2026-04-17T05:30:00.000+07:00,"26329.1,26334.5,26326.3,26332.4"
2026-04-17T05:35:00.000+07:00,"26331.9,26333.6,26327.4,26328.6"
2026-04-17T05:40:00.000+07:00,"26328.5,26335.4,26328.3,26331.7"
2026-04-17T05:45:00.000+07:00,"26331.4,26331.9,26325.9,26326.4"
2026-04-17T05:50:00.000+07:00,"26326.1,26328.2,26322.5,26326.2"
2026-04-17T05:55:00.000+07:00,"26326,26327.5,26320.2,26321.7"
2026-04-17T06:00:00.000+07:00,"26321.5,26330.4,26321.4,26323.9"
2026-04-17T06:05:00.000+07:00,"26324.1,26325.6,26318.4,26319.4"
2026-04-17T06:10:00.000+07:00,"26319.2,26321.9,26317.1,26319.5"
2026-04-17T06:15:00.000+07:00,"26319.6,26329.6,26318,26329.5"
2026-04-17T06:20:00.000+07:00,"26329.3,26336.2,26328.4,26334.2"
2026-04-17T06:25:00.000+07:00,"26334,26334.5,26322.8,26323.8"
2026-04-17T06:30:00.000+07:00,"26323.7,26328.7,26318.9,26328"
2026-04-17T06:35:00.000+07:00,"26327.6,26335,26327,26333.4"
2026-04-17T06:40:00.000+07:00,"26333.3,26335.1,26326.4,26329"
2026-04-17T06:45:00.000+07:00,"26329.1,26330.6,26320.1,26323.7"
2026-04-17T06:50:00.000+07:00,"26323.8,26328.3,26321.7,26328.3"
2026-04-17T06:55:00.000+07:00,"26328.7,26330.3,26325.1,26328"
2026-04-17T07:00:00.000+07:00,"26328.5,26331.1,26320.2,26324"
2026-04-17T07:05:00.000+07:00,"26324.1,26324.1,26305.9,26318.7"
2026-04-17T07:10:00.000+07:00,"26318.9,26324.9,26307.3,26308.3"
2026-04-17T07:15:00.000+07:00,"26308.1,26330.5,26303,26325.6"
2026-04-17T07:20:00.000+07:00,"26325.5,26340.6,26324.5,26329.8"
2026-04-17T07:25:00.000+07:00,"26330.1,26341.4,26328.6,26336.9"
2026-04-17T07:30:00.000+07:00,"26337,26342.3,26333.8,26338.4"
2026-04-17T07:35:00.000+07:00,"26338.3,26342.2,26330.9,26335.6"
2026-04-17T07:40:00.000+07:00,"26336.1,26339.8,26331.9,26335"
2026-04-17T07:45:00.000+07:00,"26334.8,26341.4,26330.8,26339.6"
2026-04-17T07:50:00.000+07:00,"26339.7,26341.6,26334.2,26335.8"
2026-04-17T07:55:00.000+07:00,"26335.6,26339.4,26332.5,26333.2"
2026-04-17T08:00:00.000+07:00,"26333.1,26338.7,26329.4,26333.3"
2026-04-17T08:05:00.000+07:00,"26333.1,26345.8,26330.3,26340.2"
2026-04-17T08:10:00.000+07:00,"26340.4,26343.6,26333.5,26339.7"
2026-04-17T08:15:00.000+07:00,"26339.6,26343.3,26333.9,26340.1"
2026-04-17T08:20:00.000+07:00,"26340.2,26343.5,26329,26330.9"
2026-04-17T08:25:00.000+07:00,"26331,26334.9,26328.6,26331.6"
2026-04-17T08:30:00.000+07:00,"26334.6,26337.1,26330.2,26335.6"
2026-04-17T08:35:00.000+07:00,"26335.4,26341.9,26335.4,26339.5"
2026-04-17T08:40:00.000+07:00,"26339.4,26341.2,26336.3,26337.7"
2026-04-17T08:45:00.000+07:00,"26337.9,26344.3,26336.8,26338"
2026-04-17T08:50:00.000+07:00,"26337.7,26341.2,26334.9,26335.6"
2026-04-17T08:55:00.000+07:00,"26335.5,26342.5,26334.8,26335.2"
2026-04-17T09:00:00.000+07:00,"26335.1,26341.8,26334.7,26338.1"
2026-04-17T09:05:00.000+07:00,"26337.9,26338.1,26317.6,26321.6"
2026-04-17T09:10:00.000+07:00,"26321.1,26327.7,26320,26326.7"
2026-04-17T09:15:00.000+07:00,"26326.9,26329.6,26319,26321.6"
2026-04-17T09:20:00.000+07:00,"26322.3,26324.8,26308,26308.7"
2026-04-17T09:25:00.000+07:00,"26308.4,26319.2,26302.9,26313.7"
2026-04-17T09:30:00.000+07:00,"26314.6,26322.9,26312.3,26320.5"
2026-04-17T09:35:00.000+07:00,"26320.8,26323.5,26316.6,26322.7"
2026-04-17T09:40:00.000+07:00,"26322.6,26325.2,26315.6,26316.5"
2026-04-17T09:45:00.000+07:00,"26316.9,26320.2,26315.6,26315.6"
2026-04-17T09:50:00.000+07:00,"26315.7,26316.4,26308.8,26313"
2026-04-17T09:55:00.000+07:00,"26312.9,26314.5,26308.8,26312.2"
2026-04-17T10:00:00.000+07:00,"26312.1,26316,26309,26309.6"
2026-04-17T10:05:00.000+07:00,"26309.3,26310.2,26303,26305.7"
2026-04-17T10:10:00.000+07:00,"26306.4,26310.4,26298.6,26301.9"
2026-04-17T10:15:00.000+07:00,"26302.1,26308.5,26298.2,26307.4"
2026-04-17T10:20:00.000+07:00,"26307.5,26308.7,26304.2,26307.5"
2026-04-17T10:25:00.000+07:00,"26307.7,26310.6,26301,26304"
2026-04-17T10:30:00.000+07:00,"26304.3,26306.5,26300.4,26300.7"
2026-04-17T10:35:00.000+07:00,"26300.8,26303.5,26297.2,26303.1"
2026-04-17T10:40:00.000+07:00,"26302.9,26306.6,26300.8,26303.5"
2026-04-17T10:45:00.000+07:00,"26303.4,26308,26302.3,26307.1"
2026-04-17T10:50:00.000+07:00,"26307,26311.6,26305.6,26309.1"
2026-04-17T10:55:00.000+07:00,"26309,26309.7,26305.3,26306.1"
2026-04-17T11:00:00.000+07:00,"26306.7,26309,26302.7,26308.6"
2026-04-17T11:05:00.000+07:00,"26308.7,26320.2,26308.7,26319.2"
2026-04-17T11:10:00.000+07:00,"26319.3,26322.1,26315,26322.1"
2026-04-17T11:15:00.000+07:00,"26322,26325.9,26321.2,26325.1"
2026-04-17T11:20:00.000+07:00,"26325.2,26327.2,26321.3,26325.5"
2026-04-17T11:25:00.000+07:00,"26325.1,26330.2,26323,26324.9"
2026-04-17T11:30:00.000+07:00,"26325.2,26326.4,26321.9,26326.4"
2026-04-17T11:35:00.000+07:00,"26326.3,26327.6,26319.4,26319.4"
2026-04-17T11:40:00.000+07:00,"26319.6,26321.2,26315.8,26317.7"
2026-04-17T11:45:00.000+07:00,"26317.8,26325.4,26315.3,26318.6"
2026-04-17T11:50:00.000+07:00,"26318.3,26322.1,26314.3,26317"
2026-04-17T11:55:00.000+07:00,"26317.1,26317.1,26309.8,26311.8"
2026-04-17T12:00:00.000+07:00,"26312.2,26313.5,26290.6,26299.4"
2026-04-17T12:05:00.000+07:00,"26299.5,26307,26297.7,26303.9"
2026-04-17T12:10:00.000+07:00,"26304.1,26309.2,26297,26306.9"
2026-04-17T12:15:00.000+07:00,"26306.8,26308,26297.6,26298.9"
2026-04-17T12:20:00.000+07:00,"26299,26307.8,26296.8,26306.2"
2026-04-17T12:25:00.000+07:00,"26306.1,26308.1,26302,26305.9"
2026-04-17T12:30:00.000+07:00,"26305.8,26305.9,26292.8,26294.3"
2026-04-17T12:35:00.000+07:00,"26294.6,26313,26294.4,26306.7"
2026-04-17T12:40:00.000+07:00,"26306.5,26316.5,26303.5,26311.9"
2026-04-17T12:45:00.000+07:00,"26312,26317.7,26311.6,26317.4"
2026-04-17T12:50:00.000+07:00,"26317.6,26318.1,26312.2,26312.5"
2026-04-17T12:55:00.000+07:00,"26312.3,26315.7,26310.4,26313.7"
2026-04-17T13:00:00.000+07:00,"26313.8,26319.8,26310.8,26315.8"
2026-04-17T13:05:00.000+07:00,"26315.7,26328.9,26314,26317.4"
2026-04-17T13:10:00.000+07:00,"26317.6,26325.4,26316.3,26321.4"
2026-04-17T13:15:00.000+07:00,"26321.5,26326.8,26317.3,26317.4"
2026-04-17T13:20:00.000+07:00,"26317.7,26319.4,26309.7,26318"
2026-04-17T13:25:00.000+07:00,"26318.6,26318.8,26306.4,26307"
2026-04-17T13:30:00.000+07:00,"26307.1,26307.1,26298.1,26299.9"
2026-04-17T13:35:00.000+07:00,"26299.8,26306.4,26295.3,26303.7"
2026-04-17T13:40:00.000+07:00,"26303.6,26307.1,26299.4,26303.5"
2026-04-17T13:45:00.000+07:00,"26303.3,26313.4,26300.9,26309.3"
2026-04-17T13:50:00.000+07:00,"26309.2,26315.4,26308.5,26310.8"
2026-04-17T13:55:00.000+07:00,"26310.7,26310.8,26301.9,26303.8"
2026-04-17T14:00:00.000+07:00,"26303.9,26326.8,26303.9,26326.1"
2026-04-17T14:05:00.000+07:00,"26326,26334.5,26321.4,26327.3"
2026-04-17T14:10:00.000+07:00,"26326.7,26336.2,26324.5,26328.9"
2026-04-17T14:15:00.000+07:00,"26328.8,26330.1,26317.9,26326.5"
2026-04-17T14:20:00.000+07:00,"26326.8,26327.6,26313.5,26317.3"
2026-04-17T14:25:00.000+07:00,"26317.4,26323,26315.6,26319.9"
2026-04-17T14:30:00.000+07:00,"26320.1,26330.1,26318.1,26327.4"
2026-04-17T14:35:00.000+07:00,"26327.3,26328.4,26319.7,26320.7"
2026-04-17T14:40:00.000+07:00,"26320.6,26330.9,26316.4,26329.6"
2026-04-17T14:45:00.000+07:00,"26329.7,26331.4,26322.6,26328.5"
2026-04-17T14:50:00.000+07:00,"26328.7,26336.1,26325.3,26333.2"
2026-04-17T14:55:00.000+07:00,"26333.5,26340.5,26330,26336.7"
2026-04-17T15:00:00.000+07:00,"26336.5,26343.1,26332.7,26341"
2026-04-17T15:05:00.000+07:00,"26340.8,26342.6,26332.2,26335.5"
2026-04-17T15:10:00.000+07:00,"26335.4,26336.7,26325.5,26334.2"
2026-04-17T15:15:00.000+07:00,"26333.9,26338.7,26328.4,26338.2"
2026-04-17T15:20:00.000+07:00,"26338.5,26344.9,26334,26339.7"
2026-04-17T15:25:00.000+07:00,"26339.1,26350.3,26336.4,26345"
2026-04-17T15:30:00.000+07:00,"26344.9,26349.4,26343.6,26347.3"
2026-04-17T15:35:00.000+07:00,"26347.2,26348.6,26338.8,26342.7"
2026-04-17T15:40:00.000+07:00,"26342.6,26363.1,26341.9,26362.8"
2026-04-17T15:45:00.000+07:00,"26362.5,26362.7,26353.8,26361.8"
2026-04-17T15:50:00.000+07:00,"26362.1,26369.7,26359.4,26369.2"
2026-04-17T15:55:00.000+07:00,"26369.1,26369.1,26362.2,26367.2"
2026-04-17T16:00:00.000+07:00,"26367.3,26368.4,26361.4,26365.3"
2026-04-17T16:05:00.000+07:00,"26364.9,26375.8,26362.9,26367.6"
2026-04-17T16:10:00.000+07:00,"26367.7,26367.9,26361.5,26365.7"
2026-04-17T16:15:00.000+07:00,"26365.9,26368.3,26353.9,26356.8"
2026-04-17T16:20:00.000+07:00,"26357,26360.8,26356,26357.6"
2026-04-17T16:25:00.000+07:00,"26358.1,26377,26357.8,26374.3"
2026-04-17T16:30:00.000+07:00,"26374.5,26375.6,26356.5,26362.2"
2026-04-17T16:35:00.000+07:00,"26362.3,26366.3,26357.5,26361.1"
2026-04-17T16:40:00.000+07:00,"26361,26369.7,26359.4,26367.3"
2026-04-17T16:45:00.000+07:00,"26367.2,26372.4,26361.3,26371.5"
2026-04-17T16:50:00.000+07:00,"26371.6,26389.6,26366.1,26379.9"
2026-04-17T16:55:00.000+07:00,"26379.8,26390.1,26379.8,26384.6"
2026-04-17T17:00:00.000+07:00,"26384.7,26390.9,26379.6,26384.9"
2026-04-17T17:05:00.000+07:00,"26384.7,26393.7,26382.3,26390"
2026-04-17T17:10:00.000+07:00,"26390.1,26394.4,26383.1,26391.3"
2026-04-17T17:15:00.000+07:00,"26391.4,26392,26373.3,26376.3"
2026-04-17T17:20:00.000+07:00,"26376.2,26384.3,26375.8,26377.5"
2026-04-17T17:25:00.000+07:00,"26377.8,26377.9,26368.5,26373.7"
2026-04-17T17:30:00.000+07:00,"26373.8,26375.1,26360.6,26366"
2026-04-17T17:35:00.000+07:00,"26366.1,26369.7,26360.3,26363.4"
2026-04-17T17:40:00.000+07:00,"26363.2,26364.5,26354.9,26359.3"
2026-04-17T17:45:00.000+07:00,"26359.5,26368.3,26357.3,26367.9"
2026-04-17T17:50:00.000+07:00,"26368.3,26375.3,26365.7,26375"
2026-04-17T17:55:00.000+07:00,"26374.9,26378.4,26373.2,26373.8"
2026-04-17T18:00:00.000+07:00,"26373.4,26384.4,26372,26375"
2026-04-17T18:05:00.000+07:00,"26375.5,26384.1,26370.1,26380"
2026-04-17T18:10:00.000+07:00,"26380.1,26383.9,26378.1,26378.2"
2026-04-17T18:15:00.000+07:00,"26378.1,26392.9,26378,26388.6"
2026-04-17T18:20:00.000+07:00,"26388.5,26394.8,26388.1,26388.6"
2026-04-17T18:25:00.000+07:00,"26388.7,26393.8,26381.9,26390.8"
2026-04-17T18:30:00.000+07:00,"26390.6,26402.6,26389.8,26398.1"
2026-04-17T18:35:00.000+07:00,"26398.2,26403.4,26395.5,26395.8"
2026-04-17T18:40:00.000+07:00,"26395.3,26402.3,26389.3,26400.5"
2026-04-17T18:45:00.000+07:00,"26400.6,26405.2,26397.3,26402.3"
2026-04-17T18:50:00.000+07:00,"26402.4,26414.6,26402,26413.2"
2026-04-17T18:55:00.000+07:00,"26413.3,26417.5,26407.8,26414.4"
2026-04-17T19:00:00.000+07:00,"26414.6,26436.7,26409.2,26432.7"
2026-04-17T19:05:00.000+07:00,"26433.5,26442.6,26430,26433.8"
2026-04-17T19:10:00.000+07:00,"26433.6,26444.2,26429.5,26438.5"
2026-04-17T19:15:00.000+07:00,"26438.7,26442.6,26434.5,26437"
2026-04-17T19:20:00.000+07:00,"26437.1,26444.5,26418.7,26438.5"
2026-04-17T19:25:00.000+07:00,"26439.2,26474.8,26435.4,26467.3"
2026-04-17T19:30:00.000+07:00,"26467.8,26494.5,26463.6,26471.3"
2026-04-17T19:35:00.000+07:00,"26471,26481.3,26461.6,26468.3"
2026-04-17T19:40:00.000+07:00,"26468.8,26468.9,26454.9,26457.8"
2026-04-17T19:45:00.000+07:00,"26457.9,26568.3,26450.9,26565.6"
2026-04-17T19:50:00.000+07:00,"26566,26581.8,26544.7,26568.1"
2026-04-17T19:55:00.000+07:00,"26567.7,26595.5,26551.3,26590.3"
2026-04-17T20:00:00.000+07:00,"26590.8,26593.1,26547.2,26578.5"
2026-04-17T20:05:00.000+07:00,"26578.2,26632.5,26561.4,26629"
2026-04-17T20:10:00.000+07:00,"26629.2,26660.2,26625.5,26653.8"
2026-04-17T20:15:00.000+07:00,"26653.6,26656.9,26615.8,26623.3"
2026-04-17T20:20:00.000+07:00,"26623.1,26623.2,26589.5,26600.8"
2026-04-17T20:25:00.000+07:00,"26600.9,26600.9,26533.8,26541.9"
2026-04-17T20:30:00.000+07:00,"26542.1,26569.2,26479,26520.6"
2026-04-17T20:35:00.000+07:00,"26521.1,26565.6,26516,26546.3"
2026-04-17T20:40:00.000+07:00,"26546,26567.2,26530,26553.8"
2026-04-17T20:45:00.000+07:00,"26554.3,26567.2,26482,26547.3"
2026-04-17T20:50:00.000+07:00,"26544.8,26585.1,26537.5,26556.8"
2026-04-17T20:55:00.000+07:00,"26557.1,26578.3,26534.5,26577"
2026-04-17T21:00:00.000+07:00,"26577.2,26602,26571.3,26596"
2026-04-17T21:05:00.000+07:00,"26596.5,26613,26589.4,26610.6"
2026-04-17T21:10:00.000+07:00,"26608.2,26619.1,26587.8,26614.1"
2026-04-17T21:15:00.000+07:00,"26612.7,26615,26586.2,26589.2"
2026-04-17T21:20:00.000+07:00,"26590.3,26599.8,26561.5,26584.1"
2026-04-17T21:25:00.000+07:00,"26584.4,26592.7,26567.7,26584.3"
2026-04-17T21:30:00.000+07:00,"26585.3,26641,26583.8,26635.7"
2026-04-17T21:35:00.000+07:00,"26635.6,26650.5,26611.3,26650.1"
2026-04-17T21:40:00.000+07:00,"26650.2,26680.6,26647.2,26674"
2026-04-17T21:45:00.000+07:00,"26674.3,26697.5,26667.5,26693.5"
2026-04-17T21:50:00.000+07:00,"26693.3,26697.8,26670.2,26680"
2026-04-17T21:55:00.000+07:00,"26679.6,26685.6,26645,26669"
2026-04-17T22:00:00.000+07:00,"26668.7,26695.2,26653.9,26672.6"
2026-04-17T22:05:00.000+07:00,"26672.8,26697.8,26668,26685.3"
2026-04-17T22:10:00.000+07:00,"26684.3,26695.2,26656,26662.6"
2026-04-17T22:15:00.000+07:00,"26662.4,26688.9,26648.7,26662.9"
2026-04-17T22:20:00.000+07:00,"26663.3,26686.9,26649.3,26679.5"
2026-04-17T22:25:00.000+07:00,"26679.7,26690.8,26673.6,26682.5"
2026-04-17T22:30:00.000+07:00,"26683.2,26714.1,26681.3,26712.5"
2026-04-17T22:35:00.000+07:00,"26713,26718,26690.9,26706.3"
2026-04-17T22:40:00.000+07:00,"26705.7,26707.9,26656.4,26656.8"
2026-04-17T22:45:00.000+07:00,"26657.3,26686.2,26656.1,26669.8"
2026-04-17T22:50:00.000+07:00,"26669.3,26691.4,26665.1,26671.8"
2026-04-17T22:55:00.000+07:00,"26671.4,26679.5,26639,26644.4"
2026-04-17T23:00:00.000+07:00,"26645,26677.1,26631.9,26668.7"
2026-04-17T23:05:00.000+07:00,"26668.9,26702.6,26667,26680"
2026-04-17T23:10:00.000+07:00,"26678.4,26696.7,26673.1,26685.3"
2026-04-17T23:15:00.000+07:00,"26684.9,26693.6,26662.4,26675.3"
2026-04-17T23:20:00.000+07:00,"26676.4,26689.8,26670.4,26689.4"
2026-04-17T23:25:00.000+07:00,"26688.9,26698.5,26684.1,26695.3"
2026-04-17T23:30:00.000+07:00,"26694.9,26714.2,26694.7,26709.2"
2026-04-17T23:35:00.000+07:00,"26709.4,26721.2,26707.4,26712.2"
2026-04-17T23:40:00.000+07:00,"26712.4,26713.8,26699.4,26709.9"
2026-04-17T23:45:00.000+07:00,"26709.6,26720.6,26706.6,26708.8"
2026-04-17T23:50:00.000+07:00,"26709,26715,26700.9,26702.9"
2026-04-17T23:55:00.000+07:00,"26703,26705.7,26692.7,26698.5"
2026-04-18T00:00:00.000+07:00,"26699.9,26716.7,26698.9,26713.1"
2026-04-18T00:05:00.000+07:00,"26713,26714,26655,26687.7"
2026-04-18T00:10:00.000+07:00,"26686.8,26686.9,26663.6,26679.9"
2026-04-18T00:15:00.000+07:00,"26680.1,26686.6,26655.2,26657.1"
2026-04-18T00:20:00.000+07:00,"26657.3,26663.1,26577.4,26598.4"
2026-04-18T00:25:00.000+07:00,"26598,26622.3,26581.6,26612.6"
2026-04-18T00:30:00.000+07:00,"26612.9,26635.5,26605.8,26613.3"
2026-04-18T00:35:00.000+07:00,"26613.7,26645,26600.7,26631.8"
2026-04-18T00:40:00.000+07:00,"26633.2,26639.4,26624.5,26634"
2026-04-18T00:45:00.000+07:00,"26633.1,26670.1,26630.6,26660.5"
2026-04-18T00:50:00.000+07:00,"26659.2,26666.4,26654,26658.6"
2026-04-18T00:55:00.000+07:00,"26657.9,26667.6,26645.5,26649.2"
2026-04-18T01:00:00.000+07:00,"26648.2,26660.3,26630,26635.9"
2026-04-18T01:05:00.000+07:00,"26636.2,26640.5,26611.9,26614.1"
2026-04-18T01:10:00.000+07:00,"26614,26627.1,26600.7,26609.4"
2026-04-18T01:15:00.000+07:00,"26609.7,26632.4,26607.3,26618.8"
2026-04-18T01:20:00.000+07:00,"26618,26630.8,26595.3,26624.9"
2026-04-18T01:25:00.000+07:00,"26624,26651.1,26618.9,26624"
2026-04-18T01:30:00.000+07:00,"26623.3,26650,26623,26643.3"
2026-04-18T01:35:00.000+07:00,"26643.8,26653.3,26640.4,26646.6"
2026-04-18T01:40:00.000+07:00,"26647,26652.7,26629.1,26645.7"
2026-04-18T01:45:00.000+07:00,"26646,26653.7,26636.5,26639.9"
2026-04-18T01:50:00.000+07:00,"26640.3,26641.2,26609.2,26622.7"
2026-04-18T01:55:00.000+07:00,"26622.5,26640.8,26619.7,26625.3"
2026-04-18T02:00:00.000+07:00,"26624.5,26634.4,26620.2,26625.3"
2026-04-18T02:05:00.000+07:00,"26625.4,26625.4,26605.7,26613.8"
2026-04-18T02:10:00.000+07:00,"26613.9,26616.5,26597.5,26605.5"
2026-04-18T02:15:00.000+07:00,"26605,26626.8,26602.1,26620.7"
2026-04-18T02:20:00.000+07:00,"26621.5,26628.5,26617.2,26626.3"
2026-04-18T02:25:00.000+07:00,"26626.1,26634.2,26614.4,26618.5"
2026-04-18T02:30:00.000+07:00,"26618.6,26652.1,26618.4,26643.1"
2026-04-18T02:35:00.000+07:00,"26643,26654.9,26632,26650.9"
2026-04-18T02:40:00.000+07:00,"26649.9,26666.3,26642.2,26661.4"
2026-04-18T02:45:00.000+07:00,"26661.1,26662.1,26641.9,26650"
2026-04-18T02:50:00.000+07:00,"26650.3,26659.4,26630.8,26654.5"
2026-04-18T02:55:00.000+07:00,"26656.2,26670.3,26648.6,26666"
2026-04-18T03:00:00.000+07:00,"26668.2,26676.2,26662.2,26671.4"
2026-04-18T03:05:00.000+07:00,"26672.2,26678.6,26669.4,26671"
2026-04-18T03:10:00.000+07:00,"26671.3,26683.1,26669,26682.2"
2026-04-18T03:15:00.000+07:00,"26682.5,26685.1,26674.4,26676"
2026-04-18T03:20:00.000+07:00,"26676.5,26676.9,26658.9,26665.4"
2026-04-18T03:25:00.000+07:00,"26665.9,26669.9,26662.6,26663.4"
2026-04-18T03:30:00.000+07:00,"26662.7,26671.4,26659.2,26670.4"
2026-04-18T03:35:00.000+07:00,"26669.6,26684.6,26669.6,26684.6"
2026-04-18T03:40:00.000+07:00,"26684.4,26684.4,26672.3,26672.4"
2026-04-18T03:45:00.000+07:00,"26671.9,26676.7,26670,26675.1"
2026-04-18T03:50:00.000+07:00,"26673.6,26685.7,26672.5,26683.8"
2026-04-18T03:55:00.000+07:00,"26683.6,26685.25,26678,26684"
2026-04-20T05:00:00.000+07:00,"26426.4,26500.9,26381.4,26442.5"
2026-04-20T05:05:00.000+07:00,"26443.3,26488.2,26435.3,26481.8"
2026-04-20T05:10:00.000+07:00,"26482.3,26492.8,26459.7,26460.3"
2026-04-20T05:15:00.000+07:00,"26460.4,26468.6,26452,26464.1"
2026-04-20T05:20:00.000+07:00,"26462.9,26478.7,26457.3,26467.2"
2026-04-20T05:25:00.000+07:00,"26467.1,26484,26464.1,26468.8"
2026-04-20T05:30:00.000+07:00,"26469,26485.3,26465,26480.7"
2026-04-20T05:35:00.000+07:00,"26480.9,26491.4,26476.3,26489.6"
2026-04-20T05:40:00.000+07:00,"26489.7,26502.4,26482.1,26497.5"
2026-04-20T05:45:00.000+07:00,"26497.7,26499.6,26479.2,26498.8"
2026-04-20T05:50:00.000+07:00,"26498.7,26515.9,26497,26511.6"
2026-04-20T05:55:00.000+07:00,"26512,26517.6,26505.4,26509.1"
2026-04-20T06:00:00.000+07:00,"26509.3,26516.3,26505.4,26510.5"
2026-04-20T06:05:00.000+07:00,"26510.6,26523.2,26499.9,26520.5"
2026-04-20T06:10:00.000+07:00,"26520.6,26526.2,26493.2,26500.4"
2026-04-20T06:15:00.000+07:00,"26500.3,26508,26493.1,26498.2"
2026-04-20T06:20:00.000+07:00,"26498.1,26505.7,26489.3,26500.9"
2026-04-20T06:25:00.000+07:00,"26500.8,26509.8,26494.9,26502.4"
2026-04-20T06:30:00.000+07:00,"26502.7,26507.4,26498.7,26501.5"
2026-04-20T06:35:00.000+07:00,"26501.3,26506.4,26497.3,26501.4"
2026-04-20T06:40:00.000+07:00,"26501.6,26506.1,26490.8,26499.1"
2026-04-20T06:45:00.000+07:00,"26499.3,26500.3,26479.5,26494.5"
2026-04-20T06:50:00.000+07:00,"26494.4,26508.6,26490.3,26503.2"
2026-04-20T06:55:00.000+07:00,"26503.4,26507.8,26496.6,26502"
2026-04-20T07:00:00.000+07:00,"26502.3,26504.4,26479.7,26487.7"
2026-04-20T07:05:00.000+07:00,"26487.6,26494.4,26459.5,26471.3"
2026-04-20T07:10:00.000+07:00,"26471.6,26483.7,26461.5,26464.6"
2026-04-20T07:15:00.000+07:00,"26464.5,26494.8,26463,26489.1"
2026-04-20T07:20:00.000+07:00,"26488.6,26491.4,26479.8,26488.7"
2026-04-20T07:25:00.000+07:00,"26488.4,26497.3,26479.1,26495.4"
2026-04-20T07:30:00.000+07:00,"26495.3,26505.3,26487.5,26502.8"
2026-04-20T07:35:00.000+07:00,"26502.7,26506.5,26483.9,26485.3"
2026-04-20T07:40:00.000+07:00,"26485.2,26498.4,26485.2,26491.8"
2026-04-20T07:45:00.000+07:00,"26491.9,26508.8,26490.8,26505.3"
2026-04-20T07:50:00.000+07:00,"26506.7,26509.2,26501.9,26504.1"
2026-04-20T07:55:00.000+07:00,"26504.3,26505.5,26498.3,26502.3"
2026-04-20T08:00:00.000+07:00,"26502.8,26522,26497.3,26518"
2026-04-20T08:05:00.000+07:00,"26518.1,26535.5,26516.3,26533.8"
2026-04-20T08:10:00.000+07:00,"26533.9,26544.4,26529.9,26540.1"
2026-04-20T08:15:00.000+07:00,"26540.2,26542.2,26526,26526"
2026-04-20T08:20:00.000+07:00,"26526.3,26542.1,26523.8,26537.2"
2026-04-20T08:25:00.000+07:00,"26537.4,26539.3,26531.9,26534.4"
2026-04-20T08:30:00.000+07:00,"26534.3,26543.4,26533.5,26541.2"
2026-04-20T08:35:00.000+07:00,"26541.3,26550.2,26535,26548.2"
2026-04-20T08:40:00.000+07:00,"26548.1,26555.6,26543.5,26547"
2026-04-20T08:45:00.000+07:00,"26547.1,26552.6,26545.7,26548.8"
2026-04-20T08:50:00.000+07:00,"26548.9,26554.8,26545.9,26553.7"
2026-04-20T08:55:00.000+07:00,"26553.8,26560,26547.5,26550.5"
2026-04-20T09:00:00.000+07:00,"26550.8,26551,26539.5,26541.3"
2026-04-20T09:05:00.000+07:00,"26541.2,26541.8,26534.9,26540.2"
2026-04-20T09:10:00.000+07:00,"26540.3,26542.7,26532.8,26536"
2026-04-20T09:15:00.000+07:00,"26536.1,26545.2,26535.5,26541.8"
2026-04-20T09:20:00.000+07:00,"26541.9,26545.7,26534.9,26545.3"
2026-04-20T09:25:00.000+07:00,"26545.4,26548.1,26538,26541.6"
2026-04-20T09:30:00.000+07:00,"26541.7,26543.3,26537.7,26539.4"
2026-04-20T09:35:00.000+07:00,"26539.5,26543.8,26533.3,26534.2"
2026-04-20T09:40:00.000+07:00,"26534.1,26538.6,26531.8,26537.7"
2026-04-20T09:45:00.000+07:00,"26537.9,26541.2,26527.6,26534"
2026-04-20T09:50:00.000+07:00,"26534.1,26536.7,26531.6,26536.2"
2026-04-20T09:55:00.000+07:00,"26536.3,26540.1,26529.3,26537.9"
2026-04-20T10:00:00.000+07:00,"26537.8,26546.8,26535.2,26536.2"
2026-04-20T10:05:00.000+07:00,"26536.1,26541.1,26533.8,26535.4"
2026-04-20T10:10:00.000+07:00,"26535.3,26538.2,26529.3,26533.3"
2026-04-20T10:15:00.000+07:00,"26533.2,26534.2,26525.3,26531.5"
2026-04-20T10:20:00.000+07:00,"26531.6,26540.6,26531.6,26536"
2026-04-20T10:25:00.000+07:00,"26536.1,26541.8,26534.5,26536"
2026-04-20T10:30:00.000+07:00,"26536.1,26544.4,26535.2,26539.3"
2026-04-20T10:35:00.000+07:00,"26539.4,26541.7,26533,26535"
2026-04-20T10:40:00.000+07:00,"26534.9,26536.2,26531,26531.7"
2026-04-20T10:45:00.000+07:00,"26531.8,26531.8,26523.1,26526.1"
2026-04-20T10:50:00.000+07:00,"26526,26530.1,26525.7,26526.6"
2026-04-20T10:55:00.000+07:00,"26526.7,26528.1,26522,26524.4"
2026-04-20T11:00:00.000+07:00,"26524.2,26525.2,26513.9,26517.6"
2026-04-20T11:05:00.000+07:00,"26517.4,26526.4,26514.5,26525.8"
2026-04-20T11:10:00.000+07:00,"26525.9,26527.2,26517.5,26519.6"
2026-04-20T11:15:00.000+07:00,"26519.8,26521.9,26514,26514.7"
2026-04-20T11:20:00.000+07:00,"26515,26519.5,26508.6,26519"
2026-04-20T11:25:00.000+07:00,"26519.1,26519.5,26509.1,26509.6"
2026-04-20T11:30:00.000+07:00,"26509.7,26512.4,26505.9,26507.5"
2026-04-20T11:35:00.000+07:00,"26507.4,26511.3,26497.4,26511.3"
2026-04-20T11:40:00.000+07:00,"26512.2,26518.8,26511.7,26517.5"
2026-04-20T11:45:00.000+07:00,"26517.8,26526.9,26517.8,26523.8"
2026-04-20T11:50:00.000+07:00,"26523.7,26525.1,26508,26516.7"
2026-04-20T11:55:00.000+07:00,"26516.8,26521.8,26513.6,26520.8"
2026-04-20T12:00:00.000+07:00,"26521.1,26523.8,26515.4,26520.4"
2026-04-20T12:05:00.000+07:00,"26520.3,26521.9,26512.6,26516.7"
2026-04-20T12:10:00.000+07:00,"26517,26517.7,26510.1,26513.1"
2026-04-20T12:15:00.000+07:00,"26513,26520.3,26509.2,26510"
2026-04-20T12:20:00.000+07:00,"26509.9,26511.8,26505,26505.1"
2026-04-20T12:25:00.000+07:00,"26505,26506.4,26490.5,26490.7"
2026-04-20T12:30:00.000+07:00,"26490.6,26492.4,26470.7,26490.9"
2026-04-20T12:35:00.000+07:00,"26490.7,26493.3,26474.5,26478.3"
2026-04-20T12:40:00.000+07:00,"26478.2,26478.2,26455.3,26458.4"
2026-04-20T12:45:00.000+07:00,"26458.3,26477.5,26457.4,26470.5"
2026-04-20T12:50:00.000+07:00,"26470.6,26484.2,26458.9,26478.7"
2026-04-20T12:55:00.000+07:00,"26478.5,26486.6,26472.5,26480"
2026-04-20T13:00:00.000+07:00,"26479.5,26504.4,26477.6,26499.3"
2026-04-20T13:05:00.000+07:00,"26499.4,26506,26492.7,26495.7"
2026-04-20T13:10:00.000+07:00,"26495.4,26503.9,26491.3,26494.4"
2026-04-20T13:15:00.000+07:00,"26494.3,26500.3,26488.2,26496.8"
2026-04-20T13:20:00.000+07:00,"26496.7,26499.6,26488.5,26495.2"
2026-04-20T13:25:00.000+07:00,"26495.3,26501.5,26491.2,26498"
2026-04-20T13:30:00.000+07:00,"26498.3,26516.4,26497.8,26505.5"
2026-04-20T13:35:00.000+07:00,"26505.6,26508.1,26497,26501.7"
2026-04-20T13:40:00.000+07:00,"26501.6,26506.7,26497.2,26501.5"
2026-04-20T13:45:00.000+07:00,"26499.9,26505.4,26491.9,26499.9"
2026-04-20T13:50:00.000+07:00,"26499.7,26504.1,26492.9,26498.6"
2026-04-20T13:55:00.000+07:00,"26498.5,26545.7,26493.1,26532.3"
2026-04-20T14:00:00.000+07:00,"26533.8,26555,26527.8,26542.1"
2026-04-20T14:05:00.000+07:00,"26541.8,26550.9,26528.5,26541.4"
2026-04-20T14:10:00.000+07:00,"26542.2,26548.1,26536,26547"
2026-04-20T14:15:00.000+07:00,"26546.8,26551.5,26533.9,26542.6"
2026-04-20T14:20:00.000+07:00,"26542.7,26566.2,26537.5,26548"
2026-04-20T14:25:00.000+07:00,"26548.1,26550.7,26528.2,26532.6"
2026-04-20T14:30:00.000+07:00,"26532.7,26539,26494.9,26520.6"
2026-04-20T14:35:00.000+07:00,"26520.7,26523.6,26498.9,26511.2"
2026-04-20T14:40:00.000+07:00,"26511.5,26521.3,26504.2,26510.1"
2026-04-20T14:45:00.000+07:00,"26510,26513.7,26493.5,26506.2"
2026-04-20T14:50:00.000+07:00,"26506.4,26511.6,26499.4,26500.9"
2026-04-20T14:55:00.000+07:00,"26501,26514.3,26496.5,26511.6"
2026-04-20T15:00:00.000+07:00,"26511.4,26516.7,26482.3,26486.2"
2026-04-20T15:05:00.000+07:00,"26486.1,26489.7,26464.7,26470.4"
2026-04-20T15:10:00.000+07:00,"26470.1,26503,26467.1,26491"
2026-04-20T15:15:00.000+07:00,"26491.2,26497.4,26484.6,26492.3"
2026-04-20T15:20:00.000+07:00,"26492.1,26511.1,26488.9,26499.8"
2026-04-20T15:25:00.000+07:00,"26499.7,26522.3,26496.6,26516.3"
2026-04-20T15:30:00.000+07:00,"26516.5,26517.5,26503.5,26513.5"
2026-04-20T15:35:00.000+07:00,"26513.4,26518.1,26507.6,26517"
2026-04-20T15:40:00.000+07:00,"26517.1,26520.4,26508,26513.8"
2026-04-20T15:45:00.000+07:00,"26513.9,26522.5,26512.2,26522.5"
2026-04-20T15:50:00.000+07:00,"26522,26530.9,26519.2,26526.6"
2026-04-20T15:55:00.000+07:00,"26527.1,26552,26522.9,26538.8"
2026-04-20T16:00:00.000+07:00,"26539,26548.9,26535.5,26546.3"
2026-04-20T16:05:00.000+07:00,"26546.4,26562.2,26541.8,26548.3"
2026-04-20T16:10:00.000+07:00,"26548.4,26550.3,26535.8,26543.7"
2026-04-20T16:15:00.000+07:00,"26543.8,26545.5,26528.9,26540.6"
2026-04-20T16:20:00.000+07:00,"26540.7,26549.2,26537,26542.4"
2026-04-20T16:25:00.000+07:00,"26543.9,26546.1,26535.7,26543.7"
2026-04-20T16:30:00.000+07:00,"26543.3,26557.4,26543.1,26544.6"
2026-04-20T16:35:00.000+07:00,"26544.7,26549.9,26538.4,26546.2"
2026-04-20T16:40:00.000+07:00,"26546.4,26554,26546.4,26552.7"
2026-04-20T16:45:00.000+07:00,"26553.1,26553.1,26543.8,26548"
2026-04-20T16:50:00.000+07:00,"26547.9,26547.9,26538.4,26539.5"
2026-04-20T16:55:00.000+07:00,"26539.4,26544.9,26536.9,26537.4"
2026-04-20T17:00:00.000+07:00,"26537.8,26552.8,26534.3,26549"
2026-04-20T17:05:00.000+07:00,"26549.1,26569.5,26548.3,26567.9"
2026-04-20T17:10:00.000+07:00,"26568,26575.5,26557.6,26561.7"
2026-04-20T17:15:00.000+07:00,"26561.9,26572.2,26557.8,26568.4"
2026-04-20T17:20:00.000+07:00,"26568.5,26571.6,26553.3,26555.5"
2026-04-20T17:25:00.000+07:00,"26555.3,26560.5,26549.5,26553.4"
2026-04-20T17:30:00.000+07:00,"26553.1,26556.7,26540.1,26545.4"
2026-04-20T17:35:00.000+07:00,"26545.3,26550.2,26543.5,26549"
2026-04-20T17:40:00.000+07:00,"26549.1,26549.6,26537.1,26540.8"
2026-04-20T17:45:00.000+07:00,"26540.9,26544.7,26536.6,26540"
2026-04-20T17:50:00.000+07:00,"26540.1,26550.3,26537.7,26547.4"
2026-04-20T17:55:00.000+07:00,"26547,26548.7,26539.3,26545.5"
2026-04-20T18:00:00.000+07:00,"26546.4,26546.5,26523.2,26525.9"
2026-04-20T18:05:00.000+07:00,"26525.6,26548.7,26525.1,26546.8"
2026-04-20T18:10:00.000+07:00,"26546.9,26550.1,26535.1,26549.5"
2026-04-20T18:15:00.000+07:00,"26550.3,26553.3,26541.6,26542.5"
2026-04-20T18:20:00.000+07:00,"26542.6,26543.7,26532.1,26534.8"
2026-04-20T18:25:00.000+07:00,"26534.7,26542.2,26532.6,26532.9"
2026-04-20T18:30:00.000+07:00,"26532.8,26556.2,26528.6,26543.6"
2026-04-20T18:35:00.000+07:00,"26543.8,26550.2,26531.3,26545.7"
2026-04-20T18:40:00.000+07:00,"26545.8,26555.6,26540.9,26553.1"
2026-04-20T18:45:00.000+07:00,"26553.3,26566,26551.4,26560.8"
2026-04-20T18:50:00.000+07:00,"26561,26564.8,26547.1,26548.1"
2026-04-20T18:55:00.000+07:00,"26548.3,26556.5,26545.5,26552.5"
2026-04-20T19:00:00.000+07:00,"26552.7,26569.3,26546.7,26553"
2026-04-20T19:05:00.000+07:00,"26552.7,26564.5,26549.1,26553"
2026-04-20T19:10:00.000+07:00,"26552.9,26559.7,26549,26555.5"
2026-04-20T19:15:00.000+07:00,"26555.2,26567.4,26547.6,26564.5"
2026-04-20T19:20:00.000+07:00,"26564.8,26570,26555.9,26560.5"
2026-04-20T19:25:00.000+07:00,"26560.7,26564,26555,26559.5"
2026-04-20T19:30:00.000+07:00,"26559.6,26572.6,26559.6,26568.8"
2026-04-20T19:35:00.000+07:00,"26568.7,26575.2,26554.3,26563.5"
2026-04-20T19:40:00.000+07:00,"26563.3,26584.5,26563.1,26577.1"
2026-04-20T19:45:00.000+07:00,"26577.5,26603,26577.5,26598.8"
2026-04-20T19:50:00.000+07:00,"26598.7,26620.1,26593,26600.4"
2026-04-20T19:55:00.000+07:00,"26600,26603.8,26587.5,26595.7"
2026-04-20T20:00:00.000+07:00,"26596.6,26608.6,26591.6,26604.9"
2026-04-20T20:05:00.000+07:00,"26605,26645.4,26584.3,26613.6"
2026-04-20T20:10:00.000+07:00,"26614.1,26627.8,26611.4,26617.3"
2026-04-20T20:15:00.000+07:00,"26617.8,26623.8,26608,26609.2"
2026-04-20T20:20:00.000+07:00,"26609.1,26633.1,26606.8,26619.5"
2026-04-20T20:25:00.000+07:00,"26617.5,26643.1,26611.6,26641.4"
2026-04-20T20:30:00.000+07:00,"26641.8,26670.2,26593.1,26654.2"
2026-04-20T20:35:00.000+07:00,"26654.5,26660.6,26579.7,26592.7"
2026-04-20T20:40:00.000+07:00,"26592.8,26608.1,26577.1,26595.2"
2026-04-20T20:45:00.000+07:00,"26595.5,26612.2,26561.3,26576.2"
2026-04-20T20:50:00.000+07:00,"26576.1,26624.6,26571.1,26617.2"
2026-04-20T20:55:00.000+07:00,"26617.4,26647.8,26615.2,26624.9"
2026-04-20T21:00:00.000+07:00,"26624.8,26630.9,26583.9,26594.6"
2026-04-20T21:05:00.000+07:00,"26594.4,26610.5,26581.6,26608.9"
2026-04-20T21:10:00.000+07:00,"26608.4,26623.4,26577.8,26599.7"
2026-04-20T21:15:00.000+07:00,"26599.5,26600.3,26560.9,26578.3"
2026-04-20T21:20:00.000+07:00,"26578.5,26607.4,26571.8,26607.4"
2026-04-20T21:25:00.000+07:00,"26607,26615.8,26565.3,26571.9"
2026-04-20T21:30:00.000+07:00,"26573.2,26582,26553.3,26570.3"
2026-04-20T21:35:00.000+07:00,"26570.2,26582.7,26556.8,26572"
2026-04-20T21:40:00.000+07:00,"26571.8,26572.3,26531.8,26539.3"
2026-04-20T21:45:00.000+07:00,"26539,26562.6,26527.9,26556.2"
2026-04-20T21:50:00.000+07:00,"26556.1,26562.7,26455.3,26515.9"
2026-04-20T21:55:00.000+07:00,"26514.1,26514.2,26470.1,26480.3"
2026-04-20T22:00:00.000+07:00,"26480.4,26503.9,26437.6,26447.4"
2026-04-20T22:05:00.000+07:00,"26447.5,26461.9,26411.2,26444.2"
2026-04-20T22:10:00.000+07:00,"26444.4,26479.3,26435.9,26464.4"
2026-04-20T22:15:00.000+07:00,"26464.5,26491.5,26449.9,26480.1"
2026-04-20T22:20:00.000+07:00,"26480,26533.4,26471.1,26510.8"
2026-04-20T22:25:00.000+07:00,"26510.9,26553.4,26503.2,26542.9"
2026-04-20T22:30:00.000+07:00,"26544.8,26545.8,26496.2,26504.4"
2026-04-20T22:35:00.000+07:00,"26503.7,26513.9,26493.5,26511.9"
2026-04-20T22:40:00.000+07:00,"26511.7,26530.9,26494.1,26501.3"
2026-04-20T22:45:00.000+07:00,"26501.5,26518.9,26490.3,26499.8"
2026-04-20T22:50:00.000+07:00,"26499,26501.4,26477.7,26499.7"
2026-04-20T22:55:00.000+07:00,"26499.8,26510.4,26496.6,26502.8"
2026-04-20T23:00:00.000+07:00,"26502.7,26511.8,26484.4,26491.6"
2026-04-20T23:05:00.000+07:00,"26492.1,26520.6,26487.4,26511.4"
2026-04-20T23:10:00.000+07:00,"26511.5,26527.3,26510.7,26520.3"
2026-04-20T23:15:00.000+07:00,"26520.8,26526.5,26496,26523.1"
2026-04-20T23:20:00.000+07:00,"26522,26531.9,26513.5,26518.7"
2026-04-20T23:25:00.000+07:00,"26518.9,26525.4,26509.6,26519.4"
2026-04-20T23:30:00.000+07:00,"26520.6,26542.3,26520.6,26533.2"
2026-04-20T23:35:00.000+07:00,"26533.1,26536.8,26511.1,26519.4"
2026-04-20T23:40:00.000+07:00,"26519.2,26543.9,26513.5,26530.6"
2026-04-20T23:45:00.000+07:00,"26531,26540.3,26523.9,26529"
2026-04-20T23:50:00.000+07:00,"26528.4,26532.8,26516.5,26530"
2026-04-20T23:55:00.000+07:00,"26530.5,26530.5,26513.5,26523.5"
2026-04-21T00:00:00.000+07:00,"26524,26535.4,26504.8,26518.2"
2026-04-21T00:05:00.000+07:00,"26518.5,26537.7,26512.9,26534.2"
2026-04-21T00:10:00.000+07:00,"26534.3,26545.7,26527.3,26541.5"
2026-04-21T00:15:00.000+07:00,"26541.7,26557.9,26536.7,26555.4"
2026-04-21T00:20:00.000+07:00,"26555.1,26562.6,26544.9,26554.7"
2026-04-21T00:25:00.000+07:00,"26554.8,26557.6,26540.8,26541.9"
2026-04-21T00:30:00.000+07:00,"26542,26543,26529.4,26536.1"
2026-04-21T00:35:00.000+07:00,"26536,26552.9,26531.4,26548"
2026-04-21T00:40:00.000+07:00,"26548.3,26564.6,26537.5,26553.7"
2026-04-21T00:45:00.000+07:00,"26553.6,26566.2,26553,26565.8"
2026-04-21T00:50:00.000+07:00,"26565.5,26571.9,26558.6,26569.3"
2026-04-21T00:55:00.000+07:00,"26569.2,26569.5,26549.1,26551.4"
2026-04-21T01:00:00.000+07:00,"26551.6,26560.5,26546.4,26554.5"
2026-04-21T01:05:00.000+07:00,"26554.8,26575.6,26553.3,26571.6"
2026-04-21T01:10:00.000+07:00,"26571.2,26574.9,26542.8,26567.8"
2026-04-21T01:15:00.000+07:00,"26567.9,26578.4,26560.7,26575"
2026-04-21T01:20:00.000+07:00,"26574.7,26584.2,26566.1,26582.7"
2026-04-21T01:25:00.000+07:00,"26582.8,26586.4,26564.5,26577.8"
2026-04-21T01:30:00.000+07:00,"26578.1,26582.8,26563.4,26575.1"
2026-04-21T01:35:00.000+07:00,"26574.7,26578.6,26556.7,26557.7"
2026-04-21T01:40:00.000+07:00,"26556.5,26576.5,26554.3,26569"
2026-04-21T01:45:00.000+07:00,"26569.1,26581,26564.1,26578.5"
2026-04-21T01:50:00.000+07:00,"26578.6,26589.1,26578.1,26589.1"
2026-04-21T01:55:00.000+07:00,"26589.7,26590.5,26571.3,26575.8"
2026-04-21T02:00:00.000+07:00,"26576,26584.1,26569.9,26573.4"
2026-04-21T02:05:00.000+07:00,"26573.3,26584.3,26571.6,26578.5"
2026-04-21T02:10:00.000+07:00,"26578.8,26585,26573.9,26582.1"
2026-04-21T02:15:00.000+07:00,"26581.8,26584.8,26575,26581"
2026-04-21T02:20:00.000+07:00,"26580.1,26582.4,26569.6,26573.2"
2026-04-21T02:25:00.000+07:00,"26573.3,26575.6,26562.3,26569.2"
2026-04-21T02:30:00.000+07:00,"26569.5,26581.3,26565.1,26565.9"
2026-04-21T02:35:00.000+07:00,"26565.4,26574.9,26562.2,26572"
2026-04-21T02:40:00.000+07:00,"26572.4,26578.9,26558.2,26563"
2026-04-21T02:45:00.000+07:00,"26562.8,26568.4,26558.3,26566.9"
2026-04-21T02:50:00.000+07:00,"26566.7,26576,26554.1,26570.5"
2026-04-21T02:55:00.000+07:00,"26570.3,26595.5,26562.5,26589.8"
2026-04-21T03:00:00.000+07:00,"26588.3,26595.9,26579.1,26591.7"
2026-04-21T03:05:00.000+07:00,"26590.9,26592.8,26585.5,26586.3"
2026-04-21T03:10:00.000+07:00,"26586.5,26589.5,26584.4,26586.1"
2026-04-21T03:15:00.000+07:00,"26585.9,26586.4,26576.6,26582.7"
2026-04-21T03:20:00.000+07:00,"26582.3,26589.8,26581.8,26588.3"
2026-04-21T03:25:00.000+07:00,"26588.1,26590.4,26583.7,26585.1"
2026-04-21T03:30:00.000+07:00,"26584.8,26627.4,26573.7,26626.1"
2026-04-21T03:35:00.000+07:00,"26626.2,26652,26626,26641.6"
2026-04-21T03:40:00.000+07:00,"26641.4,26646.8,26631.5,26635.4"
2026-04-21T03:45:00.000+07:00,"26634.4,26635.8,26609.9,26619.5"
2026-04-21T03:50:00.000+07:00,"26619.7,26628.4,26616.7,26620.4"
2026-04-21T03:55:00.000+07:00,"26619.9,26627.2,26613.6,26619"
2026-04-21T04:00:00.000+07:00,"26618.6,26620.5,26613.5,26615.6"
2026-04-21T04:05:00.000+07:00,"26615.3,26617.6,26612.8,26613.3"
2026-04-21T04:10:00.000+07:00,"26613.2,26615.9,26609.9,26610"
2026-04-21T04:15:00.000+07:00,"26609.9,26612.7,26609.1,26612.6"
2026-04-21T04:20:00.000+07:00,"26613.9,26615.8,26612.6,26613.3"
2026-04-21T04:25:00.000+07:00,"26612.2,26612.2,26600.5,26611.7"
2026-04-21T04:30:00.000+07:00,"26612.9,26613.5,26607.9,26612.5"
2026-04-21T04:35:00.000+07:00,"26612.4,26613.8,26611,26611.9"
2026-04-21T04:40:00.000+07:00,"26612,26614.9,26611.5,26612"
2026-04-21T04:45:00.000+07:00,"26612.1,26613.7,26610,26612.2"
2026-04-21T04:50:00.000+07:00,"26612.5,26614.1,26609.1,26611.7"
2026-04-21T04:55:00.000+07:00,"26613.8,26619.8,26611.6,26619.8"
2026-04-21T05:00:00.000+07:00,"26617.45,26647.3,26604.6,26641.9"
2026-04-21T05:05:00.000+07:00,"26642,26663.1,26642,26653.1"
2026-04-21T05:10:00.000+07:00,"26653.6,26657.5,26644.5,26647.2"
2026-04-21T05:15:00.000+07:00,"26647.3,26651.6,26642.7,26645.2"
2026-04-21T05:20:00.000+07:00,"26645.4,26654.4,26643.7,26650.5"
2026-04-21T05:25:00.000+07:00,"26650.6,26652.1,26642.5,26646.7"
2026-04-21T05:30:00.000+07:00,"26646.8,26651.8,26639.8,26650.5"
2026-04-21T05:35:00.000+07:00,"26650.1,26652.1,26644.3,26644.9"
2026-04-21T05:40:00.000+07:00,"26645.2,26653.9,26645.1,26651.7"
2026-04-21T05:45:00.000+07:00,"26651.8,26655,26649.6,26651.4"
2026-04-21T05:50:00.000+07:00,"26651.6,26658.4,26651.5,26657.1"
2026-04-21T05:55:00.000+07:00,"26657,26657.5,26649.8,26655"
2026-04-21T06:00:00.000+07:00,"26655.1,26657.6,26651.5,26651.7"
2026-04-21T06:05:00.000+07:00,"26651.6,26653.3,26649.5,26651.4"
2026-04-21T06:10:00.000+07:00,"26651.7,26656.9,26651.6,26654"
2026-04-21T06:15:00.000+07:00,"26653.7,26655,26647.6,26652.1"
2026-04-21T06:20:00.000+07:00,"26652.3,26652.9,26638.3,26644.1"
2026-04-21T06:25:00.000+07:00,"26644,26645.7,26640.8,26641.1"
2026-04-21T06:30:00.000+07:00,"26641,26646.3,26638.2,26644.8"
2026-04-21T06:35:00.000+07:00,"26645,26647.9,26641.9,26644.7"
2026-04-21T06:40:00.000+07:00,"26644.6,26645,26641.6,26644.7"
2026-04-21T06:45:00.000+07:00,"26644.8,26646.7,26640.6,26642.2"
2026-04-21T06:50:00.000+07:00,"26642,26644.6,26637.5,26641.6"
2026-04-21T06:55:00.000+07:00,"26641.9,26644.2,26636.4,26642.1"
2026-04-21T07:00:00.000+07:00,"26642.4,26654,26642.4,26648.5"
2026-04-21T07:05:00.000+07:00,"26648.4,26658.7,26645.2,26651.8"
2026-04-21T07:10:00.000+07:00,"26651.6,26665.4,26651.6,26656.6"
2026-04-21T07:15:00.000+07:00,"26656.5,26663.5,26651,26651.4"
2026-04-21T07:20:00.000+07:00,"26651.5,26659.8,26651,26655.2"
2026-04-21T07:25:00.000+07:00,"26655.4,26655.6,26640.5,26643.4"
2026-04-21T07:30:00.000+07:00,"26644,26645.2,26629.3,26638.6"
2026-04-21T07:35:00.000+07:00,"26638.8,26640.5,26631.9,26632.8"
2026-04-21T07:40:00.000+07:00,"26632.3,26648.6,26632.3,26641.8"
2026-04-21T07:45:00.000+07:00,"26642.5,26682.8,26642.3,26665.7"
2026-04-21T07:50:00.000+07:00,"26665.6,26669.6,26660.4,26665"
2026-04-21T07:55:00.000+07:00,"26664.8,26677.3,26664.8,26668.7"
2026-04-21T08:00:00.000+07:00,"26669.7,26672.1,26663.6,26666.1"
2026-04-21T08:05:00.000+07:00,"26666,26670.8,26664.7,26665.7"
2026-04-21T08:10:00.000+07:00,"26665.8,26668.3,26656.1,26661.9"
2026-04-21T08:15:00.000+07:00,"26662,26670.4,26656.1,26669.8"
2026-04-21T08:20:00.000+07:00,"26669.7,26669.9,26661.9,26663.6"
2026-04-21T08:25:00.000+07:00,"26663.7,26674.2,26662.8,26673.9"
2026-04-21T08:30:00.000+07:00,"26673.7,26684,26669,26674.2"
2026-04-21T08:35:00.000+07:00,"26674.3,26676.7,26670.5,26671"
2026-04-21T08:40:00.000+07:00,"26670.8,26673.6,26664.1,26672.9"
2026-04-21T08:45:00.000+07:00,"26673,26674.5,26664,26664.1"
2026-04-21T08:50:00.000+07:00,"26664.3,26669.2,26658.1,26660.5"
2026-04-21T08:55:00.000+07:00,"26660.7,26662.1,26652.5,26659.3"
2026-04-21T09:00:00.000+07:00,"26659.4,26664,26654.9,26661"
2026-04-21T09:05:00.000+07:00,"26660.8,26665.8,26657.5,26661"
2026-04-21T09:10:00.000+07:00,"26661.1,26666.4,26660.1,26665.6"
2026-04-21T09:15:00.000+07:00,"26665.8,26666.7,26661.5,26664.1"
2026-04-21T09:20:00.000+07:00,"26664.2,26665,26659.6,26663"
2026-04-21T09:25:00.000+07:00,"26663.1,26667.6,26661.3,26665.8"
2026-04-21T09:30:00.000+07:00,"26665.7,26666.1,26657.4,26658.4"
2026-04-21T09:35:00.000+07:00,"26658.3,26661.7,26655.7,26661.7"
2026-04-21T09:40:00.000+07:00,"26661.9,26668,26661.3,26666"
2026-04-21T09:45:00.000+07:00,"26666.1,26667.2,26661.3,26662.4"
2026-04-21T09:50:00.000+07:00,"26662.3,26665.7,26658.8,26665.1"
2026-04-21T09:55:00.000+07:00,"26665,26665.3,26655,26656.6"
2026-04-21T10:00:00.000+07:00,"26656.7,26660.6,26654.9,26660.6"
2026-04-21T10:05:00.000+07:00,"26660.9,26662.9,26657.6,26658.7"
2026-04-21T10:10:00.000+07:00,"26658.5,26659.9,26647.5,26650.1"
2026-04-21T10:15:00.000+07:00,"26650.2,26651.6,26641.3,26643.5"
2026-04-21T10:20:00.000+07:00,"26643.4,26646.1,26636.9,26642.2"
2026-04-21T10:25:00.000+07:00,"26642.1,26649.8,26638.4,26649.4"
2026-04-21T10:30:00.000+07:00,"26649.2,26651.3,26647.9,26648.8"
2026-04-21T10:35:00.000+07:00,"26649,26654.9,26647.5,26649.5"
2026-04-21T10:40:00.000+07:00,"26649.4,26650.4,26644.4,26650.4"
2026-04-21T10:45:00.000+07:00,"26650.6,26655.4,26649.6,26654.1"
2026-04-21T10:50:00.000+07:00,"26653.9,26660.4,26652.4,26658.4"
2026-04-21T10:55:00.000+07:00,"26658.3,26659.3,26655.4,26657.7"
2026-04-21T11:00:00.000+07:00,"26657.6,26664.5,26656.2,26664"
2026-04-21T11:05:00.000+07:00,"26663.7,26665.9,26656.5,26656.5"
2026-04-21T11:10:00.000+07:00,"26656.7,26661.6,26656,26660.7"
2026-04-21T11:15:00.000+07:00,"26660.6,26666.5,26660.4,26663"
2026-04-21T11:20:00.000+07:00,"26663.5,26671.4,26663.4,26671.3"
2026-04-21T11:25:00.000+07:00,"26671.1,26672.5,26668.2,26669.8"
2026-04-21T11:30:00.000+07:00,"26669.4,26674.6,26668,26671"
2026-04-21T11:35:00.000+07:00,"26670.9,26677,26670.7,26673.8"
2026-04-21T11:40:00.000+07:00,"26673.7,26674.7,26666.6,26667.2"
2026-04-21T11:45:00.000+07:00,"26667.1,26672.9,26666.7,26670"
2026-04-21T11:50:00.000+07:00,"26670.1,26675.4,26670,26671.8"
2026-04-21T11:55:00.000+07:00,"26672.1,26675.1,26668.9,26670.1"
2026-04-21T12:00:00.000+07:00,"26669.9,26676.2,26665.7,26676"
2026-04-21T12:05:00.000+07:00,"26676.9,26688.7,26676,26683.5"
2026-04-21T12:10:00.000+07:00,"26683.4,26687,26677.9,26683.7"
2026-04-21T12:15:00.000+07:00,"26683.6,26688.9,26681.1,26681.2"
2026-04-21T12:20:00.000+07:00,"26681.3,26685.7,26678.1,26684.4"
2026-04-21T12:25:00.000+07:00,"26684.7,26688.8,26682.2,26682.4"
2026-04-21T12:30:00.000+07:00,"26682.3,26682.4,26675.4,26680.2"
2026-04-21T12:35:00.000+07:00,"26680.3,26682.2,26675.4,26676.1"
2026-04-21T12:40:00.000+07:00,"26675.9,26679.1,26674,26674"
2026-04-21T12:45:00.000+07:00,"26673.8,26675.1,26666.9,26667.5"
2026-04-21T12:50:00.000+07:00,"26667.2,26673.4,26663.5,26672.2"
2026-04-21T12:55:00.000+07:00,"26672.3,26674,26669.5,26671.7"
2026-04-21T13:00:00.000+07:00,"26671.3,26675.5,26667.1,26672.2"
2026-04-21T13:05:00.000+07:00,"26672.3,26698,26670.2,26694"
2026-04-21T13:10:00.000+07:00,"26693.7,26703.2,26690.4,26699.7"
2026-04-21T13:15:00.000+07:00,"26699.5,26700.5,26691.2,26697.4"
2026-04-21T13:20:00.000+07:00,"26697.5,26700.9,26691.9,26696.9"
2026-04-21T13:25:00.000+07:00,"26696.8,26696.9,26685.9,26689.8"
2026-04-21T13:30:00.000+07:00,"26689.7,26696.1,26689.7,26693.9"
2026-04-21T13:35:00.000+07:00,"26693.8,26696.8,26687,26695.3"
2026-04-21T13:40:00.000+07:00,"26695.5,26702,26691.5,26693.9"
2026-04-21T13:45:00.000+07:00,"26694,26697.9,26692.4,26692.4"
2026-04-21T13:50:00.000+07:00,"26692.8,26697.2,26689.2,26692.3"
2026-04-21T13:55:00.000+07:00,"26691.9,26695,26689.9,26690.7"
2026-04-21T14:00:00.000+07:00,"26690.2,26693.6,26662.4,26668.2"
2026-04-21T14:05:00.000+07:00,"26668,26676.9,26662.6,26670.9"
2026-04-21T14:10:00.000+07:00,"26670.7,26673.2,26664,26665.2"
2026-04-21T14:15:00.000+07:00,"26665.3,26669.3,26657.6,26667.3"
2026-04-21T14:20:00.000+07:00,"26667.2,26671.5,26663.6,26667.3"
2026-04-21T14:25:00.000+07:00,"26667.4,26674.7,26658.5,26664.3"
2026-04-21T14:30:00.000+07:00,"26664.4,26672.1,26651.1,26652.3"
2026-04-21T14:35:00.000+07:00,"26652,26662.9,26651.2,26661.2"
2026-04-21T14:40:00.000+07:00,"26661.6,26670.9,26658.8,26666.1"
2026-04-21T14:45:00.000+07:00,"26665.9,26672.9,26662.9,26672.8"
2026-04-21T14:50:00.000+07:00,"26672.5,26685.2,26661,26665.4"
2026-04-21T14:55:00.000+07:00,"26666.5,26668.8,26658.3,26658.4"
2026-04-21T15:00:00.000+07:00,"26658.6,26664.8,26653.1,26660.4"
2026-04-21T15:05:00.000+07:00,"26660.7,26663.1,26643.8,26654.3"
2026-04-21T15:10:00.000+07:00,"26654.5,26655.9,26645.3,26645.7"
2026-04-21T15:15:00.000+07:00,"26645.8,26658.4,26645.7,26656.1"
2026-04-21T15:20:00.000+07:00,"26656.5,26662.8,26655.4,26658.6"
2026-04-21T15:25:00.000+07:00,"26659.5,26678.7,26658.5,26673.2"
2026-04-21T15:30:00.000+07:00,"26673.4,26673.8,26666.1,26670.1"
2026-04-21T15:35:00.000+07:00,"26670,26673,26663.2,26672.6"
2026-04-21T15:40:00.000+07:00,"26672.2,26700.1,26669.1,26691.4"
2026-04-21T15:45:00.000+07:00,"26691.5,26700.1,26689.9,26693.5"
2026-04-21T15:50:00.000+07:00,"26693.7,26697.2,26687.4,26691.8"
2026-04-21T15:55:00.000+07:00,"26692,26692.3,26681.8,26683.4"
2026-04-21T16:00:00.000+07:00,"26683.6,26683.6,26659.1,26666"
2026-04-21T16:05:00.000+07:00,"26666.1,26672.3,26652.8,26656.9"
2026-04-21T16:10:00.000+07:00,"26657,26666.4,26656.8,26661"
2026-04-21T16:15:00.000+07:00,"26661.5,26669.2,26657.5,26668.4"
2026-04-21T16:20:00.000+07:00,"26667.9,26668.8,26659.5,26664.2"
2026-04-21T16:25:00.000+07:00,"26664.3,26668.4,26661.3,26666.8"
2026-04-21T16:30:00.000+07:00,"26667.1,26673.5,26665.2,26671.6"
2026-04-21T16:35:00.000+07:00,"26671.7,26672.9,26664.5,26669.3"
2026-04-21T16:40:00.000+07:00,"26669,26677.2,26668.2,26672.2"
2026-04-21T16:45:00.000+07:00,"26672.1,26678.1,26671.8,26678"
2026-04-21T16:50:00.000+07:00,"26678.5,26684.1,26676.5,26677.8"
2026-04-21T16:55:00.000+07:00,"26678.9,26693,26678.8,26684.7"
2026-04-21T17:00:00.000+07:00,"26685.5,26692.7,26678.7,26684"
2026-04-21T17:05:00.000+07:00,"26684.2,26706.1,26684.2,26699.3"
2026-04-21T17:10:00.000+07:00,"26699.4,26700.6,26690,26693.5"
2026-04-21T17:15:00.000+07:00,"26693.6,26697.6,26691.5,26693.3"
2026-04-21T17:20:00.000+07:00,"26693.2,26694.3,26689.7,26692.4"
2026-04-21T17:25:00.000+07:00,"26692.1,26694.2,26686.6,26692.2"
2026-04-21T17:30:00.000+07:00,"26692.4,26700.7,26691.6,26694.7"
2026-04-21T17:35:00.000+07:00,"26694.6,26707.8,26694.2,26705.2"
2026-04-21T17:40:00.000+07:00,"26705.3,26706.6,26699.8,26705.6"
2026-04-21T17:45:00.000+07:00,"26705.3,26712.1,26702.9,26709.5"
2026-04-21T17:50:00.000+07:00,"26709.6,26722.5,26709.6,26719.9"
2026-04-21T17:55:00.000+07:00,"26720.4,26727.6,26715.5,26716.8"
2026-04-21T18:00:00.000+07:00,"26716.3,26720.3,26710.7,26719.2"
2026-04-21T18:05:00.000+07:00,"26719.3,26729.4,26686.1,26707.5"
2026-04-21T18:10:00.000+07:00,"26707.1,26709.6,26695.1,26700.2"
2026-04-21T18:15:00.000+07:00,"26700.3,26706.2,26693.9,26706.2"
2026-04-21T18:20:00.000+07:00,"26706.3,26715.9,26703.6,26709.3"
2026-04-21T18:25:00.000+07:00,"26709.5,26721.3,26702.1,26720.2"
2026-04-21T18:30:00.000+07:00,"26720.3,26738.7,26719.1,26733.3"
2026-04-21T18:35:00.000+07:00,"26733.4,26743.2,26732.4,26739.6"
2026-04-21T18:40:00.000+07:00,"26739.4,26745.7,26728.4,26733.5"
2026-04-21T18:45:00.000+07:00,"26734.5,26740.8,26726.2,26736.2"
2026-04-21T18:50:00.000+07:00,"26736.5,26737.8,26723.5,26727.2"
2026-04-21T18:55:00.000+07:00,"26727,26728.5,26715.8,26717.6"
2026-04-21T19:00:00.000+07:00,"26720,26721,26705.9,26711.4"
2026-04-21T19:05:00.000+07:00,"26711.1,26725.9,26709.2,26725.6"
2026-04-21T19:10:00.000+07:00,"26725.3,26725.3,26699.6,26700.2"
2026-04-21T19:15:00.000+07:00,"26700.3,26704.7,26675.5,26677.7"
2026-04-21T19:20:00.000+07:00,"26678.2,26696.2,26672.9,26690.6"
2026-04-21T19:25:00.000+07:00,"26690.3,26706.9,26685.4,26706.7"
2026-04-21T19:30:00.000+07:00,"26705.6,26719.5,26696.4,26713.5"
2026-04-21T19:35:00.000+07:00,"26713.6,26716.6,26669,26678.6"
2026-04-21T19:40:00.000+07:00,"26678.5,26691.2,26661.2,26674.2"
2026-04-21T19:45:00.000+07:00,"26673.9,26687,26666.7,26668.2"
2026-04-21T19:50:00.000+07:00,"26668.3,26675.3,26658.9,26673.2"
2026-04-21T19:55:00.000+07:00,"26672.9,26678.9,26658.9,26666.9"
2026-04-21T20:00:00.000+07:00,"26666.6,26673,26656,26658.7"
2026-04-21T20:05:00.000+07:00,"26658,26661.7,26646.7,26650.4"
2026-04-21T20:10:00.000+07:00,"26650.3,26665.8,26649.1,26656.3"
2026-04-21T20:15:00.000+07:00,"26656.2,26663.9,26650.7,26659.3"
2026-04-21T20:20:00.000+07:00,"26659.4,26663.7,26645.2,26652.6"
2026-04-21T20:25:00.000+07:00,"26654.1,26663.7,26650.4,26655"
2026-04-21T20:30:00.000+07:00,"26654.2,26671.8,26583.8,26604.3"
2026-04-21T20:35:00.000+07:00,"26603.8,26612.3,26573.2,26587.5"
2026-04-21T20:40:00.000+07:00,"26587.6,26620.5,26578.4,26614.4"
2026-04-21T20:45:00.000+07:00,"26613.1,26634.1,26589.6,26616.4"
2026-04-21T20:50:00.000+07:00,"26616.5,26648.2,26601.6,26641"
2026-04-21T20:55:00.000+07:00,"26640.9,26684.3,26638.5,26684.2"
2026-04-21T21:00:00.000+07:00,"26684.1,26698.3,26666,26671.6"
2026-04-21T21:05:00.000+07:00,"26671.7,26715.4,26668.2,26707.7"
2026-04-21T21:10:00.000+07:00,"26707.3,26724,26694.2,26702.1"
2026-04-21T21:15:00.000+07:00,"26702.8,26730.9,26692.6,26696.8"
2026-04-21T21:20:00.000+07:00,"26695,26696,26659.5,26671.5"
2026-04-21T21:25:00.000+07:00,"26671.8,26690.5,26668.9,26685.8"
2026-04-21T21:30:00.000+07:00,"26686.2,26699.9,26671.8,26687"
2026-04-21T21:35:00.000+07:00,"26687.5,26697.2,26675.1,26679.5"
2026-04-21T21:40:00.000+07:00,"26678.8,26701.4,26662.9,26669.2"
2026-04-21T21:45:00.000+07:00,"26669.4,26674.7,26627.9,26640.8"
2026-04-21T21:50:00.000+07:00,"26641.9,26654.1,26621.9,26639.8"
2026-04-21T21:55:00.000+07:00,"26640,26640,26576.5,26583.6"
2026-04-21T22:00:00.000+07:00,"26583.3,26598,26516.7,26537.7"
2026-04-21T22:05:00.000+07:00,"26537.8,26594.2,26508.4,26591.8"
2026-04-21T22:10:00.000+07:00,"26591.6,26615.8,26590.7,26606.9"
2026-04-21T22:15:00.000+07:00,"26607.2,26630.3,26586.9,26624.2"
2026-04-21T22:20:00.000+07:00,"26625.2,26633,26593.4,26600.4"
2026-04-21T22:25:00.000+07:00,"26600.3,26601.2,26553.5,26569.7"
2026-04-21T22:30:00.000+07:00,"26570.2,26603.4,26568.2,26585.5"
2026-04-21T22:35:00.000+07:00,"26586.8,26587.6,26539.2,26574.5"
2026-04-21T22:40:00.000+07:00,"26574.3,26587.8,26557.2,26581.6"
2026-04-21T22:45:00.000+07:00,"26581.7,26607.6,26566.5,26589.2"
2026-04-21T22:50:00.000+07:00,"26588.5,26588.6,26562.3,26566.9"
2026-04-21T22:55:00.000+07:00,"26566.8,26595,26563.2,26577.8"
2026-04-21T23:00:00.000+07:00,"26577.6,26626.8,26577.6,26592.4"
2026-04-21T23:05:00.000+07:00,"26591.9,26606.7,26579.1,26600.6"
2026-04-21T23:10:00.000+07:00,"26600.7,26603.1,26566.9,26578.7"
2026-04-21T23:15:00.000+07:00,"26578.9,26599.4,26571.1,26593.3"
2026-04-21T23:20:00.000+07:00,"26593.8,26594.5,26560.6,26567.9"
2026-04-21T23:25:00.000+07:00,"26568.5,26569.5,26548.3,26551.3"
2026-04-21T23:30:00.000+07:00,"26551.8,26580.2,26550.2,26577.9"
2026-04-21T23:35:00.000+07:00,"26577.8,26593.3,26550.8,26560.4"
2026-04-21T23:40:00.000+07:00,"26559.3,26564.9,26517.5,26527.9"
2026-04-21T23:45:00.000+07:00,"26528.2,26561.3,26526.9,26558.3"
2026-04-21T23:50:00.000+07:00,"26558.4,26560.7,26533.9,26539.2"
2026-04-21T23:55:00.000+07:00,"26539.6,26540.2,26514.9,26517.6"
2026-04-22T00:00:00.000+07:00,"26518.7,26553.3,26518,26539"
2026-04-22T00:05:00.000+07:00,"26538.7,26538.7,26483.6,26518.7"
2026-04-22T00:10:00.000+07:00,"26518.8,26518.8,26464.5,26490.6"
2026-04-22T00:15:00.000+07:00,"26490.9,26502.3,26452.9,26456.3"
2026-04-22T00:20:00.000+07:00,"26456,26481.3,26447,26471.4"
2026-04-22T00:25:00.000+07:00,"26471.3,26494.7,26467.7,26480.9"
2026-04-22T00:30:00.000+07:00,"26479.3,26517.6,26476.8,26507.3"
2026-04-22T00:35:00.000+07:00,"26507.2,26577.9,26497.3,26559.3"
2026-04-22T00:40:00.000+07:00,"26558.5,26608.1,26551.9,26571.3"
2026-04-22T00:45:00.000+07:00,"26571.9,26576,26540.7,26556.5"
2026-04-22T00:50:00.000+07:00,"26556.4,26575.1,26542.7,26548.4"
2026-04-22T00:55:00.000+07:00,"26548,26549.4,26524.7,26546.3"
2026-04-22T01:00:00.000+07:00,"26546.4,26575.2,26545.5,26560.3"
2026-04-22T01:05:00.000+07:00,"26560.2,26575.7,26551.5,26560.1"
2026-04-22T01:10:00.000+07:00,"26560.5,26569.2,26547,26568.9"
2026-04-22T01:15:00.000+07:00,"26569,26577.8,26507,26527.2"
2026-04-22T01:20:00.000+07:00,"26527,26539.9,26517.1,26526.8"
2026-04-22T01:25:00.000+07:00,"26526.6,26536.5,26515.3,26525.1"
2026-04-22T01:30:00.000+07:00,"26525.2,26553.9,26524.4,26548.9"
2026-04-22T01:35:00.000+07:00,"26549.5,26550.4,26526.1,26537.7"
2026-04-22T01:40:00.000+07:00,"26537.4,26543.8,26529.4,26534.8"
2026-04-22T01:45:00.000+07:00,"26534.9,26537.2,26514.8,26517.5"
2026-04-22T01:50:00.000+07:00,"26517.6,26586.4,26512.3,26573"
2026-04-22T01:55:00.000+07:00,"26573.5,26591.4,26541.3,26570.1"
2026-04-22T02:00:00.000+07:00,"26570.2,26591.6,26570.1,26584.8"
2026-04-22T02:05:00.000+07:00,"26585.3,26595.5,26577.8,26588.7"
2026-04-22T02:10:00.000+07:00,"26588.8,26618.7,26566.8,26582.4"
2026-04-22T02:15:00.000+07:00,"26582.7,26597.5,26567.1,26582.8"
2026-04-22T02:20:00.000+07:00,"26581.7,26617.1,26580.9,26613.2"
2026-04-22T02:25:00.000+07:00,"26613.1,26626.1,26608.6,26622.1"
2026-04-22T02:30:00.000+07:00,"26623.3,26632.5,26608.9,26614.4"
2026-04-22T02:35:00.000+07:00,"26614.5,26614.5,26546.3,26569.7"
2026-04-22T02:40:00.000+07:00,"26569.4,26572,26398.2,26419.3"
2026-04-22T02:45:00.000+07:00,"26420.9,26474.6,26416.2,26456"
2026-04-22T02:50:00.000+07:00,"26457.5,26497.2,26438,26446.3"
2026-04-22T02:55:00.000+07:00,"26446.5,26490.1,26434.9,26487.5"
2026-04-22T03:00:00.000+07:00,"26486.6,26491,26452.5,26456"
2026-04-22T03:05:00.000+07:00,"26457.7,26613.1,26449.6,26570.3"
2026-04-22T03:10:00.000+07:00,"26578.6,26640.9,26526.1,26593.7"
2026-04-22T03:15:00.000+07:00,"26594.9,26619,26582.8,26586.7"
2026-04-22T03:20:00.000+07:00,"26587,26619.2,26583.6,26614.8"
2026-04-22T03:25:00.000+07:00,"26615,26615,26582,26585.9"
2026-04-22T03:30:00.000+07:00,"26585.6,26592.2,26567.2,26590"
2026-04-22T03:35:00.000+07:00,"26590.5,26592.3,26581.8,26584.9"
2026-04-22T03:40:00.000+07:00,"26585,26585,26559.7,26567.3"
2026-04-22T03:45:00.000+07:00,"26568.1,26574.7,26552,26571.1"
2026-04-22T03:50:00.000+07:00,"26571.6,26590.8,26569.5,26588.5"
2026-04-22T03:55:00.000+07:00,"26588.6,26590,26564.7,26571.6"
2026-04-22T04:00:00.000+07:00,"26571.8,26577.2,26568.9,26575"
2026-04-22T04:05:00.000+07:00,"26575.1,26578.2,26572.7,26575.9"
2026-04-22T04:10:00.000+07:00,"26575.8,26578.6,26573.4,26578.6"
2026-04-22T04:15:00.000+07:00,"26578.2,26578.8,26575.7,26578"
2026-04-22T04:20:00.000+07:00,"26577.6,26577.7,26575.3,26577"
2026-04-22T04:25:00.000+07:00,"26575.5,26576.1,26574.7,26574.9"
2026-04-22T04:30:00.000+07:00,"26575,26585.3,26575,26585.2"
2026-04-22T04:35:00.000+07:00,"26585.4,26586.8,26578.9,26580.3"
2026-04-22T04:40:00.000+07:00,"26579.9,26585.1,26576.9,26585.1"
2026-04-22T04:45:00.000+07:00,"26585,26587.6,26583.8,26585.1"
2026-04-22T04:50:00.000+07:00,"26585.5,26586.8,26584.5,26586.6"
2026-04-22T04:55:00.000+07:00,"26586.9,26590,26586.3,26586.3"
2026-04-22T05:00:00.000+07:00,"26587.1,26600.9,26576.4,26593.9"
2026-04-22T05:05:00.000+07:00,"26594,26605.3,26589.8,26599"
2026-04-22T05:10:00.000+07:00,"26599.4,26610.8,26597.1,26604.8"
2026-04-22T05:15:00.000+07:00,"26604.7,26609.6,26598.6,26601.7"
2026-04-22T05:20:00.000+07:00,"26601.6,26605.6,26597.1,26599.2"
2026-04-22T05:25:00.000+07:00,"26598.9,26601.8,26595.8,26599.9"
2026-04-22T05:30:00.000+07:00,"26600,26605.9,26592.2,26597.5"
2026-04-22T05:35:00.000+07:00,"26597.3,26601.4,26596.6,26597.5"
2026-04-22T05:40:00.000+07:00,"26598,26601.9,26596,26596.9"
2026-04-22T05:45:00.000+07:00,"26597,26601.4,26596.9,26598.4"
2026-04-22T05:50:00.000+07:00,"26598.7,26599.3,26584,26592.1"
2026-04-22T05:55:00.000+07:00,"26592.2,26594.4,26583,26591.9"
2026-04-22T06:00:00.000+07:00,"26591.8,26599.8,26584.3,26595.3"
2026-04-22T06:05:00.000+07:00,"26595.5,26599.5,26595.3,26596.5"
2026-04-22T06:10:00.000+07:00,"26596.1,26598.6,26592.8,26596.5"
2026-04-22T06:15:00.000+07:00,"26595.6,26603.7,26594,26602.9"
2026-04-22T06:20:00.000+07:00,"26601.4,26602,26592.3,26593.1"
2026-04-22T06:25:00.000+07:00,"26593.2,26598.1,26592,26596.3"
2026-04-22T06:30:00.000+07:00,"26596.4,26601,26589.7,26596.3"
2026-04-22T06:35:00.000+07:00,"26596.4,26604.1,26588.2,26601.6"
2026-04-22T06:40:00.000+07:00,"26601.7,26611.8,26601.3,26610"
2026-04-22T06:45:00.000+07:00,"26610.1,26620.5,26610.1,26620.1"
2026-04-22T06:50:00.000+07:00,"26620.3,26626.5,26617.9,26620.4"
2026-04-22T06:55:00.000+07:00,"26620.2,26622,26616.8,26621.5"
2026-04-22T07:00:00.000+07:00,"26621.7,26633.3,26620.8,26628.2"
2026-04-22T07:05:00.000+07:00,"26628.3,26643.7,26622.7,26639.5"
2026-04-22T07:10:00.000+07:00,"26639.6,26659.9,26638.2,26652.4"
2026-04-22T07:15:00.000+07:00,"26652.2,26664.5,26644.8,26658.6"
2026-04-22T07:20:00.000+07:00,"26658.4,26664.4,26656.5,26658.5"
2026-04-22T07:25:00.000+07:00,"26658.4,26660.6,26649.8,26651.5"
2026-04-22T07:30:00.000+07:00,"26651.6,26667.2,26651,26659.2"
2026-04-22T07:35:00.000+07:00,"26658.9,26667.2,26657.4,26659.7"
2026-04-22T07:40:00.000+07:00,"26659.9,26661.5,26655.6,26657.8"
2026-04-22T07:45:00.000+07:00,"26657.6,26658.8,26646.7,26647.2"
2026-04-22T07:50:00.000+07:00,"26647.5,26651.4,26641.5,26649.3"
2026-04-22T07:55:00.000+07:00,"26649.4,26651.9,26643.3,26644.9"
2026-04-22T08:00:00.000+07:00,"26644.8,26660.8,26643.6,26659"
2026-04-22T08:05:00.000+07:00,"26658.9,26662.3,26650.6,26657.3"
2026-04-22T08:10:00.000+07:00,"26657.2,26660.1,26651.3,26653.3"
2026-04-22T08:15:00.000+07:00,"26653.5,26655.7,26643,26644.8"
2026-04-22T08:20:00.000+07:00,"26644.5,26655.6,26643.6,26649.9"
2026-04-22T08:25:00.000+07:00,"26649.7,26657.1,26648.9,26652.2"
2026-04-22T08:30:00.000+07:00,"26652,26657.9,26651,26655.4"
2026-04-22T08:35:00.000+07:00,"26655.2,26682.5,26654.7,26676"
2026-04-22T08:40:00.000+07:00,"26675.5,26677.3,26662.5,26665.7"
2026-04-22T08:45:00.000+07:00,"26665.5,26668.2,26656.5,26667"
2026-04-22T08:50:00.000+07:00,"26667.1,26673.4,26665.6,26668.6"
2026-04-22T08:55:00.000+07:00,"26668.7,26671.4,26664.1,26668.9"
2026-04-22T09:00:00.000+07:00,"26669.1,26681.8,26667.4,26667.4"
2026-04-22T09:05:00.000+07:00,"26667.5,26673.3,26665,26670.2"
2026-04-22T09:10:00.000+07:00,"26670.3,26677.6,26670.3,26675.1"
2026-04-22T09:15:00.000+07:00,"26675,26678.2,26672.8,26676.1"
2026-04-22T09:20:00.000+07:00,"26675.9,26680.1,26670.3,26670.3"
2026-04-22T09:25:00.000+07:00,"26670.1,26679.7,26665.6,26676.9"
2026-04-22T09:30:00.000+07:00,"26676.4,26678.9,26664.8,26670.2"
2026-04-22T09:35:00.000+07:00,"26670.3,26673.6,26667.9,26669.7"
2026-04-22T09:40:00.000+07:00,"26669.8,26670.9,26665.5,26667.5"
2026-04-22T09:45:00.000+07:00,"26667.7,26669.6,26664.5,26666.5"
2026-04-22T09:50:00.000+07:00,"26665.9,26669.9,26664.8,26669.4"
2026-04-22T09:55:00.000+07:00,"26669.7,26671.9,26664.5,26665.5"
2026-04-22T10:00:00.000+07:00,"26665.6,26669.6,26661.3,26669.1"
2026-04-22T10:05:00.000+07:00,"26669.2,26675.9,26668.8,26670.5"
2026-04-22T10:10:00.000+07:00,"26670.3,26671.4,26654,26657.9"
2026-04-22T10:15:00.000+07:00,"26658.1,26660.8,26655.1,26657"
2026-04-22T10:20:00.000+07:00,"26657.1,26660.3,26654.1,26659.4"
2026-04-22T10:25:00.000+07:00,"26659.2,26660.9,26657.2,26659.4"
2026-04-22T10:30:00.000+07:00,"26659.5,26672.9,26659.5,26667.8"
2026-04-22T10:35:00.000+07:00,"26668.2,26669.2,26656.4,26659.7"
2026-04-22T10:40:00.000+07:00,"26659.5,26663.2,26653.3,26661.9"
2026-04-22T10:45:00.000+07:00,"26662.2,26664.4,26659.3,26661.1"
2026-04-22T10:50:00.000+07:00,"26661.2,26663.8,26656,26658.3"
2026-04-22T10:55:00.000+07:00,"26658.2,26661.3,26653.9,26657.7"
2026-04-22T11:00:00.000+07:00,"26657.9,26664.7,26656,26662.6"
2026-04-22T11:05:00.000+07:00,"26662.5,26662.5,26658.6,26660.4"
2026-04-22T11:10:00.000+07:00,"26660.2,26666.2,26648.6,26662.1"
2026-04-22T11:15:00.000+07:00,"26661.7,26663.9,26649.5,26652.9"
2026-04-22T11:20:00.000+07:00,"26652.7,26653.1,26646.7,26648.3"
2026-04-22T11:25:00.000+07:00,"26647.9,26651.5,26645.4,26646"
2026-04-22T11:30:00.000+07:00,"26645.8,26647.2,26640.3,26643.8"
2026-04-22T11:35:00.000+07:00,"26643.9,26650.7,26642.9,26644.7"
2026-04-22T11:40:00.000+07:00,"26644.6,26646.6,26640.7,26644.8"
2026-04-22T11:45:00.000+07:00,"26644.7,26651,26644.5,26647.7"
2026-04-22T11:50:00.000+07:00,"26647.6,26647.7,26629.7,26630.8"
2026-04-22T11:55:00.000+07:00,"26630.6,26630.6,26622.7,26628"
2026-04-22T12:00:00.000+07:00,"26628.6,26634.9,26616.1,26631.8"
2026-04-22T12:05:00.000+07:00,"26631.9,26642,26628.8,26638.6"
2026-04-22T12:10:00.000+07:00,"26638.5,26646.6,26638.4,26641.4"
2026-04-22T12:15:00.000+07:00,"26641.2,26694.1,26639.7,26680.7"
2026-04-22T12:20:00.000+07:00,"26680.8,26698.4,26678.1,26694"
2026-04-22T12:25:00.000+07:00,"26694.1,26706.2,26675.3,26675.7"
2026-04-22T12:30:00.000+07:00,"26675.9,26686.9,26672.3,26682.3"
2026-04-22T12:35:00.000+07:00,"26682.2,26686.8,26675.7,26675.7"
2026-04-22T12:40:00.000+07:00,"26675.1,26690.5,26671.3,26682.8"
2026-04-22T12:45:00.000+07:00,"26682.7,26693,26679.1,26680.1"
2026-04-22T12:50:00.000+07:00,"26679.7,26690.1,26677.6,26684.4"
2026-04-22T12:55:00.000+07:00,"26684,26685.4,26679.8,26679.8"
2026-04-22T13:00:00.000+07:00,"26679.9,26683.9,26670.6,26673.8"
2026-04-22T13:05:00.000+07:00,"26673.9,26678.8,26655.3,26662.4"
2026-04-22T13:10:00.000+07:00,"26662.3,26665,26657.4,26659.7"
2026-04-22T13:15:00.000+07:00,"26659.8,26664.5,26652,26662.8"
2026-04-22T13:20:00.000+07:00,"26662.7,26666.9,26660.9,26666.1"
2026-04-22T13:25:00.000+07:00,"26666.2,26672.5,26663,26672"
2026-04-22T13:30:00.000+07:00,"26671.3,26693.6,26671.3,26687.2"
2026-04-22T13:35:00.000+07:00,"26687.3,26694.3,26685.7,26687.3"
2026-04-22T13:40:00.000+07:00,"26687.2,26692.8,26684.3,26684.8"
2026-04-22T13:45:00.000+07:00,"26685.1,26693.7,26680.7,26687.5"
2026-04-22T13:50:00.000+07:00,"26686.6,26693,26681.5,26682.9"
2026-04-22T13:55:00.000+07:00,"26683.3,26685.4,26679.4,26684.7"
2026-04-22T14:00:00.000+07:00,"26684.9,26692.5,26680.8,26686.7"
2026-04-22T14:05:00.000+07:00,"26686.8,26694.9,26682.5,26693.2"
2026-04-22T14:10:00.000+07:00,"26693.3,26696.7,26686.4,26693.1"
2026-04-22T14:15:00.000+07:00,"26692.9,26693.4,26675.3,26679.4"
2026-04-22T14:20:00.000+07:00,"26678.9,26693.8,26677.8,26690.4"
2026-04-22T14:25:00.000+07:00,"26690.5,26702.1,26688.6,26697.8"
2026-04-22T14:30:00.000+07:00,"26698.1,26702.7,26695.1,26698.9"
2026-04-22T14:35:00.000+07:00,"26699.1,26703.5,26696,26696.7"
2026-04-22T14:40:00.000+07:00,"26696.5,26714,26688.3,26710"
2026-04-22T14:45:00.000+07:00,"26709.7,26712.8,26698.3,26701.9"
2026-04-22T14:50:00.000+07:00,"26701.8,26706.9,26693.6,26696.4"
2026-04-22T14:55:00.000+07:00,"26696.5,26705.2,26694.4,26694.8"
2026-04-22T15:00:00.000+07:00,"26694.9,26700.7,26681.3,26683"
2026-04-22T15:05:00.000+07:00,"26683.1,26691.3,26676.3,26676.8"
2026-04-22T15:10:00.000+07:00,"26676.9,26691.7,26676.6,26685"
2026-04-22T15:15:00.000+07:00,"26685.1,26687,26672.9,26674.3"
2026-04-22T15:20:00.000+07:00,"26674.1,26675.1,26657.2,26662"
2026-04-22T15:25:00.000+07:00,"26662.1,26673.1,26656.9,26658.6"
2026-04-22T15:30:00.000+07:00,"26658.5,26670.8,26635.9,26642.9"
2026-04-22T15:35:00.000+07:00,"26642.7,26649.4,26630.9,26634"
2026-04-22T15:40:00.000+07:00,"26633.5,26657.9,26628.3,26654.1"
2026-04-22T15:45:00.000+07:00,"26653.9,26657.5,26642.9,26651.5"
2026-04-22T15:50:00.000+07:00,"26651.6,26664.1,26649.5,26664"
2026-04-22T15:55:00.000+07:00,"26664.1,26670.3,26660.1,26668.9"
2026-04-22T16:00:00.000+07:00,"26668.4,26696.7,26664.6,26680.7"
2026-04-22T16:05:00.000+07:00,"26680.6,26698.7,26680.6,26691"
2026-04-22T16:10:00.000+07:00,"26690.5,26699.4,26686.7,26696.1"
2026-04-22T16:15:00.000+07:00,"26696,26700.8,26691.8,26691.9"
2026-04-22T16:20:00.000+07:00,"26691.8,26708.7,26688.3,26703.7"
2026-04-22T16:25:00.000+07:00,"26703.8,26708.9,26701,26705"
2026-04-22T16:30:00.000+07:00,"26704.8,26705.7,26696.3,26700.3"
2026-04-22T16:35:00.000+07:00,"26700.1,26705,26696.4,26698.5"
2026-04-22T16:40:00.000+07:00,"26697.8,26708.7,26697.5,26707.8"
2026-04-22T16:45:00.000+07:00,"26707.4,26712.6,26698.5,26699.8"
2026-04-22T16:50:00.000+07:00,"26699.7,26703.5,26670.3,26677.1"
2026-04-22T16:55:00.000+07:00,"26677.2,26679.3,26657.9,26675"
2026-04-22T17:00:00.000+07:00,"26674.7,26689.7,26658,26668.3"
2026-04-22T17:05:00.000+07:00,"26668.4,26683.5,26658.9,26668.9"
2026-04-22T17:10:00.000+07:00,"26668.7,26677.8,26655.3,26663.2"
2026-04-22T17:15:00.000+07:00,"26662.8,26677,26662.2,26673.6"
2026-04-22T17:20:00.000+07:00,"26674.1,26684.9,26667.9,26674.7"
2026-04-22T17:25:00.000+07:00,"26674.5,26685.7,26672.6,26682.7"
2026-04-22T17:30:00.000+07:00,"26682.5,26694.2,26679.2,26692.1"
2026-04-22T17:35:00.000+07:00,"26692,26698,26680,26684"
2026-04-22T17:40:00.000+07:00,"26683.9,26686,26674.1,26678.6"
2026-04-22T17:45:00.000+07:00,"26678.5,26680.6,26671.5,26676.1"
2026-04-22T17:50:00.000+07:00,"26676.2,26683.5,26674.5,26681.6"
2026-04-22T17:55:00.000+07:00,"26681.5,26681.8,26673.2,26674.8"
2026-04-22T18:00:00.000+07:00,"26675.7,26683.3,26667.3,26674.8"
2026-04-22T18:05:00.000+07:00,"26675.3,26680.9,26671.3,26673"
2026-04-22T18:10:00.000+07:00,"26673.1,26680.4,26666.7,26668.8"
2026-04-22T18:15:00.000+07:00,"26668.6,26679.3,26663.9,26674.9"
2026-04-22T18:20:00.000+07:00,"26675.1,26680.4,26661.1,26661.4"
2026-04-22T18:25:00.000+07:00,"26661.5,26671,26660,26666.5"
2026-04-22T18:30:00.000+07:00,"26666.7,26674.8,26662.2,26667.8"
2026-04-22T18:35:00.000+07:00,"26667.7,26670.9,26658.7,26668.7"
2026-04-22T18:40:00.000+07:00,"26668.8,26673.7,26656,26660.8"
2026-04-22T18:45:00.000+07:00,"26661,26683.3,26657.4,26680.9"
2026-04-22T18:50:00.000+07:00,"26680.5,26688.9,26678,26686.2"
2026-04-22T18:55:00.000+07:00,"26686.4,26687,26678.8,26682.9"
2026-04-22T19:00:00.000+07:00,"26682.7,26713.9,26682.5,26708.7"
2026-04-22T19:05:00.000+07:00,"26708.8,26721.5,26706.2,26717"
2026-04-22T19:10:00.000+07:00,"26717.1,26748.9,26711.1,26745.2"
2026-04-22T19:15:00.000+07:00,"26745.5,26747.9,26730.9,26737.4"
2026-04-22T19:20:00.000+07:00,"26737.2,26740.3,26726.5,26733.5"
2026-04-22T19:25:00.000+07:00,"26733.7,26747.5,26714.6,26718.5"
2026-04-22T19:30:00.000+07:00,"26718,26726.3,26707.3,26719.7"
2026-04-22T19:35:00.000+07:00,"26719.5,26719.5,26693.2,26699.8"
2026-04-22T19:40:00.000+07:00,"26700,26707.5,26687.7,26691"
2026-04-22T19:45:00.000+07:00,"26690.8,26701.8,26671.7,26675.7"
2026-04-22T19:50:00.000+07:00,"26675.6,26684.7,26672,26684.5"
2026-04-22T19:55:00.000+07:00,"26684,26689.3,26669.5,26671.7"
2026-04-22T20:00:00.000+07:00,"26671.8,26682,26666.6,26677"
2026-04-22T20:05:00.000+07:00,"26677.1,26724.2,26671.9,26689.3"
2026-04-22T20:10:00.000+07:00,"26689.1,26692.8,26674.6,26685"
2026-04-22T20:15:00.000+07:00,"26686.5,26724.9,26674.7,26714.3"
2026-04-22T20:20:00.000+07:00,"26714.7,26729.8,26695.1,26718.6"
2026-04-22T20:25:00.000+07:00,"26718.5,26735.4,26714.4,26729.6"
2026-04-22T20:30:00.000+07:00,"26729.3,26741.1,26663.5,26674.7"
2026-04-22T20:35:00.000+07:00,"26675,26700.8,26667.1,26683.1"
2026-04-22T20:40:00.000+07:00,"26683.2,26711.1,26679.2,26701.9"
2026-04-22T20:45:00.000+07:00,"26701.7,26729.4,26674.4,26687.1"
2026-04-22T20:50:00.000+07:00,"26686.7,26712,26661.1,26711.5"
2026-04-22T20:55:00.000+07:00,"26711.7,26713.9,26685.4,26713.7"
2026-04-22T21:00:00.000+07:00,"26713.6,26748,26708.8,26735.2"
2026-04-22T21:05:00.000+07:00,"26734.9,26754.3,26701.9,26739.4"
2026-04-22T21:10:00.000+07:00,"26739.3,26774.7,26738.2,26772.2"
2026-04-22T21:15:00.000+07:00,"26772.3,26795.2,26772.2,26794.8"
2026-04-22T21:20:00.000+07:00,"26795.1,26826.2,26789.8,26817"
2026-04-22T21:25:00.000+07:00,"26816.2,26841.1,26810.9,26840.5"
2026-04-22T21:30:00.000+07:00,"26840.4,26845.3,26799.3,26814.9"
2026-04-22T21:35:00.000+07:00,"26814.8,26851.8,26793.9,26844.6"
2026-04-22T21:40:00.000+07:00,"26844,26855.5,26810.7,26818.4"
2026-04-22T21:45:00.000+07:00,"26818.3,26838.6,26816.9,26827.2"
2026-04-22T21:50:00.000+07:00,"26827.3,26839.7,26795.9,26817.9"
2026-04-22T21:55:00.000+07:00,"26817.8,26823.7,26801.8,26821.1"
2026-04-22T22:00:00.000+07:00,"26821,26826.8,26790.3,26797.6"
2026-04-22T22:05:00.000+07:00,"26797.5,26834.6,26793.3,26818.3"
2026-04-22T22:10:00.000+07:00,"26818.4,26831.7,26811.6,26823.9"
2026-04-22T22:15:00.000+07:00,"26823.8,26834.2,26812.8,26829.8"
2026-04-22T22:20:00.000+07:00,"26829.7,26855.2,26828.5,26841.5"
2026-04-22T22:25:00.000+07:00,"26841.6,26854.6,26824.6,26838.4"
2026-04-22T22:30:00.000+07:00,"26838.6,26850.3,26829.8,26837.4"
2026-04-22T22:35:00.000+07:00,"26837.7,26844.2,26824.1,26840.2"
2026-04-22T22:40:00.000+07:00,"26840.3,26850.9,26814.2,26815.7"
2026-04-22T22:45:00.000+07:00,"26815.9,26847.2,26809.2,26841.8"
2026-04-22T22:50:00.000+07:00,"26841.6,26844.2,26826.9,26836.7"
2026-04-22T22:55:00.000+07:00,"26836.5,26849.3,26822.9,26826.8"
2026-04-22T23:00:00.000+07:00,"26827,26842.7,26812.4,26840.1"
2026-04-22T23:05:00.000+07:00,"26840,26849,26833.3,26840"
2026-04-22T23:10:00.000+07:00,"26839.9,26845.4,26826.3,26842.5"
2026-04-22T23:15:00.000+07:00,"26842.7,26847.7,26819.3,26819.7"
2026-04-22T23:20:00.000+07:00,"26821.6,26842.9,26821.6,26834.2"
2026-04-22T23:25:00.000+07:00,"26833.9,26838.7,26818.5,26822.1"
2026-04-22T23:30:00.000+07:00,"26822.4,26834.9,26806.8,26822.3"
2026-04-22T23:35:00.000+07:00,"26822,26834.5,26813.6,26830.5"
2026-04-22T23:40:00.000+07:00,"26829.4,26838.3,26806.3,26815.3"
2026-04-22T23:45:00.000+07:00,"26815.1,26828.9,26810.2,26827.2"
2026-04-22T23:50:00.000+07:00,"26827.1,26830.6,26809,26825"
2026-04-22T23:55:00.000+07:00,"26825.3,26825.4,26805.4,26813.2"
2026-04-23T00:00:00.000+07:00,"26813.1,26846.5,26813.1,26845.5"
2026-04-23T00:05:00.000+07:00,"26845.3,26852.6,26837.2,26852.2"
2026-04-23T00:10:00.000+07:00,"26852.5,26883.5,26851.4,26866"
2026-04-23T00:15:00.000+07:00,"26866.4,26874.9,26855.3,26861.8"
2026-04-23T00:20:00.000+07:00,"26859.7,26895.9,26859.7,26883.4"
2026-04-23T00:25:00.000+07:00,"26882.4,26887,26870.4,26874.4"
2026-04-23T00:30:00.000+07:00,"26874.2,26888.3,26872,26878.1"
2026-04-23T00:35:00.000+07:00,"26878.3,26884.4,26871.9,26874.9"
2026-04-23T00:40:00.000+07:00,"26875.3,26888.6,26875.3,26886.4"
2026-04-23T00:45:00.000+07:00,"26886.3,26893.3,26867.2,26885.4"
2026-04-23T00:50:00.000+07:00,"26886.2,26894.6,26882,26886.4"
2026-04-23T00:55:00.000+07:00,"26886.1,26888.1,26876.3,26877.3"
2026-04-23T01:00:00.000+07:00,"26877.7,26889.2,26873.5,26884"
2026-04-23T01:05:00.000+07:00,"26883.8,26887.4,26873.7,26874.4"
2026-04-23T01:10:00.000+07:00,"26873,26882.5,26870.9,26877.6"
2026-04-23T01:15:00.000+07:00,"26877.8,26877.8,26856.6,26862.7"
2026-04-23T01:20:00.000+07:00,"26862.9,26863.8,26841.4,26854.8"
2026-04-23T01:25:00.000+07:00,"26854.6,26859.9,26847,26847.6"
2026-04-23T01:30:00.000+07:00,"26847.9,26867.1,26845,26857.1"
2026-04-23T01:35:00.000+07:00,"26856.9,26867,26856.3,26866.6"
2026-04-23T01:40:00.000+07:00,"26867,26876.1,26864,26872.6"
2026-04-23T01:45:00.000+07:00,"26872.7,26881.8,26867,26879.3"
2026-04-23T01:50:00.000+07:00,"26878.9,26887.4,26875.5,26877.9"
2026-04-23T01:55:00.000+07:00,"26877.7,26878.1,26859.6,26861.2"
2026-04-23T02:00:00.000+07:00,"26860.4,26863.7,26826.1,26842.6"
2026-04-23T02:05:00.000+07:00,"26842.9,26872.7,26836.2,26870.8"
2026-04-23T02:10:00.000+07:00,"26870.9,26881.7,26866.5,26878"
2026-04-23T02:15:00.000+07:00,"26878.1,26898.8,26877,26897.1"
2026-04-23T02:20:00.000+07:00,"26897.9,26904.5,26888.2,26894.2"
2026-04-23T02:25:00.000+07:00,"26893.7,26904.2,26890.8,26893.4"
2026-04-23T02:30:00.000+07:00,"26892.7,26901.6,26884.2,26895.6"
2026-04-23T02:35:00.000+07:00,"26894.4,26900.6,26886.8,26896.7"
2026-04-23T02:40:00.000+07:00,"26897.8,26903.5,26896.1,26902.4"
2026-04-23T02:45:00.000+07:00,"26902.6,26914.6,26898.8,26911.4"
2026-04-23T02:50:00.000+07:00,"26912.5,26941.8,26901.1,26932.9"
2026-04-23T02:55:00.000+07:00,"26933,26940.6,26919.8,26928.5"
2026-04-23T03:00:00.000+07:00,"26930,26973.3,26919.4,26965.8"
2026-04-23T03:05:00.000+07:00,"26966.1,26984.3,26962.6,26974.9"
2026-04-23T03:10:00.000+07:00,"26973.6,26976.4,26958,26960"
2026-04-23T03:15:00.000+07:00,"26960.1,26971.6,26942.4,26955.7"
2026-04-23T03:20:00.000+07:00,"26956.1,26959.1,26945.4,26946.9"
2026-04-23T03:25:00.000+07:00,"26947.4,26958.1,26947.1,26955.5"
2026-04-23T03:30:00.000+07:00,"26955.2,26963.6,26954.2,26958.7"
2026-04-23T03:35:00.000+07:00,"26958.5,26962.6,26925.9,26943"
2026-04-23T03:40:00.000+07:00,"26942.2,26950.9,26942.2,26947.9"
2026-04-23T03:45:00.000+07:00,"26946.6,26949.6,26942.5,26945.2"
2026-04-23T03:50:00.000+07:00,"26945,26955.9,26944.5,26955.4"
2026-04-23T03:55:00.000+07:00,"26955.6,26959.6,26950.1,26958.1"
2026-04-23T04:00:00.000+07:00,"26957.9,26962.7,26954.7,26960.8"
2026-04-23T04:05:00.000+07:00,"26960.1,26963.3,26958.4,26963.1"
2026-04-23T04:10:00.000+07:00,"26964.3,26968.4,26963,26966.8"
2026-04-23T04:15:00.000+07:00,"26966.7,26967,26957.4,26963.6"
2026-04-23T04:20:00.000+07:00,"26961.6,26961.7,26954.1,26961.1"
2026-04-23T04:25:00.000+07:00,"26961.9,26965.8,26956.2,26965.8"
2026-04-23T04:30:00.000+07:00,"26965.7,26965.8,26959.5,26965.8"
2026-04-23T04:35:00.000+07:00,"26961.3,26965.2,26954.5,26957.3"
2026-04-23T04:40:00.000+07:00,"26957.1,26957.1,26941.2,26942.3"
2026-04-23T04:45:00.000+07:00,"26942.8,26946.2,26935.8,26936.4"
2026-04-23T04:50:00.000+07:00,"26936.5,26936.5,26927.9,26933.7"
2026-04-23T04:55:00.000+07:00,"26933.6,26935,26926.5,26931.2"
2026-04-23T05:00:00.000+07:00,"26926.2,26945.8,26919.2,26932.6"
2026-04-23T05:05:00.000+07:00,"26932.7,26944.6,26931.4,26941.2"
2026-04-23T05:10:00.000+07:00,"26941.1,26945,26936.6,26938.1"
2026-04-23T05:15:00.000+07:00,"26937.8,26950.6,26935.1,26948.5"
2026-04-23T05:20:00.000+07:00,"26948,26951.2,26940.8,26943.1"
2026-04-23T05:25:00.000+07:00,"26943.3,26949.4,26934.2,26934.6"
2026-04-23T05:30:00.000+07:00,"26934.5,26938,26930,26936.9"
2026-04-23T05:35:00.000+07:00,"26937.1,26938.2,26931.2,26937"
2026-04-23T05:40:00.000+07:00,"26936.8,26941.9,26932,26934.9"
2026-04-23T05:45:00.000+07:00,"26934.7,26940.5,26934.6,26939.8"
2026-04-23T05:50:00.000+07:00,"26939.9,26942.9,26937.5,26938.5"
2026-04-23T05:55:00.000+07:00,"26938.6,26944.3,26936.1,26940.9"
2026-04-23T06:00:00.000+07:00,"26941.1,26942.5,26934.4,26937.8"
2026-04-23T06:05:00.000+07:00,"26937.7,26939.1,26935,26938.2"
2026-04-23T06:10:00.000+07:00,"26938.1,26945.1,26937.6,26944.7"
2026-04-23T06:15:00.000+07:00,"26944.6,26948,26941.3,26948"
2026-04-23T06:20:00.000+07:00,"26948.4,26952,26943.6,26948.6"
2026-04-23T06:25:00.000+07:00,"26949.1,26950,26946.5,26948.9"
2026-04-23T06:30:00.000+07:00,"26948.8,26948.9,26941,26945.7"
2026-04-23T06:35:00.000+07:00,"26946,26948.5,26942.5,26943.7"
2026-04-23T06:40:00.000+07:00,"26943.3,26946.9,26941.5,26945.5"
2026-04-23T06:45:00.000+07:00,"26945.6,26953.2,26944.6,26950.2"
2026-04-23T06:50:00.000+07:00,"26950.1,26952.2,26944.6,26948.4"
2026-04-23T06:55:00.000+07:00,"26947.7,26953,26944.9,26949.4"
2026-04-23T07:00:00.000+07:00,"26949.3,26952.1,26932,26932.6"
2026-04-23T07:05:00.000+07:00,"26932.2,26937.9,26896.3,26897.3"
2026-04-23T07:10:00.000+07:00,"26897.5,26902.7,26788.5,26789.9"
2026-04-23T07:15:00.000+07:00,"26790.7,26897.2,26702.7,26883.1"
2026-04-23T07:20:00.000+07:00,"26884.4,26902.9,26845.3,26856.3"
2026-04-23T07:25:00.000+07:00,"26857.5,26908.6,26856.9,26903.5"
2026-04-23T07:30:00.000+07:00,"26903.3,26925.3,26892.5,26904.4"
2026-04-23T07:35:00.000+07:00,"26904.6,26914,26889.2,26897.2"
2026-04-23T07:40:00.000+07:00,"26896.5,26907.2,26890,26900"
2026-04-23T07:45:00.000+07:00,"26899.9,26918.6,26894.6,26900.8"
2026-04-23T07:50:00.000+07:00,"26900.9,26916.6,26896.5,26908.9"
2026-04-23T07:55:00.000+07:00,"26908.6,26914.8,26906.5,26912"
2026-04-23T08:00:00.000+07:00,"26911.9,26915.6,26904.2,26906.1"
2026-04-23T08:05:00.000+07:00,"26906.8,26912.7,26899.8,26904.1"
2026-04-23T08:10:00.000+07:00,"26903.9,26905.9,26878.8,26885.8"
2026-04-23T08:15:00.000+07:00,"26885.6,26892.4,26874.6,26880.1"
2026-04-23T08:20:00.000+07:00,"26880,26883.7,26872.6,26876.9"
2026-04-23T08:25:00.000+07:00,"26876.8,26892,26867.4,26870.3"
2026-04-23T08:30:00.000+07:00,"26870.2,26888.1,26860.7,26865.5"
2026-04-23T08:35:00.000+07:00,"26865.6,26874,26856.1,26863.9"
2026-04-23T08:40:00.000+07:00,"26863.8,26875.9,26860.4,26870.8"
2026-04-23T08:45:00.000+07:00,"26870.7,26872,26855.1,26862.3"
2026-04-23T08:50:00.000+07:00,"26862.2,26862.2,26847.2,26848.3"
2026-04-23T08:55:00.000+07:00,"26849.1,26856.6,26848.8,26854.9"
2026-04-23T09:00:00.000+07:00,"26855,26855.7,26842.9,26847.5"
2026-04-23T09:05:00.000+07:00,"26847.6,26848,26835.5,26836.7"
2026-04-23T09:10:00.000+07:00,"26836.5,26838,26809.7,26810.4"
2026-04-23T09:15:00.000+07:00,"26810.1,26832.1,26802.2,26818.1"
2026-04-23T09:20:00.000+07:00,"26817.9,26847.3,26814.8,26828.7"
2026-04-23T09:25:00.000+07:00,"26828.8,26842.1,26817.7,26818.5"
2026-04-23T09:30:00.000+07:00,"26818.4,26827.2,26806.2,26823.2"
2026-04-23T09:35:00.000+07:00,"26823.4,26835.1,26802.4,26816.1"
2026-04-23T09:40:00.000+07:00,"26816.3,26821.8,26804.8,26812.3"
2026-04-23T09:45:00.000+07:00,"26812.2,26817.5,26805,26814.9"
2026-04-23T09:50:00.000+07:00,"26814.8,26825.3,26809.8,26816.8"
2026-04-23T09:55:00.000+07:00,"26816.7,26818.4,26799.2,26804.5"
2026-04-23T10:00:00.000+07:00,"26804.8,26814.2,26796,26800.7"
2026-04-23T10:05:00.000+07:00,"26800.5,26803.1,26784.3,26788"
2026-04-23T10:10:00.000+07:00,"26787.9,26788.5,26765.8,26771.5"
2026-04-23T10:15:00.000+07:00,"26771.4,26772.4,26751.8,26752.9"
2026-04-23T10:20:00.000+07:00,"26753,26764.3,26750.2,26756.5"
2026-04-23T10:25:00.000+07:00,"26756.6,26762,26750.1,26751.5"
2026-04-23T10:30:00.000+07:00,"26751.3,26756.1,26733.2,26744.8"
2026-04-23T10:35:00.000+07:00,"26744.7,26745.2,26722.9,26724.7"
2026-04-23T10:40:00.000+07:00,"26724.8,26736.7,26717.1,26734.1"
2026-04-23T10:45:00.000+07:00,"26734.2,26747.9,26732.2,26747.1"
2026-04-23T10:50:00.000+07:00,"26747.3,26762.6,26740.9,26762.3"
2026-04-23T10:55:00.000+07:00,"26762.6,26765.7,26744.9,26762.5"
2026-04-23T11:00:00.000+07:00,"26762.6,26762.9,26748.3,26755.2"
2026-04-23T11:05:00.000+07:00,"26755.3,26771.3,26745.6,26766.6"
2026-04-23T11:10:00.000+07:00,"26766.4,26783.9,26763.9,26782.7"
2026-04-23T11:15:00.000+07:00,"26782.6,26785.6,26777.5,26781.3"
2026-04-23T11:20:00.000+07:00,"26781.5,26791.6,26776.2,26777.3"
2026-04-23T11:25:00.000+07:00,"26777.4,26789.6,26775.4,26787"
2026-04-23T11:30:00.000+07:00,"26786.9,26797.7,26782.1,26796.4"
2026-04-23T11:35:00.000+07:00,"26796,26804.6,26796,26798.1"
2026-04-23T11:40:00.000+07:00,"26798.2,26801.6,26790.9,26797.4"
2026-04-23T11:45:00.000+07:00,"26797.3,26801.4,26792.2,26799.7"
2026-04-23T11:50:00.000+07:00,"26799.6,26805.8,26798,26801.9"
2026-04-23T11:55:00.000+07:00,"26801.8,26812.1,26795.2,26809.8"
2026-04-23T12:00:00.000+07:00,"26810.2,26820.7,26805.2,26816"
2026-04-23T12:05:00.000+07:00,"26816.1,26817,26807.5,26816"
2026-04-23T12:10:00.000+07:00,"26815.6,26817.9,26812.5,26815.7"
2026-04-23T12:15:00.000+07:00,"26816.2,26818.2,26793,26801.1"
2026-04-23T12:20:00.000+07:00,"26801.4,26804.2,26796,26798.1"
2026-04-23T12:25:00.000+07:00,"26798.8,26808.3,26791.6,26805.2"
2026-04-23T12:30:00.000+07:00,"26806,26817.5,26797.6,26801"
2026-04-23T12:35:00.000+07:00,"26800.9,26807,26792.6,26796.7"
2026-04-23T12:40:00.000+07:00,"26796.5,26801.6,26792.5,26800"
2026-04-23T12:45:00.000+07:00,"26800.1,26816.4,26799.5,26806.6"
2026-04-23T12:50:00.000+07:00,"26806.5,26826.3,26805.9,26822.6"
2026-04-23T12:55:00.000+07:00,"26822.5,26835.6,26822.1,26831.8"
2026-04-23T13:00:00.000+07:00,"26833.4,26840.6,26829.9,26833.4"
2026-04-23T13:05:00.000+07:00,"26833.5,26846.3,26832.8,26841.5"
2026-04-23T13:10:00.000+07:00,"26841,26843.3,26830.6,26836.3"
2026-04-23T13:15:00.000+07:00,"26836.8,26857.8,26834.5,26853.3"
2026-04-23T13:20:00.000+07:00,"26853.2,26854.6,26843.9,26850.6"
2026-04-23T13:25:00.000+07:00,"26850.8,26861,26847,26852.8"
2026-04-23T13:30:00.000+07:00,"26851.8,26859.7,26845.8,26849.9"
2026-04-23T13:35:00.000+07:00,"26850,26855.3,26847.1,26849.1"
2026-04-23T13:40:00.000+07:00,"26848.8,26852.9,26846.3,26847.9"
2026-04-23T13:45:00.000+07:00,"26847.8,26851.8,26836.5,26838"
2026-04-23T13:50:00.000+07:00,"26838.1,26855.6,26835.8,26851.3"
2026-04-23T13:55:00.000+07:00,"26851.8,26853.7,26837,26844.6"
2026-04-23T14:00:00.000+07:00,"26845,26848.4,26834.7,26841"
2026-04-23T14:05:00.000+07:00,"26840.9,26854.4,26840.8,26848.6"
2026-04-23T14:10:00.000+07:00,"26848.7,26853.9,26839.9,26847.1"
2026-04-23T14:15:00.000+07:00,"26847.3,26850.6,26837.5,26842.5"
2026-04-23T14:20:00.000+07:00,"26842.4,26844.8,26827.9,26838.7"
2026-04-23T14:25:00.000+07:00,"26838.5,26847.1,26835,26841.4"
2026-04-23T14:30:00.000+07:00,"26841.5,26844.2,26828.7,26841.1"
2026-04-23T14:35:00.000+07:00,"26841.2,26850.4,26823.1,26833"
2026-04-23T14:40:00.000+07:00,"26833.1,26852.8,26826.9,26850.8"
2026-04-23T14:45:00.000+07:00,"26851.1,26868.8,26840,26867.4"
2026-04-23T14:50:00.000+07:00,"26867.5,26868.6,26847.5,26855.3"
2026-04-23T14:55:00.000+07:00,"26855.2,26858.3,26844.2,26850.2"
2026-04-23T15:00:00.000+07:00,"26850.1,26856.6,26827,26827.9"
2026-04-23T15:05:00.000+07:00,"26828.9,26832.5,26808.2,26816.8"
2026-04-23T15:10:00.000+07:00,"26817.1,26830.5,26810.8,26822.3"
2026-04-23T15:15:00.000+07:00,"26822.5,26837.1,26819.1,26836.9"
2026-04-23T15:20:00.000+07:00,"26837,26842.9,26822.7,26832.4"
2026-04-23T15:25:00.000+07:00,"26832.3,26845.5,26825.9,26829.5"
2026-04-23T15:30:00.000+07:00,"26829.7,26831.3,26807.6,26814.6"
2026-04-23T15:35:00.000+07:00,"26814.9,26820.6,26804.2,26807.5"
2026-04-23T15:40:00.000+07:00,"26807.6,26807.7,26782.4,26786"
2026-04-23T15:45:00.000+07:00,"26785.8,26790.9,26777.4,26779.4"
2026-04-23T15:50:00.000+07:00,"26779.7,26786.5,26771.9,26781.7"
2026-04-23T15:55:00.000+07:00,"26781.8,26790.3,26780.2,26780.2"
2026-04-23T16:00:00.000+07:00,"26780.3,26782.8,26754.9,26755.2"
2026-04-23T16:05:00.000+07:00,"26755.9,26763.4,26745,26754.8"
2026-04-23T16:10:00.000+07:00,"26754.9,26767.9,26751,26763.4"
2026-04-23T16:15:00.000+07:00,"26763.6,26801.6,26760.4,26792.6"
2026-04-23T16:20:00.000+07:00,"26792.4,26805.7,26790.9,26797.5"
2026-04-23T16:25:00.000+07:00,"26797.6,26806.3,26787.8,26794.8"
2026-04-23T16:30:00.000+07:00,"26794.7,26815.9,26794,26804.3"
2026-04-23T16:35:00.000+07:00,"26804.4,26805.8,26793.3,26802"
2026-04-23T16:40:00.000+07:00,"26801.9,26815,26800.3,26803.7"
2026-04-23T16:45:00.000+07:00,"26803.4,26804.4,26793.2,26803.5"
2026-04-23T16:50:00.000+07:00,"26803.7,26803.8,26792.6,26795.6"
2026-04-23T16:55:00.000+07:00,"26796.1,26802.2,26792.9,26794.4"
2026-04-23T17:00:00.000+07:00,"26792.1,26796.8,26782.4,26785.2"
2026-04-23T17:05:00.000+07:00,"26785.1,26790.1,26778.1,26780.2"
2026-04-23T17:10:00.000+07:00,"26780.1,26787.6,26769.4,26777.1"
2026-04-23T17:15:00.000+07:00,"26777.2,26788.3,26777.2,26785.6"
2026-04-23T17:20:00.000+07:00,"26784.8,26798.5,26783.7,26797.5"
2026-04-23T17:25:00.000+07:00,"26796.8,26807.5,26792.4,26793.8"
2026-04-23T17:30:00.000+07:00,"26793.6,26834.1,26789.7,26830.8"
2026-04-23T17:35:00.000+07:00,"26831.3,26832.3,26812.1,26814.4"
2026-04-23T17:40:00.000+07:00,"26814.3,26816.9,26801.3,26806.6"
2026-04-23T17:45:00.000+07:00,"26806.4,26817.7,26800.8,26804"
2026-04-23T17:50:00.000+07:00,"26803.9,26820.2,26800.1,26817"
2026-04-23T17:55:00.000+07:00,"26817.1,26837.6,26817.1,26832.4"
2026-04-23T18:00:00.000+07:00,"26832.1,26841.4,26830.5,26834.7"
2026-04-23T18:05:00.000+07:00,"26834.8,26845.5,26827.3,26841.1"
2026-04-23T18:10:00.000+07:00,"26841.9,26847.5,26821.2,26834.5"
2026-04-23T18:15:00.000+07:00,"26834.9,26839.6,26825.6,26828"
2026-04-23T18:20:00.000+07:00,"26827.9,26834.3,26820.1,26825.9"
2026-04-23T18:25:00.000+07:00,"26826.5,26832.3,26808.4,26819.7"
2026-04-23T18:30:00.000+07:00,"26819.6,26824.4,26797.1,26801.7"
2026-04-23T18:35:00.000+07:00,"26801.6,26828.1,26798.6,26821.5"
2026-04-23T18:40:00.000+07:00,"26821.6,26840.5,26812.6,26839.2"
2026-04-23T18:45:00.000+07:00,"26839.4,26890,26836.6,26865.5"
2026-04-23T18:50:00.000+07:00,"26865.3,26899.2,26862.3,26894.7"
2026-04-23T18:55:00.000+07:00,"26894.6,26900.8,26882.1,26884.4"
2026-04-23T19:00:00.000+07:00,"26884.3,26907.3,26880.5,26892.2"
2026-04-23T19:05:00.000+07:00,"26892.3,26931.1,26891.1,26921.8"
2026-04-23T19:10:00.000+07:00,"26921.6,26932.3,26914.3,26916.6"
2026-04-23T19:15:00.000+07:00,"26916,26916,26892.3,26898.2"
2026-04-23T19:20:00.000+07:00,"26898.4,26899.7,26873.5,26885.2"
2026-04-23T19:25:00.000+07:00,"26884.9,26889.7,26875.9,26887.4"
2026-04-23T19:30:00.000+07:00,"26887.1,26903.1,26884.4,26888.8"
2026-04-23T19:35:00.000+07:00,"26887.4,26894.9,26876.9,26888.7"
2026-04-23T19:40:00.000+07:00,"26888.5,26896.7,26886.1,26888.2"
2026-04-23T19:45:00.000+07:00,"26888.3,26894.3,26816.4,26853.8"
2026-04-23T19:50:00.000+07:00,"26854,26874.1,26849.7,26857.9"
2026-04-23T19:55:00.000+07:00,"26858,26866,26848.9,26862.9"
2026-04-23T20:00:00.000+07:00,"26862.7,26878.3,26862.7,26874.8"
2026-04-23T20:05:00.000+07:00,"26875.1,26883.2,26869.3,26876.4"
2026-04-23T20:10:00.000+07:00,"26876.1,26880.6,26835.2,26855.2"
2026-04-23T20:15:00.000+07:00,"26855.6,26873.9,26854.2,26867"
2026-04-23T20:20:00.000+07:00,"26867.2,26879.7,26867.2,26873.1"
2026-04-23T20:25:00.000+07:00,"26870.2,26875.2,26846.4,26866.6"
2026-04-23T20:30:00.000+07:00,"26867.2,26869.6,26819,26857.9"
2026-04-23T20:35:00.000+07:00,"26857.7,26904.1,26851.6,26899.4"
2026-04-23T20:40:00.000+07:00,"26899.3,26921.7,26885.9,26912.2"
2026-04-23T20:45:00.000+07:00,"26912.1,26955.4,26894.2,26933.2"
2026-04-23T20:50:00.000+07:00,"26933.3,26933.3,26897.3,26909.8"
2026-04-23T20:55:00.000+07:00,"26911.1,26911.1,26866.5,26868.8"
2026-04-23T21:00:00.000+07:00,"26869.3,26880.7,26822.4,26865.8"
2026-04-23T21:05:00.000+07:00,"26864.3,26880.8,26842.3,26878.6"
2026-04-23T21:10:00.000+07:00,"26878.2,26879.7,26829.1,26841.1"
2026-04-23T21:15:00.000+07:00,"26841.5,26877.1,26838.1,26842.2"
2026-04-23T21:20:00.000+07:00,"26841.5,26879.1,26836.6,26872.6"
2026-04-23T21:25:00.000+07:00,"26872.2,26880.7,26851,26866"
2026-04-23T21:30:00.000+07:00,"26867,26905.2,26866,26888.4"
2026-04-23T21:35:00.000+07:00,"26888.7,26908.8,26868.4,26880.9"
2026-04-23T21:40:00.000+07:00,"26881.9,26889.8,26855.6,26885.1"
2026-04-23T21:45:00.000+07:00,"26885.2,26910.7,26885.2,26898.1"
2026-04-23T21:50:00.000+07:00,"26898,26926.8,26889,26924.3"
2026-04-23T21:55:00.000+07:00,"26924.1,26957.3,26924.1,26943.9"
2026-04-23T22:00:00.000+07:00,"26943.1,26963.6,26943.1,26955.9"
2026-04-23T22:05:00.000+07:00,"26955.8,26966.1,26943.7,26965.3"
2026-04-23T22:10:00.000+07:00,"26965.4,26982.9,26965.4,26970.7"
2026-04-23T22:15:00.000+07:00,"26970.8,26992.8,26960.1,26988.7"
2026-04-23T22:20:00.000+07:00,"26989,27001.2,26979,26994.9"
2026-04-23T22:25:00.000+07:00,"26994.8,27000.2,26982.2,26983.6"
2026-04-23T22:30:00.000+07:00,"26983.8,27007.5,26971.8,26997.3"
2026-04-23T22:35:00.000+07:00,"26997.5,26997.6,26975.4,26979"
2026-04-23T22:40:00.000+07:00,"26979.1,26990.8,26966.4,26972.4"
2026-04-23T22:45:00.000+07:00,"26972.2,26973.7,26933,26943.3"
2026-04-23T22:50:00.000+07:00,"26943.2,26944.5,26912.1,26916.3"
2026-04-23T22:55:00.000+07:00,"26915.3,26951.5,26913.5,26943.4"
2026-04-23T23:00:00.000+07:00,"26942.6,26950.5,26895.7,26898.2"
2026-04-23T23:05:00.000+07:00,"26898.3,26916.3,26889.6,26900"
2026-04-23T23:10:00.000+07:00,"26901.1,26933.8,26900.5,26933.1"
2026-04-23T23:15:00.000+07:00,"26931.8,26943.4,26926.5,26935"
2026-04-23T23:20:00.000+07:00,"26935.7,26943.2,26918.7,26941.6"
2026-04-23T23:25:00.000+07:00,"26941.7,26955.9,26935.1,26941.5"
2026-04-23T23:30:00.000+07:00,"26940,26961.7,26934.2,26957.5"
2026-04-23T23:35:00.000+07:00,"26957.6,26968.3,26947,26950.4"
2026-04-23T23:40:00.000+07:00,"26950.5,26954.7,26942,26952.5"
2026-04-23T23:45:00.000+07:00,"26952.3,26963.7,26939,26946.9"
2026-04-23T23:50:00.000+07:00,"26946.8,26958.3,26939.4,26945.1"
2026-04-23T23:55:00.000+07:00,"26945.2,26956.7,26925.4,26938.9"
2026-04-24T00:00:00.000+07:00,"26938.8,26948.5,26851.2,26865.1"
2026-04-24T00:05:00.000+07:00,"26865.4,26865.7,26801.2,26806.5"
2026-04-24T00:10:00.000+07:00,"26807.6,26819,26773.9,26799.4"
2026-04-24T00:15:00.000+07:00,"26798.9,26798.9,26717.9,26735.2"
2026-04-24T00:20:00.000+07:00,"26735.6,26755.1,26711.6,26731.8"
2026-04-24T00:25:00.000+07:00,"26731.1,26784.6,26716.2,26723.5"
2026-04-24T00:30:00.000+07:00,"26723.7,26786.4,26705.5,26784.7"
2026-04-24T00:35:00.000+07:00,"26784.8,26802.5,26702,26713.5"
2026-04-24T00:40:00.000+07:00,"26713.3,26716.9,26598,26615.4"
2026-04-24T00:45:00.000+07:00,"26615.3,26623.1,26535.7,26601.3"
2026-04-24T00:50:00.000+07:00,"26601.8,26731.3,26563.2,26687.5"
2026-04-24T00:55:00.000+07:00,"26687.6,26746.7,26673.9,26732.9"
2026-04-24T01:00:00.000+07:00,"26733.1,26797.9,26714.7,26761.6"
2026-04-24T01:05:00.000+07:00,"26762.3,26793.4,26742.8,26761.9"
2026-04-24T01:10:00.000+07:00,"26761.3,26799.9,26749.8,26770.9"
2026-04-24T01:15:00.000+07:00,"26770.6,26788.7,26761.5,26776.9"
2026-04-24T01:20:00.000+07:00,"26776.7,26794.8,26754.9,26781.3"
2026-04-24T01:25:00.000+07:00,"26781.5,26793.8,26767.7,26790.9"
2026-04-24T01:30:00.000+07:00,"26790.7,26821.6,26789.5,26815.3"
2026-04-24T01:35:00.000+07:00,"26815.5,26833.7,26803.9,26810.8"
2026-04-24T01:40:00.000+07:00,"26810.9,26815,26774.9,26800"
2026-04-24T01:45:00.000+07:00,"26799.9,26801.9,26765.1,26765.6"
2026-04-24T01:50:00.000+07:00,"26766.2,26778.2,26748.1,26766.3"
2026-04-24T01:55:00.000+07:00,"26766.5,26769.7,26695.6,26714.8"
2026-04-24T02:00:00.000+07:00,"26714.9,26727.8,26696.7,26715"
2026-04-24T02:05:00.000+07:00,"26714.7,26756.2,26714.7,26743.8"
2026-04-24T02:10:00.000+07:00,"26744.7,26756.2,26733.4,26755.3"
2026-04-24T02:15:00.000+07:00,"26755.4,26778.9,26755.4,26765.5"
2026-04-24T02:20:00.000+07:00,"26763.3,26767.5,26754,26762.6"
2026-04-24T02:25:00.000+07:00,"26762.4,26775,26761.9,26766.2"
2026-04-24T02:30:00.000+07:00,"26765.9,26785.9,26739.9,26742.1"
2026-04-24T02:35:00.000+07:00,"26741.8,26741.8,26707,26727.7"
2026-04-24T02:40:00.000+07:00,"26728.9,26746.3,26717.8,26719.9"
2026-04-24T02:45:00.000+07:00,"26720.7,26751,26717.6,26750.9"
2026-04-24T02:50:00.000+07:00,"26751.2,26764.7,26695.5,26756.2"
2026-04-24T02:55:00.000+07:00,"26756.4,26795.5,26747.1,26777"
2026-04-24T03:00:00.000+07:00,"26779,26835.5,26763.6,26834.1"
2026-04-24T03:05:00.000+07:00,"26833.1,26841.2,26807.9,26814.3"
2026-04-24T03:10:00.000+07:00,"26814,26825.7,26797.9,26800.6"
2026-04-24T03:15:00.000+07:00,"26799.4,26806.6,26770.1,26797.2"
2026-04-24T03:20:00.000+07:00,"26798.5,26822.1,26791.9,26820.8"
2026-04-24T03:25:00.000+07:00,"26819.8,26822.2,26802.5,26811"
2026-04-24T03:30:00.000+07:00,"26811.2,26818.5,26804.1,26816.5"
2026-04-24T03:35:00.000+07:00,"26816.6,26820,26811.4,26819"
2026-04-24T03:40:00.000+07:00,"26819.2,26820,26804.2,26813.5"
2026-04-24T03:45:00.000+07:00,"26813.8,26816.8,26802.4,26803.6"
2026-04-24T03:50:00.000+07:00,"26804.9,26805,26785.9,26795.6"
2026-04-24T03:55:00.000+07:00,"26794.9,26801.3,26788.8,26792.4"
2026-04-24T04:00:00.000+07:00,"26793.5,26799.1,26792.7,26798.6"
2026-04-24T04:05:00.000+07:00,"26798.5,26812.2,26798.5,26811.2"
2026-04-24T04:10:00.000+07:00,"26812.3,26819.3,26811.4,26813.4"
2026-04-24T04:15:00.000+07:00,"26814.3,26821.5,26813.2,26814.9"
2026-04-24T04:20:00.000+07:00,"26814.8,26835.5,26814.8,26821.2"
2026-04-24T04:25:00.000+07:00,"26821.6,26846.7,26820.8,26844"
2026-04-24T04:30:00.000+07:00,"26843.1,26863,26842.7,26858.8"
2026-04-24T04:35:00.000+07:00,"26858.7,26867,26858.7,26864.5"
2026-04-24T04:40:00.000+07:00,"26865.4,26867.7,26860.4,26860.4"
2026-04-24T04:45:00.000+07:00,"26861.1,26861.1,26851,26856.5"
2026-04-24T04:50:00.000+07:00,"26856.7,26862.5,26856.3,26861.1"
2026-04-24T04:55:00.000+07:00,"26860.2,26863.5,26856.5,26859.7"
2026-04-24T05:00:00.000+07:00,"26851.5,26888.9,26851.5,26885.5"
2026-04-24T05:05:00.000+07:00,"26885.6,26900.5,26885.6,26890.6"
2026-04-24T05:10:00.000+07:00,"26890.5,26904.2,26884,26898.2"
2026-04-24T05:15:00.000+07:00,"26897.2,26902.4,26892.5,26901"
2026-04-24T05:20:00.000+07:00,"26901.2,26903.6,26890,26893.5"
2026-04-24T05:25:00.000+07:00,"26893.1,26895.9,26885.4,26891.6"
2026-04-24T05:30:00.000+07:00,"26891.7,26898.3,26888.7,26896.6"
2026-04-24T05:35:00.000+07:00,"26896.7,26900.9,26886.9,26888.6"
2026-04-24T05:40:00.000+07:00,"26889.1,26893.2,26881.3,26890.9"
2026-04-24T05:45:00.000+07:00,"26890.6,26908.7,26890.6,26902.8"
2026-04-24T05:50:00.000+07:00,"26902.9,26911.6,26902.8,26907.2"
2026-04-24T05:55:00.000+07:00,"26906.9,26907,26894.2,26900.4"
2026-04-24T06:00:00.000+07:00,"26899.6,26907.8,26894.2,26902"
2026-04-24T06:05:00.000+07:00,"26901.8,26903.2,26893.8,26894.8"
2026-04-24T06:10:00.000+07:00,"26895.3,26898.4,26892.7,26895.5"
2026-04-24T06:15:00.000+07:00,"26895.4,26900,26892.5,26895.2"
2026-04-24T06:20:00.000+07:00,"26895.4,26902,26895.3,26899"
2026-04-24T06:25:00.000+07:00,"26899.1,26910.7,26899,26908.7"
2026-04-24T06:30:00.000+07:00,"26908.9,26931,26908.8,26930.6"
2026-04-24T06:35:00.000+07:00,"26930.2,26932.2,26923.9,26925.3"
2026-04-24T06:40:00.000+07:00,"26925.4,26930.1,26922.7,26924.5"
2026-04-24T06:45:00.000+07:00,"26924.6,26937.5,26924.6,26929"
2026-04-24T06:50:00.000+07:00,"26929.1,26941,26928.1,26937.4"
2026-04-24T06:55:00.000+07:00,"26937.5,26938.6,26933,26938.5"
2026-04-24T07:00:00.000+07:00,"26940.6,26953.4,26928.6,26932.3"
2026-04-24T07:05:00.000+07:00,"26932.7,26965.5,26931.5,26964"
2026-04-24T07:10:00.000+07:00,"26964.1,26971.5,26955.2,26969.2"
2026-04-24T07:15:00.000+07:00,"26969.3,26973.6,26961.1,26964.8"
2026-04-24T07:20:00.000+07:00,"26964.7,26970.9,26962.7,26967.5"
2026-04-24T07:25:00.000+07:00,"26967.6,26985.3,26967.1,26983"
2026-04-24T07:30:00.000+07:00,"26983.1,26996.2,26977.5,26985"
2026-04-24T07:35:00.000+07:00,"26984.8,26992.8,26982.6,26984.2"
2026-04-24T07:40:00.000+07:00,"26984.1,26986.2,26969.9,26977.5"
2026-04-24T07:45:00.000+07:00,"26977.8,26987.2,26967.7,26969.9"
2026-04-24T07:50:00.000+07:00,"26969.7,26976.4,26964.5,26974.5"
2026-04-24T07:55:00.000+07:00,"26974.9,26981.2,26970.6,26979.1"
2026-04-24T08:00:00.000+07:00,"26979.5,26985.5,26973.3,26978.2"
2026-04-24T08:05:00.000+07:00,"26978.1,26982.7,26972.5,26974.3"
2026-04-24T08:10:00.000+07:00,"26974.1,26981.2,26972,26975.6"
2026-04-24T08:15:00.000+07:00,"26975.7,26980.3,26971.2,26973"
2026-04-24T08:20:00.000+07:00,"26973.2,26977.9,26969.6,26976.7"
2026-04-24T08:25:00.000+07:00,"26977,26987.9,26974.9,26981"
2026-04-24T08:30:00.000+07:00,"26981.1,26983.5,26958.3,26967.1"
2026-04-24T08:35:00.000+07:00,"26967.5,26978.5,26959,26972.6"
2026-04-24T08:40:00.000+07:00,"26972.8,26981.5,26967.7,26968.9"
2026-04-24T08:45:00.000+07:00,"26969.2,26984,26967.7,26980"
2026-04-24T08:50:00.000+07:00,"26979.9,26983.9,26974.4,26977.7"
2026-04-24T08:55:00.000+07:00,"26977.8,26983.3,26975.4,26977.1"
2026-04-24T09:00:00.000+07:00,"26976.1,26979.7,26965.5,26971.2"
2026-04-24T09:05:00.000+07:00,"26970.9,26973.6,26961.2,26961.2"
2026-04-24T09:10:00.000+07:00,"26960.8,26965.8,26948.1,26954.8"
2026-04-24T09:15:00.000+07:00,"26954.7,26961.4,26949.8,26953.8"
2026-04-24T09:20:00.000+07:00,"26953.7,26956.8,26938.7,26940"
2026-04-24T09:25:00.000+07:00,"26939.8,26942.8,26932.7,26935.3"
2026-04-24T09:30:00.000+07:00,"26935.4,26953.2,26934.7,26946.6"
2026-04-24T09:35:00.000+07:00,"26946.3,26950,26934.8,26937.5"
2026-04-24T09:40:00.000+07:00,"26937.6,26946.4,26935.8,26946"
2026-04-24T09:45:00.000+07:00,"26946.1,26947.7,26923.6,26927.1"
2026-04-24T09:50:00.000+07:00,"26927,26932.4,26917.5,26930.8"
2026-04-24T09:55:00.000+07:00,"26930.9,26932.5,26924.3,26930.2"
2026-04-24T10:00:00.000+07:00,"26930.5,26939,26916.2,26924.9"
2026-04-24T10:05:00.000+07:00,"26925.2,26930.3,26919.1,26923.4"
2026-04-24T10:10:00.000+07:00,"26923.8,26927.6,26915.6,26918.7"
2026-04-24T10:15:00.000+07:00,"26918.8,26922.9,26912.3,26920.7"
2026-04-24T10:20:00.000+07:00,"26921,26922.3,26899.1,26900.4"
2026-04-24T10:25:00.000+07:00,"26900.3,26912.3,26894.8,26896"
2026-04-24T10:30:00.000+07:00,"26896.1,26900.1,26882.4,26890.4"
2026-04-24T10:35:00.000+07:00,"26890.5,26903.4,26884.3,26897.8"
2026-04-24T10:40:00.000+07:00,"26897.7,26897.7,26885.2,26890.6"
2026-04-24T10:45:00.000+07:00,"26890.5,26903.2,26889.6,26902.4"
2026-04-24T10:50:00.000+07:00,"26902,26909.5,26898.6,26904.6"
2026-04-24T10:55:00.000+07:00,"26904.1,26904.6,26889.2,26891.4"
2026-04-24T11:00:00.000+07:00,"26891.6,26893.3,26877.9,26888"
2026-04-24T11:05:00.000+07:00,"26888.2,26903.2,26888,26902"
2026-04-24T11:10:00.000+07:00,"26901.6,26906.9,26897.1,26902.2"
2026-04-24T11:15:00.000+07:00,"26901.9,26904.4,26885.9,26894.9"
2026-04-24T11:20:00.000+07:00,"26894.2,26895,26878.9,26880.4"
2026-04-24T11:25:00.000+07:00,"26880.8,26885.8,26875,26884.4"
2026-04-24T11:30:00.000+07:00,"26884.2,26897.7,26883.8,26886.5"
2026-04-24T11:35:00.000+07:00,"26886.6,26900.4,26886.6,26893.2"
2026-04-24T11:40:00.000+07:00,"26893.1,26901.7,26891.6,26900.7"
2026-04-24T11:45:00.000+07:00,"26900.6,26917.2,26899.2,26911.5"
2026-04-24T11:50:00.000+07:00,"26911.1,26915.4,26906.6,26908.3"
2026-04-24T11:55:00.000+07:00,"26908.4,26915.3,26906.8,26914.5"
2026-04-24T12:00:00.000+07:00,"26914.6,26915.7,26901.7,26909.5"
2026-04-24T12:05:00.000+07:00,"26909.6,26914.7,26900,26900.8"
2026-04-24T12:10:00.000+07:00,"26900.7,26909.7,26889.6,26908.8"
2026-04-24T12:15:00.000+07:00,"26909.4,26918,26901.3,26908.7"
2026-04-24T12:20:00.000+07:00,"26908.6,26922.5,26904.9,26917.7"
2026-04-24T12:25:00.000+07:00,"26917.8,26924.2,26915.7,26918.5"
2026-04-24T12:30:00.000+07:00,"26918.3,26931.2,26918.3,26930.3"
2026-04-24T12:35:00.000+07:00,"26930.5,26934.9,26925,26932.4"
2026-04-24T12:40:00.000+07:00,"26932.2,26937,26927.2,26931.6"
2026-04-24T12:45:00.000+07:00,"26931.5,26941.2,26929.1,26938.8"
2026-04-24T12:50:00.000+07:00,"26938.9,26945,26937.8,26939.2"
2026-04-24T12:55:00.000+07:00,"26939,26945.7,26938.2,26944.1"
2026-04-24T13:00:00.000+07:00,"26944.7,26957.8,26944.6,26949.9"
2026-04-24T13:05:00.000+07:00,"26950.1,26953.4,26938.4,26942.5"
2026-04-24T13:10:00.000+07:00,"26942.6,26950.6,26941.5,26947.1"
2026-04-24T13:15:00.000+07:00,"26947,26951.3,26939.8,26943.8"
2026-04-24T13:20:00.000+07:00,"26944.1,26950.1,26938.6,26943.2"
2026-04-24T13:25:00.000+07:00,"26943.4,26943.4,26928.8,26930.9"
2026-04-24T13:30:00.000+07:00,"26931.7,26938.7,26930.9,26937.2"
2026-04-24T13:35:00.000+07:00,"26937.4,26943.3,26930.8,26940.3"
2026-04-24T13:40:00.000+07:00,"26940.4,26947.5,26935.6,26938.3"
2026-04-24T13:45:00.000+07:00,"26938.2,26939.5,26929.5,26931.2"
2026-04-24T13:50:00.000+07:00,"26931.4,26933.9,26925.3,26931.7"
2026-04-24T13:55:00.000+07:00,"26931.5,26938.7,26927.2,26932.6"
2026-04-24T14:00:00.000+07:00,"26932.7,26958,26928.6,26954.4"
2026-04-24T14:05:00.000+07:00,"26954.2,26965.9,26951,26963.2"
2026-04-24T14:10:00.000+07:00,"26963.3,26964.3,26957.3,26960.9"
2026-04-24T14:15:00.000+07:00,"26960.7,26966.5,26949.3,26962"
2026-04-24T14:20:00.000+07:00,"26962.2,26969,26954.4,26957.3"
2026-04-24T14:25:00.000+07:00,"26957.4,26974.1,26956.6,26968.8"
2026-04-24T14:30:00.000+07:00,"26967.6,26968.1,26948.1,26952.3"
2026-04-24T14:35:00.000+07:00,"26951.9,26952.4,26941.7,26944.1"
2026-04-24T14:40:00.000+07:00,"26944,26948,26939.7,26946.8"
2026-04-24T14:45:00.000+07:00,"26946.7,26957.5,26943.5,26952.9"
2026-04-24T14:50:00.000+07:00,"26952.8,26957.6,26949.2,26949.8"
2026-04-24T14:55:00.000+07:00,"26949.9,26970.4,26947,26966.9"
2026-04-24T15:00:00.000+07:00,"26965.4,26968.8,26934.1,26947.3"
2026-04-24T15:05:00.000+07:00,"26946.4,26950.5,26939,26944.3"
2026-04-24T15:10:00.000+07:00,"26944.1,26954.2,26942,26948.8"
2026-04-24T15:15:00.000+07:00,"26948.9,26993.8,26948.9,26988"
2026-04-24T15:20:00.000+07:00,"26987.9,27012,26981.6,26989.3"
2026-04-24T15:25:00.000+07:00,"26989.4,26989.4,26963.3,26971.5"
2026-04-24T15:30:00.000+07:00,"26971.4,26972.3,26945.6,26955.1"
2026-04-24T15:35:00.000+07:00,"26955.2,26964.6,26949.2,26960.6"
2026-04-24T15:40:00.000+07:00,"26960.5,26963.8,26941.4,26944.1"
2026-04-24T15:45:00.000+07:00,"26944.2,26970.5,26942.2,26963.9"
2026-04-24T15:50:00.000+07:00,"26964,26964.4,26944.5,26951.6"
2026-04-24T15:55:00.000+07:00,"26951.5,26956.1,26943.8,26953.2"
2026-04-24T16:00:00.000+07:00,"26953.4,26963.8,26940.3,26944.5"
2026-04-24T16:05:00.000+07:00,"26944.4,26954.9,26941.6,26954.5"
2026-04-24T16:10:00.000+07:00,"26954.4,26962.4,26949.3,26958"
2026-04-24T16:15:00.000+07:00,"26957.9,26965.9,26951.8,26957.5"
2026-04-24T16:20:00.000+07:00,"26957.6,26962.6,26923,26950"
2026-04-24T16:25:00.000+07:00,"26950.1,26961.3,26942.6,26953.5"
2026-04-24T16:30:00.000+07:00,"26953.3,26961.3,26948.3,26959.6"
2026-04-24T16:35:00.000+07:00,"26959.7,26965.2,26955,26963.1"
2026-04-24T16:40:00.000+07:00,"26963.3,26973.6,26961.8,26971.5"
2026-04-24T16:45:00.000+07:00,"26971.9,26980.3,26968.8,26972.8"
2026-04-24T16:50:00.000+07:00,"26972.7,26973.7,26958.7,26962"
2026-04-24T16:55:00.000+07:00,"26961.9,26967.7,26958.6,26967.2"
2026-04-24T17:00:00.000+07:00,"26967,26990.3,26966.6,26985.7"
2026-04-24T17:05:00.000+07:00,"26985.9,26988.6,26972.3,26982.3"
2026-04-24T17:10:00.000+07:00,"26982.5,26998.9,26979.7,26996.9"
2026-04-24T17:15:00.000+07:00,"26996.8,27015.2,26993,27007.1"
2026-04-24T17:20:00.000+07:00,"27006.6,27025.7,27004.6,27022.9"
2026-04-24T17:25:00.000+07:00,"27023,27045,27021.8,27041.3"
2026-04-24T17:30:00.000+07:00,"27040.8,27047.6,27031.5,27038.4"
2026-04-24T17:35:00.000+07:00,"27038.3,27052.9,27035.5,27037"
2026-04-24T17:40:00.000+07:00,"27036.8,27042.1,27034.9,27036.4"
2026-04-24T17:45:00.000+07:00,"27037.2,27040.7,27029,27032.4"
2026-04-24T17:50:00.000+07:00,"27032.5,27042,27029.4,27032.4"
2026-04-24T17:55:00.000+07:00,"27032.1,27041.4,27029.2,27030.3"
2026-04-24T18:00:00.000+07:00,"27030,27085.1,27029.3,27072.3"
2026-04-24T18:05:00.000+07:00,"27072,27152,27063.4,27128.3"
2026-04-24T18:10:00.000+07:00,"27128.1,27166.7,27123.5,27138.7"
2026-04-24T18:15:00.000+07:00,"27138.6,27161.7,27128.7,27132.4"
2026-04-24T18:20:00.000+07:00,"27132.6,27192.3,27124.7,27186.4"
2026-04-24T18:25:00.000+07:00,"27186,27211.6,27184.1,27211.4"
2026-04-24T18:30:00.000+07:00,"27211.3,27223,27186.1,27193.5"
2026-04-24T18:35:00.000+07:00,"27192.5,27196.7,27161.4,27164.6"
2026-04-24T18:40:00.000+07:00,"27164.7,27173.6,27144.6,27153.1"
2026-04-24T18:45:00.000+07:00,"27152.8,27153.7,27139.1,27142.5"
2026-04-24T18:50:00.000+07:00,"27142.6,27155.5,27134.5,27141.2"
2026-04-24T18:55:00.000+07:00,"27141.3,27141.3,27125.5,27133.6"
2026-04-24T19:00:00.000+07:00,"27134.5,27151.6,27126.3,27131.4"
2026-04-24T19:05:00.000+07:00,"27131.3,27148,27130.5,27142.6"
2026-04-24T19:10:00.000+07:00,"27142.5,27162.7,27142.5,27158.9"
2026-04-24T19:15:00.000+07:00,"27159.2,27171.5,27129.1,27154.6"
2026-04-24T19:20:00.000+07:00,"27155.3,27161.8,27124.9,27158.7"
2026-04-24T19:25:00.000+07:00,"27158.6,27162.5,27145.1,27151.7"
2026-04-24T19:30:00.000+07:00,"27151.6,27153.8,27118.3,27122"
2026-04-24T19:35:00.000+07:00,"27121,27126.7,27090.4,27108.2"
2026-04-24T19:40:00.000+07:00,"27108.4,27122.5,27095.3,27103.7"
2026-04-24T19:45:00.000+07:00,"27104,27120.5,27070.9,27083.6"
2026-04-24T19:50:00.000+07:00,"27084.2,27090.3,27061,27076.5"
2026-04-24T19:55:00.000+07:00,"27077,27101.6,27076.9,27096.5"
2026-04-24T20:00:00.000+07:00,"27096.6,27103.9,27085.7,27103.9"
2026-04-24T20:05:00.000+07:00,"27103.8,27112,27095,27102.7"
2026-04-24T20:10:00.000+07:00,"27102.9,27124.7,27097,27103.3"
2026-04-24T20:15:00.000+07:00,"27103.5,27124.4,27102.4,27122.8"
2026-04-24T20:20:00.000+07:00,"27123,27126.9,27095.7,27101.5"
2026-04-24T20:25:00.000+07:00,"27101.1,27101.2,27067.1,27071.5"
2026-04-24T20:30:00.000+07:00,"27071.1,27104.7,27036,27081.2"
2026-04-24T20:35:00.000+07:00,"27081,27115.4,27057.9,27105.9"
2026-04-24T20:40:00.000+07:00,"27106.2,27119.7,27058.7,27075.1"
2026-04-24T20:45:00.000+07:00,"27075.3,27105.4,27065.4,27098.2"
2026-04-24T20:50:00.000+07:00,"27099.2,27111.9,27023.7,27031.5"
2026-04-24T20:55:00.000+07:00,"27031.7,27057.2,26988.1,27052.4"
2026-04-24T21:00:00.000+07:00,"27051.1,27078.6,27015.9,27042.5"
2026-04-24T21:05:00.000+07:00,"27042.2,27097.4,27034.1,27085.1"
2026-04-24T21:10:00.000+07:00,"27085.2,27123.6,27073,27092.2"
2026-04-24T21:15:00.000+07:00,"27091.7,27119.2,27079.8,27101.7"
2026-04-24T21:20:00.000+07:00,"27100.5,27113.6,27073.8,27091.3"
2026-04-24T21:25:00.000+07:00,"27091.9,27092.1,27045.3,27058.9"
2026-04-24T21:30:00.000+07:00,"27060,27075,27026.6,27053.2"
2026-04-24T21:35:00.000+07:00,"27053.5,27102.1,27043.2,27090.7"
2026-04-24T21:40:00.000+07:00,"27091,27116.5,27087.2,27111"
2026-04-24T21:45:00.000+07:00,"27110.9,27138.3,27089.1,27119.8"
2026-04-24T21:50:00.000+07:00,"27120.4,27140.4,27106.3,27122.8"
2026-04-24T21:55:00.000+07:00,"27123,27156.8,27122.1,27149.2"
2026-04-24T22:00:00.000+07:00,"27149.5,27164.1,27147.2,27155.5"
2026-04-24T22:05:00.000+07:00,"27155.2,27165.9,27146.4,27156.6"
2026-04-24T22:10:00.000+07:00,"27157.1,27177.6,27151.2,27177.2"
2026-04-24T22:15:00.000+07:00,"27177,27182.8,27160.8,27163.6"
2026-04-24T22:20:00.000+07:00,"27161.9,27190.4,27153.3,27184.3"
2026-04-24T22:25:00.000+07:00,"27184.7,27186.7,27162.4,27183.6"
2026-04-24T22:30:00.000+07:00,"27183.4,27202.9,27177.6,27186.2"
2026-04-24T22:35:00.000+07:00,"27186,27193,27166.2,27172"
2026-04-24T22:40:00.000+07:00,"27173.1,27250,27169.5,27239.5"
2026-04-24T22:45:00.000+07:00,"27238.7,27275.6,27204.3,27232.1"
2026-04-24T22:50:00.000+07:00,"27231.1,27269.9,27230.6,27251.2"
2026-04-24T22:55:00.000+07:00,"27251.9,27258.7,27242.8,27254.8"
2026-04-24T23:00:00.000+07:00,"27255.1,27260.2,27229.7,27251.1"
2026-04-24T23:05:00.000+07:00,"27251.2,27261.3,27217.9,27227.1"
2026-04-24T23:10:00.000+07:00,"27227.3,27258.2,27220.7,27240.1"
2026-04-24T23:15:00.000+07:00,"27240,27246.4,27225,27241.3"
2026-04-24T23:20:00.000+07:00,"27241.1,27256.4,27240.3,27255.8"
2026-04-24T23:25:00.000+07:00,"27256,27265.1,27248.2,27256"
2026-04-24T23:30:00.000+07:00,"27255.9,27284,27255.9,27280.6"
2026-04-24T23:35:00.000+07:00,"27280.3,27288,27268.5,27273.2"
2026-04-24T23:40:00.000+07:00,"27273.1,27274,27235.1,27249.9"
2026-04-24T23:45:00.000+07:00,"27250.1,27263,27242.4,27248.9"
2026-04-24T23:50:00.000+07:00,"27249.3,27263.5,27247.6,27256.3"
2026-04-24T23:55:00.000+07:00,"27256.5,27274.7,27252.8,27267.8"
2026-04-25T00:00:00.000+07:00,"27266.7,27280.2,27265,27270.7"
2026-04-25T00:05:00.000+07:00,"27270.6,27275,27261.3,27265.1"
2026-04-25T00:10:00.000+07:00,"27265.2,27278.7,27258.9,27266.3"
2026-04-25T00:15:00.000+07:00,"27266.4,27267.6,27250.6,27251.7"
2026-04-25T00:20:00.000+07:00,"27251.8,27255.1,27225.1,27248.5"
2026-04-25T00:25:00.000+07:00,"27248.4,27258.3,27240.9,27241.7"
2026-04-25T00:30:00.000+07:00,"27241.1,27255.9,27229.6,27251.1"
2026-04-25T00:35:00.000+07:00,"27251,27276.7,27248.9,27253"
2026-04-25T00:40:00.000+07:00,"27252.3,27272,27251.6,27270.6"
2026-04-25T00:45:00.000+07:00,"27270.5,27279.4,27267.5,27271.4"
2026-04-25T00:50:00.000+07:00,"27272.4,27319,27267.9,27291.9"
2026-04-25T00:55:00.000+07:00,"27292.1,27300.2,27283.4,27289.1"
2026-04-25T01:00:00.000+07:00,"27289.6,27300.7,27278.8,27282.8"
2026-04-25T01:05:00.000+07:00,"27282.2,27283.4,27264,27277.3"
2026-04-25T01:10:00.000+07:00,"27277.7,27283.5,27264.9,27274.2"
2026-04-25T01:15:00.000+07:00,"27274,27275.1,27250.9,27257.1"
2026-04-25T01:20:00.000+07:00,"27256.5,27258.9,27242.8,27254.9"
2026-04-25T01:25:00.000+07:00,"27254.8,27266.8,27242.8,27246.6"
2026-04-25T01:30:00.000+07:00,"27248.1,27269.9,27244.1,27267.3"
2026-04-25T01:35:00.000+07:00,"27266.9,27276.6,27264.1,27271.4"
2026-04-25T01:40:00.000+07:00,"27271.3,27280.9,27261.1,27266.7"
2026-04-25T01:45:00.000+07:00,"27266.6,27271.8,27255.8,27259.7"
2026-04-25T01:50:00.000+07:00,"27259.6,27271.9,27253.9,27264.8"
2026-04-25T01:55:00.000+07:00,"27264.3,27271.4,27261.4,27268.3"
2026-04-25T02:00:00.000+07:00,"27268.5,27286.7,27268.3,27275.3"
2026-04-25T02:05:00.000+07:00,"27275.5,27292.9,27271.6,27292.8"
2026-04-25T02:10:00.000+07:00,"27293.1,27305.4,27291.3,27301.3"
2026-04-25T02:15:00.000+07:00,"27302.1,27314.1,27302.1,27310.9"
2026-04-25T02:20:00.000+07:00,"27310.7,27312.3,27290.8,27292.9"
2026-04-25T02:25:00.000+07:00,"27292.7,27296.2,27279.2,27284"
2026-04-25T02:30:00.000+07:00,"27284.1,27286.8,27267.1,27281.8"
2026-04-25T02:35:00.000+07:00,"27281.1,27281.6,27265,27271.2"
2026-04-25T02:40:00.000+07:00,"27271.8,27285.3,27267.6,27277"
2026-04-25T02:45:00.000+07:00,"27276.9,27282.2,27268.9,27281"
2026-04-25T02:50:00.000+07:00,"27281.2,27301.7,27270.8,27300.7"
2026-04-25T02:55:00.000+07:00,"27301,27306,27290.8,27294.2"
2026-04-25T03:00:00.000+07:00,"27294.4,27300,27288.5,27292.2"
2026-04-25T03:05:00.000+07:00,"27290.7,27298.4,27271,27277.1"
2026-04-25T03:10:00.000+07:00,"27276.6,27283.6,27269.5,27276.1"
2026-04-25T03:15:00.000+07:00,"27276.6,27282.6,27275.5,27278.6"
2026-04-25T03:20:00.000+07:00,"27279.1,27290.2,27278.9,27283.1"
2026-04-25T03:25:00.000+07:00,"27283.9,27285.8,27272.8,27281"
2026-04-25T03:30:00.000+07:00,"27280.5,27302.3,27278,27300.6"
2026-04-25T03:35:00.000+07:00,"27300.7,27301.6,27292.6,27292.8"
2026-04-25T03:40:00.000+07:00,"27292.3,27298.3,27289.2,27295.1"
2026-04-25T03:45:00.000+07:00,"27294.6,27296.3,27291.4,27291.9"
2026-04-25T03:50:00.000+07:00,"27290.7,27303.2,27289.3,27299"
2026-04-25T03:55:00.000+07:00,"27299.5,27306.1,27296.7,27300.7"
2026-04-27T05:00:00.000+07:00,"27269.6,27283.3,27214.8,27220.8"
2026-04-27T05:05:00.000+07:00,"27220.6,27230,27208,27220.8"
2026-04-27T05:10:00.000+07:00,"27219.7,27228.6,27207.9,27221.2"
2026-04-27T05:15:00.000+07:00,"27221.1,27235.5,27219.2,27235.4"
2026-04-27T05:20:00.000+07:00,"27235.1,27237.5,27226.6,27232.6"
2026-04-27T05:25:00.000+07:00,"27232.8,27235.8,27228,27235.8"
2026-04-27T05:30:00.000+07:00,"27236.1,27237.5,27226.1,27235.7"
2026-04-27T05:35:00.000+07:00,"27235.1,27240,27232,27238.9"
2026-04-27T05:40:00.000+07:00,"27238.8,27252.8,27236.4,27247.6"
2026-04-27T05:45:00.000+07:00,"27247.3,27250.3,27243.1,27244.9"
2026-04-27T05:50:00.000+07:00,"27245.1,27261.3,27242.4,27255.5"
2026-04-27T05:55:00.000+07:00,"27255.4,27261.4,27251.7,27258.6"
2026-04-27T06:00:00.000+07:00,"27258.5,27259.5,27248.8,27251.4"
2026-04-27T06:05:00.000+07:00,"27251.5,27254.7,27240.3,27243.3"
2026-04-27T06:10:00.000+07:00,"27243.5,27248.6,27239.2,27242.9"
2026-04-27T06:15:00.000+07:00,"27243,27256.8,27241.6,27252.3"
2026-04-27T06:20:00.000+07:00,"27251.9,27257.2,27249.4,27250.2"
2026-04-27T06:25:00.000+07:00,"27250.3,27251,27244.9,27246.6"
2026-04-27T06:30:00.000+07:00,"27245,27245.3,27232.6,27241.6"
2026-04-27T06:35:00.000+07:00,"27241.7,27244.5,27236.1,27236.2"
2026-04-27T06:40:00.000+07:00,"27236.3,27243,27230.4,27241.4"
2026-04-27T06:45:00.000+07:00,"27241.6,27250.9,27241.2,27244.3"
2026-04-27T06:50:00.000+07:00,"27244.2,27245.4,27233.2,27243.3"
2026-04-27T06:55:00.000+07:00,"27243.4,27249.4,27236.9,27248.5"
2026-04-27T07:00:00.000+07:00,"27248.4,27268.8,27242.9,27264"
2026-04-27T07:05:00.000+07:00,"27264.1,27271.9,27246.7,27256"
2026-04-27T07:10:00.000+07:00,"27256.3,27275,27255.5,27271"
2026-04-27T07:15:00.000+07:00,"27270.8,27281.2,27260.9,27279.4"
2026-04-27T07:20:00.000+07:00,"27279.3,27284.3,27273.1,27276.2"
2026-04-27T07:25:00.000+07:00,"27276.7,27282.5,27272.5,27279.4"
2026-04-27T07:30:00.000+07:00,"27279.5,27281.1,27267.7,27274.4"
2026-04-27T07:35:00.000+07:00,"27274.3,27289.8,27273.1,27289"
2026-04-27T07:40:00.000+07:00,"27288.9,27301.5,27287.8,27297.5"
2026-04-27T07:45:00.000+07:00,"27297.4,27300,27293.2,27294.9"
2026-04-27T07:50:00.000+07:00,"27294.8,27300.7,27292.4,27299.1"
2026-04-27T07:55:00.000+07:00,"27299.3,27333.5,27299.1,27318.2"
2026-04-27T08:00:00.000+07:00,"27319.6,27363.9,27319.6,27353.6"
2026-04-27T08:05:00.000+07:00,"27353.7,27359.6,27326.2,27329.8"
2026-04-27T08:10:00.000+07:00,"27329.9,27343.5,27327.8,27332.8"
2026-04-27T08:15:00.000+07:00,"27332.9,27336.6,27318,27332.5"
2026-04-27T08:20:00.000+07:00,"27333.1,27352.6,27332.8,27350.4"
2026-04-27T08:25:00.000+07:00,"27350.3,27358.6,27328.7,27355.8"
2026-04-27T08:30:00.000+07:00,"27355.9,27374.4,27351.7,27373.2"
2026-04-27T08:35:00.000+07:00,"27373.1,27385.1,27367.9,27377"
2026-04-27T08:40:00.000+07:00,"27377.2,27383.2,27373.7,27376.6"
2026-04-27T08:45:00.000+07:00,"27376.9,27387.2,27373.5,27386.3"
2026-04-27T08:50:00.000+07:00,"27386.5,27403.3,27381.4,27395"
2026-04-27T08:55:00.000+07:00,"27395.3,27400.8,27386,27399.5"
2026-04-27T09:00:00.000+07:00,"27399.3,27405.6,27391.8,27393.8"
2026-04-27T09:05:00.000+07:00,"27393.7,27395.2,27380.8,27393.7"
2026-04-27T09:10:00.000+07:00,"27393.5,27395.9,27386.2,27389.5"
2026-04-27T09:15:00.000+07:00,"27389.1,27400.6,27387.2,27390.1"
2026-04-27T09:20:00.000+07:00,"27390,27390.5,27375.8,27382.6"
2026-04-27T09:25:00.000+07:00,"27382.7,27385.3,27377.1,27383.1"
2026-04-27T09:30:00.000+07:00,"27382.8,27393.1,27381.9,27383.8"
2026-04-27T09:35:00.000+07:00,"27384,27395.4,27383.6,27384.7"
2026-04-27T09:40:00.000+07:00,"27384.8,27385.5,27379.2,27381.7"
2026-04-27T09:45:00.000+07:00,"27382,27387,27379.9,27386.7"
2026-04-27T09:50:00.000+07:00,"27386.6,27386.6,27378.9,27381.2"
2026-04-27T09:55:00.000+07:00,"27381.4,27387.1,27379.9,27381.6"
2026-04-27T10:00:00.000+07:00,"27381.5,27398.1,27378.7,27391.2"
2026-04-27T10:05:00.000+07:00,"27391.1,27391.7,27378.5,27382.7"
2026-04-27T10:10:00.000+07:00,"27382.8,27384.8,27377.8,27381.8"
2026-04-27T10:15:00.000+07:00,"27381.7,27386.5,27378.3,27385.8"
2026-04-27T10:20:00.000+07:00,"27385.7,27391.6,27382.7,27385.6"
2026-04-27T10:25:00.000+07:00,"27385.8,27392.5,27383.9,27389.8"
2026-04-27T10:30:00.000+07:00,"27390,27393.3,27387.4,27392.3"
2026-04-27T10:35:00.000+07:00,"27392.1,27396.1,27383,27389"
2026-04-27T10:40:00.000+07:00,"27389.2,27395.9,27387,27392.2"
2026-04-27T10:45:00.000+07:00,"27392.1,27393.6,27384.7,27390.3"
2026-04-27T10:50:00.000+07:00,"27390.5,27393.7,27386.5,27393.4"
2026-04-27T10:55:00.000+07:00,"27393,27394.7,27387.2,27388.8"
2026-04-27T11:00:00.000+07:00,"27388.3,27391,27372.5,27374.5"
2026-04-27T11:05:00.000+07:00,"27374.7,27384.1,27374.7,27380.4"
2026-04-27T11:10:00.000+07:00,"27380.7,27382.5,27375.3,27376.7"
2026-04-27T11:15:00.000+07:00,"27376.9,27384.9,27376,27379.9"
2026-04-27T11:20:00.000+07:00,"27379.6,27390.7,27378.7,27385.7"
2026-04-27T11:25:00.000+07:00,"27385.9,27395,27385.2,27392.4"
2026-04-27T11:30:00.000+07:00,"27392.6,27397.7,27390.9,27391.4"
2026-04-27T11:35:00.000+07:00,"27390.4,27403.6,27387.1,27398"
2026-04-27T11:40:00.000+07:00,"27398.2,27400.3,27393.7,27394.6"
2026-04-27T11:45:00.000+07:00,"27394.5,27400.1,27392.6,27392.7"
2026-04-27T11:50:00.000+07:00,"27392.6,27392.6,27385.1,27389.6"
2026-04-27T11:55:00.000+07:00,"27389.5,27391,27374.3,27381.9"
2026-04-27T12:00:00.000+07:00,"27382.3,27383.9,27362.8,27363.5"
2026-04-27T12:05:00.000+07:00,"27363.4,27364.4,27350.4,27356"
2026-04-27T12:10:00.000+07:00,"27356.2,27362.1,27340.7,27341.1"
2026-04-27T12:15:00.000+07:00,"27341,27347.4,27335.4,27337"
2026-04-27T12:20:00.000+07:00,"27336.6,27344,27331.5,27343.5"
2026-04-27T12:25:00.000+07:00,"27342.5,27343,27320.1,27321.7"
2026-04-27T12:30:00.000+07:00,"27321.6,27330.1,27320.1,27321.2"
2026-04-27T12:35:00.000+07:00,"27321.7,27321.7,27305.3,27317.1"
2026-04-27T12:40:00.000+07:00,"27317.2,27327.5,27314.3,27321.2"
2026-04-27T12:45:00.000+07:00,"27321.3,27327.6,27317.3,27318.4"
2026-04-27T12:50:00.000+07:00,"27318.3,27322,27306,27321.2"
2026-04-27T12:55:00.000+07:00,"27321.4,27323.9,27311.2,27311.6"
2026-04-27T13:00:00.000+07:00,"27311.4,27319.5,27299,27302.8"
2026-04-27T13:05:00.000+07:00,"27302.7,27308.3,27291.7,27304.7"
2026-04-27T13:10:00.000+07:00,"27304.6,27307.6,27296.4,27304.5"
2026-04-27T13:15:00.000+07:00,"27304.6,27307.5,27291.9,27306.1"
2026-04-27T13:20:00.000+07:00,"27306,27316.1,27303.1,27313"
2026-04-27T13:25:00.000+07:00,"27313.2,27316.4,27307.9,27312.8"
2026-04-27T13:30:00.000+07:00,"27312.9,27314.5,27288.8,27291.6"
2026-04-27T13:35:00.000+07:00,"27291.2,27303,27289.1,27297.9"
2026-04-27T13:40:00.000+07:00,"27298,27304.2,27286.6,27303.5"
2026-04-27T13:45:00.000+07:00,"27303.7,27310.6,27299,27310.1"
2026-04-27T13:50:00.000+07:00,"27310.3,27310.3,27297.7,27304.6"
2026-04-27T13:55:00.000+07:00,"27304.4,27307.7,27292.1,27296.8"
2026-04-27T14:00:00.000+07:00,"27296.9,27307.9,27281.8,27299.3"
2026-04-27T14:05:00.000+07:00,"27299.2,27300.1,27272.1,27279.8"
2026-04-27T14:10:00.000+07:00,"27279.6,27291.3,27271,27290.1"
2026-04-27T14:15:00.000+07:00,"27290.2,27291.2,27277.1,27290.2"
2026-04-27T14:20:00.000+07:00,"27289.8,27298.7,27281.4,27294.5"
2026-04-27T14:25:00.000+07:00,"27294.4,27294.5,27276.1,27281.7"
2026-04-27T14:30:00.000+07:00,"27281.8,27288.2,27273.8,27279.7"
2026-04-27T14:35:00.000+07:00,"27279.8,27286,27269.2,27284.3"
2026-04-27T14:40:00.000+07:00,"27284.2,27289.1,27280.1,27282.7"
2026-04-27T14:45:00.000+07:00,"27282.4,27292.2,27281.6,27282.5"
2026-04-27T14:50:00.000+07:00,"27282.6,27294.1,27278.8,27286.6"
2026-04-27T14:55:00.000+07:00,"27286.5,27298.1,27286.2,27289.2"
2026-04-27T15:00:00.000+07:00,"27289.1,27298.4,27271.4,27277.1"
2026-04-27T15:05:00.000+07:00,"27276.8,27280.6,27252.1,27257.2"
2026-04-27T15:10:00.000+07:00,"27257.4,27268.1,27251.2,27254.4"
2026-04-27T15:15:00.000+07:00,"27254.2,27271.5,27249.9,27267.4"
2026-04-27T15:20:00.000+07:00,"27267.2,27278.5,27258.6,27278.4"
2026-04-27T15:25:00.000+07:00,"27278.1,27281.9,27270.5,27277.7"
2026-04-27T15:30:00.000+07:00,"27278.3,27285.3,27274.9,27284.1"
2026-04-27T15:35:00.000+07:00,"27284.3,27294.9,27280.7,27289.7"
2026-04-27T15:40:00.000+07:00,"27289.8,27300.9,27284.9,27296.1"
2026-04-27T15:45:00.000+07:00,"27296,27307.6,27294.7,27303.5"
2026-04-27T15:50:00.000+07:00,"27303.9,27306.7,27297.8,27302.5"
2026-04-27T15:55:00.000+07:00,"27302.6,27308.1,27297.5,27302"
2026-04-27T16:00:00.000+07:00,"27302.2,27312.5,27301.8,27305.6"
2026-04-27T16:05:00.000+07:00,"27305.9,27307.1,27299.2,27300.2"
2026-04-27T16:10:00.000+07:00,"27300,27313.9,27298.9,27311.3"
2026-04-27T16:15:00.000+07:00,"27311.1,27318.6,27309.6,27309.9"
2026-04-27T16:20:00.000+07:00,"27309.8,27312.6,27303,27307.6"
2026-04-27T16:25:00.000+07:00,"27307.5,27317.6,27304.6,27315.5"
2026-04-27T16:30:00.000+07:00,"27315.4,27322.9,27313.1,27321.6"
2026-04-27T16:35:00.000+07:00,"27321.7,27322.2,27309,27314.8"
2026-04-27T16:40:00.000+07:00,"27314.4,27318.1,27309.8,27313.7"
2026-04-27T16:45:00.000+07:00,"27313.5,27319.3,27311.8,27316.8"
2026-04-27T16:50:00.000+07:00,"27316.9,27330,27315.9,27329.7"
2026-04-27T16:55:00.000+07:00,"27329.8,27330.1,27313,27317.3"
2026-04-27T17:00:00.000+07:00,"27317.5,27322.7,27313.6,27314.2"
2026-04-27T17:05:00.000+07:00,"27314.4,27321.7,27306.4,27311.3"
2026-04-27T17:10:00.000+07:00,"27311.2,27313.9,27303.1,27310.2"
2026-04-27T17:15:00.000+07:00,"27310.1,27322.5,27308.5,27319.9"
2026-04-27T17:20:00.000+07:00,"27319.7,27329.2,27319.7,27325.5"
2026-04-27T17:25:00.000+07:00,"27325.3,27326.4,27313.5,27317.1"
2026-04-27T17:30:00.000+07:00,"27317.4,27329.1,27313.3,27327.1"
2026-04-27T17:35:00.000+07:00,"27327.2,27333.7,27323.1,27333.1"
2026-04-27T17:40:00.000+07:00,"27333.2,27344.6,27333.2,27341.4"
2026-04-27T17:45:00.000+07:00,"27341.5,27343.7,27330.8,27333.5"
2026-04-27T17:50:00.000+07:00,"27333.4,27346.3,27329.9,27341.6"
2026-04-27T17:55:00.000+07:00,"27341.4,27346.7,27335.9,27338.1"
2026-04-27T18:00:00.000+07:00,"27338.2,27345.2,27337.5,27340.7"
2026-04-27T18:05:00.000+07:00,"27340.8,27352.9,27340.7,27350.3"
2026-04-27T18:10:00.000+07:00,"27350.2,27355.4,27346,27347.8"
2026-04-27T18:15:00.000+07:00,"27347.9,27352.2,27339.5,27351.3"
2026-04-27T18:20:00.000+07:00,"27351.2,27361,27345.5,27357.6"
2026-04-27T18:25:00.000+07:00,"27357.7,27361.3,27350.9,27355.8"
2026-04-27T18:30:00.000+07:00,"27355.9,27362.9,27345.7,27348.4"
2026-04-27T18:35:00.000+07:00,"27348.6,27352,27341.3,27346"
2026-04-27T18:40:00.000+07:00,"27346.5,27348.1,27340.3,27343.5"
2026-04-27T18:45:00.000+07:00,"27343.4,27355.7,27342.6,27349.1"
2026-04-27T18:50:00.000+07:00,"27349.2,27350.8,27340,27344.4"
2026-04-27T18:55:00.000+07:00,"27344.3,27346.1,27339.6,27343.5"
2026-04-27T19:00:00.000+07:00,"27344.2,27345.4,27328.2,27337.5"
2026-04-27T19:05:00.000+07:00,"27337.7,27338.1,27323.8,27326.7"
2026-04-27T19:10:00.000+07:00,"27325.9,27343.1,27324.3,27329.6"
2026-04-27T19:15:00.000+07:00,"27329.8,27331.4,27310.3,27314.6"
2026-04-27T19:20:00.000+07:00,"27314.3,27315.1,27287.9,27291.4"
2026-04-27T19:25:00.000+07:00,"27290.8,27294.2,27261.1,27283.3"
2026-04-27T19:30:00.000+07:00,"27283.1,27287.1,27268.6,27280.8"
2026-04-27T19:35:00.000+07:00,"27280.6,27284.5,27252.3,27264.9"
2026-04-27T19:40:00.000+07:00,"27265.1,27283.5,27254.6,27279.9"
2026-04-27T19:45:00.000+07:00,"27279.8,27296.5,27270.7,27293.1"
2026-04-27T19:50:00.000+07:00,"27292.9,27299.5,27284.5,27292.9"
2026-04-27T19:55:00.000+07:00,"27293,27295.2,27277.3,27283.8"
2026-04-27T20:00:00.000+07:00,"27283.7,27296.9,27247.3,27264.8"
2026-04-27T20:05:00.000+07:00,"27264.9,27282.9,27248.7,27275.5"
2026-04-27T20:10:00.000+07:00,"27275.3,27290,27269.8,27280"
2026-04-27T20:15:00.000+07:00,"27279.9,27289.6,27272.2,27277.6"
2026-04-27T20:20:00.000+07:00,"27277.4,27286.2,27273.6,27277.4"
2026-04-27T20:25:00.000+07:00,"27275.5,27275.6,27257,27272.8"
2026-04-27T20:30:00.000+07:00,"27273.15,27291.2,27226.3,27232.5"
2026-04-27T20:35:00.000+07:00,"27232.6,27275.3,27217.6,27255"
2026-04-27T20:40:00.000+07:00,"27255.2,27264.3,27224.2,27250.1"
2026-04-27T20:45:00.000+07:00,"27250.8,27252.5,27189,27214.7"
2026-04-27T20:50:00.000+07:00,"27214.4,27245.4,27163.7,27242.4"
2026-04-27T20:55:00.000+07:00,"27241.6,27277,27235.6,27265.5"
2026-04-27T21:00:00.000+07:00,"27266.1,27273.9,27243.2,27252.5"
2026-04-27T21:05:00.000+07:00,"27252.9,27267,27229.8,27230.9"
2026-04-27T21:10:00.000+07:00,"27230.7,27256.8,27214.3,27254.3"
2026-04-27T21:15:00.000+07:00,"27254.1,27256.9,27217.1,27227.6"
2026-04-27T21:20:00.000+07:00,"27226.4,27239.7,27217.7,27234.6"
2026-04-27T21:25:00.000+07:00,"27234.8,27246.6,27219.1,27222.8"
2026-04-27T21:30:00.000+07:00,"27223.2,27223.6,27184.9,27217.1"
2026-04-27T21:35:00.000+07:00,"27217.6,27267.3,27214.6,27240.4"
2026-04-27T21:40:00.000+07:00,"27240.2,27246.7,27220.7,27240.2"
2026-04-27T21:45:00.000+07:00,"27240.9,27244.6,27213.9,27234.8"
2026-04-27T21:50:00.000+07:00,"27235.3,27253.3,27211.8,27223.4"
2026-04-27T21:55:00.000+07:00,"27223.6,27238.5,27208.9,27231"
2026-04-27T22:00:00.000+07:00,"27230.7,27241.3,27198.4,27202.9"
2026-04-27T22:05:00.000+07:00,"27202.7,27229.9,27194.3,27219.3"
2026-04-27T22:10:00.000+07:00,"27218.7,27227.1,27198.6,27202.6"
2026-04-27T22:15:00.000+07:00,"27202.4,27222.7,27196.6,27201.8"
2026-04-27T22:20:00.000+07:00,"27203.1,27206.9,27171.1,27185.1"
2026-04-27T22:25:00.000+07:00,"27184.8,27207.9,27176.3,27207.5"
2026-04-27T22:30:00.000+07:00,"27207.3,27220.5,27197.2,27214.1"
2026-04-27T22:35:00.000+07:00,"27214.2,27222.6,27206.6,27221.7"
2026-04-27T22:40:00.000+07:00,"27223.8,27245.5,27218.6,27235.3"
2026-04-27T22:45:00.000+07:00,"27234.9,27244,27224.3,27228.1"
2026-04-27T22:50:00.000+07:00,"27227.3,27235.2,27212.1,27221.2"
2026-04-27T22:55:00.000+07:00,"27221,27231.3,27214.7,27229.3"
2026-04-27T23:00:00.000+07:00,"27229.9,27237.3,27210.8,27219.8"
2026-04-27T23:05:00.000+07:00,"27220.6,27239.2,27218.7,27234.7"
2026-04-27T23:10:00.000+07:00,"27234.8,27247,27230.9,27238.5"
2026-04-27T23:15:00.000+07:00,"27238.7,27253.3,27237.5,27250.6"
2026-04-27T23:20:00.000+07:00,"27250.7,27254,27235.1,27237.9"
2026-04-27T23:25:00.000+07:00,"27238.1,27248.4,27235.9,27240.1"
2026-04-27T23:30:00.000+07:00,"27239.7,27257.4,27239.6,27254.4"
2026-04-27T23:35:00.000+07:00,"27254.5,27264.2,27247.5,27262.1"
2026-04-27T23:40:00.000+07:00,"27263.3,27271.7,27258.1,27261.8"
2026-04-27T23:45:00.000+07:00,"27261.6,27270.5,27258.3,27267.8"
2026-04-27T23:50:00.000+07:00,"27267.4,27268.3,27254.8,27255.8"
2026-04-27T23:55:00.000+07:00,"27255.3,27258.5,27243.2,27255.8"
2026-04-28T00:00:00.000+07:00,"27254.2,27266.3,27254.2,27260.3"
2026-04-28T00:05:00.000+07:00,"27260.7,27267.4,27256.5,27266.2"
2026-04-28T00:10:00.000+07:00,"27266.3,27279.8,27260.4,27278.7"
2026-04-28T00:15:00.000+07:00,"27278.9,27283,27244.4,27257.2"
2026-04-28T00:20:00.000+07:00,"27257.3,27283.8,27244.9,27264"
2026-04-28T00:25:00.000+07:00,"27263.8,27279,27261.7,27273.6"
2026-04-28T00:30:00.000+07:00,"27273.5,27301.9,27273.5,27301.5"
2026-04-28T00:35:00.000+07:00,"27301.7,27301.7,27281.7,27284.3"
2026-04-28T00:40:00.000+07:00,"27284.7,27294.9,27281.4,27293.1"
2026-04-28T00:45:00.000+07:00,"27293.3,27299.6,27289,27298.1"
2026-04-28T00:50:00.000+07:00,"27298.3,27304.1,27283.9,27288.7"
2026-04-28T00:55:00.000+07:00,"27288.6,27294.4,27284.8,27292.5"
2026-04-28T01:00:00.000+07:00,"27291.7,27292.1,27280.9,27285.3"
2026-04-28T01:05:00.000+07:00,"27285.5,27296.4,27282.4,27296"
2026-04-28T01:10:00.000+07:00,"27296.7,27299.5,27290.8,27294.4"
2026-04-28T01:15:00.000+07:00,"27294.6,27300.6,27291.9,27297"
2026-04-28T01:20:00.000+07:00,"27296.9,27299.6,27292.9,27296.8"
2026-04-28T01:25:00.000+07:00,"27296.4,27297,27286.5,27292.2"
2026-04-28T01:30:00.000+07:00,"27291.5,27297.7,27285.3,27288.5"
2026-04-28T01:35:00.000+07:00,"27288.7,27291.6,27284.3,27284.4"
2026-04-28T01:40:00.000+07:00,"27284.9,27287.1,27271.6,27275.9"
2026-04-28T01:45:00.000+07:00,"27275.7,27276.6,27261.3,27270.2"
2026-04-28T01:50:00.000+07:00,"27269.8,27276.6,27255,27257.6"
2026-04-28T01:55:00.000+07:00,"27257.5,27271.2,27256.3,27264"
2026-04-28T02:00:00.000+07:00,"27263.9,27271.8,27257.6,27264"
2026-04-28T02:05:00.000+07:00,"27263.9,27268.6,27255.6,27263.3"
2026-04-28T02:10:00.000+07:00,"27263.5,27279.4,27259,27277.9"
2026-04-28T02:15:00.000+07:00,"27277.7,27292.4,27276.6,27288.8"
2026-04-28T02:20:00.000+07:00,"27287,27291.1,27280.6,27285.4"
2026-04-28T02:25:00.000+07:00,"27285.7,27291.5,27281.2,27286.5"
2026-04-28T02:30:00.000+07:00,"27286.8,27297.1,27283.5,27291.4"
2026-04-28T02:35:00.000+07:00,"27291.3,27295.6,27273.9,27287.8"
2026-04-28T02:40:00.000+07:00,"27288.5,27291.4,27278.9,27291"
2026-04-28T02:45:00.000+07:00,"27290.7,27306.4,27289.2,27305.3"
2026-04-28T02:50:00.000+07:00,"27306.8,27315.7,27298.5,27301.9"
2026-04-28T02:55:00.000+07:00,"27301.8,27312.3,27295.3,27307.7"
2026-04-28T03:00:00.000+07:00,"27307.3,27307.95,27288.4,27290.2"
2026-04-28T03:05:00.000+07:00,"27290.1,27295,27284.2,27288.8"
2026-04-28T03:10:00.000+07:00,"27288.1,27298.7,27286.3,27289.3"
2026-04-28T03:15:00.000+07:00,"27288.8,27296.4,27284.1,27286.5"
2026-04-28T03:20:00.000+07:00,"27286.9,27289.2,27273.6,27278.8"
2026-04-28T03:25:00.000+07:00,"27278.7,27288.9,27278.6,27288.2"
2026-04-28T03:30:00.000+07:00,"27287.8,27293.6,27286.1,27288.1"
2026-04-28T03:35:00.000+07:00,"27288.6,27304.3,27288.4,27296.9"
2026-04-28T03:40:00.000+07:00,"27297.1,27298.2,27294.3,27296.6"
2026-04-28T03:45:00.000+07:00,"27296.1,27298.8,27290.6,27294.3"
2026-04-28T03:50:00.000+07:00,"27294.1,27294.7,27287.9,27291.5"
2026-04-28T03:55:00.000+07:00,"27291,27291,27280.6,27282.2"
2026-04-28T04:00:00.000+07:00,"27286.9,27288.2,27282.5,27287.9"
2026-04-28T04:05:00.000+07:00,"27287.8,27288.1,27285.3,27286"
2026-04-28T04:10:00.000+07:00,"27286.2,27291,27286,27289.5"
2026-04-28T04:15:00.000+07:00,"27289.6,27291.2,27289.6,27290.6"
2026-04-28T04:20:00.000+07:00,"27290.2,27290.2,27289.8,27290"
2026-04-28T04:25:00.000+07:00,"27290.1,27290.7,27287.3,27288.8"
2026-04-28T04:30:00.000+07:00,"27288.9,27290.5,27287.7,27290.4"
2026-04-28T04:35:00.000+07:00,"27292.6,27293,27288.4,27288.9"
2026-04-28T04:40:00.000+07:00,"27288.7,27290.7,27286.5,27288.8"
2026-04-28T04:45:00.000+07:00,"27288.6,27290.2,27287.6,27288.7"
2026-04-28T04:50:00.000+07:00,"27288.9,27291.2,27288.5,27288.7"
2026-04-28T04:55:00.000+07:00,"27290.2,27290.2,27288.2,27288.6"
2026-04-28T05:00:00.000+07:00,"27288,27312.1,27286.9,27303"
2026-04-28T05:05:00.000+07:00,"27303.2,27354.9,27300,27336.8"
2026-04-28T05:10:00.000+07:00,"27337,27354.1,27336.6,27349"
2026-04-28T05:15:00.000+07:00,"27348.9,27366.1,27348.8,27356.6"
2026-04-28T05:20:00.000+07:00,"27356.5,27358.9,27349.3,27352.5"
2026-04-28T05:25:00.000+07:00,"27351.9,27359.8,27350.6,27359.7"
2026-04-28T05:30:00.000+07:00,"27359.8,27364.2,27358.1,27358.7"
2026-04-28T05:35:00.000+07:00,"27358.6,27362,27356.3,27362"
2026-04-28T05:40:00.000+07:00,"27361.7,27364.7,27356.7,27360"
2026-04-28T05:45:00.000+07:00,"27360.1,27360.7,27351.1,27351.2"
2026-04-28T05:50:00.000+07:00,"27351.1,27355.1,27346.7,27350.6"
2026-04-28T05:55:00.000+07:00,"27350.7,27352.3,27346.6,27350"
2026-04-28T06:00:00.000+07:00,"27350.1,27354.4,27348.6,27353"
2026-04-28T06:05:00.000+07:00,"27353.1,27354,27339.4,27342.9"
2026-04-28T06:10:00.000+07:00,"27343,27349.8,27341.7,27343.3"
2026-04-28T06:15:00.000+07:00,"27343.1,27357.9,27343.1,27353.4"
2026-04-28T06:20:00.000+07:00,"27353.6,27360.7,27351.6,27357.4"
2026-04-28T06:25:00.000+07:00,"27357.3,27358.1,27353.1,27354.6"
2026-04-28T06:30:00.000+07:00,"27354.7,27358.4,27351.4,27357"
2026-04-28T06:35:00.000+07:00,"27356.8,27367.1,27356.3,27367.1"
2026-04-28T06:40:00.000+07:00,"27367.3,27370.7,27361.5,27363.5"
2026-04-28T06:45:00.000+07:00,"27363.3,27364.7,27353.2,27357"
2026-04-28T06:50:00.000+07:00,"27357.1,27357.6,27350,27355.9"
2026-04-28T06:55:00.000+07:00,"27355.7,27357.7,27351.9,27354.7"
2026-04-28T07:00:00.000+07:00,"27354.6,27362.9,27345.8,27348.1"
2026-04-28T07:05:00.000+07:00,"27347.9,27377.2,27346.3,27372.7"
2026-04-28T07:10:00.000+07:00,"27372.9,27378.8,27363.2,27369.1"
2026-04-28T07:15:00.000+07:00,"27369,27369,27348.4,27351.8"
2026-04-28T07:20:00.000+07:00,"27352,27356.7,27345.7,27352"
2026-04-28T07:25:00.000+07:00,"27352.3,27353.7,27315.9,27332.2"
2026-04-28T07:30:00.000+07:00,"27332.5,27341.9,27323.1,27329.1"
2026-04-28T07:35:00.000+07:00,"27329.5,27336.9,27325.1,27334.9"
2026-04-28T07:40:00.000+07:00,"27335,27345.6,27334.2,27340.9"
2026-04-28T07:45:00.000+07:00,"27340.8,27346.1,27338.8,27343.2"
2026-04-28T07:50:00.000+07:00,"27343.3,27343.3,27333.9,27337.6"
2026-04-28T07:55:00.000+07:00,"27337.8,27341.6,27332.1,27332.2"
2026-04-28T08:00:00.000+07:00,"27332.7,27338.5,27319.2,27326.1"
2026-04-28T08:05:00.000+07:00,"27326,27330.6,27316.3,27322.9"
2026-04-28T08:10:00.000+07:00,"27323.1,27330.2,27321.4,27327.6"
2026-04-28T08:15:00.000+07:00,"27327.7,27331.4,27322.4,27324.9"
2026-04-28T08:20:00.000+07:00,"27324.7,27332.1,27321.6,27329.1"
2026-04-28T08:25:00.000+07:00,"27328.6,27337.7,27328.2,27336.6"
2026-04-28T08:30:00.000+07:00,"27336.5,27337,27324.9,27331.2"
2026-04-28T08:35:00.000+07:00,"27331.1,27345.8,27330.6,27341.2"
2026-04-28T08:40:00.000+07:00,"27341.1,27349.8,27341.1,27345.3"
2026-04-28T08:45:00.000+07:00,"27345.4,27347.6,27324.2,27325.2"
2026-04-28T08:50:00.000+07:00,"27325.3,27325.3,27299,27315.8"
2026-04-28T08:55:00.000+07:00,"27315.7,27317.7,27282.9,27286.8"
2026-04-28T09:00:00.000+07:00,"27286.6,27293,27278.9,27282.6"
2026-04-28T09:05:00.000+07:00,"27282.3,27298.1,27281.8,27293.9"
2026-04-28T09:10:00.000+07:00,"27293.7,27300.7,27292.6,27296.5"
2026-04-28T09:15:00.000+07:00,"27296.6,27300.6,27293.4,27298.6"
2026-04-28T09:20:00.000+07:00,"27298.7,27303.6,27295,27298.6"
2026-04-28T09:25:00.000+07:00,"27298.4,27300.1,27290.3,27294.5"
2026-04-28T09:30:00.000+07:00,"27294.3,27294.3,27279.9,27288.5"
2026-04-28T09:35:00.000+07:00,"27288.4,27289.8,27271.8,27272"
2026-04-28T09:40:00.000+07:00,"27272.3,27277.9,27269.8,27274.6"
2026-04-28T09:45:00.000+07:00,"27274.5,27276.7,27267.4,27268"
2026-04-28T09:50:00.000+07:00,"27268.7,27279.6,27267.9,27274.1"
2026-04-28T09:55:00.000+07:00,"27273.8,27274.6,27252.7,27261.6"
2026-04-28T10:00:00.000+07:00,"27262.1,27266.7,27256.2,27259.2"
2026-04-28T10:05:00.000+07:00,"27259.4,27269.8,27255.5,27267.6"
2026-04-28T10:10:00.000+07:00,"27267.7,27276.7,27267.5,27275.3"
2026-04-28T10:15:00.000+07:00,"27275.1,27283.8,27271.7,27279.4"
2026-04-28T10:20:00.000+07:00,"27279.6,27282.3,27277.2,27279.3"
2026-04-28T10:25:00.000+07:00,"27279.2,27289.5,27278.2,27287.1"
2026-04-28T10:30:00.000+07:00,"27287,27295.4,27286.2,27291.4"
2026-04-28T10:35:00.000+07:00,"27291.3,27293.1,27285.3,27291.9"
2026-04-28T10:40:00.000+07:00,"27291.7,27293.6,27286.2,27286.7"
2026-04-28T10:45:00.000+07:00,"27286.8,27287.2,27275.6,27277.5"
2026-04-28T10:50:00.000+07:00,"27277.4,27278.6,27271.5,27275.4"
2026-04-28T10:55:00.000+07:00,"27275.3,27280.3,27272.9,27275.5"
2026-04-28T11:00:00.000+07:00,"27275.3,27283.8,27274,27277.5"
2026-04-28T11:05:00.000+07:00,"27277,27279.3,27269.4,27276.7"
2026-04-28T11:10:00.000+07:00,"27276.6,27292.3,27276.2,27290.1"
2026-04-28T11:15:00.000+07:00,"27290.3,27296.5,27287.5,27289.1"
2026-04-28T11:20:00.000+07:00,"27289,27294.4,27288,27292.2"
2026-04-28T11:25:00.000+07:00,"27292.5,27296.8,27291.5,27293.2"
2026-04-28T11:30:00.000+07:00,"27292.7,27304.9,27292.4,27303.7"
2026-04-28T11:35:00.000+07:00,"27303.8,27304.9,27297.5,27300.7"
2026-04-28T11:40:00.000+07:00,"27300.8,27303.5,27299.3,27302.3"
2026-04-28T11:45:00.000+07:00,"27302.4,27306.5,27298.3,27298.4"
2026-04-28T11:50:00.000+07:00,"27298.5,27298.5,27289.2,27291.7"
2026-04-28T11:55:00.000+07:00,"27291.6,27293.9,27281.2,27283.6"
2026-04-28T12:00:00.000+07:00,"27283.7,27289,27274.3,27278.5"
2026-04-28T12:05:00.000+07:00,"27278.6,27280.8,27261.7,27265"
2026-04-28T12:10:00.000+07:00,"27265.2,27265.5,27239.3,27253.5"
2026-04-28T12:15:00.000+07:00,"27253.2,27254.9,27241.6,27250.8"
2026-04-28T12:20:00.000+07:00,"27250.9,27261.4,27250.3,27261"
2026-04-28T12:25:00.000+07:00,"27261.2,27264.3,27258.4,27259.6"
2026-04-28T12:30:00.000+07:00,"27259.8,27260.1,27239.7,27242.2"
2026-04-28T12:35:00.000+07:00,"27242.3,27242.9,27215.6,27233.6"
2026-04-28T12:40:00.000+07:00,"27233.7,27245.8,27227.6,27237.8"
2026-04-28T12:45:00.000+07:00,"27237.6,27238.6,27226.6,27229.3"
2026-04-28T12:50:00.000+07:00,"27229.8,27239.5,27218.3,27237.7"
2026-04-28T12:55:00.000+07:00,"27239.2,27240.7,27227.4,27230.8"
2026-04-28T13:00:00.000+07:00,"27231.1,27238.4,27220,27228.9"
2026-04-28T13:05:00.000+07:00,"27229,27242.9,27227.1,27241.7"
2026-04-28T13:10:00.000+07:00,"27242,27245.1,27231.4,27237.9"
2026-04-28T13:15:00.000+07:00,"27238.5,27240.5,27226.3,27233.8"
2026-04-28T13:20:00.000+07:00,"27234,27237.5,27223.6,27225.9"
2026-04-28T13:25:00.000+07:00,"27225.7,27239.3,27224.3,27235.5"
2026-04-28T13:30:00.000+07:00,"27235.3,27241.6,27222.9,27230.8"
2026-04-28T13:35:00.000+07:00,"27230.7,27232.1,27209.7,27218.3"
2026-04-28T13:40:00.000+07:00,"27218.5,27223.9,27197.4,27201.6"
2026-04-28T13:45:00.000+07:00,"27201.7,27210,27187.4,27193.4"
2026-04-28T13:50:00.000+07:00,"27193.6,27203.4,27190.7,27200.3"
2026-04-28T13:55:00.000+07:00,"27200.4,27208.4,27196.2,27203.9"
2026-04-28T14:00:00.000+07:00,"27204.2,27204.7,27187.9,27194.9"
2026-04-28T14:05:00.000+07:00,"27194,27212,27193.4,27203.8"
2026-04-28T14:10:00.000+07:00,"27204.1,27207.1,27188.1,27204.5"
2026-04-28T14:15:00.000+07:00,"27204.6,27215,27194.7,27204.5"
2026-04-28T14:20:00.000+07:00,"27204.7,27211.2,27198,27205.3"
2026-04-28T14:25:00.000+07:00,"27205.2,27207.1,27187.6,27195.2"
2026-04-28T14:30:00.000+07:00,"27195.3,27210.2,27193.1,27201.8"
2026-04-28T14:35:00.000+07:00,"27201.7,27214.4,27199.3,27208.7"
2026-04-28T14:40:00.000+07:00,"27208.6,27219.2,27203.5,27205.4"
2026-04-28T14:45:00.000+07:00,"27205.6,27213.2,27196.8,27201.9"
2026-04-28T14:50:00.000+07:00,"27202.4,27203.2,27189.3,27194.5"
2026-04-28T14:55:00.000+07:00,"27194.6,27210.3,27191.2,27204.6"
2026-04-28T15:00:00.000+07:00,"27204.5,27207.5,27172.2,27176.7"
2026-04-28T15:05:00.000+07:00,"27176.5,27185.6,27168,27179.6"
2026-04-28T15:10:00.000+07:00,"27179.2,27185.2,27168.8,27181.9"
2026-04-28T15:15:00.000+07:00,"27181.8,27213.8,27181.8,27198.1"
2026-04-28T15:20:00.000+07:00,"27198.7,27210.7,27195.6,27197.7"
2026-04-28T15:25:00.000+07:00,"27197.8,27223.6,27197.5,27223.3"
2026-04-28T15:30:00.000+07:00,"27224.2,27225.6,27216.9,27218.7"
2026-04-28T15:35:00.000+07:00,"27219,27224.3,27211.8,27219.7"
2026-04-28T15:40:00.000+07:00,"27219.9,27222.7,27209,27211.9"
2026-04-28T15:45:00.000+07:00,"27211.1,27214,27203.2,27205.5"
2026-04-28T15:50:00.000+07:00,"27205.6,27215.3,27202.1,27209.4"
2026-04-28T15:55:00.000+07:00,"27209.5,27218.8,27204.9,27218.5"
2026-04-28T16:00:00.000+07:00,"27218.7,27220.9,27204.3,27204.9"
2026-04-28T16:05:00.000+07:00,"27205.1,27209.7,27192.9,27207.2"
2026-04-28T16:10:00.000+07:00,"27207.3,27213.8,27199.5,27207.8"
2026-04-28T16:15:00.000+07:00,"27207.9,27211.3,27196.7,27202.8"
2026-04-28T16:20:00.000+07:00,"27202.9,27203.9,27185.8,27187.8"
2026-04-28T16:25:00.000+07:00,"27187.6,27190.1,27175.7,27181.2"
2026-04-28T16:30:00.000+07:00,"27181.1,27183.7,27153.7,27160.9"
2026-04-28T16:35:00.000+07:00,"27160.4,27173.1,27145.5,27152.2"
2026-04-28T16:40:00.000+07:00,"27152.3,27161.1,27141.6,27150.8"
2026-04-28T16:45:00.000+07:00,"27150.3,27153.7,27124.4,27126.3"
2026-04-28T16:50:00.000+07:00,"27125.6,27155.5,27122.3,27151.9"
2026-04-28T16:55:00.000+07:00,"27152.1,27164.6,27149.5,27149.6"
2026-04-28T17:00:00.000+07:00,"27149.5,27168,27149.3,27157.5"
2026-04-28T17:05:00.000+07:00,"27157.6,27158.6,27132.1,27133.8"
2026-04-28T17:10:00.000+07:00,"27133.9,27143.1,27128.7,27131.5"
2026-04-28T17:15:00.000+07:00,"27131.3,27148.6,27116.4,27137.5"
2026-04-28T17:20:00.000+07:00,"27137.6,27151.3,27134.5,27139.1"
2026-04-28T17:25:00.000+07:00,"27139,27143.1,27127.3,27136"
2026-04-28T17:30:00.000+07:00,"27135.9,27146.6,27128.3,27137"
2026-04-28T17:35:00.000+07:00,"27136.8,27141.9,27120.3,27128.4"
2026-04-28T17:40:00.000+07:00,"27128.3,27133.4,27118.4,27119"
2026-04-28T17:45:00.000+07:00,"27118.8,27122.3,27105.2,27117.7"
2026-04-28T17:50:00.000+07:00,"27117.5,27128.7,27116,27119.4"
2026-04-28T17:55:00.000+07:00,"27119.1,27131.6,27115.8,27128.6"
2026-04-28T18:00:00.000+07:00,"27127.8,27136.6,27102.5,27104.2"
2026-04-28T18:05:00.000+07:00,"27104.1,27109.4,27066.4,27067.3"
2026-04-28T18:10:00.000+07:00,"27066.9,27075.5,27048.6,27058.7"
2026-04-28T18:15:00.000+07:00,"27058.4,27062.8,27041.4,27045.9"
2026-04-28T18:20:00.000+07:00,"27046,27050.9,27024.6,27032.1"
2026-04-28T18:25:00.000+07:00,"27032.3,27038.4,27007.4,27021.5"
2026-04-28T18:30:00.000+07:00,"27020.9,27023.1,26992.1,27016.7"
2026-04-28T18:35:00.000+07:00,"27016.4,27020.9,26976.2,26987.8"
2026-04-28T18:40:00.000+07:00,"26987.9,27011.8,26970.8,27011.2"
2026-04-28T18:45:00.000+07:00,"27011,27015.8,26962.3,26969.9"
2026-04-28T18:50:00.000+07:00,"26970,26983.8,26947.9,26967.1"
2026-04-28T18:55:00.000+07:00,"26967.8,26980.7,26958.9,26959.4"
2026-04-28T19:00:00.000+07:00,"26959.2,26973.4,26943.8,26959.7"
2026-04-28T19:05:00.000+07:00,"26959.5,26974.7,26947.1,26947.8"
2026-04-28T19:10:00.000+07:00,"26947.9,26974,26927.7,26965"
2026-04-28T19:15:00.000+07:00,"26964.9,26972.7,26936.9,26939.9"
2026-04-28T19:20:00.000+07:00,"26940.1,26989,26914.4,26922"
2026-04-28T19:25:00.000+07:00,"26921.7,26929.7,26911.6,26920.6"
2026-04-28T19:30:00.000+07:00,"26920.4,26938.3,26902.4,26934.5"
2026-04-28T19:35:00.000+07:00,"26934.3,26955.6,26930.5,26954.6"
2026-04-28T19:40:00.000+07:00,"26954.9,26976,26946.3,26961.2"
2026-04-28T19:45:00.000+07:00,"26960.9,26990.8,26957.6,26983"
2026-04-28T19:50:00.000+07:00,"26982.8,27005.4,26982.6,26994.2"
2026-04-28T19:55:00.000+07:00,"26994.5,27018.1,26994.5,27014.9"
2026-04-28T20:00:00.000+07:00,"27014.8,27032.1,27010.6,27017.8"
2026-04-28T20:05:00.000+07:00,"27018.2,27018.2,26991.3,26999.6"
2026-04-28T20:10:00.000+07:00,"26999.5,27009,26986.9,26991.8"
2026-04-28T20:15:00.000+07:00,"26991.9,27005.1,26979,27001.7"
2026-04-28T20:20:00.000+07:00,"27001.8,27021.4,27001.3,27017.6"
2026-04-28T20:25:00.000+07:00,"27017.9,27045.9,27001.3,27027.4"
2026-04-28T20:30:00.000+07:00,"27028,27028.2,26935.7,27005.5"
2026-04-28T20:35:00.000+07:00,"27006.4,27051.6,27003.7,27032.2"
2026-04-28T20:40:00.000+07:00,"27032.3,27106,27020.9,27078.2"
2026-04-28T20:45:00.000+07:00,"27078.1,27117,27071.3,27094.7"
2026-04-28T20:50:00.000+07:00,"27094.4,27101.6,27045.1,27052.2"
2026-04-28T20:55:00.000+07:00,"27052.4,27080,27008.5,27070.5"
2026-04-28T21:00:00.000+07:00,"27070,27076.9,27035.3,27052.5"
2026-04-28T21:05:00.000+07:00,"27052.7,27099.5,27051.2,27087.7"
2026-04-28T21:10:00.000+07:00,"27088.2,27089.8,27059.3,27071.7"
2026-04-28T21:15:00.000+07:00,"27071.3,27083,27045.4,27051.2"
2026-04-28T21:20:00.000+07:00,"27053.4,27069.8,27027.7,27036"
2026-04-28T21:25:00.000+07:00,"27035.9,27057.5,27016.9,27038.2"
2026-04-28T21:30:00.000+07:00,"27035.7,27046.9,27003.7,27011.7"
2026-04-28T21:35:00.000+07:00,"27011.9,27013.4,26908.8,26939"
2026-04-28T21:40:00.000+07:00,"26938.7,26969.8,26907.1,26967.8"
2026-04-28T21:45:00.000+07:00,"26967.4,26977.9,26925.7,26926.3"
2026-04-28T21:50:00.000+07:00,"26926.2,26926.2,26877.7,26893.8"
2026-04-28T21:55:00.000+07:00,"26893.5,26958.1,26876.9,26957.4"
2026-04-28T22:00:00.000+07:00,"26957.5,26983.4,26943.6,26949.2"
2026-04-28T22:05:00.000+07:00,"26949,26956.9,26896,26918.2"
2026-04-28T22:10:00.000+07:00,"26918.1,26964.7,26916.9,26961"
2026-04-28T22:15:00.000+07:00,"26960.7,26969.5,26935.1,26961.3"
2026-04-28T22:20:00.000+07:00,"26962,26966.6,26915.7,26928.8"
2026-04-28T22:25:00.000+07:00,"26929,26930.4,26902.7,26913.4"
2026-04-28T22:30:00.000+07:00,"26912.7,26914.3,26880.6,26888.5"
2026-04-28T22:35:00.000+07:00,"26889.3,26923.8,26878.8,26905.4"
2026-04-28T22:40:00.000+07:00,"26906,26921.1,26900.5,26905.3"
2026-04-28T22:45:00.000+07:00,"26905.1,26913.2,26876.6,26890.2"
2026-04-28T22:50:00.000+07:00,"26890,26912.3,26885.8,26905.3"
2026-04-28T22:55:00.000+07:00,"26905.2,26921.1,26891.2,26919"
2026-04-28T23:00:00.000+07:00,"26919.4,26936.1,26907.5,26929.4"
2026-04-28T23:05:00.000+07:00,"26928.9,26952.9,26925.4,26936.6"
2026-04-28T23:10:00.000+07:00,"26937.4,26944.9,26923.9,26937.1"
2026-04-28T23:15:00.000+07:00,"26937.2,26946.2,26921.9,26944.3"
2026-04-28T23:20:00.000+07:00,"26943.7,26954.6,26938.9,26946.5"
2026-04-28T23:25:00.000+07:00,"26946.2,26950.6,26933.1,26938.5"
2026-04-28T23:30:00.000+07:00,"26938.4,26944.9,26906.5,26906.6"
2026-04-28T23:35:00.000+07:00,"26906.3,26917.4,26895.7,26907.7"
2026-04-28T23:40:00.000+07:00,"26908.8,26917.5,26895.6,26908"
2026-04-28T23:45:00.000+07:00,"26907.7,26930,26904.8,26927.5"
2026-04-28T23:50:00.000+07:00,"26927.1,26961.2,26908,26957.2"
2026-04-28T23:55:00.000+07:00,"26957.3,26962.6,26939.9,26951.7"
2026-04-29T00:00:00.000+07:00,"26950.9,26962.5,26921.6,26926"
2026-04-29T00:05:00.000+07:00,"26926.7,26938.2,26914.6,26936.3"
2026-04-29T00:10:00.000+07:00,"26936.1,26942.6,26919.1,26937.6"
2026-04-29T00:15:00.000+07:00,"26937.4,26940.5,26915,26923.2"
2026-04-29T00:20:00.000+07:00,"26922.8,26937.1,26920.1,26935.6"
2026-04-29T00:25:00.000+07:00,"26935.9,26960.2,26930.8,26949.8"
2026-04-29T00:30:00.000+07:00,"26949.6,26970,26949.2,26969.2"
2026-04-29T00:35:00.000+07:00,"26969.8,26982.1,26969.8,26979.9"
2026-04-29T00:40:00.000+07:00,"26980.7,26999.6,26975.1,26986.7"
2026-04-29T00:45:00.000+07:00,"26986.5,26998.6,26985,26989.3"
2026-04-29T00:50:00.000+07:00,"26989,27002.7,26981,26997.8"
2026-04-29T00:55:00.000+07:00,"26998,27011.9,26996.6,27008.8"
2026-04-29T01:00:00.000+07:00,"27007.4,27014.1,26993.5,26996.6"
2026-04-29T01:05:00.000+07:00,"26996.3,27005.6,26986.9,27001.8"
2026-04-29T01:10:00.000+07:00,"27002.7,27009.8,26994,27007.4"
2026-04-29T01:15:00.000+07:00,"27007.8,27028.7,27007.6,27027.8"
2026-04-29T01:20:00.000+07:00,"27027.9,27049.5,27022.3,27037.6"
2026-04-29T01:25:00.000+07:00,"27037.7,27045.6,27033.9,27042.4"
2026-04-29T01:30:00.000+07:00,"27042.2,27048,27023.4,27024.1"
2026-04-29T01:35:00.000+07:00,"27024.3,27034.7,27018.6,27031.9"
2026-04-29T01:40:00.000+07:00,"27032.2,27046.2,27030.2,27044.5"
2026-04-29T01:45:00.000+07:00,"27044.6,27048.9,27036.8,27047.2"
2026-04-29T01:50:00.000+07:00,"27047.3,27060.6,27041.6,27059.7"
2026-04-29T01:55:00.000+07:00,"27059.9,27062,27040.2,27061.6"
2026-04-29T02:00:00.000+07:00,"27061,27075.9,27054.3,27070.1"
2026-04-29T02:05:00.000+07:00,"27070,27088.9,27070,27079"
2026-04-29T02:10:00.000+07:00,"27078.9,27091.4,27072.3,27072.8"
2026-04-29T02:15:00.000+07:00,"27073.1,27073.1,27051.4,27051.4"
2026-04-29T02:20:00.000+07:00,"27050.2,27057.3,27038.4,27049.4"
2026-04-29T02:25:00.000+07:00,"27049.8,27054.4,27044.1,27051.8"
2026-04-29T02:30:00.000+07:00,"27051.1,27056.4,27037.4,27038.5"
2026-04-29T02:35:00.000+07:00,"27037.7,27044.7,27029.4,27042.7"
2026-04-29T02:40:00.000+07:00,"27042.6,27056.4,27038.9,27043.4"
2026-04-29T02:45:00.000+07:00,"27043,27047,27033.2,27041.6"
2026-04-29T02:50:00.000+07:00,"27042.4,27053.6,27020.9,27033"
2026-04-29T02:55:00.000+07:00,"27034.2,27047.5,27022.5,27035.5"
2026-04-29T03:00:00.000+07:00,"27033,27040.1,27009.9,27021"
2026-04-29T03:05:00.000+07:00,"27021.5,27052.4,27021.5,27048.5"
2026-04-29T03:10:00.000+07:00,"27048.2,27063.1,27047.8,27049.8"
2026-04-29T03:15:00.000+07:00,"27049.3,27069.1,27048.5,27062.8"
2026-04-29T03:20:00.000+07:00,"27063.2,27063.2,27050.9,27056.6"
2026-04-29T03:25:00.000+07:00,"27055.9,27065.1,27055.7,27061.9"
2026-04-29T03:30:00.000+07:00,"27062.6,27065.7,27053.1,27055.4"
2026-04-29T03:35:00.000+07:00,"27054.7,27061.2,27053.2,27055.6"
2026-04-29T03:40:00.000+07:00,"27055.1,27060.9,27054,27057.3"
2026-04-29T03:45:00.000+07:00,"27057.5,27061.2,27053.6,27056"
2026-04-29T03:50:00.000+07:00,"27055.7,27057.4,27050.5,27054.5"
2026-04-29T03:55:00.000+07:00,"27054,27055.9,27048.7,27054.6"
2026-04-29T04:00:00.000+07:00,"27054.5,27056,27050.9,27054.8"
2026-04-29T04:05:00.000+07:00,"27054.7,27060,27054.6,27058.6"
2026-04-29T04:10:00.000+07:00,"27058.3,27058.6,27054,27055"
2026-04-29T04:15:00.000+07:00,"27054.9,27055.1,27053.4,27053.7"
2026-04-29T04:20:00.000+07:00,"27053.6,27058.9,27053.6,27056.1"
2026-04-29T04:25:00.000+07:00,"27056.3,27061.2,27056.3,27060.8"
2026-04-29T04:30:00.000+07:00,"27061,27062.1,27059,27059"
2026-04-29T04:35:00.000+07:00,"27058.9,27059.1,27056.7,27058"
2026-04-29T04:40:00.000+07:00,"27058.2,27059,27055.5,27056.2"
2026-04-29T04:45:00.000+07:00,"27056.4,27057.5,27054.9,27056.5"
2026-04-29T04:50:00.000+07:00,"27056.2,27057.8,27056.2,27057.4"
2026-04-29T04:55:00.000+07:00,"27060.5,27063,27059.6,27059.6"
2026-04-29T05:00:00.000+07:00,"27062.2,27096.6,27062.2,27084.3"
2026-04-29T05:05:00.000+07:00,"27084.2,27092.8,27077.1,27089.6"
2026-04-29T05:10:00.000+07:00,"27089.5,27095.1,27085.8,27088.4"
2026-04-29T05:15:00.000+07:00,"27088.2,27092.7,27082.1,27082.9"
2026-04-29T05:20:00.000+07:00,"27082.6,27085.6,27079.1,27082.8"
2026-04-29T05:25:00.000+07:00,"27082.7,27083.8,27074.1,27080.9"
2026-04-29T05:30:00.000+07:00,"27081,27092.2,27081,27090"
2026-04-29T05:35:00.000+07:00,"27089.9,27090.9,27085.6,27087.3"
2026-04-29T05:40:00.000+07:00,"27087.2,27089.4,27082.4,27086.3"
2026-04-29T05:45:00.000+07:00,"27086.4,27088.5,27082.9,27083.4"
2026-04-29T05:50:00.000+07:00,"27083.5,27086.8,27082.9,27083.4"
2026-04-29T05:55:00.000+07:00,"27083.6,27090.3,27082.6,27090.1"
2026-04-29T06:00:00.000+07:00,"27090,27093,27082.1,27086.6"
2026-04-29T06:05:00.000+07:00,"27086.4,27088.8,27080.2,27081.2"
2026-04-29T06:10:00.000+07:00,"27081.1,27085.5,27077.8,27085.3"
2026-04-29T06:15:00.000+07:00,"27085.7,27090.5,27085.2,27087.8"
2026-04-29T06:20:00.000+07:00,"27087.5,27090.2,27084.7,27087.2"
2026-04-29T06:25:00.000+07:00,"27087.1,27089.8,27085.4,27089.8"
2026-04-29T06:30:00.000+07:00,"27090,27102.3,27088.7,27098.4"
2026-04-29T06:35:00.000+07:00,"27098.6,27103.5,27096.7,27102.7"
2026-04-29T06:40:00.000+07:00,"27102.9,27106.9,27101.3,27104.3"
2026-04-29T06:45:00.000+07:00,"27104.1,27107.8,27098.8,27100.7"
2026-04-29T06:50:00.000+07:00,"27100.5,27110,27100.5,27107.4"
2026-04-29T06:55:00.000+07:00,"27107.5,27114.4,27104.4,27113.4"
2026-04-29T07:00:00.000+07:00,"27113.3,27128.1,27113.3,27123.4"
2026-04-29T07:05:00.000+07:00,"27123.3,27134.8,27121.9,27133.6"
2026-04-29T07:10:00.000+07:00,"27133.5,27145.3,27129.4,27144.3"
2026-04-29T07:15:00.000+07:00,"27143.8,27147.5,27129.9,27130.9"
2026-04-29T07:20:00.000+07:00,"27131.1,27151.4,27130,27150.9"
2026-04-29T07:25:00.000+07:00,"27151,27155.7,27148.5,27152.5"
2026-04-29T07:30:00.000+07:00,"27152.6,27160.5,27144,27148.3"
2026-04-29T07:35:00.000+07:00,"27148.5,27149.8,27136.4,27141.3"
2026-04-29T07:40:00.000+07:00,"27141.4,27146.5,27141.1,27145"
2026-04-29T07:45:00.000+07:00,"27145.1,27147,27134.8,27138.7"
2026-04-29T07:50:00.000+07:00,"27138.6,27139.3,27127.3,27136"
2026-04-29T07:55:00.000+07:00,"27136.1,27136.3,27128.4,27130"
2026-04-29T08:00:00.000+07:00,"27130.5,27131,27100,27107.2"
2026-04-29T08:05:00.000+07:00,"27107.3,27111.1,27056.5,27075.5"
2026-04-29T08:10:00.000+07:00,"27075.7,27092.2,27073.4,27086.1"
2026-04-29T08:15:00.000+07:00,"27085.2,27100.8,27078.2,27094.8"
2026-04-29T08:20:00.000+07:00,"27095.4,27102.3,27091.9,27097.5"
2026-04-29T08:25:00.000+07:00,"27097.6,27100.8,27092.4,27094.1"
2026-04-29T08:30:00.000+07:00,"27094.2,27114.2,27089.2,27112.3"
2026-04-29T08:35:00.000+07:00,"27112.4,27127.6,27109.2,27117.1"
2026-04-29T08:40:00.000+07:00,"27117.2,27135.8,27114.8,27126.1"
2026-04-29T08:45:00.000+07:00,"27126,27129.7,27116.7,27122.6"
2026-04-29T08:50:00.000+07:00,"27122.4,27122.9,27106.3,27113.1"
2026-04-29T08:55:00.000+07:00,"27113,27113.7,27105.1,27111.7"
2026-04-29T09:00:00.000+07:00,"27111.8,27130.1,27111.8,27114.9"
2026-04-29T09:05:00.000+07:00,"27115,27133.8,27110.2,27131.9"
2026-04-29T09:10:00.000+07:00,"27131.8,27137.6,27128.5,27133.8"
2026-04-29T09:15:00.000+07:00,"27134.1,27147,27132.1,27137.9"
2026-04-29T09:20:00.000+07:00,"27137.8,27137.8,27125.7,27126.2"
2026-04-29T09:25:00.000+07:00,"27126.3,27141.2,27126.3,27131.7"
2026-04-29T09:30:00.000+07:00,"27131.8,27133.2,27121.6,27122.2"
2026-04-29T09:35:00.000+07:00,"27122.1,27123.4,27111.9,27122.4"
2026-04-29T09:40:00.000+07:00,"27122.3,27123.9,27114,27120.3"
2026-04-29T09:45:00.000+07:00,"27120.6,27132.2,27116.7,27129"
2026-04-29T09:50:00.000+07:00,"27129.3,27135,27127.5,27130.3"
2026-04-29T09:55:00.000+07:00,"27130.2,27135.9,27126.2,27133.4"
2026-04-29T10:00:00.000+07:00,"27133.5,27142.9,27132.8,27138.8"
2026-04-29T10:05:00.000+07:00,"27139.1,27154.9,27137.7,27154.8"
2026-04-29T10:10:00.000+07:00,"27154.7,27159.6,27145.2,27147.3"
2026-04-29T10:15:00.000+07:00,"27147.5,27153.3,27145.4,27151.5"
2026-04-29T10:20:00.000+07:00,"27151.4,27155.3,27146.1,27149.3"
2026-04-29T10:25:00.000+07:00,"27149,27157.4,27148.2,27151.8"
2026-04-29T10:30:00.000+07:00,"27152,27154.3,27145.5,27147"
2026-04-29T10:35:00.000+07:00,"27146.7,27151.5,27146.1,27149.9"
2026-04-29T10:40:00.000+07:00,"27149.8,27150,27143.2,27144.7"
2026-04-29T10:45:00.000+07:00,"27144.9,27148.9,27141.9,27143.3"
2026-04-29T10:50:00.000+07:00,"27143.9,27147.2,27141.3,27147.1"
2026-04-29T10:55:00.000+07:00,"27147.2,27151.1,27142.1,27147.9"
2026-04-29T11:00:00.000+07:00,"27147.8,27161.5,27147.7,27153.9"
2026-04-29T11:05:00.000+07:00,"27154,27158.6,27153.7,27158.3"
2026-04-29T11:10:00.000+07:00,"27158.6,27162.3,27153.3,27161"
2026-04-29T11:15:00.000+07:00,"27160.7,27162.9,27155.3,27159.2"
2026-04-29T11:20:00.000+07:00,"27159.1,27159.7,27153.4,27154.4"
2026-04-29T11:25:00.000+07:00,"27154.8,27158.8,27152.8,27157.2"
2026-04-29T11:30:00.000+07:00,"27157.4,27175.1,27157.2,27172.4"
2026-04-29T11:35:00.000+07:00,"27172.5,27177.8,27168.2,27172.3"
2026-04-29T11:40:00.000+07:00,"27172.1,27172.4,27165.7,27168.5"
2026-04-29T11:45:00.000+07:00,"27168.4,27169.6,27157.4,27165.8"
2026-04-29T11:50:00.000+07:00,"27165.9,27169.4,27160,27160.2"
2026-04-29T11:55:00.000+07:00,"27160.5,27164.9,27158,27162"
2026-04-29T12:00:00.000+07:00,"27161.9,27166,27153.7,27163.8"
2026-04-29T12:05:00.000+07:00,"27163.7,27168.7,27152.4,27154.1"
2026-04-29T12:10:00.000+07:00,"27154.2,27156,27146.4,27150.3"
2026-04-29T12:15:00.000+07:00,"27150.4,27154.7,27149,27151.5"
2026-04-29T12:20:00.000+07:00,"27151.6,27155.5,27142.4,27143.6"
2026-04-29T12:25:00.000+07:00,"27143.7,27160.1,27142.5,27158.6"
2026-04-29T12:30:00.000+07:00,"27158.5,27165,27156.4,27158.1"
2026-04-29T12:35:00.000+07:00,"27158,27168.6,27152.8,27165.3"
2026-04-29T12:40:00.000+07:00,"27165.2,27169.3,27160.5,27166.2"
2026-04-29T12:45:00.000+07:00,"27166.6,27173.7,27165.2,27169.7"
2026-04-29T12:50:00.000+07:00,"27169.9,27174.1,27165.2,27172.1"
2026-04-29T12:55:00.000+07:00,"27172,27173.7,27160.8,27160.8"
2026-04-29T13:00:00.000+07:00,"27160.1,27182.7,27159.3,27178.1"
2026-04-29T13:05:00.000+07:00,"27178,27183.1,27167,27167.8"
2026-04-29T13:10:00.000+07:00,"27168,27172.7,27157.9,27160.5"
2026-04-29T13:15:00.000+07:00,"27160.6,27160.8,27151.7,27155.7"
2026-04-29T13:20:00.000+07:00,"27155.5,27159,27152.5,27154.5"
2026-04-29T13:25:00.000+07:00,"27154.6,27156.1,27146.5,27147.8"
2026-04-29T13:30:00.000+07:00,"27147.9,27155.8,27144.3,27148.1"
2026-04-29T13:35:00.000+07:00,"27148.7,27157,27142.5,27155.3"
2026-04-29T13:40:00.000+07:00,"27156,27164.5,27154.5,27158.7"
2026-04-29T13:45:00.000+07:00,"27158.8,27159.1,27143.6,27150.3"
2026-04-29T13:50:00.000+07:00,"27150.5,27150.5,27129.8,27133.8"
2026-04-29T13:55:00.000+07:00,"27134,27136.2,27126,27129.6"
2026-04-29T14:00:00.000+07:00,"27130,27145.9,27128.8,27144.1"
2026-04-29T14:05:00.000+07:00,"27144.6,27154.1,27136.3,27136.4"
2026-04-29T14:10:00.000+07:00,"27136.6,27137.1,27120,27122.5"
2026-04-29T14:15:00.000+07:00,"27122.7,27126.7,27112.4,27114.4"
2026-04-29T14:20:00.000+07:00,"27114.7,27124.2,27111.4,27124.2"
2026-04-29T14:25:00.000+07:00,"27123.8,27133.3,27113.5,27127.6"
2026-04-29T14:30:00.000+07:00,"27127.4,27138.7,27120.2,27127.8"
2026-04-29T14:35:00.000+07:00,"27127.6,27135,27113.9,27120.1"
2026-04-29T14:40:00.000+07:00,"27120.2,27121.5,27102,27102.3"
2026-04-29T14:45:00.000+07:00,"27103,27104.5,27076.6,27093.7"
2026-04-29T14:50:00.000+07:00,"27093.8,27099.7,27078.9,27091.3"
2026-04-29T14:55:00.000+07:00,"27091.4,27107.1,27088.1,27102.7"
2026-04-29T15:00:00.000+07:00,"27110.2,27127,27101.2,27106.2"
2026-04-29T15:05:00.000+07:00,"27106.3,27107.6,27079.3,27087.1"
2026-04-29T15:10:00.000+07:00,"27086.7,27091.2,27071.9,27074"
2026-04-29T15:15:00.000+07:00,"27074.2,27086.5,27062.8,27086"
2026-04-29T15:20:00.000+07:00,"27085.9,27103.9,27085.6,27099.2"
2026-04-29T15:25:00.000+07:00,"27099.3,27115.1,27099.3,27110.5"
2026-04-29T15:30:00.000+07:00,"27111,27115,27073.6,27078.2"
2026-04-29T15:35:00.000+07:00,"27078.3,27088.2,27072.4,27083.3"
2026-04-29T15:40:00.000+07:00,"27082.1,27109.9,27074,27105.6"
2026-04-29T15:45:00.000+07:00,"27105.3,27112.8,27096.4,27098.5"
2026-04-29T15:50:00.000+07:00,"27098.9,27109.4,27094,27105.6"
2026-04-29T15:55:00.000+07:00,"27105.5,27112.5,27099.8,27105.4"
2026-04-29T16:00:00.000+07:00,"27105.6,27112.3,27093.7,27099.7"
2026-04-29T16:05:00.000+07:00,"27099.8,27115.2,27095.3,27113.7"
2026-04-29T16:10:00.000+07:00,"27113.5,27126.4,27113.2,27120.7"
2026-04-29T16:15:00.000+07:00,"27120.4,27135.9,27116.3,27132.8"
2026-04-29T16:20:00.000+07:00,"27132.9,27132.9,27107.6,27118.9"
2026-04-29T16:25:00.000+07:00,"27118.8,27119.3,27105.5,27115.8"
2026-04-29T16:30:00.000+07:00,"27115.7,27126.6,27109.9,27122.4"
2026-04-29T16:35:00.000+07:00,"27122.6,27131.3,27104,27113.5"
2026-04-29T16:40:00.000+07:00,"27113.6,27113.6,27099.8,27102.9"
2026-04-29T16:45:00.000+07:00,"27103.3,27111,27097.9,27109.1"
2026-04-29T16:50:00.000+07:00,"27109,27114.7,27103.4,27106.3"
2026-04-29T16:55:00.000+07:00,"27105.4,27106.3,27086.5,27093.5"
2026-04-29T17:00:00.000+07:00,"27093.4,27109.7,27078.7,27101.9"
2026-04-29T17:05:00.000+07:00,"27102,27104.4,27090.3,27103.1"
2026-04-29T17:10:00.000+07:00,"27103,27111.8,27098.9,27109.9"
2026-04-29T17:15:00.000+07:00,"27110,27133.7,27107.8,27130.2"
2026-04-29T17:20:00.000+07:00,"27130.1,27152.2,27124.6,27144.7"
2026-04-29T17:25:00.000+07:00,"27143.9,27153.3,27138.6,27146.9"
2026-04-29T17:30:00.000+07:00,"27147.5,27153.9,27139.3,27144.3"
2026-04-29T17:35:00.000+07:00,"27144.1,27146.8,27138.3,27144.1"
2026-04-29T17:40:00.000+07:00,"27144.4,27144.4,27121.9,27128.7"
2026-04-29T17:45:00.000+07:00,"27128.8,27140.8,27123.4,27132"
2026-04-29T17:50:00.000+07:00,"27131.8,27134.7,27124.6,27127.7"
2026-04-29T17:55:00.000+07:00,"27127.6,27130.7,27118.4,27130"
2026-04-29T18:00:00.000+07:00,"27129.9,27142.3,27129.2,27138"
2026-04-29T18:05:00.000+07:00,"27138.1,27140.3,27119.5,27128.4"
2026-04-29T18:10:00.000+07:00,"27128.3,27139.1,27127.4,27135.2"
2026-04-29T18:15:00.000+07:00,"27135.1,27145.6,27128.2,27131.4"
2026-04-29T18:20:00.000+07:00,"27132,27138.6,27123.4,27128.9"
2026-04-29T18:25:00.000+07:00,"27128.8,27135,27124,27127.5"
2026-04-29T18:30:00.000+07:00,"27127.1,27131.7,27123.2,27126.1"
2026-04-29T18:35:00.000+07:00,"27126.4,27151.5,27125.4,27126.5"
2026-04-29T18:40:00.000+07:00,"27126.4,27128.2,27105.3,27113.9"
2026-04-29T18:45:00.000+07:00,"27113.8,27119.4,27099.6,27109.3"
2026-04-29T18:50:00.000+07:00,"27109.9,27126.4,27109.1,27115.2"
2026-04-29T18:55:00.000+07:00,"27115.1,27123.6,27114.6,27116.2"
2026-04-29T19:00:00.000+07:00,"27116.7,27117.7,27094.9,27101.5"
2026-04-29T19:05:00.000+07:00,"27100.8,27115.2,27098.1,27105.5"
2026-04-29T19:10:00.000+07:00,"27105.4,27114.4,27096.6,27100.4"
2026-04-29T19:15:00.000+07:00,"27100.3,27110.5,27094.3,27104.6"
2026-04-29T19:20:00.000+07:00,"27104.7,27113.2,27085.9,27107.6"
2026-04-29T19:25:00.000+07:00,"27107.8,27115.5,27096.4,27097.4"
2026-04-29T19:30:00.000+07:00,"27097.8,27097.8,27057.1,27066.7"
2026-04-29T19:35:00.000+07:00,"27067.7,27096.9,27066.7,27095.1"
2026-04-29T19:40:00.000+07:00,"27095.3,27114.2,27090.7,27107.2"
2026-04-29T19:45:00.000+07:00,"27107.1,27111.5,27090.5,27092"
2026-04-29T19:50:00.000+07:00,"27091.7,27100.2,27086.1,27088.4"
2026-04-29T19:55:00.000+07:00,"27088.5,27094.7,27082.5,27091.5"
2026-04-29T20:00:00.000+07:00,"27091.6,27114.7,27091.6,27103.1"
2026-04-29T20:05:00.000+07:00,"27104.2,27114.5,27101.6,27106.6"
2026-04-29T20:10:00.000+07:00,"27106.7,27115.5,27101.7,27107.4"
2026-04-29T20:15:00.000+07:00,"27107.5,27111.4,27085.8,27085.8"
2026-04-29T20:20:00.000+07:00,"27086.3,27091.7,27064.8,27076.6"
2026-04-29T20:25:00.000+07:00,"27076.2,27086.5,27065.3,27071.1"
2026-04-29T20:30:00.000+07:00,"27071.7,27084,26998.4,27014.2"
2026-04-29T20:35:00.000+07:00,"27014,27051.2,26989.9,27049"
2026-04-29T20:40:00.000+07:00,"27049.2,27064.2,27039,27044.5"
2026-04-29T20:45:00.000+07:00,"27044.7,27061.7,27022.1,27045.9"
2026-04-29T20:50:00.000+07:00,"27046.4,27094.1,27042.6,27090.8"
2026-04-29T20:55:00.000+07:00,"27090.9,27101.1,27084.1,27089.2"
2026-04-29T21:00:00.000+07:00,"27089.8,27094.2,27054.5,27071"
2026-04-29T21:05:00.000+07:00,"27070.9,27084.8,27047.4,27057.1"
2026-04-29T21:10:00.000+07:00,"27057.2,27085.5,27047.2,27081.9"
2026-04-29T21:15:00.000+07:00,"27082.7,27096.7,27072,27089.4"
2026-04-29T21:20:00.000+07:00,"27088.9,27111.9,27075.9,27110.7"
2026-04-29T21:25:00.000+07:00,"27111.3,27143.3,27105.9,27135.2"
2026-04-29T21:30:00.000+07:00,"27135.3,27156.2,27116.2,27153.4"
2026-04-29T21:35:00.000+07:00,"27152.9,27182.4,27151.2,27169.5"
2026-04-29T21:40:00.000+07:00,"27170.4,27172.9,27148.4,27172.8"
2026-04-29T21:45:00.000+07:00,"27173.4,27179.9,27151.9,27156.9"
2026-04-29T21:50:00.000+07:00,"27156.1,27175,27149.4,27169.2"
2026-04-29T21:55:00.000+07:00,"27169.4,27177.2,27159.9,27169.8"
2026-04-29T22:00:00.000+07:00,"27169.9,27177,27147.6,27151.2"
2026-04-29T22:05:00.000+07:00,"27150.4,27158.2,27119.1,27119.7"
2026-04-29T22:10:00.000+07:00,"27119.8,27122.9,27090.6,27098.3"
2026-04-29T22:15:00.000+07:00,"27098.5,27129.7,27087.7,27126"
2026-04-29T22:20:00.000+07:00,"27124.9,27142,27122.8,27133.3"
2026-04-29T22:25:00.000+07:00,"27133.4,27152,27125.5,27143"
2026-04-29T22:30:00.000+07:00,"27143.2,27158.8,27132.7,27153.5"
2026-04-29T22:35:00.000+07:00,"27153.4,27160.1,27138.9,27150.2"
2026-04-29T22:40:00.000+07:00,"27152.4,27156.7,27138.1,27147.5"
2026-04-29T22:45:00.000+07:00,"27147.6,27166.9,27144.7,27153.3"
2026-04-29T22:50:00.000+07:00,"27151.6,27158.3,27068.2,27087.4"
2026-04-29T22:55:00.000+07:00,"27086.5,27112.1,27073,27107.9"
2026-04-29T23:00:00.000+07:00,"27107.5,27123.3,27098.3,27118.5"
2026-04-29T23:05:00.000+07:00,"27118.7,27136.2,27113.8,27124.4"
2026-04-29T23:10:00.000+07:00,"27122.5,27137.5,27111.7,27112.5"
2026-04-29T23:15:00.000+07:00,"27112.4,27122.1,27072.5,27075.3"
2026-04-29T23:20:00.000+07:00,"27075.8,27094,27071.3,27088.1"
2026-04-29T23:25:00.000+07:00,"27088.4,27092.9,27066.9,27068.3"
2026-04-29T23:30:00.000+07:00,"27068.4,27068.4,27018.5,27030.4"
2026-04-29T23:35:00.000+07:00,"27031,27053.3,27020.4,27052.7"
2026-04-29T23:40:00.000+07:00,"27053.9,27075.7,27053.9,27071"
2026-04-29T23:45:00.000+07:00,"27070.9,27076.2,27061.7,27070.1"
2026-04-29T23:50:00.000+07:00,"27069.8,27088,27064.6,27070.7"
2026-04-29T23:55:00.000+07:00,"27070.5,27078.4,27049.6,27064.3"
2026-04-30T00:00:00.000+07:00,"27064.9,27070.8,27037.2,27052.7"
2026-04-30T00:05:00.000+07:00,"27053.4,27072.5,27049.2,27072.4"
2026-04-30T00:10:00.000+07:00,"27072.5,27084.1,27064.6,27072"
2026-04-30T00:15:00.000+07:00,"27071.9,27082.1,27058.7,27070.9"
2026-04-30T00:20:00.000+07:00,"27070.6,27094.7,27069.2,27075.8"
2026-04-30T00:25:00.000+07:00,"27076.3,27081.9,27061.6,27081.5"
2026-04-30T00:30:00.000+07:00,"27080.7,27096.5,27077.1,27083"
2026-04-30T00:35:00.000+07:00,"27083.1,27091.3,27079.1,27086.9"
2026-04-30T00:40:00.000+07:00,"27085,27088.1,27070.8,27084.4"
2026-04-30T00:45:00.000+07:00,"27084.1,27111.4,27080.8,27101.4"
2026-04-30T00:50:00.000+07:00,"27102.8,27119.2,27096.9,27100.8"
2026-04-30T00:55:00.000+07:00,"27100.9,27114.8,27097.3,27114.4"
2026-04-30T01:00:00.000+07:00,"27115.2,27121.7,27063.8,27069"
2026-04-30T01:05:00.000+07:00,"27069.1,27092,27039.2,27044.4"
2026-04-30T01:10:00.000+07:00,"27045.3,27067.2,27025.9,27058.2"
2026-04-30T01:15:00.000+07:00,"27058,27104.3,27055.2,27086.7"
2026-04-30T01:20:00.000+07:00,"27086.5,27102.2,27081.8,27091.6"
2026-04-30T01:25:00.000+07:00,"27092.1,27092.3,27071.7,27075.9"
2026-04-30T01:30:00.000+07:00,"27076.6,27080.2,27047.9,27072.5"
2026-04-30T01:35:00.000+07:00,"27072.7,27132,27070.5,27087"
2026-04-30T01:40:00.000+07:00,"27087.1,27090.8,27055,27059.5"
2026-04-30T01:45:00.000+07:00,"27059.4,27111.2,27041.7,27105.2"
2026-04-30T01:50:00.000+07:00,"27106.1,27133.3,27105.1,27120.6"
2026-04-30T01:55:00.000+07:00,"27120.7,27167.5,27118,27161.3"
2026-04-30T02:00:00.000+07:00,"27159.6,27172.1,27142.1,27149"
2026-04-30T02:05:00.000+07:00,"27148.8,27156.5,27128.6,27146"
2026-04-30T02:10:00.000+07:00,"27146.5,27186.1,27141.3,27184.4"
2026-04-30T02:15:00.000+07:00,"27184.3,27203.5,27183,27185.5"
2026-04-30T02:20:00.000+07:00,"27184.7,27187.8,27162,27182.4"
2026-04-30T02:25:00.000+07:00,"27182.5,27193.1,27173.6,27174.1"
2026-04-30T02:30:00.000+07:00,"27174,27177.5,27132.1,27144.1"
2026-04-30T02:35:00.000+07:00,"27143.9,27162.2,27132.5,27156.1"
2026-04-30T02:40:00.000+07:00,"27157.9,27162.5,27137.9,27142.9"
2026-04-30T02:45:00.000+07:00,"27143,27154,27141.1,27147.9"
2026-04-30T02:50:00.000+07:00,"27146.7,27163.4,27127.6,27159.5"
2026-04-30T02:55:00.000+07:00,"27159.7,27201.4,27152.1,27198.9"
2026-04-30T03:00:00.000+07:00,"27197.7,27275.4,27109.5,27215.5"
2026-04-30T03:05:00.000+07:00,"27215.9,27215.9,27151.4,27151.8"
2026-04-30T03:10:00.000+07:00,"27152.8,27159.1,26983.1,26994.2"
2026-04-30T03:15:00.000+07:00,"26994.9,27026.3,26958.8,27020.1"
2026-04-30T03:20:00.000+07:00,"27021.6,27119.9,27020,27116.2"
2026-04-30T03:25:00.000+07:00,"27114.9,27152.7,27088.9,27144.7"
2026-04-30T03:30:00.000+07:00,"27145.2,27163.3,27113.6,27139.3"
2026-04-30T03:35:00.000+07:00,"27139.2,27156.1,27123.2,27145.3"
2026-04-30T03:40:00.000+07:00,"27145.6,27158.9,27114.9,27116.7"
2026-04-30T03:45:00.000+07:00,"27116.5,27137.5,27095.1,27097.9"
2026-04-30T03:50:00.000+07:00,"27097.7,27100.9,27066.4,27072"
2026-04-30T03:55:00.000+07:00,"27072.5,27082.2,27011.6,27011.6"
2026-04-30T04:00:00.000+07:00,"27013.3,27042.9,27013.3,27037.1"
2026-04-30T04:05:00.000+07:00,"27037,27049,27024.5,27043.8"
2026-04-30T04:10:00.000+07:00,"27043.9,27056.7,27043.8,27052.9"
2026-04-30T04:15:00.000+07:00,"27053.2,27070.2,27051.7,27070"
2026-04-30T04:20:00.000+07:00,"27070.2,27098,27069.7,27094.6"
2026-04-30T04:25:00.000+07:00,"27094.8,27095.8,27081.4,27085.3"
2026-04-30T04:30:00.000+07:00,"27085.4,27088.4,27076.7,27087.8"
2026-04-30T04:35:00.000+07:00,"27088.4,27095.8,27088.2,27094.3"
2026-04-30T04:40:00.000+07:00,"27094.7,27134.3,27092.7,27133.5"
2026-04-30T04:45:00.000+07:00,"27134.5,27145,27132.7,27134.2"
2026-04-30T04:50:00.000+07:00,"27135.1,27135.1,27114.8,27118.1"
2026-04-30T04:55:00.000+07:00,"27118.5,27158.8,27116.7,27137.6"
2026-04-30T05:00:00.000+07:00,"27076.7,27169.5,27076.7,27169.5"
2026-04-30T05:05:00.000+07:00,"27169.8,27248.1,27167.1,27246.1"
2026-04-30T05:10:00.000+07:00,"27245.9,27304.1,27240.2,27298.9"
2026-04-30T05:15:00.000+07:00,"27299,27365.7,27291.9,27360"
2026-04-30T05:20:00.000+07:00,"27359.4,27364.5,27323.4,27341.3"
2026-04-30T05:25:00.000+07:00,"27341.4,27342.7,27326,27332.4"
2026-04-30T05:30:00.000+07:00,"27332.8,27355.2,27326.6,27330.6"
2026-04-30T05:35:00.000+07:00,"27330.5,27339,27323.4,27324.3"
2026-04-30T05:40:00.000+07:00,"27324.1,27338.1,27317.7,27336.2"
2026-04-30T05:45:00.000+07:00,"27336,27363.5,27334.1,27350.7"
2026-04-30T05:50:00.000+07:00,"27350.8,27361.7,27346.5,27347.3"
2026-04-30T05:55:00.000+07:00,"27347.7,27351.2,27332.1,27336.6"
2026-04-30T06:00:00.000+07:00,"27336.1,27348.7,27336.1,27346.2"
2026-04-30T06:05:00.000+07:00,"27346.1,27346.1,27332.4,27334.4"
2026-04-30T06:10:00.000+07:00,"27334.7,27342.8,27329,27339.8"
2026-04-30T06:15:00.000+07:00,"27339.7,27341.6,27324.2,27326.1"
2026-04-30T06:20:00.000+07:00,"27325.9,27328.4,27318.4,27324.1"
2026-04-30T06:25:00.000+07:00,"27324.4,27338.4,27324.2,27337.4"
2026-04-30T06:30:00.000+07:00,"27337.5,27353.2,27337.4,27345.6"
2026-04-30T06:35:00.000+07:00,"27345.7,27373,27345.5,27372.2"
2026-04-30T06:40:00.000+07:00,"27372.4,27386.9,27366.7,27384.7"
2026-04-30T06:45:00.000+07:00,"27384.9,27393.5,27374.7,27385.2"
2026-04-30T06:50:00.000+07:00,"27385.1,27422.4,27383.1,27408.7"
2026-04-30T06:55:00.000+07:00,"27408.9,27420.1,27398.1,27415.8"
2026-04-30T07:00:00.000+07:00,"27415.7,27443.7,27415.7,27426.6"
2026-04-30T07:05:00.000+07:00,"27426.8,27453.4,27419.4,27452"
2026-04-30T07:10:00.000+07:00,"27451.8,27459.5,27435.7,27439.3"
2026-04-30T07:15:00.000+07:00,"27439.4,27444.4,27424.6,27439.9"
2026-04-30T07:20:00.000+07:00,"27439.7,27445.3,27429.1,27444.3"
2026-04-30T07:25:00.000+07:00,"27444.1,27456.2,27435.5,27442.8"
2026-04-30T07:30:00.000+07:00,"27442.9,27472.4,27442.9,27462"
2026-04-30T07:35:00.000+07:00,"27462.7,27490.3,27461.1,27485.6"
2026-04-30T07:40:00.000+07:00,"27485.5,27486.5,27466.2,27470"
2026-04-30T07:45:00.000+07:00,"27470.1,27480.2,27468.5,27469.3"
2026-04-30T07:50:00.000+07:00,"27469.2,27481.3,27462.1,27463.3"
2026-04-30T07:55:00.000+07:00,"27463.2,27469.2,27455.4,27461.5"
2026-04-30T08:00:00.000+07:00,"27460.5,27468.7,27437.8,27444.2"
2026-04-30T08:05:00.000+07:00,"27443.7,27446.3,27432.3,27443.1"
2026-04-30T08:10:00.000+07:00,"27443.2,27445.3,27432.5,27433.5"
2026-04-30T08:15:00.000+07:00,"27433.3,27441.1,27431.8,27440.8"
2026-04-30T08:20:00.000+07:00,"27440.6,27443.1,27433.2,27442.3"
2026-04-30T08:25:00.000+07:00,"27442.4,27449.2,27437.4,27445.5"
2026-04-30T08:30:00.000+07:00,"27445.9,27463.9,27440,27456.9"
2026-04-30T08:35:00.000+07:00,"27457.1,27457.1,27422.5,27433.6"
2026-04-30T08:40:00.000+07:00,"27433.1,27440.6,27428.5,27432.9"
2026-04-30T08:45:00.000+07:00,"27433,27436.6,27425.6,27432.5"
2026-04-30T08:50:00.000+07:00,"27432.6,27450.4,27422.4,27445.9"
2026-04-30T08:55:00.000+07:00,"27445.6,27447.3,27435.6,27445.7"
2026-04-30T09:00:00.000+07:00,"27445.4,27454,27428.5,27431.1"
2026-04-30T09:05:00.000+07:00,"27431.2,27438.2,27426.4,27437.4"
2026-04-30T09:10:00.000+07:00,"27436.9,27438.7,27431,27431.8"
2026-04-30T09:15:00.000+07:00,"27431.9,27435.3,27412.2,27414.2"
2026-04-30T09:20:00.000+07:00,"27414.4,27417.5,27404.6,27406.7"
2026-04-30T09:25:00.000+07:00,"27406.6,27409,27379.3,27381.8"
2026-04-30T09:30:00.000+07:00,"27381.9,27383.1,27252.3,27315.8"
2026-04-30T09:35:00.000+07:00,"27315.7,27335.1,27301.1,27317.7"
2026-04-30T09:40:00.000+07:00,"27318.3,27328.8,27300.3,27304.6"
2026-04-30T09:45:00.000+07:00,"27304.5,27308.9,27264.4,27267"
2026-04-30T09:50:00.000+07:00,"27267.1,27303.1,27260.2,27288.7"
2026-04-30T09:55:00.000+07:00,"27289.3,27303.4,27275.2,27293.8"
2026-04-30T10:00:00.000+07:00,"27293.7,27316.7,27289.1,27313.6"
2026-04-30T10:05:00.000+07:00,"27313.9,27320.2,27294.3,27308.9"
2026-04-30T10:10:00.000+07:00,"27308.8,27317.3,27270.1,27279"
2026-04-30T10:15:00.000+07:00,"27278.9,27291.8,27268.4,27287.6"
2026-04-30T10:20:00.000+07:00,"27287,27290,27274.7,27285.1"
2026-04-30T10:25:00.000+07:00,"27285,27293.1,27277,27290.6"
2026-04-30T10:30:00.000+07:00,"27290.7,27297.2,27279.1,27289.9"
2026-04-30T10:35:00.000+07:00,"27290.9,27304.9,27287.4,27298"
2026-04-30T10:40:00.000+07:00,"27297.9,27306.6,27286.9,27294"
2026-04-30T10:45:00.000+07:00,"27294.1,27294.4,27283.7,27292.2"
2026-04-30T10:50:00.000+07:00,"27292.3,27299.7,27282.1,27284.3"
2026-04-30T10:55:00.000+07:00,"27284.1,27284.4,27270.7,27274.2"
2026-04-30T11:00:00.000+07:00,"27274,27277.3,27242.8,27245.5"
2026-04-30T11:05:00.000+07:00,"27246.3,27251,27204.4,27215.7"
2026-04-30T11:10:00.000+07:00,"27215.6,27217.4,27186.1,27205.9"
2026-04-30T11:15:00.000+07:00,"27205.8,27212.5,27167.7,27175.1"
2026-04-30T11:20:00.000+07:00,"27175.7,27179.5,27145.7,27164.2"
2026-04-30T11:25:00.000+07:00,"27164.3,27179.7,27160.2,27161.6"
2026-04-30T11:30:00.000+07:00,"27162.1,27164.5,27110.1,27119.3"
2026-04-30T11:35:00.000+07:00,"27118.9,27132.1,27106.5,27114.8"
2026-04-30T11:40:00.000+07:00,"27114.7,27136.9,27108.7,27132.6"
2026-04-30T11:45:00.000+07:00,"27132.3,27145.8,27124,27133.2"
2026-04-30T11:50:00.000+07:00,"27133.4,27135.5,27114,27127.9"
2026-04-30T11:55:00.000+07:00,"27127.6,27130.7,27097.2,27097.9"
2026-04-30T12:00:00.000+07:00,"27097.6,27140.3,27097.5,27127.7"
2026-04-30T12:05:00.000+07:00,"27127.6,27153.7,27121.5,27152.1"
2026-04-30T12:10:00.000+07:00,"27151.9,27173.6,27146.3,27169.9"
2026-04-30T12:15:00.000+07:00,"27169.8,27173.5,27149.4,27153.5"
2026-04-30T12:20:00.000+07:00,"27153.4,27157.5,27132.5,27148"
2026-04-30T12:25:00.000+07:00,"27147.9,27149.1,27109.4,27119.5"
2026-04-30T12:30:00.000+07:00,"27119.6,27150.7,27116.4,27150.5"
2026-04-30T12:35:00.000+07:00,"27150,27158.2,27147.5,27152.8"
2026-04-30T12:40:00.000+07:00,"27152.9,27163.6,27137.9,27140.1"
2026-04-30T12:45:00.000+07:00,"27139,27145.5,27130,27133.3"
2026-04-30T12:50:00.000+07:00,"27133,27138.6,27119.6,27121.9"
2026-04-30T12:55:00.000+07:00,"27122,27122,27087.7,27089.3"
2026-04-30T13:00:00.000+07:00,"27088.4,27097.6,27074.9,27078.2"
2026-04-30T13:05:00.000+07:00,"27078.4,27088.7,27067.8,27075.1"
2026-04-30T13:10:00.000+07:00,"27075.3,27080.9,27051.6,27079.3"
2026-04-30T13:15:00.000+07:00,"27079.1,27089.9,27071.6,27083.8"
2026-04-30T13:20:00.000+07:00,"27083.6,27091,27067.3,27077.3"
2026-04-30T13:25:00.000+07:00,"27077.1,27106.4,27077.1,27098.2"
2026-04-30T13:30:00.000+07:00,"27098,27154.8,27098,27147.2"
2026-04-30T13:35:00.000+07:00,"27147.6,27173,27146.5,27152.5"
2026-04-30T13:40:00.000+07:00,"27152.4,27155.6,27126.8,27137.7"
2026-04-30T13:45:00.000+07:00,"27137.8,27143.6,27118,27124.1"
2026-04-30T13:50:00.000+07:00,"27125.2,27153.7,27121.3,27148.3"
2026-04-30T13:55:00.000+07:00,"27147.8,27157.3,27135.7,27150.3"
2026-04-30T14:00:00.000+07:00,"27151,27165.9,27135.6,27159.7"
2026-04-30T14:05:00.000+07:00,"27160.4,27195.3,27152.2,27193.8"
2026-04-30T14:10:00.000+07:00,"27193.9,27208.3,27184.9,27191"
2026-04-30T14:15:00.000+07:00,"27190.9,27192.6,27171.5,27177.3"
2026-04-30T14:20:00.000+07:00,"27177.6,27196,27169.2,27193"
2026-04-30T14:25:00.000+07:00,"27194.3,27230.5,27189.3,27227.6"
2026-04-30T14:30:00.000+07:00,"27226.9,27245,27219,27230.4"
2026-04-30T14:35:00.000+07:00,"27230.8,27235.4,27216.8,27232.3"
2026-04-30T14:40:00.000+07:00,"27232.2,27239.2,27223.4,27224.6"
2026-04-30T14:45:00.000+07:00,"27224.8,27232.1,27213.5,27219.2"
2026-04-30T14:50:00.000+07:00,"27219.7,27225.6,27201.4,27215.7"
2026-04-30T14:55:00.000+07:00,"27216.4,27224.7,27207.5,27216.4"
2026-04-30T15:00:00.000+07:00,"27216.3,27241.5,27214.4,27236.3"
2026-04-30T15:05:00.000+07:00,"27236.2,27249.6,27206.2,27213.1"
2026-04-30T15:10:00.000+07:00,"27213,27232.9,27210.6,27221.7"
2026-04-30T15:15:00.000+07:00,"27221.8,27221.8,27203.4,27212.9"
2026-04-30T15:20:00.000+07:00,"27213.1,27213.6,27189.6,27206.8"
2026-04-30T15:25:00.000+07:00,"27207,27228.6,27206.8,27227.3"
2026-04-30T15:30:00.000+07:00,"27227.5,27250.4,27226.5,27242"
2026-04-30T15:35:00.000+07:00,"27241.9,27255.4,27224.2,27254"
2026-04-30T15:40:00.000+07:00,"27253.7,27263,27238.9,27251.1"
2026-04-30T15:45:00.000+07:00,"27251,27253.9,27238.2,27251.9"
2026-04-30T15:50:00.000+07:00,"27252.4,27260.1,27233.3,27241.7"
2026-04-30T15:55:00.000+07:00,"27241.6,27243.4,27224.5,27224.5"
2026-04-30T16:00:00.000+07:00,"27226.4,27240.8,27225.8,27236.1"
2026-04-30T16:05:00.000+07:00,"27236.8,27245.6,27218,27238.7"
2026-04-30T16:10:00.000+07:00,"27238.2,27238.6,27207.6,27218.6"
2026-04-30T16:15:00.000+07:00,"27218.9,27231.8,27210.1,27210.2"
2026-04-30T16:20:00.000+07:00,"27210.4,27218.7,27195.7,27204"
2026-04-30T16:25:00.000+07:00,"27203.6,27261.7,27201.5,27258.2"
2026-04-30T16:30:00.000+07:00,"27257.4,27307.3,27257.4,27268.2"
2026-04-30T16:35:00.000+07:00,"27268.1,27280.4,27259,27271.5"
2026-04-30T16:40:00.000+07:00,"27271.6,27276.4,27237,27242.4"
2026-04-30T16:45:00.000+07:00,"27242,27257.3,27240.1,27250.4"
2026-04-30T16:50:00.000+07:00,"27250.6,27252,27228.4,27241.2"
2026-04-30T16:55:00.000+07:00,"27241.4,27242.6,27222.1,27234.5"
2026-04-30T17:00:00.000+07:00,"27234.2,27263.3,27234,27248.5"
2026-04-30T17:05:00.000+07:00,"27248.6,27262.4,27244.9,27262"
2026-04-30T17:10:00.000+07:00,"27261.9,27267.2,27236.2,27244.2"
2026-04-30T17:15:00.000+07:00,"27244,27263,27236.3,27256"
2026-04-30T17:20:00.000+07:00,"27256.1,27276.6,27253.5,27268"
2026-04-30T17:25:00.000+07:00,"27268.2,27288.4,27260.5,27281.9"
2026-04-30T17:30:00.000+07:00,"27282,27298.7,27266,27267"
2026-04-30T17:35:00.000+07:00,"27266.7,27282.9,27237.3,27249.9"
2026-04-30T17:40:00.000+07:00,"27250.4,27260,27243.3,27245.8"
2026-04-30T17:45:00.000+07:00,"27245.6,27268.4,27245.6,27249"
2026-04-30T17:50:00.000+07:00,"27249.1,27249.4,27221.3,27229.9"
2026-04-30T17:55:00.000+07:00,"27230,27246.1,27228.4,27240.5"
2026-04-30T18:00:00.000+07:00,"27242.6,27258.4,27235.6,27256.9"
2026-04-30T18:05:00.000+07:00,"27257,27303.6,27245.9,27278"
2026-04-30T18:10:00.000+07:00,"27276.9,27292.6,27274.6,27278.9"
2026-04-30T18:15:00.000+07:00,"27278.7,27311.3,27277.5,27304.8"
2026-04-30T18:20:00.000+07:00,"27304.5,27322,27299.4,27305.5"
2026-04-30T18:25:00.000+07:00,"27305.4,27356,27304,27352.8"
2026-04-30T18:30:00.000+07:00,"27352.9,27361.1,27330,27346.4"
2026-04-30T18:35:00.000+07:00,"27346.3,27352.5,27332,27333.9"
2026-04-30T18:40:00.000+07:00,"27333.7,27334.9,27315.4,27315.6"
2026-04-30T18:45:00.000+07:00,"27315.3,27331.7,27309.8,27328"
2026-04-30T18:50:00.000+07:00,"27327.6,27331.3,27299.9,27310"
2026-04-30T18:55:00.000+07:00,"27310.3,27319,27303.3,27305.5"
2026-04-30T19:00:00.000+07:00,"27304.8,27322.2,27304.8,27319.2"
2026-04-30T19:05:00.000+07:00,"27319.3,27330.6,27305.1,27330.4"
2026-04-30T19:10:00.000+07:00,"27330.6,27355.9,27326.1,27351"
2026-04-30T19:15:00.000+07:00,"27350.6,27385.9,27350.1,27377.1"
2026-04-30T19:20:00.000+07:00,"27377.5,27396.7,27375,27393.3"
2026-04-30T19:25:00.000+07:00,"27392.9,27404.4,27381.8,27404.4"
2026-04-30T19:30:00.000+07:00,"27404.3,27412.4,27364.1,27365"
2026-04-30T19:35:00.000+07:00,"27365.1,27374.6,27354.3,27371.7"
2026-04-30T19:40:00.000+07:00,"27371.5,27372.9,27339,27352"
2026-04-30T19:45:00.000+07:00,"27352.2,27375.4,27344.1,27367.2"
2026-04-30T19:50:00.000+07:00,"27367,27394.4,27366.3,27387.2"
2026-04-30T19:55:00.000+07:00,"27387.1,27398.6,27384.1,27388.1"
2026-04-30T20:00:00.000+07:00,"27388.3,27404.5,27387.3,27399"
2026-04-30T20:05:00.000+07:00,"27399.5,27401,27384.4,27395.2"
2026-04-30T20:10:00.000+07:00,"27395.3,27395.4,27363.6,27366.5"
2026-04-30T20:15:00.000+07:00,"27366.6,27378.7,27365.2,27368.3"
2026-04-30T20:20:00.000+07:00,"27368.6,27377.4,27362.8,27364.9"
2026-04-30T20:25:00.000+07:00,"27365.2,27379.8,27358,27360.6"
2026-04-30T20:30:00.000+07:00,"27360.5,27360.5,27209.5,27212.1"
2026-04-30T20:35:00.000+07:00,"27212.3,27238,27160.7,27161.9"
2026-04-30T20:40:00.000+07:00,"27162.3,27216.5,27137.6,27210.8"
2026-04-30T20:45:00.000+07:00,"27210.9,27230.2,27152.6,27189.7"
2026-04-30T20:50:00.000+07:00,"27190.7,27209.8,27108.3,27110.9"
2026-04-30T20:55:00.000+07:00,"27111.1,27128.3,27071.4,27113.6"
2026-04-30T21:00:00.000+07:00,"27114.4,27170.2,27105.4,27154.5"
2026-04-30T21:05:00.000+07:00,"27154.4,27167.8,27068,27095.3"
2026-04-30T21:10:00.000+07:00,"27095.4,27140.6,27070.3,27120.1"
2026-04-30T21:15:00.000+07:00,"27120.4,27120.4,27029.9,27081.4"
2026-04-30T21:20:00.000+07:00,"27081,27123.6,27070.6,27107.3"
2026-04-30T21:25:00.000+07:00,"27106.8,27109.3,27053.6,27093.6"
2026-04-30T21:30:00.000+07:00,"27092.8,27141,27067.7,27086.3"
2026-04-30T21:35:00.000+07:00,"27085.9,27095.8,27037.2,27040.5"
2026-04-30T21:40:00.000+07:00,"27040.7,27121,27040.6,27110.4"
2026-04-30T21:45:00.000+07:00,"27110.3,27164.2,27108.5,27149"
2026-04-30T21:50:00.000+07:00,"27149.6,27213.3,27138.4,27203.6"
2026-04-30T21:55:00.000+07:00,"27202.8,27241.1,27201.6,27225.2"
2026-04-30T22:00:00.000+07:00,"27225.1,27269.9,27225.1,27246.8"
2026-04-30T22:05:00.000+07:00,"27245.6,27270.9,27224.5,27269.6"
2026-04-30T22:10:00.000+07:00,"27270.7,27281.6,27241.1,27269"
2026-04-30T22:15:00.000+07:00,"27269.2,27277.4,27252.9,27265.1"
2026-04-30T22:20:00.000+07:00,"27265.9,27270.4,27246.2,27266.2"
2026-04-30T22:25:00.000+07:00,"27266.3,27285.6,27258.4,27273.7"
2026-04-30T22:30:00.000+07:00,"27272.9,27303.4,27272.8,27275.2"
2026-04-30T22:35:00.000+07:00,"27273.5,27274,27231.8,27237"
2026-04-30T22:40:00.000+07:00,"27236.1,27244.4,27220.1,27231"
2026-04-30T22:45:00.000+07:00,"27230.3,27241.3,27199.2,27241"
2026-04-30T22:50:00.000+07:00,"27239.8,27277.7,27235.2,27274.3"
2026-04-30T22:55:00.000+07:00,"27274.6,27288.4,27253.9,27255.2"
2026-04-30T23:00:00.000+07:00,"27255.3,27259.4,27223.7,27251"
2026-04-30T23:05:00.000+07:00,"27250.9,27274.8,27249.1,27258.3"
2026-04-30T23:10:00.000+07:00,"27258.4,27298.9,27253.7,27296.5"
2026-04-30T23:15:00.000+07:00,"27296.7,27301.1,27275.5,27290.4"
2026-04-30T23:20:00.000+07:00,"27290.2,27297.4,27273.3,27273.5"
2026-04-30T23:25:00.000+07:00,"27273.4,27283.6,27262.1,27281.4"
2026-04-30T23:30:00.000+07:00,"27282.3,27291.6,27276.9,27282.6"
2026-04-30T23:35:00.000+07:00,"27282.5,27290.7,27272.5,27290.1"
2026-04-30T23:40:00.000+07:00,"27289.9,27290.8,27261.1,27263.3"
2026-04-30T23:45:00.000+07:00,"27263.6,27269.9,27248,27264.8"
2026-04-30T23:50:00.000+07:00,"27263.5,27267.5,27226.2,27239.1"
2026-04-30T23:55:00.000+07:00,"27239.4,27242.2,27215.2,27237.1"
2026-05-01T00:00:00.000+07:00,"27237.3,27288.4,27235.6,27279.3"
2026-05-01T00:05:00.000+07:00,"27279.5,27297.6,27271.2,27295.8"
2026-05-01T00:10:00.000+07:00,"27294.7,27320.2,27289.8,27313.2"
2026-05-01T00:15:00.000+07:00,"27313,27314.6,27292,27304.9"
2026-05-01T00:20:00.000+07:00,"27304.8,27318.4,27293.6,27315.6"
2026-05-01T00:25:00.000+07:00,"27315,27328.7,27306.9,27327.8"
2026-05-01T00:30:00.000+07:00,"27327.4,27367.6,27327.2,27346.8"
2026-05-01T00:35:00.000+07:00,"27347.8,27363.4,27345,27362.4"
2026-05-01T00:40:00.000+07:00,"27362.3,27371.1,27355.9,27363.7"
2026-05-01T00:45:00.000+07:00,"27363.3,27387.9,27363.3,27377.8"
2026-05-01T00:50:00.000+07:00,"27376.1,27388.7,27372.1,27382.2"
2026-05-01T00:55:00.000+07:00,"27382.1,27413.1,27380.8,27407.7"
2026-05-01T01:00:00.000+07:00,"27407.6,27451.5,27407.4,27443.1"
2026-05-01T01:05:00.000+07:00,"27442.9,27444.7,27424.9,27427.9"
2026-05-01T01:10:00.000+07:00,"27427,27437,27419.6,27435.3"
2026-05-01T01:15:00.000+07:00,"27435.1,27448.8,27430.7,27432.7"
2026-05-01T01:20:00.000+07:00,"27432.6,27435.9,27420.7,27422.2"
2026-05-01T01:25:00.000+07:00,"27422.3,27427.8,27415.9,27426"
2026-05-01T01:30:00.000+07:00,"27426.1,27445.2,27425.4,27435.9"
2026-05-01T01:35:00.000+07:00,"27435.6,27455.7,27435.6,27445.3"
2026-05-01T01:40:00.000+07:00,"27446.1,27453,27439.2,27439.6"
2026-05-01T01:45:00.000+07:00,"27440.3,27447.4,27436.4,27437.9"
2026-05-01T01:50:00.000+07:00,"27437.3,27442.9,27429.4,27433.9"
2026-05-01T01:55:00.000+07:00,"27433.6,27437.8,27413.1,27415.7"
2026-05-01T02:00:00.000+07:00,"27415.2,27433.6,27406.6,27428.9"
2026-05-01T02:05:00.000+07:00,"27428.7,27452.9,27424.2,27443.1"
2026-05-01T02:10:00.000+07:00,"27443.2,27461.6,27442.9,27460.4"
2026-05-01T02:15:00.000+07:00,"27460.7,27466.1,27453.7,27458.2"
2026-05-01T02:20:00.000+07:00,"27460.3,27467.9,27453.4,27467.2"
2026-05-01T02:25:00.000+07:00,"27467.4,27473.7,27456.8,27458.6"
2026-05-01T02:30:00.000+07:00,"27458.7,27463.3,27449.7,27461.9"
2026-05-01T02:35:00.000+07:00,"27461.8,27471.6,27453.8,27469.2"
2026-05-01T02:40:00.000+07:00,"27469.1,27483.4,27455.4,27482"
2026-05-01T02:45:00.000+07:00,"27482.1,27484.4,27469.7,27479.1"
2026-05-01T02:50:00.000+07:00,"27478.6,27485.2,27436.6,27465.1"
2026-05-01T02:55:00.000+07:00,"27465.4,27483.9,27440.5,27442.7"
2026-05-01T03:00:00.000+07:00,"27441.9,27466,27421.3,27444.2"
2026-05-01T03:05:00.000+07:00,"27443.2,27466.1,27428.9,27446.1"
2026-05-01T03:10:00.000+07:00,"27446.4,27457.1,27442.9,27450.7"
2026-05-01T03:15:00.000+07:00,"27451.7,27466.3,27451.4,27459.7"
2026-05-01T03:20:00.000+07:00,"27460,27475.8,27456,27472.2"
2026-05-01T03:25:00.000+07:00,"27472,27476.8,27466.3,27466.4"
2026-05-01T03:30:00.000+07:00,"27466.9,27481.4,27441.2,27459.7"
2026-05-01T03:35:00.000+07:00,"27460.9,27462.6,27444.2,27456.9"
2026-05-01T03:40:00.000+07:00,"27457.7,27460.2,27445.4,27446.7"
2026-05-01T03:45:00.000+07:00,"27446.4,27462.5,27445.4,27460.4"
2026-05-01T03:50:00.000+07:00,"27460,27465.7,27454.4,27464.3"
2026-05-01T03:55:00.000+07:00,"27463.8,27469.2,27453.3,27462.2"
2026-05-01T04:00:00.000+07:00,"27464.2,27464.6,27429.7,27429.8"
2026-05-01T04:05:00.000+07:00,"27429.7,27438,27427.9,27432"
2026-05-01T04:10:00.000+07:00,"27435.7,27439.6,27433.8,27436.6"
2026-05-01T04:15:00.000+07:00,"27436.7,27440.3,27435.8,27439.5"
2026-05-01T04:20:00.000+07:00,"27439.6,27448.6,27434.9,27434.9"
2026-05-01T04:25:00.000+07:00,"27435.1,27436,27426.4,27427.5"
2026-05-01T04:30:00.000+07:00,"27427.6,27489.4,27422.8,27486.8"
2026-05-01T04:35:00.000+07:00,"27489.4,27532.4,27484.1,27526.1"
2026-05-01T04:40:00.000+07:00,"27526,27527.9,27502.7,27510.1"
2026-05-01T04:45:00.000+07:00,"27509.9,27510,27492.4,27498.8"
2026-05-01T04:50:00.000+07:00,"27499,27499.1,27490.5,27495.8"
2026-05-01T04:55:00.000+07:00,"27496.3,27500.8,27495.2,27500.4"
2026-05-01T05:00:00.000+07:00,"27501.5,27510.8,27478,27480.4"
2026-05-01T05:05:00.000+07:00,"27480.3,27517.5,27480.3,27515.2"
2026-05-01T05:10:00.000+07:00,"27513.3,27515.7,27501.8,27510.3"
2026-05-01T05:15:00.000+07:00,"27510.2,27511.7,27489.6,27490.5"
2026-05-01T05:20:00.000+07:00,"27490.4,27497.7,27487,27488"
2026-05-01T05:25:00.000+07:00,"27488.1,27492.6,27484.4,27488.3"
2026-05-01T05:30:00.000+07:00,"27489.3,27492.9,27483.3,27487.1"
2026-05-01T05:35:00.000+07:00,"27487.4,27488.7,27475.3,27484.6"
2026-05-01T05:40:00.000+07:00,"27484.7,27491.3,27481.9,27484.6"
2026-05-01T05:45:00.000+07:00,"27484.8,27485.2,27465.3,27466.1"
2026-05-01T05:50:00.000+07:00,"27466,27473,27436.7,27448.7"
2026-05-01T05:55:00.000+07:00,"27448.8,27451.8,27428.5,27451.7"
2026-05-01T06:00:00.000+07:00,"27451.6,27462.4,27446.6,27462.2"
2026-05-01T06:05:00.000+07:00,"27462,27471.9,27454.9,27456.3"
2026-05-01T06:10:00.000+07:00,"27455.4,27468,27451.8,27454.3"
2026-05-01T06:15:00.000+07:00,"27454.4,27472.6,27450.6,27465.2"
2026-05-01T06:20:00.000+07:00,"27465.1,27469.2,27460.7,27467.1"
2026-05-01T06:25:00.000+07:00,"27467.2,27475.8,27465.6,27474.5"
2026-05-01T06:30:00.000+07:00,"27474.7,27491.4,27469.9,27486.4"
2026-05-01T06:35:00.000+07:00,"27486.3,27494.3,27483,27486.6"
2026-05-01T06:40:00.000+07:00,"27486.5,27489.7,27477,27477"
2026-05-01T06:45:00.000+07:00,"27474.7,27488.9,27471.1,27485.8"
2026-05-01T06:50:00.000+07:00,"27486.1,27488.6,27471,27473.3"
2026-05-01T06:55:00.000+07:00,"27473.2,27474.7,27461.6,27464.8"
2026-05-01T07:00:00.000+07:00,"27468,27490.5,27465.2,27487.7"
2026-05-01T07:05:00.000+07:00,"27487.5,27489.8,27475,27481.4"
2026-05-01T07:10:00.000+07:00,"27481.2,27483.8,27461.6,27469.1"
2026-05-01T07:15:00.000+07:00,"27468.6,27501.9,27468.6,27494.2"
2026-05-01T07:20:00.000+07:00,"27494.1,27506.3,27490.1,27498.2"
2026-05-01T07:25:00.000+07:00,"27498.4,27502.3,27492.2,27500.7"
2026-05-01T07:30:00.000+07:00,"27500.6,27506.7,27495.8,27504.1"
2026-05-01T07:35:00.000+07:00,"27504.2,27508.6,27496.8,27500.4"
2026-05-01T07:40:00.000+07:00,"27500.5,27506.3,27491.9,27503"
2026-05-01T07:45:00.000+07:00,"27504,27513.1,27503.5,27507.6"
2026-05-01T07:50:00.000+07:00,"27507.9,27507.9,27492.4,27497.9"
2026-05-01T07:55:00.000+07:00,"27498.4,27502.2,27494.4,27495"
2026-05-01T08:00:00.000+07:00,"27495.1,27501,27483.2,27489.9"
2026-05-01T08:05:00.000+07:00,"27490,27503.4,27489.9,27498.7"
2026-05-01T08:10:00.000+07:00,"27498.8,27510.4,27497.3,27509.5"
2026-05-01T08:15:00.000+07:00,"27509.6,27516.2,27503.1,27503.5"
2026-05-01T08:20:00.000+07:00,"27503.7,27518.8,27502.9,27516.9"
2026-05-01T08:25:00.000+07:00,"27516.6,27523,27513.3,27517.4"
2026-05-01T08:30:00.000+07:00,"27517.6,27530.6,27517.5,27522.4"
2026-05-01T08:35:00.000+07:00,"27522.5,27526.7,27521.4,27524.2"
2026-05-01T08:40:00.000+07:00,"27524.1,27524.9,27512.4,27518"
2026-05-01T08:45:00.000+07:00,"27518.2,27525.2,27512.8,27520.8"
2026-05-01T08:50:00.000+07:00,"27520.1,27527.6,27518.8,27520.1"
2026-05-01T08:55:00.000+07:00,"27520.3,27524.2,27517.1,27521.3"
2026-05-01T09:00:00.000+07:00,"27520.8,27523.6,27518,27519.8"
2026-05-01T09:05:00.000+07:00,"27520,27523.1,27517.7,27519.9"
2026-05-01T09:10:00.000+07:00,"27520,27522.4,27513.6,27514.1"
2026-05-01T09:15:00.000+07:00,"27514.2,27518.5,27512.9,27514"
2026-05-01T09:20:00.000+07:00,"27514.2,27517.2,27506.7,27508.6"
2026-05-01T09:25:00.000+07:00,"27508.7,27510.9,27504.9,27507.4"
2026-05-01T09:30:00.000+07:00,"27507.6,27514.8,27502,27504.9"
2026-05-01T09:35:00.000+07:00,"27505,27509.7,27497.6,27498.6"
2026-05-01T09:40:00.000+07:00,"27498.4,27502.7,27496.9,27501.2"
2026-05-01T09:45:00.000+07:00,"27501.1,27505.8,27495.3,27504.7"
2026-05-01T09:50:00.000+07:00,"27504.8,27508.4,27500.1,27505.4"
2026-05-01T09:55:00.000+07:00,"27505,27517.1,27501.3,27514.7"
2026-05-01T10:00:00.000+07:00,"27514.8,27522.7,27507.1,27517.1"
2026-05-01T10:05:00.000+07:00,"27517.3,27524.8,27514,27522.5"
2026-05-01T10:10:00.000+07:00,"27522.4,27526,27519.4,27521.8"
2026-05-01T10:15:00.000+07:00,"27521.9,27525,27519.3,27522.6"
2026-05-01T10:20:00.000+07:00,"27522.7,27531.8,27521.2,27526.6"
2026-05-01T10:25:00.000+07:00,"27526.5,27528.1,27522.8,27527.2"
2026-05-01T10:30:00.000+07:00,"27527.6,27543.4,27524.4,27527.1"
2026-05-01T10:35:00.000+07:00,"27526.9,27531.3,27516.9,27517.3"
2026-05-01T10:40:00.000+07:00,"27516.3,27520.6,27508.1,27509.3"
2026-05-01T10:45:00.000+07:00,"27509.1,27512.5,27505.2,27511.4"
2026-05-01T10:50:00.000+07:00,"27510.9,27517.8,27510.1,27513.2"
2026-05-01T10:55:00.000+07:00,"27513.3,27516.2,27509.1,27515.2"
2026-05-01T11:00:00.000+07:00,"27515.1,27516.1,27492.9,27502.3"
2026-05-01T11:05:00.000+07:00,"27502.1,27505.8,27495.8,27496.7"
2026-05-01T11:10:00.000+07:00,"27496.6,27504.9,27495,27501.5"
2026-05-01T11:15:00.000+07:00,"27501.3,27505.5,27499.2,27502.8"
2026-05-01T11:20:00.000+07:00,"27502.7,27506.7,27500.2,27504.6"
2026-05-01T11:25:00.000+07:00,"27504.7,27505.3,27495.4,27499.3"
2026-05-01T11:30:00.000+07:00,"27499.2,27503.2,27496.3,27500.8"
2026-05-01T11:35:00.000+07:00,"27500.7,27504.6,27495.9,27496.1"
2026-05-01T11:40:00.000+07:00,"27496.2,27498.6,27490.6,27497"
2026-05-01T11:45:00.000+07:00,"27496.9,27502.9,27496.5,27497.7"
2026-05-01T11:50:00.000+07:00,"27497.4,27499.7,27495.6,27498.3"
2026-05-01T11:55:00.000+07:00,"27498.4,27502.8,27495.9,27499.9"
2026-05-01T12:00:00.000+07:00,"27500.1,27500.5,27490.8,27500"
2026-05-01T12:05:00.000+07:00,"27499.7,27512,27499.7,27507.3"
2026-05-01T12:10:00.000+07:00,"27507.4,27509.3,27500.1,27508.3"
2026-05-01T12:15:00.000+07:00,"27507.8,27509.4,27493.4,27497.6"
2026-05-01T12:20:00.000+07:00,"27497.4,27506,27492.9,27504"
2026-05-01T12:25:00.000+07:00,"27504.6,27510,27503.3,27508"
2026-05-01T12:30:00.000+07:00,"27508.2,27509,27500.2,27500.5"
2026-05-01T12:35:00.000+07:00,"27500.7,27501,27493,27497.6"
2026-05-01T12:40:00.000+07:00,"27497.5,27497.6,27492.1,27497.2"
2026-05-01T12:45:00.000+07:00,"27497.1,27497.1,27489.9,27494.7"
2026-05-01T12:50:00.000+07:00,"27495,27495.2,27491.3,27494"
2026-05-01T12:55:00.000+07:00,"27492.8,27492.8,27482.6,27487.3"
2026-05-01T13:00:00.000+07:00,"27487.4,27493.6,27482.3,27489.5"
2026-05-01T13:05:00.000+07:00,"27489.7,27493.9,27483.8,27489.2"
2026-05-01T13:10:00.000+07:00,"27489.7,27494.4,27486.5,27493.9"
2026-05-01T13:15:00.000+07:00,"27493.8,27499.9,27488.9,27491.2"
2026-05-01T13:20:00.000+07:00,"27491,27492.8,27483.6,27489.8"
2026-05-01T13:25:00.000+07:00,"27489.9,27490.7,27479.2,27480"
2026-05-01T13:30:00.000+07:00,"27480.1,27484.1,27475.7,27476.7"
2026-05-01T13:35:00.000+07:00,"27476.6,27478.9,27467.8,27472.5"
2026-05-01T13:40:00.000+07:00,"27472.3,27476,27467.8,27475.4"
2026-05-01T13:45:00.000+07:00,"27475.5,27478.2,27462.9,27468.2"
2026-05-01T13:50:00.000+07:00,"27468,27473.3,27465.6,27466"
2026-05-01T13:55:00.000+07:00,"27465.6,27472.8,27462.8,27467.6"
2026-05-01T14:00:00.000+07:00,"27467.5,27476.6,27466.8,27470.5"
2026-05-01T14:05:00.000+07:00,"27470.4,27490.3,27469.3,27490.2"
2026-05-01T14:10:00.000+07:00,"27490.8,27493.2,27482.2,27489.6"
2026-05-01T14:15:00.000+07:00,"27489.5,27496.3,27481.8,27487.7"
2026-05-01T14:20:00.000+07:00,"27487.6,27497.4,27477.6,27477.9"
2026-05-01T14:25:00.000+07:00,"27478.2,27480.5,27472.7,27474.3"
2026-05-01T14:30:00.000+07:00,"27474.6,27475.8,27464.7,27468.9"
2026-05-01T14:35:00.000+07:00,"27469.1,27472.9,27455.3,27455.4"
2026-05-01T14:40:00.000+07:00,"27456.2,27462.3,27452.6,27453.6"
2026-05-01T14:45:00.000+07:00,"27453.5,27468.8,27452.1,27468.6"
2026-05-01T14:50:00.000+07:00,"27468.9,27474.9,27460.1,27463.3"
2026-05-01T14:55:00.000+07:00,"27463.5,27465.1,27443.4,27449.1"
2026-05-01T15:00:00.000+07:00,"27449.2,27461.3,27447.1,27453.8"
2026-05-01T15:05:00.000+07:00,"27453.4,27459,27447.8,27449.5"
2026-05-01T15:10:00.000+07:00,"27449.2,27466.3,27446.6,27460.5"
2026-05-01T15:15:00.000+07:00,"27460.4,27468.7,27458.2,27461.2"
2026-05-01T15:20:00.000+07:00,"27460.9,27463.7,27451.4,27454.4"
2026-05-01T15:25:00.000+07:00,"27454.3,27464.4,27452.9,27455"
2026-05-01T15:30:00.000+07:00,"27455.1,27455.1,27440.9,27447.6"
2026-05-01T15:35:00.000+07:00,"27447.7,27450.7,27434.7,27436.9"
2026-05-01T15:40:00.000+07:00,"27436.6,27442.5,27433.5,27435.4"
2026-05-01T15:45:00.000+07:00,"27435.1,27437.1,27424.8,27434.7"
2026-05-01T15:50:00.000+07:00,"27434.8,27439.3,27432.1,27433.8"
2026-05-01T15:55:00.000+07:00,"27433.9,27440.3,27432,27438.3"
2026-05-01T16:00:00.000+07:00,"27438.5,27438.5,27415.2,27419"
2026-05-01T16:05:00.000+07:00,"27419.2,27428.1,27417.5,27425.6"
2026-05-01T16:10:00.000+07:00,"27425.8,27430.7,27421.2,27428"
2026-05-01T16:15:00.000+07:00,"27427.9,27433.7,27422.5,27425.5"
2026-05-01T16:20:00.000+07:00,"27425.1,27439.4,27424.7,27436.6"
2026-05-01T16:25:00.000+07:00,"27436.7,27439.8,27429.7,27435.4"
2026-05-01T16:30:00.000+07:00,"27435.5,27436.8,27428.4,27433.2"
2026-05-01T16:35:00.000+07:00,"27433,27439,27430.2,27437.9"
2026-05-01T16:40:00.000+07:00,"27437.4,27441.6,27433.6,27434.5"
2026-05-01T16:45:00.000+07:00,"27434.3,27437.9,27431.3,27435.8"
2026-05-01T16:50:00.000+07:00,"27435.6,27448.3,27434.9,27438.2"
2026-05-01T16:55:00.000+07:00,"27438.1,27445.2,27435.6,27442.9"
2026-05-01T17:00:00.000+07:00,"27442.8,27443.8,27435.2,27439.2"
2026-05-01T17:05:00.000+07:00,"27439.4,27439.9,27430,27432.8"
2026-05-01T17:10:00.000+07:00,"27432.9,27442.1,27428.6,27441.6"
2026-05-01T17:15:00.000+07:00,"27442.1,27452.6,27440.3,27452.4"
2026-05-01T17:20:00.000+07:00,"27452.2,27452.6,27440.2,27440.2"
2026-05-01T17:25:00.000+07:00,"27439.1,27443.8,27432.8,27434.4"
2026-05-01T17:30:00.000+07:00,"27434.5,27438.9,27428.5,27431.6"
2026-05-01T17:35:00.000+07:00,"27431.7,27433.8,27411.9,27413.2"
2026-05-01T17:40:00.000+07:00,"27413.4,27423.6,27406.4,27422.1"
2026-05-01T17:45:00.000+07:00,"27422,27432.3,27419.6,27425.7"
2026-05-01T17:50:00.000+07:00,"27425.6,27433.9,27424.4,27426.6"
2026-05-01T17:55:00.000+07:00,"27426.7,27442.7,27425.7,27439.8"
2026-05-01T18:00:00.000+07:00,"27439.7,27446,27429.8,27433.2"
2026-05-01T18:05:00.000+07:00,"27432.9,27433.4,27417.4,27422.5"
2026-05-01T18:10:00.000+07:00,"27422,27422.2,27410.6,27420.8"
2026-05-01T18:15:00.000+07:00,"27420.7,27436.5,27413.7,27429.3"
2026-05-01T18:20:00.000+07:00,"27429.4,27436.1,27421.8,27426.4"
2026-05-01T18:25:00.000+07:00,"27425.9,27432.6,27418,27419.3"
2026-05-01T18:30:00.000+07:00,"27419.2,27424.3,27411.2,27415.9"
2026-05-01T18:35:00.000+07:00,"27415.8,27422.9,27410.2,27418.9"
2026-05-01T18:40:00.000+07:00,"27419.4,27422.3,27408.9,27419"
2026-05-01T18:45:00.000+07:00,"27418.3,27432.3,27416.7,27427.2"
2026-05-01T18:50:00.000+07:00,"27427.9,27431.7,27422.3,27423.5"
2026-05-01T18:55:00.000+07:00,"27423.8,27437.1,27421.6,27436"
2026-05-01T19:00:00.000+07:00,"27436.2,27446.5,27432.7,27443"
2026-05-01T19:05:00.000+07:00,"27443.3,27445,27423.9,27425.5"
2026-05-01T19:10:00.000+07:00,"27425.6,27492.8,27419.4,27471.9"
2026-05-01T19:15:00.000+07:00,"27471.4,27484.4,27461,27475.2"
2026-05-01T19:20:00.000+07:00,"27475,27496.5,27462,27487.3"
2026-05-01T19:25:00.000+07:00,"27486.9,27494.7,27480.3,27484.1"
2026-05-01T19:30:00.000+07:00,"27484,27485.1,27471.3,27473.6"
2026-05-01T19:35:00.000+07:00,"27474.3,27484.3,27467.4,27469.9"
2026-05-01T19:40:00.000+07:00,"27469.5,27475.2,27438.9,27442.7"
2026-05-01T19:45:00.000+07:00,"27442.5,27453.8,27438.7,27453.4"
2026-05-01T19:50:00.000+07:00,"27452.9,27461.6,27447.1,27457.7"
2026-05-01T19:55:00.000+07:00,"27457.6,27459.5,27443.9,27448.9"
2026-05-01T20:00:00.000+07:00,"27449,27464.2,27446.3,27458.9"
2026-05-01T20:05:00.000+07:00,"27459,27485.9,27458.8,27477.7"
2026-05-01T20:10:00.000+07:00,"27477.8,27485.3,27472.2,27474.2"
2026-05-01T20:15:00.000+07:00,"27474.1,27484.7,27464.8,27480"
2026-05-01T20:20:00.000+07:00,"27479.8,27500.2,27478.7,27493.9"
2026-05-01T20:25:00.000+07:00,"27494,27508.5,27478.5,27502.7"
2026-05-01T20:30:00.000+07:00,"27502.85,27618.9,27489.4,27606.8"
2026-05-01T20:35:00.000+07:00,"27607.1,27642.6,27594.6,27640.7"
2026-05-01T20:40:00.000+07:00,"27641,27665.8,27633.8,27659.4"
2026-05-01T20:45:00.000+07:00,"27659.5,27662,27623.4,27652.4"
2026-05-01T20:50:00.000+07:00,"27652.5,27683.1,27632,27663.2"
2026-05-01T20:55:00.000+07:00,"27663.4,27748.3,27662.2,27747.2"
2026-05-01T21:00:00.000+07:00,"27747.8,27775.8,27727.3,27763.6"
2026-05-01T21:05:00.000+07:00,"27764,27765.7,27732.6,27754.1"
2026-05-01T21:10:00.000+07:00,"27752.7,27781,27741.4,27763.8"
2026-05-01T21:15:00.000+07:00,"27763.9,27767.8,27733.9,27752"
2026-05-01T21:20:00.000+07:00,"27752.5,27776.6,27749,27754.6"
2026-05-01T21:25:00.000+07:00,"27754.9,27760.4,27740.4,27743.6"
2026-05-01T21:30:00.000+07:00,"27745.5,27747.3,27676.8,27687.1"
2026-05-01T21:35:00.000+07:00,"27687.5,27692.1,27625.2,27669"
2026-05-01T21:40:00.000+07:00,"27668.8,27706.9,27651.8,27688.7"
2026-05-01T21:45:00.000+07:00,"27689,27709,27681.8,27698.6"
2026-05-01T21:50:00.000+07:00,"27698.4,27707.5,27665.9,27690.5"
2026-05-01T21:55:00.000+07:00,"27690.4,27716.9,27684.6,27686.9"
2026-05-01T22:00:00.000+07:00,"27686.6,27691.6,27643,27667.6"
2026-05-01T22:05:00.000+07:00,"27667.4,27680.3,27653.2,27673.5"
2026-05-01T22:10:00.000+07:00,"27673.6,27709.1,27660.9,27708"
2026-05-01T22:15:00.000+07:00,"27708.4,27723.8,27700.1,27723.5"
2026-05-01T22:20:00.000+07:00,"27723.4,27742.1,27723.3,27733.8"
2026-05-01T22:25:00.000+07:00,"27734.1,27740.2,27722.2,27734.3"
2026-05-01T22:30:00.000+07:00,"27734.6,27751.4,27730.4,27739.2"
2026-05-01T22:35:00.000+07:00,"27739.1,27777.9,27735,27763.9"
2026-05-01T22:40:00.000+07:00,"27764.3,27776.2,27762.7,27770"
2026-05-01T22:45:00.000+07:00,"27769.8,27789.3,27764.2,27784.2"
2026-05-01T22:50:00.000+07:00,"27784.1,27791.8,27714,27757.2"
2026-05-01T22:55:00.000+07:00,"27757.8,27778,27754.9,27764.4"
2026-05-01T23:00:00.000+07:00,"27763.9,27775.7,27751.5,27756.8"
2026-05-01T23:05:00.000+07:00,"27756.9,27762.2,27714.9,27721.4"
2026-05-01T23:10:00.000+07:00,"27721.3,27734.2,27712.9,27715.4"
2026-05-01T23:15:00.000+07:00,"27715.1,27741.4,27712,27737.8"
2026-05-01T23:20:00.000+07:00,"27738.5,27748.7,27698.1,27722.9"
2026-05-01T23:25:00.000+07:00,"27723.4,27727,27691,27704.2"
2026-05-01T23:30:00.000+07:00,"27705.4,27717,27682.4,27700.9"
2026-05-01T23:35:00.000+07:00,"27700.8,27722,27694.5,27718.8"
2026-05-01T23:40:00.000+07:00,"27720.6,27724.2,27693.8,27693.8"
2026-05-01T23:45:00.000+07:00,"27693.9,27707.9,27680.4,27694.7"
2026-05-01T23:50:00.000+07:00,"27694.2,27718.6,27685.7,27714.9"
2026-05-01T23:55:00.000+07:00,"27715,27730.9,27705.1,27706.6"
2026-05-02T00:00:00.000+07:00,"27706.1,27725.7,27702.9,27716.5"
2026-05-02T00:05:00.000+07:00,"27716.1,27726.4,27713.6,27719.6"
2026-05-02T00:10:00.000+07:00,"27719.5,27733.1,27716.9,27731.2"
2026-05-02T00:15:00.000+07:00,"27731.5,27751,27730.3,27749.2"
2026-05-02T00:20:00.000+07:00,"27749.3,27762.4,27743.3,27751.9"
2026-05-02T00:25:00.000+07:00,"27752.3,27760.3,27746.3,27759.8"
2026-05-02T00:30:00.000+07:00,"27759,27763.1,27748.2,27750"
2026-05-02T00:35:00.000+07:00,"27749.5,27751.3,27738.2,27747.9"
2026-05-02T00:40:00.000+07:00,"27748,27761.2,27748,27758.6"
2026-05-02T00:45:00.000+07:00,"27758.8,27763,27753.3,27758.1"
2026-05-02T00:50:00.000+07:00,"27758.5,27770.7,27751.1,27757.9"
2026-05-02T00:55:00.000+07:00,"27757.6,27768.2,27757.3,27757.9"
2026-05-02T01:00:00.000+07:00,"27758,27764.5,27742.1,27744.7"
2026-05-02T01:05:00.000+07:00,"27745.2,27756.3,27731.8,27753.3"
2026-05-02T01:10:00.000+07:00,"27753.6,27754.9,27719.8,27722.4"
2026-05-02T01:15:00.000+07:00,"27722.3,27733.7,27710.3,27728"
2026-05-02T01:20:00.000+07:00,"27729.2,27744.8,27723.6,27744.2"
2026-05-02T01:25:00.000+07:00,"27744.4,27747.1,27730.9,27743.8"
2026-05-02T01:30:00.000+07:00,"27744,27745.4,27719,27720.7"
2026-05-02T01:35:00.000+07:00,"27720.9,27722.5,27705.6,27708.5"
2026-05-02T01:40:00.000+07:00,"27708.4,27713.2,27688.7,27698.9"
2026-05-02T01:45:00.000+07:00,"27698.7,27701,27671.7,27687.5"
2026-05-02T01:50:00.000+07:00,"27686.9,27695.4,27674.4,27686.9"
2026-05-02T01:55:00.000+07:00,"27687.1,27701.5,27683.7,27696.7"
2026-05-02T02:00:00.000+07:00,"27697.3,27717.5,27693.9,27712.3"
2026-05-02T02:05:00.000+07:00,"27712.1,27730.2,27711.9,27728.7"
2026-05-02T02:10:00.000+07:00,"27728.8,27748.5,27723.1,27743.9"
2026-05-02T02:15:00.000+07:00,"27744,27753.2,27737.3,27746.1"
2026-05-02T02:20:00.000+07:00,"27745.8,27755.2,27741.1,27754.8"
2026-05-02T02:25:00.000+07:00,"27754.5,27775.1,27754.1,27771.2"
2026-05-02T02:30:00.000+07:00,"27770.8,27775.6,27751.1,27758.8"
2026-05-02T02:35:00.000+07:00,"27758.6,27761,27742.5,27753.4"
2026-05-02T02:40:00.000+07:00,"27753,27759.1,27739.8,27750.3"
2026-05-02T02:45:00.000+07:00,"27750.1,27751.3,27735.2,27746.2"
2026-05-02T02:50:00.000+07:00,"27746.4,27756.1,27714.3,27722.7"
2026-05-02T02:55:00.000+07:00,"27722.5,27722.5,27700.4,27714.3"
2026-05-02T03:00:00.000+07:00,"27714.7,27715.9,27701.8,27704.5"
2026-05-02T03:05:00.000+07:00,"27704.7,27708.7,27693.8,27704.9"
2026-05-02T03:10:00.000+07:00,"27704.6,27707.7,27692.6,27696.7"
2026-05-02T03:15:00.000+07:00,"27697.5,27697.9,27676,27680.2"
2026-05-02T03:20:00.000+07:00,"27680.4,27683.2,27664.2,27672.9"
2026-05-02T03:25:00.000+07:00,"27673.1,27684.9,27671.8,27677.2"
2026-05-02T03:30:00.000+07:00,"27677.7,27679.4,27669.2,27669.4"
2026-05-02T03:35:00.000+07:00,"27669.3,27678.1,27668.2,27669.1"
2026-05-02T03:40:00.000+07:00,"27668.6,27672.5,27658.2,27665.9"
2026-05-02T03:45:00.000+07:00,"27665.6,27677.8,27664.6,27669.8"
2026-05-02T03:50:00.000+07:00,"27669.5,27673.9,27663.2,27665.1"
2026-05-02T03:55:00.000+07:00,"27664.6,27668.4,27633.6,27661.7"
2026-05-04T05:00:00.000+07:00,"27777.1,27807.1,27738.1,27759.4"
2026-05-04T05:05:00.000+07:00,"27759.5,27764.3,27739.9,27748.6"
2026-05-04T05:10:00.000+07:00,"27747.5,27757.8,27740.7,27746.5"
2026-05-04T05:15:00.000+07:00,"27746.4,27753.4,27740.5,27751.7"
2026-05-04T05:20:00.000+07:00,"27750.7,27758.8,27718.6,27726.2"
2026-05-04T05:25:00.000+07:00,"27725.4,27732.4,27720.9,27725.4"
2026-05-04T05:30:00.000+07:00,"27725.5,27736.4,27720.6,27732.4"
2026-05-04T05:35:00.000+07:00,"27732.6,27734.5,27724.7,27731.1"
2026-05-04T05:40:00.000+07:00,"27731,27741.1,27729.8,27735.1"
2026-05-04T05:45:00.000+07:00,"27735,27755.3,27726.3,27727"
2026-05-04T05:50:00.000+07:00,"27726.8,27735.2,27715.2,27734.1"
2026-05-04T05:55:00.000+07:00,"27735.2,27738.2,27726.7,27731.4"
2026-05-04T06:00:00.000+07:00,"27731.3,27736.7,27723.2,27727.9"
2026-05-04T06:05:00.000+07:00,"27727.6,27730.7,27720.8,27722"
2026-05-04T06:10:00.000+07:00,"27722.1,27723.8,27700.4,27708.9"
2026-05-04T06:15:00.000+07:00,"27709,27709,27693.9,27703.1"
2026-05-04T06:20:00.000+07:00,"27701.9,27706.4,27698.7,27703.2"
2026-05-04T06:25:00.000+07:00,"27702.9,27707.5,27697.3,27699.9"
2026-05-04T06:30:00.000+07:00,"27700,27706,27696.6,27703.9"
2026-05-04T06:35:00.000+07:00,"27703.8,27714,27699.9,27700.8"
2026-05-04T06:40:00.000+07:00,"27700.7,27714.6,27695.7,27705.9"
2026-05-04T06:45:00.000+07:00,"27705.8,27711.5,27695.7,27705.8"
2026-05-04T06:50:00.000+07:00,"27705.6,27711.9,27701.1,27710.5"
2026-05-04T06:55:00.000+07:00,"27710.3,27711.6,27700.5,27703.4"
2026-05-04T07:00:00.000+07:00,"27702.4,27710.2,27680.4,27708.3"
2026-05-04T07:05:00.000+07:00,"27708.8,27745,27707.8,27741.1"
2026-05-04T07:10:00.000+07:00,"27741.2,27745.9,27722.9,27735.6"
2026-05-04T07:15:00.000+07:00,"27735.2,27742.7,27703.5,27711.1"
2026-05-04T07:20:00.000+07:00,"27711.2,27713.3,27687.1,27703.8"
2026-05-04T07:25:00.000+07:00,"27703.5,27723.7,27699.9,27717.4"
2026-05-04T07:30:00.000+07:00,"27717.7,27736.5,27711.8,27734.5"
2026-05-04T07:35:00.000+07:00,"27734.3,27736.4,27718.4,27727.3"
2026-05-04T07:40:00.000+07:00,"27727.4,27743,27726.7,27741.8"
2026-05-04T07:45:00.000+07:00,"27741.9,27754.3,27738.6,27751.8"
2026-05-04T07:50:00.000+07:00,"27752,27755,27745.1,27751.4"
2026-05-04T07:55:00.000+07:00,"27751.3,27777.8,27750.7,27771.7"
2026-05-04T08:00:00.000+07:00,"27771.4,27778.8,27746.6,27748.5"
2026-05-04T08:05:00.000+07:00,"27747.6,27755.9,27740.6,27749.9"
2026-05-04T08:10:00.000+07:00,"27750.1,27765.6,27740,27763.2"
2026-05-04T08:15:00.000+07:00,"27763.9,27771.4,27758.8,27760.2"
2026-05-04T08:20:00.000+07:00,"27760.3,27769.8,27757,27763.5"
2026-05-04T08:25:00.000+07:00,"27763.4,27764.2,27752.1,27756.2"
2026-05-04T08:30:00.000+07:00,"27755.9,27787.4,27753.5,27783.8"
2026-05-04T08:35:00.000+07:00,"27783.6,27792.8,27777.3,27784.5"
2026-05-04T08:40:00.000+07:00,"27784.7,27789.3,27778.9,27783.1"
2026-05-04T08:45:00.000+07:00,"27783.4,27792,27779.2,27791.7"
2026-05-04T08:50:00.000+07:00,"27791.5,27800.1,27789.6,27793"
2026-05-04T08:55:00.000+07:00,"27793.1,27802.7,27792.5,27797.7"
2026-05-04T09:00:00.000+07:00,"27798.6,27802.5,27785.7,27793.3"
2026-05-04T09:05:00.000+07:00,"27793.2,27794.1,27777.9,27786.3"
2026-05-04T09:10:00.000+07:00,"27786.5,27798,27774.4,27792.1"
2026-05-04T09:15:00.000+07:00,"27792.3,27792.6,27770.6,27786.9"
2026-05-04T09:20:00.000+07:00,"27787.4,27790.3,27778.2,27782.6"
2026-05-04T09:25:00.000+07:00,"27783.6,27784.4,27761.7,27766.7"
2026-05-04T09:30:00.000+07:00,"27766.6,27781.7,27765.1,27779.9"
2026-05-04T09:35:00.000+07:00,"27779.7,27787.3,27777.1,27786.4"
2026-05-04T09:40:00.000+07:00,"27786.6,27794.3,27784.6,27792.2"
2026-05-04T09:45:00.000+07:00,"27792.5,27796.3,27789.7,27795.6"
2026-05-04T09:50:00.000+07:00,"27795.4,27824.4,27794.1,27821.6"
2026-05-04T09:55:00.000+07:00,"27821.4,27823.5,27807.4,27808"
2026-05-04T10:00:00.000+07:00,"27807.9,27818.1,27805.2,27816.6"
2026-05-04T10:05:00.000+07:00,"27816.7,27823.4,27812.6,27819.7"
2026-05-04T10:10:00.000+07:00,"27819.3,27823.1,27812.7,27819.5"
2026-05-04T10:15:00.000+07:00,"27819.6,27819.9,27809.3,27816.5"
2026-05-04T10:20:00.000+07:00,"27816.6,27817.8,27806.8,27809.4"
2026-05-04T10:25:00.000+07:00,"27809.5,27813.8,27804.7,27806.9"
2026-05-04T10:30:00.000+07:00,"27806.6,27809.6,27799.7,27805.4"
2026-05-04T10:35:00.000+07:00,"27805.5,27807,27797.4,27799.3"
2026-05-04T10:40:00.000+07:00,"27799.4,27811.3,27799.2,27809.8"
2026-05-04T10:45:00.000+07:00,"27810.1,27815.6,27803,27809.3"
2026-05-04T10:50:00.000+07:00,"27809.2,27818.8,27803.5,27804.3"
2026-05-04T10:55:00.000+07:00,"27804.4,27811.4,27798.5,27809.8"
2026-05-04T11:00:00.000+07:00,"27809.7,27815.5,27806.3,27815.3"
2026-05-04T11:05:00.000+07:00,"27815.6,27821,27811.8,27817.1"
2026-05-04T11:10:00.000+07:00,"27817.2,27822.1,27813.5,27815.9"
2026-05-04T11:15:00.000+07:00,"27815.8,27826.7,27815.8,27822.3"
2026-05-04T11:20:00.000+07:00,"27821.9,27832.5,27819.8,27822.9"
2026-05-04T11:25:00.000+07:00,"27822.8,27830.2,27821.5,27827.5"
2026-05-04T11:30:00.000+07:00,"27827.3,27829.5,27817.9,27828"
2026-05-04T11:35:00.000+07:00,"27827.9,27831.3,27825.6,27826.3"
2026-05-04T11:40:00.000+07:00,"27826.5,27828.6,27821.7,27823.5"
2026-05-04T11:45:00.000+07:00,"27823.6,27825.9,27816.9,27817"
2026-05-04T11:50:00.000+07:00,"27817.2,27823.4,27815.8,27820.7"
2026-05-04T11:55:00.000+07:00,"27820.5,27821.7,27815.5,27816.8"
2026-05-04T12:00:00.000+07:00,"27816.9,27821.9,27811.6,27816.4"
2026-05-04T12:05:00.000+07:00,"27816.5,27827.2,27813.1,27826.3"
2026-05-04T12:10:00.000+07:00,"27826.1,27830.8,27823.3,27828.6"
2026-05-04T12:15:00.000+07:00,"27829.2,27846,27826.6,27838"
2026-05-04T12:20:00.000+07:00,"27838.2,27843.5,27834.1,27834.1"
2026-05-04T12:25:00.000+07:00,"27833.2,27833.3,27815.9,27817.8"
2026-05-04T12:30:00.000+07:00,"27817.3,27820.1,27810.3,27818.8"
2026-05-04T12:35:00.000+07:00,"27818.9,27823.1,27811.3,27818.7"
2026-05-04T12:40:00.000+07:00,"27818.5,27830.2,27816.5,27830.2"
2026-05-04T12:45:00.000+07:00,"27829.9,27833,27821.7,27822.8"
2026-05-04T12:50:00.000+07:00,"27822.7,27822.7,27813.4,27819.2"
2026-05-04T12:55:00.000+07:00,"27818.5,27820,27811.7,27814.1"
2026-05-04T13:00:00.000+07:00,"27813.9,27821.1,27797.9,27799.3"
2026-05-04T13:05:00.000+07:00,"27799.6,27799.8,27785.4,27790.8"
2026-05-04T13:10:00.000+07:00,"27791,27806.6,27784.9,27802"
2026-05-04T13:15:00.000+07:00,"27802.1,27806.3,27793,27802"
2026-05-04T13:20:00.000+07:00,"27801.9,27802.4,27786.7,27789.7"
2026-05-04T13:25:00.000+07:00,"27789.4,27790.5,27774.3,27788.9"
2026-05-04T13:30:00.000+07:00,"27789.1,27799.6,27773.8,27782.4"
2026-05-04T13:35:00.000+07:00,"27781.9,27784.5,27766,27766"
2026-05-04T13:40:00.000+07:00,"27765.8,27768.2,27751.6,27763.2"
2026-05-04T13:45:00.000+07:00,"27763.3,27775,27753,27774.9"
2026-05-04T13:50:00.000+07:00,"27775.3,27780.1,27768.5,27778.4"
2026-05-04T13:55:00.000+07:00,"27778.5,27780.8,27773.8,27774.6"
2026-05-04T14:00:00.000+07:00,"27774.8,27783.7,27761.9,27774"
2026-05-04T14:05:00.000+07:00,"27774.9,27796.3,27774.9,27794.7"
2026-05-04T14:10:00.000+07:00,"27794.6,27810.6,27793.2,27803.5"
2026-05-04T14:15:00.000+07:00,"27803,27821.6,27802.7,27819.7"
2026-05-04T14:20:00.000+07:00,"27819.6,27825.8,27812.6,27819.1"
2026-05-04T14:25:00.000+07:00,"27819.2,27823.7,27810.2,27815.5"
2026-05-04T14:30:00.000+07:00,"27815.4,27815.9,27803.5,27807.7"
2026-05-04T14:35:00.000+07:00,"27807.9,27818.6,27804,27814.3"
2026-05-04T14:40:00.000+07:00,"27814.7,27823.8,27806.8,27818.8"
2026-05-04T14:45:00.000+07:00,"27818.7,27832.4,27812.3,27815.6"
2026-05-04T14:50:00.000+07:00,"27815.7,27816.2,27798.4,27805.1"
2026-05-04T14:55:00.000+07:00,"27805,27808.7,27791.6,27791.6"
2026-05-04T15:00:00.000+07:00,"27792.3,27794.2,27763.2,27764.8"
2026-05-04T15:05:00.000+07:00,"27764.6,27769.1,27745.7,27769"
2026-05-04T15:10:00.000+07:00,"27768.7,27773.6,27754.4,27765.8"
2026-05-04T15:15:00.000+07:00,"27765.6,27771.1,27748.4,27758.4"
2026-05-04T15:20:00.000+07:00,"27758.2,27771.8,27754.2,27767.1"
2026-05-04T15:25:00.000+07:00,"27767.3,27787.9,27766.8,27781.6"
2026-05-04T15:30:00.000+07:00,"27781.3,27790.4,27771.5,27781.1"
2026-05-04T15:35:00.000+07:00,"27781,27788.2,27779.8,27783.3"
2026-05-04T15:40:00.000+07:00,"27783.4,27786.2,27771.8,27772.1"
2026-05-04T15:45:00.000+07:00,"27772.3,27779.4,27770.5,27777.6"
2026-05-04T15:50:00.000+07:00,"27777.8,27778.3,27765.7,27772.6"
2026-05-04T15:55:00.000+07:00,"27772.2,27784.7,27770.6,27774.4"
2026-05-04T16:00:00.000+07:00,"27774.5,27786.3,27762,27786.3"
2026-05-04T16:05:00.000+07:00,"27786.6,27787.5,27778.4,27781.6"
2026-05-04T16:10:00.000+07:00,"27782.1,27795.1,27781.5,27791.3"
2026-05-04T16:15:00.000+07:00,"27790.9,27792.7,27782.4,27784.8"
2026-05-04T16:20:00.000+07:00,"27784.7,27792.5,27781.5,27789.5"
2026-05-04T16:25:00.000+07:00,"27789.7,27792.3,27783,27791.6"
2026-05-04T16:30:00.000+07:00,"27791.8,27795.8,27785.3,27791.2"
2026-05-04T16:35:00.000+07:00,"27791.7,27803.3,27791.4,27797.5"
2026-05-04T16:40:00.000+07:00,"27797.6,27802.9,27794.7,27795.7"
2026-05-04T16:45:00.000+07:00,"27795.4,27796.6,27787,27795.7"
2026-05-04T16:50:00.000+07:00,"27795.8,27798.4,27789.6,27798.4"
2026-05-04T16:55:00.000+07:00,"27798.6,27803.3,27770,27771.2"
2026-05-04T17:00:00.000+07:00,"27770.9,27778,27640.5,27665.5"
2026-05-04T17:05:00.000+07:00,"27665.7,27665.9,27544.9,27579.5"
2026-05-04T17:10:00.000+07:00,"27579.7,27615.3,27545.2,27579.3"
2026-05-04T17:15:00.000+07:00,"27579.5,27614.5,27551.9,27566"
2026-05-04T17:20:00.000+07:00,"27566.3,27599.6,27542.2,27592.3"
2026-05-04T17:25:00.000+07:00,"27594.1,27647.1,27593.7,27631.2"
2026-05-04T17:30:00.000+07:00,"27631.4,27733.5,27622.6,27702.8"
2026-05-04T17:35:00.000+07:00,"27704.5,27718.9,27684.3,27701.3"
2026-05-04T17:40:00.000+07:00,"27700.6,27719,27696.1,27705.9"
2026-05-04T17:45:00.000+07:00,"27706.1,27717.1,27691.5,27711.9"
2026-05-04T17:50:00.000+07:00,"27711.8,27717.7,27684.6,27694.9"
2026-05-04T17:55:00.000+07:00,"27694.4,27701.4,27687,27694.1"
2026-05-04T18:00:00.000+07:00,"27694.4,27726,27679.2,27686.4"
2026-05-04T18:05:00.000+07:00,"27686,27704.5,27685.6,27703.2"
2026-05-04T18:10:00.000+07:00,"27703.3,27723.4,27697.5,27708.2"
2026-05-04T18:15:00.000+07:00,"27708.3,27724.7,27708.3,27711.1"
2026-05-04T18:20:00.000+07:00,"27711.5,27718.9,27704.2,27706"
2026-05-04T18:25:00.000+07:00,"27705.9,27707.4,27693.7,27700"
2026-05-04T18:30:00.000+07:00,"27699.9,27705,27689.7,27695.7"
2026-05-04T18:35:00.000+07:00,"27694.8,27710.9,27657.5,27671.9"
2026-05-04T18:40:00.000+07:00,"27672,27709.4,27669.4,27690.9"
2026-05-04T18:45:00.000+07:00,"27690.7,27695.5,27673.7,27682.7"
2026-05-04T18:50:00.000+07:00,"27682.6,27709.6,27678.2,27709.2"
2026-05-04T18:55:00.000+07:00,"27710.1,27712.8,27700.7,27706.1"
2026-05-04T19:00:00.000+07:00,"27706.2,27738,27706.2,27728.3"
2026-05-04T19:05:00.000+07:00,"27728,27736.3,27721.8,27729.9"
2026-05-04T19:10:00.000+07:00,"27730.2,27749.2,27728.2,27736.3"
2026-05-04T19:15:00.000+07:00,"27736.5,27761,27713.2,27746"
2026-05-04T19:20:00.000+07:00,"27745.7,27752.4,27733.7,27740.7"
2026-05-04T19:25:00.000+07:00,"27740.8,27749.9,27735.1,27742.6"
2026-05-04T19:30:00.000+07:00,"27742.5,27744.5,27725.5,27732.4"
2026-05-04T19:35:00.000+07:00,"27732.5,27751.4,27720.9,27747.2"
2026-05-04T19:40:00.000+07:00,"27747.4,27755.5,27731.7,27743.3"
2026-05-04T19:45:00.000+07:00,"27743.4,27746.4,27735.8,27739.7"
2026-05-04T19:50:00.000+07:00,"27739.3,27747.2,27729.1,27738.8"
2026-05-04T19:55:00.000+07:00,"27738.6,27744.4,27712.1,27725.6"
2026-05-04T20:00:00.000+07:00,"27726,27730.9,27666.2,27717.5"
2026-05-04T20:05:00.000+07:00,"27718.9,27740.6,27709.6,27731.7"
2026-05-04T20:10:00.000+07:00,"27740.2,27756.3,27719.5,27728.5"
2026-05-04T20:15:00.000+07:00,"27728.4,27743.2,27723.3,27729.5"
2026-05-04T20:20:00.000+07:00,"27729.4,27734.8,27722.1,27732.6"
2026-05-04T20:25:00.000+07:00,"27737.1,27741.4,27725.7,27731.9"
2026-05-04T20:30:00.000+07:00,"27732.5,27753.1,27691.8,27707.4"
2026-05-04T20:35:00.000+07:00,"27707.5,27733.5,27688.8,27716.1"
2026-05-04T20:40:00.000+07:00,"27716,27765.2,27705.1,27735.8"
2026-05-04T20:45:00.000+07:00,"27736,27774.8,27726.9,27748.5"
2026-05-04T20:50:00.000+07:00,"27750.1,27770.5,27732.1,27752.6"
2026-05-04T20:55:00.000+07:00,"27752.1,27777.2,27725.1,27776.7"
2026-05-04T21:00:00.000+07:00,"27777,27781,27749.6,27753.2"
2026-05-04T21:05:00.000+07:00,"27753.3,27773.9,27729.9,27738.3"
2026-05-04T21:10:00.000+07:00,"27737.5,27794.1,27732.6,27774.9"
2026-05-04T21:15:00.000+07:00,"27774.7,27788.8,27761.9,27788.8"
2026-05-04T21:20:00.000+07:00,"27788.1,27792.2,27768.7,27775.7"
2026-05-04T21:25:00.000+07:00,"27775.5,27788.3,27747.5,27752.4"
2026-05-04T21:30:00.000+07:00,"27751.8,27784.1,27745.4,27770.9"
2026-05-04T21:35:00.000+07:00,"27770.8,27793.4,27761.8,27783.3"
2026-05-04T21:40:00.000+07:00,"27783.5,27810.5,27783.5,27806.3"
2026-05-04T21:45:00.000+07:00,"27806.4,27821.7,27804.7,27810.7"
2026-05-04T21:50:00.000+07:00,"27811.6,27821.6,27800.1,27810.3"
2026-05-04T21:55:00.000+07:00,"27810.2,27816.5,27755.7,27763.9"
2026-05-04T22:00:00.000+07:00,"27763.7,27795,27730.4,27771.6"
2026-05-04T22:05:00.000+07:00,"27771.3,27781.7,27747.9,27763.1"
2026-05-04T22:10:00.000+07:00,"27763.3,27772.6,27722,27737"
2026-05-04T22:15:00.000+07:00,"27736.7,27748.8,27657.6,27666.1"
2026-05-04T22:20:00.000+07:00,"27665.1,27669.7,27592.2,27607.8"
2026-05-04T22:25:00.000+07:00,"27607.5,27670.6,27603.8,27656.1"
2026-05-04T22:30:00.000+07:00,"27656.5,27662.3,27603,27635.4"
2026-05-04T22:35:00.000+07:00,"27636,27653.8,27595.9,27615.9"
2026-05-04T22:40:00.000+07:00,"27617,27650.4,27578.1,27643.7"
2026-05-04T22:45:00.000+07:00,"27643.1,27644.9,27603.7,27610.3"
2026-05-04T22:50:00.000+07:00,"27612.2,27644,27584.9,27638.6"
2026-05-04T22:55:00.000+07:00,"27638.5,27653,27610.9,27616.3"
2026-05-04T23:00:00.000+07:00,"27616.4,27628.4,27587.4,27602.4"
2026-05-04T23:05:00.000+07:00,"27602.2,27607.6,27498.9,27550.5"
2026-05-04T23:10:00.000+07:00,"27550.2,27567.7,27517.7,27537.5"
2026-05-04T23:15:00.000+07:00,"27537.6,27612.4,27510,27592.3"
2026-05-04T23:20:00.000+07:00,"27592.4,27617.2,27584.8,27606.4"
2026-05-04T23:25:00.000+07:00,"27606.2,27628.1,27586.1,27594"
2026-05-04T23:30:00.000+07:00,"27595.2,27625.4,27587.6,27620.9"
2026-05-04T23:35:00.000+07:00,"27620.4,27623.6,27572.3,27582.6"
2026-05-04T23:40:00.000+07:00,"27582.8,27614.4,27582.4,27595.2"
2026-05-04T23:45:00.000+07:00,"27595.4,27605.1,27583.5,27601.9"
2026-05-04T23:50:00.000+07:00,"27603.2,27606,27573.5,27590.5"
2026-05-04T23:55:00.000+07:00,"27590.2,27602.1,27582.8,27589.2"
2026-05-05T00:00:00.000+07:00,"27589.3,27627.9,27589.2,27619.2"
2026-05-05T00:05:00.000+07:00,"27619.4,27640.3,27617.8,27631.2"
2026-05-05T00:10:00.000+07:00,"27631.1,27641.2,27613.5,27627.7"
2026-05-05T00:15:00.000+07:00,"27627.5,27676.8,27624.1,27671.6"
2026-05-05T00:20:00.000+07:00,"27671.4,27687.2,27666.4,27678.4"
2026-05-05T00:25:00.000+07:00,"27679.1,27683.7,27665,27676.8"
2026-05-05T00:30:00.000+07:00,"27675.7,27680.2,27655.9,27657.3"
2026-05-05T00:35:00.000+07:00,"27657.1,27659.4,27636.1,27658.8"
2026-05-05T00:40:00.000+07:00,"27659.3,27664,27645.9,27660.5"
2026-05-05T00:45:00.000+07:00,"27660.6,27662.4,27650.2,27658.9"
2026-05-05T00:50:00.000+07:00,"27658.8,27676.2,27655.8,27669.9"
2026-05-05T00:55:00.000+07:00,"27669.5,27684.8,27669.4,27674.8"
2026-05-05T01:00:00.000+07:00,"27674.9,27697.9,27674,27694"
2026-05-05T01:05:00.000+07:00,"27693.9,27700.9,27676.5,27680.4"
2026-05-05T01:10:00.000+07:00,"27678.2,27684.2,27666.8,27667.6"
2026-05-05T01:15:00.000+07:00,"27667.7,27670.3,27651.1,27655.6"
2026-05-05T01:20:00.000+07:00,"27655.8,27658.5,27631.5,27643"
2026-05-05T01:25:00.000+07:00,"27643.5,27655.7,27612.5,27651"
2026-05-05T01:30:00.000+07:00,"27652,27657.5,27634,27643.3"
2026-05-05T01:35:00.000+07:00,"27643,27643.9,27626.4,27635.9"
2026-05-05T01:40:00.000+07:00,"27636.8,27644.8,27608.8,27611.1"
2026-05-05T01:45:00.000+07:00,"27611.2,27630.6,27601.7,27628.1"
2026-05-05T01:50:00.000+07:00,"27626.9,27636.6,27607.9,27617.5"
2026-05-05T01:55:00.000+07:00,"27617.2,27645.7,27614.3,27640.2"
2026-05-05T02:00:00.000+07:00,"27641.5,27647.3,27622.8,27634.2"
2026-05-05T02:05:00.000+07:00,"27633.9,27670.7,27626.3,27654.5"
2026-05-05T02:10:00.000+07:00,"27654.2,27659.3,27646.8,27657.9"
2026-05-05T02:15:00.000+07:00,"27657.8,27666.2,27652.2,27652.6"
2026-05-05T02:20:00.000+07:00,"27652.4,27655.1,27638.9,27652"
2026-05-05T02:25:00.000+07:00,"27652.1,27669.3,27633.4,27659.9"
2026-05-05T02:30:00.000+07:00,"27659.2,27673.9,27658,27669"
2026-05-05T02:35:00.000+07:00,"27668.8,27670.9,27654.4,27657.8"
2026-05-05T02:40:00.000+07:00,"27658.8,27661,27645.3,27652.3"
2026-05-05T02:45:00.000+07:00,"27651.1,27670.7,27642.1,27670.6"
2026-05-05T02:50:00.000+07:00,"27671.1,27671.1,27634,27640.3"
2026-05-05T02:55:00.000+07:00,"27640.1,27663.3,27629.8,27662.9"
2026-05-05T03:00:00.000+07:00,"27662.7,27662.7,27635.8,27639.9"
2026-05-05T03:05:00.000+07:00,"27642.9,27656.2,27631.7,27631.7"
2026-05-05T03:10:00.000+07:00,"27632.2,27639.4,27618.8,27635.1"
2026-05-05T03:15:00.000+07:00,"27634.6,27640.2,27622.9,27625.1"
2026-05-05T03:20:00.000+07:00,"27623.9,27632.4,27620.4,27630.9"
2026-05-05T03:25:00.000+07:00,"27631.2,27646,27630.8,27641.5"
2026-05-05T03:30:00.000+07:00,"27641.2,27645.9,27635,27635.2"
2026-05-05T03:35:00.000+07:00,"27634.4,27637.8,27629.8,27632.5"
2026-05-05T03:40:00.000+07:00,"27632.9,27636.5,27631,27631"
2026-05-05T03:45:00.000+07:00,"27630.3,27632.9,27624.6,27628.9"
2026-05-05T03:50:00.000+07:00,"27629,27629.3,27621.5,27625"
2026-05-05T03:55:00.000+07:00,"27625.5,27628.4,27622.8,27625.3"
2026-05-05T04:00:00.000+07:00,"27625.1,27640.3,27625.1,27631"
2026-05-05T04:05:00.000+07:00,"27630.9,27633.8,27629.1,27630.6"
2026-05-05T04:10:00.000+07:00,"27631.2,27632.8,27630,27630"
2026-05-05T04:15:00.000+07:00,"27629.8,27630.3,27629.2,27629.7"
2026-05-05T04:20:00.000+07:00,"27630.2,27634.3,27629.1,27632.8"
2026-05-05T04:25:00.000+07:00,"27632.6,27633.7,27630.4,27633.7"
2026-05-05T04:30:00.000+07:00,"27633.6,27638.1,27633.5,27633.7"
2026-05-05T04:35:00.000+07:00,"27633.5,27635,27631.4,27632.1"
2026-05-05T04:40:00.000+07:00,"27631.9,27637.7,27631.5,27634.7"
2026-05-05T04:45:00.000+07:00,"27634.6,27637.8,27633.6,27637.2"
2026-05-05T04:50:00.000+07:00,"27637.3,27640.2,27635.5,27636.4"
2026-05-05T04:55:00.000+07:00,"27636.8,27645,27635,27644.9"
2026-05-05T05:00:00.000+07:00,"27642.9,27667.3,27638.7,27657.5"
2026-05-05T05:05:00.000+07:00,"27657.2,27663.6,27650.7,27660.3"
2026-05-05T05:10:00.000+07:00,"27661.5,27662.7,27656.4,27657.6"
2026-05-05T05:15:00.000+07:00,"27657.5,27661.1,27654.7,27654.9"
2026-05-05T05:20:00.000+07:00,"27654.7,27662.6,27654.7,27659.8"
2026-05-05T05:25:00.000+07:00,"27660.1,27663.9,27659.6,27659.9"
2026-05-05T05:30:00.000+07:00,"27659.8,27662,27656.2,27657.3"
2026-05-05T05:35:00.000+07:00,"27657.4,27658,27651.4,27652.3"
2026-05-05T05:40:00.000+07:00,"27652.5,27656.1,27647.2,27647.5"
2026-05-05T05:45:00.000+07:00,"27647.3,27647.5,27639.7,27640.2"
2026-05-05T05:50:00.000+07:00,"27639.7,27639.9,27625.6,27630.6"
2026-05-05T05:55:00.000+07:00,"27630.4,27639.3,27630,27636"
2026-05-05T06:00:00.000+07:00,"27635.9,27635.9,27627.5,27630.1"
2026-05-05T06:05:00.000+07:00,"27630.4,27634.4,27626.7,27631.6"
2026-05-05T06:10:00.000+07:00,"27631.5,27645.3,27624.1,27643.7"
2026-05-05T06:15:00.000+07:00,"27643.6,27647.8,27635.8,27637.1"
2026-05-05T06:20:00.000+07:00,"27637.7,27642.2,27632.6,27633.7"
2026-05-05T06:25:00.000+07:00,"27633.8,27638.7,27628.8,27637.7"
2026-05-05T06:30:00.000+07:00,"27636.4,27644.5,27630.3,27636.6"
2026-05-05T06:35:00.000+07:00,"27636.7,27641.3,27635.5,27639.7"
2026-05-05T06:40:00.000+07:00,"27639.5,27640.5,27627.3,27628.4"
2026-05-05T06:45:00.000+07:00,"27628.3,27633.1,27624.7,27629.6"
2026-05-05T06:50:00.000+07:00,"27629.5,27629.6,27614.8,27623.8"
2026-05-05T06:55:00.000+07:00,"27623.2,27636.2,27621,27630.3"
2026-05-05T07:00:00.000+07:00,"27630.4,27675.5,27627.2,27668.8"
2026-05-05T07:05:00.000+07:00,"27668.9,27673.3,27663.5,27666.3"
2026-05-05T07:10:00.000+07:00,"27666.4,27671.4,27656.3,27665.8"
2026-05-05T07:15:00.000+07:00,"27665.7,27665.7,27637.7,27645.5"
2026-05-05T07:20:00.000+07:00,"27645.4,27648,27627.8,27635.9"
2026-05-05T07:25:00.000+07:00,"27636,27638.7,27623.9,27638.5"
2026-05-05T07:30:00.000+07:00,"27638.4,27650.9,27635.9,27647.7"
2026-05-05T07:35:00.000+07:00,"27648.2,27663.3,27642.6,27655.7"
2026-05-05T07:40:00.000+07:00,"27656,27656.6,27636.3,27644"
2026-05-05T07:45:00.000+07:00,"27645.1,27659,27643.1,27656.7"
2026-05-05T07:50:00.000+07:00,"27657.2,27676,27656.6,27674.5"
2026-05-05T07:55:00.000+07:00,"27674.6,27676.4,27665.3,27667.3"
2026-05-05T08:00:00.000+07:00,"27666.7,27672.1,27653.3,27662.1"
2026-05-05T08:05:00.000+07:00,"27661.9,27672.4,27658.8,27667.3"
2026-05-05T08:10:00.000+07:00,"27667.2,27692.2,27665.1,27684.7"
2026-05-05T08:15:00.000+07:00,"27684.5,27697,27684.4,27693.1"
2026-05-05T08:20:00.000+07:00,"27692.8,27696.5,27685.4,27694.4"
2026-05-05T08:25:00.000+07:00,"27694.6,27694.7,27680.9,27686.8"
2026-05-05T08:30:00.000+07:00,"27686.9,27691.9,27673.4,27680.7"
2026-05-05T08:35:00.000+07:00,"27680.9,27715,27680.7,27695.3"
2026-05-05T08:40:00.000+07:00,"27695.5,27701.6,27684.1,27694.3"
2026-05-05T08:45:00.000+07:00,"27694.2,27702.4,27693.1,27700.5"
2026-05-05T08:50:00.000+07:00,"27700.1,27707.3,27699.6,27701.5"
2026-05-05T08:55:00.000+07:00,"27701.7,27703.6,27696.4,27697.5"
2026-05-05T09:00:00.000+07:00,"27697.6,27708.7,27697.6,27705.3"
2026-05-05T09:05:00.000+07:00,"27705.5,27709.4,27700.7,27700.9"
2026-05-05T09:10:00.000+07:00,"27700.7,27701.7,27691.2,27695"
2026-05-05T09:15:00.000+07:00,"27695.1,27699.9,27692.8,27697"
2026-05-05T09:20:00.000+07:00,"27696.9,27704.9,27690.7,27704.9"
2026-05-05T09:25:00.000+07:00,"27704.7,27717,27702.9,27716"
2026-05-05T09:30:00.000+07:00,"27716.5,27722.4,27712.5,27718.7"
2026-05-05T09:35:00.000+07:00,"27718.8,27722.8,27711.9,27722.3"
2026-05-05T09:40:00.000+07:00,"27722.4,27723.5,27717.7,27719.3"
2026-05-05T09:45:00.000+07:00,"27719.2,27721.6,27684.8,27696.4"
2026-05-05T09:50:00.000+07:00,"27696.6,27704.4,27694.3,27695.5"
2026-05-05T09:55:00.000+07:00,"27695.4,27700.1,27690.4,27699"
2026-05-05T10:00:00.000+07:00,"27699.1,27704.2,27693.7,27702.7"
2026-05-05T10:05:00.000+07:00,"27702.8,27711.1,27702.3,27708.9"
2026-05-05T10:10:00.000+07:00,"27708.7,27716.7,27708.5,27713.4"
2026-05-05T10:15:00.000+07:00,"27713.2,27716.2,27710.8,27713.6"
2026-05-05T10:20:00.000+07:00,"27713.5,27715.7,27710.7,27715.2"
2026-05-05T10:25:00.000+07:00,"27715.1,27733,27714.5,27723.9"
2026-05-05T10:30:00.000+07:00,"27723.7,27724.4,27718.2,27719.9"
2026-05-05T10:35:00.000+07:00,"27720.1,27724.8,27718.7,27722.1"
2026-05-05T10:40:00.000+07:00,"27722.4,27722.9,27718.4,27719.7"
2026-05-05T10:45:00.000+07:00,"27719.6,27729.4,27717.9,27729.3"
2026-05-05T10:50:00.000+07:00,"27729.2,27731,27723.1,27724.8"
2026-05-05T10:55:00.000+07:00,"27724.7,27725.4,27721.1,27722.8"
2026-05-05T11:00:00.000+07:00,"27722.7,27744,27722.6,27737.6"
2026-05-05T11:05:00.000+07:00,"27737.7,27739,27730.7,27731.6"
2026-05-05T11:10:00.000+07:00,"27731.5,27735,27727.8,27730.5"
2026-05-05T11:15:00.000+07:00,"27730.4,27731,27721.3,27724.8"
2026-05-05T11:20:00.000+07:00,"27724.6,27728.8,27720.2,27724.7"
2026-05-05T11:25:00.000+07:00,"27724.6,27726.3,27720.1,27721"
2026-05-05T11:30:00.000+07:00,"27720.8,27722.8,27714.7,27718"
2026-05-05T11:35:00.000+07:00,"27717.9,27719.5,27714,27717.7"
2026-05-05T11:40:00.000+07:00,"27717.8,27720.8,27714,27716.4"
2026-05-05T11:45:00.000+07:00,"27716.5,27734.3,27715.8,27732.5"
2026-05-05T11:50:00.000+07:00,"27732.7,27735.5,27723.5,27724.8"
2026-05-05T11:55:00.000+07:00,"27724.7,27725,27710.1,27710.3"
2026-05-05T12:00:00.000+07:00,"27709.3,27721.2,27703.2,27714.4"
2026-05-05T12:05:00.000+07:00,"27714.5,27720,27712.4,27713"
2026-05-05T12:10:00.000+07:00,"27713.1,27720.9,27713.1,27720.6"
2026-05-05T12:15:00.000+07:00,"27720.5,27728.1,27718.2,27727.3"
2026-05-05T12:20:00.000+07:00,"27727.4,27729,27722.2,27727.4"
2026-05-05T12:25:00.000+07:00,"27727.7,27727.8,27716.4,27718"
2026-05-05T12:30:00.000+07:00,"27717.8,27733.5,27707.5,27732.3"
2026-05-05T12:35:00.000+07:00,"27732.5,27737.5,27725,27728.7"
2026-05-05T12:40:00.000+07:00,"27728.8,27735,27728.5,27728.7"
2026-05-05T12:45:00.000+07:00,"27728.8,27735.9,27725.4,27731.4"
2026-05-05T12:50:00.000+07:00,"27730.7,27734,27728.7,27732.5"
2026-05-05T12:55:00.000+07:00,"27732.8,27737.6,27730.7,27736.5"
2026-05-05T13:00:00.000+07:00,"27736,27758.2,27731.2,27734.4"
2026-05-05T13:05:00.000+07:00,"27734.7,27735,27724.4,27724.5"
2026-05-05T13:10:00.000+07:00,"27724.4,27734.1,27722.6,27726.2"
2026-05-05T13:15:00.000+07:00,"27726.7,27729.5,27707.5,27718"
2026-05-05T13:20:00.000+07:00,"27718.1,27720.4,27701.1,27705"
2026-05-05T13:25:00.000+07:00,"27705.5,27719,27702.1,27712.3"
2026-05-05T13:30:00.000+07:00,"27711.1,27737,27711.1,27734.7"
2026-05-05T13:35:00.000+07:00,"27734.6,27748.6,27733.7,27746.2"
2026-05-05T13:40:00.000+07:00,"27746.3,27753.3,27740.3,27748.6"
2026-05-05T13:45:00.000+07:00,"27747.8,27750.8,27742.5,27746.2"
2026-05-05T13:50:00.000+07:00,"27746.4,27767.4,27746.2,27762.1"
2026-05-05T13:55:00.000+07:00,"27761.7,27768.6,27758.1,27762.3"
2026-05-05T14:00:00.000+07:00,"27762.5,27784,27758.1,27775.9"
2026-05-05T14:05:00.000+07:00,"27775.6,27784.7,27770.2,27772.7"
2026-05-05T14:10:00.000+07:00,"27772.6,27781.9,27772.6,27778.6"
2026-05-05T14:15:00.000+07:00,"27778.4,27782.7,27769.1,27779.4"
2026-05-05T14:20:00.000+07:00,"27779.2,27782.9,27771.2,27771.2"
2026-05-05T14:25:00.000+07:00,"27771.3,27779.6,27765.1,27767.4"
2026-05-05T14:30:00.000+07:00,"27767.3,27778.2,27765.3,27771.5"
2026-05-05T14:35:00.000+07:00,"27771.6,27804.4,27768.9,27797.1"
2026-05-05T14:40:00.000+07:00,"27796.4,27808.5,27780.7,27781.6"
2026-05-05T14:45:00.000+07:00,"27781.7,27784.4,27765.9,27768.4"
2026-05-05T14:50:00.000+07:00,"27768.5,27773.7,27761.5,27765.3"
2026-05-05T14:55:00.000+07:00,"27764.8,27766.7,27758,27764"
2026-05-05T15:00:00.000+07:00,"27763.8,27783.9,27762.9,27782.6"
2026-05-05T15:05:00.000+07:00,"27782.8,27794.8,27782.5,27788.5"
2026-05-05T15:10:00.000+07:00,"27788.8,27817.8,27788.2,27809.1"
2026-05-05T15:15:00.000+07:00,"27809.2,27815.7,27800.7,27804.9"
2026-05-05T15:20:00.000+07:00,"27804.6,27811.9,27802.8,27806.8"
2026-05-05T15:25:00.000+07:00,"27806.9,27819.5,27802.5,27802.7"
2026-05-05T15:30:00.000+07:00,"27802.6,27807.6,27794.9,27805.3"
2026-05-05T15:35:00.000+07:00,"27805.2,27814.9,27804.3,27810.7"
2026-05-05T15:40:00.000+07:00,"27810.8,27813.2,27800.8,27811.3"
2026-05-05T15:45:00.000+07:00,"27811.4,27825.6,27805.3,27813.2"
2026-05-05T15:50:00.000+07:00,"27813.3,27815.3,27808.4,27812.8"
2026-05-05T15:55:00.000+07:00,"27812.7,27814.3,27806.6,27811.1"
2026-05-05T16:00:00.000+07:00,"27810.9,27814.5,27801,27805.1"
2026-05-05T16:05:00.000+07:00,"27804.9,27821.1,27793.7,27813.8"
2026-05-05T16:10:00.000+07:00,"27814,27821.9,27809.4,27809.9"
2026-05-05T16:15:00.000+07:00,"27809.7,27813.7,27800.6,27804.6"
2026-05-05T16:20:00.000+07:00,"27804.7,27810.9,27798,27810.4"
2026-05-05T16:25:00.000+07:00,"27810.5,27815.2,27808,27811.9"
2026-05-05T16:30:00.000+07:00,"27812.7,27833,27811.2,27824.5"
2026-05-05T16:35:00.000+07:00,"27824.3,27825.3,27812.7,27819.2"
2026-05-05T16:40:00.000+07:00,"27818.7,27825.1,27816.2,27821.4"
2026-05-05T16:45:00.000+07:00,"27821.5,27838.8,27820.7,27826.6"
2026-05-05T16:50:00.000+07:00,"27826.7,27828.4,27813,27814.4"
2026-05-05T16:55:00.000+07:00,"27814.6,27821.2,27811.5,27818.9"
2026-05-05T17:00:00.000+07:00,"27819,27821.1,27812.2,27814.5"
2026-05-05T17:05:00.000+07:00,"27814.4,27817.4,27808.4,27809.2"
2026-05-05T17:10:00.000+07:00,"27809.4,27827.1,27805.1,27818.2"
2026-05-05T17:15:00.000+07:00,"27818,27823.3,27810.6,27815.2"
2026-05-05T17:20:00.000+07:00,"27815.3,27825.4,27814.9,27819"
2026-05-05T17:25:00.000+07:00,"27818.9,27827.2,27815.3,27822.2"
2026-05-05T17:30:00.000+07:00,"27821.8,27843.7,27818.3,27833.4"
2026-05-05T17:35:00.000+07:00,"27833.7,27841,27826.9,27827.2"
2026-05-05T17:40:00.000+07:00,"27827.1,27834.9,27812.8,27816.7"
2026-05-05T17:45:00.000+07:00,"27816.8,27822.8,27811.8,27819.3"
2026-05-05T17:50:00.000+07:00,"27819.6,27820.3,27811.7,27815.7"
2026-05-05T17:55:00.000+07:00,"27816.1,27821.8,27811.9,27817.4"
2026-05-05T18:00:00.000+07:00,"27817.6,27824.1,27789.3,27793.1"
2026-05-05T18:05:00.000+07:00,"27792.6,27800.3,27788.9,27799.7"
2026-05-05T18:10:00.000+07:00,"27799.5,27805.1,27792.7,27797.9"
2026-05-05T18:15:00.000+07:00,"27797.7,27805.4,27782.5,27787.5"
2026-05-05T18:20:00.000+07:00,"27787.7,27798.3,27784.6,27796.1"
2026-05-05T18:25:00.000+07:00,"27796,27821.8,27795.7,27809.8"
2026-05-05T18:30:00.000+07:00,"27809.9,27822.9,27809.9,27817"
2026-05-05T18:35:00.000+07:00,"27817.2,27826.2,27815.1,27822.6"
2026-05-05T18:40:00.000+07:00,"27822.7,27830.1,27817.6,27821.8"
2026-05-05T18:45:00.000+07:00,"27822.2,27830.1,27818.3,27827"
2026-05-05T18:50:00.000+07:00,"27826.5,27827.8,27820.8,27821.3"
2026-05-05T18:55:00.000+07:00,"27821.4,27830.2,27821,27825.6"
2026-05-05T19:00:00.000+07:00,"27824.2,27825.2,27811.8,27817.8"
2026-05-05T19:05:00.000+07:00,"27817.1,27851.3,27814.9,27846.9"
2026-05-05T19:10:00.000+07:00,"27846.5,27879.7,27843.6,27874.9"
2026-05-05T19:15:00.000+07:00,"27875,27888.8,27868,27868.6"
2026-05-05T19:20:00.000+07:00,"27868.5,27879.5,27862.8,27870"
2026-05-05T19:25:00.000+07:00,"27869.8,27877.9,27867.6,27872.9"
2026-05-05T19:30:00.000+07:00,"27873.3,27878.8,27864.4,27870.6"
2026-05-05T19:35:00.000+07:00,"27870.7,27871.1,27859.2,27864.1"
2026-05-05T19:40:00.000+07:00,"27864.2,27870.3,27859.3,27860.7"
2026-05-05T19:45:00.000+07:00,"27860.4,27865.7,27854,27858.3"
2026-05-05T19:50:00.000+07:00,"27857.8,27863.3,27854.7,27857.8"
2026-05-05T19:55:00.000+07:00,"27857.7,27867.2,27855.2,27857.8"
2026-05-05T20:00:00.000+07:00,"27857.6,27874.8,27857,27870.8"
2026-05-05T20:05:00.000+07:00,"27870.9,27887.7,27870.9,27880.3"
2026-05-05T20:10:00.000+07:00,"27880.4,27883.7,27870.7,27873.7"
2026-05-05T20:15:00.000+07:00,"27873.8,27876,27862.6,27868"
2026-05-05T20:20:00.000+07:00,"27867.9,27873.8,27856.9,27858.1"
2026-05-05T20:25:00.000+07:00,"27861.8,27882.7,27861.8,27870.3"
2026-05-05T20:30:00.000+07:00,"27870.7,27915,27855.8,27906.7"
2026-05-05T20:35:00.000+07:00,"27908.2,27943.2,27904.7,27930.8"
2026-05-05T20:40:00.000+07:00,"27929.3,27966.1,27926.1,27964"
2026-05-05T20:45:00.000+07:00,"27964.6,27985.6,27953.6,27957.4"
2026-05-05T20:50:00.000+07:00,"27956.1,27994.7,27951.7,27952.5"
2026-05-05T20:55:00.000+07:00,"27952.8,27978.4,27946.9,27966.1"
2026-05-05T21:00:00.000+07:00,"27966.2,27982.6,27941.5,27978.4"
2026-05-05T21:05:00.000+07:00,"27978.1,27982.6,27969.1,27980.1"
2026-05-05T21:10:00.000+07:00,"27979.9,27988.7,27924.8,27934.7"
2026-05-05T21:15:00.000+07:00,"27934.8,27966.1,27912.3,27932.7"
2026-05-05T21:20:00.000+07:00,"27932.8,27992.2,27925.7,27986.7"
2026-05-05T21:25:00.000+07:00,"27986.6,28012,27985.1,27998.2"
2026-05-05T21:30:00.000+07:00,"27998.7,28011,27991.4,28004.6"
2026-05-05T21:35:00.000+07:00,"28004.8,28017.4,27971.2,27974.1"
2026-05-05T21:40:00.000+07:00,"27974.4,27995.3,27964.3,27968.6"
2026-05-05T21:45:00.000+07:00,"27968.4,27986.3,27958.5,27981.8"
2026-05-05T21:50:00.000+07:00,"27981.5,27986.7,27958.5,27985.9"
2026-05-05T21:55:00.000+07:00,"27986.2,27991.7,27972.1,27974.2"
2026-05-05T22:00:00.000+07:00,"27974.5,28002.4,27969.6,28002.4"
2026-05-05T22:05:00.000+07:00,"28002.3,28012.7,27991.4,27995.8"
2026-05-05T22:10:00.000+07:00,"27993.7,28013.2,27993.1,28010.6"
2026-05-05T22:15:00.000+07:00,"28010.8,28018,28000.2,28004.5"
2026-05-05T22:20:00.000+07:00,"28004.6,28015.8,28000.4,28003.6"
2026-05-05T22:25:00.000+07:00,"28003.9,28018.2,27996.4,28010"
2026-05-05T22:30:00.000+07:00,"28010.2,28015.2,27992.5,28000.1"
2026-05-05T22:35:00.000+07:00,"28000.9,28023.5,27999.7,28018.9"
2026-05-05T22:40:00.000+07:00,"28019.3,28019.9,28010.8,28016.4"
2026-05-05T22:45:00.000+07:00,"28016.5,28028.2,28014.5,28022.4"
2026-05-05T22:50:00.000+07:00,"28022.6,28028.4,28014.9,28018"
2026-05-05T22:55:00.000+07:00,"28018.3,28020.2,28002.5,28008.7"
2026-05-05T23:00:00.000+07:00,"28007.6,28017.1,28001.2,28014.1"
2026-05-05T23:05:00.000+07:00,"28013.7,28025.2,28013.5,28021.8"
2026-05-05T23:10:00.000+07:00,"28022.1,28032.7,28022,28028.4"
2026-05-05T23:15:00.000+07:00,"28028.2,28030.5,28012,28020.5"
2026-05-05T23:20:00.000+07:00,"28020.6,28030.5,28018.5,28018.6"
2026-05-05T23:25:00.000+07:00,"28018.8,28020.3,27972.7,27996.7"
2026-05-05T23:30:00.000+07:00,"27994.8,27999.1,27979.2,27991.3"
2026-05-05T23:35:00.000+07:00,"27991.6,28008,27977.9,27978.3"
2026-05-05T23:40:00.000+07:00,"27978.2,27988.6,27972,27986"
2026-05-05T23:45:00.000+07:00,"27985.7,28008,27981.1,28001"
2026-05-05T23:50:00.000+07:00,"28000.8,28005.4,27993.5,28002.8"
2026-05-05T23:55:00.000+07:00,"28002.5,28014.6,28002.4,28004.8"
2026-05-06T00:00:00.000+07:00,"28005.5,28015.2,27997.9,28008.8"
2026-05-06T00:05:00.000+07:00,"28008.2,28011.2,27991.1,27997"
2026-05-06T00:10:00.000+07:00,"27996.5,28003.7,27987.7,28001.9"
2026-05-06T00:15:00.000+07:00,"28002.2,28018.3,28002.2,28016.9"
2026-05-06T00:20:00.000+07:00,"28016.3,28021.6,28005.5,28011.4"
2026-05-06T00:25:00.000+07:00,"28011.5,28024.8,28010.9,28024.1"
2026-05-06T00:30:00.000+07:00,"28024.3,28030.6,28015.7,28017.5"
2026-05-06T00:35:00.000+07:00,"28017.6,28031.3,28014.4,28020.2"
2026-05-06T00:40:00.000+07:00,"28019.9,28032,28017.3,28027.2"
2026-05-06T00:45:00.000+07:00,"28027.1,28034.1,28024.7,28032.2"
2026-05-06T00:50:00.000+07:00,"28032.9,28048.5,28029.9,28042.3"
2026-05-06T00:55:00.000+07:00,"28042.2,28047,28037.9,28039.1"
2026-05-06T01:00:00.000+07:00,"28037.9,28051.7,28035.5,28049.6"
2026-05-06T01:05:00.000+07:00,"28050,28057.3,28048.1,28050"
2026-05-06T01:10:00.000+07:00,"28050.6,28063.4,28047.8,28060.7"
2026-05-06T01:15:00.000+07:00,"28060.5,28063.2,28053.1,28058.6"
2026-05-06T01:20:00.000+07:00,"28058.5,28065.5,28050.4,28050.8"
2026-05-06T01:25:00.000+07:00,"28050.6,28061.9,28048.5,28056.3"
2026-05-06T01:30:00.000+07:00,"28056,28061.3,28050.1,28051.1"
2026-05-06T01:35:00.000+07:00,"28051.3,28059,28050.4,28052.2"
2026-05-06T01:40:00.000+07:00,"28052.8,28058,28051.2,28055.3"
2026-05-06T01:45:00.000+07:00,"28055.4,28061.2,28052.4,28054"
2026-05-06T01:50:00.000+07:00,"28053.4,28056.7,28034,28040.7"
2026-05-06T01:55:00.000+07:00,"28041.8,28050.9,28039.6,28047.3"
2026-05-06T02:00:00.000+07:00,"28045.3,28051.3,28040.2,28040.9"
2026-05-06T02:05:00.000+07:00,"28040.8,28054.6,28040.4,28054"
2026-05-06T02:10:00.000+07:00,"28053.9,28065.7,28048.9,28049.8"
2026-05-06T02:15:00.000+07:00,"28049.6,28056,28043,28053.2"
2026-05-06T02:20:00.000+07:00,"28053.4,28055.3,28038.5,28051.8"
2026-05-06T02:25:00.000+07:00,"28051.9,28053.5,28042.2,28044.4"
2026-05-06T02:30:00.000+07:00,"28043.9,28047.7,28036.2,28039.4"
2026-05-06T02:35:00.000+07:00,"28040,28045.3,28030.8,28040.6"
2026-05-06T02:40:00.000+07:00,"28040.7,28046.1,28029.7,28036.3"
2026-05-06T02:45:00.000+07:00,"28036,28038.1,28025.3,28026.9"
2026-05-06T02:50:00.000+07:00,"28027.4,28027.7,27992.7,27998.4"
2026-05-06T02:55:00.000+07:00,"27998.9,28018.1,27988.4,28014"
2026-05-06T03:00:00.000+07:00,"28013.2,28025.7,28008.1,28021.9"
2026-05-06T03:05:00.000+07:00,"28022.1,28029.9,28016.8,28025.5"
2026-05-06T03:10:00.000+07:00,"28026,28034.2,28023.2,28033"
2026-05-06T03:15:00.000+07:00,"28032.5,28054.6,27989.4,28043.6"
2026-05-06T03:20:00.000+07:00,"28043.5,28078.8,28035.4,28074"
2026-05-06T03:25:00.000+07:00,"28072.5,28126.3,28072.5,28112.8"
2026-05-06T03:30:00.000+07:00,"28113.5,28115.2,28097.4,28104.8"
2026-05-06T03:35:00.000+07:00,"28105.1,28115,28096.9,28097.8"
2026-05-06T03:40:00.000+07:00,"28097.6,28098.5,28077.4,28079.4"
2026-05-06T03:45:00.000+07:00,"28079.1,28081.6,28063.6,28063.6"
2026-05-06T03:50:00.000+07:00,"28063.1,28081.7,28060.7,28076.5"
2026-05-06T03:55:00.000+07:00,"28076.3,28092.4,28075.2,28083.4"
2026-05-06T04:00:00.000+07:00,"28083.6,28087.1,28080,28084.5"
2026-05-06T04:05:00.000+07:00,"28085.1,28117.7,28083.5,28117.7"
2026-05-06T04:10:00.000+07:00,"28117,28118.4,28111.5,28115.7"
2026-05-06T04:15:00.000+07:00,"28115.8,28128.3,28104.6,28126"
2026-05-06T04:20:00.000+07:00,"28125.6,28125.6,28113.4,28121.7"
2026-05-06T04:25:00.000+07:00,"28121.8,28121.8,28118.6,28119.7"
2026-05-06T04:30:00.000+07:00,"28119.2,28119.2,28111.1,28113"
2026-05-06T04:35:00.000+07:00,"28113.1,28114.3,28105.3,28106.1"
2026-05-06T04:40:00.000+07:00,"28105.1,28111.9,28105.1,28110.6"
2026-05-06T04:45:00.000+07:00,"28110.9,28125.2,28110.8,28118.5"
2026-05-06T04:50:00.000+07:00,"28117.7,28121.8,28117.7,28119.2"
2026-05-06T04:55:00.000+07:00,"28118.9,28131.7,28118.9,28126.7"
2026-05-06T05:00:00.000+07:00,"28130.2,28144.7,28126.4,28141"
2026-05-06T05:05:00.000+07:00,"28141.3,28147.2,28139.4,28145.1"
2026-05-06T05:10:00.000+07:00,"28144.9,28147.2,28134.6,28141.8"
2026-05-06T05:15:00.000+07:00,"28141.9,28142,28134.1,28139.1"
2026-05-06T05:20:00.000+07:00,"28139.3,28155.2,28137.2,28153.8"
2026-05-06T05:25:00.000+07:00,"28154.1,28162.1,28147.4,28161.5"
2026-05-06T05:30:00.000+07:00,"28161.6,28168,28156.1,28161.4"
2026-05-06T05:35:00.000+07:00,"28161.3,28174.8,28159.7,28169.8"
2026-05-06T05:40:00.000+07:00,"28169.7,28177.1,28169.6,28175"
2026-05-06T05:45:00.000+07:00,"28174.5,28180.7,28173,28179.2"
2026-05-06T05:50:00.000+07:00,"28179,28298.7,28176.5,28256.3"
2026-05-06T05:55:00.000+07:00,"28255.9,28284,28245.7,28256.8"
2026-05-06T06:00:00.000+07:00,"28257,28266.2,28224.8,28246.3"
2026-05-06T06:05:00.000+07:00,"28245.5,28250.8,28228.1,28239.9"
2026-05-06T06:10:00.000+07:00,"28240,28266.3,28237.4,28262.6"
2026-05-06T06:15:00.000+07:00,"28262.4,28264.5,28241.8,28248.8"
2026-05-06T06:20:00.000+07:00,"28249,28253.8,28235.4,28240"
2026-05-06T06:25:00.000+07:00,"28240.4,28243.8,28228.4,28231.7"
2026-05-06T06:30:00.000+07:00,"28231.8,28247.6,28230.2,28243.8"
2026-05-06T06:35:00.000+07:00,"28243.9,28249.7,28241.5,28244.2"
2026-05-06T06:40:00.000+07:00,"28244.4,28251.3,28238.8,28244"
2026-05-06T06:45:00.000+07:00,"28243.8,28257.4,28239.3,28255"
2026-05-06T06:50:00.000+07:00,"28255.1,28258,28247.3,28252.1"
2026-05-06T06:55:00.000+07:00,"28252.2,28256.3,28246.6,28251.4"
2026-05-06T07:00:00.000+07:00,"28252,28254.2,28232.9,28234"
2026-05-06T07:05:00.000+07:00,"28234.1,28236.2,28186.9,28214"
2026-05-06T07:10:00.000+07:00,"28216.9,28220.1,28193.1,28195.1"
2026-05-06T07:15:00.000+07:00,"28195.2,28195.8,28159.7,28177.3"
2026-05-06T07:20:00.000+07:00,"28177.2,28182.2,28147.6,28163.2"
2026-05-06T07:25:00.000+07:00,"28163.3,28168.5,28130.3,28132.3"
2026-05-06T07:30:00.000+07:00,"28132,28151.8,28129.9,28145.3"
2026-05-06T07:35:00.000+07:00,"28145.4,28160.2,28140.4,28153.5"
2026-05-06T07:40:00.000+07:00,"28153.6,28165.9,28148.3,28155.8"
2026-05-06T07:45:00.000+07:00,"28155.5,28158.8,28130.2,28134.5"
2026-05-06T07:50:00.000+07:00,"28135.2,28158.9,28134.6,28155.3"
2026-05-06T07:55:00.000+07:00,"28155.4,28162,28150.8,28155.6"
2026-05-06T08:00:00.000+07:00,"28155.4,28169.9,28148.7,28165.6"
2026-05-06T08:05:00.000+07:00,"28165.5,28178.3,28165.3,28177.2"
2026-05-06T08:10:00.000+07:00,"28177.3,28178.6,28168.4,28169.4"
2026-05-06T08:15:00.000+07:00,"28169.3,28187.1,28157.8,28182.1"
2026-05-06T08:20:00.000+07:00,"28182,28188.9,28176.1,28182.4"
2026-05-06T08:25:00.000+07:00,"28183.8,28185.3,28159.2,28166.5"
2026-05-06T08:30:00.000+07:00,"28166.2,28175.3,28158.1,28164.7"
2026-05-06T08:35:00.000+07:00,"28164.6,28169.8,28158.4,28163.3"
2026-05-06T08:40:00.000+07:00,"28163.4,28171,28156.1,28168.2"
2026-05-06T08:45:00.000+07:00,"28168.3,28177.1,28167.2,28170.9"
2026-05-06T08:50:00.000+07:00,"28171,28173.9,28158.7,28160.8"
2026-05-06T08:55:00.000+07:00,"28160.6,28171.6,28151,28171.4"
2026-05-06T09:00:00.000+07:00,"28171.1,28176.8,28166.6,28166.6"
2026-05-06T09:05:00.000+07:00,"28166.7,28172.2,28157.3,28169.7"
2026-05-06T09:10:00.000+07:00,"28169.8,28173.4,28165.1,28168.5"
2026-05-06T09:15:00.000+07:00,"28168.2,28175.7,28167.3,28171.4"
2026-05-06T09:20:00.000+07:00,"28171.5,28175.9,28165.9,28172.4"
2026-05-06T09:25:00.000+07:00,"28172.3,28173.9,28153.3,28154.1"
2026-05-06T09:30:00.000+07:00,"28154,28162.5,28150.7,28162.3"
2026-05-06T09:35:00.000+07:00,"28161.8,28163,28147.6,28151.4"
2026-05-06T09:40:00.000+07:00,"28151.2,28152.8,28142.4,28149.6"
2026-05-06T09:45:00.000+07:00,"28149.8,28160.3,28149.1,28158.3"
2026-05-06T09:50:00.000+07:00,"28158.2,28164.8,28156.8,28157.6"
2026-05-06T09:55:00.000+07:00,"28157.5,28172,28157.3,28167.5"
2026-05-06T10:00:00.000+07:00,"28167.3,28175.9,28166.8,28169.1"
2026-05-06T10:05:00.000+07:00,"28169,28173.4,28163.8,28169.5"
2026-05-06T10:10:00.000+07:00,"28169.6,28190,28169.2,28185.9"
2026-05-06T10:15:00.000+07:00,"28185,28190,28178.1,28181.9"
2026-05-06T10:20:00.000+07:00,"28181.8,28188.9,28178.9,28187.2"
2026-05-06T10:25:00.000+07:00,"28187.4,28204.7,28187.4,28203.1"
2026-05-06T10:30:00.000+07:00,"28202.8,28208,28200.2,28202.6"
2026-05-06T10:35:00.000+07:00,"28202.5,28215.4,28201.2,28210.3"
2026-05-06T10:40:00.000+07:00,"28210.5,28211.8,28200,28205.2"
2026-05-06T10:45:00.000+07:00,"28205.1,28205.4,28187.7,28188.1"
2026-05-06T10:50:00.000+07:00,"28188,28198,28188,28191.8"
2026-05-06T10:55:00.000+07:00,"28191.9,28196.2,28190.1,28193.5"
2026-05-06T11:00:00.000+07:00,"28193.4,28198.8,28189.4,28196.7"
2026-05-06T11:05:00.000+07:00,"28196.6,28203.1,28194.8,28201.9"
2026-05-06T11:10:00.000+07:00,"28201.6,28206,28193.5,28206"
2026-05-06T11:15:00.000+07:00,"28205.9,28208.2,28200.1,28201.9"
2026-05-06T11:20:00.000+07:00,"28201.8,28208.5,28198.8,28204.9"
2026-05-06T11:25:00.000+07:00,"28205.1,28209.9,28198.6,28208.1"
2026-05-06T11:30:00.000+07:00,"28208.5,28212.5,28203.6,28205.6"
2026-05-06T11:35:00.000+07:00,"28205.5,28208.1,28193.9,28197.4"
2026-05-06T11:40:00.000+07:00,"28196.8,28206.6,28191.3,28205.5"
2026-05-06T11:45:00.000+07:00,"28205.7,28221.7,28204.5,28218.8"
2026-05-06T11:50:00.000+07:00,"28218.7,28225.4,28216.5,28221.1"
2026-05-06T11:55:00.000+07:00,"28221.3,28224.8,28215.8,28216.3"
2026-05-06T12:00:00.000+07:00,"28216.4,28222.8,28207.9,28221.3"
2026-05-06T12:05:00.000+07:00,"28221,28227.6,28218.2,28225.6"
2026-05-06T12:10:00.000+07:00,"28225.7,28228.1,28220.5,28221.7"
2026-05-06T12:15:00.000+07:00,"28222,28222,28205.6,28215.8"
2026-05-06T12:20:00.000+07:00,"28215.3,28217.2,28209.2,28217.1"
2026-05-06T12:25:00.000+07:00,"28218,28228.2,28216.6,28224.6"
2026-05-06T12:30:00.000+07:00,"28224.5,28225.9,28213.9,28218.2"
2026-05-06T12:35:00.000+07:00,"28217.8,28222.1,28210.7,28220.4"
2026-05-06T12:40:00.000+07:00,"28220.2,28226.4,28216.1,28225.6"
2026-05-06T12:45:00.000+07:00,"28225.3,28233.7,28223.7,28228.3"
2026-05-06T12:50:00.000+07:00,"28228.2,28234.5,28223.4,28226.2"
2026-05-06T12:55:00.000+07:00,"28226.3,28240.8,28224.5,28233.5"
2026-05-06T13:00:00.000+07:00,"28233.6,28247.9,28233.4,28235.6"
2026-05-06T13:05:00.000+07:00,"28236.8,28236.9,28215.3,28220.1"
2026-05-06T13:10:00.000+07:00,"28220.4,28220.8,28207.3,28213.4"
2026-05-06T13:15:00.000+07:00,"28213.5,28215.9,28205.3,28206.6"
2026-05-06T13:20:00.000+07:00,"28206.7,28216.6,28198.5,28214.4"
2026-05-06T13:25:00.000+07:00,"28214.5,28218.7,28208.8,28210.5"
2026-05-06T13:30:00.000+07:00,"28210.3,28215.3,28201.2,28207.4"
2026-05-06T13:35:00.000+07:00,"28207.3,28220.9,28204.7,28220"
2026-05-06T13:40:00.000+07:00,"28220.4,28222.7,28179.5,28207.1"
2026-05-06T13:45:00.000+07:00,"28207.3,28211.9,28201.7,28201.8"
2026-05-06T13:50:00.000+07:00,"28201.9,28208.4,28192.8,28207.2"
2026-05-06T13:55:00.000+07:00,"28207.3,28218.5,28205.2,28216.3"
2026-05-06T14:00:00.000+07:00,"28216.1,28226.6,28206.4,28223.6"
2026-05-06T14:05:00.000+07:00,"28223.4,28232.5,28222.1,28225.3"
2026-05-06T14:10:00.000+07:00,"28225.2,28225.2,28194.1,28199.4"
2026-05-06T14:15:00.000+07:00,"28199.6,28205.1,28190.7,28198.4"
2026-05-06T14:20:00.000+07:00,"28198.5,28213.5,28189.8,28211.2"
2026-05-06T14:25:00.000+07:00,"28211.1,28212.1,28199.5,28207"
2026-05-06T14:30:00.000+07:00,"28207.2,28216.7,28196.9,28215.6"
2026-05-06T14:35:00.000+07:00,"28215.5,28220.9,28210,28215.2"
2026-05-06T14:40:00.000+07:00,"28215.3,28220.1,28209.7,28217.8"
2026-05-06T14:45:00.000+07:00,"28217.7,28230,28214.5,28228.4"
2026-05-06T14:50:00.000+07:00,"28228.3,28230.2,28214.6,28217.2"
2026-05-06T14:55:00.000+07:00,"28218,28228.1,28214.9,28227.4"
2026-05-06T15:00:00.000+07:00,"28227.2,28237.3,28222.1,28226.9"
2026-05-06T15:05:00.000+07:00,"28226.8,28244.7,28222.6,28232.6"
2026-05-06T15:10:00.000+07:00,"28232.8,28245.8,28224,28228"
2026-05-06T15:15:00.000+07:00,"28227.3,28230.7,28214.8,28215.1"
2026-05-06T15:20:00.000+07:00,"28214.8,28219.3,28203.8,28218.4"
2026-05-06T15:25:00.000+07:00,"28218.7,28224,28209.5,28219.8"
2026-05-06T15:30:00.000+07:00,"28219.9,28237.2,28215.4,28231.4"
2026-05-06T15:35:00.000+07:00,"28231.5,28244.7,28231.5,28238.7"
2026-05-06T15:40:00.000+07:00,"28238.9,28245.5,28237.5,28243.1"
2026-05-06T15:45:00.000+07:00,"28243.2,28255.2,28241.2,28245.7"
2026-05-06T15:50:00.000+07:00,"28246.2,28356.2,28245.2,28340.5"
2026-05-06T15:55:00.000+07:00,"28340.2,28396.7,28339.2,28361.4"
2026-05-06T16:00:00.000+07:00,"28361.9,28380.2,28306.7,28311.8"
2026-05-06T16:05:00.000+07:00,"28312,28316.8,28296.5,28299.9"
2026-05-06T16:10:00.000+07:00,"28299.6,28336.3,28295.4,28327.5"
2026-05-06T16:15:00.000+07:00,"28327.6,28352.4,28326.5,28345.8"
2026-05-06T16:20:00.000+07:00,"28346.7,28351.8,28330.3,28341.1"
2026-05-06T16:25:00.000+07:00,"28340.9,28351,28335.6,28345.2"
2026-05-06T16:30:00.000+07:00,"28345.3,28381,28337.6,28373.4"
2026-05-06T16:35:00.000+07:00,"28373.3,28383.1,28366.6,28382.2"
2026-05-06T16:40:00.000+07:00,"28382.3,28388.9,28375.1,28378.8"
2026-05-06T16:45:00.000+07:00,"28378.7,28379.7,28360.8,28372.4"
2026-05-06T16:50:00.000+07:00,"28372.2,28389.6,28362.6,28385"
2026-05-06T16:55:00.000+07:00,"28385.1,28394.9,28383.8,28385.9"
2026-05-06T17:00:00.000+07:00,"28385.8,28418.4,28383.6,28402.7"
2026-05-06T17:05:00.000+07:00,"28402.9,28405.6,28382.6,28391.4"
2026-05-06T17:10:00.000+07:00,"28391.3,28402,28385.9,28391.9"
2026-05-06T17:15:00.000+07:00,"28391.7,28426.7,28387.4,28423.2"
2026-05-06T17:20:00.000+07:00,"28423.1,28431.6,28417.4,28419.3"
2026-05-06T17:25:00.000+07:00,"28419.6,28437.3,28415.9,28433"
2026-05-06T17:30:00.000+07:00,"28433.5,28452,28430.4,28444.7"
2026-05-06T17:35:00.000+07:00,"28445.1,28451.9,28439,28446.6"
2026-05-06T17:40:00.000+07:00,"28446.9,28471.6,28446.5,28465.1"
2026-05-06T17:45:00.000+07:00,"28464.8,28481.4,28442.4,28454.7"
2026-05-06T17:50:00.000+07:00,"28455.2,28493.6,28446.2,28481.3"
2026-05-06T17:55:00.000+07:00,"28482,28487.8,28463.2,28464.3"
2026-05-06T18:00:00.000+07:00,"28464.1,28497.5,28456.5,28492"
2026-05-06T18:05:00.000+07:00,"28491.9,28509.1,28490.1,28502.6"
2026-05-06T18:10:00.000+07:00,"28502.5,28514,28482.9,28499.4"
2026-05-06T18:15:00.000+07:00,"28499.1,28512,28496,28499.4"
2026-05-06T18:20:00.000+07:00,"28499.5,28500.9,28476.4,28484"
2026-05-06T18:25:00.000+07:00,"28484.1,28487.1,28467.2,28475.8"
2026-05-06T18:30:00.000+07:00,"28475.9,28479.7,28454.6,28466.1"
2026-05-06T18:35:00.000+07:00,"28466.2,28489.4,28465.1,28483.8"
2026-05-06T18:40:00.000+07:00,"28484.3,28486.3,28426.4,28429"
2026-05-06T18:45:00.000+07:00,"28429.2,28439.2,28410,28412.8"
2026-05-06T18:50:00.000+07:00,"28413,28436.1,28408.2,28430.9"
2026-05-06T18:55:00.000+07:00,"28430.7,28432.5,28396.9,28418.2"
2026-05-06T19:00:00.000+07:00,"28419.4,28420.8,28372.7,28381.9"
2026-05-06T19:05:00.000+07:00,"28380.6,28388.9,28350.2,28373.1"
2026-05-06T19:10:00.000+07:00,"28372.9,28395.2,28327.2,28334.5"
2026-05-06T19:15:00.000+07:00,"28333.6,28362.9,28309.2,28360.8"
2026-05-06T19:20:00.000+07:00,"28360.4,28393.6,28359.6,28381"
2026-05-06T19:25:00.000+07:00,"28381.4,28388.8,28368,28377.7"
2026-05-06T19:30:00.000+07:00,"28377.6,28385.7,28347.4,28355.7"
2026-05-06T19:35:00.000+07:00,"28355.5,28361.8,28337.8,28349.1"
2026-05-06T19:40:00.000+07:00,"28348.6,28349,28321.5,28329.8"
2026-05-06T19:45:00.000+07:00,"28329.9,28354.6,28322.6,28329.2"
2026-05-06T19:50:00.000+07:00,"28328.2,28344.8,28314.2,28318.2"
2026-05-06T19:55:00.000+07:00,"28318.3,28346.7,28311.5,28339.3"
2026-05-06T20:00:00.000+07:00,"28339.1,28339.4,28301.1,28314.9"
2026-05-06T20:05:00.000+07:00,"28312.6,28321.6,28271.7,28286"
2026-05-06T20:10:00.000+07:00,"28285.9,28310,28280.4,28303.5"
2026-05-06T20:15:00.000+07:00,"28303.2,28318.3,28278.4,28280"
2026-05-06T20:20:00.000+07:00,"28280.7,28291.1,28256,28268.6"
2026-05-06T20:25:00.000+07:00,"28268.2,28286.3,28255.3,28270.5"
2026-05-06T20:30:00.000+07:00,"28270.05,28327.3,28216.9,28324.1"
2026-05-06T20:35:00.000+07:00,"28323.7,28338.7,28277.5,28309.7"
2026-05-06T20:40:00.000+07:00,"28309.4,28362.3,28304.4,28362.2"
2026-05-06T20:45:00.000+07:00,"28362,28381.5,28336.4,28348.6"
2026-05-06T20:50:00.000+07:00,"28348.7,28384.5,28299.8,28374.9"
2026-05-06T20:55:00.000+07:00,"28374.7,28385.6,28345.1,28349.1"
2026-05-06T21:00:00.000+07:00,"28348.7,28361.8,28294.3,28300"
2026-05-06T21:05:00.000+07:00,"28299.5,28357.5,28266,28353.9"
2026-05-06T21:10:00.000+07:00,"28353.2,28376.1,28341,28350.6"
2026-05-06T21:15:00.000+07:00,"28350.4,28366.9,28283.8,28291.6"
2026-05-06T21:20:00.000+07:00,"28290.8,28320.5,28286.1,28313.6"
2026-05-06T21:25:00.000+07:00,"28313.8,28345.4,28292.1,28297.1"
2026-05-06T21:30:00.000+07:00,"28296.6,28364.2,28295.2,28362.2"
2026-05-06T21:35:00.000+07:00,"28362.8,28380.3,28352.6,28376.7"
2026-05-06T21:40:00.000+07:00,"28377.2,28405.1,28376.5,28400.7"
2026-05-06T21:45:00.000+07:00,"28400.6,28419.9,28397.8,28415.4"
2026-05-06T21:50:00.000+07:00,"28415.7,28425.2,28405.8,28419.7"
2026-05-06T21:55:00.000+07:00,"28419.6,28429.9,28404.4,28416.5"
2026-05-06T22:00:00.000+07:00,"28418.9,28433.1,28413.6,28431.4"
2026-05-06T22:05:00.000+07:00,"28431.5,28440.7,28419,28421.4"
2026-05-06T22:10:00.000+07:00,"28420.1,28433.3,28398.6,28416.1"
2026-05-06T22:15:00.000+07:00,"28416.2,28456.3,28412.3,28453.9"
2026-05-06T22:20:00.000+07:00,"28453.6,28461.5,28446.8,28455.1"
2026-05-06T22:25:00.000+07:00,"28455.4,28463.5,28453.6,28459.9"
2026-05-06T22:30:00.000+07:00,"28460.8,28468.4,28453.5,28458.3"
2026-05-06T22:35:00.000+07:00,"28458.5,28463.2,28431.2,28437.7"
2026-05-06T22:40:00.000+07:00,"28437.3,28455.3,28410.9,28437.8"
2026-05-06T22:45:00.000+07:00,"28437.1,28456.7,28430,28439.5"
2026-05-06T22:50:00.000+07:00,"28438.5,28452.1,28428.3,28448.3"
2026-05-06T22:55:00.000+07:00,"28448.2,28454.8,28433.2,28439.6"
2026-05-06T23:00:00.000+07:00,"28441.5,28460.6,28435.7,28454.6"
2026-05-06T23:05:00.000+07:00,"28454.4,28461.2,28448.9,28455.5"
2026-05-06T23:10:00.000+07:00,"28455.6,28483.5,28455.5,28478.3"
2026-05-06T23:15:00.000+07:00,"28478.4,28479.2,28452.4,28453.1"
2026-05-06T23:20:00.000+07:00,"28450.8,28460.5,28446.3,28455.9"
2026-05-06T23:25:00.000+07:00,"28456.1,28467,28449.9,28453.3"
2026-05-06T23:30:00.000+07:00,"28452.3,28459.1,28447.8,28450.1"
2026-05-06T23:35:00.000+07:00,"28449.9,28455.2,28432.6,28451.8"
2026-05-06T23:40:00.000+07:00,"28452.1,28465.3,28448.9,28448.9"
2026-05-06T23:45:00.000+07:00,"28449.3,28452.1,28416,28428.1"
2026-05-06T23:50:00.000+07:00,"28426.3,28437,28405,28407.8"
2026-05-06T23:55:00.000+07:00,"28407.6,28427.3,28392.6,28418.7"
2026-05-07T00:00:00.000+07:00,"28419.3,28439.7,28408,28437.1"
2026-05-07T00:05:00.000+07:00,"28437.3,28448.6,28434.5,28441.2"
2026-05-07T00:10:00.000+07:00,"28441.4,28466,28441.4,28460.3"
2026-05-07T00:15:00.000+07:00,"28459.8,28466.8,28449.5,28463"
2026-05-07T00:20:00.000+07:00,"28462.3,28472.9,28459.3,28462.4"
2026-05-07T00:25:00.000+07:00,"28462.3,28470.9,28457.5,28464.7"
2026-05-07T00:30:00.000+07:00,"28463.3,28475,28461.1,28468.7"
2026-05-07T00:35:00.000+07:00,"28468.5,28490.4,28465,28472.2"
2026-05-07T00:40:00.000+07:00,"28472,28487.8,28465.2,28485.6"
2026-05-07T00:45:00.000+07:00,"28485.4,28489.3,28469.5,28473.2"
2026-05-07T00:50:00.000+07:00,"28473.1,28481.3,28467.2,28475.2"
2026-05-07T00:55:00.000+07:00,"28475.7,28483.8,28470.7,28479"
2026-05-07T01:00:00.000+07:00,"28479.1,28485.1,28471.7,28474.9"
2026-05-07T01:05:00.000+07:00,"28475,28497.6,28474.5,28495.6"
2026-05-07T01:10:00.000+07:00,"28495.8,28503.4,28488.7,28499.6"
2026-05-07T01:15:00.000+07:00,"28499.8,28520,28499.7,28508"
2026-05-07T01:20:00.000+07:00,"28506.9,28514.6,28503.1,28506.7"
2026-05-07T01:25:00.000+07:00,"28506.6,28515.4,28501.8,28512.1"
2026-05-07T01:30:00.000+07:00,"28513.3,28528.1,28504.7,28527"
2026-05-07T01:35:00.000+07:00,"28527.1,28545.2,28526.3,28535.8"
2026-05-07T01:40:00.000+07:00,"28535.5,28540.9,28528.1,28529.3"
2026-05-07T01:45:00.000+07:00,"28529.1,28536.3,28516.1,28517.1"
2026-05-07T01:50:00.000+07:00,"28514.9,28529.4,28510.7,28524"
2026-05-07T01:55:00.000+07:00,"28523.9,28528.6,28516.1,28516.5"
2026-05-07T02:00:00.000+07:00,"28517,28533,28514.8,28524.9"
2026-05-07T02:05:00.000+07:00,"28524.8,28546.5,28521.1,28540.1"
2026-05-07T02:10:00.000+07:00,"28540.2,28557.7,28538.9,28553.7"
2026-05-07T02:15:00.000+07:00,"28553.8,28563,28549.8,28555.4"
2026-05-07T02:20:00.000+07:00,"28557.2,28573.8,28554.2,28564"
2026-05-07T02:25:00.000+07:00,"28564.3,28579.4,28560.8,28573.8"
2026-05-07T02:30:00.000+07:00,"28573.1,28573.1,28546.1,28550.4"
2026-05-07T02:35:00.000+07:00,"28550.3,28568,28548,28565"
2026-05-07T02:40:00.000+07:00,"28565.7,28570.6,28548.1,28548.8"
2026-05-07T02:45:00.000+07:00,"28548.9,28560.3,28546.6,28549.1"
2026-05-07T02:50:00.000+07:00,"28550.1,28582.9,28549.4,28575.6"
2026-05-07T02:55:00.000+07:00,"28575.4,28605.4,28575,28591.5"
2026-05-07T03:00:00.000+07:00,"28593.4,28614.1,28583.7,28594.7"
2026-05-07T03:05:00.000+07:00,"28598,28641.9,28598,28641.2"
2026-05-07T03:10:00.000+07:00,"28641.4,28682.6,28625.8,28674"
2026-05-07T03:15:00.000+07:00,"28673.7,28679.8,28666,28672.8"
2026-05-07T03:20:00.000+07:00,"28672.9,28679.5,28652.5,28658.1"
2026-05-07T03:25:00.000+07:00,"28658.2,28672.3,28650.9,28660.9"
2026-05-07T03:30:00.000+07:00,"28659.7,28661.7,28619.8,28625.7"
2026-05-07T03:35:00.000+07:00,"28625.2,28631.5,28607.2,28611"
2026-05-07T03:40:00.000+07:00,"28610.5,28619.9,28606,28607.3"
2026-05-07T03:45:00.000+07:00,"28607.8,28610.3,28587.8,28595"
2026-05-07T03:50:00.000+07:00,"28595.2,28597.9,28581.2,28582.2"
2026-05-07T03:55:00.000+07:00,"28581.7,28601,28576.9,28596.2"
2026-05-07T04:00:00.000+07:00,"28600.9,28611.8,28597,28611.5"
2026-05-07T04:05:00.000+07:00,"28611.3,28637.2,28611.3,28631.4"
2026-05-07T04:10:00.000+07:00,"28630.4,28631.1,28625,28625.1"
2026-05-07T04:15:00.000+07:00,"28624.9,28627.1,28614,28621.2"
2026-05-07T04:20:00.000+07:00,"28620.2,28623.7,28616.4,28617"
2026-05-07T04:25:00.000+07:00,"28618.9,28621.1,28603.7,28608.6"
2026-05-07T04:30:00.000+07:00,"28608.5,28608.5,28586.3,28588.2"
2026-05-07T04:35:00.000+07:00,"28587.7,28590.8,28568.7,28568.7"
2026-05-07T04:40:00.000+07:00,"28569.1,28569.3,28542.5,28547.1"
2026-05-07T04:45:00.000+07:00,"28547.2,28559.1,28542.6,28555.2"
2026-05-07T04:50:00.000+07:00,"28555,28555,28539.3,28544.4"
2026-05-07T04:55:00.000+07:00,"28544.3,28549.1,28541.5,28543.5"
2026-05-07T05:00:00.000+07:00,"28549.8,28582,28538.9,28562.4"
2026-05-07T05:05:00.000+07:00,"28562.2,28566.6,28554.4,28564.5"
2026-05-07T05:10:00.000+07:00,"28564.3,28574.1,28561,28566.7"
2026-05-07T05:15:00.000+07:00,"28566.6,28575.5,28564.3,28573.4"
2026-05-07T05:20:00.000+07:00,"28573.1,28578.9,28548.4,28557.2"
2026-05-07T05:25:00.000+07:00,"28556.9,28565.5,28538.3,28541.5"
2026-05-07T05:30:00.000+07:00,"28541.9,28556.3,28536,28554.3"
2026-05-07T05:35:00.000+07:00,"28554,28558.5,28545.8,28546.1"
2026-05-07T05:40:00.000+07:00,"28546.2,28556.8,28544.9,28554.6"
2026-05-07T05:45:00.000+07:00,"28554.7,28563.4,28551.4,28563.1"
2026-05-07T05:50:00.000+07:00,"28563.2,28567.2,28556.9,28560.6"
2026-05-07T05:55:00.000+07:00,"28560.5,28561.8,28554.8,28561.8"
2026-05-07T06:00:00.000+07:00,"28561.6,28566.1,28555,28563.5"
2026-05-07T06:05:00.000+07:00,"28563.6,28570.2,28558.2,28567"
2026-05-07T06:10:00.000+07:00,"28567.2,28576.5,28567.2,28568.7"
2026-05-07T06:15:00.000+07:00,"28569.2,28575.7,28561.4,28574.7"
2026-05-07T06:20:00.000+07:00,"28575.1,28577.1,28570.8,28571.2"
2026-05-07T06:25:00.000+07:00,"28570.4,28571.9,28555.8,28560.2"
2026-05-07T06:30:00.000+07:00,"28560.1,28566.6,28552.7,28563.1"
2026-05-07T06:35:00.000+07:00,"28563,28565.5,28557.4,28558.5"
2026-05-07T06:40:00.000+07:00,"28558.4,28566.6,28555.2,28558"
2026-05-07T06:45:00.000+07:00,"28558.1,28571.2,28538.9,28549.9"
2026-05-07T06:50:00.000+07:00,"28550,28561.5,28543.4,28559.9"
2026-05-07T06:55:00.000+07:00,"28559.5,28561.3,28551.2,28555.8"
2026-05-07T07:00:00.000+07:00,"28556,28577.6,28552.9,28561.3"
2026-05-07T07:05:00.000+07:00,"28561.6,28574.3,28543.6,28555.7"
2026-05-07T07:10:00.000+07:00,"28555.6,28575.6,28554.7,28562.8"
2026-05-07T07:15:00.000+07:00,"28562.7,28568.3,28540.4,28541"
2026-05-07T07:20:00.000+07:00,"28540.9,28547.7,28532.6,28535.9"
2026-05-07T07:25:00.000+07:00,"28535.8,28540.3,28526.9,28532.6"
2026-05-07T07:30:00.000+07:00,"28532.8,28536.4,28524,28534.1"
2026-05-07T07:35:00.000+07:00,"28534.3,28542.6,28531.4,28540"
2026-05-07T07:40:00.000+07:00,"28540.1,28541.4,28520.5,28537.3"
2026-05-07T07:45:00.000+07:00,"28537.4,28550.3,28533.2,28543.6"
2026-05-07T07:50:00.000+07:00,"28543.7,28547.8,28539.1,28540.3"
2026-05-07T07:55:00.000+07:00,"28540.2,28550.7,28537.8,28547"
2026-05-07T08:00:00.000+07:00,"28546.9,28549.2,28523.2,28527.2"
2026-05-07T08:05:00.000+07:00,"28527.3,28536,28524.2,28527.8"
2026-05-07T08:10:00.000+07:00,"28527.9,28547,28525.4,28542.6"
2026-05-07T08:15:00.000+07:00,"28542.4,28555.3,28540.9,28554.3"
2026-05-07T08:20:00.000+07:00,"28554.4,28557.3,28549.8,28555.2"
2026-05-07T08:25:00.000+07:00,"28555.4,28559,28546.8,28555.7"
2026-05-07T08:30:00.000+07:00,"28555.8,28557.6,28551.5,28552.5"
2026-05-07T08:35:00.000+07:00,"28552.6,28570.6,28552.4,28570.1"
2026-05-07T08:40:00.000+07:00,"28569.9,28576.4,28563.4,28572.9"
2026-05-07T08:45:00.000+07:00,"28572.7,28592.7,28571.5,28592.2"
2026-05-07T08:50:00.000+07:00,"28592.1,28602,28585.4,28590.1"
2026-05-07T08:55:00.000+07:00,"28590.2,28594.3,28578.7,28584"
2026-05-07T09:00:00.000+07:00,"28584.3,28592.5,28577.4,28578.4"
2026-05-07T09:05:00.000+07:00,"28578.5,28586.9,28572.4,28573"
2026-05-07T09:10:00.000+07:00,"28573.2,28575.7,28538.1,28540.5"
2026-05-07T09:15:00.000+07:00,"28540.6,28552.2,28537.8,28549.3"
2026-05-07T09:20:00.000+07:00,"28548.7,28554.4,28541.3,28553.1"
2026-05-07T09:25:00.000+07:00,"28553.2,28571.4,28553.2,28571.1"
2026-05-07T09:30:00.000+07:00,"28570.8,28576.2,28552,28567.3"
2026-05-07T09:35:00.000+07:00,"28567.4,28569.4,28557.8,28559"
2026-05-07T09:40:00.000+07:00,"28559.1,28562.6,28553.5,28558.4"
2026-05-07T09:45:00.000+07:00,"28558.1,28568.1,28557.9,28567.7"
2026-05-07T09:50:00.000+07:00,"28567.5,28571.5,28560.4,28570.1"
2026-05-07T09:55:00.000+07:00,"28569.9,28574.4,28566.2,28570.7"
2026-05-07T10:00:00.000+07:00,"28571.4,28572.7,28558.8,28566.7"
2026-05-07T10:05:00.000+07:00,"28566.8,28573.4,28564.2,28570.4"
2026-05-07T10:10:00.000+07:00,"28570.6,28571.5,28560.6,28564.3"
2026-05-07T10:15:00.000+07:00,"28564.4,28579.3,28563.7,28579.1"
2026-05-07T10:20:00.000+07:00,"28579.2,28579.3,28558.9,28565.2"
2026-05-07T10:25:00.000+07:00,"28565.4,28579.6,28563.2,28571.8"
2026-05-07T10:30:00.000+07:00,"28572,28579.4,28570.2,28578.2"
2026-05-07T10:35:00.000+07:00,"28578.4,28579,28573.7,28574.5"
2026-05-07T10:40:00.000+07:00,"28574.6,28582.7,28574.1,28582.4"
2026-05-07T10:45:00.000+07:00,"28582.2,28583.9,28578.2,28579.9"
2026-05-07T10:50:00.000+07:00,"28580.1,28588.3,28575.5,28587.7"
2026-05-07T10:55:00.000+07:00,"28587.6,28588.3,28573,28575.9"
2026-05-07T11:00:00.000+07:00,"28576,28579.4,28569.2,28575.9"
2026-05-07T11:05:00.000+07:00,"28575.8,28580.5,28572.8,28577.9"
2026-05-07T11:10:00.000+07:00,"28578,28591.5,28578,28586.3"
2026-05-07T11:15:00.000+07:00,"28586.2,28595.6,28584.4,28594.5"
2026-05-07T11:20:00.000+07:00,"28594.6,28596.1,28588,28594.1"
2026-05-07T11:25:00.000+07:00,"28594.2,28598.7,28589.3,28590.5"
2026-05-07T11:30:00.000+07:00,"28590.4,28598.2,28586.7,28588.9"
2026-05-07T11:35:00.000+07:00,"28588.4,28590.2,28581.7,28585.7"
2026-05-07T11:40:00.000+07:00,"28585.6,28590.5,28585.4,28588.7"
2026-05-07T11:45:00.000+07:00,"28588.8,28598.5,28585.2,28593.3"
2026-05-07T11:50:00.000+07:00,"28593.2,28594.1,28586.2,28592.4"
2026-05-07T11:55:00.000+07:00,"28592.2,28594.9,28587.1,28588"
2026-05-07T12:00:00.000+07:00,"28588.1,28599,28587.8,28594.7"
2026-05-07T12:05:00.000+07:00,"28594.5,28594.7,28579.1,28580.8"
2026-05-07T12:10:00.000+07:00,"28581,28598,28579.9,28597"
2026-05-07T12:15:00.000+07:00,"28596.9,28600.6,28588.8,28590.3"
2026-05-07T12:20:00.000+07:00,"28590.1,28590.1,28584.1,28589"
2026-05-07T12:25:00.000+07:00,"28589.2,28589.8,28586.3,28589.2"
2026-05-07T12:30:00.000+07:00,"28589.3,28599.4,28589.2,28593.5"
2026-05-07T12:35:00.000+07:00,"28593.6,28606.4,28592.2,28604"
2026-05-07T12:40:00.000+07:00,"28604.2,28613,28603.6,28610"
2026-05-07T12:45:00.000+07:00,"28610.3,28613.9,28602.1,28603.6"
2026-05-07T12:50:00.000+07:00,"28603.3,28612.3,28599.3,28602"
2026-05-07T12:55:00.000+07:00,"28602.1,28611.6,28599.7,28605.7"
2026-05-07T13:00:00.000+07:00,"28604.4,28615.6,28599.6,28601.1"
2026-05-07T13:05:00.000+07:00,"28601.2,28603.4,28582.6,28592.5"
2026-05-07T13:10:00.000+07:00,"28592.1,28594.6,28580.7,28581.4"
2026-05-07T13:15:00.000+07:00,"28581.3,28596.5,28578.1,28596.3"
2026-05-07T13:20:00.000+07:00,"28596.2,28603.6,28590.7,28601.8"
2026-05-07T13:25:00.000+07:00,"28601.9,28609.2,28594.6,28595.9"
2026-05-07T13:30:00.000+07:00,"28596.3,28609.3,28594,28608.5"
2026-05-07T13:35:00.000+07:00,"28608.4,28613.5,28605.3,28608.7"
2026-05-07T13:40:00.000+07:00,"28608.6,28634,28605.7,28627.8"
2026-05-07T13:45:00.000+07:00,"28628.2,28628.9,28598.5,28600.3"
2026-05-07T13:50:00.000+07:00,"28600.1,28621.6,28600.1,28616.4"
2026-05-07T13:55:00.000+07:00,"28616.8,28627,28613.1,28623.6"
2026-05-07T14:00:00.000+07:00,"28623.3,28628,28611.7,28623.1"
2026-05-07T14:05:00.000+07:00,"28624.1,28659.8,28617.6,28653.8"
2026-05-07T14:10:00.000+07:00,"28653.9,28684.5,28647.5,28682.4"
2026-05-07T14:15:00.000+07:00,"28682,28688.7,28637.7,28644.3"
2026-05-07T14:20:00.000+07:00,"28644.2,28658.3,28642.5,28652.3"
2026-05-07T14:25:00.000+07:00,"28652.1,28659,28645.2,28656.1"
2026-05-07T14:30:00.000+07:00,"28656.4,28675.8,28651.1,28672.6"
2026-05-07T14:35:00.000+07:00,"28672.9,28678.3,28668.2,28678"
2026-05-07T14:40:00.000+07:00,"28677.5,28682.7,28669.6,28675.1"
2026-05-07T14:45:00.000+07:00,"28675.2,28676.6,28651.1,28657.4"
2026-05-07T14:50:00.000+07:00,"28657.3,28668.7,28648.9,28652"
2026-05-07T14:55:00.000+07:00,"28652.6,28670.8,28651.9,28663"
2026-05-07T15:00:00.000+07:00,"28664.8,28699.2,28664.2,28698.2"
2026-05-07T15:05:00.000+07:00,"28697.9,28699.8,28668.4,28675.6"
2026-05-07T15:10:00.000+07:00,"28675.2,28676.6,28647.1,28654.3"
2026-05-07T15:15:00.000+07:00,"28654.1,28657.3,28620.8,28636.5"
2026-05-07T15:20:00.000+07:00,"28636.4,28651.5,28633.5,28648.7"
2026-05-07T15:25:00.000+07:00,"28648.6,28649.8,28620.2,28630.8"
2026-05-07T15:30:00.000+07:00,"28631,28646,28627.8,28629.5"
2026-05-07T15:35:00.000+07:00,"28629.7,28649.7,28627.3,28644.5"
2026-05-07T15:40:00.000+07:00,"28644.6,28644.9,28625.9,28626.5"
2026-05-07T15:45:00.000+07:00,"28626.4,28632.5,28615.8,28619.6"
2026-05-07T15:50:00.000+07:00,"28619.9,28638.9,28618.9,28632.5"
2026-05-07T15:55:00.000+07:00,"28632.4,28634.5,28613.2,28621"
2026-05-07T16:00:00.000+07:00,"28620.6,28628.8,28605.2,28611.5"
2026-05-07T16:05:00.000+07:00,"28611.7,28619.3,28596.3,28615.6"
2026-05-07T16:10:00.000+07:00,"28615.8,28624.8,28610.3,28616.7"
2026-05-07T16:15:00.000+07:00,"28616.9,28636.8,28615.2,28635.4"
2026-05-07T16:20:00.000+07:00,"28635.2,28648.6,28631.8,28632.9"
2026-05-07T16:25:00.000+07:00,"28632.5,28634.4,28622.5,28632"
2026-05-07T16:30:00.000+07:00,"28631.6,28640.2,28625.5,28634"
2026-05-07T16:35:00.000+07:00,"28634.2,28640.8,28626.1,28628.2"
2026-05-07T16:40:00.000+07:00,"28627.7,28637.9,28624.5,28627.5"
2026-05-07T16:45:00.000+07:00,"28627.6,28647.3,28625.2,28643"
2026-05-07T16:50:00.000+07:00,"28643.1,28646.1,28611.2,28616.1"
2026-05-07T16:55:00.000+07:00,"28616.3,28616.6,28605.8,28616.1"
2026-05-07T17:00:00.000+07:00,"28616.2,28621.5,28596.9,28599.3"
2026-05-07T17:05:00.000+07:00,"28599.2,28606.2,28591,28593.7"
2026-05-07T17:10:00.000+07:00,"28593.6,28608.6,28577.5,28600.9"
2026-05-07T17:15:00.000+07:00,"28601,28604.2,28589.9,28590.5"
2026-05-07T17:20:00.000+07:00,"28590.3,28616.4,28587.9,28610.9"
2026-05-07T17:25:00.000+07:00,"28611,28614.2,28597.4,28608.8"
2026-05-07T17:30:00.000+07:00,"28608.9,28616.7,28603.2,28609.2"
2026-05-07T17:35:00.000+07:00,"28609.1,28620.8,28604.3,28619.7"
2026-05-07T17:40:00.000+07:00,"28620.5,28628.3,28617.4,28625.6"
2026-05-07T17:45:00.000+07:00,"28625.4,28627.3,28618.3,28623.4"
2026-05-07T17:50:00.000+07:00,"28623.3,28628.6,28616.1,28617"
2026-05-07T17:55:00.000+07:00,"28616.9,28620.8,28610,28611.5"
2026-05-07T18:00:00.000+07:00,"28611.4,28636.6,28611.3,28626.5"
2026-05-07T18:05:00.000+07:00,"28626.3,28635.4,28618.6,28625.5"
2026-05-07T18:10:00.000+07:00,"28625.3,28626.4,28605.7,28606.9"
2026-05-07T18:15:00.000+07:00,"28606.7,28612.7,28594.3,28607"
2026-05-07T18:20:00.000+07:00,"28607.1,28620.2,28599.3,28617"
2026-05-07T18:25:00.000+07:00,"28617.1,28617.2,28596.5,28599.2"
2026-05-07T18:30:00.000+07:00,"28599.4,28605.4,28588.7,28603.1"
2026-05-07T18:35:00.000+07:00,"28603.2,28621.5,28603.2,28614.6"
2026-05-07T18:40:00.000+07:00,"28614.8,28625.4,28613.7,28617"
2026-05-07T18:45:00.000+07:00,"28616.5,28620.6,28595.5,28603.3"
2026-05-07T18:50:00.000+07:00,"28603.4,28614.9,28599.8,28613.1"
2026-05-07T18:55:00.000+07:00,"28612.9,28623.7,28612.3,28616.7"
2026-05-07T19:00:00.000+07:00,"28615.1,28615.2,28602.4,28608.8"
2026-05-07T19:05:00.000+07:00,"28608.6,28620.6,28601.6,28619"
2026-05-07T19:10:00.000+07:00,"28618.9,28630.4,28617.4,28624.9"
2026-05-07T19:15:00.000+07:00,"28624.7,28628.2,28611.7,28615.2"
2026-05-07T19:20:00.000+07:00,"28615,28623,28603.8,28612.8"
2026-05-07T19:25:00.000+07:00,"28612.7,28627.5,28608.4,28626.4"
2026-05-07T19:30:00.000+07:00,"28626.6,28630,28614.3,28628.2"
2026-05-07T19:35:00.000+07:00,"28628.4,28643.1,28627.9,28642.6"
2026-05-07T19:40:00.000+07:00,"28642.5,28644.7,28627.7,28638.7"
2026-05-07T19:45:00.000+07:00,"28638.6,28645,28632.2,28642.6"
2026-05-07T19:50:00.000+07:00,"28642.7,28644.5,28624.8,28627"
2026-05-07T19:55:00.000+07:00,"28626.9,28639.6,28623.7,28639.2"
2026-05-07T20:00:00.000+07:00,"28639.1,28640.7,28614.8,28624.8"
2026-05-07T20:05:00.000+07:00,"28624.9,28626.6,28611.8,28617.1"
2026-05-07T20:10:00.000+07:00,"28616.8,28629.4,28610.7,28627.1"
2026-05-07T20:15:00.000+07:00,"28626.9,28639.6,28624.6,28637.7"
2026-05-07T20:20:00.000+07:00,"28637.8,28641.3,28631.8,28638.4"
2026-05-07T20:25:00.000+07:00,"28638.2,28648.2,28627.4,28634.8"
2026-05-07T20:30:00.000+07:00,"28633.5,28654.6,28610.1,28645"
2026-05-07T20:35:00.000+07:00,"28644.8,28662.1,28627.7,28656.9"
2026-05-07T20:40:00.000+07:00,"28657.4,28667.1,28619.2,28626.3"
2026-05-07T20:45:00.000+07:00,"28627,28632.3,28592.6,28616"
2026-05-07T20:50:00.000+07:00,"28616.2,28673.3,28610.5,28670.1"
2026-05-07T20:55:00.000+07:00,"28671,28686.3,28655.8,28665.7"
2026-05-07T21:00:00.000+07:00,"28665.9,28693.6,28662.1,28693.1"
2026-05-07T21:05:00.000+07:00,"28693,28721.6,28679.4,28714.7"
2026-05-07T21:10:00.000+07:00,"28714.8,28729.8,28707.3,28718.2"
2026-05-07T21:15:00.000+07:00,"28717.9,28738.9,28705.3,28726.2"
2026-05-07T21:20:00.000+07:00,"28728.6,28784.3,28728.5,28747.9"
2026-05-07T21:25:00.000+07:00,"28748.2,28779.3,28746.7,28757.1"
2026-05-07T21:30:00.000+07:00,"28757.5,28761.4,28742.2,28750.7"
2026-05-07T21:35:00.000+07:00,"28750.5,28787.9,28748.4,28787.1"
2026-05-07T21:40:00.000+07:00,"28788.4,28798.9,28774,28781.7"
2026-05-07T21:45:00.000+07:00,"28782.1,28801.9,28754,28765.2"
2026-05-07T21:50:00.000+07:00,"28765.3,28805.6,28760.7,28803.3"
2026-05-07T21:55:00.000+07:00,"28803.6,28826.7,28800.8,28810.6"
2026-05-07T22:00:00.000+07:00,"28808.5,28810.4,28773.4,28779.1"
2026-05-07T22:05:00.000+07:00,"28779,28779.6,28726.9,28762.6"
2026-05-07T22:10:00.000+07:00,"28764.2,28770.6,28737,28742.9"
2026-05-07T22:15:00.000+07:00,"28742.8,28764.6,28740.8,28749.9"
2026-05-07T22:20:00.000+07:00,"28750.1,28762.5,28731.3,28742.9"
2026-05-07T22:25:00.000+07:00,"28742.8,28756.7,28708.2,28737.3"
2026-05-07T22:30:00.000+07:00,"28737,28774.3,28734.4,28770.9"
2026-05-07T22:35:00.000+07:00,"28771.9,28779.1,28758.6,28764.4"
2026-05-07T22:40:00.000+07:00,"28764.6,28774.9,28747.5,28763.1"
2026-05-07T22:45:00.000+07:00,"28763.2,28770.7,28731.2,28733.6"
2026-05-07T22:50:00.000+07:00,"28733.8,28734.7,28702.6,28719.6"
2026-05-07T22:55:00.000+07:00,"28720,28722.7,28655.8,28668.4"
2026-05-07T23:00:00.000+07:00,"28668.5,28671.5,28634.9,28642.1"
2026-05-07T23:05:00.000+07:00,"28642.2,28642.2,28603,28630.4"
2026-05-07T23:10:00.000+07:00,"28630.8,28631.3,28574.9,28584.2"
2026-05-07T23:15:00.000+07:00,"28584,28584.1,28521.2,28542.1"
2026-05-07T23:20:00.000+07:00,"28541.6,28598.3,28532.4,28594.8"
2026-05-07T23:25:00.000+07:00,"28595.4,28630.7,28593.9,28623.8"
2026-05-07T23:30:00.000+07:00,"28623.6,28658.7,28614.7,28646.1"
2026-05-07T23:35:00.000+07:00,"28646.4,28648.1,28596.5,28600.3"
2026-05-07T23:40:00.000+07:00,"28600.2,28627.5,28589.4,28610.1"
2026-05-07T23:45:00.000+07:00,"28609.9,28618.7,28589.1,28596.4"
2026-05-07T23:50:00.000+07:00,"28596.6,28604.7,28567,28597.8"
2026-05-07T23:55:00.000+07:00,"28597.7,28605.7,28546.1,28580.8"
2026-05-08T00:00:00.000+07:00,"28581.8,28593.1,28562.3,28572.4"
2026-05-08T00:05:00.000+07:00,"28572.2,28596.8,28558.1,28566.8"
2026-05-08T00:10:00.000+07:00,"28567.4,28572.3,28535.9,28552.2"
2026-05-08T00:15:00.000+07:00,"28551.8,28551.8,28501.1,28509.8"
2026-05-08T00:20:00.000+07:00,"28509.4,28564,28494.1,28555.2"
2026-05-08T00:25:00.000+07:00,"28555.3,28577.5,28433.8,28488.6"
2026-05-08T00:30:00.000+07:00,"28488.3,28525.8,28469.9,28515.4"
2026-05-08T00:35:00.000+07:00,"28515.7,28555.4,28502.5,28548.3"
2026-05-08T00:40:00.000+07:00,"28549,28568.8,28518.1,28526.8"
2026-05-08T00:45:00.000+07:00,"28526.7,28533.9,28496.9,28506.6"
2026-05-08T00:50:00.000+07:00,"28507.8,28518.9,28488.1,28508.8"
2026-05-08T00:55:00.000+07:00,"28508.7,28584.1,28506.2,28578.4"
2026-05-08T01:00:00.000+07:00,"28576.8,28583.1,28552.1,28568.6"
2026-05-08T01:05:00.000+07:00,"28568.7,28596.9,28541.5,28550"
2026-05-08T01:10:00.000+07:00,"28552.2,28572.3,28536.1,28559"
2026-05-08T01:15:00.000+07:00,"28559.1,28588.5,28554.8,28569.5"
2026-05-08T01:20:00.000+07:00,"28568.4,28576,28541.9,28545.3"
2026-05-08T01:25:00.000+07:00,"28545.4,28549.6,28524.7,28535.5"
2026-05-08T01:30:00.000+07:00,"28535,28569,28532.2,28564.6"
2026-05-08T01:35:00.000+07:00,"28564.5,28571.7,28526.3,28549"
2026-05-08T01:40:00.000+07:00,"28549.6,28551.7,28476.6,28490.4"
2026-05-08T01:45:00.000+07:00,"28490.8,28512.3,28465.7,28481.7"
2026-05-08T01:50:00.000+07:00,"28481.6,28500.9,28464.7,28489.3"
2026-05-08T01:55:00.000+07:00,"28489.6,28529.2,28474.9,28525.3"
2026-05-08T02:00:00.000+07:00,"28524.3,28532.5,28501.6,28511"
2026-05-08T02:05:00.000+07:00,"28511.1,28522.7,28497.5,28505.6"
2026-05-08T02:10:00.000+07:00,"28505.4,28543.2,28499.9,28532.8"
2026-05-08T02:15:00.000+07:00,"28532.5,28537.9,28485.9,28498.5"
2026-05-08T02:20:00.000+07:00,"28498,28504.6,28475.4,28479.9"
2026-05-08T02:25:00.000+07:00,"28479.6,28505.7,28466.4,28492"
2026-05-08T02:30:00.000+07:00,"28491.8,28527.9,28488.6,28522.5"
2026-05-08T02:35:00.000+07:00,"28522.7,28557.5,28519.4,28554"
2026-05-08T02:40:00.000+07:00,"28554.7,28565.7,28543.8,28560.3"
2026-05-08T02:45:00.000+07:00,"28559,28568,28543.1,28554.6"
2026-05-08T02:50:00.000+07:00,"28555.6,28590.1,28533.3,28542.2"
2026-05-08T02:55:00.000+07:00,"28542.4,28571.9,28538.5,28565.7"
2026-05-08T03:00:00.000+07:00,"28566,28645,28531.4,28624.4"
2026-05-08T03:05:00.000+07:00,"28624.1,28627.2,28582.6,28587.3"
2026-05-08T03:10:00.000+07:00,"28589.3,28595.2,28580.6,28590.2"
2026-05-08T03:15:00.000+07:00,"28595,28605,28582.1,28587"
2026-05-08T03:20:00.000+07:00,"28586.8,28602.1,28586.5,28594.5"
2026-05-08T03:25:00.000+07:00,"28594.3,28602.1,28587.8,28588.5"
2026-05-08T03:30:00.000+07:00,"28589,28597.3,28575.4,28589.2"
2026-05-08T03:35:00.000+07:00,"28589,28594.4,28518.3,28522.1"
2026-05-08T03:40:00.000+07:00,"28521.3,28559.5,28515.5,28553.6"
2026-05-08T03:45:00.000+07:00,"28552.9,28565.9,28529.2,28539.6"
2026-05-08T03:50:00.000+07:00,"28539.9,28546.4,28524.2,28528.8"
2026-05-08T03:55:00.000+07:00,"28529,28537.1,28511.9,28523.8"
2026-05-08T04:00:00.000+07:00,"28524.4,28532.9,28522.4,28526.7"
2026-05-08T04:05:00.000+07:00,"28526.6,28527.1,28518.3,28522.6"
2026-05-08T04:10:00.000+07:00,"28522.8,28530.8,28522,28528.1"
2026-05-08T04:15:00.000+07:00,"28528.2,28529.4,28525.2,28525.8"
2026-05-08T04:20:00.000+07:00,"28525.6,28526.6,28516.9,28519.3"
2026-05-08T04:25:00.000+07:00,"28518.9,28528.6,28518.9,28527.1"
2026-05-08T04:30:00.000+07:00,"28527,28527,28504.4,28504.4"
2026-05-08T04:35:00.000+07:00,"28502.4,28511,28502.4,28504"
2026-05-08T04:40:00.000+07:00,"28502.5,28502.5,28484.7,28485.3"
2026-05-08T04:45:00.000+07:00,"28485.5,28485.5,28450.3,28453.6"
2026-05-08T04:50:00.000+07:00,"28450,28450.8,28419.9,28420.7"
2026-05-08T04:55:00.000+07:00,"28420.5,28438.9,28404.1,28429.6"
2026-05-08T05:00:00.000+07:00,"28454.6,28502.5,28430.9,28496.1"
2026-05-08T05:05:00.000+07:00,"28495.9,28503,28489.4,28494.6"
2026-05-08T05:10:00.000+07:00,"28494.8,28528.5,28488.9,28512.3"
2026-05-08T05:15:00.000+07:00,"28512.1,28552.4,28503.3,28527.9"
2026-05-08T05:20:00.000+07:00,"28528.1,28555.6,28526.5,28554.1"
2026-05-08T05:25:00.000+07:00,"28554,28555.7,28542.3,28546.2"
2026-05-08T05:30:00.000+07:00,"28546.3,28549.1,28496.6,28509.4"
2026-05-08T05:35:00.000+07:00,"28509.5,28524.7,28500.1,28513.6"
2026-05-08T05:40:00.000+07:00,"28513.7,28516.1,28502.4,28510.1"
2026-05-08T05:45:00.000+07:00,"28510.2,28514.3,28502.3,28506.2"
2026-05-08T05:50:00.000+07:00,"28505.6,28506.9,28494.4,28494.9"
2026-05-08T05:55:00.000+07:00,"28494.4,28503.6,28489.7,28500.3"
2026-05-08T06:00:00.000+07:00,"28500.4,28514,28494.5,28507.3"
2026-05-08T06:05:00.000+07:00,"28507.2,28516.8,28503.6,28516.1"
2026-05-08T06:10:00.000+07:00,"28516.2,28525.9,28512.7,28514.1"
2026-05-08T06:15:00.000+07:00,"28514.6,28518.3,28511.7,28513.1"
2026-05-08T06:20:00.000+07:00,"28513.6,28528.5,28513.5,28523.1"
2026-05-08T06:25:00.000+07:00,"28523.2,28536.2,28523.2,28530.6"
2026-05-08T06:30:00.000+07:00,"28530.5,28535.1,28525.2,28527.8"
2026-05-08T06:35:00.000+07:00,"28528.8,28530.7,28524.6,28528.5"
2026-05-08T06:40:00.000+07:00,"28528.1,28541.5,28526,28540.7"
2026-05-08T06:45:00.000+07:00,"28541.5,28546.7,28531.4,28544.7"
2026-05-08T06:50:00.000+07:00,"28544.5,28557.8,28544.1,28554"
2026-05-08T06:55:00.000+07:00,"28553.9,28566.1,28551.2,28564.5"
2026-05-08T07:00:00.000+07:00,"28564.9,28586.7,28564.9,28579.7"
2026-05-08T07:05:00.000+07:00,"28580.6,28618.6,28579.9,28607"
2026-05-08T07:10:00.000+07:00,"28607.1,28612.2,28592.5,28604.6"
2026-05-08T07:15:00.000+07:00,"28604.5,28608.6,28584.9,28590.7"
2026-05-08T07:20:00.000+07:00,"28591.1,28608.4,28583.3,28605.4"
2026-05-08T07:25:00.000+07:00,"28605.3,28612.5,28592.2,28598.6"
2026-05-08T07:30:00.000+07:00,"28598.5,28613.1,28596.5,28610.7"
2026-05-08T07:35:00.000+07:00,"28610.9,28622,28606.1,28614.5"
2026-05-08T07:40:00.000+07:00,"28614.4,28629.2,28613.2,28621.6"
2026-05-08T07:45:00.000+07:00,"28621.8,28625.2,28602.1,28606.6"
2026-05-08T07:50:00.000+07:00,"28605.8,28615.8,28604.1,28611.6"
2026-05-08T07:55:00.000+07:00,"28611.8,28635.1,28611.1,28632.8"
2026-05-08T08:00:00.000+07:00,"28632.7,28646.2,28632.3,28638.7"
2026-05-08T08:05:00.000+07:00,"28638.8,28656.8,28637.3,28647"
2026-05-08T08:10:00.000+07:00,"28646.7,28656.1,28642,28655.2"
2026-05-08T08:15:00.000+07:00,"28655.1,28655.3,28642.3,28652.8"
2026-05-08T08:20:00.000+07:00,"28652.7,28667.8,28652.3,28662.6"
2026-05-08T08:25:00.000+07:00,"28662.7,28667,28657.6,28658"
2026-05-08T08:30:00.000+07:00,"28659,28661.1,28651.9,28659.8"
2026-05-08T08:35:00.000+07:00,"28659.4,28663.6,28650.2,28659.9"
2026-05-08T08:40:00.000+07:00,"28660.1,28660.8,28650.6,28655"
2026-05-08T08:45:00.000+07:00,"28655.1,28666.5,28651.3,28661.8"
2026-05-08T08:50:00.000+07:00,"28661.7,28663.2,28645.6,28646.8"
2026-05-08T08:55:00.000+07:00,"28646.6,28651.4,28644.9,28646.4"
2026-05-08T09:00:00.000+07:00,"28646.8,28649.9,28636.1,28645.9"
2026-05-08T09:05:00.000+07:00,"28645.6,28651.4,28639.7,28647.1"
2026-05-08T09:10:00.000+07:00,"28647,28647.7,28636.8,28640.6"
2026-05-08T09:15:00.000+07:00,"28640.7,28640.7,28624.3,28625.1"
2026-05-08T09:20:00.000+07:00,"28625,28635.3,28613.7,28629.3"
2026-05-08T09:25:00.000+07:00,"28629.4,28635.6,28622.3,28629.4"
2026-05-08T09:30:00.000+07:00,"28629.7,28640.4,28626,28638.4"
2026-05-08T09:35:00.000+07:00,"28638.6,28640.7,28597.8,28612.1"
2026-05-08T09:40:00.000+07:00,"28611.2,28633.3,28608.6,28624.6"
2026-05-08T09:45:00.000+07:00,"28625,28660.8,28624.9,28657.5"
2026-05-08T09:50:00.000+07:00,"28658.7,28660.5,28640.9,28641.5"
2026-05-08T09:55:00.000+07:00,"28641.8,28648.5,28634.2,28635.5"
2026-05-08T10:00:00.000+07:00,"28635.6,28641.4,28632.6,28636.8"
2026-05-08T10:05:00.000+07:00,"28636.9,28640.3,28629.1,28636.9"
2026-05-08T10:10:00.000+07:00,"28637,28645.6,28635.7,28637.7"
2026-05-08T10:15:00.000+07:00,"28637.4,28641.5,28632.8,28633.3"
2026-05-08T10:20:00.000+07:00,"28633.4,28642.7,28630.7,28642.4"
2026-05-08T10:25:00.000+07:00,"28642.5,28645.1,28637.8,28637.8"
2026-05-08T10:30:00.000+07:00,"28638.1,28657.5,28637.4,28652.3"
2026-05-08T10:35:00.000+07:00,"28652.6,28655.4,28635.8,28640.5"
2026-05-08T10:40:00.000+07:00,"28640.6,28647.2,28636.6,28643.6"
2026-05-08T10:45:00.000+07:00,"28643.3,28648.3,28641.2,28645.8"
2026-05-08T10:50:00.000+07:00,"28645.9,28657.2,28642,28650.6"
2026-05-08T10:55:00.000+07:00,"28650.5,28664.2,28650.2,28660.3"
2026-05-08T11:00:00.000+07:00,"28660.8,28662.2,28651,28659"
2026-05-08T11:05:00.000+07:00,"28658.9,28668.8,28655.2,28668.8"
2026-05-08T11:10:00.000+07:00,"28669,28672.5,28659.5,28660.2"
2026-05-08T11:15:00.000+07:00,"28660,28666.5,28646,28661.1"
2026-05-08T11:20:00.000+07:00,"28660.9,28666.3,28658.3,28663.2"
2026-05-08T11:25:00.000+07:00,"28662.9,28663.7,28652.9,28660.1"
2026-05-08T11:30:00.000+07:00,"28660.2,28664.4,28659.2,28660.5"
2026-05-08T11:35:00.000+07:00,"28660.1,28661.6,28655,28658.3"
2026-05-08T11:40:00.000+07:00,"28658.2,28659.5,28644.2,28650.5"
2026-05-08T11:45:00.000+07:00,"28650.7,28662.5,28647.6,28661.7"
2026-05-08T11:50:00.000+07:00,"28662.1,28682.2,28660,28681.7"
2026-05-08T11:55:00.000+07:00,"28682.2,28683.4,28666.5,28667.5"
2026-05-08T12:00:00.000+07:00,"28668,28681.4,28667.8,28681"
2026-05-08T12:05:00.000+07:00,"28681.1,28681.1,28671,28671.9"
2026-05-08T12:10:00.000+07:00,"28671.7,28675.7,28666,28672.5"
2026-05-08T12:15:00.000+07:00,"28672.4,28681.5,28671.1,28680.4"
2026-05-08T12:20:00.000+07:00,"28680.3,28687.7,28679.7,28685.6"
2026-05-08T12:25:00.000+07:00,"28685.3,28687,28678.2,28683.9"
2026-05-08T12:30:00.000+07:00,"28683.7,28717.2,28683.7,28696.6"
2026-05-08T12:35:00.000+07:00,"28696.4,28702.4,28691.1,28692.1"
2026-05-08T12:40:00.000+07:00,"28692.3,28698.8,28687.2,28697.2"
2026-05-08T12:45:00.000+07:00,"28697,28702.3,28690.7,28693.2"
2026-05-08T12:50:00.000+07:00,"28693.3,28698.4,28688.6,28696.3"
2026-05-08T12:55:00.000+07:00,"28696.6,28699,28690.2,28690.5"
2026-05-08T13:00:00.000+07:00,"28690.3,28703.4,28671.9,28699.8"
2026-05-08T13:05:00.000+07:00,"28699.9,28709.6,28694.7,28707.5"
2026-05-08T13:10:00.000+07:00,"28707.6,28711,28701,28701.8"
2026-05-08T13:15:00.000+07:00,"28701.6,28709.8,28699.5,28704.2"
2026-05-08T13:20:00.000+07:00,"28704.5,28708.2,28693.1,28702.6"
2026-05-08T13:25:00.000+07:00,"28702.7,28720.9,28698.1,28713.2"
2026-05-08T13:30:00.000+07:00,"28713.7,28717.6,28698.7,28701.2"
2026-05-08T13:35:00.000+07:00,"28701.1,28711.9,28696,28710.9"
2026-05-08T13:40:00.000+07:00,"28710.7,28716.3,28704.9,28713.8"
2026-05-08T13:45:00.000+07:00,"28713.6,28714.8,28702,28706.1"
2026-05-08T13:50:00.000+07:00,"28705.8,28717.5,28705.6,28712.1"
2026-05-08T13:55:00.000+07:00,"28712.2,28726.1,28709.8,28724.1"
2026-05-08T14:00:00.000+07:00,"28723.6,28723.6,28697.5,28709"
2026-05-08T14:05:00.000+07:00,"28710,28713.3,28697.9,28712.1"
2026-05-08T14:10:00.000+07:00,"28711.6,28723.1,28695.4,28697.7"
2026-05-08T14:15:00.000+07:00,"28698.1,28712.2,28696.7,28710.5"
2026-05-08T14:20:00.000+07:00,"28710.8,28719.7,28704.6,28708"
2026-05-08T14:25:00.000+07:00,"28708.1,28712.4,28698.4,28709.3"
2026-05-08T14:30:00.000+07:00,"28709.4,28714.1,28696.3,28700.1"
2026-05-08T14:35:00.000+07:00,"28700.2,28716,28696.6,28711.2"
2026-05-08T14:40:00.000+07:00,"28711.4,28714.3,28701.6,28710.7"
2026-05-08T14:45:00.000+07:00,"28710.8,28719.4,28707.2,28712.9"
2026-05-08T14:50:00.000+07:00,"28713,28718.5,28704.2,28711.5"
2026-05-08T14:55:00.000+07:00,"28711.9,28720.7,28709.6,28714.1"
2026-05-08T15:00:00.000+07:00,"28714,28734.8,28710.1,28733.8"
2026-05-08T15:05:00.000+07:00,"28734,28740.4,28721.9,28737.3"
2026-05-08T15:10:00.000+07:00,"28737.5,28757,28733.7,28733.7"
2026-05-08T15:15:00.000+07:00,"28733.8,28742.6,28732.3,28737.5"
2026-05-08T15:20:00.000+07:00,"28737.6,28754.2,28737.6,28743.5"
2026-05-08T15:25:00.000+07:00,"28743.4,28746.9,28738.4,28746.3"
2026-05-08T15:30:00.000+07:00,"28746.4,28752.6,28744.8,28747.7"
2026-05-08T15:35:00.000+07:00,"28748.5,28753.6,28740.1,28744.8"
2026-05-08T15:40:00.000+07:00,"28744.9,28745.6,28729.8,28734.8"
2026-05-08T15:45:00.000+07:00,"28734.6,28747.5,28729.4,28743.2"
2026-05-08T15:50:00.000+07:00,"28743.1,28747.4,28735.1,28738.8"
2026-05-08T15:55:00.000+07:00,"28738.9,28748.1,28736.6,28747.7"
2026-05-08T16:00:00.000+07:00,"28747.9,28762.4,28747.9,28760.6"
2026-05-08T16:05:00.000+07:00,"28760.5,28774.1,28760,28772.3"
2026-05-08T16:10:00.000+07:00,"28772.5,28777.2,28768.4,28768.7"
2026-05-08T16:15:00.000+07:00,"28768.6,28774.2,28762.6,28770.6"
2026-05-08T16:20:00.000+07:00,"28770.5,28781.5,28770.1,28777.5"
2026-05-08T16:25:00.000+07:00,"28777.7,28784.4,28773.4,28774.1"
2026-05-08T16:30:00.000+07:00,"28774,28776.6,28755.9,28760.3"
2026-05-08T16:35:00.000+07:00,"28760.2,28760.3,28746.3,28752.9"
2026-05-08T16:40:00.000+07:00,"28753.3,28753.6,28742.2,28745.5"
2026-05-08T16:45:00.000+07:00,"28745.4,28748.4,28726.1,28733.9"
2026-05-08T16:50:00.000+07:00,"28734,28734.7,28717.9,28730.9"
2026-05-08T16:55:00.000+07:00,"28731,28741.4,28720.5,28739"
2026-05-08T17:00:00.000+07:00,"28739.2,28752.2,28739,28747.6"
2026-05-08T17:05:00.000+07:00,"28747.3,28752,28741.3,28743.2"
2026-05-08T17:10:00.000+07:00,"28742.8,28750.5,28740.2,28742"
2026-05-08T17:15:00.000+07:00,"28741.9,28759.6,28741.9,28750.2"
2026-05-08T17:20:00.000+07:00,"28750.5,28763.5,28749.9,28759.2"
2026-05-08T17:25:00.000+07:00,"28758.9,28767.3,28753.6,28754.2"
2026-05-08T17:30:00.000+07:00,"28754.4,28764.9,28751.1,28761.3"
2026-05-08T17:35:00.000+07:00,"28761.4,28772.7,28756,28769.2"
2026-05-08T17:40:00.000+07:00,"28769.3,28776.1,28765.5,28765.7"
2026-05-08T17:45:00.000+07:00,"28765.6,28766,28752.6,28759.3"
2026-05-08T17:50:00.000+07:00,"28759.5,28760.4,28749.4,28753.3"
2026-05-08T17:55:00.000+07:00,"28753.2,28753.5,28728.2,28749.9"
2026-05-08T18:00:00.000+07:00,"28751,28765.5,28750.5,28764.1"
2026-05-08T18:05:00.000+07:00,"28765,28772.7,28757.2,28765.6"
2026-05-08T18:10:00.000+07:00,"28765.4,28769.8,28753.7,28766.8"
2026-05-08T18:15:00.000+07:00,"28766.9,28771.8,28760,28762.2"
2026-05-08T18:20:00.000+07:00,"28762.4,28775.8,28757.6,28775"
2026-05-08T18:25:00.000+07:00,"28774.9,28782.2,28772.2,28778.5"
2026-05-08T18:30:00.000+07:00,"28778.6,28786.5,28773.8,28775.5"
2026-05-08T18:35:00.000+07:00,"28775.6,28783.3,28775.2,28779.7"
2026-05-08T18:40:00.000+07:00,"28779.8,28787,28775.8,28781.5"
2026-05-08T18:45:00.000+07:00,"28781.4,28799.7,28781.2,28797.9"
2026-05-08T18:50:00.000+07:00,"28797.6,28801.7,28791.8,28798.1"
2026-05-08T18:55:00.000+07:00,"28798.4,28800.5,28783.2,28786.4"
2026-05-08T19:00:00.000+07:00,"28786.5,28791.2,28776.3,28780.9"
2026-05-08T19:05:00.000+07:00,"28781.2,28787,28777.9,28783.3"
2026-05-08T19:10:00.000+07:00,"28783.6,28787.9,28768,28773.9"
2026-05-08T19:15:00.000+07:00,"28773.8,28783.5,28767.3,28778.5"
2026-05-08T19:20:00.000+07:00,"28778,28778.8,28764.3,28769.6"
2026-05-08T19:25:00.000+07:00,"28769.8,28790.8,28765.5,28790.1"
2026-05-08T19:30:00.000+07:00,"28789.6,28827.7,28784.3,28820.7"
2026-05-08T19:35:00.000+07:00,"28820.9,28861.9,28819.9,28838.6"
2026-05-08T19:40:00.000+07:00,"28838.2,28863.5,28834.4,28847.4"
2026-05-08T19:45:00.000+07:00,"28847.5,28849.2,28817.5,28819.5"
2026-05-08T19:50:00.000+07:00,"28819.4,28822,28803.5,28810.1"
2026-05-08T19:55:00.000+07:00,"28810.3,28826.4,28787.2,28799.3"
2026-05-08T20:00:00.000+07:00,"28798.3,28815.4,28790.1,28796.3"
2026-05-08T20:05:00.000+07:00,"28795.9,28800.2,28766.3,28783.8"
2026-05-08T20:10:00.000+07:00,"28783.6,28786.5,28752.4,28766.8"
2026-05-08T20:15:00.000+07:00,"28767.1,28781.1,28754.1,28768.2"
2026-05-08T20:20:00.000+07:00,"28768.7,28779.9,28758.8,28776"
2026-05-08T20:25:00.000+07:00,"28775.9,28779.9,28752.6,28763.8"
2026-05-08T20:30:00.000+07:00,"28764.7,28855.9,28749.8,28849"
2026-05-08T20:35:00.000+07:00,"28849.1,28869.4,28835.6,28852.5"
2026-05-08T20:40:00.000+07:00,"28852.3,28883.4,28829.6,28882.1"
2026-05-08T20:45:00.000+07:00,"28882,28959.8,28882,28952.9"
2026-05-08T20:50:00.000+07:00,"28953.8,28973.2,28929,28946.5"
2026-05-08T20:55:00.000+07:00,"28947.5,28994.5,28933.3,28994.4"
2026-05-08T21:00:00.000+07:00,"28996,29014.5,28967.8,29001.4"
2026-05-08T21:05:00.000+07:00,"29001.5,29008.4,28976.9,28995"
2026-05-08T21:10:00.000+07:00,"28995.6,28998.5,28963.1,28986.7"
2026-05-08T21:15:00.000+07:00,"28986.8,29003.7,28975,29000"
2026-05-08T21:20:00.000+07:00,"28999.8,29035.9,28995.6,29035.9"
2026-05-08T21:25:00.000+07:00,"29035.4,29052.1,28990.2,28998.9"
2026-05-08T21:30:00.000+07:00,"28998.7,29007.5,28965.5,29004.3"
2026-05-08T21:35:00.000+07:00,"29004.4,29005.7,28959.6,29002.9"
2026-05-08T21:40:00.000+07:00,"29001.9,29023.1,28982,29022.7"
2026-05-08T21:45:00.000+07:00,"29022.8,29042.3,29009.8,29032.3"
2026-05-08T21:50:00.000+07:00,"29033.5,29045.4,29019.3,29043.3"
2026-05-08T21:55:00.000+07:00,"29043.4,29060.4,29038.6,29049.3"
2026-05-08T22:00:00.000+07:00,"29048.2,29070.1,29046.6,29057"
2026-05-08T22:05:00.000+07:00,"29056.7,29072,29047.6,29049.5"
2026-05-08T22:10:00.000+07:00,"29049.7,29067.7,29035.5,29042.6"
2026-05-08T22:15:00.000+07:00,"29042.3,29045,29012.9,29033.7"
2026-05-08T22:20:00.000+07:00,"29031.8,29070,29027.1,29052"
2026-05-08T22:25:00.000+07:00,"29052.2,29070.5,29049.4,29069.3"
2026-05-08T22:30:00.000+07:00,"29069.4,29074.5,29040.1,29073.3"
2026-05-08T22:35:00.000+07:00,"29072.8,29102.9,29071.2,29090.8"
2026-05-08T22:40:00.000+07:00,"29090.3,29096.2,29055.5,29069.9"
2026-05-08T22:45:00.000+07:00,"29070.2,29102.4,29062.2,29091"
2026-05-08T22:50:00.000+07:00,"29090.8,29094.7,29073.6,29089.8"
2026-05-08T22:55:00.000+07:00,"29089.3,29095.1,29072.1,29076.6"
2026-05-08T23:00:00.000+07:00,"29076.7,29096.4,29076.7,29084.5"
2026-05-08T23:05:00.000+07:00,"29084.3,29095.8,29078.2,29085.9"
2026-05-08T23:10:00.000+07:00,"29086,29112.4,29080.9,29105.2"
2026-05-08T23:15:00.000+07:00,"29104.9,29110.6,29097.1,29098.2"
2026-05-08T23:20:00.000+07:00,"29096.4,29112.1,29096,29110"
2026-05-08T23:25:00.000+07:00,"29109.8,29130.1,29108.9,29126.2"
2026-05-08T23:30:00.000+07:00,"29128.2,29130.4,29118.2,29121.7"
2026-05-08T23:35:00.000+07:00,"29122,29123.4,29101.6,29121.9"
2026-05-08T23:40:00.000+07:00,"29122.2,29123.4,29082.3,29084.2"
2026-05-08T23:45:00.000+07:00,"29084,29125,29082.7,29124.9"
2026-05-08T23:50:00.000+07:00,"29124.7,29131.8,29108.1,29121.3"
2026-05-08T23:55:00.000+07:00,"29121.4,29131.3,29119.3,29125.3"
2026-05-09T00:00:00.000+07:00,"29125.2,29174.6,29119.7,29171.8"
2026-05-09T00:05:00.000+07:00,"29171.7,29181.2,29150.1,29177.7"
2026-05-09T00:10:00.000+07:00,"29180.1,29183.7,29167.3,29170.5"
2026-05-09T00:15:00.000+07:00,"29170.6,29183.7,29169.8,29177.5"
2026-05-09T00:20:00.000+07:00,"29176.2,29196.7,29169.8,29190.4"
2026-05-09T00:25:00.000+07:00,"29190.8,29202.1,29182.3,29191.2"
2026-05-09T00:30:00.000+07:00,"29193.2,29199.5,29183.1,29193.6"
2026-05-09T00:35:00.000+07:00,"29193.5,29205.3,29181.3,29182.8"
2026-05-09T00:40:00.000+07:00,"29183,29187.2,29165.7,29168.2"
2026-05-09T00:45:00.000+07:00,"29168.3,29186.7,29157,29160.2"
2026-05-09T00:50:00.000+07:00,"29158.8,29165.7,29143.1,29165.3"
2026-05-09T00:55:00.000+07:00,"29165.4,29174.8,29150.3,29150.5"
2026-05-09T01:00:00.000+07:00,"29150.2,29187.6,29146.9,29169.1"
2026-05-09T01:05:00.000+07:00,"29169.2,29181.6,29156.2,29160.5"
2026-05-09T01:10:00.000+07:00,"29161.7,29178.2,29152.7,29174.3"
2026-05-09T01:15:00.000+07:00,"29174.1,29182.8,29158,29158.9"
2026-05-09T01:20:00.000+07:00,"29158.6,29175.7,29157.8,29175.7"
2026-05-09T01:25:00.000+07:00,"29175.8,29178.3,29168.9,29173.9"
2026-05-09T01:30:00.000+07:00,"29174.8,29180.6,29170.8,29173.9"
2026-05-09T01:35:00.000+07:00,"29173.7,29177.5,29164.3,29167.1"
2026-05-09T01:40:00.000+07:00,"29166,29175.6,29155.2,29161.5"
2026-05-09T01:45:00.000+07:00,"29161.4,29161.9,29147.9,29156.3"
2026-05-09T01:50:00.000+07:00,"29156.8,29168.7,29144.8,29152.6"
2026-05-09T01:55:00.000+07:00,"29152.8,29153.8,29125.6,29128.1"
2026-05-09T02:00:00.000+07:00,"29126.9,29155.1,29125,29151.4"
2026-05-09T02:05:00.000+07:00,"29151.5,29188.4,29147.8,29180.4"
2026-05-09T02:10:00.000+07:00,"29180.1,29191,29175.7,29180.2"
2026-05-09T02:15:00.000+07:00,"29180.3,29191.6,29178.3,29188.5"
2026-05-09T02:20:00.000+07:00,"29188.3,29191.7,29169.5,29174.1"
2026-05-09T02:25:00.000+07:00,"29174.3,29179.1,29149.6,29150.7"
2026-05-09T02:30:00.000+07:00,"29149.8,29170.3,29143.3,29163.2"
2026-05-09T02:35:00.000+07:00,"29163.1,29178.5,29157.4,29177"
2026-05-09T02:40:00.000+07:00,"29178.1,29192.2,29177,29189.1"
2026-05-09T02:45:00.000+07:00,"29188.8,29201.7,29183.1,29193"
2026-05-09T02:50:00.000+07:00,"29193.2,29221.2,29188.8,29217.5"
2026-05-09T02:55:00.000+07:00,"29217.3,29230,29203.9,29229.5"
2026-05-09T03:00:00.000+07:00,"29227.6,29271.5,29221.1,29242.4"
2026-05-09T03:05:00.000+07:00,"29242.2,29249.2,29237.2,29239"
2026-05-09T03:10:00.000+07:00,"29238.5,29240,29230.6,29232.4"
2026-05-09T03:15:00.000+07:00,"29232.2,29241.8,29221.1,29223.7"
2026-05-09T03:20:00.000+07:00,"29223.5,29236.6,29220.6,29230.9"
2026-05-09T03:25:00.000+07:00,"29230.2,29235,29224,29233.1"
2026-05-09T03:30:00.000+07:00,"29232.1,29234.6,29222.8,29231.3"
2026-05-09T03:35:00.000+07:00,"29230.8,29235.3,29227,29229.4"
2026-05-09T03:40:00.000+07:00,"29229.7,29233.6,29228.3,29230.3"
2026-05-09T03:45:00.000+07:00,"29229.6,29238.1,29228.9,29232.5"
2026-05-09T03:50:00.000+07:00,"29233,29233.2,29226.1,29227.4"
2026-05-09T03:55:00.000+07:00,"29227.1,29227.7,29218.9,29226.7"
2026-05-11T05:00:00.000+07:00,"29198.4,29211.2,29141.9,29153.1"
2026-05-11T05:05:00.000+07:00,"29151.9,29174.5,29144.9,29174"
2026-05-11T05:10:00.000+07:00,"29173.9,29178.4,29158.2,29164.1"
2026-05-11T05:15:00.000+07:00,"29164.2,29167.3,29118.2,29142.1"
2026-05-11T05:20:00.000+07:00,"29142,29150.7,29130.8,29147.2"
2026-05-11T05:25:00.000+07:00,"29147.5,29162.9,29147.5,29162.6"
2026-05-11T05:30:00.000+07:00,"29162.8,29167.9,29157,29160.7"
2026-05-11T05:35:00.000+07:00,"29160.9,29160.9,29145.1,29154"
2026-05-11T05:40:00.000+07:00,"29153.9,29161,29146.9,29159.9"
2026-05-11T05:45:00.000+07:00,"29160.2,29175.6,29158.4,29174.3"
2026-05-11T05:50:00.000+07:00,"29174.2,29179.1,29166.3,29170.4"
2026-05-11T05:55:00.000+07:00,"29170.6,29190.3,29169.6,29184.7"
2026-05-11T06:00:00.000+07:00,"29184.3,29200.5,29181.2,29195.3"
2026-05-11T06:05:00.000+07:00,"29195.2,29225.8,29194.5,29222.9"
2026-05-11T06:10:00.000+07:00,"29223,29230.6,29207.6,29211.7"
2026-05-11T06:15:00.000+07:00,"29211.8,29232.5,29211.4,29228.6"
2026-05-11T06:20:00.000+07:00,"29228.5,29237.4,29220.9,29224.8"
2026-05-11T06:25:00.000+07:00,"29224.9,29228.2,29191.8,29195.4"
2026-05-11T06:30:00.000+07:00,"29195.5,29203.5,29181.1,29192.7"
2026-05-11T06:35:00.000+07:00,"29192.8,29196.7,29184.3,29189.2"
2026-05-11T06:40:00.000+07:00,"29188.4,29206.2,29186.4,29200.5"
2026-05-11T06:45:00.000+07:00,"29200.8,29208.5,29186.4,29201.2"
2026-05-11T06:50:00.000+07:00,"29201.4,29203.2,29193.2,29194.8"
2026-05-11T06:55:00.000+07:00,"29194.6,29201.1,29186.8,29195"
2026-05-11T07:00:00.000+07:00,"29195.1,29224.3,29195.1,29221.5"
2026-05-11T07:05:00.000+07:00,"29221.8,29261.1,29221.8,29256.3"
2026-05-11T07:10:00.000+07:00,"29256.5,29262,29251.1,29259.4"
2026-05-11T07:15:00.000+07:00,"29259.9,29259.9,29236.9,29251.7"
2026-05-11T07:20:00.000+07:00,"29251.5,29272.6,29250.3,29271.6"
2026-05-11T07:25:00.000+07:00,"29271.7,29285,29254,29278.4"
2026-05-11T07:30:00.000+07:00,"29278.5,29290.5,29277.9,29287.8"
2026-05-11T07:35:00.000+07:00,"29287.6,29289.1,29271.7,29274.5"
2026-05-11T07:40:00.000+07:00,"29274.6,29287.3,29274.2,29276.6"
2026-05-11T07:45:00.000+07:00,"29276.7,29277.3,29256,29257.5"
2026-05-11T07:50:00.000+07:00,"29257.4,29257.5,29169.2,29188.5"
2026-05-11T07:55:00.000+07:00,"29188.7,29194,29157,29187.4"
2026-05-11T08:00:00.000+07:00,"29187.5,29187.5,29147.1,29147.8"
2026-05-11T08:05:00.000+07:00,"29147.7,29175.6,29140.3,29175.1"
2026-05-11T08:10:00.000+07:00,"29174.7,29196.6,29164.6,29185.2"
2026-05-11T08:15:00.000+07:00,"29185.4,29223.1,29169.7,29222.3"
2026-05-11T08:20:00.000+07:00,"29222.1,29229.8,29205.3,29217.2"
2026-05-11T08:25:00.000+07:00,"29218.7,29223.9,29207,29208.7"
2026-05-11T08:30:00.000+07:00,"29208.5,29214.7,29193,29202.9"
2026-05-11T08:35:00.000+07:00,"29203.4,29222.5,29197.3,29219.9"
2026-05-11T08:40:00.000+07:00,"29219.6,29227.1,29216,29222.5"
2026-05-11T08:45:00.000+07:00,"29222.7,29240.3,29216.2,29240.3"
2026-05-11T08:50:00.000+07:00,"29240.1,29244.5,29220.6,29232"
2026-05-11T08:55:00.000+07:00,"29232.1,29234.9,29216.5,29229.5"
2026-05-11T09:00:00.000+07:00,"29228.8,29247,29228.7,29237.8"
2026-05-11T09:05:00.000+07:00,"29237.6,29240.1,29214.8,29215.3"
2026-05-11T09:10:00.000+07:00,"29215.5,29230.8,29213.8,29229.3"
2026-05-11T09:15:00.000+07:00,"29229.4,29232.4,29216.5,29221.4"
2026-05-11T09:20:00.000+07:00,"29221.5,29229.1,29220.6,29227.5"
2026-05-11T09:25:00.000+07:00,"29227.7,29245.4,29226.7,29239.8"
2026-05-11T09:30:00.000+07:00,"29239.9,29252,29215.8,29228.6"
2026-05-11T09:35:00.000+07:00,"29228.1,29240.7,29226.4,29236.7"
2026-05-11T09:40:00.000+07:00,"29236.5,29241.7,29231.8,29240.6"
2026-05-11T09:45:00.000+07:00,"29240.5,29242.8,29229.9,29234"
2026-05-11T09:50:00.000+07:00,"29233.8,29246.4,29230.7,29244.7"
2026-05-11T09:55:00.000+07:00,"29244.6,29247.4,29228.1,29229"
2026-05-11T10:00:00.000+07:00,"29228.5,29231.2,29208,29223.4"
2026-05-11T10:05:00.000+07:00,"29223.2,29227.4,29205.7,29219.4"
2026-05-11T10:10:00.000+07:00,"29219.3,29223,29211,29215.1"
2026-05-11T10:15:00.000+07:00,"29214.9,29218.3,29204.7,29212.3"
2026-05-11T10:20:00.000+07:00,"29212.4,29225.5,29208.3,29214"
2026-05-11T10:25:00.000+07:00,"29214.1,29232.4,29212.5,29229.8"
2026-05-11T10:30:00.000+07:00,"29229.9,29238.9,29213.9,29220.7"
2026-05-11T10:35:00.000+07:00,"29222.1,29223,29214.3,29219.9"
2026-05-11T10:40:00.000+07:00,"29219.8,29237.6,29219.1,29235.2"
2026-05-11T10:45:00.000+07:00,"29234.2,29236,29226.9,29226.9"
2026-05-11T10:50:00.000+07:00,"29227,29227.4,29220.3,29222.2"
2026-05-11T10:55:00.000+07:00,"29222.1,29224.5,29213,29214.6"
2026-05-11T11:00:00.000+07:00,"29214.8,29218.2,29203.8,29208.6"
2026-05-11T11:05:00.000+07:00,"29209,29212.8,29193.9,29194.7"
2026-05-11T11:10:00.000+07:00,"29194.6,29202.8,29183.6,29200.8"
2026-05-11T11:15:00.000+07:00,"29200.6,29212.9,29199.4,29210.2"
2026-05-11T11:20:00.000+07:00,"29210.1,29218.5,29208.8,29217.2"
2026-05-11T11:25:00.000+07:00,"29217.3,29226.3,29216.4,29220.4"
2026-05-11T11:30:00.000+07:00,"29220.5,29226.5,29219,29221.8"
2026-05-11T11:35:00.000+07:00,"29222.1,29226.9,29217.4,29221.5"
2026-05-11T11:40:00.000+07:00,"29221.6,29224.7,29219.5,29223.5"
2026-05-11T11:45:00.000+07:00,"29223.4,29225.5,29219.1,29221.8"
2026-05-11T11:50:00.000+07:00,"29221.9,29232.8,29221.4,29232.3"
2026-05-11T11:55:00.000+07:00,"29232.4,29235.6,29228.6,29232.7"
2026-05-11T12:00:00.000+07:00,"29232.6,29236.9,29226.8,29233.6"
2026-05-11T12:05:00.000+07:00,"29233.9,29236.2,29220.2,29226.9"
2026-05-11T12:10:00.000+07:00,"29226.4,29230.6,29222.2,29225.9"
2026-05-11T12:15:00.000+07:00,"29225.7,29238.4,29221.2,29233.8"
2026-05-11T12:20:00.000+07:00,"29234,29244.3,29228.1,29234"
2026-05-11T12:25:00.000+07:00,"29233.9,29236.8,29223.2,29233.2"
2026-05-11T12:30:00.000+07:00,"29233.1,29239.9,29231.8,29239.5"
2026-05-11T12:35:00.000+07:00,"29239.4,29241.6,29225.9,29228.9"
2026-05-11T12:40:00.000+07:00,"29228.8,29233.4,29208.9,29211.2"
2026-05-11T12:45:00.000+07:00,"29211.4,29220.8,29207.7,29217.8"
2026-05-11T12:50:00.000+07:00,"29218.1,29222.9,29214.4,29221.1"
2026-05-11T12:55:00.000+07:00,"29221,29222.7,29211.4,29211.5"
2026-05-11T13:00:00.000+07:00,"29211.4,29219.2,29209.9,29217.6"
2026-05-11T13:05:00.000+07:00,"29217.2,29228.4,29214.2,29224.8"
2026-05-11T13:10:00.000+07:00,"29224.7,29235,29223.3,29229.4"
2026-05-11T13:15:00.000+07:00,"29229.3,29229.9,29214.9,29221.6"
2026-05-11T13:20:00.000+07:00,"29222,29238.8,29219.4,29237.9"
2026-05-11T13:25:00.000+07:00,"29237.7,29243.5,29229.4,29235.1"
2026-05-11T13:30:00.000+07:00,"29235,29239.4,29213.2,29221.7"
2026-05-11T13:35:00.000+07:00,"29221.9,29222,29206.7,29214.5"
2026-05-11T13:40:00.000+07:00,"29214.6,29214.7,29201.7,29207.5"
2026-05-11T13:45:00.000+07:00,"29207.4,29207.4,29192.8,29192.8"
2026-05-11T13:50:00.000+07:00,"29193,29206.9,29189.5,29205"
2026-05-11T13:55:00.000+07:00,"29204.9,29215.9,29202.7,29211"
2026-05-11T14:00:00.000+07:00,"29213.2,29214.7,29201,29210.5"
2026-05-11T14:05:00.000+07:00,"29210.1,29214.3,29191.7,29194.6"
2026-05-11T14:10:00.000+07:00,"29194.4,29201.3,29188.3,29189.5"
2026-05-11T14:15:00.000+07:00,"29189.6,29196.3,29176,29183.8"
2026-05-11T14:20:00.000+07:00,"29183.4,29203.4,29180.9,29201.3"
2026-05-11T14:25:00.000+07:00,"29201.5,29213.1,29194.6,29204.4"
2026-05-11T14:30:00.000+07:00,"29204.3,29207.8,29190.9,29196.8"
2026-05-11T14:35:00.000+07:00,"29196.9,29203.5,29191.2,29203"
2026-05-11T14:40:00.000+07:00,"29203.1,29218.9,29201,29203.2"
2026-05-11T14:45:00.000+07:00,"29203.3,29213.8,29203.2,29209.6"
2026-05-11T14:50:00.000+07:00,"29209.9,29216,29204.7,29210.8"
2026-05-11T14:55:00.000+07:00,"29210.9,29213,29199.7,29212.9"
2026-05-11T15:00:00.000+07:00,"29213,29219.1,29195.7,29210.9"
2026-05-11T15:05:00.000+07:00,"29211.2,29219,29165.9,29170"
2026-05-11T15:10:00.000+07:00,"29170.6,29181,29158.1,29168.3"
2026-05-11T15:15:00.000+07:00,"29168.6,29194.8,29168.1,29194.3"
2026-05-11T15:20:00.000+07:00,"29194.4,29205.5,29187.5,29197.8"
2026-05-11T15:25:00.000+07:00,"29197.7,29202.2,29157.3,29157.3"
2026-05-11T15:30:00.000+07:00,"29157.2,29178,29154.1,29168.8"
2026-05-11T15:35:00.000+07:00,"29169.3,29172,29153.7,29166.8"
2026-05-11T15:40:00.000+07:00,"29166.7,29182.9,29163.3,29181.2"
2026-05-11T15:45:00.000+07:00,"29181.1,29191.6,29179.1,29190.6"
2026-05-11T15:50:00.000+07:00,"29190.3,29201.1,29187.4,29198.1"
2026-05-11T15:55:00.000+07:00,"29198.9,29205.7,29186.3,29186.7"
2026-05-11T16:00:00.000+07:00,"29186.6,29206.6,29184.9,29203.5"
2026-05-11T16:05:00.000+07:00,"29203.3,29222.9,29202.7,29211.5"
2026-05-11T16:10:00.000+07:00,"29211.4,29212,29197.1,29206.6"
2026-05-11T16:15:00.000+07:00,"29206.7,29209.2,29201,29206.5"
2026-05-11T16:20:00.000+07:00,"29206.4,29226.8,29204.4,29217.4"
2026-05-11T16:25:00.000+07:00,"29217,29218,29206.9,29210.7"
2026-05-11T16:30:00.000+07:00,"29210.9,29231.4,29210.1,29223.3"
2026-05-11T16:35:00.000+07:00,"29223.2,29225.7,29211.9,29214.6"
2026-05-11T16:40:00.000+07:00,"29214.7,29233.4,29212.6,29228"
2026-05-11T16:45:00.000+07:00,"29228.2,29256.9,29227.8,29242.1"
2026-05-11T16:50:00.000+07:00,"29242.3,29245.3,29225.9,29228.6"
2026-05-11T16:55:00.000+07:00,"29228.3,29231.8,29205.9,29207.6"
2026-05-11T17:00:00.000+07:00,"29207.3,29224.5,29201.9,29204.2"
2026-05-11T17:05:00.000+07:00,"29204.4,29213.7,29201.6,29209.7"
2026-05-11T17:10:00.000+07:00,"29209.1,29215.9,29197.5,29205.3"
2026-05-11T17:15:00.000+07:00,"29204.9,29204.9,29193.4,29194"
2026-05-11T17:20:00.000+07:00,"29193.8,29202.9,29186.7,29198.6"
2026-05-11T17:25:00.000+07:00,"29198.8,29208.5,29197.9,29203.6"
2026-05-11T17:30:00.000+07:00,"29203.4,29205.5,29194.6,29196"
2026-05-11T17:35:00.000+07:00,"29196.1,29200.5,29182.2,29188.6"
2026-05-11T17:40:00.000+07:00,"29188.5,29195,29183.5,29193.2"
2026-05-11T17:45:00.000+07:00,"29193.1,29194.2,29178.7,29193.4"
2026-05-11T17:50:00.000+07:00,"29193.3,29204.5,29189.9,29197.9"
2026-05-11T17:55:00.000+07:00,"29197.8,29198.5,29189.6,29192"
2026-05-11T18:00:00.000+07:00,"29192.8,29225.3,29190.6,29215.6"
2026-05-11T18:05:00.000+07:00,"29215.7,29228.9,29215.2,29227.1"
2026-05-11T18:10:00.000+07:00,"29227.3,29234.2,29215.8,29232.8"
2026-05-11T18:15:00.000+07:00,"29233.1,29241,29224.3,29236.8"
2026-05-11T18:20:00.000+07:00,"29237.3,29260.6,29237.3,29251.5"
2026-05-11T18:25:00.000+07:00,"29251.2,29268.7,29246.3,29262"
2026-05-11T18:30:00.000+07:00,"29262.1,29280.2,29253.5,29256.8"
2026-05-11T18:35:00.000+07:00,"29256.9,29268.8,29246,29252.7"
2026-05-11T18:40:00.000+07:00,"29253.1,29253.8,29236.3,29238.8"
2026-05-11T18:45:00.000+07:00,"29238.6,29238.6,29221.3,29231.3"
2026-05-11T18:50:00.000+07:00,"29231.4,29237.1,29214.3,29224.9"
2026-05-11T18:55:00.000+07:00,"29225.4,29241.1,29225.4,29238.8"
2026-05-11T19:00:00.000+07:00,"29239.2,29244.5,29212.8,29215"
2026-05-11T19:05:00.000+07:00,"29215.1,29219.7,29192.2,29197"
2026-05-11T19:10:00.000+07:00,"29197.3,29201,29186.9,29193.1"
2026-05-11T19:15:00.000+07:00,"29193,29208.6,29182.6,29184.3"
2026-05-11T19:20:00.000+07:00,"29184.4,29190.3,29167.4,29186"
2026-05-11T19:25:00.000+07:00,"29186.5,29200.1,29174.1,29198.2"
2026-05-11T19:30:00.000+07:00,"29198,29204.5,29189,29196.4"
2026-05-11T19:35:00.000+07:00,"29196.5,29205.1,29176.9,29185.3"
2026-05-11T19:40:00.000+07:00,"29185.5,29190.4,29160.1,29160.4"
2026-05-11T19:45:00.000+07:00,"29160.5,29186.7,29148.8,29170.7"
2026-05-11T19:50:00.000+07:00,"29170.5,29184.7,29167.1,29180.3"
2026-05-11T19:55:00.000+07:00,"29180.4,29188.8,29172.2,29186.7"
2026-05-11T20:00:00.000+07:00,"29187.6,29199.9,29174.7,29193.4"
2026-05-11T20:05:00.000+07:00,"29192.9,29197.7,29186.5,29191.6"
2026-05-11T20:10:00.000+07:00,"29191.7,29203.4,29191.1,29197.2"
2026-05-11T20:15:00.000+07:00,"29197.5,29199.8,29180.5,29181"
2026-05-11T20:20:00.000+07:00,"29181.1,29200.6,29181.1,29192.6"
2026-05-11T20:25:00.000+07:00,"29189.3,29198,29173.9,29194.1"
2026-05-11T20:30:00.000+07:00,"29194.2,29324,29173.6,29316.3"
2026-05-11T20:35:00.000+07:00,"29317.5,29317.5,29223.4,29262.7"
2026-05-11T20:40:00.000+07:00,"29264,29294,29243.4,29290.5"
2026-05-11T20:45:00.000+07:00,"29290.9,29304.7,29255.4,29255.4"
2026-05-11T20:50:00.000+07:00,"29256.3,29273,29212.9,29222.2"
2026-05-11T20:55:00.000+07:00,"29221.9,29233.3,29191.9,29200.7"
2026-05-11T21:00:00.000+07:00,"29200.6,29251.3,29197.7,29235.7"
2026-05-11T21:05:00.000+07:00,"29234.7,29277.2,29234.4,29264.6"
2026-05-11T21:10:00.000+07:00,"29264.4,29292.8,29241,29288.2"
2026-05-11T21:15:00.000+07:00,"29288.4,29306.3,29273.2,29295.6"
2026-05-11T21:20:00.000+07:00,"29297.5,29300.1,29275.8,29278.8"
2026-05-11T21:25:00.000+07:00,"29279.3,29285.5,29171.5,29175.1"
2026-05-11T21:30:00.000+07:00,"29176.2,29208.3,29136.5,29205.2"
2026-05-11T21:35:00.000+07:00,"29205.5,29248.4,29191.5,29246"
2026-05-11T21:40:00.000+07:00,"29247.8,29265.1,29236.5,29256.3"
2026-05-11T21:45:00.000+07:00,"29256.1,29272.1,29248,29271.9"
2026-05-11T21:50:00.000+07:00,"29273.4,29302.3,29261.6,29301.9"
2026-05-11T21:55:00.000+07:00,"29301.6,29303.7,29274,29282.8"
2026-05-11T22:00:00.000+07:00,"29282.7,29292.5,29265.9,29286.4"
2026-05-11T22:05:00.000+07:00,"29286.5,29299.4,29271.8,29298.7"
2026-05-11T22:10:00.000+07:00,"29299.3,29300.1,29253.5,29260.3"
2026-05-11T22:15:00.000+07:00,"29260.2,29285.6,29251,29272.1"
2026-05-11T22:20:00.000+07:00,"29271.4,29297.3,29263.3,29296.1"
2026-05-11T22:25:00.000+07:00,"29296,29319.3,29293.3,29316.4"
2026-05-11T22:30:00.000+07:00,"29316.6,29330.3,29300,29310.9"
2026-05-11T22:35:00.000+07:00,"29311.9,29317.1,29297.1,29313.7"
2026-05-11T22:40:00.000+07:00,"29314,29330.7,29301.8,29311.8"
2026-05-11T22:45:00.000+07:00,"29311.6,29334,29307.5,29331.8"
2026-05-11T22:50:00.000+07:00,"29331.9,29355.8,29320.9,29354.2"
2026-05-11T22:55:00.000+07:00,"29354.4,29365.9,29342.9,29355.9"
2026-05-11T23:00:00.000+07:00,"29355.2,29368.6,29346.3,29363.5"
2026-05-11T23:05:00.000+07:00,"29363.6,29368.7,29356.7,29367.3"
2026-05-11T23:10:00.000+07:00,"29367.1,29370.5,29360.7,29369.3"
2026-05-11T23:15:00.000+07:00,"29369.1,29369.9,29342,29345.2"
2026-05-11T23:20:00.000+07:00,"29345.1,29354.9,29336.4,29349"
2026-05-11T23:25:00.000+07:00,"29349.1,29359.9,29348.2,29354.5"
2026-05-11T23:30:00.000+07:00,"29353.8,29367,29350.5,29354.2"
2026-05-11T23:35:00.000+07:00,"29354.5,29357.2,29326.1,29327.5"
2026-05-11T23:40:00.000+07:00,"29329,29331.6,29261.2,29305.9"
2026-05-11T23:45:00.000+07:00,"29305.6,29322,29297.7,29302.1"
2026-05-11T23:50:00.000+07:00,"29302.3,29314.8,29289.5,29301.2"
2026-05-11T23:55:00.000+07:00,"29301.1,29307.6,29287.4,29296.8"
2026-05-12T00:00:00.000+07:00,"29297.7,29321.6,29297.2,29318.4"
2026-05-12T00:05:00.000+07:00,"29318.5,29324.5,29299,29311.4"
2026-05-12T00:10:00.000+07:00,"29310.3,29311.8,29273.7,29282.5"
2026-05-12T00:15:00.000+07:00,"29282.3,29292.1,29267.7,29279.3"
2026-05-12T00:20:00.000+07:00,"29279.6,29314.3,29276.8,29311.1"
2026-05-12T00:25:00.000+07:00,"29311.2,29332.1,29307.7,29328.2"
2026-05-12T00:30:00.000+07:00,"29328.6,29345.4,29327.6,29339.6"
2026-05-12T00:35:00.000+07:00,"29339.4,29363.9,29337,29351.6"
2026-05-12T00:40:00.000+07:00,"29349.5,29361.8,29345.4,29358"
2026-05-12T00:45:00.000+07:00,"29358.1,29366.5,29347.4,29348.9"
2026-05-12T00:50:00.000+07:00,"29348.8,29359.3,29343.9,29345.3"
2026-05-12T00:55:00.000+07:00,"29345,29354.7,29330,29332.8"
2026-05-12T01:00:00.000+07:00,"29332.5,29353.3,29330.8,29349.1"
2026-05-12T01:05:00.000+07:00,"29349,29363.6,29346.5,29363.2"
2026-05-12T01:10:00.000+07:00,"29364,29364.6,29351.9,29353.7"
2026-05-12T01:15:00.000+07:00,"29353.5,29359.5,29347.9,29352.4"
2026-05-12T01:20:00.000+07:00,"29352.9,29360.1,29339.4,29355.8"
2026-05-12T01:25:00.000+07:00,"29355.7,29365.5,29354,29362.5"
2026-05-12T01:30:00.000+07:00,"29362.6,29362.8,29345.1,29347.7"
2026-05-12T01:35:00.000+07:00,"29347.6,29361.3,29337.9,29340.2"
2026-05-12T01:40:00.000+07:00,"29340.9,29346,29329.1,29338"
2026-05-12T01:45:00.000+07:00,"29337.6,29341.8,29322.6,29331.1"
2026-05-12T01:50:00.000+07:00,"29331.2,29342.6,29321.3,29327"
2026-05-12T01:55:00.000+07:00,"29326.7,29334.7,29276.8,29278.7"
2026-05-12T02:00:00.000+07:00,"29279.1,29294.8,29267.6,29271.2"
2026-05-12T02:05:00.000+07:00,"29271,29317.4,29267,29315.1"
2026-05-12T02:10:00.000+07:00,"29315.2,29324.5,29303.6,29307.7"
2026-05-12T02:15:00.000+07:00,"29307.6,29309.7,29284.9,29299.4"
2026-05-12T02:20:00.000+07:00,"29298.3,29301.9,29273.4,29275.6"
2026-05-12T02:25:00.000+07:00,"29275.5,29283.4,29261.4,29272.5"
2026-05-12T02:30:00.000+07:00,"29271.7,29296.9,29264.9,29275.5"
2026-05-12T02:35:00.000+07:00,"29275.4,29282.9,29259.7,29278.7"
2026-05-12T02:40:00.000+07:00,"29276.4,29284.9,29260.8,29269.5"
2026-05-12T02:45:00.000+07:00,"29269.2,29290.2,29263.4,29287.6"
2026-05-12T02:50:00.000+07:00,"29287.5,29317.1,29286.9,29304.6"
2026-05-12T02:55:00.000+07:00,"29304.5,29317.3,29300.7,29313.8"
2026-05-12T03:00:00.000+07:00,"29313.7,29315.3,29289.5,29292.6"
2026-05-12T03:05:00.000+07:00,"29292.8,29293.8,29281.6,29288.9"
2026-05-12T03:10:00.000+07:00,"29288.4,29294,29210.3,29276"
2026-05-12T03:15:00.000+07:00,"29276.1,29289.7,29267.8,29289.1"
2026-05-12T03:20:00.000+07:00,"29288.5,29288.5,29262.5,29262.5"
2026-05-12T03:25:00.000+07:00,"29261.8,29286,29261.3,29284.6"
2026-05-12T03:30:00.000+07:00,"29284.5,29298.8,29283.3,29292.1"
2026-05-12T03:35:00.000+07:00,"29292.6,29293.5,29287.2,29290.3"
2026-05-12T03:40:00.000+07:00,"29290.6,29291.6,29282.8,29289.8"
2026-05-12T03:45:00.000+07:00,"29290.1,29290.2,29283.8,29285.4"
2026-05-12T03:50:00.000+07:00,"29284.9,29292.6,29275.2,29291.5"
2026-05-12T03:55:00.000+07:00,"29291.3,29291.7,29280.9,29283.4"
2026-05-12T04:00:00.000+07:00,"29276.1,29283.1,29276.1,29281.3"
2026-05-12T04:05:00.000+07:00,"29281.2,29281.2,29278.7,29280.6"
2026-05-12T04:10:00.000+07:00,"29280.7,29280.7,29274.2,29279.1"
2026-05-12T04:15:00.000+07:00,"29279.2,29281.8,29276.9,29281.8"
2026-05-12T04:20:00.000+07:00,"29282,29285,29282,29284.2"
2026-05-12T04:25:00.000+07:00,"29284.9,29289,29284.8,29286.5"
2026-05-12T04:30:00.000+07:00,"29286.4,29290.8,29286,29290.5"
2026-05-12T04:35:00.000+07:00,"29288.8,29288.8,29287,29288.7"
2026-05-12T04:40:00.000+07:00,"29288.5,29289.9,29288.5,29289.8"
2026-05-12T04:45:00.000+07:00,"29289.9,29291.1,29289.7,29290.5"
2026-05-12T04:50:00.000+07:00,"29290.4,29290.5,29290.2,29290.4"
2026-05-12T04:55:00.000+07:00,"29290.5,29291.3,29290.2,29290.4"
2026-05-12T05:00:00.000+07:00,"29287.8,29314.3,29286.9,29310.5"
2026-05-12T05:05:00.000+07:00,"29310.9,29314.3,29305.3,29306.4"
2026-05-12T05:10:00.000+07:00,"29306.5,29318.2,29306.5,29314.9"
2026-05-12T05:15:00.000+07:00,"29314.7,29320.6,29312.5,29317.3"
2026-05-12T05:20:00.000+07:00,"29317.4,29325.9,29317.4,29323.1"
2026-05-12T05:25:00.000+07:00,"29323.8,29325.5,29320.3,29322.9"
2026-05-12T05:30:00.000+07:00,"29323,29333.4,29322,29327.8"
2026-05-12T05:35:00.000+07:00,"29327.5,29336.7,29327.5,29336.7"
2026-05-12T05:40:00.000+07:00,"29336.8,29338.7,29332.6,29338.2"
2026-05-12T05:45:00.000+07:00,"29338,29344.6,29337.9,29338.2"
2026-05-12T05:50:00.000+07:00,"29338.1,29342.5,29336.1,29337.1"
2026-05-12T05:55:00.000+07:00,"29336.8,29341.7,29328.1,29335"
2026-05-12T06:00:00.000+07:00,"29335.1,29339.2,29331.9,29333.4"
2026-05-12T06:05:00.000+07:00,"29333.5,29335.7,29331.3,29332.8"
2026-05-12T06:10:00.000+07:00,"29332.9,29333.5,29323.3,29329"
2026-05-12T06:15:00.000+07:00,"29328.9,29330.2,29313.2,29319.1"
2026-05-12T06:20:00.000+07:00,"29319.3,29338,29318.7,29336.4"
2026-05-12T06:25:00.000+07:00,"29336.3,29340.8,29334.4,29339.6"
2026-05-12T06:30:00.000+07:00,"29339.8,29341.5,29336.1,29336.8"
2026-05-12T06:35:00.000+07:00,"29336.7,29339.4,29329.2,29337.6"
2026-05-12T06:40:00.000+07:00,"29337.7,29339.3,29329.6,29333.9"
2026-05-12T06:45:00.000+07:00,"29333.8,29334.5,29320.8,29326.8"
2026-05-12T06:50:00.000+07:00,"29326.9,29328.5,29315.8,29318.4"
2026-05-12T06:55:00.000+07:00,"29318.2,29321.5,29310.9,29318.2"
2026-05-12T07:00:00.000+07:00,"29318.1,29318.4,29275.6,29281.2"
2026-05-12T07:05:00.000+07:00,"29281.4,29292.4,29275.3,29287.5"
2026-05-12T07:10:00.000+07:00,"29287,29288.3,29275.8,29282.2"
2026-05-12T07:15:00.000+07:00,"29282.5,29292.1,29277.7,29285.9"
2026-05-12T07:20:00.000+07:00,"29286,29289.5,29243.7,29254.2"
2026-05-12T07:25:00.000+07:00,"29254.1,29268.5,29248.7,29268.3"
2026-05-12T07:30:00.000+07:00,"29268.6,29286.2,29267.1,29280.4"
2026-05-12T07:35:00.000+07:00,"29281.4,29287.4,29260.2,29262"
2026-05-12T07:40:00.000+07:00,"29262.2,29268.3,29253.4,29263.5"
2026-05-12T07:45:00.000+07:00,"29263.8,29275.2,29261.2,29272.9"
2026-05-12T07:50:00.000+07:00,"29273.1,29278.1,29269.9,29277.1"
2026-05-12T07:55:00.000+07:00,"29277.2,29279.5,29263.5,29268.9"
2026-05-12T08:00:00.000+07:00,"29269.2,29279.3,29257,29259.1"
2026-05-12T08:05:00.000+07:00,"29259,29273.4,29258.7,29271.6"
2026-05-12T08:10:00.000+07:00,"29271.5,29274.5,29254.7,29255.8"
2026-05-12T08:15:00.000+07:00,"29256,29256.6,29223.7,29234.2"
2026-05-12T08:20:00.000+07:00,"29234.4,29242.9,29219.1,29228.4"
2026-05-12T08:25:00.000+07:00,"29228.5,29233.3,29204.1,29207.3"
2026-05-12T08:30:00.000+07:00,"29206.8,29221.1,29191.9,29192.5"
2026-05-12T08:35:00.000+07:00,"29192,29195.5,29148.6,29150.6"
2026-05-12T08:40:00.000+07:00,"29150.1,29158.5,29115.2,29158.3"
2026-05-12T08:45:00.000+07:00,"29157.5,29201.2,29155.1,29195.7"
2026-05-12T08:50:00.000+07:00,"29195.8,29197.2,29167.2,29168.6"
2026-05-12T08:55:00.000+07:00,"29168.1,29185.6,29151.8,29159.4"
2026-05-12T09:00:00.000+07:00,"29158.8,29187.7,29150.4,29184.2"
2026-05-12T09:05:00.000+07:00,"29183.9,29210.8,29180.4,29208.6"
2026-05-12T09:10:00.000+07:00,"29208.7,29231.8,29208.7,29229"
2026-05-12T09:15:00.000+07:00,"29228.9,29229.3,29199.7,29200.9"
2026-05-12T09:20:00.000+07:00,"29200.8,29226,29200,29220.2"
2026-05-12T09:25:00.000+07:00,"29220.3,29227.3,29209.9,29220"
2026-05-12T09:30:00.000+07:00,"29219.7,29224.1,29202.8,29205.4"
2026-05-12T09:35:00.000+07:00,"29205.5,29209.2,29191.7,29201.1"
2026-05-12T09:40:00.000+07:00,"29201.2,29217.2,29195.7,29211.5"
2026-05-12T09:45:00.000+07:00,"29211.3,29232,29211.3,29220.5"
2026-05-12T09:50:00.000+07:00,"29220.4,29254.4,29219.5,29248.2"
2026-05-12T09:55:00.000+07:00,"29248.1,29251.7,29238.8,29250.6"
2026-05-12T10:00:00.000+07:00,"29250.9,29252.1,29214.7,29221.8"
2026-05-12T10:05:00.000+07:00,"29221.3,29225.9,29214.1,29222.7"
2026-05-12T10:10:00.000+07:00,"29222.8,29234.6,29222.7,29229.9"
2026-05-12T10:15:00.000+07:00,"29230,29236.8,29222,29224.4"
2026-05-12T10:20:00.000+07:00,"29224.3,29229.3,29218.2,29222.4"
2026-05-12T10:25:00.000+07:00,"29222.6,29225.9,29219.3,29224.9"
2026-05-12T10:30:00.000+07:00,"29225.1,29234.1,29223.1,29223.7"
2026-05-12T10:35:00.000+07:00,"29224.2,29232.5,29222.4,29228.2"
2026-05-12T10:40:00.000+07:00,"29228.4,29234.8,29226.6,29227.2"
2026-05-12T10:45:00.000+07:00,"29227.1,29231.3,29214.5,29217.9"
2026-05-12T10:50:00.000+07:00,"29218.1,29220.9,29212.2,29216.4"
2026-05-12T10:55:00.000+07:00,"29216.5,29218.6,29208.5,29212.6"
2026-05-12T11:00:00.000+07:00,"29212.7,29220.3,29207.1,29214.1"
2026-05-12T11:05:00.000+07:00,"29213.7,29223,29213.7,29217.8"
2026-05-12T11:10:00.000+07:00,"29217.9,29220.2,29206.6,29208.8"
2026-05-12T11:15:00.000+07:00,"29209,29225.5,29207.1,29220.7"
2026-05-12T11:20:00.000+07:00,"29220.8,29224.2,29210.8,29214.3"
2026-05-12T11:25:00.000+07:00,"29214.4,29217.8,29211.3,29214.8"
2026-05-12T11:30:00.000+07:00,"29214.9,29216.8,29209.7,29212.2"
2026-05-12T11:35:00.000+07:00,"29212.1,29220.7,29206.6,29209.5"
2026-05-12T11:40:00.000+07:00,"29209.6,29212.5,29206.1,29211.4"
2026-05-12T11:45:00.000+07:00,"29211.5,29214.4,29203.7,29206.2"
2026-05-12T11:50:00.000+07:00,"29206.5,29206.6,29177.5,29183.3"
2026-05-12T11:55:00.000+07:00,"29183.2,29186.6,29170,29171.2"
2026-05-12T12:00:00.000+07:00,"29171.3,29187.6,29168.5,29187.4"
2026-05-12T12:05:00.000+07:00,"29187.3,29192.1,29177.4,29178.5"
2026-05-12T12:10:00.000+07:00,"29178.6,29186.5,29166.5,29168.5"
2026-05-12T12:15:00.000+07:00,"29168.1,29173.3,29160.5,29168.4"
2026-05-12T12:20:00.000+07:00,"29168.3,29190.7,29165.5,29180.5"
2026-05-12T12:25:00.000+07:00,"29181.1,29188.9,29177,29185.6"
2026-05-12T12:30:00.000+07:00,"29185.5,29187.5,29160.7,29162.5"
2026-05-12T12:35:00.000+07:00,"29162.3,29176.7,29159.7,29167.1"
2026-05-12T12:40:00.000+07:00,"29166.6,29169.4,29160,29163.6"
2026-05-12T12:45:00.000+07:00,"29164.1,29185.6,29163.6,29183.3"
2026-05-12T12:50:00.000+07:00,"29183.2,29185.1,29170.4,29172"
2026-05-12T12:55:00.000+07:00,"29172.2,29187,29171.2,29172.4"
2026-05-12T13:00:00.000+07:00,"29171.9,29179.5,29165.1,29172.9"
2026-05-12T13:05:00.000+07:00,"29173.1,29175.6,29149,29160.7"
2026-05-12T13:10:00.000+07:00,"29160.8,29170.5,29157.3,29164.4"
2026-05-12T13:15:00.000+07:00,"29164.5,29172.8,29160.3,29160.3"
2026-05-12T13:20:00.000+07:00,"29160.4,29162.2,29137.4,29142.6"
2026-05-12T13:25:00.000+07:00,"29142.5,29152.7,29135.8,29141.3"
2026-05-12T13:30:00.000+07:00,"29141.5,29151.4,29132.9,29144.3"
2026-05-12T13:35:00.000+07:00,"29144.2,29148.7,29125.8,29129.9"
2026-05-12T13:40:00.000+07:00,"29130.2,29137.5,29124.4,29134.1"
2026-05-12T13:45:00.000+07:00,"29134.4,29144.1,29129.6,29138"
2026-05-12T13:50:00.000+07:00,"29137.8,29138,29117.5,29120"
2026-05-12T13:55:00.000+07:00,"29120.1,29121.7,29103.1,29106.4"
2026-05-12T14:00:00.000+07:00,"29106.5,29112.8,29085.4,29091.8"
2026-05-12T14:05:00.000+07:00,"29091.7,29094.9,29070.3,29075.6"
2026-05-12T14:10:00.000+07:00,"29075.5,29110.2,29065.9,29106.1"
2026-05-12T14:15:00.000+07:00,"29106.2,29133,29103.7,29131.8"
2026-05-12T14:20:00.000+07:00,"29132,29143.5,29125.6,29128.3"
2026-05-12T14:25:00.000+07:00,"29128.1,29133.7,29113,29119.5"
2026-05-12T14:30:00.000+07:00,"29119.4,29141.6,29119.4,29141.3"
2026-05-12T14:35:00.000+07:00,"29141,29144.6,29131.1,29137.6"
2026-05-12T14:40:00.000+07:00,"29137.5,29141.7,29123.8,29125.3"
2026-05-12T14:45:00.000+07:00,"29125.9,29140.7,29121.9,29138.5"
2026-05-12T14:50:00.000+07:00,"29138.7,29141.6,29124.1,29132.7"
2026-05-12T14:55:00.000+07:00,"29132.8,29136.2,29126.3,29130.2"
2026-05-12T15:00:00.000+07:00,"29130.4,29133.4,29099.8,29106.6"
2026-05-12T15:05:00.000+07:00,"29106.9,29113.1,29088.1,29096.5"
2026-05-12T15:10:00.000+07:00,"29096.6,29096.6,29069.1,29069.3"
2026-05-12T15:15:00.000+07:00,"29069,29088.1,29062.3,29082"
2026-05-12T15:20:00.000+07:00,"29081.9,29099.8,29081.9,29087.2"
2026-05-12T15:25:00.000+07:00,"29087,29112,29078.7,29108"
2026-05-12T15:30:00.000+07:00,"29108.9,29112.2,29094.7,29105.8"
2026-05-12T15:35:00.000+07:00,"29105.6,29114.8,29098.3,29111.6"
2026-05-12T15:40:00.000+07:00,"29112,29113.8,29089.2,29089.2"
2026-05-12T15:45:00.000+07:00,"29088.9,29092.1,29074.6,29081.4"
2026-05-12T15:50:00.000+07:00,"29081.5,29090.3,29077.1,29088"
2026-05-12T15:55:00.000+07:00,"29088.1,29103.8,29083,29102.6"
2026-05-12T16:00:00.000+07:00,"29102.4,29113.7,29093.3,29101.4"
2026-05-12T16:05:00.000+07:00,"29101.2,29104.6,29065,29082.1"
2026-05-12T16:10:00.000+07:00,"29082.2,29097.6,29077.2,29097"
2026-05-12T16:15:00.000+07:00,"29096.8,29099.5,29086.7,29091.2"
2026-05-12T16:20:00.000+07:00,"29091.3,29105.7,29085,29102.6"
2026-05-12T16:25:00.000+07:00,"29102.7,29108.8,29090.6,29097.9"
2026-05-12T16:30:00.000+07:00,"29097.6,29136.3,29097.6,29121.1"
2026-05-12T16:35:00.000+07:00,"29121,29125,29104.2,29111.4"
2026-05-12T16:40:00.000+07:00,"29111.6,29115.7,29103.6,29106"
2026-05-12T16:45:00.000+07:00,"29107.1,29117.6,29100,29113.1"
2026-05-12T16:50:00.000+07:00,"29113,29123,29099.4,29103.7"
2026-05-12T16:55:00.000+07:00,"29103.8,29110.4,29100.2,29108.8"
2026-05-12T17:00:00.000+07:00,"29108.9,29120.4,29108.9,29111.7"
2026-05-12T17:05:00.000+07:00,"29111.9,29122.5,29104.5,29120.3"
2026-05-12T17:10:00.000+07:00,"29120.4,29137.1,29120.3,29127.5"
2026-05-12T17:15:00.000+07:00,"29127.9,29128.5,29111.3,29114.5"
2026-05-12T17:20:00.000+07:00,"29114.6,29116.1,29107.7,29112.4"
2026-05-12T17:25:00.000+07:00,"29111.9,29114.6,29104.9,29113.9"
2026-05-12T17:30:00.000+07:00,"29114.3,29117.5,29099,29099.3"
2026-05-12T17:35:00.000+07:00,"29099.4,29114.8,29091.7,29092"
2026-05-12T17:40:00.000+07:00,"29092.1,29094.5,29074.7,29084.5"
2026-05-12T17:45:00.000+07:00,"29084.4,29088.6,29076.3,29087.5"
2026-05-12T17:50:00.000+07:00,"29087.6,29092.2,29079.1,29083.8"
2026-05-12T17:55:00.000+07:00,"29083.7,29103.4,29081.5,29097.7"
2026-05-12T18:00:00.000+07:00,"29098,29106.9,29063,29066.5"
2026-05-12T18:05:00.000+07:00,"29066.7,29068.1,29035.6,29068.1"
2026-05-12T18:10:00.000+07:00,"29068,29086.4,29036,29044.1"
2026-05-12T18:15:00.000+07:00,"29044,29047.9,29021.1,29031.9"
2026-05-12T18:20:00.000+07:00,"29032.3,29048.1,29025.6,29041.7"
2026-05-12T18:25:00.000+07:00,"29041.9,29056.3,29039.4,29052"
2026-05-12T18:30:00.000+07:00,"29052.2,29058.2,29044.7,29054.2"
2026-05-12T18:35:00.000+07:00,"29054.1,29069.2,29041.8,29068.7"
2026-05-12T18:40:00.000+07:00,"29068.8,29074.5,29056,29062.4"
2026-05-12T18:45:00.000+07:00,"29062.3,29072.7,29060.9,29066.7"
2026-05-12T18:50:00.000+07:00,"29066.9,29071.2,29054.7,29063"
2026-05-12T18:55:00.000+07:00,"29062.9,29066.7,29053.1,29053.8"
2026-05-12T19:00:00.000+07:00,"29056.8,29056.8,29023.5,29024.4"
2026-05-12T19:05:00.000+07:00,"29024.5,29031.8,29010.1,29022.6"
2026-05-12T19:10:00.000+07:00,"29022.8,29058,29022.5,29053.7"
2026-05-12T19:15:00.000+07:00,"29053.4,29053.7,29036.9,29039.3"
2026-05-12T19:20:00.000+07:00,"29039.7,29039.8,29017.1,29022"
2026-05-12T19:25:00.000+07:00,"29021.9,29041.9,29017.1,29039.8"
2026-05-12T19:30:00.000+07:00,"29040.2,29069,29002.7,29061.8"
2026-05-12T19:35:00.000+07:00,"29062.1,29111.7,29059.7,29106.3"
2026-05-12T19:40:00.000+07:00,"29106.2,29117.1,29087.9,29091.6"
2026-05-12T19:45:00.000+07:00,"29090.5,29108.6,29090.4,29098.5"
2026-05-12T19:50:00.000+07:00,"29097.5,29121.6,29094.4,29117.1"
2026-05-12T19:55:00.000+07:00,"29117.2,29117.9,29101.8,29112.2"
2026-05-12T20:00:00.000+07:00,"29111.9,29126.9,29096.2,29103.7"
2026-05-12T20:05:00.000+07:00,"29102.8,29108.9,29092.9,29105"
2026-05-12T20:10:00.000+07:00,"29105.1,29116.1,29099.7,29104.6"
2026-05-12T20:15:00.000+07:00,"29104.4,29105.3,29079.5,29093"
2026-05-12T20:20:00.000+07:00,"29092.1,29100,29081.1,29091.6"
2026-05-12T20:25:00.000+07:00,"29091.5,29109,29077.4,29102.1"
2026-05-12T20:30:00.000+07:00,"29102.6,29116.1,29034.7,29087.3"
2026-05-12T20:35:00.000+07:00,"29087.1,29120.8,29033.8,29115.4"
2026-05-12T20:40:00.000+07:00,"29115,29174.3,29102.4,29174.3"
2026-05-12T20:45:00.000+07:00,"29174.1,29184.1,29093.3,29110.1"
2026-05-12T20:50:00.000+07:00,"29108.8,29140.5,29073,29114"
2026-05-12T20:55:00.000+07:00,"29114.1,29118.4,29003,29017.5"
2026-05-12T21:00:00.000+07:00,"29017.7,29050.9,28977.9,29001.9"
2026-05-12T21:05:00.000+07:00,"29001.3,29042.1,28995.3,29026.3"
2026-05-12T21:10:00.000+07:00,"29026.2,29083,29006.6,29079.6"
2026-05-12T21:15:00.000+07:00,"29080.5,29111.8,29058.6,29107.6"
2026-05-12T21:20:00.000+07:00,"29108.1,29114.8,29062.1,29067.5"
2026-05-12T21:25:00.000+07:00,"29067.1,29081.4,28971.8,28975.3"
2026-05-12T21:30:00.000+07:00,"28977,28984.4,28897.4,28934.3"
2026-05-12T21:35:00.000+07:00,"28934,28996.4,28904.8,28990.2"
2026-05-12T21:40:00.000+07:00,"28989.8,29015.9,28952.5,28973.3"
2026-05-12T21:45:00.000+07:00,"28973.4,28973.4,28925.9,28930.1"
2026-05-12T21:50:00.000+07:00,"28931.1,28966.8,28902.6,28949.8"
2026-05-12T21:55:00.000+07:00,"28949.9,28961.3,28892.4,28905.2"
2026-05-12T22:00:00.000+07:00,"28906,28922.5,28872.5,28874.2"
2026-05-12T22:05:00.000+07:00,"28874.1,28913.7,28859.9,28909.2"
2026-05-12T22:10:00.000+07:00,"28909.1,28914.5,28854.8,28856.8"
2026-05-12T22:15:00.000+07:00,"28857.4,28860.7,28804.7,28829.1"
2026-05-12T22:20:00.000+07:00,"28828.6,28836.1,28757.4,28772.1"
2026-05-12T22:25:00.000+07:00,"28774,28787.4,28745.6,28765.7"
2026-05-12T22:30:00.000+07:00,"28765.9,28813.7,28759.9,28804.1"
2026-05-12T22:35:00.000+07:00,"28804.3,28834.2,28780.3,28822.2"
2026-05-12T22:40:00.000+07:00,"28821.9,28831.2,28789,28819"
2026-05-12T22:45:00.000+07:00,"28819.7,28831.1,28793.7,28799.5"
2026-05-12T22:50:00.000+07:00,"28799.3,28810,28764.9,28765.1"
2026-05-12T22:55:00.000+07:00,"28764.8,28770.8,28719.7,28731.8"
2026-05-12T23:00:00.000+07:00,"28730.8,28786.7,28702.5,28778.7"
2026-05-12T23:05:00.000+07:00,"28778.5,28786,28747.1,28758.2"
2026-05-12T23:10:00.000+07:00,"28759.6,28806,28750.4,28801.8"
2026-05-12T23:15:00.000+07:00,"28801.6,28803.3,28761.2,28761.9"
2026-05-12T23:20:00.000+07:00,"28761.8,28778.7,28720.8,28740.8"
2026-05-12T23:25:00.000+07:00,"28740.7,28752.9,28726.5,28732"
2026-05-12T23:30:00.000+07:00,"28730.5,28737.1,28688.3,28704.2"
2026-05-12T23:35:00.000+07:00,"28703.9,28733.3,28698.2,28703.9"
2026-05-12T23:40:00.000+07:00,"28702.9,28718.8,28659,28680.5"
2026-05-12T23:45:00.000+07:00,"28679.6,28694.9,28646.4,28663.9"
2026-05-12T23:50:00.000+07:00,"28665.1,28675.3,28633.3,28644.6"
2026-05-12T23:55:00.000+07:00,"28644.2,28659,28633.6,28640.4"
2026-05-13T00:00:00.000+07:00,"28639.5,28690.9,28639.4,28684.2"
2026-05-13T00:05:00.000+07:00,"28684.4,28727.4,28682.7,28704"
2026-05-13T00:10:00.000+07:00,"28704.7,28734.3,28700,28730.9"
2026-05-13T00:15:00.000+07:00,"28730.7,28773.2,28728.7,28763.2"
2026-05-13T00:20:00.000+07:00,"28763.5,28818.5,28763.5,28799.1"
2026-05-13T00:25:00.000+07:00,"28798.9,28802.7,28756,28778.8"
2026-05-13T00:30:00.000+07:00,"28779.5,28818.9,28772.1,28811.3"
2026-05-13T00:35:00.000+07:00,"28811.6,28812.6,28767.9,28788.8"
2026-05-13T00:40:00.000+07:00,"28788.7,28802.8,28783.6,28790.6"
2026-05-13T00:45:00.000+07:00,"28790.8,28797.9,28769.1,28783.8"
2026-05-13T00:50:00.000+07:00,"28785.7,28809.8,28771.2,28809.8"
2026-05-13T00:55:00.000+07:00,"28809.7,28816,28786.5,28810.7"
2026-05-13T01:00:00.000+07:00,"28810.8,28833.2,28803.3,28827.4"
2026-05-13T01:05:00.000+07:00,"28827.3,28831.7,28802.7,28807.9"
2026-05-13T01:10:00.000+07:00,"28808.2,28838.9,28802.7,28837.7"
2026-05-13T01:15:00.000+07:00,"28837.5,28852.3,28821.3,28833"
2026-05-13T01:20:00.000+07:00,"28832.8,28852.4,28830.4,28847.3"
2026-05-13T01:25:00.000+07:00,"28847.9,28893,28847.9,28880.8"
2026-05-13T01:30:00.000+07:00,"28880.6,28896.8,28871.3,28876.6"
2026-05-13T01:35:00.000+07:00,"28876.9,28892.7,28863.2,28874.2"
2026-05-13T01:40:00.000+07:00,"28874.4,28888.7,28867.2,28868.5"
2026-05-13T01:45:00.000+07:00,"28868.6,28871.4,28837.9,28864.2"
2026-05-13T01:50:00.000+07:00,"28866.4,28889.5,28858.7,28878"
2026-05-13T01:55:00.000+07:00,"28877.8,28898.7,28843.4,28849.4"
2026-05-13T02:00:00.000+07:00,"28848.6,28878.1,28848.3,28875.6"
2026-05-13T02:05:00.000+07:00,"28875.7,28896.5,28864.4,28884.9"
2026-05-13T02:10:00.000+07:00,"28885,28941.7,28882.8,28930"
2026-05-13T02:15:00.000+07:00,"28930.4,28955,28930.4,28936.4"
2026-05-13T02:20:00.000+07:00,"28936.6,28943.7,28908.1,28935.5"
2026-05-13T02:25:00.000+07:00,"28935.7,28948.1,28933.1,28940.7"
2026-05-13T02:30:00.000+07:00,"28940.8,29004.8,28940.8,28996.8"
2026-05-13T02:35:00.000+07:00,"28996.9,29007.1,28982.4,29002.4"
2026-05-13T02:40:00.000+07:00,"29002.7,29025,28996.2,29020.3"
2026-05-13T02:45:00.000+07:00,"29019.8,29038.9,29006.9,29031.3"
2026-05-13T02:50:00.000+07:00,"29031.1,29081.3,29031.1,29053.9"
2026-05-13T02:55:00.000+07:00,"29054.2,29075.2,29049.3,29066.4"
2026-05-13T03:00:00.000+07:00,"29065.6,29070.2,29019.3,29023"
2026-05-13T03:05:00.000+07:00,"29022.8,29030.6,29003.1,29011.2"
2026-05-13T03:10:00.000+07:00,"29011.5,29021.9,28996.5,29017.6"
2026-05-13T03:15:00.000+07:00,"29018.1,29036.3,29012.9,29013.8"
2026-05-13T03:20:00.000+07:00,"29014.6,29024.5,29009.5,29014.5"
2026-05-13T03:25:00.000+07:00,"29013,29019.3,28999.8,29018.2"
2026-05-13T03:30:00.000+07:00,"29018.4,29019.4,29000.2,29002.2"
2026-05-13T03:35:00.000+07:00,"29002.1,29027.9,29000.3,29022.8"
2026-05-13T03:40:00.000+07:00,"29022.9,29029.8,29019.1,29023.1"
2026-05-13T03:45:00.000+07:00,"29022.8,29031.9,29020.6,29029.5"
2026-05-13T03:50:00.000+07:00,"29030.2,29046,29029.4,29042.4"
2026-05-13T03:55:00.000+07:00,"29041.9,29043.1,29027.25,29028.1"
2026-05-13T04:00:00.000+07:00,"29028,29031.7,29022.4,29025.8"
2026-05-13T04:05:00.000+07:00,"29025.6,29025.6,29020,29022.5"
2026-05-13T04:10:00.000+07:00,"29022.7,29023.6,29022.1,29023.1"
2026-05-13T04:15:00.000+07:00,"29023.3,29023.3,29021.5,29022.2"
2026-05-13T04:20:00.000+07:00,"29022.3,29025.2,29016.7,29021.4"
2026-05-13T04:25:00.000+07:00,"29021.5,29026.7,29021.5,29023"
2026-05-13T04:30:00.000+07:00,"29023.1,29030.1,29021.4,29028.9"
2026-05-13T04:35:00.000+07:00,"29029,29035.3,29029,29035.3"
2026-05-13T04:40:00.000+07:00,"29035.1,29038.1,29029.4,29035.9"
2026-05-13T04:45:00.000+07:00,"29036.6,29043.7,29035.8,29042.4"
2026-05-13T04:50:00.000+07:00,"29042.8,29044.6,29038.1,29039.7"
2026-05-13T04:55:00.000+07:00,"29039.6,29044.2,29039.5,29043.1"
2026-05-13T05:00:00.000+07:00,"29038.2,29063.6,29031,29061"
2026-05-13T05:05:00.000+07:00,"29060.8,29066.7,29053.7,29060.8"
2026-05-13T05:10:00.000+07:00,"29060.9,29064,29056.3,29058.5"
2026-05-13T05:15:00.000+07:00,"29058.4,29079.5,29056.6,29076.2"
2026-05-13T05:20:00.000+07:00,"29076.3,29083.9,29071.4,29078.5"
2026-05-13T05:25:00.000+07:00,"29078.3,29081.7,29062.4,29067.1"
2026-05-13T05:30:00.000+07:00,"29066.6,29075.4,29064.3,29069.1"
2026-05-13T05:35:00.000+07:00,"29069.2,29076.3,29067.4,29070.1"
2026-05-13T05:40:00.000+07:00,"29070.2,29071.7,29060.3,29062.5"
2026-05-13T05:45:00.000+07:00,"29062.6,29070.7,29062.5,29064.5"
2026-05-13T05:50:00.000+07:00,"29064.4,29070.8,29057.4,29064"
2026-05-13T05:55:00.000+07:00,"29064.3,29065,29039,29039.2"
2026-05-13T06:00:00.000+07:00,"29038.5,29051.8,29032.2,29033.4"
2026-05-13T06:05:00.000+07:00,"29033.9,29042.4,29031.1,29039.4"
2026-05-13T06:10:00.000+07:00,"29039.6,29053.4,29025.4,29033.8"
2026-05-13T06:15:00.000+07:00,"29033.9,29038.9,29028.4,29029.3"
2026-05-13T06:20:00.000+07:00,"29030.2,29035.5,29023,29032.1"
2026-05-13T06:25:00.000+07:00,"29031.9,29039,29023.6,29024.9"
2026-05-13T06:30:00.000+07:00,"29024.2,29025.4,29012.6,29017.6"
2026-05-13T06:35:00.000+07:00,"29017.7,29021.1,29000.2,29001"
2026-05-13T06:40:00.000+07:00,"29000.9,29000.9,28975.2,28984.6"
2026-05-13T06:45:00.000+07:00,"28984.5,29002.6,28980.7,28994.2"
2026-05-13T06:50:00.000+07:00,"28994.1,29010.4,28993,28997.2"
2026-05-13T06:55:00.000+07:00,"28996.7,28997.2,28977.9,28978.7"
2026-05-13T07:00:00.000+07:00,"28978.5,29009.3,28951.4,28995.8"
2026-05-13T07:05:00.000+07:00,"28996,29011.2,28985,28985.9"
2026-05-13T07:10:00.000+07:00,"28986,28995.3,28979.9,28983.2"
2026-05-13T07:15:00.000+07:00,"28982.9,29032.8,28980,29030.5"
2026-05-13T07:20:00.000+07:00,"29030.7,29052.5,29016,29032"
2026-05-13T07:25:00.000+07:00,"29032.4,29035.3,29002.1,29018.4"
2026-05-13T07:30:00.000+07:00,"29018.3,29019.8,28994.2,29015.1"
2026-05-13T07:35:00.000+07:00,"29015.2,29034.3,29005.8,29031.5"
2026-05-13T07:40:00.000+07:00,"29031.6,29040.9,29024.9,29031"
2026-05-13T07:45:00.000+07:00,"29030.1,29033.1,29017.9,29020.1"
2026-05-13T07:50:00.000+07:00,"29019.7,29033.5,29010.8,29033.5"
2026-05-13T07:55:00.000+07:00,"29033.1,29043.8,29030.1,29039.5"
2026-05-13T08:00:00.000+07:00,"29039.3,29064.9,29038.8,29055.1"
2026-05-13T08:05:00.000+07:00,"29055.2,29072.6,29052.6,29071.7"
2026-05-13T08:10:00.000+07:00,"29071.6,29084.4,29068.5,29078.6"
2026-05-13T08:15:00.000+07:00,"29078.5,29082,29061.8,29076.1"
2026-05-13T08:20:00.000+07:00,"29075.8,29093.5,29067,29072.6"
2026-05-13T08:25:00.000+07:00,"29072.3,29090.9,29069.1,29090.4"
2026-05-13T08:30:00.000+07:00,"29090.7,29100.5,29074.2,29076.1"
2026-05-13T08:35:00.000+07:00,"29076,29086.6,29069.6,29085.8"
2026-05-13T08:40:00.000+07:00,"29085.5,29098,29083.2,29097.7"
2026-05-13T08:45:00.000+07:00,"29098,29135,29097.7,29127.8"
2026-05-13T08:50:00.000+07:00,"29128,29157.4,29118.3,29122.5"
2026-05-13T08:55:00.000+07:00,"29124.3,29124.3,29103,29111.6"
2026-05-13T09:00:00.000+07:00,"29110.9,29137.7,29105,29105.6"
2026-05-13T09:05:00.000+07:00,"29105.4,29113.7,29098.3,29102.4"
2026-05-13T09:10:00.000+07:00,"29101.9,29125.1,29101.1,29112.7"
2026-05-13T09:15:00.000+07:00,"29112.5,29122.6,29107.8,29118.2"
2026-05-13T09:20:00.000+07:00,"29118.1,29130.6,29110.5,29123.9"
2026-05-13T09:25:00.000+07:00,"29124.5,29131.8,29121.7,29131.8"
2026-05-13T09:30:00.000+07:00,"29131.6,29135.4,29126.7,29128.9"
2026-05-13T09:35:00.000+07:00,"29129.1,29130.5,29124.1,29124.2"
2026-05-13T09:40:00.000+07:00,"29123.8,29125.8,29115.4,29123.3"
2026-05-13T09:45:00.000+07:00,"29123.4,29129.2,29106.2,29115"
2026-05-13T09:50:00.000+07:00,"29114.8,29119.7,29112.3,29113"
2026-05-13T09:55:00.000+07:00,"29113.2,29123.6,29109.9,29117.7"
2026-05-13T10:00:00.000+07:00,"29117.6,29123.5,29102.2,29103.7"
2026-05-13T10:05:00.000+07:00,"29103.5,29109.6,29099,29108.6"
2026-05-13T10:10:00.000+07:00,"29108.7,29121.1,29101,29103.1"
2026-05-13T10:15:00.000+07:00,"29103.6,29121.6,29103.2,29118.8"
2026-05-13T10:20:00.000+07:00,"29118.3,29126.2,29118.3,29124.7"
2026-05-13T10:25:00.000+07:00,"29124.8,29135.2,29124.4,29134"
2026-05-13T10:30:00.000+07:00,"29134.1,29148.6,29133.9,29143.7"
2026-05-13T10:35:00.000+07:00,"29143.8,29156.4,29142,29153"
2026-05-13T10:40:00.000+07:00,"29153.1,29162,29149.3,29159.9"
2026-05-13T10:45:00.000+07:00,"29159.8,29159.8,29143.4,29145.6"
2026-05-13T10:50:00.000+07:00,"29145.1,29149.2,29135.4,29143"
2026-05-13T10:55:00.000+07:00,"29143.5,29151.6,29140.3,29145.8"
2026-05-13T11:00:00.000+07:00,"29145.9,29163.1,29139.2,29158.4"
2026-05-13T11:05:00.000+07:00,"29158.5,29160.7,29151.5,29157.8"
2026-05-13T11:10:00.000+07:00,"29156.8,29159.6,29152.8,29159.4"
2026-05-13T11:15:00.000+07:00,"29159.5,29163.1,29157.7,29159.8"
2026-05-13T11:20:00.000+07:00,"29159.9,29170.1,29158.1,29165.8"
2026-05-13T11:25:00.000+07:00,"29166,29177.7,29166,29173.2"
2026-05-13T11:30:00.000+07:00,"29173.1,29194.7,29170,29170.5"
2026-05-13T11:35:00.000+07:00,"29170.6,29177,29157,29176.5"
2026-05-13T11:40:00.000+07:00,"29176.3,29179.3,29170.2,29175.1"
2026-05-13T11:45:00.000+07:00,"29175.2,29181.3,29173.6,29180.7"
2026-05-13T11:50:00.000+07:00,"29180.5,29183.9,29173.9,29183.1"
2026-05-13T11:55:00.000+07:00,"29183.5,29192.1,29179.1,29182.3"
2026-05-13T12:00:00.000+07:00,"29182.1,29190.5,29171.8,29189.9"
2026-05-13T12:05:00.000+07:00,"29190,29193.7,29182.1,29190.1"
2026-05-13T12:10:00.000+07:00,"29190,29207.3,29189.4,29190.7"
2026-05-13T12:15:00.000+07:00,"29190.2,29195.2,29183,29183.9"
2026-05-13T12:20:00.000+07:00,"29184,29204.3,29182.1,29200"
2026-05-13T12:25:00.000+07:00,"29200.1,29201.5,29193.4,29195.4"
2026-05-13T12:30:00.000+07:00,"29195.5,29199.7,29189.5,29192.7"
2026-05-13T12:35:00.000+07:00,"29192.6,29201,29189,29194.8"
2026-05-13T12:40:00.000+07:00,"29194.6,29198.9,29183.9,29189.3"
2026-05-13T12:45:00.000+07:00,"29189.2,29190.6,29183.7,29184.5"
2026-05-13T12:50:00.000+07:00,"29185,29192.7,29180.2,29184"
2026-05-13T12:55:00.000+07:00,"29183.8,29193.2,29183.6,29191.6"
2026-05-13T13:00:00.000+07:00,"29191.7,29202,29185.4,29201.5"
2026-05-13T13:05:00.000+07:00,"29201.4,29205.2,29195.5,29198.3"
2026-05-13T13:10:00.000+07:00,"29198.4,29218.6,29197.3,29218.3"
2026-05-13T13:15:00.000+07:00,"29218.2,29249.6,29217.8,29241.4"
2026-05-13T13:20:00.000+07:00,"29241.2,29241.2,29208,29212.8"
2026-05-13T13:25:00.000+07:00,"29213.2,29218.5,29206.7,29210.6"
2026-05-13T13:30:00.000+07:00,"29209.9,29222.7,29208.1,29209.8"
2026-05-13T13:35:00.000+07:00,"29209.7,29217.9,29206.6,29211.7"
2026-05-13T13:40:00.000+07:00,"29211.9,29214.6,29206.2,29209.7"
2026-05-13T13:45:00.000+07:00,"29210,29210.3,29201.3,29204.5"
2026-05-13T13:50:00.000+07:00,"29204.4,29205.7,29187.8,29204.1"
2026-05-13T13:55:00.000+07:00,"29204.3,29207.6,29198.9,29204.8"
2026-05-13T14:00:00.000+07:00,"29204.5,29219.2,29195.1,29212.8"
2026-05-13T14:05:00.000+07:00,"29212.9,29213.9,29195.1,29196.9"
2026-05-13T14:10:00.000+07:00,"29197,29206.9,29184.4,29205.2"
2026-05-13T14:15:00.000+07:00,"29204.8,29215.5,29203,29206.5"
2026-05-13T14:20:00.000+07:00,"29206.6,29213.8,29204.3,29207.7"
2026-05-13T14:25:00.000+07:00,"29207.6,29217.6,29205.8,29213.2"
2026-05-13T14:30:00.000+07:00,"29213.3,29220.4,29208,29218.8"
2026-05-13T14:35:00.000+07:00,"29218,29229.8,29217.3,29220.2"
2026-05-13T14:40:00.000+07:00,"29220.3,29257.9,29218.3,29252.6"
2026-05-13T14:45:00.000+07:00,"29252.7,29266.4,29245.7,29245.7"
2026-05-13T14:50:00.000+07:00,"29245.8,29262.8,29244.4,29248.8"
2026-05-13T14:55:00.000+07:00,"29248.6,29267.4,29247.6,29266.2"
2026-05-13T15:00:00.000+07:00,"29266.7,29287.8,29266.2,29276.3"
2026-05-13T15:05:00.000+07:00,"29276.5,29300.4,29275.8,29297.1"
2026-05-13T15:10:00.000+07:00,"29296.7,29328.1,29296.6,29317.5"
2026-05-13T15:15:00.000+07:00,"29317.7,29336.9,29315.9,29323.6"
2026-05-13T15:20:00.000+07:00,"29323.7,29342.8,29323.6,29331.2"
2026-05-13T15:25:00.000+07:00,"29331.3,29335.1,29321.2,29331.2"
2026-05-13T15:30:00.000+07:00,"29331.3,29332.5,29317.3,29322.4"
2026-05-13T15:35:00.000+07:00,"29322.5,29335,29318.2,29335"
2026-05-13T15:40:00.000+07:00,"29335.1,29343.8,29330.1,29330.4"
2026-05-13T15:45:00.000+07:00,"29330,29333.9,29302.8,29305.6"
2026-05-13T15:50:00.000+07:00,"29306.1,29320.8,29302.3,29304.1"
2026-05-13T15:55:00.000+07:00,"29303.8,29314.8,29298.7,29309.8"
2026-05-13T16:00:00.000+07:00,"29310.1,29310.3,29295.6,29297.9"
2026-05-13T16:05:00.000+07:00,"29298.3,29299.2,29282.7,29288.8"
2026-05-13T16:10:00.000+07:00,"29288.9,29290.8,29266.7,29276.7"
2026-05-13T16:15:00.000+07:00,"29276.6,29288.2,29270.8,29274"
2026-05-13T16:20:00.000+07:00,"29273.6,29280.7,29262.1,29273.5"
2026-05-13T16:25:00.000+07:00,"29273.6,29289.5,29273.5,29285"
2026-05-13T16:30:00.000+07:00,"29284.8,29307.8,29272.6,29304"
2026-05-13T16:35:00.000+07:00,"29304.3,29313.2,29301.3,29310.3"
2026-05-13T16:40:00.000+07:00,"29309.9,29312.9,29298.8,29307.7"
2026-05-13T16:45:00.000+07:00,"29307.6,29308.1,29297.6,29303.9"
2026-05-13T16:50:00.000+07:00,"29303.8,29310.6,29299,29310.2"
2026-05-13T16:55:00.000+07:00,"29310.5,29322.6,29307.9,29316.4"
2026-05-13T17:00:00.000+07:00,"29316.1,29319.7,29309.4,29312.1"
2026-05-13T17:05:00.000+07:00,"29312.2,29319.5,29309.6,29312.2"
2026-05-13T17:10:00.000+07:00,"29312.3,29315.7,29285.8,29295.2"
2026-05-13T17:15:00.000+07:00,"29295.5,29302.2,29291.7,29292.2"
2026-05-13T17:20:00.000+07:00,"29292.1,29296.8,29277.8,29286.1"
2026-05-13T17:25:00.000+07:00,"29286.3,29289.3,29278.6,29284"
2026-05-13T17:30:00.000+07:00,"29283.9,29289.6,29265,29271.6"
2026-05-13T17:35:00.000+07:00,"29271.5,29280.3,29264.6,29277.6"
2026-05-13T17:40:00.000+07:00,"29277.5,29290.3,29275.2,29288"
2026-05-13T17:45:00.000+07:00,"29287.7,29292.2,29283.6,29285"
2026-05-13T17:50:00.000+07:00,"29284.9,29288.3,29279.1,29286.4"
2026-05-13T17:55:00.000+07:00,"29286.5,29289.1,29276.1,29281.3"
2026-05-13T18:00:00.000+07:00,"29280.2,29291.1,29254.8,29257"
2026-05-13T18:05:00.000+07:00,"29256.9,29265.4,29253,29262.9"
2026-05-13T18:10:00.000+07:00,"29262.6,29269.3,29249.9,29263.5"
2026-05-13T18:15:00.000+07:00,"29263.3,29272.1,29255.3,29259.3"
2026-05-13T18:20:00.000+07:00,"29259.4,29263.6,29246,29252.5"
2026-05-13T18:25:00.000+07:00,"29252.9,29257.9,29243.5,29256.9"
2026-05-13T18:30:00.000+07:00,"29256.8,29279.8,29251.4,29271.2"
2026-05-13T18:35:00.000+07:00,"29271.7,29275.8,29259.2,29260.8"
2026-05-13T18:40:00.000+07:00,"29260.6,29271.6,29256.9,29267.8"
2026-05-13T18:45:00.000+07:00,"29267.6,29277.3,29261.7,29261.8"
2026-05-13T18:50:00.000+07:00,"29261.3,29271.8,29253.4,29269"
2026-05-13T18:55:00.000+07:00,"29268.8,29276,29263.8,29266.7"
2026-05-13T19:00:00.000+07:00,"29266.3,29298.8,29264.1,29292.9"
2026-05-13T19:05:00.000+07:00,"29292.7,29293.2,29272.5,29274.3"
2026-05-13T19:10:00.000+07:00,"29273.9,29274.7,29260.9,29271.1"
2026-05-13T19:15:00.000+07:00,"29271.2,29271.6,29247.8,29251.1"
2026-05-13T19:20:00.000+07:00,"29251.2,29251.2,29206.5,29234.9"
2026-05-13T19:25:00.000+07:00,"29235.6,29257.7,29235.3,29255.7"
2026-05-13T19:30:00.000+07:00,"29255.8,29256.5,29154.6,29174.9"
2026-05-13T19:35:00.000+07:00,"29175.2,29188.3,29124.3,29127.7"
2026-05-13T19:40:00.000+07:00,"29127.9,29152.8,29096.3,29142.5"
2026-05-13T19:45:00.000+07:00,"29142.7,29161.6,29132.9,29137"
2026-05-13T19:50:00.000+07:00,"29136.7,29153,29119.9,29126.8"
2026-05-13T19:55:00.000+07:00,"29126.7,29147.5,29121.5,29132"
2026-05-13T20:00:00.000+07:00,"29132.5,29182.8,29132,29182.2"
2026-05-13T20:05:00.000+07:00,"29182.5,29190.6,29169.2,29173.5"
2026-05-13T20:10:00.000+07:00,"29173.7,29190.3,29172,29186.4"
2026-05-13T20:15:00.000+07:00,"29186.5,29190,29178.7,29180.7"
2026-05-13T20:20:00.000+07:00,"29180.8,29193.6,29178.2,29192.6"
2026-05-13T20:25:00.000+07:00,"29192.7,29200,29177.6,29184"
2026-05-13T20:30:00.000+07:00,"29184.3,29184.55,29112,29154.3"
2026-05-13T20:35:00.000+07:00,"29153.6,29157.2,29076.7,29100.9"
2026-05-13T20:40:00.000+07:00,"29102.1,29159.4,29087.8,29106.5"
2026-05-13T20:45:00.000+07:00,"29106.6,29111.5,28971.6,29032.4"
2026-05-13T20:50:00.000+07:00,"29032.5,29118.2,28992.3,29116.7"
2026-05-13T20:55:00.000+07:00,"29116.5,29120.9,29047.2,29064.7"
2026-05-13T21:00:00.000+07:00,"29065.2,29079.4,29037.1,29059.8"
2026-05-13T21:05:00.000+07:00,"29058.9,29080.8,29011.4,29041.1"
2026-05-13T21:10:00.000+07:00,"29042.2,29088.1,29028.2,29069.4"
2026-05-13T21:15:00.000+07:00,"29069.7,29089.8,29046.2,29060.5"
2026-05-13T21:20:00.000+07:00,"29060.8,29140.8,29056.7,29133.6"
2026-05-13T21:25:00.000+07:00,"29134.6,29160.6,29123.5,29132.6"
2026-05-13T21:30:00.000+07:00,"29132.8,29172.1,29117.1,29170.5"
2026-05-13T21:35:00.000+07:00,"29170.9,29175.7,29114.3,29136.2"
2026-05-13T21:40:00.000+07:00,"29136.7,29172.4,29125.8,29161.5"
2026-05-13T21:45:00.000+07:00,"29161.6,29174.2,29134.8,29165.7"
2026-05-13T21:50:00.000+07:00,"29166,29211.2,29154.4,29205.6"
2026-05-13T21:55:00.000+07:00,"29205.4,29217.2,29193.7,29214"
2026-05-13T22:00:00.000+07:00,"29214.7,29245.9,29212.4,29231.8"
2026-05-13T22:05:00.000+07:00,"29232.2,29234.6,29212.7,29228.1"
2026-05-13T22:10:00.000+07:00,"29226.4,29230.3,29194.3,29217.7"
2026-05-13T22:15:00.000+07:00,"29217.3,29235.1,29213.5,29229"
2026-05-13T22:20:00.000+07:00,"29229.1,29236.7,29202.2,29212.5"
2026-05-13T22:25:00.000+07:00,"29212.8,29213.6,29177.3,29207.3"
2026-05-13T22:30:00.000+07:00,"29206.2,29222.4,29179.1,29215.6"
2026-05-13T22:35:00.000+07:00,"29215.9,29238,29210.6,29226.9"
2026-05-13T22:40:00.000+07:00,"29227,29277.3,29227,29272.1"
2026-05-13T22:45:00.000+07:00,"29272.4,29273.8,29245.5,29245.7"
2026-05-13T22:50:00.000+07:00,"29246,29248.5,29211.6,29232.2"
2026-05-13T22:55:00.000+07:00,"29232.9,29233.2,29192.1,29204.2"
2026-05-13T23:00:00.000+07:00,"29204.1,29251.6,29193.5,29250.3"
2026-05-13T23:05:00.000+07:00,"29250.4,29262.5,29228.5,29262"
2026-05-13T23:10:00.000+07:00,"29263.3,29283.9,29259.5,29280.7"
2026-05-13T23:15:00.000+07:00,"29281.2,29290.3,29269.5,29277.9"
2026-05-13T23:20:00.000+07:00,"29277.2,29335.1,29271.6,29325.2"
2026-05-13T23:25:00.000+07:00,"29325,29339.4,29307.2,29331.4"
2026-05-13T23:30:00.000+07:00,"29329.1,29336.1,29308,29332"
2026-05-13T23:35:00.000+07:00,"29332.2,29340.2,29322.8,29324"
2026-05-13T23:40:00.000+07:00,"29324.9,29338,29324.8,29326.8"
2026-05-13T23:45:00.000+07:00,"29326.6,29336.1,29315.8,29322.6"
2026-05-13T23:50:00.000+07:00,"29323.2,29335.7,29309.8,29333.6"
2026-05-13T23:55:00.000+07:00,"29333.7,29357.2,29333.3,29340.9"
2026-05-14T00:00:00.000+07:00,"29339.8,29370.2,29339.8,29363"
2026-05-14T00:05:00.000+07:00,"29362.8,29385.1,29362.3,29368.9"
2026-05-14T00:10:00.000+07:00,"29369.1,29386,29368.3,29380.4"
2026-05-14T00:15:00.000+07:00,"29380.3,29389,29370.6,29377.9"
2026-05-14T00:20:00.000+07:00,"29377.7,29379.5,29359.7,29359.7"
2026-05-14T00:25:00.000+07:00,"29360.4,29385.7,29356.2,29379.2"
2026-05-14T00:30:00.000+07:00,"29377.6,29383.8,29357.2,29361.4"
2026-05-14T00:35:00.000+07:00,"29361.3,29368.8,29356.9,29359.4"
2026-05-14T00:40:00.000+07:00,"29359.1,29372.3,29357,29370.1"
2026-05-14T00:45:00.000+07:00,"29370.5,29379,29363.4,29368.1"
2026-05-14T00:50:00.000+07:00,"29368.8,29379,29368.1,29369"
2026-05-14T00:55:00.000+07:00,"29368.8,29372.7,29334,29335.2"
2026-05-14T01:00:00.000+07:00,"29335.7,29368.2,29333.1,29367"
2026-05-14T01:05:00.000+07:00,"29367.1,29382.6,29362.8,29379.2"
2026-05-14T01:10:00.000+07:00,"29380.8,29416.6,29379.1,29414.9"
2026-05-14T01:15:00.000+07:00,"29415.1,29443.4,29415.1,29437.2"
2026-05-14T01:20:00.000+07:00,"29435.5,29455.7,29432.5,29441.4"
2026-05-14T01:25:00.000+07:00,"29441.2,29455.3,29439.5,29440.9"
2026-05-14T01:30:00.000+07:00,"29438.8,29445,29425.1,29433.4"
2026-05-14T01:35:00.000+07:00,"29432.9,29434.3,29399.6,29416.1"
2026-05-14T01:40:00.000+07:00,"29415.9,29425.3,29403.2,29403.6"
2026-05-14T01:45:00.000+07:00,"29403.8,29413.4,29392.3,29402.5"
2026-05-14T01:50:00.000+07:00,"29403.8,29404.7,29388.5,29396.9"
2026-05-14T01:55:00.000+07:00,"29397.3,29398.3,29356.7,29363.3"
2026-05-14T02:00:00.000+07:00,"29363.4,29384.9,29361.3,29380.3"
2026-05-14T02:05:00.000+07:00,"29380.6,29410.7,29367.6,29406.8"
2026-05-14T02:10:00.000+07:00,"29406.7,29417.2,29398.2,29414.4"
2026-05-14T02:15:00.000+07:00,"29414.3,29428.8,29405.7,29425.1"
2026-05-14T02:20:00.000+07:00,"29426.5,29430.6,29393.9,29397.7"
2026-05-14T02:25:00.000+07:00,"29397.8,29416.5,29390.2,29416.2"
2026-05-14T02:30:00.000+07:00,"29414.7,29418.2,29402.2,29404.9"
2026-05-14T02:35:00.000+07:00,"29405.3,29419.4,29401.4,29415.5"
2026-05-14T02:40:00.000+07:00,"29415.6,29425.1,29412.8,29422.4"
2026-05-14T02:45:00.000+07:00,"29422.3,29429.9,29415.8,29420.3"
2026-05-14T02:50:00.000+07:00,"29420.8,29421,29341,29350.9"
2026-05-14T02:55:00.000+07:00,"29351,29376.2,29351,29367.1"
2026-05-14T03:00:00.000+07:00,"29366.1,29379.7,29338.7,29350.5"
2026-05-14T03:05:00.000+07:00,"29350.7,29398.4,29344.5,29395.3"
2026-05-14T03:10:00.000+07:00,"29395.1,29408.9,29389.9,29399.7"
2026-05-14T03:15:00.000+07:00,"29399.9,29411.3,29397.8,29406.9"
2026-05-14T03:20:00.000+07:00,"29407.1,29413.5,29400.1,29410.2"
2026-05-14T03:25:00.000+07:00,"29410,29412.2,29400.5,29407.4"
2026-05-14T03:30:00.000+07:00,"29407.6,29434.7,29406.8,29431.3"
2026-05-14T03:35:00.000+07:00,"29431.1,29437.2,29426.1,29432.8"
2026-05-14T03:40:00.000+07:00,"29433.6,29436.8,29424.3,29431.2"
2026-05-14T03:45:00.000+07:00,"29430.7,29431.2,29422.7,29426.3"
2026-05-14T03:50:00.000+07:00,"29426.1,29431.7,29423.7,29426.4"
2026-05-14T03:55:00.000+07:00,"29426.5,29429.7,29423,29425.9"
2026-05-14T04:00:00.000+07:00,"29425.7,29435,29423.2,29430.9"
2026-05-14T04:05:00.000+07:00,"29431,29431,29425.4,29426.9"
2026-05-14T04:10:00.000+07:00,"29426.8,29431.4,29426.8,29429.1"
2026-05-14T04:15:00.000+07:00,"29429.3,29433.4,29429.1,29431.2"
2026-05-14T04:20:00.000+07:00,"29432.5,29435,29429.6,29430.4"
2026-05-14T04:25:00.000+07:00,"29430.3,29431.1,29427.4,29428.9"
2026-05-14T04:30:00.000+07:00,"29429.8,29436.8,29429.8,29434"
2026-05-14T04:35:00.000+07:00,"29434.1,29435.8,29433.1,29434"
2026-05-14T04:40:00.000+07:00,"29434.1,29438.6,29434.1,29434.3"
2026-05-14T04:45:00.000+07:00,"29434.1,29435.4,29430.6,29434.8"
2026-05-14T04:50:00.000+07:00,"29433.8,29436.7,29433,29436.6"
2026-05-14T04:55:00.000+07:00,"29435.9,29437.8,29434.2,29437.8"
2026-05-14T05:00:00.000+07:00,"29438,29445.1,29419,29442.2"
2026-05-14T05:05:00.000+07:00,"29441.5,29452.8,29437.6,29445"
2026-05-14T05:10:00.000+07:00,"29445.5,29451.8,29442,29450.6"
2026-05-14T05:15:00.000+07:00,"29450.5,29470.4,29450.5,29454.7"
2026-05-14T05:20:00.000+07:00,"29454.5,29454.5,29440.9,29445.2"
2026-05-14T05:25:00.000+07:00,"29445.1,29454.8,29443.3,29451.6"
2026-05-14T05:30:00.000+07:00,"29451.5,29456.2,29450.7,29454.7"
2026-05-14T05:35:00.000+07:00,"29454.4,29459.4,29452,29452"
2026-05-14T05:40:00.000+07:00,"29451.8,29467.8,29451.8,29466.2"
2026-05-14T05:45:00.000+07:00,"29464.8,29486.4,29463.1,29486.3"
2026-05-14T05:50:00.000+07:00,"29486.2,29501.8,29483,29489.3"
2026-05-14T05:55:00.000+07:00,"29488.9,29491.9,29478.1,29483.8"
2026-05-14T06:00:00.000+07:00,"29484,29510.6,29483.7,29506.2"
2026-05-14T06:05:00.000+07:00,"29506.6,29539.6,29505.6,29522.1"
2026-05-14T06:10:00.000+07:00,"29522.2,29541.8,29517.2,29536.2"
2026-05-14T06:15:00.000+07:00,"29536.4,29537.8,29525.8,29526.7"
2026-05-14T06:20:00.000+07:00,"29526.5,29529.8,29507,29517.7"
2026-05-14T06:25:00.000+07:00,"29517.8,29521.8,29511,29514.2"
2026-05-14T06:30:00.000+07:00,"29513.4,29522.3,29493.9,29505"
2026-05-14T06:35:00.000+07:00,"29505.1,29508.2,29494.4,29496.2"
2026-05-14T06:40:00.000+07:00,"29496.1,29509.5,29492.8,29506.2"
2026-05-14T06:45:00.000+07:00,"29506,29517.3,29499,29500.2"
2026-05-14T06:50:00.000+07:00,"29500,29526,29495.4,29522.3"
2026-05-14T06:55:00.000+07:00,"29521.8,29525.5,29515.1,29524"
2026-05-14T07:00:00.000+07:00,"29524.1,29527.2,29482.4,29489.9"
2026-05-14T07:05:00.000+07:00,"29489.8,29518.5,29489.8,29507.2"
2026-05-14T07:10:00.000+07:00,"29507.4,29524.9,29502.3,29524.4"
2026-05-14T07:15:00.000+07:00,"29524.2,29551.3,29520,29527"
2026-05-14T07:20:00.000+07:00,"29527.1,29537.4,29517.5,29533.9"
2026-05-14T07:25:00.000+07:00,"29533.7,29546.1,29533.4,29542.1"
2026-05-14T07:30:00.000+07:00,"29542.3,29572.1,29542.2,29561"
2026-05-14T07:35:00.000+07:00,"29560.7,29568.4,29554.1,29567.6"
2026-05-14T07:40:00.000+07:00,"29567.4,29572.6,29558,29572.5"
2026-05-14T07:45:00.000+07:00,"29572.7,29581.9,29566.9,29574.5"
2026-05-14T07:50:00.000+07:00,"29574.4,29577.3,29557.9,29573.5"
2026-05-14T07:55:00.000+07:00,"29573.3,29586.7,29571.9,29572.9"
2026-05-14T08:00:00.000+07:00,"29573,29573.9,29556.7,29567.2"
2026-05-14T08:05:00.000+07:00,"29567.3,29572.4,29557.2,29565.5"
2026-05-14T08:10:00.000+07:00,"29565.4,29572.6,29557,29561.3"
2026-05-14T08:15:00.000+07:00,"29561.5,29565.9,29534.2,29544.9"
2026-05-14T08:20:00.000+07:00,"29545.1,29571.2,29540.7,29562.5"
2026-05-14T08:25:00.000+07:00,"29562.7,29574,29559.9,29573.1"
2026-05-14T08:30:00.000+07:00,"29573,29576.5,29551.1,29555.7"
2026-05-14T08:35:00.000+07:00,"29555.5,29556.9,29544.8,29556.1"
2026-05-14T08:40:00.000+07:00,"29556.3,29558.7,29523.9,29536.1"
2026-05-14T08:45:00.000+07:00,"29536.3,29537.3,29500.9,29520.5"
2026-05-14T08:50:00.000+07:00,"29520.7,29532.6,29510.7,29516"
2026-05-14T08:55:00.000+07:00,"29516.2,29516.2,29497.3,29501.8"
2026-05-14T09:00:00.000+07:00,"29502,29519.6,29492.5,29517.4"
2026-05-14T09:05:00.000+07:00,"29517.6,29519.2,29502.4,29508.4"
2026-05-14T09:10:00.000+07:00,"29508.3,29508.9,29500.2,29507.8"
2026-05-14T09:15:00.000+07:00,"29507.6,29520.8,29499.6,29500.1"
2026-05-14T09:20:00.000+07:00,"29500.2,29523.5,29499.8,29513.9"
2026-05-14T09:25:00.000+07:00,"29514,29523.7,29512,29519.2"
2026-05-14T09:30:00.000+07:00,"29519.3,29527.8,29514.4,29520.1"
2026-05-14T09:35:00.000+07:00,"29520.3,29527.5,29515.3,29517.8"
2026-05-14T09:40:00.000+07:00,"29518.1,29520.7,29506.1,29515.9"
2026-05-14T09:45:00.000+07:00,"29515.7,29517,29471.1,29477.5"
2026-05-14T09:50:00.000+07:00,"29477.2,29491.5,29462.5,29485.4"
2026-05-14T09:55:00.000+07:00,"29485.5,29486.5,29473.1,29479.9"
2026-05-14T10:00:00.000+07:00,"29479.8,29497.8,29470,29496.3"
2026-05-14T10:05:00.000+07:00,"29496.4,29497.3,29480.5,29491.5"
2026-05-14T10:10:00.000+07:00,"29491.3,29501.8,29489.8,29492.3"
2026-05-14T10:15:00.000+07:00,"29492.4,29501.8,29476,29476.1"
2026-05-14T10:20:00.000+07:00,"29476.4,29478.9,29455.2,29456.7"
2026-05-14T10:25:00.000+07:00,"29456.6,29479.8,29456.6,29477.2"
2026-05-14T10:30:00.000+07:00,"29477,29480.9,29445.8,29454.9"
2026-05-14T10:35:00.000+07:00,"29454.7,29460.6,29436.4,29436.9"
2026-05-14T10:40:00.000+07:00,"29437.9,29446.9,29434.1,29441.9"
2026-05-14T10:45:00.000+07:00,"29441.4,29449.6,29421.4,29427.9"
2026-05-14T10:50:00.000+07:00,"29428,29436.8,29427.1,29432.1"
2026-05-14T10:55:00.000+07:00,"29432.6,29432.6,29415.2,29428.3"
2026-05-14T11:00:00.000+07:00,"29428.2,29431.1,29409.7,29412.2"
2026-05-14T11:05:00.000+07:00,"29412.3,29437.2,29406.9,29434.3"
2026-05-14T11:10:00.000+07:00,"29434.1,29445.7,29431.1,29442.7"
2026-05-14T11:15:00.000+07:00,"29442.8,29450.8,29431.5,29449.7"
2026-05-14T11:20:00.000+07:00,"29449,29458.2,29445.9,29457.6"
2026-05-14T11:25:00.000+07:00,"29457.4,29466.7,29452.7,29458.8"
2026-05-14T11:30:00.000+07:00,"29458.9,29471.2,29457.4,29466.1"
2026-05-14T11:35:00.000+07:00,"29466.2,29477.5,29461,29475.8"
2026-05-14T11:40:00.000+07:00,"29475.9,29482.7,29467.6,29475.3"
2026-05-14T11:45:00.000+07:00,"29475.2,29493,29464.7,29485"
2026-05-14T11:50:00.000+07:00,"29484.2,29485,29458.9,29472.2"
2026-05-14T11:55:00.000+07:00,"29472.4,29474.2,29456.1,29458.7"
2026-05-14T12:00:00.000+07:00,"29458.4,29474.6,29451.5,29472.4"
2026-05-14T12:05:00.000+07:00,"29472.6,29475.5,29452.3,29459.2"
2026-05-14T12:10:00.000+07:00,"29459.4,29468.7,29443.4,29444.9"
2026-05-14T12:15:00.000+07:00,"29444.7,29446.8,29426.8,29433.9"
2026-05-14T12:20:00.000+07:00,"29433.6,29463.7,29432,29450.5"
2026-05-14T12:25:00.000+07:00,"29450.4,29459.1,29442.4,29458.9"
2026-05-14T12:30:00.000+07:00,"29459.1,29467.2,29451.9,29456.5"
2026-05-14T12:35:00.000+07:00,"29456.2,29463.5,29449.4,29453.1"
2026-05-14T12:40:00.000+07:00,"29453.4,29460.1,29438,29452.6"
2026-05-14T12:45:00.000+07:00,"29453.1,29507.4,29452.8,29477.9"
2026-05-14T12:50:00.000+07:00,"29478.1,29499.7,29477.6,29494.9"
2026-05-14T12:55:00.000+07:00,"29494.7,29498,29482.7,29496.2"
2026-05-14T13:00:00.000+07:00,"29495.8,29516.4,29495.8,29514.4"
2026-05-14T13:05:00.000+07:00,"29514.1,29528.8,29513,29519.4"
2026-05-14T13:10:00.000+07:00,"29519.5,29527.7,29499.9,29519.6"
2026-05-14T13:15:00.000+07:00,"29519.5,29520.4,29506.6,29511.4"
2026-05-14T13:20:00.000+07:00,"29511.5,29534.7,29511.3,29519.6"
2026-05-14T13:25:00.000+07:00,"29519.5,29526.2,29508.7,29515.5"
2026-05-14T13:30:00.000+07:00,"29515.8,29523.6,29512.8,29520.7"
2026-05-14T13:35:00.000+07:00,"29520.5,29530.2,29518.1,29529.3"
2026-05-14T13:40:00.000+07:00,"29529,29532.4,29519.3,29525.2"
2026-05-14T13:45:00.000+07:00,"29525.4,29527.3,29502.5,29505.8"
2026-05-14T13:50:00.000+07:00,"29505.9,29523.8,29505.7,29523.6"
2026-05-14T13:55:00.000+07:00,"29524,29527.4,29498.8,29501.2"
2026-05-14T14:00:00.000+07:00,"29501.5,29513.6,29487.8,29499.7"
2026-05-14T14:05:00.000+07:00,"29499.6,29500.7,29476.7,29484.3"
2026-05-14T14:10:00.000+07:00,"29483.6,29490.4,29474.3,29488.8"
2026-05-14T14:15:00.000+07:00,"29488.9,29501.3,29483,29496.1"
2026-05-14T14:20:00.000+07:00,"29496,29499.1,29485.3,29492.3"
2026-05-14T14:25:00.000+07:00,"29493,29504.7,29491.5,29494.3"
2026-05-14T14:30:00.000+07:00,"29494.4,29512.7,29490.1,29509.3"
2026-05-14T14:35:00.000+07:00,"29508.8,29517.6,29506.3,29513.9"
2026-05-14T14:40:00.000+07:00,"29514,29526.5,29510.4,29515.7"
2026-05-14T14:45:00.000+07:00,"29515.5,29524.6,29501.3,29506.3"
2026-05-14T14:50:00.000+07:00,"29506.1,29513.3,29491.5,29496.4"
2026-05-14T14:55:00.000+07:00,"29496.3,29501.7,29458,29468"
2026-05-14T15:00:00.000+07:00,"29468.2,29479.3,29442.9,29443.7"
2026-05-14T15:05:00.000+07:00,"29443.6,29480.6,29439.9,29469.3"
2026-05-14T15:10:00.000+07:00,"29469.8,29492,29467.4,29491.2"
2026-05-14T15:15:00.000+07:00,"29491.5,29520.6,29490.8,29494"
2026-05-14T15:20:00.000+07:00,"29493.9,29504.8,29476.6,29477.3"
2026-05-14T15:25:00.000+07:00,"29477.7,29502.6,29475.5,29488.5"
2026-05-14T15:30:00.000+07:00,"29488,29506.9,29486,29488.8"
2026-05-14T15:35:00.000+07:00,"29488.5,29496.7,29469.4,29474.3"
2026-05-14T15:40:00.000+07:00,"29474,29477.4,29444.2,29449.2"
2026-05-14T15:45:00.000+07:00,"29449.4,29456.3,29440.3,29441.9"
2026-05-14T15:50:00.000+07:00,"29442,29468.3,29438.8,29465.2"
2026-05-14T15:55:00.000+07:00,"29465.3,29474.9,29456.6,29468"
2026-05-14T16:00:00.000+07:00,"29468.1,29482.9,29464.4,29466.4"
2026-05-14T16:05:00.000+07:00,"29466.2,29472.3,29460.5,29463.7"
2026-05-14T16:10:00.000+07:00,"29463.5,29477.3,29437.9,29451.4"
2026-05-14T16:15:00.000+07:00,"29451.5,29459.7,29444.9,29451.6"
2026-05-14T16:20:00.000+07:00,"29451.8,29458.3,29441.4,29445.1"
2026-05-14T16:25:00.000+07:00,"29445.2,29447.8,29423.1,29429.5"
2026-05-14T16:30:00.000+07:00,"29429.3,29439.4,29418.3,29434.7"
2026-05-14T16:35:00.000+07:00,"29434.6,29434.6,29374.6,29391.5"
2026-05-14T16:40:00.000+07:00,"29391.4,29409.7,29385.4,29403.2"
2026-05-14T16:45:00.000+07:00,"29403,29433.1,29398.8,29432"
2026-05-14T16:50:00.000+07:00,"29431.7,29437.7,29424.4,29429.5"
2026-05-14T16:55:00.000+07:00,"29430.5,29435.4,29425.3,29426.1"
2026-05-14T17:00:00.000+07:00,"29425.7,29453,29423.5,29452.9"
2026-05-14T17:05:00.000+07:00,"29454.1,29459.5,29447.2,29451.2"
2026-05-14T17:10:00.000+07:00,"29451.1,29487.3,29442.7,29449.9"
2026-05-14T17:15:00.000+07:00,"29450.9,29473.7,29440.6,29464.7"
2026-05-14T17:20:00.000+07:00,"29464.9,29467,29428.7,29429.3"
2026-05-14T17:25:00.000+07:00,"29428.6,29453,29428.6,29440.4"
2026-05-14T17:30:00.000+07:00,"29440.5,29448.6,29427.2,29430.7"
2026-05-14T17:35:00.000+07:00,"29430.9,29437.8,29423.8,29425.1"
2026-05-14T17:40:00.000+07:00,"29424.5,29425.9,29408.6,29419.2"
2026-05-14T17:45:00.000+07:00,"29419.3,29430.5,29410.8,29430.4"
2026-05-14T17:50:00.000+07:00,"29430.5,29459.8,29425.4,29447.4"
2026-05-14T17:55:00.000+07:00,"29447.5,29452.7,29435.4,29438.6"
2026-05-14T18:00:00.000+07:00,"29438.4,29456.8,29436.5,29455.5"
2026-05-14T18:05:00.000+07:00,"29455.6,29470.3,29448.5,29469.2"
2026-05-14T18:10:00.000+07:00,"29469.1,29470.8,29456.2,29458.7"
2026-05-14T18:15:00.000+07:00,"29458.6,29461,29448.9,29450.6"
2026-05-14T18:20:00.000+07:00,"29450.7,29455.8,29418.4,29424"
2026-05-14T18:25:00.000+07:00,"29423.9,29424.1,29400.7,29415.9"
2026-05-14T18:30:00.000+07:00,"29415.8,29436.7,29415.7,29434.7"
2026-05-14T18:35:00.000+07:00,"29434.8,29445,29431.5,29437.1"
2026-05-14T18:40:00.000+07:00,"29437.4,29441.3,29433.4,29437.4"
2026-05-14T18:45:00.000+07:00,"29437.5,29457.2,29436.9,29456.1"
2026-05-14T18:50:00.000+07:00,"29456,29458.5,29444,29446.7"
2026-05-14T18:55:00.000+07:00,"29446.8,29452.2,29430.1,29432.7"
2026-05-14T19:00:00.000+07:00,"29434,29449.8,29429.4,29445"
2026-05-14T19:05:00.000+07:00,"29445.4,29455.6,29443.5,29451.9"
2026-05-14T19:10:00.000+07:00,"29452.1,29459.4,29443.8,29454.4"
2026-05-14T19:15:00.000+07:00,"29454.3,29463.6,29441.2,29444.5"
2026-05-14T19:20:00.000+07:00,"29444.9,29467.5,29444.5,29465.1"
2026-05-14T19:25:00.000+07:00,"29465,29468.7,29451.9,29455.5"
2026-05-14T19:30:00.000+07:00,"29455.3,29458.6,29430.6,29440.6"
2026-05-14T19:35:00.000+07:00,"29440.5,29447.3,29414.2,29429.1"
2026-05-14T19:40:00.000+07:00,"29428.7,29436.7,29415.4,29415.4"
2026-05-14T19:45:00.000+07:00,"29414,29423,29401.7,29418.1"
2026-05-14T19:50:00.000+07:00,"29418.6,29419.5,29381.6,29384.1"
2026-05-14T19:55:00.000+07:00,"29384.4,29398.7,29372.1,29388.6"
2026-05-14T20:00:00.000+07:00,"29388.5,29393.8,29367.2,29386.4"
2026-05-14T20:05:00.000+07:00,"29386.2,29389,29349,29354.9"
2026-05-14T20:10:00.000+07:00,"29355,29366.8,29341.4,29366.8"
2026-05-14T20:15:00.000+07:00,"29367.1,29377.8,29359.1,29359.6"
2026-05-14T20:20:00.000+07:00,"29359.4,29390.2,29358.4,29383.2"
2026-05-14T20:25:00.000+07:00,"29382.8,29385.1,29351.9,29368.1"
2026-05-14T20:30:00.000+07:00,"29368.5,29444.6,29351.7,29443.8"
2026-05-14T20:35:00.000+07:00,"29443.9,29492.7,29433.4,29480"
2026-05-14T20:40:00.000+07:00,"29479.7,29529.8,29467.5,29526.5"
2026-05-14T20:45:00.000+07:00,"29526.8,29580.7,29526.4,29565.5"
2026-05-14T20:50:00.000+07:00,"29566.2,29586,29503.4,29505.5"
2026-05-14T20:55:00.000+07:00,"29505.3,29519.9,29422,29436.4"
2026-05-14T21:00:00.000+07:00,"29437.3,29511.9,29430.9,29491.5"
2026-05-14T21:05:00.000+07:00,"29492,29501.5,29438.4,29447"
2026-05-14T21:10:00.000+07:00,"29448.1,29491.8,29435,29479.6"
2026-05-14T21:15:00.000+07:00,"29478.1,29536.6,29475.7,29532.5"
2026-05-14T21:20:00.000+07:00,"29531.8,29561.9,29518.2,29527.2"
2026-05-14T21:25:00.000+07:00,"29527.5,29532.7,29492.3,29519.7"
2026-05-14T21:30:00.000+07:00,"29520.8,29531.1,29505.8,29529.1"
2026-05-14T21:35:00.000+07:00,"29529.5,29576.5,29521.4,29574.9"
2026-05-14T21:40:00.000+07:00,"29574.8,29583.5,29562.7,29583.5"
2026-05-14T21:45:00.000+07:00,"29584,29605,29582.9,29604.8"
2026-05-14T21:50:00.000+07:00,"29604.9,29625.6,29581.2,29596.3"
2026-05-14T21:55:00.000+07:00,"29596.4,29604.2,29561.4,29571.4"
2026-05-14T22:00:00.000+07:00,"29571.6,29604.5,29563.1,29579.5"
2026-05-14T22:05:00.000+07:00,"29579.3,29615.4,29574.1,29614.4"
2026-05-14T22:10:00.000+07:00,"29615.5,29633,29605.6,29631.2"
2026-05-14T22:15:00.000+07:00,"29630.8,29657.3,29629.5,29650.2"
2026-05-14T22:20:00.000+07:00,"29650,29665.1,29635.3,29651.5"
2026-05-14T22:25:00.000+07:00,"29651.9,29671.5,29650.7,29653.5"
2026-05-14T22:30:00.000+07:00,"29653.7,29665.2,29632.4,29641.2"
2026-05-14T22:35:00.000+07:00,"29641.1,29650.5,29624.6,29637.7"
2026-05-14T22:40:00.000+07:00,"29637.9,29651.8,29626.8,29648"
2026-05-14T22:45:00.000+07:00,"29648.1,29650.1,29630,29642.3"
2026-05-14T22:50:00.000+07:00,"29641.8,29653.2,29637.1,29651.1"
2026-05-14T22:55:00.000+07:00,"29650.5,29665.6,29649,29651.3"
2026-05-14T23:00:00.000+07:00,"29651.1,29668.8,29648.2,29667.4"
2026-05-14T23:05:00.000+07:00,"29667.3,29674.4,29656.9,29660.7"
2026-05-14T23:10:00.000+07:00,"29660.2,29677.1,29648.5,29652"
2026-05-14T23:15:00.000+07:00,"29651.8,29672.7,29643.4,29647.5"
2026-05-14T23:20:00.000+07:00,"29647.8,29676.6,29646,29654.3"
2026-05-14T23:25:00.000+07:00,"29654.2,29660.6,29610.5,29622.6"
2026-05-14T23:30:00.000+07:00,"29622.4,29638.7,29593.1,29601.4"
2026-05-14T23:35:00.000+07:00,"29601.3,29621.9,29600.4,29618.7"
2026-05-14T23:40:00.000+07:00,"29619.8,29638.7,29611,29614.6"
2026-05-14T23:45:00.000+07:00,"29614.8,29634.6,29591.4,29627.7"
2026-05-14T23:50:00.000+07:00,"29628,29630.4,29603.3,29626.2"
2026-05-14T23:55:00.000+07:00,"29627.2,29629.9,29591.7,29623"
2026-05-15T00:00:00.000+07:00,"29622.8,29651.1,29622.8,29642"
2026-05-15T00:05:00.000+07:00,"29641.9,29642.6,29583.9,29585.9"
2026-05-15T00:10:00.000+07:00,"29583.6,29601.8,29547.4,29555.9"
2026-05-15T00:15:00.000+07:00,"29556,29566.2,29501.5,29512.3"
2026-05-15T00:20:00.000+07:00,"29511.4,29550.4,29510.8,29521.8"
2026-05-15T00:25:00.000+07:00,"29521.9,29544.8,29492.6,29544"
2026-05-15T00:30:00.000+07:00,"29543.5,29570.1,29533,29550.3"
2026-05-15T00:35:00.000+07:00,"29550.4,29588.8,29548.9,29582.2"
2026-05-15T00:40:00.000+07:00,"29582.1,29598.5,29575.4,29593.1"
2026-05-15T00:45:00.000+07:00,"29593.6,29626.7,29593.6,29622.4"
2026-05-15T00:50:00.000+07:00,"29622.6,29641.7,29617.3,29631.9"
2026-05-15T00:55:00.000+07:00,"29631.8,29648.2,29626,29627.2"
2026-05-15T01:00:00.000+07:00,"29626.6,29626.6,29537.3,29549.9"
2026-05-15T01:05:00.000+07:00,"29550.7,29568,29545,29556.6"
2026-05-15T01:10:00.000+07:00,"29556,29589.9,29545.6,29584.7"
2026-05-15T01:15:00.000+07:00,"29584.4,29603.2,29575.9,29598.5"
2026-05-15T01:20:00.000+07:00,"29599.1,29602.7,29566.4,29573.2"
2026-05-15T01:25:00.000+07:00,"29573,29580.7,29556.3,29570.4"
2026-05-15T01:30:00.000+07:00,"29569.8,29594.8,29569.8,29583.6"
2026-05-15T01:35:00.000+07:00,"29583.4,29590,29570.4,29579.5"
2026-05-15T01:40:00.000+07:00,"29578.9,29583.1,29551.5,29568.4"
2026-05-15T01:45:00.000+07:00,"29568.5,29584.8,29553.4,29579.9"
2026-05-15T01:50:00.000+07:00,"29579.7,29596.8,29579.6,29592.7"
2026-05-15T01:55:00.000+07:00,"29592.8,29613.3,29590,29603.7"
2026-05-15T02:00:00.000+07:00,"29603.6,29627.7,29603.3,29617.3"
2026-05-15T02:05:00.000+07:00,"29617.8,29624.9,29599.8,29616.5"
2026-05-15T02:10:00.000+07:00,"29617.3,29622.9,29589.1,29603"
2026-05-15T02:15:00.000+07:00,"29603.1,29612.5,29597.4,29607.6"
2026-05-15T02:20:00.000+07:00,"29607.5,29629.4,29605.5,29614.4"
2026-05-15T02:25:00.000+07:00,"29614.5,29615.9,29592.1,29595.6"
2026-05-15T02:30:00.000+07:00,"29595,29618.3,29592.7,29605.5"
2026-05-15T02:35:00.000+07:00,"29605.4,29616.7,29597,29612.7"
2026-05-15T02:40:00.000+07:00,"29612.8,29629.9,29611.9,29623.1"
2026-05-15T02:45:00.000+07:00,"29622.9,29626.1,29608.8,29612.7"
2026-05-15T02:50:00.000+07:00,"29613.6,29615.4,29587.3,29605.4"
2026-05-15T02:55:00.000+07:00,"29605.5,29607.4,29575.4,29582.8"
2026-05-15T03:00:00.000+07:00,"29581.8,29632.6,29579.8,29626.5"
2026-05-15T03:05:00.000+07:00,"29624.7,29624.7,29600.2,29601.9"
2026-05-15T03:10:00.000+07:00,"29602.6,29614.7,29601.3,29603.9"
2026-05-15T03:15:00.000+07:00,"29603.1,29607.2,29574.5,29587"
2026-05-15T03:20:00.000+07:00,"29586.7,29599.4,29569,29584.1"
2026-05-15T03:25:00.000+07:00,"29582.6,29583.7,29573.7,29578.5"
2026-05-15T03:30:00.000+07:00,"29578.7,29588.5,29575.2,29579.8"
2026-05-15T03:35:00.000+07:00,"29579.5,29580.7,29545.3,29553.5"
2026-05-15T03:40:00.000+07:00,"29554,29564.8,29531.1,29555.9"
2026-05-15T03:45:00.000+07:00,"29555.6,29567.9,29554.1,29567.9"
2026-05-15T03:50:00.000+07:00,"29568.1,29570,29558.5,29566.8"
2026-05-15T03:55:00.000+07:00,"29567.3,29583.7,29564.9,29583.5"
2026-05-15T04:00:00.000+07:00,"29582.9,29584.9,29581,29583.5"
2026-05-15T04:05:00.000+07:00,"29583.9,29584.3,29583.5,29583.8"
2026-05-15T04:10:00.000+07:00,"29584.3,29585.4,29584,29584.5"
2026-05-15T04:15:00.000+07:00,"29584.6,29585.5,29584.2,29584.8"
2026-05-15T04:20:00.000+07:00,"29584.9,29588.8,29584.8,29588.6"
2026-05-15T04:25:00.000+07:00,"29588.7,29588.9,29588.3,29588.5"
2026-05-15T04:30:00.000+07:00,"29587.5,29588.5,29586.9,29586.9"
2026-05-15T04:35:00.000+07:00,"29587.4,29587.7,29586.4,29586.8"
2026-05-15T04:40:00.000+07:00,"29586.9,29589.4,29581.7,29585.1"
2026-05-15T04:45:00.000+07:00,"29585,29592.3,29585,29590.3"
2026-05-15T04:50:00.000+07:00,"29590.1,29592.1,29590.1,29591.3"
2026-05-15T04:55:00.000+07:00,"29592,29596.5,29591.1,29592.6"
2026-05-15T05:00:00.000+07:00,"29593.9,29615.3,29578.5,29608.2"
2026-05-15T05:05:00.000+07:00,"29608,29622.1,29594.9,29597.6"
2026-05-15T05:10:00.000+07:00,"29598,29600,29589.8,29595.9"
2026-05-15T05:15:00.000+07:00,"29596.2,29596.7,29573.1,29584.3"
2026-05-15T05:20:00.000+07:00,"29584.4,29590,29582.4,29587.4"
2026-05-15T05:25:00.000+07:00,"29587.2,29602.7,29587.2,29601.3"
2026-05-15T05:30:00.000+07:00,"29601.2,29614.3,29600.2,29608.7"
2026-05-15T05:35:00.000+07:00,"29608,29614,29606,29607.8"
2026-05-15T05:40:00.000+07:00,"29608.1,29613.9,29605.8,29611.2"
2026-05-15T05:45:00.000+07:00,"29611.1,29621.6,29609.7,29613.7"
2026-05-15T05:50:00.000+07:00,"29613.8,29616.4,29609,29612"
2026-05-15T05:55:00.000+07:00,"29611.9,29624.7,29610.5,29612.1"
2026-05-15T06:00:00.000+07:00,"29611.8,29620.8,29611.4,29618.4"
2026-05-15T06:05:00.000+07:00,"29618.3,29620.6,29612.3,29613.1"
2026-05-15T06:10:00.000+07:00,"29613,29623.3,29613,29621.8"
2026-05-15T06:15:00.000+07:00,"29621.7,29623.1,29616.4,29621"
2026-05-15T06:20:00.000+07:00,"29621.1,29621.8,29613.8,29613.8"
2026-05-15T06:25:00.000+07:00,"29613.9,29630.1,29610.7,29627.6"
2026-05-15T06:30:00.000+07:00,"29628,29634.7,29627.7,29633.1"
2026-05-15T06:35:00.000+07:00,"29632.9,29636.1,29627.6,29627.6"
2026-05-15T06:40:00.000+07:00,"29627.5,29629.6,29618.1,29619.7"
2026-05-15T06:45:00.000+07:00,"29619.9,29620.4,29596,29601.8"
2026-05-15T06:50:00.000+07:00,"29601.6,29607.4,29596.4,29599"
2026-05-15T06:55:00.000+07:00,"29599.4,29599.9,29579.1,29591.8"
2026-05-15T07:00:00.000+07:00,"29591.9,29598.5,29558.2,29574.8"
2026-05-15T07:05:00.000+07:00,"29575,29600.5,29572.9,29595.2"
2026-05-15T07:10:00.000+07:00,"29594.7,29604.2,29583.4,29604.1"
2026-05-15T07:15:00.000+07:00,"29603.9,29624,29603.6,29618.7"
2026-05-15T07:20:00.000+07:00,"29618.8,29626.8,29617.4,29625.1"
2026-05-15T07:25:00.000+07:00,"29625,29628.2,29616.4,29623.7"
2026-05-15T07:30:00.000+07:00,"29623.6,29624.5,29605.4,29610.9"
2026-05-15T07:35:00.000+07:00,"29610.7,29615.2,29572.6,29587.4"
2026-05-15T07:40:00.000+07:00,"29587.2,29590.3,29540.3,29564.8"
2026-05-15T07:45:00.000+07:00,"29564.5,29582.6,29563.7,29581.2"
2026-05-15T07:50:00.000+07:00,"29581.3,29588.7,29559,29588.7"
2026-05-15T07:55:00.000+07:00,"29588.8,29591,29576.6,29587.1"
2026-05-15T08:00:00.000+07:00,"29586.9,29594.7,29565.7,29570.8"
2026-05-15T08:05:00.000+07:00,"29571,29576.9,29555.1,29557.1"
2026-05-15T08:10:00.000+07:00,"29557.2,29562.8,29545.5,29559.1"
2026-05-15T08:15:00.000+07:00,"29558.9,29564.8,29542.5,29548"
2026-05-15T08:20:00.000+07:00,"29548.1,29548.5,29521.1,29525"
2026-05-15T08:25:00.000+07:00,"29525.2,29534.6,29484.8,29486.1"
2026-05-15T08:30:00.000+07:00,"29485.6,29488.1,29448.7,29472.6"
2026-05-15T08:35:00.000+07:00,"29472.4,29501.8,29469.8,29493.3"
2026-05-15T08:40:00.000+07:00,"29493.4,29508.1,29481.9,29487"
2026-05-15T08:45:00.000+07:00,"29486.9,29488.5,29440.3,29450.6"
2026-05-15T08:50:00.000+07:00,"29450.7,29453.8,29416.6,29438.6"
2026-05-15T08:55:00.000+07:00,"29438.7,29452.5,29418.6,29421.2"
2026-05-15T09:00:00.000+07:00,"29420.9,29443.2,29414.6,29441.4"
2026-05-15T09:05:00.000+07:00,"29441.6,29444.3,29399.6,29419.5"
2026-05-15T09:10:00.000+07:00,"29419.3,29434.3,29410.6,29412.9"
2026-05-15T09:15:00.000+07:00,"29413,29431.4,29399.1,29426.6"
2026-05-15T09:20:00.000+07:00,"29426.7,29446.2,29422.9,29442.7"
2026-05-15T09:25:00.000+07:00,"29442.8,29459.7,29427.9,29429.3"
2026-05-15T09:30:00.000+07:00,"29429.1,29435,29405.9,29432.5"
2026-05-15T09:35:00.000+07:00,"29432.9,29454.8,29425.5,29427"
2026-05-15T09:40:00.000+07:00,"29426.9,29458.8,29425.9,29457.5"
2026-05-15T09:45:00.000+07:00,"29457.7,29469.5,29449.2,29459.7"
2026-05-15T09:50:00.000+07:00,"29460,29501.4,29458.9,29487.6"
2026-05-15T09:55:00.000+07:00,"29488.3,29496.7,29474.5,29482.9"
2026-05-15T10:00:00.000+07:00,"29482.4,29495.6,29475.8,29479.6"
2026-05-15T10:05:00.000+07:00,"29480,29486.3,29468.7,29469.7"
2026-05-15T10:10:00.000+07:00,"29469.8,29496.5,29469.7,29485.5"
2026-05-15T10:15:00.000+07:00,"29485.3,29489.5,29474.2,29479.7"
2026-05-15T10:20:00.000+07:00,"29479.9,29479.9,29467.4,29472.3"
2026-05-15T10:25:00.000+07:00,"29472,29481.1,29470.6,29474.5"
2026-05-15T10:30:00.000+07:00,"29474.7,29479.3,29445.2,29448.1"
2026-05-15T10:35:00.000+07:00,"29447.2,29476.7,29433.3,29465.9"
2026-05-15T10:40:00.000+07:00,"29465.8,29487.5,29463.8,29466.9"
2026-05-15T10:45:00.000+07:00,"29467.4,29475.5,29463.7,29472.8"
2026-05-15T10:50:00.000+07:00,"29472.5,29477.1,29461.2,29463"
2026-05-15T10:55:00.000+07:00,"29463.2,29473.1,29454,29467.7"
2026-05-15T11:00:00.000+07:00,"29467.9,29468.3,29448,29460.7"
2026-05-15T11:05:00.000+07:00,"29461.2,29466.7,29444,29449"
2026-05-15T11:10:00.000+07:00,"29449.3,29454.4,29426.2,29451.5"
2026-05-15T11:15:00.000+07:00,"29451.4,29458.1,29431.2,29434.2"
2026-05-15T11:20:00.000+07:00,"29434.3,29437.2,29417.1,29435.5"
2026-05-15T11:25:00.000+07:00,"29435.7,29439.9,29419.9,29424.3"
2026-05-15T11:30:00.000+07:00,"29424.2,29424.3,29402.3,29423.9"
2026-05-15T11:35:00.000+07:00,"29423.6,29432.9,29408.1,29429.2"
2026-05-15T11:40:00.000+07:00,"29429.1,29441.1,29408.4,29408.9"
2026-05-15T11:45:00.000+07:00,"29409.2,29420.7,29382.5,29384.2"
2026-05-15T11:50:00.000+07:00,"29384.4,29387.2,29369.5,29382.7"
2026-05-15T11:55:00.000+07:00,"29382.8,29383.1,29350.2,29365.4"
2026-05-15T12:00:00.000+07:00,"29366.2,29367.6,29346.5,29361.6"
2026-05-15T12:05:00.000+07:00,"29361.8,29363.5,29311.8,29312.6"
2026-05-15T12:10:00.000+07:00,"29312.7,29337.9,29312.1,29330.8"
2026-05-15T12:15:00.000+07:00,"29330.9,29349.6,29320.3,29324.5"
2026-05-15T12:20:00.000+07:00,"29324,29344.5,29317.7,29334.2"
2026-05-15T12:25:00.000+07:00,"29333.8,29343.3,29322.3,29341.2"
2026-05-15T12:30:00.000+07:00,"29341.3,29343.7,29293.8,29293.8"
2026-05-15T12:35:00.000+07:00,"29294,29307.2,29273.4,29274.3"
2026-05-15T12:40:00.000+07:00,"29274.1,29287,29256.1,29261.6"
2026-05-15T12:45:00.000+07:00,"29261.5,29262,29222.3,29226"
2026-05-15T12:50:00.000+07:00,"29226.2,29263.6,29221.3,29231.5"
2026-05-15T12:55:00.000+07:00,"29231.1,29239.2,29183.3,29185.1"
2026-05-15T13:00:00.000+07:00,"29185,29220.5,29151.2,29218.9"
2026-05-15T13:05:00.000+07:00,"29219,29247.2,29210.6,29237.3"
2026-05-15T13:10:00.000+07:00,"29237.4,29244.7,29218.9,29236.6"
2026-05-15T13:15:00.000+07:00,"29237.8,29259.4,29211.7,29211.7"
2026-05-15T13:20:00.000+07:00,"29209,29214.2,29175.3,29185.9"
2026-05-15T13:25:00.000+07:00,"29185.8,29213,29167.2,29211.3"
2026-05-15T13:30:00.000+07:00,"29210.3,29264.9,29201.9,29259.4"
2026-05-15T13:35:00.000+07:00,"29259.5,29272.7,29248.2,29270.3"
2026-05-15T13:40:00.000+07:00,"29270.4,29306.8,29270.1,29305.7"
2026-05-15T13:45:00.000+07:00,"29305.8,29316.5,29296.7,29312.6"
2026-05-15T13:50:00.000+07:00,"29312.8,29313.4,29281.8,29283.6"
2026-05-15T13:55:00.000+07:00,"29283.4,29309.1,29283.3,29307.7"
2026-05-15T14:00:00.000+07:00,"29307.2,29324.6,29297.7,29314.7"
2026-05-15T14:05:00.000+07:00,"29314.5,29331.3,29306.5,29311.5"
2026-05-15T14:10:00.000+07:00,"29311.4,29363.7,29309.9,29362"
2026-05-15T14:15:00.000+07:00,"29361.9,29367,29342.8,29347.5"
2026-05-15T14:20:00.000+07:00,"29347.8,29372.7,29342.5,29345.3"
2026-05-15T14:25:00.000+07:00,"29345.5,29360.4,29337,29359.5"
2026-05-15T14:30:00.000+07:00,"29359.7,29362.9,29327.1,29329.3"
2026-05-15T14:35:00.000+07:00,"29329.2,29335.2,29301.1,29315.9"
2026-05-15T14:40:00.000+07:00,"29315.5,29318.6,29285.5,29296.3"
2026-05-15T14:45:00.000+07:00,"29296.2,29301.9,29279.4,29299.5"
2026-05-15T14:50:00.000+07:00,"29299.7,29311.4,29284.9,29298.7"
2026-05-15T14:55:00.000+07:00,"29298.8,29309.5,29291.6,29307"
2026-05-15T15:00:00.000+07:00,"29307.1,29313.5,29242.6,29247.6"
2026-05-15T15:05:00.000+07:00,"29246.1,29261.6,29233.3,29259.1"
2026-05-15T15:10:00.000+07:00,"29260.5,29265.3,29237.6,29244.1"
2026-05-15T15:15:00.000+07:00,"29243.8,29245.1,29184.3,29205.7"
2026-05-15T15:20:00.000+07:00,"29205.6,29222.6,29189.2,29210.3"
2026-05-15T15:25:00.000+07:00,"29209.9,29213.1,29122.4,29132.6"
2026-05-15T15:30:00.000+07:00,"29132.2,29142.4,29087.8,29142.1"
2026-05-15T15:35:00.000+07:00,"29142.6,29178.6,29127.7,29163.5"
2026-05-15T15:40:00.000+07:00,"29163.4,29203.8,29161.9,29200.2"
2026-05-15T15:45:00.000+07:00,"29200.5,29204,29178.8,29183.7"
2026-05-15T15:50:00.000+07:00,"29183.6,29190.5,29161.7,29161.7"
2026-05-15T15:55:00.000+07:00,"29161.6,29180.5,29154.7,29168.6"
2026-05-15T16:00:00.000+07:00,"29169.1,29174.2,29149.8,29169.6"
2026-05-15T16:05:00.000+07:00,"29169.4,29193.3,29152.8,29166.9"
2026-05-15T16:10:00.000+07:00,"29166.8,29169.7,29136.7,29143.5"
2026-05-15T16:15:00.000+07:00,"29143.8,29151.8,29121.6,29128.7"
2026-05-15T16:20:00.000+07:00,"29128.9,29129.7,29094.3,29117.2"
2026-05-15T16:25:00.000+07:00,"29117.3,29159,29096.6,29156.9"
2026-05-15T16:30:00.000+07:00,"29156.7,29165.9,29126.8,29155.7"
2026-05-15T16:35:00.000+07:00,"29155.6,29159.5,29116.4,29137.1"
2026-05-15T16:40:00.000+07:00,"29137.3,29138.5,29102.7,29117"
2026-05-15T16:45:00.000+07:00,"29116.8,29117,29088,29112.9"
2026-05-15T16:50:00.000+07:00,"29110.7,29125.3,29082,29124.9"
2026-05-15T16:55:00.000+07:00,"29125,29158.7,29108.1,29127.5"
2026-05-15T17:00:00.000+07:00,"29128.4,29147.9,29104.9,29108.5"
2026-05-15T17:05:00.000+07:00,"29108.6,29170.3,29104,29156.5"
2026-05-15T17:10:00.000+07:00,"29157.6,29185.7,29155.1,29183"
2026-05-15T17:15:00.000+07:00,"29182.9,29196.1,29164.7,29168.6"
2026-05-15T17:20:00.000+07:00,"29168.5,29207.4,29167.5,29198.3"
2026-05-15T17:25:00.000+07:00,"29198.5,29212.1,29171.5,29178.2"
2026-05-15T17:30:00.000+07:00,"29178,29206,29172.8,29201"
2026-05-15T17:35:00.000+07:00,"29202.3,29208.3,29162,29164.6"
2026-05-15T17:40:00.000+07:00,"29165,29194.8,29150.4,29193.3"
2026-05-15T17:45:00.000+07:00,"29193.5,29243,29182.2,29223.9"
2026-05-15T17:50:00.000+07:00,"29223.6,29270.9,29215.6,29245.4"
2026-05-15T17:55:00.000+07:00,"29245.9,29257.9,29227.2,29234.1"
2026-05-15T18:00:00.000+07:00,"29234.3,29257.4,29208.1,29210.7"
2026-05-15T18:05:00.000+07:00,"29210.4,29228.6,29204.5,29213.3"
2026-05-15T18:10:00.000+07:00,"29213.1,29233.6,29204.9,29222.6"
2026-05-15T18:15:00.000+07:00,"29222.1,29228.8,29212.9,29219.6"
2026-05-15T18:20:00.000+07:00,"29219.7,29233.4,29198.4,29201.9"
2026-05-15T18:25:00.000+07:00,"29202,29221.5,29195.4,29208.6"
2026-05-15T18:30:00.000+07:00,"29208.8,29221.3,29173.8,29186.4"
2026-05-15T18:35:00.000+07:00,"29185.9,29202.4,29171.9,29178.7"
2026-05-15T18:40:00.000+07:00,"29179.2,29189.2,29168.4,29169.5"
2026-05-15T18:45:00.000+07:00,"29168,29200.2,29167.7,29193.1"
2026-05-15T18:50:00.000+07:00,"29194.1,29214.8,29185,29199.9"
2026-05-15T18:55:00.000+07:00,"29200.2,29204,29154.8,29157.9"
2026-05-15T19:00:00.000+07:00,"29158.1,29158.1,29132.5,29143.4"
2026-05-15T19:05:00.000+07:00,"29143.3,29148.4,29110.3,29129.7"
2026-05-15T19:10:00.000+07:00,"29130.7,29139.3,29083,29085.1"
2026-05-15T19:15:00.000+07:00,"29085.2,29114.6,29074.4,29111.9"
2026-05-15T19:20:00.000+07:00,"29112,29146.2,29107.8,29117.8"
2026-05-15T19:25:00.000+07:00,"29117.3,29117.6,29092.8,29102"
2026-05-15T19:30:00.000+07:00,"29102.1,29102.4,29057.5,29076.1"
2026-05-15T19:35:00.000+07:00,"29076.3,29076.4,29046.3,29065.9"
2026-05-15T19:40:00.000+07:00,"29065.8,29092.9,29062.2,29062.7"
2026-05-15T19:45:00.000+07:00,"29062.2,29069.5,29046.9,29057.1"
2026-05-15T19:50:00.000+07:00,"29057.6,29090.7,29056.9,29088.6"
2026-05-15T19:55:00.000+07:00,"29088.5,29104.7,29080,29092.6"
2026-05-15T20:00:00.000+07:00,"29093.5,29094.2,29058,29083.4"
2026-05-15T20:05:00.000+07:00,"29083.8,29090.7,29064.7,29075.2"
2026-05-15T20:10:00.000+07:00,"29075.3,29085.8,29065.9,29082"
2026-05-15T20:15:00.000+07:00,"29081.9,29112.9,29071.1,29102.9"
2026-05-15T20:20:00.000+07:00,"29103,29117.6,29099.8,29114.4"
2026-05-15T20:25:00.000+07:00,"29114.1,29188.7,29114.1,29182.7"
2026-05-15T20:30:00.000+07:00,"29182.8,29193.9,29092.8,29156.1"
2026-05-15T20:35:00.000+07:00,"29156.3,29158.8,29055,29070"
2026-05-15T20:40:00.000+07:00,"29069.9,29146.4,29065.6,29071"
2026-05-15T20:45:00.000+07:00,"29071.7,29125.6,28993,29121.5"
2026-05-15T20:50:00.000+07:00,"29122.3,29176,29066.7,29163"
2026-05-15T20:55:00.000+07:00,"29164,29189.2,29043.6,29050.1"
2026-05-15T21:00:00.000+07:00,"29046.9,29115.4,29036.2,29069.5"
2026-05-15T21:05:00.000+07:00,"29069.3,29137.6,29050.5,29114.4"
2026-05-15T21:10:00.000+07:00,"29115.9,29208.9,29104.5,29206"
2026-05-15T21:15:00.000+07:00,"29206.4,29266.9,29180.1,29253.3"
2026-05-15T21:20:00.000+07:00,"29252.7,29285.4,29237.6,29243.9"
2026-05-15T21:25:00.000+07:00,"29242.9,29248.8,29176,29196.5"
2026-05-15T21:30:00.000+07:00,"29196.4,29247.7,29190.2,29246.4"
2026-05-15T21:35:00.000+07:00,"29246.3,29259.9,29206.8,29226"
2026-05-15T21:40:00.000+07:00,"29225.9,29261.6,29223.2,29249.5"
2026-05-15T21:45:00.000+07:00,"29249.9,29254.7,29182.7,29192.6"
2026-05-15T21:50:00.000+07:00,"29192.9,29212.9,29152,29211"
2026-05-15T21:55:00.000+07:00,"29211.4,29231.4,29179.2,29185"
2026-05-15T22:00:00.000+07:00,"29183,29213.6,29154.2,29183.2"
2026-05-15T22:05:00.000+07:00,"29182.5,29222,29142.6,29221.5"
2026-05-15T22:10:00.000+07:00,"29221.8,29228.2,29167.7,29189.7"
2026-05-15T22:15:00.000+07:00,"29188.2,29224,29177.9,29214.4"
2026-05-15T22:20:00.000+07:00,"29214.5,29263.2,29214.1,29223.9"
2026-05-15T22:25:00.000+07:00,"29225.5,29247.1,29197.6,29235.2"
2026-05-15T22:30:00.000+07:00,"29236,29275.5,29235.8,29247.7"
2026-05-15T22:35:00.000+07:00,"29246.8,29283.7,29232.8,29237.2"
2026-05-15T22:40:00.000+07:00,"29235.8,29246.6,29174,29187.5"
2026-05-15T22:45:00.000+07:00,"29187.3,29204.4,29163.5,29171.5"
2026-05-15T22:50:00.000+07:00,"29171.6,29172.6,29131.5,29146.8"
2026-05-15T22:55:00.000+07:00,"29146,29189,29115.4,29185"
2026-05-15T23:00:00.000+07:00,"29184.4,29213.3,29167.7,29182.2"
2026-05-15T23:05:00.000+07:00,"29182.3,29203.1,29163.3,29200.2"
2026-05-15T23:10:00.000+07:00,"29200.3,29200.6,29154.7,29190.3"
2026-05-15T23:15:00.000+07:00,"29189.9,29190.6,29156.2,29175.5"
2026-05-15T23:20:00.000+07:00,"29175.6,29226.2,29169.5,29223.3"
2026-05-15T23:25:00.000+07:00,"29223.4,29239,29214,29234.7"
2026-05-15T23:30:00.000+07:00,"29233.9,29248.3,29223.8,29243.2"
2026-05-15T23:35:00.000+07:00,"29244.6,29245.2,29217.7,29234.3"
2026-05-15T23:40:00.000+07:00,"29234.4,29248.4,29219.6,29247.6"
2026-05-15T23:45:00.000+07:00,"29248,29253.4,29233.1,29235.7"
2026-05-15T23:50:00.000+07:00,"29235.6,29252.1,29181.8,29189.4"
2026-05-15T23:55:00.000+07:00,"29189.6,29232.7,29187.8,29226.3"
2026-05-16T00:00:00.000+07:00,"29226.1,29240.6,29213.9,29227.5"
2026-05-16T00:05:00.000+07:00,"29227.4,29255.7,29221.6,29251.8"
2026-05-16T00:10:00.000+07:00,"29251.3,29264.4,29242.5,29263.2"
2026-05-16T00:15:00.000+07:00,"29263.1,29267.3,29242.1,29267.2"
2026-05-16T00:20:00.000+07:00,"29267.6,29306.6,29261.4,29304.7"
2026-05-16T00:25:00.000+07:00,"29304.8,29331.8,29302.8,29319.4"
2026-05-16T00:30:00.000+07:00,"29319.5,29344.5,29314.8,29343.5"
2026-05-16T00:35:00.000+07:00,"29343.3,29347,29324.6,29341.1"
2026-05-16T00:40:00.000+07:00,"29341,29347.2,29308,29327"
2026-05-16T00:45:00.000+07:00,"29327.1,29336.8,29315.9,29320.7"
2026-05-16T00:50:00.000+07:00,"29320.8,29345.6,29320.5,29341.7"
2026-05-16T00:55:00.000+07:00,"29341.8,29353.9,29329.2,29351.6"
2026-05-16T01:00:00.000+07:00,"29351.3,29368,29349.9,29365.5"
2026-05-16T01:05:00.000+07:00,"29365.2,29390.2,29363.6,29372.1"
2026-05-16T01:10:00.000+07:00,"29371.9,29387.8,29366.7,29371.3"
2026-05-16T01:15:00.000+07:00,"29371.6,29375.3,29291.2,29299.6"
2026-05-16T01:20:00.000+07:00,"29298.2,29342.8,29292.3,29323.7"
2026-05-16T01:25:00.000+07:00,"29323.3,29331.4,29278.1,29286.6"
2026-05-16T01:30:00.000+07:00,"29287.4,29293.4,29218.7,29243.1"
2026-05-16T01:35:00.000+07:00,"29244,29286,29242.2,29284.8"
2026-05-16T01:40:00.000+07:00,"29285.6,29285.9,29252.9,29278.8"
2026-05-16T01:45:00.000+07:00,"29278.3,29282,29255.9,29275.3"
2026-05-16T01:50:00.000+07:00,"29274.8,29305.4,29265.8,29301.9"
2026-05-16T01:55:00.000+07:00,"29302.1,29308.9,29273.8,29292.5"
2026-05-16T02:00:00.000+07:00,"29291.5,29299.5,29252.8,29256.9"
2026-05-16T02:05:00.000+07:00,"29256.4,29265.3,29226.1,29233.7"
2026-05-16T02:10:00.000+07:00,"29233.4,29234.4,29201.9,29223.2"
2026-05-16T02:15:00.000+07:00,"29222.9,29224.7,29187.6,29203.3"
2026-05-16T02:20:00.000+07:00,"29203.5,29224.7,29190.9,29191.9"
2026-05-16T02:25:00.000+07:00,"29191.7,29204.7,29186.5,29193.6"
2026-05-16T02:30:00.000+07:00,"29193.4,29223.7,29189.1,29214.1"
2026-05-16T02:35:00.000+07:00,"29214.2,29233.7,29198.3,29229.8"
2026-05-16T02:40:00.000+07:00,"29230.4,29241.7,29194.8,29198"
2026-05-16T02:45:00.000+07:00,"29197.9,29207.8,29172.4,29201.8"
2026-05-16T02:50:00.000+07:00,"29201.2,29201.4,29132.4,29136.5"
2026-05-16T02:55:00.000+07:00,"29137,29149.9,29109.8,29134.7"
2026-05-16T03:00:00.000+07:00,"29133.5,29133.9,29039.9,29075.1"
2026-05-16T03:05:00.000+07:00,"29074.6,29076.6,29024.8,29029.4"
2026-05-16T03:10:00.000+07:00,"29030.6,29058.1,29013.6,29054.4"
2026-05-16T03:15:00.000+07:00,"29054.2,29093.7,29042.6,29072.1"
2026-05-16T03:20:00.000+07:00,"29071.7,29075,29045.4,29064.7"
2026-05-16T03:25:00.000+07:00,"29064.9,29082.9,29053.9,29077.5"
2026-05-16T03:30:00.000+07:00,"29078.3,29081.8,29067.3,29071.8"
2026-05-16T03:35:00.000+07:00,"29071.9,29080.9,29068.5,29074.2"
2026-05-16T03:40:00.000+07:00,"29074,29077.3,29068.1,29074.6"
2026-05-16T03:45:00.000+07:00,"29074.1,29081.1,29069.1,29077.6"
2026-05-16T03:50:00.000+07:00,"29078.1,29078.5,29069.8,29076.7"
2026-05-16T03:55:00.000+07:00,"29076.2,29098.1,29060.1,29074.3"
2026-05-18T05:00:00.000+07:00,"29064.6,29134.3,29064.5,29134.3"
2026-05-18T05:05:00.000+07:00,"29134.4,29185.1,29134.2,29171.2"
2026-05-18T05:10:00.000+07:00,"29172.5,29182,29148.1,29152.9"
2026-05-18T05:15:00.000+07:00,"29153,29166,29133.4,29152"
2026-05-18T05:20:00.000+07:00,"29153.7,29158.4,29093,29100.1"
2026-05-18T05:25:00.000+07:00,"29100.5,29130.4,29096.6,29125.6"
2026-05-18T05:30:00.000+07:00,"29125.5,29143.9,29119.5,29120"
2026-05-18T05:35:00.000+07:00,"29113.9,29162.9,29102.1,29158.8"
2026-05-18T05:40:00.000+07:00,"29158.6,29177.9,29150.9,29165.1"
2026-05-18T05:45:00.000+07:00,"29165.2,29172.2,29150.8,29151.8"
2026-05-18T05:50:00.000+07:00,"29151.9,29160.6,29136.2,29158.3"
2026-05-18T05:55:00.000+07:00,"29158.4,29161.9,29105.8,29135.3"
2026-05-18T06:00:00.000+07:00,"29135.4,29152.2,29118.3,29123.3"
2026-05-18T06:05:00.000+07:00,"29122.5,29122.9,29067.3,29092.4"
2026-05-18T06:10:00.000+07:00,"29093.2,29113.1,29085.9,29094"
2026-05-18T06:15:00.000+07:00,"29093.3,29098.6,29072.1,29078.7"
2026-05-18T06:20:00.000+07:00,"29079.2,29088.6,29049.8,29058.8"
2026-05-18T06:25:00.000+07:00,"29058.7,29061.6,29032.2,29044.7"
2026-05-18T06:30:00.000+07:00,"29044.5,29058.2,29023.7,29057.8"
2026-05-18T06:35:00.000+07:00,"29058.3,29069.7,29008.2,29017.2"
2026-05-18T06:40:00.000+07:00,"29016.3,29025.8,28913.9,29018.9"
2026-05-18T06:45:00.000+07:00,"29018.7,29056.3,29000.7,29045.1"
2026-05-18T06:50:00.000+07:00,"29044.9,29062.6,29016.4,29021.6"
2026-05-18T06:55:00.000+07:00,"29019.3,29042,28993,29022.4"
2026-05-18T07:00:00.000+07:00,"29020.6,29048.7,28962.2,28970.4"
2026-05-18T07:05:00.000+07:00,"28969.4,28969.8,28874.3,28879.1"
2026-05-18T07:10:00.000+07:00,"28879.2,28926.2,28840,28917.2"
2026-05-18T07:15:00.000+07:00,"28917.1,28939.4,28874,28904.6"
2026-05-18T07:20:00.000+07:00,"28909.8,28946.8,28908.9,28920.4"
2026-05-18T07:25:00.000+07:00,"28920.5,28940.4,28903.7,28915"
2026-05-18T07:30:00.000+07:00,"28914.9,28933.9,28868.6,28896.2"
2026-05-18T07:35:00.000+07:00,"28897.2,28918.9,28883.2,28883.5"
2026-05-18T07:40:00.000+07:00,"28883.6,28894.9,28854.3,28855.3"
2026-05-18T07:45:00.000+07:00,"28855.4,28901.8,28847.6,28897.8"
2026-05-18T07:50:00.000+07:00,"28897.4,28921.6,28880.5,28892.9"
2026-05-18T07:55:00.000+07:00,"28893.4,28940,28891.2,28937.8"
2026-05-18T08:00:00.000+07:00,"28938,28954.7,28892.9,28894.8"
2026-05-18T08:05:00.000+07:00,"28895.6,28917.5,28884.3,28910.8"
2026-05-18T08:10:00.000+07:00,"28911.3,28925.6,28869.3,28869.6"
2026-05-18T08:15:00.000+07:00,"28867.3,28888.6,28855.4,28867.7"
2026-05-18T08:20:00.000+07:00,"28867.9,28890.1,28844.4,28859.7"
2026-05-18T08:25:00.000+07:00,"28861.5,28889.8,28847.4,28862.4"
2026-05-18T08:30:00.000+07:00,"28862.2,28879.9,28843.5,28850.7"
2026-05-18T08:35:00.000+07:00,"28853.8,28875.7,28830.1,28863.6"
2026-05-18T08:40:00.000+07:00,"28863.4,28896.7,28851.6,28889.5"
2026-05-18T08:45:00.000+07:00,"28889.6,28920.7,28879.4,28910.8"
2026-05-18T08:50:00.000+07:00,"28911.8,28951.1,28909.1,28922.2"
2026-05-18T08:55:00.000+07:00,"28922.1,28942.9,28918.2,28924.4"
2026-05-18T09:00:00.000+07:00,"28924.3,28927.9,28897.2,28919.6"
2026-05-18T09:05:00.000+07:00,"28919.5,28921.6,28895.6,28907.6"
2026-05-18T09:10:00.000+07:00,"28907.8,28950.4,28898.3,28941.5"
2026-05-18T09:15:00.000+07:00,"28941.9,28973.2,28941.9,28960"
2026-05-18T09:20:00.000+07:00,"28960.2,28975.3,28942.9,28975.3"
2026-05-18T09:25:00.000+07:00,"28975.2,28997.2,28966.9,28992.3"
2026-05-18T09:30:00.000+07:00,"28992.2,28995.2,28967.8,28968.4"
2026-05-18T09:35:00.000+07:00,"28968.6,28968.8,28943.9,28946"
2026-05-18T09:40:00.000+07:00,"28944.1,28957.3,28939.1,28947.5"
2026-05-18T09:45:00.000+07:00,"28947.6,28956.1,28921.8,28923"
2026-05-18T09:50:00.000+07:00,"28922.9,28928.8,28899.5,28918.1"
2026-05-18T09:55:00.000+07:00,"28917.9,28932,28903.2,28914.7"
2026-05-18T10:00:00.000+07:00,"28914.9,28956.9,28912.9,28940.1"
2026-05-18T10:05:00.000+07:00,"28940.2,28963.7,28938.9,28957.1"
2026-05-18T10:10:00.000+07:00,"28957,28962.1,28913.5,28923"
2026-05-18T10:15:00.000+07:00,"28923.2,28942,28917.8,28919"
2026-05-18T10:20:00.000+07:00,"28917.6,28939.3,28915,28930.9"
2026-05-18T10:25:00.000+07:00,"28930.8,28945.9,28913.7,28942.9"
2026-05-18T10:30:00.000+07:00,"28942.8,28947.7,28907.8,28939.2"
2026-05-18T10:35:00.000+07:00,"28939.1,28957.2,28926.9,28950.3"
2026-05-18T10:40:00.000+07:00,"28952.9,28975.5,28950,28966.4"
2026-05-18T10:45:00.000+07:00,"28966.3,28969.9,28952.6,28961.4"
2026-05-18T10:50:00.000+07:00,"28961.5,28971.4,28943.3,28949.9"
2026-05-18T10:55:00.000+07:00,"28949.8,28967.8,28942.5,28960.3"
2026-05-18T11:00:00.000+07:00,"28960.2,28972.7,28958.7,28969.6"
2026-05-18T11:05:00.000+07:00,"28968.4,28986,28968.4,28984.2"
2026-05-18T11:10:00.000+07:00,"28984,29013.2,28981.8,29003.8"
2026-05-18T11:15:00.000+07:00,"29003.7,29020.1,28981,29001.9"
2026-05-18T11:20:00.000+07:00,"29002,29003.6,28955.5,28957.4"
2026-05-18T11:25:00.000+07:00,"28957.5,28957.5,28925.1,28933.9"
2026-05-18T11:30:00.000+07:00,"28933.3,28945.9,28926.1,28928.1"
2026-05-18T11:35:00.000+07:00,"28928.3,28950.9,28926.5,28932.4"
2026-05-18T11:40:00.000+07:00,"28932.1,28981.5,28931.6,28974.9"
2026-05-18T11:45:00.000+07:00,"28974.4,28987.8,28964.1,28968.4"
2026-05-18T11:50:00.000+07:00,"28966.8,28970,28946.2,28952"
2026-05-18T11:55:00.000+07:00,"28951.8,28957.4,28936.3,28955"
2026-05-18T12:00:00.000+07:00,"28954.9,28980.7,28942.1,28976.6"
2026-05-18T12:05:00.000+07:00,"28976.7,29000.3,28974.1,28996.3"
2026-05-18T12:10:00.000+07:00,"28996.4,28999.4,28965.9,28967.2"
2026-05-18T12:15:00.000+07:00,"28967.5,28967.5,28925.7,28931.1"
2026-05-18T12:20:00.000+07:00,"28930.7,28957.3,28925.5,28956.3"
2026-05-18T12:25:00.000+07:00,"28956.4,28970.3,28953.2,28966.9"
2026-05-18T12:30:00.000+07:00,"28967,28977.8,28949.5,28953.3"
2026-05-18T12:35:00.000+07:00,"28953.1,28990.6,28948.4,28987.3"
2026-05-18T12:40:00.000+07:00,"28986.6,28988.4,28957.9,28971.4"
2026-05-18T12:45:00.000+07:00,"28970.5,28982.5,28959.8,28980.3"
2026-05-18T12:50:00.000+07:00,"28980.1,28984.8,28967.2,28980.6"
2026-05-18T12:55:00.000+07:00,"28980.9,28981.4,28946,28947.6"
2026-05-18T13:00:00.000+07:00,"28947.8,28954.1,28922.5,28926.8"
2026-05-18T13:05:00.000+07:00,"28925.6,28958.2,28918.1,28944.5"
2026-05-18T13:10:00.000+07:00,"28944.4,28948.4,28929.6,28944.7"
2026-05-18T13:15:00.000+07:00,"28945,28961.9,28925.2,28925.2"
2026-05-18T13:20:00.000+07:00,"28925.4,28937.6,28914.3,28934.6"
2026-05-18T13:25:00.000+07:00,"28934.7,28944.5,28905,28908.3"
2026-05-18T13:30:00.000+07:00,"28907.5,28929.8,28895.1,28921.1"
2026-05-18T13:35:00.000+07:00,"28921,28940.8,28918.2,28929.7"
2026-05-18T13:40:00.000+07:00,"28929.6,28971.4,28929.6,28971.2"
2026-05-18T13:45:00.000+07:00,"28971.1,28998.6,28970.1,28984.1"
2026-05-18T13:50:00.000+07:00,"28983.7,28994.5,28976.5,28991.5"
2026-05-18T13:55:00.000+07:00,"28991.7,29017.4,28990.4,29015.7"
2026-05-18T14:00:00.000+07:00,"29015.6,29045.5,29015.2,29022.4"
2026-05-18T14:05:00.000+07:00,"29022.5,29032.9,29007.3,29008.5"
2026-05-18T14:10:00.000+07:00,"29007.4,29008.8,28986.2,28992.8"
2026-05-18T14:15:00.000+07:00,"28992.9,28996.5,28979.1,28988.3"
2026-05-18T14:20:00.000+07:00,"28988.1,28988.8,28963.7,28988.6"
2026-05-18T14:25:00.000+07:00,"28988,29057.6,28987.4,29053.5"
2026-05-18T14:30:00.000+07:00,"29053.9,29080.1,29044.6,29046.3"
2026-05-18T14:35:00.000+07:00,"29046.5,29049.7,28997.8,28998.6"
2026-05-18T14:40:00.000+07:00,"28998.4,29005.2,28973.2,28984.7"
2026-05-18T14:45:00.000+07:00,"28984.6,29023.6,28978.9,29003.6"
2026-05-18T14:50:00.000+07:00,"29003.4,29017.8,28984.2,29014.7"
2026-05-18T14:55:00.000+07:00,"29014.6,29033,29009,29023.3"
2026-05-18T15:00:00.000+07:00,"29025.5,29076.4,29024.4,29075.3"
2026-05-18T15:05:00.000+07:00,"29075.1,29093.8,29063.3,29078.2"
2026-05-18T15:10:00.000+07:00,"29078.3,29085.6,29059.3,29068.7"
2026-05-18T15:15:00.000+07:00,"29069.2,29072.3,29052.5,29065.7"
2026-05-18T15:20:00.000+07:00,"29065.5,29111.6,29061.9,29104.8"
2026-05-18T15:25:00.000+07:00,"29104.6,29126.7,29103.6,29124.5"
2026-05-18T15:30:00.000+07:00,"29124.3,29143.1,29106,29129"
2026-05-18T15:35:00.000+07:00,"29129.7,29129.7,29096.1,29112.6"
2026-05-18T15:40:00.000+07:00,"29112.7,29114.7,29089.6,29095.5"
2026-05-18T15:45:00.000+07:00,"29095.4,29114.6,29094.4,29111.5"
2026-05-18T15:50:00.000+07:00,"29111.1,29145.3,29110.5,29129.7"
2026-05-18T15:55:00.000+07:00,"29129.6,29145.5,29126.9,29144.8"
2026-05-18T16:00:00.000+07:00,"29144.9,29151.9,29115.9,29117.2"
2026-05-18T16:05:00.000+07:00,"29117.1,29128.1,29108.7,29110.8"
2026-05-18T16:10:00.000+07:00,"29111.1,29114.3,29099.2,29104.3"
2026-05-18T16:15:00.000+07:00,"29104.2,29120,29099.4,29100.9"
2026-05-18T16:20:00.000+07:00,"29100.8,29121.2,29099.5,29104"
2026-05-18T16:25:00.000+07:00,"29103.9,29107.5,29084.7,29104.6"
2026-05-18T16:30:00.000+07:00,"29104.4,29111.2,29098.6,29109.1"
2026-05-18T16:35:00.000+07:00,"29108.9,29111.9,29091.9,29104.7"
2026-05-18T16:40:00.000+07:00,"29103.8,29110.4,29096.6,29105"
2026-05-18T16:45:00.000+07:00,"29104.8,29116,29095.4,29102.6"
2026-05-18T16:50:00.000+07:00,"29103.1,29108.1,29070.8,29078.9"
2026-05-18T16:55:00.000+07:00,"29079,29094.1,29072.8,29091"
2026-05-18T17:00:00.000+07:00,"29091.2,29096.1,29053.9,29054.1"
2026-05-18T17:05:00.000+07:00,"29054.3,29054.7,29020.2,29021.4"
2026-05-18T17:10:00.000+07:00,"29021.5,29053.6,29018.4,29041.7"
2026-05-18T17:15:00.000+07:00,"29041.6,29048.5,29028.8,29042.8"
2026-05-18T17:20:00.000+07:00,"29042.9,29053.8,29034.6,29048.7"
2026-05-18T17:25:00.000+07:00,"29052.1,29052.9,29028.8,29038.5"
2026-05-18T17:30:00.000+07:00,"29038.7,29043.5,28989.5,28993.6"
2026-05-18T17:35:00.000+07:00,"28993.5,29006.3,28982.9,28992.9"
2026-05-18T17:40:00.000+07:00,"28994,29022.6,28993.5,29021.6"
2026-05-18T17:45:00.000+07:00,"29021.7,29047.1,29011.9,29043"
2026-05-18T17:50:00.000+07:00,"29042.9,29045.5,29025.3,29031.7"
2026-05-18T17:55:00.000+07:00,"29031.6,29034.5,29018.6,29022.4"
2026-05-18T18:00:00.000+07:00,"29022.1,29029.7,29003.4,29005.6"
2026-05-18T18:05:00.000+07:00,"29005.5,29008.8,28963.9,28967.7"
2026-05-18T18:10:00.000+07:00,"28966.9,29011,28954.9,29008"
2026-05-18T18:15:00.000+07:00,"29008.5,29027,28995.2,29024.8"
2026-05-18T18:20:00.000+07:00,"29024.2,29031.5,29010.4,29010.4"
2026-05-18T18:25:00.000+07:00,"29010.5,29019.3,28990.6,28993.2"
2026-05-18T18:30:00.000+07:00,"28993.4,29047.9,28990.8,29042.5"
2026-05-18T18:35:00.000+07:00,"29043.5,29121.3,29019.2,29118"
2026-05-18T18:40:00.000+07:00,"29117.7,29177.2,29116.3,29140.6"
2026-05-18T18:45:00.000+07:00,"29141.6,29145.8,29087.7,29099.4"
2026-05-18T18:50:00.000+07:00,"29099.2,29100.6,29076.5,29082.7"
2026-05-18T18:55:00.000+07:00,"29083.2,29096.3,29058.9,29080.4"
2026-05-18T19:00:00.000+07:00,"29080.2,29101.3,29073.6,29095.7"
2026-05-18T19:05:00.000+07:00,"29095.8,29135.3,29095.8,29124.7"
2026-05-18T19:10:00.000+07:00,"29125.2,29139.7,29110.3,29121"
2026-05-18T19:15:00.000+07:00,"29120.8,29123.7,29090.4,29096.2"
2026-05-18T19:20:00.000+07:00,"29096.7,29121.9,29090.7,29116.7"
2026-05-18T19:25:00.000+07:00,"29118,29118.4,29099.2,29104.1"
2026-05-18T19:30:00.000+07:00,"29104.2,29149.1,29090.5,29146.2"
2026-05-18T19:35:00.000+07:00,"29146.4,29188.9,29145.6,29172.5"
2026-05-18T19:40:00.000+07:00,"29171.5,29225.8,29164.4,29222"
2026-05-18T19:45:00.000+07:00,"29222.1,29302.2,29217.4,29291"
2026-05-18T19:50:00.000+07:00,"29290.5,29307,29273.6,29294.4"
2026-05-18T19:55:00.000+07:00,"29294.3,29320.2,29274.8,29309.3"
2026-05-18T20:00:00.000+07:00,"29310.3,29319.4,29255.8,29279.4"
2026-05-18T20:05:00.000+07:00,"29280.6,29301.2,29261.3,29279.8"
2026-05-18T20:10:00.000+07:00,"29278,29292.3,29266.6,29279.9"
2026-05-18T20:15:00.000+07:00,"29280.1,29282.8,29253.5,29266.2"
2026-05-18T20:20:00.000+07:00,"29266.4,29278.9,29257.5,29278.9"
2026-05-18T20:25:00.000+07:00,"29278.8,29283.3,29243.8,29244.6"
2026-05-18T20:30:00.000+07:00,"29241.2,29257.5,29180,29189.7"
2026-05-18T20:35:00.000+07:00,"29189.9,29203.7,29143.7,29166.1"
2026-05-18T20:40:00.000+07:00,"29165.9,29184.4,29063.4,29069.2"
2026-05-18T20:45:00.000+07:00,"29069.4,29107.3,29038.1,29062.8"
2026-05-18T20:50:00.000+07:00,"29062.7,29179.4,29060,29166.8"
2026-05-18T20:55:00.000+07:00,"29181.5,29209.4,29131.6,29143.7"
2026-05-18T21:00:00.000+07:00,"29144.6,29146.3,29044.9,29064.3"
2026-05-18T21:05:00.000+07:00,"29064.1,29160.5,29050.6,29153.5"
2026-05-18T21:10:00.000+07:00,"29153.6,29173.3,29118.7,29161.1"
2026-05-18T21:15:00.000+07:00,"29160.6,29194.7,29106.2,29151.7"
2026-05-18T21:20:00.000+07:00,"29151.5,29166.5,29099.4,29107.2"
2026-05-18T21:25:00.000+07:00,"29106.9,29132.6,29039,29056.2"
2026-05-18T21:30:00.000+07:00,"29055.8,29075.5,28914.3,28925.5"
2026-05-18T21:35:00.000+07:00,"28925.8,28977.4,28871.9,28960.1"
2026-05-18T21:40:00.000+07:00,"28960,29021.2,28916.3,28988.8"
2026-05-18T21:45:00.000+07:00,"28988.6,28997.7,28903.5,28918.4"
2026-05-18T21:50:00.000+07:00,"28917.6,29008.4,28904.3,28957.7"
2026-05-18T21:55:00.000+07:00,"28957.9,29001.5,28947.3,28982.7"
2026-05-18T22:00:00.000+07:00,"28982.5,29025.5,28936.1,28972"
2026-05-18T22:05:00.000+07:00,"28972.4,28983.6,28915.3,28916.7"
2026-05-18T22:10:00.000+07:00,"28918.2,28986.1,28906,28965.1"
2026-05-18T22:15:00.000+07:00,"28966.1,28968.4,28894.7,28907.6"
2026-05-18T22:20:00.000+07:00,"28909,28929.1,28882,28908.8"
2026-05-18T22:25:00.000+07:00,"28908.5,28945.4,28863,28863.1"
2026-05-18T22:30:00.000+07:00,"28868.8,28915.5,28842.7,28912.7"
2026-05-18T22:35:00.000+07:00,"28912.6,28966.4,28908.8,28928"
2026-05-18T22:40:00.000+07:00,"28928.2,28961,28899.8,28901.8"
2026-05-18T22:45:00.000+07:00,"28902,28941.9,28893,28912.3"
2026-05-18T22:50:00.000+07:00,"28912.8,28939.1,28880.8,28933"
2026-05-18T22:55:00.000+07:00,"28930.6,28946.9,28890.2,28898.8"
2026-05-18T23:00:00.000+07:00,"28899.5,28911.9,28855.5,28874.1"
2026-05-18T23:05:00.000+07:00,"28874.2,28908.6,28867.4,28895"
2026-05-18T23:10:00.000+07:00,"28894.1,28930.3,28892.3,28926.7"
2026-05-18T23:15:00.000+07:00,"28926.2,28944.1,28919.2,28930"
2026-05-18T23:20:00.000+07:00,"28929,28973.2,28878.1,28893.3"
2026-05-18T23:25:00.000+07:00,"28894.2,28901,28759.3,28779.1"
2026-05-18T23:30:00.000+07:00,"28779.2,28841.8,28744.8,28811.5"
2026-05-18T23:35:00.000+07:00,"28811.4,28863.3,28802.1,28841.4"
2026-05-18T23:40:00.000+07:00,"28841.3,28847.9,28819,28825.6"
2026-05-18T23:45:00.000+07:00,"28825.8,28841.8,28809.5,28833.5"
2026-05-18T23:50:00.000+07:00,"28833.3,28924.1,28827.9,28921.2"
2026-05-18T23:55:00.000+07:00,"28921,28947.5,28897.2,28908.4"
2026-05-19T00:00:00.000+07:00,"28908.1,28919.1,28870,28909.1"
2026-05-19T00:05:00.000+07:00,"28909.3,28937.1,28898.3,28915.9"
2026-05-19T00:10:00.000+07:00,"28916.5,28939.8,28897.7,28898.2"
2026-05-19T00:15:00.000+07:00,"28897.5,28919.6,28887.7,28909.6"
2026-05-19T00:20:00.000+07:00,"28908.6,28914.1,28867.6,28879.9"
2026-05-19T00:25:00.000+07:00,"28879.8,28912.2,28867.6,28911.2"
2026-05-19T00:30:00.000+07:00,"28911.1,28915.2,28873.2,28886.6"
2026-05-19T00:35:00.000+07:00,"28886.4,28889.1,28867.4,28877.8"
2026-05-19T00:40:00.000+07:00,"28878.5,28931.3,28872.8,28912.9"
2026-05-19T00:45:00.000+07:00,"28913.9,28918.9,28874,28884.5"
2026-05-19T00:50:00.000+07:00,"28884.2,28922.8,28879.9,28908.1"
2026-05-19T00:55:00.000+07:00,"28908.2,28923.7,28892.8,28914.8"
2026-05-19T01:00:00.000+07:00,"28914.7,28919,28848,28854"
2026-05-19T01:05:00.000+07:00,"28854.4,28869.6,28834.8,28839.1"
2026-05-19T01:10:00.000+07:00,"28840.2,28851,28816.3,28819.6"
2026-05-19T01:15:00.000+07:00,"28819.5,28820.8,28753,28770.3"
2026-05-19T01:20:00.000+07:00,"28770.9,28781.2,28750.8,28770.5"
2026-05-19T01:25:00.000+07:00,"28770.6,28798.5,28737.5,28795.9"
2026-05-19T01:30:00.000+07:00,"28794.5,28816.5,28776.9,28787.3"
2026-05-19T01:35:00.000+07:00,"28787.1,28805.8,28758.7,28760.8"
2026-05-19T01:40:00.000+07:00,"28761.3,28778.5,28746,28776.1"
2026-05-19T01:45:00.000+07:00,"28775.9,28785.3,28729.2,28737.9"
2026-05-19T01:50:00.000+07:00,"28736.8,28746.6,28715.3,28726.3"
2026-05-19T01:55:00.000+07:00,"28726.1,28762.7,28718.3,28744.3"
2026-05-19T02:00:00.000+07:00,"28745.9,28972.8,28740.9,28889.3"
2026-05-19T02:05:00.000+07:00,"28889.4,28921.3,28821.6,28869.5"
2026-05-19T02:10:00.000+07:00,"28869.3,28896.1,28854.6,28863"
2026-05-19T02:15:00.000+07:00,"28862.6,28873.8,28823.6,28836.9"
2026-05-19T02:20:00.000+07:00,"28837.6,28859,28810.8,28817"
2026-05-19T02:25:00.000+07:00,"28816.8,28828.6,28784.2,28824.6"
2026-05-19T02:30:00.000+07:00,"28823.4,28873.1,28815.3,28852.9"
2026-05-19T02:35:00.000+07:00,"28853.5,28915.6,28850.8,28913.5"
2026-05-19T02:40:00.000+07:00,"28913.8,28955.4,28913.2,28953.2"
2026-05-19T02:45:00.000+07:00,"28954.1,28988.3,28943.9,28981.1"
2026-05-19T02:50:00.000+07:00,"28979.8,29012.2,28956.9,29006.2"
2026-05-19T02:55:00.000+07:00,"29006.3,29006.3,28969.9,28997.5"
2026-05-19T03:00:00.000+07:00,"28998,29009.1,28981,28982.5"
2026-05-19T03:05:00.000+07:00,"28982,28992.1,28969.7,28981.6"
2026-05-19T03:10:00.000+07:00,"28981.3,28989.4,28972.8,28981.3"
2026-05-19T03:15:00.000+07:00,"28981,28990,28976.5,28978.8"
2026-05-19T03:20:00.000+07:00,"28978.6,28991.5,28973,28990.2"
2026-05-19T03:25:00.000+07:00,"28991.2,28992,28982.1,28987.7"
2026-05-19T03:30:00.000+07:00,"28987.8,28995.2,28972.1,28972.9"
2026-05-19T03:35:00.000+07:00,"28973.1,28981.5,28973.1,28978.5"
2026-05-19T03:40:00.000+07:00,"28978,28990.8,28973.1,28986.2"
2026-05-19T03:45:00.000+07:00,"28986,28993.1,28984.7,28989.7"
2026-05-19T03:50:00.000+07:00,"28988.4,28989.8,28978.2,28979.8"
2026-05-19T03:55:00.000+07:00,"28980,28986.6,28974.5,28976.5"
2026-05-19T04:00:00.000+07:00,"28980.7,28982.1,28977.4,28981.8"
2026-05-19T04:05:00.000+07:00,"28981.9,28981.9,28979.1,28979.7"
2026-05-19T04:10:00.000+07:00,"28979.6,28981.5,28978.3,28979.1"
2026-05-19T04:15:00.000+07:00,"28978.7,28984.2,28978.7,28984.2"
2026-05-19T04:20:00.000+07:00,"28984.4,28985.5,28982.3,28985.4"
2026-05-19T04:25:00.000+07:00,"28985.5,28985.6,28981.2,28981.4"
2026-05-19T04:30:00.000+07:00,"28980.6,28986.1,28980.5,28986.1"
2026-05-19T04:35:00.000+07:00,"28985.8,28985.9,28979.8,28985.4"
2026-05-19T04:40:00.000+07:00,"28985.7,28986.5,28980.5,28986.5"
2026-05-19T04:45:00.000+07:00,"28986.7,28990,28982.4,28983.5"
2026-05-19T04:50:00.000+07:00,"28983.7,28986.2,28981.7,28983.5"
2026-05-19T04:55:00.000+07:00,"28983.6,28990.4,28983.6,28989.7"
2026-05-19T05:00:00.000+07:00,"28997.2,29035.2,28997.1,29030.4"
2026-05-19T05:05:00.000+07:00,"29030.3,29060.2,29028.6,29030.5"
2026-05-19T05:10:00.000+07:00,"29030.6,29038.3,29014.7,29021.7"
2026-05-19T05:15:00.000+07:00,"29021.6,29037.3,29019.9,29033.6"
2026-05-19T05:20:00.000+07:00,"29033.7,29067.8,29032.4,29062.3"
2026-05-19T05:25:00.000+07:00,"29062,29066.7,29045.3,29061.3"
2026-05-19T05:30:00.000+07:00,"29061.4,29076.6,29055.7,29061.6"
2026-05-19T05:35:00.000+07:00,"29061.8,29073.7,29061.7,29071.8"
2026-05-19T05:40:00.000+07:00,"29071.6,29076.9,29052.1,29058"
2026-05-19T05:45:00.000+07:00,"29057.1,29058.4,29039.6,29047.3"
2026-05-19T05:50:00.000+07:00,"29046.9,29056,29037.9,29053"
2026-05-19T05:55:00.000+07:00,"29052.9,29061.3,29050.3,29059.3"
2026-05-19T06:00:00.000+07:00,"29059.2,29088.6,29058.9,29078.2"
2026-05-19T06:05:00.000+07:00,"29077.6,29082.5,29053.2,29082.5"
2026-05-19T06:10:00.000+07:00,"29082.4,29083.6,29061.8,29063.8"
2026-05-19T06:15:00.000+07:00,"29064.1,29065.4,29049.5,29054.8"
2026-05-19T06:20:00.000+07:00,"29054.9,29068.1,29051,29059.2"
2026-05-19T06:25:00.000+07:00,"29059.1,29072.5,29056.6,29065.5"
2026-05-19T06:30:00.000+07:00,"29065.4,29066.7,29052.2,29060.7"
2026-05-19T06:35:00.000+07:00,"29060.5,29063,29049.5,29057.4"
2026-05-19T06:40:00.000+07:00,"29057.2,29066.8,29057.2,29060.3"
2026-05-19T06:45:00.000+07:00,"29060.4,29063.2,29039,29044.7"
2026-05-19T06:50:00.000+07:00,"29044.5,29047.6,29015,29022.1"
2026-05-19T06:55:00.000+07:00,"29022.2,29040.5,29019.4,29038.7"
2026-05-19T07:00:00.000+07:00,"29038.4,29054,28995.2,29000.4"
2026-05-19T07:05:00.000+07:00,"29000.5,29040.3,28991.1,29035.1"
2026-05-19T07:10:00.000+07:00,"29035.2,29051.3,29021.6,29022.8"
2026-05-19T07:15:00.000+07:00,"29022.9,29033.4,28995.6,29032.5"
2026-05-19T07:20:00.000+07:00,"29032.4,29090.5,29023.8,29038.9"
2026-05-19T07:25:00.000+07:00,"29038.8,29064.5,29036.7,29064.5"
2026-05-19T07:30:00.000+07:00,"29064.1,29076,29055,29069"
2026-05-19T07:35:00.000+07:00,"29068.7,29070.3,29025.6,29026"
2026-05-19T07:40:00.000+07:00,"29026.4,29039.7,29017.3,29032.2"
2026-05-19T07:45:00.000+07:00,"29032,29041,29020.6,29037.6"
2026-05-19T07:50:00.000+07:00,"29037.9,29039.1,28984.7,28996"
2026-05-19T07:55:00.000+07:00,"28996.3,29008.4,28982.4,28987.5"
2026-05-19T08:00:00.000+07:00,"28987.8,28987.8,28947.1,28966"
2026-05-19T08:05:00.000+07:00,"28966.2,28991.5,28960.2,28986.6"
2026-05-19T08:10:00.000+07:00,"28986.2,28999,28959.3,28968.6"
2026-05-19T08:15:00.000+07:00,"28968.4,28975.4,28936.5,28941"
2026-05-19T08:20:00.000+07:00,"28940,28942.5,28898.7,28906.3"
2026-05-19T08:25:00.000+07:00,"28902.8,28926.7,28894,28926.6"
2026-05-19T08:30:00.000+07:00,"28926.3,28926.9,28900.5,28921.7"
2026-05-19T08:35:00.000+07:00,"28922.8,28966.1,28918.2,28959.9"
2026-05-19T08:40:00.000+07:00,"28960.2,28979.7,28943.7,28968.9"
2026-05-19T08:45:00.000+07:00,"28968.8,28980.2,28946.7,28953.3"
2026-05-19T08:50:00.000+07:00,"28953.4,28963.9,28941.7,28947.4"
2026-05-19T08:55:00.000+07:00,"28947.2,28947.3,28915.1,28915.4"
2026-05-19T09:00:00.000+07:00,"28912,28915.9,28868.4,28880.5"
2026-05-19T09:05:00.000+07:00,"28880.3,28898.3,28835,28838.2"
2026-05-19T09:10:00.000+07:00,"28837.8,28873.2,28831.9,28864.5"
2026-05-19T09:15:00.000+07:00,"28864.6,28867.4,28839.8,28863.6"
2026-05-19T09:20:00.000+07:00,"28863.7,28881.8,28863,28871.3"
2026-05-19T09:25:00.000+07:00,"28871.4,28894.9,28868.2,28875.3"
2026-05-19T09:30:00.000+07:00,"28875.2,28893.1,28867.1,28874.7"
2026-05-19T09:35:00.000+07:00,"28874.8,28886.3,28867,28876.4"
2026-05-19T09:40:00.000+07:00,"28876.3,28901.8,28868.4,28900.9"
2026-05-19T09:45:00.000+07:00,"28901,28917.7,28887.6,28896.7"
2026-05-19T09:50:00.000+07:00,"28896.4,28901.8,28867.4,28887.2"
2026-05-19T09:55:00.000+07:00,"28887.5,28890.8,28868.8,28875.7"
2026-05-19T10:00:00.000+07:00,"28875.8,28877.6,28848.7,28864"
2026-05-19T10:05:00.000+07:00,"28863.8,28891.1,28859.4,28889.9"
2026-05-19T10:10:00.000+07:00,"28889.7,28904.5,28887.7,28892"
2026-05-19T10:15:00.000+07:00,"28893.5,28907.6,28881.7,28899.6"
2026-05-19T10:20:00.000+07:00,"28899.7,28902.7,28884.2,28898.2"
2026-05-19T10:25:00.000+07:00,"28898.3,28916.9,28894.5,28910.8"
2026-05-19T10:30:00.000+07:00,"28910.5,28942,28910.5,28927"
2026-05-19T10:35:00.000+07:00,"28926.8,28936.9,28921.2,28928.2"
2026-05-19T10:40:00.000+07:00,"28928.5,28935.4,28914.7,28920.7"
2026-05-19T10:45:00.000+07:00,"28919.3,28921.3,28897.4,28908.1"
2026-05-19T10:50:00.000+07:00,"28908.5,28913,28893.2,28904.3"
2026-05-19T10:55:00.000+07:00,"28904.4,28904.6,28885.5,28893.8"
2026-05-19T11:00:00.000+07:00,"28894.3,28895,28836.3,28848.4"
2026-05-19T11:05:00.000+07:00,"28848.1,28859.5,28841,28856"
2026-05-19T11:10:00.000+07:00,"28855.9,28872.1,28851,28860.8"
2026-05-19T11:15:00.000+07:00,"28860.3,28860.8,28824.9,28832.3"
2026-05-19T11:20:00.000+07:00,"28832.2,28851.2,28822.5,28834.7"
2026-05-19T11:25:00.000+07:00,"28834.6,28836.1,28805.8,28831.8"
2026-05-19T11:30:00.000+07:00,"28832,28850.9,28828.3,28847"
2026-05-19T11:35:00.000+07:00,"28846.7,28877,28842.3,28855"
2026-05-19T11:40:00.000+07:00,"28854.2,28876.4,28853.3,28855.9"
2026-05-19T11:45:00.000+07:00,"28855.8,28871.5,28839,28839.3"
2026-05-19T11:50:00.000+07:00,"28839.6,28869.8,28829.6,28859.2"
2026-05-19T11:55:00.000+07:00,"28858.8,28873.3,28854.7,28864.3"
2026-05-19T12:00:00.000+07:00,"28864.5,28878.2,28843.6,28848.6"
2026-05-19T12:05:00.000+07:00,"28848.7,28869.9,28833.5,28865.3"
2026-05-19T12:10:00.000+07:00,"28865.2,28875.2,28854,28858.6"
2026-05-19T12:15:00.000+07:00,"28858.7,28863,28838.3,28846.3"
2026-05-19T12:20:00.000+07:00,"28846.6,28851.8,28789,28808.9"
2026-05-19T12:25:00.000+07:00,"28808.8,28866.8,28805.6,28858.9"
2026-05-19T12:30:00.000+07:00,"28859,28860.6,28826.8,28832.5"
2026-05-19T12:35:00.000+07:00,"28832.7,28864.6,28824,28856.2"
2026-05-19T12:40:00.000+07:00,"28855.9,28873,28831.5,28835.1"
2026-05-19T12:45:00.000+07:00,"28835,28855.4,28828.8,28847"
2026-05-19T12:50:00.000+07:00,"28847.5,28853.4,28834.8,28845.9"
2026-05-19T12:55:00.000+07:00,"28846.1,28846.8,28824.8,28839.4"
2026-05-19T13:00:00.000+07:00,"28842.3,28844,28807.7,28832.3"
2026-05-19T13:05:00.000+07:00,"28832.1,28837.6,28817.6,28830.2"
2026-05-19T13:10:00.000+07:00,"28830.7,28870.5,28824.7,28869.5"
2026-05-19T13:15:00.000+07:00,"28869,28883.2,28849.6,28883.1"
2026-05-19T13:20:00.000+07:00,"28883.2,28890.3,28876.9,28882.7"
2026-05-19T13:25:00.000+07:00,"28882.4,28899.4,28876.1,28887.8"
2026-05-19T13:30:00.000+07:00,"28887.7,28897,28870.3,28877"
2026-05-19T13:35:00.000+07:00,"28877.3,28908.3,28869,28902.9"
2026-05-19T13:40:00.000+07:00,"28903,28922.6,28893.6,28918.6"
2026-05-19T13:45:00.000+07:00,"28918.5,28918.6,28892.7,28907"
2026-05-19T13:50:00.000+07:00,"28906.9,28920.4,28906.3,28911"
2026-05-19T13:55:00.000+07:00,"28911.4,28924.4,28910.7,28924.4"
2026-05-19T14:00:00.000+07:00,"28924.1,28925.1,28909.5,28915.8"
2026-05-19T14:05:00.000+07:00,"28915.9,28982.5,28914.2,28975.8"
2026-05-19T14:10:00.000+07:00,"28975.7,28987.6,28945.6,28963"
2026-05-19T14:15:00.000+07:00,"28962.8,28966.1,28946.4,28962.1"
2026-05-19T14:20:00.000+07:00,"28962.5,28970.3,28954.8,28967.3"
2026-05-19T14:25:00.000+07:00,"28967.6,28976,28958.1,28964.5"
2026-05-19T14:30:00.000+07:00,"28964.3,28968.3,28949.7,28950.8"
2026-05-19T14:35:00.000+07:00,"28951.1,28981.2,28943.5,28978.4"
2026-05-19T14:40:00.000+07:00,"28978.9,29003.5,28970.8,28987"
2026-05-19T14:45:00.000+07:00,"28987.6,29027.6,28985,29005.2"
2026-05-19T14:50:00.000+07:00,"29005,29017.4,28995.8,29006.5"
2026-05-19T14:55:00.000+07:00,"29007.4,29016.5,29002.7,29005.3"
2026-05-19T15:00:00.000+07:00,"29007.5,29019.5,28986.7,28990.4"
2026-05-19T15:05:00.000+07:00,"28989.2,28990.2,28950.9,28956.8"
2026-05-19T15:10:00.000+07:00,"28956.9,28965.5,28923.5,28941.6"
2026-05-19T15:15:00.000+07:00,"28941.7,28955.2,28925.4,28943.6"
2026-05-19T15:20:00.000+07:00,"28943.8,28951.1,28905.5,28907.7"
2026-05-19T15:25:00.000+07:00,"28907.1,28910.1,28877.9,28894.9"
2026-05-19T15:30:00.000+07:00,"28895.2,28913.5,28885.5,28904.4"
2026-05-19T15:35:00.000+07:00,"28904.3,28915.2,28891,28910"
2026-05-19T15:40:00.000+07:00,"28911,28925.3,28908.9,28916"
2026-05-19T15:45:00.000+07:00,"28915.9,28934.8,28915.2,28928.9"
2026-05-19T15:50:00.000+07:00,"28928.8,28937.9,28911.2,28911.8"
2026-05-19T15:55:00.000+07:00,"28911.1,28926.8,28905.7,28908.7"
2026-05-19T16:00:00.000+07:00,"28908.6,28908.8,28883.2,28898.2"
2026-05-19T16:05:00.000+07:00,"28898.1,28901.1,28883.7,28893.5"
2026-05-19T16:10:00.000+07:00,"28893.4,28898.3,28873.4,28876.3"
2026-05-19T16:15:00.000+07:00,"28876.7,28878.3,28831.7,28842.7"
2026-05-19T16:20:00.000+07:00,"28842.4,28856.7,28834.5,28847.5"
2026-05-19T16:25:00.000+07:00,"28847.6,28848.4,28793.9,28805.7"
2026-05-19T16:30:00.000+07:00,"28805.8,28821.2,28752.1,28765.3"
2026-05-19T16:35:00.000+07:00,"28765.6,28789.7,28762.4,28780.8"
2026-05-19T16:40:00.000+07:00,"28780.3,28781.2,28743.6,28745.3"
2026-05-19T16:45:00.000+07:00,"28745.1,28779.4,28742.9,28775.1"
2026-05-19T16:50:00.000+07:00,"28775.3,28796.4,28773.9,28793.6"
2026-05-19T16:55:00.000+07:00,"28793.7,28831.4,28789.8,28816.3"
2026-05-19T17:00:00.000+07:00,"28816,28824.3,28804.9,28806.4"
2026-05-19T17:05:00.000+07:00,"28806.1,28819.4,28796.8,28797.5"
2026-05-19T17:10:00.000+07:00,"28797.6,28810.5,28778.7,28808.7"
2026-05-19T17:15:00.000+07:00,"28808.8,28809.5,28796.4,28804.1"
2026-05-19T17:20:00.000+07:00,"28804,28813.3,28788.3,28811.7"
2026-05-19T17:25:00.000+07:00,"28811.6,28814.9,28796.2,28806"
2026-05-19T17:30:00.000+07:00,"28805.9,28834.8,28801.6,28827.3"
2026-05-19T17:35:00.000+07:00,"28826.6,28827.6,28757.3,28785.2"
2026-05-19T17:40:00.000+07:00,"28785.8,28788.1,28744,28757.2"
2026-05-19T17:45:00.000+07:00,"28756.8,28798.9,28743.6,28783"
2026-05-19T17:50:00.000+07:00,"28783.2,28812.6,28780.2,28794.5"
2026-05-19T17:55:00.000+07:00,"28795,28831.9,28794.4,28825.6"
2026-05-19T18:00:00.000+07:00,"28825.8,28852.4,28823.3,28840"
2026-05-19T18:05:00.000+07:00,"28840.1,28841.7,28819.3,28840.4"
2026-05-19T18:10:00.000+07:00,"28840.6,28840.9,28813.8,28816.1"
2026-05-19T18:15:00.000+07:00,"28816.2,28833.4,28800.4,28831.8"
2026-05-19T18:20:00.000+07:00,"28832.3,28832.6,28807.4,28810.9"
2026-05-19T18:25:00.000+07:00,"28811,28819,28797.3,28815.8"
2026-05-19T18:30:00.000+07:00,"28815.9,28843.9,28815.6,28829.4"
2026-05-19T18:35:00.000+07:00,"28829.5,28835.8,28809.2,28809.3"
2026-05-19T18:40:00.000+07:00,"28809.2,28814.8,28793.7,28800.5"
2026-05-19T18:45:00.000+07:00,"28800.3,28802.2,28783.3,28792.8"
2026-05-19T18:50:00.000+07:00,"28793.1,28799,28777.2,28783.8"
2026-05-19T18:55:00.000+07:00,"28783.9,28784.8,28757.5,28757.5"
2026-05-19T19:00:00.000+07:00,"28757.3,28780.6,28734.5,28767.9"
2026-05-19T19:05:00.000+07:00,"28767.8,28777.2,28757.2,28769.5"
2026-05-19T19:10:00.000+07:00,"28768.6,28793.1,28768.1,28783"
2026-05-19T19:15:00.000+07:00,"28783.7,28788.4,28755.2,28769.9"
2026-05-19T19:20:00.000+07:00,"28770.1,28780.8,28758.7,28776.2"
2026-05-19T19:25:00.000+07:00,"28777,28778.1,28746.5,28767.2"
2026-05-19T19:30:00.000+07:00,"28767.3,28797.1,28762.3,28795.7"
2026-05-19T19:35:00.000+07:00,"28795.6,28841.3,28794.7,28824"
2026-05-19T19:40:00.000+07:00,"28823.9,28838,28810.7,28819.4"
2026-05-19T19:45:00.000+07:00,"28819.5,28837.9,28811.6,28837.5"
2026-05-19T19:50:00.000+07:00,"28837.4,28839.4,28823.9,28830"
2026-05-19T19:55:00.000+07:00,"28829.9,28836.4,28811.2,28816.2"
2026-05-19T20:00:00.000+07:00,"28815.9,28828.2,28803.4,28807.3"
2026-05-19T20:05:00.000+07:00,"28807,28810.5,28737.2,28760.7"
2026-05-19T20:10:00.000+07:00,"28759.7,28778.8,28744.2,28777.4"
2026-05-19T20:15:00.000+07:00,"28776.6,28783.3,28744.7,28744.8"
2026-05-19T20:20:00.000+07:00,"28745,28760.1,28707.8,28739.7"
2026-05-19T20:25:00.000+07:00,"28740,28754.5,28705.3,28749.1"
2026-05-19T20:30:00.000+07:00,"28751.4,28901.8,28751.4,28860.4"
2026-05-19T20:35:00.000+07:00,"28860.2,28970.3,28841.6,28942"
2026-05-19T20:40:00.000+07:00,"28939.9,28946,28811.9,28814.2"
2026-05-19T20:45:00.000+07:00,"28813.7,28909.4,28772.4,28847.8"
2026-05-19T20:50:00.000+07:00,"28848,28913,28818.7,28900.2"
2026-05-19T20:55:00.000+07:00,"28900,28929.4,28823,28839.2"
2026-05-19T21:00:00.000+07:00,"28840.6,28846.5,28770.6,28817"
2026-05-19T21:05:00.000+07:00,"28816.9,28828.7,28672.2,28696.4"
2026-05-19T21:10:00.000+07:00,"28698.8,28734.9,28636.6,28642.1"
2026-05-19T21:15:00.000+07:00,"28642.6,28652.7,28597.4,28615.3"
2026-05-19T21:20:00.000+07:00,"28613.2,28632.5,28566.9,28631.1"
2026-05-19T21:25:00.000+07:00,"28631.7,28658.2,28593.5,28615.9"
2026-05-19T21:30:00.000+07:00,"28615.8,28668.6,28588.1,28605.9"
2026-05-19T21:35:00.000+07:00,"28605.8,28675.2,28604.6,28667.3"
2026-05-19T21:40:00.000+07:00,"28666.6,28705.9,28630,28650.5"
2026-05-19T21:45:00.000+07:00,"28650.4,28665.6,28582.4,28615"
2026-05-19T21:50:00.000+07:00,"28615.1,28668.1,28600.6,28646.7"
2026-05-19T21:55:00.000+07:00,"28646.5,28710.9,28637.5,28709.4"
2026-05-19T22:00:00.000+07:00,"28708.4,28735.7,28684.6,28717"
2026-05-19T22:05:00.000+07:00,"28717.1,28723.1,28659.1,28698.1"
2026-05-19T22:10:00.000+07:00,"28697.8,28738.9,28697.2,28730.8"
2026-05-19T22:15:00.000+07:00,"28731.6,28763.7,28693.3,28693.5"
2026-05-19T22:20:00.000+07:00,"28695.4,28724.2,28651.2,28652.8"
2026-05-19T22:25:00.000+07:00,"28652.7,28699.2,28634.1,28677.8"
2026-05-19T22:30:00.000+07:00,"28677.4,28743.1,28663.5,28701.3"
2026-05-19T22:35:00.000+07:00,"28701.1,28761,28685.5,28753.4"
2026-05-19T22:40:00.000+07:00,"28735.7,28783.6,28732.1,28760.3"
2026-05-19T22:45:00.000+07:00,"28760.2,28768.4,28727.2,28759.3"
2026-05-19T22:50:00.000+07:00,"28759.4,28762.2,28710.4,28726.1"
2026-05-19T22:55:00.000+07:00,"28726.3,28730.1,28685.2,28722.2"
2026-05-19T23:00:00.000+07:00,"28721.5,28785.1,28719.2,28774.6"
2026-05-19T23:05:00.000+07:00,"28774.5,28778.2,28712.7,28713.6"
2026-05-19T23:10:00.000+07:00,"28713.2,28736,28698.5,28721.5"
2026-05-19T23:15:00.000+07:00,"28721.6,28772.3,28721.2,28767"
2026-05-19T23:20:00.000+07:00,"28766,28782.7,28748.5,28782"
2026-05-19T23:25:00.000+07:00,"28782.1,28827.1,28781.8,28818.3"
2026-05-19T23:30:00.000+07:00,"28815.2,28860.1,28806.5,28850.7"
2026-05-19T23:35:00.000+07:00,"28850.6,28875.7,28828.6,28870.5"
2026-05-19T23:40:00.000+07:00,"28870,28894.4,28867.7,28893.5"
2026-05-19T23:45:00.000+07:00,"28893.4,28900,28872.9,28885.2"
2026-05-19T23:50:00.000+07:00,"28885.1,28927.3,28873.5,28926.2"
2026-05-19T23:55:00.000+07:00,"28927.7,28938.7,28911.5,28925.3"
2026-05-20T00:00:00.000+07:00,"28926.5,28962.7,28915.7,28960.6"
2026-05-20T00:05:00.000+07:00,"28960.3,28977,28946.9,28974.5"
2026-05-20T00:10:00.000+07:00,"28976.3,28987.2,28962.1,28980"
2026-05-20T00:15:00.000+07:00,"28980.1,29010.6,28980.1,29007.6"
2026-05-20T00:20:00.000+07:00,"29007.8,29033.3,28994.9,29018.7"
2026-05-20T00:25:00.000+07:00,"29019.2,29023.2,28968.7,28989.9"
2026-05-20T00:30:00.000+07:00,"28988.6,29023.8,28985.3,28987.2"
2026-05-20T00:35:00.000+07:00,"28987,29011.5,28985,29005.6"
2026-05-20T00:40:00.000+07:00,"29007.8,29019.2,28993.4,28997.6"
2026-05-20T00:45:00.000+07:00,"28997.4,29000.8,28944,28973.1"
2026-05-20T00:50:00.000+07:00,"28972.5,28972.9,28916.1,28944"
2026-05-20T00:55:00.000+07:00,"28944.1,28980.2,28940.1,28976.3"
2026-05-20T01:00:00.000+07:00,"28976.2,28997.5,28970.9,28989.4"
2026-05-20T01:05:00.000+07:00,"28989.6,29005.7,28986,29000.3"
2026-05-20T01:10:00.000+07:00,"29002.1,29009.9,28981.2,28981.6"
2026-05-20T01:15:00.000+07:00,"28980.8,28991.2,28961.6,28970.2"
2026-05-20T01:20:00.000+07:00,"28969.9,28971.2,28930.8,28947.6"
2026-05-20T01:25:00.000+07:00,"28947.8,28974.1,28927.9,28932.2"
2026-05-20T01:30:00.000+07:00,"28930.4,28956.1,28916,28947.2"
2026-05-20T01:35:00.000+07:00,"28947.3,28968.5,28919.1,28922.9"
2026-05-20T01:40:00.000+07:00,"28922.8,28933.2,28907.4,28923.2"
2026-05-20T01:45:00.000+07:00,"28923.1,28927.8,28898.9,28921.9"
2026-05-20T01:50:00.000+07:00,"28922,28926.6,28878.5,28881.5"
2026-05-20T01:55:00.000+07:00,"28881.1,28881.1,28848.7,28865.9"
2026-05-20T02:00:00.000+07:00,"28864.7,28901.1,28863.1,28883"
2026-05-20T02:05:00.000+07:00,"28883.6,28921.8,28866.4,28910.5"
2026-05-20T02:10:00.000+07:00,"28910.3,28959,28910.3,28957.8"
2026-05-20T02:15:00.000+07:00,"28957.5,28963.2,28907.3,28907.4"
2026-05-20T02:20:00.000+07:00,"28906.9,28916.2,28846.4,28846.6"
2026-05-20T02:25:00.000+07:00,"28846.5,28886.3,28829.5,28881.6"
2026-05-20T02:30:00.000+07:00,"28881.8,28908.3,28867.2,28872.5"
2026-05-20T02:35:00.000+07:00,"28872.4,28879.6,28844.7,28857.5"
2026-05-20T02:40:00.000+07:00,"28857.6,28859.4,28832.1,28837.2"
2026-05-20T02:45:00.000+07:00,"28836.8,28847,28818.4,28823.8"
2026-05-20T02:50:00.000+07:00,"28822.9,28838.9,28777.9,28786.4"
2026-05-20T02:55:00.000+07:00,"28786.2,28832.1,28772.6,28828"
2026-05-20T03:00:00.000+07:00,"28827.5,28833.4,28802,28805.2"
2026-05-20T03:05:00.000+07:00,"28806.2,28840.3,28802.4,28828.6"
2026-05-20T03:10:00.000+07:00,"28829.1,28845.4,28818.7,28825.8"
2026-05-20T03:15:00.000+07:00,"28825,28833.1,28811.4,28816"
2026-05-20T03:20:00.000+07:00,"28815.5,28819.1,28807.2,28813.5"
2026-05-20T03:25:00.000+07:00,"28814.3,28825.8,28805.7,28812.5"
2026-05-20T03:30:00.000+07:00,"28813.5,28814.7,28803,28807.3"
2026-05-20T03:35:00.000+07:00,"28807.4,28813.2,28801.7,28803.7"
2026-05-20T03:40:00.000+07:00,"28803.2,28809.7,28800.2,28803.5"
2026-05-20T03:45:00.000+07:00,"28803.7,28807.7,28794.9,28799.4"
2026-05-20T03:50:00.000+07:00,"28800.7,28806.5,28793.7,28800.7"
2026-05-20T03:55:00.000+07:00,"28799.9,28802.9,28789.3,28802.2"
2026-05-20T04:00:00.000+07:00,"28803.1,28805.5,28800.6,28801.4"
2026-05-20T04:05:00.000+07:00,"28802.6,28810.2,28802.6,28809.4"
2026-05-20T04:10:00.000+07:00,"28809.5,28818.8,28808.5,28818.7"
2026-05-20T04:15:00.000+07:00,"28817.4,28817.4,28813,28813.4"
2026-05-20T04:20:00.000+07:00,"28813.5,28814.3,28812.4,28813.7"
2026-05-20T04:25:00.000+07:00,"28814.1,28818.2,28813.5,28817.8"
2026-05-20T04:30:00.000+07:00,"28815.2,28820.6,28814.1,28820.4"
2026-05-20T04:35:00.000+07:00,"28820.6,28826.9,28817,28822.9"
2026-05-20T04:40:00.000+07:00,"28823.6,28825.5,28821.6,28825.5"
2026-05-20T04:45:00.000+07:00,"28825.4,28828.5,28821.9,28827.4"
2026-05-20T04:50:00.000+07:00,"28827.1,28834.3,28826.2,28834.3"
2026-05-20T04:55:00.000+07:00,"28833.3,28840.4,28831.6,28837.8"
2026-05-20T05:00:00.000+07:00,"28838.6,28839.7,28821.4,28829.9"
2026-05-20T05:05:00.000+07:00,"28828.5,28861.6,28827.2,28860.6"
2026-05-20T05:10:00.000+07:00,"28860.7,28862.8,28828.2,28831.4"
2026-05-20T05:15:00.000+07:00,"28831.5,28833.6,28802.1,28806.9"
2026-05-20T05:20:00.000+07:00,"28806.8,28824.1,28802.1,28808.5"
2026-05-20T05:25:00.000+07:00,"28808.8,28808.9,28772.5,28782.4"
2026-05-20T05:30:00.000+07:00,"28782.1,28815.7,28775.3,28813.4"
2026-05-20T05:35:00.000+07:00,"28806.6,28814,28792,28794.1"
2026-05-20T05:40:00.000+07:00,"28793.6,28799.6,28775.6,28794.3"
2026-05-20T05:45:00.000+07:00,"28794.1,28803.8,28780,28802.5"
2026-05-20T05:50:00.000+07:00,"28802.4,28811.3,28792.5,28807.7"
2026-05-20T05:55:00.000+07:00,"28807.9,28820.1,28804.1,28817.2"
2026-05-20T06:00:00.000+07:00,"28817.4,28823.5,28809.1,28821"
2026-05-20T06:05:00.000+07:00,"28821.2,28833.1,28815.9,28831.3"
2026-05-20T06:10:00.000+07:00,"28831.4,28856.1,28831,28851.6"
2026-05-20T06:15:00.000+07:00,"28851.8,28877.2,28845.9,28868.8"
2026-05-20T06:20:00.000+07:00,"28868.3,28878.1,28862.8,28863.7"
2026-05-20T06:25:00.000+07:00,"28863.8,28876.2,28860.7,28875.6"
2026-05-20T06:30:00.000+07:00,"28875.5,28928.9,28875.5,28925.9"
2026-05-20T06:35:00.000+07:00,"28925.8,28927.3,28891.7,28897.6"
2026-05-20T06:40:00.000+07:00,"28897.4,28907.2,28890.7,28900.7"
2026-05-20T06:45:00.000+07:00,"28900.6,28902.4,28872.5,28875.9"
2026-05-20T06:50:00.000+07:00,"28876.2,28878.9,28857.3,28868.4"
2026-05-20T06:55:00.000+07:00,"28868.5,28872.2,28850.9,28855.7"
2026-05-20T07:00:00.000+07:00,"28854.9,28855.5,28813.3,28827.1"
2026-05-20T07:05:00.000+07:00,"28828.6,28830.3,28764.2,28787.3"
2026-05-20T07:10:00.000+07:00,"28787,28795,28722.4,28736.9"
2026-05-20T07:15:00.000+07:00,"28736.7,28746.5,28705.1,28731.9"
2026-05-20T07:20:00.000+07:00,"28731.7,28749.7,28714.2,28743.3"
2026-05-20T07:25:00.000+07:00,"28743.8,28798.9,28740.9,28798.7"
2026-05-20T07:30:00.000+07:00,"28798.1,28852.3,28796.9,28831.3"
2026-05-20T07:35:00.000+07:00,"28832.7,28850.2,28808.1,28814.2"
2026-05-20T07:40:00.000+07:00,"28812.9,28844.9,28804.6,28831.8"
2026-05-20T07:45:00.000+07:00,"28831.7,28858.9,28825.5,28849.9"
2026-05-20T07:50:00.000+07:00,"28850,28877.5,28834.4,28862.6"
2026-05-20T07:55:00.000+07:00,"28863.6,28869.6,28837,28842.5"
2026-05-20T08:00:00.000+07:00,"28842.7,28852.3,28815.1,28845.1"
2026-05-20T08:05:00.000+07:00,"28845,28859.3,28804.8,28857.7"
2026-05-20T08:10:00.000+07:00,"28858,28885,28855.3,28878.4"
2026-05-20T08:15:00.000+07:00,"28878.1,28883,28857.3,28872.9"
2026-05-20T08:20:00.000+07:00,"28873.4,28890.4,28844.4,28846.6"
2026-05-20T08:25:00.000+07:00,"28846,28855.6,28806.1,28815.3"
2026-05-20T08:30:00.000+07:00,"28815.4,28830.2,28785.8,28787.8"
2026-05-20T08:35:00.000+07:00,"28788,28810.4,28764.4,28807.1"
2026-05-20T08:40:00.000+07:00,"28807.6,28811,28773.8,28810.6"
2026-05-20T08:45:00.000+07:00,"28810.7,28845.4,28804.6,28843.2"
2026-05-20T08:50:00.000+07:00,"28843.1,28902.1,28840.4,28886.6"
2026-05-20T08:55:00.000+07:00,"28886.9,28894.4,28875,28884.1"
2026-05-20T09:00:00.000+07:00,"28883.8,28896.9,28871.4,28876.9"
2026-05-20T09:05:00.000+07:00,"28876.8,28892,28871.1,28871.3"
2026-05-20T09:10:00.000+07:00,"28871.5,28892.3,28869.7,28886.4"
2026-05-20T09:15:00.000+07:00,"28886.5,28906,28879.7,28887.8"
2026-05-20T09:20:00.000+07:00,"28888,28922.7,28882.5,28908.2"
2026-05-20T09:25:00.000+07:00,"28908.1,28914,28863.5,28863.8"
2026-05-20T09:30:00.000+07:00,"28863.3,28863.3,28804.8,28824.3"
2026-05-20T09:35:00.000+07:00,"28824.1,28827,28793,28804.4"
2026-05-20T09:40:00.000+07:00,"28803.9,28821.7,28788.2,28789.1"
2026-05-20T09:45:00.000+07:00,"28788.8,28811.8,28777.6,28786.6"
2026-05-20T09:50:00.000+07:00,"28786.9,28800.3,28771.6,28793.1"
2026-05-20T09:55:00.000+07:00,"28792.9,28805.8,28785.2,28790.4"
2026-05-20T10:00:00.000+07:00,"28790.5,28790.5,28757.5,28763.7"
2026-05-20T10:05:00.000+07:00,"28763.8,28774.5,28759.6,28768.5"
2026-05-20T10:10:00.000+07:00,"28768.4,28769,28744.3,28751"
2026-05-20T10:15:00.000+07:00,"28751.1,28784.3,28746,28783.8"
2026-05-20T10:20:00.000+07:00,"28783.5,28788.1,28753.3,28756.8"
2026-05-20T10:25:00.000+07:00,"28756.9,28795.7,28754.8,28790.1"
2026-05-20T10:30:00.000+07:00,"28787.7,28793.3,28763.9,28789.1"
2026-05-20T10:35:00.000+07:00,"28788.5,28815.3,28783.4,28814.1"
2026-05-20T10:40:00.000+07:00,"28814.6,28818,28797.6,28798.6"
2026-05-20T10:45:00.000+07:00,"28798.8,28804.9,28788.2,28796.3"
2026-05-20T10:50:00.000+07:00,"28795.8,28802.5,28786.7,28790.9"
2026-05-20T10:55:00.000+07:00,"28791.7,28808.5,28787.2,28800.7"
2026-05-20T11:00:00.000+07:00,"28801.4,28841.8,28801.2,28828"
2026-05-20T11:05:00.000+07:00,"28827.9,28836.8,28822.6,28834.4"
2026-05-20T11:10:00.000+07:00,"28834.3,28847.3,28808.5,28845"
2026-05-20T11:15:00.000+07:00,"28845.1,28855.6,28821.5,28824"
2026-05-20T11:20:00.000+07:00,"28824.1,28836.8,28820,28828.3"
2026-05-20T11:25:00.000+07:00,"28827.6,28837,28815.4,28836.3"
2026-05-20T11:30:00.000+07:00,"28835.6,28838.6,28807.7,28813.3"
2026-05-20T11:35:00.000+07:00,"28813,28813.2,28792.7,28799.8"
2026-05-20T11:40:00.000+07:00,"28799.6,28806.5,28789.8,28792"
2026-05-20T11:45:00.000+07:00,"28791.9,28800.1,28787.3,28795.3"
2026-05-20T11:50:00.000+07:00,"28794.4,28804.5,28778.7,28784.2"
2026-05-20T11:55:00.000+07:00,"28784.5,28793.6,28775.3,28788.5"
2026-05-20T12:00:00.000+07:00,"28788.6,28846.5,28787,28830"
2026-05-20T12:05:00.000+07:00,"28830.1,28841.2,28825.4,28825.5"
2026-05-20T12:10:00.000+07:00,"28826,28833.1,28815.2,28819.3"
2026-05-20T12:15:00.000+07:00,"28818.9,28819.3,28797.3,28814.3"
2026-05-20T12:20:00.000+07:00,"28814.8,28845.1,28814.8,28840.3"
2026-05-20T12:25:00.000+07:00,"28840.5,28841.9,28809.3,28818.5"
2026-05-20T12:30:00.000+07:00,"28818.7,28867.6,28818.7,28859.1"
2026-05-20T12:35:00.000+07:00,"28859,28884,28853.5,28882.8"
2026-05-20T12:40:00.000+07:00,"28882.9,28887.6,28847.7,28848.2"
2026-05-20T12:45:00.000+07:00,"28848.8,28849.3,28824.8,28831.1"
2026-05-20T12:50:00.000+07:00,"28828.4,28866.4,28819,28861.6"
2026-05-20T12:55:00.000+07:00,"28861.5,28867.8,28854.6,28859.3"
2026-05-20T13:00:00.000+07:00,"28859.4,28881.3,28856,28872.9"
2026-05-20T13:05:00.000+07:00,"28873.2,28878.5,28858.5,28869"
2026-05-20T13:10:00.000+07:00,"28868.9,28877.7,28862.6,28877.3"
2026-05-20T13:15:00.000+07:00,"28877.2,28929.3,28877.2,28923"
2026-05-20T13:20:00.000+07:00,"28923.4,28933.4,28915.3,28921.3"
2026-05-20T13:25:00.000+07:00,"28921.1,28923.9,28909.4,28917.5"
2026-05-20T13:30:00.000+07:00,"28917.1,28921.6,28901,28902.6"
2026-05-20T13:35:00.000+07:00,"28902.4,28921.2,28890.5,28905.8"
2026-05-20T13:40:00.000+07:00,"28906,28907.4,28888.7,28891.3"
2026-05-20T13:45:00.000+07:00,"28891.1,28906.7,28890.4,28903.2"
2026-05-20T13:50:00.000+07:00,"28903.3,28939.5,28902.9,28930.8"
2026-05-20T13:55:00.000+07:00,"28930.9,28943.1,28924.4,28942.8"
2026-05-20T14:00:00.000+07:00,"28942.5,28952.2,28927.8,28936.1"
2026-05-20T14:05:00.000+07:00,"28936.6,28950.9,28929.5,28949.4"
2026-05-20T14:10:00.000+07:00,"28949.3,28957.1,28936.3,28938"
2026-05-20T14:15:00.000+07:00,"28938.1,28951.5,28935.4,28949"
2026-05-20T14:20:00.000+07:00,"28949.1,28968.5,28948.1,28966.5"
2026-05-20T14:25:00.000+07:00,"28966.4,28970.2,28952.3,28961.8"
2026-05-20T14:30:00.000+07:00,"28961.2,28962.1,28943.5,28951"
2026-05-20T14:35:00.000+07:00,"28947.7,28949.4,28926.5,28942.1"
2026-05-20T14:40:00.000+07:00,"28942,28963.7,28936.6,28950.8"
2026-05-20T14:45:00.000+07:00,"28950.3,28955.5,28933.3,28934.7"
2026-05-20T14:50:00.000+07:00,"28935.1,28942.7,28919.9,28941.8"
2026-05-20T14:55:00.000+07:00,"28941.9,28954.1,28931.1,28931.3"
2026-05-20T15:00:00.000+07:00,"28931.5,28977,28928.7,28974"
2026-05-20T15:05:00.000+07:00,"28973.4,28991.9,28960.1,28964.3"
2026-05-20T15:10:00.000+07:00,"28965.8,28988.3,28954.1,28985.4"
2026-05-20T15:15:00.000+07:00,"28985.3,28992.8,28968.8,28989.1"
2026-05-20T15:20:00.000+07:00,"28989.2,28990.7,28965.8,28987.8"
2026-05-20T15:25:00.000+07:00,"28988.1,29000.4,28978.1,28998.1"
2026-05-20T15:30:00.000+07:00,"28998.8,29015.9,28991.2,29010.4"
2026-05-20T15:35:00.000+07:00,"29010.3,29028.3,28997.8,29021.8"
2026-05-20T15:40:00.000+07:00,"29021.7,29027,29009.6,29021.8"
2026-05-20T15:45:00.000+07:00,"29021.3,29042.2,29018.7,29033.6"
2026-05-20T15:50:00.000+07:00,"29033.8,29036.4,29017.8,29020.9"
2026-05-20T15:55:00.000+07:00,"29020.8,29022.1,29000,29003.6"
2026-05-20T16:00:00.000+07:00,"29003.7,29006,28993.4,28999.9"
2026-05-20T16:05:00.000+07:00,"28999.8,29003.1,28985.8,28988"
2026-05-20T16:10:00.000+07:00,"28988.1,29006.8,28974.2,28974.2"
2026-05-20T16:15:00.000+07:00,"28974.3,28995.2,28970.3,28994.3"
2026-05-20T16:20:00.000+07:00,"28993.9,28998.9,28974.2,28981.5"
2026-05-20T16:25:00.000+07:00,"28981.3,28992.4,28976,28990.7"
2026-05-20T16:30:00.000+07:00,"28990.5,29003.2,28989.9,29001.6"
2026-05-20T16:35:00.000+07:00,"29001.5,29002.7,28990.8,28996.4"
2026-05-20T16:40:00.000+07:00,"28996.5,29010.1,28996.5,29004.5"
2026-05-20T16:45:00.000+07:00,"29004.6,29015.9,29002,29014.8"
2026-05-20T16:50:00.000+07:00,"29014.5,29055.2,29006.1,29034.7"
2026-05-20T16:55:00.000+07:00,"29034.4,29045.3,29021.8,29030.3"
2026-05-20T17:00:00.000+07:00,"29030.2,29062.1,29028.2,29045.8"
2026-05-20T17:05:00.000+07:00,"29045.9,29058.5,29043.5,29045.7"
2026-05-20T17:10:00.000+07:00,"29045.6,29047.7,29035.5,29043.1"
2026-05-20T17:15:00.000+07:00,"29043,29045.5,29025.5,29031.3"
2026-05-20T17:20:00.000+07:00,"29031.2,29044.1,29027.2,29034.6"
2026-05-20T17:25:00.000+07:00,"29034.5,29037.6,29022.1,29031.2"
2026-05-20T17:30:00.000+07:00,"29031.3,29050.4,29028.1,29048.2"
2026-05-20T17:35:00.000+07:00,"29048.3,29063,29036.1,29037.9"
2026-05-20T17:40:00.000+07:00,"29038.3,29043.2,29028.4,29036.5"
2026-05-20T17:45:00.000+07:00,"29037.4,29046.4,29026.7,29027"
2026-05-20T17:50:00.000+07:00,"29027.1,29034.7,29018.9,29024.3"
2026-05-20T17:55:00.000+07:00,"29024.4,29025.2,29008.3,29013.7"
2026-05-20T18:00:00.000+07:00,"29013.6,29033.9,29000.8,29006.9"
2026-05-20T18:05:00.000+07:00,"29010.5,29025.2,29009.3,29012.5"
2026-05-20T18:10:00.000+07:00,"29012.4,29027,28998.2,29002.4"
2026-05-20T18:15:00.000+07:00,"29002.5,29016,28999.7,29006"
2026-05-20T18:20:00.000+07:00,"29006.1,29027.5,29006,29023.3"
2026-05-20T18:25:00.000+07:00,"29023.1,29025.9,29010.4,29024.9"
2026-05-20T18:30:00.000+07:00,"29025.1,29034.1,29017.1,29023.8"
2026-05-20T18:35:00.000+07:00,"29023.7,29029.8,28999.4,29007.1"
2026-05-20T18:40:00.000+07:00,"29007.3,29014.1,28984,28995.7"
2026-05-20T18:45:00.000+07:00,"28995.9,29005.6,28970.6,28978.6"
2026-05-20T18:50:00.000+07:00,"28977.8,28993.7,28971.3,28991.9"
2026-05-20T18:55:00.000+07:00,"28992,29002.9,28984.5,28985.7"
2026-05-20T19:00:00.000+07:00,"28985.5,29015.2,28976.9,29014.6"
2026-05-20T19:05:00.000+07:00,"29014.4,29027.1,29009.9,29013"
2026-05-20T19:10:00.000+07:00,"29012.9,29029.7,29006.4,29027.4"
2026-05-20T19:15:00.000+07:00,"29027.5,29034,29021.9,29028.6"
2026-05-20T19:20:00.000+07:00,"29028.2,29038.6,29015.4,29038.6"
2026-05-20T19:25:00.000+07:00,"29038.8,29064,29036.7,29054"
2026-05-20T19:30:00.000+07:00,"29054.1,29074.9,29040.1,29071.7"
2026-05-20T19:35:00.000+07:00,"29071.8,29073.5,29037.9,29043.4"
2026-05-20T19:40:00.000+07:00,"29043.3,29048.5,29030,29033.1"
2026-05-20T19:45:00.000+07:00,"29033.3,29052,29031.1,29047.5"
2026-05-20T19:50:00.000+07:00,"29047.6,29049,29029.2,29048.4"
2026-05-20T19:55:00.000+07:00,"29048.5,29050.1,29009.5,29010.7"
2026-05-20T20:00:00.000+07:00,"29010.6,29023.8,29002,29013.8"
2026-05-20T20:05:00.000+07:00,"29013.7,29022.9,29008.6,29013.5"
2026-05-20T20:10:00.000+07:00,"29013.3,29018.3,29001.9,29006.7"
2026-05-20T20:15:00.000+07:00,"29006.6,29009.4,28994.2,28998.3"
2026-05-20T20:20:00.000+07:00,"28997.2,29022.2,28993.6,29018.4"
2026-05-20T20:25:00.000+07:00,"29018.2,29019.1,28966.4,28979"
2026-05-20T20:30:00.000+07:00,"28979.5,29059.7,28976.4,29040"
2026-05-20T20:35:00.000+07:00,"29040.8,29047.8,28928.9,28957.6"
2026-05-20T20:40:00.000+07:00,"28949.8,29054.3,28943.9,29046"
2026-05-20T20:45:00.000+07:00,"29045.9,29098.8,29021,29039.7"
2026-05-20T20:50:00.000+07:00,"29039.5,29070.3,28972.2,28989.8"
2026-05-20T20:55:00.000+07:00,"28990.3,29012,28953.4,29004.9"
2026-05-20T21:00:00.000+07:00,"29005.2,29024.8,28965.9,28981.3"
2026-05-20T21:05:00.000+07:00,"28981.4,29005.7,28962.9,28969.9"
2026-05-20T21:10:00.000+07:00,"28976.9,29034.2,28913.3,28992"
2026-05-20T21:15:00.000+07:00,"28992.2,29137.5,28979.8,29072.4"
2026-05-20T21:20:00.000+07:00,"29071.9,29132.2,29041,29047.6"
2026-05-20T21:25:00.000+07:00,"29047.7,29114.2,29023.7,29113.3"
2026-05-20T21:30:00.000+07:00,"29113.6,29168.6,29113.6,29118"
2026-05-20T21:35:00.000+07:00,"29117.5,29129.9,29079.6,29107.2"
2026-05-20T21:40:00.000+07:00,"29107,29126.7,29092.4,29126.7"
2026-05-20T21:45:00.000+07:00,"29127.6,29141.7,29080.3,29102"
2026-05-20T21:50:00.000+07:00,"29103.4,29158,29093.6,29148.2"
2026-05-20T21:55:00.000+07:00,"29147.9,29186.7,29137.8,29168.2"
2026-05-20T22:00:00.000+07:00,"29170,29191.1,29141.9,29147.9"
2026-05-20T22:05:00.000+07:00,"29147.8,29174.9,29143.6,29166.1"
2026-05-20T22:10:00.000+07:00,"29166.9,29175.2,29154.5,29166.5"
2026-05-20T22:15:00.000+07:00,"29166.6,29304.3,29166.6,29232.4"
2026-05-20T22:20:00.000+07:00,"29232.5,29254.6,29215.8,29224.7"
2026-05-20T22:25:00.000+07:00,"29224.4,29232.2,29194.6,29203.5"
2026-05-20T22:30:00.000+07:00,"29203.4,29236.4,29199.5,29236.4"
2026-05-20T22:35:00.000+07:00,"29238,29244.6,29219,29224.1"
2026-05-20T22:40:00.000+07:00,"29223.5,29238.8,29208.5,29229.5"
2026-05-20T22:45:00.000+07:00,"29229.4,29254.8,29225.2,29254.1"
2026-05-20T22:50:00.000+07:00,"29254.9,29268.3,29243.8,29256.1"
2026-05-20T22:55:00.000+07:00,"29256,29261.5,29217.6,29241.5"
2026-05-20T23:00:00.000+07:00,"29240.6,29247,29210.5,29225.8"
2026-05-20T23:05:00.000+07:00,"29225.7,29238.2,29209.3,29221.9"
2026-05-20T23:10:00.000+07:00,"29222.7,29228.8,29197.2,29209.7"
2026-05-20T23:15:00.000+07:00,"29209.3,29211.2,29157.1,29168.9"
2026-05-20T23:20:00.000+07:00,"29169.4,29176.9,29138.1,29149.8"
2026-05-20T23:25:00.000+07:00,"29149.5,29151.2,29121,29144.8"
2026-05-20T23:30:00.000+07:00,"29145.9,29176.8,29133.6,29143.4"
2026-05-20T23:35:00.000+07:00,"29143.7,29163.7,29134.5,29146.3"
2026-05-20T23:40:00.000+07:00,"29145.8,29200.4,29141.8,29198.5"
2026-05-20T23:45:00.000+07:00,"29199.5,29206.4,29148.6,29166.9"
2026-05-20T23:50:00.000+07:00,"29166.3,29181.6,29162.5,29179.9"
2026-05-20T23:55:00.000+07:00,"29179.8,29180.5,29136,29173"
2026-05-21T00:00:00.000+07:00,"29173.6,29194.4,29157.7,29159.6"
2026-05-21T00:05:00.000+07:00,"29163.9,29170.7,29148.7,29154.4"
2026-05-21T00:10:00.000+07:00,"29154.1,29214.9,29141.5,29193.3"
2026-05-21T00:15:00.000+07:00,"29193.5,29202.1,29173.9,29188.6"
2026-05-21T00:20:00.000+07:00,"29187.7,29206,29173.6,29180.5"
2026-05-21T00:25:00.000+07:00,"29182.1,29214.7,29177.3,29205.5"
2026-05-21T00:30:00.000+07:00,"29205.4,29217,29183.7,29197.1"
2026-05-21T00:35:00.000+07:00,"29197.2,29235.8,29192.2,29217.4"
2026-05-21T00:40:00.000+07:00,"29216.9,29218,29200.1,29212.2"
2026-05-21T00:45:00.000+07:00,"29212,29219.7,29197.4,29209.3"
2026-05-21T00:50:00.000+07:00,"29210.3,29216,29194.8,29195.1"
2026-05-21T00:55:00.000+07:00,"29194.9,29213.9,29193,29211.6"
2026-05-21T01:00:00.000+07:00,"29213.6,29234.7,29190.2,29227"
2026-05-21T01:05:00.000+07:00,"29229.6,29236.1,29218.7,29224.9"
2026-05-21T01:10:00.000+07:00,"29224.2,29232,29209.8,29217.6"
2026-05-21T01:15:00.000+07:00,"29218.1,29228.2,29210.4,29215.6"
2026-05-21T01:20:00.000+07:00,"29214.3,29221.6,29191.5,29193.6"
2026-05-21T01:25:00.000+07:00,"29191.5,29217.5,29189,29216.1"
2026-05-21T01:30:00.000+07:00,"29215.6,29227.2,29210,29221.6"
2026-05-21T01:35:00.000+07:00,"29222.3,29254.5,29218.5,29243.8"
2026-05-21T01:40:00.000+07:00,"29243.2,29248,29207.1,29207.1"
2026-05-21T01:45:00.000+07:00,"29207.4,29225.8,29202.6,29213.3"
2026-05-21T01:50:00.000+07:00,"29213.6,29220.7,29198.5,29208.5"
2026-05-21T01:55:00.000+07:00,"29208.4,29222.9,29207.7,29211.3"
2026-05-21T02:00:00.000+07:00,"29211.7,29238.9,29209.3,29220.2"
2026-05-21T02:05:00.000+07:00,"29220.4,29232.7,29213.6,29229.7"
2026-05-21T02:10:00.000+07:00,"29229.6,29248.1,29224.1,29248"
2026-05-21T02:15:00.000+07:00,"29248.3,29260.3,29243.6,29250.2"
2026-05-21T02:20:00.000+07:00,"29249.4,29258.8,29244.6,29253.7"
2026-05-21T02:25:00.000+07:00,"29254.5,29259.2,29240.2,29251.1"
2026-05-21T02:30:00.000+07:00,"29251.9,29256.7,29237.5,29251.4"
2026-05-21T02:35:00.000+07:00,"29250.3,29284.4,29243,29271"
2026-05-21T02:40:00.000+07:00,"29271.2,29272.5,29258.9,29263.9"
2026-05-21T02:45:00.000+07:00,"29261.4,29283.1,29256.1,29269.4"
2026-05-21T02:50:00.000+07:00,"29269.2,29293.1,29247.5,29272.7"
2026-05-21T02:55:00.000+07:00,"29272.8,29305.4,29260.8,29305.2"
2026-05-21T03:00:00.000+07:00,"29304.2,29304.2,29259.6,29263.4"
2026-05-21T03:05:00.000+07:00,"29263.9,29279.3,29255,29270.4"
2026-05-21T03:10:00.000+07:00,"29270.1,29275.3,29249.6,29263.7"
2026-05-21T03:15:00.000+07:00,"29266.2,29270.2,29197.4,29253.9"
2026-05-21T03:20:00.000+07:00,"29241.4,29248.5,29157.1,29231.7"
2026-05-21T03:25:00.000+07:00,"29230.7,29286.5,29213.7,29278"
2026-05-21T03:30:00.000+07:00,"29279,29285.5,29214,29220.4"
2026-05-21T03:35:00.000+07:00,"29220.5,29227,29185,29200.6"
2026-05-21T03:40:00.000+07:00,"29200.4,29228,29188.3,29212.1"
2026-05-21T03:45:00.000+07:00,"29211.8,29226.7,29201.5,29207.2"
2026-05-21T03:50:00.000+07:00,"29207,29210.3,29160,29171.4"
2026-05-21T03:55:00.000+07:00,"29171.1,29205,29170.8,29184"
2026-05-21T04:00:00.000+07:00,"29184.1,29195.1,29181.4,29191.6"
2026-05-21T04:05:00.000+07:00,"29191.7,29192.5,29161.4,29174.7"
2026-05-21T04:10:00.000+07:00,"29173.6,29183,29166.3,29173.3"
2026-05-21T04:15:00.000+07:00,"29173.8,29192.1,29173.8,29187.6"
2026-05-21T04:20:00.000+07:00,"29188.7,29192.6,29173.6,29192.6"
2026-05-21T04:25:00.000+07:00,"29195.7,29226.6,29195.6,29217.5"
2026-05-21T04:30:00.000+07:00,"29217.1,29223.1,29206.9,29210.7"
2026-05-21T04:35:00.000+07:00,"29212,29219.2,29206.6,29206.9"
2026-05-21T04:40:00.000+07:00,"29207.5,29213.1,29202.5,29209.5"
2026-05-21T04:45:00.000+07:00,"29209.6,29211.6,29208.8,29211.6"
2026-05-21T04:50:00.000+07:00,"29211.7,29213.6,29207.5,29207.5"
2026-05-21T04:55:00.000+07:00,"29206,29206,29185.7,29187.7"
2026-05-21T05:00:00.000+07:00,"29167.2,29188.9,29131,29131.7"
2026-05-21T05:05:00.000+07:00,"29130.6,29138.7,29030,29052.1"
2026-05-21T05:10:00.000+07:00,"29052.7,29078.8,29024.9,29068.5"
2026-05-21T05:15:00.000+07:00,"29068.6,29084.9,29043.4,29054"
2026-05-21T05:20:00.000+07:00,"29054.2,29065.5,29028.3,29057.5"
2026-05-21T05:25:00.000+07:00,"29057.4,29082.4,29055,29079.8"
2026-05-21T05:30:00.000+07:00,"29079.3,29093.4,29071.9,29086"
2026-05-21T05:35:00.000+07:00,"29085.9,29093.9,29072.1,29090.4"
2026-05-21T05:40:00.000+07:00,"29091.4,29099.3,29079.7,29091.7"
2026-05-21T05:45:00.000+07:00,"29092,29099.1,29085.1,29094.7"
2026-05-21T05:50:00.000+07:00,"29094,29094.1,29071.4,29084.1"
2026-05-21T05:55:00.000+07:00,"29084.6,29099.9,29080.7,29098.4"
2026-05-21T06:00:00.000+07:00,"29099.1,29116.7,29096,29107.5"
2026-05-21T06:05:00.000+07:00,"29108.4,29115.9,29104.2,29110.5"
2026-05-21T06:10:00.000+07:00,"29110.4,29133.4,29108.9,29115.8"
2026-05-21T06:15:00.000+07:00,"29115.7,29116.2,29093,29112.4"
2026-05-21T06:20:00.000+07:00,"29112.2,29112.6,29085.7,29090"
2026-05-21T06:25:00.000+07:00,"29090.1,29096,29077.4,29089.5"
2026-05-21T06:30:00.000+07:00,"29090.9,29102.7,29083.6,29092.6"
2026-05-21T06:35:00.000+07:00,"29092.7,29106.4,29090.2,29100.1"
2026-05-21T06:40:00.000+07:00,"29102.2,29106.6,29095.6,29097.7"
2026-05-21T06:45:00.000+07:00,"29097.8,29118.3,29090.1,29112.4"
2026-05-21T06:50:00.000+07:00,"29113,29116.9,29099.3,29111.9"
2026-05-21T06:55:00.000+07:00,"29112,29115.3,29092.2,29102.9"
2026-05-21T07:00:00.000+07:00,"29103,29119.6,29089.9,29109.8"
2026-05-21T07:05:00.000+07:00,"29109.5,29115.2,29083.2,29108.4"
2026-05-21T07:10:00.000+07:00,"29107.4,29120.8,29102.6,29117.7"
2026-05-21T07:15:00.000+07:00,"29117.8,29126,29090,29099.3"
2026-05-21T07:20:00.000+07:00,"29099.2,29101.7,29085.5,29095.9"
2026-05-21T07:25:00.000+07:00,"29095.1,29104.4,29084.8,29104.3"
2026-05-21T07:30:00.000+07:00,"29102.8,29116.9,29092.1,29115"
2026-05-21T07:35:00.000+07:00,"29115.4,29123,29111.8,29117.2"
2026-05-21T07:40:00.000+07:00,"29116.5,29127.1,29113.8,29126.3"
2026-05-21T07:45:00.000+07:00,"29126.9,29131.3,29114.1,29131.3"
2026-05-21T07:50:00.000+07:00,"29131.1,29141.9,29128,29140.4"
2026-05-21T07:55:00.000+07:00,"29139.9,29141.1,29125.5,29131.2"
2026-05-21T08:00:00.000+07:00,"29131.3,29156.1,29131.3,29153.7"
2026-05-21T08:05:00.000+07:00,"29154.3,29173.8,29148.4,29172.8"
2026-05-21T08:10:00.000+07:00,"29172.6,29191.1,29165.2,29190.3"
2026-05-21T08:15:00.000+07:00,"29190.5,29205,29174,29176.2"
2026-05-21T08:20:00.000+07:00,"29176.9,29188.7,29176,29183.8"
2026-05-21T08:25:00.000+07:00,"29183.7,29184.4,29170.4,29181.3"
2026-05-21T08:30:00.000+07:00,"29181.4,29203,29173,29201.6"
2026-05-21T08:35:00.000+07:00,"29201.7,29219.8,29194.8,29203.2"
2026-05-21T08:40:00.000+07:00,"29203.3,29230.4,29202.4,29223.4"
2026-05-21T08:45:00.000+07:00,"29223.6,29227.9,29217.2,29219.7"
2026-05-21T08:50:00.000+07:00,"29219.4,29221.3,29191.5,29196.1"
2026-05-21T08:55:00.000+07:00,"29195.7,29229.5,29195.7,29222.4"
2026-05-21T09:00:00.000+07:00,"29224,29243.4,29222.3,29237.7"
2026-05-21T09:05:00.000+07:00,"29238,29245.3,29234.6,29243.4"
2026-05-21T09:10:00.000+07:00,"29243.6,29250,29233.3,29243.2"
2026-05-21T09:15:00.000+07:00,"29242.8,29286.8,29241,29264.7"
2026-05-21T09:20:00.000+07:00,"29265,29271.8,29259.1,29262.3"
2026-05-21T09:25:00.000+07:00,"29262.6,29270.9,29258.9,29263.2"
2026-05-21T09:30:00.000+07:00,"29263.3,29265.1,29247.6,29248.2"
2026-05-21T09:35:00.000+07:00,"29248.5,29265.5,29244.1,29264.1"
2026-05-21T09:40:00.000+07:00,"29264,29264,29242.3,29245.3"
2026-05-21T09:45:00.000+07:00,"29244.9,29245.4,29227.5,29237.4"
2026-05-21T09:50:00.000+07:00,"29237.6,29251.9,29236.2,29237.3"
2026-05-21T09:55:00.000+07:00,"29237.2,29243.2,29231.4,29236.4"
2026-05-21T10:00:00.000+07:00,"29236.6,29256.9,29233.2,29253.3"
2026-05-21T10:05:00.000+07:00,"29252.9,29256.3,29235.4,29255.7"
2026-05-21T10:10:00.000+07:00,"29256.3,29264.8,29252.2,29255.2"
2026-05-21T10:15:00.000+07:00,"29255.6,29259.4,29243.6,29256.2"
2026-05-21T10:20:00.000+07:00,"29256.3,29273.9,29255.3,29268.2"
2026-05-21T10:25:00.000+07:00,"29268.1,29270.4,29257.3,29267.5"
2026-05-21T10:30:00.000+07:00,"29267.7,29271.1,29260.4,29264.6"
2026-05-21T10:35:00.000+07:00,"29265.5,29272.9,29258.7,29269.3"
2026-05-21T10:40:00.000+07:00,"29269.6,29288.5,29268.9,29288.5"
2026-05-21T10:45:00.000+07:00,"29288.2,29290.7,29276.6,29281.5"
2026-05-21T10:50:00.000+07:00,"29281.4,29283,29264.7,29267.1"
2026-05-21T10:55:00.000+07:00,"29266.9,29275.4,29265.3,29271.7"
2026-05-21T11:00:00.000+07:00,"29271.8,29284.8,29267.3,29283.8"
2026-05-21T11:05:00.000+07:00,"29283.9,29298.2,29282.7,29283.6"
2026-05-21T11:10:00.000+07:00,"29283.9,29291.7,29282.7,29290.9"
2026-05-21T11:15:00.000+07:00,"29290.3,29298,29287.8,29289.9"
2026-05-21T11:20:00.000+07:00,"29289.8,29304.1,29288.7,29300.3"
2026-05-21T11:25:00.000+07:00,"29301.2,29323,29300.1,29318"
2026-05-21T11:30:00.000+07:00,"29316.6,29319.4,29297.7,29300.4"
2026-05-21T11:35:00.000+07:00,"29300.3,29304.7,29289.7,29304.3"
2026-05-21T11:40:00.000+07:00,"29304.4,29314.4,29300.3,29313.7"
2026-05-21T11:45:00.000+07:00,"29314,29314.5,29304.6,29306.8"
2026-05-21T11:50:00.000+07:00,"29306.9,29320.1,29305.7,29307.2"
2026-05-21T11:55:00.000+07:00,"29308.3,29335.1,29306.8,29328.4"
2026-05-21T12:00:00.000+07:00,"29328.6,29335.6,29324.4,29332.8"
2026-05-21T12:05:00.000+07:00,"29332.3,29348.5,29320,29321.9"
2026-05-21T12:10:00.000+07:00,"29321.6,29324.8,29316.8,29323.6"
2026-05-21T12:15:00.000+07:00,"29323.7,29332.8,29317.8,29327.4"
2026-05-21T12:20:00.000+07:00,"29327.3,29335.4,29320.1,29333.1"
2026-05-21T12:25:00.000+07:00,"29332.8,29333.3,29302.7,29304.1"
2026-05-21T12:30:00.000+07:00,"29306.6,29306.6,29284.2,29292.9"
2026-05-21T12:35:00.000+07:00,"29292.5,29303.5,29286.5,29302"
2026-05-21T12:40:00.000+07:00,"29302.4,29303.5,29283.2,29292.8"
2026-05-21T12:45:00.000+07:00,"29292.6,29295,29209.2,29251.6"
2026-05-21T12:50:00.000+07:00,"29250.5,29282,29244,29280.8"
2026-05-21T12:55:00.000+07:00,"29280.3,29280.7,29271.8,29274.5"
2026-05-21T13:00:00.000+07:00,"29272,29292.9,29266,29291.8"
2026-05-21T13:05:00.000+07:00,"29292.3,29301.8,29284.7,29286.8"
2026-05-21T13:10:00.000+07:00,"29286.7,29290,29265.7,29271.9"
2026-05-21T13:15:00.000+07:00,"29271.8,29280.1,29248.4,29256"
2026-05-21T13:20:00.000+07:00,"29255.9,29295.4,29251.1,29277.7"
2026-05-21T13:25:00.000+07:00,"29277.8,29286.9,29265.4,29276.3"
2026-05-21T13:30:00.000+07:00,"29276,29286,29270.8,29280.6"
2026-05-21T13:35:00.000+07:00,"29280.5,29282.6,29258.8,29260.9"
2026-05-21T13:40:00.000+07:00,"29261.1,29261.1,29226.2,29227.6"
2026-05-21T13:45:00.000+07:00,"29227.5,29232.4,29200.9,29202.4"
2026-05-21T13:50:00.000+07:00,"29202.1,29217.2,29188.1,29203.3"
2026-05-21T13:55:00.000+07:00,"29203.1,29211.7,29190.3,29211.5"
2026-05-21T14:00:00.000+07:00,"29210.5,29212.5,29169.9,29174.6"
2026-05-21T14:05:00.000+07:00,"29174.7,29197.5,29162.4,29175.3"
2026-05-21T14:10:00.000+07:00,"29175,29178.4,29128.1,29140.9"
2026-05-21T14:15:00.000+07:00,"29139.8,29142.8,29115,29138.6"
2026-05-21T14:20:00.000+07:00,"29138.7,29171.6,29136.6,29168.7"
2026-05-21T14:25:00.000+07:00,"29168.2,29176.7,29154.5,29169.1"
2026-05-21T14:30:00.000+07:00,"29164.3,29186.9,29163.6,29179.2"
2026-05-21T14:35:00.000+07:00,"29178.7,29193.5,29176.4,29191.8"
2026-05-21T14:40:00.000+07:00,"29190.8,29197.9,29180.2,29193.2"
2026-05-21T14:45:00.000+07:00,"29193,29210.3,29190.3,29208"
2026-05-21T14:50:00.000+07:00,"29207.8,29231.9,29204.4,29225.2"
2026-05-21T14:55:00.000+07:00,"29225.4,29242.5,29222,29231"
2026-05-21T15:00:00.000+07:00,"29231.1,29256.5,29218.4,29255.3"
2026-05-21T15:05:00.000+07:00,"29257.5,29284.4,29252.3,29279.6"
2026-05-21T15:10:00.000+07:00,"29279.5,29342.6,29268.7,29341.6"
2026-05-21T15:15:00.000+07:00,"29341.8,29371.9,29304.6,29304.6"
2026-05-21T15:20:00.000+07:00,"29304.8,29309.1,29283,29298"
2026-05-21T15:25:00.000+07:00,"29297.8,29331.9,29281.7,29323.6"
2026-05-21T15:30:00.000+07:00,"29322.4,29324.8,29282.8,29292.9"
2026-05-21T15:35:00.000+07:00,"29293.4,29295.7,29274.9,29287.1"
2026-05-21T15:40:00.000+07:00,"29287.9,29301.6,29279.8,29294.4"
2026-05-21T15:45:00.000+07:00,"29295,29298.4,29267.9,29286.7"
2026-05-21T15:50:00.000+07:00,"29286.2,29293.5,29257.8,29280.7"
2026-05-21T15:55:00.000+07:00,"29280.6,29294.9,29276.9,29282.3"
2026-05-21T16:00:00.000+07:00,"29281.6,29298.9,29275.2,29284.4"
2026-05-21T16:05:00.000+07:00,"29284,29313.1,29281.9,29303"
2026-05-21T16:10:00.000+07:00,"29304.1,29321.6,29295.3,29312.4"
2026-05-21T16:15:00.000+07:00,"29311.9,29322.3,29305.4,29309.7"
2026-05-21T16:20:00.000+07:00,"29309.4,29327.2,29308.5,29315.1"
2026-05-21T16:25:00.000+07:00,"29314.6,29338.4,29311.3,29328.8"
2026-05-21T16:30:00.000+07:00,"29328.4,29337.4,29308,29318.4"
2026-05-21T16:35:00.000+07:00,"29318.6,29324.5,29302.7,29303.4"
2026-05-21T16:40:00.000+07:00,"29303,29314.5,29284.3,29287.9"
2026-05-21T16:45:00.000+07:00,"29288.1,29304.7,29282,29297"
2026-05-21T16:50:00.000+07:00,"29297.3,29304.9,29290.9,29293"
2026-05-21T16:55:00.000+07:00,"29292.9,29297.1,29286,29288.3"
2026-05-21T17:00:00.000+07:00,"29287.6,29302.3,29286.5,29293.2"
2026-05-21T17:05:00.000+07:00,"29292.5,29297,29264.2,29275.3"
2026-05-21T17:10:00.000+07:00,"29277.2,29295.5,29268.3,29295.2"
2026-05-21T17:15:00.000+07:00,"29295.7,29302.8,29284.8,29289.2"
2026-05-21T17:20:00.000+07:00,"29289.5,29293,29271.1,29275.6"
2026-05-21T17:25:00.000+07:00,"29275.7,29279.1,29152.5,29182"
2026-05-21T17:30:00.000+07:00,"29182.5,29198.1,29145.9,29197.7"
2026-05-21T17:35:00.000+07:00,"29197.4,29205.8,29128.3,29131.7"
2026-05-21T17:40:00.000+07:00,"29131.8,29166,29123.3,29164.1"
2026-05-21T17:45:00.000+07:00,"29163.9,29166.1,29124.1,29145.7"
2026-05-21T17:50:00.000+07:00,"29145.2,29161.9,29101.6,29160.7"
2026-05-21T17:55:00.000+07:00,"29160.1,29166.5,29138.3,29156"
2026-05-21T18:00:00.000+07:00,"29152.8,29166.5,29115.8,29148.6"
2026-05-21T18:05:00.000+07:00,"29143.8,29146.4,29114.2,29146.4"
2026-05-21T18:10:00.000+07:00,"29146.6,29167.7,29137.2,29158.9"
2026-05-21T18:15:00.000+07:00,"29159.1,29186.3,29157.2,29183.9"
2026-05-21T18:20:00.000+07:00,"29183.6,29202.2,29167.8,29176.5"
2026-05-21T18:25:00.000+07:00,"29176.2,29189.5,29171.9,29184.4"
2026-05-21T18:30:00.000+07:00,"29184.3,29195,29171.6,29173.1"
2026-05-21T18:35:00.000+07:00,"29172.8,29177.9,29151.7,29167.6"
2026-05-21T18:40:00.000+07:00,"29166.7,29174.8,29149.6,29153.8"
2026-05-21T18:45:00.000+07:00,"29153.4,29179.1,29153.3,29175.9"
2026-05-21T18:50:00.000+07:00,"29174.9,29186.4,29168.2,29179"
2026-05-21T18:55:00.000+07:00,"29178.8,29178.8,29157.3,29163.2"
2026-05-21T19:00:00.000+07:00,"29163.3,29175.7,29153.8,29174"
2026-05-21T19:05:00.000+07:00,"29173.2,29177.8,29148,29162.9"
2026-05-21T19:10:00.000+07:00,"29161.8,29164.1,29138.2,29147.8"
2026-05-21T19:15:00.000+07:00,"29148.1,29169.5,29134.2,29169.5"
2026-05-21T19:20:00.000+07:00,"29169.8,29170.3,29130.1,29135.1"
2026-05-21T19:25:00.000+07:00,"29136.5,29152.6,29128.3,29152.6"
2026-05-21T19:30:00.000+07:00,"29151.2,29200.7,29136.2,29186.4"
2026-05-21T19:35:00.000+07:00,"29186.3,29188.9,29144.2,29172.3"
2026-05-21T19:40:00.000+07:00,"29170.6,29177.2,29132.7,29147.7"
2026-05-21T19:45:00.000+07:00,"29147.4,29153.6,29131.1,29140.9"
2026-05-21T19:50:00.000+07:00,"29141.3,29142.8,29124.4,29135"
2026-05-21T19:55:00.000+07:00,"29134.8,29140,29096.6,29103.2"
2026-05-21T20:00:00.000+07:00,"29103,29147.5,29096.1,29141.8"
2026-05-21T20:05:00.000+07:00,"29141.4,29147.7,29110.8,29119.7"
2026-05-21T20:10:00.000+07:00,"29119.9,29129.2,29110.1,29124.9"
2026-05-21T20:15:00.000+07:00,"29124.6,29124.7,29105.1,29113.9"
2026-05-21T20:20:00.000+07:00,"29113.8,29114.9,29088.3,29096.1"
2026-05-21T20:25:00.000+07:00,"29096.3,29111.2,29089.6,29105.9"
2026-05-21T20:30:00.000+07:00,"29132.7,29172.6,29083.9,29172.1"
2026-05-21T20:35:00.000+07:00,"29174.3,29175,29102,29120.5"
2026-05-21T20:40:00.000+07:00,"29120.1,29172.5,29101.6,29122.2"
2026-05-21T20:45:00.000+07:00,"29122.6,29161.4,29103.4,29112"
2026-05-21T20:50:00.000+07:00,"29110.7,29205.2,29097.5,29205.2"
2026-05-21T20:55:00.000+07:00,"29203.5,29223,29154.3,29197.7"
2026-05-21T21:00:00.000+07:00,"29198.4,29250,29194.5,29220.1"
2026-05-21T21:05:00.000+07:00,"29217,29233.7,29184,29233.7"
2026-05-21T21:10:00.000+07:00,"29232.7,29235.2,29165.3,29182.2"
2026-05-21T21:15:00.000+07:00,"29180.8,29188.4,29100.9,29102.6"
2026-05-21T21:20:00.000+07:00,"29101.5,29103.8,29040.9,29070"
2026-05-21T21:25:00.000+07:00,"29069.5,29108.8,29054.9,29102.8"
2026-05-21T21:30:00.000+07:00,"29102.3,29146,29087.8,29109.7"
2026-05-21T21:35:00.000+07:00,"29108.9,29164.8,29106.1,29152.6"
2026-05-21T21:40:00.000+07:00,"29154.6,29159.9,29112.1,29147.3"
2026-05-21T21:45:00.000+07:00,"29148.4,29159.1,29086.1,29112"
2026-05-21T21:50:00.000+07:00,"29113,29140.6,29081,29135.2"
2026-05-21T21:55:00.000+07:00,"29136.7,29166.1,29122.7,29150.7"
2026-05-21T22:00:00.000+07:00,"29148.2,29156.3,29114.3,29126.2"
2026-05-21T22:05:00.000+07:00,"29126.4,29128.7,29058.3,29081.4"
2026-05-21T22:10:00.000+07:00,"29080.2,29160.7,29053.4,29145.8"
2026-05-21T22:15:00.000+07:00,"29147,29161.3,29134.5,29157.4"
2026-05-21T22:20:00.000+07:00,"29154.8,29173.4,29139.2,29150.5"
2026-05-21T22:25:00.000+07:00,"29150.6,29167,29139.8,29146.9"
2026-05-21T22:30:00.000+07:00,"29148.2,29156.9,29092,29100.6"
2026-05-21T22:35:00.000+07:00,"29099.7,29169.5,29091.7,29167.7"
2026-05-21T22:40:00.000+07:00,"29169.5,29186.9,29158.5,29168.7"
2026-05-21T22:45:00.000+07:00,"29169.7,29211.2,29169.7,29207.5"
2026-05-21T22:50:00.000+07:00,"29207.8,29215.9,29190.3,29200.8"
2026-05-21T22:55:00.000+07:00,"29199.6,29203.9,29177.4,29179.7"
2026-05-21T23:00:00.000+07:00,"29179.6,29209.8,29177.6,29202.3"
2026-05-21T23:05:00.000+07:00,"29202.2,29222.6,29182.1,29221.2"
2026-05-21T23:10:00.000+07:00,"29222.4,29222.4,29177.9,29188.7"
2026-05-21T23:15:00.000+07:00,"29189,29195.5,29169,29177"
2026-05-21T23:20:00.000+07:00,"29176.9,29187.1,29130.2,29158.7"
2026-05-21T23:25:00.000+07:00,"29157.5,29165.9,29144.1,29161.7"
2026-05-21T23:30:00.000+07:00,"29161.1,29181.9,29155.4,29177.3"
2026-05-21T23:35:00.000+07:00,"29177.2,29185.9,29148.5,29166.2"
2026-05-21T23:40:00.000+07:00,"29167.5,29179.3,29156.1,29170.2"
2026-05-21T23:45:00.000+07:00,"29171,29184.3,29136.1,29146.1"
2026-05-21T23:50:00.000+07:00,"29144.6,29162.8,29122.5,29154.5"
2026-05-21T23:55:00.000+07:00,"29154.8,29172.8,29151,29171.5"
2026-05-22T00:00:00.000+07:00,"29172.8,29206.6,29172.8,29189"
2026-05-22T00:05:00.000+07:00,"29189.1,29204.8,29189.1,29197.9"
2026-05-22T00:10:00.000+07:00,"29197.8,29293.5,29197.2,29257.1"
2026-05-22T00:15:00.000+07:00,"29257.8,29349.2,29251.5,29325.7"
2026-05-22T00:20:00.000+07:00,"29322.4,29388.5,29280.5,29327.4"
2026-05-22T00:25:00.000+07:00,"29327.6,29345.5,29314.8,29323.9"
2026-05-22T00:30:00.000+07:00,"29321.5,29361.8,29318.4,29346.6"
2026-05-22T00:35:00.000+07:00,"29346.8,29372.5,29345.4,29369.5"
2026-05-22T00:40:00.000+07:00,"29372.4,29407.8,29372.4,29405.3"
2026-05-22T00:45:00.000+07:00,"29406.6,29416.1,29381.9,29413.1"
2026-05-22T00:50:00.000+07:00,"29411.4,29454.6,29396.3,29451.9"
2026-05-22T00:55:00.000+07:00,"29453.7,29463,29405.5,29407"
2026-05-22T01:00:00.000+07:00,"29407.9,29432.4,29373.5,29380.2"
2026-05-22T01:05:00.000+07:00,"29378.2,29409.4,29371.2,29396.8"
2026-05-22T01:10:00.000+07:00,"29395.9,29400.3,29357.9,29360.4"
2026-05-22T01:15:00.000+07:00,"29360.6,29377.8,29341.9,29376.5"
2026-05-22T01:20:00.000+07:00,"29375.9,29387.2,29357.3,29382.4"
2026-05-22T01:25:00.000+07:00,"29382.1,29387.1,29363.5,29368.3"
2026-05-22T01:30:00.000+07:00,"29368.8,29378.8,29355.5,29364.4"
2026-05-22T01:35:00.000+07:00,"29363.9,29370.3,29347.2,29352.8"
2026-05-22T01:40:00.000+07:00,"29354.1,29381.5,29352.5,29369.3"
2026-05-22T01:45:00.000+07:00,"29370.3,29376.6,29300,29318.5"
2026-05-22T01:50:00.000+07:00,"29317.9,29341.8,29220.1,29220.1"
2026-05-22T01:55:00.000+07:00,"29219.1,29248.9,29210.3,29248"
2026-05-22T02:00:00.000+07:00,"29249.8,29290.8,29248.6,29286.5"
2026-05-22T02:05:00.000+07:00,"29287.3,29314.5,29259.6,29310.8"
2026-05-22T02:10:00.000+07:00,"29311.4,29324.5,29293.2,29323.4"
2026-05-22T02:15:00.000+07:00,"29323.2,29341.4,29320.1,29341.2"
2026-05-22T02:20:00.000+07:00,"29339.1,29344.4,29316.5,29334"
2026-05-22T02:25:00.000+07:00,"29334.2,29348.1,29326.6,29337.6"
2026-05-22T02:30:00.000+07:00,"29336.4,29345,29315.9,29316.8"
2026-05-22T02:35:00.000+07:00,"29317.1,29342.6,29317.1,29340.6"
2026-05-22T02:40:00.000+07:00,"29341.4,29353.7,29314.5,29327.1"
2026-05-22T02:45:00.000+07:00,"29325.4,29342.1,29315.5,29336.6"
2026-05-22T02:50:00.000+07:00,"29341.5,29356.9,29312.7,29329.2"
2026-05-22T02:55:00.000+07:00,"29326.6,29371.7,29311.5,29351.7"
2026-05-22T03:00:00.000+07:00,"29351.2,29375.4,29344.1,29366.1"
2026-05-22T03:05:00.000+07:00,"29366.8,29378.6,29357.4,29373.3"
2026-05-22T03:10:00.000+07:00,"29371.8,29371.8,29360.6,29368.3"
2026-05-22T03:15:00.000+07:00,"29367.5,29370.8,29353.3,29357.3"
2026-05-22T03:20:00.000+07:00,"29357.4,29360.4,29349,29354.3"
2026-05-22T03:25:00.000+07:00,"29355.5,29361.6,29349.9,29355.7"
2026-05-22T03:30:00.000+07:00,"29355.5,29366.2,29354.9,29364.4"
2026-05-22T03:35:00.000+07:00,"29363.9,29369.1,29361,29365.3"
2026-05-22T03:40:00.000+07:00,"29365.5,29366.8,29360.8,29366"
2026-05-22T03:45:00.000+07:00,"29365.2,29371.8,29364.6,29368"
2026-05-22T03:50:00.000+07:00,"29367.3,29374.2,29364.6,29368.4"
2026-05-22T03:55:00.000+07:00,"29369.1,29369.6,29359.3,29363.4"
2026-05-22T04:00:00.000+07:00,"29363.2,29363.2,29361.2,29361.5"
2026-05-22T04:05:00.000+07:00,"29361.4,29365.6,29358.7,29365.6"
2026-05-22T04:10:00.000+07:00,"29365.7,29375.6,29365.6,29372.6"
2026-05-22T04:15:00.000+07:00,"29372.5,29379.2,29372.2,29379.2"
2026-05-22T04:20:00.000+07:00,"29379.3,29381.7,29376.9,29377.3"
2026-05-22T04:25:00.000+07:00,"29376.4,29382.2,29376.3,29380.6"
2026-05-22T04:30:00.000+07:00,"29380.5,29381.6,29379.3,29380.1"
2026-05-22T04:35:00.000+07:00,"29380.7,29381.7,29378.9,29381.6"
2026-05-22T04:40:00.000+07:00,"29381.7,29381.8,29375.9,29375.9"
2026-05-22T04:45:00.000+07:00,"29373.1,29374,29366.8,29370.4"
2026-05-22T04:50:00.000+07:00,"29369.4,29369.4,29365.5,29366.5"
2026-05-22T04:55:00.000+07:00,"29366.3,29366.8,29364.6,29365.5"
2026-05-22T05:00:00.000+07:00,"29362.3,29422.5,29362.3,29408.8"
2026-05-22T05:05:00.000+07:00,"29410.4,29426.3,29410.4,29419.6"
2026-05-22T05:10:00.000+07:00,"29419.5,29430.2,29414.6,29428.1"
2026-05-22T05:15:00.000+07:00,"29428,29437,29412.4,29422.4"
2026-05-22T05:20:00.000+07:00,"29422.3,29424.5,29412.2,29412.2"
2026-05-22T05:25:00.000+07:00,"29412.1,29423.4,29403.7,29420.5"
2026-05-22T05:30:00.000+07:00,"29420.6,29429,29409.9,29423"
2026-05-22T05:35:00.000+07:00,"29423.2,29426.5,29410.8,29411.7"
2026-05-22T05:40:00.000+07:00,"29412,29433.4,29407.9,29429.4"
2026-05-22T05:45:00.000+07:00,"29429.7,29454.4,29429.7,29442.1"
2026-05-22T05:50:00.000+07:00,"29441.8,29460.6,29440.1,29457.1"
2026-05-22T05:55:00.000+07:00,"29456.1,29459.3,29451.8,29452.7"
2026-05-22T06:00:00.000+07:00,"29452.8,29460.7,29450.4,29457.7"
2026-05-22T06:05:00.000+07:00,"29457.6,29459.4,29453.8,29454.5"
2026-05-22T06:10:00.000+07:00,"29454.9,29465.9,29451,29458.3"
2026-05-22T06:15:00.000+07:00,"29458.8,29463.2,29451.5,29452.6"
2026-05-22T06:20:00.000+07:00,"29452.5,29460.3,29451,29456.1"
2026-05-22T06:25:00.000+07:00,"29456.2,29461,29452.5,29453.4"
2026-05-22T06:30:00.000+07:00,"29453.5,29456,29450.5,29455"
2026-05-22T06:35:00.000+07:00,"29454.6,29454.9,29449.7,29454"
2026-05-22T06:40:00.000+07:00,"29453.6,29468.3,29452.5,29457.4"
2026-05-22T06:45:00.000+07:00,"29457.1,29468.6,29455.6,29467.2"
2026-05-22T06:50:00.000+07:00,"29467.8,29486.6,29464.5,29465.9"
2026-05-22T06:55:00.000+07:00,"29466,29474.9,29461.3,29466.1"
2026-05-22T07:00:00.000+07:00,"29466.7,29493.4,29450,29462"
2026-05-22T07:05:00.000+07:00,"29461.5,29491.3,29461.5,29479.6"
2026-05-22T07:10:00.000+07:00,"29479.7,29490.3,29470,29470"
2026-05-22T07:15:00.000+07:00,"29470.2,29491.3,29468.5,29486.2"
2026-05-22T07:20:00.000+07:00,"29486.3,29515,29474.8,29478.2"
2026-05-22T07:25:00.000+07:00,"29478.4,29494.5,29464,29491.6"
2026-05-22T07:30:00.000+07:00,"29491.8,29522.7,29491.8,29503.2"
2026-05-22T07:35:00.000+07:00,"29503.5,29524,29500.8,29506.5"
2026-05-22T07:40:00.000+07:00,"29506.2,29510,29494,29496.6"
2026-05-22T07:45:00.000+07:00,"29496.4,29511.6,29496.4,29497.2"
2026-05-22T07:50:00.000+07:00,"29498.5,29503.3,29488.4,29492.3"
2026-05-22T07:55:00.000+07:00,"29492.2,29502.7,29485.8,29485.9"
2026-05-22T08:00:00.000+07:00,"29485.6,29488.2,29458,29477.5"
2026-05-22T08:05:00.000+07:00,"29477.6,29478.4,29465.8,29472.2"
2026-05-22T08:10:00.000+07:00,"29473.7,29500.7,29471.6,29495.1"
2026-05-22T08:15:00.000+07:00,"29495,29497.6,29484.6,29491.5"
2026-05-22T08:20:00.000+07:00,"29491.4,29494.1,29463.8,29465.8"
2026-05-22T08:25:00.000+07:00,"29465.9,29477.2,29463.1,29467.6"
2026-05-22T08:30:00.000+07:00,"29467,29472.2,29442.7,29445.8"
2026-05-22T08:35:00.000+07:00,"29444.8,29445.8,29433.5,29435.8"
2026-05-22T08:40:00.000+07:00,"29436.3,29448.7,29415.8,29445.8"
2026-05-22T08:45:00.000+07:00,"29445.6,29466.4,29445.4,29465.2"
2026-05-22T08:50:00.000+07:00,"29465.7,29475.2,29461,29463"
2026-05-22T08:55:00.000+07:00,"29462.8,29463.9,29443.9,29450.3"
2026-05-22T09:00:00.000+07:00,"29449.9,29465,29442.3,29463.2"
2026-05-22T09:05:00.000+07:00,"29462.8,29463.1,29444.9,29446.6"
2026-05-22T09:10:00.000+07:00,"29445.8,29458.8,29436.3,29454.5"
2026-05-22T09:15:00.000+07:00,"29454.7,29461.4,29450.2,29458.4"
2026-05-22T09:20:00.000+07:00,"29459.1,29463.5,29440.1,29443.2"
2026-05-22T09:25:00.000+07:00,"29443.8,29443.8,29429.3,29432.8"
2026-05-22T09:30:00.000+07:00,"29432.3,29449.8,29430.1,29443.5"
2026-05-22T09:35:00.000+07:00,"29443.8,29451.3,29438.3,29447.3"
2026-05-22T09:40:00.000+07:00,"29447.2,29469.9,29445.8,29459.7"
2026-05-22T09:45:00.000+07:00,"29459.6,29465.9,29456.3,29462.1"
2026-05-22T09:50:00.000+07:00,"29463.1,29476.3,29456.1,29458.4"
2026-05-22T09:55:00.000+07:00,"29458.5,29473.6,29456.1,29471.3"
2026-05-22T10:00:00.000+07:00,"29470.3,29475.5,29465.5,29471.9"
2026-05-22T10:05:00.000+07:00,"29472.1,29472.7,29449.7,29450.6"
2026-05-22T10:10:00.000+07:00,"29450.7,29461.1,29449.6,29458"
2026-05-22T10:15:00.000+07:00,"29457.8,29467.3,29452.5,29455.3"
2026-05-22T10:20:00.000+07:00,"29455.4,29461.5,29451.5,29455.5"
2026-05-22T10:25:00.000+07:00,"29454.9,29468.8,29454.5,29465.1"
2026-05-22T10:30:00.000+07:00,"29465.9,29483.8,29465.9,29482.7"
2026-05-22T10:35:00.000+07:00,"29483.3,29485.1,29477.9,29480.2"
2026-05-22T10:40:00.000+07:00,"29480.6,29486.5,29479.6,29485.8"
2026-05-22T10:45:00.000+07:00,"29485.6,29488.1,29480.7,29484.1"
2026-05-22T10:50:00.000+07:00,"29484.4,29494.1,29482.2,29491.7"
2026-05-22T10:55:00.000+07:00,"29491.6,29493.4,29484.7,29492.3"
2026-05-22T11:00:00.000+07:00,"29492.2,29504.7,29492.2,29504.7"
2026-05-22T11:05:00.000+07:00,"29504.6,29514.8,29502.6,29504.9"
2026-05-22T11:10:00.000+07:00,"29505.1,29507.3,29496.6,29504.8"
2026-05-22T11:15:00.000+07:00,"29505.1,29506.8,29497.5,29500.8"
2026-05-22T11:20:00.000+07:00,"29501.1,29512.7,29498.1,29505.3"
2026-05-22T11:25:00.000+07:00,"29505.1,29511.4,29504.2,29509.7"
2026-05-22T11:30:00.000+07:00,"29509.8,29510.2,29496.3,29498.3"
2026-05-22T11:35:00.000+07:00,"29497.8,29498.3,29485.9,29494.2"
2026-05-22T11:40:00.000+07:00,"29493.8,29502.7,29486.3,29492"
2026-05-22T11:45:00.000+07:00,"29491.7,29501.7,29491.6,29500.4"
2026-05-22T11:50:00.000+07:00,"29500.5,29518.3,29499.7,29506.8"
2026-05-22T11:55:00.000+07:00,"29506.9,29514.8,29504.8,29512.8"
2026-05-22T12:00:00.000+07:00,"29513.1,29522.2,29510.2,29514.4"
2026-05-22T12:05:00.000+07:00,"29514.5,29523.1,29514.5,29520.9"
2026-05-22T12:10:00.000+07:00,"29521.1,29526.6,29512.6,29515.9"
2026-05-22T12:15:00.000+07:00,"29516,29520.5,29513.6,29517.4"
2026-05-22T12:20:00.000+07:00,"29517.6,29522,29499.6,29500.6"
2026-05-22T12:25:00.000+07:00,"29500.7,29509.3,29497.4,29506.5"
2026-05-22T12:30:00.000+07:00,"29506.7,29513.9,29487.4,29495.8"
2026-05-22T12:35:00.000+07:00,"29496.5,29502.2,29484.6,29490.1"
2026-05-22T12:40:00.000+07:00,"29490.3,29506,29490.1,29499.2"
2026-05-22T12:45:00.000+07:00,"29499.1,29514.5,29495.4,29507"
2026-05-22T12:50:00.000+07:00,"29507.7,29513.1,29494.6,29500.7"
2026-05-22T12:55:00.000+07:00,"29501,29502,29463.1,29468.5"
2026-05-22T13:00:00.000+07:00,"29467.5,29483.9,29454.5,29478.8"
2026-05-22T13:05:00.000+07:00,"29478.2,29486.7,29459.4,29470.5"
2026-05-22T13:10:00.000+07:00,"29470,29483.9,29468,29482.3"
2026-05-22T13:15:00.000+07:00,"29481.8,29495.2,29474.6,29479"
2026-05-22T13:20:00.000+07:00,"29479.4,29484.1,29466.9,29472.1"
2026-05-22T13:25:00.000+07:00,"29472.3,29485.1,29467.4,29483.5"
2026-05-22T13:30:00.000+07:00,"29484.3,29495.3,29475.7,29492.3"
2026-05-22T13:35:00.000+07:00,"29492,29512.9,29491.8,29507.7"
2026-05-22T13:40:00.000+07:00,"29508,29511.5,29494.5,29511.1"
2026-05-22T13:45:00.000+07:00,"29511.3,29513.9,29494.7,29505.3"
2026-05-22T13:50:00.000+07:00,"29505.5,29505.8,29482.1,29485.3"
2026-05-22T13:55:00.000+07:00,"29485.7,29490.7,29480.8,29483.6"
2026-05-22T14:00:00.000+07:00,"29483.3,29483.3,29450.8,29465.8"
2026-05-22T14:05:00.000+07:00,"29466.1,29478.5,29462.8,29464.2"
2026-05-22T14:10:00.000+07:00,"29464.5,29475.8,29455.5,29459.2"
2026-05-22T14:15:00.000+07:00,"29459.6,29485.4,29459.6,29484.2"
2026-05-22T14:20:00.000+07:00,"29484.5,29501.2,29484.1,29498.2"
2026-05-22T14:25:00.000+07:00,"29498.6,29500.9,29489.8,29495.1"
2026-05-22T14:30:00.000+07:00,"29495.6,29498,29459,29461.4"
2026-05-22T14:35:00.000+07:00,"29461.3,29477.8,29453.7,29462.6"
2026-05-22T14:40:00.000+07:00,"29462.8,29492.3,29460.4,29483"
2026-05-22T14:45:00.000+07:00,"29483.2,29496.8,29475.5,29494.9"
2026-05-22T14:50:00.000+07:00,"29495,29498.1,29485,29489.6"
2026-05-22T14:55:00.000+07:00,"29489.4,29505,29482.4,29503.5"
2026-05-22T15:00:00.000+07:00,"29504.4,29535.1,29504.4,29527.9"
2026-05-22T15:05:00.000+07:00,"29528,29533.3,29508.1,29516.3"
2026-05-22T15:10:00.000+07:00,"29516.6,29528.7,29514.3,29518.7"
2026-05-22T15:15:00.000+07:00,"29518.1,29561.4,29518.1,29549"
2026-05-22T15:20:00.000+07:00,"29549.3,29585.3,29549.1,29551.4"
2026-05-22T15:25:00.000+07:00,"29551.7,29555.3,29543.7,29553.6"
2026-05-22T15:30:00.000+07:00,"29554.7,29556.2,29511.9,29525.8"
2026-05-22T15:35:00.000+07:00,"29527,29536.5,29507.1,29527.7"
2026-05-22T15:40:00.000+07:00,"29527.8,29530.8,29512.8,29519.6"
2026-05-22T15:45:00.000+07:00,"29520.1,29531.6,29519.9,29523.2"
2026-05-22T15:50:00.000+07:00,"29523.3,29535.8,29518,29527"
2026-05-22T15:55:00.000+07:00,"29527.2,29527.7,29485.8,29486.9"
2026-05-22T16:00:00.000+07:00,"29487.2,29487.2,29460.1,29463.6"
2026-05-22T16:05:00.000+07:00,"29463.9,29468.6,29429.4,29448.9"
2026-05-22T16:10:00.000+07:00,"29448,29450.7,29428.2,29429.7"
2026-05-22T16:15:00.000+07:00,"29428.3,29445.6,29421.2,29442.6"
2026-05-22T16:20:00.000+07:00,"29442.3,29450.1,29435.6,29438.2"
2026-05-22T16:25:00.000+07:00,"29438.3,29438.3,29406.8,29418.7"
2026-05-22T16:30:00.000+07:00,"29419.1,29429.5,29398.4,29428.8"
2026-05-22T16:35:00.000+07:00,"29428.4,29448.8,29422.8,29447.7"
2026-05-22T16:40:00.000+07:00,"29447.8,29458.6,29438.1,29454.5"
2026-05-22T16:45:00.000+07:00,"29454.3,29454.9,29438.3,29450.6"
2026-05-22T16:50:00.000+07:00,"29451.8,29470.2,29449.2,29463.2"
2026-05-22T16:55:00.000+07:00,"29463.1,29464.2,29442.1,29447.5"
2026-05-22T17:00:00.000+07:00,"29448.8,29448.8,29406.7,29411.8"
2026-05-22T17:05:00.000+07:00,"29411.4,29427.3,29409.9,29423.5"
2026-05-22T17:10:00.000+07:00,"29423.4,29427.5,29408.8,29411.8"
2026-05-22T17:15:00.000+07:00,"29411.4,29412.3,29383.3,29385.5"
2026-05-22T17:20:00.000+07:00,"29385.8,29413.4,29382.4,29412.9"
2026-05-22T17:25:00.000+07:00,"29412.6,29415.8,29369.1,29377.7"
2026-05-22T17:30:00.000+07:00,"29377.6,29386.2,29357.8,29367"
2026-05-22T17:35:00.000+07:00,"29367.1,29380.7,29362.1,29368.9"
2026-05-22T17:40:00.000+07:00,"29368.2,29378.9,29362.4,29374.6"
2026-05-22T17:45:00.000+07:00,"29374.4,29388.2,29372.9,29387.9"
2026-05-22T17:50:00.000+07:00,"29388,29398.4,29383.9,29394.8"
2026-05-22T17:55:00.000+07:00,"29394.4,29394.4,29379.7,29387.5"
2026-05-22T18:00:00.000+07:00,"29387.8,29411.1,29387.8,29407.8"
2026-05-22T18:05:00.000+07:00,"29407.9,29415.7,29398.8,29403.9"
2026-05-22T18:10:00.000+07:00,"29403.6,29404.5,29381.1,29390.4"
2026-05-22T18:15:00.000+07:00,"29390.7,29392.4,29377.3,29380.1"
2026-05-22T18:20:00.000+07:00,"29380.2,29402.2,29373.1,29397"
2026-05-22T18:25:00.000+07:00,"29397.1,29403.5,29390.4,29391.1"
2026-05-22T18:30:00.000+07:00,"29390.9,29399.7,29384.7,29394.7"
2026-05-22T18:35:00.000+07:00,"29394.1,29422,29393.8,29421.3"
2026-05-22T18:40:00.000+07:00,"29421.4,29421.4,29405.3,29420.9"
2026-05-22T18:45:00.000+07:00,"29421,29449.1,29413.9,29433.2"
2026-05-22T18:50:00.000+07:00,"29433,29438.1,29424.2,29428.5"
2026-05-22T18:55:00.000+07:00,"29428.9,29430.9,29418.4,29429.5"
2026-05-22T19:00:00.000+07:00,"29429,29436.4,29422.2,29430.4"
2026-05-22T19:05:00.000+07:00,"29430.1,29434,29420,29423.8"
2026-05-22T19:10:00.000+07:00,"29424.1,29500.8,29416.1,29488.4"
2026-05-22T19:15:00.000+07:00,"29487.3,29503.7,29451.1,29486"
2026-05-22T19:20:00.000+07:00,"29485.8,29493.4,29456.9,29473.5"
2026-05-22T19:25:00.000+07:00,"29474,29478.8,29455.5,29471"
2026-05-22T19:30:00.000+07:00,"29471.7,29487.3,29467.4,29478.6"
2026-05-22T19:35:00.000+07:00,"29479,29485.1,29468.4,29480"
2026-05-22T19:40:00.000+07:00,"29480.8,29484.8,29465.9,29473.5"
2026-05-22T19:45:00.000+07:00,"29474.2,29503.7,29474.2,29494.3"
2026-05-22T19:50:00.000+07:00,"29494.7,29508.2,29482.4,29497.7"
2026-05-22T19:55:00.000+07:00,"29497.8,29517.5,29492.5,29517"
2026-05-22T20:00:00.000+07:00,"29516.8,29520.5,29478.4,29486.2"
2026-05-22T20:05:00.000+07:00,"29486.4,29521.1,29483.8,29518.3"
2026-05-22T20:10:00.000+07:00,"29517.8,29523.7,29499,29505.5"
2026-05-22T20:15:00.000+07:00,"29505.7,29515.4,29484.7,29496.7"
2026-05-22T20:20:00.000+07:00,"29496.5,29497.6,29468.9,29482.3"
2026-05-22T20:25:00.000+07:00,"29481.7,29504.2,29481.7,29501.4"
2026-05-22T20:30:00.000+07:00,"29501.3,29576.3,29475.6,29569.9"
2026-05-22T20:35:00.000+07:00,"29569.4,29618.5,29555.6,29602.7"
2026-05-22T20:40:00.000+07:00,"29609.3,29635.2,29540,29562.2"
2026-05-22T20:45:00.000+07:00,"29563.2,29587.2,29536.5,29550.4"
2026-05-22T20:50:00.000+07:00,"29552.5,29555.7,29510.6,29544.2"
2026-05-22T20:55:00.000+07:00,"29552.1,29563.5,29514.5,29563.5"
2026-05-22T21:00:00.000+07:00,"29566.1,29566.1,29463.1,29493.1"
2026-05-22T21:05:00.000+07:00,"29491.9,29494,29444.4,29487.7"
2026-05-22T21:10:00.000+07:00,"29487.6,29511.8,29476.5,29489.5"
2026-05-22T21:15:00.000+07:00,"29490,29522.5,29470.9,29475.3"
2026-05-22T21:20:00.000+07:00,"29477.3,29485,29416.7,29444.1"
2026-05-22T21:25:00.000+07:00,"29445.1,29492.7,29440.2,29489.7"
2026-05-22T21:30:00.000+07:00,"29489.2,29524.2,29479.3,29519.8"
2026-05-22T21:35:00.000+07:00,"29519.3,29542.7,29510,29531"
2026-05-22T21:40:00.000+07:00,"29531.8,29564.8,29529.7,29562.5"
2026-05-22T21:45:00.000+07:00,"29562.4,29566.7,29534.6,29559.1"
2026-05-22T21:50:00.000+07:00,"29555.3,29559.8,29539.5,29552"
2026-05-22T21:55:00.000+07:00,"29551.8,29578.8,29548.5,29572.7"
2026-05-22T22:00:00.000+07:00,"29570.7,29597.2,29567.4,29593"
2026-05-22T22:05:00.000+07:00,"29594.1,29615.2,29593.6,29615.2"
2026-05-22T22:10:00.000+07:00,"29616.2,29617.9,29602.6,29612.8"
2026-05-22T22:15:00.000+07:00,"29613.6,29624.8,29605.3,29624"
2026-05-22T22:20:00.000+07:00,"29622.8,29624,29598.9,29603"
2026-05-22T22:25:00.000+07:00,"29603.3,29631,29591.3,29631"
2026-05-22T22:30:00.000+07:00,"29629.5,29635.5,29611.8,29615"
2026-05-22T22:35:00.000+07:00,"29614.3,29627.4,29604.7,29612.9"
2026-05-22T22:40:00.000+07:00,"29613.6,29621.5,29600.7,29617.9"
2026-05-22T22:45:00.000+07:00,"29618.3,29618.3,29583.3,29586.2"
2026-05-22T22:50:00.000+07:00,"29585.9,29616.3,29583.9,29608.3"
2026-05-22T22:55:00.000+07:00,"29609,29613.4,29602.3,29610.1"
2026-05-22T23:00:00.000+07:00,"29610.2,29617,29589.8,29606.6"
2026-05-22T23:05:00.000+07:00,"29606.8,29611.9,29591.9,29598.7"
2026-05-22T23:10:00.000+07:00,"29601.1,29611.2,29589.1,29605.4"
2026-05-22T23:15:00.000+07:00,"29604,29606,29570.2,29572.2"
2026-05-22T23:20:00.000+07:00,"29571.9,29590.3,29568.2,29569.4"
2026-05-22T23:25:00.000+07:00,"29568.9,29591.9,29566.3,29591.5"
2026-05-22T23:30:00.000+07:00,"29592.3,29602.6,29566.2,29566.2"
2026-05-22T23:35:00.000+07:00,"29566.1,29585,29557.7,29569.5"
2026-05-22T23:40:00.000+07:00,"29570.7,29580,29561.4,29567.8"
2026-05-22T23:45:00.000+07:00,"29567.7,29587,29565.8,29572"
2026-05-22T23:50:00.000+07:00,"29572.7,29595.5,29571.2,29594.1"
2026-05-22T23:55:00.000+07:00,"29594.2,29600.2,29581.4,29597.7"
2026-05-23T00:00:00.000+07:00,"29596.4,29624.8,29596.4,29624.6"
2026-05-23T00:05:00.000+07:00,"29624.1,29630,29616.9,29622.8"
2026-05-23T00:10:00.000+07:00,"29622.3,29628.5,29616,29621.9"
2026-05-23T00:15:00.000+07:00,"29622.7,29628,29574.5,29579.7"
2026-05-23T00:20:00.000+07:00,"29581.1,29609.2,29574.3,29606.1"
2026-05-23T00:25:00.000+07:00,"29605.9,29662.1,29603.4,29662.1"
2026-05-23T00:30:00.000+07:00,"29661,29672.1,29622.7,29627.9"
2026-05-23T00:35:00.000+07:00,"29619.7,29644.2,29610.4,29642.2"
2026-05-23T00:40:00.000+07:00,"29640.4,29640.8,29625.1,29625.1"
2026-05-23T00:45:00.000+07:00,"29625.7,29632.8,29615.4,29616.8"
2026-05-23T00:50:00.000+07:00,"29618.5,29621,29588.9,29598.4"
2026-05-23T00:55:00.000+07:00,"29599,29616.5,29596.3,29604.2"
2026-05-23T01:00:00.000+07:00,"29604.7,29613.9,29574.6,29591.3"
2026-05-23T01:05:00.000+07:00,"29590.9,29607,29586.1,29603.7"
2026-05-23T01:10:00.000+07:00,"29602.5,29611.4,29581.6,29587.6"
2026-05-23T01:15:00.000+07:00,"29588.4,29596.3,29573.9,29586.7"
2026-05-23T01:20:00.000+07:00,"29587.7,29597.4,29582.2,29596"
2026-05-23T01:25:00.000+07:00,"29596.2,29597.9,29579.8,29585.5"
2026-05-23T01:30:00.000+07:00,"29586,29589.4,29568.7,29575.8"
2026-05-23T01:35:00.000+07:00,"29575.6,29588.3,29551.3,29580.8"
2026-05-23T01:40:00.000+07:00,"29581.2,29600.6,29578.1,29593.4"
2026-05-23T01:45:00.000+07:00,"29594.4,29598.8,29569.8,29574.6"
2026-05-23T01:50:00.000+07:00,"29574.3,29594,29568.4,29587"
2026-05-23T01:55:00.000+07:00,"29586.7,29586.8,29573.5,29576.7"
2026-05-23T02:00:00.000+07:00,"29577,29586.4,29528.9,29547.2"
2026-05-23T02:05:00.000+07:00,"29547.4,29552.6,29518,29537.3"
2026-05-23T02:10:00.000+07:00,"29537,29546.3,29517,29526.7"
2026-05-23T02:15:00.000+07:00,"29526.3,29529.1,29504.8,29520"
2026-05-23T02:20:00.000+07:00,"29518.1,29518.1,29495.9,29502.3"
2026-05-23T02:25:00.000+07:00,"29502.2,29504.7,29468.8,29475.8"
2026-05-23T02:30:00.000+07:00,"29475.2,29497.9,29459.6,29494.5"
2026-05-23T02:35:00.000+07:00,"29495.3,29510.9,29485.7,29499.6"
2026-05-23T02:40:00.000+07:00,"29499.7,29505.2,29477.1,29485.8"
2026-05-23T02:45:00.000+07:00,"29484.1,29484.7,29457.1,29479.4"
2026-05-23T02:50:00.000+07:00,"29473.9,29487.3,29459.9,29469.7"
2026-05-23T02:55:00.000+07:00,"29468.6,29505.4,29468.6,29475.5"
2026-05-23T03:00:00.000+07:00,"29483.2,29502,29465.4,29477.8"
2026-05-23T03:05:00.000+07:00,"29475.8,29486.3,29475.8,29481.2"
2026-05-23T03:10:00.000+07:00,"29481,29490.7,29477.3,29484.3"
2026-05-23T03:15:00.000+07:00,"29484.8,29485.5,29464.7,29473.4"
2026-05-23T03:20:00.000+07:00,"29473.1,29475.1,29465,29465.8"
2026-05-23T03:25:00.000+07:00,"29465.6,29475.5,29465.6,29472.1"
2026-05-23T03:30:00.000+07:00,"29472.6,29474.7,29426.5,29458.7"
2026-05-23T03:35:00.000+07:00,"29458.4,29463.2,29450.8,29453.2"
2026-05-23T03:40:00.000+07:00,"29455.4,29460.5,29448.8,29454.3"
2026-05-23T03:45:00.000+07:00,"29455.3,29459,29447.1,29454"
2026-05-23T03:50:00.000+07:00,"29453.7,29462.2,29450,29460.7"
2026-05-23T03:55:00.000+07:00,"29460.4,29462.5,29444.5,29444.7"
2026-05-25T05:00:00.000+07:00,"29649.9,29697.1,29646.3,29669.8"
2026-05-25T05:05:00.000+07:00,"29669.9,29698.5,29669,29691.5"
2026-05-25T05:10:00.000+07:00,"29690.7,29702.2,29676.1,29696.2"
2026-05-25T05:15:00.000+07:00,"29696.3,29707.8,29681.7,29701.1"
2026-05-25T05:20:00.000+07:00,"29700.9,29705.9,29690,29695.5"
2026-05-25T05:25:00.000+07:00,"29695.4,29705.3,29693.7,29697.6"
2026-05-25T05:30:00.000+07:00,"29697.5,29731.6,29697.5,29718.7"
2026-05-25T05:35:00.000+07:00,"29717.9,29726.9,29712.2,29716.9"
2026-05-25T05:40:00.000+07:00,"29716.8,29729.2,29709.6,29726.1"
2026-05-25T05:45:00.000+07:00,"29726.6,29744.5,29725.6,29740.6"
2026-05-25T05:50:00.000+07:00,"29740.5,29747.3,29733.5,29737"
2026-05-25T05:55:00.000+07:00,"29737.3,29737.8,29728.7,29730.4"
2026-05-25T06:00:00.000+07:00,"29730.5,29747.7,29730.5,29740.6"
2026-05-25T06:05:00.000+07:00,"29740.9,29755.8,29739.8,29743.2"
2026-05-25T06:10:00.000+07:00,"29743.4,29748.9,29741.5,29746.2"
2026-05-25T06:15:00.000+07:00,"29746.3,29747.3,29737.7,29741.9"
2026-05-25T06:20:00.000+07:00,"29741.7,29744.2,29734.7,29736.9"
2026-05-25T06:25:00.000+07:00,"29737.1,29739.9,29728.6,29733.6"
2026-05-25T06:30:00.000+07:00,"29734.6,29787.8,29734.1,29775.4"
2026-05-25T06:35:00.000+07:00,"29774.7,29805.9,29769.7,29788.5"
2026-05-25T06:40:00.000+07:00,"29788.6,29788.9,29780,29782.2"
2026-05-25T06:45:00.000+07:00,"29781.2,29790.4,29771.5,29772.1"
2026-05-25T06:50:00.000+07:00,"29772,29773.5,29761.6,29767.8"
2026-05-25T06:55:00.000+07:00,"29767.1,29767.9,29761.1,29767.5"
2026-05-25T07:00:00.000+07:00,"29767.8,29779.7,29749.2,29767.9"
2026-05-25T07:05:00.000+07:00,"29768,29794.9,29767.7,29787.9"
2026-05-25T07:10:00.000+07:00,"29788.1,29795,29784.1,29792.5"
2026-05-25T07:15:00.000+07:00,"29793.4,29797.3,29783.3,29791.4"
2026-05-25T07:20:00.000+07:00,"29791.6,29812.5,29785.5,29811"
2026-05-25T07:25:00.000+07:00,"29810.9,29815.6,29798.3,29807.4"
2026-05-25T07:30:00.000+07:00,"29807.1,29824.4,29807.1,29814.6"
2026-05-25T07:35:00.000+07:00,"29814.5,29839.9,29812.6,29835.5"
2026-05-25T07:40:00.000+07:00,"29835.3,29843.1,29825.4,29836.7"
2026-05-25T07:45:00.000+07:00,"29837.7,29856.5,29831.2,29851.6"
2026-05-25T07:50:00.000+07:00,"29851,29853,29833.9,29838.4"
2026-05-25T07:55:00.000+07:00,"29838.2,29840,29829.4,29838.8"
2026-05-25T08:00:00.000+07:00,"29840.2,29852.2,29835.1,29842.6"
2026-05-25T08:05:00.000+07:00,"29842.3,29844.5,29832.1,29838.5"
2026-05-25T08:10:00.000+07:00,"29839.3,29846.4,29833.4,29844.8"
2026-05-25T08:15:00.000+07:00,"29844.9,29848.5,29837.4,29842.7"
2026-05-25T08:20:00.000+07:00,"29842.8,29852.5,29839.1,29849.8"
2026-05-25T08:25:00.000+07:00,"29850.1,29852.6,29843.5,29849.3"
2026-05-25T08:30:00.000+07:00,"29849.4,29868.3,29844.8,29862.6"
2026-05-25T08:35:00.000+07:00,"29862.4,29872.2,29852.2,29857.6"
2026-05-25T08:40:00.000+07:00,"29857.1,29858.6,29848.5,29857.2"
2026-05-25T08:45:00.000+07:00,"29857.1,29859.7,29846.6,29850.2"
2026-05-25T08:50:00.000+07:00,"29850.4,29854.3,29847.9,29851.7"
2026-05-25T08:55:00.000+07:00,"29851.4,29857.4,29844.2,29847"
2026-05-25T09:00:00.000+07:00,"29847.6,29850.3,29843.4,29845.2"
2026-05-25T09:05:00.000+07:00,"29845.1,29859.6,29841.3,29850.9"
2026-05-25T09:10:00.000+07:00,"29851,29857.1,29846.6,29846.8"
2026-05-25T09:15:00.000+07:00,"29847,29847,29832.4,29841.7"
2026-05-25T09:20:00.000+07:00,"29841.6,29843.6,29834.7,29841.2"
2026-05-25T09:25:00.000+07:00,"29841,29841,29831.9,29836.2"
2026-05-25T09:30:00.000+07:00,"29836.6,29838.7,29831.1,29832.3"
2026-05-25T09:35:00.000+07:00,"29833.2,29835.4,29829.4,29833.3"
2026-05-25T09:40:00.000+07:00,"29833.5,29838,29828.2,29837.8"
2026-05-25T09:45:00.000+07:00,"29838.1,29866.7,29838.1,29858.7"
2026-05-25T09:50:00.000+07:00,"29858.8,29867.5,29858.8,29860.7"
2026-05-25T09:55:00.000+07:00,"29860.6,29885.4,29859.5,29882.2"
2026-05-25T10:00:00.000+07:00,"29881.5,29905.5,29880,29894.9"
2026-05-25T10:05:00.000+07:00,"29895.1,29911.1,29887.8,29899.8"
2026-05-25T10:10:00.000+07:00,"29899.9,29903.4,29886.5,29889.2"
2026-05-25T10:15:00.000+07:00,"29889.3,29893.3,29884.2,29885.4"
2026-05-25T10:20:00.000+07:00,"29885.5,29905.8,29883.7,29884"
2026-05-25T10:25:00.000+07:00,"29883.1,29891.5,29877.9,29891.1"
2026-05-25T10:30:00.000+07:00,"29892.1,29895.1,29886.8,29888.9"
2026-05-25T10:35:00.000+07:00,"29888,29898.7,29887.9,29891.5"
2026-05-25T10:40:00.000+07:00,"29891.4,29896.5,29888.6,29890"
2026-05-25T10:45:00.000+07:00,"29889.8,29889.8,29880.6,29883.8"
2026-05-25T10:50:00.000+07:00,"29883.6,29889.1,29879.8,29884.6"
2026-05-25T10:55:00.000+07:00,"29885.1,29892.9,29881.5,29886.5"
2026-05-25T11:00:00.000+07:00,"29886.4,29897.5,29885.7,29893.6"
2026-05-25T11:05:00.000+07:00,"29893.5,29900.7,29892.5,29894.2"
2026-05-25T11:10:00.000+07:00,"29894.5,29898,29888.3,29889.2"
2026-05-25T11:15:00.000+07:00,"29888.8,29893,29886.7,29890.4"
2026-05-25T11:20:00.000+07:00,"29890.6,29896,29890,29891.8"
2026-05-25T11:25:00.000+07:00,"29891.7,29896.3,29891.6,29894.2"
2026-05-25T11:30:00.000+07:00,"29894.4,29894.4,29885.5,29888.2"
2026-05-25T11:35:00.000+07:00,"29888.6,29893.1,29884.2,29886.9"
2026-05-25T11:40:00.000+07:00,"29886.5,29895.3,29886.5,29894.6"
2026-05-25T11:45:00.000+07:00,"29894.9,29899.7,29893.7,29897.3"
2026-05-25T11:50:00.000+07:00,"29897.2,29910.7,29896.6,29900.9"
2026-05-25T11:55:00.000+07:00,"29901,29905.9,29895.8,29897.7"
2026-05-25T12:00:00.000+07:00,"29897.4,29911.4,29897.3,29909"
2026-05-25T12:05:00.000+07:00,"29908.5,29911.7,29903,29907.4"
2026-05-25T12:10:00.000+07:00,"29907.2,29912,29903.8,29909.1"
2026-05-25T12:15:00.000+07:00,"29908.8,29918.8,29906.6,29914.8"
2026-05-25T12:20:00.000+07:00,"29914.1,29916.5,29901.1,29903.1"
2026-05-25T12:25:00.000+07:00,"29903.2,29908.8,29901.4,29908"
2026-05-25T12:30:00.000+07:00,"29908.2,29908.2,29901.8,29906.3"
