Date,Message
2025-12-22T17:45:00.000+07:00,"25468.4,25474.8,25467,25467.6"
2025-12-22T18:00:00.000+07:00,"25467.8,25477.7,25465.7,25473.5"
2025-12-22T18:15:00.000+07:00,"25473.6,25480.5,25468.8,25476.8"
2025-12-22T18:30:00.000+07:00,"25476.6,25479.3,25465,25476.8"
2025-12-22T18:45:00.000+07:00,"25476.7,25476.9,25460.7,25461.6"
2025-12-22T19:00:00.000+07:00,"25462.6,25484.6,25459,25472"
2025-12-22T19:15:00.000+07:00,"25472.1,25492.4,25467.9,25488.7"
2025-12-22T19:30:00.000+07:00,"25488.8,25500.5,25480.4,25495.4"
2025-12-22T19:45:00.000+07:00,"25495.2,25497.7,25483.1,25496.6"
2025-12-22T20:00:00.000+07:00,"25497.5,25506.9,25492.7,25503.2"
2025-12-22T20:15:00.000+07:00,"25503.1,25518.4,25500.4,25509.5"
2025-12-22T20:30:00.000+07:00,"25509.4,25511.6,25491.7,25498"
2025-12-22T20:45:00.000+07:00,"25498.1,25514.5,25495.2,25513.4"
2025-12-22T21:00:00.000+07:00,"25514.1,25530.2,25509.8,25520.5"
2025-12-22T21:15:00.000+07:00,"25520.6,25545.5,25518.6,25540.7"
2025-12-22T21:30:00.000+07:00,"25541.7,25556.6,25433.5,25455"
2025-12-22T21:45:00.000+07:00,"25452.2,25520.4,25447.7,25508.9"
2025-12-22T22:00:00.000+07:00,"25509,25515.5,25438.5,25438.5"
2025-12-22T22:15:00.000+07:00,"25439,25476.6,25436.6,25449.8"
2025-12-22T22:30:00.000+07:00,"25449.4,25458.4,25391,25439.3"
2025-12-22T22:45:00.000+07:00,"25439.1,25451.7,25421.4,25435.6"
2025-12-22T23:00:00.000+07:00,"25436.3,25469,25434.8,25468.2"
2025-12-22T23:15:00.000+07:00,"25468.1,25482.5,25464.3,25473.6"
2025-12-22T23:30:00.000+07:00,"25472.8,25473.7,25452.7,25452.8"
2025-12-22T23:45:00.000+07:00,"25452.9,25475.8,25451.2,25475.8"
2025-12-23T00:00:00.000+07:00,"25476,25480.2,25457.1,25461.5"
2025-12-23T00:15:00.000+07:00,"25461.7,25471.8,25457.9,25461.1"
2025-12-23T00:30:00.000+07:00,"25461.2,25465,25450.9,25456.1"
2025-12-23T00:45:00.000+07:00,"25456.2,25487.5,25448.7,25482.8"
2025-12-23T01:00:00.000+07:00,"25483.1,25483.6,25452,25452.9"
2025-12-23T01:15:00.000+07:00,"25452.5,25454.8,25435.5,25450.5"
2025-12-23T01:30:00.000+07:00,"25450.4,25461.3,25444.2,25457.5"
2025-12-23T01:45:00.000+07:00,"25457.4,25460.3,25440.8,25450.8"
2025-12-23T02:00:00.000+07:00,"25450.9,25453.2,25437.7,25444.4"
2025-12-23T02:15:00.000+07:00,"25444.6,25462.4,25440.2,25460.8"
2025-12-23T02:30:00.000+07:00,"25461,25473.7,25459.4,25461.4"
2025-12-23T02:45:00.000+07:00,"25461.6,25466,25451.1,25452.8"
2025-12-23T03:00:00.000+07:00,"25452.9,25456.3,25444.5,25444.5"
2025-12-23T03:15:00.000+07:00,"25444.8,25455.8,25442,25450.3"
2025-12-23T03:30:00.000+07:00,"25450.1,25460.7,25448.4,25455.7"
2025-12-23T03:45:00.000+07:00,"25455.9,25461.6,25443,25450.9"
2025-12-23T04:00:00.000+07:00,"25450.6,25466.6,25450.5,25462.3"
2025-12-23T04:15:00.000+07:00,"25462.1,25463,25453.9,25455.3"
2025-12-23T04:30:00.000+07:00,"25455.5,25461.9,25454.3,25459.3"
2025-12-23T04:45:00.000+07:00,"25459.2,25462.4,25454.8,25460.4"
2025-12-23T05:00:00.000+07:00,"25459.7,25468.2,25458.2,25461.1"
2025-12-23T05:15:00.000+07:00,"25461.7,25467.2,25461.5,25466.6"
2025-12-23T05:30:00.000+07:00,"25466.1,25466.1,25461.7,25464.5"
2025-12-23T05:45:00.000+07:00,"25464.3,25464.5,25460.3,25461.9"
2025-12-23T06:00:00.000+07:00,"25468.5,25480.4,25464.5,25472"
2025-12-23T06:15:00.000+07:00,"25472.1,25479.5,25470.1,25477.3"
2025-12-23T06:30:00.000+07:00,"25477.7,25485.9,25474.6,25479.3"
2025-12-23T06:45:00.000+07:00,"25479.2,25482,25471.4,25478.4"
2025-12-23T07:00:00.000+07:00,"25479.7,25483.5,25472.5,25479.8"
2025-12-23T07:15:00.000+07:00,"25480,25483.5,25473.5,25479.9"
2025-12-23T07:30:00.000+07:00,"25479.8,25485.8,25473.9,25481.7"
2025-12-23T07:45:00.000+07:00,"25481.5,25486.4,25480.3,25485"
2025-12-23T08:00:00.000+07:00,"25485.1,25493.7,25474.2,25478"
2025-12-23T08:15:00.000+07:00,"25478.1,25484.2,25472,25474.3"
2025-12-23T08:30:00.000+07:00,"25474.2,25484.7,25458.8,25479.5"
2025-12-23T08:45:00.000+07:00,"25479.6,25480.4,25467.5,25473.9"
2025-12-23T09:00:00.000+07:00,"25473.8,25492.4,25472.9,25492"
2025-12-23T09:15:00.000+07:00,"25491.8,25501.9,25485,25488.6"
2025-12-23T09:30:00.000+07:00,"25488.2,25495.5,25482.4,25486.1"
2025-12-23T09:45:00.000+07:00,"25486.2,25489.2,25475.7,25487.4"
2025-12-23T10:00:00.000+07:00,"25487.7,25495.8,25483.2,25486.8"
2025-12-23T10:15:00.000+07:00,"25486.9,25488.3,25478.9,25483.1"
2025-12-23T10:30:00.000+07:00,"25483.2,25486,25478.5,25482.3"
2025-12-23T10:45:00.000+07:00,"25482.4,25483.4,25473.1,25476.6"
2025-12-23T11:00:00.000+07:00,"25476.4,25476.4,25463.3,25471.8"
2025-12-23T11:15:00.000+07:00,"25472.7,25477.3,25465.7,25466.6"
2025-12-23T11:30:00.000+07:00,"25466.5,25471,25449.9,25453.5"
2025-12-23T11:45:00.000+07:00,"25453.4,25456.8,25446.4,25456.6"
2025-12-23T12:00:00.000+07:00,"25456.5,25458.6,25447.3,25451.2"
2025-12-23T12:15:00.000+07:00,"25451,25466.4,25450.7,25463.2"
2025-12-23T12:30:00.000+07:00,"25463,25463.8,25454.7,25456.2"
2025-12-23T12:45:00.000+07:00,"25456.4,25456.5,25445.3,25445.5"
2025-12-23T13:00:00.000+07:00,"25445.2,25448.8,25438.4,25439.6"
2025-12-23T13:15:00.000+07:00,"25439.5,25445.1,25423.6,25425.3"
2025-12-23T13:30:00.000+07:00,"25425.8,25437.4,25420.7,25433.2"
2025-12-23T13:45:00.000+07:00,"25433.3,25436.4,25425.3,25435.9"
2025-12-23T14:00:00.000+07:00,"25436.4,25440.2,25424.6,25432.3"
2025-12-23T14:15:00.000+07:00,"25432.2,25442.8,25427.7,25441.4"
2025-12-23T14:30:00.000+07:00,"25441.3,25441.3,25430.6,25439.8"
2025-12-23T14:45:00.000+07:00,"25440,25447,25433.8,25438.2"
2025-12-23T15:00:00.000+07:00,"25438.5,25463.8,25433.2,25462.5"
2025-12-23T15:15:00.000+07:00,"25462.6,25474,25457.1,25464.4"
2025-12-23T15:30:00.000+07:00,"25464.2,25471.9,25458.9,25460.5"
2025-12-23T15:45:00.000+07:00,"25460.3,25465.5,25452.4,25456.7"
2025-12-23T16:00:00.000+07:00,"25456.6,25472.3,25455.4,25466.4"
2025-12-23T16:15:00.000+07:00,"25466.5,25486.1,25464.7,25483.3"
2025-12-23T16:30:00.000+07:00,"25483.7,25496.1,25483.7,25490.4"
2025-12-23T16:45:00.000+07:00,"25490.3,25492.5,25482.9,25485.3"
2025-12-23T17:00:00.000+07:00,"25485.1,25492.6,25479.7,25480.4"
2025-12-23T17:15:00.000+07:00,"25480.6,25481.8,25465,25473.9"
2025-12-23T17:30:00.000+07:00,"25473.8,25478.7,25465.7,25473.6"
2025-12-23T17:45:00.000+07:00,"25473.2,25478.6,25469.4,25474.6"
2025-12-23T18:00:00.000+07:00,"25474.2,25477.5,25458.3,25460.2"
2025-12-23T18:15:00.000+07:00,"25460.4,25469.2,25454,25463.7"
2025-12-23T18:30:00.000+07:00,"25463.6,25472.2,25459.5,25465"
2025-12-23T18:45:00.000+07:00,"25465.1,25470.1,25457.8,25461.9"
2025-12-23T19:00:00.000+07:00,"25461.5,25469.5,25439.1,25448.5"
2025-12-23T19:15:00.000+07:00,"25448.4,25452,25432.5,25433.9"
2025-12-23T19:30:00.000+07:00,"25433.8,25447.8,25429.2,25438.7"
2025-12-23T19:45:00.000+07:00,"25437.9,25453.5,25436.6,25452.5"
2025-12-23T20:00:00.000+07:00,"25453,25454.2,25433.9,25440"
2025-12-23T20:15:00.000+07:00,"25439.9,25443.2,25428.7,25439.9"
2025-12-23T20:30:00.000+07:00,"25439.7,25444.3,25375.4,25406.5"
2025-12-23T20:45:00.000+07:00,"25406.8,25415.1,25378.3,25388.2"
2025-12-23T21:00:00.000+07:00,"25388.3,25402.1,25376.7,25391.3"
2025-12-23T21:15:00.000+07:00,"25391.6,25413.6,25391,25411"
2025-12-23T21:30:00.000+07:00,"25411.5,25504,25406.2,25497"
2025-12-23T21:45:00.000+07:00,"25496.8,25519,25444.7,25463.1"
2025-12-23T22:00:00.000+07:00,"25461.6,25462.7,25397.9,25417.5"
2025-12-23T22:15:00.000+07:00,"25417.6,25457.5,25417.5,25443.9"
2025-12-23T22:30:00.000+07:00,"25444.2,25487.3,25442.8,25483"
2025-12-23T22:45:00.000+07:00,"25483.2,25510.8,25473.6,25501.9"
2025-12-23T23:00:00.000+07:00,"25499.7,25517.8,25495.2,25503.2"
2025-12-23T23:15:00.000+07:00,"25503,25521.7,25498.8,25512.6"
2025-12-23T23:30:00.000+07:00,"25512.7,25522,25500.8,25519.8"
2025-12-23T23:45:00.000+07:00,"25520,25544.4,25519.2,25541.1"
2025-12-24T00:00:00.000+07:00,"25539,25544.7,25528.6,25537"
2025-12-24T00:15:00.000+07:00,"25537.1,25542.8,25530.9,25533.3"
2025-12-24T00:30:00.000+07:00,"25533.2,25540.5,25522.2,25527.5"
2025-12-24T00:45:00.000+07:00,"25527.6,25531.3,25518.4,25522.4"
2025-12-24T01:00:00.000+07:00,"25523,25538.4,25519.8,25537.1"
2025-12-24T01:15:00.000+07:00,"25537,25545.6,25533.2,25536.7"
2025-12-24T01:30:00.000+07:00,"25537.4,25545.8,25534.8,25543.5"
2025-12-24T01:45:00.000+07:00,"25543.3,25544.8,25537.2,25541"
2025-12-24T02:00:00.000+07:00,"25539.7,25554.3,25538.8,25551.9"
2025-12-24T02:15:00.000+07:00,"25551.8,25557.1,25549.7,25552.1"
2025-12-24T02:30:00.000+07:00,"25552,25553.6,25548.6,25552.1"
2025-12-24T02:45:00.000+07:00,"25552.3,25566.2,25551.2,25563.6"
2025-12-24T03:00:00.000+07:00,"25562.6,25570.8,25561.6,25563.7"
2025-12-24T03:15:00.000+07:00,"25563.8,25572.1,25561.1,25564.8"
2025-12-24T03:30:00.000+07:00,"25565.5,25571.5,25562.2,25565.1"
2025-12-24T03:45:00.000+07:00,"25564.8,25585.6,25559,25575.9"
2025-12-24T04:00:00.000+07:00,"25575.7,25586.9,25572.1,25576.5"
2025-12-24T04:15:00.000+07:00,"25576.3,25584.4,25572.8,25581.5"
2025-12-24T04:30:00.000+07:00,"25581.3,25583.4,25575.3,25576.5"
2025-12-24T04:45:00.000+07:00,"25575.5,25580,25568.9,25573"
2025-12-24T05:00:00.000+07:00,"25572.9,25578.4,25567.5,25574.2"
2025-12-24T05:15:00.000+07:00,"25574.3,25575.5,25570.2,25571"
2025-12-24T05:30:00.000+07:00,"25571.1,25571.7,25568.6,25571.1"
2025-12-24T05:45:00.000+07:00,"25571,25574.1,25571,25572.6"
2025-12-24T06:00:00.000+07:00,"25570.3,25583.8,25567.4,25578.3"
2025-12-24T06:15:00.000+07:00,"25578.4,25579.8,25570.4,25572.4"
2025-12-24T06:30:00.000+07:00,"25572.2,25576.1,25565.6,25571.3"
2025-12-24T06:45:00.000+07:00,"25571.2,25577.1,25568,25574.4"
2025-12-24T07:00:00.000+07:00,"25575.9,25590.8,25574.8,25584"
2025-12-24T07:15:00.000+07:00,"25584.1,25585.9,25579.8,25581.5"
2025-12-24T07:30:00.000+07:00,"25581.3,25587.7,25576.5,25584.7"
2025-12-24T07:45:00.000+07:00,"25584.9,25585,25578.5,25581.9"
2025-12-24T08:00:00.000+07:00,"25582,25583.6,25575.2,25581.8"
2025-12-24T08:15:00.000+07:00,"25581.3,25588.4,25578.5,25578.5"
2025-12-24T08:30:00.000+07:00,"25578,25584.1,25568.8,25574.4"
2025-12-24T08:45:00.000+07:00,"25574.3,25585.1,25572.3,25582.3"
2025-12-24T09:00:00.000+07:00,"25581.7,25585.4,25579.2,25584.6"
2025-12-24T09:15:00.000+07:00,"25584.5,25584.5,25572.5,25573.2"
2025-12-24T09:30:00.000+07:00,"25573.1,25575.2,25556.6,25561.9"
2025-12-24T09:45:00.000+07:00,"25562,25574.7,25561.9,25566.9"
2025-12-24T10:00:00.000+07:00,"25567.1,25567.6,25561.4,25566.8"
2025-12-24T10:15:00.000+07:00,"25567,25571.1,25563.2,25569.8"
2025-12-24T10:30:00.000+07:00,"25569.3,25577.3,25568.3,25574.7"
2025-12-24T10:45:00.000+07:00,"25574.5,25576.7,25569.4,25570.1"
2025-12-24T11:00:00.000+07:00,"25570.4,25575.4,25568.3,25573.1"
2025-12-24T11:15:00.000+07:00,"25572.9,25573.2,25563.6,25564.8"
2025-12-24T11:30:00.000+07:00,"25564.5,25566.5,25561.7,25563"
2025-12-24T11:45:00.000+07:00,"25562.9,25563.4,25554.5,25555.4"
2025-12-24T12:00:00.000+07:00,"25555,25561.7,25552.3,25557.3"
2025-12-24T12:15:00.000+07:00,"25557.1,25562.6,25554.5,25561.5"
2025-12-24T12:30:00.000+07:00,"25561.4,25573,25560.1,25569.7"
2025-12-24T12:45:00.000+07:00,"25569.5,25570.2,25564.1,25564.3"
2025-12-24T13:00:00.000+07:00,"25564.6,25571.3,25564.4,25569.9"
2025-12-24T13:15:00.000+07:00,"25569.6,25573.5,25569.5,25569.9"
2025-12-24T13:30:00.000+07:00,"25569.3,25573.2,25565.1,25571.2"
2025-12-24T13:45:00.000+07:00,"25571.3,25571.6,25564.2,25566.2"
2025-12-24T14:00:00.000+07:00,"25565.5,25568.4,25564.3,25567.3"
2025-12-24T14:15:00.000+07:00,"25567.1,25567.5,25558.2,25560.8"
2025-12-24T14:30:00.000+07:00,"25560.5,25566.4,25558.7,25563.1"
2025-12-24T14:45:00.000+07:00,"25563.2,25567.2,25560.3,25562.3"
2025-12-24T15:00:00.000+07:00,"25562.5,25570,25561.5,25568"
2025-12-24T15:15:00.000+07:00,"25567.8,25570.3,25561,25567.1"
2025-12-24T15:30:00.000+07:00,"25567.2,25569.8,25561.4,25564.5"
2025-12-24T15:45:00.000+07:00,"25564.6,25568.3,25560.8,25562.7"
2025-12-24T16:00:00.000+07:00,"25562.8,25572.1,25557,25571.8"
2025-12-24T16:15:00.000+07:00,"25572.5,25580.7,25571.6,25575.1"
2025-12-24T16:30:00.000+07:00,"25574.9,25578.3,25572.4,25574"
2025-12-24T16:45:00.000+07:00,"25574.2,25575,25570.3,25572.7"
2025-12-24T17:00:00.000+07:00,"25572.1,25572.1,25561.9,25567.1"
2025-12-24T17:15:00.000+07:00,"25567,25573.5,25564.8,25566.3"
2025-12-24T17:30:00.000+07:00,"25566.8,25571.5,25565.8,25569.5"
2025-12-24T17:45:00.000+07:00,"25569.4,25571.3,25565.5,25567.6"
2025-12-24T18:00:00.000+07:00,"25567.7,25574.2,25566.6,25571.6"
2025-12-24T18:15:00.000+07:00,"25572.4,25573.2,25563.3,25566.9"
2025-12-24T18:30:00.000+07:00,"25566.8,25568.8,25560.6,25562.4"
2025-12-24T18:45:00.000+07:00,"25562.2,25566.4,25560.4,25565.5"
2025-12-24T19:00:00.000+07:00,"25565.4,25576.4,25563.2,25576.4"
2025-12-24T19:15:00.000+07:00,"25575.7,25590.3,25575.7,25580.5"
2025-12-24T19:30:00.000+07:00,"25580.6,25588.4,25580.6,25585.9"
2025-12-24T19:45:00.000+07:00,"25585.7,25591.5,25584.7,25589.3"
2025-12-24T20:00:00.000+07:00,"25587.4,25588.6,25573.9,25579.7"
2025-12-24T20:15:00.000+07:00,"25579.6,25587.5,25579.3,25587.1"
2025-12-24T20:30:00.000+07:00,"25586.3,25600,25581.8,25595.2"
2025-12-24T20:45:00.000+07:00,"25595.7,25605.9,25590.2,25597.4"
2025-12-24T21:00:00.000+07:00,"25597.2,25598.8,25584.4,25592.7"
2025-12-24T21:15:00.000+07:00,"25592.6,25593.7,25566,25570.5"
2025-12-24T21:30:00.000+07:00,"25563.6,25601.7,25558.5,25569.8"
2025-12-24T21:45:00.000+07:00,"25570.3,25586.5,25560.9,25586.3"
2025-12-24T22:00:00.000+07:00,"25585.8,25608.1,25581.1,25603.6"
2025-12-24T22:15:00.000+07:00,"25604.2,25616.4,25579.4,25591"
2025-12-24T22:30:00.000+07:00,"25590.5,25601.7,25582.9,25598.9"
2025-12-24T22:45:00.000+07:00,"25598.4,25607.1,25594,25603.5"
2025-12-24T23:00:00.000+07:00,"25604.1,25628.2,25603.9,25627.2"
2025-12-24T23:15:00.000+07:00,"25626.7,25631.1,25615.3,25628.1"
2025-12-24T23:30:00.000+07:00,"25627,25657.4,25624.7,25653.8"
2025-12-24T23:45:00.000+07:00,"25654,25657.7,25644.2,25647.5"
2025-12-25T00:00:00.000+07:00,"25647.4,25654.6,25644,25652.4"
2025-12-25T00:15:00.000+07:00,"25652.3,25653.2,25637.3,25649.3"
2025-12-25T00:30:00.000+07:00,"25648.9,25660.5,25638.6,25639.8"
2025-12-25T00:45:00.000+07:00,"25640.1,25665.7,25639.4,25651.7"
2025-12-25T01:00:00.000+07:00,"25650.9,25654.7,25625.5,25637.6"
2025-12-25T01:15:00.000+07:00,"25637.7,25637.7,25633.4,25633.9"
2025-12-26T06:00:00.000+07:00,"25652.3,25671.1,25639.4,25665.7"
2025-12-26T06:15:00.000+07:00,"25666.3,25666.3,25644.9,25655.8"
2025-12-26T06:30:00.000+07:00,"25655.7,25663.3,25653.6,25656.3"
2025-12-26T06:45:00.000+07:00,"25656,25659.7,25650.8,25659.5"
2025-12-26T07:00:00.000+07:00,"25659.3,25681.9,25658.3,25679"
2025-12-26T07:15:00.000+07:00,"25678.8,25683.4,25673.4,25680.1"
2025-12-26T07:30:00.000+07:00,"25680.2,25681.8,25674.8,25676.7"
2025-12-26T07:45:00.000+07:00,"25676.6,25679,25668,25676.1"
2025-12-26T08:00:00.000+07:00,"25675.9,25686.7,25673.8,25682.8"
2025-12-26T08:15:00.000+07:00,"25682.7,25690,25672.7,25672.7"
2025-12-26T08:30:00.000+07:00,"25672.2,25676.9,25655.5,25663"
2025-12-26T08:45:00.000+07:00,"25662.7,25667.7,25659.3,25661.4"
2025-12-26T09:00:00.000+07:00,"25661.3,25667,25660.7,25665"
2025-12-26T09:15:00.000+07:00,"25665.1,25669.6,25657.5,25658.9"
2025-12-26T09:30:00.000+07:00,"25658.8,25671.9,25657.2,25669.2"
2025-12-26T09:45:00.000+07:00,"25669,25671.4,25666.4,25669.7"
2025-12-26T10:00:00.000+07:00,"25670,25675,25668.1,25672"
2025-12-26T10:15:00.000+07:00,"25671.9,25672.5,25663.6,25663.9"
2025-12-26T10:30:00.000+07:00,"25663.7,25665.6,25656,25656.5"
2025-12-26T10:45:00.000+07:00,"25656.3,25659.4,25653.3,25654.3"
2025-12-26T11:00:00.000+07:00,"25653.8,25656,25647.5,25655.7"
2025-12-26T11:15:00.000+07:00,"25655.8,25657.4,25651,25653.2"
2025-12-26T11:30:00.000+07:00,"25653.4,25655.7,25648.1,25655.7"
2025-12-26T11:45:00.000+07:00,"25655.6,25656.6,25651.1,25651.1"
2025-12-26T12:00:00.000+07:00,"25651,25658.4,25649.2,25654.6"
2025-12-26T12:15:00.000+07:00,"25654.5,25661.5,25652.9,25658.6"
2025-12-26T12:30:00.000+07:00,"25658.5,25658.7,25650.7,25655"
2025-12-26T12:45:00.000+07:00,"25654.9,25657.7,25650,25654.2"
2025-12-26T13:00:00.000+07:00,"25654.7,25659.1,25652.1,25655.2"
2025-12-26T13:15:00.000+07:00,"25655.3,25657.7,25649.8,25651.7"
2025-12-26T13:30:00.000+07:00,"25651.6,25657.6,25646.8,25655.3"
2025-12-26T13:45:00.000+07:00,"25655.4,25656.2,25646.2,25648.9"
2025-12-26T14:00:00.000+07:00,"25649,25650.6,25642.6,25647.8"
2025-12-26T14:15:00.000+07:00,"25647.9,25648.9,25626.6,25641"
2025-12-26T14:30:00.000+07:00,"25640.9,25647.4,25635.3,25639.8"
2025-12-26T14:45:00.000+07:00,"25639.4,25642.3,25635.3,25637.6"
2025-12-26T15:00:00.000+07:00,"25635.1,25640.6,25622.1,25629.6"
2025-12-26T15:15:00.000+07:00,"25629.5,25632.4,25624.5,25629.3"
2025-12-26T15:30:00.000+07:00,"25629.2,25630.6,25621.6,25625.9"
2025-12-26T15:45:00.000+07:00,"25626,25637.5,25623.7,25635.6"
2025-12-26T16:00:00.000+07:00,"25635.5,25649.6,25633.9,25646.5"
2025-12-26T16:15:00.000+07:00,"25646.6,25648.6,25637.8,25639.9"
2025-12-26T16:30:00.000+07:00,"25640,25645.3,25639.6,25642.3"
2025-12-26T16:45:00.000+07:00,"25642.4,25655.8,25641.9,25652.9"
2025-12-26T17:00:00.000+07:00,"25652.8,25673.4,25652.8,25662.4"
2025-12-26T17:15:00.000+07:00,"25662.3,25666.7,25658.1,25660.2"
2025-12-26T17:30:00.000+07:00,"25660.3,25668.3,25658.4,25666"
2025-12-26T17:45:00.000+07:00,"25665.8,25666.6,25657.3,25662.3"
2025-12-26T18:00:00.000+07:00,"25662.2,25666.1,25658.3,25662.1"
2025-12-26T18:15:00.000+07:00,"25662.2,25663.8,25656.5,25656.5"
2025-12-26T18:30:00.000+07:00,"25656.7,25661.6,25650,25655.9"
2025-12-26T18:45:00.000+07:00,"25656.1,25657.2,25644.2,25654.4"
2025-12-26T19:00:00.000+07:00,"25655.5,25659.9,25646,25652.4"
2025-12-26T19:15:00.000+07:00,"25653,25665,25648.4,25660.8"
2025-12-26T19:30:00.000+07:00,"25660.9,25674,25658.8,25671.8"
2025-12-26T19:45:00.000+07:00,"25672,25674.6,25664.6,25668.2"
2025-12-26T20:00:00.000+07:00,"25668.1,25674.7,25663.9,25669.9"
2025-12-26T20:15:00.000+07:00,"25669.8,25680.8,25667.5,25671.2"
2025-12-26T20:30:00.000+07:00,"25671.3,25699.4,25670.2,25694.2"
2025-12-26T20:45:00.000+07:00,"25694.4,25700.9,25669.7,25674.3"
2025-12-26T21:00:00.000+07:00,"25674.1,25682.9,25669,25681.8"
2025-12-26T21:15:00.000+07:00,"25681.9,25689.1,25670.8,25677"
2025-12-26T21:30:00.000+07:00,"25677.5,25709.9,25644,25707.7"
2025-12-26T21:45:00.000+07:00,"25707.3,25713.1,25651.3,25658.1"
2025-12-26T22:00:00.000+07:00,"25659,25662.2,25614.9,25620.6"
2025-12-26T22:15:00.000+07:00,"25620.1,25664.7,25612.7,25662.4"
2025-12-26T22:30:00.000+07:00,"25662.6,25675.5,25652.4,25659.7"
2025-12-26T22:45:00.000+07:00,"25660,25684.2,25656.1,25677.8"
2025-12-26T23:00:00.000+07:00,"25677.7,25688.6,25638.1,25640.7"
2025-12-26T23:15:00.000+07:00,"25639.9,25663.2,25636.1,25659.6"
2025-12-26T23:30:00.000+07:00,"25660.3,25668.1,25654.6,25665.6"
2025-12-26T23:45:00.000+07:00,"25666.1,25668.4,25651.5,25652.1"
2025-12-27T00:00:00.000+07:00,"25652.9,25653.3,25634.8,25634.8"
2025-12-27T00:15:00.000+07:00,"25634.7,25658.1,25627.9,25657.9"
2025-12-27T00:30:00.000+07:00,"25658,25659.7,25639.1,25644.5"
2025-12-27T00:45:00.000+07:00,"25644.8,25652.9,25638,25649.3"
2025-12-27T01:00:00.000+07:00,"25649.6,25659.7,25649.3,25653.6"
2025-12-27T01:15:00.000+07:00,"25653.5,25653.5,25632.7,25648.1"
2025-12-27T01:30:00.000+07:00,"25647.6,25659.7,25647.1,25652.6"
2025-12-27T01:45:00.000+07:00,"25652.5,25671.4,25649.6,25670.2"
2025-12-27T02:00:00.000+07:00,"25669.7,25676.5,25662.6,25668.4"
2025-12-27T02:15:00.000+07:00,"25668.7,25670.4,25657.5,25659.7"
2025-12-27T02:30:00.000+07:00,"25660.3,25664.8,25653.4,25656.5"
2025-12-27T02:45:00.000+07:00,"25655.8,25673.8,25652.1,25668.9"
2025-12-27T03:00:00.000+07:00,"25668.1,25669.9,25649.2,25651.4"
2025-12-27T03:15:00.000+07:00,"25651.2,25655.7,25646.1,25651.2"
2025-12-27T03:30:00.000+07:00,"25651.1,25658.1,25648.3,25656.2"
2025-12-27T03:45:00.000+07:00,"25656.7,25657.3,25636.7,25644.8"
2025-12-27T04:00:00.000+07:00,"25644.1,25649.5,25638.4,25646.5"
2025-12-27T04:15:00.000+07:00,"25647,25647.4,25637.8,25639.1"
2025-12-27T04:30:00.000+07:00,"25639,25639.5,25632.4,25635.7"
2025-12-27T04:45:00.000+07:00,"25636,25640.5,25629.9,25630.7"
2025-12-29T06:00:00.000+07:00,"25650.8,25653.6,25635.2,25641"
2025-12-29T06:15:00.000+07:00,"25641.1,25646.2,25620.5,25637"
2025-12-29T06:30:00.000+07:00,"25636.9,25654.7,25635.3,25651.5"
2025-12-29T06:45:00.000+07:00,"25651.2,25654.2,25645.1,25646.6"
2025-12-29T07:00:00.000+07:00,"25646.9,25650.3,25634.7,25634.9"
2025-12-29T07:15:00.000+07:00,"25635.1,25643.6,25629.6,25638.7"
2025-12-29T07:30:00.000+07:00,"25638.9,25656.8,25636.2,25653.6"
2025-12-29T07:45:00.000+07:00,"25653.7,25670.7,25652.4,25669.1"
2025-12-29T08:00:00.000+07:00,"25668.3,25670.7,25650.9,25652.8"
2025-12-29T08:15:00.000+07:00,"25653,25656.4,25636.9,25638.2"
2025-12-29T08:30:00.000+07:00,"25637.9,25642.6,25613.3,25620.8"
2025-12-29T08:45:00.000+07:00,"25621,25627.8,25614.8,25620.1"
2025-12-29T09:00:00.000+07:00,"25619.8,25626.7,25618.1,25622.1"
2025-12-29T09:15:00.000+07:00,"25622.2,25624.6,25614.2,25616.4"
2025-12-29T09:30:00.000+07:00,"25616.1,25623.6,25601.8,25622.1"
2025-12-29T09:45:00.000+07:00,"25622.2,25627.6,25620.7,25621.9"
2025-12-29T10:00:00.000+07:00,"25622,25631.3,25620.1,25621.1"
2025-12-29T10:15:00.000+07:00,"25621.3,25621.7,25602.5,25610.5"
2025-12-29T10:30:00.000+07:00,"25610.4,25631.2,25610.4,25625.7"
2025-12-29T10:45:00.000+07:00,"25625.9,25630.3,25622.6,25628.8"
2025-12-29T11:00:00.000+07:00,"25628.3,25636,25628,25635"
2025-12-29T11:15:00.000+07:00,"25634.9,25638.8,25633.4,25636.7"
2025-12-29T11:30:00.000+07:00,"25637.2,25645.1,25635.1,25645.1"
2025-12-29T11:45:00.000+07:00,"25645.6,25645.6,25631.7,25632.1"
2025-12-29T12:00:00.000+07:00,"25632.4,25632.7,25602.7,25610.6"
2025-12-29T12:15:00.000+07:00,"25610.8,25613.6,25597.2,25602.6"
2025-12-29T12:30:00.000+07:00,"25602.8,25609.8,25598.9,25605.5"
2025-12-29T12:45:00.000+07:00,"25605.6,25616.6,25597.4,25600.1"
2025-12-29T13:00:00.000+07:00,"25599.9,25612.8,25592.1,25607.7"
2025-12-29T13:15:00.000+07:00,"25607.8,25622.6,25605.4,25616.2"
2025-12-29T13:30:00.000+07:00,"25617.8,25619.8,25595.9,25602.5"
2025-12-29T13:45:00.000+07:00,"25602.4,25603.3,25591.9,25596.4"
2025-12-29T14:00:00.000+07:00,"25596.3,25603,25571.5,25574.1"
2025-12-29T14:15:00.000+07:00,"25573.9,25590,25564.6,25589.6"
2025-12-29T14:30:00.000+07:00,"25590.1,25591.6,25577.7,25579.5"
2025-12-29T14:45:00.000+07:00,"25580.2,25586.6,25578.6,25579.9"
2025-12-29T15:00:00.000+07:00,"25580.9,25582.8,25558.2,25562.5"
2025-12-29T15:15:00.000+07:00,"25562.8,25574.2,25553.9,25555.3"
2025-12-29T15:30:00.000+07:00,"25555.4,25563.5,25528,25537.1"
2025-12-29T15:45:00.000+07:00,"25536.9,25537.9,25512.4,25518.9"
2025-12-29T16:00:00.000+07:00,"25519.3,25543.4,25519.3,25538.9"
2025-12-29T16:15:00.000+07:00,"25538.5,25550.5,25536.5,25548.4"
2025-12-29T16:30:00.000+07:00,"25548.3,25549.3,25523.9,25526.2"
2025-12-29T16:45:00.000+07:00,"25526.3,25544.8,25513.7,25541.9"
2025-12-29T17:00:00.000+07:00,"25542.1,25546,25528,25542.6"
2025-12-29T17:15:00.000+07:00,"25542.3,25549.5,25529.1,25540.1"
2025-12-29T17:30:00.000+07:00,"25540.2,25543.1,25531.1,25536.2"
2025-12-29T17:45:00.000+07:00,"25536,25537.6,25524.5,25527.2"
2025-12-29T18:00:00.000+07:00,"25527.7,25536.2,25517.8,25523.1"
2025-12-29T18:15:00.000+07:00,"25522.9,25528.7,25516.7,25523.8"
2025-12-29T18:30:00.000+07:00,"25524,25551.9,25523.3,25550.2"
2025-12-29T18:45:00.000+07:00,"25550.3,25555.2,25542.9,25551.1"
2025-12-29T19:00:00.000+07:00,"25549.8,25553.9,25537.3,25546.6"
2025-12-29T19:15:00.000+07:00,"25546.7,25556.9,25542.6,25547.7"
2025-12-29T19:30:00.000+07:00,"25547.2,25553.1,25523.5,25524.7"
2025-12-29T19:45:00.000+07:00,"25524.8,25535,25515.2,25524.9"
2025-12-29T20:00:00.000+07:00,"25524.4,25541.5,25515.1,25529.8"
2025-12-29T20:15:00.000+07:00,"25530.1,25535.5,25517.9,25527"
2025-12-29T20:30:00.000+07:00,"25526.7,25529.4,25512.3,25517.6"
2025-12-29T20:45:00.000+07:00,"25517.7,25521.6,25441.5,25473.7"
2025-12-29T21:00:00.000+07:00,"25474.7,25481.4,25460.3,25474.8"
2025-12-29T21:15:00.000+07:00,"25475,25491.3,25435.9,25488.2"
2025-12-29T21:30:00.000+07:00,"25486.1,25598,25446.3,25574"
2025-12-29T21:45:00.000+07:00,"25572.8,25572.9,25492.4,25503.8"
2025-12-29T22:00:00.000+07:00,"25503.9,25524.4,25447.1,25463"
2025-12-29T22:15:00.000+07:00,"25463.5,25536.5,25461.6,25531.6"
2025-12-29T22:30:00.000+07:00,"25531.4,25557.6,25523.4,25541.1"
2025-12-29T22:45:00.000+07:00,"25540.6,25542.8,25460.2,25488.7"
2025-12-29T23:00:00.000+07:00,"25490.9,25504.5,25468.7,25498.8"
2025-12-29T23:15:00.000+07:00,"25498.6,25499.9,25472.2,25491.1"
2025-12-29T23:30:00.000+07:00,"25491.5,25505.8,25468.4,25477.6"
2025-12-29T23:45:00.000+07:00,"25477.9,25498.4,25476.8,25484.1"
2025-12-30T00:00:00.000+07:00,"25483.6,25495.2,25461.7,25472.3"
2025-12-30T00:15:00.000+07:00,"25472.2,25479,25437.7,25448.4"
2025-12-30T00:30:00.000+07:00,"25447.7,25470.9,25444,25467.6"
2025-12-30T00:45:00.000+07:00,"25467.4,25493.4,25465.2,25486.8"
2025-12-30T01:00:00.000+07:00,"25485.4,25485.4,25468.6,25470.3"
2025-12-30T01:15:00.000+07:00,"25470.8,25498.5,25468.6,25489.7"
2025-12-30T01:30:00.000+07:00,"25490.2,25517.8,25488.5,25494.6"
2025-12-30T01:45:00.000+07:00,"25494.4,25495.8,25477.9,25482.7"
2025-12-30T02:00:00.000+07:00,"25483.1,25485.8,25472.9,25477.7"
2025-12-30T02:15:00.000+07:00,"25478.1,25500.4,25475.4,25499"
2025-12-30T02:30:00.000+07:00,"25498.1,25525.7,25495.5,25520.2"
2025-12-30T02:45:00.000+07:00,"25520.3,25558.6,25520.3,25550.4"
2025-12-30T03:00:00.000+07:00,"25549.5,25550.4,25533.1,25542.9"
2025-12-30T03:15:00.000+07:00,"25543.4,25552.2,25534.6,25535.3"
2025-12-30T03:30:00.000+07:00,"25535.1,25543.7,25519.6,25527.3"
2025-12-30T03:45:00.000+07:00,"25526,25540.1,25514.1,25525.3"
2025-12-30T04:00:00.000+07:00,"25524.5,25527.6,25512.5,25520.3"
2025-12-30T04:15:00.000+07:00,"25520.5,25528.2,25519.4,25526"
2025-12-30T04:30:00.000+07:00,"25526.2,25532.1,25521.5,25529"
2025-12-30T04:45:00.000+07:00,"25528.5,25531.7,25526.1,25527.2"
2025-12-30T05:00:00.000+07:00,"25527.4,25530,25523.1,25530"
2025-12-30T05:15:00.000+07:00,"25529.8,25529.8,25526.5,25527"
2025-12-30T05:30:00.000+07:00,"25527.1,25528.6,25521.2,25521.7"
2025-12-30T05:45:00.000+07:00,"25521.6,25524.1,25520.9,25522.8"
2025-12-30T06:00:00.000+07:00,"25528.6,25530.9,25511.4,25511.8"
2025-12-30T06:15:00.000+07:00,"25512.1,25513.7,25494.2,25495.2"
2025-12-30T06:30:00.000+07:00,"25495.4,25510,25494.4,25497.6"
2025-12-30T06:45:00.000+07:00,"25497.8,25498.8,25492,25492.1"
2025-12-30T07:00:00.000+07:00,"25493.1,25502.2,25487.4,25501.8"
2025-12-30T07:15:00.000+07:00,"25501.1,25509.5,25496.8,25507.8"
2025-12-30T07:30:00.000+07:00,"25508,25509.3,25495.2,25506.4"
2025-12-30T07:45:00.000+07:00,"25506.2,25512.6,25486.1,25490.4"
2025-12-30T08:00:00.000+07:00,"25490.9,25501.4,25482.9,25498.6"
2025-12-30T08:15:00.000+07:00,"25498.5,25500.9,25490.1,25493.5"
2025-12-30T08:30:00.000+07:00,"25493.7,25502.5,25488.2,25501"
2025-12-30T08:45:00.000+07:00,"25501.3,25510.9,25493,25510.5"
2025-12-30T09:00:00.000+07:00,"25510.9,25514.4,25501.8,25502.8"
2025-12-30T09:15:00.000+07:00,"25502.9,25508.7,25493.8,25494.3"
2025-12-30T09:30:00.000+07:00,"25493.8,25498.9,25491.5,25492.5"
2025-12-30T09:45:00.000+07:00,"25492.9,25497.3,25487.7,25496.1"
2025-12-30T10:00:00.000+07:00,"25496.4,25503.1,25496,25498.1"
2025-12-30T10:15:00.000+07:00,"25499,25509.5,25498.2,25508.1"
2025-12-30T10:30:00.000+07:00,"25508.6,25527.2,25507.9,25526.3"
2025-12-30T10:45:00.000+07:00,"25526.8,25527,25516.5,25522.1"
2025-12-30T11:00:00.000+07:00,"25522.4,25534.9,25514.8,25531.5"
2025-12-30T11:15:00.000+07:00,"25531.6,25537.6,25524.6,25532.3"
2025-12-30T11:30:00.000+07:00,"25532.7,25537.3,25531.8,25534.8"
2025-12-30T11:45:00.000+07:00,"25535.2,25536.8,25531.4,25533.9"
2025-12-30T12:00:00.000+07:00,"25534,25540.2,25527,25527.1"
2025-12-30T12:15:00.000+07:00,"25527,25530,25519.4,25520.8"
2025-12-30T12:30:00.000+07:00,"25520.7,25522.9,25506.5,25519.4"
2025-12-30T12:45:00.000+07:00,"25519.3,25532.7,25517.2,25530.3"
2025-12-30T13:00:00.000+07:00,"25530.1,25530.8,25515.3,25519.8"
2025-12-30T13:15:00.000+07:00,"25520.3,25521.5,25502.2,25502.5"
2025-12-30T13:30:00.000+07:00,"25503,25515.5,25501.5,25511.7"
2025-12-30T13:45:00.000+07:00,"25511.5,25517.3,25509.9,25511"
2025-12-30T14:00:00.000+07:00,"25510.4,25510.5,25494.6,25497.3"
2025-12-30T14:15:00.000+07:00,"25497.1,25499.6,25471.5,25481.9"
2025-12-30T14:30:00.000+07:00,"25481.8,25483.4,25471,25482"
2025-12-30T14:45:00.000+07:00,"25482.2,25492.4,25479,25488.6"
2025-12-30T15:00:00.000+07:00,"25488.4,25513.6,25488.2,25510.2"
2025-12-30T15:15:00.000+07:00,"25510.1,25516.3,25502.7,25507.1"
2025-12-30T15:30:00.000+07:00,"25507.6,25522,25506.1,25515.6"
2025-12-30T15:45:00.000+07:00,"25515.5,25527,25515.4,25524.3"
2025-12-30T16:00:00.000+07:00,"25522.8,25532.1,25515.1,25523.7"
2025-12-30T16:15:00.000+07:00,"25523.6,25536.5,25522.8,25534"
2025-12-30T16:30:00.000+07:00,"25534.2,25536.9,25522.6,25523.8"
2025-12-30T16:45:00.000+07:00,"25523.9,25527.3,25516.2,25525.3"
2025-12-30T17:00:00.000+07:00,"25525.2,25531.1,25518.3,25523.3"
2025-12-30T17:15:00.000+07:00,"25522.9,25531.5,25521.1,25525.4"
2025-12-30T17:30:00.000+07:00,"25525.1,25528.4,25515.7,25525.2"
2025-12-30T17:45:00.000+07:00,"25525.3,25526.4,25505.7,25514.4"
2025-12-30T18:00:00.000+07:00,"25514.5,25515.3,25493.7,25503.2"
2025-12-30T18:15:00.000+07:00,"25503.1,25504.1,25488.7,25493.5"
2025-12-30T18:30:00.000+07:00,"25493.4,25501.7,25491.3,25501.3"
2025-12-30T18:45:00.000+07:00,"25501.4,25522.6,25500.2,25518.3"
2025-12-30T19:00:00.000+07:00,"25518.2,25527.4,25514.3,25523.8"
2025-12-30T19:15:00.000+07:00,"25523.9,25529.4,25510.6,25514.9"
2025-12-30T19:30:00.000+07:00,"25515,25521,25498.3,25519.6"
2025-12-30T19:45:00.000+07:00,"25519.7,25522,25507,25513.5"
2025-12-30T20:00:00.000+07:00,"25513.6,25529,25508.7,25519"
2025-12-30T20:15:00.000+07:00,"25519.1,25531.3,25516.8,25520.4"
2025-12-30T20:30:00.000+07:00,"25519.1,25521.5,25481.4,25492.6"
2025-12-30T20:45:00.000+07:00,"25492.5,25501,25476.3,25498.8"
2025-12-30T21:00:00.000+07:00,"25498.9,25507.8,25490.3,25506.2"
2025-12-30T21:15:00.000+07:00,"25506.4,25508.4,25475.9,25479.1"
2025-12-30T21:30:00.000+07:00,"25479.2,25519.2,25468.4,25477.7"
2025-12-30T21:45:00.000+07:00,"25477.4,25561.9,25460.6,25544.4"
2025-12-30T22:00:00.000+07:00,"25544.8,25549.2,25472.4,25483.9"
2025-12-30T22:15:00.000+07:00,"25484.7,25511.6,25474.8,25487.4"
2025-12-30T22:30:00.000+07:00,"25488.3,25493.7,25472.8,25481.6"
2025-12-30T22:45:00.000+07:00,"25482.2,25542.7,25477.9,25533.6"
2025-12-30T23:00:00.000+07:00,"25533.4,25555.8,25528.8,25543.5"
2025-12-30T23:15:00.000+07:00,"25544.3,25578.3,25542.8,25559.5"
2025-12-30T23:30:00.000+07:00,"25558.7,25561.2,25516.7,25525.7"
2025-12-30T23:45:00.000+07:00,"25526.7,25528.2,25504,25506.6"
2025-12-31T00:00:00.000+07:00,"25507.5,25511.6,25496.4,25498.1"
2025-12-31T00:15:00.000+07:00,"25497.9,25513.3,25488.9,25511.7"
2025-12-31T00:30:00.000+07:00,"25511.3,25524.9,25506,25509.9"
2025-12-31T00:45:00.000+07:00,"25509.7,25521.6,25500.6,25517.8"
2025-12-31T01:00:00.000+07:00,"25517,25522.7,25496.5,25518.5"
2025-12-31T01:15:00.000+07:00,"25518.7,25526.1,25514.7,25524.6"
2025-12-31T01:30:00.000+07:00,"25524.2,25530.8,25505.8,25515"
2025-12-31T01:45:00.000+07:00,"25514.8,25525,25510.9,25518.8"
2025-12-31T02:00:00.000+07:00,"25518.7,25522.1,25501.3,25521.4"
2025-12-31T02:15:00.000+07:00,"25521.1,25529.6,25516.4,25522"
2025-12-31T02:30:00.000+07:00,"25521.5,25527.5,25510,25514.5"
2025-12-31T02:45:00.000+07:00,"25514.4,25514.9,25493.8,25500.5"
2025-12-31T03:00:00.000+07:00,"25500.3,25503,25473.1,25483.1"
2025-12-31T03:15:00.000+07:00,"25482.9,25507.2,25481.8,25495.2"
2025-12-31T03:30:00.000+07:00,"25494.1,25503.1,25491.2,25497.8"
2025-12-31T03:45:00.000+07:00,"25497.3,25497.6,25456.7,25465.6"
2025-12-31T04:00:00.000+07:00,"25464.6,25475.1,25457.3,25471.6"
2025-12-31T04:15:00.000+07:00,"25472.1,25477.1,25468.7,25472.7"
2025-12-31T04:30:00.000+07:00,"25472.6,25475.7,25466.5,25473.9"
2025-12-31T04:45:00.000+07:00,"25473.4,25475.3,25460.4,25460.4"
2025-12-31T05:00:00.000+07:00,"25463.2,25463.5,25459.8,25462.6"
2025-12-31T05:15:00.000+07:00,"25462.4,25464.8,25461.6,25464.8"
2025-12-31T05:30:00.000+07:00,"25464.7,25465.7,25463.4,25464.2"
2025-12-31T05:45:00.000+07:00,"25464.4,25464.5,25462.2,25464.5"
2025-12-31T06:00:00.000+07:00,"25468.9,25476.4,25445.5,25451.6"
2025-12-31T06:15:00.000+07:00,"25451.4,25458.9,25449.1,25451.9"
2025-12-31T06:30:00.000+07:00,"25451.7,25455.1,25432.2,25446.1"
2025-12-31T06:45:00.000+07:00,"25446.2,25447.4,25440.8,25445.9"
2025-12-31T07:00:00.000+07:00,"25446,25446.5,25422.7,25433.2"
2025-12-31T07:15:00.000+07:00,"25433.1,25439,25427.3,25437.6"
2025-12-31T07:30:00.000+07:00,"25437.5,25437.5,25423.5,25424"
2025-12-31T07:45:00.000+07:00,"25423.9,25424,25395,25404.6"
2025-12-31T08:00:00.000+07:00,"25404.5,25410.5,25376.5,25404.5"
2025-12-31T08:15:00.000+07:00,"25402.8,25414,25395.8,25408.5"
2025-12-31T08:30:00.000+07:00,"25408.4,25411,25398,25406.3"
2025-12-31T08:45:00.000+07:00,"25405.6,25411.9,25399.7,25407.8"
2025-12-31T09:00:00.000+07:00,"25407.7,25416.4,25399.8,25407.2"
2025-12-31T09:15:00.000+07:00,"25407.1,25420.5,25404,25418"
2025-12-31T09:30:00.000+07:00,"25418.1,25425.3,25409.4,25413.8"
2025-12-31T09:45:00.000+07:00,"25413.9,25417.1,25392.6,25415.4"
2025-12-31T10:00:00.000+07:00,"25415.2,25421.7,25410.8,25417.3"
2025-12-31T10:15:00.000+07:00,"25417.4,25421.5,25402.5,25403.9"
2025-12-31T10:30:00.000+07:00,"25403.8,25405.6,25394.9,25401.4"
2025-12-31T10:45:00.000+07:00,"25401.3,25406.3,25399.2,25406.1"
2025-12-31T11:00:00.000+07:00,"25406.6,25417.1,25405.1,25416.1"
2025-12-31T11:15:00.000+07:00,"25415.9,25422,25412.8,25414.9"
2025-12-31T11:30:00.000+07:00,"25415.4,25419.4,25408.5,25409.2"
2025-12-31T11:45:00.000+07:00,"25409.5,25411.3,25403,25405.8"
2025-12-31T12:00:00.000+07:00,"25405.9,25413.2,25404.6,25404.6"
2025-12-31T12:15:00.000+07:00,"25404.3,25413.1,25402,25410.8"
2025-12-31T12:30:00.000+07:00,"25410.7,25416,25397.9,25402"
2025-12-31T12:45:00.000+07:00,"25402.1,25402.4,25384.3,25389.1"
2025-12-31T13:00:00.000+07:00,"25388.8,25394.9,25382.3,25390.7"
2025-12-31T13:15:00.000+07:00,"25390.8,25391.9,25367.8,25374"
2025-12-31T13:30:00.000+07:00,"25373.9,25384.6,25373.9,25384.1"
2025-12-31T13:45:00.000+07:00,"25384.3,25386.5,25377.3,25385"
2025-12-31T14:00:00.000+07:00,"25385.1,25392,25364.9,25372.7"
2025-12-31T14:15:00.000+07:00,"25372.5,25389.7,25366.2,25389.1"
2025-12-31T14:30:00.000+07:00,"25389.3,25398.9,25386.7,25393.5"
2025-12-31T14:45:00.000+07:00,"25393.6,25396.9,25380.4,25385.6"
2025-12-31T15:00:00.000+07:00,"25385.5,25393.3,25372.6,25376.6"
2025-12-31T15:15:00.000+07:00,"25376.7,25381.4,25366.3,25366.7"
2025-12-31T15:30:00.000+07:00,"25366.5,25369.3,25342.7,25356"
2025-12-31T15:45:00.000+07:00,"25356.1,25361.1,25347.8,25347.9"
2025-12-31T16:00:00.000+07:00,"25346.1,25373.8,25345.5,25365"
2025-12-31T16:15:00.000+07:00,"25364.7,25372.3,25354.8,25358.1"
2025-12-31T16:30:00.000+07:00,"25358.2,25368,25356,25360.8"
2025-12-31T16:45:00.000+07:00,"25360.9,25366.8,25355.5,25358.3"
2025-12-31T17:00:00.000+07:00,"25358.4,25364.2,25348.9,25362"
2025-12-31T17:15:00.000+07:00,"25361.9,25376.3,25360.9,25375.3"
2025-12-31T17:30:00.000+07:00,"25375.5,25380.8,25364.6,25371.6"
2025-12-31T17:45:00.000+07:00,"25371.3,25374.9,25364,25372.6"
2025-12-31T18:00:00.000+07:00,"25372.5,25384.7,25372.3,25380.6"
2025-12-31T18:15:00.000+07:00,"25380.5,25387.4,25369.6,25383.9"
2025-12-31T18:30:00.000+07:00,"25383.8,25393.2,25381.2,25392.8"
2025-12-31T18:45:00.000+07:00,"25392.7,25399.3,25388.1,25397.7"
2025-12-31T19:00:00.000+07:00,"25398,25403.5,25386.9,25394.9"
2025-12-31T19:15:00.000+07:00,"25395,25416.4,25394.7,25410.8"
2025-12-31T19:30:00.000+07:00,"25410.5,25420.4,25408.2,25409.9"
2025-12-31T19:45:00.000+07:00,"25409.6,25419.4,25408.2,25417.3"
2025-12-31T20:00:00.000+07:00,"25417.5,25421.8,25412.6,25418.9"
2025-12-31T20:15:00.000+07:00,"25419,25439.1,25417,25435.4"
2025-12-31T20:30:00.000+07:00,"25435.2,25464.9,25429.8,25462.6"
2025-12-31T20:45:00.000+07:00,"25462.8,25502.6,25461,25492.6"
2025-12-31T21:00:00.000+07:00,"25492.4,25504.6,25487.1,25489.4"
2025-12-31T21:15:00.000+07:00,"25489.5,25491.4,25467.1,25469.2"
2025-12-31T21:30:00.000+07:00,"25468.4,25480,25398.3,25409.8"
2025-12-31T21:45:00.000+07:00,"25409.4,25424.2,25371.7,25395.9"
2025-12-31T22:00:00.000+07:00,"25395.2,25406.5,25372.8,25392.3"
2025-12-31T22:15:00.000+07:00,"25392.2,25399.7,25357.2,25391.4"
2025-12-31T22:30:00.000+07:00,"25390.8,25397.9,25363.9,25376.8"
2025-12-31T22:45:00.000+07:00,"25376.6,25376.9,25332,25344"
2025-12-31T23:00:00.000+07:00,"25343.2,25357.8,25342.3,25352.2"
2025-12-31T23:15:00.000+07:00,"25352.3,25386.4,25352.3,25385.5"
2025-12-31T23:30:00.000+07:00,"25385.8,25386.9,25361.6,25367.5"
2025-12-31T23:45:00.000+07:00,"25367.6,25396,25360.9,25394.3"
2026-01-01T00:00:00.000+07:00,"25394.4,25395.6,25357.7,25370.5"
2026-01-01T00:15:00.000+07:00,"25370.6,25382,25365.7,25376.7"
2026-01-01T00:30:00.000+07:00,"25376,25393.4,25373.5,25383.7"
2026-01-01T00:45:00.000+07:00,"25383.6,25385.2,25361.7,25370.3"
2026-01-01T01:00:00.000+07:00,"25369.8,25392.3,25362.3,25392.3"
2026-01-01T01:15:00.000+07:00,"25392,25393.2,25373.6,25392"
2026-01-01T01:30:00.000+07:00,"25392.1,25414.4,25385.3,25407.1"
2026-01-01T01:45:00.000+07:00,"25407.6,25419.1,25400.8,25403.6"
2026-01-01T02:00:00.000+07:00,"25403.4,25422.5,25403.4,25408.9"
2026-01-01T02:15:00.000+07:00,"25409.1,25409.6,25370,25371.3"
2026-01-01T02:30:00.000+07:00,"25371.5,25374.7,25325.2,25338.9"
2026-01-01T02:45:00.000+07:00,"25338.7,25344.9,25321.7,25325.4"
2026-01-01T03:00:00.000+07:00,"25325.1,25327,25273.5,25288.5"
2026-01-01T03:15:00.000+07:00,"25287,25301.7,25261.9,25266.1"
2026-01-01T03:30:00.000+07:00,"25266.6,25302.5,25260.2,25294.7"
2026-01-01T03:45:00.000+07:00,"25294.9,25298.2,25233.8,25245.1"
2026-01-01T04:00:00.000+07:00,"25242.3,25258.1,25226.4,25244.1"
2026-01-01T04:15:00.000+07:00,"25244,25244,25227.3,25231.6"
2026-01-01T04:30:00.000+07:00,"25231.4,25232,25223.2,25229.5"
2026-01-01T04:45:00.000+07:00,"25229.3,25231,25214.4,25218.2"
2026-01-02T06:00:00.000+07:00,"25258.4,25277.1,25235.2,25266.9"
2026-01-02T06:15:00.000+07:00,"25267.2,25284.1,25266.5,25273.4"
2026-01-02T06:30:00.000+07:00,"25273.5,25286.7,25268,25281.8"
2026-01-02T06:45:00.000+07:00,"25281,25292.6,25276.5,25285.2"
2026-01-02T07:00:00.000+07:00,"25285,25288.7,25261.9,25275.5"
2026-01-02T07:15:00.000+07:00,"25274.4,25296.8,25271.9,25294.2"
2026-01-02T07:30:00.000+07:00,"25294,25296.6,25281.2,25288.7"
2026-01-02T07:45:00.000+07:00,"25288.6,25301.7,25284.4,25298.2"
2026-01-02T08:00:00.000+07:00,"25299.3,25324.8,25298.4,25318"
2026-01-02T08:15:00.000+07:00,"25318.1,25323.1,25307.5,25319.7"
2026-01-02T08:30:00.000+07:00,"25318.9,25342,25318.9,25337.9"
2026-01-02T08:45:00.000+07:00,"25338,25344.2,25330.9,25342.7"
2026-01-02T09:00:00.000+07:00,"25343,25362,25342.7,25362"
2026-01-02T09:15:00.000+07:00,"25362.1,25380.8,25356.1,25377.7"
2026-01-02T09:30:00.000+07:00,"25377.6,25381.9,25372.6,25377"
2026-01-02T09:45:00.000+07:00,"25376.8,25396.3,25374.7,25391.2"
2026-01-02T10:00:00.000+07:00,"25390.4,25395.9,25384.7,25392.2"
2026-01-02T10:15:00.000+07:00,"25392.5,25393.8,25387.5,25391.3"
2026-01-02T10:30:00.000+07:00,"25391.4,25409.5,25383.5,25406.7"
2026-01-02T10:45:00.000+07:00,"25406.9,25414.9,25400.7,25414.1"
2026-01-02T11:00:00.000+07:00,"25414.2,25420.1,25407.8,25415.8"
2026-01-02T11:15:00.000+07:00,"25415.7,25425.7,25409.4,25416.6"
2026-01-02T11:30:00.000+07:00,"25416.7,25422,25405.2,25420"
2026-01-02T11:45:00.000+07:00,"25420.2,25423,25412,25413.8"
2026-01-02T12:00:00.000+07:00,"25413.9,25416,25400.6,25410.5"
2026-01-02T12:15:00.000+07:00,"25410.3,25421,25409.8,25419.2"
2026-01-02T12:30:00.000+07:00,"25418.9,25420.5,25409.8,25411"
2026-01-02T12:45:00.000+07:00,"25411.3,25432.2,25410.1,25426.7"
2026-01-02T13:00:00.000+07:00,"25426.6,25432.5,25422.5,25429"
2026-01-02T13:15:00.000+07:00,"25429.2,25431.4,25425.6,25427.6"
2026-01-02T13:30:00.000+07:00,"25427.5,25437.5,25422.1,25433.9"
2026-01-02T13:45:00.000+07:00,"25434,25436.3,25423.6,25425"
2026-01-02T14:00:00.000+07:00,"25423.8,25435.1,25419.5,25419.5"
2026-01-02T14:15:00.000+07:00,"25419.1,25431.5,25414.4,25425.2"
2026-01-02T14:30:00.000+07:00,"25425.3,25431.5,25422.3,25427.2"
2026-01-02T14:45:00.000+07:00,"25427,25430.9,25414.6,25426.4"
2026-01-02T15:00:00.000+07:00,"25426.5,25481.6,25425.4,25476.7"
2026-01-02T15:15:00.000+07:00,"25476.6,25490.4,25468.4,25475.1"
2026-01-02T15:30:00.000+07:00,"25475,25484.7,25463.7,25480"
2026-01-02T15:45:00.000+07:00,"25481,25507.4,25478.3,25498"
2026-01-02T16:00:00.000+07:00,"25497.8,25525.7,25493.1,25522.6"
2026-01-02T16:15:00.000+07:00,"25522.1,25523.4,25503.6,25520.8"
2026-01-02T16:30:00.000+07:00,"25520.7,25523.5,25513.2,25517.9"
2026-01-02T16:45:00.000+07:00,"25517.8,25525,25509.6,25520.7"
2026-01-02T17:00:00.000+07:00,"25520.8,25525.2,25511.1,25515.4"
2026-01-02T17:15:00.000+07:00,"25515.5,25524.3,25499.9,25504.3"
2026-01-02T17:30:00.000+07:00,"25504.4,25512.8,25495.4,25509.8"
2026-01-02T17:45:00.000+07:00,"25509.9,25523.9,25509.9,25518.5"
2026-01-02T18:00:00.000+07:00,"25518.8,25530.4,25518.7,25522.8"
2026-01-02T18:15:00.000+07:00,"25522.6,25525,25502.9,25505.4"
2026-01-02T18:30:00.000+07:00,"25505.3,25518,25505.2,25514.8"
2026-01-02T18:45:00.000+07:00,"25514.7,25518.2,25505,25514.6"
2026-01-02T19:00:00.000+07:00,"25514.7,25514.7,25468.1,25480.5"
2026-01-02T19:15:00.000+07:00,"25480.8,25490.8,25476.5,25483.9"
2026-01-02T19:30:00.000+07:00,"25483.6,25494.5,25476.7,25491.3"
2026-01-02T19:45:00.000+07:00,"25491.4,25493.9,25481.1,25491.1"
2026-01-02T20:00:00.000+07:00,"25490.8,25496.1,25484.5,25490.5"
2026-01-02T20:15:00.000+07:00,"25490.8,25496.3,25476.1,25485.9"
2026-01-02T20:30:00.000+07:00,"25485.8,25491.2,25476.5,25483.9"
2026-01-02T20:45:00.000+07:00,"25483.8,25491.4,25468.1,25481.1"
2026-01-02T21:00:00.000+07:00,"25481.3,25495.7,25462.2,25464.6"
2026-01-02T21:15:00.000+07:00,"25464.5,25483.2,25450.7,25476.3"
2026-01-02T21:30:00.000+07:00,"25476.4,25521.6,25428.5,25477.6"
2026-01-02T21:45:00.000+07:00,"25477.5,25587.4,25477.5,25525.5"
2026-01-02T22:00:00.000+07:00,"25525.9,25573.9,25393.5,25404.7"
2026-01-02T22:15:00.000+07:00,"25403.2,25405,25257.4,25289.5"
2026-01-02T22:30:00.000+07:00,"25287.4,25406.9,25268.5,25386.7"
2026-01-02T22:45:00.000+07:00,"25385.9,25397.7,25165.9,25180.6"
2026-01-02T23:00:00.000+07:00,"25182.1,25192.5,25105.7,25191.7"
2026-01-02T23:15:00.000+07:00,"25191,25218,25140.1,25187.6"
2026-01-02T23:30:00.000+07:00,"25188.2,25238.1,25173.8,25178.4"
2026-01-02T23:45:00.000+07:00,"25176.4,25192.6,25116.8,25154.7"
2026-01-03T00:00:00.000+07:00,"25156.1,25216.9,25130.8,25210.7"
2026-01-03T00:15:00.000+07:00,"25210.8,25219.3,25176.4,25200.8"
2026-01-03T00:30:00.000+07:00,"25199.7,25214.6,25175.1,25186.9"
2026-01-03T00:45:00.000+07:00,"25186.7,25197.7,25127.6,25139.2"
2026-01-03T01:00:00.000+07:00,"25139.4,25168.7,25129,25132.3"
2026-01-03T01:15:00.000+07:00,"25131.1,25179.7,25123,25148.2"
2026-01-03T01:30:00.000+07:00,"25147.2,25162.6,25131,25155.1"
2026-01-03T01:45:00.000+07:00,"25155.4,25166.9,25081.4,25111.1"
2026-01-03T02:00:00.000+07:00,"25112.2,25210.7,25106.1,25203.3"
2026-01-03T02:15:00.000+07:00,"25204.8,25230.3,25181.4,25223.9"
2026-01-03T02:30:00.000+07:00,"25223.1,25268.3,25222.6,25246.1"
2026-01-03T02:45:00.000+07:00,"25246.2,25256.4,25200.7,25212"
2026-01-03T03:00:00.000+07:00,"25214,25248.9,25203.3,25235.4"
2026-01-03T03:15:00.000+07:00,"25235,25263.3,25230,25245.3"
2026-01-03T03:30:00.000+07:00,"25245,25253.4,25205.8,25207.3"
2026-01-03T03:45:00.000+07:00,"25207.4,25218.5,25182.3,25197.9"
2026-01-03T04:00:00.000+07:00,"25200.1,25227.6,25194.9,25210.5"
2026-01-03T04:15:00.000+07:00,"25211,25211.2,25204.1,25207.9"
2026-01-03T04:30:00.000+07:00,"25208,25214.4,25207.2,25212.3"
2026-01-03T04:45:00.000+07:00,"25212.6,25212.8,25192.6,25207.4"
2026-01-05T06:00:00.000+07:00,"25243,25271.4,25222.9,25241.6"
2026-01-05T06:15:00.000+07:00,"25242.2,25279.9,25238.4,25274.6"
2026-01-05T06:30:00.000+07:00,"25274.5,25276.1,25247.1,25247.9"
2026-01-05T06:45:00.000+07:00,"25248.9,25277.9,25234.5,25273.8"
2026-01-05T07:00:00.000+07:00,"25276,25294.1,25263.8,25270.6"
2026-01-05T07:15:00.000+07:00,"25271.2,25296.3,25270.3,25286"
2026-01-05T07:30:00.000+07:00,"25286.3,25289.4,25252.3,25269.5"
2026-01-05T07:45:00.000+07:00,"25269.8,25287.7,25268.5,25283.4"
2026-01-05T08:00:00.000+07:00,"25283.9,25302.9,25268.1,25281.8"
2026-01-05T08:15:00.000+07:00,"25281.7,25285.3,25266.8,25284.6"
2026-01-05T08:30:00.000+07:00,"25284,25302.5,25281,25294.6"
2026-01-05T08:45:00.000+07:00,"25294.5,25296.3,25269,25274.6"
2026-01-05T09:00:00.000+07:00,"25274.1,25299.5,25273.7,25286.4"
2026-01-05T09:15:00.000+07:00,"25286.3,25292.2,25278,25283.1"
2026-01-05T09:30:00.000+07:00,"25283.2,25287.8,25270.2,25284.4"
2026-01-05T09:45:00.000+07:00,"25284.3,25295.4,25283,25289.9"
2026-01-05T10:00:00.000+07:00,"25289.8,25298.1,25285.8,25288.7"
2026-01-05T10:15:00.000+07:00,"25288.5,25293.1,25284.3,25289.5"
2026-01-05T10:30:00.000+07:00,"25289.7,25289.7,25279,25282"
2026-01-05T10:45:00.000+07:00,"25281.5,25285.1,25274.1,25280.5"
2026-01-06T06:00:00.000+07:00,"25402.6,25414.1,25398.7,25405.2"
2026-01-06T06:15:00.000+07:00,"25405.5,25407.6,25394.9,25404.5"
2026-01-06T06:30:00.000+07:00,"25404.4,25405,25381.1,25386.1"
2026-01-06T06:45:00.000+07:00,"25386.5,25390.7,25377.6,25382.6"
2026-01-06T07:00:00.000+07:00,"25383.6,25396.9,25372.1,25372.1"
2026-01-06T07:15:00.000+07:00,"25371.9,25387.3,25370.1,25386.9"
2026-01-06T07:30:00.000+07:00,"25387,25389,25370.1,25375.8"
2026-01-06T07:45:00.000+07:00,"25375.9,25383.3,25373.8,25380.8"
2026-01-06T08:00:00.000+07:00,"25378.8,25395.1,25371.8,25388.1"
2026-01-06T08:15:00.000+07:00,"25388.2,25415.5,25383.6,25409.1"
2026-01-06T08:30:00.000+07:00,"25409.2,25414.8,25406.3,25408.5"
2026-01-06T08:45:00.000+07:00,"25408.6,25418.9,25405.9,25413.2"
2026-01-06T09:00:00.000+07:00,"25413,25421.7,25408.6,25409"
2026-01-06T09:15:00.000+07:00,"25408.9,25424.1,25407.5,25420.3"
2026-01-06T09:30:00.000+07:00,"25420.4,25433.1,25416.7,25428.9"
2026-01-06T09:45:00.000+07:00,"25428.8,25440.5,25428.1,25439.1"
2026-01-06T10:00:00.000+07:00,"25439,25444.6,25437.1,25442.5"
2026-01-06T10:15:00.000+07:00,"25442.3,25444,25436.1,25437.8"
2026-01-06T10:30:00.000+07:00,"25437.9,25443,25436.4,25442.2"
2026-01-06T10:45:00.000+07:00,"25442.1,25442.2,25433.3,25436.7"
2026-01-06T11:00:00.000+07:00,"25436.9,25453.8,25436.6,25452.2"
2026-01-06T11:15:00.000+07:00,"25452.5,25456.1,25449.2,25456"
2026-01-06T11:30:00.000+07:00,"25456.1,25460.2,25448,25454"
2026-01-06T11:45:00.000+07:00,"25454.1,25463.4,25452.7,25462.6"
2026-01-06T12:00:00.000+07:00,"25462.5,25467.8,25456.5,25467.3"
2026-01-06T12:15:00.000+07:00,"25467.1,25469.5,25461.6,25462.4"
2026-01-06T12:30:00.000+07:00,"25462.1,25466.9,25457.6,25457.6"
2026-01-06T12:45:00.000+07:00,"25457.5,25460.1,25453.8,25459.1"
2026-01-06T13:00:00.000+07:00,"25459.6,25474.2,25459.4,25471.9"
2026-01-06T13:15:00.000+07:00,"25472,25483.5,25469.9,25477"
2026-01-06T13:30:00.000+07:00,"25477.2,25490.6,25477,25488.5"
2026-01-06T13:45:00.000+07:00,"25488.4,25488.9,25479.8,25484.7"
2026-01-06T14:00:00.000+07:00,"25484.6,25486,25470.2,25475.8"
2026-01-06T14:15:00.000+07:00,"25475.7,25475.8,25464.7,25467.9"
2026-01-06T14:30:00.000+07:00,"25468,25474.3,25463,25463.2"
2026-01-06T14:45:00.000+07:00,"25463.1,25466.1,25457.9,25463.5"
2026-01-06T15:00:00.000+07:00,"25464.1,25464.1,25403.3,25405.3"
2026-01-06T15:15:00.000+07:00,"25405.7,25409.5,25364,25370.1"
2026-01-06T15:30:00.000+07:00,"25368.3,25378.1,25343.4,25375.4"
2026-01-06T15:45:00.000+07:00,"25375.8,25394.6,25371.8,25387.1"
2026-01-06T16:00:00.000+07:00,"25387.8,25399.8,25373.1,25395.3"
2026-01-06T16:15:00.000+07:00,"25394.9,25403.6,25377.5,25386.1"
2026-01-06T16:30:00.000+07:00,"25386,25406.1,25380.7,25405.3"
2026-01-06T16:45:00.000+07:00,"25405.4,25424.5,25394.8,25401.8"
2026-01-06T17:00:00.000+07:00,"25402.3,25407.9,25391.2,25396"
2026-01-06T17:15:00.000+07:00,"25395.9,25400.3,25386.9,25397"
2026-01-06T17:30:00.000+07:00,"25396.9,25411,25394.1,25407.9"
2026-01-06T17:45:00.000+07:00,"25408,25413.8,25399.7,25408.2"
2026-01-06T18:00:00.000+07:00,"25409,25422.1,25408.4,25414.9"
2026-01-06T18:15:00.000+07:00,"25414.7,25417.9,25405.9,25409.3"
2026-01-06T18:30:00.000+07:00,"25409.4,25414.2,25406,25412"
2026-01-06T18:45:00.000+07:00,"25412.1,25426.7,25407.1,25412.3"
2026-01-06T19:00:00.000+07:00,"25411.3,25433.1,25407.1,25430"
2026-01-06T19:15:00.000+07:00,"25430.2,25434.1,25424.6,25432.2"
2026-01-06T19:30:00.000+07:00,"25431.9,25450.4,25426.9,25449"
2026-01-06T19:45:00.000+07:00,"25448.8,25464.8,25447.8,25456.3"
2026-01-06T20:00:00.000+07:00,"25456.2,25466.5,25440.3,25447"
2026-01-06T20:15:00.000+07:00,"25447.5,25458.5,25435.7,25440.5"
2026-01-06T20:30:00.000+07:00,"25440.7,25453.5,25435.6,25438.1"
2026-01-06T20:45:00.000+07:00,"25438.4,25442.1,25406.8,25432.1"
2026-01-06T21:00:00.000+07:00,"25431.9,25435.5,25408.8,25431.2"
2026-01-06T21:15:00.000+07:00,"25431.5,25453.5,25424.1,25452"
2026-01-06T21:30:00.000+07:00,"25452.3,25492.4,25425.8,25480.7"
2026-01-06T21:45:00.000+07:00,"25482.2,25578.3,25478.4,25570.2"
2026-01-06T22:00:00.000+07:00,"25568.2,25588.3,25543.3,25569.6"
2026-01-06T22:15:00.000+07:00,"25570.4,25593.1,25547.6,25586.8"
2026-01-06T22:30:00.000+07:00,"25587,25587,25532.3,25538.2"
2026-01-06T22:45:00.000+07:00,"25538.5,25550.8,25491.6,25503.6"
2026-01-06T23:00:00.000+07:00,"25505.6,25505.6,25458,25489.7"
2026-01-06T23:15:00.000+07:00,"25489,25527.8,25478.4,25497.1"
2026-01-06T23:30:00.000+07:00,"25495.3,25519.6,25476.8,25483"
2026-01-06T23:45:00.000+07:00,"25483.5,25518.8,25479.7,25513.4"
2026-01-07T00:00:00.000+07:00,"25513.3,25536,25493.6,25532.1"
2026-01-07T00:15:00.000+07:00,"25532.4,25560.7,25525.5,25551.7"
2026-01-07T00:30:00.000+07:00,"25551.4,25601.3,25550.5,25583.2"
2026-01-07T00:45:00.000+07:00,"25583.5,25588.2,25563.8,25574.2"
2026-01-07T01:00:00.000+07:00,"25576.2,25580.3,25562.4,25579.5"
2026-01-07T01:15:00.000+07:00,"25579.4,25596.2,25573.5,25574.4"
2026-01-07T01:30:00.000+07:00,"25574.8,25600,25566.3,25599.3"
2026-01-07T01:45:00.000+07:00,"25599.4,25620.6,25598.3,25619.8"
2026-01-07T17:00:00.000+07:00,"25567.8,25578.4,25559.1,25575.1"
2026-01-07T17:15:00.000+07:00,"25575.2,25575.5,25550.3,25551.1"
2026-01-07T17:30:00.000+07:00,"25551,25558.3,25544.8,25548.9"
2026-01-07T17:45:00.000+07:00,"25548.8,25556.3,25543.1,25556.2"
2026-01-07T18:00:00.000+07:00,"25556.5,25564.9,25548.8,25561"
2026-01-07T18:15:00.000+07:00,"25560.9,25565.8,25554.1,25557.5"
2026-01-07T18:30:00.000+07:00,"25557.9,25579.7,25555.1,25573.8"
2026-01-07T18:45:00.000+07:00,"25574.1,25585.4,25571.4,25584.4"
2026-01-07T19:00:00.000+07:00,"25584.8,25597.3,25577.3,25587.8"
2026-01-07T19:15:00.000+07:00,"25587.6,25598.5,25585.8,25590.2"
2026-01-07T19:30:00.000+07:00,"25590.3,25590.7,25568.3,25583.7"
2026-01-07T19:45:00.000+07:00,"25583.4,25593.8,25575.4,25582.4"
2026-01-07T20:00:00.000+07:00,"25582.1,25585.3,25570.5,25579"
2026-01-07T20:15:00.000+07:00,"25578.5,25592.8,25578.5,25591.7"
2026-01-07T20:30:00.000+07:00,"25592.1,25609.7,25582.5,25605.3"
2026-01-07T20:45:00.000+07:00,"25604.8,25605.5,25587.6,25603.4"
2026-01-07T21:00:00.000+07:00,"25602.9,25606,25577.9,25588.7"
2026-01-07T21:15:00.000+07:00,"25588.6,25607.1,25578.3,25606.1"
2026-01-07T21:30:00.000+07:00,"25606.6,25679.9,25587.8,25670.7"
2026-01-07T21:45:00.000+07:00,"25671,25701.5,25661.2,25676.4"
2026-01-07T22:00:00.000+07:00,"25675.8,25691.1,25632.3,25679.6"
2026-01-07T22:15:00.000+07:00,"25680.8,25696.3,25643.8,25687.4"
2026-01-07T22:30:00.000+07:00,"25686.8,25722.7,25633.2,25674.2"
2026-01-07T22:45:00.000+07:00,"25674.5,25731.2,25671.9,25725.4"
2026-01-07T23:00:00.000+07:00,"25725,25747,25723.7,25743.6"
2026-01-07T23:15:00.000+07:00,"25744.3,25747.6,25697.8,25714"
2026-01-07T23:30:00.000+07:00,"25715.4,25764.4,25710.3,25762.9"
2026-01-07T23:45:00.000+07:00,"25762.8,25791.4,25759.4,25789.4"
2026-01-08T00:00:00.000+07:00,"25790.3,25808.7,25784.7,25796.5"
2026-01-08T00:15:00.000+07:00,"25796.4,25810,25790.3,25804.2"
2026-01-08T00:30:00.000+07:00,"25804.6,25816.5,25795.5,25813.8"
2026-01-08T00:45:00.000+07:00,"25813.9,25815.6,25781.9,25791.6"
2026-01-08T01:00:00.000+07:00,"25791.4,25792.9,25767.1,25779.1"
2026-01-08T01:15:00.000+07:00,"25779,25780,25746.5,25749.1"
2026-01-08T01:30:00.000+07:00,"25750,25792.3,25748.7,25789"
2026-01-08T01:45:00.000+07:00,"25788.7,25795.8,25768.4,25772.9"
2026-01-08T02:00:00.000+07:00,"25773.4,25774.1,25720.9,25738.3"
2026-01-08T02:15:00.000+07:00,"25738.9,25741.6,25710.5,25718.9"
2026-01-08T02:30:00.000+07:00,"25720.2,25742.7,25713.1,25734.8"
2026-01-08T02:45:00.000+07:00,"25734.9,25738.3,25721.4,25722.8"
2026-01-08T03:00:00.000+07:00,"25722.6,25733.8,25684.3,25690.7"
2026-01-08T03:15:00.000+07:00,"25690.4,25706.6,25672.7,25680.8"
2026-01-08T03:30:00.000+07:00,"25680.4,25682.3,25636.8,25653.1"
2026-01-08T03:45:00.000+07:00,"25653.2,25667.4,25639.8,25653.4"
2026-01-08T04:00:00.000+07:00,"25653,25656.4,25641.9,25648"
2026-01-08T04:15:00.000+07:00,"25647.5,25655.4,25640,25652.3"
2026-01-08T04:30:00.000+07:00,"25652.2,25654.1,25648,25650.9"
2026-01-08T04:45:00.000+07:00,"25650.8,25660.5,25649.6,25654.8"
2026-01-08T05:00:00.000+07:00,"25654.6,25655.7,25652,25653"
2026-01-08T05:15:00.000+07:00,"25653.1,25661.1,25653.1,25660"
2026-01-08T05:30:00.000+07:00,"25660.2,25667.5,25658.1,25661.3"
2026-01-08T05:45:00.000+07:00,"25661.4,25663.1,25660.8,25663.1"
2026-01-08T06:00:00.000+07:00,"25662.7,25672.2,25649.3,25649.7"
2026-01-08T06:15:00.000+07:00,"25649.6,25660.3,25645.5,25653.7"
2026-01-08T06:30:00.000+07:00,"25653.6,25658.3,25649.8,25656.7"
2026-01-08T06:45:00.000+07:00,"25656.6,25657.8,25641.6,25646"
2026-01-08T17:00:00.000+07:00,"25593,25593,25566.2,25574.8"
2026-01-08T17:15:00.000+07:00,"25574.6,25579.1,25569.3,25572"
2026-01-08T17:30:00.000+07:00,"25571.6,25592.1,25568.4,25588.5"
2026-01-08T17:45:00.000+07:00,"25588.4,25597.9,25575.1,25596.4"
2026-01-08T18:00:00.000+07:00,"25596.9,25604.6,25586.9,25597"
2026-01-08T18:15:00.000+07:00,"25597.1,25609.1,25589.7,25601.8"
2026-01-08T18:30:00.000+07:00,"25600.7,25608.2,25566.8,25597.3"
2026-01-08T18:45:00.000+07:00,"25597.4,25608.9,25590.3,25592.9"
2026-01-08T19:00:00.000+07:00,"25592.8,25598,25569.4,25582.9"
2026-01-08T19:15:00.000+07:00,"25583.4,25601.3,25581.7,25598.4"
2026-01-08T19:30:00.000+07:00,"25598.3,25598.6,25576.6,25581.7"
2026-01-08T19:45:00.000+07:00,"25581.8,25600.8,25577.4,25591.3"
2026-01-08T20:00:00.000+07:00,"25591.4,25609.7,25581,25606.3"
2026-01-08T20:15:00.000+07:00,"25607,25633.3,25597.1,25627.9"
2026-01-08T20:30:00.000+07:00,"25627.8,25641.6,25608.8,25621.6"
2026-01-08T20:45:00.000+07:00,"25622.1,25624.9,25610.1,25623.6"
2026-01-08T21:00:00.000+07:00,"25623.4,25635.1,25605.8,25618.4"
2026-01-08T21:15:00.000+07:00,"25618.3,25621.9,25596.9,25608.9"
2026-01-08T21:30:00.000+07:00,"25609.6,25625.6,25438.7,25446"
2026-01-08T21:45:00.000+07:00,"25445.7,25500.2,25422.7,25428.6"
2026-01-08T22:00:00.000+07:00,"25429.3,25508,25396.3,25503.1"
2026-01-08T22:15:00.000+07:00,"25503.3,25539.2,25493.9,25523.8"
2026-01-08T22:30:00.000+07:00,"25523.3,25530.7,25451.3,25509.6"
2026-01-08T22:45:00.000+07:00,"25509.5,25517.2,25436.7,25509.4"
2026-01-08T23:00:00.000+07:00,"25510,25511.4,25455.7,25462.5"
2026-01-08T23:15:00.000+07:00,"25462.1,25494.2,25442.4,25450.9"
2026-01-08T23:30:00.000+07:00,"25451,25477.8,25410.1,25473.3"
2026-01-08T23:45:00.000+07:00,"25474.8,25503.8,25457.5,25494.6"
2026-01-09T00:00:00.000+07:00,"25495.4,25499.3,25460.4,25477.1"
2026-01-09T00:15:00.000+07:00,"25476.1,25504.5,25452.4,25462.2"
2026-01-09T00:30:00.000+07:00,"25462.5,25503.9,25460.1,25497"
2026-01-09T00:45:00.000+07:00,"25497.2,25527.8,25497.2,25504.6"
2026-01-09T01:00:00.000+07:00,"25505,25509.2,25447.5,25451.5"
2026-01-09T01:15:00.000+07:00,"25452.3,25494.5,25445.2,25483.3"
2026-01-09T01:30:00.000+07:00,"25484,25492.3,25474.4,25484.8"
2026-01-09T01:45:00.000+07:00,"25484.7,25501.8,25451,25457.7"
2026-01-09T02:00:00.000+07:00,"25458.5,25483.4,25438.6,25439.3"
2026-01-09T02:15:00.000+07:00,"25439.8,25473.4,25423.1,25453.5"
2026-01-09T02:30:00.000+07:00,"25452.7,25470.2,25438.2,25445.1"
2026-01-09T02:45:00.000+07:00,"25445,25470.8,25441.9,25459.2"
2026-01-09T03:00:00.000+07:00,"25458.9,25479.6,25448.8,25478.9"
2026-01-09T03:15:00.000+07:00,"25479,25505.3,25462.1,25497.8"
2026-01-09T03:30:00.000+07:00,"25497.1,25521.3,25488.6,25501.2"
2026-01-09T03:45:00.000+07:00,"25501.4,25520.6,25492.7,25502.5"
2026-01-09T04:00:00.000+07:00,"25501.9,25522.6,25501,25510.7"
2026-01-09T04:15:00.000+07:00,"25510.5,25519,25504.5,25516.8"
2026-01-09T04:30:00.000+07:00,"25516.3,25561.3,25516.2,25551"
2026-01-09T04:45:00.000+07:00,"25550.8,25555.5,25526.3,25531.1"
2026-01-09T05:00:00.000+07:00,"25529.6,25546.9,25528,25542.9"
2026-01-09T05:15:00.000+07:00,"25543.1,25552.4,25542.7,25551.6"
2026-01-09T05:30:00.000+07:00,"25551.7,25566.5,25548.3,25557.3"
2026-01-09T05:45:00.000+07:00,"25557.2,25561.8,25549,25551.7"
2026-01-09T06:00:00.000+07:00,"25551.4,25552.3,25532.6,25534.5"
2026-01-09T06:15:00.000+07:00,"25534.9,25536.1,25517.2,25519.2"
2026-01-09T06:30:00.000+07:00,"25519.3,25523.4,25508.7,25512"
2026-01-09T06:45:00.000+07:00,"25511.9,25517.7,25497.2,25501.4"
2026-01-09T07:00:00.000+07:00,"25499.5,25513.3,25497.4,25511.6"
2026-01-09T07:15:00.000+07:00,"25511.4,25519.7,25498,25511.2"
2026-01-09T07:30:00.000+07:00,"25511.4,25520.2,25508.8,25519.6"
2026-01-09T07:45:00.000+07:00,"25519.7,25519.7,25490.7,25491.4"
2026-01-09T08:00:00.000+07:00,"25490.7,25503.7,25488.3,25494.3"
2026-01-09T08:15:00.000+07:00,"25494.2,25498.5,25455.7,25463.1"
2026-01-09T08:30:00.000+07:00,"25463.7,25466.9,25452.8,25463"
2026-01-09T08:45:00.000+07:00,"25463.3,25479.5,25460.5,25477.2"
2026-01-09T09:00:00.000+07:00,"25477.5,25489.4,25473.4,25478.7"
2026-01-09T09:15:00.000+07:00,"25478.6,25514.5,25477.1,25514"
2026-01-09T09:30:00.000+07:00,"25513.6,25515.1,25497.8,25512.2"
2026-01-09T09:45:00.000+07:00,"25512.3,25519.5,25501.2,25508.4"
2026-01-09T10:00:00.000+07:00,"25508.3,25512.9,25494.4,25509.2"
2026-01-09T10:15:00.000+07:00,"25509.1,25515.3,25497.1,25498"
2026-01-09T10:30:00.000+07:00,"25497.7,25506.7,25491.8,25505.3"
2026-01-09T10:45:00.000+07:00,"25505.4,25508.7,25495.2,25500.1"
2026-01-09T11:00:00.000+07:00,"25500.2,25505.7,25489.2,25493.4"
2026-01-09T11:15:00.000+07:00,"25493.6,25498.6,25482.4,25494.7"
2026-01-09T11:30:00.000+07:00,"25494.8,25501.4,25491.8,25498.3"
2026-01-09T11:45:00.000+07:00,"25498.4,25506.4,25491.8,25503.5"
2026-01-09T12:00:00.000+07:00,"25503.6,25514.2,25499.7,25501.6"
2026-01-09T12:15:00.000+07:00,"25501.4,25509.2,25499,25506.5"
2026-01-09T12:30:00.000+07:00,"25507,25507,25491.8,25495.3"
2026-01-09T12:45:00.000+07:00,"25495.1,25521,25491.4,25518.6"
2026-01-09T13:00:00.000+07:00,"25518.5,25527.7,25497,25507.1"
2026-01-09T13:15:00.000+07:00,"25506.9,25509.3,25499.8,25507"
2026-01-09T13:30:00.000+07:00,"25507.7,25522,25506.4,25519"
2026-01-09T13:45:00.000+07:00,"25519.1,25525.1,25511.9,25516.3"
2026-01-09T14:00:00.000+07:00,"25516.7,25517.2,25505.8,25513.1"
2026-01-09T14:15:00.000+07:00,"25513.4,25513.8,25478.6,25482.9"
2026-01-09T14:30:00.000+07:00,"25483,25500,25477.8,25494.8"
2026-01-09T14:45:00.000+07:00,"25494.6,25507.2,25492.9,25496.8"
2026-01-09T15:00:00.000+07:00,"25497.8,25524.2,25496.6,25514.2"
2026-01-09T15:15:00.000+07:00,"25514.4,25525.5,25508,25514.7"
2026-01-09T15:30:00.000+07:00,"25515.9,25522.8,25496,25515.2"
2026-01-09T15:45:00.000+07:00,"25515.7,25516,25490.5,25499"
2026-01-09T16:00:00.000+07:00,"25498.8,25506.7,25486.7,25499.6"
2026-01-09T16:15:00.000+07:00,"25499.4,25520.9,25496.7,25520.2"
2026-01-09T16:30:00.000+07:00,"25520.3,25549.7,25520.3,25536.4"
2026-01-09T16:45:00.000+07:00,"25536.8,25550.3,25534.7,25546.2"
2026-01-09T17:00:00.000+07:00,"25548.1,25555.1,25542.4,25546.4"
2026-01-09T17:15:00.000+07:00,"25546.5,25561.1,25546.5,25555.3"
2026-01-09T17:30:00.000+07:00,"25555.1,25560.4,25546.8,25550.3"
2026-01-09T17:45:00.000+07:00,"25550.5,25560.1,25549.5,25552.2"
2026-01-09T18:00:00.000+07:00,"25552,25559.9,25545.7,25550.6"
2026-01-09T18:15:00.000+07:00,"25550.8,25574.5,25549.2,25570.5"
2026-01-09T18:30:00.000+07:00,"25570.7,25590.1,25568.3,25589.4"
2026-01-09T18:45:00.000+07:00,"25589.3,25591.1,25562.6,25568"
2026-01-09T19:00:00.000+07:00,"25565.8,25578.3,25560.9,25563.6"
2026-01-09T19:15:00.000+07:00,"25563.4,25564,25546.1,25551.5"
2026-01-09T19:30:00.000+07:00,"25551.8,25554.4,25539.1,25553.5"
2026-01-09T19:45:00.000+07:00,"25553.3,25574.5,25553.3,25574"
2026-01-09T20:00:00.000+07:00,"25573.8,25578.6,25557.1,25567.2"
2026-01-09T20:15:00.000+07:00,"25567.1,25574.7,25551.2,25567.2"
2026-01-09T20:30:00.000+07:00,"25567.1,25630.4,25564.5,25617.7"
2026-01-09T20:45:00.000+07:00,"25617.9,25632.6,25607.2,25629.8"
2026-01-09T21:00:00.000+07:00,"25629.4,25650.6,25577.5,25594.1"
2026-01-09T21:15:00.000+07:00,"25594,25598.2,25526.4,25539.6"
2026-01-09T21:30:00.000+07:00,"25540.1,25614.2,25477.1,25578"
2026-01-09T21:45:00.000+07:00,"25576.9,25593.2,25501.1,25560.8"
2026-01-09T22:00:00.000+07:00,"25560.7,25583.9,25445.5,25572.9"
2026-01-09T22:15:00.000+07:00,"25572.6,25685.6,25559.3,25678.3"
2026-01-09T22:30:00.000+07:00,"25680.1,25705.5,25608.2,25608.5"
2026-01-09T22:45:00.000+07:00,"25608.3,25641.3,25591.1,25638.2"
2026-01-09T23:00:00.000+07:00,"25638.4,25728.1,25638.4,25718.5"
2026-01-09T23:15:00.000+07:00,"25718.4,25721.5,25685.9,25690.4"
2026-01-09T23:30:00.000+07:00,"25690.3,25703.4,25672.3,25695"
2026-01-09T23:45:00.000+07:00,"25694.9,25746.6,25694.2,25736.7"
2026-01-10T00:00:00.000+07:00,"25735,25750.7,25723.4,25738.8"
2026-01-10T00:15:00.000+07:00,"25739,25749.8,25711.2,25740.9"
2026-01-10T00:30:00.000+07:00,"25738.9,25750.5,25729.8,25736.1"
2026-01-10T00:45:00.000+07:00,"25736,25761.2,25731.2,25749.4"
2026-01-10T01:00:00.000+07:00,"25748.8,25748.8,25712.1,25716.8"
2026-01-10T01:15:00.000+07:00,"25716.9,25734.5,25707.4,25733.1"
2026-01-10T01:30:00.000+07:00,"25732.8,25786,25732.3,25766.1"
2026-01-10T01:45:00.000+07:00,"25765.9,25792.5,25764.7,25785.9"
2026-01-10T02:00:00.000+07:00,"25785.8,25787.6,25773,25781.5"
2026-01-10T02:15:00.000+07:00,"25781.4,25793.9,25781.4,25785.3"
2026-01-10T02:30:00.000+07:00,"25785.5,25790.7,25778.8,25789.1"
2026-01-10T02:45:00.000+07:00,"25788.8,25798.9,25779.8,25780.6"
2026-01-10T03:00:00.000+07:00,"25780,25799.9,25775.3,25793.1"
2026-01-10T03:15:00.000+07:00,"25792.5,25812.3,25790.5,25795"
2026-01-10T03:30:00.000+07:00,"25794.6,25799.2,25781.2,25787.8"
2026-01-10T03:45:00.000+07:00,"25787.7,25791.6,25759.3,25760"
2026-01-10T04:00:00.000+07:00,"25759.4,25770,25754.5,25759.7"
2026-01-10T04:15:00.000+07:00,"25757.5,25768.6,25755.7,25760.6"
2026-01-10T04:30:00.000+07:00,"25760.4,25761.8,25751.9,25753.2"
2026-01-10T04:45:00.000+07:00,"25752.9,25761.6,25750.9,25759.3"
2026-01-12T06:00:00.000+07:00,"25761.5,25767.2,25700.4,25736"
2026-01-12T06:15:00.000+07:00,"25736.1,25742,25708.8,25731"
2026-01-12T06:30:00.000+07:00,"25731.1,25741.5,25726.9,25734.8"
2026-01-12T06:45:00.000+07:00,"25735,25740.3,25724,25724.2"
2026-01-12T07:00:00.000+07:00,"25724,25732.2,25687,25690.3"
2026-01-12T07:15:00.000+07:00,"25691.4,25700.6,25685.7,25692.3"
2026-01-12T07:30:00.000+07:00,"25692.1,25692.6,25603.3,25635.7"
2026-01-12T07:45:00.000+07:00,"25636.3,25643.9,25611.2,25619.4"
2026-01-12T08:00:00.000+07:00,"25620.5,25627.3,25591.2,25611.9"
2026-01-12T08:15:00.000+07:00,"25612.9,25614.8,25578.3,25585.4"
2026-01-12T08:30:00.000+07:00,"25585.6,25599.6,25552.8,25598.9"
2026-01-12T08:45:00.000+07:00,"25599.1,25614.7,25596.7,25608.3"
2026-01-12T09:00:00.000+07:00,"25608.6,25608.7,25574.4,25577.3"
2026-01-12T09:15:00.000+07:00,"25577.4,25580.7,25563.8,25573.8"
2026-01-12T09:30:00.000+07:00,"25573.9,25591,25573,25587.4"
2026-01-12T09:45:00.000+07:00,"25587.3,25596.2,25571.3,25580"
2026-01-12T10:00:00.000+07:00,"25580.1,25585.1,25570.6,25575.5"
2026-01-12T10:15:00.000+07:00,"25575.4,25584.6,25573.1,25577.7"
2026-01-12T10:30:00.000+07:00,"25577.6,25585.2,25572.4,25578.3"
2026-01-12T10:45:00.000+07:00,"25578.4,25579.3,25541,25570"
2026-01-12T11:00:00.000+07:00,"25571.1,25571.9,25550.4,25556.1"
2026-01-12T11:15:00.000+07:00,"25556.6,25563.2,25547,25560.9"
2026-01-12T11:30:00.000+07:00,"25560.7,25570.1,25556.2,25561.8"
2026-01-12T11:45:00.000+07:00,"25561.7,25565.2,25554.9,25558.8"
2026-01-12T12:00:00.000+07:00,"25559.1,25575.1,25552.9,25552.9"
2026-01-12T12:15:00.000+07:00,"25552.7,25554.6,25524.6,25534.7"
2026-01-12T12:30:00.000+07:00,"25533.9,25533.9,25518.7,25521"
2026-01-12T12:45:00.000+07:00,"25520.8,25532.5,25508.4,25531.5"
2026-01-12T13:00:00.000+07:00,"25532.2,25557.5,25529,25549.2"
2026-01-12T13:15:00.000+07:00,"25549,25550.2,25529.6,25541"
2026-01-12T13:30:00.000+07:00,"25541.5,25548.5,25536.9,25545.9"
2026-01-12T13:45:00.000+07:00,"25546,25553.8,25543.6,25549.9"
2026-01-12T14:00:00.000+07:00,"25549.7,25578.9,25547.8,25567.3"
2026-01-12T14:15:00.000+07:00,"25567.9,25571.3,25555.3,25565.9"
2026-01-12T14:30:00.000+07:00,"25566,25566.9,25554.8,25559.9"
2026-01-12T14:45:00.000+07:00,"25560,25568,25554.7,25564"
2026-01-12T15:00:00.000+07:00,"25564.3,25582.4,25546.7,25547.9"
2026-01-12T15:15:00.000+07:00,"25548.1,25553.6,25491.7,25508.8"
2026-01-12T15:30:00.000+07:00,"25508.9,25509.4,25466.5,25481.5"
2026-01-12T15:45:00.000+07:00,"25481.8,25505.5,25470.5,25491.1"
2026-01-12T16:00:00.000+07:00,"25491.3,25531.4,25491.3,25527.5"
2026-01-12T16:15:00.000+07:00,"25527.6,25531.6,25504.2,25511.3"
2026-01-12T16:30:00.000+07:00,"25511,25516.7,25498.5,25507.6"
2026-01-12T16:45:00.000+07:00,"25507.4,25538.3,25507.2,25529.6"
2026-01-12T17:00:00.000+07:00,"25529.7,25534.2,25518.5,25522"
2026-01-12T17:15:00.000+07:00,"25521.9,25538.2,25518.5,25535.9"
2026-01-12T17:30:00.000+07:00,"25536.4,25554.4,25536.4,25546.1"
2026-01-12T17:45:00.000+07:00,"25546.2,25549.2,25532.9,25538.6"
2026-01-12T18:00:00.000+07:00,"25539,25563.7,25536.5,25559.6"
2026-01-12T18:15:00.000+07:00,"25559.7,25563.1,25544.9,25549.5"
2026-01-12T18:30:00.000+07:00,"25550.4,25554,25542.1,25548.3"
2026-01-12T18:45:00.000+07:00,"25548.4,25556,25542,25550.4"
2026-01-12T19:00:00.000+07:00,"25550.3,25573.5,25544.4,25562.6"
2026-01-12T19:15:00.000+07:00,"25562.7,25571.3,25556.7,25560.1"
2026-01-12T19:30:00.000+07:00,"25560.2,25579.7,25559.8,25573.9"
2026-01-12T19:45:00.000+07:00,"25573.7,25592,25568,25585.1"
2026-01-12T20:00:00.000+07:00,"25585,25592,25558.7,25562.8"
2026-01-12T20:15:00.000+07:00,"25563.3,25593.9,25562.3,25585.6"
2026-01-12T20:30:00.000+07:00,"25585.2,25586.8,25569.8,25576.2"
2026-01-12T20:45:00.000+07:00,"25575.8,25590.4,25571.3,25574.3"
2026-01-12T21:00:00.000+07:00,"25574.7,25585.2,25562.7,25573.9"
2026-01-12T21:15:00.000+07:00,"25573.4,25582.5,25551.8,25578.3"
2026-01-12T21:30:00.000+07:00,"25578.5,25720.9,25578.5,25687"
2026-01-12T21:45:00.000+07:00,"25686.8,25755.3,25666.7,25733.1"
2026-01-12T22:00:00.000+07:00,"25733,25738.8,25699.7,25737.3"
2026-01-12T22:15:00.000+07:00,"25737.5,25767.4,25718.1,25755.6"
2026-01-12T22:30:00.000+07:00,"25755.9,25757.7,25708.4,25721.6"
2026-01-12T22:45:00.000+07:00,"25721.3,25753.9,25698,25749.3"
2026-01-12T23:00:00.000+07:00,"25748.7,25780.9,25734.5,25780.3"
2026-01-12T23:15:00.000+07:00,"25780.2,25794.1,25763.3,25774.7"
2026-01-12T23:30:00.000+07:00,"25772.8,25782.7,25762.4,25762.8"
2026-01-12T23:45:00.000+07:00,"25762.3,25800.5,25753.7,25792"
2026-01-13T00:00:00.000+07:00,"25790.4,25805.1,25781.4,25800.5"
2026-01-13T00:15:00.000+07:00,"25800,25802.4,25781.5,25794.5"
2026-01-13T00:30:00.000+07:00,"25794.8,25795.4,25771.2,25791.2"
2026-01-13T00:45:00.000+07:00,"25791.5,25804.4,25789.1,25798.6"
2026-01-13T01:00:00.000+07:00,"25800.8,25823.8,25797.6,25816.3"
2026-01-13T01:15:00.000+07:00,"25816.4,25828.3,25807,25822.1"
2026-01-13T01:30:00.000+07:00,"25822,25824.8,25810.9,25813"
2026-01-13T01:45:00.000+07:00,"25812.9,25824.6,25806.4,25810.7"
2026-01-13T02:00:00.000+07:00,"25809.2,25814.4,25792.8,25812.7"
2026-01-13T02:15:00.000+07:00,"25813,25834.5,25808.1,25827.8"
2026-01-13T02:30:00.000+07:00,"25827.4,25847.9,25826.7,25837.9"
2026-01-13T02:45:00.000+07:00,"25838,25847.7,25836.2,25846.8"
2026-01-13T03:00:00.000+07:00,"25846.7,25850.8,25829.8,25835.1"
2026-01-13T03:15:00.000+07:00,"25834.9,25835.3,25817.5,25823"
2026-01-13T03:30:00.000+07:00,"25823.2,25827.5,25805.4,25811.2"
2026-01-13T03:45:00.000+07:00,"25810,25821.8,25783,25783"
2026-01-13T04:00:00.000+07:00,"25783.2,25795.2,25778.4,25790.2"
2026-01-13T04:15:00.000+07:00,"25789.2,25804.5,25782.7,25801.3"
2026-01-13T04:30:00.000+07:00,"25801.5,25801.7,25791.6,25798.4"
2026-01-13T04:45:00.000+07:00,"25798.5,25798.5,25762.1,25771.2"
2026-01-13T05:00:00.000+07:00,"25771.3,25775,25770.2,25775"
2026-01-13T05:15:00.000+07:00,"25775.1,25778.3,25773.6,25776.5"
2026-01-13T05:30:00.000+07:00,"25778.8,25782.1,25777.7,25781.1"
2026-01-13T05:45:00.000+07:00,"25781,25782.9,25779.4,25781.6"
2026-01-13T06:00:00.000+07:00,"25782,25784.8,25745.7,25761.2"
2026-01-13T06:15:00.000+07:00,"25761.1,25769.9,25759,25761.1"
2026-01-13T06:30:00.000+07:00,"25760.8,25763.8,25746.6,25752.1"
2026-01-13T06:45:00.000+07:00,"25751.9,25752.2,25725.9,25728.6"
2026-01-13T07:00:00.000+07:00,"25728.4,25732.6,25714.9,25719.3"
2026-01-13T07:15:00.000+07:00,"25719.6,25730.2,25715.1,25716.3"
2026-01-13T07:30:00.000+07:00,"25716.4,25720.6,25705.7,25708.9"
2026-01-13T07:45:00.000+07:00,"25708.6,25715.2,25704.7,25708.5"
2026-01-13T08:00:00.000+07:00,"25708.3,25715.4,25703.4,25707.4"
2026-01-13T08:15:00.000+07:00,"25707.3,25714.7,25704.7,25706.8"
2026-01-13T08:30:00.000+07:00,"25705.7,25710.5,25680.1,25686.7"
2026-01-13T08:45:00.000+07:00,"25686.6,25723.4,25678.7,25711.5"
2026-01-13T09:00:00.000+07:00,"25711.6,25730.6,25710,25723.3"
2026-01-13T09:15:00.000+07:00,"25723.5,25729.7,25708.3,25711.4"
2026-01-13T09:30:00.000+07:00,"25711.3,25725,25709.1,25719.8"
2026-01-13T09:45:00.000+07:00,"25719.9,25723.3,25707.4,25711.5"
2026-01-13T10:00:00.000+07:00,"25711.6,25721.8,25700.4,25718.4"
2026-01-13T10:15:00.000+07:00,"25718.3,25725.6,25713.6,25718"
2026-01-13T10:30:00.000+07:00,"25717.7,25720.3,25693.4,25701.3"
2026-01-13T10:45:00.000+07:00,"25700.6,25718.4,25695,25715.5"
2026-01-13T11:00:00.000+07:00,"25715.7,25718.5,25709.3,25710.6"
2026-01-13T11:15:00.000+07:00,"25710.8,25725.2,25707.8,25717.7"
2026-01-13T11:30:00.000+07:00,"25717.8,25719.8,25703.6,25705.3"
2026-01-13T11:45:00.000+07:00,"25704.9,25724.3,25702.1,25718.7"
2026-01-13T12:00:00.000+07:00,"25719.1,25721.1,25710.9,25714.7"
2026-01-13T12:15:00.000+07:00,"25714.5,25738.5,25712.5,25738.1"
2026-01-13T12:30:00.000+07:00,"25738,25740.1,25717,25731.7"
2026-01-13T12:45:00.000+07:00,"25731.6,25739.7,25728.3,25737"
2026-01-13T13:00:00.000+07:00,"25736.5,25750.7,25736.4,25748.2"
2026-01-13T13:15:00.000+07:00,"25748.1,25756.2,25744.2,25752.1"
2026-01-13T13:30:00.000+07:00,"25753.5,25760.8,25745.4,25751.7"
2026-01-13T13:45:00.000+07:00,"25751.8,25768,25746.4,25751.3"
2026-01-13T14:00:00.000+07:00,"25751.2,25760,25742.1,25759.2"
2026-01-13T14:15:00.000+07:00,"25759.3,25760.8,25742.9,25749.8"
2026-01-13T14:30:00.000+07:00,"25749.9,25754.6,25745.2,25752.1"
2026-01-13T14:45:00.000+07:00,"25751.9,25759,25751.1,25752.2"
2026-01-13T15:00:00.000+07:00,"25749.7,25756.5,25735.4,25736.6"
2026-01-13T15:15:00.000+07:00,"25736.3,25759.6,25735.2,25753.9"
2026-01-13T15:30:00.000+07:00,"25753.5,25757.1,25730.7,25750.3"
2026-01-13T15:45:00.000+07:00,"25750.4,25750.8,25738.4,25739.7"
2026-01-13T16:00:00.000+07:00,"25741.2,25766.4,25741.2,25763.6"
2026-01-13T16:15:00.000+07:00,"25763.8,25772.2,25756.4,25757.4"
2026-01-13T16:30:00.000+07:00,"25756.9,25762.6,25727.1,25732.4"
2026-01-13T16:45:00.000+07:00,"25731.9,25750.9,25729.4,25745.3"
2026-01-13T17:00:00.000+07:00,"25744.8,25748.7,25711.7,25713.9"
2026-01-13T17:15:00.000+07:00,"25714,25725.7,25706.4,25716"
2026-01-13T17:30:00.000+07:00,"25715.9,25731.2,25714.9,25719.7"
2026-01-13T17:45:00.000+07:00,"25719.6,25723.5,25711.1,25714"
2026-01-13T18:00:00.000+07:00,"25713.7,25730.6,25711.9,25718.9"
2026-01-13T18:15:00.000+07:00,"25719,25729.4,25715.9,25723"
2026-01-13T18:30:00.000+07:00,"25723.1,25723.7,25705.7,25710"
2026-01-13T18:45:00.000+07:00,"25709.8,25736.7,25709.6,25736.5"
2026-01-13T19:00:00.000+07:00,"25736.2,25743.7,25723.9,25739.6"
2026-01-13T19:15:00.000+07:00,"25739.5,25752.3,25737.9,25750.7"
2026-01-13T19:30:00.000+07:00,"25750.6,25753.5,25743.5,25751.1"
2026-01-13T19:45:00.000+07:00,"25750.9,25751.7,25724.2,25729.3"
2026-01-13T20:00:00.000+07:00,"25729.2,25743.8,25723,25734.7"
2026-01-13T20:15:00.000+07:00,"25734.6,25746.1,25722.3,25745.2"
2026-01-13T20:30:00.000+07:00,"25745.8,25879.2,25745.8,25824.7"
2026-01-13T20:45:00.000+07:00,"25823.5,25827,25778.5,25805.7"
2026-01-13T21:00:00.000+07:00,"25805.8,25814.3,25794.4,25804.3"
2026-01-13T21:15:00.000+07:00,"25804.4,25835,25783.1,25784.3"
2026-01-13T21:30:00.000+07:00,"25784.8,25877.6,25766.7,25826.8"
2026-01-13T21:45:00.000+07:00,"25826.6,25837.2,25775.5,25782.1"
2026-01-13T22:00:00.000+07:00,"25782.2,25803,25727.7,25748.9"
2026-01-13T22:15:00.000+07:00,"25748.8,25748.8,25647.7,25678.1"
2026-01-13T22:30:00.000+07:00,"25679.2,25717.5,25658.6,25670.1"
2026-01-13T22:45:00.000+07:00,"25669.9,25741.4,25648.3,25732.1"
2026-01-13T23:00:00.000+07:00,"25730.9,25748,25717.5,25739.9"
2026-01-13T23:15:00.000+07:00,"25739.7,25760.3,25683.9,25742.2"
2026-01-13T23:30:00.000+07:00,"25742.4,25816.5,25731.4,25808.7"
2026-01-13T23:45:00.000+07:00,"25808.4,25859.7,25805.9,25841.9"
2026-01-14T00:00:00.000+07:00,"25841.6,25851,25825.1,25825.8"
2026-01-14T00:15:00.000+07:00,"25826.1,25828.4,25776.8,25800.4"
2026-01-14T00:30:00.000+07:00,"25800.6,25812.2,25750.2,25761.6"
2026-01-14T00:45:00.000+07:00,"25761.3,25782,25692.7,25711.2"
2026-01-14T01:00:00.000+07:00,"25713.2,25740.9,25689.4,25740.5"
2026-01-14T01:15:00.000+07:00,"25740.3,25747.4,25701.5,25710.6"
2026-01-14T01:30:00.000+07:00,"25711.1,25740.5,25697.7,25700.8"
2026-01-14T01:45:00.000+07:00,"25701.1,25715.4,25668.7,25675.1"
2026-01-14T02:00:00.000+07:00,"25676.6,25689.5,25656.4,25664.2"
2026-01-14T02:15:00.000+07:00,"25664.4,25704.7,25662.8,25702"
2026-01-14T02:30:00.000+07:00,"25702.4,25709.2,25684.2,25694"
2026-01-14T02:45:00.000+07:00,"25693.9,25721.9,25680.6,25702.8"
2026-01-14T03:00:00.000+07:00,"25702.4,25703,25675.8,25677.7"
2026-01-14T03:15:00.000+07:00,"25678.5,25688.8,25661.3,25663.8"
2026-01-14T03:30:00.000+07:00,"25664,25682,25640.1,25680.5"
2026-01-14T03:45:00.000+07:00,"25680.6,25746.1,25672.2,25738.1"
2026-01-14T04:00:00.000+07:00,"25736.4,25759.4,25735.4,25744.1"
2026-01-14T04:15:00.000+07:00,"25744.3,25751.1,25738.4,25746.2"
2026-01-14T04:30:00.000+07:00,"25746.1,25746.4,25730.7,25730.7"
2026-01-14T04:45:00.000+07:00,"25730.4,25737.1,25728,25730.5"
2026-01-14T05:00:00.000+07:00,"25730.3,25738,25730.2,25737.9"
2026-01-14T05:15:00.000+07:00,"25736.9,25736.9,25731.6,25733.5"
2026-01-14T05:30:00.000+07:00,"25734.2,25736.4,25724.9,25729.3"
2026-01-14T05:45:00.000+07:00,"25730.3,25734.2,25728.2,25733.7"
2026-01-14T06:00:00.000+07:00,"25731.8,25749,25725.9,25736.9"
2026-01-14T06:15:00.000+07:00,"25737.2,25739,25723.9,25727.9"
2026-01-14T06:30:00.000+07:00,"25727.6,25736.7,25725.8,25731.9"
2026-01-14T06:45:00.000+07:00,"25732,25732,25724.9,25727.6"
2026-01-14T07:00:00.000+07:00,"25726.9,25756.7,25720.9,25750.3"
2026-01-14T07:15:00.000+07:00,"25750.1,25759.2,25746.3,25758"
2026-01-14T07:30:00.000+07:00,"25758.1,25759.5,25743.5,25747.8"
2026-01-14T07:45:00.000+07:00,"25747.4,25755.7,25742.1,25742.6"
2026-01-14T08:00:00.000+07:00,"25742.9,25751.9,25735.3,25738.6"
2026-01-14T08:15:00.000+07:00,"25739,25759.7,25738.3,25756.7"
2026-01-14T08:30:00.000+07:00,"25755.7,25758.5,25732.2,25736.5"
2026-01-14T08:45:00.000+07:00,"25736.1,25736.5,25713.9,25722.6"
2026-01-14T09:00:00.000+07:00,"25722.8,25727.8,25711.1,25725.5"
2026-01-14T09:15:00.000+07:00,"25725.6,25732.5,25715.2,25730.6"
2026-01-14T09:30:00.000+07:00,"25730.7,25731.9,25720.5,25725.5"
2026-01-14T09:45:00.000+07:00,"25725.4,25731,25723.1,25730"
2026-01-14T10:00:00.000+07:00,"25729.8,25753.2,25726.1,25749.9"
2026-01-14T10:15:00.000+07:00,"25749.4,25755.8,25743.6,25752.3"
2026-01-14T10:30:00.000+07:00,"25752.1,25761.5,25749.8,25757.4"
2026-01-14T10:45:00.000+07:00,"25757,25757.9,25747.5,25750.6"
2026-01-14T11:00:00.000+07:00,"25750.5,25755.2,25734.1,25734.5"
2026-01-14T11:15:00.000+07:00,"25733.8,25739.5,25732,25736.1"
2026-01-14T11:30:00.000+07:00,"25736.2,25736.4,25727.3,25727.8"
2026-01-14T11:45:00.000+07:00,"25727.7,25728.2,25708.1,25718"
2026-01-14T12:00:00.000+07:00,"25717.9,25719.9,25704.4,25714"
2026-01-14T12:15:00.000+07:00,"25714.4,25715.8,25697.9,25702.4"
2026-01-14T12:30:00.000+07:00,"25702.5,25713,25698.3,25702.6"
2026-01-14T12:45:00.000+07:00,"25702.2,25702.2,25689.7,25694.5"
2026-01-14T13:00:00.000+07:00,"25694.6,25696.4,25676.6,25691.3"
2026-01-14T13:15:00.000+07:00,"25691.1,25694,25681.1,25688.1"
2026-01-14T13:30:00.000+07:00,"25689.5,25702.1,25672.9,25695.9"
2026-01-14T13:45:00.000+07:00,"25695.8,25698.4,25679.9,25698.4"
2026-01-14T14:00:00.000+07:00,"25698.9,25702,25689.6,25697.8"
2026-01-14T14:15:00.000+07:00,"25698,25704.6,25685.7,25697.7"
2026-01-14T14:30:00.000+07:00,"25697.8,25709.9,25695.5,25705.4"
2026-01-14T14:45:00.000+07:00,"25705.2,25706.8,25692.1,25701.2"
2026-01-14T15:00:00.000+07:00,"25700.5,25713.1,25696.7,25700.6"
2026-01-14T15:15:00.000+07:00,"25701.1,25705.8,25688.2,25702.4"
2026-01-14T15:30:00.000+07:00,"25702.6,25704.6,25677.5,25691.6"
2026-01-14T15:45:00.000+07:00,"25691.2,25700,25679,25696.5"
2026-01-14T16:00:00.000+07:00,"25696.2,25715.9,25693.1,25711.3"
2026-01-14T16:15:00.000+07:00,"25711.4,25716,25698,25703.6"
2026-01-14T16:30:00.000+07:00,"25703.4,25707.6,25685,25692.4"
2026-01-14T16:45:00.000+07:00,"25692.3,25695.5,25674,25690.4"
2026-01-14T17:00:00.000+07:00,"25691.3,25691.3,25666.4,25671"
2026-01-14T17:15:00.000+07:00,"25671.7,25672.5,25594.6,25609.2"
2026-01-14T17:30:00.000+07:00,"25608.4,25612.4,25574.5,25590.4"
2026-01-14T17:45:00.000+07:00,"25590.5,25592.4,25548.5,25575.7"
2026-01-14T18:00:00.000+07:00,"25575.5,25580.3,25553.7,25576.7"
2026-01-14T18:15:00.000+07:00,"25576.2,25602.5,25572.2,25596.3"
2026-01-14T18:30:00.000+07:00,"25596.7,25605.4,25580.4,25583.5"
2026-01-14T18:45:00.000+07:00,"25584.1,25597.2,25576.8,25581.7"
2026-01-14T19:00:00.000+07:00,"25581.1,25589.5,25539.6,25587.6"
2026-01-14T19:15:00.000+07:00,"25587.8,25618,25585.3,25611.3"
2026-01-14T19:30:00.000+07:00,"25611.1,25622.4,25608.1,25614.2"
2026-01-14T19:45:00.000+07:00,"25614.7,25619.5,25606.4,25617.2"
2026-01-14T20:00:00.000+07:00,"25617.1,25621,25596.3,25603.3"
2026-01-14T20:15:00.000+07:00,"25603.1,25635,25592.2,25634.4"
2026-01-14T20:30:00.000+07:00,"25634.5,25641.6,25582.8,25583.9"
2026-01-14T20:45:00.000+07:00,"25583.8,25599.2,25569.3,25591.2"
2026-01-14T21:00:00.000+07:00,"25591,25607.8,25572.6,25586.2"
2026-01-14T21:15:00.000+07:00,"25586.3,25609.7,25572.4,25577.5"
2026-01-14T21:30:00.000+07:00,"25577.6,25627,25462.1,25470.1"
2026-01-14T21:45:00.000+07:00,"25470,25512,25421.3,25424.8"
2026-01-14T22:00:00.000+07:00,"25426.6,25516,25374.5,25516"
2026-01-14T22:15:00.000+07:00,"25515.2,25532.9,25448.1,25452.7"
2026-01-14T22:30:00.000+07:00,"25451.3,25471.2,25387.5,25397.7"
2026-01-14T22:45:00.000+07:00,"25397.8,25408.5,25310.4,25331.8"
2026-01-14T23:00:00.000+07:00,"25333.5,25377.3,25330.1,25340.1"
2026-01-14T23:15:00.000+07:00,"25340.6,25428.5,25330.9,25417.7"
2026-01-14T23:30:00.000+07:00,"25415.7,25428.7,25350.4,25352.4"
2026-01-14T23:45:00.000+07:00,"25352.7,25352.7,25281.1,25300.4"
2026-01-15T00:00:00.000+07:00,"25302.1,25345,25285,25335.7"
2026-01-15T00:15:00.000+07:00,"25334.4,25341.2,25279.1,25333.3"
2026-01-15T00:30:00.000+07:00,"25331.8,25332.9,25286.7,25319.1"
2026-01-15T00:45:00.000+07:00,"25318.9,25349.4,25273.5,25289"
2026-01-15T01:00:00.000+07:00,"25291,25335.9,25286.9,25329.7"
2026-01-15T01:15:00.000+07:00,"25329.5,25338.2,25305.5,25336.8"
2026-01-15T01:30:00.000+07:00,"25336.5,25345.8,25260.7,25305.4"
2026-01-15T01:45:00.000+07:00,"25305.5,25367.4,25295.1,25356.4"
2026-01-15T02:00:00.000+07:00,"25356.3,25358.3,25327.3,25340.3"
2026-01-15T02:15:00.000+07:00,"25339.9,25363.8,25333.3,25352"
2026-01-15T02:30:00.000+07:00,"25352.2,25370.1,25342.2,25351.6"
2026-01-15T02:45:00.000+07:00,"25351.8,25372.4,25333.5,25339.3"
2026-01-15T03:00:00.000+07:00,"25339.5,25431.7,25301.4,25390.8"
2026-01-15T03:15:00.000+07:00,"25391.2,25404.3,25359,25401.8"
2026-01-15T03:30:00.000+07:00,"25400.8,25469.9,25399.8,25421.6"
2026-01-15T03:45:00.000+07:00,"25422.6,25477.8,25400.9,25472.3"
2026-01-15T04:00:00.000+07:00,"25472.1,25491.6,25454.7,25468.4"
2026-01-15T04:15:00.000+07:00,"25468.2,25468.9,25449.9,25455.3"
2026-01-15T04:30:00.000+07:00,"25454.6,25458.2,25440.2,25455.5"
2026-01-15T04:45:00.000+07:00,"25455.3,25464.5,25390.1,25443.9"
2026-01-15T05:00:00.000+07:00,"25443.5,25446.9,25435.3,25441.9"
2026-01-15T05:15:00.000+07:00,"25442.1,25444.3,25424.2,25428"
2026-01-15T05:30:00.000+07:00,"25428.2,25432.6,25411.3,25414.3"
2026-01-15T05:45:00.000+07:00,"25414.5,25421.3,25412.9,25420.2"
2026-01-15T06:00:00.000+07:00,"25432.1,25451.6,25414.6,25429.2"
2026-01-15T06:15:00.000+07:00,"25429.1,25440.2,25400.1,25431.9"
2026-01-15T06:30:00.000+07:00,"25432,25445.8,25424.1,25428.3"
2026-01-15T06:45:00.000+07:00,"25428.2,25447,25425.4,25441.1"
2026-01-15T07:00:00.000+07:00,"25441,25445.4,25432.1,25441"
2026-01-15T07:15:00.000+07:00,"25441.1,25442.4,25424.2,25431.3"
2026-01-15T07:30:00.000+07:00,"25431.5,25437.7,25430.4,25435.7"
2026-01-15T07:45:00.000+07:00,"25435.6,25446.2,25422.3,25439.2"
2026-01-15T08:00:00.000+07:00,"25438.4,25480.4,25438.4,25459.1"
2026-01-15T08:15:00.000+07:00,"25458.9,25459.9,25441.7,25451.7"
2026-01-15T08:30:00.000+07:00,"25451.4,25455.4,25400.2,25442.5"
2026-01-15T08:45:00.000+07:00,"25443,25468.5,25440,25466.2"
2026-01-15T09:00:00.000+07:00,"25466.5,25469.1,25455.9,25463.6"
2026-01-15T09:15:00.000+07:00,"25463.8,25471.7,25441.6,25444.7"
2026-01-15T09:30:00.000+07:00,"25445.1,25452.5,25433.7,25442.4"
2026-01-15T09:45:00.000+07:00,"25442,25452.9,25434.6,25445.1"
2026-01-15T10:00:00.000+07:00,"25445.6,25465.1,25445.6,25452.2"
2026-01-15T10:15:00.000+07:00,"25452,25462.3,25433.5,25433.6"
2026-01-15T10:30:00.000+07:00,"25433.5,25453,25424.7,25441.8"
2026-01-15T10:45:00.000+07:00,"25441.7,25443.8,25418.9,25422.9"
2026-01-15T11:00:00.000+07:00,"25422.6,25434.1,25416.6,25432.2"
2026-01-15T11:15:00.000+07:00,"25432.5,25440.1,25418.4,25431.1"
2026-01-15T11:30:00.000+07:00,"25431.3,25432.4,25417.6,25425.4"
2026-01-15T11:45:00.000+07:00,"25425.6,25427.8,25409,25418.8"
2026-01-15T12:00:00.000+07:00,"25419.1,25451.7,25415.3,25449.6"
2026-01-15T12:15:00.000+07:00,"25449.5,25460.2,25444.5,25450.5"
2026-01-15T12:30:00.000+07:00,"25451,25477.6,25447.9,25477.5"
2026-01-15T12:45:00.000+07:00,"25478.5,25487.8,25458.9,25462.7"
2026-01-15T13:00:00.000+07:00,"25462.6,25494.3,25451.4,25485.1"
2026-01-15T13:15:00.000+07:00,"25484.9,25557.9,25483.7,25538.3"
2026-01-15T13:30:00.000+07:00,"25537.8,25562.2,25525.4,25561.3"
2026-01-15T13:45:00.000+07:00,"25561.6,25562.3,25539.3,25540.7"
2026-01-15T14:00:00.000+07:00,"25539.8,25548.2,25524.9,25533.7"
2026-01-15T14:15:00.000+07:00,"25533.8,25538.1,25518.5,25522.7"
2026-01-15T14:30:00.000+07:00,"25522.8,25543.1,25520.4,25525.2"
2026-01-15T14:45:00.000+07:00,"25525.1,25539.7,25517.7,25527.4"
2026-01-15T15:00:00.000+07:00,"25528.3,25586.1,25513.2,25559"
2026-01-15T15:15:00.000+07:00,"25559.2,25571.5,25544.2,25552"
2026-01-15T15:30:00.000+07:00,"25552.2,25573.9,25550.2,25570.4"
2026-01-15T15:45:00.000+07:00,"25570.3,25580.2,25557.5,25577.2"
2026-01-15T16:00:00.000+07:00,"25575.1,25620.1,25573,25616.1"
2026-01-15T16:15:00.000+07:00,"25616,25647.1,25602.1,25643.7"
2026-01-15T16:30:00.000+07:00,"25644,25672.7,25642.7,25666.8"
2026-01-15T16:45:00.000+07:00,"25666.9,25671.4,25645.3,25653.2"
2026-01-15T17:00:00.000+07:00,"25653.1,25670,25649.5,25664.2"
2026-01-15T17:15:00.000+07:00,"25663.9,25664.6,25640.1,25654.2"
2026-01-15T17:30:00.000+07:00,"25654.1,25663.6,25648.3,25663.6"
2026-01-15T17:45:00.000+07:00,"25663.7,25668.8,25650.7,25655.2"
2026-01-15T18:00:00.000+07:00,"25655.3,25687.6,25655.3,25684.3"
2026-01-15T18:15:00.000+07:00,"25684.4,25687,25671.2,25673.4"
2026-01-15T18:30:00.000+07:00,"25673.2,25691.3,25669.7,25676.9"
2026-01-15T18:45:00.000+07:00,"25677,25694.2,25676.6,25680.8"
2026-01-15T19:00:00.000+07:00,"25678.6,25685.2,25665.6,25667.4"
2026-01-15T19:15:00.000+07:00,"25668.4,25675.5,25656.5,25669.6"
2026-01-15T19:30:00.000+07:00,"25669.7,25674.4,25650.3,25672.7"
2026-01-15T19:45:00.000+07:00,"25673.2,25694.6,25669.8,25691.8"
2026-01-15T20:00:00.000+07:00,"25691.5,25710.6,25675.6,25698.8"
2026-01-15T20:15:00.000+07:00,"25698.9,25711.3,25692,25709.7"
2026-01-15T20:30:00.000+07:00,"25709.9,25734.7,25693.8,25731.6"
2026-01-15T20:45:00.000+07:00,"25731.5,25757.1,25730.8,25731.5"
2026-01-15T21:00:00.000+07:00,"25731.6,25759.5,25729.3,25740.9"
2026-01-15T21:15:00.000+07:00,"25740.8,25790.8,25735.2,25763.9"
2026-01-15T21:30:00.000+07:00,"25764.5,25787.1,25695.1,25766.4"
2026-01-15T21:45:00.000+07:00,"25766.1,25791.7,25685.2,25699.4"
2026-01-15T22:00:00.000+07:00,"25699.5,25724.6,25676.3,25713"
2026-01-15T22:15:00.000+07:00,"25712.2,25748.4,25678.1,25696.2"
2026-01-15T22:30:00.000+07:00,"25697.5,25761.2,25685.5,25688"
2026-01-15T22:45:00.000+07:00,"25686.7,25724.4,25641.6,25720.3"
2026-01-15T23:00:00.000+07:00,"25721.5,25753.3,25716.8,25728.8"
2026-01-15T23:15:00.000+07:00,"25729.5,25765.3,25720.8,25740"
2026-01-15T23:30:00.000+07:00,"25739.4,25752.7,25716.6,25749.9"
2026-01-15T23:45:00.000+07:00,"25750.1,25771.3,25737.1,25758.2"
2026-01-16T00:00:00.000+07:00,"25759.2,25773.7,25741.1,25743.7"
2026-01-16T00:15:00.000+07:00,"25743.3,25747.3,25714.2,25717.6"
2026-01-16T00:30:00.000+07:00,"25718.5,25725,25697.9,25718.2"
2026-01-16T00:45:00.000+07:00,"25718.4,25732.8,25686.1,25690.6"
2026-01-16T01:00:00.000+07:00,"25691.5,25734.1,25687.2,25721.6"
2026-01-16T01:15:00.000+07:00,"25721.5,25735.3,25707.5,25733.4"
2026-01-16T01:30:00.000+07:00,"25735.4,25746.8,25724.4,25732.1"
2026-01-16T01:45:00.000+07:00,"25732.3,25736.6,25716,25721.7"
2026-01-16T02:00:00.000+07:00,"25722.4,25722.4,25660.3,25676.7"
2026-01-16T02:15:00.000+07:00,"25676.1,25683.7,25626.7,25635"
2026-01-16T02:30:00.000+07:00,"25635.6,25641.1,25589.4,25624.4"
2026-01-16T02:45:00.000+07:00,"25623.9,25634.3,25583.6,25592.7"
2026-01-16T03:00:00.000+07:00,"25591.9,25607,25567.1,25588"
2026-01-16T03:15:00.000+07:00,"25587.8,25588.2,25527.6,25554.7"
2026-01-16T03:30:00.000+07:00,"25554.8,25562.9,25524.1,25547.7"
2026-01-16T03:45:00.000+07:00,"25548,25559.6,25516.9,25553.2"
2026-01-16T04:00:00.000+07:00,"25552.5,25564.9,25534.8,25537"
2026-01-16T04:15:00.000+07:00,"25536.8,25544.8,25529.3,25535.2"
2026-01-16T04:30:00.000+07:00,"25534.7,25545.8,25529.8,25542.7"
2026-01-16T04:45:00.000+07:00,"25542.4,25546.7,25538,25542.3"
2026-01-16T05:00:00.000+07:00,"25541.6,25550.8,25540.4,25550.8"
2026-01-16T05:15:00.000+07:00,"25551.2,25563.5,25550.6,25561.4"
2026-01-16T05:30:00.000+07:00,"25562.4,25578,25555.4,25569.3"
2026-01-16T05:45:00.000+07:00,"25569.5,25569.9,25564.4,25564.8"
2026-01-16T06:00:00.000+07:00,"25557.4,25569,25546.2,25568.6"
2026-01-16T06:15:00.000+07:00,"25568.8,25579,25563.1,25577.6"
2026-01-16T06:30:00.000+07:00,"25577.5,25580.3,25564,25575.7"
2026-01-16T06:45:00.000+07:00,"25575.2,25596.1,25570.9,25585.8"
2026-01-16T07:00:00.000+07:00,"25586.3,25599,25573.2,25582.8"
2026-01-16T07:15:00.000+07:00,"25582.4,25592.5,25580,25591.4"
2026-01-16T07:30:00.000+07:00,"25591.6,25601.5,25589.8,25600.6"
2026-01-16T07:45:00.000+07:00,"25599.9,25607.2,25596.3,25603.7"
2026-01-16T08:00:00.000+07:00,"25603.1,25621,25602,25602.6"
2026-01-16T08:15:00.000+07:00,"25602.8,25610.9,25591.6,25604.3"
2026-01-16T08:30:00.000+07:00,"25603.8,25626.7,25602.5,25616.1"
2026-01-16T08:45:00.000+07:00,"25616,25619.6,25611.9,25612.5"
2026-01-16T09:00:00.000+07:00,"25612.7,25632.2,25606.9,25630.9"
2026-01-16T09:15:00.000+07:00,"25630.6,25632.1,25624.7,25630.7"
2026-01-16T09:30:00.000+07:00,"25630.6,25641.5,25629.6,25632.9"
2026-01-16T09:45:00.000+07:00,"25632.6,25639.4,25628.5,25630.1"
2026-01-16T10:00:00.000+07:00,"25629.6,25638.2,25629.5,25635.4"
2026-01-16T10:15:00.000+07:00,"25635.7,25642.9,25631,25632.3"
2026-01-16T10:30:00.000+07:00,"25632.4,25640.7,25631.5,25632.9"
2026-01-16T10:45:00.000+07:00,"25632.7,25637.5,25627,25629.4"
2026-01-16T11:00:00.000+07:00,"25629.9,25637.9,25627.9,25634.1"
2026-01-16T11:15:00.000+07:00,"25634.4,25654.4,25633.1,25647.1"
2026-01-16T11:30:00.000+07:00,"25647,25648.5,25640.7,25643.9"
2026-01-16T11:45:00.000+07:00,"25643.8,25655.5,25643.8,25653.7"
2026-01-16T12:00:00.000+07:00,"25653.8,25658.5,25645.9,25649.9"
2026-01-16T12:15:00.000+07:00,"25650.1,25664,25647.2,25662.1"
2026-01-16T12:30:00.000+07:00,"25662.2,25665.6,25646.8,25650.2"
2026-01-16T12:45:00.000+07:00,"25649.7,25655,25647.5,25652.1"
2026-01-16T13:00:00.000+07:00,"25651.8,25660.1,25645.8,25656.3"
2026-01-16T13:15:00.000+07:00,"25656.4,25665.8,25650,25656.9"
2026-01-16T13:30:00.000+07:00,"25656.6,25665.7,25651.1,25662.1"
2026-01-16T13:45:00.000+07:00,"25662.3,25671.5,25658.1,25667.4"
2026-01-16T14:00:00.000+07:00,"25667.5,25671.7,25658.9,25662.5"
2026-01-16T14:15:00.000+07:00,"25662.6,25674.8,25657.7,25666.1"
2026-01-16T14:30:00.000+07:00,"25666.3,25670,25650,25669.7"
2026-01-16T14:45:00.000+07:00,"25669.5,25683.1,25666.6,25668"
2026-01-16T15:00:00.000+07:00,"25667.5,25690.6,25667.5,25672.1"
2026-01-16T15:15:00.000+07:00,"25672.2,25681.2,25655.2,25662.8"
2026-01-16T15:30:00.000+07:00,"25662.7,25666.1,25639.1,25653.8"
2026-01-16T15:45:00.000+07:00,"25653.7,25679.5,25650.4,25662.1"
2026-01-16T16:00:00.000+07:00,"25661.4,25684.4,25661,25675.1"
2026-01-16T16:15:00.000+07:00,"25675.5,25684.4,25653.1,25683"
2026-01-16T16:30:00.000+07:00,"25683.2,25686.4,25667.7,25671.1"
2026-01-16T16:45:00.000+07:00,"25671,25676.2,25656.1,25656.8"
2026-01-16T17:00:00.000+07:00,"25657.4,25677.8,25655.6,25671.6"
2026-01-16T17:15:00.000+07:00,"25671.4,25683.8,25667.2,25678.8"
2026-01-16T17:30:00.000+07:00,"25678.7,25701.7,25678.7,25699.2"
2026-01-16T17:45:00.000+07:00,"25699.1,25707.2,25693.3,25696.2"
2026-01-16T18:00:00.000+07:00,"25696.4,25707.3,25691.3,25705.8"
2026-01-16T18:15:00.000+07:00,"25705.9,25715.9,25704.2,25710.9"
2026-01-16T18:30:00.000+07:00,"25711,25711.8,25693.9,25694.4"
2026-01-16T18:45:00.000+07:00,"25694.3,25696.4,25670.5,25677.6"
2026-01-16T19:00:00.000+07:00,"25673.3,25688.1,25665.2,25681.4"
2026-01-16T19:15:00.000+07:00,"25681.6,25685.2,25663.9,25676.4"
2026-01-16T19:30:00.000+07:00,"25676.6,25691.3,25666.5,25689.9"
2026-01-16T19:45:00.000+07:00,"25689.8,25697.3,25651.1,25673.3"
2026-01-16T20:00:00.000+07:00,"25671.8,25678.1,25655.9,25659.7"
2026-01-16T20:15:00.000+07:00,"25659.8,25671.4,25646.4,25668.1"
2026-01-16T20:30:00.000+07:00,"25669.1,25682.3,25652.4,25666.5"
2026-01-16T20:45:00.000+07:00,"25666.4,25678.9,25664.8,25670.3"
2026-01-16T21:00:00.000+07:00,"25670.6,25685.8,25667.1,25683.1"
2026-01-16T21:15:00.000+07:00,"25682.6,25720.4,25674.2,25713"
2026-01-16T21:30:00.000+07:00,"25713.2,25734.5,25664,25665"
2026-01-16T21:45:00.000+07:00,"25665.4,25687.6,25573.2,25576.1"
2026-01-16T22:00:00.000+07:00,"25578.1,25612.1,25557.8,25568.9"
2026-01-16T22:15:00.000+07:00,"25568.2,25577.6,25514.4,25517.8"
2026-01-16T22:30:00.000+07:00,"25517.9,25520.2,25441.7,25471.2"
2026-01-16T22:45:00.000+07:00,"25470.9,25531.5,25450.1,25530.7"
2026-01-16T23:00:00.000+07:00,"25529.6,25552.7,25510.2,25536"
2026-01-16T23:15:00.000+07:00,"25536.8,25565.3,25528.9,25562.3"
2026-01-16T23:30:00.000+07:00,"25562.1,25588,25560.6,25582.8"
2026-01-16T23:45:00.000+07:00,"25583,25596.5,25532.8,25561.6"
2026-01-17T00:00:00.000+07:00,"25562.3,25567.5,25547.3,25554.3"
2026-01-17T00:15:00.000+07:00,"25554.5,25561.5,25539.5,25546.3"
2026-01-17T00:30:00.000+07:00,"25547.3,25559.2,25525,25546.5"
2026-01-17T00:45:00.000+07:00,"25545.9,25545.9,25503.7,25505.7"
2026-01-17T01:00:00.000+07:00,"25505.4,25547.8,25499.4,25538.4"
2026-01-17T01:15:00.000+07:00,"25538.1,25573.2,25537.9,25563.6"
2026-01-17T01:30:00.000+07:00,"25563.3,25575.4,25554.4,25562.3"
2026-01-17T01:45:00.000+07:00,"25562.6,25569,25554.9,25559.8"
2026-01-17T02:00:00.000+07:00,"25558.8,25590.8,25535.2,25538"
2026-01-17T02:15:00.000+07:00,"25537.5,25543.6,25516,25526.5"
2026-01-17T02:30:00.000+07:00,"25526.3,25566.3,25525.1,25553.1"
2026-01-17T02:45:00.000+07:00,"25553.9,25572.1,25552,25559"
2026-01-17T03:00:00.000+07:00,"25559.7,25571.1,25547.8,25566.6"
2026-01-17T03:15:00.000+07:00,"25566.2,25571.7,25554.6,25554.6"
2026-01-17T03:30:00.000+07:00,"25554.2,25566.3,25539.4,25552.2"
2026-01-17T03:45:00.000+07:00,"25551.2,25558.7,25526,25528.7"
2026-01-17T04:00:00.000+07:00,"25530.7,25543.8,25514.5,25522.2"
2026-01-17T04:15:00.000+07:00,"25521.4,25531.7,25520.3,25529.9"
2026-01-17T04:30:00.000+07:00,"25529.2,25529.3,25522.2,25526.9"
2026-01-17T04:45:00.000+07:00,"25526.8,25532.1,25522.2,25524.4"
2026-01-19T06:00:00.000+07:00,"25283,25314.7,25242.9,25283.1"
2026-01-19T06:15:00.000+07:00,"25284.2,25291.9,25247.4,25284.2"
2026-01-19T06:30:00.000+07:00,"25284.1,25297.5,25274.3,25283.6"
2026-01-19T06:45:00.000+07:00,"25283.5,25310.8,25266.7,25309.4"
2026-01-19T07:00:00.000+07:00,"25307.7,25312.2,25265.3,25272"
2026-01-19T07:15:00.000+07:00,"25271.9,25272,25226.6,25230.3"
2026-01-19T07:30:00.000+07:00,"25229.9,25286.8,25220.1,25280.4"
2026-01-19T07:45:00.000+07:00,"25280.1,25291.8,25266.5,25272.6"
2026-01-19T08:00:00.000+07:00,"25272.4,25284.1,25250.1,25279.2"
2026-01-19T08:15:00.000+07:00,"25279.4,25294,25243.6,25252.2"
2026-01-19T08:30:00.000+07:00,"25252.8,25265.5,25244.7,25248.6"
2026-01-19T08:45:00.000+07:00,"25248.7,25256.6,25230.9,25241.2"
2026-01-19T09:00:00.000+07:00,"25241.6,25265.4,25234.7,25257.8"
2026-01-19T09:15:00.000+07:00,"25257,25263.1,25250,25255.5"
2026-01-19T09:30:00.000+07:00,"25254.7,25262.2,25250.1,25256.7"
2026-01-19T09:45:00.000+07:00,"25256.6,25262.1,25251,25259.6"
2026-01-19T10:00:00.000+07:00,"25259.4,25262.3,25241.7,25246.2"
2026-01-19T10:15:00.000+07:00,"25246.4,25251.5,25212.3,25224.8"
2026-01-19T10:30:00.000+07:00,"25224.9,25238.2,25215.8,25231.8"
2026-01-19T10:45:00.000+07:00,"25231.6,25235.6,25206.7,25230.2"
2026-01-19T11:00:00.000+07:00,"25229.9,25236.6,25215.1,25222.3"
2026-01-19T11:15:00.000+07:00,"25222.2,25234.4,25217.3,25232.8"
2026-01-19T11:30:00.000+07:00,"25233,25238.1,25228.2,25232.8"
2026-01-19T11:45:00.000+07:00,"25232.9,25233.5,25217.5,25223.6"
2026-01-19T12:00:00.000+07:00,"25223.5,25233.1,25216.7,25224.3"
2026-01-19T12:15:00.000+07:00,"25224.5,25257.7,25215,25257.5"
2026-01-19T12:30:00.000+07:00,"25257.7,25261.1,25241.5,25248.4"
2026-01-19T12:45:00.000+07:00,"25248.6,25250.5,25235.9,25237.3"
2026-01-19T13:00:00.000+07:00,"25237,25254.4,25234.1,25251.2"
2026-01-19T13:15:00.000+07:00,"25250.9,25253.7,25239.1,25244.4"
2026-01-19T13:30:00.000+07:00,"25247.4,25257.9,25236.2,25249.3"
2026-01-19T13:45:00.000+07:00,"25249,25256.2,25223.6,25228.9"
2026-01-19T14:00:00.000+07:00,"25228.8,25236.5,25193.3,25225.3"
2026-01-19T14:15:00.000+07:00,"25225.4,25228.7,25204.2,25204.5"
2026-01-19T14:30:00.000+07:00,"25203.5,25212.9,25168.2,25171.7"
2026-01-19T14:45:00.000+07:00,"25171.9,25195.7,25169.1,25194.1"
2026-01-19T15:00:00.000+07:00,"25194.5,25221.8,25191.3,25199.6"
2026-01-19T15:15:00.000+07:00,"25199.3,25247.9,25194.5,25225.6"
2026-01-19T15:30:00.000+07:00,"25225.4,25253.6,25221.9,25222.8"
2026-01-19T15:45:00.000+07:00,"25222.4,25240.9,25216.8,25234.9"
2026-01-19T16:00:00.000+07:00,"25235.6,25240.2,25180.1,25190.4"
2026-01-19T16:15:00.000+07:00,"25191.3,25206,25141.8,25168.9"
2026-01-19T16:30:00.000+07:00,"25167.7,25180.2,25114.6,25126.5"
2026-01-19T16:45:00.000+07:00,"25127.1,25151.4,25109.7,25124.7"
2026-01-19T17:00:00.000+07:00,"25124.6,25142.3,25101,25138.3"
2026-01-19T17:15:00.000+07:00,"25138.4,25156.6,25130.8,25147.6"
2026-01-19T17:30:00.000+07:00,"25147.8,25150.3,25112.8,25117.2"
2026-01-19T17:45:00.000+07:00,"25117.3,25135.6,25109.9,25112.5"
2026-01-19T18:00:00.000+07:00,"25113.2,25125.6,25108.3,25124"
2026-01-19T18:15:00.000+07:00,"25124.1,25157.4,25120.4,25156.5"
2026-01-19T18:30:00.000+07:00,"25156.4,25161.4,25136.4,25140.1"
2026-01-19T18:45:00.000+07:00,"25140,25143.9,25123.7,25134.8"
2026-01-19T19:00:00.000+07:00,"25134,25143.1,25115.8,25136.3"
2026-01-19T19:15:00.000+07:00,"25136.4,25152.1,25133.3,25146.2"
2026-01-19T19:30:00.000+07:00,"25146.1,25185.9,25136.9,25181.9"
2026-01-19T19:45:00.000+07:00,"25182.2,25192,25166.9,25171.7"
2026-01-19T20:00:00.000+07:00,"25171.9,25186.9,25160.9,25162.3"
2026-01-19T20:15:00.000+07:00,"25162,25164.8,25128,25143.3"
2026-01-19T20:30:00.000+07:00,"25143.2,25173.6,25134.6,25164.5"
2026-01-19T20:45:00.000+07:00,"25164.4,25175.1,25161,25163.1"
2026-01-19T21:00:00.000+07:00,"25163,25188.8,25148.9,25152.5"
2026-01-19T21:15:00.000+07:00,"25152.7,25158.1,25125.4,25136.9"
2026-01-19T21:30:00.000+07:00,"25137,25140.6,25084.8,25089.9"
2026-01-19T21:45:00.000+07:00,"25089.6,25160.8,25081.3,25160.3"
2026-01-19T22:00:00.000+07:00,"25161,25186.7,25155.6,25168.3"
2026-01-19T22:15:00.000+07:00,"25167.6,25172.5,25131.7,25162.5"
2026-01-19T22:30:00.000+07:00,"25162.3,25177.4,25143.1,25165"
2026-01-19T22:45:00.000+07:00,"25165.2,25175,25149.2,25170.2"
2026-01-19T23:00:00.000+07:00,"25170.1,25222.9,25164.9,25222.8"
2026-01-19T23:15:00.000+07:00,"25222.6,25226.3,25170.8,25180.2"
2026-01-19T23:30:00.000+07:00,"25179.3,25218.6,25177.6,25214.8"
2026-01-19T23:45:00.000+07:00,"25214.6,25226.4,25214.3,25222"
2026-01-20T00:00:00.000+07:00,"25221.8,25241.3,25215.7,25232.2"
2026-01-20T00:15:00.000+07:00,"25232.5,25254.3,25228.5,25252"
2026-01-20T00:30:00.000+07:00,"25251.8,25256.6,25237.2,25251.5"
2026-01-20T00:45:00.000+07:00,"25251.6,25260.8,25239.5,25240.8"
2026-01-20T01:00:00.000+07:00,"25241.2,25243.3,25235.8,25239.2"
2026-01-20T01:15:00.000+07:00,"25239.4,25241.6,25232.7,25232.7"
2026-01-20T01:30:00.000+07:00,"25236.6,25242.3,25232.7,25237.6"
2026-01-20T01:45:00.000+07:00,"25238,25241.4,25236.7,25241.1"
2026-01-20T02:00:00.000+07:00,"25237.2,25243.5,25236.4,25238.6"
2026-01-20T02:15:00.000+07:00,"25238.5,25243,25238.5,25242.7"
2026-01-20T02:30:00.000+07:00,"25243.8,25247.7,25242.9,25244"
2026-01-20T02:45:00.000+07:00,"25244.1,25244.1,25239.1,25239.1"
2026-01-20T03:00:00.000+07:00,"25239.2,25239.2,25237.7,25237.7"
2026-01-20T03:15:00.000+07:00,"25237.6,25239.5,25233.2,25237.9"
2026-01-20T03:30:00.000+07:00,"25237.8,25238.1,25233.1,25237.3"
2026-01-20T03:45:00.000+07:00,"25237.4,25237.5,25223.9,25228.2"
2026-01-20T06:00:00.000+07:00,"25239.5,25249.7,25218,25220.1"
2026-01-20T06:15:00.000+07:00,"25220.3,25234.3,25211.7,25234"
2026-01-20T06:30:00.000+07:00,"25235.1,25246.2,25224.8,25229.7"
2026-01-20T06:45:00.000+07:00,"25229.8,25244.4,25217.7,25223.3"
2026-01-20T07:00:00.000+07:00,"25224.2,25226.9,25189,25194.5"
2026-01-20T07:15:00.000+07:00,"25194.7,25197.3,25170.2,25178.1"
2026-01-20T07:30:00.000+07:00,"25178.2,25249.9,25174.7,25243.8"
2026-01-20T07:45:00.000+07:00,"25244,25248.9,25195.9,25208"
2026-01-20T08:00:00.000+07:00,"25210.5,25242.5,25209.7,25238.6"
2026-01-20T08:15:00.000+07:00,"25238.7,25274,25232.9,25271.7"
2026-01-20T08:30:00.000+07:00,"25271.6,25276.1,25263.5,25266.6"
2026-01-20T08:45:00.000+07:00,"25267.1,25282.6,25265.2,25271.1"
2026-01-20T09:00:00.000+07:00,"25271.3,25284.9,25263.9,25267.2"
2026-01-20T09:15:00.000+07:00,"25266.2,25268.2,25241.3,25257.9"
2026-01-20T09:30:00.000+07:00,"25257.7,25282.6,25257.7,25278.4"
2026-01-20T09:45:00.000+07:00,"25278.3,25288.5,25273.7,25274.6"
2026-01-20T10:00:00.000+07:00,"25275.1,25282,25264,25276.1"
2026-01-20T10:15:00.000+07:00,"25275.7,25279.5,25264.1,25268.9"
2026-01-20T10:30:00.000+07:00,"25268.1,25270.9,25255.7,25258"
2026-01-20T10:45:00.000+07:00,"25258.3,25270.6,25254.9,25259.7"
2026-01-20T11:00:00.000+07:00,"25259.5,25263.4,25244,25247.5"
2026-01-20T11:15:00.000+07:00,"25247.6,25255.6,25242.2,25253.6"
2026-01-20T11:30:00.000+07:00,"25253.5,25259.9,25242.9,25243.5"
2026-01-20T11:45:00.000+07:00,"25244.2,25251.2,25220.8,25231.1"
2026-01-20T12:00:00.000+07:00,"25231,25243.3,25217.1,25234.5"
2026-01-20T12:15:00.000+07:00,"25235.6,25263.4,25226.1,25257.7"
2026-01-20T12:30:00.000+07:00,"25257.6,25263.1,25231.9,25237"
2026-01-20T12:45:00.000+07:00,"25236.2,25250.3,25231.9,25232.9"
2026-01-20T13:00:00.000+07:00,"25232.7,25241.6,25197,25204.4"
2026-01-20T13:15:00.000+07:00,"25203.8,25203.8,25146.1,25155.2"
2026-01-20T13:30:00.000+07:00,"25154.7,25166.8,25120.5,25144.2"
2026-01-20T13:45:00.000+07:00,"25144.1,25165,25109.4,25160.5"
2026-01-20T14:00:00.000+07:00,"25161.7,25170.8,25139,25139.7"
2026-01-20T14:15:00.000+07:00,"25139.8,25152.1,25110.2,25148"
2026-01-20T14:30:00.000+07:00,"25147,25152.5,25125,25125"
2026-01-20T14:45:00.000+07:00,"25124.3,25145.7,25107.5,25134.6"
2026-01-20T15:00:00.000+07:00,"25134.4,25138.7,25078.1,25109.1"
2026-01-20T15:15:00.000+07:00,"25108.9,25115.9,25076.5,25088.4"
2026-01-20T15:30:00.000+07:00,"25088.5,25088.5,25017.5,25051.5"
2026-01-20T15:45:00.000+07:00,"25053.7,25076.9,25045.3,25051.9"
2026-01-20T16:00:00.000+07:00,"25057.8,25071.4,25017.2,25027.2"
2026-01-20T16:15:00.000+07:00,"25027.4,25035.5,24982.8,24993.6"
2026-01-20T16:30:00.000+07:00,"24993.8,24994.3,24951.5,24978.2"
2026-01-20T16:45:00.000+07:00,"24978.3,24990.7,24946.3,24985"
2026-01-20T17:00:00.000+07:00,"24984.7,25019.6,24961.4,25013.6"
2026-01-20T17:15:00.000+07:00,"25014.3,25057.8,25012.9,25045.6"
2026-01-20T17:30:00.000+07:00,"25046.1,25053.7,25018.3,25039.2"
2026-01-20T17:45:00.000+07:00,"25038.9,25050,25023.7,25026.6"
2026-01-20T18:00:00.000+07:00,"25026.7,25061.6,25024.9,25050"
2026-01-20T18:15:00.000+07:00,"25049.9,25077.9,25024.2,25052.1"
2026-01-20T18:30:00.000+07:00,"25052.3,25056.2,25025.9,25045.5"
2026-01-20T18:45:00.000+07:00,"25045.2,25072,25031.3,25057.1"
2026-01-20T19:00:00.000+07:00,"25055.7,25103.6,25041.9,25097.1"
2026-01-20T19:15:00.000+07:00,"25097.3,25105.4,25064,25085.6"
2026-01-20T19:30:00.000+07:00,"25085.2,25125.2,25077.7,25121.6"
2026-01-20T19:45:00.000+07:00,"25121.7,25133.3,25101,25107.4"
2026-01-20T20:00:00.000+07:00,"25111.5,25123.9,25073.4,25076.5"
2026-01-20T20:15:00.000+07:00,"25076.6,25126.4,25074.2,25098.5"
2026-01-20T20:30:00.000+07:00,"25098.9,25101.9,25031.7,25062.7"
2026-01-20T20:45:00.000+07:00,"25063.4,25086,25054,25062"
2026-01-20T21:00:00.000+07:00,"25062.5,25094.1,25056.6,25084.8"
2026-01-20T21:15:00.000+07:00,"25084.7,25102.8,25051.4,25096.5"
2026-01-20T21:30:00.000+07:00,"25096.9,25207.3,25086.8,25189.8"
2026-01-20T21:45:00.000+07:00,"25190.8,25225.8,25126.1,25180.9"
2026-01-20T22:00:00.000+07:00,"25181,25190.1,25118.1,25143.7"
2026-01-20T22:15:00.000+07:00,"25139.8,25220.7,25114.3,25219.8"
2026-01-20T22:30:00.000+07:00,"25219.7,25274.4,25208.4,25247.9"
2026-01-20T22:45:00.000+07:00,"25247.7,25251,25171.6,25220.4"
2026-01-20T23:00:00.000+07:00,"25220.7,25282.9,25216.5,25256"
2026-01-20T23:15:00.000+07:00,"25253.8,25262.1,25190.1,25259.6"
2026-01-20T23:30:00.000+07:00,"25255.2,25282.6,25206.7,25209.6"
2026-01-20T23:45:00.000+07:00,"25210.3,25268.8,25194.8,25255.1"
2026-01-21T00:00:00.000+07:00,"25255,25262.9,25202.5,25218.1"
2026-01-21T00:15:00.000+07:00,"25217.8,25227.5,25182.4,25194.2"
2026-01-21T00:30:00.000+07:00,"25193.1,25193.1,25147.2,25147.2"
2026-01-21T00:45:00.000+07:00,"25146.7,25156,25113.1,25147.3"
2026-01-21T01:00:00.000+07:00,"25146.6,25165.4,25130.1,25139.2"
2026-01-21T01:15:00.000+07:00,"25138.9,25141.6,25101,25104.1"
2026-01-21T01:30:00.000+07:00,"25105.2,25112.9,25058,25066.6"
2026-01-21T01:45:00.000+07:00,"25066.3,25077.3,25027.5,25055.7"
2026-01-21T02:00:00.000+07:00,"25055.4,25080.2,25034.3,25049.3"
2026-01-21T02:15:00.000+07:00,"25048.8,25049.1,25005.9,25017.3"
2026-01-21T02:30:00.000+07:00,"25017.4,25035.3,24983.9,25007.1"
2026-01-21T02:45:00.000+07:00,"25006.1,25033.8,24998.5,25024.3"
2026-01-21T03:00:00.000+07:00,"25024.1,25024.1,24974.9,24976.3"
2026-01-21T03:15:00.000+07:00,"24978.1,25021.7,24971.2,24984.1"
2026-01-21T03:30:00.000+07:00,"24983.3,24997.4,24958.1,24976"
2026-01-21T03:45:00.000+07:00,"24975.4,24996.7,24953.6,24996.5"
2026-01-21T04:00:00.000+07:00,"24995.7,25020.4,24982,25016"
2026-01-21T04:15:00.000+07:00,"25015.2,25018.2,24987.4,24998.5"
2026-01-21T04:30:00.000+07:00,"24996.5,24997.9,24975,24987.8"
2026-01-21T04:45:00.000+07:00,"24987.9,24998.4,24984.9,24993.5"
2026-01-21T05:00:00.000+07:00,"24993.6,24996.4,24991.6,24991.7"
2026-01-21T05:15:00.000+07:00,"24991.6,24992.2,24989.1,24992.1"
2026-01-21T05:30:00.000+07:00,"24992,24999.6,24986.8,24995.3"
2026-01-21T05:45:00.000+07:00,"24995.2,24998.1,24992.2,24997.4"
2026-01-21T06:00:00.000+07:00,"24998.7,25029.8,24992.3,25015"
2026-01-21T06:15:00.000+07:00,"25014.5,25017.9,25004.8,25008.9"
2026-01-21T06:30:00.000+07:00,"25008.7,25019.3,25005.8,25015.6"
2026-01-21T06:45:00.000+07:00,"25015.5,25015.6,24958.5,24972.2"
2026-01-21T07:00:00.000+07:00,"24972,25006.4,24971.7,24997.6"
2026-01-21T07:15:00.000+07:00,"24997.9,25013.3,24987.8,25011.7"
2026-01-21T07:30:00.000+07:00,"25011.8,25038.5,25009,25029.2"
2026-01-21T07:45:00.000+07:00,"25029.3,25041.1,25026.4,25034.8"
2026-01-21T08:00:00.000+07:00,"25036.3,25058.5,25034.7,25058.3"
2026-01-21T08:15:00.000+07:00,"25058.2,25073.4,25053.1,25065.6"
2026-01-21T08:30:00.000+07:00,"25067.1,25074.2,25052.7,25067.3"
2026-01-21T08:45:00.000+07:00,"25067.7,25070.2,25055.7,25056.3"
2026-01-21T09:00:00.000+07:00,"25056.9,25063.8,25048.1,25061.9"
2026-01-21T09:15:00.000+07:00,"25062.1,25064.5,25032.1,25032.8"
2026-01-21T09:30:00.000+07:00,"25032.9,25046.2,25024,25043.6"
2026-01-21T09:45:00.000+07:00,"25043.1,25044.7,25034.2,25034.4"
2026-01-21T10:00:00.000+07:00,"25034.2,25063.3,25033.9,25061.1"
2026-01-21T10:15:00.000+07:00,"25061.3,25083.4,25058.4,25078"
2026-01-21T10:30:00.000+07:00,"25078.1,25080.8,25056.7,25058.4"
2026-01-21T10:45:00.000+07:00,"25058.3,25067.9,25041.8,25053.3"
2026-01-21T11:00:00.000+07:00,"25052.4,25067.7,25050.3,25052.1"
2026-01-21T11:15:00.000+07:00,"25052.2,25069,25037.2,25060.8"
2026-01-21T11:30:00.000+07:00,"25060.6,25066.6,25053,25055.9"
2026-01-21T11:45:00.000+07:00,"25056.1,25061,25048.1,25052.5"
2026-01-21T12:00:00.000+07:00,"25052.3,25075.4,25041.5,25073.6"
2026-01-21T12:15:00.000+07:00,"25073.5,25074.5,25055,25065.6"
2026-01-21T12:30:00.000+07:00,"25065.4,25081.4,25065.4,25079.7"
2026-01-21T12:45:00.000+07:00,"25079.8,25081,25070.5,25075.3"
2026-01-21T13:00:00.000+07:00,"25074.8,25085.7,25067.5,25080.2"
2026-01-21T13:15:00.000+07:00,"25080.1,25083.1,25064,25074.9"
2026-01-21T13:30:00.000+07:00,"25074.7,25085.5,25067.9,25072.2"
2026-01-21T13:45:00.000+07:00,"25072.1,25072.1,25047.9,25052.8"
2026-01-21T14:00:00.000+07:00,"25052.5,25090.3,25049.5,25088.2"
2026-01-21T14:15:00.000+07:00,"25088.8,25102.1,25088.2,25095.9"
2026-01-21T14:30:00.000+07:00,"25095.5,25096,25085.4,25086.9"
2026-01-21T14:45:00.000+07:00,"25086.8,25086.8,25059.4,25068.6"
2026-01-21T15:00:00.000+07:00,"25068.7,25078.6,25049.5,25053.9"
2026-01-21T15:15:00.000+07:00,"25053.5,25089.6,25053.4,25076.2"
2026-01-21T15:30:00.000+07:00,"25076.3,25083.1,25064.4,25081.2"
2026-01-21T15:45:00.000+07:00,"25081.3,25083.3,25058.9,25059"
2026-01-21T16:00:00.000+07:00,"25059.3,25081.1,25047.9,25064.8"
2026-01-21T16:15:00.000+07:00,"25064.6,25072.7,25037.3,25051.6"
2026-01-21T16:30:00.000+07:00,"25051.4,25052.1,25025.3,25031.8"
2026-01-21T16:45:00.000+07:00,"25031.9,25032.4,24984.9,24985.6"
2026-01-21T17:00:00.000+07:00,"24985.7,25020.4,24976.9,25014.7"
2026-01-21T17:15:00.000+07:00,"25014.8,25038.6,25008,25031.5"
2026-01-21T17:30:00.000+07:00,"25031.4,25042.8,25026.1,25038.6"
2026-01-21T17:45:00.000+07:00,"25038.4,25043.1,25007.4,25008.8"
2026-01-21T18:00:00.000+07:00,"25009.6,25009.6,24990.1,24994.8"
2026-01-21T18:15:00.000+07:00,"24994.9,25015.6,24991.8,24996.3"
2026-01-21T18:30:00.000+07:00,"24997.1,25013.4,24964.6,24973.4"
2026-01-21T18:45:00.000+07:00,"24974.8,24974.8,24895.2,24903.6"
2026-01-21T19:00:00.000+07:00,"24903.8,24925.5,24881.9,24914.5"
2026-01-21T19:15:00.000+07:00,"24914.8,24944.4,24904.1,24927.7"
2026-01-21T19:30:00.000+07:00,"24927.4,24930.9,24896.1,24909.2"
2026-01-21T19:45:00.000+07:00,"24909.5,24945.9,24887.6,24941.1"
2026-01-21T20:00:00.000+07:00,"24941.3,24968.9,24925.1,24951"
2026-01-21T20:15:00.000+07:00,"24950.9,24956.5,24927.3,24932.7"
2026-01-21T20:30:00.000+07:00,"24932.4,24934.1,24897.1,24904.9"
2026-01-21T20:45:00.000+07:00,"24904.5,24979.7,24900.8,24939.8"
2026-01-21T21:00:00.000+07:00,"24940,25068.5,24929.1,25053.5"
2026-01-21T21:15:00.000+07:00,"25052.3,25112.5,25025.1,25052.8"
2026-01-21T21:30:00.000+07:00,"25053.4,25077.7,24984.6,25056.6"
2026-01-21T21:45:00.000+07:00,"25057.4,25195.6,25053.3,25182.8"
2026-01-21T22:00:00.000+07:00,"25184.3,25200.3,25154.7,25186.7"
2026-01-21T22:15:00.000+07:00,"25187.7,25245.3,25176.6,25237.6"
2026-01-21T22:30:00.000+07:00,"25235.9,25316.3,25234.7,25309.2"
2026-01-21T22:45:00.000+07:00,"25309.3,25344.2,25309.3,25325.9"
2026-01-21T23:00:00.000+07:00,"25324.8,25348.1,25303.3,25310.8"
2026-01-21T23:15:00.000+07:00,"25310.9,25331.9,25297.7,25311.3"
2026-01-21T23:30:00.000+07:00,"25311.4,25314.7,25147.7,25149.8"
2026-01-21T23:45:00.000+07:00,"25150.3,25165.1,25078.4,25087.7"
2026-01-22T00:00:00.000+07:00,"25089.2,25120.7,25003,25012.1"
2026-01-22T00:15:00.000+07:00,"25012,25091.2,25001.7,25065.5"
2026-01-22T00:30:00.000+07:00,"25064.7,25077.9,25031.8,25043.2"
2026-01-22T00:45:00.000+07:00,"25042,25119.2,25029.3,25103.6"
2026-01-22T01:00:00.000+07:00,"25103.1,25110.5,25010.3,25090.1"
2026-01-22T01:15:00.000+07:00,"25090.2,25099.4,25042.7,25094.1"
2026-01-22T01:30:00.000+07:00,"25094.8,25116,25064.7,25076.7"
2026-01-22T01:45:00.000+07:00,"25079.2,25152.7,25063.5,25141.1"
2026-01-22T02:00:00.000+07:00,"25139.8,25151.9,25090.2,25101.1"
2026-01-22T02:15:00.000+07:00,"25101.2,25310.9,25091.6,25286.1"
2026-01-22T02:30:00.000+07:00,"25284.6,25425.8,25278.8,25409.8"
2026-01-22T02:45:00.000+07:00,"25413.7,25492.6,25413.7,25490.4"
2026-01-22T03:00:00.000+07:00,"25488.7,25501.8,25424.5,25438.9"
2026-01-22T03:15:00.000+07:00,"25441.8,25442.8,25338.1,25339.2"
2026-01-22T03:30:00.000+07:00,"25340.7,25369.5,25302.4,25338.6"
2026-01-22T03:45:00.000+07:00,"25336.1,25348.4,25302.3,25327.7"
2026-01-22T04:00:00.000+07:00,"25329.7,25383.1,25328.1,25376.9"
2026-01-22T04:15:00.000+07:00,"25377,25386.5,25358.6,25367.8"
2026-01-22T04:30:00.000+07:00,"25368.3,25369.5,25356.8,25366.9"
2026-01-22T04:45:00.000+07:00,"25366.1,25366.4,25354,25361.9"
2026-01-22T05:00:00.000+07:00,"25361.8,25370.1,25356,25369.2"
2026-01-22T05:15:00.000+07:00,"25369.4,25371.8,25366.6,25369.8"
2026-01-22T05:30:00.000+07:00,"25369.9,25377.6,25367.2,25375.2"
2026-01-22T05:45:00.000+07:00,"25376.1,25382.4,25369.8,25381.5"
2026-01-22T06:00:00.000+07:00,"25387.8,25426.2,25387.8,25404.3"
2026-01-22T06:15:00.000+07:00,"25404.5,25420.2,25401.2,25415.8"
2026-01-22T06:30:00.000+07:00,"25415.7,25416.7,25381.3,25396.6"
2026-01-22T06:45:00.000+07:00,"25396.5,25417.1,25392.9,25409.9"
2026-01-22T07:00:00.000+07:00,"25412.3,25427.4,25396.5,25424.3"
2026-01-22T07:15:00.000+07:00,"25424.1,25440.2,25413.8,25423.2"
2026-01-22T07:30:00.000+07:00,"25423.3,25435.7,25403.3,25417.8"
2026-01-22T07:45:00.000+07:00,"25417.9,25423.5,25409.2,25418.1"
2026-01-22T08:00:00.000+07:00,"25418.2,25422.8,25409.2,25419.4"
2026-01-22T08:15:00.000+07:00,"25420.1,25449.5,25417.6,25446.8"
2026-01-22T08:30:00.000+07:00,"25445.5,25456.8,25442.3,25456.2"
2026-01-22T08:45:00.000+07:00,"25456.5,25458.6,25445.1,25451.7"
2026-01-22T09:00:00.000+07:00,"25452.2,25459.1,25449.4,25450.8"
2026-01-22T09:15:00.000+07:00,"25451,25451.9,25434.6,25440.2"
2026-01-22T09:30:00.000+07:00,"25440.3,25440.7,25422.5,25423.3"
2026-01-22T09:45:00.000+07:00,"25423.8,25433.4,25422.5,25425.7"
2026-01-22T10:00:00.000+07:00,"25425.9,25451.5,25425.5,25440.6"
2026-01-22T10:15:00.000+07:00,"25441,25448.9,25432.6,25441.3"
2026-01-22T10:30:00.000+07:00,"25441.4,25446.2,25433.1,25436.6"
2026-01-22T10:45:00.000+07:00,"25436.4,25448.5,25434.3,25446.1"
2026-01-22T11:00:00.000+07:00,"25446.2,25447.4,25436.5,25439.9"
2026-01-22T11:15:00.000+07:00,"25439.5,25440,25424.6,25432.8"
2026-01-22T11:30:00.000+07:00,"25432.5,25437,25424.7,25425.7"
2026-01-22T11:45:00.000+07:00,"25425.8,25435.2,25423,25432.7"
2026-01-22T12:00:00.000+07:00,"25432.6,25434.9,25421,25423.1"
2026-01-22T12:15:00.000+07:00,"25423,25425.8,25418.8,25423.4"
2026-01-22T12:30:00.000+07:00,"25423.6,25426.7,25394.6,25401.9"
2026-01-22T12:45:00.000+07:00,"25402.7,25409.1,25385.8,25391.3"
2026-01-22T13:00:00.000+07:00,"25390.9,25406.5,25343.9,25345.6"
2026-01-22T13:15:00.000+07:00,"25345.3,25367.4,25340.2,25348.4"
2026-01-22T13:30:00.000+07:00,"25348.2,25384.4,25345.6,25384.3"
2026-01-22T13:45:00.000+07:00,"25384.1,25404.7,25373.5,25398"
2026-01-22T14:00:00.000+07:00,"25398.1,25407.2,25357.4,25374.7"
2026-01-22T14:15:00.000+07:00,"25374.2,25393.1,25363.1,25391.9"
2026-01-22T14:30:00.000+07:00,"25392.4,25451,25391.2,25444.4"
2026-01-22T14:45:00.000+07:00,"25444.3,25448.2,25421.2,25445.6"
2026-01-22T15:00:00.000+07:00,"25443.3,25482.7,25440.8,25476.7"
2026-01-22T15:15:00.000+07:00,"25475.8,25525.7,25473.4,25509.7"
2026-01-22T15:30:00.000+07:00,"25509.6,25531.3,25497.2,25522.9"
2026-01-22T15:45:00.000+07:00,"25521.9,25564.1,25513.1,25540.5"
2026-01-22T16:00:00.000+07:00,"25539.5,25563.1,25529.7,25559.5"
2026-01-22T16:15:00.000+07:00,"25559.6,25573.5,25544.6,25549.8"
2026-01-22T16:30:00.000+07:00,"25549.9,25567.6,25546.4,25558.1"
2026-01-22T16:45:00.000+07:00,"25557.9,25570.4,25550.1,25555.5"
2026-01-22T17:00:00.000+07:00,"25556,25560.1,25538.8,25543.2"
2026-01-22T17:15:00.000+07:00,"25542.9,25558,25527.9,25544.7"
2026-01-22T17:30:00.000+07:00,"25544.6,25555.4,25542.5,25545.6"
2026-01-22T17:45:00.000+07:00,"25545.3,25552.9,25539.7,25545.3"
2026-01-22T18:00:00.000+07:00,"25545,25572.1,25544.9,25550"
2026-01-22T18:15:00.000+07:00,"25549.9,25555.6,25523.9,25539.9"
2026-01-22T18:30:00.000+07:00,"25540,25560.1,25528,25536.7"
2026-01-22T18:45:00.000+07:00,"25536.8,25542.5,25530.7,25533.8"
2026-01-22T19:00:00.000+07:00,"25532.1,25541.5,25516.3,25525.7"
2026-01-22T19:15:00.000+07:00,"25525.6,25548.3,25525.6,25540.9"
2026-01-22T19:30:00.000+07:00,"25538.8,25549.3,25527.3,25541.3"
2026-01-22T19:45:00.000+07:00,"25541.6,25553.3,25533.4,25547.7"
2026-01-22T20:00:00.000+07:00,"25547.6,25564.2,25535,25548"
2026-01-22T20:15:00.000+07:00,"25548.1,25565.3,25548,25561.9"
2026-01-22T20:30:00.000+07:00,"25560.7,25569.9,25536.8,25548.5"
2026-01-22T20:45:00.000+07:00,"25548.4,25597,25548.4,25593.1"
2026-01-22T21:00:00.000+07:00,"25592.6,25596.1,25561.9,25574.7"
2026-01-22T21:15:00.000+07:00,"25574.2,25594.2,25568,25585.6"
2026-01-22T21:30:00.000+07:00,"25586.9,25587.4,25473,25502.8"
2026-01-22T21:45:00.000+07:00,"25502.4,25515.2,25411.1,25436.3"
2026-01-22T22:00:00.000+07:00,"25436.2,25438,25393.3,25409"
2026-01-22T22:15:00.000+07:00,"25406.2,25466.2,25394.2,25447.7"
2026-01-22T22:30:00.000+07:00,"25449.6,25504.5,25428,25503.2"
2026-01-22T22:45:00.000+07:00,"25503,25515.3,25461.7,25464.1"
2026-01-22T23:00:00.000+07:00,"25464,25515.3,25461.4,25510.6"
2026-01-22T23:15:00.000+07:00,"25509.1,25541.6,25496.2,25529.4"
2026-01-22T23:30:00.000+07:00,"25529.1,25545.6,25517.2,25537.3"
2026-01-22T23:45:00.000+07:00,"25537.2,25555.2,25518.9,25525.7"
2026-01-23T00:00:00.000+07:00,"25525.3,25548.7,25507.9,25543.5"
2026-01-23T00:15:00.000+07:00,"25543.6,25547.8,25512.7,25535.2"
2026-01-23T00:30:00.000+07:00,"25535,25564.4,25535,25555.3"
2026-01-23T00:45:00.000+07:00,"25555.6,25574.4,25554.1,25567.5"
2026-01-23T01:00:00.000+07:00,"25568,25576.2,25546.7,25551.8"
2026-01-23T01:15:00.000+07:00,"25551.9,25565,25539.4,25555.5"
2026-01-23T01:30:00.000+07:00,"25554.9,25564.9,25546.6,25549.2"
2026-01-23T01:45:00.000+07:00,"25550,25565.3,25524.1,25531"
2026-01-23T02:00:00.000+07:00,"25530.9,25566.7,25528.2,25556"
2026-01-23T02:15:00.000+07:00,"25556.5,25570.9,25548,25566.1"
2026-01-23T02:30:00.000+07:00,"25565.2,25568.6,25528.1,25531.4"
2026-01-23T02:45:00.000+07:00,"25530.9,25537.1,25491.2,25496.1"
2026-01-23T03:00:00.000+07:00,"25496.8,25509.7,25489.2,25505.1"
2026-01-23T03:15:00.000+07:00,"25506.4,25520.9,25465.2,25465.9"
2026-01-23T03:30:00.000+07:00,"25466.5,25478,25442.1,25472.4"
2026-01-23T03:45:00.000+07:00,"25473.2,25521.1,25473,25521.1"
2026-01-23T04:00:00.000+07:00,"25520.2,25533.5,25487.5,25502.2"
2026-01-23T04:15:00.000+07:00,"25502,25518.7,25500.3,25518"
2026-01-23T04:30:00.000+07:00,"25518.2,25519.7,25498.5,25499.1"
2026-01-23T04:45:00.000+07:00,"25499.3,25507.3,25466.2,25485.1"
2026-01-23T05:00:00.000+07:00,"25485.3,25501,25482.6,25493.9"
2026-01-23T05:15:00.000+07:00,"25491.4,25494.7,25477.1,25487.6"
2026-01-23T05:30:00.000+07:00,"25486.5,25487.8,25477.2,25481.4"
2026-01-23T05:45:00.000+07:00,"25481.3,25485.5,25477.8,25477.8"
2026-01-23T06:00:00.000+07:00,"25477.1,25481.1,25442.4,25453.3"
2026-01-23T06:15:00.000+07:00,"25453.1,25483.9,25451.5,25476.6"
2026-01-23T06:30:00.000+07:00,"25476.8,25492.2,25475,25485.7"
2026-01-23T06:45:00.000+07:00,"25485.4,25490.1,25462.5,25480.3"
2026-01-23T07:00:00.000+07:00,"25479.8,25492.7,25459.4,25488.4"
2026-01-23T07:15:00.000+07:00,"25488.1,25501.1,25480.5,25489"
2026-01-23T07:30:00.000+07:00,"25488,25510,25485.7,25507.1"
2026-01-23T07:45:00.000+07:00,"25507.2,25515.8,25501.3,25515.6"
2026-01-23T08:00:00.000+07:00,"25516,25539.1,25510.1,25531.2"
2026-01-23T08:15:00.000+07:00,"25531.4,25544.8,25521.4,25527.5"
2026-01-23T08:30:00.000+07:00,"25527.8,25542.9,25524.2,25531.8"
2026-01-23T08:45:00.000+07:00,"25531.9,25550.7,25529.7,25549.5"
2026-01-23T09:00:00.000+07:00,"25549.6,25550.6,25536.2,25549.8"
2026-01-23T09:15:00.000+07:00,"25549.7,25550.8,25536.7,25538.7"
2026-01-23T09:30:00.000+07:00,"25538.4,25539.1,25529.8,25531.3"
2026-01-23T09:45:00.000+07:00,"25531.2,25535.7,25526.7,25531.4"
2026-01-23T10:00:00.000+07:00,"25531.5,25555.8,25530.3,25555"
2026-01-23T10:15:00.000+07:00,"25554.9,25570.6,25554.5,25563.5"
2026-01-23T10:30:00.000+07:00,"25563.6,25565.9,25551.6,25563.8"
2026-01-23T10:45:00.000+07:00,"25563.3,25564.5,25553.7,25557.6"
2026-01-23T11:00:00.000+07:00,"25557.4,25562.1,25550.9,25559.6"
2026-01-23T11:15:00.000+07:00,"25559.7,25561.4,25547.6,25560.1"
2026-01-23T11:30:00.000+07:00,"25559.9,25567.8,25557.8,25557.8"
2026-01-23T11:45:00.000+07:00,"25556.8,25569.3,25551.3,25562.2"
2026-01-23T12:00:00.000+07:00,"25562.3,25570.2,25556.4,25570.1"
2026-01-23T12:15:00.000+07:00,"25569.9,25574.2,25565.6,25565.6"
2026-01-23T12:30:00.000+07:00,"25565.3,25572.6,25561.6,25563.3"
2026-01-23T12:45:00.000+07:00,"25563.4,25577.8,25563.4,25576.2"
2026-01-23T13:00:00.000+07:00,"25576,25594.4,25576,25586.6"
2026-01-23T13:15:00.000+07:00,"25586.7,25594.4,25580.7,25585.8"
2026-01-23T13:30:00.000+07:00,"25584.8,25591.9,25567.5,25569.5"
2026-01-23T13:45:00.000+07:00,"25569.7,25574,25566.4,25569.6"
2026-01-23T14:00:00.000+07:00,"25570.3,25576.1,25559.7,25562.7"
2026-01-23T14:15:00.000+07:00,"25563.2,25588.7,25562.9,25581.9"
2026-01-23T14:30:00.000+07:00,"25582.4,25583.2,25562.9,25565.7"
2026-01-23T14:45:00.000+07:00,"25566.5,25567.6,25546.6,25556.1"
2026-01-23T15:00:00.000+07:00,"25554.3,25555.4,25518.7,25519.3"
2026-01-23T15:15:00.000+07:00,"25519.2,25535.6,25485.1,25493.6"
2026-01-23T15:30:00.000+07:00,"25493.7,25499.1,25467.2,25477.5"
2026-01-23T15:45:00.000+07:00,"25477.9,25493.2,25445.7,25465.6"
2026-01-23T16:00:00.000+07:00,"25465.7,25492.8,25456.2,25464.4"
2026-01-23T16:15:00.000+07:00,"25464.3,25487.2,25458.6,25467.4"
2026-01-23T16:30:00.000+07:00,"25466.8,25469.7,25409.2,25417.5"
2026-01-23T16:45:00.000+07:00,"25417.7,25436.1,25404.9,25423.2"
2026-01-23T17:00:00.000+07:00,"25423,25437.5,25415.8,25417.7"
2026-01-23T17:15:00.000+07:00,"25417.8,25438.4,25413.9,25426.5"
2026-01-23T17:30:00.000+07:00,"25426.3,25429.4,25413.7,25419.4"
2026-01-23T17:45:00.000+07:00,"25419,25438.9,25418.6,25438.9"
2026-01-23T18:00:00.000+07:00,"25439,25503.7,25435,25489.4"
2026-01-23T18:15:00.000+07:00,"25489.5,25510.3,25482.8,25508.9"
2026-01-23T18:30:00.000+07:00,"25509.4,25521.4,25492.6,25496"
2026-01-23T18:45:00.000+07:00,"25495.7,25499.1,25460.4,25470.3"
2026-01-23T19:00:00.000+07:00,"25471.4,25491.3,25462.2,25475.6"
2026-01-23T19:15:00.000+07:00,"25475.8,25483.3,25460.1,25481.8"
2026-01-23T19:30:00.000+07:00,"25481.7,25489,25446.8,25479.8"
2026-01-23T19:45:00.000+07:00,"25479.7,25496.8,25477.3,25492"
2026-01-23T20:00:00.000+07:00,"25491.7,25499.3,25479,25487.7"
2026-01-23T20:15:00.000+07:00,"25488.2,25490,25435.7,25436.2"
2026-01-23T20:30:00.000+07:00,"25436.1,25469.2,25435.4,25452.5"
2026-01-23T20:45:00.000+07:00,"25452.6,25453.3,25424.3,25435.1"
2026-01-23T21:00:00.000+07:00,"25434.6,25447.3,25420.3,25432.5"
2026-01-23T21:15:00.000+07:00,"25432.3,25475.6,25425.7,25470.7"
2026-01-23T21:30:00.000+07:00,"25471.1,25514.4,25428.5,25481.6"
2026-01-23T21:45:00.000+07:00,"25481.8,25536.1,25450.5,25536"
2026-01-23T22:00:00.000+07:00,"25534,25587.1,25533.8,25556.7"
2026-01-23T22:15:00.000+07:00,"25557.3,25632.1,25545,25614.5"
2026-01-23T22:30:00.000+07:00,"25615,25654.3,25614.5,25649.5"
2026-01-23T22:45:00.000+07:00,"25648.5,25694.4,25640,25693.4"
2026-01-23T23:00:00.000+07:00,"25695.1,25712.4,25672.6,25689.8"
2026-01-23T23:15:00.000+07:00,"25690.8,25696.3,25646.5,25658.9"
2026-01-23T23:30:00.000+07:00,"25656.5,25689.8,25625.9,25675.8"
2026-01-23T23:45:00.000+07:00,"25675.9,25691.4,25647.2,25651.3"
2026-01-24T00:00:00.000+07:00,"25650.7,25668.5,25628.4,25668.4"
2026-01-24T00:15:00.000+07:00,"25668.5,25671.1,25643.8,25661.1"
2026-01-24T00:30:00.000+07:00,"25662.1,25663.9,25588.2,25594.7"
2026-01-24T00:45:00.000+07:00,"25594.6,25607.9,25547.5,25559.1"
2026-01-24T01:00:00.000+07:00,"25561.5,25625.6,25556.7,25596.5"
2026-01-24T01:15:00.000+07:00,"25596.3,25630.5,25593.8,25618.9"
2026-01-24T01:30:00.000+07:00,"25619.3,25629.6,25592.7,25597.2"
2026-01-24T01:45:00.000+07:00,"25597.4,25607.5,25580.5,25591.2"
2026-01-24T02:00:00.000+07:00,"25591,25634.4,25591,25612.5"
2026-01-24T02:15:00.000+07:00,"25612.4,25640.1,25610.1,25611.2"
2026-01-24T02:30:00.000+07:00,"25611.3,25624.3,25586.4,25612.3"
2026-01-24T02:45:00.000+07:00,"25612.8,25620.6,25597.2,25614.7"
2026-01-24T03:00:00.000+07:00,"25613.6,25616.7,25558.1,25590.5"
2026-01-24T03:15:00.000+07:00,"25591.3,25610.3,25574.5,25576.2"
2026-01-24T03:30:00.000+07:00,"25577.2,25599.6,25562.4,25598.5"
2026-01-24T03:45:00.000+07:00,"25598.3,25620.6,25580.1,25601.6"
2026-01-24T04:00:00.000+07:00,"25599.1,25603.8,25566.7,25567.5"
2026-01-24T04:15:00.000+07:00,"25567.6,25567.6,25537.3,25553.6"
2026-01-24T04:30:00.000+07:00,"25552.3,25562.1,25548.6,25555.9"
2026-01-24T04:45:00.000+07:00,"25555.6,25558.9,25542.9,25543.8"
2026-01-26T06:00:00.000+07:00,"25304.4,25366.1,25230.4,25363.4"
2026-01-26T06:15:00.000+07:00,"25362.4,25406.4,25353.3,25395"
2026-01-26T06:30:00.000+07:00,"25395.2,25409,25357.6,25363.6"
2026-01-26T06:45:00.000+07:00,"25364.1,25435.3,25360.8,25425.3"
2026-01-26T07:00:00.000+07:00,"25424.3,25460.4,25410.8,25444.6"
2026-01-26T07:15:00.000+07:00,"25445.2,25474.1,25437.1,25472.6"
2026-01-26T07:30:00.000+07:00,"25472.3,25483.4,25431.4,25445.2"
2026-01-26T07:45:00.000+07:00,"25445.4,25461.1,25431,25450.6"
2026-01-26T08:00:00.000+07:00,"25451.6,25510.9,25438.7,25473.5"
2026-01-26T08:15:00.000+07:00,"25472.9,25528.8,25472.9,25518.7"
2026-01-26T08:30:00.000+07:00,"25518,25522.2,25498.2,25514.2"
2026-01-26T08:45:00.000+07:00,"25513.9,25535.5,25507.9,25516.5"
2026-01-26T09:00:00.000+07:00,"25515.8,25532.6,25515,25524"
2026-01-26T09:15:00.000+07:00,"25524.1,25531.3,25509.4,25515.9"
2026-01-26T09:30:00.000+07:00,"25516.1,25517.6,25484.7,25487.2"
2026-01-26T09:45:00.000+07:00,"25487,25487.5,25465.4,25477.9"
2026-01-26T10:00:00.000+07:00,"25478.5,25524.8,25477.4,25512"
2026-01-26T10:15:00.000+07:00,"25511.7,25514.1,25490.3,25506"
2026-01-26T10:30:00.000+07:00,"25506.1,25513.5,25494.1,25502.6"
2026-01-26T10:45:00.000+07:00,"25502.7,25507.1,25491.8,25501.5"
2026-01-26T11:00:00.000+07:00,"25501.3,25502.6,25489.9,25495.8"
2026-01-26T11:15:00.000+07:00,"25495.9,25519.6,25492.3,25518.4"
2026-01-26T11:30:00.000+07:00,"25518.8,25525.9,25491.8,25497"
2026-01-26T11:45:00.000+07:00,"25497.8,25509.7,25490.7,25502.8"
2026-01-26T12:00:00.000+07:00,"25503,25508.6,25495.3,25498"
2026-01-26T12:15:00.000+07:00,"25497.5,25535.1,25497.5,25530.2"
2026-01-26T12:30:00.000+07:00,"25530.4,25544.5,25525.3,25534.4"
2026-01-26T12:45:00.000+07:00,"25534.6,25542.1,25526.3,25541.1"
2026-01-26T13:00:00.000+07:00,"25541.5,25557,25540.9,25555.5"
2026-01-26T13:15:00.000+07:00,"25555.8,25570.9,25550.8,25560.3"
2026-01-26T13:30:00.000+07:00,"25560.4,25565.1,25537.3,25540.5"
2026-01-26T13:45:00.000+07:00,"25540.6,25562.4,25533.9,25536.6"
2026-01-26T14:00:00.000+07:00,"25536.9,25553,25534.6,25552.2"
2026-01-26T14:15:00.000+07:00,"25552.4,25562.7,25542,25561.4"
2026-01-26T14:30:00.000+07:00,"25561.6,25567.4,25545.5,25562.6"
2026-01-26T14:45:00.000+07:00,"25562.5,25579.1,25554.9,25566.3"
2026-01-26T15:00:00.000+07:00,"25568.8,25589.3,25566.8,25577.5"
2026-01-26T15:15:00.000+07:00,"25577.6,25610.3,25572.2,25597"
2026-01-26T15:30:00.000+07:00,"25596.8,25608.7,25584.3,25589.4"
2026-01-26T15:45:00.000+07:00,"25589.3,25599,25581,25596.1"
2026-01-26T16:00:00.000+07:00,"25595.4,25602,25571.4,25573.3"
2026-01-26T16:15:00.000+07:00,"25572.8,25580.6,25554.5,25556.9"
2026-01-26T16:30:00.000+07:00,"25556,25557.8,25480.7,25484.1"
2026-01-26T16:45:00.000+07:00,"25483.2,25492.8,25450.3,25486.3"
2026-01-26T17:00:00.000+07:00,"25486,25507.7,25480.7,25506.7"
2026-01-26T17:15:00.000+07:00,"25506.8,25524.9,25494.1,25517.6"
2026-01-26T17:30:00.000+07:00,"25517.3,25542.4,25514.4,25525.2"
2026-01-26T17:45:00.000+07:00,"25525.3,25533.6,25516.8,25517.8"
2026-01-26T18:00:00.000+07:00,"25518.5,25527.6,25509.3,25518.6"
2026-01-26T18:15:00.000+07:00,"25518.8,25527,25511.3,25516.5"
2026-01-26T18:30:00.000+07:00,"25516.6,25529.9,25515.3,25519.8"
2026-01-26T18:45:00.000+07:00,"25519.5,25540.8,25514.3,25539.5"
2026-01-26T19:00:00.000+07:00,"25537.7,25582.2,25537.7,25574"
2026-01-26T19:15:00.000+07:00,"25573.8,25577.4,25550.2,25558.5"
2026-01-26T19:30:00.000+07:00,"25559,25564.2,25545.4,25546.1"
2026-01-26T19:45:00.000+07:00,"25546.2,25558.7,25542.8,25555.5"
2026-01-26T20:00:00.000+07:00,"25555.7,25570.1,25543.3,25569"
2026-01-26T20:15:00.000+07:00,"25569.2,25575.1,25552.4,25556.9"
2026-01-26T20:30:00.000+07:00,"25557.1,25561,25525.4,25541.2"
2026-01-26T20:45:00.000+07:00,"25541.7,25589.7,25539.4,25583.1"
2026-01-26T21:00:00.000+07:00,"25583,25605.6,25583,25588.6"
2026-01-26T21:15:00.000+07:00,"25588.9,25615.3,25581.2,25614.5"
2026-01-26T21:30:00.000+07:00,"25614.6,25696.8,25572.8,25686.6"
2026-01-26T21:45:00.000+07:00,"25686.8,25723.9,25674.2,25708.8"
2026-01-26T22:00:00.000+07:00,"25706.5,25716.8,25670.3,25706.2"
2026-01-26T22:15:00.000+07:00,"25706.1,25754.1,25696.7,25714.5"
2026-01-26T22:30:00.000+07:00,"25713.9,25744.8,25701.3,25706"
2026-01-26T22:45:00.000+07:00,"25707,25765.8,25707,25748.3"
2026-01-26T23:00:00.000+07:00,"25748.2,25763,25734.3,25752.8"
2026-01-26T23:15:00.000+07:00,"25752.1,25775.9,25719,25773.6"
2026-01-26T23:30:00.000+07:00,"25771.4,25793.5,25761.4,25762.4"
2026-01-26T23:45:00.000+07:00,"25762.6,25777.1,25752.8,25772"
2026-01-27T00:00:00.000+07:00,"25772.3,25796.4,25769.8,25780.6"
2026-01-27T00:15:00.000+07:00,"25780.5,25794.2,25773.6,25779.3"
2026-01-27T00:30:00.000+07:00,"25779.7,25782.7,25765,25775.8"
2026-01-27T00:45:00.000+07:00,"25776.1,25776.1,25749.2,25757.4"
2026-01-27T01:00:00.000+07:00,"25757.3,25764.2,25741.2,25748.7"
2026-01-27T01:15:00.000+07:00,"25747.7,25780.3,25742.9,25774.4"
2026-01-27T01:30:00.000+07:00,"25774.1,25796,25760,25763.4"
2026-01-27T01:45:00.000+07:00,"25763.2,25773.5,25753.8,25767.4"
2026-01-27T02:00:00.000+07:00,"25766.4,25780.5,25760.3,25775.2"
2026-01-27T02:15:00.000+07:00,"25775.3,25779.5,25753.2,25767.8"
2026-01-27T02:30:00.000+07:00,"25769.2,25778,25759.9,25771.5"
2026-01-27T02:45:00.000+07:00,"25771.8,25774.3,25746.7,25746.8"
2026-01-27T03:00:00.000+07:00,"25747.6,25759.2,25741.4,25749.9"
2026-01-27T03:15:00.000+07:00,"25749.4,25752.6,25734.7,25749.2"
2026-01-27T03:30:00.000+07:00,"25749.1,25761.5,25746.3,25753.3"
2026-01-27T03:45:00.000+07:00,"25753.4,25760.4,25709.5,25712.6"
2026-01-27T04:00:00.000+07:00,"25713.8,25725.1,25702.8,25722.6"
2026-01-27T04:15:00.000+07:00,"25723.3,25740.6,25722.1,25736.2"
2026-01-27T04:30:00.000+07:00,"25734.2,25737.9,25728.5,25736.2"
2026-01-27T04:45:00.000+07:00,"25736,25737.1,25721.9,25727.8"
2026-01-27T05:00:00.000+07:00,"25727.6,25732.9,25718.9,25719.3"
2026-01-27T05:15:00.000+07:00,"25719.2,25723.3,25715.2,25722.3"
2026-01-27T05:30:00.000+07:00,"25722.4,25723.1,25720.7,25721"
2026-01-27T05:45:00.000+07:00,"25721.2,25722.8,25719.2,25721.6"
2026-01-27T06:00:00.000+07:00,"25728.4,25739.1,25713,25739"
2026-01-27T06:15:00.000+07:00,"25738.4,25767.8,25738.1,25749.3"
2026-01-27T06:30:00.000+07:00,"25749.9,25756.6,25742.9,25753.2"
2026-01-27T06:45:00.000+07:00,"25753.4,25761.9,25749.2,25760.6"
2026-01-27T07:00:00.000+07:00,"25760.7,25763.2,25746.6,25755.9"
2026-01-27T07:15:00.000+07:00,"25755.6,25770.3,25754.9,25761.4"
2026-01-27T07:30:00.000+07:00,"25761.5,25774.7,25757.3,25766.8"
2026-01-27T07:45:00.000+07:00,"25766.9,25773,25764.5,25768.9"
2026-01-27T08:00:00.000+07:00,"25767.8,25783.3,25766.1,25779.2"
2026-01-27T08:15:00.000+07:00,"25779.3,25786.4,25775.4,25782.1"
2026-01-27T08:30:00.000+07:00,"25782.2,25790.3,25781,25789.4"
2026-01-27T08:45:00.000+07:00,"25789.3,25797.5,25786,25793"
2026-01-27T09:00:00.000+07:00,"25792.6,25821.9,25792.6,25817.1"
2026-01-27T09:15:00.000+07:00,"25817.2,25826.8,25817.2,25818.8"
2026-01-27T09:30:00.000+07:00,"25818.9,25834.2,25814,25831.5"
2026-01-27T09:45:00.000+07:00,"25831.6,25846.2,25826,25842.6"
2026-01-27T10:00:00.000+07:00,"25841.9,25847.4,25838.3,25838.5"
2026-01-27T10:15:00.000+07:00,"25838.6,25844.4,25835.6,25836.5"
2026-01-27T10:30:00.000+07:00,"25836.2,25846,25833.4,25841.7"
2026-01-27T10:45:00.000+07:00,"25841.6,25851.2,25835,25847.3"
2026-01-27T11:00:00.000+07:00,"25847.7,25874.2,25842.1,25861.6"
2026-01-27T11:15:00.000+07:00,"25861.5,25865.7,25852.6,25856.3"
2026-01-27T11:30:00.000+07:00,"25856.5,25863.2,25856.5,25862"
2026-01-27T11:45:00.000+07:00,"25861.7,25864,25859.3,25859.6"
2026-01-27T12:00:00.000+07:00,"25859.2,25861.4,25842.9,25849.9"
2026-01-27T12:15:00.000+07:00,"25850.2,25851.8,25844.4,25851.1"
2026-01-27T12:30:00.000+07:00,"25851.7,25867.4,25851.6,25867.1"
2026-01-27T12:45:00.000+07:00,"25867.2,25881.4,25864.7,25878.4"
2026-01-27T13:00:00.000+07:00,"25878.6,25900.1,25878.2,25889"
2026-01-27T13:15:00.000+07:00,"25888.9,25896.6,25885.7,25894.7"
2026-01-27T13:30:00.000+07:00,"25895.5,25895.5,25873.7,25876.3"
2026-01-27T13:45:00.000+07:00,"25876.2,25879.4,25869.8,25872.6"
2026-01-27T14:00:00.000+07:00,"25872.5,25885.3,25870.8,25874.9"
2026-01-27T14:15:00.000+07:00,"25875,25878.6,25862.7,25868.7"
2026-01-27T14:30:00.000+07:00,"25869,25892.5,25865.6,25881.8"
2026-01-27T14:45:00.000+07:00,"25881.6,25883.1,25866.5,25876.5"
2026-01-27T15:00:00.000+07:00,"25876.2,25881.8,25853.5,25861.7"
2026-01-27T15:15:00.000+07:00,"25862.7,25874.3,25845,25850.5"
2026-01-27T15:30:00.000+07:00,"25851.7,25856.5,25837.8,25848.8"
2026-01-27T15:45:00.000+07:00,"25849,25861.2,25847.3,25854.5"
2026-01-27T16:00:00.000+07:00,"25853.1,25863.6,25840.9,25852.7"
2026-01-27T16:15:00.000+07:00,"25852.6,25866,25850.4,25854.2"
2026-01-27T16:30:00.000+07:00,"25853.9,25858.8,25847.6,25853.7"
2026-01-27T16:45:00.000+07:00,"25853.6,25857.3,25838.2,25845.6"
2026-01-27T17:00:00.000+07:00,"25845.4,25864.4,25841,25854.8"
2026-01-27T17:15:00.000+07:00,"25856.8,25871.2,25854.6,25867.4"
2026-01-27T17:30:00.000+07:00,"25867.2,25871,25862,25864.9"
2026-01-27T17:45:00.000+07:00,"25864.8,25878.7,25864.2,25876.3"
2026-01-27T18:00:00.000+07:00,"25876,25880.7,25863.1,25873.1"
2026-01-27T18:15:00.000+07:00,"25873.4,25878.1,25863.4,25875.6"
2026-01-27T18:30:00.000+07:00,"25875.7,25903.7,25872.2,25901.8"
2026-01-27T18:45:00.000+07:00,"25901.7,25914.2,25895.6,25903.6"
2026-01-27T19:00:00.000+07:00,"25903.4,25905,25882.9,25886.5"
2026-01-27T19:15:00.000+07:00,"25886.4,25892.6,25865.5,25867.4"
2026-01-27T19:30:00.000+07:00,"25866.6,25889.4,25862.4,25879.9"
2026-01-27T19:45:00.000+07:00,"25880,25883.8,25870.3,25875.2"
2026-01-27T20:00:00.000+07:00,"25874.3,25888.9,25872.3,25888.2"
2026-01-27T20:15:00.000+07:00,"25887.9,25889.8,25872,25873.7"
2026-01-27T20:30:00.000+07:00,"25873.3,25879.5,25864.9,25871.2"
2026-01-27T20:45:00.000+07:00,"25871.7,25878,25853.9,25860.5"
2026-01-27T21:00:00.000+07:00,"25860.6,25880.3,25860.4,25865.5"
2026-01-27T21:15:00.000+07:00,"25865.2,25877.3,25852.2,25852.9"
2026-01-27T21:30:00.000+07:00,"25853.1,25883.4,25789.1,25830.5"
2026-01-27T21:45:00.000+07:00,"25830.4,25929.3,25830.4,25924.2"
2026-01-27T22:00:00.000+07:00,"25922.2,25942.8,25892.8,25928.6"
2026-01-27T22:15:00.000+07:00,"25928.7,25941.3,25906.3,25910.9"
2026-01-27T22:30:00.000+07:00,"25911.5,25963.8,25908.4,25960"
2026-01-27T22:45:00.000+07:00,"25959.6,25966,25931.3,25945.4"
2026-01-27T23:00:00.000+07:00,"25946.5,25967,25941,25965"
2026-01-27T23:15:00.000+07:00,"25965.1,25974.3,25955.3,25957.3"
2026-01-27T23:30:00.000+07:00,"25956.9,25966.8,25953.6,25957.9"
2026-01-27T23:45:00.000+07:00,"25958,25964.1,25945.1,25946.7"
2026-01-28T00:00:00.000+07:00,"25945.9,25951,25933.5,25938.9"
2026-01-28T00:15:00.000+07:00,"25938.2,25956.5,25918.5,25951.7"
2026-01-28T00:30:00.000+07:00,"25951.2,25960.4,25938.1,25945"
2026-01-28T00:45:00.000+07:00,"25945.1,25946.4,25926.5,25930.3"
2026-01-28T01:00:00.000+07:00,"25930.1,25940.8,25906.7,25936.8"
2026-01-28T01:15:00.000+07:00,"25935.8,25954.7,25935.8,25946.1"
2026-01-28T01:30:00.000+07:00,"25945.8,25961.4,25945.7,25950.9"
2026-01-28T01:45:00.000+07:00,"25951,25964.9,25949.4,25959.3"
2026-01-28T02:00:00.000+07:00,"25958.5,25958.5,25942.6,25954.7"
2026-01-28T02:15:00.000+07:00,"25953.6,25963,25952.6,25960.7"
2026-01-28T02:30:00.000+07:00,"25960.2,25967.8,25947.7,25955"
2026-01-28T02:45:00.000+07:00,"25954.7,25967.3,25946.5,25960.5"
2026-01-28T03:00:00.000+07:00,"25960,25980.3,25952.1,25978.6"
2026-01-28T03:15:00.000+07:00,"25978.7,25982.9,25962.2,25964"
2026-01-28T03:30:00.000+07:00,"25964.4,25966,25954.5,25959.9"
2026-01-28T03:45:00.000+07:00,"25959.3,25969,25937.9,25944.4"
2026-01-28T04:00:00.000+07:00,"25943.9,25955.8,25929.3,25945"
2026-01-28T04:15:00.000+07:00,"25945.8,25972.8,25945.8,25962.6"
2026-01-28T04:30:00.000+07:00,"25963.6,25980.9,25960,25980.1"
2026-01-28T04:45:00.000+07:00,"25979.6,25984.7,25974.4,25975.4"
2026-01-28T05:00:00.000+07:00,"25975.8,25982.2,25975,25979.9"
2026-01-28T05:15:00.000+07:00,"25979.5,25981,25978.7,25980"
2026-01-28T05:30:00.000+07:00,"25980.2,25987.8,25979.1,25986.4"
2026-01-28T05:45:00.000+07:00,"25986.6,25987.9,25985.1,25986.8"
2026-01-28T06:00:00.000+07:00,"25980.9,26016.6,25980.9,26015"
2026-01-28T06:15:00.000+07:00,"26015.2,26015.8,25998.7,26007"
2026-01-28T06:30:00.000+07:00,"26007.1,26009.8,26000.6,26009.1"
2026-01-28T06:45:00.000+07:00,"26009.2,26011.7,26006.3,26007.6"
2026-01-28T07:00:00.000+07:00,"26007.5,26033.2,26006.2,26026.7"
2026-01-28T07:15:00.000+07:00,"26026.6,26040.5,26023.5,26038"
2026-01-28T07:30:00.000+07:00,"26037.4,26076.4,26036.7,26076.1"
2026-01-28T07:45:00.000+07:00,"26076.2,26077.9,26064,26076.8"
2026-01-28T08:00:00.000+07:00,"26077.8,26097.9,26077.2,26092.6"
2026-01-28T08:15:00.000+07:00,"26092.5,26096,26085.2,26094.8"
2026-01-28T08:30:00.000+07:00,"26094.9,26095.7,26077.2,26078.1"
2026-01-28T08:45:00.000+07:00,"26078.2,26087.3,26071.1,26075.4"
2026-01-28T09:00:00.000+07:00,"26075.3,26091.2,26073.5,26086.2"
2026-01-28T09:15:00.000+07:00,"26086.4,26090.1,26082,26082.6"
2026-01-28T09:30:00.000+07:00,"26082.5,26088.7,26077.3,26081.9"
2026-01-28T09:45:00.000+07:00,"26082,26090,26078.1,26083.3"
2026-01-28T10:00:00.000+07:00,"26083.2,26087.9,26080.5,26083.1"
2026-01-28T10:15:00.000+07:00,"26083.5,26086.5,26065.4,26071.9"
2026-01-28T10:30:00.000+07:00,"26072.6,26079.8,26063.8,26064.1"
2026-01-28T10:45:00.000+07:00,"26064.3,26073.3,26061.8,26069.6"
2026-01-28T11:00:00.000+07:00,"26069.9,26092.5,26069.7,26088.6"
2026-01-28T11:15:00.000+07:00,"26088.8,26097.3,26087.3,26094.9"
2026-01-28T11:30:00.000+07:00,"26094.5,26095.8,26086.8,26088.4"
2026-01-28T11:45:00.000+07:00,"26088.7,26090.9,26082.7,26090.5"
2026-01-28T12:00:00.000+07:00,"26090.6,26101,26089.8,26097.5"
2026-01-28T12:15:00.000+07:00,"26097.6,26103.6,26096.5,26100.5"
2026-01-28T12:30:00.000+07:00,"26100.6,26112.2,26100.3,26109.7"
2026-01-28T12:45:00.000+07:00,"26109.5,26119.6,26108,26114.5"
2026-01-28T13:00:00.000+07:00,"26131.7,26175.3,26129,26174.5"
2026-01-28T13:15:00.000+07:00,"26174,26190.8,26164.7,26170.5"
2026-01-28T13:30:00.000+07:00,"26171.3,26217.5,26171.3,26186.3"
2026-01-28T13:45:00.000+07:00,"26186.4,26196.8,26170,26172.7"
2026-01-28T14:00:00.000+07:00,"26172.8,26193.2,26162,26190.5"
2026-01-28T14:15:00.000+07:00,"26190.3,26191.8,26170.6,26173"
2026-01-28T14:30:00.000+07:00,"26172.2,26191.2,26158.3,26187.7"
2026-01-28T14:45:00.000+07:00,"26188,26191.2,26177.9,26184.8"
2026-01-28T15:00:00.000+07:00,"26184.3,26202.2,26171,26172.7"
2026-01-28T15:15:00.000+07:00,"26172.9,26188.7,26146,26172.3"
2026-01-28T15:30:00.000+07:00,"26170.6,26185.1,26169.7,26173.3"
2026-01-28T15:45:00.000+07:00,"26173.2,26173.2,26140.2,26150.1"
2026-01-28T16:00:00.000+07:00,"26150.3,26154.8,26127.9,26141.1"
2026-01-28T16:15:00.000+07:00,"26141.6,26149.4,26124.9,26131.6"
2026-01-28T16:30:00.000+07:00,"26131.8,26145.1,26122.8,26144"
2026-01-28T16:45:00.000+07:00,"26144.2,26160.4,26140.6,26154.9"
2026-01-28T17:00:00.000+07:00,"26154.8,26164.2,26141.3,26156.2"
2026-01-28T17:15:00.000+07:00,"26156.6,26167.1,26147.3,26163.7"
2026-01-28T17:30:00.000+07:00,"26164.1,26185.4,26161.6,26178.8"
2026-01-28T17:45:00.000+07:00,"26178.4,26190.8,26169.9,26186.3"
2026-01-28T18:00:00.000+07:00,"26186.7,26188.4,26164.9,26168.4"
2026-01-28T18:15:00.000+07:00,"26168.3,26180.5,26157.1,26178.4"
2026-01-28T18:30:00.000+07:00,"26178.9,26188.8,26177.1,26183.4"
2026-01-28T18:45:00.000+07:00,"26183.3,26197.1,26175.4,26189.5"
2026-01-28T19:00:00.000+07:00,"26189.7,26189.7,26136.9,26161.9"
2026-01-28T19:15:00.000+07:00,"26163.3,26166.4,26134.6,26147"
2026-01-28T19:30:00.000+07:00,"26146.9,26166.8,26140.4,26156.2"
2026-01-28T19:45:00.000+07:00,"26160.9,26170.4,26150.2,26151.2"
2026-01-28T20:00:00.000+07:00,"26151.9,26176,26138.2,26139.5"
2026-01-28T20:15:00.000+07:00,"26138.7,26162.6,26138,26148.5"
2026-01-28T20:30:00.000+07:00,"26147.2,26153.1,26124.8,26131.6"
2026-01-28T20:45:00.000+07:00,"26131.4,26155.6,26129.8,26143.7"
2026-01-28T21:00:00.000+07:00,"26143.8,26149.2,26113.3,26116.4"
2026-01-28T21:15:00.000+07:00,"26116.8,26132.8,26104.5,26124.2"
2026-01-28T21:30:00.000+07:00,"26124.4,26159.7,26084.2,26155.7"
2026-01-28T21:45:00.000+07:00,"26156.6,26169.3,26101.3,26124.3"
2026-01-28T22:00:00.000+07:00,"26123,26133.5,26084.5,26084.5"
2026-01-28T22:15:00.000+07:00,"26084.6,26123.1,26078.3,26089.5"
2026-01-28T22:30:00.000+07:00,"26090.2,26106.3,26053.7,26056.3"
2026-01-28T22:45:00.000+07:00,"26055.8,26063.1,26031.9,26035"
2026-01-28T23:00:00.000+07:00,"26033.6,26069.1,26033.1,26053.9"
2026-01-28T23:15:00.000+07:00,"26054.1,26057.4,26021.8,26054.2"
2026-01-28T23:30:00.000+07:00,"26052.6,26052.6,25991.7,25993.3"
2026-01-28T23:45:00.000+07:00,"25993.2,26006.9,25970.3,25985.9"
2026-01-29T00:00:00.000+07:00,"25987.4,26026.7,25985.2,26022.5"
2026-01-29T00:15:00.000+07:00,"26023,26034,25987.3,25996.9"
2026-01-29T00:30:00.000+07:00,"25997.3,26009.9,25981.1,26001.9"
2026-01-29T00:45:00.000+07:00,"26003.1,26035.6,25991.9,26012.5"
2026-01-29T01:00:00.000+07:00,"26012,26031.4,25993.9,26031.3"
2026-01-29T01:15:00.000+07:00,"26031.4,26043.2,26024.7,26032.1"
2026-01-29T01:30:00.000+07:00,"26031.9,26038.7,26018,26027.1"
2026-01-29T01:45:00.000+07:00,"26027.6,26051.6,26019.7,26041.8"
2026-01-29T02:00:00.000+07:00,"26040.1,26065,25987.4,26015"
2026-01-29T02:15:00.000+07:00,"26014.4,26043.4,25991.6,25993.2"
2026-01-29T02:30:00.000+07:00,"25992.3,26049.3,25987.9,26018.2"
2026-01-29T02:45:00.000+07:00,"26019.2,26080.7,26015.8,26031"
2026-01-29T03:00:00.000+07:00,"26031.8,26081.1,26024.5,26067"
2026-01-29T03:15:00.000+07:00,"26066.3,26079.9,26041.4,26044.7"
2026-01-29T03:30:00.000+07:00,"26045,26052.4,26020.5,26027.9"
2026-01-29T03:45:00.000+07:00,"26027.6,26057.8,26004.5,26019.8"
2026-01-29T04:00:00.000+07:00,"26019.5,26068.6,25867.6,26066.5"
2026-01-29T04:15:00.000+07:00,"26066.2,26133.7,26050.5,26130.8"
2026-01-29T04:30:00.000+07:00,"26130.7,26144.3,26113.7,26136.2"
2026-01-29T04:45:00.000+07:00,"26136.7,26157.3,26114.2,26134.1"
2026-01-29T05:00:00.000+07:00,"26134.5,26146.6,26128.2,26140.5"
2026-01-29T05:15:00.000+07:00,"26140.8,26172.4,26139.7,26172.4"
2026-01-29T05:30:00.000+07:00,"26172.6,26174.1,26146.3,26152.5"
2026-01-29T05:45:00.000+07:00,"26152.3,26161.7,26132.6,26160.8"
2026-01-29T06:00:00.000+07:00,"26160.1,26166.1,26034.3,26036"
2026-01-29T06:15:00.000+07:00,"26035.6,26115,26032.8,26079.9"
2026-01-29T06:30:00.000+07:00,"26080.1,26086.9,26047.3,26058.6"
2026-01-29T06:45:00.000+07:00,"26059,26087.7,26032.3,26042.9"
2026-01-29T07:00:00.000+07:00,"26046.1,26052.1,25976.2,26018.2"
2026-01-29T07:15:00.000+07:00,"26017.9,26043.4,26002.2,26042.6"
2026-01-29T07:30:00.000+07:00,"26042.7,26043.1,25998.5,26007.7"
2026-01-29T07:45:00.000+07:00,"26007.5,26035.3,25998.6,26034.9"
2026-01-29T08:00:00.000+07:00,"26035.1,26040.2,26013,26019.5"
2026-01-29T08:15:00.000+07:00,"26019.4,26021.7,25958.1,25984.1"
2026-01-29T08:30:00.000+07:00,"25985.4,25995.8,25963.2,25979.4"
2026-01-29T08:45:00.000+07:00,"25979.5,26001.2,25975.3,25999.7"
2026-01-29T09:00:00.000+07:00,"25999.4,26022.5,25994.6,26005.8"
2026-01-29T09:15:00.000+07:00,"26006.6,26047.6,26000.4,26042"
2026-01-29T09:30:00.000+07:00,"26042.9,26049.1,26029.5,26032.5"
2026-01-29T09:45:00.000+07:00,"26032.7,26047.5,26019.6,26033.7"
2026-01-29T10:00:00.000+07:00,"26033.9,26053,26033.8,26051.5"
2026-01-29T10:15:00.000+07:00,"26051.7,26066.4,26051.2,26054.4"
2026-01-29T10:30:00.000+07:00,"26055.4,26067.5,26050.9,26067"
2026-01-29T10:45:00.000+07:00,"26066.4,26072.1,26057.1,26071.2"
2026-01-29T11:00:00.000+07:00,"26071,26075.6,26066.8,26074"
2026-01-29T11:15:00.000+07:00,"26073.2,26096.3,26072.9,26084.8"
2026-01-29T11:30:00.000+07:00,"26084.7,26102.2,26084.7,26096.2"
2026-01-29T11:45:00.000+07:00,"26095.4,26105.3,26091.4,26099.3"
2026-01-29T12:00:00.000+07:00,"26098.9,26104,26082.6,26089.1"
2026-01-29T12:15:00.000+07:00,"26090,26103.8,26089.3,26102"
2026-01-29T12:30:00.000+07:00,"26103.2,26121.3,26102.7,26120.8"
2026-01-29T12:45:00.000+07:00,"26120.9,26121.5,26098.9,26106.6"
2026-01-29T13:00:00.000+07:00,"26106.4,26137.1,26104.9,26134.3"
2026-01-29T13:15:00.000+07:00,"26134.4,26139.9,26118.9,26126.9"
2026-01-29T13:30:00.000+07:00,"26125.9,26134,26113,26117.2"
2026-01-29T13:45:00.000+07:00,"26117.3,26121.8,26103.6,26117.2"
2026-01-29T14:00:00.000+07:00,"26117.1,26131.3,26112.7,26118.2"
2026-01-29T14:15:00.000+07:00,"26118.1,26122.1,26102.5,26122"
2026-01-29T14:30:00.000+07:00,"26121.7,26149.1,26117.4,26144.9"
2026-01-29T14:45:00.000+07:00,"26144.8,26146.8,26122.6,26126.3"
2026-01-29T15:00:00.000+07:00,"26126.8,26140.3,26099.3,26137"
2026-01-29T15:15:00.000+07:00,"26137.1,26151.4,26122.6,26139.1"
2026-01-29T15:30:00.000+07:00,"26139.4,26142.2,26117.7,26134.1"
2026-01-29T15:45:00.000+07:00,"26133.9,26137.4,26105.4,26120.9"
2026-01-29T16:00:00.000+07:00,"26119.8,26144.2,26116.6,26137.2"
2026-01-29T16:15:00.000+07:00,"26137.7,26140.7,26122.4,26124.1"
2026-01-29T16:30:00.000+07:00,"26123.7,26137.9,26113.1,26125.1"
2026-01-29T16:45:00.000+07:00,"26125,26125,26082.3,26082.8"
2026-01-29T17:00:00.000+07:00,"26082.3,26092.3,26068.2,26076.4"
2026-01-29T17:15:00.000+07:00,"26076.2,26109,26075.8,26099.1"
2026-01-29T17:30:00.000+07:00,"26099.2,26102.4,26082.9,26089.8"
2026-01-29T17:45:00.000+07:00,"26089.9,26095.2,26058,26063.9"
2026-01-29T18:00:00.000+07:00,"26063.8,26079,26047.6,26066.1"
2026-01-29T18:15:00.000+07:00,"26066.6,26075.1,26053.6,26066.8"
2026-01-29T18:30:00.000+07:00,"26066.9,26076.4,26049.4,26065.1"
2026-01-29T18:45:00.000+07:00,"26064.9,26080.6,26063.6,26072.1"
2026-01-29T19:00:00.000+07:00,"26075.1,26094.3,26070.9,26084.9"
2026-01-29T19:15:00.000+07:00,"26084.8,26089.6,26061.3,26070.2"
2026-01-29T19:30:00.000+07:00,"26069.6,26072.6,26030.4,26033.1"
2026-01-29T19:45:00.000+07:00,"26033.6,26051.3,26028.1,26047.8"
2026-01-29T20:00:00.000+07:00,"26047.6,26059.9,26041.7,26047.7"
2026-01-29T20:15:00.000+07:00,"26047.3,26048.4,26023.7,26046.6"
2026-01-29T20:30:00.000+07:00,"26046.3,26074.8,26030.9,26070.7"
2026-01-29T20:45:00.000+07:00,"26070.8,26074,26055.4,26065"
2026-01-29T21:00:00.000+07:00,"26065.7,26067.4,26016.9,26020.4"
2026-01-29T21:15:00.000+07:00,"26020.6,26033.2,26005,26005"
2026-01-29T21:30:00.000+07:00,"26005.2,26046.3,25820.7,25823.4"
2026-01-29T21:45:00.000+07:00,"25823.3,25879.9,25731.4,25735.4"
2026-01-29T22:00:00.000+07:00,"25735.2,25738.9,25590.7,25591.9"
2026-01-29T22:15:00.000+07:00,"25592.2,25691.8,25592.2,25608.3"
2026-01-29T22:30:00.000+07:00,"25608.9,25624.7,25483.1,25497.3"
2026-01-29T22:45:00.000+07:00,"25497.6,25514.8,25409.6,25448.5"
2026-01-29T23:00:00.000+07:00,"25449,25544.5,25418.9,25541.7"
2026-01-29T23:15:00.000+07:00,"25541.8,25592.5,25531.4,25564.2"
2026-01-29T23:30:00.000+07:00,"25565.4,25612.6,25548.1,25590.6"
2026-01-29T23:45:00.000+07:00,"25592.6,25620.1,25565.1,25592"
2026-01-30T00:00:00.000+07:00,"25592.8,25687.5,25590,25678.2"
2026-01-30T00:15:00.000+07:00,"25678.1,25730.3,25670.8,25717.6"
2026-01-30T00:30:00.000+07:00,"25717.2,25756.8,25692,25714.9"
2026-01-30T00:45:00.000+07:00,"25715.4,25715.8,25630.2,25639.7"
2026-01-30T01:00:00.000+07:00,"25641.6,25742.1,25639,25734.5"
2026-01-30T01:15:00.000+07:00,"25734.6,25737.4,25693.3,25724.8"
2026-01-30T01:30:00.000+07:00,"25724.7,25768.1,25700.2,25745.3"
2026-01-30T01:45:00.000+07:00,"25745.7,25758.2,25716,25716"
2026-01-30T02:00:00.000+07:00,"25716.1,25761.8,25700.1,25754.8"
2026-01-30T02:15:00.000+07:00,"25754.9,25777.6,25746.8,25756.9"
2026-01-30T02:30:00.000+07:00,"25757.5,25766.2,25724.3,25735.4"
2026-01-30T02:45:00.000+07:00,"25734.9,25750,25712.7,25727.3"
2026-01-30T03:00:00.000+07:00,"25727.1,25758,25719.2,25746"
2026-01-30T03:15:00.000+07:00,"25745.3,25756.4,25728.4,25731.4"
2026-01-30T03:30:00.000+07:00,"25730.7,25802.9,25722.5,25798.8"
2026-01-30T03:45:00.000+07:00,"25797,25896.1,25788.7,25871.1"
2026-01-30T04:00:00.000+07:00,"25868.6,25889.9,25840,25855.7"
2026-01-30T04:15:00.000+07:00,"25856,25869.5,25834.2,25858.6"
2026-01-30T04:30:00.000+07:00,"25871.6,25912.2,25844.2,25857.1"
2026-01-30T04:45:00.000+07:00,"25856.9,25872.7,25842.6,25857.4"
2026-01-30T05:00:00.000+07:00,"25858.7,25862.8,25849.4,25856.5"
2026-01-30T05:15:00.000+07:00,"25857.5,25900.6,25856.6,25881.6"
2026-01-30T05:30:00.000+07:00,"25881.5,25885.4,25867.8,25868.3"
2026-01-30T05:45:00.000+07:00,"25868.2,25883.7,25867.5,25880.8"
2026-01-30T06:00:00.000+07:00,"25879,25889.5,25781.6,25786.5"
2026-01-30T06:15:00.000+07:00,"25787.1,25863.8,25765.9,25823.2"
2026-01-30T06:30:00.000+07:00,"25820.9,25899.4,25819.9,25883.5"
2026-01-30T06:45:00.000+07:00,"25883.2,25890.1,25838.6,25851.3"
2026-01-30T07:00:00.000+07:00,"25852.9,25870.5,25818.1,25835.1"
2026-01-30T07:15:00.000+07:00,"25836,25851.5,25788.5,25807.6"
2026-01-30T07:30:00.000+07:00,"25808.3,25870.4,25796.1,25803"
2026-01-30T07:45:00.000+07:00,"25802.9,25829.1,25796.2,25810"
2026-01-30T08:00:00.000+07:00,"25810.1,25812.7,25775.9,25782.6"
2026-01-30T08:15:00.000+07:00,"25781.6,25789.1,25762.2,25766"
2026-01-30T08:30:00.000+07:00,"25766.1,25769.5,25678.1,25704.6"
2026-01-30T08:45:00.000+07:00,"25705,25747.1,25690.3,25732.4"
2026-01-30T09:00:00.000+07:00,"25733.3,25746.4,25698.2,25704.4"
2026-01-30T09:15:00.000+07:00,"25705.1,25722.4,25631.7,25632.3"
2026-01-30T09:30:00.000+07:00,"25632.5,25680.6,25616.8,25668"
2026-01-30T09:45:00.000+07:00,"25667.9,25728.1,25661.1,25723.1"
2026-01-30T10:00:00.000+07:00,"25725.3,25767.6,25720.4,25736.7"
2026-01-30T10:15:00.000+07:00,"25736,25752.9,25709.2,25730.5"
2026-01-30T10:30:00.000+07:00,"25730.6,25761,25723.7,25734.3"
2026-01-30T10:45:00.000+07:00,"25734.7,25753.5,25726.3,25728.4"
2026-01-30T11:00:00.000+07:00,"25727.6,25767.9,25725.1,25767.9"
2026-01-30T11:15:00.000+07:00,"25767.7,25776.6,25742.4,25760.1"
2026-01-30T11:30:00.000+07:00,"25759.8,25776.2,25755.1,25762.5"
2026-01-30T11:45:00.000+07:00,"25762.9,25769,25732.9,25738.9"
2026-01-30T12:00:00.000+07:00,"25740.1,25767.4,25737.6,25745.2"
2026-01-30T12:15:00.000+07:00,"25745,25755,25729.9,25747.8"
2026-01-30T12:30:00.000+07:00,"25747.3,25748.9,25725.8,25727.1"
2026-01-30T12:45:00.000+07:00,"25726.7,25742.6,25713.3,25713.9"
2026-01-30T13:00:00.000+07:00,"25714.7,25720.3,25681.5,25693.3"
2026-01-30T13:15:00.000+07:00,"25693.5,25694.6,25636.9,25666.1"
2026-01-30T13:30:00.000+07:00,"25665.3,25694.8,25651.6,25669.8"
2026-01-30T13:45:00.000+07:00,"25669.7,25678.1,25617.2,25632.6"
2026-01-30T14:00:00.000+07:00,"25631,25684.8,25625.1,25671.4"
2026-01-30T14:15:00.000+07:00,"25672.5,25672.8,25637,25641.8"
2026-01-30T14:30:00.000+07:00,"25641.6,25660.7,25587.7,25618.8"
2026-01-30T14:45:00.000+07:00,"25619.8,25628.4,25583.1,25586.9"
2026-01-30T15:00:00.000+07:00,"25587,25626.8,25563.4,25622.3"
2026-01-30T15:15:00.000+07:00,"25621.4,25651.6,25603,25629.2"
2026-01-30T15:30:00.000+07:00,"25628.5,25628.5,25573.1,25608.6"
2026-01-30T15:45:00.000+07:00,"25608.5,25672.6,25596.5,25649.3"
2026-01-30T16:00:00.000+07:00,"25649.2,25666.1,25594,25600.5"
2026-01-30T16:15:00.000+07:00,"25600.6,25612.9,25569.2,25585.5"
2026-01-30T16:30:00.000+07:00,"25586.5,25612,25575,25585.6"
2026-01-30T16:45:00.000+07:00,"25586.9,25596.1,25530.7,25577.4"
2026-01-30T17:00:00.000+07:00,"25576.9,25621.5,25574.4,25617.8"
2026-01-30T17:15:00.000+07:00,"25618.1,25629.2,25596.9,25608.1"
2026-01-30T17:30:00.000+07:00,"25608.2,25664.5,25608.2,25654.8"
2026-01-30T17:45:00.000+07:00,"25655.5,25670.1,25637.6,25645.1"
2026-01-30T18:00:00.000+07:00,"25645.3,25688.4,25644.6,25684.9"
2026-01-30T18:15:00.000+07:00,"25685.1,25699.8,25674.2,25697.2"
2026-01-30T18:30:00.000+07:00,"25697,25725.8,25689.7,25710.3"
2026-01-30T18:45:00.000+07:00,"25710.2,25763.1,25667.7,25750.8"
2026-01-30T19:00:00.000+07:00,"25752.4,25785.4,25739.2,25749.7"
2026-01-30T19:15:00.000+07:00,"25749.8,25764.9,25734.5,25746.6"
2026-01-30T19:30:00.000+07:00,"25747,25775.6,25730.2,25731.8"
2026-01-30T19:45:00.000+07:00,"25732.3,25751.5,25704.1,25725"
2026-01-30T20:00:00.000+07:00,"25725.1,25765.4,25721.9,25759.4"
2026-01-30T20:15:00.000+07:00,"25759.6,25766.4,25707.9,25740.2"
2026-01-30T20:30:00.000+07:00,"25740.3,25740.5,25663.3,25723.9"
2026-01-30T20:45:00.000+07:00,"25723.6,25733.4,25691.2,25705.2"
2026-01-30T21:00:00.000+07:00,"25704.3,25729,25689.2,25713.9"
2026-01-30T21:15:00.000+07:00,"25713.4,25727.4,25687.2,25716.9"
2026-01-30T21:30:00.000+07:00,"25715.1,25819.9,25695.7,25754.9"
2026-01-30T21:45:00.000+07:00,"25752.9,25809.8,25688.8,25709.4"
2026-01-30T22:00:00.000+07:00,"25709.5,25807.3,25692.8,25780"
2026-01-30T22:15:00.000+07:00,"25778.5,25801.6,25674.1,25676.9"
2026-01-30T22:30:00.000+07:00,"25677.9,25792.2,25655.3,25776.5"
2026-01-30T22:45:00.000+07:00,"25776.6,25816.7,25707.2,25724.6"
2026-01-30T23:00:00.000+07:00,"25725.9,25751.4,25697.2,25715.9"
2026-01-30T23:15:00.000+07:00,"25715.6,25716.4,25637.9,25681.8"
2026-01-30T23:30:00.000+07:00,"25681.7,25741.4,25667.7,25717.6"
2026-01-30T23:45:00.000+07:00,"25717.4,25721.1,25629.8,25642.5"
2026-01-31T00:00:00.000+07:00,"25641.7,25646.2,25569.9,25588.3"
2026-01-31T00:15:00.000+07:00,"25588.9,25673.5,25574.1,25668"
2026-01-31T00:30:00.000+07:00,"25666,25678.8,25585.3,25626.4"
2026-01-31T00:45:00.000+07:00,"25627.2,25657.8,25563.3,25564.6"
2026-01-31T01:00:00.000+07:00,"25565.7,25598.4,25546,25556.9"
2026-01-31T01:15:00.000+07:00,"25557.1,25564.8,25454.8,25556.1"
2026-01-31T01:30:00.000+07:00,"25554.3,25565.1,25484.5,25509.6"
2026-01-31T01:45:00.000+07:00,"25509.7,25655.4,25506,25624.8"
2026-01-31T02:00:00.000+07:00,"25623.7,25664,25610.3,25627.3"
2026-01-31T02:15:00.000+07:00,"25627.7,25646.2,25598.9,25600.3"
2026-01-31T02:30:00.000+07:00,"25600.1,25621.4,25559.6,25576.9"
2026-01-31T02:45:00.000+07:00,"25576.5,25608.3,25536.9,25541.6"
2026-01-31T03:00:00.000+07:00,"25541.7,25566.4,25497.6,25500.5"
2026-01-31T03:15:00.000+07:00,"25499.3,25499.3,25455.2,25479.6"
2026-01-31T03:30:00.000+07:00,"25479,25537.7,25474.4,25531.7"
2026-01-31T03:45:00.000+07:00,"25531,25611.2,25509.6,25553.8"
2026-01-31T04:00:00.000+07:00,"25553.2,25588,25509.4,25531.5"
2026-01-31T04:15:00.000+07:00,"25531.2,25560.7,25527.2,25533.4"
2026-01-31T04:30:00.000+07:00,"25534.1,25541.1,25512.8,25517"
2026-01-31T04:45:00.000+07:00,"25517.8,25532,25512.8,25519.1"
2026-02-02T06:00:00.000+07:00,"25402.5,25417.5,25284.7,25325.6"
2026-02-02T06:15:00.000+07:00,"25325.7,25348,25258,25317.2"
2026-02-02T06:30:00.000+07:00,"25316.3,25441.9,25302.9,25428.9"
2026-02-02T06:45:00.000+07:00,"25429.1,25455.5,25413.6,25417.9"
2026-02-02T07:00:00.000+07:00,"25417.8,25490.5,25371.9,25466.7"
2026-02-02T07:15:00.000+07:00,"25467.2,25517.7,25462.4,25498.1"
2026-02-02T07:30:00.000+07:00,"25499,25529.7,25475.3,25506.5"
2026-02-02T07:45:00.000+07:00,"25507.3,25517.6,25478.3,25487.2"
2026-02-02T08:00:00.000+07:00,"25487.4,25519.5,25362.6,25380.1"
2026-02-02T08:15:00.000+07:00,"25379.7,25429.5,25365.9,25409.5"
2026-02-02T08:30:00.000+07:00,"25410.5,25413.8,25325.2,25334"
2026-02-02T08:45:00.000+07:00,"25334.1,25342,25284.6,25292.1"
2026-02-02T09:00:00.000+07:00,"25292.6,25333.1,25272.4,25305.8"
2026-02-02T09:15:00.000+07:00,"25306.1,25326.5,25282.3,25305.8"
2026-02-02T09:30:00.000+07:00,"25305.9,25332.3,25282.2,25311.2"
2026-02-02T09:45:00.000+07:00,"25312.5,25316.8,25241.1,25250.8"
2026-02-02T10:00:00.000+07:00,"25252.1,25271.8,25200.2,25224.9"
2026-02-02T10:15:00.000+07:00,"25225,25249.3,25211.3,25217"
2026-02-02T10:30:00.000+07:00,"25216.9,25226.9,25165.8,25181.4"
2026-02-02T10:45:00.000+07:00,"25182.6,25209.4,25146,25164.3"
2026-02-02T11:00:00.000+07:00,"25164.8,25170.6,25100.1,25138.6"
2026-02-02T11:15:00.000+07:00,"25137.8,25215.9,25132.1,25195.1"
2026-02-02T11:30:00.000+07:00,"25193,25259,25190.9,25251.2"
2026-02-02T11:45:00.000+07:00,"25250.9,25256.1,25218.9,25225.6"
2026-02-02T12:00:00.000+07:00,"25224.5,25232.4,25170.9,25194"
2026-02-02T12:15:00.000+07:00,"25194.1,25206.3,25150,25155.6"
2026-02-02T12:30:00.000+07:00,"25155.8,25162.7,25130.1,25138.3"
2026-02-02T12:45:00.000+07:00,"25138.2,25166.8,25120.3,25134.3"
2026-02-02T13:00:00.000+07:00,"25133.7,25157.8,25089.3,25090.8"
2026-02-02T13:15:00.000+07:00,"25091,25134.7,25070.8,25130.1"
2026-02-02T13:30:00.000+07:00,"25129.2,25141.3,25064.7,25110.2"
2026-02-02T13:45:00.000+07:00,"25110.1,25122.9,25071,25117.8"
2026-02-02T14:00:00.000+07:00,"25117.5,25191.2,25117,25160.3"
2026-02-02T14:15:00.000+07:00,"25160.5,25188.5,25139.6,25186.6"
2026-02-02T14:30:00.000+07:00,"25186.3,25206.5,25159.3,25178.6"
2026-02-02T14:45:00.000+07:00,"25178.3,25234.4,25178.3,25232.1"
2026-02-02T15:00:00.000+07:00,"25230.6,25278.5,25223.6,25254.3"
2026-02-02T15:15:00.000+07:00,"25255.2,25286.9,25246,25274.3"
2026-02-02T15:30:00.000+07:00,"25274.1,25302.5,25263.5,25288"
2026-02-02T15:45:00.000+07:00,"25288.2,25305.9,25281.5,25284.9"
2026-02-02T16:00:00.000+07:00,"25289.7,25291.7,25239.7,25274"
2026-02-02T16:15:00.000+07:00,"25273.9,25342.1,25257.2,25322.4"
2026-02-02T16:30:00.000+07:00,"25322.2,25347.2,25316.2,25327.1"
2026-02-02T16:45:00.000+07:00,"25327.2,25343.2,25322.5,25337.5"
2026-02-02T17:00:00.000+07:00,"25337.2,25353.9,25318.4,25329.7"
2026-02-02T17:15:00.000+07:00,"25330.5,25347.6,25322.6,25332"
2026-02-02T17:30:00.000+07:00,"25331.8,25336.8,25284.2,25288.1"
2026-02-02T17:45:00.000+07:00,"25288.6,25304.1,25274.4,25290"
2026-02-02T18:00:00.000+07:00,"25290.1,25327.4,25284.3,25323.2"
2026-02-02T18:15:00.000+07:00,"25323.4,25342.4,25303.6,25340.3"
2026-02-02T18:30:00.000+07:00,"25340.2,25355.8,25323.4,25349.8"
2026-02-02T18:45:00.000+07:00,"25350.2,25376.1,25329.3,25335.6"
2026-02-02T19:00:00.000+07:00,"25337.3,25368.1,25335.9,25360.1"
2026-02-02T19:15:00.000+07:00,"25359.6,25398.6,25357.3,25394.2"
2026-02-02T19:30:00.000+07:00,"25393.6,25406.8,25382.9,25405.7"
2026-02-02T19:45:00.000+07:00,"25405.8,25410.5,25359.4,25372.6"
2026-02-02T20:00:00.000+07:00,"25371.7,25381.8,25340.6,25377.7"
2026-02-02T20:15:00.000+07:00,"25377.8,25385.9,25357,25360.9"
2026-02-02T20:30:00.000+07:00,"25360.7,25379.3,25340.6,25379.2"
2026-02-02T20:45:00.000+07:00,"25379.4,25424.1,25376.5,25412.9"
2026-02-02T21:00:00.000+07:00,"25413.2,25430.6,25403.1,25422.8"
2026-02-02T21:15:00.000+07:00,"25422.9,25430.4,25404.3,25426.9"
2026-02-02T21:30:00.000+07:00,"25427,25613.8,25425.2,25602.8"
2026-02-02T21:45:00.000+07:00,"25606.9,25682.2,25583,25632.8"
2026-02-02T22:00:00.000+07:00,"25632.9,25761.9,25618.3,25758.2"
2026-02-02T22:15:00.000+07:00,"25758,25795.8,25741.6,25750"
2026-02-02T22:30:00.000+07:00,"25752,25792.7,25738,25761.2"
2026-02-02T22:45:00.000+07:00,"25760.7,25761.6,25703.3,25727.6"
2026-02-02T23:00:00.000+07:00,"25726.4,25741.4,25689.6,25739.9"
2026-02-02T23:15:00.000+07:00,"25737.4,25782.7,25732.5,25778.3"
2026-02-02T23:30:00.000+07:00,"25777.9,25784.3,25744.5,25753.4"
2026-02-02T23:45:00.000+07:00,"25753.9,25786.7,25721.7,25780.5"
2026-02-03T00:00:00.000+07:00,"25778.7,25808.8,25772.4,25789.8"
2026-02-03T00:15:00.000+07:00,"25789.3,25805.3,25782.1,25801.3"
2026-02-03T00:30:00.000+07:00,"25801.9,25819.1,25788.5,25798.6"
2026-02-03T00:45:00.000+07:00,"25798.7,25828.4,25795.4,25810.4"
2026-02-03T01:00:00.000+07:00,"25810.2,25823.3,25809.7,25813"
2026-02-03T01:15:00.000+07:00,"25812.9,25815,25785.4,25798.9"
2026-02-03T01:30:00.000+07:00,"25798.3,25818.8,25794.1,25812.6"
2026-02-03T01:45:00.000+07:00,"25812.7,25834.8,25810.7,25827.4"
2026-02-03T02:00:00.000+07:00,"25826.6,25830,25815.5,25817.2"
2026-02-03T02:15:00.000+07:00,"25817.1,25825.8,25805.9,25808.3"
2026-02-03T02:30:00.000+07:00,"25807.2,25807.3,25779.7,25792.2"
2026-02-03T02:45:00.000+07:00,"25791.9,25797.1,25728,25731.6"
2026-02-03T03:00:00.000+07:00,"25732.4,25784.3,25708.8,25756"
2026-02-03T03:15:00.000+07:00,"25755.8,25783.8,25744.6,25751.3"
2026-02-03T03:30:00.000+07:00,"25751,25753.6,25729.7,25734.9"
2026-02-03T03:45:00.000+07:00,"25733.6,25751.1,25717.9,25740.4"
2026-02-03T04:00:00.000+07:00,"25740.3,25780.9,25721.4,25760.4"
2026-02-03T04:15:00.000+07:00,"25760.9,25774.7,25748.9,25770.4"
2026-02-03T04:30:00.000+07:00,"25768.9,25776.8,25754.4,25757.3"
2026-02-03T04:45:00.000+07:00,"25757.5,25770.2,25750.9,25763.7"
2026-02-03T05:00:00.000+07:00,"25763.6,25765.9,25758.3,25764"
2026-02-03T05:15:00.000+07:00,"25763.7,25768.8,25763,25768.7"
2026-02-03T05:30:00.000+07:00,"25768.6,25790.4,25767.7,25788.9"
2026-02-03T05:45:00.000+07:00,"25788.8,25793.2,25787,25788.7"
2026-02-03T06:00:00.000+07:00,"25768.1,25823.8,25754.8,25805.3"
2026-02-03T06:15:00.000+07:00,"25805.4,25828.7,25805.4,25826.9"
2026-02-03T06:30:00.000+07:00,"25827,25865.1,25820.7,25849.1"
2026-02-03T06:45:00.000+07:00,"25849.3,25854.9,25833.4,25836.1"
2026-02-03T07:00:00.000+07:00,"25835.8,25843,25802,25829.3"
2026-02-03T07:15:00.000+07:00,"25829.2,25873.2,25822.9,25860.4"
2026-02-03T07:30:00.000+07:00,"25861,25864.3,25840,25846.4"
2026-02-03T07:45:00.000+07:00,"25845.4,25847.5,25832.5,25841.1"
2026-02-03T08:00:00.000+07:00,"25840.5,25869.5,25840.5,25865.8"
2026-02-03T08:15:00.000+07:00,"25865.7,25879.2,25857,25860.6"
2026-02-03T08:30:00.000+07:00,"25859.1,25863.3,25843.9,25861.3"
2026-02-03T08:45:00.000+07:00,"25861.5,25862.9,25836,25847.6"
2026-02-03T09:00:00.000+07:00,"25847.7,25847.9,25808.5,25813.1"
2026-02-03T09:15:00.000+07:00,"25813,25839.5,25810.3,25812.9"
2026-02-03T09:30:00.000+07:00,"25813.1,25817.3,25789,25798.8"
2026-02-03T09:45:00.000+07:00,"25797.9,25823.3,25787.8,25817"
2026-02-03T10:00:00.000+07:00,"25816.6,25836.6,25808.3,25810.9"
2026-02-03T10:15:00.000+07:00,"25810.7,25832,25800.6,25826.2"
2026-02-03T10:30:00.000+07:00,"25826.9,25849,25815.6,25847.9"
2026-02-03T10:45:00.000+07:00,"25848.4,25852.3,25834.1,25844.8"
2026-02-03T11:00:00.000+07:00,"25844.7,25864.2,25844.7,25849.7"
2026-02-03T11:15:00.000+07:00,"25849.9,25852.2,25840.6,25850.1"
2026-02-03T11:30:00.000+07:00,"25850.6,25870.6,25849.7,25867.6"
2026-02-03T11:45:00.000+07:00,"25867.4,25875.1,25861.3,25867.7"
2026-02-03T12:00:00.000+07:00,"25867.8,25873.7,25839.4,25848.4"
2026-02-03T12:15:00.000+07:00,"25848.2,25865.7,25845.3,25855.7"
2026-02-03T12:30:00.000+07:00,"25856,25869.8,25852.9,25866.4"
2026-02-03T12:45:00.000+07:00,"25866.3,25884.5,25864.6,25874.1"
2026-02-03T13:00:00.000+07:00,"25874.2,25884.7,25861.7,25882"
2026-02-03T13:15:00.000+07:00,"25882.5,25889.7,25874.3,25874.3"
2026-02-03T13:30:00.000+07:00,"25873.4,25894.2,25870.6,25890.5"
2026-02-03T13:45:00.000+07:00,"25890.8,25891.5,25876.4,25878.6"
2026-02-03T14:00:00.000+07:00,"25878.5,25890.4,25873.6,25882.7"
2026-02-03T14:15:00.000+07:00,"25882.8,25886.7,25862.2,25875.5"
2026-02-03T14:30:00.000+07:00,"25875.6,25900.4,25870.3,25899.5"
2026-02-03T14:45:00.000+07:00,"25899.6,25915.6,25894.4,25900.1"
2026-02-03T15:00:00.000+07:00,"25899.4,25911.1,25878.6,25908.9"
2026-02-03T15:15:00.000+07:00,"25908.8,25911.1,25891,25891.2"
2026-02-03T15:30:00.000+07:00,"25891,25892.6,25868.1,25878.2"
2026-02-03T15:45:00.000+07:00,"25878,25885,25857.9,25865.6"
2026-02-03T16:00:00.000+07:00,"25866.5,25897.3,25862.5,25864"
2026-02-03T16:15:00.000+07:00,"25865.1,25875.8,25846.3,25851.2"
2026-02-03T16:30:00.000+07:00,"25852.2,25867.3,25845.2,25855.1"
2026-02-03T16:45:00.000+07:00,"25855.9,25866.5,25845.9,25857.7"
2026-02-03T17:00:00.000+07:00,"25857.8,25878.2,25853.9,25865"
2026-02-03T17:15:00.000+07:00,"25864.9,25874,25854.8,25859.3"
2026-02-03T17:30:00.000+07:00,"25859.2,25859.5,25833.4,25839.8"
2026-02-03T17:45:00.000+07:00,"25839.9,25852.7,25835.4,25842.9"
2026-02-03T18:00:00.000+07:00,"25842.8,25853.9,25827.7,25843.3"
2026-02-03T18:15:00.000+07:00,"25843.2,25852,25828.9,25833"
2026-02-03T18:30:00.000+07:00,"25834.4,25844.7,25822.3,25841.2"
2026-02-03T18:45:00.000+07:00,"25840.9,25852.3,25830.8,25834.1"
2026-02-03T19:00:00.000+07:00,"25834,25856.9,25810.5,25856"
2026-02-03T19:15:00.000+07:00,"25856.6,25876,25847.7,25874.6"
2026-02-03T19:30:00.000+07:00,"25874,25882.7,25869,25871.8"
2026-02-03T19:45:00.000+07:00,"25871.9,25883.1,25865.8,25869"
2026-02-03T20:00:00.000+07:00,"25869.1,25890.8,25864,25875.8"
2026-02-03T20:15:00.000+07:00,"25875.9,25886.4,25862.5,25878.4"
2026-02-03T20:30:00.000+07:00,"25878.6,25888.1,25859.4,25862.4"
2026-02-03T20:45:00.000+07:00,"25862.5,25871.3,25848.6,25855.3"
2026-02-03T21:00:00.000+07:00,"25856.3,25865.1,25841.2,25842.9"
2026-02-03T21:15:00.000+07:00,"25844,25844,25815.2,25819.9"
2026-02-03T21:30:00.000+07:00,"25822,25839.8,25612.6,25640.5"
2026-02-03T21:45:00.000+07:00,"25640.4,25699.3,25513.9,25523"
2026-02-03T22:00:00.000+07:00,"25522.6,25536.3,25422.7,25445.6"
2026-02-03T22:15:00.000+07:00,"25446.3,25496.6,25363.5,25440.4"
2026-02-03T22:30:00.000+07:00,"25439.9,25454.9,25375.4,25417.3"
2026-02-03T22:45:00.000+07:00,"25415.5,25524,25391.3,25509.8"
2026-02-03T23:00:00.000+07:00,"25510,25510.9,25427.5,25445.5"
2026-02-03T23:15:00.000+07:00,"25445.6,25467,25387.5,25389.9"
2026-02-03T23:30:00.000+07:00,"25390,25426.6,25372.7,25396.8"
2026-02-03T23:45:00.000+07:00,"25396.6,25418.7,25362.2,25385.3"
2026-02-04T00:00:00.000+07:00,"25385.2,25395,25295,25313.5"
2026-02-04T00:15:00.000+07:00,"25314,25358.3,25300.4,25307.7"
2026-02-04T00:30:00.000+07:00,"25308.9,25315.8,25238,25251.3"
2026-02-04T00:45:00.000+07:00,"25251.2,25319.4,25246.3,25279.5"
2026-02-04T01:00:00.000+07:00,"25278.8,25315.7,25219.1,25226.2"
2026-02-04T01:15:00.000+07:00,"25226.1,25258.7,25206,25224.5"
2026-02-04T01:30:00.000+07:00,"25224.6,25224.6,25176.4,25184.4"
2026-02-04T01:45:00.000+07:00,"25183.1,25188.8,25139.4,25139.4"
2026-02-04T02:00:00.000+07:00,"25138.3,25217.5,25111.1,25214.3"
2026-02-04T02:15:00.000+07:00,"25213.7,25251.5,25172.4,25188"
2026-02-04T02:30:00.000+07:00,"25188.7,25217.1,25156.7,25163.2"
2026-02-04T02:45:00.000+07:00,"25163.7,25223.4,25129.4,25212.2"
2026-02-04T03:00:00.000+07:00,"25211.3,25220.7,25164.9,25206"
2026-02-04T03:15:00.000+07:00,"25203.7,25237,25180.1,25224.2"
2026-02-04T03:30:00.000+07:00,"25224.5,25315.6,25224.5,25285.2"
2026-02-04T03:45:00.000+07:00,"25285,25351.6,25279.3,25338.4"
2026-02-04T04:00:00.000+07:00,"25338.3,25365.9,25328.3,25339.7"
2026-02-04T04:15:00.000+07:00,"25339.8,25370.7,25273.1,25318.5"
2026-02-04T04:30:00.000+07:00,"25319,25321.3,25293.4,25307.3"
2026-02-04T04:45:00.000+07:00,"25307,25316.7,25294.6,25311.6"
2026-02-04T05:00:00.000+07:00,"25311.7,25314.7,25300.2,25300.6"
2026-02-04T05:15:00.000+07:00,"25300.4,25301,25285,25294.7"
2026-02-04T05:30:00.000+07:00,"25294.5,25298.6,25286.7,25286.7"
2026-02-04T05:45:00.000+07:00,"25287.6,25294.1,25284.6,25291.1"
2026-02-04T06:00:00.000+07:00,"25288.6,25317.5,25257.7,25317.5"
2026-02-04T06:15:00.000+07:00,"25317.6,25336.5,25283.4,25291.2"
2026-02-04T06:30:00.000+07:00,"25291.1,25297.7,25281.1,25296"
2026-02-04T06:45:00.000+07:00,"25295.9,25329,25285.8,25323.3"
2026-02-04T07:00:00.000+07:00,"25322.9,25330.4,25285.7,25300.2"
2026-02-04T07:15:00.000+07:00,"25302.2,25331.1,25295,25302.4"
2026-02-04T07:30:00.000+07:00,"25303.4,25323.2,25292.5,25296.1"
2026-02-04T07:45:00.000+07:00,"25296.2,25307,25272.4,25272.5"
2026-02-04T08:00:00.000+07:00,"25279.8,25336.9,25279.5,25332.4"
2026-02-04T08:15:00.000+07:00,"25332.7,25347.2,25328.5,25339.1"
2026-02-04T08:30:00.000+07:00,"25338.4,25350.5,25318.6,25327.1"
2026-02-04T08:45:00.000+07:00,"25326.3,25340,25309.3,25334"
2026-02-04T09:00:00.000+07:00,"25338.2,25369.6,25335.1,25350.3"
2026-02-04T09:15:00.000+07:00,"25351.3,25360.6,25310.9,25321.5"
2026-02-04T09:30:00.000+07:00,"25321.8,25333.4,25302.7,25319"
2026-02-04T09:45:00.000+07:00,"25318.9,25323.3,25294.8,25309.3"
2026-02-04T10:00:00.000+07:00,"25309.1,25328.7,25297.9,25320.2"
2026-02-04T10:15:00.000+07:00,"25319.3,25332.6,25303.7,25320.8"
2026-02-04T10:30:00.000+07:00,"25318.7,25346,25318.4,25326.1"
2026-02-04T10:45:00.000+07:00,"25325.7,25332.2,25306.2,25329.6"
2026-02-04T11:00:00.000+07:00,"25329.1,25335.3,25320.5,25328.7"
2026-02-04T11:15:00.000+07:00,"25328.6,25332,25311.7,25318.8"
2026-02-04T11:30:00.000+07:00,"25318.7,25344.3,25318.7,25334.2"
2026-02-04T11:45:00.000+07:00,"25334.1,25337.7,25318.3,25329.6"
2026-02-04T12:00:00.000+07:00,"25329.8,25332,25310.8,25317.4"
2026-02-04T12:15:00.000+07:00,"25317.3,25334.4,25317.1,25326.4"
2026-02-04T12:30:00.000+07:00,"25326.3,25329.5,25303.3,25324.8"
2026-02-04T12:45:00.000+07:00,"25324.9,25339.4,25322.2,25339.3"
2026-02-04T13:00:00.000+07:00,"25339,25359.7,25330.6,25356.7"
2026-02-04T13:15:00.000+07:00,"25356.8,25358.9,25331.4,25351.7"
2026-02-04T13:30:00.000+07:00,"25352,25375.1,25343.2,25372.7"
2026-02-04T13:45:00.000+07:00,"25372.8,25384.6,25362.8,25366.6"
2026-02-04T14:00:00.000+07:00,"25366.3,25386.9,25364.8,25382.1"
2026-02-04T14:15:00.000+07:00,"25381.8,25394.5,25378.1,25385.2"
2026-02-04T14:30:00.000+07:00,"25385.3,25403.9,25370.9,25399.5"
2026-02-04T14:45:00.000+07:00,"25399.4,25410.3,25394.6,25397.8"
2026-02-04T15:00:00.000+07:00,"25397.9,25405.6,25354.6,25387.5"
2026-02-04T15:15:00.000+07:00,"25387.4,25390.5,25305.9,25310.2"
2026-02-04T15:30:00.000+07:00,"25309.7,25347.2,25295.8,25346.2"
2026-02-04T15:45:00.000+07:00,"25346,25349.8,25311.7,25320.7"
2026-02-04T16:00:00.000+07:00,"25322.2,25345.1,25303.5,25308.2"
2026-02-04T16:15:00.000+07:00,"25308,25312,25255.1,25278"
2026-02-04T16:30:00.000+07:00,"25278.1,25293.8,25251,25270.9"
2026-02-04T16:45:00.000+07:00,"25270.3,25303.1,25263.9,25297.5"
2026-02-04T17:00:00.000+07:00,"25297.3,25336,25291,25317.4"
2026-02-04T17:15:00.000+07:00,"25316.3,25343.8,25313.5,25339.3"
2026-02-04T17:30:00.000+07:00,"25340.2,25361.8,25332,25338.3"
2026-02-04T17:45:00.000+07:00,"25338.4,25356.2,25329.4,25344.6"
2026-02-04T18:00:00.000+07:00,"25344.7,25354.7,25331.2,25339.6"
2026-02-04T18:15:00.000+07:00,"25339.1,25355.8,25335,25344.4"
2026-02-04T18:30:00.000+07:00,"25344.2,25373.6,25340,25358"
2026-02-04T18:45:00.000+07:00,"25365.7,25379.3,25351.7,25370.1"
2026-02-04T19:00:00.000+07:00,"25370.6,25386.9,25333.6,25357.1"
2026-02-04T19:15:00.000+07:00,"25356.9,25360.6,25315.9,25325.1"
2026-02-04T19:30:00.000+07:00,"25324.3,25343,25293.9,25312.2"
2026-02-04T19:45:00.000+07:00,"25312,25322.4,25292.1,25302.8"
2026-02-04T20:00:00.000+07:00,"25301.8,25311.9,25270.1,25286.6"
2026-02-04T20:15:00.000+07:00,"25287.7,25304.4,25265.5,25287.9"
2026-02-04T20:30:00.000+07:00,"25288,25311.2,25270.3,25288.5"
2026-02-04T20:45:00.000+07:00,"25288.7,25289.1,25238.2,25254.5"
2026-02-04T21:00:00.000+07:00,"25253.1,25254.9,25221.2,25245.5"
2026-02-04T21:15:00.000+07:00,"25245.1,25284.3,25229.8,25280.9"
2026-02-04T21:30:00.000+07:00,"25281.3,25281.3,25127,25228.6"
2026-02-04T21:45:00.000+07:00,"25228.2,25267.6,25082.2,25091.8"
2026-02-04T22:00:00.000+07:00,"25091.2,25153.5,25004.2,25113.4"
2026-02-04T22:15:00.000+07:00,"25112.8,25200,25075.3,25143.7"
2026-02-04T22:30:00.000+07:00,"25143.6,25164.3,25016,25106"
2026-02-04T22:45:00.000+07:00,"25105.4,25116.5,25029,25046.8"
2026-02-04T23:00:00.000+07:00,"25046.4,25066.2,24948.1,25006.6"
2026-02-04T23:15:00.000+07:00,"25006.5,25034.7,24936.5,25028"
2026-02-04T23:30:00.000+07:00,"25027.2,25029.4,24872,24876.1"
2026-02-04T23:45:00.000+07:00,"24876.2,24939.3,24824.6,24932"
2026-02-05T00:00:00.000+07:00,"24931,24951.1,24881,24927.5"
2026-02-05T00:15:00.000+07:00,"24927.6,24938.1,24772.6,24785"
2026-02-05T00:30:00.000+07:00,"24784.7,24841.3,24696,24747.4"
2026-02-05T00:45:00.000+07:00,"24747.1,24778.8,24679.4,24769"
2026-02-05T01:00:00.000+07:00,"24771,24796.6,24717.8,24748.3"
2026-02-05T01:15:00.000+07:00,"24749.3,24847.8,24724.1,24840.6"
2026-02-05T01:30:00.000+07:00,"24839.1,24840.1,24750.6,24785.9"
2026-02-05T01:45:00.000+07:00,"24785.2,24857.2,24732.7,24823.4"
2026-02-05T02:00:00.000+07:00,"24821.9,24838.9,24762.2,24804.9"
2026-02-05T02:15:00.000+07:00,"24802.9,24866.1,24789.9,24861.6"
2026-02-05T02:30:00.000+07:00,"24861.5,24943,24858.3,24925.2"
2026-02-05T02:45:00.000+07:00,"24924.9,25014.5,24911.2,25004.6"
2026-02-05T03:00:00.000+07:00,"25005.8,25019.3,24920.5,24947.6"
2026-02-05T03:15:00.000+07:00,"24947.7,24988.5,24928.1,24959.3"
2026-02-05T03:30:00.000+07:00,"24958.8,24997,24940.3,24962.5"
2026-02-05T03:45:00.000+07:00,"24963.7,24988.6,24879.1,24897.2"
2026-02-05T04:00:00.000+07:00,"24897.7,24961.7,24775.5,24945.8"
2026-02-05T04:15:00.000+07:00,"24945.6,24956.7,24893.3,24942"
2026-02-05T04:30:00.000+07:00,"24940.2,25078.4,24934.3,25052"
2026-02-05T04:45:00.000+07:00,"25052.3,25071.3,25006.9,25012.7"
2026-02-05T05:00:00.000+07:00,"25012.8,25017.3,24978.9,24991.4"
2026-02-05T05:15:00.000+07:00,"24989.6,24994.7,24976.7,24982.3"
2026-02-05T05:30:00.000+07:00,"24982.2,24983.2,24942.2,24960.5"
2026-02-05T05:45:00.000+07:00,"24960.4,24960.4,24945.6,24949.4"
2026-02-05T06:00:00.000+07:00,"24960.9,25015.3,24960.1,24970.6"
2026-02-05T06:15:00.000+07:00,"24970.7,24996.9,24966.2,24995.2"
2026-02-05T06:30:00.000+07:00,"24995.3,25024.8,24965.8,24977.4"
2026-02-05T06:45:00.000+07:00,"24977.5,25003.1,24944,24969.1"
2026-02-05T07:00:00.000+07:00,"24969.2,24974,24932,24967.9"
2026-02-05T07:15:00.000+07:00,"24968,25022,24967.5,25014"
2026-02-05T07:30:00.000+07:00,"25014.8,25036.8,25003,25028"
2026-02-05T07:45:00.000+07:00,"25027.8,25035.8,25007.6,25007.6"
2026-02-05T08:00:00.000+07:00,"25010,25059.7,25000.9,25054.3"
2026-02-05T08:15:00.000+07:00,"25054.4,25069.6,25011.6,25028.9"
2026-02-05T08:30:00.000+07:00,"25029.1,25053.3,25022.5,25045"
2026-02-05T08:45:00.000+07:00,"25045.5,25054.1,25016.7,25023.3"
2026-02-05T09:00:00.000+07:00,"25024.9,25035.9,24913,24913.5"
2026-02-05T09:15:00.000+07:00,"24914,24964.5,24860.8,24960"
2026-02-05T09:30:00.000+07:00,"24958.3,24995.8,24957.8,24972.6"
2026-02-05T09:45:00.000+07:00,"24972.1,24977.8,24859.7,24861.3"
2026-02-05T10:00:00.000+07:00,"24862.7,24920.1,24850.2,24907.5"
2026-02-05T10:15:00.000+07:00,"24905.9,24939,24880.4,24914.2"
2026-02-05T10:30:00.000+07:00,"24914,24919.9,24861.1,24899.2"
2026-02-05T10:45:00.000+07:00,"24897.5,24897.6,24831,24848"
2026-02-05T11:00:00.000+07:00,"24849.9,24885.5,24842.9,24858.6"
2026-02-05T11:15:00.000+07:00,"24859.3,24860.6,24816.4,24850.9"
2026-02-05T11:30:00.000+07:00,"24851,24917.6,24841.9,24915.5"
2026-02-05T11:45:00.000+07:00,"24915,24927.6,24902.8,24912.1"
2026-02-05T12:00:00.000+07:00,"24912.4,24923.8,24883.6,24887.9"
2026-02-05T12:15:00.000+07:00,"24887.4,24910.8,24864.7,24903.2"
2026-02-05T12:30:00.000+07:00,"24902.9,24946.1,24884.4,24930.1"
2026-02-05T12:45:00.000+07:00,"24930.4,24938.2,24891.6,24898.2"
2026-02-05T13:00:00.000+07:00,"24898,24933.9,24894.1,24927.9"
2026-02-05T13:15:00.000+07:00,"24927.5,24954,24912.8,24931.9"
2026-02-05T13:30:00.000+07:00,"24927.4,24958.7,24922.6,24951.9"
2026-02-05T13:45:00.000+07:00,"24954.8,24977.9,24953.3,24972.1"
2026-02-05T14:00:00.000+07:00,"24972.5,24986.3,24961.8,24966"
2026-02-05T14:15:00.000+07:00,"24966.3,24990.8,24957,24980.6"
2026-02-05T14:30:00.000+07:00,"24980.5,24988.9,24947,24962.5"
2026-02-05T14:45:00.000+07:00,"24962.7,24989.1,24942.3,24946.8"
2026-02-05T15:00:00.000+07:00,"24946.5,25013.8,24946.5,24999.1"
2026-02-05T15:15:00.000+07:00,"24999.9,25025.2,24979.4,24994.7"
2026-02-05T15:30:00.000+07:00,"24993.8,25014.5,24971.6,24985.7"
2026-02-05T15:45:00.000+07:00,"24984.3,24984.6,24900.4,24900.5"
2026-02-05T16:00:00.000+07:00,"24900.2,24943,24878.3,24901.8"
2026-02-05T16:15:00.000+07:00,"24899,24972.9,24885.1,24970.6"
2026-02-05T16:30:00.000+07:00,"24970.8,24996.5,24929,24933.7"
2026-02-05T16:45:00.000+07:00,"24933.6,24959.3,24913.6,24930.1"
2026-02-05T17:00:00.000+07:00,"24930.3,24980.5,24923.4,24980.1"
2026-02-05T17:15:00.000+07:00,"24980.3,24992.3,24965.4,24987.6"
2026-02-05T17:30:00.000+07:00,"24988,24990.5,24927,24937.8"
2026-02-05T17:45:00.000+07:00,"24937.9,24955,24931.2,24935.1"
2026-02-05T18:00:00.000+07:00,"24934.2,24942.7,24913,24936.5"
2026-02-05T18:15:00.000+07:00,"24936.6,24965.5,24923,24923.1"
2026-02-05T18:30:00.000+07:00,"24924.5,24934.4,24892,24914.6"
2026-02-05T18:45:00.000+07:00,"24915.4,24933.9,24908.2,24932.2"
2026-02-05T19:00:00.000+07:00,"24932.7,24958.2,24902.1,24941.3"
2026-02-05T19:15:00.000+07:00,"24941.4,24949.6,24782.6,24805.9"
2026-02-05T19:30:00.000+07:00,"24805.2,24819.4,24654.1,24691.4"
2026-02-05T19:45:00.000+07:00,"24690.4,24706,24610.1,24694.2"
2026-02-05T20:00:00.000+07:00,"24694.5,24739.7,24672,24703.1"
2026-02-05T20:15:00.000+07:00,"24703.2,24724.3,24681.1,24693.2"
2026-02-05T20:30:00.000+07:00,"24693.3,24765.7,24663.6,24715.8"
2026-02-05T20:45:00.000+07:00,"24715.5,24726.4,24659.3,24668.8"
2026-02-05T21:00:00.000+07:00,"24670.4,24740.5,24639.4,24664.7"
2026-02-05T21:15:00.000+07:00,"24667.8,24680.4,24627.2,24670.9"
2026-02-05T21:30:00.000+07:00,"24670.8,24836.3,24555.6,24815"
2026-02-05T21:45:00.000+07:00,"24814.8,24860.3,24660.7,24671.9"
2026-02-05T22:00:00.000+07:00,"24671.7,24699,24458,24459.5"
2026-02-05T22:15:00.000+07:00,"24459.4,24564.4,24452.6,24480.6"
2026-02-05T22:30:00.000+07:00,"24481.5,24601.1,24455.8,24579.9"
2026-02-05T22:45:00.000+07:00,"24576.2,24592.6,24471.5,24533.5"
2026-02-05T23:00:00.000+07:00,"24534.9,24555.9,24452.2,24455.4"
2026-02-05T23:15:00.000+07:00,"24454.9,24685.8,24454.9,24680.8"
2026-02-05T23:30:00.000+07:00,"24680.2,24726,24663.5,24687"
2026-02-05T23:45:00.000+07:00,"24686.5,24759.2,24633.7,24732.2"
2026-02-06T00:00:00.000+07:00,"24729.8,24732.6,24639.4,24675.9"
2026-02-06T00:15:00.000+07:00,"24676,24767.2,24625.7,24740.6"
2026-02-06T00:30:00.000+07:00,"24738.4,24777.6,24696.5,24751.6"
2026-02-06T00:45:00.000+07:00,"24754,24788.2,24672.7,24684.2"
2026-02-06T01:00:00.000+07:00,"24684.6,24735.5,24648.1,24674.4"
2026-02-06T01:15:00.000+07:00,"24674.7,24687,24613.7,24633.1"
2026-02-06T01:30:00.000+07:00,"24633.7,24673,24594.9,24614.8"
2026-02-06T01:45:00.000+07:00,"24614.7,24625.3,24563.4,24600.8"
2026-02-06T02:00:00.000+07:00,"24600.9,24716.2,24587.1,24701.5"
2026-02-06T02:15:00.000+07:00,"24701.7,24736.6,24659.3,24663.3"
2026-02-06T02:30:00.000+07:00,"24663.5,24665.1,24583.2,24597.7"
2026-02-06T02:45:00.000+07:00,"24597.8,24617.8,24574.6,24613.9"
2026-02-06T03:00:00.000+07:00,"24612.8,24706.2,24594.4,24648"
2026-02-06T03:15:00.000+07:00,"24647.6,24649.5,24530.7,24537.9"
2026-02-06T03:30:00.000+07:00,"24539.1,24574.5,24504.5,24514.3"
2026-02-06T03:45:00.000+07:00,"24513.3,24563.7,24468.7,24537.1"
2026-02-06T04:00:00.000+07:00,"24537,24592.7,24455.1,24507"
2026-02-06T04:15:00.000+07:00,"24506,24515.1,24430.5,24445.8"
2026-02-06T04:30:00.000+07:00,"24445.5,24446.8,24334.4,24363.1"
2026-02-06T04:45:00.000+07:00,"24366.6,24385.2,24307.8,24326.6"
2026-02-06T05:00:00.000+07:00,"24326.3,24326.3,24263.4,24263.4"
2026-02-06T05:15:00.000+07:00,"24263.3,24309.9,24261.9,24305.2"
2026-02-06T05:30:00.000+07:00,"24305.4,24316.5,24261.5,24269.2"
2026-02-06T05:45:00.000+07:00,"24269.1,24292.6,24257.7,24288.2"
2026-02-06T06:00:00.000+07:00,"24312.4,24374.4,24296.8,24333.7"
2026-02-06T06:15:00.000+07:00,"24333.4,24346.6,24264.9,24331.3"
2026-02-06T06:30:00.000+07:00,"24329.5,24336.8,24252.4,24256.6"
2026-02-06T06:45:00.000+07:00,"24256.7,24263.4,24201.5,24239.9"
2026-02-06T07:00:00.000+07:00,"24238.1,24243.1,24165.7,24174.4"
2026-02-06T07:15:00.000+07:00,"24174.5,24281.2,24146.4,24275.4"
2026-02-06T07:30:00.000+07:00,"24273.9,24307.9,24252.7,24279"
2026-02-06T07:45:00.000+07:00,"24278.4,24314.4,24249.2,24305.7"
2026-02-06T08:00:00.000+07:00,"24306.8,24345.2,24281.5,24282.7"
2026-02-06T08:15:00.000+07:00,"24282.9,24297.1,24246.5,24269.3"
2026-02-06T08:30:00.000+07:00,"24271.1,24386.6,24270.1,24385.4"
2026-02-06T08:45:00.000+07:00,"24382.9,24441.2,24368.1,24434.7"
2026-02-06T09:00:00.000+07:00,"24435.1,24475.4,24435.1,24449.5"
2026-02-06T09:15:00.000+07:00,"24449.7,24473.2,24426.1,24463.4"
2026-02-06T09:30:00.000+07:00,"24463.7,24481.2,24434.7,24458.6"
2026-02-06T09:45:00.000+07:00,"24458.5,24463.5,24416.2,24439.5"
2026-02-06T10:00:00.000+07:00,"24439.6,24470.2,24428.9,24440.4"
2026-02-06T10:15:00.000+07:00,"24440.5,24446.9,24407.7,24426.2"
2026-02-06T10:30:00.000+07:00,"24425.8,24456.7,24377.6,24387.2"
2026-02-06T10:45:00.000+07:00,"24387.1,24439.8,24385.2,24432"
2026-02-06T11:00:00.000+07:00,"24432.1,24434.1,24401.8,24413.3"
2026-02-06T11:15:00.000+07:00,"24412.8,24421.4,24392.8,24397.4"
2026-02-06T11:30:00.000+07:00,"24397.6,24402.1,24354.6,24372.3"
2026-02-06T11:45:00.000+07:00,"24372.6,24382,24332,24359.9"
2026-02-06T12:00:00.000+07:00,"24360,24374.5,24335.7,24370.6"
2026-02-06T12:15:00.000+07:00,"24370.3,24397.6,24360.5,24397"
2026-02-06T12:30:00.000+07:00,"24396.8,24466.1,24394,24463.9"
2026-02-06T12:45:00.000+07:00,"24463.4,24501.4,24449.5,24487.6"
2026-02-06T13:00:00.000+07:00,"24487.9,24516.8,24483.5,24499.6"
2026-02-06T13:15:00.000+07:00,"24499.3,24517,24487.1,24501.5"
2026-02-06T13:30:00.000+07:00,"24501,24519.2,24453.1,24463.9"
2026-02-06T13:45:00.000+07:00,"24463.6,24470.5,24446.3,24453.6"
2026-02-06T14:00:00.000+07:00,"24455.8,24457.8,24411.7,24434.5"
2026-02-06T14:15:00.000+07:00,"24434.6,24482.6,24427.6,24476.5"
2026-02-06T14:30:00.000+07:00,"24476.9,24484,24449.1,24451"
2026-02-06T14:45:00.000+07:00,"24450.8,24463.8,24433.9,24463.1"
2026-02-06T15:00:00.000+07:00,"24460.7,24496.3,24397,24478.8"
2026-02-06T15:15:00.000+07:00,"24478.7,24496.4,24455.3,24456.9"
2026-02-06T15:30:00.000+07:00,"24457,24495.5,24435.5,24473.3"
2026-02-06T15:45:00.000+07:00,"24473.4,24512.4,24442.2,24489.9"
2026-02-06T16:00:00.000+07:00,"24489.1,24564.2,24467.2,24561"
2026-02-06T16:15:00.000+07:00,"24560.9,24631.4,24541.8,24628.1"
2026-02-06T16:30:00.000+07:00,"24627.8,24687.7,24625.3,24680.6"
2026-02-06T16:45:00.000+07:00,"24679.7,24680.4,24641.4,24656.7"
2026-02-06T17:00:00.000+07:00,"24656.5,24656.5,24618.1,24640"
2026-02-06T17:15:00.000+07:00,"24639.9,24658.5,24621,24624.1"
2026-02-06T17:30:00.000+07:00,"24623.9,24671.5,24616.7,24656.5"
2026-02-06T17:45:00.000+07:00,"24656.7,24702,24644.4,24698.4"
2026-02-06T18:00:00.000+07:00,"24698.3,24735.2,24696.3,24730.8"
2026-02-06T18:15:00.000+07:00,"24730.9,24737,24708.8,24718.1"
2026-02-06T18:30:00.000+07:00,"24715.8,24766.1,24715.8,24748.8"
2026-02-06T18:45:00.000+07:00,"24748.9,24777.9,24730.3,24759.7"
2026-02-06T19:00:00.000+07:00,"24759.6,24765.4,24705.9,24706"
2026-02-06T19:15:00.000+07:00,"24706.1,24730.7,24688.3,24699"
2026-02-06T19:30:00.000+07:00,"24698,24730,24679.7,24700.5"
2026-02-06T19:45:00.000+07:00,"24700.1,24715.7,24665.9,24687.2"
2026-02-06T20:00:00.000+07:00,"24687,24711.4,24663.6,24707.2"
2026-02-06T20:15:00.000+07:00,"24706.9,24753.5,24686.2,24725.7"
2026-02-06T20:30:00.000+07:00,"24725.5,24757.1,24685.7,24713.9"
2026-02-06T20:45:00.000+07:00,"24713.4,24724.9,24681.5,24703.5"
2026-02-06T21:00:00.000+07:00,"24703.7,24723,24681.6,24701.4"
2026-02-06T21:15:00.000+07:00,"24702.9,24714.5,24654.4,24664.9"
2026-02-06T21:30:00.000+07:00,"24665,24832.3,24607.4,24831.2"
2026-02-06T21:45:00.000+07:00,"24831.4,24892.8,24759.1,24762.3"
2026-02-06T22:00:00.000+07:00,"24763.8,24778.9,24668.6,24679.7"
2026-02-06T22:15:00.000+07:00,"24678.9,24823.1,24655.5,24812"
2026-02-06T22:30:00.000+07:00,"24812.2,24856.1,24769.6,24833.4"
2026-02-06T22:45:00.000+07:00,"24834.6,24870,24731.7,24805.1"
2026-02-06T23:00:00.000+07:00,"24807,24915.1,24792.9,24914.7"
2026-02-06T23:15:00.000+07:00,"24914.5,24945.6,24886,24916.6"
2026-02-06T23:30:00.000+07:00,"24915.9,24960.5,24914.3,24934.9"
2026-02-06T23:45:00.000+07:00,"24935.1,24952.2,24890.1,24912.8"
2026-02-07T00:00:00.000+07:00,"24911.9,24965,24896.8,24951.3"
2026-02-07T00:15:00.000+07:00,"24951.1,24984.6,24934.6,24978.5"
2026-02-07T00:30:00.000+07:00,"24978.4,25008.5,24948.5,24982.8"
2026-02-07T00:45:00.000+07:00,"24982.7,25020,24982.7,25003.2"
2026-02-07T01:00:00.000+07:00,"25003.4,25034.4,25003.4,25008"
2026-02-07T01:15:00.000+07:00,"25008.6,25029.5,24985.4,25001"
2026-02-07T01:30:00.000+07:00,"25000.2,25018.2,24990.4,25006.1"
2026-02-07T01:45:00.000+07:00,"25006.2,25019.7,24992.3,24994.6"
2026-02-07T02:00:00.000+07:00,"24995.1,25012,24985.8,24986.1"
2026-02-07T02:15:00.000+07:00,"24986,25018.5,24975.6,25015.9"
2026-02-07T02:30:00.000+07:00,"25014.6,25018,24985.8,24986.5"
2026-02-07T02:45:00.000+07:00,"24986.6,25016,24980.9,24980.9"
2026-02-07T03:00:00.000+07:00,"24980.6,25013.6,24966.5,25006.5"
2026-02-07T03:15:00.000+07:00,"25006.8,25038.2,25006.2,25021.5"
2026-02-07T03:30:00.000+07:00,"25021.8,25062.4,25011.2,25061.5"
2026-02-07T03:45:00.000+07:00,"25062.3,25131.9,25057.8,25057.8"
2026-02-07T04:00:00.000+07:00,"25055.9,25074.1,25031.6,25036.4"
2026-02-07T04:15:00.000+07:00,"25035.2,25043.1,25018.5,25019.9"
2026-02-07T04:30:00.000+07:00,"25020.1,25023.6,25008.4,25018.2"
2026-02-07T04:45:00.000+07:00,"25017.4,25021.7,25000.2,25012.2"
2026-02-09T06:00:00.000+07:00,"25115,25167,25083.5,25154.6"
2026-02-09T06:15:00.000+07:00,"25154.5,25173.6,25144.3,25145.9"
2026-02-09T06:30:00.000+07:00,"25145.2,25185.7,25132.3,25182.4"
2026-02-09T06:45:00.000+07:00,"25182.9,25204.4,25171.9,25185.6"
2026-02-09T07:00:00.000+07:00,"25183.2,25243.2,25180.1,25238.4"
2026-02-09T07:15:00.000+07:00,"25238.8,25255.6,25202.3,25203.1"
2026-02-09T07:30:00.000+07:00,"25203.5,25238.3,25197.9,25207.4"
2026-02-09T07:45:00.000+07:00,"25207.1,25211.7,25170.6,25175.2"
2026-02-09T08:00:00.000+07:00,"25175,25177.8,25149,25155.9"
2026-02-09T08:15:00.000+07:00,"25156.7,25173.3,25146.2,25149.3"
2026-02-09T08:30:00.000+07:00,"25149.7,25175.3,25131.3,25140.1"
2026-02-09T08:45:00.000+07:00,"25140.9,25146.1,25108.2,25130.1"
2026-02-09T09:00:00.000+07:00,"25129.8,25161.8,25120.2,25138.3"
2026-02-09T09:15:00.000+07:00,"25139,25154.5,25124.9,25138.1"
2026-02-09T09:30:00.000+07:00,"25138.9,25174.6,25138,25168.8"
2026-02-09T09:45:00.000+07:00,"25168.6,25171.9,25134.2,25140.5"
2026-02-09T10:00:00.000+07:00,"25140.2,25154.3,25128.7,25138.3"
2026-02-09T10:15:00.000+07:00,"25137.5,25148,25126.2,25126.2"
2026-02-09T10:30:00.000+07:00,"25122.3,25139.4,25104.1,25120.5"
2026-02-09T10:45:00.000+07:00,"25120.6,25130.2,25101.4,25101.5"
2026-02-09T11:00:00.000+07:00,"25101.7,25135.6,25100.8,25125.5"
2026-02-09T11:15:00.000+07:00,"25126.2,25132.6,25117.1,25126.2"
2026-02-09T11:30:00.000+07:00,"25126.3,25127.1,25105.7,25110.2"
2026-02-09T11:45:00.000+07:00,"25110.3,25115.4,25091.6,25098.8"
2026-02-09T12:00:00.000+07:00,"25098.3,25111.2,25088.1,25105.9"
2026-02-09T12:15:00.000+07:00,"25106,25133.6,25106,25121.7"
2026-02-09T12:30:00.000+07:00,"25121.6,25140.8,25108.7,25111.1"
2026-02-09T12:45:00.000+07:00,"25110.6,25132.4,25101.2,25127.8"
2026-02-09T13:00:00.000+07:00,"25127.9,25134.5,25075.8,25106.4"
2026-02-09T13:15:00.000+07:00,"25105.8,25107,25072.4,25079.2"
2026-02-09T13:30:00.000+07:00,"25077.7,25112.9,25077.5,25095.7"
2026-02-09T13:45:00.000+07:00,"25094,25110.9,25067.8,25079"
2026-02-09T14:00:00.000+07:00,"25079.4,25094.1,25065.9,25070"
2026-02-09T14:15:00.000+07:00,"25070.2,25082.9,25044.6,25051.8"
2026-02-09T14:30:00.000+07:00,"25051.6,25063.7,25033.1,25055.8"
2026-02-09T14:45:00.000+07:00,"25056.6,25086.5,25055.3,25071.6"
2026-02-09T15:00:00.000+07:00,"25070.2,25126.8,25067.3,25113.3"
2026-02-09T15:15:00.000+07:00,"25113.4,25122.7,25088.2,25093.7"
2026-02-09T15:30:00.000+07:00,"25093.8,25101.3,25061.2,25082.7"
2026-02-09T15:45:00.000+07:00,"25083.7,25098.5,25071.1,25075.4"
2026-02-09T16:00:00.000+07:00,"25072.8,25097,25069.2,25073.1"
2026-02-09T16:15:00.000+07:00,"25071.4,25082.7,25055.5,25067.8"
2026-02-09T16:30:00.000+07:00,"25067.1,25075.1,25026.5,25042.4"
2026-02-09T16:45:00.000+07:00,"25042.7,25050.6,24984.9,25000.4"
2026-02-09T17:00:00.000+07:00,"25000.5,25005.6,24962,24979"
2026-02-09T17:15:00.000+07:00,"24978.8,24978.9,24946.2,24950.5"
2026-02-09T17:30:00.000+07:00,"24951,24953.5,24879,24898.3"
2026-02-09T17:45:00.000+07:00,"24897,24967.3,24891.9,24955.4"
2026-02-09T18:00:00.000+07:00,"24956.4,24968.4,24932,24945.8"
2026-02-09T18:15:00.000+07:00,"24945.6,24981.9,24938,24977.4"
2026-02-09T18:30:00.000+07:00,"24977.3,24984.1,24953.9,24960.5"
2026-02-09T18:45:00.000+07:00,"24960.3,24974.7,24945.1,24958.7"
2026-02-09T19:00:00.000+07:00,"24958.8,25011.2,24926.6,25006.9"
2026-02-09T19:15:00.000+07:00,"25006.4,25008.8,24972.9,25003.4"
2026-02-09T19:30:00.000+07:00,"25003,25015.9,24984.9,24990.5"
2026-02-09T19:45:00.000+07:00,"24990.6,25013.2,24984,25013"
2026-02-09T20:00:00.000+07:00,"25013.2,25064.7,25011.5,25049.5"
2026-02-09T20:15:00.000+07:00,"25049.6,25068.4,25026,25033.8"
2026-02-09T20:30:00.000+07:00,"25032.9,25035.9,25005.3,25018.2"
2026-02-09T20:45:00.000+07:00,"25018.4,25027.5,24985.6,24992"
2026-02-09T21:00:00.000+07:00,"24992.2,25005.9,24968.3,24985.7"
2026-02-09T21:15:00.000+07:00,"24985.2,24993.3,24951.3,24968.5"
2026-02-09T21:30:00.000+07:00,"24969.1,25064.2,24868.8,25062.3"
2026-02-09T21:45:00.000+07:00,"25062.2,25100.5,25005.1,25027.2"
2026-02-09T22:00:00.000+07:00,"25022.3,25129.6,25015.6,25127"
2026-02-09T22:15:00.000+07:00,"25128.5,25166.9,25080.5,25094.5"
2026-02-09T22:30:00.000+07:00,"25094.9,25188.1,25094.9,25176.5"
2026-02-09T22:45:00.000+07:00,"25176.9,25242.2,25170.2,25225.1"
2026-02-09T23:00:00.000+07:00,"25224.3,25247.6,25218,25245.4"
2026-02-09T23:15:00.000+07:00,"25244.9,25271.1,25227.6,25269.8"
2026-02-09T23:30:00.000+07:00,"25267.7,25277.8,25251.1,25275.1"
2026-02-09T23:45:00.000+07:00,"25277.3,25316.4,25277.3,25303.5"
2026-02-10T00:00:00.000+07:00,"25303.3,25329.5,25294.6,25320"
2026-02-10T00:15:00.000+07:00,"25319.5,25327.4,25291.4,25296.6"
2026-02-10T00:30:00.000+07:00,"25294.7,25311.1,25283.9,25291.2"
2026-02-10T00:45:00.000+07:00,"25290.9,25298,25263.8,25268.3"
2026-02-10T01:00:00.000+07:00,"25269.1,25293.4,25257.3,25284.7"
2026-02-10T01:15:00.000+07:00,"25285.7,25293.4,25224.7,25255.1"
2026-02-10T01:30:00.000+07:00,"25254.1,25297.8,25242,25291"
2026-02-10T01:45:00.000+07:00,"25291.1,25298.7,25275.1,25281"
2026-02-10T02:00:00.000+07:00,"25280.1,25309.4,25274.6,25307.5"
2026-02-10T02:15:00.000+07:00,"25307,25333.7,25303.6,25329.1"
2026-02-10T02:30:00.000+07:00,"25329.8,25339.8,25323.2,25326"
2026-02-10T02:45:00.000+07:00,"25326.1,25330.6,25308.9,25311"
2026-02-10T03:00:00.000+07:00,"25311.2,25325,25305.4,25312.7"
2026-02-10T03:15:00.000+07:00,"25311.8,25313.1,25267.1,25277.4"
2026-02-10T03:30:00.000+07:00,"25277.6,25291,25246.6,25279.5"
2026-02-10T03:45:00.000+07:00,"25280.6,25304.7,25258,25258.3"
2026-02-10T04:00:00.000+07:00,"25257.4,25285.8,25248,25281.5"
2026-02-10T04:15:00.000+07:00,"25283.2,25283.5,25262.9,25275.2"
2026-02-10T04:30:00.000+07:00,"25274.7,25282.7,25272,25280"
2026-02-10T04:45:00.000+07:00,"25280.3,25284.1,25270,25271.5"
2026-02-10T05:00:00.000+07:00,"25272.6,25274.7,25266.6,25271"
2026-02-10T05:15:00.000+07:00,"25271.5,25271.5,25266.2,25266.2"
2026-02-10T05:30:00.000+07:00,"25266.6,25271.1,25266.6,25267.5"
2026-02-10T05:45:00.000+07:00,"25267.1,25280.4,25267.1,25279.2"
2026-02-10T06:00:00.000+07:00,"25276,25310,25259,25271.3"
2026-02-10T06:15:00.000+07:00,"25271.1,25274.6,25254.1,25266.9"
2026-02-10T06:30:00.000+07:00,"25266.8,25286.9,25249.7,25277.4"
2026-02-10T06:45:00.000+07:00,"25276.9,25276.9,25242,25257.5"
2026-02-10T07:00:00.000+07:00,"25257.1,25276.4,25229.1,25230.1"
2026-02-10T07:15:00.000+07:00,"25230.6,25249.4,25229.2,25240.8"
2026-02-10T07:30:00.000+07:00,"25240.6,25248.7,25227.6,25230"
2026-02-10T07:45:00.000+07:00,"25229.2,25256.2,25225.9,25249.4"
2026-02-10T08:00:00.000+07:00,"25250.1,25256.3,25238.3,25245.9"
2026-02-10T08:15:00.000+07:00,"25245.8,25254.6,25227,25230.7"
2026-02-10T08:30:00.000+07:00,"25227,25250.7,25213.2,25246.6"
2026-02-10T08:45:00.000+07:00,"25247.2,25266,25231.9,25248.9"
2026-02-10T09:00:00.000+07:00,"25248.8,25248.9,25224,25236.6"
2026-02-10T09:15:00.000+07:00,"25236.7,25247,25222,25232.9"
2026-02-10T09:30:00.000+07:00,"25233,25237.2,25200.3,25217.4"
2026-02-10T09:45:00.000+07:00,"25217.3,25229.1,25210.9,25218.8"
2026-02-10T10:00:00.000+07:00,"25219.2,25222.4,25195.3,25200.9"
2026-02-10T10:15:00.000+07:00,"25200.5,25217.7,25192.1,25203.8"
2026-02-10T10:30:00.000+07:00,"25203.6,25227.7,25199.7,25209.3"
2026-02-10T10:45:00.000+07:00,"25209.5,25223.9,25204.4,25214.3"
2026-02-10T11:00:00.000+07:00,"25214.1,25234.5,25212.4,25226.3"
2026-02-10T11:15:00.000+07:00,"25226,25237.3,25221.6,25235.3"
2026-02-10T11:30:00.000+07:00,"25235.4,25241.7,25228.2,25236.8"
2026-02-10T11:45:00.000+07:00,"25237.2,25260.8,25234.6,25258.6"
2026-02-10T12:00:00.000+07:00,"25259,25261.2,25240.8,25247.6"
2026-02-10T12:15:00.000+07:00,"25247.9,25248.6,25225.9,25229.4"
2026-02-10T12:30:00.000+07:00,"25229.9,25270,25226.9,25250.5"
2026-02-10T12:45:00.000+07:00,"25250.6,25272.2,25246.8,25265.5"
2026-02-10T13:00:00.000+07:00,"25265.6,25267.3,25239.2,25245.3"
2026-02-10T13:15:00.000+07:00,"25245,25246.3,25223.1,25233"
2026-02-10T13:30:00.000+07:00,"25233.6,25241.3,25208.9,25215.7"
2026-02-10T13:45:00.000+07:00,"25215.8,25227.7,25205.2,25227.2"
2026-02-10T14:00:00.000+07:00,"25228,25250.3,25219.7,25237.1"
2026-02-10T14:15:00.000+07:00,"25236.9,25253,25228.8,25243.7"
2026-02-10T14:30:00.000+07:00,"25243.9,25257,25239.6,25248.8"
2026-02-10T14:45:00.000+07:00,"25248.9,25262.9,25242.1,25262.5"
2026-02-10T15:00:00.000+07:00,"25262.3,25280.3,25235.6,25276.2"
2026-02-10T15:15:00.000+07:00,"25276.9,25280.2,25247,25254.2"
2026-02-10T15:30:00.000+07:00,"25254.1,25266.9,25242.9,25244.1"
2026-02-10T15:45:00.000+07:00,"25243.6,25261.7,25238.9,25248"
2026-02-10T16:00:00.000+07:00,"25249.3,25297.5,25248,25290.7"
2026-02-10T16:15:00.000+07:00,"25290.4,25318.2,25290.4,25308.4"
2026-02-10T16:30:00.000+07:00,"25308.5,25312.3,25296.6,25300.2"
2026-02-10T16:45:00.000+07:00,"25300.1,25300.4,25267.1,25278.1"
2026-02-10T17:00:00.000+07:00,"25278.2,25279.7,25254.9,25278.1"
2026-02-10T17:15:00.000+07:00,"25278.6,25280.9,25259.6,25275.7"
2026-02-10T17:30:00.000+07:00,"25276,25276,25256.2,25265"
2026-02-10T17:45:00.000+07:00,"25265.3,25289.1,25261.8,25269.1"
2026-02-10T18:00:00.000+07:00,"25269.3,25269.3,25247.5,25259.6"
2026-02-10T18:15:00.000+07:00,"25259.8,25277.2,25258.5,25266.2"
2026-02-10T18:30:00.000+07:00,"25266.4,25282.5,25265.5,25273.4"
2026-02-10T18:45:00.000+07:00,"25273.3,25287.2,25271.7,25282.8"
2026-02-10T19:00:00.000+07:00,"25285.1,25311.1,25281.4,25304.6"
2026-02-10T19:15:00.000+07:00,"25304.9,25329.6,25302.9,25328.4"
2026-02-10T19:30:00.000+07:00,"25328.3,25335.3,25272,25288.7"
2026-02-10T19:45:00.000+07:00,"25288.9,25289.3,25251.2,25252.5"
2026-02-10T20:00:00.000+07:00,"25253.7,25255.6,25205.9,25234.3"
2026-02-10T20:15:00.000+07:00,"25233.4,25256.5,25221.4,25244"
2026-02-10T20:30:00.000+07:00,"25244.3,25269.2,25214.5,25262.7"
2026-02-10T20:45:00.000+07:00,"25262.8,25288.8,25260.9,25286.7"
2026-02-10T21:00:00.000+07:00,"25285.7,25300,25280.4,25296.9"
2026-02-10T21:15:00.000+07:00,"25296.7,25310.9,25290.1,25290.6"
2026-02-10T21:30:00.000+07:00,"25290.7,25324,25179.3,25222.2"
2026-02-10T21:45:00.000+07:00,"25223.2,25320.9,25170,25306.1"
2026-02-10T22:00:00.000+07:00,"25307.6,25361.9,25274.5,25308.1"
2026-02-10T22:15:00.000+07:00,"25307.6,25343.2,25280.3,25316.3"
2026-02-10T22:30:00.000+07:00,"25316.2,25353.7,25298.4,25327.9"
2026-02-10T22:45:00.000+07:00,"25327.5,25344,25263.4,25290"
2026-02-10T23:00:00.000+07:00,"25289.7,25314.7,25264.8,25291.7"
2026-02-10T23:15:00.000+07:00,"25290.1,25308.4,25244.8,25264.1"
2026-02-10T23:30:00.000+07:00,"25264.5,25275.3,25240.4,25243"
2026-02-10T23:45:00.000+07:00,"25244.5,25281.2,25230.6,25240.6"
2026-02-11T00:00:00.000+07:00,"25241.9,25282.1,25220,25279.5"
2026-02-11T00:15:00.000+07:00,"25279.4,25300.1,25270.7,25282.1"
2026-02-11T00:30:00.000+07:00,"25281.9,25296.8,25267.3,25290.4"
2026-02-11T00:45:00.000+07:00,"25290.7,25312.8,25290.7,25298.9"
2026-02-11T01:00:00.000+07:00,"25299,25299,25257.8,25260.8"
2026-02-11T01:15:00.000+07:00,"25260.2,25264.9,25204.1,25207.2"
2026-02-11T01:30:00.000+07:00,"25207,25223.3,25186.5,25213.7"
2026-02-11T01:45:00.000+07:00,"25212.8,25238.1,25190.8,25227.6"
2026-02-11T02:00:00.000+07:00,"25227.2,25237.9,25200.3,25216"
2026-02-11T02:15:00.000+07:00,"25216.4,25220.6,25190.9,25215.8"
2026-02-11T02:30:00.000+07:00,"25215.6,25228.5,25191,25196.7"
2026-02-11T02:45:00.000+07:00,"25196.8,25221.2,25193.1,25211"
2026-02-11T03:00:00.000+07:00,"25210.5,25212.9,25159.8,25166.6"
2026-02-11T03:15:00.000+07:00,"25167.3,25189.7,25158.7,25167.8"
2026-02-11T03:30:00.000+07:00,"25168.1,25183.2,25144.1,25162.9"
2026-02-11T03:45:00.000+07:00,"25163.6,25179.7,25113.8,25137"
2026-02-11T04:00:00.000+07:00,"25136.8,25155.2,25123.3,25148.4"
2026-02-11T04:15:00.000+07:00,"25149.9,25154.8,25140,25145.7"
2026-02-11T04:30:00.000+07:00,"25146.7,25159.6,25145.9,25159.1"
2026-02-11T04:45:00.000+07:00,"25158.8,25172.9,25155.8,25169.5"
2026-02-11T05:00:00.000+07:00,"25166.5,25169.5,25154.4,25156.5"
2026-02-11T05:15:00.000+07:00,"25155.9,25159.8,25151.6,25158.5"
2026-02-11T05:30:00.000+07:00,"25158.4,25159.1,25156.8,25158.2"
2026-02-11T05:45:00.000+07:00,"25157.5,25159,25152.2,25155.6"
2026-02-11T06:00:00.000+07:00,"25155.8,25195.5,25155.8,25195"
2026-02-11T06:15:00.000+07:00,"25195.1,25204.9,25193.8,25195"
2026-02-11T06:30:00.000+07:00,"25194.8,25199.1,25185.7,25196.3"
2026-02-11T06:45:00.000+07:00,"25196.4,25201.7,25188.4,25190.7"
2026-02-11T07:00:00.000+07:00,"25191.1,25203.7,25188.5,25196.9"
2026-02-11T07:15:00.000+07:00,"25197.2,25200.1,25183.6,25193.5"
2026-02-11T07:30:00.000+07:00,"25193.7,25208.4,25192.6,25205.5"
2026-02-11T07:45:00.000+07:00,"25206.1,25214,25202.8,25206.9"
2026-02-11T08:00:00.000+07:00,"25207.1,25230.6,25207.1,25226.8"
2026-02-11T08:15:00.000+07:00,"25227.3,25232.5,25218.5,25221.8"
2026-02-11T08:30:00.000+07:00,"25221.6,25234,25217,25230.2"
2026-02-11T08:45:00.000+07:00,"25230.1,25244,25230,25231.8"
2026-02-11T09:00:00.000+07:00,"25232.2,25238.9,25224.7,25234.4"
2026-02-11T09:15:00.000+07:00,"25234.5,25246.5,25232.5,25237.7"
2026-02-11T09:30:00.000+07:00,"25237.6,25241.9,25223.1,25226.3"
2026-02-11T09:45:00.000+07:00,"25226.8,25245,25226.8,25238.2"
2026-02-11T10:00:00.000+07:00,"25238.1,25241.7,25226.7,25230.5"
2026-02-11T10:15:00.000+07:00,"25231,25242.7,25219.3,25239.8"
2026-02-11T10:30:00.000+07:00,"25239.9,25253.2,25233.5,25249.2"
2026-02-11T10:45:00.000+07:00,"25248.9,25262.1,25247.6,25254.7"
2026-02-11T11:00:00.000+07:00,"25254.5,25256.6,25237.4,25240.3"
2026-02-11T11:15:00.000+07:00,"25240.2,25249.7,25229.1,25231.3"
2026-02-11T11:30:00.000+07:00,"25232.2,25235.1,25212.7,25220.1"
2026-02-11T11:45:00.000+07:00,"25219.6,25231.7,25218.6,25223.2"
2026-02-11T12:00:00.000+07:00,"25223.4,25237.2,25219.7,25231"
2026-02-11T12:15:00.000+07:00,"25231.5,25243.8,25218.8,25222.3"
2026-02-11T12:30:00.000+07:00,"25222.4,25224.3,25201,25202.5"
2026-02-11T12:45:00.000+07:00,"25202.3,25210.1,25198.2,25204.8"
2026-02-11T13:00:00.000+07:00,"25205.9,25233.8,25203.7,25209"
2026-02-11T13:15:00.000+07:00,"25208.8,25209,25190.6,25192.5"
2026-02-11T13:30:00.000+07:00,"25192.6,25204.2,25188.7,25195.9"
2026-02-11T13:45:00.000+07:00,"25196.1,25197.2,25184.3,25185.7"
2026-02-11T14:00:00.000+07:00,"25186.9,25205,25169.5,25172.7"
2026-02-11T14:15:00.000+07:00,"25172.5,25207.1,25171.7,25201.1"
2026-02-11T14:30:00.000+07:00,"25201.2,25201.2,25177.7,25189.5"
2026-02-11T14:45:00.000+07:00,"25189.6,25203.3,25179.4,25187"
2026-02-11T15:00:00.000+07:00,"25187.1,25196.1,25141.9,25143.7"
2026-02-11T15:15:00.000+07:00,"25145.2,25165.2,25126.3,25152.7"
2026-02-11T15:30:00.000+07:00,"25153.2,25183.1,25153.2,25175.6"
2026-02-11T15:45:00.000+07:00,"25175,25179.6,25164.8,25167"
2026-02-11T16:00:00.000+07:00,"25167.1,25196.1,25159.3,25175.6"
2026-02-11T16:15:00.000+07:00,"25175.7,25179.7,25153.7,25171.7"
2026-02-11T16:30:00.000+07:00,"25171.5,25174.5,25121.1,25131"
2026-02-11T16:45:00.000+07:00,"25131.1,25148,25121,25122.7"
2026-02-11T17:00:00.000+07:00,"25123,25123.1,25064.2,25080.8"
2026-02-11T17:15:00.000+07:00,"25080,25115.9,25076.1,25108.1"
2026-02-11T17:30:00.000+07:00,"25108.3,25113.3,25092.5,25105"
2026-02-11T17:45:00.000+07:00,"25104.7,25125.4,25083,25125.2"
2026-02-11T18:00:00.000+07:00,"25124.6,25150.1,25122.9,25132.7"
2026-02-11T18:15:00.000+07:00,"25133.1,25165.6,25132,25164.5"
2026-02-11T18:30:00.000+07:00,"25164.2,25167.4,25130.8,25139.2"
2026-02-11T18:45:00.000+07:00,"25139.9,25156.1,25128.4,25131.3"
2026-02-11T19:00:00.000+07:00,"25126.7,25193.6,25126.7,25190.3"
2026-02-11T19:15:00.000+07:00,"25190.8,25192,25166.8,25170.8"
2026-02-11T19:30:00.000+07:00,"25170.5,25176.6,25154.8,25163.7"
2026-02-11T19:45:00.000+07:00,"25163.8,25165.8,25139.4,25164.2"
2026-02-11T20:00:00.000+07:00,"25164.4,25173.2,25152.6,25166"
2026-02-11T20:15:00.000+07:00,"25167,25188.2,25161,25161"
2026-02-11T20:30:00.000+07:00,"25161.3,25285.2,25161.1,25260.6"
2026-02-11T20:45:00.000+07:00,"25259.9,25368.2,25259.3,25360"
2026-02-11T21:00:00.000+07:00,"25360.2,25363.6,25326.5,25336.2"
2026-02-11T21:15:00.000+07:00,"25336.9,25358.4,25324.3,25335.6"
2026-02-11T21:30:00.000+07:00,"25336.5,25382.1,25257.2,25306.9"
2026-02-11T21:45:00.000+07:00,"25306.8,25351.7,25204.7,25217.8"
2026-02-11T22:00:00.000+07:00,"25219,25257.8,25058.4,25105.4"
2026-02-11T22:15:00.000+07:00,"25105.7,25110.8,24976.8,24994.3"
2026-02-11T22:30:00.000+07:00,"24994.4,25110.1,24988.6,25097.6"
2026-02-11T22:45:00.000+07:00,"25098.9,25189.8,25052.9,25163.7"
2026-02-11T23:00:00.000+07:00,"25163.6,25181.8,25100.7,25178.2"
2026-02-11T23:15:00.000+07:00,"25177.5,25192.6,25111.4,25111.4"
2026-02-11T23:30:00.000+07:00,"25111.1,25173.8,25095.2,25146.2"
2026-02-11T23:45:00.000+07:00,"25146.3,25157.6,25095.5,25097.5"
2026-02-12T00:00:00.000+07:00,"25098.7,25142.1,25060.7,25130"
2026-02-12T00:15:00.000+07:00,"25130.1,25215,25116,25206.9"
2026-02-12T00:30:00.000+07:00,"25205.3,25229.6,25179.6,25220.6"
2026-02-12T00:45:00.000+07:00,"25220.5,25241,25171.4,25180.7"
2026-02-12T01:00:00.000+07:00,"25182,25194.6,25123.2,25129.8"
2026-02-12T01:15:00.000+07:00,"25126.9,25199.2,25118.7,25195.5"
2026-02-12T01:30:00.000+07:00,"25194.7,25205,25173,25187.8"
2026-02-12T01:45:00.000+07:00,"25188.4,25230.8,25174.8,25219.1"
2026-02-12T02:00:00.000+07:00,"25217.6,25242.8,25176.9,25234.1"
2026-02-12T02:15:00.000+07:00,"25233.6,25276.1,25233.2,25263.5"
2026-02-12T02:30:00.000+07:00,"25263.9,25272.4,25243.4,25256.8"
2026-02-12T02:45:00.000+07:00,"25257.3,25259.2,25197.5,25224.8"
2026-02-12T03:00:00.000+07:00,"25224.9,25235.8,25213.2,25224.4"
2026-02-12T03:15:00.000+07:00,"25224.3,25239.4,25200.8,25201.2"
2026-02-12T03:30:00.000+07:00,"25200.5,25237.1,25188,25221.8"
2026-02-12T03:45:00.000+07:00,"25221.7,25238.5,25192.4,25194.9"
2026-02-12T04:00:00.000+07:00,"25194.8,25222.9,25185,25192.9"
2026-02-12T04:15:00.000+07:00,"25193.1,25215.3,25190.5,25203.2"
2026-02-12T04:30:00.000+07:00,"25204.7,25212.6,25194.2,25196.5"
2026-02-12T04:45:00.000+07:00,"25196.3,25207.9,25192.7,25192.8"
2026-02-12T05:00:00.000+07:00,"25193.4,25203,25193.4,25197.5"
2026-02-12T05:15:00.000+07:00,"25197.3,25202.4,25195.4,25198.8"
2026-02-12T05:30:00.000+07:00,"25199.9,25208.9,25199.9,25208.6"
2026-02-12T05:45:00.000+07:00,"25205,25208.5,25203.2,25203.6"
2026-02-12T06:00:00.000+07:00,"25200.2,25209.4,25168.5,25171.5"
2026-02-12T06:15:00.000+07:00,"25171.6,25190.2,25155.5,25158.2"
2026-02-12T06:30:00.000+07:00,"25157.5,25161.3,25124.2,25157.1"
2026-02-12T06:45:00.000+07:00,"25156.8,25165.4,25145.1,25153.2"
2026-02-12T07:00:00.000+07:00,"25150.5,25172.9,25140.7,25148.7"
2026-02-12T07:15:00.000+07:00,"25148.9,25158.4,25132.1,25149.2"
2026-02-12T07:30:00.000+07:00,"25150.2,25191.4,25147.5,25188.9"
2026-02-12T07:45:00.000+07:00,"25188.8,25191.9,25177.4,25183.1"
2026-02-12T08:00:00.000+07:00,"25185.1,25196,25173.4,25186.1"
2026-02-12T08:15:00.000+07:00,"25186.4,25205.4,25161.6,25199"
2026-02-12T08:30:00.000+07:00,"25198.5,25234.2,25192.4,25220.1"
2026-02-12T08:45:00.000+07:00,"25220.2,25230.3,25208.4,25219"
2026-02-12T09:00:00.000+07:00,"25218.8,25228.5,25205.1,25206.3"
2026-02-12T09:15:00.000+07:00,"25206.1,25212.9,25186.9,25200.1"
2026-02-12T09:30:00.000+07:00,"25200.3,25205.7,25189.9,25193.9"
2026-02-12T09:45:00.000+07:00,"25194.3,25217.6,25187.2,25212.6"
2026-02-12T10:00:00.000+07:00,"25212.1,25223.3,25204.8,25216.1"
2026-02-12T10:15:00.000+07:00,"25216,25226.3,25200.7,25224"
2026-02-12T10:30:00.000+07:00,"25223.9,25240.3,25221,25240"
2026-02-12T10:45:00.000+07:00,"25240.1,25240.2,25226.9,25228.1"
2026-02-12T11:00:00.000+07:00,"25229.9,25233.4,25222.9,25231.6"
2026-02-12T11:15:00.000+07:00,"25231.4,25258.9,25228.9,25257.9"
2026-02-12T11:30:00.000+07:00,"25256.5,25257.8,25234.4,25237.9"
2026-02-12T11:45:00.000+07:00,"25237.5,25250.5,25236.4,25246"
2026-02-12T12:00:00.000+07:00,"25246.7,25257.4,25246.2,25254.6"
2026-02-12T12:15:00.000+07:00,"25254.7,25262.7,25250.7,25252.2"
2026-02-12T12:30:00.000+07:00,"25251.2,25263.9,25245.8,25255.5"
2026-02-12T12:45:00.000+07:00,"25255.4,25261,25249.6,25257.5"
2026-02-12T13:00:00.000+07:00,"25257.3,25263.4,25239.4,25255.8"
2026-02-12T13:15:00.000+07:00,"25256.7,25263.4,25230.9,25238.6"
2026-02-12T13:30:00.000+07:00,"25240.6,25250.2,25213.1,25218"
2026-02-12T13:45:00.000+07:00,"25218.1,25243.2,25212.1,25239.4"
2026-02-12T14:00:00.000+07:00,"25239.6,25256.1,25234.7,25252.7"
2026-02-12T14:15:00.000+07:00,"25252.9,25276.4,25247.4,25270.2"
2026-02-12T14:30:00.000+07:00,"25270.7,25278,25265.9,25268.3"
2026-02-12T14:45:00.000+07:00,"25268.2,25272.5,25260.3,25269.2"
2026-02-12T15:00:00.000+07:00,"25269.5,25288.4,25257.1,25269.8"
2026-02-12T15:15:00.000+07:00,"25269.1,25280.1,25257.8,25263.3"
2026-02-12T15:30:00.000+07:00,"25263.4,25268.8,25242.9,25249.1"
2026-02-12T15:45:00.000+07:00,"25249.5,25279.2,25246.2,25272.8"
2026-02-12T16:00:00.000+07:00,"25272.9,25282.5,25259.8,25275.2"
2026-02-12T16:15:00.000+07:00,"25275.3,25282.3,25268.3,25268.3"
2026-02-12T16:30:00.000+07:00,"25270,25279.3,25260.7,25262.6"
2026-02-12T16:45:00.000+07:00,"25262.3,25275.1,25247.9,25273.7"
2026-02-12T17:00:00.000+07:00,"25274,25292.8,25259.6,25262.7"
2026-02-12T17:15:00.000+07:00,"25262.4,25269.3,25253.5,25259"
2026-02-12T17:30:00.000+07:00,"25259.4,25270.8,25257.2,25260.9"
2026-02-12T17:45:00.000+07:00,"25260.8,25269.7,25258.5,25269.1"
2026-02-12T18:00:00.000+07:00,"25269.4,25279,25257.8,25274.4"
2026-02-12T18:15:00.000+07:00,"25274.2,25289.6,25271,25286.6"
2026-02-12T18:30:00.000+07:00,"25286.2,25289.2,25260.1,25263.7"
2026-02-12T18:45:00.000+07:00,"25263.5,25288.7,25263,25284.3"
2026-02-12T19:00:00.000+07:00,"25284.1,25287.9,25262.7,25273.2"
2026-02-12T19:15:00.000+07:00,"25273.5,25284.9,25267.3,25283.2"
2026-02-12T19:30:00.000+07:00,"25283.1,25303.6,25281.8,25284.4"
2026-02-12T19:45:00.000+07:00,"25284.3,25292.3,25271.3,25276.3"
2026-02-12T20:00:00.000+07:00,"25276.4,25278.3,25247.9,25248.3"
2026-02-12T20:15:00.000+07:00,"25247.4,25263.4,25240.3,25263.4"
2026-02-12T20:30:00.000+07:00,"25262.9,25338.5,25252.9,25329.9"
2026-02-12T20:45:00.000+07:00,"25329.8,25331.8,25300.2,25315.1"
2026-02-12T21:00:00.000+07:00,"25315.3,25316.5,25283.4,25286.4"
2026-02-12T21:15:00.000+07:00,"25285.7,25298.2,25265.7,25265.7"
2026-02-12T21:30:00.000+07:00,"25266.2,25311.1,25223.9,25227.8"
2026-02-12T21:45:00.000+07:00,"25227.7,25241.3,25107.2,25123.3"
2026-02-12T22:00:00.000+07:00,"25123,25171.3,25089.6,25154"
2026-02-12T22:15:00.000+07:00,"25151.3,25179.2,25116.5,25152.5"
2026-02-12T22:30:00.000+07:00,"25152.9,25173.7,25003.1,25007.5"
2026-02-12T22:45:00.000+07:00,"25006.5,25040,24926.9,24930.4"
2026-02-12T23:00:00.000+07:00,"24932.8,24952.4,24850.6,24860.5"
2026-02-12T23:15:00.000+07:00,"24859.9,24870.3,24733.2,24741.8"
2026-02-12T23:30:00.000+07:00,"24741.3,24839.5,24728.9,24799.7"
2026-02-12T23:45:00.000+07:00,"24796.3,24822.1,24767.2,24802.9"
2026-02-13T00:00:00.000+07:00,"24802,24824.5,24757.2,24780.9"
2026-02-13T00:15:00.000+07:00,"24781.1,24846.8,24757.9,24795.3"
2026-02-13T00:30:00.000+07:00,"24795.1,24863.2,24785.9,24822.4"
2026-02-13T00:45:00.000+07:00,"24823.5,24838.1,24746.2,24747.4"
2026-02-13T01:00:00.000+07:00,"24747.8,24803.3,24726,24776.8"
2026-02-13T01:15:00.000+07:00,"24775.8,24783.3,24728.8,24761.4"
2026-02-13T01:30:00.000+07:00,"24761.3,24833.2,24746.2,24830.3"
2026-02-13T01:45:00.000+07:00,"24829.2,24851,24798.3,24827.3"
2026-02-13T02:00:00.000+07:00,"24825.7,24840.8,24766.6,24788.8"
2026-02-13T02:15:00.000+07:00,"24787.7,24848.8,24787.5,24793.1"
2026-02-13T02:30:00.000+07:00,"24793.8,24856.9,24792.2,24834.7"
2026-02-13T02:45:00.000+07:00,"24834.6,24864.2,24805.9,24819.7"
2026-02-13T03:00:00.000+07:00,"24819.3,24832.7,24762.3,24789.9"
2026-02-13T03:15:00.000+07:00,"24790.2,24792.4,24717.4,24725.5"
2026-02-13T03:30:00.000+07:00,"24724.9,24753.6,24703,24722.8"
2026-02-13T03:45:00.000+07:00,"24723.6,24727.5,24642,24687.1"
2026-02-13T04:00:00.000+07:00,"24684.1,24723,24662.1,24721.3"
2026-02-13T04:15:00.000+07:00,"24721.8,24739.8,24713.1,24739.8"
2026-02-13T04:30:00.000+07:00,"24740.1,24751.3,24736.1,24740.5"
2026-02-13T04:45:00.000+07:00,"24741.2,24756.3,24733.8,24737.4"
2026-02-13T05:00:00.000+07:00,"24740,24741.2,24733.4,24736.1"
2026-02-13T05:15:00.000+07:00,"24737.1,24749.3,24736.7,24747.3"
2026-02-13T05:30:00.000+07:00,"24747.2,24757.1,24746.1,24754.6"
2026-02-13T05:45:00.000+07:00,"24754.4,24757.6,24750.6,24756.4"
2026-02-13T06:00:00.000+07:00,"24759.5,24765.7,24721.6,24751.3"
2026-02-13T06:15:00.000+07:00,"24751.6,24771.9,24739.8,24759.1"
2026-02-13T06:30:00.000+07:00,"24759.2,24764.7,24660.5,24704.5"
2026-02-13T06:45:00.000+07:00,"24704.8,24752.2,24695.1,24741.1"
2026-02-13T07:00:00.000+07:00,"24737,24781.3,24718.4,24761.1"
2026-02-13T07:15:00.000+07:00,"24760.9,24764.4,24682.5,24699.9"
2026-02-13T07:30:00.000+07:00,"24699.5,24712.9,24659,24659.7"
2026-02-13T07:45:00.000+07:00,"24659.8,24672.6,24626.1,24647.6"
2026-02-13T08:00:00.000+07:00,"24647.7,24731.6,24647.5,24722.6"
2026-02-13T08:15:00.000+07:00,"24722.2,24739.2,24700,24726.9"
2026-02-13T08:30:00.000+07:00,"24726,24741.2,24708.8,24722.5"
2026-02-13T08:45:00.000+07:00,"24722.3,24749.1,24692.4,24716.1"
2026-02-13T09:00:00.000+07:00,"24714.8,24754.3,24714.8,24747.2"
2026-02-13T09:15:00.000+07:00,"24746.4,24748.4,24721.8,24740.3"
2026-02-13T09:30:00.000+07:00,"24740.2,24760.6,24731.8,24734.6"
2026-02-13T09:45:00.000+07:00,"24734.4,24739.4,24723,24732"
2026-02-13T10:00:00.000+07:00,"24732.7,24749.3,24725.9,24730.2"
2026-02-13T10:15:00.000+07:00,"24730.3,24735.8,24698,24705.7"
2026-02-13T10:30:00.000+07:00,"24705.1,24724.7,24703.5,24710.8"
2026-02-13T10:45:00.000+07:00,"24711.3,24716.6,24673.2,24677.3"
2026-02-13T11:00:00.000+07:00,"24678.3,24696.9,24673.4,24696.4"
2026-02-13T11:15:00.000+07:00,"24698.2,24730.1,24696.9,24712.8"
2026-02-13T11:30:00.000+07:00,"24713.1,24717.4,24686.1,24690.5"
2026-02-13T11:45:00.000+07:00,"24690.6,24696.8,24681.1,24687.1"
2026-02-13T12:00:00.000+07:00,"24686.9,24699.9,24676.7,24678.2"
2026-02-13T12:15:00.000+07:00,"24678.3,24682.4,24633.4,24636.6"
2026-02-13T12:30:00.000+07:00,"24635.9,24658.1,24620,24639.8"
2026-02-13T12:45:00.000+07:00,"24639.9,24665.6,24625.7,24640.4"
2026-02-13T13:00:00.000+07:00,"24640.2,24660,24633.1,24647"
2026-02-13T13:15:00.000+07:00,"24647.5,24659.2,24605.9,24616.2"
2026-02-13T13:30:00.000+07:00,"24615.5,24616.8,24571.2,24592.4"
2026-02-13T13:45:00.000+07:00,"24594.6,24651.6,24584.5,24641"
2026-02-13T14:00:00.000+07:00,"24641.9,24673.5,24639.1,24663.2"
2026-02-13T14:15:00.000+07:00,"24663.5,24691.9,24663.1,24667.1"
2026-02-13T14:30:00.000+07:00,"24665.5,24676.2,24648,24654.8"
2026-02-13T14:45:00.000+07:00,"24654.6,24679,24642,24674.3"
2026-02-13T15:00:00.000+07:00,"24675.1,24704,24650,24659.5"
2026-02-13T15:15:00.000+07:00,"24659.4,24675.6,24602.6,24672.8"
2026-02-13T15:30:00.000+07:00,"24669.8,24689.4,24644.8,24676.2"
2026-02-13T15:45:00.000+07:00,"24676.5,24712.3,24676.1,24702.8"
2026-02-13T16:00:00.000+07:00,"24703.7,24708.4,24659.2,24684.6"
2026-02-13T16:15:00.000+07:00,"24684.8,24734.9,24683.8,24722.1"
2026-02-13T16:30:00.000+07:00,"24721.8,24734.9,24712.5,24716.9"
2026-02-13T16:45:00.000+07:00,"24716.6,24737.1,24694.1,24703.5"
2026-02-13T17:00:00.000+07:00,"24703.4,24719.5,24687.8,24714.7"
2026-02-13T17:15:00.000+07:00,"24715.7,24727.8,24705.2,24716.9"
2026-02-13T17:30:00.000+07:00,"24716.5,24722.5,24680.4,24688"
2026-02-13T17:45:00.000+07:00,"24687.7,24697.7,24656.1,24658.9"
2026-02-13T18:00:00.000+07:00,"24660.4,24667.7,24598,24601"
2026-02-13T18:15:00.000+07:00,"24599.8,24625.5,24579.1,24592.7"
2026-02-13T18:30:00.000+07:00,"24592.5,24629.1,24553.5,24600.3"
2026-02-13T18:45:00.000+07:00,"24602,24651.9,24587.5,24650.3"
2026-02-13T19:00:00.000+07:00,"24647.4,24672.4,24604.8,24611.8"
2026-02-13T19:15:00.000+07:00,"24612.7,24654,24600.2,24636.4"
2026-02-13T19:30:00.000+07:00,"24636.5,24659.2,24631.4,24650.4"
2026-02-13T19:45:00.000+07:00,"24650.9,24663.5,24602.5,24625"
2026-02-13T20:00:00.000+07:00,"24624.5,24648.2,24554.3,24559.9"
2026-02-13T20:15:00.000+07:00,"24559.2,24645.3,24550.8,24630.1"
2026-02-13T20:30:00.000+07:00,"24629.9,24750.4,24629.7,24704.5"
2026-02-13T20:45:00.000+07:00,"24702.5,24741.4,24658.5,24708.8"
2026-02-13T21:00:00.000+07:00,"24707.4,24748.1,24646.1,24671.2"
2026-02-13T21:15:00.000+07:00,"24670.9,24685.5,24644.8,24672.5"
2026-02-13T21:30:00.000+07:00,"24672.2,24728.7,24508.4,24644.5"
2026-02-13T21:45:00.000+07:00,"24644,24777.8,24612.9,24628.9"
2026-02-13T22:00:00.000+07:00,"24629,24762,24623.4,24688.6"
2026-02-13T22:15:00.000+07:00,"24688.1,24801.9,24647.5,24780.3"
2026-02-13T22:30:00.000+07:00,"24779,24859,24699.6,24706.2"
2026-02-13T22:45:00.000+07:00,"24706.3,24776.1,24652.3,24741.1"
2026-02-13T23:00:00.000+07:00,"24739.8,24817.8,24728.6,24768.8"
2026-02-13T23:15:00.000+07:00,"24769.6,24795.6,24691.9,24780.8"
2026-02-13T23:30:00.000+07:00,"24781.7,24820.2,24741.8,24817.3"
2026-02-13T23:45:00.000+07:00,"24817.6,24863.5,24796.3,24824.3"
2026-02-14T00:00:00.000+07:00,"24823.7,24885.1,24812.6,24880.1"
2026-02-14T00:15:00.000+07:00,"24880,24900.1,24835.6,24879.2"
2026-02-14T00:30:00.000+07:00,"24878,24921.9,24871.8,24893.8"
2026-02-14T00:45:00.000+07:00,"24893.7,24911.2,24861.3,24867.3"
2026-02-14T01:00:00.000+07:00,"24868.6,24891.1,24831,24871.9"
2026-02-14T01:15:00.000+07:00,"24870.6,24919.1,24860.3,24882.5"
2026-02-14T01:30:00.000+07:00,"24882.8,24924.1,24868.4,24877.1"
2026-02-14T01:45:00.000+07:00,"24877.2,24911.9,24853.6,24868.9"
2026-02-14T02:00:00.000+07:00,"24870,24895,24852.3,24876.7"
2026-02-14T02:15:00.000+07:00,"24876.9,24896.6,24841.6,24852.5"
2026-02-14T02:30:00.000+07:00,"24853.1,24878,24817.8,24837.3"
2026-02-14T02:45:00.000+07:00,"24836.4,24863.7,24779.6,24782.6"
2026-02-14T03:00:00.000+07:00,"24782.3,24819,24751.7,24752.2"
2026-02-14T03:15:00.000+07:00,"24752.1,24781.5,24684.1,24695.3"
2026-02-14T03:30:00.000+07:00,"24694.9,24715.4,24660.8,24681.1"
2026-02-14T03:45:00.000+07:00,"24680.2,24741,24674.7,24734.5"
2026-02-14T04:00:00.000+07:00,"24733.8,24755.8,24703,24726.8"
2026-02-14T04:15:00.000+07:00,"24727,24729.7,24703.3,24708.9"
2026-02-14T04:30:00.000+07:00,"24709.9,24722.5,24708.2,24709.8"
2026-02-14T04:45:00.000+07:00,"24710.3,24719.5,24698.2,24700"
2026-02-16T06:00:00.000+07:00,"24750.2,24762,24683.8,24726.5"
2026-02-16T06:15:00.000+07:00,"24727.1,24756.3,24723.1,24744.9"
2026-02-16T06:30:00.000+07:00,"24744.7,24758.2,24724.8,24745.1"
2026-02-16T06:45:00.000+07:00,"24745,24766.4,24721.5,24764.4"
2026-02-16T07:00:00.000+07:00,"24764.2,24775.9,24738.1,24768.4"
2026-02-16T07:15:00.000+07:00,"24768.2,24776.3,24753.8,24766.8"
2026-02-16T07:30:00.000+07:00,"24766.7,24777.5,24759.8,24760.4"
2026-02-16T07:45:00.000+07:00,"24760.6,24775.9,24756.3,24762.5"
2026-02-16T08:00:00.000+07:00,"24762.2,24774.7,24750.1,24759.9"
2026-02-16T08:15:00.000+07:00,"24759.2,24770.4,24759,24761.8"
2026-02-16T08:30:00.000+07:00,"24761.7,24771.6,24756.9,24764.2"
2026-02-16T08:45:00.000+07:00,"24765,24797.8,24760.4,24787.4"
2026-02-16T09:00:00.000+07:00,"24787.5,24800.8,24767.4,24775.2"
2026-02-16T09:15:00.000+07:00,"24775.1,24781.5,24768.6,24771"
2026-02-16T09:30:00.000+07:00,"24770.7,24778.6,24765.6,24770.9"
2026-02-16T09:45:00.000+07:00,"24770.5,24772,24755.6,24760.4"
2026-02-16T10:00:00.000+07:00,"24760.5,24763.7,24751.5,24758.8"
2026-02-16T10:15:00.000+07:00,"24758.9,24764.7,24742.6,24745.6"
2026-02-16T10:30:00.000+07:00,"24745.5,24748.2,24736.4,24743.2"
2026-02-16T10:45:00.000+07:00,"24743.3,24753.1,24738.7,24750.7"
2026-02-16T11:00:00.000+07:00,"24750.8,24767.1,24749.9,24756"
2026-02-16T11:15:00.000+07:00,"24756.2,24767.9,24746.6,24763.7"
2026-02-16T11:30:00.000+07:00,"24763.6,24768.3,24750.3,24753.5"
2026-02-16T11:45:00.000+07:00,"24753.3,24761.1,24748.1,24752.7"
2026-02-16T12:00:00.000+07:00,"24752.8,24754.7,24742.2,24752.7"
2026-02-16T12:15:00.000+07:00,"24752.3,24756.6,24744.9,24753.8"
2026-02-16T12:30:00.000+07:00,"24754.2,24754.8,24722.5,24726.4"
2026-02-16T12:45:00.000+07:00,"24726.2,24741.3,24722.7,24738.2"
2026-02-16T13:00:00.000+07:00,"24738.3,24746.3,24733.5,24738.1"
2026-02-16T13:15:00.000+07:00,"24738.2,24743.4,24721.2,24740.3"
2026-02-16T13:30:00.000+07:00,"24739.9,24749.3,24727,24746.8"
2026-02-16T13:45:00.000+07:00,"24746.6,24755.3,24744.4,24750.9"
2026-02-16T14:00:00.000+07:00,"24751.1,24785.7,24748.9,24785.1"
2026-02-16T14:15:00.000+07:00,"24785.2,24792.2,24770.3,24780.5"
2026-02-16T14:30:00.000+07:00,"24780.4,24801.1,24774.7,24794.3"
2026-02-16T14:45:00.000+07:00,"24794.4,24798,24783.2,24788.2"
2026-02-16T15:00:00.000+07:00,"24788.8,24813.2,24768.5,24794.7"
2026-02-16T15:15:00.000+07:00,"24794.8,24824.3,24791.4,24800.6"
2026-02-16T15:30:00.000+07:00,"24800.7,24810.3,24780.4,24809"
2026-02-16T15:45:00.000+07:00,"24809.1,24831.9,24804.8,24822.1"
2026-02-16T16:00:00.000+07:00,"24822.4,24831.3,24815.1,24826.1"
2026-02-16T16:15:00.000+07:00,"24826.3,24850.6,24819.8,24837"
2026-02-16T16:30:00.000+07:00,"24837.2,24847.2,24834.2,24836.4"
2026-02-16T16:45:00.000+07:00,"24836.3,24845,24833.6,24836.9"
2026-02-16T17:00:00.000+07:00,"24836.7,24839.5,24809.3,24818.8"
2026-02-16T17:15:00.000+07:00,"24818.6,24822.4,24806.6,24813.9"
2026-02-16T17:30:00.000+07:00,"24813.7,24824.9,24798.2,24823.1"
2026-02-16T17:45:00.000+07:00,"24823.3,24827.2,24796.5,24805.5"
2026-02-16T18:00:00.000+07:00,"24806,24806.2,24770.8,24788.3"
2026-02-16T18:15:00.000+07:00,"24788.1,24802.5,24779.5,24795.6"
2026-02-16T18:30:00.000+07:00,"24795.7,24801.1,24779.7,24794.6"
2026-02-16T18:45:00.000+07:00,"24794.4,24803.2,24786.7,24791.4"
2026-02-16T19:00:00.000+07:00,"24791.3,24792.2,24775.7,24786.4"
2026-02-16T19:15:00.000+07:00,"24786.2,24808.7,24775.8,24805.2"
2026-02-16T19:30:00.000+07:00,"24805.1,24806,24780.5,24782.1"
2026-02-16T19:45:00.000+07:00,"24782.2,24798.9,24779.6,24796.6"
2026-02-16T20:00:00.000+07:00,"24796.4,24798.3,24780.6,24786.7"
2026-02-16T20:15:00.000+07:00,"24786.6,24793.8,24783.4,24791.4"
2026-02-16T20:30:00.000+07:00,"24791.3,24803.1,24780.3,24787.3"
2026-02-16T20:45:00.000+07:00,"24787.5,24792.2,24771.4,24773.2"
2026-02-16T21:00:00.000+07:00,"24773.5,24773.5,24710.1,24712.1"
2026-02-16T21:15:00.000+07:00,"24712.4,24720.4,24681.7,24690"
2026-02-16T21:30:00.000+07:00,"24690.1,24705.7,24638.9,24652"
2026-02-16T21:45:00.000+07:00,"24652.1,24711,24621,24696"
2026-02-16T22:00:00.000+07:00,"24697,24725.5,24684.3,24686.8"
2026-02-16T22:15:00.000+07:00,"24686.9,24700.6,24637.4,24637.4"
2026-02-16T22:30:00.000+07:00,"24636.9,24649.8,24610.9,24613.9"
2026-02-16T22:45:00.000+07:00,"24613.8,24660,24607.3,24621.6"
2026-02-16T23:00:00.000+07:00,"24621.5,24680.7,24611.9,24679.2"
2026-02-16T23:15:00.000+07:00,"24679.7,24681.8,24625.4,24655.6"
2026-02-16T23:30:00.000+07:00,"24656.4,24670.6,24599.4,24630.2"
2026-02-16T23:45:00.000+07:00,"24630.1,24661.4,24625.4,24656.5"
2026-02-17T00:00:00.000+07:00,"24655.1,24670,24642,24653.4"
2026-02-17T00:15:00.000+07:00,"24653.5,24674.7,24645.9,24671.7"
2026-02-17T00:30:00.000+07:00,"24671.8,24693.8,24671.8,24686.6"
2026-02-17T00:45:00.000+07:00,"24686.9,24699.2,24663,24673.1"
2026-02-17T01:00:00.000+07:00,"24673.5,24674.8,24669.6,24673.6"
2026-02-17T01:15:00.000+07:00,"24673.5,24673.6,24672.8,24673.3"
2026-02-17T01:30:00.000+07:00,"24673.4,24673.4,24668.3,24672.4"
2026-02-17T01:45:00.000+07:00,"24672.3,24672.4,24664.6,24664.6"
2026-02-17T02:00:00.000+07:00,"24664.5,24668.8,24664.5,24665.6"
2026-02-17T02:15:00.000+07:00,"24663.7,24665.9,24661.4,24661.9"
2026-02-17T02:30:00.000+07:00,"24663.8,24666.5,24661.9,24662.5"
2026-02-17T02:45:00.000+07:00,"24662.6,24663,24662.5,24662.9"
2026-02-17T03:00:00.000+07:00,"24663,24665.2,24663,24663.2"
2026-02-17T03:15:00.000+07:00,"24665.1,24667.3,24665.1,24667.2"
2026-02-17T03:30:00.000+07:00,"24667.3,24667.3,24663.3,24663.6"
2026-02-17T03:45:00.000+07:00,"24663.7,24667.4,24659.3,24667.3"
2026-02-17T06:00:00.000+07:00,"24694.3,24709.9,24667.1,24701.2"
2026-02-17T06:15:00.000+07:00,"24701.4,24710.3,24694.3,24703.8"
2026-02-17T06:30:00.000+07:00,"24704.6,24744.8,24704.3,24737.3"
2026-02-17T06:45:00.000+07:00,"24737.2,24769.6,24729.8,24745.9"
2026-02-17T07:00:00.000+07:00,"24746.8,24755.4,24712.7,24733.3"
2026-02-17T07:15:00.000+07:00,"24733.8,24763,24724.9,24755"
2026-02-17T07:30:00.000+07:00,"24755.2,24761.6,24721.1,24736"
2026-02-17T07:45:00.000+07:00,"24736.2,24738.9,24706,24719.5"
2026-02-17T08:00:00.000+07:00,"24719.8,24753.8,24717.3,24748.8"
2026-02-17T08:15:00.000+07:00,"24749.4,24752.5,24707.5,24712.5"
2026-02-17T08:30:00.000+07:00,"24712.4,24727.8,24693.8,24705.9"
2026-02-17T08:45:00.000+07:00,"24706.1,24711.2,24580.7,24597.5"
2026-02-17T09:00:00.000+07:00,"24594.2,24611.3,24547.7,24600.7"
2026-02-17T09:15:00.000+07:00,"24600.2,24614.5,24582.2,24604.1"
2026-02-17T09:30:00.000+07:00,"24604.3,24614.9,24587.5,24603.7"
2026-02-17T09:45:00.000+07:00,"24602.7,24610.2,24583,24593.4"
2026-02-17T10:00:00.000+07:00,"24593.6,24595.3,24525.4,24547.2"
2026-02-17T10:15:00.000+07:00,"24547.3,24573.7,24540.3,24553"
2026-02-17T10:30:00.000+07:00,"24553.2,24556.2,24504.6,24537.2"
2026-02-17T10:45:00.000+07:00,"24537.3,24543.9,24515.2,24540.7"
2026-02-17T11:00:00.000+07:00,"24540.9,24561.2,24537.2,24550"
2026-02-17T11:15:00.000+07:00,"24550.2,24558.6,24539.1,24554.1"
2026-02-17T11:30:00.000+07:00,"24554.2,24555.1,24523.7,24540.6"
2026-02-17T11:45:00.000+07:00,"24540.8,24554.2,24537.6,24552.6"
2026-02-17T12:00:00.000+07:00,"24553,24556.5,24529.2,24530.9"
2026-02-17T12:15:00.000+07:00,"24530.7,24535.9,24498.5,24529"
2026-02-17T12:30:00.000+07:00,"24529.1,24534.3,24488.5,24528.2"
2026-02-17T12:45:00.000+07:00,"24528.3,24543.1,24506,24513.8"
2026-02-17T13:00:00.000+07:00,"24513.7,24564,24513.7,24549.2"
2026-02-17T13:15:00.000+07:00,"24550.5,24555.9,24537.6,24541.3"
2026-02-17T13:30:00.000+07:00,"24541,24569.1,24533,24558.6"
2026-02-17T13:45:00.000+07:00,"24558.5,24571.8,24550,24559.3"
2026-02-17T14:00:00.000+07:00,"24559.4,24562.1,24526.6,24530.1"
2026-02-17T14:15:00.000+07:00,"24530,24548,24514.5,24524.1"
2026-02-17T14:30:00.000+07:00,"24524.2,24564.8,24514.3,24558.1"
2026-02-17T14:45:00.000+07:00,"24557.9,24594.9,24552.8,24589.8"
2026-02-17T15:00:00.000+07:00,"24589.9,24655.8,24582.7,24636.7"
2026-02-17T15:15:00.000+07:00,"24636.6,24636.9,24605.5,24617.5"
2026-02-17T15:30:00.000+07:00,"24617.4,24620.8,24566.4,24573.4"
2026-02-17T15:45:00.000+07:00,"24574.1,24585.9,24555,24570.5"
2026-02-17T16:00:00.000+07:00,"24570.3,24609.6,24566.5,24574.9"
2026-02-17T16:15:00.000+07:00,"24575,24603.5,24566.9,24601.9"
2026-02-17T16:30:00.000+07:00,"24602.1,24624.7,24597.7,24613.2"
2026-02-17T16:45:00.000+07:00,"24613,24627,24601.3,24616.3"
2026-02-17T17:00:00.000+07:00,"24616.2,24629.1,24587.1,24594.2"
2026-02-17T17:15:00.000+07:00,"24594.3,24600.2,24576.3,24593.3"
2026-02-17T17:30:00.000+07:00,"24593.1,24593.1,24532.1,24539.1"
2026-02-17T17:45:00.000+07:00,"24539,24556.2,24520.6,24537.3"
2026-02-17T18:00:00.000+07:00,"24537.8,24552.9,24516.8,24530.8"
2026-02-17T18:15:00.000+07:00,"24530.7,24549.5,24502.1,24549"
2026-02-17T18:30:00.000+07:00,"24549.2,24559.8,24530,24543.7"
2026-02-17T18:45:00.000+07:00,"24543.6,24567.6,24536.4,24554.3"
2026-02-17T19:00:00.000+07:00,"24554.4,24596.9,24539.2,24583.5"
2026-02-17T19:15:00.000+07:00,"24582.2,24590.9,24547.2,24550"
2026-02-17T19:30:00.000+07:00,"24549.7,24552.9,24527.6,24538.9"
2026-02-17T19:45:00.000+07:00,"24538.7,24541.8,24507.8,24515.6"
2026-02-17T20:00:00.000+07:00,"24515.7,24521.5,24448.2,24478.8"
2026-02-17T20:15:00.000+07:00,"24479,24553.9,24464.5,24535.9"
2026-02-17T20:30:00.000+07:00,"24536,24538.9,24507.6,24530.2"
2026-02-17T20:45:00.000+07:00,"24531.2,24633.1,24508.3,24542.7"
2026-02-17T21:00:00.000+07:00,"24542.4,24601.9,24541.5,24581.9"
2026-02-17T21:15:00.000+07:00,"24581.8,24599.5,24564.4,24587.5"
2026-02-17T21:30:00.000+07:00,"24587.9,24746.3,24537.4,24631.7"
2026-02-17T21:45:00.000+07:00,"24631.9,24642,24406.5,24415.4"
2026-02-17T22:00:00.000+07:00,"24416.2,24503.8,24396.5,24431"
2026-02-17T22:15:00.000+07:00,"24430.9,24573.5,24429.7,24460.2"
2026-02-17T22:30:00.000+07:00,"24459.3,24473.2,24381.4,24445"
2026-02-17T22:45:00.000+07:00,"24445.1,24535.7,24437.8,24531.6"
2026-02-17T23:00:00.000+07:00,"24531.4,24717.7,24526.2,24704.9"
2026-02-17T23:15:00.000+07:00,"24704.8,24726.1,24653.2,24657.9"
2026-02-17T23:30:00.000+07:00,"24658.8,24710.7,24624.8,24667.3"
2026-02-17T23:45:00.000+07:00,"24667.2,24719.3,24653.7,24692.4"
2026-02-18T00:00:00.000+07:00,"24690.6,24695.5,24615.8,24632.6"
2026-02-18T00:15:00.000+07:00,"24632.7,24688.1,24602.3,24687.3"
2026-02-18T00:30:00.000+07:00,"24686.6,24690.9,24578.4,24580.9"
2026-02-18T00:45:00.000+07:00,"24580.8,24638.6,24541.5,24629.8"
2026-02-18T01:00:00.000+07:00,"24629.7,24638,24582.4,24606.8"
2026-02-18T01:15:00.000+07:00,"24606.9,24717.6,24585.8,24701"
2026-02-18T01:30:00.000+07:00,"24698.9,24783.1,24682.1,24755.6"
2026-02-18T01:45:00.000+07:00,"24756.1,24803.5,24743,24775.9"
2026-02-18T02:00:00.000+07:00,"24776.4,24794.2,24758.6,24782.2"
2026-02-18T02:15:00.000+07:00,"24782.1,24798.5,24763.1,24768.4"
2026-02-18T02:30:00.000+07:00,"24767.2,24821,24758.9,24803.7"
2026-02-18T02:45:00.000+07:00,"24803.9,24806.6,24739.4,24747.2"
2026-02-18T03:00:00.000+07:00,"24746.9,24774.3,24727,24744.5"
2026-02-18T03:15:00.000+07:00,"24744.3,24750.3,24698.8,24706.6"
2026-02-18T03:30:00.000+07:00,"24706.1,24728.9,24668.9,24714.6"
2026-02-18T03:45:00.000+07:00,"24714.7,24718.9,24671.9,24709"
2026-02-18T04:00:00.000+07:00,"24709.1,24725.7,24696.4,24707.8"
2026-02-18T04:15:00.000+07:00,"24708.1,24750.5,24708.1,24720.9"
2026-02-18T04:30:00.000+07:00,"24718.9,24720,24687,24699"
2026-02-18T04:45:00.000+07:00,"24697,24706.8,24688.7,24699.1"
2026-02-18T05:00:00.000+07:00,"24696.7,24707.5,24696.3,24705.6"
2026-02-18T05:15:00.000+07:00,"24706.5,24709.3,24700.8,24704.5"
2026-02-18T05:30:00.000+07:00,"24702.4,24711.4,24700.2,24711.2"
2026-02-18T05:45:00.000+07:00,"24710.5,24711.2,24697.9,24702.3"
2026-02-18T06:00:00.000+07:00,"24706.7,24717.5,24661.8,24671.6"
2026-02-18T06:15:00.000+07:00,"24671.5,24695,24656.5,24676.3"
2026-02-18T06:30:00.000+07:00,"24676.1,24688.5,24647.8,24658.3"
2026-02-18T06:45:00.000+07:00,"24658.4,24664.2,24635.5,24645.3"
2026-02-18T07:00:00.000+07:00,"24645.7,24683.6,24641.5,24679.5"
2026-02-18T07:15:00.000+07:00,"24679.6,24688.4,24645.7,24672"
2026-02-18T07:30:00.000+07:00,"24672.1,24686.3,24662.2,24668.8"
2026-02-18T07:45:00.000+07:00,"24668.9,24672.7,24647.4,24660.3"
2026-02-18T08:00:00.000+07:00,"24660.1,24665.7,24642.8,24650.9"
2026-02-18T08:15:00.000+07:00,"24651,24676.6,24646.8,24653"
2026-02-18T08:30:00.000+07:00,"24651.9,24665.2,24643.6,24662.8"
2026-02-18T08:45:00.000+07:00,"24662.7,24679.8,24650.9,24677.2"
2026-02-18T09:00:00.000+07:00,"24677.6,24696.3,24676.1,24691.4"
2026-02-18T09:15:00.000+07:00,"24691.3,24694.7,24668.6,24682.8"
2026-02-18T09:30:00.000+07:00,"24682.9,24704.3,24682.9,24697.3"
2026-02-18T09:45:00.000+07:00,"24697.5,24704.1,24689.4,24692.2"
2026-02-18T10:00:00.000+07:00,"24693.6,24704.4,24677.4,24681.7"
2026-02-18T10:15:00.000+07:00,"24681.8,24684.1,24670.2,24681.2"
2026-02-18T10:30:00.000+07:00,"24681.1,24702.3,24679.8,24698.4"
2026-02-18T10:45:00.000+07:00,"24697.9,24733.4,24697.3,24726.5"
2026-02-18T11:00:00.000+07:00,"24726.6,24748.5,24716.7,24737.2"
2026-02-18T11:15:00.000+07:00,"24737.3,24751.8,24729.4,24746.1"
2026-02-18T11:30:00.000+07:00,"24745.7,24774.5,24744,24769.8"
2026-02-18T11:45:00.000+07:00,"24769.7,24772.1,24761.2,24769.4"
2026-02-18T12:00:00.000+07:00,"24769.3,24772.1,24756.3,24767.2"
2026-02-18T12:15:00.000+07:00,"24767.1,24773.5,24762.2,24763.3"
2026-02-18T12:30:00.000+07:00,"24763.5,24779.1,24759.9,24763.2"
2026-02-18T12:45:00.000+07:00,"24763.1,24766.8,24754.4,24758.4"
2026-02-18T13:00:00.000+07:00,"24758.2,24763.9,24742.4,24750.5"
2026-02-18T13:15:00.000+07:00,"24750.6,24763.9,24746.9,24758.3"
2026-02-18T13:30:00.000+07:00,"24758,24775.9,24746,24772.1"
2026-02-18T13:45:00.000+07:00,"24772,24781,24756.6,24756.7"
2026-02-18T14:00:00.000+07:00,"24755.4,24762.9,24740.5,24744.9"
2026-02-18T14:15:00.000+07:00,"24746.3,24755.9,24735.4,24755.3"
2026-02-18T14:30:00.000+07:00,"24754.6,24773.7,24752.4,24773.4"
2026-02-18T14:45:00.000+07:00,"24773.3,24776.4,24759.4,24766.7"
2026-02-18T15:00:00.000+07:00,"24766.4,24813.8,24766.2,24798.8"
2026-02-18T15:15:00.000+07:00,"24799,24850,24798.7,24829.9"
2026-02-18T15:30:00.000+07:00,"24829.7,24849.9,24823.5,24829.8"
2026-02-18T15:45:00.000+07:00,"24829.9,24844,24823.1,24836.6"
2026-02-18T16:00:00.000+07:00,"24836.8,24860.3,24832.4,24848.8"
2026-02-18T16:15:00.000+07:00,"24848.7,24859.3,24835.3,24852.4"
2026-02-18T16:30:00.000+07:00,"24852.5,24875.9,24849.8,24869.5"
2026-02-18T16:45:00.000+07:00,"24869.6,24870.9,24839.4,24842.7"
2026-02-18T17:00:00.000+07:00,"24842.8,24870.6,24841.5,24863.9"
2026-02-18T17:15:00.000+07:00,"24863.8,24871.6,24857.4,24865.2"
2026-02-18T17:30:00.000+07:00,"24867.6,24873.1,24850.9,24858.8"
2026-02-18T17:45:00.000+07:00,"24858.9,24864.8,24846.6,24856.7"
2026-02-18T18:00:00.000+07:00,"24856.4,24862,24830.1,24837.6"
2026-02-18T18:15:00.000+07:00,"24837.5,24859.5,24835.4,24840.6"
2026-02-18T18:30:00.000+07:00,"24840.5,24850.1,24823.2,24827.8"
2026-02-18T18:45:00.000+07:00,"24827.7,24840.1,24823.2,24828.8"
2026-02-18T19:00:00.000+07:00,"24828.7,24893.7,24828.1,24892.3"
2026-02-18T19:15:00.000+07:00,"24892.4,24896,24832.8,24835"
2026-02-18T19:30:00.000+07:00,"24835.2,24837.5,24777.6,24818.1"
2026-02-18T19:45:00.000+07:00,"24818,24830.7,24799.2,24823"
2026-02-18T20:00:00.000+07:00,"24823.1,24833,24801.3,24822.9"
2026-02-18T20:15:00.000+07:00,"24822.8,24834.6,24801.2,24829.2"
2026-02-18T20:30:00.000+07:00,"24829.3,24853.5,24768,24783.6"
2026-02-18T20:45:00.000+07:00,"24783.7,24787.9,24750,24761.2"
2026-02-18T21:00:00.000+07:00,"24761.5,24776.3,24743.1,24765.6"
2026-02-18T21:15:00.000+07:00,"24765.4,24782.6,24743.3,24744.7"
2026-02-18T21:30:00.000+07:00,"24745.3,24801.7,24686.1,24785.2"
2026-02-18T21:45:00.000+07:00,"24785.7,24893.1,24728.1,24876.8"
2026-02-18T22:00:00.000+07:00,"24876.1,24984.8,24873,24978"
2026-02-18T22:15:00.000+07:00,"24978.5,25009.4,24970.9,24993"
2026-02-18T22:30:00.000+07:00,"24992.8,25016.8,24957.2,25000.7"
2026-02-18T22:45:00.000+07:00,"25000.5,25034.4,24988,25022"
2026-02-18T23:00:00.000+07:00,"25021.4,25051.6,25017.9,25034"
2026-02-18T23:15:00.000+07:00,"25034.6,25045,25013.4,25028.8"
2026-02-18T23:30:00.000+07:00,"25029.3,25052.3,25022,25039.9"
2026-02-18T23:45:00.000+07:00,"25039.6,25046.2,24993.1,24997.6"
2026-02-19T00:00:00.000+07:00,"24998,25064.2,24994.2,25019"
2026-02-19T00:15:00.000+07:00,"25019.4,25049.3,25015.3,25025.4"
2026-02-19T00:30:00.000+07:00,"25025.5,25037.5,25006.1,25014.7"
2026-02-19T00:45:00.000+07:00,"25014.8,25050.2,25011.1,25033.9"
2026-02-19T01:00:00.000+07:00,"25033.8,25063.4,25015.4,25019.7"
2026-02-19T01:15:00.000+07:00,"25019.6,25028.4,24986.5,24999.1"
2026-02-19T01:30:00.000+07:00,"24998,25011.9,24945.2,24965.4"
2026-02-19T01:45:00.000+07:00,"24965.3,24984.6,24918.5,24959.8"
2026-02-19T02:00:00.000+07:00,"24962.2,24971.3,24940.9,24943.9"
2026-02-19T02:15:00.000+07:00,"24944.3,24957,24919.9,24927"
2026-02-19T02:30:00.000+07:00,"24925.8,24932.6,24847,24860.5"
2026-02-19T02:45:00.000+07:00,"24860.3,24885.7,24797.8,24818.2"
2026-02-19T03:00:00.000+07:00,"24818.4,24855.9,24801.5,24813.1"
2026-02-19T03:15:00.000+07:00,"24812.9,24826.5,24792,24809.7"
2026-02-19T03:30:00.000+07:00,"24810.1,24885.1,24805.8,24875.8"
2026-02-19T03:45:00.000+07:00,"24876.3,24931.7,24869.2,24890.9"
2026-02-19T04:00:00.000+07:00,"24891,24896,24860.9,24873.3"
2026-02-19T04:15:00.000+07:00,"24872,24873.2,24857.4,24867.6"
2026-02-19T04:30:00.000+07:00,"24867.1,24877.4,24865.5,24872.7"
2026-02-19T04:45:00.000+07:00,"24872.5,24880.9,24855.6,24864.3"
2026-02-19T05:00:00.000+07:00,"24867.5,24869.4,24861,24865.5"
2026-02-19T05:15:00.000+07:00,"24867.6,24870.9,24861.3,24870.9"
2026-02-19T05:30:00.000+07:00,"24872.6,24882,24869.3,24879.9"
2026-02-19T05:45:00.000+07:00,"24879.8,24888.9,24879.5,24886.3"
2026-02-19T06:00:00.000+07:00,"24876.2,24927.4,24873.6,24922.3"
2026-02-19T06:15:00.000+07:00,"24923.4,24925,24898.3,24912.8"
2026-02-19T06:30:00.000+07:00,"24912.9,24921.1,24899.3,24904.1"
2026-02-19T06:45:00.000+07:00,"24904,24918.8,24893.4,24897.3"
2026-02-19T07:00:00.000+07:00,"24897.2,24905.7,24874.9,24886.2"
2026-02-19T07:15:00.000+07:00,"24886.3,24891.2,24848.2,24856.5"
2026-02-19T07:30:00.000+07:00,"24856.8,24884,24853.6,24866"
2026-02-19T07:45:00.000+07:00,"24866.1,24879.5,24861.9,24878.4"
2026-02-19T08:00:00.000+07:00,"24877.4,24926.2,24870.5,24921.4"
2026-02-19T08:15:00.000+07:00,"24921.3,24924.8,24890.8,24894.4"
2026-02-19T08:30:00.000+07:00,"24895,24902.5,24869.8,24883.8"
2026-02-19T08:45:00.000+07:00,"24883.9,24904.3,24871,24904.2"
2026-02-19T09:00:00.000+07:00,"24901.9,24909.3,24885.4,24903.6"
2026-02-19T09:15:00.000+07:00,"24903.8,24916.1,24900.7,24913.3"
2026-02-19T09:30:00.000+07:00,"24913.2,24916.7,24902.2,24912.5"
2026-02-19T09:45:00.000+07:00,"24912.6,24920.7,24901.4,24911.5"
2026-02-19T10:00:00.000+07:00,"24911.6,24921.4,24905.9,24914.7"
2026-02-19T10:15:00.000+07:00,"24914.9,24927.7,24911.2,24925.9"
2026-02-19T10:30:00.000+07:00,"24925.8,24931.6,24902.1,24911.2"
2026-02-19T10:45:00.000+07:00,"24911.1,24920.2,24898.3,24915.4"
2026-02-19T11:00:00.000+07:00,"24915.5,24924.4,24913.4,24918.8"
2026-02-19T11:15:00.000+07:00,"24918.2,24925.2,24904.7,24905.4"
2026-02-19T11:30:00.000+07:00,"24905.6,24914.1,24899.9,24904.3"
2026-02-19T11:45:00.000+07:00,"24904.2,24906.9,24885.5,24888.4"
2026-02-19T12:00:00.000+07:00,"24888.3,24895.5,24872.7,24888"
2026-02-19T12:15:00.000+07:00,"24888.1,24906.1,24886.6,24904.4"
2026-02-19T12:30:00.000+07:00,"24904.5,24920.7,24904.3,24914.3"
2026-02-19T12:45:00.000+07:00,"24914.5,24936.8,24912.8,24927.6"
2026-02-19T13:00:00.000+07:00,"24927.7,24934.5,24919.4,24926.4"
2026-02-19T13:15:00.000+07:00,"24926.3,24930.6,24920.8,24928.9"
2026-02-19T13:30:00.000+07:00,"24929,24949.3,24929,24934.8"
2026-02-19T13:45:00.000+07:00,"24934.7,24952,24928.6,24951.3"
2026-02-19T14:00:00.000+07:00,"24951.5,24960.4,24938.8,24956.6"
2026-02-19T14:15:00.000+07:00,"24956.5,24977.6,24950.2,24971.8"
2026-02-19T14:30:00.000+07:00,"24971.9,24979.8,24954.9,24963.5"
2026-02-19T14:45:00.000+07:00,"24963.4,24969.6,24949.6,24951.2"
2026-02-19T15:00:00.000+07:00,"24951.1,24975.3,24944.1,24961.8"
2026-02-19T15:15:00.000+07:00,"24961.4,24986.4,24961.2,24970.6"
2026-02-19T15:30:00.000+07:00,"24970.5,24981.6,24937.3,24941.9"
2026-02-19T15:45:00.000+07:00,"24942,24942.4,24876.7,24887.4"
2026-02-19T16:00:00.000+07:00,"24887.5,24906.3,24874,24898.5"
2026-02-19T16:15:00.000+07:00,"24898.3,24903.9,24861.4,24866.1"
2026-02-19T16:30:00.000+07:00,"24865.9,24880.7,24825.2,24831.3"
2026-02-19T16:45:00.000+07:00,"24831.4,24833.5,24781.9,24825.9"
2026-02-19T17:00:00.000+07:00,"24825.7,24835.5,24767,24771.2"
2026-02-19T17:15:00.000+07:00,"24771.1,24800.9,24764.3,24772.8"
2026-02-19T17:30:00.000+07:00,"24773.2,24797.5,24757.1,24792"
2026-02-19T17:45:00.000+07:00,"24791.8,24803.2,24769.4,24786.8"
2026-02-19T18:00:00.000+07:00,"24787,24810.5,24768.4,24801.8"
2026-02-19T18:15:00.000+07:00,"24801.7,24815.4,24788.6,24804.7"
2026-02-19T18:30:00.000+07:00,"24804.9,24818,24792.3,24799.3"
2026-02-19T18:45:00.000+07:00,"24799.5,24812.9,24775.6,24809.6"
2026-02-19T19:00:00.000+07:00,"24809.5,24812.4,24747.3,24790.5"
2026-02-19T19:15:00.000+07:00,"24790.7,24828.7,24778.9,24811.6"
2026-02-19T19:30:00.000+07:00,"24811.5,24827.6,24798.1,24823.5"
2026-02-19T19:45:00.000+07:00,"24823.3,24827.6,24798.1,24800.4"
2026-02-19T20:00:00.000+07:00,"24800.7,24810.4,24775.2,24782.9"
2026-02-19T20:15:00.000+07:00,"24782.7,24788.2,24742.8,24763.4"
2026-02-19T20:30:00.000+07:00,"24763.5,24812.9,24730.7,24781.2"
2026-02-19T20:45:00.000+07:00,"24781,24812.7,24767.7,24785.6"
2026-02-19T21:00:00.000+07:00,"24785.7,24796.6,24758.7,24780.2"
2026-02-19T21:15:00.000+07:00,"24780.4,24805.5,24762.1,24763.6"
2026-02-19T21:30:00.000+07:00,"24764.4,24813.9,24695.9,24778.4"
2026-02-19T21:45:00.000+07:00,"24780,24851.6,24709.8,24813.8"
2026-02-19T22:00:00.000+07:00,"24813.9,24883,24785.5,24814.7"
2026-02-19T22:15:00.000+07:00,"24814.3,24867.5,24791.2,24794.4"
2026-02-19T22:30:00.000+07:00,"24794,24878.5,24785.2,24852.7"
2026-02-19T22:45:00.000+07:00,"24852.5,24865.4,24796.3,24857.6"
2026-02-19T23:00:00.000+07:00,"24858.5,24868.3,24786.4,24841.9"
2026-02-19T23:15:00.000+07:00,"24842,24892.4,24805.3,24807.2"
2026-02-19T23:30:00.000+07:00,"24809,24854.8,24775.4,24778.1"
2026-02-19T23:45:00.000+07:00,"24777.9,24808.7,24737.6,24780.3"
2026-02-20T00:00:00.000+07:00,"24778.7,24787.3,24745.1,24780"
2026-02-20T00:15:00.000+07:00,"24779.9,24837.6,24761.6,24794.4"
2026-02-20T00:30:00.000+07:00,"24794,24803.9,24769.7,24776.2"
2026-02-20T00:45:00.000+07:00,"24776.4,24778.6,24700.9,24716.3"
2026-02-20T01:00:00.000+07:00,"24716.4,24774.5,24702.8,24766.9"
2026-02-20T01:15:00.000+07:00,"24766.7,24768.4,24683.8,24722.9"
2026-02-20T01:30:00.000+07:00,"24723.5,24739.3,24702.5,24719.7"
2026-02-20T01:45:00.000+07:00,"24719.6,24782.5,24718,24775.5"
2026-02-20T02:00:00.000+07:00,"24775.1,24780.7,24748.6,24759.2"
2026-02-20T02:15:00.000+07:00,"24759.3,24783.2,24729.1,24743"
2026-02-20T02:30:00.000+07:00,"24743.6,24760.5,24691.5,24709.1"
2026-02-20T02:45:00.000+07:00,"24709.2,24727.9,24686.6,24717.6"
2026-02-20T03:00:00.000+07:00,"24717.3,24755.7,24716.3,24729.9"
2026-02-20T03:15:00.000+07:00,"24730,24744,24712.5,24722.1"
2026-02-20T03:30:00.000+07:00,"24722.4,24751.8,24717.3,24742.7"
2026-02-20T03:45:00.000+07:00,"24742.5,24800.4,24739.1,24795.6"
2026-02-20T04:00:00.000+07:00,"24797.1,24806.1,24784.4,24786.8"
2026-02-20T04:15:00.000+07:00,"24787,24802.7,24767.9,24781.7"
2026-02-20T04:30:00.000+07:00,"24782,24782.3,24762.7,24763.7"
2026-02-20T04:45:00.000+07:00,"24763.2,24775.1,24762.5,24768.4"
2026-02-20T05:00:00.000+07:00,"24768.7,24772.8,24768.7,24772.6"
2026-02-20T05:15:00.000+07:00,"24773.5,24779.5,24772.8,24779.5"
2026-02-20T05:30:00.000+07:00,"24778,24780.2,24778,24779"
2026-02-20T05:45:00.000+07:00,"24778.9,24779,24765.6,24771.3"
2026-02-20T06:00:00.000+07:00,"24776.1,24792.2,24765.1,24782.9"
2026-02-20T06:15:00.000+07:00,"24783,24807.1,24783,24798"
2026-02-20T06:30:00.000+07:00,"24798.7,24826.5,24796.8,24811.5"
2026-02-20T06:45:00.000+07:00,"24811.1,24823.6,24808,24817.3"
2026-02-20T07:00:00.000+07:00,"24817.5,24833.7,24798.7,24829.2"
2026-02-20T07:15:00.000+07:00,"24829.1,24836.4,24800.6,24829.3"
2026-02-20T07:30:00.000+07:00,"24829.2,24853,24829.2,24838.9"
2026-02-20T07:45:00.000+07:00,"24839,24849.1,24838.8,24841.7"
2026-02-20T08:00:00.000+07:00,"24841.6,24874.3,24838.3,24871.5"
2026-02-20T08:15:00.000+07:00,"24871.3,24871.3,24847.2,24861.2"
2026-02-20T08:30:00.000+07:00,"24861.1,24866.5,24838.6,24841"
2026-02-20T08:45:00.000+07:00,"24841.2,24859.9,24831.9,24845.7"
2026-02-20T09:00:00.000+07:00,"24845.8,24873,24831.2,24834.3"
2026-02-20T09:15:00.000+07:00,"24834.7,24843,24823.2,24828.5"
2026-02-20T09:30:00.000+07:00,"24828.2,24848.1,24827.7,24829.5"
2026-02-20T09:45:00.000+07:00,"24829.7,24842.7,24818.1,24836.6"
2026-02-20T10:00:00.000+07:00,"24836.7,24848.3,24834.6,24844.3"
2026-02-20T10:15:00.000+07:00,"24844.1,24850.1,24840.6,24842.5"
2026-02-20T10:30:00.000+07:00,"24842.6,24846.7,24828.8,24829.7"
2026-02-20T10:45:00.000+07:00,"24829.8,24843.5,24828.5,24829.7"
2026-02-20T11:00:00.000+07:00,"24830.2,24851.5,24824.6,24851"
2026-02-20T11:15:00.000+07:00,"24851.2,24853.2,24834.8,24843.6"
2026-02-20T11:30:00.000+07:00,"24843.7,24844.3,24833.5,24842.7"
2026-02-20T11:45:00.000+07:00,"24842.5,24848.4,24837.1,24842.4"
2026-02-20T12:00:00.000+07:00,"24842.5,24857.5,24842.3,24846.6"
2026-02-20T12:15:00.000+07:00,"24846.7,24866.7,24845.8,24866.4"
2026-02-20T12:30:00.000+07:00,"24866.6,24886.8,24866.4,24876.2"
2026-02-20T12:45:00.000+07:00,"24876.1,24887.7,24871.9,24883.6"
2026-02-20T13:00:00.000+07:00,"24883.7,24892.9,24880,24892.6"
2026-02-20T13:15:00.000+07:00,"24892.7,24896.5,24883.2,24884.8"
2026-02-20T13:30:00.000+07:00,"24884.6,24885.7,24873.1,24877.4"
2026-02-20T13:45:00.000+07:00,"24877.5,24884,24870.2,24882.2"
2026-02-20T14:00:00.000+07:00,"24882.3,24895,24878.7,24888.6"
2026-02-20T14:15:00.000+07:00,"24888.8,24892.6,24879.9,24880.6"
2026-02-20T14:30:00.000+07:00,"24880.5,24885.8,24863.1,24878.4"
2026-02-20T14:45:00.000+07:00,"24878.6,24880,24847.4,24861.2"
2026-02-20T15:00:00.000+07:00,"24861.9,24875.7,24846,24852.6"
2026-02-20T15:15:00.000+07:00,"24852.5,24870.5,24836.2,24868.7"
2026-02-20T15:30:00.000+07:00,"24868.8,24871.5,24837.4,24862.9"
2026-02-20T15:45:00.000+07:00,"24862.8,24883.1,24858,24875.6"
2026-02-20T16:00:00.000+07:00,"24876.5,24902.6,24871.8,24900.9"
2026-02-20T16:15:00.000+07:00,"24901.2,24925.4,24900.9,24916"
2026-02-20T16:30:00.000+07:00,"24915.8,24922.6,24890.1,24899.3"
2026-02-20T16:45:00.000+07:00,"24899,24900.6,24872.1,24876.1"
2026-02-20T17:00:00.000+07:00,"24876.2,24885.2,24864.3,24881.8"
2026-02-20T17:15:00.000+07:00,"24881.7,24887.5,24860.6,24867.2"
2026-02-20T17:30:00.000+07:00,"24867.4,24877.7,24857.1,24865.6"
2026-02-20T17:45:00.000+07:00,"24865.8,24876.7,24841.7,24843"
2026-02-20T18:00:00.000+07:00,"24843.2,24843.4,24783,24808.3"
2026-02-20T18:15:00.000+07:00,"24808.5,24826.8,24797,24818.5"
2026-02-20T18:30:00.000+07:00,"24818.4,24828.9,24791.2,24803"
2026-02-20T18:45:00.000+07:00,"24803.1,24805,24752.4,24769.7"
2026-02-20T19:00:00.000+07:00,"24769.6,24781.1,24743.7,24779.7"
2026-02-20T19:15:00.000+07:00,"24779.8,24789,24737.6,24748"
2026-02-20T19:30:00.000+07:00,"24747.9,24759.4,24729.1,24744"
2026-02-20T19:45:00.000+07:00,"24743.9,24768.8,24732.3,24767.9"
2026-02-20T20:00:00.000+07:00,"24766.5,24773.7,24755.1,24763.1"
2026-02-20T20:15:00.000+07:00,"24762.9,24802.8,24762.6,24796.1"
2026-02-20T20:30:00.000+07:00,"24796.3,24799.7,24664.9,24685.7"
2026-02-20T20:45:00.000+07:00,"24685.5,24712.7,24661.4,24708.2"
2026-02-20T21:00:00.000+07:00,"24708.4,24722.9,24667.7,24676"
2026-02-20T21:15:00.000+07:00,"24675.9,24678.7,24636.5,24652.3"
2026-02-20T21:30:00.000+07:00,"24653.8,24887.4,24618.4,24863.5"
2026-02-20T21:45:00.000+07:00,"24863.6,24896.7,24794.2,24839.4"
2026-02-20T22:00:00.000+07:00,"24839.7,25023.9,24800.6,24869.8"
2026-02-20T22:15:00.000+07:00,"24869.4,24978.6,24802.9,24916.3"
2026-02-20T22:30:00.000+07:00,"24916.2,25009.6,24848.9,25003.5"
2026-02-20T22:45:00.000+07:00,"25002.2,25065.4,24968.2,25058.7"
2026-02-20T23:00:00.000+07:00,"25059.5,25080,25011.5,25016.8"
2026-02-20T23:15:00.000+07:00,"25017.5,25026.9,24917.5,24919.5"
2026-02-20T23:30:00.000+07:00,"24919.4,25049.7,24910.5,25033.2"
2026-02-20T23:45:00.000+07:00,"25033.7,25068.2,25030,25037.3"
2026-02-21T00:00:00.000+07:00,"25037.5,25047.6,24920.1,24921.1"
2026-02-21T00:15:00.000+07:00,"24921.2,24921.2,24818.4,24865.4"
2026-02-21T00:30:00.000+07:00,"24865.6,24911.2,24850.8,24901.7"
2026-02-21T00:45:00.000+07:00,"24902,24982.7,24887.3,24974.3"
2026-02-21T01:00:00.000+07:00,"24972.8,24983,24931.1,24942.3"
2026-02-21T01:15:00.000+07:00,"24942,24943,24869,24903.1"
2026-02-21T01:30:00.000+07:00,"24902.8,25014.4,24870.1,25009.3"
2026-02-21T01:45:00.000+07:00,"25009.2,25060.7,24986.2,25036.2"
2026-02-21T02:00:00.000+07:00,"25035.4,25056.7,24996.9,25000.7"
2026-02-21T02:15:00.000+07:00,"25000.4,25024,24976.3,24991.7"
2026-02-21T02:30:00.000+07:00,"24992.7,25017.4,24973.3,24976.7"
2026-02-21T02:45:00.000+07:00,"24977.5,25004.3,24958.5,24963.3"
2026-02-21T03:00:00.000+07:00,"24962.3,25015.7,24955.2,25005.2"
2026-02-21T03:15:00.000+07:00,"25005.1,25007.2,24952.6,24958.4"
2026-02-21T03:30:00.000+07:00,"24960.3,24999.8,24957.4,24999.3"
2026-02-21T03:45:00.000+07:00,"24997.4,25017.1,24974.2,25015.3"
2026-02-21T04:00:00.000+07:00,"25014.1,25026.7,25002.1,25016"
2026-02-21T04:15:00.000+07:00,"25015.7,25016,25005,25007.9"
2026-02-21T04:30:00.000+07:00,"25007.1,25017.3,25004.5,25011.8"
2026-02-21T04:45:00.000+07:00,"25012.3,25019.5,25008.6,25013.9"
2026-02-23T06:00:00.000+07:00,"24975.4,24997.6,24967,24990.2"
2026-02-23T06:15:00.000+07:00,"24990.3,24995.2,24909.2,24919.6"
2026-02-23T06:30:00.000+07:00,"24918.9,24928,24876.8,24880.9"
2026-02-23T06:45:00.000+07:00,"24881.2,24920.8,24877.1,24912.1"
2026-02-23T07:00:00.000+07:00,"24912,24912,24868.6,24875.6"
2026-02-23T07:15:00.000+07:00,"24875.7,24892.4,24827.1,24849"
2026-02-23T07:30:00.000+07:00,"24848.9,24849.3,24820.9,24826.1"
2026-02-23T07:45:00.000+07:00,"24825.5,24842.6,24791.4,24796.1"
2026-02-23T08:00:00.000+07:00,"24795.5,24817.1,24782.4,24805.3"
2026-02-23T08:15:00.000+07:00,"24805.2,24823.7,24795.8,24802.5"
2026-02-23T08:30:00.000+07:00,"24802.4,24815.5,24785.5,24814.5"
2026-02-23T08:45:00.000+07:00,"24813,24822.5,24774.2,24786.2"
2026-02-23T09:00:00.000+07:00,"24785.9,24799.4,24757.7,24760.3"
2026-02-23T09:15:00.000+07:00,"24760.4,24782.1,24753.2,24773.5"
2026-02-23T09:30:00.000+07:00,"24773.8,24785.4,24770.5,24781.1"
2026-02-23T09:45:00.000+07:00,"24781.2,24784.1,24774.5,24781.5"
2026-02-23T10:00:00.000+07:00,"24781.4,24805.6,24781.1,24792"
2026-02-23T10:15:00.000+07:00,"24792.2,24793.2,24757.8,24775.4"
2026-02-23T10:30:00.000+07:00,"24775.5,24782.4,24756,24781.9"
2026-02-23T10:45:00.000+07:00,"24781.7,24785.8,24773.3,24782.7"
2026-02-23T11:00:00.000+07:00,"24783,24795.1,24771.3,24784"
2026-02-23T11:15:00.000+07:00,"24783.7,24784.2,24763.5,24773.1"
2026-02-23T11:30:00.000+07:00,"24773.4,24781.6,24753.4,24766.5"
2026-02-23T11:45:00.000+07:00,"24766.6,24775.9,24760.7,24775.9"
2026-02-23T12:00:00.000+07:00,"24776.3,24777.6,24758.6,24762.8"
2026-02-23T12:15:00.000+07:00,"24762.7,24771.1,24749.4,24769.5"
2026-02-23T12:30:00.000+07:00,"24769,24785.9,24765.2,24777.4"
2026-02-23T12:45:00.000+07:00,"24777.5,24786.5,24767.4,24781.2"
2026-02-23T13:00:00.000+07:00,"24781.1,24796.9,24774.8,24795.5"
2026-02-23T13:15:00.000+07:00,"24795.4,24796.9,24785.5,24788.6"
2026-02-23T13:30:00.000+07:00,"24788.9,24806.8,24783.5,24800.4"
2026-02-23T13:45:00.000+07:00,"24800.1,24811.3,24795.4,24809.7"
2026-02-23T14:00:00.000+07:00,"24809.4,24856.1,24805.1,24850.5"
2026-02-23T14:15:00.000+07:00,"24850.6,24855,24835,24845.4"
2026-02-23T14:30:00.000+07:00,"24845.3,24853.4,24832.7,24849.3"
2026-02-23T14:45:00.000+07:00,"24849.2,24853.5,24838.2,24841.2"
2026-02-23T15:00:00.000+07:00,"24841.1,24854.9,24820.6,24846"
2026-02-23T15:15:00.000+07:00,"24845.9,24850.1,24829.6,24841.3"
2026-02-23T15:30:00.000+07:00,"24841.4,24848.5,24819.8,24826.3"
2026-02-23T15:45:00.000+07:00,"24826.5,24876,24826.5,24872.4"
2026-02-23T16:00:00.000+07:00,"24873.2,24940.6,24872.8,24935.8"
2026-02-23T16:15:00.000+07:00,"24935.7,24937.7,24915.8,24935.7"
2026-02-23T16:30:00.000+07:00,"24935.9,24946,24917.9,24936.8"
2026-02-23T16:45:00.000+07:00,"24936.9,24942.8,24922.8,24926.1"
2026-02-23T17:00:00.000+07:00,"24926.8,24942.9,24921.1,24931.8"
2026-02-23T17:15:00.000+07:00,"24931.7,24932.6,24887.1,24911.3"
2026-02-23T17:30:00.000+07:00,"24911.2,24928.1,24901.1,24918.4"
2026-02-23T17:45:00.000+07:00,"24918.3,24919.9,24905.5,24911.4"
2026-02-23T18:00:00.000+07:00,"24911.3,24921.6,24901.1,24918.9"
2026-02-23T18:15:00.000+07:00,"24919,24930.1,24907.1,24910.7"
2026-02-23T18:30:00.000+07:00,"24910.6,24912.4,24888.4,24890.5"
2026-02-23T18:45:00.000+07:00,"24890.6,24893.5,24850,24871.2"
2026-02-23T19:00:00.000+07:00,"24871.5,24884.8,24857.4,24863.1"
2026-02-23T19:15:00.000+07:00,"24863.3,24863.8,24844.6,24851.9"
2026-02-23T19:30:00.000+07:00,"24853.1,24864.5,24825.5,24863.1"
2026-02-23T19:45:00.000+07:00,"24863.7,24869.3,24835.8,24845.8"
2026-02-23T20:00:00.000+07:00,"24845.5,24881,24831.6,24860"
2026-02-23T20:15:00.000+07:00,"24859.9,24877.4,24854.2,24869.7"
2026-02-23T20:30:00.000+07:00,"24869.3,24892.4,24851.8,24890.5"
2026-02-23T20:45:00.000+07:00,"24890.2,24895.8,24868.3,24877.7"
2026-02-23T21:00:00.000+07:00,"24877.6,24903.8,24873.2,24902.3"
2026-02-23T21:15:00.000+07:00,"24902.5,24924.7,24879,24923.7"
2026-02-23T21:30:00.000+07:00,"24923.4,24981.3,24823.3,24823.4"
2026-02-23T21:45:00.000+07:00,"24823.5,24906.5,24801.1,24855.6"
2026-02-23T22:00:00.000+07:00,"24855.7,24894.4,24782.8,24816.8"
2026-02-23T22:15:00.000+07:00,"24816.9,24871.2,24800.3,24813.9"
2026-02-23T22:30:00.000+07:00,"24812.9,24842.1,24758.7,24771.5"
2026-02-23T22:45:00.000+07:00,"24771.4,24792.7,24681.3,24685.5"
2026-02-23T23:00:00.000+07:00,"24685.9,24698.9,24610.1,24624.8"
2026-02-23T23:15:00.000+07:00,"24625,24724.9,24611.1,24722.9"
2026-02-23T23:30:00.000+07:00,"24722.5,24734,24695.8,24711.3"
2026-02-23T23:45:00.000+07:00,"24710.8,24716.4,24674.6,24682.8"
2026-02-24T00:00:00.000+07:00,"24681.9,24709.5,24671.4,24678.5"
2026-02-24T00:15:00.000+07:00,"24678.6,24705.7,24677.1,24688.7"
2026-02-24T00:30:00.000+07:00,"24687.8,24692,24624.6,24648.1"
2026-02-24T00:45:00.000+07:00,"24648.5,24701.1,24640.6,24690.7"
2026-02-24T01:00:00.000+07:00,"24688.8,24732.7,24684.1,24728.6"
2026-02-24T01:15:00.000+07:00,"24728.8,24765.7,24725,24755.3"
2026-02-24T01:30:00.000+07:00,"24755.6,24763,24722,24730.3"
2026-02-24T01:45:00.000+07:00,"24730.4,24745.7,24665.8,24672.6"
2026-02-24T02:00:00.000+07:00,"24672.8,24700.7,24667.3,24689.3"
2026-02-24T02:15:00.000+07:00,"24689.2,24698.8,24654.8,24663.1"
2026-02-24T02:30:00.000+07:00,"24662.5,24676,24630.7,24644.3"
2026-02-24T02:45:00.000+07:00,"24644.5,24661.7,24629.7,24637"
2026-02-24T03:00:00.000+07:00,"24637.4,24651,24625.7,24631.4"
2026-02-24T03:15:00.000+07:00,"24631.3,24660.1,24631.1,24652.5"
2026-02-24T03:30:00.000+07:00,"24652,24696.2,24650.8,24676.2"
2026-02-24T03:45:00.000+07:00,"24676,24717,24656.7,24712.5"
2026-02-24T04:00:00.000+07:00,"24712.3,24730.8,24702.3,24725.8"
2026-02-24T04:15:00.000+07:00,"24726,24727.8,24714.6,24725.2"
2026-02-24T04:30:00.000+07:00,"24725,24736.3,24722.5,24728.9"
2026-02-24T04:45:00.000+07:00,"24728.8,24742.6,24722,24729.8"
2026-02-24T05:00:00.000+07:00,"24730,24740.1,24727.2,24737.2"
2026-02-24T05:15:00.000+07:00,"24737.1,24741.3,24734.4,24734.4"
2026-02-24T05:30:00.000+07:00,"24734.3,24739.5,24729.2,24734.5"
2026-02-24T05:45:00.000+07:00,"24734.3,24735.8,24732.4,24735.8"
2026-02-24T06:00:00.000+07:00,"24734.8,24762.8,24717.2,24743.2"
2026-02-24T06:15:00.000+07:00,"24743.3,24753.3,24732.9,24752.8"
2026-02-24T06:30:00.000+07:00,"24752.6,24771.3,24750.2,24760"
2026-02-24T06:45:00.000+07:00,"24760.2,24764.3,24734.8,24737.3"
2026-02-24T07:00:00.000+07:00,"24737,24758.4,24729.4,24745.5"
2026-02-24T07:15:00.000+07:00,"24745.6,24765.6,24721,24728.5"
2026-02-24T07:30:00.000+07:00,"24728.4,24755.3,24725.2,24752.2"
2026-02-24T07:45:00.000+07:00,"24752.3,24771.1,24746.8,24763.1"
2026-02-24T08:00:00.000+07:00,"24762.3,24765.9,24743.5,24751.6"
2026-02-24T08:15:00.000+07:00,"24751.7,24777.2,24743.8,24767.2"
2026-02-24T08:30:00.000+07:00,"24767.7,24783.9,24746.8,24775.1"
2026-02-24T08:45:00.000+07:00,"24775,24777.2,24758.9,24769.9"
2026-02-24T09:00:00.000+07:00,"24769.7,24786.9,24763.5,24783.9"
2026-02-24T09:15:00.000+07:00,"24783.8,24814.6,24779.6,24809.2"
2026-02-24T09:30:00.000+07:00,"24809.1,24826.4,24805.9,24810.3"
2026-02-24T09:45:00.000+07:00,"24809.6,24820.8,24805.4,24816.1"
2026-02-24T10:00:00.000+07:00,"24816,24822.4,24813.7,24819.6"
2026-02-24T10:15:00.000+07:00,"24819.7,24831.9,24816.8,24825.4"
2026-02-24T10:30:00.000+07:00,"24825.6,24827.4,24817.2,24820.8"
2026-02-24T10:45:00.000+07:00,"24820.6,24823.8,24816.5,24820.3"
2026-02-24T11:00:00.000+07:00,"24820.5,24828.5,24818.1,24821.2"
2026-02-24T11:15:00.000+07:00,"24821.3,24829.8,24812.5,24825.7"
2026-02-24T11:30:00.000+07:00,"24825.8,24830.5,24813.9,24818.6"
2026-02-24T11:45:00.000+07:00,"24818.7,24827.6,24816.8,24823.8"
2026-02-24T12:00:00.000+07:00,"24824.1,24834.9,24817.1,24829"
2026-02-24T12:15:00.000+07:00,"24829.1,24829.8,24802.4,24809.1"
2026-02-24T12:30:00.000+07:00,"24809,24809,24790.1,24802.5"
2026-02-24T12:45:00.000+07:00,"24802.6,24802.6,24772.9,24788.9"
2026-02-24T13:00:00.000+07:00,"24788.7,24801.3,24781.7,24783.9"
2026-02-24T13:15:00.000+07:00,"24783.8,24798.5,24771.2,24779.4"
2026-02-24T13:30:00.000+07:00,"24779.3,24791.1,24770.2,24786.9"
2026-02-24T13:45:00.000+07:00,"24786.8,24791.5,24778,24786.3"
2026-02-24T14:00:00.000+07:00,"24786.1,24809.2,24781.8,24805"
2026-02-24T14:15:00.000+07:00,"24805.1,24810.6,24793.4,24808"
2026-02-24T14:30:00.000+07:00,"24807.9,24816,24780.4,24784.4"
2026-02-24T14:45:00.000+07:00,"24784.2,24793.2,24778.6,24779.5"
2026-02-24T15:00:00.000+07:00,"24779.6,24781.8,24730.1,24741.4"
2026-02-24T15:15:00.000+07:00,"24741.3,24765.3,24722.8,24754.3"
2026-02-24T15:30:00.000+07:00,"24754.4,24769.6,24724.8,24735.5"
2026-02-24T15:45:00.000+07:00,"24735,24745.7,24708.2,24738.3"
2026-02-24T16:00:00.000+07:00,"24738.4,24786.5,24735.5,24785.1"
2026-02-24T16:15:00.000+07:00,"24785.2,24790.3,24767.9,24772.9"
2026-02-24T16:30:00.000+07:00,"24772.8,24778.5,24742.3,24775.9"
2026-02-24T16:45:00.000+07:00,"24776,24794.8,24771.2,24794.1"
2026-02-24T17:00:00.000+07:00,"24794.3,24813.7,24789.5,24790.5"
2026-02-24T17:15:00.000+07:00,"24790.4,24796.7,24782.4,24787.6"
2026-02-24T17:30:00.000+07:00,"24787.7,24795.5,24774.9,24791"
2026-02-24T17:45:00.000+07:00,"24790.7,24791.7,24773.3,24789"
2026-02-24T18:00:00.000+07:00,"24790,24802.2,24769.5,24771.6"
2026-02-24T18:15:00.000+07:00,"24771.5,24781.3,24760.7,24769.6"
2026-02-24T18:30:00.000+07:00,"24769.3,24776.4,24756.4,24767.8"
2026-02-24T18:45:00.000+07:00,"24766.8,24782.6,24760.8,24780.9"
2026-02-24T19:00:00.000+07:00,"24780.3,24846.8,24777,24820.6"
2026-02-24T19:15:00.000+07:00,"24820.4,24821.9,24781.7,24788.5"
2026-02-24T19:30:00.000+07:00,"24788.4,24795.9,24749,24766.5"
2026-02-24T19:45:00.000+07:00,"24766.2,24771.6,24744.2,24764.2"
2026-02-24T20:00:00.000+07:00,"24764.3,24786.5,24761.6,24775.3"
2026-02-24T20:15:00.000+07:00,"24775.2,24806.7,24770.6,24804.7"
2026-02-24T20:30:00.000+07:00,"24804.8,24823.2,24786.3,24819.2"
2026-02-24T20:45:00.000+07:00,"24819.1,24838.7,24816.9,24824.3"
2026-02-24T21:00:00.000+07:00,"24824.2,24826.3,24791.6,24799.8"
2026-02-24T21:15:00.000+07:00,"24800,24802.6,24745.7,24752.7"
2026-02-24T21:30:00.000+07:00,"24752.4,24859.6,24643.5,24858.7"
2026-02-24T21:45:00.000+07:00,"24858.8,24912.1,24809.3,24824.7"
2026-02-24T22:00:00.000+07:00,"24824.1,24868.3,24767.7,24811.8"
2026-02-24T22:15:00.000+07:00,"24811.5,24961.6,24800.6,24958.3"
2026-02-24T22:30:00.000+07:00,"24958.2,24976,24931.4,24962.4"
2026-02-24T22:45:00.000+07:00,"24962.2,24964.1,24913.6,24922.8"
2026-02-24T23:00:00.000+07:00,"24922.5,24991.3,24920.8,24977.8"
2026-02-24T23:15:00.000+07:00,"24978,24984.8,24940.4,24961"
2026-02-24T23:30:00.000+07:00,"24961.1,24961.4,24914.1,24933.6"
2026-02-24T23:45:00.000+07:00,"24933.5,24986.3,24931.9,24974.6"
2026-02-25T00:00:00.000+07:00,"24973.4,25021.2,24965.9,25000.3"
2026-02-25T00:15:00.000+07:00,"25000.5,25018.9,24988.7,25005.8"
2026-02-25T00:30:00.000+07:00,"25005.3,25013.8,24984.9,24987"
2026-02-25T00:45:00.000+07:00,"24986.9,25009.1,24977.9,24991.3"
2026-02-25T01:00:00.000+07:00,"24991.6,25023,24984.3,24988.7"
2026-02-25T01:15:00.000+07:00,"24988.8,24990.8,24960.8,24964.7"
2026-02-25T01:30:00.000+07:00,"24965,24996.5,24957.4,24983.3"
2026-02-25T01:45:00.000+07:00,"24983.4,24988.9,24967.1,24973.8"
2026-02-25T02:00:00.000+07:00,"24974,24981.5,24953.4,24960.1"
2026-02-25T02:15:00.000+07:00,"24960,24961.3,24933.8,24948.1"
2026-02-25T02:30:00.000+07:00,"24949.9,24976.3,24947.4,24965.4"
2026-02-25T02:45:00.000+07:00,"24965.3,24998.3,24960.7,24968.1"
2026-02-25T03:00:00.000+07:00,"24966.9,24974.4,24946,24950.3"
2026-02-25T03:15:00.000+07:00,"24950.2,24971.5,24941.7,24946.2"
2026-02-25T03:30:00.000+07:00,"24946.1,24979.6,24942.2,24977.1"
2026-02-25T03:45:00.000+07:00,"24977.2,25017.7,24969.3,24976.7"
2026-02-25T04:00:00.000+07:00,"24976.2,24983.4,24949.2,24965.9"
2026-02-25T04:15:00.000+07:00,"24966.1,24974.4,24961.1,24971.2"
2026-02-25T04:30:00.000+07:00,"24971.4,24974.4,24964.7,24965.1"
2026-02-25T04:45:00.000+07:00,"24964.6,24968.3,24958.9,24963.9"
2026-02-25T05:00:00.000+07:00,"24964.1,24970.7,24962.2,24968.6"
2026-02-25T05:15:00.000+07:00,"24968.7,24969.5,24965.4,24966.4"
2026-02-25T05:30:00.000+07:00,"24966.2,24969,24964.9,24969"
2026-02-25T05:45:00.000+07:00,"24968.9,24970.6,24967.9,24970"
2026-02-25T06:00:00.000+07:00,"24970,24972.8,24943.1,24968.3"
2026-02-25T06:15:00.000+07:00,"24968.2,24976.5,24959.3,24971.3"
2026-02-25T06:30:00.000+07:00,"24971.1,24987.7,24965.8,24981.2"
2026-02-25T06:45:00.000+07:00,"24981,25001.2,24977,24995.1"
2026-02-25T07:00:00.000+07:00,"24994.8,24995.2,24977.3,24979.9"
2026-02-25T07:15:00.000+07:00,"24979.8,24994.8,24972.1,24977.8"
2026-02-25T07:30:00.000+07:00,"24977.9,25009.8,24968.1,25009.2"
2026-02-25T07:45:00.000+07:00,"25009.3,25024.3,24997.3,25020.7"
2026-02-25T08:00:00.000+07:00,"25020.6,25041.9,25012.5,25038.3"
2026-02-25T08:15:00.000+07:00,"25038.4,25056.6,25020.9,25030.5"
2026-02-25T08:30:00.000+07:00,"25030.4,25052.8,25023.2,25042"
2026-02-25T08:45:00.000+07:00,"25042.1,25062.6,25041.2,25052.3"
2026-02-25T09:00:00.000+07:00,"25052.5,25060.7,25041.1,25051.1"
2026-02-25T09:15:00.000+07:00,"25051.3,25054.5,25034.8,25050"
2026-02-25T09:30:00.000+07:00,"25049.9,25064.2,25042.1,25044.4"
2026-02-25T09:45:00.000+07:00,"25044.5,25058,25043.3,25056.7"
2026-02-25T10:00:00.000+07:00,"25057,25058.9,25026.6,25027.4"
2026-02-25T10:15:00.000+07:00,"25027.5,25031.1,25005.2,25018.2"
2026-02-25T10:30:00.000+07:00,"25018.4,25025.4,24945.3,25008.1"
2026-02-25T10:45:00.000+07:00,"25008.3,25031.4,25000.6,25015.7"
2026-02-25T11:00:00.000+07:00,"25015.6,25017.7,24984.5,24991.4"
2026-02-25T11:15:00.000+07:00,"24991.1,25003.6,24982.8,25003.3"
2026-02-25T11:30:00.000+07:00,"25003,25012.1,25003,25005.3"
2026-02-25T11:45:00.000+07:00,"25005.1,25011.1,24994.4,24999.2"
2026-02-25T12:00:00.000+07:00,"24999.4,25017.2,24994.4,25004.2"
2026-02-25T12:15:00.000+07:00,"25004.3,25005.4,24985.4,24990.3"
2026-02-25T12:30:00.000+07:00,"24990.4,24995.7,24979.9,24989.8"
2026-02-25T12:45:00.000+07:00,"24990.1,25006.7,24986.3,24992.5"
2026-02-25T13:00:00.000+07:00,"24990.9,24995.8,24981.8,24995"
2026-02-25T13:15:00.000+07:00,"24994.9,25008.4,24990.1,24991.1"
2026-02-25T13:30:00.000+07:00,"24990.9,25007.7,24985.9,24994.6"
2026-02-25T13:45:00.000+07:00,"24994.4,24996.1,24987.3,24991.7"
2026-02-25T14:00:00.000+07:00,"24992.6,25003.5,24985.2,24991"
2026-02-25T14:15:00.000+07:00,"24991.2,24997.2,24985.7,24991.3"
2026-02-25T14:30:00.000+07:00,"24991.2,24993.1,24967.5,24978"
2026-02-25T14:45:00.000+07:00,"24977.6,24992.3,24976.8,24985.8"
2026-02-25T15:00:00.000+07:00,"24986,25026.9,24985.2,25007.2"
2026-02-25T15:15:00.000+07:00,"25005.7,25040.8,24997.6,25024"
2026-02-25T15:30:00.000+07:00,"25024.1,25030.4,25011.7,25025.2"
2026-02-25T15:45:00.000+07:00,"25025.1,25033.5,25012.6,25022.5"
2026-02-25T16:00:00.000+07:00,"25022.6,25037.2,25003.6,25029.5"
2026-02-25T16:15:00.000+07:00,"25029.6,25031.2,25014.5,25019.6"
2026-02-25T16:30:00.000+07:00,"25019.5,25033,25013.6,25030.3"
2026-02-25T16:45:00.000+07:00,"25030.2,25038,25021,25030.9"
2026-02-25T17:00:00.000+07:00,"25031,25035.6,25016.2,25020.9"
2026-02-25T17:15:00.000+07:00,"25020.7,25031.5,25015.9,25025.4"
2026-02-25T17:30:00.000+07:00,"25025.5,25043.8,25022.4,25036.5"
2026-02-25T17:45:00.000+07:00,"25036.4,25038.2,25017.7,25023.3"
2026-02-25T18:00:00.000+07:00,"25023.1,25030.3,25018.4,25028.7"
2026-02-25T18:15:00.000+07:00,"25028.8,25033.8,25020.1,25030.3"
2026-02-25T18:30:00.000+07:00,"25030.4,25060.8,25029.9,25057.5"
2026-02-25T18:45:00.000+07:00,"25057.7,25077.8,25056.1,25073.5"
2026-02-25T19:00:00.000+07:00,"25070.9,25081.7,25054.8,25060.6"
2026-02-25T19:15:00.000+07:00,"25060.5,25099,25059.2,25083"
2026-02-25T19:30:00.000+07:00,"25082.9,25091.8,25072.6,25079.6"
2026-02-25T19:45:00.000+07:00,"25079.7,25096.1,25078.5,25087.3"
2026-02-25T20:00:00.000+07:00,"25087.9,25101.9,25083,25097.9"
2026-02-25T20:15:00.000+07:00,"25098.1,25098.5,25080.3,25092.3"
2026-02-25T20:30:00.000+07:00,"25092.4,25093.3,25073.5,25083.6"
2026-02-25T20:45:00.000+07:00,"25083.4,25115.6,25081.2,25099.1"
2026-02-25T21:00:00.000+07:00,"25099.8,25126.6,25094.8,25104.5"
2026-02-25T21:15:00.000+07:00,"25104.6,25112.5,25079.3,25109.6"
2026-02-25T21:30:00.000+07:00,"25109.95,25226.6,25106,25219.4"
2026-02-25T21:45:00.000+07:00,"25219.2,25297.8,25219.1,25289.6"
2026-02-25T22:00:00.000+07:00,"25289.7,25308.8,25251.6,25256.4"
2026-02-25T22:15:00.000+07:00,"25256.2,25287.9,25232,25281.4"
2026-02-25T22:30:00.000+07:00,"25281.5,25291.1,25235.1,25249.1"
2026-02-25T22:45:00.000+07:00,"25249.8,25264.7,25215.6,25245.4"
2026-02-25T23:00:00.000+07:00,"25246.5,25261.7,25235.1,25247.5"
2026-02-25T23:15:00.000+07:00,"25247.4,25253.4,25232.2,25248.6"
2026-02-25T23:30:00.000+07:00,"25249.1,25277.2,25242.8,25269.7"
2026-02-25T23:45:00.000+07:00,"25270.2,25282,25263.8,25265.9"
2026-02-26T00:00:00.000+07:00,"25266.2,25290.3,25261.8,25288.7"
2026-02-26T00:15:00.000+07:00,"25288.8,25289.8,25270.2,25271.9"
2026-02-26T00:30:00.000+07:00,"25271.4,25289.8,25265.1,25282.9"
2026-02-26T00:45:00.000+07:00,"25283,25304.1,25279.8,25300.7"
2026-02-26T01:00:00.000+07:00,"25299.4,25303.4,25289.1,25294.7"
2026-02-26T01:15:00.000+07:00,"25294.8,25295.5,25285.8,25288.6"
2026-02-26T01:30:00.000+07:00,"25289.1,25304.2,25284.4,25300.8"
2026-02-26T01:45:00.000+07:00,"25300.5,25306.2,25297.8,25301.3"
2026-02-26T02:00:00.000+07:00,"25300.6,25324.4,25299.6,25315"
2026-02-26T02:15:00.000+07:00,"25315.1,25327.2,25313.5,25320.9"
2026-02-26T02:30:00.000+07:00,"25320.8,25327.9,25315.3,25316.1"
2026-02-26T02:45:00.000+07:00,"25316,25326,25314.1,25318.7"
2026-02-26T03:00:00.000+07:00,"25318.4,25325.9,25315.1,25320.6"
2026-02-26T03:15:00.000+07:00,"25320.4,25324.6,25310.5,25317.7"
2026-02-26T03:30:00.000+07:00,"25317.9,25333.5,25304,25325"
2026-02-26T03:45:00.000+07:00,"25325.1,25346.8,25322.3,25333.9"
2026-02-26T04:00:00.000+07:00,"25333.7,25356,25321.6,25341"
2026-02-26T04:15:00.000+07:00,"25340.2,25374,25326.5,25346.2"
2026-02-26T04:30:00.000+07:00,"25344.4,25443.2,25331.1,25408.2"
2026-02-26T04:45:00.000+07:00,"25409.4,25421,25385.9,25410.3"
2026-02-26T05:00:00.000+07:00,"25409.2,25409.2,25368.8,25368.8"
2026-02-26T05:15:00.000+07:00,"25368,25378.8,25344.8,25352.3"
2026-02-26T05:30:00.000+07:00,"25352.4,25361.2,25315.9,25333.9"
2026-02-26T05:45:00.000+07:00,"25335,25346.8,25313.2,25315.5"
2026-02-26T06:00:00.000+07:00,"25345.4,25370.9,25318.8,25332.2"
2026-02-26T06:15:00.000+07:00,"25332.1,25345.7,25314.2,25336.8"
2026-02-26T06:30:00.000+07:00,"25336.9,25340.2,25226.9,25262.1"
2026-02-26T06:45:00.000+07:00,"25261.8,25286.3,25254,25270"
2026-02-26T07:00:00.000+07:00,"25270.1,25290.6,25256.3,25283.9"
2026-02-26T07:15:00.000+07:00,"25283.6,25292.7,25271.2,25289"
2026-02-26T07:30:00.000+07:00,"25289.1,25294.4,25255.3,25262.5"
2026-02-26T07:45:00.000+07:00,"25262.6,25276.4,25261.7,25268.3"
2026-02-26T08:00:00.000+07:00,"25268.8,25272.7,25241.6,25263.8"
2026-02-26T08:15:00.000+07:00,"25263.7,25266.9,25225.6,25225.6"
2026-02-26T08:30:00.000+07:00,"25225.8,25265.2,25217.9,25259"
2026-02-26T08:45:00.000+07:00,"25259.1,25273,25256.8,25269.4"
2026-02-26T09:00:00.000+07:00,"25268.4,25272.4,25243.6,25247.7"
2026-02-26T09:15:00.000+07:00,"25247.9,25264.9,25247.6,25252.3"
2026-02-26T09:30:00.000+07:00,"25252.2,25256.8,25242.1,25245.9"
2026-02-26T09:45:00.000+07:00,"25246.1,25262.4,25246.1,25259.4"
2026-02-26T10:00:00.000+07:00,"25258.6,25265,25247.5,25254.4"
2026-02-26T10:15:00.000+07:00,"25254.1,25263,25252.1,25258.2"
2026-02-26T10:30:00.000+07:00,"25258.3,25276.4,25255.3,25264.7"
2026-02-26T10:45:00.000+07:00,"25264.6,25271.9,25251.5,25254.3"
2026-02-26T11:00:00.000+07:00,"25254.1,25263.4,25249.4,25253.8"
2026-02-26T11:15:00.000+07:00,"25253.9,25257.8,25247.6,25252"
2026-02-26T11:30:00.000+07:00,"25252.1,25258.3,25244.6,25252.6"
2026-02-26T11:45:00.000+07:00,"25252.5,25258.9,25248.4,25253.1"
2026-02-26T12:00:00.000+07:00,"25253.2,25253.6,25235.7,25239"
2026-02-26T12:15:00.000+07:00,"25238.8,25257,25236.7,25248.1"
2026-02-26T12:30:00.000+07:00,"25248,25252.9,25244.3,25250.4"
2026-02-26T12:45:00.000+07:00,"25250.5,25262.3,25248.9,25260.4"
2026-02-26T13:00:00.000+07:00,"25260.5,25285.2,25259.5,25285.1"
2026-02-26T13:15:00.000+07:00,"25284.9,25286.5,25268.9,25272.3"
2026-02-26T13:30:00.000+07:00,"25272.8,25293.3,25269.2,25287"
2026-02-26T13:45:00.000+07:00,"25287.1,25296.5,25274.3,25279.9"
2026-02-26T14:00:00.000+07:00,"25280,25302.6,25278.6,25300.3"
2026-02-26T14:15:00.000+07:00,"25300.4,25308.6,25281.2,25293.6"
2026-02-26T14:30:00.000+07:00,"25293.5,25314.4,25291.1,25312.9"
2026-02-26T14:45:00.000+07:00,"25312.4,25316.8,25296.7,25300.9"
2026-02-26T15:00:00.000+07:00,"25300.3,25319.7,25296.1,25317.6"
2026-02-26T15:15:00.000+07:00,"25317.7,25345.5,25314.9,25323.7"
2026-02-26T15:30:00.000+07:00,"25324,25327.6,25302.3,25306.6"
2026-02-26T15:45:00.000+07:00,"25306.7,25312.5,25296.7,25302.3"
2026-02-26T16:00:00.000+07:00,"25302.6,25325.3,25298.9,25324.8"
2026-02-26T16:15:00.000+07:00,"25324.7,25332.4,25315.9,25331.5"
2026-02-26T16:30:00.000+07:00,"25331.6,25351.5,25327.1,25346.5"
2026-02-26T16:45:00.000+07:00,"25346.7,25354.7,25329.3,25331.3"
2026-02-26T17:00:00.000+07:00,"25332.1,25342,25326.5,25335.4"
2026-02-26T17:15:00.000+07:00,"25335.3,25338.5,25315.3,25316.6"
2026-02-26T17:30:00.000+07:00,"25316.8,25326.3,25305.7,25320"
2026-02-26T17:45:00.000+07:00,"25320.2,25321.8,25299.8,25309.5"
2026-02-26T18:00:00.000+07:00,"25309.7,25315.2,25298.2,25307.1"
2026-02-26T18:15:00.000+07:00,"25306.9,25322.3,25302.5,25316.8"
2026-02-26T18:30:00.000+07:00,"25316.9,25322.9,25308.6,25310"
2026-02-26T18:45:00.000+07:00,"25310.1,25322.5,25303.7,25313.7"
2026-02-26T19:00:00.000+07:00,"25313.8,25331.5,25312.7,25317.3"
2026-02-26T19:15:00.000+07:00,"25317.2,25341.2,25315.4,25338.9"
2026-02-26T19:30:00.000+07:00,"25338.8,25342.7,25321.5,25340.4"
2026-02-26T19:45:00.000+07:00,"25340.2,25340.5,25322,25325.9"
2026-02-26T20:00:00.000+07:00,"25323.6,25332.1,25313.6,25330.3"
2026-02-26T20:15:00.000+07:00,"25330.5,25352.5,25324.8,25349.7"
2026-02-26T20:30:00.000+07:00,"25349.8,25354.4,25338.8,25340"
2026-02-26T20:45:00.000+07:00,"25339.9,25367.9,25333.4,25337.2"
2026-02-26T21:00:00.000+07:00,"25337,25351.1,25319.1,25328.8"
2026-02-26T21:15:00.000+07:00,"25329.9,25337.6,25293.9,25293.9"
2026-02-26T21:30:00.000+07:00,"25294,25294,25177.4,25220.3"
2026-02-26T21:45:00.000+07:00,"25218,25218.5,25135.6,25145.7"
2026-02-26T22:00:00.000+07:00,"25148,25165,25021.3,25023.7"
2026-02-26T22:15:00.000+07:00,"25023.4,25024,24842.1,24890.4"
2026-02-26T22:30:00.000+07:00,"24889.5,24955.6,24818.1,24944.7"
2026-02-26T22:45:00.000+07:00,"24944.3,24983.4,24934.9,24956.1"
2026-02-26T23:00:00.000+07:00,"24956.8,25007.3,24942.9,25003"
2026-02-26T23:15:00.000+07:00,"25002.6,25040.5,24982.9,25014.1"
2026-02-26T23:30:00.000+07:00,"25015,25024.5,24952.5,24957.5"
2026-02-26T23:45:00.000+07:00,"24957.2,24983.9,24908.8,24918.3"
2026-02-27T00:00:00.000+07:00,"24918.7,24963.9,24915.2,24922.4"
2026-02-27T00:15:00.000+07:00,"24922.7,24932.6,24907.8,24923.6"
2026-02-27T00:30:00.000+07:00,"24923.5,24964.3,24898.3,24900.9"
2026-02-27T00:45:00.000+07:00,"24900.8,24909.2,24868.3,24891.6"
2026-02-27T01:00:00.000+07:00,"24890.8,24895.2,24845.7,24864"
2026-02-27T01:15:00.000+07:00,"24864.4,24890,24846.5,24874.6"
2026-02-27T01:30:00.000+07:00,"24876.2,24968.1,24864.5,24953.1"
2026-02-27T01:45:00.000+07:00,"24953.2,24984.5,24931.7,24955.3"
2026-02-27T02:00:00.000+07:00,"24955.9,25025.4,24944,25012.5"
2026-02-27T02:15:00.000+07:00,"25013.1,25040.2,24993.7,25001.4"
2026-02-27T02:30:00.000+07:00,"25001.5,25032.4,24994.2,25017.3"
2026-02-27T02:45:00.000+07:00,"25017.4,25052.9,25014.9,25018"
2026-02-27T03:00:00.000+07:00,"25018.3,25046.6,24989.4,24990.5"
2026-02-27T03:15:00.000+07:00,"24990.4,25006.3,24977.4,24982.4"
2026-02-27T03:30:00.000+07:00,"24982.7,25026.2,24982,25018.9"
2026-02-27T03:45:00.000+07:00,"25018.8,25039.4,24994.4,25034.1"
2026-02-27T04:00:00.000+07:00,"25036.1,25041.6,25008.6,25020"
2026-02-27T04:15:00.000+07:00,"25019.7,25027.1,25012.9,25019.3"
2026-02-27T04:30:00.000+07:00,"25019.8,25023.4,24997.6,25001.4"
2026-02-27T04:45:00.000+07:00,"25000.6,25003.5,24974.8,24980.5"
2026-02-27T05:00:00.000+07:00,"24979,24982.7,24943.7,24957.5"
2026-02-27T05:15:00.000+07:00,"24957.3,24976.3,24954.9,24966.7"
2026-02-27T05:30:00.000+07:00,"24966.8,24966.9,24918.1,24925.5"
2026-02-27T05:45:00.000+07:00,"24925.6,24972.6,24919.6,24970.1"
2026-02-27T06:00:00.000+07:00,"24982.6,24988.8,24913.6,24975.7"
2026-02-27T06:15:00.000+07:00,"24976,24995.7,24970.4,24980.6"
2026-02-27T06:30:00.000+07:00,"24980.5,24980.9,24942.7,24949.9"
2026-02-27T06:45:00.000+07:00,"24950,24961.2,24933.1,24954.7"
2026-02-27T07:00:00.000+07:00,"24954.4,24974.8,24940.1,24968.2"
2026-02-27T07:15:00.000+07:00,"24968.1,24985.5,24952.7,24958.4"
2026-02-27T07:30:00.000+07:00,"24957.8,24961.9,24916.9,24919.4"
2026-02-27T07:45:00.000+07:00,"24919.5,24954.6,24912.3,24945.6"
2026-02-27T08:00:00.000+07:00,"24946.4,24962.5,24934.4,24962.4"
2026-02-27T08:15:00.000+07:00,"24962.1,24976.8,24944.7,24948"
2026-02-27T08:30:00.000+07:00,"24947.5,24965.5,24933,24935.5"
2026-02-27T08:45:00.000+07:00,"24935.4,24961.2,24928.4,24951.6"
2026-02-27T09:00:00.000+07:00,"24952.6,24976.1,24944.8,24955.8"
2026-02-27T09:15:00.000+07:00,"24955.7,24977.4,24954.7,24972.7"
2026-02-27T09:30:00.000+07:00,"24972.6,24975,24951,24964.2"
2026-02-27T09:45:00.000+07:00,"24964.3,24991.2,24960.1,24989.4"
2026-02-27T10:00:00.000+07:00,"24989.5,24993.9,24982.5,24984.6"
2026-02-27T10:15:00.000+07:00,"24984.4,24989.7,24969.2,24973"
2026-02-27T10:30:00.000+07:00,"24973.2,24982.5,24962.2,24975.7"
2026-02-27T10:45:00.000+07:00,"24975.9,24991.6,24968.1,24982.8"
2026-02-27T11:00:00.000+07:00,"24982.7,24994.7,24980.5,24981.3"
2026-02-27T11:15:00.000+07:00,"24981.7,24988.5,24970.2,24985.6"
2026-02-27T11:30:00.000+07:00,"24985.2,24992.1,24977.4,24989.9"
2026-02-27T11:45:00.000+07:00,"24989.4,24990.5,24978.7,24981.8"
2026-02-27T12:00:00.000+07:00,"24981.9,25005.5,24980.8,25004.6"
2026-02-27T12:15:00.000+07:00,"25004.5,25015.4,25002.6,25012.6"
2026-02-27T12:30:00.000+07:00,"25012.7,25018.4,25006,25012.3"
2026-02-27T12:45:00.000+07:00,"25012.4,25019.8,24996.5,24997.2"
2026-02-27T13:00:00.000+07:00,"24996.9,25005,24969.7,24973.8"
2026-02-27T13:15:00.000+07:00,"24973.5,24978,24949.6,24964.7"
2026-02-27T13:30:00.000+07:00,"24964.6,24995.7,24962.5,24989.9"
2026-02-27T13:45:00.000+07:00,"24990,24995.2,24980,24988.8"
2026-02-27T14:00:00.000+07:00,"24989,25012.8,24989,25004.3"
2026-02-27T14:15:00.000+07:00,"25004.4,25031.3,25003.3,25027.8"
2026-02-27T14:30:00.000+07:00,"25027.7,25033.1,25018.5,25028.4"
2026-02-27T14:45:00.000+07:00,"25028.3,25037.1,25021.5,25030.8"
2026-02-27T15:00:00.000+07:00,"25031,25048.9,25003.4,25005.8"
2026-02-27T15:15:00.000+07:00,"25005.6,25030.3,24997.3,25015.4"
2026-02-27T15:30:00.000+07:00,"25015.3,25034.7,25005.4,25014.7"
2026-02-27T15:45:00.000+07:00,"25014.8,25029.1,25010.5,25026.2"
2026-02-27T16:00:00.000+07:00,"25031.6,25047.4,25009.3,25038.7"
2026-02-27T16:15:00.000+07:00,"25038.8,25057.8,25025.4,25037.2"
2026-02-27T16:30:00.000+07:00,"25037.1,25037.7,24989.7,24990.4"
2026-02-27T16:45:00.000+07:00,"24990.6,25006.4,24983.4,24987.3"
2026-02-27T17:00:00.000+07:00,"24987.2,24991.9,24924.4,24947.4"
2026-02-27T17:15:00.000+07:00,"24947.5,24980.9,24947.2,24975.3"
2026-02-27T17:30:00.000+07:00,"24975.7,25002.4,24974.3,24992.7"
2026-02-27T17:45:00.000+07:00,"24992.8,24992.8,24944.5,24960"
2026-02-27T18:00:00.000+07:00,"24960.2,24971.7,24944.9,24955.3"
2026-02-27T18:15:00.000+07:00,"24953.7,24966.1,24944.9,24950.3"
2026-02-27T18:30:00.000+07:00,"24950.2,24960.8,24887.8,24897.6"
2026-02-27T18:45:00.000+07:00,"24897.7,24917.2,24889.8,24911.3"
2026-02-27T19:00:00.000+07:00,"24913.6,24937.4,24879.1,24934.7"
2026-02-27T19:15:00.000+07:00,"24934.6,24953.1,24930,24932.7"
2026-02-27T19:30:00.000+07:00,"24932.9,24944.5,24883.9,24886"
2026-02-27T19:45:00.000+07:00,"24886.2,24896.5,24856.2,24879.6"
2026-02-27T20:00:00.000+07:00,"24876.9,24901.3,24863.3,24870.4"
2026-02-27T20:15:00.000+07:00,"24870.3,24882.5,24832.5,24847.4"
2026-02-27T20:30:00.000+07:00,"24845.5,24845.5,24753.2,24797.5"
2026-02-27T20:45:00.000+07:00,"24798.5,24838,24790.8,24829.5"
2026-02-27T21:00:00.000+07:00,"24829.6,24837.1,24789.3,24802.3"
2026-02-27T21:15:00.000+07:00,"24802.4,24804,24755.8,24771.1"
2026-02-27T21:30:00.000+07:00,"24774.3,24865.9,24740.7,24802.5"
2026-02-27T21:45:00.000+07:00,"24803,24897.3,24776.3,24838.4"
2026-02-27T22:00:00.000+07:00,"24838.3,24953.7,24825.1,24914.3"
2026-02-27T22:15:00.000+07:00,"24914.2,24956.9,24882,24933.9"
2026-02-27T22:30:00.000+07:00,"24933.4,24967,24888.3,24958.2"
2026-02-27T22:45:00.000+07:00,"24957.9,24977.1,24883.1,24942"
2026-02-27T23:00:00.000+07:00,"24942.4,24980.6,24903.1,24947"
2026-02-27T23:15:00.000+07:00,"24946.5,24971.6,24912,24925.2"
2026-02-27T23:30:00.000+07:00,"24925.8,24966.6,24890.5,24893.9"
2026-02-27T23:45:00.000+07:00,"24894.1,24964,24889.5,24927.3"
2026-02-28T00:00:00.000+07:00,"24925.9,24993.9,24912,24916.6"
2026-02-28T00:15:00.000+07:00,"24917.7,24922.6,24855.8,24908.2"
2026-02-28T00:30:00.000+07:00,"24910,24950.5,24884,24892.1"
2026-02-28T00:45:00.000+07:00,"24892.6,24911.6,24871.2,24904.3"
2026-02-28T01:00:00.000+07:00,"24902.8,24912.6,24869.9,24872"
2026-02-28T01:15:00.000+07:00,"24871.4,24878.6,24834.3,24869.2"
2026-02-28T01:30:00.000+07:00,"24868.6,24890.2,24847.3,24871.3"
2026-02-28T01:45:00.000+07:00,"24871.5,24882.1,24844.2,24860.8"
2026-02-28T02:00:00.000+07:00,"24860.9,24917.7,24855.9,24868"
2026-02-28T02:15:00.000+07:00,"24868.2,24880.5,24856.4,24865.3"
2026-02-28T02:30:00.000+07:00,"24864.6,24877.4,24831.9,24845"
2026-02-28T02:45:00.000+07:00,"24844.9,24862,24838.2,24852.6"
2026-02-28T03:00:00.000+07:00,"24852.7,24925.4,24851,24925.4"
2026-02-28T03:15:00.000+07:00,"24925.9,24960.4,24921,24935.3"
2026-02-28T03:30:00.000+07:00,"24935.5,24942,24878.8,24895"
2026-02-28T03:45:00.000+07:00,"24894.8,24981,24888.9,24955.5"
2026-02-28T04:00:00.000+07:00,"24957,24957.15,24919.9,24935.6"
2026-02-28T04:15:00.000+07:00,"24935.1,24936.7,24899.6,24917.9"
2026-02-28T04:30:00.000+07:00,"24918.6,24936.1,24916.9,24920.9"
2026-02-28T04:45:00.000+07:00,"24921.9,24923.9,24900.2,24912.4"
2026-03-02T06:00:00.000+07:00,"24681.1,24772.7,24645.8,24736.3"
2026-03-02T06:15:00.000+07:00,"24736.4,24759.8,24711.7,24724.1"
2026-03-02T06:30:00.000+07:00,"24723.7,24734.1,24673.9,24730.1"
2026-03-02T06:45:00.000+07:00,"24729.9,24737.8,24683.7,24698.5"
2026-03-02T07:00:00.000+07:00,"24699.6,24735.2,24682.7,24716.8"
2026-03-02T07:15:00.000+07:00,"24716.9,24717,24672.1,24691.6"
2026-03-02T07:30:00.000+07:00,"24691.8,24717.2,24676.1,24714.4"
2026-03-02T07:45:00.000+07:00,"24714.5,24757.8,24714.5,24747.6"
2026-03-02T08:00:00.000+07:00,"24747.1,24852.9,24733.8,24835.7"
2026-03-02T08:15:00.000+07:00,"24835.6,24845.2,24807.9,24831.9"
2026-03-02T08:30:00.000+07:00,"24832,24862.3,24822.3,24831.1"
2026-03-02T08:45:00.000+07:00,"24831.3,24834.9,24814.5,24822"
2026-03-02T09:00:00.000+07:00,"24822.2,24835,24783.5,24800.4"
2026-03-02T09:15:00.000+07:00,"24800.6,24806.5,24769,24770.8"
2026-03-02T09:30:00.000+07:00,"24770.7,24809,24764.6,24797.3"
2026-03-02T09:45:00.000+07:00,"24797.5,24802.7,24756.3,24781.6"
2026-03-02T10:00:00.000+07:00,"24781.5,24788.2,24763.3,24779"
2026-03-02T10:15:00.000+07:00,"24779.1,24797.2,24767.1,24781.8"
2026-03-02T10:30:00.000+07:00,"24781.9,24784,24752.8,24757.1"
2026-03-02T10:45:00.000+07:00,"24757.3,24773.9,24747.2,24753.1"
2026-03-02T11:00:00.000+07:00,"24753,24759.8,24738.4,24755.9"
2026-03-02T11:15:00.000+07:00,"24755.7,24770.5,24703.4,24760.8"
2026-03-02T11:30:00.000+07:00,"24760.7,24776.9,24754.5,24754.5"
2026-03-02T11:45:00.000+07:00,"24754.6,24758.5,24718.7,24721.2"
2026-03-02T12:00:00.000+07:00,"24719.2,24730.8,24694.6,24705.6"
2026-03-02T12:15:00.000+07:00,"24705.7,24719,24678.4,24691"
2026-03-02T12:30:00.000+07:00,"24691.1,24709.4,24687.1,24696.7"
2026-03-02T12:45:00.000+07:00,"24696.5,24700.5,24633.6,24638.4"
2026-03-02T13:00:00.000+07:00,"24638.3,24664.3,24636.6,24653.6"
2026-03-02T13:15:00.000+07:00,"24653.8,24659.7,24593.9,24629.8"
2026-03-02T13:30:00.000+07:00,"24631.4,24640.4,24578.9,24582.1"
2026-03-02T13:45:00.000+07:00,"24582.9,24584.2,24496.3,24551.8"
2026-03-02T14:00:00.000+07:00,"24552.1,24565,24495.2,24500.7"
2026-03-02T14:15:00.000+07:00,"24500.6,24548.9,24495.1,24528.4"
2026-03-02T14:30:00.000+07:00,"24528.3,24545.1,24508.3,24538.4"
2026-03-02T14:45:00.000+07:00,"24538.5,24539,24492.9,24502.9"
2026-03-02T15:00:00.000+07:00,"24503.1,24517.7,24443.5,24491.3"
2026-03-02T15:15:00.000+07:00,"24491.2,24498.7,24437.7,24451.3"
2026-03-02T15:30:00.000+07:00,"24451.1,24530.8,24446.8,24516.3"
2026-03-02T15:45:00.000+07:00,"24517,24551.7,24504.4,24523.6"
2026-03-02T16:00:00.000+07:00,"24523.7,24594.7,24513,24577.8"
2026-03-02T16:15:00.000+07:00,"24578.2,24612.6,24577.6,24598.4"
2026-03-02T16:30:00.000+07:00,"24598,24614.7,24572.5,24596.4"
2026-03-02T16:45:00.000+07:00,"24596.5,24601.1,24573.5,24590.1"
2026-03-02T17:00:00.000+07:00,"24590.4,24644.2,24587.2,24608.1"
2026-03-02T17:15:00.000+07:00,"24608,24633.9,24592.8,24617"
2026-03-02T17:30:00.000+07:00,"24617.1,24645.2,24615.5,24640.3"
2026-03-02T17:45:00.000+07:00,"24640.2,24645.1,24602.7,24619.8"
2026-03-02T18:00:00.000+07:00,"24619,24629.1,24597.8,24606.4"
2026-03-02T18:15:00.000+07:00,"24606.2,24631.2,24595.6,24617.9"
2026-03-02T18:30:00.000+07:00,"24617.7,24650.3,24615.8,24642.9"
2026-03-02T18:45:00.000+07:00,"24643.1,24690,24630.4,24646.5"
2026-03-02T19:00:00.000+07:00,"24646.9,24666.9,24597,24622.1"
2026-03-02T19:15:00.000+07:00,"24621.9,24622,24590.7,24593.8"
2026-03-02T19:30:00.000+07:00,"24593.7,24617.1,24590.5,24601.3"
2026-03-02T19:45:00.000+07:00,"24601.2,24623.6,24569.8,24590.8"
2026-03-02T20:00:00.000+07:00,"24591.3,24623.1,24582.9,24610.2"
2026-03-02T20:15:00.000+07:00,"24610.1,24699,24606.3,24662.2"
2026-03-02T20:30:00.000+07:00,"24662.3,24670.2,24616.3,24618"
2026-03-02T20:45:00.000+07:00,"24618.1,24636.3,24556.8,24580.9"
2026-03-02T21:00:00.000+07:00,"24580.8,24613.1,24568.9,24593.6"
2026-03-02T21:15:00.000+07:00,"24593.5,24610.7,24570.6,24606"
2026-03-02T21:30:00.000+07:00,"24605.8,24845.6,24567.9,24797.9"
2026-03-02T21:45:00.000+07:00,"24797.8,24858.9,24772.2,24820.4"
2026-03-02T22:00:00.000+07:00,"24820.7,24910.6,24764.3,24894.5"
2026-03-02T22:15:00.000+07:00,"24895.5,24908.2,24821.9,24846"
2026-03-02T22:30:00.000+07:00,"24844.9,24901.8,24806.2,24900"
2026-03-02T22:45:00.000+07:00,"24899.7,24918.5,24838.8,24885"
2026-03-02T23:00:00.000+07:00,"24885.8,24946.8,24855.3,24932"
2026-03-02T23:15:00.000+07:00,"24931.9,24935.4,24814.2,24828.8"
2026-03-02T23:30:00.000+07:00,"24830.1,24980.7,24824.8,24974.2"
2026-03-02T23:45:00.000+07:00,"24974.4,25005.2,24955.6,24993.8"
2026-03-03T00:00:00.000+07:00,"24994,25001.3,24969.2,24991"
2026-03-03T00:15:00.000+07:00,"24991.1,25037.5,24990.1,25005.2"
2026-03-03T00:30:00.000+07:00,"25005.8,25017.3,24987.2,25006.6"
2026-03-03T00:45:00.000+07:00,"25006.8,25034.8,24997.2,25024.6"
2026-03-03T01:00:00.000+07:00,"25025.9,25034.3,24997.1,25010"
2026-03-03T01:15:00.000+07:00,"25010.1,25011.5,24976.3,24998.1"
2026-03-03T01:30:00.000+07:00,"24997.1,25000.7,24962,24982.9"
2026-03-03T01:45:00.000+07:00,"24983.1,24983.5,24929.6,24933.8"
2026-03-03T02:00:00.000+07:00,"24934.7,25013.6,24929.8,25009"
2026-03-03T02:15:00.000+07:00,"25009.2,25049,25009.2,25038.9"
2026-03-03T02:30:00.000+07:00,"25038.4,25056.7,25030.1,25036.7"
2026-03-03T02:45:00.000+07:00,"25036.6,25059.9,25036.5,25043.4"
2026-03-03T03:00:00.000+07:00,"25043.5,25051,24920.3,24929.5"
2026-03-03T03:15:00.000+07:00,"24928.5,24981.9,24908.6,24928.3"
2026-03-03T03:30:00.000+07:00,"24927.4,24975.9,24923.2,24968.7"
2026-03-03T03:45:00.000+07:00,"24966.3,25023.4,24958.3,24982.4"
2026-03-03T04:00:00.000+07:00,"24981.6,24988.7,24936.3,24956.2"
2026-03-03T04:15:00.000+07:00,"24956.9,24961.6,24944.9,24957.1"
2026-03-03T04:30:00.000+07:00,"24956.1,24968,24952.4,24965.1"
2026-03-03T04:45:00.000+07:00,"24964.4,24966.9,24937.8,24954.6"
2026-03-03T05:00:00.000+07:00,"24954.3,24968,24953.8,24964.8"
2026-03-03T05:15:00.000+07:00,"24964.7,24972.7,24964.6,24972.2"
2026-03-03T05:30:00.000+07:00,"24972.3,24972.5,24966.6,24967.5"
2026-03-03T05:45:00.000+07:00,"24967.4,24981.1,24966.2,24974.9"
2026-03-03T06:00:00.000+07:00,"24964.9,24973.5,24929,24935"
2026-03-03T06:15:00.000+07:00,"24935.1,24939.8,24910.2,24924.6"
2026-03-03T06:30:00.000+07:00,"24924.8,24932.5,24906.8,24911.5"
2026-03-03T06:45:00.000+07:00,"24911.6,24941.2,24910.4,24933.6"
2026-03-03T07:00:00.000+07:00,"24933.7,24944.4,24902,24910.5"
2026-03-03T07:15:00.000+07:00,"24910.7,24920.1,24890.3,24904.8"
2026-03-03T07:30:00.000+07:00,"24904.9,24909.7,24894.1,24908.7"
2026-03-03T07:45:00.000+07:00,"24909.2,24914.1,24887.8,24894.3"
2026-03-03T08:00:00.000+07:00,"24894.1,24920.2,24866.2,24905.7"
2026-03-03T08:15:00.000+07:00,"24905.8,24922,24884.4,24885.9"
2026-03-03T08:30:00.000+07:00,"24886,24897.1,24856,24871.9"
2026-03-03T08:45:00.000+07:00,"24872,24877.5,24831.5,24837"
2026-03-03T09:00:00.000+07:00,"24837.1,24842.2,24798.3,24818.9"
2026-03-03T09:15:00.000+07:00,"24819.1,24822.8,24771.7,24799.5"
2026-03-03T09:30:00.000+07:00,"24799.6,24842.2,24793,24823.6"
2026-03-03T09:45:00.000+07:00,"24823.7,24840.7,24813.8,24824.8"
2026-03-03T10:00:00.000+07:00,"24824.6,24847.2,24797.4,24814.1"
2026-03-03T10:15:00.000+07:00,"24813.7,24823.5,24780.2,24786.3"
2026-03-03T10:30:00.000+07:00,"24786.4,24835.5,24767.2,24826.4"
2026-03-03T10:45:00.000+07:00,"24826.2,24841.1,24801.7,24810"
2026-03-03T11:00:00.000+07:00,"24809.9,24825,24786.3,24798.6"
2026-03-03T11:15:00.000+07:00,"24798.5,24809.6,24766.6,24778.5"
2026-03-03T11:30:00.000+07:00,"24778.6,24793,24763.1,24783.2"
2026-03-03T11:45:00.000+07:00,"24783.4,24788,24757.6,24773.1"
2026-03-03T12:00:00.000+07:00,"24773.3,24791.4,24760.4,24772.8"
2026-03-03T12:15:00.000+07:00,"24772.9,24785.5,24762,24776.1"
2026-03-03T12:30:00.000+07:00,"24775.8,24777.5,24734.1,24741"
2026-03-03T12:45:00.000+07:00,"24741.5,24747.8,24713.2,24728.4"
2026-03-03T13:00:00.000+07:00,"24728.3,24750.9,24705.9,24727.4"
2026-03-03T13:15:00.000+07:00,"24727.5,24761.3,24702.8,24760.3"
2026-03-03T13:30:00.000+07:00,"24759.9,24761.7,24720.7,24723.4"
2026-03-03T13:45:00.000+07:00,"24723.3,24729.1,24701.1,24716.6"
2026-03-03T14:00:00.000+07:00,"24716.8,24729.7,24682.8,24699.8"
2026-03-03T14:15:00.000+07:00,"24699.9,24722.1,24656.8,24667.3"
2026-03-03T14:30:00.000+07:00,"24667.5,24676.8,24640.4,24664.8"
2026-03-03T14:45:00.000+07:00,"24665,24677,24632.4,24639.5"
2026-03-03T15:00:00.000+07:00,"24639,24658.7,24597.4,24601.9"
2026-03-03T15:15:00.000+07:00,"24601.8,24623.8,24560.2,24563.8"
2026-03-03T15:30:00.000+07:00,"24562.2,24584.3,24470.8,24502.8"
2026-03-03T15:45:00.000+07:00,"24503,24511.3,24468.1,24480.5"
2026-03-03T16:00:00.000+07:00,"24480.6,24544.7,24479.9,24522.7"
2026-03-03T16:15:00.000+07:00,"24522.6,24523.8,24473.5,24482.7"
2026-03-03T16:30:00.000+07:00,"24482.5,24505.2,24458.2,24466"
2026-03-03T16:45:00.000+07:00,"24465.9,24466.2,24410.5,24418.6"
2026-03-03T17:00:00.000+07:00,"24418.9,24445,24384.3,24412.4"
2026-03-03T17:15:00.000+07:00,"24412.6,24443,24398.7,24400"
2026-03-03T17:30:00.000+07:00,"24400.2,24433,24356.2,24430.5"
2026-03-03T17:45:00.000+07:00,"24430.6,24446,24368.2,24415.5"
2026-03-03T18:00:00.000+07:00,"24415.4,24440.7,24387,24392.2"
2026-03-03T18:15:00.000+07:00,"24392,24448.1,24332.7,24417"
2026-03-03T18:30:00.000+07:00,"24416.9,24466.3,24416.9,24460.3"
2026-03-03T18:45:00.000+07:00,"24460.2,24476.6,24433.7,24450.2"
2026-03-03T19:00:00.000+07:00,"24449.9,24539.1,24440.7,24517.7"
2026-03-03T19:15:00.000+07:00,"24517.8,24564.7,24499.8,24532.9"
2026-03-03T19:30:00.000+07:00,"24532.8,24552.6,24513,24542.9"
2026-03-03T19:45:00.000+07:00,"24542.8,24567.9,24520,24545.1"
2026-03-03T20:00:00.000+07:00,"24544.8,24553.1,24490.1,24513.1"
2026-03-03T20:15:00.000+07:00,"24512.5,24536.3,24478.1,24492.3"
2026-03-03T20:30:00.000+07:00,"24492.2,24494.4,24438.7,24458.4"
2026-03-03T20:45:00.000+07:00,"24458.1,24464.2,24411.5,24459.1"
2026-03-03T21:00:00.000+07:00,"24458.1,24469.4,24419.6,24441.1"
2026-03-03T21:15:00.000+07:00,"24441.3,24505.4,24435.9,24497.2"
2026-03-03T21:30:00.000+07:00,"24496.9,24623.7,24466.5,24494.9"
2026-03-03T21:45:00.000+07:00,"24494.6,24575,24445.1,24454.6"
2026-03-03T22:00:00.000+07:00,"24454.1,24522.8,24424.4,24467.5"
2026-03-03T22:15:00.000+07:00,"24466.3,24483.1,24316.9,24324.4"
2026-03-03T22:30:00.000+07:00,"24324.5,24437,24320.9,24381"
2026-03-03T22:45:00.000+07:00,"24379,24424,24337.4,24411.7"
2026-03-03T23:00:00.000+07:00,"24410.5,24551.3,24401.7,24538.4"
2026-03-03T23:15:00.000+07:00,"24536.9,24605.2,24535.2,24582.8"
2026-03-03T23:30:00.000+07:00,"24583.1,24614.8,24527,24609.8"
2026-03-03T23:45:00.000+07:00,"24610,24687.5,24607.7,24634.6"
2026-03-04T00:00:00.000+07:00,"24635.5,24655.4,24585.3,24618.7"
2026-03-04T00:15:00.000+07:00,"24618.9,24674.4,24595.5,24668"
2026-03-04T00:30:00.000+07:00,"24666.9,24669.8,24565.9,24656.2"
2026-03-04T00:45:00.000+07:00,"24655.6,24661.5,24587.2,24602.6"
2026-03-04T01:00:00.000+07:00,"24604.7,24666.2,24604.7,24641.2"
2026-03-04T01:15:00.000+07:00,"24641.4,24735,24637.5,24709.8"
2026-03-04T01:30:00.000+07:00,"24708.8,24795.7,24704.6,24765.2"
2026-03-04T01:45:00.000+07:00,"24765.4,24786.7,24736,24762.7"
2026-03-04T02:00:00.000+07:00,"24762.8,24776.5,24694.1,24730.3"
2026-03-04T02:15:00.000+07:00,"24730.8,24764.7,24716.3,24720.6"
2026-03-04T02:30:00.000+07:00,"24721.1,24784.6,24672,24781"
2026-03-04T02:45:00.000+07:00,"24782,24811.9,24727.9,24748.6"
2026-03-04T03:00:00.000+07:00,"24749.5,24783.7,24736,24736.1"
2026-03-04T03:15:00.000+07:00,"24736.2,24752.8,24704.7,24744"
2026-03-04T03:30:00.000+07:00,"24744.1,24769.8,24718.2,24730.2"
2026-03-04T03:45:00.000+07:00,"24730.1,24741.8,24681.9,24719.9"
2026-03-04T04:00:00.000+07:00,"24720.2,24720.8,24690.2,24700.3"
2026-03-04T04:15:00.000+07:00,"24699.3,24709.4,24680.4,24686.8"
2026-03-04T04:30:00.000+07:00,"24685.8,24694.6,24656.4,24684.4"
2026-03-04T04:45:00.000+07:00,"24683.4,24689.8,24669.5,24672.1"
2026-03-04T05:00:00.000+07:00,"24671.9,24685,24665.9,24683.2"
2026-03-04T05:15:00.000+07:00,"24683.3,24689.8,24682.3,24682.7"
2026-03-04T05:30:00.000+07:00,"24682.6,24683.8,24673.8,24677"
2026-03-04T05:45:00.000+07:00,"24676.9,24676.9,24669,24669.3"
2026-03-04T06:00:00.000+07:00,"24668.8,24719.1,24634.6,24710.3"
2026-03-04T06:15:00.000+07:00,"24710.4,24724.4,24667.8,24673.2"
2026-03-04T06:30:00.000+07:00,"24673.9,24698.2,24667,24683.8"
2026-03-04T06:45:00.000+07:00,"24684,24705.6,24663.9,24667.4"
2026-03-04T07:00:00.000+07:00,"24667,24708.8,24642.6,24703.2"
2026-03-04T07:15:00.000+07:00,"24703.9,24768.4,24696.6,24733"
2026-03-04T07:30:00.000+07:00,"24733.5,24735.2,24654.9,24665.3"
2026-03-04T07:45:00.000+07:00,"24665.1,24731.1,24664.3,24713.7"
2026-03-04T08:00:00.000+07:00,"24713.6,24736.1,24658.9,24672.5"
2026-03-04T08:15:00.000+07:00,"24672.6,24684.5,24603.3,24615.4"
2026-03-04T08:30:00.000+07:00,"24615.3,24685.6,24595.4,24674.5"
2026-03-04T08:45:00.000+07:00,"24674.8,24678.9,24611.2,24640.7"
2026-03-04T09:00:00.000+07:00,"24640.6,24668.3,24599.9,24610.3"
2026-03-04T09:15:00.000+07:00,"24610.1,24631.6,24583.5,24588.4"
2026-03-04T09:30:00.000+07:00,"24588.3,24594.8,24555,24588.1"
2026-03-04T09:45:00.000+07:00,"24588.3,24631.7,24588.1,24601.8"
2026-03-04T10:00:00.000+07:00,"24601.9,24603,24550.2,24558.8"
2026-03-04T10:15:00.000+07:00,"24558.9,24568.5,24521.2,24534"
2026-03-04T10:30:00.000+07:00,"24534.2,24538.8,24489.3,24529.7"
2026-03-04T10:45:00.000+07:00,"24529.9,24565.8,24514.6,24565"
2026-03-04T11:00:00.000+07:00,"24565.2,24610.1,24558.3,24587.2"
2026-03-04T11:15:00.000+07:00,"24587.1,24603.3,24550.8,24556.9"
2026-03-04T11:30:00.000+07:00,"24556.8,24570.6,24532.2,24563"
2026-03-04T11:45:00.000+07:00,"24562.9,24572.3,24539.1,24553.8"
2026-03-04T12:00:00.000+07:00,"24554.1,24578.5,24527.5,24531.4"
2026-03-04T12:15:00.000+07:00,"24531.1,24558.4,24497.2,24523.3"
2026-03-04T12:30:00.000+07:00,"24523.2,24581.7,24506.6,24562.3"
2026-03-04T12:45:00.000+07:00,"24562.8,24572.9,24534.1,24539.2"
2026-03-04T13:00:00.000+07:00,"24539.1,24540,24481.7,24483.7"
2026-03-04T13:15:00.000+07:00,"24483.5,24514.2,24465,24513"
2026-03-04T13:30:00.000+07:00,"24514.2,24554.6,24505,24536.9"
2026-03-04T13:45:00.000+07:00,"24536.8,24541.1,24513.2,24536.3"
2026-03-04T14:00:00.000+07:00,"24536.1,24550.7,24502.1,24507.4"
2026-03-04T14:15:00.000+07:00,"24507.5,24580.1,24501.5,24566.4"
2026-03-04T14:30:00.000+07:00,"24566.5,24630.7,24561.1,24619.2"
2026-03-04T14:45:00.000+07:00,"24619.3,24642.6,24606,24619.6"
2026-03-04T15:00:00.000+07:00,"24619.7,24641.2,24600.9,24634.5"
2026-03-04T15:15:00.000+07:00,"24634.6,24653.7,24577.6,24594.4"
2026-03-04T15:30:00.000+07:00,"24594.6,24633.9,24584.6,24628.5"
2026-03-04T15:45:00.000+07:00,"24628.7,24642.6,24598,24610.5"
2026-03-04T16:00:00.000+07:00,"24610.8,24673,24587.6,24656.9"
2026-03-04T16:15:00.000+07:00,"24657.7,24685,24649.9,24669.8"
2026-03-04T16:30:00.000+07:00,"24670.8,24710.2,24658.7,24698.2"
2026-03-04T16:45:00.000+07:00,"24698.1,24734.7,24689.5,24718.8"
2026-03-04T17:00:00.000+07:00,"24718.7,24823.5,24699.5,24815.2"
2026-03-04T17:15:00.000+07:00,"24814.6,24830.1,24760.1,24771.6"
2026-03-04T17:30:00.000+07:00,"24771.1,24809.8,24769.5,24797.7"
2026-03-04T17:45:00.000+07:00,"24797.6,24818.2,24777.2,24807.1"
2026-03-04T18:00:00.000+07:00,"24807,24839.3,24803.1,24824.4"
2026-03-04T18:15:00.000+07:00,"24824.3,24860,24820.5,24829.1"
2026-03-04T18:30:00.000+07:00,"24829,24838.1,24779.6,24779.7"
2026-03-04T18:45:00.000+07:00,"24780.1,24802,24765.6,24771.2"
2026-03-04T19:00:00.000+07:00,"24771.3,24809.4,24770,24793.1"
2026-03-04T19:15:00.000+07:00,"24793,24793.6,24693.4,24696.9"
2026-03-04T19:30:00.000+07:00,"24696.8,24759.1,24685.1,24746"
2026-03-04T19:45:00.000+07:00,"24746.1,24767,24723.5,24764.3"
2026-03-04T20:00:00.000+07:00,"24764.5,24888.5,24760,24880.5"
2026-03-04T20:15:00.000+07:00,"24880.7,24891.8,24827.9,24846.1"
2026-03-04T20:30:00.000+07:00,"24846.3,24886,24825.7,24869.6"
2026-03-04T20:45:00.000+07:00,"24869.5,24883.6,24839.4,24854.9"
2026-03-04T21:00:00.000+07:00,"24854.7,24868.7,24832.5,24860.6"
2026-03-04T21:15:00.000+07:00,"24860.4,24876.7,24816.5,24818.7"
2026-03-04T21:30:00.000+07:00,"24818.2,24934.7,24803.3,24816.4"
2026-03-04T21:45:00.000+07:00,"24816.5,24907.8,24792.1,24884.7"
2026-03-04T22:00:00.000+07:00,"24884.8,24972.7,24856.6,24941.7"
2026-03-04T22:15:00.000+07:00,"24941,25103.7,24939.4,25102.5"
2026-03-04T22:30:00.000+07:00,"25100.2,25108.6,25022.6,25023.2"
2026-03-04T22:45:00.000+07:00,"25023.6,25094.3,24999,25089.8"
2026-03-04T23:00:00.000+07:00,"25089.2,25120.1,25020.9,25033.1"
2026-03-04T23:15:00.000+07:00,"25032.8,25083.3,25014.8,25068.7"
2026-03-04T23:30:00.000+07:00,"25067.7,25130,25059.2,25121.1"
2026-03-04T23:45:00.000+07:00,"25121.6,25132.3,25100.4,25106.9"
2026-03-05T00:00:00.000+07:00,"25108.3,25136.8,25097.1,25119.2"
2026-03-05T00:15:00.000+07:00,"25119.3,25128.9,25094.3,25095.4"
2026-03-05T00:30:00.000+07:00,"25095,25135.5,25067.8,25115"
2026-03-05T00:45:00.000+07:00,"25114.9,25143.4,25112.9,25131.4"
2026-03-05T01:00:00.000+07:00,"25130.3,25144.3,25118.8,25125.3"
2026-03-05T01:15:00.000+07:00,"25125.2,25137.3,25103.1,25133.9"
2026-03-05T01:30:00.000+07:00,"25134.6,25176.3,25134.4,25163"
2026-03-05T01:45:00.000+07:00,"25162.9,25178.3,25142.6,25156.3"
2026-03-05T02:00:00.000+07:00,"25156.8,25180.6,25150.4,25172.6"
2026-03-05T02:15:00.000+07:00,"25172.7,25180.1,25152.4,25157.6"
2026-03-05T02:30:00.000+07:00,"25158.6,25169.1,25148,25154.9"
2026-03-05T02:45:00.000+07:00,"25155.2,25164.1,25143.4,25152.8"
2026-03-05T03:00:00.000+07:00,"25153.9,25159.8,25111.9,25114.7"
2026-03-05T03:15:00.000+07:00,"25114.8,25119.7,25088.5,25116"
2026-03-05T03:30:00.000+07:00,"25116.5,25132.8,25100.8,25129.3"
2026-03-05T03:45:00.000+07:00,"25128.8,25130.8,25078.8,25086"
2026-03-05T04:00:00.000+07:00,"25086.3,25119.1,25056.1,25114.9"
2026-03-05T04:15:00.000+07:00,"25097.6,25126.6,25079.9,25102.1"
2026-03-05T04:30:00.000+07:00,"25102.3,25107.1,25092.3,25099.3"
2026-03-05T04:45:00.000+07:00,"25099.6,25116.9,25090.3,25102.4"
2026-03-05T05:00:00.000+07:00,"25102.7,25117,25095,25114.1"
2026-03-05T05:15:00.000+07:00,"25113.3,25125.2,25098.1,25100.7"
2026-03-05T05:30:00.000+07:00,"25103.4,25128,25100.3,25121.1"
2026-03-05T05:45:00.000+07:00,"25121.2,25133,25113.3,25126.5"
2026-03-05T06:00:00.000+07:00,"25120.8,25141.6,25109.1,25135.6"
2026-03-05T06:15:00.000+07:00,"25135.5,25137.9,25109.1,25116.7"
2026-03-05T06:30:00.000+07:00,"25116.9,25150.3,25110.9,25145.5"
2026-03-05T06:45:00.000+07:00,"25145.6,25155.8,25131.3,25136.8"
2026-03-05T07:00:00.000+07:00,"25136.7,25165.4,25124.9,25163.8"
2026-03-05T07:15:00.000+07:00,"25163.9,25207.3,25163.3,25178.9"
2026-03-05T07:30:00.000+07:00,"25178.8,25194.1,25168.5,25177.4"
2026-03-05T07:45:00.000+07:00,"25177.5,25186.5,25164.8,25174.3"
2026-03-05T08:00:00.000+07:00,"25174.4,25182.6,25149.9,25163.3"
2026-03-05T08:15:00.000+07:00,"25163.4,25163.4,25098.3,25105.9"
2026-03-05T08:30:00.000+07:00,"25106,25140.6,25037.7,25052.7"
2026-03-05T08:45:00.000+07:00,"25052.4,25087.7,25008.4,25034.9"
2026-03-05T09:00:00.000+07:00,"25035,25060.3,25025.2,25050.1"
2026-03-05T09:15:00.000+07:00,"25050.2,25059.3,25021.2,25033.7"
2026-03-05T09:30:00.000+07:00,"25033.8,25060.3,25015.5,25053"
2026-03-05T09:45:00.000+07:00,"25053.2,25090.7,25043.2,25057.4"
2026-03-05T10:00:00.000+07:00,"25056,25065.4,25040.2,25044.6"
2026-03-05T10:15:00.000+07:00,"25044.7,25051.4,24999.3,25014.2"
2026-03-05T10:30:00.000+07:00,"25014.1,25026.6,24990.1,25006.8"
2026-03-05T10:45:00.000+07:00,"25007.2,25035.9,24996.7,25014.8"
2026-03-05T11:00:00.000+07:00,"25014.7,25047.9,24996.5,25040.4"
2026-03-05T11:15:00.000+07:00,"25040.3,25054.6,25031.8,25054.4"
2026-03-05T11:30:00.000+07:00,"25054.6,25061.8,25032.5,25048.5"
2026-03-05T11:45:00.000+07:00,"25048.6,25072.4,25047.1,25066.9"
2026-03-05T12:00:00.000+07:00,"25066.8,25069.9,25049.7,25054.2"
2026-03-05T12:15:00.000+07:00,"25054,25056.3,25032.7,25042.6"
2026-03-05T12:30:00.000+07:00,"25042.4,25046.9,25017.4,25021.3"
2026-03-05T12:45:00.000+07:00,"25021.4,25031.8,24997.7,25000.8"
2026-03-05T13:00:00.000+07:00,"25001.2,25007,24949.6,24951.9"
2026-03-05T13:15:00.000+07:00,"24952,24987.2,24945.5,24976.7"
2026-03-05T13:30:00.000+07:00,"24976.6,24978.3,24951.7,24973.3"
2026-03-05T13:45:00.000+07:00,"24973.4,25057.8,24964.8,25056.4"
2026-03-05T14:00:00.000+07:00,"25056.5,25062.2,25021.6,25035.1"
2026-03-05T14:15:00.000+07:00,"25035.2,25058.8,25016.1,25052.8"
2026-03-05T14:30:00.000+07:00,"25052.7,25054,25022,25031.1"
2026-03-05T14:45:00.000+07:00,"25030.9,25038.4,25006.1,25036.3"
2026-03-05T15:00:00.000+07:00,"25035.9,25043.4,24956,24963.9"
2026-03-05T15:15:00.000+07:00,"24963.8,25009.3,24961.2,24962.1"
2026-03-05T15:30:00.000+07:00,"24961.9,24988.5,24938.2,24972.1"
2026-03-05T15:45:00.000+07:00,"24972.6,25018.6,24966.3,25015.1"
2026-03-05T16:00:00.000+07:00,"25015,25171.2,25006.5,25148.1"
2026-03-05T16:15:00.000+07:00,"25147.7,25160.7,25085.7,25094.8"
2026-03-05T16:30:00.000+07:00,"25094.7,25111.8,25053,25057.4"
2026-03-05T16:45:00.000+07:00,"25057.8,25088.6,25047.7,25079.6"
2026-03-05T17:00:00.000+07:00,"25079.7,25096.6,25052.6,25081.5"
2026-03-05T17:15:00.000+07:00,"25082.7,25107.7,25079,25099.7"
2026-03-05T17:30:00.000+07:00,"25099.8,25107.8,25063.6,25070.5"
2026-03-05T17:45:00.000+07:00,"25071.2,25089.4,25056.9,25071.3"
2026-03-05T18:00:00.000+07:00,"25071.8,25102.8,25052.2,25102.1"
2026-03-05T18:15:00.000+07:00,"25102.2,25114.2,25086,25099.9"
2026-03-05T18:30:00.000+07:00,"25099.7,25115.9,25068.8,25087.9"
2026-03-05T18:45:00.000+07:00,"25088,25102.8,25055,25059.8"
2026-03-05T19:00:00.000+07:00,"25059.4,25077.1,25043.4,25065.2"
2026-03-05T19:15:00.000+07:00,"25065,25121.6,25049,25084"
2026-03-05T19:30:00.000+07:00,"25083,25090,25037.3,25048.3"
2026-03-05T19:45:00.000+07:00,"25048.4,25069,25003.9,25035.7"
2026-03-05T20:00:00.000+07:00,"25034.8,25041.4,24991.6,25008.8"
2026-03-05T20:15:00.000+07:00,"25008.6,25024.9,24990.2,25021.6"
2026-03-05T20:30:00.000+07:00,"25022,25033.8,24956.8,24987.8"
2026-03-05T20:45:00.000+07:00,"24987.7,25013.5,24946.5,24960.2"
2026-03-05T21:00:00.000+07:00,"24959.8,24976.8,24943.2,24953.8"
2026-03-05T21:15:00.000+07:00,"24953.6,24967.1,24927.6,24952.7"
2026-03-05T21:30:00.000+07:00,"24952.5,25091.9,24951.1,25023.3"
2026-03-05T21:45:00.000+07:00,"25024.9,25154.6,25003.3,25153.5"
2026-03-05T22:00:00.000+07:00,"25152.6,25175.9,25094.4,25145.1"
2026-03-05T22:15:00.000+07:00,"25145,25149.4,24960.6,24980.5"
2026-03-05T22:30:00.000+07:00,"24979.8,25039.2,24898.7,25008.6"
2026-03-05T22:45:00.000+07:00,"25008.2,25063,25000.1,25048.7"
2026-03-05T23:00:00.000+07:00,"25048.5,25058.5,24924.6,24954.8"
2026-03-05T23:15:00.000+07:00,"24954.2,24978.8,24910.1,24935.4"
2026-03-05T23:30:00.000+07:00,"24935,25005.3,24932.3,24971.2"
2026-03-05T23:45:00.000+07:00,"24971.5,25019.9,24971.5,25007.9"
2026-03-06T00:00:00.000+07:00,"25009.1,25088.3,24973.2,24998.3"
2026-03-06T00:15:00.000+07:00,"24998,25000,24894,24894.1"
2026-03-06T00:30:00.000+07:00,"24894.5,24910,24800.4,24815.5"
2026-03-06T00:45:00.000+07:00,"24815.8,24817.3,24753.6,24771.2"
2026-03-06T01:00:00.000+07:00,"24771.3,24854.5,24764.8,24844.3"
2026-03-06T01:15:00.000+07:00,"24843.3,24854.9,24748.9,24761.2"
2026-03-06T01:30:00.000+07:00,"24760.1,24837.2,24742,24826.2"
2026-03-06T01:45:00.000+07:00,"24826.1,24829.8,24743.1,24782.4"
2026-03-06T02:00:00.000+07:00,"24781.9,24827.6,24771.9,24822.2"
2026-03-06T02:15:00.000+07:00,"24822.8,24848.4,24782.4,24805.8"
2026-03-06T02:30:00.000+07:00,"24806,24819.9,24760.8,24818.1"
2026-03-06T02:45:00.000+07:00,"24818.3,24849,24789.7,24825.2"
2026-03-06T03:00:00.000+07:00,"24826.2,24902.2,24794.4,24886.3"
2026-03-06T03:15:00.000+07:00,"24887,24960.8,24869.9,24921"
2026-03-06T03:30:00.000+07:00,"24920.7,24965.4,24907.7,24933.8"
2026-03-06T03:45:00.000+07:00,"24933.7,25022.6,24911.8,25014.3"
2026-03-06T04:00:00.000+07:00,"25010.6,25012.8,24983.4,24992.7"
2026-03-06T04:15:00.000+07:00,"24992.2,25008.6,24975.5,24991.1"
2026-03-06T04:30:00.000+07:00,"24991.4,24992.9,24965.1,24973"
2026-03-06T04:45:00.000+07:00,"24974,24983.8,24963.3,24972.7"
2026-03-06T05:00:00.000+07:00,"24973.3,24973.7,24968.2,24972.2"
2026-03-06T05:15:00.000+07:00,"24972.3,24976.8,24972.2,24973.5"
2026-03-06T05:30:00.000+07:00,"24973.6,24975.3,24969.4,24974.4"
2026-03-06T05:45:00.000+07:00,"24974,24979.6,24974,24979.1"
2026-03-06T06:00:00.000+07:00,"24983.5,25016.3,24971.5,25006.8"
2026-03-06T06:15:00.000+07:00,"25006.7,25024.8,24998,25016.9"
2026-03-06T06:30:00.000+07:00,"25017.1,25037.5,25007.7,25029.1"
2026-03-06T06:45:00.000+07:00,"25029.2,25040.9,25016,25030.9"
2026-03-06T07:00:00.000+07:00,"25031.8,25068.3,25028.8,25062.9"
2026-03-06T07:15:00.000+07:00,"25062.5,25064.9,25036.6,25043.5"
2026-03-06T07:30:00.000+07:00,"25043.8,25056.9,25037.9,25053.9"
2026-03-06T07:45:00.000+07:00,"25053.8,25062.2,25037.6,25043.7"
2026-03-06T08:00:00.000+07:00,"25043.4,25060.9,25037.2,25045.9"
2026-03-06T08:15:00.000+07:00,"25045.7,25060.4,25009.6,25024.1"
2026-03-06T08:30:00.000+07:00,"25023.8,25059.6,25020.6,25026.7"
2026-03-06T08:45:00.000+07:00,"25026.5,25055.1,25012.7,25036.9"
2026-03-06T09:00:00.000+07:00,"25037.4,25074.4,25030.8,25074.1"
2026-03-06T09:15:00.000+07:00,"25074,25085.8,25065.4,25079.3"
2026-03-06T09:30:00.000+07:00,"25078.8,25081.8,25055.4,25063.5"
2026-03-06T09:45:00.000+07:00,"25063.2,25066.6,25039.6,25039.6"
2026-03-06T10:00:00.000+07:00,"25040,25069.9,25039.9,25054.3"
2026-03-06T10:15:00.000+07:00,"25054.5,25066.3,25047.5,25055"
2026-03-06T10:30:00.000+07:00,"25055.2,25073.6,25043.9,25067.3"
2026-03-06T10:45:00.000+07:00,"25067.4,25084.4,25064.6,25083"
2026-03-06T11:00:00.000+07:00,"25083.2,25085.2,25073.6,25074.9"
2026-03-06T11:15:00.000+07:00,"25074.8,25079.2,25063.9,25068.5"
2026-03-06T11:30:00.000+07:00,"25068,25108.6,25066.3,25096.3"
2026-03-06T11:45:00.000+07:00,"25096,25104.8,25074.9,25080.3"
2026-03-06T17:00:00.000+07:00,"24889.9,24938.5,24887.8,24917.9"
2026-03-06T17:15:00.000+07:00,"24917.7,24951.2,24907.2,24942.3"
2026-03-06T17:30:00.000+07:00,"24941.8,24944.8,24908,24912.2"
2026-03-06T17:45:00.000+07:00,"24912.5,24933.3,24899.2,24917.4"
2026-03-06T18:00:00.000+07:00,"24917.5,24924.6,24858.3,24911.7"
2026-03-06T18:15:00.000+07:00,"24911.9,24933.1,24892.8,24918.2"
2026-03-06T18:30:00.000+07:00,"24918.3,24922.2,24829.5,24845.4"
2026-03-06T18:45:00.000+07:00,"24845.5,24866.4,24806.8,24827.8"
2026-03-06T19:00:00.000+07:00,"24827.4,24847.4,24810.2,24843.2"
2026-03-06T19:15:00.000+07:00,"24843,24854.9,24823.2,24830.4"
2026-03-06T19:30:00.000+07:00,"24830.6,24831.9,24788.8,24815.3"
2026-03-06T19:45:00.000+07:00,"24815.1,24823.3,24775.2,24806.3"
2026-03-06T20:00:00.000+07:00,"24806.2,24834.4,24796.5,24820.3"
2026-03-06T20:15:00.000+07:00,"24820.2,24848.5,24807.1,24838.9"
2026-03-06T20:30:00.000+07:00,"24838.4,24867.2,24697.2,24705.8"
2026-03-06T20:45:00.000+07:00,"24705.2,24705.5,24588.4,24617"
2026-03-06T21:00:00.000+07:00,"24617.3,24639.2,24582.8,24599.4"
2026-03-06T21:15:00.000+07:00,"24599.2,24657.6,24586.7,24657.6"
2026-03-06T21:30:00.000+07:00,"24657.3,24702.5,24583.3,24651.2"
2026-03-06T21:45:00.000+07:00,"24650.6,24711.5,24605,24660.9"
2026-03-06T22:00:00.000+07:00,"24661.4,24766.3,24634.7,24761.7"
2026-03-06T22:15:00.000+07:00,"24761,24799.7,24730.6,24795.6"
2026-03-06T22:30:00.000+07:00,"24794.9,24867.3,24784.6,24809.8"
2026-03-06T22:45:00.000+07:00,"24809.9,24857.5,24725.7,24832.3"
2026-03-06T23:00:00.000+07:00,"24832.2,24871.8,24789.6,24797.6"
2026-03-06T23:15:00.000+07:00,"24800.3,24837.1,24766.5,24818.1"
2026-03-06T23:30:00.000+07:00,"24817.8,24846.5,24770.2,24822.5"
2026-03-06T23:45:00.000+07:00,"24823.4,24887.1,24815.8,24852.5"
2026-03-07T00:00:00.000+07:00,"24852.9,24891.3,24795.4,24808.4"
2026-03-07T00:15:00.000+07:00,"24808.1,24844.1,24766.2,24786.1"
2026-03-07T00:30:00.000+07:00,"24785.4,24797.5,24716.7,24742.6"
2026-03-07T00:45:00.000+07:00,"24742.7,24796.9,24742.6,24756.5"
2026-03-07T01:00:00.000+07:00,"24756.9,24862.5,24751.3,24858.2"
2026-03-07T01:15:00.000+07:00,"24858.5,24869.6,24786.1,24801.2"
2026-03-07T01:30:00.000+07:00,"24802.8,24832.3,24778.9,24812.8"
2026-03-07T01:45:00.000+07:00,"24814.2,24819,24761.5,24771.5"
2026-03-07T02:00:00.000+07:00,"24772.1,24824,24761.9,24813.1"
2026-03-07T02:15:00.000+07:00,"24812.9,24819.2,24754,24790.1"
2026-03-07T02:30:00.000+07:00,"24789.8,24810.4,24756.9,24769.6"
2026-03-07T02:45:00.000+07:00,"24769,24785.4,24745.1,24778.9"
2026-03-07T03:00:00.000+07:00,"24779.3,24824.2,24697.2,24720.7"
2026-03-07T03:15:00.000+07:00,"24720.8,24743.7,24613.9,24623.6"
2026-03-07T03:30:00.000+07:00,"24624.1,24679.5,24576.4,24650.5"
2026-03-07T03:45:00.000+07:00,"24655.4,24675.2,24624.5,24639.7"
2026-03-07T04:00:00.000+07:00,"24638.3,24649.5,24594.2,24627.9"
2026-03-07T04:15:00.000+07:00,"24629.4,24630.7,24600.3,24604.3"
2026-03-07T04:30:00.000+07:00,"24604.5,24640.1,24602.2,24634.7"
2026-03-07T04:45:00.000+07:00,"24634.2,24653.6,24628.8,24634.3"
2026-03-09T05:00:00.000+07:00,"24289.1,24307.5,24198.7,24208.5"
2026-03-09T05:15:00.000+07:00,"24208.3,24272.5,24201.6,24265"
2026-03-09T05:30:00.000+07:00,"24264.9,24285.1,24251.7,24274.7"
2026-03-09T05:45:00.000+07:00,"24276.2,24293.7,24252.1,24277"
2026-03-09T06:00:00.000+07:00,"24277.5,24299.6,24239.5,24255.6"
2026-03-09T06:15:00.000+07:00,"24255.4,24268.8,24233.3,24250.7"
2026-03-09T06:30:00.000+07:00,"24250.9,24253.1,24200.8,24213.3"
2026-03-09T06:45:00.000+07:00,"24213.2,24216.9,24141.9,24188.5"
2026-03-09T07:00:00.000+07:00,"24188.1,24212.5,24159.5,24175.2"
2026-03-09T07:15:00.000+07:00,"24174.8,24182,24102.5,24137.8"
2026-03-09T07:30:00.000+07:00,"24137.7,24180.5,24106.7,24115.2"
2026-03-09T07:45:00.000+07:00,"24116.1,24121.9,24066.8,24092.6"
2026-03-09T08:00:00.000+07:00,"24093.6,24111.9,24037.1,24059.7"
2026-03-09T08:15:00.000+07:00,"24059.4,24076.9,24039.1,24045.6"
2026-03-09T08:30:00.000+07:00,"24045.5,24090.3,24025.1,24035.5"
2026-03-09T08:45:00.000+07:00,"24035.4,24041.5,23977.9,23981.1"
2026-03-09T09:00:00.000+07:00,"23981.8,24031.2,23978.2,24001.2"
2026-03-09T09:15:00.000+07:00,"24001.3,24040.5,23973.6,24022.4"
2026-03-09T09:30:00.000+07:00,"24021.5,24059.9,24002.5,24054.9"
2026-03-09T09:45:00.000+07:00,"24054.7,24076.1,24039.7,24058.8"
2026-03-09T10:00:00.000+07:00,"24058.9,24083.2,24054.1,24081.4"
2026-03-09T10:15:00.000+07:00,"24081.2,24104.1,24066.7,24074.3"
2026-03-09T10:30:00.000+07:00,"24073.7,24106.3,24052.2,24058"
2026-03-09T10:45:00.000+07:00,"24057.9,24088.3,24051.9,24066.9"
2026-03-09T11:00:00.000+07:00,"24067,24107.5,24065.2,24084.3"
2026-03-09T11:15:00.000+07:00,"24084.2,24107,24072.7,24103.2"
2026-03-09T11:30:00.000+07:00,"24103.3,24107.8,24082.4,24087.4"
2026-03-09T11:45:00.000+07:00,"24087.5,24093.5,24073.2,24075.3"
2026-03-09T12:00:00.000+07:00,"24075.6,24124.5,24058.6,24113.6"
2026-03-09T12:15:00.000+07:00,"24113.4,24178.5,24086.4,24177.1"
2026-03-09T12:30:00.000+07:00,"24176.9,24196.7,24136.9,24181.4"
2026-03-09T12:45:00.000+07:00,"24181.6,24232.4,24166.8,24232.4"
2026-03-09T13:00:00.000+07:00,"24232.5,24274.6,24203.9,24262.1"
2026-03-09T13:15:00.000+07:00,"24261.9,24290.4,24246.6,24267.3"
2026-03-09T13:30:00.000+07:00,"24268,24280.6,24227.9,24238.4"
2026-03-09T13:45:00.000+07:00,"24238.2,24243.2,24199.6,24218.2"
2026-03-09T14:00:00.000+07:00,"24219.2,24249.9,24183.2,24241.4"
2026-03-09T14:15:00.000+07:00,"24241.2,24287.6,24218.6,24271.7"
2026-03-09T14:30:00.000+07:00,"24271.8,24277.7,24232.2,24256.1"
2026-03-09T14:45:00.000+07:00,"24256.3,24269.6,24232.2,24250.4"
2026-03-09T15:00:00.000+07:00,"24250.7,24283,24221.8,24233.9"
2026-03-09T15:15:00.000+07:00,"24233.8,24289.3,24206.7,24250.5"
2026-03-09T15:30:00.000+07:00,"24249.9,24311.6,24248.5,24257.4"
2026-03-09T15:45:00.000+07:00,"24257.6,24299.4,24241.2,24284.4"
2026-03-09T16:00:00.000+07:00,"24285.4,24324.5,24257.7,24318.6"
2026-03-09T16:15:00.000+07:00,"24318.5,24401.2,24315.5,24382.5"
2026-03-09T16:30:00.000+07:00,"24382.4,24469,24353.7,24436"
2026-03-09T16:45:00.000+07:00,"24436.1,24457.4,24366.2,24393.9"
2026-03-09T17:00:00.000+07:00,"24393.4,24408.6,24342.9,24354.7"
2026-03-09T17:15:00.000+07:00,"24354.3,24390.2,24350.1,24353.6"
2026-03-09T17:30:00.000+07:00,"24352.7,24389.7,24332.6,24365.5"
2026-03-09T17:45:00.000+07:00,"24364.8,24375.4,24320.7,24343.4"
2026-03-09T18:00:00.000+07:00,"24343.3,24386.7,24340,24353"
2026-03-09T18:15:00.000+07:00,"24353.4,24366.7,24322.8,24334.8"
2026-03-09T18:30:00.000+07:00,"24335,24396,24329.7,24363.2"
2026-03-09T18:45:00.000+07:00,"24363.3,24386,24348.6,24357.5"
2026-03-09T19:00:00.000+07:00,"24357.4,24413.9,24351.7,24413"
2026-03-09T19:15:00.000+07:00,"24413.1,24432.3,24405.9,24425.5"
2026-03-09T19:30:00.000+07:00,"24425.4,24428.1,24337.1,24343.2"
2026-03-09T19:45:00.000+07:00,"24342.9,24354.8,24323.1,24354.2"
2026-03-09T20:00:00.000+07:00,"24353.8,24419.7,24348.4,24406.8"
2026-03-09T20:15:00.000+07:00,"24407,24415,24361.1,24405.8"
2026-03-09T20:30:00.000+07:00,"24406.2,24498.3,24328.9,24357.3"
2026-03-09T20:45:00.000+07:00,"24356.6,24391.8,24285.8,24343.6"
2026-03-09T21:00:00.000+07:00,"24343.2,24448.1,24297.2,24331.8"
2026-03-09T21:15:00.000+07:00,"24332.1,24441.8,24316.3,24374.7"
2026-03-09T21:30:00.000+07:00,"24373.4,24509,24372.2,24509"
2026-03-09T21:45:00.000+07:00,"24508.4,24557.9,24502.8,24521.9"
2026-03-09T22:00:00.000+07:00,"24522.2,24582.5,24522.2,24572.7"
2026-03-09T22:15:00.000+07:00,"24573.3,24622.8,24555.1,24615.8"
2026-03-09T22:30:00.000+07:00,"24615.9,24617.1,24565.7,24581.2"
2026-03-09T22:45:00.000+07:00,"24581,24630.8,24572.5,24614.9"
2026-03-09T23:00:00.000+07:00,"24615.4,24653.5,24603.9,24635.9"
2026-03-09T23:15:00.000+07:00,"24636.2,24700.3,24606.4,24662.3"
2026-03-09T23:30:00.000+07:00,"24663,24718.2,24625.5,24709.4"
2026-03-09T23:45:00.000+07:00,"24709.6,24721.4,24675.5,24679.3"
2026-03-10T00:00:00.000+07:00,"24679.5,24684.2,24637,24654.7"
2026-03-10T00:15:00.000+07:00,"24654.8,24658.9,24578.3,24585"
2026-03-10T00:30:00.000+07:00,"24584.1,24594.1,24547.7,24556.3"
2026-03-10T00:45:00.000+07:00,"24556.6,24602,24553.9,24582.7"
2026-03-10T01:00:00.000+07:00,"24582.5,24619.7,24580.4,24609.7"
2026-03-10T01:15:00.000+07:00,"24609.6,24654.2,24600.7,24620.3"
2026-03-10T01:30:00.000+07:00,"24620.5,24671.8,24618,24656.7"
2026-03-10T01:45:00.000+07:00,"24656.6,24677.6,24620.5,24625.7"
2026-03-10T02:00:00.000+07:00,"24626.9,24652.4,24612.8,24640.1"
2026-03-10T02:15:00.000+07:00,"24639.6,24930.8,24633.9,24924.4"
2026-03-10T02:30:00.000+07:00,"24922.9,25023.7,24864.5,24937.3"
2026-03-10T02:45:00.000+07:00,"24937.1,24986,24906.9,24960.8"
2026-03-10T03:00:00.000+07:00,"24961.1,24995.3,24902.3,24932.3"
2026-03-10T03:15:00.000+07:00,"24932.5,24936.8,24875.9,24932"
2026-03-10T03:30:00.000+07:00,"24931.9,24945.3,24907.8,24928"
2026-03-10T03:45:00.000+07:00,"24927.9,24943.8,24909.5,24927.7"
2026-03-10T04:00:00.000+07:00,"24927.9,24958,24927.9,24953.5"
2026-03-10T04:15:00.000+07:00,"24953.3,24957.3,24951.9,24954.5"
2026-03-10T04:30:00.000+07:00,"24954.7,24954.7,24942,24942.1"
2026-03-10T04:45:00.000+07:00,"24942.2,24943.1,24933.1,24943"
2026-03-10T05:00:00.000+07:00,"24951.6,24951.6,24854.2,24902.2"
2026-03-10T05:15:00.000+07:00,"24901.9,24914.2,24840.9,24901.3"
2026-03-10T05:30:00.000+07:00,"24901.5,24902.4,24860.7,24896.4"
2026-03-10T05:45:00.000+07:00,"24896.2,24906.8,24866.5,24879.5"
2026-03-10T06:00:00.000+07:00,"24879.9,24903.7,24862.5,24897"
2026-03-10T06:15:00.000+07:00,"24896.9,24905,24873.9,24888.3"
2026-03-10T06:30:00.000+07:00,"24888.4,24890.5,24847.1,24849.5"
2026-03-10T06:45:00.000+07:00,"24849.3,24859,24829.4,24853.1"
2026-03-10T07:00:00.000+07:00,"24853,24864.8,24803.6,24813.7"
2026-03-10T07:15:00.000+07:00,"24813.6,24890.7,24813.5,24887.5"
2026-03-10T07:30:00.000+07:00,"24887.6,24937.2,24864.9,24930.8"
2026-03-10T07:45:00.000+07:00,"24931,24941.6,24905.5,24906.6"
2026-03-10T08:00:00.000+07:00,"24906.8,24945.2,24897.7,24933.5"
2026-03-10T08:15:00.000+07:00,"24933.3,24947.9,24920.3,24927.7"
2026-03-10T08:30:00.000+07:00,"24927.9,24940.1,24906,24918.9"
2026-03-10T08:45:00.000+07:00,"24919,24970.5,24915.8,24958.4"
2026-03-10T09:00:00.000+07:00,"24958,24970.4,24938,24948.4"
2026-03-10T09:15:00.000+07:00,"24949.1,24951.8,24938.5,24944.9"
2026-03-10T09:30:00.000+07:00,"24945.1,24946.9,24911.4,24916.4"
2026-03-10T09:45:00.000+07:00,"24916.3,24921.6,24878,24898.9"
2026-03-10T10:00:00.000+07:00,"24899,24921.1,24892.4,24901.1"
2026-03-10T10:15:00.000+07:00,"24901.2,24932.2,24881,24894.4"
2026-03-10T10:30:00.000+07:00,"24893.6,24897.6,24836.6,24838.3"
2026-03-10T10:45:00.000+07:00,"24838.2,24870.5,24825.8,24859.1"
2026-03-10T11:00:00.000+07:00,"24859.2,24865,24835,24862.4"
2026-03-10T11:15:00.000+07:00,"24862.2,24877.8,24853.6,24858.4"
2026-03-10T11:30:00.000+07:00,"24858.5,24890.5,24850.4,24877.8"
2026-03-10T11:45:00.000+07:00,"24876.6,24885.3,24852.9,24876.7"
2026-03-10T12:00:00.000+07:00,"24876,24928.2,24874,24911.1"
2026-03-10T12:15:00.000+07:00,"24911.3,24921.5,24889.9,24905.1"
2026-03-10T12:30:00.000+07:00,"24905.3,24925.4,24893.6,24910.9"
2026-03-10T12:45:00.000+07:00,"24911,24933,24905.7,24928.3"
2026-03-10T13:00:00.000+07:00,"24928.7,24938.2,24921.7,24933.3"
2026-03-10T13:15:00.000+07:00,"24933.5,24938.3,24911.7,24937.5"
2026-03-10T13:30:00.000+07:00,"24937.4,24953.4,24927.5,24930.3"
2026-03-10T13:45:00.000+07:00,"24930.4,24934.4,24915.3,24926"
2026-03-10T14:00:00.000+07:00,"24926.1,24991.5,24910.7,24960.3"
2026-03-10T14:15:00.000+07:00,"24960.2,25037.2,24957.7,25030.4"
2026-03-10T14:30:00.000+07:00,"25030.1,25048.9,24995.7,25026.5"
2026-03-10T14:45:00.000+07:00,"25026.7,25046.5,25016.7,25044.2"
2026-03-10T15:00:00.000+07:00,"25044.7,25116.9,25034.1,25083.5"
2026-03-10T15:15:00.000+07:00,"25083.3,25106.5,25069.2,25095.1"
2026-03-10T15:30:00.000+07:00,"25094.9,25118.6,25083.3,25097.6"
2026-03-10T15:45:00.000+07:00,"25097.2,25109.5,25051.1,25058.2"
2026-03-10T16:00:00.000+07:00,"25058.4,25105.8,25052.2,25093.8"
2026-03-10T16:15:00.000+07:00,"25093.4,25096.8,25065.2,25080.6"
2026-03-10T16:30:00.000+07:00,"25080.7,25099.1,25070.1,25085.6"
2026-03-10T16:45:00.000+07:00,"25085.8,25088.2,25056.4,25062.5"
2026-03-10T17:00:00.000+07:00,"25062.6,25067.1,25024.8,25035"
2026-03-10T17:15:00.000+07:00,"25035.2,25052.5,25017,25050.8"
2026-03-10T17:30:00.000+07:00,"25050.6,25063.7,24993.1,25034"
2026-03-10T17:45:00.000+07:00,"25034.2,25044.6,25015.7,25037.7"
2026-03-10T18:00:00.000+07:00,"25036.5,25076.9,24976.2,24980.7"
2026-03-10T18:15:00.000+07:00,"24979.5,25001.4,24966.6,24994.6"
2026-03-10T18:30:00.000+07:00,"24994.9,24998.8,24938.5,24945.4"
2026-03-10T18:45:00.000+07:00,"24946.1,24964.5,24929.4,24943.8"
2026-03-10T19:00:00.000+07:00,"24946.7,24947.7,24872.4,24904.7"
2026-03-10T19:15:00.000+07:00,"24904.6,24922.7,24886.3,24891.6"
2026-03-10T19:30:00.000+07:00,"24891.7,24932.5,24865.2,24922.3"
2026-03-10T19:45:00.000+07:00,"24922.1,24971.7,24921,24939.8"
2026-03-10T20:00:00.000+07:00,"24939.7,24962.3,24931,24941.4"
2026-03-10T20:15:00.000+07:00,"24942.3,24979.7,24937.1,24963.4"
2026-03-10T20:30:00.000+07:00,"24961.7,25051.9,24931.1,25001.7"
2026-03-10T20:45:00.000+07:00,"25002.1,25027.5,24920.7,24937.3"
2026-03-10T21:00:00.000+07:00,"24939.1,24973,24870.3,24905.6"
2026-03-10T21:15:00.000+07:00,"24905.9,24998,24868.5,24976.4"
2026-03-10T21:30:00.000+07:00,"24976,25087.9,24975,25073.8"
2026-03-10T21:45:00.000+07:00,"25073.9,25123.6,25057.4,25122"
2026-03-10T22:00:00.000+07:00,"25122.5,25153.2,25089.4,25097"
2026-03-10T22:15:00.000+07:00,"25097.6,25148.7,25094.4,25115.1"
2026-03-10T22:30:00.000+07:00,"25115.3,25144,25081.9,25122.6"
2026-03-10T22:45:00.000+07:00,"25122.1,25134.6,25094.3,25120.2"
2026-03-10T23:00:00.000+07:00,"25120.5,25121.9,25052.6,25087.3"
2026-03-10T23:15:00.000+07:00,"25086.9,25130.9,25079.1,25102.2"
2026-03-10T23:30:00.000+07:00,"25102.3,25137.1,25102.3,25133.5"
2026-03-10T23:45:00.000+07:00,"25133.9,25141.8,25090.1,25128.9"
2026-03-11T00:00:00.000+07:00,"25126.8,25149.2,25116.4,25129.7"
2026-03-11T00:15:00.000+07:00,"25130.3,25189.8,25127.8,25184.3"
2026-03-11T00:30:00.000+07:00,"25184.7,25184.8,25075.1,25108.7"
2026-03-11T00:45:00.000+07:00,"25110,25161.6,25102.3,25143.1"
2026-03-11T01:00:00.000+07:00,"25142.5,25153.1,25009.8,25013.6"
2026-03-11T01:15:00.000+07:00,"25012.6,25077.1,24962.9,25040.4"
2026-03-11T01:30:00.000+07:00,"25039.3,25079.7,24997.9,25010.3"
2026-03-11T01:45:00.000+07:00,"25010.2,25059.1,25000.6,25002.9"
2026-03-11T02:00:00.000+07:00,"25002.7,25025.5,24981.9,25020.1"
2026-03-11T02:15:00.000+07:00,"25020.2,25045.6,24960,24962.5"
2026-03-11T02:30:00.000+07:00,"24963.3,25004.4,24932.2,24966"
2026-03-11T02:45:00.000+07:00,"24965.4,24978.2,24913.3,24957.1"
2026-03-11T03:00:00.000+07:00,"24957.9,25010.7,24956.25,25005.2"
2026-03-11T03:15:00.000+07:00,"25005,25006.1,24983.4,24996"
2026-03-11T03:30:00.000+07:00,"24995.9,25000.4,24981.2,24988.9"
2026-03-11T03:45:00.000+07:00,"24989.3,24998.1,24964.8,24980.9"
2026-03-11T04:00:00.000+07:00,"24981.5,24991.1,24977.9,24990.8"
2026-03-11T04:15:00.000+07:00,"24990.4,25004.7,24984.3,25001.4"
2026-03-11T04:30:00.000+07:00,"25001.3,25003,24999.1,25001.1"
2026-03-11T04:45:00.000+07:00,"25001,25001.7,24998.7,24999.7"
2026-03-11T05:00:00.000+07:00,"24980.8,24989,24955.6,24983.4"
2026-03-11T05:15:00.000+07:00,"24983.3,24990,24940.1,24943.7"
2026-03-11T05:30:00.000+07:00,"24943.9,24949.6,24923.1,24925.4"
2026-03-11T05:45:00.000+07:00,"24925.5,24945.3,24925.5,24945.2"
2026-03-11T06:00:00.000+07:00,"24945.3,24960.7,24937,24958.6"
2026-03-11T06:15:00.000+07:00,"24958.8,24966.8,24951.9,24958.3"
2026-03-11T06:30:00.000+07:00,"24958.5,24960.4,24948.3,24953.4"
2026-03-11T06:45:00.000+07:00,"24953.2,24999.3,24952.1,24989.5"
2026-03-11T07:00:00.000+07:00,"24990.5,25046.4,24984.3,25032"
2026-03-11T07:15:00.000+07:00,"25032.2,25060.6,25022.6,25044"
2026-03-11T07:30:00.000+07:00,"25044.3,25050.5,25028.6,25034.3"
2026-03-11T07:45:00.000+07:00,"25034.4,25049.6,25025.4,25034.5"
2026-03-11T08:00:00.000+07:00,"25034.4,25050,25026.3,25050"
2026-03-11T08:15:00.000+07:00,"25049.3,25056.9,25043.9,25048.8"
2026-03-11T08:30:00.000+07:00,"25048.9,25072.1,25046,25066"
2026-03-11T08:45:00.000+07:00,"25066.2,25067.7,25055.8,25066.5"
2026-03-11T09:00:00.000+07:00,"25066.2,25068.1,25049.3,25052.8"
2026-03-11T09:15:00.000+07:00,"25052.9,25074.3,25052.9,25060.6"
2026-03-11T09:30:00.000+07:00,"25060.8,25065.2,25048.8,25062.6"
2026-03-11T09:45:00.000+07:00,"25062.5,25071.9,25057.9,25067.9"
2026-03-11T10:00:00.000+07:00,"25068.1,25074.4,25060.1,25067.9"
2026-03-11T10:15:00.000+07:00,"25068,25074.5,25064.2,25066.1"
2026-03-11T10:30:00.000+07:00,"25066.3,25092.7,25065.8,25087.8"
2026-03-11T10:45:00.000+07:00,"25087.9,25097.6,25083.3,25092"
2026-03-11T11:00:00.000+07:00,"25092.2,25096.2,25083.8,25090.4"
2026-03-11T11:15:00.000+07:00,"25090.2,25092.4,25086.1,25090.7"
2026-03-11T11:30:00.000+07:00,"25090.8,25091,25070,25070.3"
2026-03-11T11:45:00.000+07:00,"25070.5,25079.7,25061.2,25064.6"
2026-03-11T12:00:00.000+07:00,"25064.7,25069.6,25029,25036.2"
2026-03-11T12:15:00.000+07:00,"25036.1,25050.9,25032.2,25038.5"
2026-03-11T12:30:00.000+07:00,"25038.6,25040.7,25013.2,25015.4"
2026-03-11T12:45:00.000+07:00,"25015.7,25017.1,24999,25005"
2026-03-11T13:00:00.000+07:00,"25004.4,25012.7,24986,25012.5"
2026-03-11T13:15:00.000+07:00,"25012.3,25015.2,24982.3,24994.6"
2026-03-11T13:30:00.000+07:00,"24994.5,25027.9,24994.1,25023.1"
2026-03-11T13:45:00.000+07:00,"25022.9,25023.3,24996.9,25014.5"
2026-03-11T14:00:00.000+07:00,"25014.6,25021.9,24982.9,25007.5"
2026-03-11T14:15:00.000+07:00,"25007.6,25009.6,24973.8,24977.2"
2026-03-11T14:30:00.000+07:00,"24977.1,24983.9,24920.6,24939.2"
2026-03-11T14:45:00.000+07:00,"24939.1,24982.4,24927.8,24978.3"
2026-03-11T15:00:00.000+07:00,"24978.4,25002.1,24970.5,25000.4"
2026-03-11T15:15:00.000+07:00,"25000.3,25006.2,24972.7,24985.2"
2026-03-11T15:30:00.000+07:00,"24985.8,25010.8,24953.5,24964.9"
2026-03-11T15:45:00.000+07:00,"24965,24973.2,24908.6,24940.2"
2026-03-11T16:00:00.000+07:00,"24940.4,24943.9,24898.5,24909.7"
2026-03-11T16:15:00.000+07:00,"24909.5,24945.5,24894.3,24897.6"
2026-03-11T16:30:00.000+07:00,"24898,24922.7,24887.2,24896.7"
2026-03-11T16:45:00.000+07:00,"24896.6,24914.3,24873.4,24877.3"
2026-03-11T17:00:00.000+07:00,"24877.2,24949.1,24868.8,24947.3"
2026-03-11T17:15:00.000+07:00,"24947.1,24959.7,24932.2,24950.8"
2026-03-11T17:30:00.000+07:00,"24950.7,24993.6,24943.2,24990.9"
2026-03-11T17:45:00.000+07:00,"24991.2,24998.9,24982.9,24991.6"
2026-03-11T18:00:00.000+07:00,"24991.7,25018.1,24986.1,25004.8"
2026-03-11T18:15:00.000+07:00,"25004.7,25012.9,24945.5,24952"
2026-03-11T18:30:00.000+07:00,"24952.2,24966.8,24929.4,24945.9"
2026-03-11T18:45:00.000+07:00,"24945.2,24970.1,24904,24921.5"
2026-03-11T19:00:00.000+07:00,"24922.3,24945.5,24911.3,24930.9"
2026-03-11T19:15:00.000+07:00,"24930,24970,24923.9,24969.8"
2026-03-11T19:30:00.000+07:00,"24970.3,25040.5,24895.6,24906.8"
2026-03-11T19:45:00.000+07:00,"24907,24933.3,24883.4,24920.2"
2026-03-11T20:00:00.000+07:00,"24920,24972.9,24918.6,24939.1"
2026-03-11T20:15:00.000+07:00,"24939.2,25008.7,24934.7,25007.4"
2026-03-11T20:30:00.000+07:00,"25007.8,25089.5,25007.8,25043.6"
2026-03-11T20:45:00.000+07:00,"25044.4,25082.7,24990.9,25075.8"
2026-03-11T21:00:00.000+07:00,"25075.9,25154.3,25034.8,25078"
2026-03-11T21:15:00.000+07:00,"25077.7,25087.1,24954,25002.4"
2026-03-11T21:30:00.000+07:00,"25003.4,25028,24934.4,25011.6"
2026-03-11T21:45:00.000+07:00,"25011.3,25054.5,24991.5,25040"
2026-03-11T22:00:00.000+07:00,"25039.8,25064.6,24930.5,24970.3"
2026-03-11T22:15:00.000+07:00,"24970.1,24995,24910.3,24911.8"
2026-03-11T22:30:00.000+07:00,"24911,24939,24887.8,24894.9"
2026-03-11T22:45:00.000+07:00,"24895.6,24936.1,24867.6,24911.4"
2026-03-11T23:00:00.000+07:00,"24909.8,24915.6,24873,24910.6"
2026-03-11T23:15:00.000+07:00,"24910.8,24928.9,24883.4,24928.5"
2026-03-11T23:30:00.000+07:00,"24929,24983.3,24927.2,24955.1"
2026-03-11T23:45:00.000+07:00,"24955.2,24986.8,24942.1,24982.9"
2026-03-12T00:00:00.000+07:00,"24983,25000.8,24960.7,24971.3"
2026-03-12T00:15:00.000+07:00,"24971.2,24996.4,24946,24982.7"
2026-03-12T00:30:00.000+07:00,"24982.3,24992.5,24850.5,24911.3"
2026-03-12T00:45:00.000+07:00,"24911.2,24961.3,24892.8,24929.1"
2026-03-12T01:00:00.000+07:00,"24927.8,24936.8,24867.2,24890.4"
2026-03-12T01:15:00.000+07:00,"24891.2,24934.5,24877.9,24925.1"
2026-03-12T01:30:00.000+07:00,"24925.4,24941.7,24910.2,24918.7"
2026-03-12T01:45:00.000+07:00,"24919,24953,24906.7,24934.2"
2026-03-12T02:00:00.000+07:00,"24933.4,24941.5,24892.6,24898.1"
2026-03-12T02:15:00.000+07:00,"24898,24921.7,24890.1,24912.1"
2026-03-12T02:30:00.000+07:00,"24912,24963.1,24906.3,24952.2"
2026-03-12T02:45:00.000+07:00,"24952.1,24981.5,24931.3,24959.3"
2026-03-12T03:00:00.000+07:00,"24960.4,24967.2,24923.4,24940.2"
2026-03-12T03:15:00.000+07:00,"24940.1,24946.7,24934.4,24940.4"
2026-03-12T03:30:00.000+07:00,"24940.2,24946.2,24936.4,24943.5"
2026-03-12T03:45:00.000+07:00,"24943.6,24945.1,24916,24921.9"
2026-03-12T04:00:00.000+07:00,"24922,24928.8,24920.4,24927.4"
2026-03-12T04:15:00.000+07:00,"24927.6,24931.3,24927.6,24930.2"
2026-03-12T04:30:00.000+07:00,"24932.1,24937.6,24931.5,24933"
2026-03-12T04:45:00.000+07:00,"24933.8,24939,24931.7,24932.5"
2026-03-12T05:00:00.000+07:00,"24910.2,24926.4,24867.1,24879.8"
2026-03-12T05:15:00.000+07:00,"24879.9,24883.7,24821.1,24839"
2026-03-12T05:30:00.000+07:00,"24839.1,24847.8,24795.2,24811.6"
2026-03-12T05:45:00.000+07:00,"24811.5,24831,24796.2,24828.3"
2026-03-12T06:00:00.000+07:00,"24828.2,24833,24771.1,24808.7"
2026-03-12T06:15:00.000+07:00,"24808.6,24825.9,24782,24784"
2026-03-12T06:30:00.000+07:00,"24783.8,24784.2,24719.4,24719.6"
2026-03-12T06:45:00.000+07:00,"24719.7,24768.4,24711.7,24768"
2026-03-12T07:00:00.000+07:00,"24767.9,24770.9,24723,24734.3"
2026-03-12T07:15:00.000+07:00,"24735.9,24760.6,24719.2,24747.6"
2026-03-12T07:30:00.000+07:00,"24747.4,24784.3,24743.6,24774.6"
2026-03-12T07:45:00.000+07:00,"24774.5,24784.2,24760.7,24769.8"
2026-03-12T08:00:00.000+07:00,"24769.7,24780.8,24750.1,24763.8"
2026-03-12T08:15:00.000+07:00,"24763.4,24799.3,24761.3,24797.9"
2026-03-12T08:30:00.000+07:00,"24798,24821.7,24796.8,24815.1"
2026-03-12T08:45:00.000+07:00,"24815.3,24815.3,24752.1,24769.4"
2026-03-12T09:00:00.000+07:00,"24769.5,24775.4,24752.3,24754"
2026-03-12T09:15:00.000+07:00,"24754.1,24766.3,24728.2,24734.8"
2026-03-12T09:30:00.000+07:00,"24734.7,24739.3,24682.9,24710.7"
2026-03-12T09:45:00.000+07:00,"24710.9,24717.3,24689.8,24709.7"
2026-03-12T10:00:00.000+07:00,"24709.8,24738,24705.2,24711.7"
2026-03-12T10:15:00.000+07:00,"24711.8,24722.1,24700.7,24703"
2026-03-12T10:30:00.000+07:00,"24702.8,24704.5,24675.3,24689"
2026-03-12T10:45:00.000+07:00,"24688.9,24710.7,24683.2,24708.3"
2026-03-12T11:00:00.000+07:00,"24708.1,24727.9,24702.3,24716.3"
2026-03-12T11:15:00.000+07:00,"24716.1,24730.9,24710.2,24724.3"
2026-03-12T11:30:00.000+07:00,"24724.1,24726.4,24689.7,24690.9"
2026-03-12T11:45:00.000+07:00,"24690.8,24706,24688,24697.4"
2026-03-12T12:00:00.000+07:00,"24697.3,24756.1,24696.9,24741.8"
2026-03-12T12:15:00.000+07:00,"24741.7,24744.8,24723.3,24730.4"
2026-03-12T12:30:00.000+07:00,"24730.5,24757.2,24725.7,24753"
2026-03-12T12:45:00.000+07:00,"24752.7,24755.5,24711.4,24750"
2026-03-12T13:00:00.000+07:00,"24750.1,24751,24725.1,24732.2"
2026-03-12T13:15:00.000+07:00,"24732.3,24766.7,24730.7,24765.3"
2026-03-12T13:30:00.000+07:00,"24765.5,24777.7,24757.9,24773.5"
2026-03-12T13:45:00.000+07:00,"24773.3,24793.2,24767.4,24787.7"
2026-03-12T14:00:00.000+07:00,"24787.8,24803.3,24786,24801.6"
2026-03-12T14:15:00.000+07:00,"24801.7,24818.3,24796.6,24813.3"
2026-03-12T14:30:00.000+07:00,"24813.2,24815,24787,24807.3"
2026-03-12T14:45:00.000+07:00,"24807.2,24851.5,24792.7,24850.5"
2026-03-12T15:00:00.000+07:00,"24850.1,24881.6,24845.9,24857.7"
2026-03-12T15:15:00.000+07:00,"24857.6,24872.3,24836.2,24836.3"
2026-03-12T15:30:00.000+07:00,"24836.2,24853.5,24815.4,24851.9"
2026-03-12T15:45:00.000+07:00,"24852.1,24869.6,24837.6,24855.9"
2026-03-12T16:00:00.000+07:00,"24856.1,24862.9,24811.7,24819.6"
2026-03-12T16:15:00.000+07:00,"24819.5,24832.6,24792.5,24831.2"
2026-03-12T16:30:00.000+07:00,"24831.1,24887.6,24829.6,24878.8"
2026-03-12T16:45:00.000+07:00,"24879.4,24901.1,24866.2,24895.2"
2026-03-12T17:00:00.000+07:00,"24894.9,24905.4,24871.6,24886.4"
2026-03-12T17:15:00.000+07:00,"24886.7,24887.1,24861.1,24868.3"
2026-03-12T17:30:00.000+07:00,"24868.5,24906,24863.1,24871"
2026-03-12T17:45:00.000+07:00,"24870.9,24884.9,24853.5,24862.7"
2026-03-12T18:00:00.000+07:00,"24862.4,24868.7,24837.8,24841.2"
2026-03-12T18:15:00.000+07:00,"24841.1,24865.7,24827,24854.1"
2026-03-12T18:30:00.000+07:00,"24853.9,24906.1,24853.9,24889.3"
2026-03-12T18:45:00.000+07:00,"24889.2,24891,24831.9,24837"
2026-03-12T19:00:00.000+07:00,"24837.2,24842.2,24788.4,24813.6"
2026-03-12T19:15:00.000+07:00,"24813.9,24823.2,24796.6,24819.8"
2026-03-12T19:30:00.000+07:00,"24820.8,24822.1,24779.9,24800.4"
2026-03-12T19:45:00.000+07:00,"24800.3,24813.1,24781.1,24811.9"
2026-03-12T20:00:00.000+07:00,"24812,24832.5,24780.7,24782.7"
2026-03-12T20:15:00.000+07:00,"24782.9,24791.1,24729.8,24756"
2026-03-12T20:30:00.000+07:00,"24756,24812.7,24721.7,24744.7"
2026-03-12T20:45:00.000+07:00,"24744.8,24747,24612.6,24637.5"
2026-03-12T21:00:00.000+07:00,"24635.8,24725.3,24631.8,24716.4"
2026-03-12T21:15:00.000+07:00,"24716.5,24726.1,24598.6,24599.4"
2026-03-12T21:30:00.000+07:00,"24598.9,24628.5,24553.9,24624.7"
2026-03-12T21:45:00.000+07:00,"24623.2,24698.7,24581.8,24600.5"
2026-03-12T22:00:00.000+07:00,"24600.9,24613.8,24541,24570.8"
2026-03-12T22:15:00.000+07:00,"24570.7,24617.2,24547.6,24599.9"
2026-03-12T22:30:00.000+07:00,"24600.1,24689.2,24557.2,24668.7"
2026-03-12T22:45:00.000+07:00,"24668.9,24676.2,24603.9,24646.1"
2026-03-12T23:00:00.000+07:00,"24646.5,24686.6,24568.7,24635.3"
2026-03-12T23:15:00.000+07:00,"24635.8,24714.7,24612.9,24621"
2026-03-12T23:30:00.000+07:00,"24620.7,24696.7,24612.5,24668.3"
2026-03-12T23:45:00.000+07:00,"24668.5,24675.4,24603.6,24643"
2026-03-13T00:00:00.000+07:00,"24643.1,24705.2,24637.6,24641.6"
2026-03-13T00:15:00.000+07:00,"24641.8,24668.3,24611,24631"
2026-03-13T00:30:00.000+07:00,"24631.3,24671.6,24622.2,24625.8"
2026-03-13T00:45:00.000+07:00,"24626.2,24634.8,24565.5,24604.7"
2026-03-13T01:00:00.000+07:00,"24603.8,24651,24603.8,24636"
2026-03-13T01:15:00.000+07:00,"24635.8,24648.7,24590.9,24615.5"
2026-03-13T01:30:00.000+07:00,"24616.3,24625.8,24582.3,24589.5"
2026-03-13T01:45:00.000+07:00,"24589,24609.8,24575.1,24579.8"
2026-03-13T02:00:00.000+07:00,"24579.2,24607.8,24549.9,24573.3"
2026-03-13T02:15:00.000+07:00,"24573.7,24607.6,24563.5,24593.5"
2026-03-13T02:30:00.000+07:00,"24593.4,24620.8,24551,24562.2"
2026-03-13T02:45:00.000+07:00,"24562.1,24563,24520.9,24534.2"
2026-03-13T03:00:00.000+07:00,"24531.1,24551.6,24494.6,24509.6"
2026-03-13T03:15:00.000+07:00,"24509.8,24542,24508,24526.1"
2026-03-13T03:30:00.000+07:00,"24526.2,24546.3,24522.5,24540.5"
2026-03-13T03:45:00.000+07:00,"24540.4,24555.5,24537.8,24544.6"
2026-03-13T04:00:00.000+07:00,"24544.5,24547.2,24542.1,24544.2"
2026-03-13T04:15:00.000+07:00,"24542.4,24550.4,24542.4,24549.4"
2026-03-13T04:30:00.000+07:00,"24549.5,24549.6,24540.6,24540.8"
2026-03-13T04:45:00.000+07:00,"24541.5,24544.4,24535.3,24536"
2026-03-13T05:00:00.000+07:00,"24544.5,24563.9,24517.1,24536.1"
2026-03-13T05:15:00.000+07:00,"24536.2,24561.3,24519.1,24557.7"
2026-03-13T05:30:00.000+07:00,"24557.6,24578.8,24551.6,24565"
2026-03-13T05:45:00.000+07:00,"24565.1,24574.1,24548.4,24570.9"
2026-03-13T06:00:00.000+07:00,"24570.7,24598.1,24569.1,24571.7"
2026-03-13T06:15:00.000+07:00,"24571.6,24574.2,24546.8,24560.9"
2026-03-13T06:30:00.000+07:00,"24560.8,24570.7,24534.6,24553.4"
2026-03-13T06:45:00.000+07:00,"24553.6,24553.6,24510.5,24513.8"
2026-03-13T07:00:00.000+07:00,"24513.9,24562.7,24476.2,24562.7"
2026-03-13T07:15:00.000+07:00,"24562.3,24624.6,24562.3,24603.5"
2026-03-13T07:30:00.000+07:00,"24603.6,24625.5,24599.2,24600"
2026-03-13T07:45:00.000+07:00,"24599.7,24614.1,24590,24610.4"
2026-03-13T08:00:00.000+07:00,"24610.5,24644.9,24609.3,24629.8"
2026-03-13T08:15:00.000+07:00,"24629.7,24641,24619.7,24628.7"
2026-03-13T08:30:00.000+07:00,"24628.8,24637.2,24617.2,24620.2"
2026-03-13T08:45:00.000+07:00,"24620.5,24623,24602.9,24615.2"
2026-03-13T09:00:00.000+07:00,"24615.1,24635,24609.1,24611.2"
2026-03-13T09:15:00.000+07:00,"24611.1,24618.6,24598.9,24603.3"
2026-03-13T09:30:00.000+07:00,"24603.4,24623.6,24589.4,24592.7"
2026-03-13T09:45:00.000+07:00,"24592.8,24602.7,24583.3,24589.1"
2026-03-13T10:00:00.000+07:00,"24589.8,24603.9,24575.1,24575.6"
2026-03-13T10:15:00.000+07:00,"24575.7,24594.4,24566.5,24585"
2026-03-13T10:30:00.000+07:00,"24585.1,24596.9,24568.6,24592.6"
2026-03-13T10:45:00.000+07:00,"24592.5,24614.6,24592,24608.3"
2026-03-13T11:00:00.000+07:00,"24608.4,24613.4,24588.8,24592.2"
2026-03-13T11:15:00.000+07:00,"24592.3,24595.5,24564.9,24570.4"
2026-03-13T11:30:00.000+07:00,"24570.5,24572.7,24547.7,24571.9"
2026-03-13T11:45:00.000+07:00,"24571.8,24573.5,24551.4,24559.7"
2026-03-13T12:00:00.000+07:00,"24559.9,24569.2,24537.8,24542.3"
2026-03-13T12:15:00.000+07:00,"24542.4,24569,24540.1,24565.1"
2026-03-13T12:30:00.000+07:00,"24565.2,24584.2,24554.8,24558.2"
2026-03-13T12:45:00.000+07:00,"24558.1,24573.1,24553.5,24569.9"
2026-03-13T13:00:00.000+07:00,"24569.7,24580.7,24549.1,24562.3"
2026-03-13T13:15:00.000+07:00,"24562.4,24565.1,24523.1,24532.8"
2026-03-13T13:30:00.000+07:00,"24533.9,24545,24501.8,24502.1"
2026-03-13T13:45:00.000+07:00,"24500.8,24505.3,24460.4,24465.2"
2026-03-13T14:00:00.000+07:00,"24464.8,24473,24407.3,24417.2"
2026-03-13T14:15:00.000+07:00,"24417.4,24446.9,24395.9,24441.8"
2026-03-13T14:30:00.000+07:00,"24441.9,24461,24432.7,24444.8"
2026-03-13T14:45:00.000+07:00,"24445.1,24447.4,24407.8,24432.5"
2026-03-13T15:00:00.000+07:00,"24432.9,24442.8,24382,24395.2"
2026-03-13T15:15:00.000+07:00,"24395,24420,24382.9,24400.8"
2026-03-13T15:30:00.000+07:00,"24401.1,24468.1,24399.6,24452"
2026-03-13T15:45:00.000+07:00,"24452.1,24508,24440.8,24498.3"
2026-03-13T16:00:00.000+07:00,"24498.4,24559.6,24498.1,24514.5"
2026-03-13T16:15:00.000+07:00,"24514.7,24526.7,24497,24511.6"
2026-03-13T16:30:00.000+07:00,"24511.9,24518,24495.1,24513.8"
2026-03-13T16:45:00.000+07:00,"24513.9,24537.8,24503,24515.5"
2026-03-13T17:00:00.000+07:00,"24516.3,24579.2,24509.8,24574"
2026-03-13T17:15:00.000+07:00,"24573.6,24598.6,24562.6,24568.8"
2026-03-13T17:30:00.000+07:00,"24568.9,24572.2,24552.5,24564.4"
2026-03-13T17:45:00.000+07:00,"24564.5,24607.7,24558.1,24601.9"
2026-03-13T18:00:00.000+07:00,"24602.6,24630.7,24586.1,24603.8"
2026-03-13T18:15:00.000+07:00,"24603.7,24637.7,24588.9,24614.3"
2026-03-13T18:30:00.000+07:00,"24614.4,24634.1,24604.7,24634.1"
2026-03-13T18:45:00.000+07:00,"24633.3,24649.5,24622.7,24646"
2026-03-13T19:00:00.000+07:00,"24646.1,24661,24619.2,24634.3"
2026-03-13T19:15:00.000+07:00,"24634.1,24642.5,24614.9,24638.3"
2026-03-13T19:30:00.000+07:00,"24637.7,24664.6,24618,24643.9"
2026-03-13T19:45:00.000+07:00,"24643.7,24718.6,24642.1,24666.6"
2026-03-13T20:00:00.000+07:00,"24665.2,24674.5,24628,24652.6"
2026-03-13T20:15:00.000+07:00,"24653.1,24669.1,24623.4,24634.6"
2026-03-13T20:30:00.000+07:00,"24634.2,24755.9,24596.1,24754.9"
2026-03-13T20:45:00.000+07:00,"24754.4,24789,24706.4,24712.5"
2026-03-13T21:00:00.000+07:00,"24712.3,24749.1,24644.7,24653.8"
2026-03-13T21:15:00.000+07:00,"24654.3,24688.8,24619.5,24660.1"
2026-03-13T21:30:00.000+07:00,"24659.1,24712.8,24579.6,24581"
2026-03-13T21:45:00.000+07:00,"24581.2,24582.6,24468.4,24474.6"
2026-03-13T22:00:00.000+07:00,"24475.5,24553.1,24447.3,24545.5"
2026-03-13T22:15:00.000+07:00,"24546.1,24547.7,24447.9,24454.8"
2026-03-13T22:30:00.000+07:00,"24455.5,24481.6,24387.1,24399.1"
2026-03-13T22:45:00.000+07:00,"24398.5,24456.9,24377.1,24393.1"
2026-03-13T23:00:00.000+07:00,"24393.7,24458.1,24391.7,24419.1"
2026-03-13T23:15:00.000+07:00,"24419.4,24447.5,24396.7,24429.6"
2026-03-13T23:30:00.000+07:00,"24429.3,24472.7,24411.7,24412.6"
2026-03-13T23:45:00.000+07:00,"24413.1,24458.2,24372.8,24382.3"
2026-03-14T00:00:00.000+07:00,"24381.6,24443,24375.6,24443"
2026-03-14T00:15:00.000+07:00,"24443.5,24458.4,24404.7,24434.4"
2026-03-14T00:30:00.000+07:00,"24434.8,24440,24391.5,24410.2"
2026-03-14T00:45:00.000+07:00,"24410.5,24418.2,24338.5,24358.7"
2026-03-14T01:00:00.000+07:00,"24358.2,24391.9,24355.5,24384.6"
2026-03-14T01:15:00.000+07:00,"24384.4,24399,24352.7,24396.5"
2026-03-14T01:30:00.000+07:00,"24396.3,24444.5,24385.3,24440.6"
2026-03-14T01:45:00.000+07:00,"24440.2,24456,24423.5,24431.2"
2026-03-14T02:00:00.000+07:00,"24431.8,24433.7,24389.8,24400.2"
2026-03-14T02:15:00.000+07:00,"24400.7,24414.8,24351.8,24360.8"
2026-03-14T02:30:00.000+07:00,"24361.1,24383.3,24334.8,24352.2"
2026-03-14T02:45:00.000+07:00,"24351.9,24387.6,24341.3,24378.9"
2026-03-14T03:00:00.000+07:00,"24378.2,24383.8,24342.9,24346.8"
2026-03-14T03:15:00.000+07:00,"24346.6,24363.1,24344.7,24351"
2026-03-14T03:30:00.000+07:00,"24350.9,24366.4,24344.3,24348.2"
2026-03-14T03:45:00.000+07:00,"24348.6,24352.3,24316.1,24320.8"
2026-03-16T05:00:00.000+07:00,"24304.8,24389,24284.4,24297.4"
2026-03-16T05:15:00.000+07:00,"24296.6,24333.7,24281.4,24322.3"
2026-03-16T05:30:00.000+07:00,"24322.2,24380,24310.2,24378.4"
2026-03-16T05:45:00.000+07:00,"24377.8,24461.1,24369.4,24452.3"
2026-03-16T06:00:00.000+07:00,"24451.2,24481.1,24411.3,24434.4"
2026-03-16T06:15:00.000+07:00,"24434.3,24438,24413.5,24418.7"
2026-03-16T06:30:00.000+07:00,"24418.6,24433.6,24394,24419"
2026-03-16T06:45:00.000+07:00,"24418.6,24446.9,24418.3,24423.9"
2026-03-16T07:00:00.000+07:00,"24424.6,24505.3,24422.1,24491.6"
2026-03-16T07:15:00.000+07:00,"24491.7,24511,24471.7,24477.8"
2026-03-16T07:30:00.000+07:00,"24477.9,24497.1,24470.3,24483.8"
2026-03-16T07:45:00.000+07:00,"24483.9,24505.6,24475.6,24494.7"
2026-03-16T08:00:00.000+07:00,"24494.9,24506.9,24475.7,24484.9"
2026-03-16T08:15:00.000+07:00,"24485.1,24503.6,24477.7,24478"
2026-03-16T08:30:00.000+07:00,"24478.1,24482.4,24453.8,24467.7"
2026-03-16T08:45:00.000+07:00,"24467.8,24508.7,24467.1,24499.4"
2026-03-16T09:00:00.000+07:00,"24499.2,24503.5,24481.5,24487.1"
2026-03-16T09:15:00.000+07:00,"24487,24492.4,24466.8,24472.4"
2026-03-16T09:30:00.000+07:00,"24472.5,24474.7,24460,24463.7"
2026-03-16T09:45:00.000+07:00,"24464,24484,24461.5,24474.6"
2026-03-16T10:00:00.000+07:00,"24474.5,24487.7,24473.1,24480.1"
2026-03-16T10:15:00.000+07:00,"24480.3,24495.3,24478.2,24492.7"
2026-03-16T10:30:00.000+07:00,"24492.9,24504.3,24492.9,24501.9"
2026-03-16T10:45:00.000+07:00,"24502,24525.3,24499.1,24516"
2026-03-16T11:00:00.000+07:00,"24515.9,24525,24512.1,24518.2"
2026-03-16T11:15:00.000+07:00,"24518.5,24533.4,24516.7,24517.8"
2026-03-16T11:30:00.000+07:00,"24517.9,24520.8,24501.3,24501.9"
2026-03-16T11:45:00.000+07:00,"24502.1,24515.1,24490.6,24491.6"
2026-03-16T12:00:00.000+07:00,"24491.3,24510.8,24491.3,24508.5"
2026-03-16T12:15:00.000+07:00,"24508.4,24511.5,24497.6,24502.2"
2026-03-16T12:30:00.000+07:00,"24502,24526.5,24494.2,24520.8"
2026-03-16T12:45:00.000+07:00,"24520.7,24545.8,24519,24543.9"
2026-03-16T13:00:00.000+07:00,"24543.7,24550.5,24536.1,24538.7"
2026-03-16T13:15:00.000+07:00,"24538.8,24543,24521.6,24525.3"
2026-03-16T13:30:00.000+07:00,"24525.4,24542.5,24523.4,24529.8"
2026-03-16T13:45:00.000+07:00,"24529.7,24551.7,24525.3,24549.2"
2026-03-16T14:00:00.000+07:00,"24549.4,24569.4,24528.4,24531.2"
2026-03-16T14:15:00.000+07:00,"24531.1,24537,24513.2,24516.2"
2026-03-16T14:30:00.000+07:00,"24516,24527.9,24489.5,24501.5"
2026-03-16T14:45:00.000+07:00,"24501.6,24520.5,24491.3,24498.3"
2026-03-16T15:00:00.000+07:00,"24498.1,24555.4,24493.2,24516.9"
2026-03-16T15:15:00.000+07:00,"24516.8,24537.4,24489,24512.6"
2026-03-16T15:30:00.000+07:00,"24512.8,24526.1,24485.5,24490.1"
2026-03-16T15:45:00.000+07:00,"24490.5,24526.4,24482.6,24513.4"
2026-03-16T16:00:00.000+07:00,"24513.5,24520.5,24472,24509.4"
2026-03-16T16:15:00.000+07:00,"24509.8,24519,24493.5,24498.5"
2026-03-16T16:30:00.000+07:00,"24497.7,24497.8,24469.2,24471.1"
2026-03-16T16:45:00.000+07:00,"24471,24501,24463.2,24478.2"
2026-03-16T17:00:00.000+07:00,"24478.3,24517.4,24473.1,24512.7"
2026-03-16T17:15:00.000+07:00,"24512.9,24567.2,24507.5,24556.3"
2026-03-16T17:30:00.000+07:00,"24556.1,24582.7,24539.7,24550"
2026-03-16T17:45:00.000+07:00,"24549.9,24598.4,24541.8,24588.9"
2026-03-16T18:00:00.000+07:00,"24587.5,24591.5,24569.7,24576.1"
2026-03-16T18:15:00.000+07:00,"24576.3,24590.6,24561.1,24564.2"
2026-03-16T18:30:00.000+07:00,"24564.1,24619.8,24561.5,24614.3"
2026-03-16T18:45:00.000+07:00,"24613.9,24622.1,24601,24610.1"
2026-03-16T19:00:00.000+07:00,"24610.2,24660.9,24609.2,24653.9"
2026-03-16T19:15:00.000+07:00,"24654,24664.1,24637,24649.5"
2026-03-16T19:30:00.000+07:00,"24649.4,24673.8,24648.2,24661.6"
2026-03-16T19:45:00.000+07:00,"24661.4,24673.7,24632.4,24643.5"
2026-03-16T20:00:00.000+07:00,"24645,24665.9,24638.1,24642.2"
2026-03-16T20:15:00.000+07:00,"24642.3,24655.8,24634.8,24641.1"
2026-03-16T20:30:00.000+07:00,"24640.8,24701.9,24608.9,24656.7"
2026-03-16T20:45:00.000+07:00,"24657,24726.1,24654.7,24720.8"
2026-03-16T21:00:00.000+07:00,"24719.1,24743.3,24676.5,24718.2"
2026-03-16T21:15:00.000+07:00,"24717.8,24747.2,24699.6,24700.4"
2026-03-16T21:30:00.000+07:00,"24700.9,24704.6,24619.1,24630.2"
2026-03-16T21:45:00.000+07:00,"24630.4,24679.7,24604.4,24678.7"
2026-03-16T22:00:00.000+07:00,"24677.7,24692.6,24630.8,24686.4"
2026-03-16T22:15:00.000+07:00,"24686.8,24720.8,24665.6,24701.1"
2026-03-16T22:30:00.000+07:00,"24700.1,24723,24697.1,24703"
2026-03-16T22:45:00.000+07:00,"24701.8,24717.7,24654.2,24660.8"
2026-03-16T23:00:00.000+07:00,"24660.7,24688.7,24649.3,24665"
2026-03-16T23:15:00.000+07:00,"24665.4,24674.6,24606.4,24618.4"
2026-03-16T23:30:00.000+07:00,"24617.6,24673.7,24603.6,24665.6"
2026-03-16T23:45:00.000+07:00,"24665.9,24683.2,24649.6,24659.6"
2026-03-17T00:00:00.000+07:00,"24659.7,24705.4,24659.6,24691.7"
2026-03-17T00:15:00.000+07:00,"24691.5,24706.8,24675.9,24680.3"
2026-03-17T00:30:00.000+07:00,"24680.7,24696,24657.2,24659.6"
2026-03-17T00:45:00.000+07:00,"24659.7,24681.2,24637.3,24667.7"
2026-03-17T01:00:00.000+07:00,"24667.4,24706.6,24661.8,24690.5"
2026-03-17T01:15:00.000+07:00,"24690.6,24712.6,24687.2,24704.8"
2026-03-17T01:30:00.000+07:00,"24703.4,24715.2,24689.4,24713.7"
2026-03-17T01:45:00.000+07:00,"24714.3,24717.9,24685.8,24688.4"
2026-03-17T02:00:00.000+07:00,"24688.3,24800.2,24672.4,24693.8"
2026-03-17T02:15:00.000+07:00,"24693.1,24714.9,24644,24668"
2026-03-17T02:30:00.000+07:00,"24668.3,24676.4,24632.9,24641.4"
2026-03-17T02:45:00.000+07:00,"24641.6,24663.3,24621.2,24651.9"
2026-03-17T03:00:00.000+07:00,"24650.9,24668.1,24633.2,24662"
2026-03-17T03:15:00.000+07:00,"24662.1,24663.9,24631.7,24632"
2026-03-17T03:30:00.000+07:00,"24632.1,24647.3,24629.2,24634.7"
2026-03-17T03:45:00.000+07:00,"24634.6,24643.5,24628.1,24638.9"
2026-03-17T04:00:00.000+07:00,"24637.7,24640.4,24636.3,24639.7"
2026-03-17T04:15:00.000+07:00,"24640.3,24641.1,24637.9,24640.3"
2026-03-17T04:30:00.000+07:00,"24640.2,24643.4,24635.7,24639.3"
2026-03-17T04:45:00.000+07:00,"24638.5,24641.9,24636.1,24639.8"
2026-03-17T05:00:00.000+07:00,"24651,24651,24611.9,24625.6"
2026-03-17T05:15:00.000+07:00,"24625.5,24645,24610,24632.4"
2026-03-17T05:30:00.000+07:00,"24632.5,24635.8,24606.4,24613.3"
2026-03-17T05:45:00.000+07:00,"24613.5,24616.6,24604.6,24610.2"
2026-03-17T06:00:00.000+07:00,"24610.1,24632.8,24607.8,24618.8"
2026-03-17T06:15:00.000+07:00,"24618.7,24626.1,24607.6,24623.4"
2026-03-17T06:30:00.000+07:00,"24623.3,24642.1,24618.4,24635.2"
2026-03-17T06:45:00.000+07:00,"24635.1,24653,24625.5,24651.6"
2026-03-17T07:00:00.000+07:00,"24651.4,24652.3,24616.1,24629.1"
2026-03-17T07:15:00.000+07:00,"24628.9,24633,24587.1,24601.9"
2026-03-17T07:30:00.000+07:00,"24602,24632.8,24593.9,24598.6"
2026-03-17T07:45:00.000+07:00,"24598.5,24608.5,24574.6,24586.3"
2026-03-17T08:00:00.000+07:00,"24586.5,24610.3,24582.1,24601.8"
2026-03-17T08:15:00.000+07:00,"24601.7,24606.7,24585.2,24598.2"
2026-03-17T08:30:00.000+07:00,"24598.1,24619.9,24582.6,24593.8"
2026-03-17T08:45:00.000+07:00,"24593.9,24610.3,24582.7,24606"
2026-03-17T09:00:00.000+07:00,"24606.1,24610.7,24587.5,24594.5"
2026-03-17T09:15:00.000+07:00,"24594.6,24602.1,24587.5,24594"
2026-03-17T09:30:00.000+07:00,"24594.1,24603.8,24590,24594.8"
2026-03-17T09:45:00.000+07:00,"24594.9,24596.6,24557.5,24564.5"
2026-03-17T10:00:00.000+07:00,"24564.4,24571.5,24557.1,24568.2"
2026-03-17T10:15:00.000+07:00,"24568.8,24582.8,24568.2,24572.7"
2026-03-17T10:30:00.000+07:00,"24573.4,24575.7,24552.5,24566.3"
2026-03-17T10:45:00.000+07:00,"24565.9,24570.8,24557.9,24564.3"
2026-03-17T11:00:00.000+07:00,"24563.7,24575,24561.3,24574.2"
2026-03-17T11:15:00.000+07:00,"24574.4,24586.4,24571.5,24582.3"
2026-03-17T11:30:00.000+07:00,"24582.2,24604.4,24582.2,24602.8"
2026-03-17T11:45:00.000+07:00,"24602.9,24620.2,24601.8,24608.4"
2026-03-17T12:00:00.000+07:00,"24608.3,24623.4,24601.2,24621.2"
2026-03-17T12:15:00.000+07:00,"24621.3,24626,24612.8,24614.2"
2026-03-17T12:30:00.000+07:00,"24614.3,24619.3,24589,24591.2"
2026-03-17T12:45:00.000+07:00,"24591.3,24591.3,24526.1,24529.5"
2026-03-17T13:00:00.000+07:00,"24529.4,24535.3,24502.1,24516.8"
2026-03-17T13:15:00.000+07:00,"24516.9,24546.9,24513.3,24539.2"
2026-03-17T13:30:00.000+07:00,"24539.3,24547.7,24526.1,24539.9"
2026-03-17T13:45:00.000+07:00,"24540.1,24540.7,24516,24527.6"
2026-03-17T14:00:00.000+07:00,"24527.4,24544.3,24509.3,24535.3"
2026-03-17T14:15:00.000+07:00,"24535.2,24573.2,24530.5,24566.3"
2026-03-17T14:30:00.000+07:00,"24566.1,24589.9,24556.6,24559.8"
2026-03-17T14:45:00.000+07:00,"24559.6,24560.2,24536.5,24542.8"
2026-03-17T15:00:00.000+07:00,"24543,24581.8,24530.7,24539"
2026-03-17T15:15:00.000+07:00,"24539.1,24562.8,24528.4,24531.5"
2026-03-17T15:30:00.000+07:00,"24532.1,24571.3,24512.6,24561.2"
2026-03-17T15:45:00.000+07:00,"24561.7,24568.7,24521.6,24541.2"
2026-03-17T16:00:00.000+07:00,"24541,24566.4,24541,24560.7"
2026-03-17T16:15:00.000+07:00,"24560.8,24616.7,24550.3,24611.4"
2026-03-17T16:30:00.000+07:00,"24611.3,24620.8,24592.7,24613.9"
2026-03-17T16:45:00.000+07:00,"24614,24619.6,24599,24614.6"
2026-03-17T17:00:00.000+07:00,"24614.2,24616,24588.1,24594.5"
2026-03-17T17:15:00.000+07:00,"24594.6,24594.6,24565.7,24579.3"
2026-03-17T17:30:00.000+07:00,"24579.2,24603.3,24572.9,24589.3"
2026-03-17T17:45:00.000+07:00,"24589.5,24605.2,24582.5,24603.5"
2026-03-17T18:00:00.000+07:00,"24603.7,24620.4,24589.4,24593.1"
2026-03-17T18:15:00.000+07:00,"24593.2,24630.9,24590.3,24616.6"
2026-03-17T18:30:00.000+07:00,"24616.5,24628.2,24602.3,24615.6"
2026-03-17T18:45:00.000+07:00,"24615.5,24621.6,24581.7,24584.1"
2026-03-17T19:00:00.000+07:00,"24584.3,24666.2,24582.8,24658.9"
2026-03-17T19:15:00.000+07:00,"24658.7,24684.2,24651.3,24678.5"
2026-03-17T19:30:00.000+07:00,"24678,24708.5,24677.6,24694.4"
2026-03-17T19:45:00.000+07:00,"24694.3,24703.5,24684.6,24700.8"
2026-03-17T20:00:00.000+07:00,"24700.9,24743.7,24698.4,24743.6"
2026-03-17T20:15:00.000+07:00,"24743.3,24791.8,24734,24767.6"
2026-03-17T20:30:00.000+07:00,"24767.4,24841.1,24731.9,24828.1"
2026-03-17T20:45:00.000+07:00,"24827.8,24880.3,24822.9,24859.5"
2026-03-17T21:00:00.000+07:00,"24859,24863.2,24793.5,24794.1"
2026-03-17T21:15:00.000+07:00,"24793.3,24847.6,24764.2,24831.7"
2026-03-17T21:30:00.000+07:00,"24830.2,24859.1,24806.7,24854.3"
2026-03-17T21:45:00.000+07:00,"24854.4,24858.8,24835.6,24844"
2026-03-17T22:00:00.000+07:00,"24845.1,24857.9,24783.1,24795.9"
2026-03-17T22:15:00.000+07:00,"24795.8,24823.6,24777.4,24778.4"
2026-03-17T22:30:00.000+07:00,"24779.6,24801.6,24722.2,24766.2"
2026-03-17T22:45:00.000+07:00,"24765.4,24782.9,24753.9,24760.5"
2026-03-17T23:00:00.000+07:00,"24759.8,24770.5,24715.7,24747.1"
2026-03-17T23:15:00.000+07:00,"24747,24795.4,24742.8,24780"
2026-03-17T23:30:00.000+07:00,"24779.9,24793.5,24758.9,24793.5"
2026-03-17T23:45:00.000+07:00,"24793.4,24795.5,24764.8,24765.5"
2026-03-18T00:00:00.000+07:00,"24766.5,24807.2,24765.5,24784.9"
2026-03-18T00:15:00.000+07:00,"24784.8,24792.8,24773.2,24787.8"
2026-03-18T00:30:00.000+07:00,"24787.2,24805.6,24777.1,24782.3"
2026-03-18T00:45:00.000+07:00,"24782.4,24813.6,24766.4,24804.5"
2026-03-18T01:00:00.000+07:00,"24803.6,24827,24792.8,24805.5"
2026-03-18T01:15:00.000+07:00,"24805.7,24812.5,24771,24772.4"
2026-03-18T01:30:00.000+07:00,"24772.1,24779.6,24760.7,24763.4"
2026-03-18T01:45:00.000+07:00,"24763.5,24786.9,24760.5,24771.8"
2026-03-18T02:00:00.000+07:00,"24771,24786.8,24749.5,24773"
2026-03-18T02:15:00.000+07:00,"24772.9,24793.8,24768.3,24775.5"
2026-03-18T02:30:00.000+07:00,"24776.2,24784.6,24764.3,24768.7"
2026-03-18T02:45:00.000+07:00,"24768.9,24795.1,24764.3,24778.1"
2026-03-18T03:00:00.000+07:00,"24778.3,24796.4,24772.4,24793.9"
2026-03-18T03:15:00.000+07:00,"24794.4,24796.7,24787.8,24790"
2026-03-18T03:30:00.000+07:00,"24790.1,24794,24788.7,24791.1"
2026-03-18T03:45:00.000+07:00,"24791,24795.65,24787.1,24794.5"
2026-03-18T04:00:00.000+07:00,"24792.8,24792.8,24786.1,24786.7"
2026-03-18T04:15:00.000+07:00,"24787,24789.6,24787,24788"
2026-03-18T04:30:00.000+07:00,"24787.8,24788.3,24786.2,24786.9"
2026-03-18T04:45:00.000+07:00,"24786.4,24787.3,24785.2,24785.2"
2026-03-18T05:00:00.000+07:00,"24785,24791.4,24771.7,24782.5"
2026-03-18T05:15:00.000+07:00,"24782.6,24784.2,24769.2,24774.9"
2026-03-18T05:30:00.000+07:00,"24774.7,24780.3,24758.8,24765.8"
2026-03-18T05:45:00.000+07:00,"24766,24781.7,24761.5,24776.4"
2026-03-18T06:00:00.000+07:00,"24776.3,24780.3,24767,24777.3"
2026-03-18T06:15:00.000+07:00,"24777.4,24795,24773.8,24776.9"
2026-03-18T06:30:00.000+07:00,"24776.8,24786.9,24769,24775.8"
2026-03-18T06:45:00.000+07:00,"24775.9,24781,24770.9,24774.2"
2026-03-18T07:00:00.000+07:00,"24774.7,24822.7,24767.9,24822.3"
2026-03-18T07:15:00.000+07:00,"24822.2,24826.1,24805.8,24815.5"
2026-03-18T07:30:00.000+07:00,"24815.7,24826.6,24808.7,24823.9"
2026-03-18T07:45:00.000+07:00,"24823.7,24852.6,24822.9,24849.6"
2026-03-18T08:00:00.000+07:00,"24849.8,24867.3,24849.8,24859.5"
2026-03-18T08:15:00.000+07:00,"24859.6,24867.9,24857.1,24859.7"
2026-03-18T08:30:00.000+07:00,"24859.6,24866.6,24855.3,24863"
2026-03-18T08:45:00.000+07:00,"24862.9,24866,24851.4,24865.9"
2026-03-18T09:00:00.000+07:00,"24865.6,24881.4,24863.5,24875.6"
2026-03-18T09:15:00.000+07:00,"24875.7,24898.4,24873,24892.9"
2026-03-18T09:30:00.000+07:00,"24893,24900.2,24888.6,24889.7"
2026-03-18T09:45:00.000+07:00,"24889.8,24897.3,24882.6,24888.2"
2026-03-18T10:00:00.000+07:00,"24888.1,24892.5,24876.7,24892.2"
2026-03-18T10:15:00.000+07:00,"24892.1,24898.2,24886.6,24889.6"
2026-03-18T10:30:00.000+07:00,"24889.7,24894.2,24885.8,24890.5"
2026-03-18T10:45:00.000+07:00,"24890.6,24914.4,24890.6,24905.5"
2026-03-18T11:00:00.000+07:00,"24905,24914.9,24905,24912.2"
2026-03-18T11:15:00.000+07:00,"24912.4,24916.2,24904.2,24907.9"
2026-03-18T11:30:00.000+07:00,"24908,24909.5,24899.4,24903.6"
2026-03-18T11:45:00.000+07:00,"24903.7,24917.2,24901.5,24908.4"
2026-03-18T12:00:00.000+07:00,"24908.5,24922.1,24903.9,24918.9"
2026-03-18T12:15:00.000+07:00,"24918.8,24931.1,24917.5,24928.8"
2026-03-18T12:30:00.000+07:00,"24928.5,24937,24927.4,24931.6"
2026-03-18T12:45:00.000+07:00,"24931.7,24939.6,24928.2,24936.7"
2026-03-18T13:00:00.000+07:00,"24936.8,24954.6,24934.6,24943.5"
2026-03-18T13:15:00.000+07:00,"24943.9,24978.6,24938.9,24972.1"
2026-03-18T13:30:00.000+07:00,"24971.9,24975.3,24954.1,24955.1"
2026-03-18T13:45:00.000+07:00,"24955,24957.9,24947.4,24949.7"
2026-03-18T14:00:00.000+07:00,"24949.8,24956.7,24941.3,24946.9"
2026-03-18T14:15:00.000+07:00,"24946.8,24954.6,24934.6,24943.3"
2026-03-18T14:30:00.000+07:00,"24943.4,24950.4,24936.8,24947.8"
2026-03-18T14:45:00.000+07:00,"24947.9,24948.9,24927.7,24931.8"
2026-03-18T15:00:00.000+07:00,"24931.6,24955,24928.1,24947.7"
2026-03-18T15:15:00.000+07:00,"24947.8,24953.7,24929.4,24930.9"
2026-03-18T15:30:00.000+07:00,"24931,24942.2,24924,24932.3"
2026-03-18T15:45:00.000+07:00,"24932.2,24953.3,24929.1,24940.3"
2026-03-18T16:00:00.000+07:00,"24940.2,24952.7,24928.5,24930"
2026-03-18T16:15:00.000+07:00,"24929.9,24958.8,24928.8,24954.1"
2026-03-18T16:30:00.000+07:00,"24954.2,24959.9,24948.1,24956.3"
2026-03-18T16:45:00.000+07:00,"24956.4,24958.8,24937.4,24938.8"
2026-03-18T17:00:00.000+07:00,"24938.6,24953.3,24933.6,24951.2"
2026-03-18T17:15:00.000+07:00,"24951.3,24965.5,24948.1,24956.7"
2026-03-18T17:30:00.000+07:00,"24956.6,24963.7,24945.4,24949.8"
2026-03-18T17:45:00.000+07:00,"24949.7,24953.4,24928.1,24931.5"
2026-03-18T18:00:00.000+07:00,"24931,24942.3,24915.8,24935"
2026-03-18T18:15:00.000+07:00,"24934.9,24945.2,24875.3,24877.5"
2026-03-18T18:30:00.000+07:00,"24878,24919.1,24868.3,24912.8"
2026-03-18T18:45:00.000+07:00,"24912.7,24915,24879.9,24883"
2026-03-18T19:00:00.000+07:00,"24882.9,24888.5,24801.6,24819.3"
2026-03-18T19:15:00.000+07:00,"24819.7,24822.9,24772.3,24794.1"
2026-03-18T19:30:00.000+07:00,"24796.2,24797.7,24676,24695.7"
2026-03-18T19:45:00.000+07:00,"24695.6,24706.5,24641.9,24653.7"
2026-03-18T20:00:00.000+07:00,"24653.5,24684.6,24635.9,24672.6"
2026-03-18T20:15:00.000+07:00,"24673,24709.2,24648.9,24700.8"
2026-03-18T20:30:00.000+07:00,"24701.1,24761.4,24675.9,24725"
2026-03-18T20:45:00.000+07:00,"24725.2,24769.4,24702.1,24741.5"
2026-03-18T21:00:00.000+07:00,"24741.7,24757.3,24666,24666.4"
2026-03-18T21:15:00.000+07:00,"24666.1,24697.2,24585.9,24595.3"
2026-03-18T21:30:00.000+07:00,"24595.1,24645.6,24592.6,24607.3"
2026-03-18T21:45:00.000+07:00,"24607.2,24658.3,24594.8,24657.6"
2026-03-18T22:00:00.000+07:00,"24657.5,24705.6,24638.1,24678.3"
2026-03-18T22:15:00.000+07:00,"24678.4,24687.1,24635.2,24662.8"
2026-03-18T22:30:00.000+07:00,"24663.2,24691.2,24655.9,24668.7"
2026-03-18T22:45:00.000+07:00,"24668.5,24691.4,24650.2,24674.6"
2026-03-18T23:00:00.000+07:00,"24672.8,24683.8,24640.5,24677"
2026-03-18T23:15:00.000+07:00,"24677.2,24684.4,24652.4,24660.3"
2026-03-18T23:30:00.000+07:00,"24659.9,24667.9,24603.2,24625.5"
2026-03-18T23:45:00.000+07:00,"24625.6,24650.9,24614.2,24620.1"
2026-03-19T00:00:00.000+07:00,"24618.5,24621.2,24569.8,24579"
2026-03-19T00:15:00.000+07:00,"24579.1,24609.6,24572.9,24605.7"
2026-03-19T00:30:00.000+07:00,"24606.2,24644.4,24586.3,24623.3"
2026-03-19T00:45:00.000+07:00,"24623.4,24658.2,24620.6,24653.4"
2026-03-19T01:00:00.000+07:00,"24653,24689.4,24629.7,24645.7"
2026-03-19T01:15:00.000+07:00,"24645.8,24646.2,24598.8,24629.2"
2026-03-19T01:30:00.000+07:00,"24629.3,24636.8,24561.5,24587.6"
2026-03-19T01:45:00.000+07:00,"24586.9,24593.9,24514.4,24517.5"
2026-03-19T02:00:00.000+07:00,"24517.4,24576.4,24512.2,24538.5"
2026-03-19T02:15:00.000+07:00,"24537.9,24542.5,24485.1,24497.1"
2026-03-19T02:30:00.000+07:00,"24497.2,24518,24448.1,24459.7"
2026-03-19T02:45:00.000+07:00,"24459.9,24468.8,24417.1,24428.2"
2026-03-19T03:00:00.000+07:00,"24427.5,24456.9,24392.1,24400.3"
2026-03-19T03:15:00.000+07:00,"24402,24403.1,24341.5,24354.7"
2026-03-19T03:30:00.000+07:00,"24354.8,24388.3,24354.8,24384.3"
2026-03-19T03:45:00.000+07:00,"24384.2,24406,24380.5,24383.3"
2026-03-19T04:00:00.000+07:00,"24383.5,24434.9,24379,24396.5"
2026-03-19T04:15:00.000+07:00,"24396.6,24417.6,24395.7,24412.6"
2026-03-19T04:30:00.000+07:00,"24412.8,24423.9,24409.1,24423.1"
2026-03-19T04:45:00.000+07:00,"24423,24431.7,24413.5,24416.3"
2026-03-19T05:00:00.000+07:00,"24398.5,24404.8,24365.1,24370.8"
2026-03-19T05:15:00.000+07:00,"24370.7,24389.5,24355.4,24359.8"
2026-03-19T05:30:00.000+07:00,"24359.7,24366.2,24339.7,24359.6"
2026-03-19T05:45:00.000+07:00,"24359.5,24374.9,24357.7,24371.1"
2026-03-19T06:00:00.000+07:00,"24371.3,24397,24370.7,24387.2"
2026-03-19T06:15:00.000+07:00,"24387.6,24401,24381.1,24400"
2026-03-19T06:30:00.000+07:00,"24399.8,24422.9,24394.5,24403.5"
2026-03-19T06:45:00.000+07:00,"24404.5,24406.9,24373.8,24395.9"
2026-03-19T07:00:00.000+07:00,"24395.7,24422.2,24380.1,24405.7"
2026-03-19T07:15:00.000+07:00,"24405.6,24411.5,24374,24403.7"
2026-03-19T07:30:00.000+07:00,"24403.6,24411.8,24367,24367.5"
2026-03-19T07:45:00.000+07:00,"24367.6,24399.4,24365.5,24396.4"
2026-03-19T08:00:00.000+07:00,"24396.9,24403.9,24382,24397"
2026-03-19T08:15:00.000+07:00,"24397.1,24419,24393.3,24415.8"
2026-03-19T08:30:00.000+07:00,"24415.6,24443.1,24408.8,24431.9"
2026-03-19T08:45:00.000+07:00,"24432,24447.8,24415.6,24418.3"
2026-03-19T09:00:00.000+07:00,"24418.8,24464.5,24377.6,24455.5"
2026-03-19T09:15:00.000+07:00,"24455.4,24484.5,24449.7,24472.5"
2026-03-19T09:30:00.000+07:00,"24472.6,24501.7,24471.7,24493.6"
2026-03-19T09:45:00.000+07:00,"24493.4,24494.5,24465.5,24474.5"
2026-03-19T10:00:00.000+07:00,"24474.6,24492.2,24474.6,24487.4"
2026-03-19T10:15:00.000+07:00,"24487.3,24490.1,24470.3,24471.9"
2026-03-19T10:30:00.000+07:00,"24472.1,24473.3,24451.9,24456.7"
2026-03-19T10:45:00.000+07:00,"24457.5,24465.6,24442.1,24442.5"
2026-03-19T11:00:00.000+07:00,"24442.3,24442.6,24414.8,24422.5"
2026-03-19T11:15:00.000+07:00,"24422.3,24427,24413.1,24418"
2026-03-19T11:30:00.000+07:00,"24417.8,24426.7,24394.1,24405.5"
2026-03-19T11:45:00.000+07:00,"24403.9,24410.4,24388.2,24407.9"
2026-03-19T12:00:00.000+07:00,"24408,24418.3,24398.9,24413.1"
2026-03-19T12:15:00.000+07:00,"24413,24426,24391.8,24394.1"
2026-03-19T12:30:00.000+07:00,"24394,24400.3,24354,24360.4"
2026-03-19T12:45:00.000+07:00,"24359.4,24398.5,24357.4,24374.4"
2026-03-19T13:00:00.000+07:00,"24374.6,24406.2,24368.1,24394.6"
2026-03-19T13:15:00.000+07:00,"24393.6,24416.9,24379.8,24381.3"
2026-03-19T13:30:00.000+07:00,"24381.2,24388.7,24351.8,24381.5"
2026-03-19T13:45:00.000+07:00,"24381.6,24386.9,24361.2,24382.8"
2026-03-19T14:00:00.000+07:00,"24382.7,24390.7,24337.5,24352.2"
2026-03-19T14:15:00.000+07:00,"24352.1,24405.4,24352,24367.9"
2026-03-19T14:30:00.000+07:00,"24368.1,24373.7,24333.6,24344.7"
2026-03-19T14:45:00.000+07:00,"24345,24369.9,24321.5,24335.4"
2026-03-19T15:00:00.000+07:00,"24335.8,24372,24318,24356.6"
2026-03-19T15:15:00.000+07:00,"24358.6,24371.8,24317.8,24327.7"
2026-03-19T15:30:00.000+07:00,"24327.8,24343.8,24283.9,24285.9"
2026-03-19T15:45:00.000+07:00,"24285.5,24350.4,24282.8,24323.5"
2026-03-19T16:00:00.000+07:00,"24323.7,24370.2,24323.7,24348.1"
2026-03-19T16:15:00.000+07:00,"24349.2,24374.8,24279.8,24294.1"
2026-03-19T16:30:00.000+07:00,"24294.2,24348,24289.6,24323.3"
2026-03-19T16:45:00.000+07:00,"24323.4,24428,24317.9,24405.3"
2026-03-19T17:00:00.000+07:00,"24405.2,24405.2,24375.4,24381.4"
2026-03-19T17:15:00.000+07:00,"24381.6,24389.7,24369,24385.5"
2026-03-19T17:30:00.000+07:00,"24385.4,24395.5,24348.9,24362.2"
2026-03-19T17:45:00.000+07:00,"24361.9,24375.5,24350,24369.7"
2026-03-19T18:00:00.000+07:00,"24369.8,24391.9,24341.3,24362.7"
2026-03-19T18:15:00.000+07:00,"24362.2,24365.3,24306.2,24325.4"
2026-03-19T18:30:00.000+07:00,"24325.3,24335.7,24287.6,24291.4"
2026-03-19T18:45:00.000+07:00,"24292.1,24331.3,24287.8,24325.6"
2026-03-19T19:00:00.000+07:00,"24324.1,24335.2,24256.9,24297.9"
2026-03-19T19:15:00.000+07:00,"24297.7,24313.5,24235.4,24254.7"
2026-03-19T19:30:00.000+07:00,"24254.3,24291.9,24224.9,24277.8"
2026-03-19T19:45:00.000+07:00,"24277.9,24277.9,24201.9,24224.3"
2026-03-19T20:00:00.000+07:00,"24224.5,24234.5,24188.5,24193.4"
2026-03-19T20:15:00.000+07:00,"24193.3,24286.7,24182.8,24207.9"
2026-03-19T20:30:00.000+07:00,"24207.7,24230.5,24105.8,24209.5"
2026-03-19T20:45:00.000+07:00,"24209.6,24301.8,24171,24283.9"
2026-03-19T21:00:00.000+07:00,"24283.1,24326.7,24250.7,24276.9"
2026-03-19T21:15:00.000+07:00,"24276.8,24288.1,24189.4,24209.5"
2026-03-19T21:30:00.000+07:00,"24209.3,24323.2,24205.6,24248.4"
2026-03-19T21:45:00.000+07:00,"24248.1,24305.4,24232.1,24271.4"
2026-03-19T22:00:00.000+07:00,"24272.4,24360.7,24263.3,24335.9"
2026-03-19T22:15:00.000+07:00,"24335.4,24345.2,24226.8,24242"
2026-03-19T22:30:00.000+07:00,"24243.9,24245.9,24183,24195.4"
2026-03-19T22:45:00.000+07:00,"24196.1,24258.1,24181.5,24257.8"
2026-03-19T23:00:00.000+07:00,"24256.2,24304.3,24235.4,24251.8"
2026-03-19T23:15:00.000+07:00,"24252.3,24263.6,24217,24250.8"
2026-03-19T23:30:00.000+07:00,"24251,24283.8,24221.3,24264.9"
2026-03-19T23:45:00.000+07:00,"24265.1,24269.9,24206.5,24237"
2026-03-20T00:00:00.000+07:00,"24237.5,24246.7,24162.8,24173.6"
2026-03-20T00:15:00.000+07:00,"24173.5,24247.4,24164.1,24232.7"
2026-03-20T00:30:00.000+07:00,"24231.3,24251.3,24193.8,24210.6"
2026-03-20T00:45:00.000+07:00,"24210.9,24264.2,24198.4,24236.5"
2026-03-20T01:00:00.000+07:00,"24234.7,24302.9,24205.6,24290.8"
2026-03-20T01:15:00.000+07:00,"24291.2,24299.4,24248.6,24249.7"
2026-03-20T01:30:00.000+07:00,"24250,24254.1,24204.2,24211.1"
2026-03-20T01:45:00.000+07:00,"24211.2,24307.6,24201.4,24292.1"
2026-03-20T02:00:00.000+07:00,"24289.8,24472.8,24287.2,24439"
2026-03-20T02:15:00.000+07:00,"24439.1,24457.2,24356.1,24378.3"
2026-03-20T02:30:00.000+07:00,"24378.1,24395.9,24326.4,24370.3"
2026-03-20T02:45:00.000+07:00,"24370.1,24382.7,24343.8,24357.9"
2026-03-20T03:00:00.000+07:00,"24356.3,24395.1,24343.2,24391.6"
2026-03-20T03:15:00.000+07:00,"24391.7,24412.4,24391.4,24403"
2026-03-20T03:30:00.000+07:00,"24402.9,24403.5,24390.1,24402.5"
2026-03-20T03:45:00.000+07:00,"24402.4,24406.3,24390.9,24396.7"
2026-03-20T04:00:00.000+07:00,"24397.6,24411.2,24397,24408.7"
2026-03-20T04:15:00.000+07:00,"24409.8,24420,24409.4,24420"
2026-03-20T04:30:00.000+07:00,"24419.8,24427.9,24419.2,24422.9"
2026-03-20T04:45:00.000+07:00,"24423.1,24424.4,24418.1,24420.8"
2026-03-20T05:00:00.000+07:00,"24413.2,24437.1,24383.8,24396.7"
2026-03-20T05:15:00.000+07:00,"24396.6,24424.5,24392.5,24418.9"
2026-03-20T05:30:00.000+07:00,"24419.1,24427.8,24412.6,24418.3"
2026-03-20T05:45:00.000+07:00,"24418.1,24426.8,24400.7,24423"
2026-03-20T06:00:00.000+07:00,"24422.9,24445.6,24419.2,24423.5"
2026-03-20T06:15:00.000+07:00,"24423,24424.8,24395.8,24402.5"
2026-03-20T06:30:00.000+07:00,"24402.3,24413.6,24392.1,24395"
2026-03-20T06:45:00.000+07:00,"24394.9,24422.4,24391.7,24407.1"
2026-03-20T07:00:00.000+07:00,"24407.2,24430,24373.1,24424.4"
2026-03-20T07:15:00.000+07:00,"24424.5,24425.6,24368.7,24382.6"
2026-03-20T07:30:00.000+07:00,"24382.4,24398.8,24368.8,24382.2"
2026-03-20T07:45:00.000+07:00,"24382.3,24396.6,24376.8,24385.6"
2026-03-20T08:00:00.000+07:00,"24385.5,24421,24378.6,24411.6"
2026-03-20T08:15:00.000+07:00,"24412.1,24412.8,24380.4,24401.5"
2026-03-20T08:30:00.000+07:00,"24401.4,24440.6,24401,24437.9"
2026-03-20T08:45:00.000+07:00,"24437.7,24447.5,24395.8,24404.7"
2026-03-20T09:00:00.000+07:00,"24405.7,24425.3,24398.9,24419.9"
2026-03-20T09:15:00.000+07:00,"24420,24425.1,24408.2,24410.8"
2026-03-20T09:30:00.000+07:00,"24410.9,24418.2,24398.6,24415.4"
2026-03-20T09:45:00.000+07:00,"24415.5,24428.7,24407,24407"
2026-03-20T10:00:00.000+07:00,"24406.8,24412.5,24395.3,24402"
2026-03-20T10:15:00.000+07:00,"24402.1,24406.5,24383.8,24397.6"
2026-03-20T10:30:00.000+07:00,"24397.7,24416.4,24389.7,24395.7"
2026-03-20T10:45:00.000+07:00,"24395.8,24402.6,24390.7,24398.1"
2026-03-20T11:00:00.000+07:00,"24398.3,24409.3,24393.3,24397.7"
2026-03-20T11:15:00.000+07:00,"24397.8,24398.7,24377.5,24389"
2026-03-20T11:30:00.000+07:00,"24388.9,24392.9,24377.2,24378.7"
2026-03-20T11:45:00.000+07:00,"24378.8,24382.9,24372,24373.9"
2026-03-20T12:00:00.000+07:00,"24374,24374,24345.8,24361.2"
2026-03-20T12:15:00.000+07:00,"24361.3,24387.3,24359.6,24382.8"
2026-03-20T12:30:00.000+07:00,"24382.7,24388.3,24368.7,24384.2"
2026-03-20T12:45:00.000+07:00,"24384.4,24390.2,24374,24380.2"
2026-03-20T13:00:00.000+07:00,"24379.5,24391.7,24367.6,24376.6"
2026-03-20T13:15:00.000+07:00,"24376.5,24376.5,24337.9,24345.8"
2026-03-20T13:30:00.000+07:00,"24345.6,24358.3,24323.3,24336.6"
2026-03-20T13:45:00.000+07:00,"24336.7,24336.8,24305.8,24317.4"
2026-03-20T14:00:00.000+07:00,"24317.3,24317.3,24269.5,24307.7"
2026-03-20T14:15:00.000+07:00,"24307.8,24351.2,24305.8,24341.8"
2026-03-20T14:30:00.000+07:00,"24341.6,24387,24338.4,24386.7"
2026-03-20T14:45:00.000+07:00,"24386.5,24394.8,24377.6,24380.9"
2026-03-20T15:00:00.000+07:00,"24381.1,24401.7,24362.4,24400.3"
2026-03-20T15:15:00.000+07:00,"24400.1,24403.5,24352,24352"
2026-03-20T15:30:00.000+07:00,"24352.1,24390.5,24343.8,24358"
2026-03-20T15:45:00.000+07:00,"24358.5,24371.9,24340.1,24345.5"
2026-03-20T16:00:00.000+07:00,"24346.6,24372.4,24325.4,24330"
2026-03-20T16:15:00.000+07:00,"24329.8,24333.1,24281.6,24287.9"
2026-03-20T16:30:00.000+07:00,"24288,24308.9,24252.9,24268.8"
2026-03-20T16:45:00.000+07:00,"24268.9,24270.8,24195.2,24219.8"
2026-03-20T17:00:00.000+07:00,"24219.6,24227.3,24107.7,24139.1"
2026-03-20T17:15:00.000+07:00,"24139.6,24157.2,24119,24148.9"
2026-03-20T17:30:00.000+07:00,"24149,24217.7,24147.8,24204.7"
2026-03-20T17:45:00.000+07:00,"24204.9,24206.2,24182,24194"
2026-03-20T18:00:00.000+07:00,"24194.1,24255,24186.1,24238.5"
2026-03-20T18:15:00.000+07:00,"24238.2,24255.1,24229,24239.9"
2026-03-20T18:30:00.000+07:00,"24240,24250.3,24214.1,24230.5"
2026-03-20T18:45:00.000+07:00,"24230.7,24235.4,24197.2,24230.7"
2026-03-20T19:00:00.000+07:00,"24232.6,24285.3,24212.2,24261.8"
2026-03-20T19:15:00.000+07:00,"24261.7,24283.3,24230.8,24280.9"
2026-03-20T19:30:00.000+07:00,"24279.4,24282,24226.8,24248.6"
2026-03-20T19:45:00.000+07:00,"24248.4,24288.6,24237.1,24283.4"
2026-03-20T20:00:00.000+07:00,"24283.3,24296.9,24245.3,24254.6"
2026-03-20T20:15:00.000+07:00,"24254.4,24314.3,24251,24280"
2026-03-20T20:30:00.000+07:00,"24277.3,24277.55,24167,24240.4"
2026-03-20T20:45:00.000+07:00,"24240.5,24256,24067.1,24073.4"
2026-03-20T21:00:00.000+07:00,"24073,24115.2,24027.5,24043.3"
2026-03-20T21:15:00.000+07:00,"24043.4,24084.1,24037.5,24058"
2026-03-20T21:30:00.000+07:00,"24058.2,24113.9,24052.9,24072"
2026-03-20T21:45:00.000+07:00,"24071.9,24092.9,24021.2,24059.7"
2026-03-20T22:00:00.000+07:00,"24059.2,24107.4,24025.8,24093.7"
2026-03-20T22:15:00.000+07:00,"24093.4,24131.6,24036.3,24054.3"
2026-03-20T22:30:00.000+07:00,"24055.6,24092.6,24045.7,24085.2"
2026-03-20T22:45:00.000+07:00,"24085.1,24110.9,24060.7,24100.9"
2026-03-20T23:00:00.000+07:00,"24100.8,24144,24091.1,24125.9"
2026-03-20T23:15:00.000+07:00,"24126,24144.5,24088.9,24093"
2026-03-20T23:30:00.000+07:00,"24094.2,24095.2,24042.5,24054.6"
2026-03-20T23:45:00.000+07:00,"24054.4,24088.2,24024.9,24061.3"
2026-03-21T00:00:00.000+07:00,"24061.5,24080.3,24014.2,24043.3"
2026-03-21T00:15:00.000+07:00,"24043.2,24053.4,24018.4,24025.6"
2026-03-21T00:30:00.000+07:00,"24024.4,24031.4,23955.9,23975.2"
2026-03-21T00:45:00.000+07:00,"23975.4,24007.7,23957.8,24001.7"
2026-03-21T01:00:00.000+07:00,"24000.3,24009.8,23965.7,23975.2"
2026-03-21T01:15:00.000+07:00,"23975.4,23979.6,23903.3,23935.9"
2026-03-21T01:30:00.000+07:00,"23935.8,23942.5,23876,23880.1"
2026-03-21T01:45:00.000+07:00,"23880.3,23892.8,23859.5,23880.7"
2026-03-21T02:00:00.000+07:00,"23881.4,23904.3,23852.9,23873.3"
2026-03-21T02:15:00.000+07:00,"23873.5,23885.9,23835,23845.1"
2026-03-21T02:30:00.000+07:00,"23845,23859.6,23757.6,23837.4"
2026-03-21T02:45:00.000+07:00,"23837.5,23900,23802.3,23900"
2026-03-21T03:00:00.000+07:00,"23900.1,23937,23880.4,23930.7"
2026-03-21T03:15:00.000+07:00,"23930.5,23932.5,23909.6,23919.1"
2026-03-21T03:30:00.000+07:00,"23919.2,23963.2,23915.1,23957.1"
2026-03-21T03:45:00.000+07:00,"23956.9,24005.6,23956.9,24000.9"
2026-03-21T04:00:00.000+07:00,"24000.7,24000.7,24000.7,24000.7"
2026-03-23T05:00:00.000+07:00,"23718,23808.3,23708.6,23757.9"
2026-03-23T05:15:00.000+07:00,"23757.8,23883.6,23756,23854.9"
2026-03-23T05:30:00.000+07:00,"23854.8,23881.5,23807.7,23815.9"
2026-03-23T05:45:00.000+07:00,"23816,23858.1,23815.2,23831.2"
2026-03-23T06:00:00.000+07:00,"23831.3,23871,23830.6,23864.3"
2026-03-23T06:15:00.000+07:00,"23864.2,23870.5,23818.6,23823.4"
2026-03-23T06:30:00.000+07:00,"23823.3,23839,23812.1,23826.7"
2026-03-23T06:45:00.000+07:00,"23826.6,23827.6,23762.6,23792.7"
2026-03-23T07:00:00.000+07:00,"23793.9,23858.4,23760.6,23843.9"
2026-03-23T07:15:00.000+07:00,"23844.1,23877.7,23820.3,23838.7"
2026-03-23T07:30:00.000+07:00,"23839,23844.5,23741.7,23776.8"
2026-03-23T07:45:00.000+07:00,"23777,23782,23727.8,23737.2"
2026-03-23T08:00:00.000+07:00,"23737.5,23793.6,23723.8,23780.9"
2026-03-23T08:15:00.000+07:00,"23781.1,23824,23776.9,23814.8"
2026-03-23T08:30:00.000+07:00,"23815,23860,23799.6,23850.4"
2026-03-23T08:45:00.000+07:00,"23850.5,23858.8,23822.3,23831.2"
2026-03-23T09:00:00.000+07:00,"23831.3,23852.7,23814.7,23820.6"
2026-03-23T09:15:00.000+07:00,"23821.1,23855.6,23809.1,23831"
2026-03-23T09:30:00.000+07:00,"23831.3,23834.3,23798.2,23802.3"
2026-03-23T09:45:00.000+07:00,"23802.2,23804.4,23776.7,23795.7"
2026-03-23T10:00:00.000+07:00,"23795.8,23815.1,23764.3,23766.5"
2026-03-23T10:15:00.000+07:00,"23766.7,23791.7,23760.2,23780.9"
2026-03-23T10:30:00.000+07:00,"23781,23790.5,23759.7,23774.5"
2026-03-23T10:45:00.000+07:00,"23774.6,23779.9,23736.9,23741.7"
2026-03-23T11:00:00.000+07:00,"23741.6,23758.6,23733.1,23755.7"
2026-03-23T11:15:00.000+07:00,"23755.9,23782.6,23752.8,23777.3"
2026-03-23T11:30:00.000+07:00,"23777.5,23790.9,23771.3,23771.9"
2026-03-23T11:45:00.000+07:00,"23771.8,23791.3,23764.5,23783.4"
2026-03-23T12:00:00.000+07:00,"23783.2,23821.2,23780.6,23802.7"
2026-03-23T12:15:00.000+07:00,"23802.5,23810.3,23767,23772.7"
2026-03-23T12:30:00.000+07:00,"23772.8,23789.5,23725.8,23752.4"
2026-03-23T12:45:00.000+07:00,"23752.7,23766.8,23722.3,23760.4"
2026-03-23T13:00:00.000+07:00,"23760.1,23764.4,23702.6,23721.8"
2026-03-23T13:15:00.000+07:00,"23721.9,23736.7,23708.5,23715.9"
2026-03-23T13:30:00.000+07:00,"23716,23716.2,23658,23658.1"
2026-03-23T13:45:00.000+07:00,"23658,23673.4,23613.5,23643.5"
2026-03-23T14:00:00.000+07:00,"23642.6,23701,23620.5,23681.2"
2026-03-23T14:15:00.000+07:00,"23681.1,23683.7,23559.8,23587.7"
2026-03-23T14:30:00.000+07:00,"23587.5,23625.2,23577.6,23623.6"
2026-03-23T14:45:00.000+07:00,"23623.5,23666.5,23610,23629.8"
2026-03-23T15:00:00.000+07:00,"23629.7,23712.9,23628.6,23705.1"
2026-03-23T15:15:00.000+07:00,"23705.2,23714.4,23670.7,23685.1"
2026-03-23T15:30:00.000+07:00,"23685,23738.8,23679.1,23704.7"
2026-03-23T15:45:00.000+07:00,"23703.5,23742.4,23700.7,23719.2"
2026-03-23T16:00:00.000+07:00,"23719.3,23736,23684.2,23723.7"
2026-03-23T16:15:00.000+07:00,"23723.5,23758.5,23704.4,23719.7"
2026-03-23T16:30:00.000+07:00,"23719.8,23723,23631.6,23658.8"
2026-03-23T16:45:00.000+07:00,"23658.6,23679.6,23644.5,23669.9"
2026-03-23T17:00:00.000+07:00,"23669.7,23716.1,23661.8,23686.7"
2026-03-23T17:15:00.000+07:00,"23686.6,23695.1,23630.7,23639.3"
2026-03-23T17:30:00.000+07:00,"23639.4,23674,23622.1,23642.6"
2026-03-23T17:45:00.000+07:00,"23642.5,23713.9,23602.6,23667.3"
2026-03-23T18:00:00.000+07:00,"23667.5,24548.6,23663.1,24511.1"
2026-03-23T18:15:00.000+07:00,"24510.2,24531.1,24247.5,24299.7"
2026-03-23T18:30:00.000+07:00,"24301.2,24482.8,24296.4,24314.4"
2026-03-23T18:45:00.000+07:00,"24314.5,24332.9,24156.6,24178"
2026-03-23T19:00:00.000+07:00,"24178.6,24268.8,24131.3,24186.5"
2026-03-23T19:15:00.000+07:00,"24185.3,24309.8,24183.8,24283.9"
2026-03-23T19:30:00.000+07:00,"24283.8,24359,24239.1,24354.4"
2026-03-23T19:45:00.000+07:00,"24354,24408.6,24313.1,24397.7"
2026-03-23T20:00:00.000+07:00,"24397.5,24430.7,24326.7,24338.9"
2026-03-23T20:15:00.000+07:00,"24338.5,24358,24273.8,24281.1"
2026-03-23T20:30:00.000+07:00,"24280.8,24354.6,24219.1,24283.5"
2026-03-23T20:45:00.000+07:00,"24284.1,24394.9,24274.5,24387.8"
2026-03-23T21:00:00.000+07:00,"24387.9,24410.3,24315.3,24392.1"
2026-03-23T21:15:00.000+07:00,"24391.9,24474.9,24389.8,24423.6"
2026-03-23T21:30:00.000+07:00,"24424.1,24442.1,24383.4,24388.6"
2026-03-23T21:45:00.000+07:00,"24389.9,24435.1,24366.1,24397.3"
2026-03-23T22:00:00.000+07:00,"24397.6,24475.9,24388.6,24449.9"
2026-03-23T22:15:00.000+07:00,"24450.1,24456.6,24385.2,24399.5"
2026-03-23T22:30:00.000+07:00,"24399.4,24418.9,24305.7,24325.2"
2026-03-23T22:45:00.000+07:00,"24325.7,24325.7,24157.9,24168.4"
2026-03-23T23:00:00.000+07:00,"24168.8,24252.2,24165.6,24235.7"
2026-03-23T23:15:00.000+07:00,"24235.9,24243.2,24091.3,24101.4"
2026-03-23T23:30:00.000+07:00,"24102.8,24188,24096.2,24178.1"
2026-03-23T23:45:00.000+07:00,"24177.4,24209.1,24131.4,24151.4"
2026-03-24T00:00:00.000+07:00,"24152.7,24175.5,24126.2,24140.3"
2026-03-24T00:15:00.000+07:00,"24140.2,24156.1,24097.1,24143.9"
2026-03-24T00:30:00.000+07:00,"24143.6,24255.8,24139.1,24199.1"
2026-03-24T00:45:00.000+07:00,"24199.3,24258.1,24174.6,24252.8"
2026-03-24T01:00:00.000+07:00,"24251.9,24270.8,24201.8,24240.1"
2026-03-24T01:15:00.000+07:00,"24240.4,24252,24216.5,24229.7"
2026-03-24T01:30:00.000+07:00,"24230.2,24320.9,24230,24288.3"
2026-03-24T01:45:00.000+07:00,"24288.2,24309,24280.4,24296.6"
2026-03-24T02:00:00.000+07:00,"24296.3,24300.4,24274.8,24277.6"
2026-03-24T02:15:00.000+07:00,"24277.1,24285.4,24242.1,24258.2"
2026-03-24T02:30:00.000+07:00,"24258.8,24279.8,24250.4,24279"
2026-03-24T02:45:00.000+07:00,"24279.6,24297.9,24181.1,24181.1"
2026-03-24T03:00:00.000+07:00,"24181,24198.5,24141.5,24194.2"
2026-03-24T03:15:00.000+07:00,"24194.3,24206.7,24180.9,24194.2"
2026-03-24T03:30:00.000+07:00,"24194.3,24216,24182.1,24206.6"
2026-03-24T03:45:00.000+07:00,"24206.7,24208.6,24174,24182.8"
2026-03-24T04:00:00.000+07:00,"24184.7,24198.2,24182.4,24192.9"
2026-03-24T04:15:00.000+07:00,"24192.8,24196,24192.2,24194.7"
2026-03-24T04:30:00.000+07:00,"24194.9,24200.2,24194.6,24198.4"
2026-03-24T04:45:00.000+07:00,"24198.8,24200.1,24196,24199.5"
2026-03-24T05:00:00.000+07:00,"24200.9,24215.5,24160,24207.3"
2026-03-24T05:15:00.000+07:00,"24207.2,24224.1,24198.8,24216.6"
2026-03-24T05:30:00.000+07:00,"24216.5,24231.8,24198.4,24228.6"
2026-03-24T05:45:00.000+07:00,"24228.7,24274.4,24224.5,24266.5"
2026-03-24T06:00:00.000+07:00,"24266.4,24267.2,24245.1,24256.3"
2026-03-24T06:15:00.000+07:00,"24256.1,24262.2,24248.1,24251.8"
2026-03-24T06:30:00.000+07:00,"24251,24258.8,24236.8,24257.1"
2026-03-24T06:45:00.000+07:00,"24257,24258.3,24213.1,24242.5"
2026-03-24T07:00:00.000+07:00,"24242.2,24242.6,24154.8,24155.6"
2026-03-24T07:15:00.000+07:00,"24155.4,24184.6,24086.4,24173.8"
2026-03-24T07:30:00.000+07:00,"24173.7,24184.9,24052.8,24104.4"
2026-03-24T07:45:00.000+07:00,"24104.3,24127.8,24097.9,24108.7"
2026-03-24T08:00:00.000+07:00,"24108.6,24113.1,24043.2,24067.1"
2026-03-24T08:15:00.000+07:00,"24067,24102.2,24041.1,24089.1"
2026-03-24T08:30:00.000+07:00,"24088.9,24088.9,24023.9,24029.1"
2026-03-24T08:45:00.000+07:00,"24028.9,24051.4,24017.5,24049.2"
2026-03-24T09:00:00.000+07:00,"24048.9,24053,24007.8,24025.3"
2026-03-24T09:15:00.000+07:00,"24025.4,24079.8,24024,24061.1"
2026-03-24T09:30:00.000+07:00,"24061.4,24069.1,24041.1,24063.8"
2026-03-24T09:45:00.000+07:00,"24064,24076.4,24032.1,24035.7"
2026-03-24T10:00:00.000+07:00,"24035.6,24044,24019.6,24034.7"
2026-03-24T10:15:00.000+07:00,"24034.6,24068.3,24031.9,24058"
2026-03-24T10:30:00.000+07:00,"24057.7,24059.8,24016.9,24047.2"
2026-03-24T10:45:00.000+07:00,"24046.9,24062.7,24037.5,24060.7"
2026-03-24T11:00:00.000+07:00,"24060.6,24089.4,24060.6,24080.8"
2026-03-24T11:15:00.000+07:00,"24080.9,24081.1,24042,24044.8"
2026-03-24T11:30:00.000+07:00,"24044.9,24050.7,24027,24031.3"
2026-03-24T11:45:00.000+07:00,"24031.4,24058.2,24028.9,24043.3"
2026-03-24T12:00:00.000+07:00,"24043.5,24046.9,23988,24017.8"
2026-03-24T12:15:00.000+07:00,"24018.2,24090.7,23978.5,23984.1"
2026-03-24T12:30:00.000+07:00,"23984.2,24052.8,23980,24039.4"
2026-03-24T12:45:00.000+07:00,"24039.2,24053.7,24032.2,24046.4"
2026-03-24T13:00:00.000+07:00,"24046.6,24083.3,24044.1,24078.4"
2026-03-24T13:15:00.000+07:00,"24078.2,24130.4,24072.8,24108.9"
2026-03-24T13:30:00.000+07:00,"24108.6,24148.2,24108.5,24139.3"
2026-03-24T13:45:00.000+07:00,"24140.8,24181.8,24126,24162.3"
2026-03-24T14:00:00.000+07:00,"24162.2,24286.1,24156.2,24267.8"
2026-03-24T14:15:00.000+07:00,"24267.7,24290.7,24239.9,24252.6"
2026-03-24T14:30:00.000+07:00,"24252.3,24259.1,24218.8,24243.3"
2026-03-24T14:45:00.000+07:00,"24243.2,24257.5,24226,24250.7"
2026-03-24T15:00:00.000+07:00,"24252.6,24276.4,24235.4,24258.3"
2026-03-24T15:15:00.000+07:00,"24258.2,24275.6,24176.4,24182.7"
2026-03-24T15:30:00.000+07:00,"24181.7,24209.9,24167.2,24175.3"
2026-03-24T15:45:00.000+07:00,"24175.2,24207.7,24146.3,24162.8"
2026-03-24T16:00:00.000+07:00,"24162.7,24185.6,24089.5,24092.4"
2026-03-24T16:15:00.000+07:00,"24092.3,24152.3,24089.7,24143.5"
2026-03-24T16:30:00.000+07:00,"24143.2,24181.3,24128,24175.2"
2026-03-24T16:45:00.000+07:00,"24175.1,24214.9,24149,24205.2"
2026-03-24T17:00:00.000+07:00,"24205.7,24219.4,24159,24208.2"
2026-03-24T17:15:00.000+07:00,"24208.3,24216.5,24169.4,24173.8"
2026-03-24T17:30:00.000+07:00,"24173.4,24212.6,24153.5,24201.4"
2026-03-24T17:45:00.000+07:00,"24201.9,24212.6,24167.7,24192"
2026-03-24T18:00:00.000+07:00,"24192.2,24207.9,24160.5,24196.4"
2026-03-24T18:15:00.000+07:00,"24196.5,24198.4,24152.4,24170.8"
2026-03-24T18:30:00.000+07:00,"24170.7,24176.8,24151,24154.5"
2026-03-24T18:45:00.000+07:00,"24155,24201.6,24083.1,24167.9"
2026-03-24T19:00:00.000+07:00,"24168,24181.5,24105.9,24129"
2026-03-24T19:15:00.000+07:00,"24128,24160.4,24113.3,24141.1"
2026-03-24T19:30:00.000+07:00,"24141.2,24144.6,24051.5,24057.4"
2026-03-24T19:45:00.000+07:00,"24057.2,24092.5,24049.9,24065.6"
2026-03-24T20:00:00.000+07:00,"24065.8,24080.1,23990.3,24039.7"
2026-03-24T20:15:00.000+07:00,"24039.8,24055.1,24010,24040.9"
2026-03-24T20:30:00.000+07:00,"24041,24102.4,23925.5,23962.1"
2026-03-24T20:45:00.000+07:00,"23962.3,24013,23919.9,24000.6"
2026-03-24T21:00:00.000+07:00,"24000.4,24065.6,23961.9,24007.8"
2026-03-24T21:15:00.000+07:00,"24007.1,24031.6,23966.5,23990.9"
2026-03-24T21:30:00.000+07:00,"23989.7,24036.5,23968.4,24035.5"
2026-03-24T21:45:00.000+07:00,"24035.6,24127.9,23971.6,24027.7"
2026-03-24T22:00:00.000+07:00,"24028.3,24104.9,24025.7,24098.2"
2026-03-24T22:15:00.000+07:00,"24098.9,24172,24094.1,24128.7"
2026-03-24T22:30:00.000+07:00,"24128.1,24151.1,24088.6,24130.5"
2026-03-24T22:45:00.000+07:00,"24129.6,24164.9,24072.8,24082"
2026-03-24T23:00:00.000+07:00,"24082.6,24100.3,24053.7,24077.8"
2026-03-24T23:15:00.000+07:00,"24077.6,24133.3,24075.3,24118.2"
2026-03-24T23:30:00.000+07:00,"24118.4,24125.1,24033.6,24078.8"
2026-03-24T23:45:00.000+07:00,"24079.2,24105.7,24045.9,24069.1"
2026-03-25T00:00:00.000+07:00,"24069.3,24083.3,23958.5,23977.8"
2026-03-25T00:15:00.000+07:00,"23977.7,23996,23956.2,23991.6"
2026-03-25T00:30:00.000+07:00,"23990.1,24017.5,23951.4,23960.1"
2026-03-25T00:45:00.000+07:00,"23959.7,24042.7,23952.7,24034.1"
2026-03-25T01:00:00.000+07:00,"24034.3,24065.2,24013.7,24028.4"
2026-03-25T01:15:00.000+07:00,"24028.5,24064.6,23999,24049.9"
2026-03-25T01:30:00.000+07:00,"24049.6,24137.5,24037.8,24084.4"
2026-03-25T01:45:00.000+07:00,"24084.2,24100.1,24046.6,24064.1"
2026-03-25T02:00:00.000+07:00,"24064.5,24104.2,24063.8,24103.3"
2026-03-25T02:15:00.000+07:00,"24103.8,24107.4,24054.3,24056.2"
2026-03-25T02:30:00.000+07:00,"24055.9,24069.5,24013.1,24031.7"
2026-03-25T02:45:00.000+07:00,"24031.3,24031.3,23978.7,24006.5"
2026-03-25T03:00:00.000+07:00,"24006.4,24027.2,24001.8,24024.9"
2026-03-25T03:15:00.000+07:00,"24024.8,24335.6,24013.4,24211.8"
2026-03-25T03:30:00.000+07:00,"24211.9,24326.2,24183.3,24216.8"
2026-03-25T03:45:00.000+07:00,"24216.9,24236.2,24162.7,24190.6"
2026-03-25T04:00:00.000+07:00,"24189.9,24198.2,24162.7,24185.1"
2026-03-25T04:15:00.000+07:00,"24185.3,24202.7,24185.3,24189.1"
2026-03-25T04:30:00.000+07:00,"24189.3,24197.6,24184,24197.1"
2026-03-25T04:45:00.000+07:00,"24197,24223.8,24195.2,24210.2"
2026-03-25T05:00:00.000+07:00,"24207.5,24246.5,24206.5,24216.5"
2026-03-25T05:15:00.000+07:00,"24216.7,24216.9,24170.1,24188.8"
2026-03-25T05:30:00.000+07:00,"24188.9,24216.8,24188.7,24212.4"
2026-03-25T05:45:00.000+07:00,"24212.6,24221.7,24199.1,24217.8"
2026-03-25T06:00:00.000+07:00,"24217.7,24222.8,24193.4,24207"
2026-03-25T06:15:00.000+07:00,"24207.2,24233.3,24207.2,24220.3"
2026-03-25T06:30:00.000+07:00,"24220.5,24229.6,24202.1,24205.3"
2026-03-25T06:45:00.000+07:00,"24205.2,24212.1,24198.5,24204.8"
2026-03-25T07:00:00.000+07:00,"24204.7,24243.7,24174.8,24233.3"
2026-03-25T07:15:00.000+07:00,"24233.2,24244.4,24205.5,24217.3"
2026-03-25T07:30:00.000+07:00,"24217.4,24283.7,24179.5,24262.8"
2026-03-25T07:45:00.000+07:00,"24263.1,24268.1,24238.5,24240.1"
2026-03-25T08:00:00.000+07:00,"24239.8,24258.2,24225.4,24229.3"
2026-03-25T08:15:00.000+07:00,"24229.4,24250.7,24218.7,24234.5"
2026-03-25T08:30:00.000+07:00,"24234.4,24239.8,24201.2,24210.5"
2026-03-25T08:45:00.000+07:00,"24210.3,24217.6,24183,24188.1"
2026-03-25T09:00:00.000+07:00,"24187.7,24192.3,24142,24146.8"
2026-03-25T09:15:00.000+07:00,"24147,24168.1,24145.2,24162"
2026-03-25T09:30:00.000+07:00,"24161.9,24170,24149.2,24155.3"
2026-03-25T09:45:00.000+07:00,"24155.1,24166.5,24124.2,24129"
2026-03-25T10:00:00.000+07:00,"24128.9,24148.6,24117.5,24123.2"
2026-03-25T10:15:00.000+07:00,"24123.4,24134.6,24110.7,24130.4"
2026-03-25T10:30:00.000+07:00,"24130.5,24158.4,24126.2,24149.5"
2026-03-25T10:45:00.000+07:00,"24149.3,24180.1,24149.3,24172.2"
2026-03-25T11:00:00.000+07:00,"24172.1,24194.6,24166.3,24192"
2026-03-25T11:15:00.000+07:00,"24192.3,24210.7,24183.7,24203.9"
2026-03-25T11:30:00.000+07:00,"24204,24211.4,24195.3,24198.2"
2026-03-25T11:45:00.000+07:00,"24198.1,24212.4,24183.4,24209.7"
2026-03-25T12:00:00.000+07:00,"24209.6,24220,24193.3,24213.7"
2026-03-25T12:15:00.000+07:00,"24213.8,24214,24193.2,24197.9"
2026-03-25T12:30:00.000+07:00,"24198,24216.2,24195.8,24211.9"
2026-03-25T12:45:00.000+07:00,"24211.8,24215,24163.9,24173.4"
2026-03-25T13:00:00.000+07:00,"24173.2,24174.6,24146.9,24155.1"
2026-03-25T13:15:00.000+07:00,"24154.8,24162.1,24132.8,24136.4"
2026-03-25T13:30:00.000+07:00,"24136.3,24149.1,24114.7,24144.3"
2026-03-25T13:45:00.000+07:00,"24146.8,24180.4,24140.5,24168.1"
2026-03-25T14:00:00.000+07:00,"24168,24194,24144.1,24184.9"
2026-03-25T14:15:00.000+07:00,"24185.3,24190.8,24144.9,24156"
2026-03-25T14:30:00.000+07:00,"24155.8,24195.4,24150.9,24185"
2026-03-25T14:45:00.000+07:00,"24184.9,24209.4,24182.1,24198.3"
2026-03-25T15:00:00.000+07:00,"24198.4,24290.4,24198.4,24288.1"
2026-03-25T15:15:00.000+07:00,"24288,24326.3,24284.4,24295.4"
2026-03-25T15:30:00.000+07:00,"24295.6,24315.9,24261.3,24281.8"
2026-03-25T15:45:00.000+07:00,"24282.1,24291.3,24215.8,24231.5"
2026-03-25T16:00:00.000+07:00,"24231.6,24272,24212.6,24266.5"
2026-03-25T16:15:00.000+07:00,"24265.3,24269,24228.7,24240"
2026-03-25T16:30:00.000+07:00,"24240.1,24257.3,24229.9,24232.8"
2026-03-25T16:45:00.000+07:00,"24232.9,24270.6,24203.9,24244.8"
2026-03-25T17:00:00.000+07:00,"24244.9,24278.4,24241.4,24253.1"
2026-03-25T17:15:00.000+07:00,"24253.2,24264.4,24232.1,24233.7"
2026-03-25T17:30:00.000+07:00,"24233.5,24248.8,24218.2,24220.4"
2026-03-25T17:45:00.000+07:00,"24220.3,24253.6,24217.1,24237.7"
2026-03-25T18:00:00.000+07:00,"24238.6,24274.6,24236.5,24264.3"
2026-03-25T18:15:00.000+07:00,"24264.4,24291,24256,24278.5"
2026-03-25T18:30:00.000+07:00,"24278.8,24312.3,24274.8,24302.1"
2026-03-25T18:45:00.000+07:00,"24302,24302.4,24231.6,24285.2"
2026-03-25T19:00:00.000+07:00,"24285.1,24331.1,24285.1,24314.6"
2026-03-25T19:15:00.000+07:00,"24314.8,24317.9,24187.4,24222"
2026-03-25T19:30:00.000+07:00,"24221.6,24246.2,24164.4,24219"
2026-03-25T19:45:00.000+07:00,"24219.4,24266.7,24202.1,24238.5"
2026-03-25T20:00:00.000+07:00,"24239.2,24276.6,24212,24241.4"
2026-03-25T20:15:00.000+07:00,"24241.5,24245.8,24217.1,24221.8"
2026-03-25T20:30:00.000+07:00,"24221.5,24316.2,24217.7,24242.9"
2026-03-25T20:45:00.000+07:00,"24243.2,24258.3,24152.5,24158.7"
2026-03-25T21:00:00.000+07:00,"24158.9,24252.4,24119.4,24249.1"
2026-03-25T21:15:00.000+07:00,"24249,24298.7,24231.3,24269.7"
2026-03-25T21:30:00.000+07:00,"24271.3,24304.2,24249.2,24282.8"
2026-03-25T21:45:00.000+07:00,"24283.3,24310.9,24266.8,24275.2"
2026-03-25T22:00:00.000+07:00,"24272.8,24282.9,24175.1,24176.1"
2026-03-25T22:15:00.000+07:00,"24176.4,24220,24076.7,24218.6"
2026-03-25T22:30:00.000+07:00,"24217.4,24234.6,24133.4,24160"
2026-03-25T22:45:00.000+07:00,"24160.1,24183.2,24137.4,24168.6"
2026-03-25T23:00:00.000+07:00,"24168.5,24176.8,24122.1,24150.2"
2026-03-25T23:15:00.000+07:00,"24150.1,24230.4,24135.1,24204.7"
2026-03-25T23:30:00.000+07:00,"24203.8,24240.2,24185,24227.2"
2026-03-25T23:45:00.000+07:00,"24227.3,24232.3,24186.2,24211.2"
2026-03-26T00:00:00.000+07:00,"24211.3,24231.5,24168.1,24204.6"
2026-03-26T00:15:00.000+07:00,"24204.1,24236.3,24173.5,24221.2"
2026-03-26T00:30:00.000+07:00,"24219.5,24281.7,24199.2,24256.4"
2026-03-26T00:45:00.000+07:00,"24257.4,24257.8,24191.7,24214.9"
2026-03-26T01:00:00.000+07:00,"24214.8,24229.8,24196.7,24219.6"
2026-03-26T01:15:00.000+07:00,"24219.7,24242.2,24201.4,24202.9"
2026-03-26T01:30:00.000+07:00,"24203.8,24212.4,24176.8,24187.5"
2026-03-26T01:45:00.000+07:00,"24186.6,24193.8,24113.4,24144.9"
2026-03-26T02:00:00.000+07:00,"24144.8,24145.7,24102.2,24141.8"
2026-03-26T02:15:00.000+07:00,"24142,24182.3,24138.8,24145.3"
2026-03-26T02:30:00.000+07:00,"24144.8,24150.9,24117,24132.8"
2026-03-26T02:45:00.000+07:00,"24132.6,24180.7,24125.3,24161.5"
2026-03-26T03:00:00.000+07:00,"24161.2,24181.8,24157.2,24162.2"
2026-03-26T03:15:00.000+07:00,"24162.1,24170.8,24141.4,24142"
2026-03-26T03:30:00.000+07:00,"24142.3,24154.7,24140.1,24151.7"
2026-03-26T03:45:00.000+07:00,"24151.8,24162.6,24148,24156.4"
2026-03-26T04:00:00.000+07:00,"24154.7,24156.1,24152.3,24152.3"
2026-03-26T04:15:00.000+07:00,"24152.1,24156.4,24147.4,24156.3"
2026-03-26T04:30:00.000+07:00,"24156.1,24162.4,24155.1,24156.3"
2026-03-26T04:45:00.000+07:00,"24156.1,24156.9,24151.6,24151.7"
2026-03-26T05:00:00.000+07:00,"24162.7,24164.1,24121.6,24130.7"
2026-03-26T05:15:00.000+07:00,"24130.8,24132,24110,24114.5"
2026-03-26T05:30:00.000+07:00,"24114.7,24130.8,24112.8,24129.3"
2026-03-26T05:45:00.000+07:00,"24129.2,24138.3,24104.9,24105.5"
2026-03-26T06:00:00.000+07:00,"24105.4,24122.5,24102.4,24104.5"
2026-03-26T06:15:00.000+07:00,"24103.5,24107.7,24084.3,24103.4"
2026-03-26T06:30:00.000+07:00,"24103.2,24109.1,24086.5,24086.5"
2026-03-26T06:45:00.000+07:00,"24087.4,24124.8,24075.6,24114.4"
2026-03-26T07:00:00.000+07:00,"24114.7,24136.8,24109.7,24136.8"
2026-03-26T07:15:00.000+07:00,"24137,24201.8,24133.9,24183"
2026-03-26T07:30:00.000+07:00,"24182.8,24197.4,24169.3,24169.8"
2026-03-26T07:45:00.000+07:00,"24169.9,24178.8,24135.5,24147.6"
2026-03-26T08:00:00.000+07:00,"24147.8,24174.7,24143.4,24152.9"
2026-03-26T08:15:00.000+07:00,"24152.8,24155.7,24123.6,24139.2"
2026-03-26T08:30:00.000+07:00,"24139.3,24158.1,24130.6,24140.8"
2026-03-26T08:45:00.000+07:00,"24140.9,24157.4,24140.3,24153.1"
2026-03-26T09:00:00.000+07:00,"24152.9,24170.6,24140,24150.9"
2026-03-26T09:15:00.000+07:00,"24151,24156,24108.7,24114.6"
2026-03-26T09:30:00.000+07:00,"24114.8,24122,24041.7,24075.9"
2026-03-26T09:45:00.000+07:00,"24076,24090.7,24069.6,24077.3"
2026-03-26T10:00:00.000+07:00,"24077.2,24107.9,24074.6,24107.4"
2026-03-26T10:15:00.000+07:00,"24107.1,24138.4,24100.2,24129"
2026-03-26T10:30:00.000+07:00,"24128.9,24213.8,24127.2,24191.6"
2026-03-26T10:45:00.000+07:00,"24191.5,24195.4,24166.9,24171.3"
2026-03-26T11:00:00.000+07:00,"24171.7,24177.7,24151.8,24159.8"
2026-03-26T11:15:00.000+07:00,"24159.7,24164.1,24146.2,24152.6"
2026-03-26T11:30:00.000+07:00,"24152.7,24159.6,24143.3,24145.5"
2026-03-26T11:45:00.000+07:00,"24145.6,24148.9,24109.3,24118"
2026-03-26T12:00:00.000+07:00,"24118.1,24133.3,24080.8,24095.7"
2026-03-26T12:15:00.000+07:00,"24095.6,24100.2,24053.7,24070.3"
2026-03-26T12:30:00.000+07:00,"24070.2,24086.6,24061.3,24066.7"
2026-03-26T12:45:00.000+07:00,"24066.6,24069.6,24044.4,24048"
2026-03-26T13:00:00.000+07:00,"24048.3,24059.2,24030.7,24038"
2026-03-26T13:15:00.000+07:00,"24038.4,24079.3,24024.9,24073.6"
2026-03-26T13:30:00.000+07:00,"24073.9,24082.4,24058.7,24071.9"
2026-03-26T13:45:00.000+07:00,"24071.3,24087.9,24060.1,24082.5"
2026-03-26T14:00:00.000+07:00,"24082.1,24090.9,24029.6,24046.1"
2026-03-26T14:15:00.000+07:00,"24046.2,24072,23994.5,24047.5"
2026-03-26T14:30:00.000+07:00,"24047.4,24063,24029,24047.4"
2026-03-26T14:45:00.000+07:00,"24047.5,24066.4,24045.4,24051.2"
2026-03-26T15:00:00.000+07:00,"24051.1,24078.8,23996.9,24000.2"
2026-03-26T15:15:00.000+07:00,"24000.3,24025.4,23980.6,23985.4"
2026-03-26T15:30:00.000+07:00,"23986.9,24010.4,23963.6,23966.9"
2026-03-26T15:45:00.000+07:00,"23967,23995.4,23946.1,23985.5"
2026-03-26T16:00:00.000+07:00,"23985.2,23989.3,23947.4,23963.8"
2026-03-26T16:15:00.000+07:00,"23963,23965.6,23942,23946.4"
2026-03-26T16:30:00.000+07:00,"23946.5,23946.5,23900.6,23933.1"
2026-03-26T16:45:00.000+07:00,"23933.3,23958.8,23920.6,23948"
2026-03-26T17:00:00.000+07:00,"23947.8,23988.8,23925.2,23978.1"
2026-03-26T17:15:00.000+07:00,"23978,23995,23964.4,23987.8"
2026-03-26T17:30:00.000+07:00,"23987.7,23994.2,23941.8,23955"
2026-03-26T17:45:00.000+07:00,"23954.9,23975.5,23950.3,23968.5"
2026-03-26T18:00:00.000+07:00,"23968.4,23981.5,23953.6,23957.9"
2026-03-26T18:15:00.000+07:00,"23957.8,23968.2,23917.8,23937.2"
2026-03-26T18:30:00.000+07:00,"23937.3,23944.5,23910.1,23917.2"
2026-03-26T18:45:00.000+07:00,"23917.1,23927.9,23890.6,23896"
2026-03-26T19:00:00.000+07:00,"23896.6,23936.8,23873.9,23930.2"
2026-03-26T19:15:00.000+07:00,"23931,23940.8,23920.4,23927.5"
2026-03-26T19:30:00.000+07:00,"23926.5,23926.5,23866.8,23884.8"
2026-03-26T19:45:00.000+07:00,"23884.7,23914.2,23884.7,23909.2"
2026-03-26T20:00:00.000+07:00,"23909.1,23937.9,23903.3,23926.6"
2026-03-26T20:15:00.000+07:00,"23926.7,23951.9,23918.5,23949"
2026-03-26T20:30:00.000+07:00,"23949.8,23950,23858.9,23949"
2026-03-26T20:45:00.000+07:00,"23949.2,24024.4,23934.5,24009.4"
2026-03-26T21:00:00.000+07:00,"24008.9,24035.4,23962.8,24007.2"
2026-03-26T21:15:00.000+07:00,"24007,24025,23964.9,23966.6"
2026-03-26T21:30:00.000+07:00,"23967.9,24021,23913.1,23919.9"
2026-03-26T21:45:00.000+07:00,"23919.3,23934.9,23832.2,23898.4"
2026-03-26T22:00:00.000+07:00,"23898.5,23926.3,23879.6,23891.4"
2026-03-26T22:15:00.000+07:00,"23891.6,23898.2,23864.8,23882.3"
2026-03-26T22:30:00.000+07:00,"23882.5,23889.9,23847.9,23878"
2026-03-26T22:45:00.000+07:00,"23878.6,23923.4,23870.3,23891.1"
2026-03-26T23:00:00.000+07:00,"23890,23898.6,23852.9,23879.7"
2026-03-26T23:15:00.000+07:00,"23879.6,23879.6,23799.1,23805.3"
2026-03-26T23:30:00.000+07:00,"23805.4,23813.5,23778.7,23796.7"
2026-03-26T23:45:00.000+07:00,"23796.6,23805.2,23768.9,23795.7"
2026-03-27T00:00:00.000+07:00,"23795.4,23815.6,23762.2,23765.7"
2026-03-27T00:15:00.000+07:00,"23765.3,23781.5,23731.7,23753.7"
2026-03-27T00:30:00.000+07:00,"23754.2,23771.5,23717.8,23721.4"
2026-03-27T00:45:00.000+07:00,"23721.5,23727.8,23650.4,23660.7"
2026-03-27T01:00:00.000+07:00,"23661.1,23700.3,23659.9,23676.6"
2026-03-27T01:15:00.000+07:00,"23677,23687.5,23645.4,23649.8"
2026-03-27T01:30:00.000+07:00,"23650.6,23681,23649.6,23660.8"
2026-03-27T01:45:00.000+07:00,"23660.9,23690.6,23651.2,23683.3"
2026-03-27T02:00:00.000+07:00,"23684.8,23688.3,23625.4,23639.6"
2026-03-27T02:15:00.000+07:00,"23639.4,23660.4,23622.7,23643.2"
2026-03-27T02:30:00.000+07:00,"23643.9,23648.3,23610.1,23615.1"
2026-03-27T02:45:00.000+07:00,"23615.2,23622.6,23577,23590.4"
2026-03-27T03:00:00.000+07:00,"23589.3,23824.5,23562.7,23701.8"
2026-03-27T03:15:00.000+07:00,"23701.6,23725.5,23616.9,23665.5"
2026-03-27T03:30:00.000+07:00,"23665.4,23702.2,23655.1,23679.2"
2026-03-27T03:45:00.000+07:00,"23679.1,23684,23612.9,23620.1"
2026-03-27T04:00:00.000+07:00,"23620.5,23665.1,23620.5,23662.4"
2026-03-27T04:15:00.000+07:00,"23669,23669.3,23643.3,23647.3"
2026-03-27T04:30:00.000+07:00,"23647.7,23661.1,23645.5,23651.9"
2026-03-27T04:45:00.000+07:00,"23650.9,23657.1,23645,23653.1"
2026-03-27T05:00:00.000+07:00,"23625.9,23680.4,23625.9,23678.2"
2026-03-27T05:15:00.000+07:00,"23678.3,23689.9,23645.2,23670.7"
2026-03-27T05:30:00.000+07:00,"23670.5,23695.5,23654.9,23670.2"
2026-03-27T05:45:00.000+07:00,"23670.3,23693.8,23662.3,23676.3"
2026-03-27T06:00:00.000+07:00,"23676.2,23686.4,23659,23663.5"
2026-03-27T06:15:00.000+07:00,"23663.4,23678.3,23647.8,23657.4"
2026-03-27T06:30:00.000+07:00,"23657.2,23690.5,23656.6,23683.3"
2026-03-27T06:45:00.000+07:00,"23683.2,23699.4,23675.3,23683.3"
2026-03-27T07:00:00.000+07:00,"23683.4,23714.4,23682.9,23686"
2026-03-27T07:15:00.000+07:00,"23686.1,23688.9,23628.5,23644.5"
2026-03-27T07:30:00.000+07:00,"23644.4,23655.3,23614.5,23625.2"
2026-03-27T07:45:00.000+07:00,"23625.3,23639.5,23613.1,23625.8"
2026-03-27T08:00:00.000+07:00,"23625.3,23660.5,23613.2,23653.3"
2026-03-27T08:15:00.000+07:00,"23653.4,23672.5,23643.4,23671.7"
2026-03-27T08:30:00.000+07:00,"23671.9,23681.9,23666.8,23671.3"
2026-03-27T08:45:00.000+07:00,"23671.6,23679,23658.3,23679"
2026-03-27T09:00:00.000+07:00,"23679.1,23692.7,23672.1,23672.8"
2026-03-27T09:15:00.000+07:00,"23672.9,23674.6,23651.6,23668.4"
2026-03-27T09:30:00.000+07:00,"23668.3,23688,23664.1,23670.3"
2026-03-27T09:45:00.000+07:00,"23670.6,23680.8,23657.4,23661.2"
2026-03-27T10:00:00.000+07:00,"23661,23674.5,23646,23656.6"
2026-03-27T10:15:00.000+07:00,"23656.7,23659.2,23646.8,23656.2"
2026-03-27T10:30:00.000+07:00,"23656.3,23700.5,23654.6,23690.2"
2026-03-27T10:45:00.000+07:00,"23690,23704.8,23684,23701.7"
2026-03-27T11:00:00.000+07:00,"23701.5,23703.7,23688.6,23693.2"
2026-03-27T11:15:00.000+07:00,"23693.5,23708.7,23693,23699.4"
2026-03-27T11:30:00.000+07:00,"23699.3,23713.2,23696.3,23708.9"
2026-03-27T11:45:00.000+07:00,"23708.8,23728.2,23706.4,23722.4"
2026-03-27T12:00:00.000+07:00,"23722.5,23782,23721.4,23777.7"
2026-03-27T12:15:00.000+07:00,"23777.6,23782.7,23734.4,23748.3"
2026-03-27T12:30:00.000+07:00,"23748.1,23753.7,23732.7,23739.2"
2026-03-27T12:45:00.000+07:00,"23739.1,23750.2,23731.4,23734.8"
2026-03-27T13:00:00.000+07:00,"23734.9,23744.4,23717.8,23740"
2026-03-27T13:15:00.000+07:00,"23740.2,23762.2,23739.8,23752.2"
2026-03-27T13:30:00.000+07:00,"23752.1,23752.1,23723,23729.4"
2026-03-27T13:45:00.000+07:00,"23728.4,23728.7,23702.1,23712.9"
2026-03-27T14:00:00.000+07:00,"23714.2,23714.4,23682.5,23694.7"
2026-03-27T14:15:00.000+07:00,"23694.4,23694.4,23662.9,23667.4"
2026-03-27T14:30:00.000+07:00,"23667.5,23689.5,23660.6,23681.3"
2026-03-27T14:45:00.000+07:00,"23681.2,23700.5,23671,23678.8"
2026-03-27T15:00:00.000+07:00,"23679.1,23701.1,23627,23643.4"
2026-03-27T15:15:00.000+07:00,"23643.6,23653.6,23598.3,23602.5"
2026-03-27T15:30:00.000+07:00,"23602.4,23630.2,23580.8,23602.9"
2026-03-27T15:45:00.000+07:00,"23603,23613.3,23577.4,23585.6"
2026-03-27T16:00:00.000+07:00,"23585.1,23596.5,23516.1,23548.9"
2026-03-27T16:15:00.000+07:00,"23548.8,23605.6,23544.5,23595.8"
2026-03-27T16:30:00.000+07:00,"23595.9,23620.5,23576.8,23591.3"
2026-03-27T16:45:00.000+07:00,"23591.2,23591.5,23538.1,23545.9"
2026-03-27T17:00:00.000+07:00,"23545.5,23574.5,23529.6,23537.7"
2026-03-27T17:15:00.000+07:00,"23537.8,23554.9,23528,23537.8"
2026-03-27T17:30:00.000+07:00,"23538,23549.5,23481.1,23497.7"
2026-03-27T17:45:00.000+07:00,"23497.6,23499.2,23438.6,23456.9"
2026-03-27T18:00:00.000+07:00,"23458.6,23466.4,23414.4,23441.7"
2026-03-27T18:15:00.000+07:00,"23441.8,23463.3,23439.5,23459.3"
2026-03-27T18:30:00.000+07:00,"23459.4,23470.3,23445.6,23465"
2026-03-27T18:45:00.000+07:00,"23464.9,23496.4,23460,23471.4"
2026-03-27T19:00:00.000+07:00,"23471.5,23475.2,23418.3,23437.4"
2026-03-27T19:15:00.000+07:00,"23437.3,23464.4,23432.5,23456.8"
2026-03-27T19:30:00.000+07:00,"23456.2,23462.5,23418.2,23440.5"
2026-03-27T19:45:00.000+07:00,"23440.3,23449.6,23403.2,23421"
2026-03-27T20:00:00.000+07:00,"23421.1,23426.2,23381.8,23395.6"
2026-03-27T20:15:00.000+07:00,"23395.8,23467,23393.5,23462.1"
2026-03-27T20:30:00.000+07:00,"23461.1,23471.1,23343.4,23397.5"
2026-03-27T20:45:00.000+07:00,"23397.4,23453.9,23278.9,23290.1"
2026-03-27T21:00:00.000+07:00,"23290.5,23348.8,23268.9,23329.8"
2026-03-27T21:15:00.000+07:00,"23330.2,23365.9,23282.9,23284"
2026-03-27T21:30:00.000+07:00,"23284.2,23314.3,23254.9,23273.9"
2026-03-27T21:45:00.000+07:00,"23274,23344.1,23247.1,23318"
2026-03-27T22:00:00.000+07:00,"23318.1,23363.5,23305,23305.9"
2026-03-27T22:15:00.000+07:00,"23306.3,23378.1,23269,23367.7"
2026-03-27T22:30:00.000+07:00,"23367.9,23422.1,23333.4,23356.3"
2026-03-27T22:45:00.000+07:00,"23356.8,23391.6,23351.4,23364.3"
2026-03-27T23:00:00.000+07:00,"23363.9,23371.2,23307.2,23331.8"
2026-03-27T23:15:00.000+07:00,"23332.5,23333.9,23289.2,23297.7"
2026-03-27T23:30:00.000+07:00,"23297.4,23305.3,23259.4,23289.4"
2026-03-27T23:45:00.000+07:00,"23289.2,23328.8,23282.7,23288.4"
2026-03-28T00:00:00.000+07:00,"23289.5,23342.2,23260.3,23280.6"
2026-03-28T00:15:00.000+07:00,"23280.9,23282.8,23193.5,23196.1"
2026-03-28T00:30:00.000+07:00,"23195.3,23224,23178,23184.1"
2026-03-28T00:45:00.000+07:00,"23183.8,23197,23160.8,23174.6"
2026-03-28T01:00:00.000+07:00,"23173.8,23179.6,23141.2,23160.2"
2026-03-28T01:15:00.000+07:00,"23160.9,23190.7,23151.6,23176.6"
2026-03-28T01:30:00.000+07:00,"23178,23209.9,23163.9,23181.3"
2026-03-28T01:45:00.000+07:00,"23181.4,23184.4,23143.2,23154.3"
2026-03-28T02:00:00.000+07:00,"23155.3,23167.8,23125.9,23151"
2026-03-28T02:15:00.000+07:00,"23150.8,23176.9,23139.9,23146.3"
2026-03-28T02:30:00.000+07:00,"23147.4,23166.2,23117.7,23129.4"
2026-03-28T02:45:00.000+07:00,"23129.5,23167.2,23086.4,23126.3"
2026-03-28T03:00:00.000+07:00,"23125.5,23147,23090.8,23097.3"
2026-03-28T03:15:00.000+07:00,"23097.1,23102.1,23048.4,23074.7"
2026-03-28T03:30:00.000+07:00,"23074.8,23091.9,23058.7,23076.4"
2026-03-28T03:45:00.000+07:00,"23076.5,23093.7,23065.6,23069.5"
2026-03-30T05:00:00.000+07:00,"23005.9,23034.2,22954,23014.5"
2026-03-30T05:15:00.000+07:00,"23015,23061.2,23003.3,23036.4"
2026-03-30T05:30:00.000+07:00,"23036.5,23057.9,22991.7,22993.2"
2026-03-30T05:45:00.000+07:00,"22993.3,23033.2,22973.4,23026.5"
2026-03-30T06:00:00.000+07:00,"23026.3,23042,22991.3,22997.8"
2026-03-30T06:15:00.000+07:00,"22997.9,23011.1,22977.5,22986.1"
2026-03-30T06:30:00.000+07:00,"22986.4,22988.1,22945.9,22972.4"
2026-03-30T06:45:00.000+07:00,"22972.6,22982.1,22928.1,22946.8"
2026-03-30T07:00:00.000+07:00,"22946.9,22972,22913.1,22957.2"
2026-03-30T07:15:00.000+07:00,"22957.1,23081.6,22936.5,23039.7"
2026-03-30T07:30:00.000+07:00,"23039.5,23058,22965.6,22979.8"
2026-03-30T07:45:00.000+07:00,"22979.7,22991.6,22946.6,22968.7"
2026-03-30T08:00:00.000+07:00,"22968.8,23005.1,22965.5,22980.7"
2026-03-30T08:15:00.000+07:00,"22980.8,22992.7,22955.6,22981.5"
2026-03-30T08:30:00.000+07:00,"22981.6,23025.1,22977.2,23024.1"
2026-03-30T08:45:00.000+07:00,"23024.2,23028.2,23011.3,23019.5"
2026-03-30T09:00:00.000+07:00,"23019.3,23050,23019.3,23047.3"
2026-03-30T09:15:00.000+07:00,"23046.2,23049.1,23013.6,23019"
2026-03-30T09:30:00.000+07:00,"23018.9,23061.8,23015.5,23057"
2026-03-30T09:45:00.000+07:00,"23057.2,23093.5,23053.2,23070.6"
2026-03-30T10:00:00.000+07:00,"23070.7,23114.1,23068.7,23102.6"
2026-03-30T10:15:00.000+07:00,"23102.7,23125.6,23101.3,23111.7"
2026-03-30T10:30:00.000+07:00,"23111.8,23117.5,23099.8,23111.4"
2026-03-30T10:45:00.000+07:00,"23111.3,23119.4,23098.6,23113.5"
2026-03-30T11:00:00.000+07:00,"23113.7,23132,23107.2,23121.5"
2026-03-30T11:15:00.000+07:00,"23121.4,23171.3,23119.5,23156.6"
2026-03-30T11:30:00.000+07:00,"23156.7,23172.9,23141.1,23144.4"
2026-03-30T11:45:00.000+07:00,"23144.5,23148.9,23133,23139"
2026-03-30T12:00:00.000+07:00,"23138.9,23178.3,23138,23155.1"
2026-03-30T12:15:00.000+07:00,"23155.3,23175.3,23154.4,23160"
2026-03-30T12:30:00.000+07:00,"23160.1,23174.5,23146.9,23151.6"
2026-03-30T12:45:00.000+07:00,"23151.4,23176.7,23140.6,23164.8"
2026-03-30T13:00:00.000+07:00,"23165.2,23191.5,23156.5,23170.3"
2026-03-30T13:15:00.000+07:00,"23170.5,23203.3,23170.5,23187"
2026-03-30T13:30:00.000+07:00,"23187.6,23214,23186.8,23208.2"
2026-03-30T13:45:00.000+07:00,"23208.5,23234.9,23199.9,23210.1"
2026-03-30T14:00:00.000+07:00,"23209,23224.7,23183.7,23210"
2026-03-30T14:15:00.000+07:00,"23209.9,23215.9,23182.9,23200.3"
2026-03-30T14:30:00.000+07:00,"23200.4,23216,23178.6,23200.1"
2026-03-30T14:45:00.000+07:00,"23200.2,23232.6,23197.3,23216.1"
2026-03-30T15:00:00.000+07:00,"23215.4,23244.6,23193.4,23238.8"
2026-03-30T15:15:00.000+07:00,"23238.7,23253.8,23225.2,23245.3"
2026-03-30T15:30:00.000+07:00,"23245.1,23264.4,23236.9,23251.4"
2026-03-30T15:45:00.000+07:00,"23251.2,23269.2,23236.8,23262.3"
2026-03-30T16:00:00.000+07:00,"23261.3,23269.4,23237.8,23241.7"
2026-03-30T16:15:00.000+07:00,"23241.6,23258.5,23214.3,23227.8"
2026-03-30T16:30:00.000+07:00,"23227.9,23241.9,23208.2,23217.1"
2026-03-30T16:45:00.000+07:00,"23216.9,23230.7,23209.5,23221.7"
2026-03-30T17:00:00.000+07:00,"23222.5,23235.7,23212.2,23218.1"
2026-03-30T17:15:00.000+07:00,"23218.2,23232.7,23211.9,23224.2"
2026-03-30T17:30:00.000+07:00,"23224.4,23225.2,23193.2,23204.1"
2026-03-30T17:45:00.000+07:00,"23204,23234.8,23201.4,23229.5"
2026-03-30T18:00:00.000+07:00,"23230.8,23258.3,23225.1,23249.1"
2026-03-30T18:15:00.000+07:00,"23249,23388.8,23242.8,23306.8"
2026-03-30T18:30:00.000+07:00,"23306.9,23323.9,23268.5,23284.3"
2026-03-30T18:45:00.000+07:00,"23284.5,23300.4,23267.6,23277"
2026-03-30T19:00:00.000+07:00,"23279.4,23291.5,23255.8,23284.6"
2026-03-30T19:15:00.000+07:00,"23284.7,23328,23277.2,23318.8"
2026-03-30T19:30:00.000+07:00,"23318.7,23343.2,23312.5,23327.1"
2026-03-30T19:45:00.000+07:00,"23326.9,23329.1,23309.3,23324.2"
2026-03-30T20:00:00.000+07:00,"23324.4,23341.6,23300.9,23322.1"
2026-03-30T20:15:00.000+07:00,"23322,23339.7,23315.9,23325.7"
2026-03-30T20:30:00.000+07:00,"23326.5,23356.1,23194,23213.3"
2026-03-30T20:45:00.000+07:00,"23213.2,23223.9,23111.7,23121.5"
2026-03-30T21:00:00.000+07:00,"23120.9,23201.4,23117.4,23185.5"
2026-03-30T21:15:00.000+07:00,"23186,23195.8,23134,23144.7"
2026-03-30T21:30:00.000+07:00,"23144.9,23171.6,23078,23089.6"
2026-03-30T21:45:00.000+07:00,"23089.9,23194,23086.9,23192.9"
2026-03-30T22:00:00.000+07:00,"23193.1,23250.6,23128.6,23133.8"
2026-03-30T22:15:00.000+07:00,"23133.9,23174.9,23099.1,23145"
2026-03-30T22:30:00.000+07:00,"23144.9,23225.9,23128.7,23216.8"
2026-03-30T22:45:00.000+07:00,"23217.1,23248,23182.9,23189.1"
2026-03-30T23:00:00.000+07:00,"23189.2,23194.8,23123.4,23151.2"
2026-03-30T23:15:00.000+07:00,"23151,23151.4,23088.8,23090.5"
2026-03-30T23:30:00.000+07:00,"23090.3,23131.2,23082.9,23115.4"
2026-03-30T23:45:00.000+07:00,"23115.1,23126.1,23091.9,23102.7"
2026-03-31T00:00:00.000+07:00,"23102.6,23121,23059.9,23062.4"
2026-03-31T00:15:00.000+07:00,"23062.6,23070.6,23008.1,23012.9"
2026-03-31T00:30:00.000+07:00,"23012.7,23049.5,22984.5,23044.3"
2026-03-31T00:45:00.000+07:00,"23044.4,23069.5,23009,23027"
2026-03-31T01:00:00.000+07:00,"23026.9,23028.1,22988.5,23008.1"
2026-03-31T01:15:00.000+07:00,"23008.2,23026,22969.3,22970.4"
2026-03-31T01:30:00.000+07:00,"22970.5,23010.5,22968.9,22971.8"
2026-03-31T01:45:00.000+07:00,"22971.7,22985.3,22929.9,22936.3"
2026-03-31T02:00:00.000+07:00,"22936.7,22946,22853.2,22862"
2026-03-31T02:15:00.000+07:00,"22862.1,22880,22840.2,22853.9"
2026-03-31T02:30:00.000+07:00,"22853.8,22905.9,22841.6,22897.7"
2026-03-31T02:45:00.000+07:00,"22897.6,22982.5,22894.7,22954.3"
2026-03-31T03:00:00.000+07:00,"22952.9,22961.8,22907.7,22910.9"
2026-03-31T03:15:00.000+07:00,"22909.4,22921.1,22908.2,22916.7"
2026-03-31T03:30:00.000+07:00,"22916.9,22922.1,22909.4,22921"
2026-03-31T03:45:00.000+07:00,"22921.2,22924.4,22914.6,22922.3"
2026-03-31T04:00:00.000+07:00,"22922.1,22928.7,22920.4,22925"
2026-03-31T04:15:00.000+07:00,"22924.9,22931.2,22923.9,22924.5"
2026-03-31T04:30:00.000+07:00,"22924.4,22931,22920.8,22923.8"
2026-03-31T04:45:00.000+07:00,"22923.9,22923.9,22919.9,22921.7"
2026-03-31T05:00:00.000+07:00,"22932.3,22966,22929.4,22937"
2026-03-31T05:15:00.000+07:00,"22936.9,22950.1,22932.8,22941.8"
2026-03-31T05:30:00.000+07:00,"22941.9,22944.8,22922.8,22926"
2026-03-31T05:45:00.000+07:00,"22926.2,22936.9,22917.1,22920.3"
2026-03-31T06:00:00.000+07:00,"22920,22920,22842.6,22865.9"
2026-03-31T06:15:00.000+07:00,"22865.7,22887.6,22854.5,22875.2"
2026-03-31T06:30:00.000+07:00,"22875.3,22878.2,22854.6,22859.6"
2026-03-31T06:45:00.000+07:00,"22859.5,22865.8,22843.1,22863.7"
2026-03-31T07:00:00.000+07:00,"22864.1,22901.2,22827.4,22841"
2026-03-31T07:15:00.000+07:00,"22841.2,22846.8,22780.2,22832.1"
2026-03-31T07:30:00.000+07:00,"22832.3,22980,22810.6,22977.5"
2026-03-31T07:45:00.000+07:00,"22977.4,23102.6,22971.3,23021"
2026-03-31T08:00:00.000+07:00,"23021.5,23060.6,22979.6,23008.9"
2026-03-31T08:15:00.000+07:00,"23008.7,23144.7,23004.1,23133.2"
2026-03-31T08:30:00.000+07:00,"23133,23216.6,23130.8,23183.3"
2026-03-31T08:45:00.000+07:00,"23183.2,23193.7,23155,23158.5"
2026-03-31T09:00:00.000+07:00,"23158.2,23165.6,23141.2,23155.9"
2026-03-31T09:15:00.000+07:00,"23156.4,23184.4,23152,23166.7"
2026-03-31T09:30:00.000+07:00,"23166.5,23175.2,23143.3,23169.8"
2026-03-31T09:45:00.000+07:00,"23169.1,23222.4,23163.8,23164.8"
2026-03-31T10:00:00.000+07:00,"23164.4,23215.3,23159.2,23200.1"
2026-03-31T10:15:00.000+07:00,"23200,23203.5,23166.6,23169.9"
2026-03-31T10:30:00.000+07:00,"23170,23178.5,23148.8,23150.7"
2026-03-31T10:45:00.000+07:00,"23150.5,23162.9,23131.1,23138.8"
2026-03-31T11:00:00.000+07:00,"23138.9,23151.1,23131.3,23145.6"
2026-03-31T11:15:00.000+07:00,"23145.7,23161,23113.2,23120.1"
2026-03-31T11:30:00.000+07:00,"23120.3,23138.9,23112.7,23124.9"
2026-03-31T11:45:00.000+07:00,"23125,23133.1,23097.1,23103.3"
2026-03-31T12:00:00.000+07:00,"23103.1,23105.2,23066.4,23067.6"
2026-03-31T12:15:00.000+07:00,"23067.5,23122.6,23052.8,23107"
2026-03-31T12:30:00.000+07:00,"23106.5,23135.4,23098,23125.8"
2026-03-31T12:45:00.000+07:00,"23126.1,23156.7,23118.4,23128.1"
2026-03-31T13:00:00.000+07:00,"23128.2,23132.8,23084.7,23095.7"
2026-03-31T13:15:00.000+07:00,"23095.8,23138.5,23089.1,23107.4"
2026-03-31T13:30:00.000+07:00,"23107.1,23122.2,23084.4,23090.7"
2026-03-31T13:45:00.000+07:00,"23090.8,23127.4,23083.7,23111.8"
2026-03-31T14:00:00.000+07:00,"23111.3,23129.3,23067.5,23083.3"
2026-03-31T14:15:00.000+07:00,"23083.4,23100.9,23057,23091.4"
2026-03-31T14:30:00.000+07:00,"23091.9,23160,23091.9,23155.1"
2026-03-31T14:45:00.000+07:00,"23155.2,23189.8,23148.6,23188.5"
2026-03-31T15:00:00.000+07:00,"23185.4,23209.5,23159.1,23164.1"
2026-03-31T15:15:00.000+07:00,"23164.3,23182.5,23141.3,23147.2"
2026-03-31T15:30:00.000+07:00,"23146.1,23155.1,23127.7,23134.1"
2026-03-31T15:45:00.000+07:00,"23134.2,23156.6,23112.2,23130.9"
2026-03-31T16:00:00.000+07:00,"23131.8,23170.3,23126.6,23151.7"
2026-03-31T16:15:00.000+07:00,"23151.6,23170.1,23136.6,23141.3"
2026-03-31T16:30:00.000+07:00,"23141.6,23154.7,23121.7,23136.3"
2026-03-31T16:45:00.000+07:00,"23136.4,23152.6,23111.6,23124.7"
2026-03-31T17:00:00.000+07:00,"23124.5,23151.4,23122.3,23136.7"
2026-03-31T17:15:00.000+07:00,"23136.9,23143.7,23114.1,23132.8"
2026-03-31T17:30:00.000+07:00,"23133,23139.8,23056.2,23066.4"
2026-03-31T17:45:00.000+07:00,"23066.5,23112.7,23057.8,23101.9"
2026-03-31T18:00:00.000+07:00,"23102.2,23216.5,23081.7,23152.5"
2026-03-31T18:15:00.000+07:00,"23152.4,23202.9,23141.6,23167.2"
2026-03-31T18:30:00.000+07:00,"23166.6,23200.5,23144,23198.2"
2026-03-31T18:45:00.000+07:00,"23198.4,23200.5,23156.6,23177.3"
2026-03-31T19:00:00.000+07:00,"23177.6,23246.2,23147.9,23152.2"
2026-03-31T19:15:00.000+07:00,"23151.8,23231.8,23130.2,23219.7"
2026-03-31T19:30:00.000+07:00,"23219.8,23254.8,23209.5,23239.7"
2026-03-31T19:45:00.000+07:00,"23240,23245,23186.9,23188.4"
2026-03-31T20:00:00.000+07:00,"23190.3,23211.6,23175.7,23198.8"
2026-03-31T20:15:00.000+07:00,"23199.1,23223.3,23192.7,23200.6"
2026-03-31T20:30:00.000+07:00,"23200.4,23284.7,23199.2,23233.7"
2026-03-31T20:45:00.000+07:00,"23233.8,23389.6,23233.8,23384.1"
2026-03-31T21:00:00.000+07:00,"23384.2,23396.2,23312.3,23341"
2026-03-31T21:15:00.000+07:00,"23340.8,23393.3,23319.3,23382.5"
2026-03-31T21:30:00.000+07:00,"23383,23403.1,23294.8,23307.9"
2026-03-31T21:45:00.000+07:00,"23308,23320.1,23194.5,23226.3"
2026-03-31T22:00:00.000+07:00,"23227.2,23366.1,23226.8,23360.8"
2026-03-31T22:15:00.000+07:00,"23360.7,23375.2,23299.1,23307.5"
2026-03-31T22:30:00.000+07:00,"23308,23337.6,23276,23299.7"
2026-03-31T22:45:00.000+07:00,"23299.6,23326.6,23258.9,23262.9"
2026-03-31T23:00:00.000+07:00,"23264,23349.6,23254.2,23331.6"
2026-03-31T23:15:00.000+07:00,"23330.3,23383.5,23330.3,23366.1"
2026-03-31T23:30:00.000+07:00,"23365.7,23672.2,23347.4,23595.1"
2026-03-31T23:45:00.000+07:00,"23594.3,23638.1,23513,23588.8"
2026-04-01T00:00:00.000+07:00,"23588.7,23676.4,23576,23644.1"
2026-04-01T00:15:00.000+07:00,"23643.9,23690.8,23609,23620.6"
2026-04-01T00:30:00.000+07:00,"23620.2,23687.4,23577.8,23598.5"
2026-04-01T00:45:00.000+07:00,"23599.1,23636.1,23562.6,23575.5"
2026-04-01T01:00:00.000+07:00,"23576.4,23644.4,23575.5,23631.2"
2026-04-01T01:15:00.000+07:00,"23631.4,23663.9,23609.5,23641.9"
2026-04-01T01:30:00.000+07:00,"23643.2,23681.3,23621.1,23652.8"
2026-04-01T01:45:00.000+07:00,"23652.9,23687.8,23652.6,23672.3"
2026-04-01T02:00:00.000+07:00,"23671.9,23702.6,23650.7,23696.5"
2026-04-01T02:15:00.000+07:00,"23696.3,23726.1,23689.3,23699.3"
2026-04-01T02:30:00.000+07:00,"23700.7,23737.6,23693.8,23725.7"
2026-04-01T02:45:00.000+07:00,"23724.3,23791.7,23699.7,23729.9"
2026-04-01T03:00:00.000+07:00,"23732,23750.4,23684.4,23743.4"
2026-04-01T03:15:00.000+07:00,"23742.1,23761,23736.2,23758.1"
2026-04-01T03:30:00.000+07:00,"23757.9,23762.4,23722.1,23726.7"
2026-04-01T03:45:00.000+07:00,"23726.2,23733.9,23710.5,23721.6"
2026-04-01T04:00:00.000+07:00,"23721.4,23723.8,23719.4,23719.4"
2026-04-01T04:15:00.000+07:00,"23719.5,23722.4,23710.7,23717.5"
2026-04-01T04:30:00.000+07:00,"23716.9,23719.5,23715.1,23718.3"
2026-04-01T04:45:00.000+07:00,"23717.8,23724.9,23715.3,23716.8"
2026-04-01T05:00:00.000+07:00,"23716.5,23787.1,23700.1,23779.3"
2026-04-01T05:15:00.000+07:00,"23779.4,23792,23754.1,23777.6"
2026-04-01T05:30:00.000+07:00,"23777.2,23792.3,23757.3,23780"
2026-04-01T05:45:00.000+07:00,"23780.2,23784.1,23765.2,23777.7"
2026-04-01T06:00:00.000+07:00,"23776,23781.4,23761.3,23773.2"
2026-04-01T06:15:00.000+07:00,"23773.3,23803.7,23766.7,23795.9"
2026-04-01T06:30:00.000+07:00,"23795.3,23838.7,23792.1,23806.6"
2026-04-01T06:45:00.000+07:00,"23806.8,23865.2,23799.6,23855.1"
2026-04-01T07:00:00.000+07:00,"23854.7,23867.1,23838.2,23853.4"
2026-04-01T07:15:00.000+07:00,"23853.5,23855.5,23823.8,23840.3"
2026-04-01T07:30:00.000+07:00,"23840.4,23843.9,23811.9,23838.3"
2026-04-01T07:45:00.000+07:00,"23837.4,23855.1,23829.9,23854.4"
2026-04-01T08:00:00.000+07:00,"23854.5,23861.9,23793.6,23818"
2026-04-01T08:15:00.000+07:00,"23818.2,23833.6,23799.8,23830.2"
2026-04-01T08:30:00.000+07:00,"23830,23832.1,23785.3,23795.6"
2026-04-01T08:45:00.000+07:00,"23795.7,23804.1,23785.4,23796.8"
2026-04-01T09:00:00.000+07:00,"23797,23815.2,23788.7,23794.6"
2026-04-01T09:15:00.000+07:00,"23794.5,23800.6,23784,23788.1"
2026-04-01T09:30:00.000+07:00,"23787.8,23793.7,23774.8,23790.7"
2026-04-01T09:45:00.000+07:00,"23790.8,23801.8,23784,23785.4"
2026-04-01T10:00:00.000+07:00,"23785.6,23807.1,23782.6,23800.6"
2026-04-01T10:15:00.000+07:00,"23800.5,23803.4,23787.9,23793.2"
2026-04-01T10:30:00.000+07:00,"23793,23810.1,23793,23806.1"
2026-04-01T10:45:00.000+07:00,"23805.9,23810.4,23795.5,23801.6"
2026-04-01T11:00:00.000+07:00,"23801.7,23810.6,23798.5,23801.4"
2026-04-01T11:15:00.000+07:00,"23801.5,23826.5,23797.3,23825.6"
2026-04-01T11:30:00.000+07:00,"23826,23831.1,23817.6,23825.6"
2026-04-01T11:45:00.000+07:00,"23825.7,23840.4,23819.4,23831.1"
2026-04-01T12:00:00.000+07:00,"23831.2,23864.2,23825.2,23861"
2026-04-01T12:15:00.000+07:00,"23860.9,23892.6,23854.1,23869.7"
2026-04-01T12:30:00.000+07:00,"23869.9,23883.7,23848.7,23871.6"
2026-04-01T12:45:00.000+07:00,"23871.7,23881.3,23856.8,23858.8"
2026-04-01T13:00:00.000+07:00,"23860,23900.7,23858.4,23897.5"
2026-04-01T13:15:00.000+07:00,"23897.3,23945.6,23893.7,23937.4"
2026-04-01T13:30:00.000+07:00,"23937.3,23987.3,23931.2,23986.7"
2026-04-01T13:45:00.000+07:00,"23986.6,23996.4,23971.7,23986.7"
2026-04-01T14:00:00.000+07:00,"23986.8,24000.7,23959.1,23969.5"
2026-04-01T14:15:00.000+07:00,"23969.4,23970.4,23950.4,23964.9"
2026-04-01T14:30:00.000+07:00,"23964.7,23998.1,23961.8,23987.1"
2026-04-01T14:45:00.000+07:00,"23986.7,23987.7,23893.6,23897.6"
2026-04-01T15:00:00.000+07:00,"23897.7,23914.2,23853.6,23866.2"
2026-04-01T15:15:00.000+07:00,"23866.1,23924.9,23861.7,23899"
2026-04-01T15:30:00.000+07:00,"23898.3,23916.7,23895.2,23909.5"
2026-04-01T15:45:00.000+07:00,"23909.3,23921.7,23845.5,23889.9"
2026-04-01T16:00:00.000+07:00,"23890.5,23902.6,23848.2,23857.1"
2026-04-01T16:15:00.000+07:00,"23857.2,23862.5,23823,23849.2"
2026-04-01T16:30:00.000+07:00,"23849.3,23874.6,23847.4,23867.7"
2026-04-01T16:45:00.000+07:00,"23867.6,23909.3,23866.6,23888"
2026-04-01T17:00:00.000+07:00,"23888.1,23906.7,23868.4,23889.9"
2026-04-01T17:15:00.000+07:00,"23889.8,23906,23875.1,23885.4"
2026-04-01T17:30:00.000+07:00,"23885,23912.7,23882.1,23908.7"
2026-04-01T17:45:00.000+07:00,"23908.9,23958.5,23908,23946.6"
2026-04-01T18:00:00.000+07:00,"23946.7,23977.1,23940.7,23974.2"
2026-04-01T18:15:00.000+07:00,"23973.9,23982.8,23960.1,23968.7"
2026-04-01T18:30:00.000+07:00,"23968.6,24005.7,23964.5,23997.1"
2026-04-01T18:45:00.000+07:00,"23997.2,24023.6,23988.5,24007.8"
2026-04-01T19:00:00.000+07:00,"24008.6,24012.7,23981.6,23986"
2026-04-01T19:15:00.000+07:00,"23985.2,23995,23942.4,23962.5"
2026-04-01T19:30:00.000+07:00,"23962.2,24061.2,23924.5,23996.8"
2026-04-01T19:45:00.000+07:00,"23998,24047.6,23869.1,23881.2"
2026-04-01T20:00:00.000+07:00,"23880.7,23902.5,23854.8,23885.1"
2026-04-01T20:15:00.000+07:00,"23885,23920.3,23873.8,23908.4"
2026-04-01T20:30:00.000+07:00,"23907.9,24013,23863.1,23916.2"
2026-04-01T20:45:00.000+07:00,"23916,23960.1,23879.4,23936.1"
2026-04-01T21:00:00.000+07:00,"23937.2,23993.4,23927,23980.6"
2026-04-01T21:15:00.000+07:00,"23979.5,24024.6,23968.9,24001.8"
2026-04-01T21:30:00.000+07:00,"24003.5,24055.2,23948,24020.7"
2026-04-01T21:45:00.000+07:00,"24021.2,24084.4,23992.3,24075.1"
2026-04-01T22:00:00.000+07:00,"24074.5,24100.8,24066.2,24079.7"
2026-04-01T22:15:00.000+07:00,"24079.4,24097.6,24061.8,24063.1"
2026-04-01T22:30:00.000+07:00,"24063.6,24106,24043.6,24102.5"
2026-04-01T22:45:00.000+07:00,"24102.6,24141.3,24093.5,24128.2"
2026-04-01T23:00:00.000+07:00,"24127.9,24141.8,24112.1,24116.9"
2026-04-01T23:15:00.000+07:00,"24116.7,24145.3,24110.8,24119.1"
2026-04-01T23:30:00.000+07:00,"24119.2,24141.1,24103.7,24138.8"
2026-04-01T23:45:00.000+07:00,"24138.7,24145.8,24127.1,24133.3"
2026-04-02T00:00:00.000+07:00,"24133.2,24162.7,24129.2,24156.3"
2026-04-02T00:15:00.000+07:00,"24156.4,24161.4,24144.6,24146.1"
2026-04-02T00:30:00.000+07:00,"24146.3,24156.3,24119.3,24125.7"
2026-04-02T00:45:00.000+07:00,"24125.8,24131.1,24080.5,24081.9"
2026-04-02T01:00:00.000+07:00,"24081.4,24088,24030.4,24040.9"
2026-04-02T01:15:00.000+07:00,"24041,24041.6,23954.2,23967.5"
2026-04-02T01:30:00.000+07:00,"23967.3,24019.1,23938.3,23993.4"
2026-04-02T01:45:00.000+07:00,"23993.5,24000.2,23961.4,23973.4"
2026-04-02T02:00:00.000+07:00,"23974.3,24017,23968.5,24007.5"
2026-04-02T02:15:00.000+07:00,"24007.8,24062.2,23996.3,24050.5"
2026-04-02T02:30:00.000+07:00,"24050.7,24070.7,24019,24046.2"
2026-04-02T02:45:00.000+07:00,"24046,24059.8,23990.4,24018.8"
2026-04-02T03:00:00.000+07:00,"24018.1,24033.7,23997.5,24022"
2026-04-02T03:15:00.000+07:00,"24021.8,24023.3,23993.9,23998.6"
2026-04-02T03:30:00.000+07:00,"23998.7,24015,23995.9,24007"
2026-04-02T03:45:00.000+07:00,"24006.9,24019.8,24003.1,24004.6"
2026-04-02T04:00:00.000+07:00,"24004.8,24013.8,24003,24007.1"
2026-04-02T04:15:00.000+07:00,"24006.9,24009.8,23998.7,24001"
2026-04-02T04:30:00.000+07:00,"23999.1,24012.2,23998.5,24012.1"
2026-04-02T04:45:00.000+07:00,"24012.2,24014.4,24008.7,24009.6"
2026-04-02T05:00:00.000+07:00,"24008.9,24030.9,23999.3,24011.4"
2026-04-02T05:15:00.000+07:00,"24011.6,24022.5,23995,24018.6"
2026-04-02T05:30:00.000+07:00,"24018.5,24026.7,24007.6,24021.2"
2026-04-02T05:45:00.000+07:00,"24021.1,24021.2,23982.6,23996"
2026-04-02T06:00:00.000+07:00,"23997.4,24026.8,23988.1,24024.1"
2026-04-02T06:15:00.000+07:00,"24024,24026.7,24012.9,24026"
2026-04-02T06:30:00.000+07:00,"24026.2,24026.3,24010.1,24019.7"
2026-04-02T06:45:00.000+07:00,"24020,24025.6,23983.6,24007.5"
2026-04-02T07:00:00.000+07:00,"24007.9,24009,23983.6,23993.6"
2026-04-02T07:15:00.000+07:00,"23993.8,24011.8,23983.7,23990.4"
2026-04-02T07:30:00.000+07:00,"23990.3,24053.7,23979.6,24050.5"
2026-04-02T07:45:00.000+07:00,"24050.6,24071.8,24032.3,24062.7"
2026-04-02T08:00:00.000+07:00,"24062.2,24065.9,23911.4,23967.6"
2026-04-02T08:15:00.000+07:00,"23967.7,23971.7,23788.6,23801.1"
2026-04-02T08:30:00.000+07:00,"23799.9,23805.7,23739.3,23776.1"
2026-04-02T08:45:00.000+07:00,"23775.9,23787.5,23737.6,23768.6"
2026-04-02T09:00:00.000+07:00,"23768.2,23792.2,23686.5,23700.7"
2026-04-02T09:15:00.000+07:00,"23700.4,23729.6,23692,23692.1"
2026-04-02T09:30:00.000+07:00,"23692.3,23710.9,23682.8,23697.5"
2026-04-02T09:45:00.000+07:00,"23697.6,23720.3,23690.3,23710.8"
2026-04-02T10:00:00.000+07:00,"23710.7,23711.1,23677,23697.2"
2026-04-02T10:15:00.000+07:00,"23697.3,23720,23695.9,23706.5"
2026-04-02T10:30:00.000+07:00,"23706.4,23710.8,23654.5,23673"
2026-04-02T10:45:00.000+07:00,"23672.9,23674.4,23640.6,23646.8"
2026-04-02T11:00:00.000+07:00,"23646.9,23663.6,23634.2,23648.7"
2026-04-02T11:15:00.000+07:00,"23648.9,23667.2,23637,23643.7"
2026-04-02T11:30:00.000+07:00,"23643.9,23654.4,23625.3,23639.3"
2026-04-02T11:45:00.000+07:00,"23639.2,23644.7,23620.5,23630.3"
2026-04-02T12:00:00.000+07:00,"23630.4,23651.9,23628.6,23632.6"
2026-04-02T12:15:00.000+07:00,"23632.4,23641.8,23620.4,23641.2"
2026-04-02T12:30:00.000+07:00,"23641.3,23652.4,23602.1,23608.1"
2026-04-02T12:45:00.000+07:00,"23608.2,23611.2,23580.2,23581.8"
2026-04-02T13:00:00.000+07:00,"23582,23616.2,23578.1,23586.1"
2026-04-02T13:15:00.000+07:00,"23586.2,23621.3,23578.8,23615.7"
2026-04-02T13:30:00.000+07:00,"23615.5,23631.7,23608.4,23618.5"
2026-04-02T13:45:00.000+07:00,"23618.3,23644.8,23607.8,23640.8"
2026-04-02T14:00:00.000+07:00,"23640.9,23662.5,23629.5,23645.2"
2026-04-02T14:15:00.000+07:00,"23645.1,23664.8,23620.2,23649.1"
2026-04-02T14:30:00.000+07:00,"23648.9,23677.1,23643.4,23668.1"
2026-04-02T14:45:00.000+07:00,"23668.2,23706.4,23668,23702.9"
2026-04-02T15:00:00.000+07:00,"23703.2,23707.6,23665.2,23669.6"
2026-04-02T15:15:00.000+07:00,"23669.5,23680.8,23648,23662.6"
2026-04-02T15:30:00.000+07:00,"23662.4,23694,23662.3,23672.7"
2026-04-02T15:45:00.000+07:00,"23672.8,23683.4,23656.6,23659.4"
2026-04-02T16:00:00.000+07:00,"23659.7,23673.4,23648.5,23652.7"
2026-04-02T16:15:00.000+07:00,"23652.4,23685.3,23650.7,23674.6"
2026-04-02T16:30:00.000+07:00,"23674.4,23674.8,23645.9,23653"
2026-04-02T16:45:00.000+07:00,"23652.9,23664.4,23645.1,23654.9"
2026-04-02T17:00:00.000+07:00,"23654.7,23666.3,23610.9,23614"
2026-04-02T17:15:00.000+07:00,"23613.3,23621.6,23601.3,23606.4"
2026-04-02T17:30:00.000+07:00,"23606.3,23643.3,23600.1,23632.4"
2026-04-02T17:45:00.000+07:00,"23632.2,23645.4,23621.8,23637.6"
2026-04-02T18:00:00.000+07:00,"23637.5,23647.8,23583.2,23585.4"
2026-04-02T18:15:00.000+07:00,"23585.3,23587,23548.6,23552.8"
2026-04-02T18:30:00.000+07:00,"23552.1,23576.6,23525.7,23535.6"
2026-04-02T18:45:00.000+07:00,"23535.5,23557.2,23507.3,23509.4"
2026-04-02T19:00:00.000+07:00,"23509,23526.5,23491.5,23516.4"
2026-04-02T19:15:00.000+07:00,"23516.6,23559.5,23510.3,23551.6"
2026-04-02T19:30:00.000+07:00,"23551.7,23572.9,23537.3,23566.6"
2026-04-02T19:45:00.000+07:00,"23566.8,23583.6,23547.7,23551.4"
2026-04-02T20:00:00.000+07:00,"23552.3,23577.1,23533.3,23546.8"
2026-04-02T20:15:00.000+07:00,"23546.7,23593.6,23543.3,23586.7"
2026-04-02T20:30:00.000+07:00,"23587.1,23644.1,23503.8,23535.6"
2026-04-02T20:45:00.000+07:00,"23536,23733.1,23521.6,23722.6"
2026-04-02T21:00:00.000+07:00,"23723.2,23789.8,23685.2,23760.8"
2026-04-02T21:15:00.000+07:00,"23760.9,23831.8,23756.7,23771.2"
2026-04-02T21:30:00.000+07:00,"23770.1,24089,23759.7,24028.5"
2026-04-02T21:45:00.000+07:00,"24028.4,24038.3,23910.8,24000"
2026-04-02T22:00:00.000+07:00,"23998.9,24038.1,23930.2,24005"
2026-04-02T22:15:00.000+07:00,"24005.1,24029,23942.9,24003.1"
2026-04-02T22:30:00.000+07:00,"24004.7,24036.4,23963.1,24008.9"
2026-04-02T22:45:00.000+07:00,"24010.9,24011.3,23913.8,23960.3"
2026-04-02T23:00:00.000+07:00,"23959.5,23990.1,23906.3,23936.1"
2026-04-02T23:15:00.000+07:00,"23936.4,23950,23881.9,23911"
2026-04-02T23:30:00.000+07:00,"23911.4,23998.5,23892.9,23967.6"
2026-04-02T23:45:00.000+07:00,"23967.5,23983.9,23943.7,23945.5"
2026-04-03T00:00:00.000+07:00,"23944.6,23991.2,23922.5,23980.5"
2026-04-03T00:15:00.000+07:00,"23980.1,24005.1,23974,23986.6"
2026-04-03T00:30:00.000+07:00,"23986.7,23992.5,23949.5,23962.1"
2026-04-03T00:45:00.000+07:00,"23962.4,23964.6,23889.1,23915.9"
2026-04-03T01:00:00.000+07:00,"23915.8,23970.2,23915.7,23949.7"
2026-04-03T01:15:00.000+07:00,"23949.9,23961.6,23924.3,23932.3"
2026-04-03T01:30:00.000+07:00,"23932.5,23973.2,23925.9,23963.7"
2026-04-03T01:45:00.000+07:00,"23963.8,23989.5,23957.3,23964.3"
2026-04-03T02:00:00.000+07:00,"23963.8,24005.4,23962.3,23986"
2026-04-03T02:15:00.000+07:00,"23985.9,23991.1,23959.7,23971.3"
2026-04-03T02:30:00.000+07:00,"23971.4,23993.6,23962.3,23967.9"
2026-04-03T02:45:00.000+07:00,"23968.4,24052.3,23962.2,24046.6"
2026-04-03T03:00:00.000+07:00,"24048.1,24055.7,24025.6,24037.9"
2026-04-03T03:15:00.000+07:00,"24038.1,24059.2,24028,24052"
2026-04-03T03:30:00.000+07:00,"24051,24055.3,24029.8,24041.1"
2026-04-03T03:45:00.000+07:00,"24041.6,24048.9,24033.3,24042.4"
2026-04-03T04:00:00.000+07:00,"24040.1,24042.2,24038.1,24039.8"
2026-04-03T04:15:00.000+07:00,"24039.9,24039.9,24033.2,24033.2"
2026-04-03T04:30:00.000+07:00,"24033.1,24038.9,24032,24036.1"
2026-04-03T04:45:00.000+07:00,"24035.7,24036.2,24029.7,24031.1"
2026-04-03T05:00:00.000+07:00,"24031.8,24042.8,24020.4,24023.3"
2026-04-03T05:15:00.000+07:00,"24023.4,24043.4,24005.3,24033.1"
2026-04-03T05:30:00.000+07:00,"24033.2,24043.8,24028.2,24031.4"
2026-04-03T05:45:00.000+07:00,"24031.3,24035.1,24026.9,24029.4"
2026-04-03T06:00:00.000+07:00,"24029.3,24030.6,24016.3,24021"
2026-04-03T06:15:00.000+07:00,"24021.1,24038,24019.2,24033.7"
2026-04-03T06:30:00.000+07:00,"24034,24041.4,24031.4,24038.6"
2026-04-03T06:45:00.000+07:00,"24038.7,24040.6,24029.6,24038"
2026-04-03T07:00:00.000+07:00,"24038.2,24081.4,24038.2,24065.2"
2026-04-03T07:15:00.000+07:00,"24065.1,24065.7,24046.3,24062.1"
2026-04-03T07:30:00.000+07:00,"24062,24064.7,24038.8,24044.2"
2026-04-03T07:45:00.000+07:00,"24044,24052.8,24040.4,24050.8"
2026-04-03T08:00:00.000+07:00,"24050.9,24057.8,24033.3,24037.8"
2026-04-03T08:15:00.000+07:00,"24037.7,24048.1,24034.4,24043.8"
2026-04-03T08:30:00.000+07:00,"24044,24046.3,24031.9,24034.4"
2026-04-03T08:45:00.000+07:00,"24034.5,24035.9,24022.6,24024.5"
2026-04-03T09:00:00.000+07:00,"24024.7,24027.4,24017.8,24026.5"
2026-04-03T09:15:00.000+07:00,"24026.7,24031.4,23990,23994.1"
2026-04-03T09:30:00.000+07:00,"23994.9,23998.9,23982.5,23993.1"
2026-04-03T09:45:00.000+07:00,"23994.5,24022.1,23978.2,24006"
2026-04-03T10:00:00.000+07:00,"24006.1,24017.9,24002.9,24006.3"
2026-04-03T10:15:00.000+07:00,"24006.4,24013,23997,23998.5"
2026-04-03T10:30:00.000+07:00,"23998.7,24006.4,23986.5,23990"
2026-04-03T10:45:00.000+07:00,"23989.9,24000.2,23988.8,23993.2"
2026-04-03T11:00:00.000+07:00,"23993.1,24004.2,23989.7,24000.8"
2026-04-03T11:15:00.000+07:00,"24000.9,24009.9,23999,24004"
2026-04-03T11:30:00.000+07:00,"24004.1,24006.4,23982.2,23986.4"
2026-04-03T11:45:00.000+07:00,"23986.3,24002.3,23985.9,23992.9"
2026-04-03T12:00:00.000+07:00,"23992.8,24014.5,23988.6,24006.5"
2026-04-03T12:15:00.000+07:00,"24006.7,24007.2,23985.4,23996.3"
2026-04-03T12:30:00.000+07:00,"23996.4,24017,23996.4,24013.3"
2026-04-03T12:45:00.000+07:00,"24013.2,24018.7,24003.1,24008.1"
2026-04-03T13:00:00.000+07:00,"24007.9,24010.6,24002.7,24005.3"
2026-04-03T13:15:00.000+07:00,"24005.4,24008.8,23993.7,23998.5"
2026-04-03T13:30:00.000+07:00,"23998.4,23999,23972.3,23979.1"
2026-04-03T13:45:00.000+07:00,"23979,23990,23964.8,23979.6"
2026-04-03T14:00:00.000+07:00,"23979.5,23981.1,23945.6,23954"
2026-04-03T14:15:00.000+07:00,"23954.2,23975.8,23953.4,23974.7"
2026-04-03T14:30:00.000+07:00,"23974.5,23988.9,23974.4,23985"
2026-04-03T14:45:00.000+07:00,"23984.9,23986,23975.5,23981.1"
2026-04-03T15:00:00.000+07:00,"23981.2,23993.3,23978.8,23984.1"
2026-04-03T15:15:00.000+07:00,"23984.2,23987.5,23968.5,23973"
2026-04-03T15:30:00.000+07:00,"23972.9,23983.7,23969.5,23977.6"
2026-04-03T15:45:00.000+07:00,"23977.7,23983.5,23972.3,23975.6"
2026-04-03T16:00:00.000+07:00,"23975.7,23979.2,23961.4,23963.2"
2026-04-03T16:15:00.000+07:00,"23963.3,23976.8,23958.7,23970.2"
2026-04-03T16:30:00.000+07:00,"23970.3,23974.3,23967.1,23969"
2026-04-03T16:45:00.000+07:00,"23968.9,23972.2,23964.1,23966.6"
2026-04-03T17:00:00.000+07:00,"23966.7,23971.1,23954.1,23961.3"
2026-04-03T17:15:00.000+07:00,"23961.2,23969.8,23957.3,23960.9"
2026-04-03T17:30:00.000+07:00,"23961,23967.8,23955.1,23964"
2026-04-03T17:45:00.000+07:00,"23963.9,23971,23962.5,23965.7"
2026-04-03T18:00:00.000+07:00,"23965.2,23967.7,23939.2,23958"
2026-04-03T18:15:00.000+07:00,"23958.2,23979,23953.4,23977.6"
2026-04-03T18:30:00.000+07:00,"23977.7,23985.3,23972.2,23974.3"
2026-04-03T18:45:00.000+07:00,"23974.2,23982.3,23972.1,23977.7"
2026-04-03T19:00:00.000+07:00,"23977.5,24005.7,23975.6,23987.7"
2026-04-03T19:15:00.000+07:00,"23987.6,23997.9,23955.5,23991.7"
2026-04-03T19:30:00.000+07:00,"23990.4,24079,23954.6,23989.7"
2026-04-03T19:45:00.000+07:00,"23989.5,23995.6,23937.8,23944.4"
2026-04-03T20:00:00.000+07:00,"23944.5,23963.7,23931.9,23957.5"
2026-04-03T20:15:00.000+07:00,"23957.6,23960.5,23956,23960.5"
2026-04-06T05:00:00.000+07:00,"23891.8,23900,23809.3,23854.4"
2026-04-06T05:15:00.000+07:00,"23854.2,23899.7,23839.7,23889.8"
2026-04-06T05:30:00.000+07:00,"23889.6,23911.4,23863.8,23887.4"
2026-04-06T05:45:00.000+07:00,"23887.3,23925.7,23873.8,23908.4"
2026-04-06T06:00:00.000+07:00,"23908.6,23920.9,23868.9,23896.8"
2026-04-06T06:15:00.000+07:00,"23896.9,23916.9,23883.9,23897.3"
2026-04-06T06:30:00.000+07:00,"23897.4,23913.1,23897.4,23898.9"
2026-04-06T06:45:00.000+07:00,"23899.1,23919.9,23897.2,23919.3"
2026-04-06T07:00:00.000+07:00,"23919.2,24002.9,23915.9,23992.3"
2026-04-06T07:15:00.000+07:00,"23991.9,24032.6,23982.5,24000.6"
2026-04-06T07:30:00.000+07:00,"24000.5,24031.9,23999.7,24027"
2026-04-06T07:45:00.000+07:00,"24026.5,24044.1,24017.4,24036.7"
2026-04-06T08:00:00.000+07:00,"24036.8,24053.3,24036.1,24045.5"
2026-04-06T08:15:00.000+07:00,"24045.6,24068.7,24024.3,24062.2"
2026-04-06T08:30:00.000+07:00,"24062,24063.5,24036.7,24048.8"
2026-04-06T08:45:00.000+07:00,"24048.9,24052.6,24012.4,24021.6"
2026-04-06T09:00:00.000+07:00,"24021.7,24103.1,24016.2,24088.8"
2026-04-06T09:15:00.000+07:00,"24088.7,24154.3,24081.4,24139.9"
2026-04-06T09:30:00.000+07:00,"24140.1,24145.6,24082.3,24091.4"
2026-04-06T09:45:00.000+07:00,"24091.3,24098.2,24050.6,24051.6"
2026-04-06T10:00:00.000+07:00,"24050.8,24059.1,24022.1,24024.8"
2026-04-06T10:15:00.000+07:00,"24024.9,24038.7,23961.2,24014.8"
2026-04-06T10:30:00.000+07:00,"24014.7,24027.2,24004,24024"
2026-04-06T10:45:00.000+07:00,"24024.2,24045.1,24020.4,24039.9"
2026-04-06T11:00:00.000+07:00,"24040,24066.2,24035.9,24054.9"
2026-04-06T11:15:00.000+07:00,"24055.1,24063.2,24047.6,24056.5"
2026-04-06T11:30:00.000+07:00,"24056.3,24086.1,24051.2,24081.7"
2026-04-06T11:45:00.000+07:00,"24081.6,24090.5,24071.8,24080.7"
2026-04-06T12:00:00.000+07:00,"24081.1,24097.4,24078.9,24089.7"
2026-04-06T12:15:00.000+07:00,"24089.8,24095.2,24079.4,24079.4"
2026-04-06T12:30:00.000+07:00,"24079.9,24083.3,24051.3,24056.1"
2026-04-06T12:45:00.000+07:00,"24056.2,24066.2,24042,24060.5"
2026-04-06T13:00:00.000+07:00,"24060.1,24106.4,24047.9,24102.7"
2026-04-06T13:15:00.000+07:00,"24102.5,24103.3,24050.4,24055.7"
2026-04-06T13:30:00.000+07:00,"24055.4,24067,24045.2,24059.9"
2026-04-06T13:45:00.000+07:00,"24059.8,24119.2,24047.6,24085.6"
2026-04-06T14:00:00.000+07:00,"24085.5,24090.1,24036.3,24055.6"
2026-04-06T14:15:00.000+07:00,"24055.7,24083,24054.4,24067.4"
2026-04-06T14:30:00.000+07:00,"24067.3,24112.1,24063.8,24102.9"
2026-04-06T14:45:00.000+07:00,"24103,24154.4,24100,24138.2"
2026-04-06T15:00:00.000+07:00,"24138,24165.9,24137.9,24156.6"
2026-04-06T15:15:00.000+07:00,"24156.5,24189.2,24143.5,24178.1"
2026-04-06T15:30:00.000+07:00,"24178,24221.4,24173.2,24217"
2026-04-06T15:45:00.000+07:00,"24216.9,24219,24192.3,24197.4"
2026-04-06T16:00:00.000+07:00,"24197.5,24225.5,24195.5,24207"
2026-04-06T16:15:00.000+07:00,"24207.1,24224.2,24197.2,24210.7"
2026-04-06T16:30:00.000+07:00,"24210.6,24216.5,24197.5,24201.4"
2026-04-06T16:45:00.000+07:00,"24201.3,24207.1,24160.6,24166"
2026-04-06T17:00:00.000+07:00,"24166.1,24188.6,24154.8,24177.5"
2026-04-06T17:15:00.000+07:00,"24178.6,24181.7,24155.7,24173.3"
2026-04-06T17:30:00.000+07:00,"24173.1,24184.7,24164.3,24173.8"
2026-04-06T17:45:00.000+07:00,"24173.4,24175,24093.5,24143.2"
2026-04-06T18:00:00.000+07:00,"24143.3,24144.7,24111.5,24117.8"
2026-04-06T18:15:00.000+07:00,"24118,24140.7,24110.6,24130.6"
2026-04-06T18:30:00.000+07:00,"24130.7,24143.3,24122,24125"
2026-04-06T18:45:00.000+07:00,"24124.9,24145.9,24122.5,24134"
2026-04-06T19:00:00.000+07:00,"24133.9,24138.9,24123,24132.5"
2026-04-06T19:15:00.000+07:00,"24132.2,24146,24116.2,24138.9"
2026-04-06T19:30:00.000+07:00,"24139,24157.6,24129,24144.6"
2026-04-06T19:45:00.000+07:00,"24144.7,24166.3,24130.6,24135"
2026-04-06T20:00:00.000+07:00,"24135.4,24142.6,24102.6,24135.7"
2026-04-06T20:15:00.000+07:00,"24135.8,24141.5,24085.8,24091.7"
2026-04-06T20:30:00.000+07:00,"24091.6,24200.2,24074.9,24159.8"
2026-04-06T20:45:00.000+07:00,"24159.6,24243.2,24158.5,24241.8"
2026-04-06T21:00:00.000+07:00,"24241.2,24279.2,24100.2,24183.9"
2026-04-06T21:15:00.000+07:00,"24184.2,24220.6,24171.2,24194.7"
2026-04-06T21:30:00.000+07:00,"24193.1,24217.1,24115.3,24146"
2026-04-06T21:45:00.000+07:00,"24146.1,24155,24092.3,24135.4"
2026-04-06T22:00:00.000+07:00,"24135.7,24166.7,24122.2,24142.4"
2026-04-06T22:15:00.000+07:00,"24142.5,24152.9,24097.1,24110.1"
2026-04-06T22:30:00.000+07:00,"24109.8,24128.3,24082.8,24123.6"
2026-04-06T22:45:00.000+07:00,"24123.5,24161.2,24116.1,24152.1"
2026-04-06T23:00:00.000+07:00,"24151.3,24157.2,24113.3,24134.1"
2026-04-06T23:15:00.000+07:00,"24134.3,24153.5,24123.1,24143"
2026-04-06T23:30:00.000+07:00,"24142.9,24176.8,24132.2,24164.3"
2026-04-06T23:45:00.000+07:00,"24163.8,24173.6,24131.1,24137.2"
2026-04-07T00:00:00.000+07:00,"24138.1,24141.4,24035.6,24059.4"
2026-04-07T00:15:00.000+07:00,"24059.1,24143.2,24048.7,24137.2"
2026-04-07T00:30:00.000+07:00,"24137.3,24163.4,24110,24122.5"
2026-04-07T00:45:00.000+07:00,"24123.2,24123.2,24093.3,24095.8"
2026-04-07T01:00:00.000+07:00,"24095.2,24157.1,24076.5,24134.7"
2026-04-07T01:15:00.000+07:00,"24134.8,24192.8,24132.8,24170.7"
2026-04-07T01:30:00.000+07:00,"24169.9,24185.6,24152.2,24163.5"
2026-04-07T01:45:00.000+07:00,"24163.4,24182.6,24160,24178.9"
2026-04-07T02:00:00.000+07:00,"24177.5,24182,24157.1,24172.4"
2026-04-07T02:15:00.000+07:00,"24172.3,24177.8,24159.6,24165.2"
2026-04-07T02:30:00.000+07:00,"24165.5,24177.9,24155.6,24172"
2026-04-07T02:45:00.000+07:00,"24172.3,24204.1,24164.7,24192.1"
2026-04-07T03:00:00.000+07:00,"24191.95,24198.8,24170.8,24174.4"
2026-04-07T03:15:00.000+07:00,"24172.2,24179.3,24162.6,24171.7"
2026-04-07T03:30:00.000+07:00,"24171.9,24186.1,24171.9,24177.2"
2026-04-07T03:45:00.000+07:00,"24177.5,24179.8,24167.8,24176.6"
2026-04-07T04:00:00.000+07:00,"24176.4,24176.4,24171.1,24171.2"
2026-04-07T04:15:00.000+07:00,"24171.1,24188.8,24170.9,24184.7"
2026-04-07T04:30:00.000+07:00,"24185.3,24188.3,24179.6,24183.6"
2026-04-07T04:45:00.000+07:00,"24183.8,24184.6,24175.5,24177.1"
2026-04-07T05:00:00.000+07:00,"24179.1,24213.4,24169.7,24203.7"
2026-04-07T05:15:00.000+07:00,"24204,24208,24133.2,24153.4"
2026-04-07T05:30:00.000+07:00,"24153.5,24159.7,24134.2,24146.9"
2026-04-07T05:45:00.000+07:00,"24146.8,24158.3,24134.3,24134.7"
2026-04-07T06:00:00.000+07:00,"24134.8,24163.1,24133.4,24160.8"
2026-04-07T06:15:00.000+07:00,"24160.7,24163,24140.8,24144.2"
2026-04-07T06:30:00.000+07:00,"24144,24153.3,24141.7,24145.8"
2026-04-07T06:45:00.000+07:00,"24146,24156.2,24130.2,24130.4"
2026-04-07T07:00:00.000+07:00,"24130.2,24153.7,24108.5,24146.6"
2026-04-07T07:15:00.000+07:00,"24146.5,24188.5,24145.6,24162.1"
2026-04-07T07:30:00.000+07:00,"24162,24167.2,24123.7,24134.6"
2026-04-07T07:45:00.000+07:00,"24134.7,24153.6,24129.5,24132.8"
2026-04-07T08:00:00.000+07:00,"24133.3,24142.1,24079.1,24088"
2026-04-07T08:15:00.000+07:00,"24088.2,24115.8,24087.3,24110.6"
2026-04-07T08:30:00.000+07:00,"24110.8,24112.9,24056.3,24060.7"
2026-04-07T08:45:00.000+07:00,"24060.8,24071.2,23999.6,24009.5"
2026-04-07T09:00:00.000+07:00,"24009.8,24019.8,23983.9,24004.6"
2026-04-07T09:15:00.000+07:00,"24004.3,24028.9,23997.1,24024.7"
2026-04-07T09:30:00.000+07:00,"24024.6,24040.6,24022.2,24039.6"
2026-04-07T09:45:00.000+07:00,"24039.5,24052.2,24031.9,24042.2"
2026-04-07T10:00:00.000+07:00,"24042.8,24049.4,24033.3,24044.8"
2026-04-07T10:15:00.000+07:00,"24045,24049.7,24023.4,24046.7"
2026-04-07T10:30:00.000+07:00,"24046.6,24062.3,24044.3,24059"
2026-04-07T10:45:00.000+07:00,"24059.1,24059.9,24048.2,24051.4"
2026-04-07T11:00:00.000+07:00,"24051.3,24061.3,24032.7,24035.5"
2026-04-07T11:15:00.000+07:00,"24035.4,24072.4,24028.9,24056.6"
2026-04-07T11:30:00.000+07:00,"24056.8,24080.4,24056.6,24071.2"
2026-04-07T11:45:00.000+07:00,"24071.3,24094.7,24069,24077.2"
2026-04-07T12:00:00.000+07:00,"24078.2,24088.4,24071.7,24081.3"
2026-04-07T12:15:00.000+07:00,"24081.2,24089.8,24052.8,24056.8"
2026-04-07T12:30:00.000+07:00,"24057,24060.1,24036.9,24039.4"
2026-04-07T12:45:00.000+07:00,"24039.2,24063.9,24035.8,24058.7"
2026-04-07T13:00:00.000+07:00,"24060.5,24070.6,24049.5,24050.5"
2026-04-07T13:15:00.000+07:00,"24050.4,24072.1,24038.9,24068.8"
2026-04-07T13:30:00.000+07:00,"24069.3,24076.2,24050.7,24067.1"
2026-04-07T13:45:00.000+07:00,"24067.2,24074.4,24053.1,24073.8"
2026-04-07T14:00:00.000+07:00,"24073.5,24085.9,24054.2,24073.2"
2026-04-07T14:15:00.000+07:00,"24073.1,24075,24040.2,24050.1"
2026-04-07T14:30:00.000+07:00,"24050,24081,24049.5,24075.8"
2026-04-07T14:45:00.000+07:00,"24075.7,24079.7,24055.2,24077.4"
2026-04-07T15:00:00.000+07:00,"24077.6,24178.8,24077.1,24145.5"
2026-04-07T15:15:00.000+07:00,"24145.7,24199.2,24135.4,24168.6"
2026-04-07T15:30:00.000+07:00,"24168.7,24212.8,24164,24194.7"
2026-04-07T15:45:00.000+07:00,"24194.6,24202.7,24176.7,24191"
2026-04-07T16:00:00.000+07:00,"24190.9,24220.1,24183.4,24205.8"
2026-04-07T16:15:00.000+07:00,"24205.7,24243.9,24198.8,24232.3"
2026-04-07T16:30:00.000+07:00,"24232.2,24251.3,24216.8,24218.2"
2026-04-07T16:45:00.000+07:00,"24217.9,24228.1,24202.6,24216.1"
2026-04-07T17:00:00.000+07:00,"24216.2,24229.6,24127.9,24198.8"
2026-04-07T17:15:00.000+07:00,"24198.2,24223.7,24147.7,24178.8"
2026-04-07T17:30:00.000+07:00,"24178.9,24181.3,24104.1,24120.6"
2026-04-07T17:45:00.000+07:00,"24120.5,24122.2,24016.1,24036.6"
2026-04-07T18:00:00.000+07:00,"24036.7,24065.5,24026.7,24052.6"
2026-04-07T18:15:00.000+07:00,"24052.5,24086.9,24051.8,24055.5"
2026-04-07T18:30:00.000+07:00,"24055.4,24060.1,24008.3,24050.7"
2026-04-07T18:45:00.000+07:00,"24050.5,24052.4,24032.8,24042.5"
2026-04-07T19:00:00.000+07:00,"24043.2,24062.2,23967.2,23997.9"
2026-04-07T19:15:00.000+07:00,"23998.3,24075,23970.8,24073.5"
2026-04-07T19:30:00.000+07:00,"24074.4,24080.4,24024.5,24036.2"
2026-04-07T19:45:00.000+07:00,"24036.3,24111.2,24011.8,24047.6"
2026-04-07T20:00:00.000+07:00,"24047.4,24081.6,24032.5,24062.3"
2026-04-07T20:15:00.000+07:00,"24062.4,24079.1,24044.6,24074.6"
2026-04-07T20:30:00.000+07:00,"24074.4,24134.3,24019.6,24028.5"
2026-04-07T20:45:00.000+07:00,"24028.7,24040.7,23950.8,23954"
2026-04-07T21:00:00.000+07:00,"23953.3,23961.3,23826.9,23869"
2026-04-07T21:15:00.000+07:00,"23868.4,23966.4,23865.1,23942.8"
2026-04-07T21:30:00.000+07:00,"23944.1,23977.8,23895.5,23910"
2026-04-07T21:45:00.000+07:00,"23910.1,23958.9,23842.7,23844.5"
2026-04-07T22:00:00.000+07:00,"23843.5,23853.8,23776,23840.8"
2026-04-07T22:15:00.000+07:00,"23840.9,23919.6,23831.6,23901.2"
2026-04-07T22:30:00.000+07:00,"23901.6,23927.5,23875.9,23888.7"
2026-04-07T22:45:00.000+07:00,"23888.9,23964.7,23885.8,23941"
2026-04-07T23:00:00.000+07:00,"23941.7,24071.7,23938.9,23991.5"
2026-04-07T23:15:00.000+07:00,"23991.6,24061.8,23981.4,24022.5"
2026-04-07T23:30:00.000+07:00,"24023,24045.3,24009.7,24037.6"
2026-04-07T23:45:00.000+07:00,"24037.8,24073.1,24031.4,24034.2"
2026-04-08T00:00:00.000+07:00,"24035.2,24068.9,24023.6,24033.8"
2026-04-08T00:15:00.000+07:00,"24033.9,24045.7,24002.9,24020.5"
2026-04-08T00:30:00.000+07:00,"24019.4,24129.8,24014.9,24062.3"
2026-04-08T00:45:00.000+07:00,"24062.8,24086.8,24048.9,24058.5"
2026-04-08T01:00:00.000+07:00,"24057.7,24070.2,24031.1,24043.3"
2026-04-08T01:15:00.000+07:00,"24043.4,24059.4,24019.6,24026.3"
2026-04-08T01:30:00.000+07:00,"24027.2,24035.9,23986.5,23998.9"
2026-04-08T01:45:00.000+07:00,"23998.8,24003.1,23910.4,23936.8"
2026-04-08T02:00:00.000+07:00,"23936.3,23969.2,23918.1,23966.8"
2026-04-08T02:15:00.000+07:00,"23967,24129.8,23960.1,24050"
2026-04-08T02:30:00.000+07:00,"24049.7,24091.6,24024.8,24072.8"
2026-04-08T02:45:00.000+07:00,"24072.6,24211.6,24055.4,24200"
2026-04-08T03:00:00.000+07:00,"24200.1,24231.3,24176.4,24222.9"
2026-04-08T03:15:00.000+07:00,"24223.7,24245.1,24190.3,24199.1"
2026-04-08T03:30:00.000+07:00,"24198.7,24283.3,24196.4,24247.4"
2026-04-08T03:45:00.000+07:00,"24247.2,24254.7,24219.1,24227.6"
2026-04-08T04:00:00.000+07:00,"24227.4,24237.5,24222.7,24235.2"
2026-04-08T04:15:00.000+07:00,"24235.1,24238.6,24230.8,24234.2"
2026-04-08T04:30:00.000+07:00,"24234.1,24285.2,24233.8,24282.6"
2026-04-08T04:45:00.000+07:00,"24280.9,24299.1,24274.7,24299.1"
2026-04-08T05:00:00.000+07:00,"24347.3,24501.9,24339.4,24444.7"
2026-04-08T05:15:00.000+07:00,"24444.6,24462.1,24423.6,24439.7"
2026-04-08T05:30:00.000+07:00,"24439.8,24675.2,24201,24609.6"
2026-04-08T05:45:00.000+07:00,"24609.3,24756.1,24601.3,24747.5"
2026-04-08T06:00:00.000+07:00,"24747.4,24819.2,24747.4,24796.8"
2026-04-08T06:15:00.000+07:00,"24796.9,24919.8,24795.3,24881.7"
2026-04-08T06:30:00.000+07:00,"24881.6,24889.5,24851.2,24852.7"
2026-04-08T06:45:00.000+07:00,"24854.2,24897.9,24844.6,24883.4"
2026-04-08T07:00:00.000+07:00,"24883.2,24925.6,24861.3,24891.6"
2026-04-08T07:15:00.000+07:00,"24891.7,24899.6,24861.8,24874.1"
2026-04-08T07:30:00.000+07:00,"24874.2,24891.7,24841.1,24878.6"
2026-04-08T07:45:00.000+07:00,"24878.5,24934.3,24875.1,24914.1"
2026-04-08T08:00:00.000+07:00,"24913.6,24940.6,24903.1,24923.1"
2026-04-08T08:15:00.000+07:00,"24923.3,24928,24878,24900.2"
2026-04-08T08:30:00.000+07:00,"24900.3,24931.1,24898.4,24921.3"
2026-04-08T08:45:00.000+07:00,"24921.2,24942.2,24916.6,24926.9"
2026-04-08T09:00:00.000+07:00,"24927.3,24943.5,24926.7,24937.1"
2026-04-08T09:15:00.000+07:00,"24937.2,24941.3,24927.7,24930"
2026-04-08T09:30:00.000+07:00,"24930.2,24944,24924.2,24936.9"
2026-04-08T09:45:00.000+07:00,"24936.7,24944.9,24934.9,24944.9"
2026-04-08T10:00:00.000+07:00,"24944.8,24953.5,24936.9,24939.1"
2026-04-08T10:15:00.000+07:00,"24938.7,24944.7,24920.4,24928.1"
2026-04-08T10:30:00.000+07:00,"24928,24936.5,24924.3,24926.6"
2026-04-08T10:45:00.000+07:00,"24926.5,24938,24922.8,24935"
2026-04-08T11:00:00.000+07:00,"24935.1,24971.3,24935,24967.5"
2026-04-08T11:15:00.000+07:00,"24967.3,24991.6,24965.4,24980.9"
2026-04-08T11:30:00.000+07:00,"24980.8,24985.7,24966.3,24967.3"
2026-04-08T11:45:00.000+07:00,"24967.2,24973.2,24948.5,24954.5"
2026-04-08T12:00:00.000+07:00,"24955.7,24964.9,24946.4,24954.6"
2026-04-08T12:15:00.000+07:00,"24955,24991.5,24953.3,24987.8"
2026-04-08T12:30:00.000+07:00,"24987.7,25002,24967.5,24983.6"
2026-04-08T12:45:00.000+07:00,"24984.1,25023.2,24981.7,25019"
2026-04-08T13:00:00.000+07:00,"25019.4,25031,25003.7,25023.9"
2026-04-08T13:15:00.000+07:00,"25024,25028.9,24990.1,25001.5"
2026-04-08T13:30:00.000+07:00,"25001.8,25015.4,24991.5,25007.1"
2026-04-08T13:45:00.000+07:00,"25007.3,25016.1,24992.9,25000.3"
2026-04-08T14:00:00.000+07:00,"25000.5,25001.9,24970.5,24984.7"
2026-04-08T14:15:00.000+07:00,"24984.8,25018.6,24977.2,24997.4"
2026-04-08T14:30:00.000+07:00,"24997.5,24997.5,24965.6,24975.3"
2026-04-08T14:45:00.000+07:00,"24975.1,24985.6,24963.4,24969.5"
2026-04-08T15:00:00.000+07:00,"24969.6,24986.1,24961.9,24984"
2026-04-08T15:15:00.000+07:00,"24984.3,25004.4,24983,24999.8"
2026-04-08T15:30:00.000+07:00,"24999.9,25018.2,24975.1,24991.1"
2026-04-08T15:45:00.000+07:00,"24991.2,25050.9,24988.8,25042.4"
2026-04-08T16:00:00.000+07:00,"25044.7,25072.9,25033,25065"
2026-04-08T16:15:00.000+07:00,"25064.8,25068.5,25043.3,25043.3"
2026-04-08T16:30:00.000+07:00,"25043.4,25049.8,25012.5,25018.1"
2026-04-08T16:45:00.000+07:00,"25018.3,25048.7,25014.3,25030.4"
2026-04-08T17:00:00.000+07:00,"25029.9,25042.7,25019.4,25023"
2026-04-08T17:15:00.000+07:00,"25023.1,25049.8,25014.7,25047.9"
2026-04-08T17:30:00.000+07:00,"25048.1,25059.6,25034.3,25051.4"
2026-04-08T17:45:00.000+07:00,"25051.6,25055.2,25032,25033.8"
2026-04-08T18:00:00.000+07:00,"25033.1,25040.4,25010.3,25027.7"
2026-04-08T18:15:00.000+07:00,"25027.6,25062.2,25009.7,25053.9"
2026-04-08T18:30:00.000+07:00,"25054,25063.1,25033.2,25041.4"
2026-04-08T18:45:00.000+07:00,"25041.3,25057.4,25033.7,25037"
2026-04-08T19:00:00.000+07:00,"25036.8,25086.1,25036.8,25071.5"
2026-04-08T19:15:00.000+07:00,"25071.4,25074.1,24985,25017.3"
2026-04-08T19:30:00.000+07:00,"25017.1,25034.1,25004.3,25018.3"
2026-04-08T19:45:00.000+07:00,"25018.4,25050,25015.1,25040.9"
2026-04-08T20:00:00.000+07:00,"25040.8,25066.1,25039.1,25056.7"
2026-04-08T20:15:00.000+07:00,"25056.4,25058.7,25016.4,25029.2"
2026-04-08T20:30:00.000+07:00,"25028.35,25077.9,24918.6,24927.8"
2026-04-08T20:45:00.000+07:00,"24927.5,24988.4,24896.5,24910.4"
2026-04-08T21:00:00.000+07:00,"24909.3,24933.1,24871.7,24902.4"
2026-04-08T21:15:00.000+07:00,"24903,24917.7,24874.3,24880.4"
2026-04-08T21:30:00.000+07:00,"24880.3,24891.3,24852.9,24857.1"
2026-04-08T21:45:00.000+07:00,"24857.6,24863.6,24752.8,24816.1"
2026-04-08T22:00:00.000+07:00,"24814.9,24866.1,24802.2,24846.6"
2026-04-08T22:15:00.000+07:00,"24845.9,24860.7,24826.2,24835.5"
2026-04-08T22:30:00.000+07:00,"24834.8,24885.9,24829.6,24881.3"
2026-04-08T22:45:00.000+07:00,"24881.4,24913.4,24881.3,24904.2"
2026-04-08T23:00:00.000+07:00,"24904,24942.5,24903.1,24906.3"
2026-04-08T23:15:00.000+07:00,"24906.4,24923.2,24887.4,24920.1"
2026-04-08T23:30:00.000+07:00,"24920.3,24963.8,24914.5,24957.3"
2026-04-08T23:45:00.000+07:00,"24957.2,24984,24954.4,24968.4"
2026-04-09T00:00:00.000+07:00,"24967.8,24981.6,24945.8,24950.2"
2026-04-09T00:15:00.000+07:00,"24950.5,24956.8,24897.5,24908.4"
2026-04-09T00:30:00.000+07:00,"24907.2,24923,24889.4,24916.7"
2026-04-09T00:45:00.000+07:00,"24916.5,24925.2,24908.5,24918.1"
2026-04-09T01:00:00.000+07:00,"24918.3,24955.2,24903.7,24944.7"
2026-04-09T01:15:00.000+07:00,"24944.9,24956.7,24858.8,24880.1"
2026-04-09T01:30:00.000+07:00,"24879.3,24897.5,24838.5,24842.1"
2026-04-09T01:45:00.000+07:00,"24842.2,24853.8,24774.4,24778.1"
2026-04-09T02:00:00.000+07:00,"24777.5,24836.3,24768.2,24831.6"
2026-04-09T02:15:00.000+07:00,"24831.3,24836.9,24782.9,24786.2"
2026-04-09T02:30:00.000+07:00,"24786.1,24844.3,24783.1,24840.6"
2026-04-09T02:45:00.000+07:00,"24840.4,24910.2,24838,24906.7"
2026-04-09T03:00:00.000+07:00,"24906.2,24922.4,24879.6,24886"
2026-04-09T03:15:00.000+07:00,"24885.7,24903.7,24874.2,24876"
2026-04-09T03:30:00.000+07:00,"24877.2,24879.8,24863.3,24864.9"
2026-04-09T03:45:00.000+07:00,"24864.4,24875.9,24860,24864.8"
2026-04-09T04:00:00.000+07:00,"24865.8,24869.7,24864.7,24865.8"
2026-04-09T04:15:00.000+07:00,"24867.5,24868.9,24862.8,24868.4"
2026-04-09T04:30:00.000+07:00,"24866.7,24873.7,24866,24870.6"
2026-04-09T04:45:00.000+07:00,"24871.9,24874.5,24868.7,24872"
2026-04-09T05:00:00.000+07:00,"24866.9,24893.7,24860.1,24870.2"
2026-04-09T05:15:00.000+07:00,"24870.3,24876.5,24843,24858.3"
2026-04-09T05:30:00.000+07:00,"24858.4,24878.5,24857.7,24860.5"
2026-04-09T05:45:00.000+07:00,"24860.4,24865.6,24855.7,24864"
2026-04-09T06:00:00.000+07:00,"24863.4,24883.5,24854.3,24874.1"
2026-04-09T06:15:00.000+07:00,"24874.2,24881,24861,24862.7"
2026-04-09T06:30:00.000+07:00,"24863.1,24866.7,24855.2,24860.7"
2026-04-09T06:45:00.000+07:00,"24860.8,24867.4,24852.8,24855.5"
2026-04-09T07:00:00.000+07:00,"24855.8,24858.2,24828,24848.7"
2026-04-09T07:15:00.000+07:00,"24848.6,24864.9,24840.6,24841.7"
2026-04-09T07:30:00.000+07:00,"24841.6,24861.9,24838.3,24854.9"
2026-04-09T07:45:00.000+07:00,"24855.2,24857.3,24836.3,24841.9"
2026-04-09T08:00:00.000+07:00,"24841.8,24851.3,24822.4,24828.8"
2026-04-09T08:15:00.000+07:00,"24829,24833.9,24811.1,24818.2"
2026-04-09T08:30:00.000+07:00,"24818,24842.1,24812.4,24834.1"
2026-04-09T08:45:00.000+07:00,"24834,24854.7,24822.9,24851.5"
2026-04-09T09:00:00.000+07:00,"24851.4,24869.2,24850.9,24856.5"
2026-04-09T09:15:00.000+07:00,"24857,24869.8,24853.1,24855.8"
2026-04-09T09:30:00.000+07:00,"24855.7,24867.2,24854.7,24862.5"
2026-04-09T09:45:00.000+07:00,"24862.4,24878.3,24859,24859.1"
2026-04-09T10:00:00.000+07:00,"24859.3,24867.3,24853.9,24857.8"
2026-04-09T10:15:00.000+07:00,"24857.7,24857.8,24844.8,24849.3"
2026-04-09T10:30:00.000+07:00,"24849.1,24864.2,24845.7,24851.7"
2026-04-09T10:45:00.000+07:00,"24851.6,24855,24838.5,24848.5"
2026-04-09T11:00:00.000+07:00,"24848.6,24852.2,24838.2,24847.1"
2026-04-09T11:15:00.000+07:00,"24846.9,24849.3,24837.2,24843.6"
2026-04-09T11:30:00.000+07:00,"24843.7,24848.4,24835.9,24843.9"
2026-04-09T11:45:00.000+07:00,"24844,24852.4,24841.5,24844.1"
2026-04-09T12:00:00.000+07:00,"24844.4,24848.5,24823,24841.3"
2026-04-09T12:15:00.000+07:00,"24841.2,24862.2,24839.5,24860.8"
2026-04-09T12:30:00.000+07:00,"24861,24876.7,24855.3,24869"
2026-04-09T12:45:00.000+07:00,"24868.4,24869,24850.4,24857.5"
2026-04-09T13:00:00.000+07:00,"24857.9,24887.8,24856.6,24863.3"
2026-04-09T13:15:00.000+07:00,"24863.2,24868.8,24854.9,24866"
2026-04-09T13:30:00.000+07:00,"24866.5,24871.6,24856.1,24867.9"
2026-04-09T13:45:00.000+07:00,"24867.7,24869.2,24845.8,24867.3"
2026-04-09T14:00:00.000+07:00,"24867.6,24878.7,24842.8,24850.4"
2026-04-09T14:15:00.000+07:00,"24850.1,24850.8,24825.5,24842.7"
2026-04-09T14:30:00.000+07:00,"24843.4,24847.3,24801,24806.8"
2026-04-09T14:45:00.000+07:00,"24807.1,24816.2,24793.5,24814"
2026-04-09T15:00:00.000+07:00,"24813.9,24821.1,24782.1,24787.4"
2026-04-09T15:15:00.000+07:00,"24787.7,24803.3,24782.8,24791.4"
2026-04-09T15:30:00.000+07:00,"24791.2,24827.3,24791.2,24827.1"
2026-04-09T15:45:00.000+07:00,"24827.2,24833.1,24796.8,24800.9"
2026-04-09T16:00:00.000+07:00,"24800.7,24829.5,24792.6,24828.1"
2026-04-09T16:15:00.000+07:00,"24827.9,24844.2,24824.2,24840.6"
2026-04-09T16:30:00.000+07:00,"24840.5,24843.3,24822.8,24833.8"
2026-04-09T16:45:00.000+07:00,"24833.7,24846.7,24830.2,24845"
2026-04-09T17:00:00.000+07:00,"24845.1,24853.9,24836.8,24840.5"
2026-04-09T17:15:00.000+07:00,"24840.4,24856.9,24832.8,24850.3"
2026-04-09T17:30:00.000+07:00,"24850.2,24854.3,24831.6,24846"
2026-04-09T17:45:00.000+07:00,"24846.2,24854.3,24810,24814.2"
2026-04-09T18:00:00.000+07:00,"24814.9,24828.7,24806.8,24822.4"
2026-04-09T18:15:00.000+07:00,"24822,24823.3,24805.8,24812.7"
2026-04-09T18:30:00.000+07:00,"24812.5,24865,24812,24853.8"
2026-04-09T18:45:00.000+07:00,"24853.7,24867.2,24849.6,24858.9"
2026-04-09T19:00:00.000+07:00,"24860.7,24880.4,24858.3,24863.4"
2026-04-09T19:15:00.000+07:00,"24863.1,24873.5,24856.1,24865.4"
2026-04-09T19:30:00.000+07:00,"24863.8,24890.8,24845.8,24867.2"
2026-04-09T19:45:00.000+07:00,"24867.3,24878.2,24851.4,24858.3"
2026-04-09T20:00:00.000+07:00,"24858.7,24879.3,24854.7,24874.5"
2026-04-09T20:15:00.000+07:00,"24874.3,24911.8,24866.3,24908.9"
2026-04-09T20:30:00.000+07:00,"24909.1,24937.8,24848.7,24929.1"
2026-04-09T20:45:00.000+07:00,"24929,24938.6,24835.3,24863.3"
2026-04-09T21:00:00.000+07:00,"24863.4,24883.7,24828.9,24840.4"
2026-04-09T21:15:00.000+07:00,"24840.3,24840.4,24790.8,24808.6"
2026-04-09T21:30:00.000+07:00,"24808.7,24823.9,24787.1,24813.9"
2026-04-09T21:45:00.000+07:00,"24813.5,24881.3,24810.3,24869.1"
2026-04-09T22:00:00.000+07:00,"24869.8,24907.4,24844.8,24901.3"
2026-04-09T22:15:00.000+07:00,"24900.8,24932.2,24879.6,24884.9"
2026-04-09T22:30:00.000+07:00,"24885.3,24980.9,24876.1,24953.3"
2026-04-09T22:45:00.000+07:00,"24953.4,25023.9,24936.4,25016.3"
2026-04-09T23:00:00.000+07:00,"25016.6,25092,25016.2,25036.1"
2026-04-09T23:15:00.000+07:00,"25035.8,25069,25031.5,25041.8"
2026-04-09T23:30:00.000+07:00,"25042.2,25046.6,24995.8,25008.7"
2026-04-09T23:45:00.000+07:00,"25008.3,25038.3,24988.3,25022.9"
2026-04-10T00:00:00.000+07:00,"25022.1,25066.4,25014.5,25052.9"
2026-04-10T00:15:00.000+07:00,"25053.4,25079,25047.6,25049.8"
2026-04-10T00:30:00.000+07:00,"25049.7,25082.5,25016.4,25060.4"
2026-04-10T00:45:00.000+07:00,"25060.5,25069.9,25045.3,25053.6"
2026-04-10T01:00:00.000+07:00,"25054.1,25058.2,24978.9,25004.7"
2026-04-10T01:15:00.000+07:00,"25005,25019.6,24976.6,24990.1"
2026-04-10T01:30:00.000+07:00,"24990.3,25019,24976.3,24999"
2026-04-10T01:45:00.000+07:00,"24998.9,25018.6,24991.2,25009.3"
2026-04-10T02:00:00.000+07:00,"25009.2,25059.1,25004.5,25049.6"
2026-04-10T02:15:00.000+07:00,"25050.6,25058.3,25033.5,25050.7"
2026-04-10T02:30:00.000+07:00,"25050.9,25083,25049.3,25073.9"
2026-04-10T02:45:00.000+07:00,"25073.1,25096.5,25067.1,25077.3"
2026-04-10T03:00:00.000+07:00,"25078.5,25083.9,25048.7,25064.6"
2026-04-10T03:15:00.000+07:00,"25065.3,25071,25059.5,25068.1"
2026-04-10T03:30:00.000+07:00,"25067.9,25083.5,25067.8,25077.8"
2026-04-10T03:45:00.000+07:00,"25078.3,25082,25063.8,25073.9"
2026-04-10T04:00:00.000+07:00,"25073,25080.7,25052,25052"
2026-04-10T04:15:00.000+07:00,"25048,25066.3,25042.7,25056.1"
2026-04-10T04:30:00.000+07:00,"25056.2,25063.2,25056.1,25061.1"
2026-04-10T04:45:00.000+07:00,"25061.6,25071.3,25059.7,25071"
2026-04-10T05:00:00.000+07:00,"25075.1,25091.3,25062.1,25087.9"
2026-04-10T05:15:00.000+07:00,"25087.7,25089.6,25051.9,25054.5"
2026-04-10T05:30:00.000+07:00,"25054.7,25070.7,25050.4,25062"
2026-04-10T05:45:00.000+07:00,"25061.8,25062.3,25040.1,25042.9"
2026-04-10T06:00:00.000+07:00,"25043.1,25050.9,25029.1,25048.7"
2026-04-10T06:15:00.000+07:00,"25048.5,25050.4,25042.9,25045.4"
2026-04-10T06:30:00.000+07:00,"25045.5,25054.3,25044,25050.7"
2026-04-10T06:45:00.000+07:00,"25050.8,25071.1,25047.7,25060.2"
2026-04-10T07:00:00.000+07:00,"25060.4,25061.7,25041.9,25051.1"
2026-04-10T07:15:00.000+07:00,"25051,25072.4,25043.7,25070.4"
2026-04-10T07:30:00.000+07:00,"25070.3,25088,25067.3,25082.5"
2026-04-10T07:45:00.000+07:00,"25082.4,25110,25076.9,25103.6"
2026-04-10T08:00:00.000+07:00,"25102.8,25104.1,25090.3,25091.2"
2026-04-10T08:15:00.000+07:00,"25090.5,25112.8,25087.7,25110.9"
2026-04-10T08:30:00.000+07:00,"25110,25130.4,25107.9,25124.4"
2026-04-10T08:45:00.000+07:00,"25124.3,25129.4,25116.3,25117.4"
2026-04-10T09:00:00.000+07:00,"25117.8,25122.5,25100.5,25104.4"
2026-04-10T09:15:00.000+07:00,"25104.5,25105.5,25088,25095.7"
2026-04-10T09:30:00.000+07:00,"25095.8,25112.2,25093.2,25107.3"
2026-04-10T09:45:00.000+07:00,"25107.2,25110.4,25103.8,25107.7"
2026-04-10T10:00:00.000+07:00,"25107.8,25119.8,25106.2,25118.9"
2026-04-10T10:15:00.000+07:00,"25118.4,25119.5,25103.8,25104.6"
2026-04-10T10:30:00.000+07:00,"25104.5,25136.4,25104.5,25123.4"
2026-04-10T10:45:00.000+07:00,"25123.2,25128.9,25116.8,25123.7"
2026-04-10T11:00:00.000+07:00,"25123.6,25125.7,25109.7,25110.6"
2026-04-10T11:15:00.000+07:00,"25110.7,25116.3,25106.4,25109.1"
2026-04-10T11:30:00.000+07:00,"25109.3,25112.5,25097.7,25105.4"
2026-04-10T11:45:00.000+07:00,"25104.9,25106.7,25098.6,25102.2"
2026-04-10T12:00:00.000+07:00,"25102.3,25118.4,25102.2,25110.5"
2026-04-10T12:15:00.000+07:00,"25110.8,25115,25102.1,25103"
2026-04-10T12:30:00.000+07:00,"25103.1,25111,25099.9,25100.8"
2026-04-10T12:45:00.000+07:00,"25101,25106.8,25091.6,25096.2"
2026-04-10T13:00:00.000+07:00,"25095.6,25101.6,25081.7,25083.6"
2026-04-10T13:15:00.000+07:00,"25083.5,25083.7,25069.3,25071.7"
2026-04-10T13:30:00.000+07:00,"25071.9,25076.3,25055.8,25063.6"
2026-04-10T13:45:00.000+07:00,"25063.2,25069.9,25053.7,25061.8"
2026-04-10T14:00:00.000+07:00,"25061.7,25078.5,25058.4,25066.7"
2026-04-10T14:15:00.000+07:00,"25066.9,25079.8,25055.4,25079.8"
2026-04-10T14:30:00.000+07:00,"25080.1,25087.8,25064.1,25067.5"
2026-04-10T14:45:00.000+07:00,"25067.4,25085.6,25061.6,25076"
2026-04-10T15:00:00.000+07:00,"25076.6,25077.6,25045.9,25049.4"
2026-04-10T15:15:00.000+07:00,"25050,25065,25035.6,25061.3"
2026-04-10T15:30:00.000+07:00,"25060.2,25069.1,25052.8,25064.6"
2026-04-10T15:45:00.000+07:00,"25064.5,25065.4,25035.4,25041.1"
2026-04-10T16:00:00.000+07:00,"25041.2,25054,25039,25044.9"
2026-04-10T16:15:00.000+07:00,"25044.8,25108.1,25042.6,25070.2"
2026-04-10T16:30:00.000+07:00,"25070,25075.2,25053.6,25069.4"
2026-04-10T16:45:00.000+07:00,"25069.5,25094.9,25067.8,25090.8"
2026-04-10T17:00:00.000+07:00,"25090.7,25102,25072.6,25077.1"
2026-04-10T17:15:00.000+07:00,"25076.9,25115.7,25076,25102.8"
2026-04-10T17:30:00.000+07:00,"25102.9,25106.8,25087.9,25099"
2026-04-10T17:45:00.000+07:00,"25098.5,25116.5,25096.8,25103.8"
2026-04-10T18:00:00.000+07:00,"25103.7,25124.9,25103.3,25114.5"
2026-04-10T18:15:00.000+07:00,"25114.6,25131.4,25112.7,25124.1"
2026-04-10T18:30:00.000+07:00,"25124.2,25133.5,25111.4,25115.4"
2026-04-10T18:45:00.000+07:00,"25115.2,25121.1,25095.6,25102"
2026-04-10T19:00:00.000+07:00,"25102.2,25115.6,25096.1,25115.6"
2026-04-10T19:15:00.000+07:00,"25115.5,25177.2,25105.5,25149.9"
2026-04-10T19:30:00.000+07:00,"25146.9,25201.8,25124.9,25144.6"
2026-04-10T19:45:00.000+07:00,"25144.8,25159.2,25131.4,25137"
2026-04-10T20:00:00.000+07:00,"25137.3,25154.5,25129.2,25150.4"
2026-04-10T20:15:00.000+07:00,"25150.5,25152.4,25127.6,25148.9"
2026-04-10T20:30:00.000+07:00,"25148.45,25201.5,25124.4,25157.4"
2026-04-10T20:45:00.000+07:00,"25157.3,25187.6,25136,25154.2"
2026-04-10T21:00:00.000+07:00,"25154.4,25160.9,25102.3,25156.5"
2026-04-10T21:15:00.000+07:00,"25156.2,25184.1,25146.2,25174.2"
2026-04-10T21:30:00.000+07:00,"25174.5,25206.3,25141.3,25155.4"
2026-04-10T21:45:00.000+07:00,"25156.4,25192.8,25146.4,25186.9"
2026-04-10T22:00:00.000+07:00,"25187.2,25205.9,25163.8,25202.9"
2026-04-10T22:15:00.000+07:00,"25202.6,25228,25178.7,25182.6"
2026-04-10T22:30:00.000+07:00,"25182.7,25192.4,25119.8,25138.1"
2026-04-10T22:45:00.000+07:00,"25137.9,25147.9,25080.7,25099"
2026-04-10T23:00:00.000+07:00,"25098.7,25136.1,25083.8,25127.8"
2026-04-10T23:15:00.000+07:00,"25128,25136.7,25106,25110.6"
2026-04-10T23:30:00.000+07:00,"25110.8,25119.2,25057.6,25063.1"
2026-04-10T23:45:00.000+07:00,"25063.3,25106,25060.8,25099.3"
2026-04-11T00:00:00.000+07:00,"25098.8,25100.8,25061.9,25084.7"
2026-04-11T00:15:00.000+07:00,"25084.9,25094,25063,25069.2"
2026-04-11T00:30:00.000+07:00,"25068.6,25091,25059.6,25088.9"
2026-04-11T00:45:00.000+07:00,"25088.7,25109.3,25083.7,25106.3"
2026-04-11T01:00:00.000+07:00,"25106.2,25108.7,25075.2,25090.8"
2026-04-11T01:15:00.000+07:00,"25090.6,25115.5,25090.6,25101.8"
2026-04-11T01:30:00.000+07:00,"25101.2,25105.8,25074.5,25082.3"
2026-04-11T01:45:00.000+07:00,"25082.2,25098.2,25078.3,25097.1"
2026-04-11T02:00:00.000+07:00,"25097.6,25130.9,25094.9,25129.9"
2026-04-11T02:15:00.000+07:00,"25129.8,25136.3,25119.9,25130.4"
2026-04-11T02:30:00.000+07:00,"25129.8,25129.8,25094.4,25111.9"
2026-04-11T02:45:00.000+07:00,"25112.1,25122.9,25095.3,25117.7"
2026-04-11T03:00:00.000+07:00,"25117.4,25133.3,25107.7,25126.5"
2026-04-11T03:15:00.000+07:00,"25126.7,25141.5,25125.9,25136.3"
2026-04-11T03:30:00.000+07:00,"25136.1,25152.3,25131.9,25150.4"
2026-04-11T03:45:00.000+07:00,"25150.2,25169.1,25140.2,25164.7"
2026-04-13T05:00:00.000+07:00,"24776.7,24854.4,24776.7,24836.7"
2026-04-13T05:15:00.000+07:00,"24836.8,24836.8,24778.8,24789.7"
2026-04-13T05:30:00.000+07:00,"24790.2,24800.1,24763.8,24777.9"
2026-04-13T05:45:00.000+07:00,"24778,24795.3,24773.5,24791.1"
2026-04-13T06:00:00.000+07:00,"24791.3,24791.7,24765.4,24780.9"
2026-04-13T06:15:00.000+07:00,"24780.7,24789.7,24770.2,24780.2"
2026-04-13T06:30:00.000+07:00,"24780.3,24780.7,24763.8,24771.8"
2026-04-13T06:45:00.000+07:00,"24771.5,24820.8,24757.3,24817"
2026-04-13T07:00:00.000+07:00,"24816.4,24842.9,24783.7,24839.3"
2026-04-13T07:15:00.000+07:00,"24839.7,24842.4,24825.8,24830.1"
2026-04-13T07:30:00.000+07:00,"24829.8,24856.7,24821.8,24845.9"
2026-04-13T07:45:00.000+07:00,"24846,24890.4,24844.9,24889.1"
2026-04-13T08:00:00.000+07:00,"24889,24916.8,24886,24906.2"
2026-04-13T08:15:00.000+07:00,"24905.8,24912.3,24894.6,24907.3"
2026-04-13T08:30:00.000+07:00,"24907.5,24921.3,24892.8,24898.5"
2026-04-13T08:45:00.000+07:00,"24898.3,24924.8,24893,24918.7"
2026-04-13T09:00:00.000+07:00,"24919.2,24921.1,24893,24898.6"
2026-04-13T09:15:00.000+07:00,"24898.7,24905.9,24891.7,24894.5"
2026-04-13T09:30:00.000+07:00,"24895,24901.1,24890.2,24898.7"
2026-04-13T09:45:00.000+07:00,"24898.5,24916.3,24896.4,24910.7"
2026-04-13T10:00:00.000+07:00,"24910.9,24919.4,24887.5,24888.4"
2026-04-13T10:15:00.000+07:00,"24888.3,24912.3,24887.4,24906.4"
2026-04-13T10:30:00.000+07:00,"24906.3,24908.2,24891.5,24902.2"
2026-04-13T10:45:00.000+07:00,"24902.3,24902.8,24890.6,24894.5"
2026-04-13T11:00:00.000+07:00,"24894.6,24900.4,24885.7,24898.3"
2026-04-13T11:15:00.000+07:00,"24898.4,24909.9,24894.4,24904.9"
2026-04-13T11:30:00.000+07:00,"24905.1,24910.4,24897.6,24901.1"
2026-04-13T11:45:00.000+07:00,"24901.2,24928.8,24896.9,24916.6"
2026-04-13T12:00:00.000+07:00,"24916.8,24919.5,24900,24901.5"
2026-04-13T12:15:00.000+07:00,"24901.6,24924.1,24894.5,24912.7"
2026-04-13T12:30:00.000+07:00,"24912.6,24914.4,24899.6,24905.9"
2026-04-13T12:45:00.000+07:00,"24905.8,24919.4,24904.3,24913.2"
2026-04-13T13:00:00.000+07:00,"24913.1,24926.3,24913,24921.1"
2026-04-13T13:15:00.000+07:00,"24921,24954.2,24920.9,24942.7"
2026-04-13T13:30:00.000+07:00,"24942.9,24948.6,24930.6,24935.3"
2026-04-13T13:45:00.000+07:00,"24935.7,24948.6,24932.9,24948.3"
2026-04-13T14:00:00.000+07:00,"24948.7,24961.8,24942.6,24947.8"
2026-04-13T14:15:00.000+07:00,"24948,24956.7,24922.3,24944.7"
2026-04-13T14:30:00.000+07:00,"24945.1,24952.3,24933.3,24944.7"
2026-04-13T14:45:00.000+07:00,"24945.1,24945.6,24926.7,24935.3"
2026-04-13T15:00:00.000+07:00,"24934.6,24963.6,24934.6,24945.7"
2026-04-13T15:15:00.000+07:00,"24945.8,24958.2,24938.9,24951.8"
2026-04-13T15:30:00.000+07:00,"24951.7,24957.9,24924.9,24938.5"
2026-04-13T15:45:00.000+07:00,"24938.8,24946.6,24931.6,24933.3"
2026-04-13T16:00:00.000+07:00,"24934,24961.7,24933.5,24944.2"
2026-04-13T16:15:00.000+07:00,"24944.3,24965,24941.9,24957.6"
2026-04-13T16:30:00.000+07:00,"24957.7,24968.3,24949.1,24954.3"
2026-04-13T16:45:00.000+07:00,"24954.2,24956.3,24942.5,24949.6"
2026-04-13T17:00:00.000+07:00,"24950.8,24958.4,24948.2,24955.4"
2026-04-13T17:15:00.000+07:00,"24955.2,24955.4,24943.6,24954.8"
2026-04-13T17:30:00.000+07:00,"24954.9,24961.5,24946.9,24952.4"
2026-04-13T17:45:00.000+07:00,"24952.5,24994.2,24948.6,24991.8"
2026-04-13T18:00:00.000+07:00,"24991.3,25030.1,24989.9,24998.1"
2026-04-13T18:15:00.000+07:00,"24998.2,24998.5,24968.7,24973.5"
2026-04-13T18:30:00.000+07:00,"24973.3,24976.4,24937.4,24958.7"
2026-04-13T18:45:00.000+07:00,"24958.8,24964.9,24918.6,24924.5"
2026-04-13T19:00:00.000+07:00,"24925.7,24953.2,24909.7,24949.7"
2026-04-13T19:15:00.000+07:00,"24949.4,24964,24945.7,24959.5"
2026-04-13T19:30:00.000+07:00,"24960.5,24985.3,24953.9,24981.4"
2026-04-13T19:45:00.000+07:00,"24981.6,25012.6,24981.4,25001.4"
2026-04-13T20:00:00.000+07:00,"25001.6,25015.1,24991.2,25012.1"
2026-04-13T20:15:00.000+07:00,"25012,25052,25000.9,25048.7"
2026-04-13T20:30:00.000+07:00,"25049.4,25071.4,25009.3,25016.7"
2026-04-13T20:45:00.000+07:00,"25016.8,25145,24995.7,25143.4"
2026-04-13T21:00:00.000+07:00,"25142.5,25167.6,25112.6,25117.9"
2026-04-13T21:15:00.000+07:00,"25117.8,25135.4,25083.1,25131.1"
2026-04-13T21:30:00.000+07:00,"25131.8,25154.7,25114.9,25151.8"
2026-04-13T21:45:00.000+07:00,"25151.7,25194.4,25129.5,25187.8"
2026-04-13T22:00:00.000+07:00,"25189.4,25190.7,25143,25168.6"
2026-04-13T22:15:00.000+07:00,"25168.8,25178,25147.6,25149.4"
2026-04-13T22:30:00.000+07:00,"25149.8,25191.5,25136,25157"
2026-04-13T22:45:00.000+07:00,"25156.9,25164,25136.3,25147.4"
2026-04-13T23:00:00.000+07:00,"25147.3,25181.1,25119.8,25151.4"
2026-04-13T23:15:00.000+07:00,"25151.2,25232,25142.6,25220.8"
2026-04-13T23:30:00.000+07:00,"25219.8,25256.7,25182,25215.9"
2026-04-13T23:45:00.000+07:00,"25216.2,25270.6,25209.4,25246.9"
2026-04-14T00:00:00.000+07:00,"25247,25257.6,25232.8,25248"
2026-04-14T00:15:00.000+07:00,"25248.5,25274.4,25246.8,25264.4"
2026-04-14T00:30:00.000+07:00,"25264.1,25273.7,25250.9,25255.8"
2026-04-14T00:45:00.000+07:00,"25255.9,25256.1,25235.5,25240.8"
2026-04-14T01:00:00.000+07:00,"25241.1,25261.1,25241,25252.1"
2026-04-14T01:15:00.000+07:00,"25252.4,25253.5,25231.7,25234.8"
2026-04-14T01:30:00.000+07:00,"25235.7,25261,25234.1,25259.5"
2026-04-14T01:45:00.000+07:00,"25259.3,25288.9,25259.3,25280.2"
2026-04-14T02:00:00.000+07:00,"25280.5,25290.5,25266.5,25272.7"
2026-04-14T02:15:00.000+07:00,"25273.3,25296.5,25270.9,25294"
2026-04-14T02:30:00.000+07:00,"25294.6,25321.3,25287.3,25302.2"
2026-04-14T02:45:00.000+07:00,"25302.1,25385.8,25293.4,25373.2"
2026-04-14T03:00:00.000+07:00,"25373.7,25396.9,25370.8,25392.3"
2026-04-14T03:15:00.000+07:00,"25392.2,25401.1,25385.2,25389.2"
2026-04-14T03:30:00.000+07:00,"25389.7,25414.2,25388.1,25407.8"
2026-04-14T03:45:00.000+07:00,"25408,25425.3,25407.2,25424.6"
2026-04-14T04:00:00.000+07:00,"25424.8,25427.1,25410.4,25410.4"
2026-04-14T04:15:00.000+07:00,"25410.3,25410.5,25406.3,25407.6"
2026-04-14T04:30:00.000+07:00,"25407.2,25417.1,25406.9,25414.8"
2026-04-14T04:45:00.000+07:00,"25416.1,25417.7,25413.1,25415.1"
2026-04-14T05:00:00.000+07:00,"25415.2,25436.2,25406.2,25427.1"
2026-04-14T05:15:00.000+07:00,"25427,25430.4,25420.5,25422.7"
2026-04-14T05:30:00.000+07:00,"25422.8,25437.3,25418.5,25426.4"
2026-04-14T05:45:00.000+07:00,"25426.6,25436.3,25419.9,25435.6"
2026-04-14T06:00:00.000+07:00,"25435.7,25459.9,25427,25448.7"
2026-04-14T06:15:00.000+07:00,"25448.9,25455,25440.7,25442"
2026-04-14T06:30:00.000+07:00,"25442.1,25448.9,25434.7,25446.5"
2026-04-14T06:45:00.000+07:00,"25446.4,25452.7,25423.1,25425.5"
2026-04-14T07:00:00.000+07:00,"25425.6,25426.4,25402.2,25421.4"
2026-04-14T07:15:00.000+07:00,"25421.2,25429.6,25407.9,25416.1"
2026-04-14T07:30:00.000+07:00,"25416,25440.3,25415.5,25433.5"
2026-04-14T07:45:00.000+07:00,"25433.6,25435.9,25422.8,25431.4"
2026-04-14T08:00:00.000+07:00,"25430.8,25432.9,25413.8,25428.5"
2026-04-14T08:15:00.000+07:00,"25428.6,25432.9,25420.8,25425.8"
2026-04-14T08:30:00.000+07:00,"25425.2,25426.6,25414.2,25424.8"
2026-04-14T08:45:00.000+07:00,"25424.7,25429.6,25419.9,25422.4"
2026-04-14T09:00:00.000+07:00,"25422.2,25437.8,25416.2,25435.8"
2026-04-14T09:15:00.000+07:00,"25435.5,25439.4,25424.3,25432.5"
2026-04-14T09:30:00.000+07:00,"25432.4,25436.5,25423.4,25435.2"
2026-04-14T09:45:00.000+07:00,"25433.7,25437.1,25429.2,25435.4"
2026-04-14T10:00:00.000+07:00,"25434.9,25436.7,25420.8,25423"
2026-04-14T10:15:00.000+07:00,"25423.2,25426.1,25416.6,25419.2"
2026-04-14T10:30:00.000+07:00,"25419.1,25423.1,25416,25419.4"
2026-04-14T10:45:00.000+07:00,"25418.5,25427.5,25417.1,25422.8"
2026-04-14T11:00:00.000+07:00,"25423,25427.1,25420.2,25421"
2026-04-14T11:15:00.000+07:00,"25420.9,25433.3,25420.5,25428.9"
2026-04-14T11:30:00.000+07:00,"25429.3,25431.8,25423.6,25426.2"
2026-04-14T11:45:00.000+07:00,"25426.1,25433.8,25426.1,25433"
2026-04-14T12:00:00.000+07:00,"25432.9,25435.7,25429.4,25434"
2026-04-14T12:15:00.000+07:00,"25433.9,25439.9,25425,25433.4"
2026-04-14T12:30:00.000+07:00,"25433.3,25433.5,25411.3,25418"
2026-04-14T12:45:00.000+07:00,"25418.4,25423.8,25413,25414.5"
2026-04-14T13:00:00.000+07:00,"25414.7,25422.2,25406.6,25412.8"
2026-04-14T13:15:00.000+07:00,"25412.9,25417.5,25405.7,25413.9"
2026-04-14T13:30:00.000+07:00,"25414,25433.5,25409.8,25425.6"
2026-04-14T13:45:00.000+07:00,"25425.8,25430.2,25415.8,25426.9"
2026-04-14T14:00:00.000+07:00,"25426.3,25478.3,25422.4,25459.3"
2026-04-14T14:15:00.000+07:00,"25459.6,25472.9,25449.3,25461.9"
2026-04-14T14:30:00.000+07:00,"25461.7,25483.4,25456.1,25458.8"
2026-04-14T14:45:00.000+07:00,"25458.9,25468.1,25447.1,25458.3"
2026-04-14T15:00:00.000+07:00,"25458.1,25476.6,25450.2,25472.8"
2026-04-14T15:15:00.000+07:00,"25472.9,25484.7,25459.8,25483.8"
2026-04-14T15:30:00.000+07:00,"25483.7,25498.3,25476.3,25496.1"
2026-04-14T15:45:00.000+07:00,"25495.9,25506,25492.4,25502.4"
2026-04-14T16:00:00.000+07:00,"25502.9,25514.8,25502.4,25508.3"
2026-04-14T16:15:00.000+07:00,"25508.4,25512.7,25491,25491.2"
2026-04-14T16:30:00.000+07:00,"25491.4,25492.1,25479.3,25481.5"
2026-04-14T16:45:00.000+07:00,"25481.3,25483,25471.2,25478.2"
2026-04-14T17:00:00.000+07:00,"25478.3,25493.2,25467.2,25491.5"
2026-04-14T17:15:00.000+07:00,"25491.2,25497.3,25479.1,25487.7"
2026-04-14T17:30:00.000+07:00,"25487.8,25489.8,25462.2,25464.9"
2026-04-14T17:45:00.000+07:00,"25465,25481.5,25462.4,25466.2"
2026-04-14T18:00:00.000+07:00,"25466.3,25487.6,25460,25478.9"
2026-04-14T18:15:00.000+07:00,"25478.6,25501.8,25478.1,25495.6"
2026-04-14T18:30:00.000+07:00,"25495.9,25502,25489.8,25495.4"
2026-04-14T18:45:00.000+07:00,"25495.7,25535.1,25491.3,25508"
2026-04-14T19:00:00.000+07:00,"25508.4,25534.5,25508.4,25513.5"
2026-04-14T19:15:00.000+07:00,"25513.4,25534.7,25499.2,25533.5"
2026-04-14T19:30:00.000+07:00,"25535.1,25557.5,25505.9,25520.9"
2026-04-14T19:45:00.000+07:00,"25521,25522.3,25499.3,25516.6"
2026-04-14T20:00:00.000+07:00,"25516.5,25517.7,25505.5,25512.5"
2026-04-14T20:15:00.000+07:00,"25512.4,25524,25492.7,25495.5"
2026-04-14T20:30:00.000+07:00,"25495.7,25594.7,25495.65,25589"
2026-04-14T20:45:00.000+07:00,"25589.1,25604.5,25557.2,25562.7"
2026-04-14T21:00:00.000+07:00,"25563.1,25613.5,25549.5,25611.4"
2026-04-14T21:15:00.000+07:00,"25611.5,25644.4,25602.6,25640.9"
2026-04-14T21:30:00.000+07:00,"25641,25653.3,25618.5,25624.8"
2026-04-14T21:45:00.000+07:00,"25624.1,25655,25621.9,25642.5"
2026-04-14T22:00:00.000+07:00,"25644.7,25645.9,25602,25623.6"
2026-04-14T22:15:00.000+07:00,"25623.5,25683.4,25620.8,25670.9"
2026-04-14T22:30:00.000+07:00,"25671.3,25709.7,25670.6,25700.6"
2026-04-14T22:45:00.000+07:00,"25700.7,25738.6,25700.7,25715.2"
2026-04-14T23:00:00.000+07:00,"25714.3,25733,25711.6,25726.9"
2026-04-14T23:15:00.000+07:00,"25727.4,25769,25726.7,25764.2"
2026-04-14T23:30:00.000+07:00,"25763.3,25769.9,25744.3,25761.1"
2026-04-14T23:45:00.000+07:00,"25761.3,25774.4,25743.4,25750.5"
2026-04-15T00:00:00.000+07:00,"25750.3,25764.4,25747.6,25759.3"
2026-04-15T00:15:00.000+07:00,"25759.4,25795.9,25757.7,25778.8"
2026-04-15T00:30:00.000+07:00,"25778.7,25804.2,25777.7,25800.2"
2026-04-15T00:45:00.000+07:00,"25799.9,25804.9,25788.5,25793.8"
2026-04-15T01:00:00.000+07:00,"25793,25800,25769.4,25771.8"
2026-04-15T01:15:00.000+07:00,"25772.1,25774.3,25719.5,25744.1"
2026-04-15T01:30:00.000+07:00,"25743.9,25769.4,25738.5,25743.9"
2026-04-15T01:45:00.000+07:00,"25743.3,25754.3,25736.1,25752.5"
2026-04-15T02:00:00.000+07:00,"25752,25804.4,25749.1,25792.3"
2026-04-15T02:15:00.000+07:00,"25792.5,25824.1,25792.5,25821.4"
2026-04-15T02:30:00.000+07:00,"25821,25829.8,25795,25806.2"
2026-04-15T02:45:00.000+07:00,"25805.9,25834.7,25787.8,25833.3"
2026-04-15T03:00:00.000+07:00,"25832.8,25833.6,25805.8,25824.9"
2026-04-15T03:15:00.000+07:00,"25824.6,25831.8,25821.1,25825.2"
2026-04-15T03:30:00.000+07:00,"25825.1,25830.1,25815.4,25829.5"
2026-04-15T03:45:00.000+07:00,"25828.8,25833.4,25821.3,25824.7"
2026-04-15T04:00:00.000+07:00,"25824.8,25834.6,25824.8,25834.6"
2026-04-15T04:15:00.000+07:00,"25834.4,25834.4,25826.3,25831"
2026-04-15T04:30:00.000+07:00,"25831.1,25831.9,25823.5,25830.7"
2026-04-15T04:45:00.000+07:00,"25830.8,25832.2,25825.5,25828.3"
2026-04-15T05:00:00.000+07:00,"25822.1,25847.4,25813.8,25839"
2026-04-15T05:15:00.000+07:00,"25838.8,25846.6,25837.4,25839.1"
2026-04-15T05:30:00.000+07:00,"25839.2,25844.1,25828.4,25836"
2026-04-15T05:45:00.000+07:00,"25836.1,25837.8,25828.5,25830.8"
2026-04-15T06:00:00.000+07:00,"25830.9,25846.7,25828.6,25839"
2026-04-15T06:15:00.000+07:00,"25839.1,25851.3,25837.2,25848.2"
2026-04-15T06:30:00.000+07:00,"25848.1,25866.6,25840.6,25860"
2026-04-15T06:45:00.000+07:00,"25860.5,25871.5,25851.9,25854.8"
2026-04-15T07:00:00.000+07:00,"25855,25857.1,25841.1,25852.3"
2026-04-15T07:15:00.000+07:00,"25852.1,25858.4,25844.9,25852.3"
2026-04-15T07:30:00.000+07:00,"25852.8,25856,25830.1,25835.5"
2026-04-15T07:45:00.000+07:00,"25835.3,25855.1,25834.5,25852.6"
2026-04-15T08:00:00.000+07:00,"25852.4,25871.5,25848.7,25868.3"
2026-04-15T08:15:00.000+07:00,"25868.4,25875,25863.7,25871"
2026-04-15T08:30:00.000+07:00,"25871.1,25872.9,25859.3,25869"
2026-04-15T08:45:00.000+07:00,"25868.8,25876.4,25868,25872.3"
2026-04-15T09:00:00.000+07:00,"25872.4,25875.1,25857.4,25859.7"
2026-04-15T09:15:00.000+07:00,"25859.9,25863.6,25848.2,25848.7"
2026-04-15T09:30:00.000+07:00,"25848.9,25849.9,25825.3,25834.7"
2026-04-15T09:45:00.000+07:00,"25834.8,25839.6,25827.4,25832.9"
2026-04-15T10:00:00.000+07:00,"25833.3,25839.5,25831.7,25833.1"
2026-04-15T10:15:00.000+07:00,"25832.9,25841,25829.9,25839"
2026-04-15T10:30:00.000+07:00,"25839.1,25851.7,25837.4,25847.3"
2026-04-15T10:45:00.000+07:00,"25846.5,25861.7,25844.3,25856.6"
2026-04-15T11:00:00.000+07:00,"25857.1,25861,25851,25855.5"
2026-04-15T11:15:00.000+07:00,"25855.7,25861.7,25855.1,25857.7"
2026-04-15T11:30:00.000+07:00,"25858,25860.5,25853.1,25854"
2026-04-15T11:45:00.000+07:00,"25854.1,25855.4,25845.6,25850.1"
2026-04-15T12:00:00.000+07:00,"25850.2,25892.8,25834.4,25843.7"
2026-04-15T12:15:00.000+07:00,"25843.8,25845.1,25814.2,25821.2"
2026-04-15T12:30:00.000+07:00,"25821.1,25823.6,25802.1,25808.7"
2026-04-15T12:45:00.000+07:00,"25808.8,25816.8,25801.6,25814.8"
2026-04-15T13:00:00.000+07:00,"25814.9,25825.4,25805.6,25808.5"
2026-04-15T13:15:00.000+07:00,"25808.4,25820.8,25805,25819.5"
2026-04-15T13:30:00.000+07:00,"25819.2,25833.5,25817.8,25832.4"
2026-04-15T13:45:00.000+07:00,"25832.5,25833.2,25818,25822.7"
2026-04-15T14:00:00.000+07:00,"25822.9,25835.6,25815.9,25826.9"
2026-04-15T14:15:00.000+07:00,"25827.6,25828.1,25812,25822"
2026-04-15T14:30:00.000+07:00,"25822.1,25841,25820.5,25834.2"
2026-04-15T14:45:00.000+07:00,"25834.3,25845.7,25815.9,25840.6"
2026-04-15T15:00:00.000+07:00,"25841.8,25851.5,25836.8,25844.6"
2026-04-15T15:15:00.000+07:00,"25844.7,25860.5,25836.1,25858.6"
2026-04-15T15:30:00.000+07:00,"25858.8,25865.7,25854.8,25860.6"
2026-04-15T15:45:00.000+07:00,"25860.4,25873.2,25853.9,25867.3"
2026-04-15T16:00:00.000+07:00,"25867.4,25873.6,25823.9,25828.9"
2026-04-15T16:15:00.000+07:00,"25828.8,25839,25818.3,25824.9"
2026-04-15T16:30:00.000+07:00,"25824.8,25832.7,25815.6,25819.2"
2026-04-15T16:45:00.000+07:00,"25819.1,25826.6,25810.5,25813.4"
2026-04-15T17:00:00.000+07:00,"25813.5,25833.9,25809.3,25820.2"
2026-04-15T17:15:00.000+07:00,"25820.1,25821.2,25775.6,25786"
2026-04-15T17:30:00.000+07:00,"25785.8,25816.7,25770.1,25816"
2026-04-15T17:45:00.000+07:00,"25816.4,25823.9,25806.6,25820.1"
2026-04-15T18:00:00.000+07:00,"25820.3,25833.7,25813,25833"
2026-04-15T18:15:00.000+07:00,"25833.2,25834.6,25807.8,25816.5"
2026-04-15T18:30:00.000+07:00,"25816.6,25838.7,25812.9,25823.4"
2026-04-15T18:45:00.000+07:00,"25823.3,25878.8,25816.6,25832.1"
2026-04-15T19:00:00.000+07:00,"25832.2,25840.8,25799.4,25800"
2026-04-15T19:15:00.000+07:00,"25800.1,25817.8,25795.3,25811.3"
2026-04-15T19:30:00.000+07:00,"25810.6,25842.3,25806.4,25836.7"
2026-04-15T19:45:00.000+07:00,"25836.5,25843.1,25823.2,25824.6"
2026-04-15T20:00:00.000+07:00,"25824.7,25837.5,25814.5,25834"
2026-04-15T20:15:00.000+07:00,"25834.2,25861.8,25825.5,25858.7"
2026-04-15T20:30:00.000+07:00,"25858.6,25894.6,25820,25825.5"
2026-04-15T20:45:00.000+07:00,"25825.3,25907.3,25824.4,25906.3"
2026-04-15T21:00:00.000+07:00,"25906,25931.9,25886.7,25930.1"
2026-04-15T21:15:00.000+07:00,"25930,25971.1,25910.5,25970.8"
2026-04-15T21:30:00.000+07:00,"25969.6,25989.4,25943.7,25983.2"
2026-04-15T21:45:00.000+07:00,"25983.4,26014.7,25975.8,26000.4"
2026-04-15T22:00:00.000+07:00,"26000.2,26025.5,25976.5,26022.7"
2026-04-15T22:15:00.000+07:00,"26022.5,26038.5,26015.4,26028.9"
2026-04-15T22:30:00.000+07:00,"26028.8,26047.8,26005.4,26039.7"
2026-04-15T22:45:00.000+07:00,"26040.1,26052.9,26024.5,26034.2"
2026-04-15T23:00:00.000+07:00,"26032.1,26058,26023,26053.6"
2026-04-15T23:15:00.000+07:00,"26053.7,26088,26047.7,26052.7"
2026-04-15T23:30:00.000+07:00,"26050.3,26054.9,25978,25980.7"
2026-04-15T23:45:00.000+07:00,"25980.8,25997.8,25935.1,25976.5"
2026-04-16T00:00:00.000+07:00,"25976.8,26013.3,25968.6,26004.9"
2026-04-16T00:15:00.000+07:00,"26004.8,26034,25998.9,26020.8"
2026-04-16T00:30:00.000+07:00,"26020.9,26053.7,26012.4,26017.1"
2026-04-16T00:45:00.000+07:00,"26017.2,26047.5,26017.2,26023.1"
2026-04-16T01:00:00.000+07:00,"26022.5,26084.1,26006.3,26076.4"
2026-04-16T01:15:00.000+07:00,"26076.7,26092.2,26065.2,26082.2"
2026-04-16T01:30:00.000+07:00,"26082.9,26122.5,26082.4,26105.9"
2026-04-16T01:45:00.000+07:00,"26105.6,26148.4,26105.3,26136.3"
2026-04-16T02:00:00.000+07:00,"26136.2,26158.8,26124.4,26137.7"
2026-04-16T02:15:00.000+07:00,"26137.8,26172.5,26136.6,26171.3"
2026-04-16T02:30:00.000+07:00,"26171.2,26192.7,26165.5,26171.9"
2026-04-16T02:45:00.000+07:00,"26171.7,26212.5,26164.3,26199.7"
2026-04-16T03:00:00.000+07:00,"26201.3,26209.1,26172.6,26178.5"
2026-04-16T03:15:00.000+07:00,"26178.3,26193,26178.3,26186.1"
2026-04-16T03:30:00.000+07:00,"26186.6,26196.5,26183,26186.5"
2026-04-16T03:45:00.000+07:00,"26186,26197.6,26179.1,26196.9"
2026-04-16T04:00:00.000+07:00,"26196.7,26196.8,26186.2,26187.2"
2026-04-16T04:15:00.000+07:00,"26187.3,26189.8,26185.9,26188.6"
2026-04-16T04:30:00.000+07:00,"26188.8,26191,26187.2,26188.3"
2026-04-16T04:45:00.000+07:00,"26188.1,26191.8,26188.1,26191.2"
2026-04-16T05:00:00.000+07:00,"26187.9,26210.3,26184.5,26207"
2026-04-16T05:15:00.000+07:00,"26207.1,26217.2,26205.6,26210.3"
2026-04-16T05:30:00.000+07:00,"26210.4,26231,26210.4,26221.9"
2026-04-16T05:45:00.000+07:00,"26222.2,26233.2,26221.6,26228.5"
2026-04-16T06:00:00.000+07:00,"26229.1,26237.4,26225.6,26234.2"
2026-04-16T06:15:00.000+07:00,"26234.3,26237.2,26222.9,26228.5"
2026-04-16T06:30:00.000+07:00,"26228.6,26240.1,26224.9,26236.4"
2026-04-16T06:45:00.000+07:00,"26236.6,26256.1,26234.9,26247"
2026-04-16T07:00:00.000+07:00,"26247.7,26256,26230.1,26250.6"
2026-04-16T07:15:00.000+07:00,"26250.7,26265.7,26242.6,26243.6"
2026-04-16T07:30:00.000+07:00,"26244.3,26264.5,26244,26263.1"
2026-04-16T07:45:00.000+07:00,"26263.2,26284.3,26259.7,26278.8"
2026-04-16T08:00:00.000+07:00,"26277.8,26282,26265.7,26276.2"
2026-04-16T08:15:00.000+07:00,"26276.4,26290.5,26274.1,26279.5"
2026-04-16T08:30:00.000+07:00,"26278.9,26304,26270.5,26294.6"
2026-04-16T08:45:00.000+07:00,"26294.5,26297.1,26279.4,26281"
2026-04-16T09:00:00.000+07:00,"26280.5,26292.8,26280.5,26284.2"
2026-04-16T09:15:00.000+07:00,"26284.5,26288.8,26280.5,26287.8"
2026-04-16T09:30:00.000+07:00,"26287.7,26297.7,26282.8,26292.8"
2026-04-16T09:45:00.000+07:00,"26292.9,26295.3,26278.3,26283.7"
2026-04-16T10:00:00.000+07:00,"26283.5,26301.9,26282.8,26290.6"
2026-04-16T10:15:00.000+07:00,"26290.5,26295.1,26284,26286.3"
2026-04-16T10:30:00.000+07:00,"26286.5,26291.9,26278.1,26285.2"
2026-04-16T10:45:00.000+07:00,"26285,26291.6,26281.3,26282.1"
2026-04-16T11:00:00.000+07:00,"26281.9,26284.4,26272.9,26278.5"
2026-04-16T11:15:00.000+07:00,"26278.2,26284.9,26270.2,26272.9"
2026-04-16T11:30:00.000+07:00,"26273,26276.2,26267.6,26274.2"
2026-04-16T11:45:00.000+07:00,"26274.1,26279.6,26271.1,26273.8"
2026-04-16T12:00:00.000+07:00,"26273.9,26276.9,26257.1,26259.7"
2026-04-16T12:15:00.000+07:00,"26259.5,26285.1,26257.5,26282.5"
2026-04-16T12:30:00.000+07:00,"26282.3,26296.9,26281.6,26286.9"
2026-04-16T12:45:00.000+07:00,"26286.7,26302.1,26286.4,26294"
2026-04-16T13:00:00.000+07:00,"26294.2,26325.5,26294.2,26321"
2026-04-16T13:15:00.000+07:00,"26321.2,26325.3,26305.4,26315.4"
2026-04-16T13:30:00.000+07:00,"26317.8,26324,26303.8,26318.4"
2026-04-16T13:45:00.000+07:00,"26318.2,26324.2,26314.3,26321.4"
2026-04-16T14:00:00.000+07:00,"26321.3,26322.5,26296.2,26298.5"
2026-04-16T14:15:00.000+07:00,"26299,26320,26297.9,26316.8"
2026-04-16T14:30:00.000+07:00,"26316.7,26326.4,26308,26323.1"
2026-04-16T14:45:00.000+07:00,"26323.2,26323.5,26291.2,26300.4"
2026-04-16T15:00:00.000+07:00,"26300.3,26306,26263.7,26267"
2026-04-16T15:15:00.000+07:00,"26267.2,26281.5,26264,26269.9"
2026-04-16T15:30:00.000+07:00,"26269.8,26274.6,26251.3,26270.1"
2026-04-16T15:45:00.000+07:00,"26269.9,26284.7,26265.8,26281"
2026-04-16T16:00:00.000+07:00,"26281.1,26297.2,26278.2,26292.2"
2026-04-16T16:15:00.000+07:00,"26292.3,26295.9,26283.8,26286.4"
2026-04-16T16:30:00.000+07:00,"26286.3,26294.4,26283.8,26285.2"
2026-04-16T16:45:00.000+07:00,"26285.4,26294.9,26272.1,26294.6"
2026-04-16T17:00:00.000+07:00,"26294.7,26306.1,26288,26292.7"
2026-04-16T17:15:00.000+07:00,"26292.5,26293.7,26269.8,26271.4"
2026-04-16T17:30:00.000+07:00,"26271.3,26272.5,26219,26226.4"
2026-04-16T17:45:00.000+07:00,"26226.6,26250.2,26204.6,26245.4"
2026-04-16T18:00:00.000+07:00,"26245.3,26263.1,26244.5,26249.5"
2026-04-16T18:15:00.000+07:00,"26249.6,26258.5,26223,26236.9"
2026-04-16T18:30:00.000+07:00,"26236.8,26261,26236.4,26246.7"
2026-04-16T18:45:00.000+07:00,"26246.5,26266.3,26241.2,26257.2"
2026-04-16T19:00:00.000+07:00,"26257.3,26271.5,26239.5,26250"
2026-04-16T19:15:00.000+07:00,"26249.8,26266.4,26246.5,26266.4"
2026-04-16T19:30:00.000+07:00,"26268,26273.4,26244.8,26254.6"
2026-04-16T19:45:00.000+07:00,"26254.5,26254.6,26233.5,26242.5"
2026-04-16T20:00:00.000+07:00,"26243.3,26267.3,26240.9,26253.2"
2026-04-16T20:15:00.000+07:00,"26253.1,26286.7,26239.4,26280.3"
2026-04-16T20:30:00.000+07:00,"26280.7,26293,26186.2,26232.4"
2026-04-16T20:45:00.000+07:00,"26232.1,26233.1,26117.3,26162.7"
2026-04-16T21:00:00.000+07:00,"26161.2,26225.2,26131.6,26197.6"
2026-04-16T21:15:00.000+07:00,"26197.8,26208.2,26151.4,26191.4"
2026-04-16T21:30:00.000+07:00,"26191.2,26231.8,26188.8,26228.4"
2026-04-16T21:45:00.000+07:00,"26228.7,26261.9,26223.8,26242.7"
2026-04-16T22:00:00.000+07:00,"26242.2,26325.6,26242.2,26308.3"
2026-04-16T22:15:00.000+07:00,"26307.9,26343.5,26298.8,26298.8"
2026-04-16T22:30:00.000+07:00,"26298.2,26379.7,26292.1,26337.1"
2026-04-16T22:45:00.000+07:00,"26337,26375.3,26309.9,26371.9"
2026-04-16T23:00:00.000+07:00,"26372.1,26392,26364.4,26389.9"
2026-04-16T23:15:00.000+07:00,"26390.1,26401.3,26353,26356.1"
2026-04-16T23:30:00.000+07:00,"26356.3,26361.5,26270.4,26334"
2026-04-16T23:45:00.000+07:00,"26334.3,26357.4,26308.2,26312.2"
2026-04-17T00:00:00.000+07:00,"26313.3,26322,26282.5,26282.8"
2026-04-17T00:15:00.000+07:00,"26283.2,26326.7,26271.6,26315.7"
2026-04-17T00:30:00.000+07:00,"26316.2,26346.5,26302.9,26341.8"
2026-04-17T00:45:00.000+07:00,"26341.7,26349.1,26275.5,26299.4"
2026-04-17T01:00:00.000+07:00,"26299.8,26323.6,26231.6,26258.8"
2026-04-17T01:15:00.000+07:00,"26258.9,26267.5,26191.3,26209.8"
2026-04-17T01:30:00.000+07:00,"26210.8,26278.7,26209.9,26271.5"
2026-04-17T01:45:00.000+07:00,"26271.6,26287.5,26254.5,26273"
2026-04-17T02:00:00.000+07:00,"26273.1,26301.7,26269.9,26279.8"
2026-04-17T02:15:00.000+07:00,"26279.9,26296.2,26278.9,26281"
2026-04-17T02:30:00.000+07:00,"26281.4,26318.3,26276.7,26306.1"
2026-04-17T02:45:00.000+07:00,"26306,26336.2,26297.2,26322.1"
2026-04-17T03:00:00.000+07:00,"26322.1,26328.9,26281.3,26296.5"
2026-04-17T03:15:00.000+07:00,"26296.3,26301.6,26290.9,26297.1"
2026-04-17T03:30:00.000+07:00,"26297.6,26309.4,26293.5,26302.8"
2026-04-17T03:45:00.000+07:00,"26302.7,26310.8,26301.2,26305.5"
2026-04-17T04:00:00.000+07:00,"26306.8,26308.1,26284.6,26284.6"
2026-04-17T04:15:00.000+07:00,"26284.7,26296,26282.3,26295.6"
2026-04-17T04:30:00.000+07:00,"26295.8,26303.3,26293.4,26302.7"
2026-04-17T04:45:00.000+07:00,"26302.5,26303.7,26292.6,26295.9"
2026-04-17T05:00:00.000+07:00,"26296.3,26331.8,26295.6,26323.6"
2026-04-17T05:15:00.000+07:00,"26323.7,26331.9,26317.8,26328.9"
2026-04-17T05:30:00.000+07:00,"26329.1,26335.4,26326.3,26331.7"
2026-04-17T05:45:00.000+07:00,"26331.4,26331.9,26320.2,26321.7"
2026-04-17T06:00:00.000+07:00,"26321.5,26330.4,26317.1,26319.5"
2026-04-17T06:15:00.000+07:00,"26319.6,26336.2,26318,26323.8"
2026-04-17T06:30:00.000+07:00,"26323.7,26335.1,26318.9,26329"
2026-04-17T06:45:00.000+07:00,"26329.1,26330.6,26320.1,26328"
2026-04-17T07:00:00.000+07:00,"26328.5,26331.1,26305.9,26308.3"
2026-04-17T07:15:00.000+07:00,"26308.1,26341.4,26303,26336.9"
2026-04-17T07:30:00.000+07:00,"26337,26342.3,26330.9,26335"
2026-04-17T07:45:00.000+07:00,"26334.8,26341.6,26330.8,26333.2"
2026-04-17T08:00:00.000+07:00,"26333.1,26345.8,26329.4,26339.7"
2026-04-17T08:15:00.000+07:00,"26339.6,26343.5,26328.6,26331.6"
2026-04-17T08:30:00.000+07:00,"26334.6,26341.9,26330.2,26337.7"
2026-04-17T08:45:00.000+07:00,"26337.9,26344.3,26334.8,26335.2"
2026-04-17T09:00:00.000+07:00,"26335.1,26341.8,26317.6,26326.7"
2026-04-17T09:15:00.000+07:00,"26326.9,26329.6,26302.9,26313.7"
2026-04-17T09:30:00.000+07:00,"26314.6,26325.2,26312.3,26316.5"
2026-04-17T09:45:00.000+07:00,"26316.9,26320.2,26308.8,26312.2"
2026-04-17T10:00:00.000+07:00,"26312.1,26316,26298.6,26301.9"
2026-04-17T10:15:00.000+07:00,"26302.1,26310.6,26298.2,26304"
2026-04-17T10:30:00.000+07:00,"26304.3,26306.6,26297.2,26303.5"
2026-04-17T10:45:00.000+07:00,"26303.4,26311.6,26302.3,26306.1"
2026-04-17T11:00:00.000+07:00,"26306.7,26322.1,26302.7,26322.1"
2026-04-17T11:15:00.000+07:00,"26322,26330.2,26321.2,26324.9"
2026-04-17T11:30:00.000+07:00,"26325.2,26327.6,26315.8,26317.7"
2026-04-17T11:45:00.000+07:00,"26317.8,26325.4,26309.8,26311.8"
2026-04-17T12:00:00.000+07:00,"26312.2,26313.5,26290.6,26306.9"
2026-04-17T12:15:00.000+07:00,"26306.8,26308.1,26296.8,26305.9"
2026-04-17T12:30:00.000+07:00,"26305.8,26316.5,26292.8,26311.9"
2026-04-17T12:45:00.000+07:00,"26312,26318.1,26310.4,26313.7"
2026-04-17T13:00:00.000+07:00,"26313.8,26328.9,26310.8,26321.4"
2026-04-17T13:15:00.000+07:00,"26321.5,26326.8,26306.4,26307"
2026-04-17T13:30:00.000+07:00,"26307.1,26307.1,26295.3,26303.5"
2026-04-17T13:45:00.000+07:00,"26303.3,26315.4,26300.9,26303.8"
2026-04-17T14:00:00.000+07:00,"26303.9,26336.2,26303.9,26328.9"
2026-04-17T14:15:00.000+07:00,"26328.8,26330.1,26313.5,26319.9"
2026-04-17T14:30:00.000+07:00,"26320.1,26330.9,26316.4,26329.6"
2026-04-17T14:45:00.000+07:00,"26329.7,26340.5,26322.6,26336.7"
2026-04-17T15:00:00.000+07:00,"26336.5,26343.1,26325.5,26334.2"
2026-04-17T15:15:00.000+07:00,"26333.9,26350.3,26328.4,26345"
2026-04-17T15:30:00.000+07:00,"26344.9,26363.1,26338.8,26362.8"
2026-04-17T15:45:00.000+07:00,"26362.5,26369.7,26353.8,26367.2"
2026-04-17T16:00:00.000+07:00,"26367.3,26375.8,26361.4,26365.7"
2026-04-17T16:15:00.000+07:00,"26365.9,26377,26353.9,26374.3"
2026-04-17T16:30:00.000+07:00,"26374.5,26375.6,26356.5,26367.3"
2026-04-17T16:45:00.000+07:00,"26367.2,26390.1,26361.3,26384.6"
2026-04-17T17:00:00.000+07:00,"26384.7,26394.4,26379.6,26391.3"
2026-04-17T17:15:00.000+07:00,"26391.4,26392,26368.5,26373.7"
2026-04-17T17:30:00.000+07:00,"26373.8,26375.1,26354.9,26359.3"
2026-04-17T17:45:00.000+07:00,"26359.5,26378.4,26357.3,26373.8"
2026-04-17T18:00:00.000+07:00,"26373.4,26384.4,26370.1,26378.2"
2026-04-17T18:15:00.000+07:00,"26378.1,26394.8,26378,26390.8"
2026-04-17T18:30:00.000+07:00,"26390.6,26403.4,26389.3,26400.5"
2026-04-17T18:45:00.000+07:00,"26400.6,26417.5,26397.3,26414.4"
2026-04-17T19:00:00.000+07:00,"26414.6,26444.2,26409.2,26438.5"
2026-04-17T19:15:00.000+07:00,"26438.7,26474.8,26418.7,26467.3"
2026-04-17T19:30:00.000+07:00,"26467.8,26494.5,26454.9,26457.8"
2026-04-17T19:45:00.000+07:00,"26457.9,26595.5,26450.9,26590.3"
2026-04-17T20:00:00.000+07:00,"26590.8,26660.2,26547.2,26653.8"
2026-04-17T20:15:00.000+07:00,"26653.6,26656.9,26533.8,26541.9"
2026-04-17T20:30:00.000+07:00,"26542.1,26569.2,26479,26553.8"
2026-04-17T20:45:00.000+07:00,"26554.3,26585.1,26482,26577"
2026-04-17T21:00:00.000+07:00,"26577.2,26619.1,26571.3,26614.1"
2026-04-17T21:15:00.000+07:00,"26612.7,26615,26561.5,26584.3"
2026-04-17T21:30:00.000+07:00,"26585.3,26680.6,26583.8,26674"
2026-04-17T21:45:00.000+07:00,"26674.3,26697.8,26645,26669"
2026-04-17T22:00:00.000+07:00,"26668.7,26697.8,26653.9,26662.6"
2026-04-17T22:15:00.000+07:00,"26662.4,26690.8,26648.7,26682.5"
2026-04-17T22:30:00.000+07:00,"26683.2,26718,26656.4,26656.8"
2026-04-17T22:45:00.000+07:00,"26657.3,26691.4,26639,26644.4"
2026-04-17T23:00:00.000+07:00,"26645,26702.6,26631.9,26685.3"
2026-04-17T23:15:00.000+07:00,"26684.9,26698.5,26662.4,26695.3"
2026-04-17T23:30:00.000+07:00,"26694.9,26721.2,26694.7,26709.9"
2026-04-17T23:45:00.000+07:00,"26709.6,26720.6,26692.7,26698.5"
2026-04-18T00:00:00.000+07:00,"26699.9,26716.7,26655,26679.9"
2026-04-18T00:15:00.000+07:00,"26680.1,26686.6,26577.4,26612.6"
2026-04-18T00:30:00.000+07:00,"26612.9,26645,26600.7,26634"
2026-04-18T00:45:00.000+07:00,"26633.1,26670.1,26630.6,26649.2"
2026-04-18T01:00:00.000+07:00,"26648.2,26660.3,26600.7,26609.4"
2026-04-18T01:15:00.000+07:00,"26609.7,26651.1,26595.3,26624"
2026-04-18T01:30:00.000+07:00,"26623.3,26653.3,26623,26645.7"
2026-04-18T01:45:00.000+07:00,"26646,26653.7,26609.2,26625.3"
2026-04-18T02:00:00.000+07:00,"26624.5,26634.4,26597.5,26605.5"
2026-04-18T02:15:00.000+07:00,"26605,26634.2,26602.1,26618.5"
2026-04-18T02:30:00.000+07:00,"26618.6,26666.3,26618.4,26661.4"
2026-04-18T02:45:00.000+07:00,"26661.1,26670.3,26630.8,26666"
2026-04-18T03:00:00.000+07:00,"26668.2,26683.1,26662.2,26682.2"
2026-04-18T03:15:00.000+07:00,"26682.5,26685.1,26658.9,26663.4"
2026-04-18T03:30:00.000+07:00,"26662.7,26684.6,26659.2,26672.4"
2026-04-18T03:45:00.000+07:00,"26671.9,26685.7,26670,26684"
2026-04-20T05:00:00.000+07:00,"26426.4,26500.9,26381.4,26460.3"
2026-04-20T05:15:00.000+07:00,"26460.4,26484,26452,26468.8"
2026-04-20T05:30:00.000+07:00,"26469,26502.4,26465,26497.5"
2026-04-20T05:45:00.000+07:00,"26497.7,26517.6,26479.2,26509.1"
2026-04-20T06:00:00.000+07:00,"26509.3,26526.2,26493.2,26500.4"
2026-04-20T06:15:00.000+07:00,"26500.3,26509.8,26489.3,26502.4"
2026-04-20T06:30:00.000+07:00,"26502.7,26507.4,26490.8,26499.1"
2026-04-20T06:45:00.000+07:00,"26499.3,26508.6,26479.5,26502"
2026-04-20T07:00:00.000+07:00,"26502.3,26504.4,26459.5,26464.6"
2026-04-20T07:15:00.000+07:00,"26464.5,26497.3,26463,26495.4"
2026-04-20T07:30:00.000+07:00,"26495.3,26506.5,26483.9,26491.8"
2026-04-20T07:45:00.000+07:00,"26491.9,26509.2,26490.8,26502.3"
2026-04-20T08:00:00.000+07:00,"26502.8,26544.4,26497.3,26540.1"
2026-04-20T08:15:00.000+07:00,"26540.2,26542.2,26523.8,26534.4"
2026-04-20T08:30:00.000+07:00,"26534.3,26555.6,26533.5,26547"
2026-04-20T08:45:00.000+07:00,"26547.1,26560,26545.7,26550.5"
2026-04-20T09:00:00.000+07:00,"26550.8,26551,26532.8,26536"
2026-04-20T09:15:00.000+07:00,"26536.1,26548.1,26534.9,26541.6"
2026-04-20T09:30:00.000+07:00,"26541.7,26543.8,26531.8,26537.7"
2026-04-20T09:45:00.000+07:00,"26537.9,26541.2,26527.6,26537.9"
2026-04-20T10:00:00.000+07:00,"26537.8,26546.8,26529.3,26533.3"
2026-04-20T10:15:00.000+07:00,"26533.2,26541.8,26525.3,26536"
2026-04-20T10:30:00.000+07:00,"26536.1,26544.4,26531,26531.7"
2026-04-20T10:45:00.000+07:00,"26531.8,26531.8,26522,26524.4"
2026-04-20T11:00:00.000+07:00,"26524.2,26527.2,26513.9,26519.6"
2026-04-20T11:15:00.000+07:00,"26519.8,26521.9,26508.6,26509.6"
2026-04-20T11:30:00.000+07:00,"26509.7,26518.8,26497.4,26517.5"
2026-04-20T11:45:00.000+07:00,"26517.8,26526.9,26508,26520.8"
2026-04-20T12:00:00.000+07:00,"26521.1,26523.8,26510.1,26513.1"
2026-04-20T12:15:00.000+07:00,"26513,26520.3,26490.5,26490.7"
2026-04-20T12:30:00.000+07:00,"26490.6,26493.3,26455.3,26458.4"
2026-04-20T12:45:00.000+07:00,"26458.3,26486.6,26457.4,26480"
2026-04-20T13:00:00.000+07:00,"26479.5,26506,26477.6,26494.4"
2026-04-20T13:15:00.000+07:00,"26494.3,26501.5,26488.2,26498"
2026-04-20T13:30:00.000+07:00,"26498.3,26516.4,26497,26501.5"
2026-04-20T13:45:00.000+07:00,"26499.9,26545.7,26491.9,26532.3"
2026-04-20T14:00:00.000+07:00,"26533.8,26555,26527.8,26547"
2026-04-20T14:15:00.000+07:00,"26546.8,26566.2,26528.2,26532.6"
2026-04-20T14:30:00.000+07:00,"26532.7,26539,26494.9,26510.1"
2026-04-20T14:45:00.000+07:00,"26510,26514.3,26493.5,26511.6"
2026-04-20T15:00:00.000+07:00,"26511.4,26516.7,26464.7,26491"
2026-04-20T15:15:00.000+07:00,"26491.2,26522.3,26484.6,26516.3"
2026-04-20T15:30:00.000+07:00,"26516.5,26520.4,26503.5,26513.8"
2026-04-20T15:45:00.000+07:00,"26513.9,26552,26512.2,26538.8"
2026-04-20T16:00:00.000+07:00,"26539,26562.2,26535.5,26543.7"
2026-04-20T16:15:00.000+07:00,"26543.8,26549.2,26528.9,26543.7"
2026-04-20T16:30:00.000+07:00,"26543.3,26557.4,26538.4,26552.7"
2026-04-20T16:45:00.000+07:00,"26553.1,26553.1,26536.9,26537.4"
2026-04-20T17:00:00.000+07:00,"26537.8,26575.5,26534.3,26561.7"
2026-04-20T17:15:00.000+07:00,"26561.9,26572.2,26549.5,26553.4"
2026-04-20T17:30:00.000+07:00,"26553.1,26556.7,26537.1,26540.8"
2026-04-20T17:45:00.000+07:00,"26540.9,26550.3,26536.6,26545.5"
2026-04-20T18:00:00.000+07:00,"26546.4,26550.1,26523.2,26549.5"
2026-04-20T18:15:00.000+07:00,"26550.3,26553.3,26532.1,26532.9"
2026-04-20T18:30:00.000+07:00,"26532.8,26556.2,26528.6,26553.1"
2026-04-20T18:45:00.000+07:00,"26553.3,26566,26545.5,26552.5"
2026-04-20T19:00:00.000+07:00,"26552.7,26569.3,26546.7,26555.5"
2026-04-20T19:15:00.000+07:00,"26555.2,26570,26547.6,26559.5"
2026-04-20T19:30:00.000+07:00,"26559.6,26584.5,26554.3,26577.1"
2026-04-20T19:45:00.000+07:00,"26577.5,26620.1,26577.5,26595.7"
2026-04-20T20:00:00.000+07:00,"26596.6,26645.4,26584.3,26617.3"
2026-04-20T20:15:00.000+07:00,"26617.8,26643.1,26606.8,26641.4"
2026-04-20T20:30:00.000+07:00,"26641.8,26670.2,26577.1,26595.2"
2026-04-20T20:45:00.000+07:00,"26595.5,26647.8,26561.3,26624.9"
2026-04-20T21:00:00.000+07:00,"26624.8,26630.9,26577.8,26599.7"
2026-04-20T21:15:00.000+07:00,"26599.5,26615.8,26560.9,26571.9"
2026-04-20T21:30:00.000+07:00,"26573.2,26582.7,26531.8,26539.3"
2026-04-20T21:45:00.000+07:00,"26539,26562.7,26455.3,26480.3"
2026-04-20T22:00:00.000+07:00,"26480.4,26503.9,26411.2,26464.4"
2026-04-20T22:15:00.000+07:00,"26464.5,26553.4,26449.9,26542.9"
2026-04-20T22:30:00.000+07:00,"26544.8,26545.8,26493.5,26501.3"
2026-04-20T22:45:00.000+07:00,"26501.5,26518.9,26477.7,26502.8"
2026-04-20T23:00:00.000+07:00,"26502.7,26527.3,26484.4,26520.3"
2026-04-20T23:15:00.000+07:00,"26520.8,26531.9,26496,26519.4"
2026-04-20T23:30:00.000+07:00,"26520.6,26543.9,26511.1,26530.6"
2026-04-20T23:45:00.000+07:00,"26531,26540.3,26513.5,26523.5"
2026-04-21T00:00:00.000+07:00,"26524,26545.7,26504.8,26541.5"
2026-04-21T00:15:00.000+07:00,"26541.7,26562.6,26536.7,26541.9"
2026-04-21T00:30:00.000+07:00,"26542,26564.6,26529.4,26553.7"
2026-04-21T00:45:00.000+07:00,"26553.6,26571.9,26549.1,26551.4"
2026-04-21T01:00:00.000+07:00,"26551.6,26575.6,26542.8,26567.8"
2026-04-21T01:15:00.000+07:00,"26567.9,26586.4,26560.7,26577.8"
2026-04-21T01:30:00.000+07:00,"26578.1,26582.8,26554.3,26569"
2026-04-21T01:45:00.000+07:00,"26569.1,26590.5,26564.1,26575.8"
2026-04-21T02:00:00.000+07:00,"26576,26585,26569.9,26582.1"
2026-04-21T02:15:00.000+07:00,"26581.8,26584.8,26562.3,26569.2"
2026-04-21T02:30:00.000+07:00,"26569.5,26581.3,26558.2,26563"
2026-04-21T02:45:00.000+07:00,"26562.8,26595.5,26554.1,26589.8"
2026-04-21T03:00:00.000+07:00,"26588.3,26595.9,26579.1,26586.1"
2026-04-21T03:15:00.000+07:00,"26585.9,26590.4,26576.6,26585.1"
2026-04-21T03:30:00.000+07:00,"26584.8,26652,26573.7,26635.4"
2026-04-21T03:45:00.000+07:00,"26634.4,26635.8,26609.9,26619"
2026-04-21T04:00:00.000+07:00,"26618.6,26620.5,26609.9,26610"
2026-04-21T04:15:00.000+07:00,"26609.9,26615.8,26600.5,26611.7"
2026-04-21T04:30:00.000+07:00,"26612.9,26614.9,26607.9,26612"
2026-04-21T04:45:00.000+07:00,"26612.1,26619.8,26609.1,26619.8"
2026-04-21T05:00:00.000+07:00,"26617.45,26663.1,26604.6,26647.2"
2026-04-21T05:15:00.000+07:00,"26647.3,26654.4,26642.5,26646.7"
2026-04-21T05:30:00.000+07:00,"26646.8,26653.9,26639.8,26651.7"
2026-04-21T05:45:00.000+07:00,"26651.8,26658.4,26649.6,26655"
2026-04-21T06:00:00.000+07:00,"26655.1,26657.6,26649.5,26654"
2026-04-21T06:15:00.000+07:00,"26653.7,26655,26638.3,26641.1"
2026-04-21T06:30:00.000+07:00,"26641,26647.9,26638.2,26644.7"
2026-04-21T06:45:00.000+07:00,"26644.8,26646.7,26636.4,26642.1"
2026-04-21T07:00:00.000+07:00,"26642.4,26665.4,26642.4,26656.6"
2026-04-21T07:15:00.000+07:00,"26656.5,26663.5,26640.5,26643.4"
2026-04-21T07:30:00.000+07:00,"26644,26648.6,26629.3,26641.8"
2026-04-21T07:45:00.000+07:00,"26642.5,26682.8,26642.3,26668.7"
2026-04-21T08:00:00.000+07:00,"26669.7,26672.1,26656.1,26661.9"
2026-04-21T08:15:00.000+07:00,"26662,26674.2,26656.1,26673.9"
2026-04-21T08:30:00.000+07:00,"26673.7,26684,26664.1,26672.9"
2026-04-21T08:45:00.000+07:00,"26673,26674.5,26652.5,26659.3"
2026-04-21T09:00:00.000+07:00,"26659.4,26666.4,26654.9,26665.6"
2026-04-21T09:15:00.000+07:00,"26665.8,26667.6,26659.6,26665.8"
2026-04-21T09:30:00.000+07:00,"26665.7,26668,26655.7,26666"
2026-04-21T09:45:00.000+07:00,"26666.1,26667.2,26655,26656.6"
2026-04-21T10:00:00.000+07:00,"26656.7,26662.9,26647.5,26650.1"
2026-04-21T10:15:00.000+07:00,"26650.2,26651.6,26636.9,26649.4"
2026-04-21T10:30:00.000+07:00,"26649.2,26654.9,26644.4,26650.4"
2026-04-21T10:45:00.000+07:00,"26650.6,26660.4,26649.6,26657.7"
2026-04-21T11:00:00.000+07:00,"26657.6,26665.9,26656,26660.7"
2026-04-21T11:15:00.000+07:00,"26660.6,26672.5,26660.4,26669.8"
2026-04-21T11:30:00.000+07:00,"26669.4,26677,26666.6,26667.2"
2026-04-21T11:45:00.000+07:00,"26667.1,26675.4,26666.7,26670.1"
2026-04-21T12:00:00.000+07:00,"26669.9,26688.7,26665.7,26683.7"
2026-04-21T12:15:00.000+07:00,"26683.6,26688.9,26678.1,26682.4"
2026-04-21T12:30:00.000+07:00,"26682.3,26682.4,26674,26674"
2026-04-21T12:45:00.000+07:00,"26673.8,26675.1,26663.5,26671.7"
2026-04-21T13:00:00.000+07:00,"26671.3,26703.2,26667.1,26699.7"
2026-04-21T13:15:00.000+07:00,"26699.5,26700.9,26685.9,26689.8"
2026-04-21T13:30:00.000+07:00,"26689.7,26702,26687,26693.9"
2026-04-21T13:45:00.000+07:00,"26694,26697.9,26689.2,26690.7"
2026-04-21T14:00:00.000+07:00,"26690.2,26693.6,26662.4,26665.2"
2026-04-21T14:15:00.000+07:00,"26665.3,26674.7,26657.6,26664.3"
2026-04-21T14:30:00.000+07:00,"26664.4,26672.1,26651.1,26666.1"
2026-04-21T14:45:00.000+07:00,"26665.9,26685.2,26658.3,26658.4"
2026-04-21T15:00:00.000+07:00,"26658.6,26664.8,26643.8,26645.7"
2026-04-21T15:15:00.000+07:00,"26645.8,26678.7,26645.7,26673.2"
2026-04-21T15:30:00.000+07:00,"26673.4,26700.1,26663.2,26691.4"
2026-04-21T15:45:00.000+07:00,"26691.5,26700.1,26681.8,26683.4"
2026-04-21T16:00:00.000+07:00,"26683.6,26683.6,26652.8,26661"
2026-04-21T16:15:00.000+07:00,"26661.5,26669.2,26657.5,26666.8"
2026-04-21T16:30:00.000+07:00,"26667.1,26677.2,26664.5,26672.2"
2026-04-21T16:45:00.000+07:00,"26672.1,26693,26671.8,26684.7"
2026-04-21T17:00:00.000+07:00,"26685.5,26706.1,26678.7,26693.5"
2026-04-21T17:15:00.000+07:00,"26693.6,26697.6,26686.6,26692.2"
2026-04-21T17:30:00.000+07:00,"26692.4,26707.8,26691.6,26705.6"
2026-04-21T17:45:00.000+07:00,"26705.3,26727.6,26702.9,26716.8"
2026-04-21T18:00:00.000+07:00,"26716.3,26729.4,26686.1,26700.2"
2026-04-21T18:15:00.000+07:00,"26700.3,26721.3,26693.9,26720.2"
2026-04-21T18:30:00.000+07:00,"26720.3,26745.7,26719.1,26733.5"
2026-04-21T18:45:00.000+07:00,"26734.5,26740.8,26715.8,26717.6"
2026-04-21T19:00:00.000+07:00,"26720,26725.9,26699.6,26700.2"
2026-04-21T19:15:00.000+07:00,"26700.3,26706.9,26672.9,26706.7"
2026-04-21T19:30:00.000+07:00,"26705.6,26719.5,26661.2,26674.2"
2026-04-21T19:45:00.000+07:00,"26673.9,26687,26658.9,26666.9"
2026-04-21T20:00:00.000+07:00,"26666.6,26673,26646.7,26656.3"
2026-04-21T20:15:00.000+07:00,"26656.2,26663.9,26645.2,26655"
2026-04-21T20:30:00.000+07:00,"26654.2,26671.8,26573.2,26614.4"
2026-04-21T20:45:00.000+07:00,"26613.1,26684.3,26589.6,26684.2"
2026-04-21T21:00:00.000+07:00,"26684.1,26724,26666,26702.1"
2026-04-21T21:15:00.000+07:00,"26702.8,26730.9,26659.5,26685.8"
2026-04-21T21:30:00.000+07:00,"26686.2,26701.4,26662.9,26669.2"
2026-04-21T21:45:00.000+07:00,"26669.4,26674.7,26576.5,26583.6"
2026-04-21T22:00:00.000+07:00,"26583.3,26615.8,26508.4,26606.9"
2026-04-21T22:15:00.000+07:00,"26607.2,26633,26553.5,26569.7"
2026-04-21T22:30:00.000+07:00,"26570.2,26603.4,26539.2,26581.6"
2026-04-21T22:45:00.000+07:00,"26581.7,26607.6,26562.3,26577.8"
2026-04-21T23:00:00.000+07:00,"26577.6,26626.8,26566.9,26578.7"
2026-04-21T23:15:00.000+07:00,"26578.9,26599.4,26548.3,26551.3"
2026-04-21T23:30:00.000+07:00,"26551.8,26593.3,26517.5,26527.9"
2026-04-21T23:45:00.000+07:00,"26528.2,26561.3,26514.9,26517.6"
2026-04-22T00:00:00.000+07:00,"26518.7,26553.3,26464.5,26490.6"
2026-04-22T00:15:00.000+07:00,"26490.9,26502.3,26447,26480.9"
2026-04-22T00:30:00.000+07:00,"26479.3,26608.1,26476.8,26571.3"
2026-04-22T00:45:00.000+07:00,"26571.9,26576,26524.7,26546.3"
2026-04-22T01:00:00.000+07:00,"26546.4,26575.7,26545.5,26568.9"
2026-04-22T01:15:00.000+07:00,"26569,26577.8,26507,26525.1"
2026-04-22T01:30:00.000+07:00,"26525.2,26553.9,26524.4,26534.8"
2026-04-22T01:45:00.000+07:00,"26534.9,26591.4,26512.3,26570.1"
2026-04-22T02:00:00.000+07:00,"26570.2,26618.7,26566.8,26582.4"
2026-04-22T02:15:00.000+07:00,"26582.7,26626.1,26567.1,26622.1"
2026-04-22T02:30:00.000+07:00,"26623.3,26632.5,26398.2,26419.3"
2026-04-22T02:45:00.000+07:00,"26420.9,26497.2,26416.2,26487.5"
2026-04-22T03:00:00.000+07:00,"26486.6,26640.9,26449.6,26593.7"
2026-04-22T03:15:00.000+07:00,"26594.9,26619.2,26582,26585.9"
2026-04-22T03:30:00.000+07:00,"26585.6,26592.3,26559.7,26567.3"
2026-04-22T03:45:00.000+07:00,"26568.1,26590.8,26552,26571.6"
2026-04-22T04:00:00.000+07:00,"26571.8,26578.6,26568.9,26578.6"
2026-04-22T04:15:00.000+07:00,"26578.2,26578.8,26574.7,26574.9"
2026-04-22T04:30:00.000+07:00,"26575,26586.8,26575,26585.1"
2026-04-22T04:45:00.000+07:00,"26585,26590,26583.8,26586.3"
2026-04-22T05:00:00.000+07:00,"26587.1,26610.8,26576.4,26604.8"
2026-04-22T05:15:00.000+07:00,"26604.7,26609.6,26595.8,26599.9"
2026-04-22T05:30:00.000+07:00,"26600,26605.9,26592.2,26596.9"
2026-04-22T05:45:00.000+07:00,"26597,26601.4,26583,26591.9"
2026-04-22T06:00:00.000+07:00,"26591.8,26599.8,26584.3,26596.5"
2026-04-22T06:15:00.000+07:00,"26595.6,26603.7,26592,26596.3"
2026-04-22T06:30:00.000+07:00,"26596.4,26611.8,26588.2,26610"
2026-04-22T06:45:00.000+07:00,"26610.1,26626.5,26610.1,26621.5"
2026-04-22T07:00:00.000+07:00,"26621.7,26659.9,26620.8,26652.4"
2026-04-22T07:15:00.000+07:00,"26652.2,26664.5,26644.8,26651.5"
2026-04-22T07:30:00.000+07:00,"26651.6,26667.2,26651,26657.8"
2026-04-22T07:45:00.000+07:00,"26657.6,26658.8,26641.5,26644.9"
2026-04-22T08:00:00.000+07:00,"26644.8,26662.3,26643.6,26653.3"
2026-04-22T08:15:00.000+07:00,"26653.5,26657.1,26643,26652.2"
2026-04-22T08:30:00.000+07:00,"26652,26682.5,26651,26665.7"
2026-04-22T08:45:00.000+07:00,"26665.5,26673.4,26656.5,26668.9"
2026-04-22T09:00:00.000+07:00,"26669.1,26681.8,26665,26675.1"
2026-04-22T09:15:00.000+07:00,"26675,26680.1,26665.6,26676.9"
2026-04-22T09:30:00.000+07:00,"26676.4,26678.9,26664.8,26667.5"
2026-04-22T09:45:00.000+07:00,"26667.7,26671.9,26664.5,26665.5"
2026-04-22T10:00:00.000+07:00,"26665.6,26675.9,26654,26657.9"
2026-04-22T10:15:00.000+07:00,"26658.1,26660.9,26654.1,26659.4"
2026-04-22T10:30:00.000+07:00,"26659.5,26672.9,26653.3,26661.9"
2026-04-22T10:45:00.000+07:00,"26662.2,26664.4,26653.9,26657.7"
2026-04-22T11:00:00.000+07:00,"26657.9,26666.2,26648.6,26662.1"
2026-04-22T11:15:00.000+07:00,"26661.7,26663.9,26645.4,26646"
2026-04-22T11:30:00.000+07:00,"26645.8,26650.7,26640.3,26644.8"
2026-04-22T11:45:00.000+07:00,"26644.7,26651,26622.7,26628"
2026-04-22T12:00:00.000+07:00,"26628.6,26646.6,26616.1,26641.4"
2026-04-22T12:15:00.000+07:00,"26641.2,26706.2,26639.7,26675.7"
2026-04-22T12:30:00.000+07:00,"26675.9,26690.5,26671.3,26682.8"
2026-04-22T12:45:00.000+07:00,"26682.7,26693,26677.6,26679.8"
2026-04-22T13:00:00.000+07:00,"26679.9,26683.9,26655.3,26659.7"
2026-04-22T13:15:00.000+07:00,"26659.8,26672.5,26652,26672"
2026-04-22T13:30:00.000+07:00,"26671.3,26694.3,26671.3,26684.8"
2026-04-22T13:45:00.000+07:00,"26685.1,26693.7,26679.4,26684.7"
2026-04-22T14:00:00.000+07:00,"26684.9,26696.7,26680.8,26693.1"
2026-04-22T14:15:00.000+07:00,"26692.9,26702.1,26675.3,26697.8"
2026-04-22T14:30:00.000+07:00,"26698.1,26714,26688.3,26710"
2026-04-22T14:45:00.000+07:00,"26709.7,26712.8,26693.6,26694.8"
2026-04-22T15:00:00.000+07:00,"26694.9,26700.7,26676.3,26685"
2026-04-22T15:15:00.000+07:00,"26685.1,26687,26656.9,26658.6"
2026-04-22T15:30:00.000+07:00,"26658.5,26670.8,26628.3,26654.1"
2026-04-22T15:45:00.000+07:00,"26653.9,26670.3,26642.9,26668.9"
2026-04-22T16:00:00.000+07:00,"26668.4,26699.4,26664.6,26696.1"
2026-04-22T16:15:00.000+07:00,"26696,26708.9,26688.3,26705"
2026-04-22T16:30:00.000+07:00,"26704.8,26708.7,26696.3,26707.8"
2026-04-22T16:45:00.000+07:00,"26707.4,26712.6,26657.9,26675"
2026-04-22T17:00:00.000+07:00,"26674.7,26689.7,26655.3,26663.2"
2026-04-22T17:15:00.000+07:00,"26662.8,26685.7,26662.2,26682.7"
2026-04-22T17:30:00.000+07:00,"26682.5,26698,26674.1,26678.6"
2026-04-22T17:45:00.000+07:00,"26678.5,26683.5,26671.5,26674.8"
2026-04-22T18:00:00.000+07:00,"26675.7,26683.3,26666.7,26668.8"
2026-04-22T18:15:00.000+07:00,"26668.6,26680.4,26660,26666.5"
2026-04-22T18:30:00.000+07:00,"26666.7,26674.8,26656,26660.8"
2026-04-22T18:45:00.000+07:00,"26661,26688.9,26657.4,26682.9"
2026-04-22T19:00:00.000+07:00,"26682.7,26748.9,26682.5,26745.2"
2026-04-22T19:15:00.000+07:00,"26745.5,26747.9,26714.6,26718.5"
2026-04-22T19:30:00.000+07:00,"26718,26726.3,26687.7,26691"
2026-04-22T19:45:00.000+07:00,"26690.8,26701.8,26669.5,26671.7"
2026-04-22T20:00:00.000+07:00,"26671.8,26724.2,26666.6,26685"
2026-04-22T20:15:00.000+07:00,"26686.5,26735.4,26674.7,26729.6"
2026-04-22T20:30:00.000+07:00,"26729.3,26741.1,26663.5,26701.9"
2026-04-22T20:45:00.000+07:00,"26701.7,26729.4,26661.1,26713.7"
2026-04-22T21:00:00.000+07:00,"26713.6,26774.7,26701.9,26772.2"
2026-04-22T21:15:00.000+07:00,"26772.3,26841.1,26772.2,26840.5"
2026-04-22T21:30:00.000+07:00,"26840.4,26855.5,26793.9,26818.4"
2026-04-22T21:45:00.000+07:00,"26818.3,26839.7,26795.9,26821.1"
2026-04-22T22:00:00.000+07:00,"26821,26834.6,26790.3,26823.9"
2026-04-22T22:15:00.000+07:00,"26823.8,26855.2,26812.8,26838.4"
2026-04-22T22:30:00.000+07:00,"26838.6,26850.9,26814.2,26815.7"
2026-04-22T22:45:00.000+07:00,"26815.9,26849.3,26809.2,26826.8"
2026-04-22T23:00:00.000+07:00,"26827,26849,26812.4,26842.5"
2026-04-22T23:15:00.000+07:00,"26842.7,26847.7,26818.5,26822.1"
2026-04-22T23:30:00.000+07:00,"26822.4,26838.3,26806.3,26815.3"
2026-04-22T23:45:00.000+07:00,"26815.1,26830.6,26805.4,26813.2"
2026-04-23T00:00:00.000+07:00,"26813.1,26883.5,26813.1,26866"
2026-04-23T00:15:00.000+07:00,"26866.4,26895.9,26855.3,26874.4"
2026-04-23T00:30:00.000+07:00,"26874.2,26888.6,26871.9,26886.4"
2026-04-23T00:45:00.000+07:00,"26886.3,26894.6,26867.2,26877.3"
2026-04-23T01:00:00.000+07:00,"26877.7,26889.2,26870.9,26877.6"
2026-04-23T01:15:00.000+07:00,"26877.8,26877.8,26841.4,26847.6"
2026-04-23T01:30:00.000+07:00,"26847.9,26876.1,26845,26872.6"
2026-04-23T01:45:00.000+07:00,"26872.7,26887.4,26859.6,26861.2"
2026-04-23T02:00:00.000+07:00,"26860.4,26881.7,26826.1,26878"
2026-04-23T02:15:00.000+07:00,"26878.1,26904.5,26877,26893.4"
2026-04-23T02:30:00.000+07:00,"26892.7,26903.5,26884.2,26902.4"
2026-04-23T02:45:00.000+07:00,"26902.6,26941.8,26898.8,26928.5"
2026-04-23T03:00:00.000+07:00,"26930,26984.3,26919.4,26960"
2026-04-23T03:15:00.000+07:00,"26960.1,26971.6,26942.4,26955.5"
2026-04-23T03:30:00.000+07:00,"26955.2,26963.6,26925.9,26947.9"
2026-04-23T03:45:00.000+07:00,"26946.6,26959.6,26942.5,26958.1"
2026-04-23T04:00:00.000+07:00,"26957.9,26968.4,26954.7,26966.8"
2026-04-23T04:15:00.000+07:00,"26966.7,26967,26954.1,26965.8"
2026-04-23T04:30:00.000+07:00,"26965.7,26965.8,26941.2,26942.3"
2026-04-23T04:45:00.000+07:00,"26942.8,26946.2,26926.5,26931.2"
2026-04-23T05:00:00.000+07:00,"26926.2,26945.8,26919.2,26938.1"
2026-04-23T05:15:00.000+07:00,"26937.8,26951.2,26934.2,26934.6"
2026-04-23T05:30:00.000+07:00,"26934.5,26941.9,26930,26934.9"
2026-04-23T05:45:00.000+07:00,"26934.7,26944.3,26934.6,26940.9"
2026-04-23T06:00:00.000+07:00,"26941.1,26945.1,26934.4,26944.7"
2026-04-23T06:15:00.000+07:00,"26944.6,26952,26941.3,26948.9"
2026-04-23T06:30:00.000+07:00,"26948.8,26948.9,26941,26945.5"
2026-04-23T06:45:00.000+07:00,"26945.6,26953.2,26944.6,26949.4"
2026-04-23T07:00:00.000+07:00,"26949.3,26952.1,26788.5,26789.9"
2026-04-23T07:15:00.000+07:00,"26790.7,26908.6,26702.7,26903.5"
2026-04-23T07:30:00.000+07:00,"26903.3,26925.3,26889.2,26900"
2026-04-23T07:45:00.000+07:00,"26899.9,26918.6,26894.6,26912"
2026-04-23T08:00:00.000+07:00,"26911.9,26915.6,26878.8,26885.8"
2026-04-23T08:15:00.000+07:00,"26885.6,26892.4,26867.4,26870.3"
2026-04-23T08:30:00.000+07:00,"26870.2,26888.1,26856.1,26870.8"
2026-04-23T08:45:00.000+07:00,"26870.7,26872,26847.2,26854.9"
2026-04-23T09:00:00.000+07:00,"26855,26855.7,26809.7,26810.4"
2026-04-23T09:15:00.000+07:00,"26810.1,26847.3,26802.2,26818.5"
2026-04-23T09:30:00.000+07:00,"26818.4,26835.1,26802.4,26812.3"
2026-04-23T09:45:00.000+07:00,"26812.2,26825.3,26799.2,26804.5"
2026-04-23T10:00:00.000+07:00,"26804.8,26814.2,26765.8,26771.5"
2026-04-23T10:15:00.000+07:00,"26771.4,26772.4,26750.1,26751.5"
2026-04-23T10:30:00.000+07:00,"26751.3,26756.1,26717.1,26734.1"
2026-04-23T10:45:00.000+07:00,"26734.2,26765.7,26732.2,26762.5"
2026-04-23T11:00:00.000+07:00,"26762.6,26783.9,26745.6,26782.7"
2026-04-23T11:15:00.000+07:00,"26782.6,26791.6,26775.4,26787"
2026-04-23T11:30:00.000+07:00,"26786.9,26804.6,26782.1,26797.4"
2026-04-23T11:45:00.000+07:00,"26797.3,26812.1,26792.2,26809.8"
2026-04-23T12:00:00.000+07:00,"26810.2,26820.7,26805.2,26815.7"
2026-04-23T12:15:00.000+07:00,"26816.2,26818.2,26791.6,26805.2"
2026-04-23T12:30:00.000+07:00,"26806,26817.5,26792.5,26800"
2026-04-23T12:45:00.000+07:00,"26800.1,26835.6,26799.5,26831.8"
2026-04-23T13:00:00.000+07:00,"26833.4,26846.3,26829.9,26836.3"
2026-04-23T13:15:00.000+07:00,"26836.8,26861,26834.5,26852.8"
2026-04-23T13:30:00.000+07:00,"26851.8,26859.7,26845.8,26847.9"
2026-04-23T13:45:00.000+07:00,"26847.8,26855.6,26835.8,26844.6"
2026-04-23T14:00:00.000+07:00,"26845,26854.4,26834.7,26847.1"
2026-04-23T14:15:00.000+07:00,"26847.3,26850.6,26827.9,26841.4"
2026-04-23T14:30:00.000+07:00,"26841.5,26852.8,26823.1,26850.8"
2026-04-23T14:45:00.000+07:00,"26851.1,26868.8,26840,26850.2"
2026-04-23T15:00:00.000+07:00,"26850.1,26856.6,26808.2,26822.3"
2026-04-23T15:15:00.000+07:00,"26822.5,26845.5,26819.1,26829.5"
2026-04-23T15:30:00.000+07:00,"26829.7,26831.3,26782.4,26786"
2026-04-23T15:45:00.000+07:00,"26785.8,26790.9,26771.9,26780.2"
2026-04-23T16:00:00.000+07:00,"26780.3,26782.8,26745,26763.4"
2026-04-23T16:15:00.000+07:00,"26763.6,26806.3,26760.4,26794.8"
2026-04-23T16:30:00.000+07:00,"26794.7,26815.9,26793.3,26803.7"
2026-04-23T16:45:00.000+07:00,"26803.4,26804.4,26792.6,26794.4"
2026-04-23T17:00:00.000+07:00,"26792.1,26796.8,26769.4,26777.1"
2026-04-23T17:15:00.000+07:00,"26777.2,26807.5,26777.2,26793.8"
2026-04-23T17:30:00.000+07:00,"26793.6,26834.1,26789.7,26806.6"
2026-04-23T17:45:00.000+07:00,"26806.4,26837.6,26800.1,26832.4"
2026-04-23T18:00:00.000+07:00,"26832.1,26847.5,26821.2,26834.5"
2026-04-23T18:15:00.000+07:00,"26834.9,26839.6,26808.4,26819.7"
2026-04-23T18:30:00.000+07:00,"26819.6,26840.5,26797.1,26839.2"
2026-04-23T18:45:00.000+07:00,"26839.4,26900.8,26836.6,26884.4"
2026-04-23T19:00:00.000+07:00,"26884.3,26932.3,26880.5,26916.6"
2026-04-23T19:15:00.000+07:00,"26916,26916,26873.5,26887.4"
2026-04-23T19:30:00.000+07:00,"26887.1,26903.1,26876.9,26888.2"
2026-04-23T19:45:00.000+07:00,"26888.3,26894.3,26816.4,26862.9"
2026-04-23T20:00:00.000+07:00,"26862.7,26883.2,26835.2,26855.2"
2026-04-23T20:15:00.000+07:00,"26855.6,26879.7,26846.4,26866.6"
2026-04-23T20:30:00.000+07:00,"26867.2,26921.7,26819,26912.2"
2026-04-23T20:45:00.000+07:00,"26912.1,26955.4,26866.5,26868.8"
2026-04-23T21:00:00.000+07:00,"26869.3,26880.8,26822.4,26841.1"
2026-04-23T21:15:00.000+07:00,"26841.5,26880.7,26836.6,26866"
2026-04-23T21:30:00.000+07:00,"26867,26908.8,26855.6,26885.1"
2026-04-23T21:45:00.000+07:00,"26885.2,26957.3,26885.2,26943.9"
2026-04-23T22:00:00.000+07:00,"26943.1,26982.9,26943.1,26970.7"
2026-04-23T22:15:00.000+07:00,"26970.8,27001.2,26960.1,26983.6"
2026-04-23T22:30:00.000+07:00,"26983.8,27007.5,26966.4,26972.4"
2026-04-23T22:45:00.000+07:00,"26972.2,26973.7,26912.1,26943.4"
2026-04-23T23:00:00.000+07:00,"26942.6,26950.5,26889.6,26933.1"
2026-04-23T23:15:00.000+07:00,"26931.8,26955.9,26918.7,26941.5"
2026-04-23T23:30:00.000+07:00,"26940,26968.3,26934.2,26952.5"
2026-04-23T23:45:00.000+07:00,"26952.3,26963.7,26925.4,26938.9"
2026-04-24T00:00:00.000+07:00,"26938.8,26948.5,26773.9,26799.4"
2026-04-24T00:15:00.000+07:00,"26798.9,26798.9,26711.6,26723.5"
2026-04-24T00:30:00.000+07:00,"26723.7,26802.5,26598,26615.4"
2026-04-24T00:45:00.000+07:00,"26615.3,26746.7,26535.7,26732.9"
2026-04-24T01:00:00.000+07:00,"26733.1,26799.9,26714.7,26770.9"
2026-04-24T01:15:00.000+07:00,"26770.6,26794.8,26754.9,26790.9"
2026-04-24T01:30:00.000+07:00,"26790.7,26833.7,26774.9,26800"
2026-04-24T01:45:00.000+07:00,"26799.9,26801.9,26695.6,26714.8"
2026-04-24T02:00:00.000+07:00,"26714.9,26756.2,26696.7,26755.3"
2026-04-24T02:15:00.000+07:00,"26755.4,26778.9,26754,26766.2"
2026-04-24T02:30:00.000+07:00,"26765.9,26785.9,26707,26719.9"
2026-04-24T02:45:00.000+07:00,"26720.7,26795.5,26695.5,26777"
2026-04-24T03:00:00.000+07:00,"26779,26841.2,26763.6,26800.6"
2026-04-24T03:15:00.000+07:00,"26799.4,26822.2,26770.1,26811"
2026-04-24T03:30:00.000+07:00,"26811.2,26820,26804.1,26813.5"
2026-04-24T03:45:00.000+07:00,"26813.8,26816.8,26785.9,26792.4"
2026-04-24T04:00:00.000+07:00,"26793.5,26819.3,26792.7,26813.4"
2026-04-24T04:15:00.000+07:00,"26814.3,26846.7,26813.2,26844"
2026-04-24T04:30:00.000+07:00,"26843.1,26867.7,26842.7,26860.4"
2026-04-24T04:45:00.000+07:00,"26861.1,26863.5,26851,26859.7"
2026-04-24T05:00:00.000+07:00,"26851.5,26904.2,26851.5,26898.2"
2026-04-24T05:15:00.000+07:00,"26897.2,26903.6,26885.4,26891.6"
2026-04-24T05:30:00.000+07:00,"26891.7,26900.9,26881.3,26890.9"
2026-04-24T05:45:00.000+07:00,"26890.6,26911.6,26890.6,26900.4"
2026-04-24T06:00:00.000+07:00,"26899.6,26907.8,26892.7,26895.5"
2026-04-24T06:15:00.000+07:00,"26895.4,26910.7,26892.5,26908.7"
2026-04-24T06:30:00.000+07:00,"26908.9,26932.2,26908.8,26924.5"
2026-04-24T06:45:00.000+07:00,"26924.6,26941,26924.6,26938.5"
2026-04-24T07:00:00.000+07:00,"26940.6,26971.5,26928.6,26969.2"
2026-04-24T07:15:00.000+07:00,"26969.3,26985.3,26961.1,26983"
2026-04-24T07:30:00.000+07:00,"26983.1,26996.2,26969.9,26977.5"
2026-04-24T07:45:00.000+07:00,"26977.8,26987.2,26964.5,26979.1"
2026-04-24T08:00:00.000+07:00,"26979.5,26985.5,26972,26975.6"
2026-04-24T08:15:00.000+07:00,"26975.7,26987.9,26969.6,26981"
2026-04-24T08:30:00.000+07:00,"26981.1,26983.5,26958.3,26968.9"
2026-04-24T08:45:00.000+07:00,"26969.2,26984,26967.7,26977.1"
2026-04-24T09:00:00.000+07:00,"26976.1,26979.7,26948.1,26954.8"
2026-04-24T09:15:00.000+07:00,"26954.7,26961.4,26932.7,26935.3"
2026-04-24T09:30:00.000+07:00,"26935.4,26953.2,26934.7,26946"
2026-04-24T09:45:00.000+07:00,"26946.1,26947.7,26917.5,26930.2"
2026-04-24T10:00:00.000+07:00,"26930.5,26939,26915.6,26918.7"
2026-04-24T10:15:00.000+07:00,"26918.8,26922.9,26894.8,26896"
2026-04-24T10:30:00.000+07:00,"26896.1,26903.4,26882.4,26890.6"
2026-04-24T10:45:00.000+07:00,"26890.5,26909.5,26889.2,26891.4"
2026-04-24T11:00:00.000+07:00,"26891.6,26906.9,26877.9,26902.2"
2026-04-24T11:15:00.000+07:00,"26901.9,26904.4,26875,26884.4"
2026-04-24T11:30:00.000+07:00,"26884.2,26901.7,26883.8,26900.7"
2026-04-24T11:45:00.000+07:00,"26900.6,26917.2,26899.2,26914.5"
2026-04-24T12:00:00.000+07:00,"26914.6,26915.7,26889.6,26908.8"
2026-04-24T12:15:00.000+07:00,"26909.4,26924.2,26901.3,26918.5"
2026-04-24T12:30:00.000+07:00,"26918.3,26937,26918.3,26931.6"
2026-04-24T12:45:00.000+07:00,"26931.5,26945.7,26929.1,26944.1"
2026-04-24T13:00:00.000+07:00,"26944.7,26957.8,26938.4,26947.1"
2026-04-24T13:15:00.000+07:00,"26947,26951.3,26928.8,26930.9"
2026-04-24T13:30:00.000+07:00,"26931.7,26947.5,26930.8,26938.3"
2026-04-24T13:45:00.000+07:00,"26938.2,26939.5,26925.3,26932.6"
2026-04-24T14:00:00.000+07:00,"26932.7,26965.9,26928.6,26960.9"
2026-04-24T14:15:00.000+07:00,"26960.7,26974.1,26949.3,26968.8"
2026-04-24T14:30:00.000+07:00,"26967.6,26968.1,26939.7,26946.8"
2026-04-24T14:45:00.000+07:00,"26946.7,26970.4,26943.5,26966.9"
2026-04-24T15:00:00.000+07:00,"26965.4,26968.8,26934.1,26948.8"
2026-04-24T15:15:00.000+07:00,"26948.9,27012,26948.9,26971.5"
2026-04-24T15:30:00.000+07:00,"26971.4,26972.3,26941.4,26944.1"
2026-04-24T15:45:00.000+07:00,"26944.2,26970.5,26942.2,26953.2"
2026-04-24T16:00:00.000+07:00,"26953.4,26963.8,26940.3,26958"
2026-04-24T16:15:00.000+07:00,"26957.9,26965.9,26923,26953.5"
2026-04-24T16:30:00.000+07:00,"26953.3,26973.6,26948.3,26971.5"
2026-04-24T16:45:00.000+07:00,"26971.9,26980.3,26958.6,26967.2"
2026-04-24T17:00:00.000+07:00,"26967,26998.9,26966.6,26996.9"
2026-04-24T17:15:00.000+07:00,"26996.8,27045,26993,27041.3"
2026-04-24T17:30:00.000+07:00,"27040.8,27052.9,27031.5,27036.4"
2026-04-24T17:45:00.000+07:00,"27037.2,27042,27029,27030.3"
2026-04-24T18:00:00.000+07:00,"27030,27166.7,27029.3,27138.7"
2026-04-24T18:15:00.000+07:00,"27138.6,27211.6,27124.7,27211.4"
2026-04-24T18:30:00.000+07:00,"27211.3,27223,27144.6,27153.1"
2026-04-24T18:45:00.000+07:00,"27152.8,27155.5,27125.5,27133.6"
2026-04-24T19:00:00.000+07:00,"27134.5,27162.7,27126.3,27158.9"
2026-04-24T19:15:00.000+07:00,"27159.2,27171.5,27124.9,27151.7"
2026-04-24T19:30:00.000+07:00,"27151.6,27153.8,27090.4,27103.7"
2026-04-24T19:45:00.000+07:00,"27104,27120.5,27061,27096.5"
2026-04-24T20:00:00.000+07:00,"27096.6,27124.7,27085.7,27103.3"
2026-04-24T20:15:00.000+07:00,"27103.5,27126.9,27067.1,27071.5"
2026-04-24T20:30:00.000+07:00,"27071.1,27119.7,27036,27075.1"
2026-04-24T20:45:00.000+07:00,"27075.3,27111.9,26988.1,27052.4"
2026-04-24T21:00:00.000+07:00,"27051.1,27123.6,27015.9,27092.2"
2026-04-24T21:15:00.000+07:00,"27091.7,27119.2,27045.3,27058.9"
2026-04-24T21:30:00.000+07:00,"27060,27116.5,27026.6,27111"
2026-04-24T21:45:00.000+07:00,"27110.9,27156.8,27089.1,27149.2"
2026-04-24T22:00:00.000+07:00,"27149.5,27177.6,27146.4,27177.2"
2026-04-24T22:15:00.000+07:00,"27177,27190.4,27153.3,27183.6"
2026-04-24T22:30:00.000+07:00,"27183.4,27250,27166.2,27239.5"
2026-04-24T22:45:00.000+07:00,"27238.7,27275.6,27204.3,27254.8"
2026-04-24T23:00:00.000+07:00,"27255.1,27261.3,27217.9,27240.1"
2026-04-24T23:15:00.000+07:00,"27240,27265.1,27225,27256"
2026-04-24T23:30:00.000+07:00,"27255.9,27288,27235.1,27249.9"
2026-04-24T23:45:00.000+07:00,"27250.1,27274.7,27242.4,27267.8"
2026-04-25T00:00:00.000+07:00,"27266.7,27280.2,27258.9,27266.3"
2026-04-25T00:15:00.000+07:00,"27266.4,27267.6,27225.1,27241.7"
2026-04-25T00:30:00.000+07:00,"27241.1,27276.7,27229.6,27270.6"
2026-04-25T00:45:00.000+07:00,"27270.5,27319,27267.5,27289.1"
2026-04-25T01:00:00.000+07:00,"27289.6,27300.7,27264,27274.2"
2026-04-25T01:15:00.000+07:00,"27274,27275.1,27242.8,27246.6"
2026-04-25T01:30:00.000+07:00,"27248.1,27280.9,27244.1,27266.7"
2026-04-25T01:45:00.000+07:00,"27266.6,27271.9,27253.9,27268.3"
2026-04-25T02:00:00.000+07:00,"27268.5,27305.4,27268.3,27301.3"
2026-04-25T02:15:00.000+07:00,"27302.1,27314.1,27279.2,27284"
2026-04-25T02:30:00.000+07:00,"27284.1,27286.8,27265,27277"
2026-04-25T02:45:00.000+07:00,"27276.9,27306,27268.9,27294.2"
2026-04-25T03:00:00.000+07:00,"27294.4,27300,27269.5,27276.1"
2026-04-25T03:15:00.000+07:00,"27276.6,27290.2,27272.8,27281"
2026-04-25T03:30:00.000+07:00,"27280.5,27302.3,27278,27295.1"
2026-04-25T03:45:00.000+07:00,"27294.6,27306.1,27289.3,27300.7"
2026-04-27T05:00:00.000+07:00,"27269.6,27283.3,27207.9,27221.2"
2026-04-27T05:15:00.000+07:00,"27221.1,27237.5,27219.2,27235.8"
2026-04-27T05:30:00.000+07:00,"27236.1,27252.8,27226.1,27247.6"
2026-04-27T05:45:00.000+07:00,"27247.3,27261.4,27242.4,27258.6"
2026-04-27T06:00:00.000+07:00,"27258.5,27259.5,27239.2,27242.9"
2026-04-27T06:15:00.000+07:00,"27243,27257.2,27241.6,27246.6"
2026-04-27T06:30:00.000+07:00,"27245,27245.3,27230.4,27241.4"
2026-04-27T06:45:00.000+07:00,"27241.6,27250.9,27233.2,27248.5"
2026-04-27T07:00:00.000+07:00,"27248.4,27275,27242.9,27271"
2026-04-27T07:15:00.000+07:00,"27270.8,27284.3,27260.9,27279.4"
2026-04-27T07:30:00.000+07:00,"27279.5,27301.5,27267.7,27297.5"
2026-04-27T07:45:00.000+07:00,"27297.4,27333.5,27292.4,27318.2"
2026-04-27T08:00:00.000+07:00,"27319.6,27363.9,27319.6,27332.8"
2026-04-27T08:15:00.000+07:00,"27332.9,27358.6,27318,27355.8"
2026-04-27T08:30:00.000+07:00,"27355.9,27385.1,27351.7,27376.6"
2026-04-27T08:45:00.000+07:00,"27376.9,27403.3,27373.5,27399.5"
2026-04-27T09:00:00.000+07:00,"27399.3,27405.6,27380.8,27389.5"
2026-04-27T09:15:00.000+07:00,"27389.1,27400.6,27375.8,27383.1"
2026-04-27T09:30:00.000+07:00,"27382.8,27395.4,27379.2,27381.7"
2026-04-27T09:45:00.000+07:00,"27382,27387.1,27378.9,27381.6"
2026-04-27T10:00:00.000+07:00,"27381.5,27398.1,27377.8,27381.8"
2026-04-27T10:15:00.000+07:00,"27381.7,27392.5,27378.3,27389.8"
2026-04-27T10:30:00.000+07:00,"27390,27396.1,27383,27392.2"
2026-04-27T10:45:00.000+07:00,"27392.1,27394.7,27384.7,27388.8"
2026-04-27T11:00:00.000+07:00,"27388.3,27391,27372.5,27376.7"
2026-04-27T11:15:00.000+07:00,"27376.9,27395,27376,27392.4"
2026-04-27T11:30:00.000+07:00,"27392.6,27403.6,27387.1,27394.6"
2026-04-27T11:45:00.000+07:00,"27394.5,27400.1,27374.3,27381.9"
2026-04-27T12:00:00.000+07:00,"27382.3,27383.9,27340.7,27341.1"
2026-04-27T12:15:00.000+07:00,"27341,27347.4,27320.1,27321.7"
2026-04-27T12:30:00.000+07:00,"27321.6,27330.1,27305.3,27321.2"
2026-04-27T12:45:00.000+07:00,"27321.3,27327.6,27306,27311.6"
2026-04-27T13:00:00.000+07:00,"27311.4,27319.5,27291.7,27304.5"
2026-04-27T13:15:00.000+07:00,"27304.6,27316.4,27291.9,27312.8"
2026-04-27T13:30:00.000+07:00,"27312.9,27314.5,27286.6,27303.5"
2026-04-27T13:45:00.000+07:00,"27303.7,27310.6,27292.1,27296.8"
2026-04-27T14:00:00.000+07:00,"27296.9,27307.9,27271,27290.1"
2026-04-27T14:15:00.000+07:00,"27290.2,27298.7,27276.1,27281.7"
2026-04-27T14:30:00.000+07:00,"27281.8,27289.1,27269.2,27282.7"
2026-04-27T14:45:00.000+07:00,"27282.4,27298.1,27278.8,27289.2"
2026-04-27T15:00:00.000+07:00,"27289.1,27298.4,27251.2,27254.4"
2026-04-27T15:15:00.000+07:00,"27254.2,27281.9,27249.9,27277.7"
2026-04-27T15:30:00.000+07:00,"27278.3,27300.9,27274.9,27296.1"
2026-04-27T15:45:00.000+07:00,"27296,27308.1,27294.7,27302"
2026-04-27T16:00:00.000+07:00,"27302.2,27313.9,27298.9,27311.3"
2026-04-27T16:15:00.000+07:00,"27311.1,27318.6,27303,27315.5"
2026-04-27T16:30:00.000+07:00,"27315.4,27322.9,27309,27313.7"
2026-04-27T16:45:00.000+07:00,"27313.5,27330.1,27311.8,27317.3"
2026-04-27T17:00:00.000+07:00,"27317.5,27322.7,27303.1,27310.2"
2026-04-27T17:15:00.000+07:00,"27310.1,27329.2,27308.5,27317.1"
2026-04-27T17:30:00.000+07:00,"27317.4,27344.6,27313.3,27341.4"
2026-04-27T17:45:00.000+07:00,"27341.5,27346.7,27329.9,27338.1"
2026-04-27T18:00:00.000+07:00,"27338.2,27355.4,27337.5,27347.8"
2026-04-27T18:15:00.000+07:00,"27347.9,27361.3,27339.5,27355.8"
2026-04-27T18:30:00.000+07:00,"27355.9,27362.9,27340.3,27343.5"
2026-04-27T18:45:00.000+07:00,"27343.4,27355.7,27339.6,27343.5"
2026-04-27T19:00:00.000+07:00,"27344.2,27345.4,27323.8,27329.6"
2026-04-27T19:15:00.000+07:00,"27329.8,27331.4,27261.1,27283.3"
2026-04-27T19:30:00.000+07:00,"27283.1,27287.1,27252.3,27279.9"
2026-04-27T19:45:00.000+07:00,"27279.8,27299.5,27270.7,27283.8"
2026-04-27T20:00:00.000+07:00,"27283.7,27296.9,27247.3,27280"
2026-04-27T20:15:00.000+07:00,"27279.9,27289.6,27257,27272.8"
2026-04-27T20:30:00.000+07:00,"27273.15,27291.2,27217.6,27250.1"
2026-04-27T20:45:00.000+07:00,"27250.8,27277,27163.7,27265.5"
2026-04-27T21:00:00.000+07:00,"27266.1,27273.9,27214.3,27254.3"
2026-04-27T21:15:00.000+07:00,"27254.1,27256.9,27217.1,27222.8"
2026-04-27T21:30:00.000+07:00,"27223.2,27267.3,27184.9,27240.2"
2026-04-27T21:45:00.000+07:00,"27240.9,27253.3,27208.9,27231"
2026-04-27T22:00:00.000+07:00,"27230.7,27241.3,27194.3,27202.6"
2026-04-27T22:15:00.000+07:00,"27202.4,27222.7,27171.1,27207.5"
2026-04-27T22:30:00.000+07:00,"27207.3,27245.5,27197.2,27235.3"
2026-04-27T22:45:00.000+07:00,"27234.9,27244,27212.1,27229.3"
2026-04-27T23:00:00.000+07:00,"27229.9,27247,27210.8,27238.5"
2026-04-27T23:15:00.000+07:00,"27238.7,27254,27235.1,27240.1"
2026-04-27T23:30:00.000+07:00,"27239.7,27271.7,27239.6,27261.8"
2026-04-27T23:45:00.000+07:00,"27261.6,27270.5,27243.2,27255.8"
2026-04-28T00:00:00.000+07:00,"27254.2,27279.8,27254.2,27278.7"
2026-04-28T00:15:00.000+07:00,"27278.9,27283.8,27244.4,27273.6"
2026-04-28T00:30:00.000+07:00,"27273.5,27301.9,27273.5,27293.1"
2026-04-28T00:45:00.000+07:00,"27293.3,27304.1,27283.9,27292.5"
2026-04-28T01:00:00.000+07:00,"27291.7,27299.5,27280.9,27294.4"
2026-04-28T01:15:00.000+07:00,"27294.6,27300.6,27286.5,27292.2"
2026-04-28T01:30:00.000+07:00,"27291.5,27297.7,27271.6,27275.9"
2026-04-28T01:45:00.000+07:00,"27275.7,27276.6,27255,27264"
2026-04-28T02:00:00.000+07:00,"27263.9,27279.4,27255.6,27277.9"
2026-04-28T02:15:00.000+07:00,"27277.7,27292.4,27276.6,27286.5"
2026-04-28T02:30:00.000+07:00,"27286.8,27297.1,27273.9,27291"
2026-04-28T02:45:00.000+07:00,"27290.7,27315.7,27289.2,27307.7"
2026-04-28T03:00:00.000+07:00,"27307.3,27307.95,27284.2,27289.3"
2026-04-28T03:15:00.000+07:00,"27288.8,27296.4,27273.6,27288.2"
2026-04-28T03:30:00.000+07:00,"27287.8,27304.3,27286.1,27296.6"
2026-04-28T03:45:00.000+07:00,"27296.1,27298.8,27280.6,27282.2"
2026-04-28T04:00:00.000+07:00,"27286.9,27291,27282.5,27289.5"
2026-04-28T04:15:00.000+07:00,"27289.6,27291.2,27287.3,27288.8"
2026-04-28T04:30:00.000+07:00,"27288.9,27293,27286.5,27288.8"
2026-04-28T04:45:00.000+07:00,"27288.6,27291.2,27287.6,27288.6"
2026-04-28T05:00:00.000+07:00,"27288,27354.9,27286.9,27349"
2026-04-28T05:15:00.000+07:00,"27348.9,27366.1,27348.8,27359.7"
2026-04-28T05:30:00.000+07:00,"27359.8,27364.7,27356.3,27360"
2026-04-28T05:45:00.000+07:00,"27360.1,27360.7,27346.6,27350"
2026-04-28T06:00:00.000+07:00,"27350.1,27354.4,27339.4,27343.3"
2026-04-28T06:15:00.000+07:00,"27343.1,27360.7,27343.1,27354.6"
2026-04-28T06:30:00.000+07:00,"27354.7,27370.7,27351.4,27363.5"
2026-04-28T06:45:00.000+07:00,"27363.3,27364.7,27350,27354.7"
2026-04-28T07:00:00.000+07:00,"27354.6,27378.8,27345.8,27369.1"
2026-04-28T07:15:00.000+07:00,"27369,27369,27315.9,27332.2"
2026-04-28T07:30:00.000+07:00,"27332.5,27345.6,27323.1,27340.9"
2026-04-28T07:45:00.000+07:00,"27340.8,27346.1,27332.1,27332.2"
2026-04-28T08:00:00.000+07:00,"27332.7,27338.5,27316.3,27327.6"
2026-04-28T08:15:00.000+07:00,"27327.7,27337.7,27321.6,27336.6"
2026-04-28T08:30:00.000+07:00,"27336.5,27349.8,27324.9,27345.3"
2026-04-28T08:45:00.000+07:00,"27345.4,27347.6,27282.9,27286.8"
2026-04-28T09:00:00.000+07:00,"27286.6,27300.7,27278.9,27296.5"
2026-04-28T09:15:00.000+07:00,"27296.6,27303.6,27290.3,27294.5"
2026-04-28T09:30:00.000+07:00,"27294.3,27294.3,27269.8,27274.6"
2026-04-28T09:45:00.000+07:00,"27274.5,27279.6,27252.7,27261.6"
2026-04-28T10:00:00.000+07:00,"27262.1,27276.7,27255.5,27275.3"
2026-04-28T10:15:00.000+07:00,"27275.1,27289.5,27271.7,27287.1"
2026-04-28T10:30:00.000+07:00,"27287,27295.4,27285.3,27286.7"
2026-04-28T10:45:00.000+07:00,"27286.8,27287.2,27271.5,27275.5"
2026-04-28T11:00:00.000+07:00,"27275.3,27292.3,27269.4,27290.1"
2026-04-28T11:15:00.000+07:00,"27290.3,27296.8,27287.5,27293.2"
2026-04-28T11:30:00.000+07:00,"27292.7,27304.9,27292.4,27302.3"
2026-04-28T11:45:00.000+07:00,"27302.4,27306.5,27281.2,27283.6"
2026-04-28T12:00:00.000+07:00,"27283.7,27289,27239.3,27253.5"
2026-04-28T12:15:00.000+07:00,"27253.2,27264.3,27241.6,27259.6"
2026-04-28T12:30:00.000+07:00,"27259.8,27260.1,27215.6,27237.8"
2026-04-28T12:45:00.000+07:00,"27237.6,27240.7,27218.3,27230.8"
2026-04-28T13:00:00.000+07:00,"27231.1,27245.1,27220,27237.9"
2026-04-28T13:15:00.000+07:00,"27238.5,27240.5,27223.6,27235.5"
2026-04-28T13:30:00.000+07:00,"27235.3,27241.6,27197.4,27201.6"
2026-04-28T13:45:00.000+07:00,"27201.7,27210,27187.4,27203.9"
2026-04-28T14:00:00.000+07:00,"27204.2,27212,27187.9,27204.5"
2026-04-28T14:15:00.000+07:00,"27204.6,27215,27187.6,27195.2"
2026-04-28T14:30:00.000+07:00,"27195.3,27219.2,27193.1,27205.4"
2026-04-28T14:45:00.000+07:00,"27205.6,27213.2,27189.3,27204.6"
2026-04-28T15:00:00.000+07:00,"27204.5,27207.5,27168,27181.9"
2026-04-28T15:15:00.000+07:00,"27181.8,27223.6,27181.8,27223.3"
2026-04-28T15:30:00.000+07:00,"27224.2,27225.6,27209,27211.9"
2026-04-28T15:45:00.000+07:00,"27211.1,27218.8,27202.1,27218.5"
2026-04-28T16:00:00.000+07:00,"27218.7,27220.9,27192.9,27207.8"
2026-04-28T16:15:00.000+07:00,"27207.9,27211.3,27175.7,27181.2"
2026-04-28T16:30:00.000+07:00,"27181.1,27183.7,27141.6,27150.8"
2026-04-28T16:45:00.000+07:00,"27150.3,27164.6,27122.3,27149.6"
2026-04-28T17:00:00.000+07:00,"27149.5,27168,27128.7,27131.5"
2026-04-28T17:15:00.000+07:00,"27131.3,27151.3,27116.4,27136"
2026-04-28T17:30:00.000+07:00,"27135.9,27146.6,27118.4,27119"
2026-04-28T17:45:00.000+07:00,"27118.8,27131.6,27105.2,27128.6"
2026-04-28T18:00:00.000+07:00,"27127.8,27136.6,27048.6,27058.7"
2026-04-28T18:15:00.000+07:00,"27058.4,27062.8,27007.4,27021.5"
2026-04-28T18:30:00.000+07:00,"27020.9,27023.1,26970.8,27011.2"
2026-04-28T18:45:00.000+07:00,"27011,27015.8,26947.9,26959.4"
2026-04-28T19:00:00.000+07:00,"26959.2,26974.7,26927.7,26965"
2026-04-28T19:15:00.000+07:00,"26964.9,26989,26911.6,26920.6"
2026-04-28T19:30:00.000+07:00,"26920.4,26976,26902.4,26961.2"
2026-04-28T19:45:00.000+07:00,"26960.9,27018.1,26957.6,27014.9"
2026-04-28T20:00:00.000+07:00,"27014.8,27032.1,26986.9,26991.8"
2026-04-28T20:15:00.000+07:00,"26991.9,27045.9,26979,27027.4"
2026-04-28T20:30:00.000+07:00,"27028,27106,26935.7,27078.2"
2026-04-28T20:45:00.000+07:00,"27078.1,27117,27008.5,27070.5"
2026-04-28T21:00:00.000+07:00,"27070,27099.5,27035.3,27071.7"
2026-04-28T21:15:00.000+07:00,"27071.3,27083,27016.9,27038.2"
2026-04-28T21:30:00.000+07:00,"27035.7,27046.9,26907.1,26967.8"
2026-04-28T21:45:00.000+07:00,"26967.4,26977.9,26876.9,26957.4"
2026-04-28T22:00:00.000+07:00,"26957.5,26983.4,26896,26961"
2026-04-28T22:15:00.000+07:00,"26960.7,26969.5,26902.7,26913.4"
2026-04-28T22:30:00.000+07:00,"26912.7,26923.8,26878.8,26905.3"
2026-04-28T22:45:00.000+07:00,"26905.1,26921.1,26876.6,26919"
2026-04-28T23:00:00.000+07:00,"26919.4,26952.9,26907.5,26937.1"
2026-04-28T23:15:00.000+07:00,"26937.2,26954.6,26921.9,26938.5"
2026-04-28T23:30:00.000+07:00,"26938.4,26944.9,26895.6,26908"
2026-04-28T23:45:00.000+07:00,"26907.7,26962.6,26904.8,26951.7"
2026-04-29T00:00:00.000+07:00,"26950.9,26962.5,26914.6,26937.6"
2026-04-29T00:15:00.000+07:00,"26937.4,26960.2,26915,26949.8"
2026-04-29T00:30:00.000+07:00,"26949.6,26999.6,26949.2,26986.7"
2026-04-29T00:45:00.000+07:00,"26986.5,27011.9,26981,27008.8"
2026-04-29T01:00:00.000+07:00,"27007.4,27014.1,26986.9,27007.4"
2026-04-29T01:15:00.000+07:00,"27007.8,27049.5,27007.6,27042.4"
2026-04-29T01:30:00.000+07:00,"27042.2,27048,27018.6,27044.5"
2026-04-29T01:45:00.000+07:00,"27044.6,27062,27036.8,27061.6"
2026-04-29T02:00:00.000+07:00,"27061,27091.4,27054.3,27072.8"
2026-04-29T02:15:00.000+07:00,"27073.1,27073.1,27038.4,27051.8"
2026-04-29T02:30:00.000+07:00,"27051.1,27056.4,27029.4,27043.4"
2026-04-29T02:45:00.000+07:00,"27043,27053.6,27020.9,27035.5"
2026-04-29T03:00:00.000+07:00,"27033,27063.1,27009.9,27049.8"
2026-04-29T03:15:00.000+07:00,"27049.3,27069.1,27048.5,27061.9"
2026-04-29T03:30:00.000+07:00,"27062.6,27065.7,27053.1,27057.3"
2026-04-29T03:45:00.000+07:00,"27057.5,27061.2,27048.7,27054.6"
2026-04-29T04:00:00.000+07:00,"27054.5,27060,27050.9,27055"
2026-04-29T04:15:00.000+07:00,"27054.9,27061.2,27053.4,27060.8"
2026-04-29T04:30:00.000+07:00,"27061,27062.1,27055.5,27056.2"
2026-04-29T04:45:00.000+07:00,"27056.4,27063,27054.9,27059.6"
2026-04-29T05:00:00.000+07:00,"27062.2,27096.6,27062.2,27088.4"
2026-04-29T05:15:00.000+07:00,"27088.2,27092.7,27074.1,27080.9"
2026-04-29T05:30:00.000+07:00,"27081,27092.2,27081,27086.3"
2026-04-29T05:45:00.000+07:00,"27086.4,27090.3,27082.6,27090.1"
2026-04-29T06:00:00.000+07:00,"27090,27093,27077.8,27085.3"
2026-04-29T06:15:00.000+07:00,"27085.7,27090.5,27084.7,27089.8"
2026-04-29T06:30:00.000+07:00,"27090,27106.9,27088.7,27104.3"
2026-04-29T06:45:00.000+07:00,"27104.1,27114.4,27098.8,27113.4"
2026-04-29T07:00:00.000+07:00,"27113.3,27145.3,27113.3,27144.3"
2026-04-29T07:15:00.000+07:00,"27143.8,27155.7,27129.9,27152.5"
2026-04-29T07:30:00.000+07:00,"27152.6,27160.5,27136.4,27145"
2026-04-29T07:45:00.000+07:00,"27145.1,27147,27127.3,27130"
2026-04-29T08:00:00.000+07:00,"27130.5,27131,27056.5,27086.1"
2026-04-29T08:15:00.000+07:00,"27085.2,27102.3,27078.2,27094.1"
2026-04-29T08:30:00.000+07:00,"27094.2,27135.8,27089.2,27126.1"
2026-04-29T08:45:00.000+07:00,"27126,27129.7,27105.1,27111.7"
2026-04-29T09:00:00.000+07:00,"27111.8,27137.6,27110.2,27133.8"
2026-04-29T09:15:00.000+07:00,"27134.1,27147,27125.7,27131.7"
2026-04-29T09:30:00.000+07:00,"27131.8,27133.2,27111.9,27120.3"
2026-04-29T09:45:00.000+07:00,"27120.6,27135.9,27116.7,27133.4"
2026-04-29T10:00:00.000+07:00,"27133.5,27159.6,27132.8,27147.3"
2026-04-29T10:15:00.000+07:00,"27147.5,27157.4,27145.4,27151.8"
2026-04-29T10:30:00.000+07:00,"27152,27154.3,27143.2,27144.7"
2026-04-29T10:45:00.000+07:00,"27144.9,27151.1,27141.3,27147.9"
2026-04-29T11:00:00.000+07:00,"27147.8,27162.3,27147.7,27161"
2026-04-29T11:15:00.000+07:00,"27160.7,27162.9,27152.8,27157.2"
2026-04-29T11:30:00.000+07:00,"27157.4,27177.8,27157.2,27168.5"
2026-04-29T11:45:00.000+07:00,"27168.4,27169.6,27157.4,27162"
2026-04-29T12:00:00.000+07:00,"27161.9,27168.7,27146.4,27150.3"
2026-04-29T12:15:00.000+07:00,"27150.4,27160.1,27142.4,27158.6"
2026-04-29T12:30:00.000+07:00,"27158.5,27169.3,27152.8,27166.2"
2026-04-29T12:45:00.000+07:00,"27166.6,27174.1,27160.8,27160.8"
2026-04-29T13:00:00.000+07:00,"27160.1,27183.1,27157.9,27160.5"
2026-04-29T13:15:00.000+07:00,"27160.6,27160.8,27146.5,27147.8"
2026-04-29T13:30:00.000+07:00,"27147.9,27164.5,27142.5,27158.7"
2026-04-29T13:45:00.000+07:00,"27158.8,27159.1,27126,27129.6"
2026-04-29T14:00:00.000+07:00,"27130,27154.1,27120,27122.5"
2026-04-29T14:15:00.000+07:00,"27122.7,27133.3,27111.4,27127.6"
2026-04-29T14:30:00.000+07:00,"27127.4,27138.7,27102,27102.3"
2026-04-29T14:45:00.000+07:00,"27103,27107.1,27076.6,27102.7"
2026-04-29T15:00:00.000+07:00,"27110.2,27127,27071.9,27074"
2026-04-29T15:15:00.000+07:00,"27074.2,27115.1,27062.8,27110.5"
2026-04-29T15:30:00.000+07:00,"27111,27115,27072.4,27105.6"
2026-04-29T15:45:00.000+07:00,"27105.3,27112.8,27094,27105.4"
2026-04-29T16:00:00.000+07:00,"27105.6,27126.4,27093.7,27120.7"
2026-04-29T16:15:00.000+07:00,"27120.4,27135.9,27105.5,27115.8"
2026-04-29T16:30:00.000+07:00,"27115.7,27131.3,27099.8,27102.9"
2026-04-29T16:45:00.000+07:00,"27103.3,27114.7,27086.5,27093.5"
2026-04-29T17:00:00.000+07:00,"27093.4,27111.8,27078.7,27109.9"
2026-04-29T17:15:00.000+07:00,"27110,27153.3,27107.8,27146.9"
2026-04-29T17:30:00.000+07:00,"27147.5,27153.9,27121.9,27128.7"
2026-04-29T17:45:00.000+07:00,"27128.8,27140.8,27118.4,27130"
2026-04-29T18:00:00.000+07:00,"27129.9,27142.3,27119.5,27135.2"
2026-04-29T18:15:00.000+07:00,"27135.1,27145.6,27123.4,27127.5"
2026-04-29T18:30:00.000+07:00,"27127.1,27151.5,27105.3,27113.9"
2026-04-29T18:45:00.000+07:00,"27113.8,27126.4,27099.6,27116.2"
2026-04-29T19:00:00.000+07:00,"27116.7,27117.7,27094.9,27100.4"
2026-04-29T19:15:00.000+07:00,"27100.3,27115.5,27085.9,27097.4"
2026-04-29T19:30:00.000+07:00,"27097.8,27114.2,27057.1,27107.2"
2026-04-29T19:45:00.000+07:00,"27107.1,27111.5,27082.5,27091.5"
2026-04-29T20:00:00.000+07:00,"27091.6,27115.5,27091.6,27107.4"
2026-04-29T20:15:00.000+07:00,"27107.5,27111.4,27064.8,27071.1"
2026-04-29T20:30:00.000+07:00,"27071.7,27084,26989.9,27044.5"
2026-04-29T20:45:00.000+07:00,"27044.7,27101.1,27022.1,27089.2"
2026-04-29T21:00:00.000+07:00,"27089.8,27094.2,27047.2,27081.9"
2026-04-29T21:15:00.000+07:00,"27082.7,27143.3,27072,27135.2"
2026-04-29T21:30:00.000+07:00,"27135.3,27182.4,27116.2,27172.8"
2026-04-29T21:45:00.000+07:00,"27173.4,27179.9,27149.4,27169.8"
2026-04-29T22:00:00.000+07:00,"27169.9,27177,27090.6,27098.3"
2026-04-29T22:15:00.000+07:00,"27098.5,27152,27087.7,27143"
2026-04-29T22:30:00.000+07:00,"27143.2,27160.1,27132.7,27147.5"
2026-04-29T22:45:00.000+07:00,"27147.6,27166.9,27068.2,27107.9"
2026-04-29T23:00:00.000+07:00,"27107.5,27137.5,27098.3,27112.5"
2026-04-29T23:15:00.000+07:00,"27112.4,27122.1,27066.9,27068.3"
2026-04-29T23:30:00.000+07:00,"27068.4,27075.7,27018.5,27071"
2026-04-29T23:45:00.000+07:00,"27070.9,27088,27049.6,27064.3"
2026-04-30T00:00:00.000+07:00,"27064.9,27084.1,27037.2,27072"
2026-04-30T00:15:00.000+07:00,"27071.9,27094.7,27058.7,27081.5"
2026-04-30T00:30:00.000+07:00,"27080.7,27096.5,27070.8,27084.4"
2026-04-30T00:45:00.000+07:00,"27084.1,27119.2,27080.8,27114.4"
2026-04-30T01:00:00.000+07:00,"27115.2,27121.7,27025.9,27058.2"
2026-04-30T01:15:00.000+07:00,"27058,27104.3,27055.2,27075.9"
2026-04-30T01:30:00.000+07:00,"27076.6,27132,27047.9,27059.5"
2026-04-30T01:45:00.000+07:00,"27059.4,27167.5,27041.7,27161.3"
2026-04-30T02:00:00.000+07:00,"27159.6,27186.1,27128.6,27184.4"
2026-04-30T02:15:00.000+07:00,"27184.3,27203.5,27162,27174.1"
2026-04-30T02:30:00.000+07:00,"27174,27177.5,27132.1,27142.9"
2026-04-30T02:45:00.000+07:00,"27143,27201.4,27127.6,27198.9"
2026-04-30T03:00:00.000+07:00,"27197.7,27275.4,26983.1,26994.2"
2026-04-30T03:15:00.000+07:00,"26994.9,27152.7,26958.8,27144.7"
2026-04-30T03:30:00.000+07:00,"27145.2,27163.3,27113.6,27116.7"
2026-04-30T03:45:00.000+07:00,"27116.5,27137.5,27011.6,27011.6"
2026-04-30T04:00:00.000+07:00,"27013.3,27056.7,27013.3,27052.9"
2026-04-30T04:15:00.000+07:00,"27053.2,27098,27051.7,27085.3"
2026-04-30T04:30:00.000+07:00,"27085.4,27134.3,27076.7,27133.5"
2026-04-30T04:45:00.000+07:00,"27134.5,27158.8,27114.8,27137.6"
2026-04-30T05:00:00.000+07:00,"27076.7,27304.1,27076.7,27298.9"
2026-04-30T05:15:00.000+07:00,"27299,27365.7,27291.9,27332.4"
2026-04-30T05:30:00.000+07:00,"27332.8,27355.2,27317.7,27336.2"
2026-04-30T05:45:00.000+07:00,"27336,27363.5,27332.1,27336.6"
2026-04-30T06:00:00.000+07:00,"27336.1,27348.7,27329,27339.8"
2026-04-30T06:15:00.000+07:00,"27339.7,27341.6,27318.4,27337.4"
2026-04-30T06:30:00.000+07:00,"27337.5,27386.9,27337.4,27384.7"
2026-04-30T06:45:00.000+07:00,"27384.9,27422.4,27374.7,27415.8"
2026-04-30T07:00:00.000+07:00,"27415.7,27459.5,27415.7,27439.3"
2026-04-30T07:15:00.000+07:00,"27439.4,27456.2,27424.6,27442.8"
2026-04-30T07:30:00.000+07:00,"27442.9,27490.3,27442.9,27470"
2026-04-30T07:45:00.000+07:00,"27470.1,27481.3,27455.4,27461.5"
2026-04-30T08:00:00.000+07:00,"27460.5,27468.7,27432.3,27433.5"
2026-04-30T08:15:00.000+07:00,"27433.3,27449.2,27431.8,27445.5"
2026-04-30T08:30:00.000+07:00,"27445.9,27463.9,27422.5,27432.9"
2026-04-30T08:45:00.000+07:00,"27433,27450.4,27422.4,27445.7"
2026-04-30T09:00:00.000+07:00,"27445.4,27454,27426.4,27431.8"
2026-04-30T09:15:00.000+07:00,"27431.9,27435.3,27379.3,27381.8"
2026-04-30T09:30:00.000+07:00,"27381.9,27383.1,27252.3,27304.6"
2026-04-30T09:45:00.000+07:00,"27304.5,27308.9,27260.2,27293.8"
2026-04-30T10:00:00.000+07:00,"27293.7,27320.2,27270.1,27279"
2026-04-30T10:15:00.000+07:00,"27278.9,27293.1,27268.4,27290.6"
2026-04-30T10:30:00.000+07:00,"27290.7,27306.6,27279.1,27294"
2026-04-30T10:45:00.000+07:00,"27294.1,27299.7,27270.7,27274.2"
2026-04-30T11:00:00.000+07:00,"27274,27277.3,27186.1,27205.9"
2026-04-30T11:15:00.000+07:00,"27205.8,27212.5,27145.7,27161.6"
2026-04-30T11:30:00.000+07:00,"27162.1,27164.5,27106.5,27132.6"
2026-04-30T11:45:00.000+07:00,"27132.3,27145.8,27097.2,27097.9"
2026-04-30T12:00:00.000+07:00,"27097.6,27173.6,27097.5,27169.9"
2026-04-30T12:15:00.000+07:00,"27169.8,27173.5,27109.4,27119.5"
2026-04-30T12:30:00.000+07:00,"27119.6,27163.6,27116.4,27140.1"
2026-04-30T12:45:00.000+07:00,"27139,27145.5,27087.7,27089.3"
2026-04-30T13:00:00.000+07:00,"27088.4,27097.6,27051.6,27079.3"
2026-04-30T13:15:00.000+07:00,"27079.1,27106.4,27067.3,27098.2"
2026-04-30T13:30:00.000+07:00,"27098,27173,27098,27137.7"
2026-04-30T13:45:00.000+07:00,"27137.8,27157.3,27118,27150.3"
2026-04-30T14:00:00.000+07:00,"27151,27208.3,27135.6,27191"
2026-04-30T14:15:00.000+07:00,"27190.9,27230.5,27169.2,27227.6"
2026-04-30T14:30:00.000+07:00,"27226.9,27245,27216.8,27224.6"
2026-04-30T14:45:00.000+07:00,"27224.8,27232.1,27201.4,27216.4"
2026-04-30T15:00:00.000+07:00,"27216.3,27249.6,27206.2,27221.7"
2026-04-30T15:15:00.000+07:00,"27221.8,27228.6,27189.6,27227.3"
2026-04-30T15:30:00.000+07:00,"27227.5,27263,27224.2,27251.1"
2026-04-30T15:45:00.000+07:00,"27251,27260.1,27224.5,27224.5"
2026-04-30T16:00:00.000+07:00,"27226.4,27245.6,27207.6,27218.6"
2026-04-30T16:15:00.000+07:00,"27218.9,27261.7,27195.7,27258.2"
2026-04-30T16:30:00.000+07:00,"27257.4,27307.3,27237,27242.4"
2026-04-30T16:45:00.000+07:00,"27242,27257.3,27222.1,27234.5"
2026-04-30T17:00:00.000+07:00,"27234.2,27267.2,27234,27244.2"
2026-04-30T17:15:00.000+07:00,"27244,27288.4,27236.3,27281.9"
2026-04-30T17:30:00.000+07:00,"27282,27298.7,27237.3,27245.8"
2026-04-30T17:45:00.000+07:00,"27245.6,27268.4,27221.3,27240.5"
2026-04-30T18:00:00.000+07:00,"27242.6,27303.6,27235.6,27278.9"
2026-04-30T18:15:00.000+07:00,"27278.7,27356,27277.5,27352.8"
2026-04-30T18:30:00.000+07:00,"27352.9,27361.1,27315.4,27315.6"
2026-04-30T18:45:00.000+07:00,"27315.3,27331.7,27299.9,27305.5"
2026-04-30T19:00:00.000+07:00,"27304.8,27355.9,27304.8,27351"
2026-04-30T19:15:00.000+07:00,"27350.6,27404.4,27350.1,27404.4"
2026-04-30T19:30:00.000+07:00,"27404.3,27412.4,27339,27352"
2026-04-30T19:45:00.000+07:00,"27352.2,27398.6,27344.1,27388.1"
2026-04-30T20:00:00.000+07:00,"27388.3,27404.5,27363.6,27366.5"
2026-04-30T20:15:00.000+07:00,"27366.6,27379.8,27358,27360.6"
2026-04-30T20:30:00.000+07:00,"27360.5,27360.5,27137.6,27210.8"
2026-04-30T20:45:00.000+07:00,"27210.9,27230.2,27071.4,27113.6"
2026-04-30T21:00:00.000+07:00,"27114.4,27170.2,27068,27120.1"
2026-04-30T21:15:00.000+07:00,"27120.4,27123.6,27029.9,27093.6"
2026-04-30T21:30:00.000+07:00,"27092.8,27141,27037.2,27110.4"
2026-04-30T21:45:00.000+07:00,"27110.3,27241.1,27108.5,27225.2"
2026-04-30T22:00:00.000+07:00,"27225.1,27281.6,27224.5,27269"
2026-04-30T22:15:00.000+07:00,"27269.2,27285.6,27246.2,27273.7"
2026-04-30T22:30:00.000+07:00,"27272.9,27303.4,27220.1,27231"
2026-04-30T22:45:00.000+07:00,"27230.3,27288.4,27199.2,27255.2"
2026-04-30T23:00:00.000+07:00,"27255.3,27298.9,27223.7,27296.5"
2026-04-30T23:15:00.000+07:00,"27296.7,27301.1,27262.1,27281.4"
2026-04-30T23:30:00.000+07:00,"27282.3,27291.6,27261.1,27263.3"
2026-04-30T23:45:00.000+07:00,"27263.6,27269.9,27215.2,27237.1"
2026-05-01T00:00:00.000+07:00,"27237.3,27320.2,27235.6,27313.2"
2026-05-01T00:15:00.000+07:00,"27313,27328.7,27292,27327.8"
2026-05-01T00:30:00.000+07:00,"27327.4,27371.1,27327.2,27363.7"
2026-05-01T00:45:00.000+07:00,"27363.3,27413.1,27363.3,27407.7"
2026-05-01T01:00:00.000+07:00,"27407.6,27451.5,27407.4,27435.3"
2026-05-01T01:15:00.000+07:00,"27435.1,27448.8,27415.9,27426"
2026-05-01T01:30:00.000+07:00,"27426.1,27455.7,27425.4,27439.6"
2026-05-01T01:45:00.000+07:00,"27440.3,27447.4,27413.1,27415.7"
2026-05-01T02:00:00.000+07:00,"27415.2,27461.6,27406.6,27460.4"
2026-05-01T02:15:00.000+07:00,"27460.7,27473.7,27453.4,27458.6"
2026-05-01T02:30:00.000+07:00,"27458.7,27483.4,27449.7,27482"
2026-05-01T02:45:00.000+07:00,"27482.1,27485.2,27436.6,27442.7"
2026-05-01T03:00:00.000+07:00,"27441.9,27466.1,27421.3,27450.7"
2026-05-01T03:15:00.000+07:00,"27451.7,27476.8,27451.4,27466.4"
2026-05-01T03:30:00.000+07:00,"27466.9,27481.4,27441.2,27446.7"
2026-05-01T03:45:00.000+07:00,"27446.4,27469.2,27445.4,27462.2"
2026-05-01T04:00:00.000+07:00,"27464.2,27464.6,27427.9,27436.6"
2026-05-01T04:15:00.000+07:00,"27436.7,27448.6,27426.4,27427.5"
2026-05-01T04:30:00.000+07:00,"27427.6,27532.4,27422.8,27510.1"
2026-05-01T04:45:00.000+07:00,"27509.9,27510,27490.5,27500.4"
2026-05-01T05:00:00.000+07:00,"27501.5,27517.5,27478,27510.3"
2026-05-01T05:15:00.000+07:00,"27510.2,27511.7,27484.4,27488.3"
2026-05-01T05:30:00.000+07:00,"27489.3,27492.9,27475.3,27484.6"
2026-05-01T05:45:00.000+07:00,"27484.8,27485.2,27428.5,27451.7"
2026-05-01T06:00:00.000+07:00,"27451.6,27471.9,27446.6,27454.3"
2026-05-01T06:15:00.000+07:00,"27454.4,27475.8,27450.6,27474.5"
2026-05-01T06:30:00.000+07:00,"27474.7,27494.3,27469.9,27477"
2026-05-01T06:45:00.000+07:00,"27474.7,27488.9,27461.6,27464.8"
2026-05-01T07:00:00.000+07:00,"27468,27490.5,27461.6,27469.1"
2026-05-01T07:15:00.000+07:00,"27468.6,27506.3,27468.6,27500.7"
2026-05-01T07:30:00.000+07:00,"27500.6,27508.6,27491.9,27503"
2026-05-01T07:45:00.000+07:00,"27504,27513.1,27492.4,27495"
2026-05-01T08:00:00.000+07:00,"27495.1,27510.4,27483.2,27509.5"
2026-05-01T08:15:00.000+07:00,"27509.6,27523,27502.9,27517.4"
2026-05-01T08:30:00.000+07:00,"27517.6,27530.6,27512.4,27518"
2026-05-01T08:45:00.000+07:00,"27518.2,27527.6,27512.8,27521.3"
2026-05-01T09:00:00.000+07:00,"27520.8,27523.6,27513.6,27514.1"
2026-05-01T09:15:00.000+07:00,"27514.2,27518.5,27504.9,27507.4"
2026-05-01T09:30:00.000+07:00,"27507.6,27514.8,27496.9,27501.2"
2026-05-01T09:45:00.000+07:00,"27501.1,27517.1,27495.3,27514.7"
2026-05-01T10:00:00.000+07:00,"27514.8,27526,27507.1,27521.8"
2026-05-01T10:15:00.000+07:00,"27521.9,27531.8,27519.3,27527.2"
2026-05-01T10:30:00.000+07:00,"27527.6,27543.4,27508.1,27509.3"
2026-05-01T10:45:00.000+07:00,"27509.1,27517.8,27505.2,27515.2"
2026-05-01T11:00:00.000+07:00,"27515.1,27516.1,27492.9,27501.5"
2026-05-01T11:15:00.000+07:00,"27501.3,27506.7,27495.4,27499.3"
2026-05-01T11:30:00.000+07:00,"27499.2,27504.6,27490.6,27497"
2026-05-01T11:45:00.000+07:00,"27496.9,27502.9,27495.6,27499.9"
2026-05-01T12:00:00.000+07:00,"27500.1,27512,27490.8,27508.3"
2026-05-01T12:15:00.000+07:00,"27507.8,27510,27492.9,27508"
2026-05-01T12:30:00.000+07:00,"27508.2,27509,27492.1,27497.2"
2026-05-01T12:45:00.000+07:00,"27497.1,27497.1,27482.6,27487.3"
2026-05-01T13:00:00.000+07:00,"27487.4,27494.4,27482.3,27493.9"
2026-05-01T13:15:00.000+07:00,"27493.8,27499.9,27479.2,27480"
2026-05-01T13:30:00.000+07:00,"27480.1,27484.1,27467.8,27475.4"
2026-05-01T13:45:00.000+07:00,"27475.5,27478.2,27462.8,27467.6"
2026-05-01T14:00:00.000+07:00,"27467.5,27493.2,27466.8,27489.6"
2026-05-01T14:15:00.000+07:00,"27489.5,27497.4,27472.7,27474.3"
2026-05-01T14:30:00.000+07:00,"27474.6,27475.8,27452.6,27453.6"
2026-05-01T14:45:00.000+07:00,"27453.5,27474.9,27443.4,27449.1"
2026-05-01T15:00:00.000+07:00,"27449.2,27466.3,27446.6,27460.5"
2026-05-01T15:15:00.000+07:00,"27460.4,27468.7,27451.4,27455"
2026-05-01T15:30:00.000+07:00,"27455.1,27455.1,27433.5,27435.4"
2026-05-01T15:45:00.000+07:00,"27435.1,27440.3,27424.8,27438.3"
2026-05-01T16:00:00.000+07:00,"27438.5,27438.5,27415.2,27428"
2026-05-01T16:15:00.000+07:00,"27427.9,27439.8,27422.5,27435.4"
2026-05-01T16:30:00.000+07:00,"27435.5,27441.6,27428.4,27434.5"
2026-05-01T16:45:00.000+07:00,"27434.3,27448.3,27431.3,27442.9"
2026-05-01T17:00:00.000+07:00,"27442.8,27443.8,27428.6,27441.6"
2026-05-01T17:15:00.000+07:00,"27442.1,27452.6,27432.8,27434.4"
2026-05-01T17:30:00.000+07:00,"27434.5,27438.9,27406.4,27422.1"
2026-05-01T17:45:00.000+07:00,"27422,27442.7,27419.6,27439.8"
2026-05-01T18:00:00.000+07:00,"27439.7,27446,27410.6,27420.8"
2026-05-01T18:15:00.000+07:00,"27420.7,27436.5,27413.7,27419.3"
2026-05-01T18:30:00.000+07:00,"27419.2,27424.3,27408.9,27419"
2026-05-01T18:45:00.000+07:00,"27418.3,27437.1,27416.7,27436"
2026-05-01T19:00:00.000+07:00,"27436.2,27492.8,27419.4,27471.9"
2026-05-01T19:15:00.000+07:00,"27471.4,27496.5,27461,27484.1"
2026-05-01T19:30:00.000+07:00,"27484,27485.1,27438.9,27442.7"
2026-05-01T19:45:00.000+07:00,"27442.5,27461.6,27438.7,27448.9"
2026-05-01T20:00:00.000+07:00,"27449,27485.9,27446.3,27474.2"
2026-05-01T20:15:00.000+07:00,"27474.1,27508.5,27464.8,27502.7"
2026-05-01T20:30:00.000+07:00,"27502.85,27665.8,27489.4,27659.4"
2026-05-01T20:45:00.000+07:00,"27659.5,27748.3,27623.4,27747.2"
2026-05-01T21:00:00.000+07:00,"27747.8,27781,27727.3,27763.8"
2026-05-01T21:15:00.000+07:00,"27763.9,27776.6,27733.9,27743.6"
2026-05-01T21:30:00.000+07:00,"27745.5,27747.3,27625.2,27688.7"
2026-05-01T21:45:00.000+07:00,"27689,27716.9,27665.9,27686.9"
2026-05-01T22:00:00.000+07:00,"27686.6,27709.1,27643,27708"
2026-05-01T22:15:00.000+07:00,"27708.4,27742.1,27700.1,27734.3"
2026-05-01T22:30:00.000+07:00,"27734.6,27777.9,27730.4,27770"
2026-05-01T22:45:00.000+07:00,"27769.8,27791.8,27714,27764.4"
2026-05-01T23:00:00.000+07:00,"27763.9,27775.7,27712.9,27715.4"
2026-05-01T23:15:00.000+07:00,"27715.1,27748.7,27691,27704.2"
2026-05-01T23:30:00.000+07:00,"27705.4,27724.2,27682.4,27693.8"
2026-05-01T23:45:00.000+07:00,"27693.9,27730.9,27680.4,27706.6"
2026-05-02T00:00:00.000+07:00,"27706.1,27733.1,27702.9,27731.2"
2026-05-02T00:15:00.000+07:00,"27731.5,27762.4,27730.3,27759.8"
2026-05-02T00:30:00.000+07:00,"27759,27763.1,27738.2,27758.6"
2026-05-02T00:45:00.000+07:00,"27758.8,27770.7,27751.1,27757.9"
2026-05-02T01:00:00.000+07:00,"27758,27764.5,27719.8,27722.4"
2026-05-02T01:15:00.000+07:00,"27722.3,27747.1,27710.3,27743.8"
2026-05-02T01:30:00.000+07:00,"27744,27745.4,27688.7,27698.9"
2026-05-02T01:45:00.000+07:00,"27698.7,27701.5,27671.7,27696.7"
2026-05-02T02:00:00.000+07:00,"27697.3,27748.5,27693.9,27743.9"
2026-05-02T02:15:00.000+07:00,"27744,27775.1,27737.3,27771.2"
2026-05-02T02:30:00.000+07:00,"27770.8,27775.6,27739.8,27750.3"
2026-05-02T02:45:00.000+07:00,"27750.1,27756.1,27700.4,27714.3"
2026-05-02T03:00:00.000+07:00,"27714.7,27715.9,27692.6,27696.7"
2026-05-02T03:15:00.000+07:00,"27697.5,27697.9,27664.2,27677.2"
2026-05-02T03:30:00.000+07:00,"27677.7,27679.4,27658.2,27665.9"
2026-05-02T03:45:00.000+07:00,"27665.6,27677.8,27633.6,27661.7"
2026-05-04T05:00:00.000+07:00,"27777.1,27807.1,27738.1,27746.5"
2026-05-04T05:15:00.000+07:00,"27746.4,27758.8,27718.6,27725.4"
2026-05-04T05:30:00.000+07:00,"27725.5,27741.1,27720.6,27735.1"
2026-05-04T05:45:00.000+07:00,"27735,27755.3,27715.2,27731.4"
2026-05-04T06:00:00.000+07:00,"27731.3,27736.7,27700.4,27708.9"
2026-05-04T06:15:00.000+07:00,"27709,27709,27693.9,27699.9"
2026-05-04T06:30:00.000+07:00,"27700,27714.6,27695.7,27705.9"
2026-05-04T06:45:00.000+07:00,"27705.8,27711.9,27695.7,27703.4"
2026-05-04T07:00:00.000+07:00,"27702.4,27745.9,27680.4,27735.6"
2026-05-04T07:15:00.000+07:00,"27735.2,27742.7,27687.1,27717.4"
2026-05-04T07:30:00.000+07:00,"27717.7,27743,27711.8,27741.8"
2026-05-04T07:45:00.000+07:00,"27741.9,27777.8,27738.6,27771.7"
2026-05-04T08:00:00.000+07:00,"27771.4,27778.8,27740,27763.2"
2026-05-04T08:15:00.000+07:00,"27763.9,27771.4,27752.1,27756.2"
2026-05-04T08:30:00.000+07:00,"27755.9,27792.8,27753.5,27783.1"
2026-05-04T08:45:00.000+07:00,"27783.4,27802.7,27779.2,27797.7"
2026-05-04T09:00:00.000+07:00,"27798.6,27802.5,27774.4,27792.1"
2026-05-04T09:15:00.000+07:00,"27792.3,27792.6,27761.7,27766.7"
2026-05-04T09:30:00.000+07:00,"27766.6,27794.3,27765.1,27792.2"
2026-05-04T09:45:00.000+07:00,"27792.5,27824.4,27789.7,27808"
2026-05-04T10:00:00.000+07:00,"27807.9,27823.4,27805.2,27819.5"
2026-05-04T10:15:00.000+07:00,"27819.6,27819.9,27804.7,27806.9"
2026-05-04T10:30:00.000+07:00,"27806.6,27811.3,27797.4,27809.8"
2026-05-04T10:45:00.000+07:00,"27810.1,27818.8,27798.5,27809.8"
2026-05-04T11:00:00.000+07:00,"27809.7,27822.1,27806.3,27815.9"
2026-05-04T11:15:00.000+07:00,"27815.8,27832.5,27815.8,27827.5"
2026-05-04T11:30:00.000+07:00,"27827.3,27831.3,27817.9,27823.5"
2026-05-04T11:45:00.000+07:00,"27823.6,27825.9,27815.5,27816.8"
2026-05-04T12:00:00.000+07:00,"27816.9,27830.8,27811.6,27828.6"
2026-05-04T12:15:00.000+07:00,"27829.2,27846,27815.9,27817.8"
2026-05-04T12:30:00.000+07:00,"27817.3,27830.2,27810.3,27830.2"
2026-05-04T12:45:00.000+07:00,"27829.9,27833,27811.7,27814.1"
2026-05-04T13:00:00.000+07:00,"27813.9,27821.1,27784.9,27802"
2026-05-04T13:15:00.000+07:00,"27802.1,27806.3,27774.3,27788.9"
2026-05-04T13:30:00.000+07:00,"27789.1,27799.6,27751.6,27763.2"
2026-05-04T13:45:00.000+07:00,"27763.3,27780.8,27753,27774.6"
2026-05-04T14:00:00.000+07:00,"27774.8,27810.6,27761.9,27803.5"
2026-05-04T14:15:00.000+07:00,"27803,27825.8,27802.7,27815.5"
2026-05-04T14:30:00.000+07:00,"27815.4,27823.8,27803.5,27818.8"
2026-05-04T14:45:00.000+07:00,"27818.7,27832.4,27791.6,27791.6"
2026-05-04T15:00:00.000+07:00,"27792.3,27794.2,27745.7,27765.8"
2026-05-04T15:15:00.000+07:00,"27765.6,27787.9,27748.4,27781.6"
2026-05-04T15:30:00.000+07:00,"27781.3,27790.4,27771.5,27772.1"
2026-05-04T15:45:00.000+07:00,"27772.3,27784.7,27765.7,27774.4"
2026-05-04T16:00:00.000+07:00,"27774.5,27795.1,27762,27791.3"
2026-05-04T16:15:00.000+07:00,"27790.9,27792.7,27781.5,27791.6"
2026-05-04T16:30:00.000+07:00,"27791.8,27803.3,27785.3,27795.7"
2026-05-04T16:45:00.000+07:00,"27795.4,27803.3,27770,27771.2"
2026-05-04T17:00:00.000+07:00,"27770.9,27778,27544.9,27579.3"
2026-05-04T17:15:00.000+07:00,"27579.5,27647.1,27542.2,27631.2"
2026-05-04T17:30:00.000+07:00,"27631.4,27733.5,27622.6,27705.9"
2026-05-04T17:45:00.000+07:00,"27706.1,27717.7,27684.6,27694.1"
2026-05-04T18:00:00.000+07:00,"27694.4,27726,27679.2,27708.2"
2026-05-04T18:15:00.000+07:00,"27708.3,27724.7,27693.7,27700"
2026-05-04T18:30:00.000+07:00,"27699.9,27710.9,27657.5,27690.9"
2026-05-04T18:45:00.000+07:00,"27690.7,27712.8,27673.7,27706.1"
2026-05-04T19:00:00.000+07:00,"27706.2,27749.2,27706.2,27736.3"
2026-05-04T19:15:00.000+07:00,"27736.5,27761,27713.2,27742.6"
2026-05-04T19:30:00.000+07:00,"27742.5,27755.5,27720.9,27743.3"
2026-05-04T19:45:00.000+07:00,"27743.4,27747.2,27712.1,27725.6"
2026-05-04T20:00:00.000+07:00,"27726,27756.3,27666.2,27728.5"
2026-05-04T20:15:00.000+07:00,"27728.4,27743.2,27722.1,27731.9"
2026-05-04T20:30:00.000+07:00,"27732.5,27765.2,27688.8,27735.8"
2026-05-04T20:45:00.000+07:00,"27736,27777.2,27725.1,27776.7"
2026-05-04T21:00:00.000+07:00,"27777,27794.1,27729.9,27774.9"
2026-05-04T21:15:00.000+07:00,"27774.7,27792.2,27747.5,27752.4"
2026-05-04T21:30:00.000+07:00,"27751.8,27810.5,27745.4,27806.3"
2026-05-04T21:45:00.000+07:00,"27806.4,27821.7,27755.7,27763.9"
2026-05-04T22:00:00.000+07:00,"27763.7,27795,27722,27737"
2026-05-04T22:15:00.000+07:00,"27736.7,27748.8,27592.2,27656.1"
2026-05-04T22:30:00.000+07:00,"27656.5,27662.3,27578.1,27643.7"
2026-05-04T22:45:00.000+07:00,"27643.1,27653,27584.9,27616.3"
2026-05-04T23:00:00.000+07:00,"27616.4,27628.4,27498.9,27537.5"
2026-05-04T23:15:00.000+07:00,"27537.6,27628.1,27510,27594"
2026-05-04T23:30:00.000+07:00,"27595.2,27625.4,27572.3,27595.2"
2026-05-04T23:45:00.000+07:00,"27595.4,27606,27573.5,27589.2"
2026-05-05T00:00:00.000+07:00,"27589.3,27641.2,27589.2,27627.7"
2026-05-05T00:15:00.000+07:00,"27627.5,27687.2,27624.1,27676.8"
2026-05-05T00:30:00.000+07:00,"27675.7,27680.2,27636.1,27660.5"
2026-05-05T00:45:00.000+07:00,"27660.6,27684.8,27650.2,27674.8"
2026-05-05T01:00:00.000+07:00,"27674.9,27700.9,27666.8,27667.6"
2026-05-05T01:15:00.000+07:00,"27667.7,27670.3,27612.5,27651"
2026-05-05T01:30:00.000+07:00,"27652,27657.5,27608.8,27611.1"
2026-05-05T01:45:00.000+07:00,"27611.2,27645.7,27601.7,27640.2"
2026-05-05T02:00:00.000+07:00,"27641.5,27670.7,27622.8,27657.9"
2026-05-05T02:15:00.000+07:00,"27657.8,27669.3,27633.4,27659.9"
2026-05-05T02:30:00.000+07:00,"27659.2,27673.9,27645.3,27652.3"
2026-05-05T02:45:00.000+07:00,"27651.1,27671.1,27629.8,27662.9"
2026-05-05T03:00:00.000+07:00,"27662.7,27662.7,27618.8,27635.1"
2026-05-05T03:15:00.000+07:00,"27634.6,27646,27620.4,27641.5"
2026-05-05T03:30:00.000+07:00,"27641.2,27645.9,27629.8,27631"
2026-05-05T03:45:00.000+07:00,"27630.3,27632.9,27621.5,27625.3"
2026-05-05T04:00:00.000+07:00,"27625.1,27640.3,27625.1,27630"
2026-05-05T04:15:00.000+07:00,"27629.8,27634.3,27629.1,27633.7"
2026-05-05T04:30:00.000+07:00,"27633.6,27638.1,27631.4,27634.7"
2026-05-05T04:45:00.000+07:00,"27634.6,27645,27633.6,27644.9"
2026-05-05T05:00:00.000+07:00,"27642.9,27667.3,27638.7,27657.6"
2026-05-05T05:15:00.000+07:00,"27657.5,27663.9,27654.7,27659.9"
2026-05-05T05:30:00.000+07:00,"27659.8,27662,27647.2,27647.5"
2026-05-05T05:45:00.000+07:00,"27647.3,27647.5,27625.6,27636"
2026-05-05T06:00:00.000+07:00,"27635.9,27645.3,27624.1,27643.7"
2026-05-05T06:15:00.000+07:00,"27643.6,27647.8,27628.8,27637.7"
2026-05-05T06:30:00.000+07:00,"27636.4,27644.5,27627.3,27628.4"
2026-05-05T06:45:00.000+07:00,"27628.3,27636.2,27614.8,27630.3"
2026-05-05T07:00:00.000+07:00,"27630.4,27675.5,27627.2,27665.8"
2026-05-05T07:15:00.000+07:00,"27665.7,27665.7,27623.9,27638.5"
2026-05-05T07:30:00.000+07:00,"27638.4,27663.3,27635.9,27644"
2026-05-05T07:45:00.000+07:00,"27645.1,27676.4,27643.1,27667.3"
2026-05-05T08:00:00.000+07:00,"27666.7,27692.2,27653.3,27684.7"
2026-05-05T08:15:00.000+07:00,"27684.5,27697,27680.9,27686.8"
2026-05-05T08:30:00.000+07:00,"27686.9,27715,27673.4,27694.3"
2026-05-05T08:45:00.000+07:00,"27694.2,27707.3,27693.1,27697.5"
2026-05-05T09:00:00.000+07:00,"27697.6,27709.4,27691.2,27695"
2026-05-05T09:15:00.000+07:00,"27695.1,27717,27690.7,27716"
2026-05-05T09:30:00.000+07:00,"27716.5,27723.5,27711.9,27719.3"
2026-05-05T09:45:00.000+07:00,"27719.2,27721.6,27684.8,27699"
2026-05-05T10:00:00.000+07:00,"27699.1,27716.7,27693.7,27713.4"
2026-05-05T10:15:00.000+07:00,"27713.2,27733,27710.7,27723.9"
2026-05-05T10:30:00.000+07:00,"27723.7,27724.8,27718.2,27719.7"
2026-05-05T10:45:00.000+07:00,"27719.6,27731,27717.9,27722.8"
2026-05-05T11:00:00.000+07:00,"27722.7,27744,27722.6,27730.5"
2026-05-05T11:15:00.000+07:00,"27730.4,27731,27720.1,27721"
2026-05-05T11:30:00.000+07:00,"27720.8,27722.8,27714,27716.4"
2026-05-05T11:45:00.000+07:00,"27716.5,27735.5,27710.1,27710.3"
2026-05-05T12:00:00.000+07:00,"27709.3,27721.2,27703.2,27720.6"
2026-05-05T12:15:00.000+07:00,"27720.5,27729,27716.4,27718"
2026-05-05T12:30:00.000+07:00,"27717.8,27737.5,27707.5,27728.7"
2026-05-05T12:45:00.000+07:00,"27728.8,27737.6,27725.4,27736.5"
2026-05-05T13:00:00.000+07:00,"27736,27758.2,27722.6,27726.2"
2026-05-05T13:15:00.000+07:00,"27726.7,27729.5,27701.1,27712.3"
2026-05-05T13:30:00.000+07:00,"27711.1,27753.3,27711.1,27748.6"
2026-05-05T13:45:00.000+07:00,"27747.8,27768.6,27742.5,27762.3"
2026-05-05T14:00:00.000+07:00,"27762.5,27784.7,27758.1,27778.6"
2026-05-05T14:15:00.000+07:00,"27778.4,27782.9,27765.1,27767.4"
2026-05-05T14:30:00.000+07:00,"27767.3,27808.5,27765.3,27781.6"
2026-05-05T14:45:00.000+07:00,"27781.7,27784.4,27758,27764"
2026-05-05T15:00:00.000+07:00,"27763.8,27817.8,27762.9,27809.1"
2026-05-05T15:15:00.000+07:00,"27809.2,27819.5,27800.7,27802.7"
2026-05-05T15:30:00.000+07:00,"27802.6,27814.9,27794.9,27811.3"
2026-05-05T15:45:00.000+07:00,"27811.4,27825.6,27805.3,27811.1"
2026-05-05T16:00:00.000+07:00,"27810.9,27821.9,27793.7,27809.9"
2026-05-05T16:15:00.000+07:00,"27809.7,27815.2,27798,27811.9"
2026-05-05T16:30:00.000+07:00,"27812.7,27833,27811.2,27821.4"
2026-05-05T16:45:00.000+07:00,"27821.5,27838.8,27811.5,27818.9"
2026-05-05T17:00:00.000+07:00,"27819,27827.1,27805.1,27818.2"
2026-05-05T17:15:00.000+07:00,"27818,27827.2,27810.6,27822.2"
2026-05-05T17:30:00.000+07:00,"27821.8,27843.7,27812.8,27816.7"
2026-05-05T17:45:00.000+07:00,"27816.8,27822.8,27811.7,27817.4"
2026-05-05T18:00:00.000+07:00,"27817.6,27824.1,27788.9,27797.9"
2026-05-05T18:15:00.000+07:00,"27797.7,27821.8,27782.5,27809.8"
2026-05-05T18:30:00.000+07:00,"27809.9,27830.1,27809.9,27821.8"
2026-05-05T18:45:00.000+07:00,"27822.2,27830.2,27818.3,27825.6"
2026-05-05T19:00:00.000+07:00,"27824.2,27879.7,27811.8,27874.9"
2026-05-05T19:15:00.000+07:00,"27875,27888.8,27862.8,27872.9"
2026-05-05T19:30:00.000+07:00,"27873.3,27878.8,27859.2,27860.7"
2026-05-05T19:45:00.000+07:00,"27860.4,27867.2,27854,27857.8"
2026-05-05T20:00:00.000+07:00,"27857.6,27887.7,27857,27873.7"
2026-05-05T20:15:00.000+07:00,"27873.8,27882.7,27856.9,27870.3"
2026-05-05T20:30:00.000+07:00,"27870.7,27966.1,27855.8,27964"
2026-05-05T20:45:00.000+07:00,"27964.6,27994.7,27946.9,27966.1"
2026-05-05T21:00:00.000+07:00,"27966.2,27988.7,27924.8,27934.7"
2026-05-05T21:15:00.000+07:00,"27934.8,28012,27912.3,27998.2"
2026-05-05T21:30:00.000+07:00,"27998.7,28017.4,27964.3,27968.6"
2026-05-05T21:45:00.000+07:00,"27968.4,27991.7,27958.5,27974.2"
2026-05-05T22:00:00.000+07:00,"27974.5,28013.2,27969.6,28010.6"
2026-05-05T22:15:00.000+07:00,"28010.8,28018.2,27996.4,28010"
2026-05-05T22:30:00.000+07:00,"28010.2,28023.5,27992.5,28016.4"
2026-05-05T22:45:00.000+07:00,"28016.5,28028.4,28002.5,28008.7"
2026-05-05T23:00:00.000+07:00,"28007.6,28032.7,28001.2,28028.4"
2026-05-05T23:15:00.000+07:00,"28028.2,28030.5,27972.7,27996.7"
2026-05-05T23:30:00.000+07:00,"27994.8,28008,27972,27986"
2026-05-05T23:45:00.000+07:00,"27985.7,28014.6,27981.1,28004.8"
2026-05-06T00:00:00.000+07:00,"28005.5,28015.2,27987.7,28001.9"
2026-05-06T00:15:00.000+07:00,"28002.2,28024.8,28002.2,28024.1"
2026-05-06T00:30:00.000+07:00,"28024.3,28032,28014.4,28027.2"
2026-05-06T00:45:00.000+07:00,"28027.1,28048.5,28024.7,28039.1"
2026-05-06T01:00:00.000+07:00,"28037.9,28063.4,28035.5,28060.7"
2026-05-06T01:15:00.000+07:00,"28060.5,28065.5,28048.5,28056.3"
2026-05-06T01:30:00.000+07:00,"28056,28061.3,28050.1,28055.3"
2026-05-06T01:45:00.000+07:00,"28055.4,28061.2,28034,28047.3"
2026-05-06T02:00:00.000+07:00,"28045.3,28065.7,28040.2,28049.8"
2026-05-06T02:15:00.000+07:00,"28049.6,28056,28038.5,28044.4"
2026-05-06T02:30:00.000+07:00,"28043.9,28047.7,28029.7,28036.3"
2026-05-06T02:45:00.000+07:00,"28036,28038.1,27988.4,28014"
2026-05-06T03:00:00.000+07:00,"28013.2,28034.2,28008.1,28033"
2026-05-06T03:15:00.000+07:00,"28032.5,28126.3,27989.4,28112.8"
2026-05-06T03:30:00.000+07:00,"28113.5,28115.2,28077.4,28079.4"
2026-05-06T03:45:00.000+07:00,"28079.1,28092.4,28060.7,28083.4"
2026-05-06T04:00:00.000+07:00,"28083.6,28118.4,28080,28115.7"
2026-05-06T04:15:00.000+07:00,"28115.8,28128.3,28104.6,28119.7"
2026-05-06T04:30:00.000+07:00,"28119.2,28119.2,28105.1,28110.6"
2026-05-06T04:45:00.000+07:00,"28110.9,28131.7,28110.8,28126.7"
2026-05-06T05:00:00.000+07:00,"28130.2,28147.2,28126.4,28141.8"
2026-05-06T05:15:00.000+07:00,"28141.9,28162.1,28134.1,28161.5"
2026-05-06T05:30:00.000+07:00,"28161.6,28177.1,28156.1,28175"
2026-05-06T05:45:00.000+07:00,"28174.5,28298.7,28173,28256.8"
2026-05-06T06:00:00.000+07:00,"28257,28266.3,28224.8,28262.6"
2026-05-06T06:15:00.000+07:00,"28262.4,28264.5,28228.4,28231.7"
2026-05-06T06:30:00.000+07:00,"28231.8,28251.3,28230.2,28244"
2026-05-06T06:45:00.000+07:00,"28243.8,28258,28239.3,28251.4"
2026-05-06T07:00:00.000+07:00,"28252,28254.2,28186.9,28195.1"
2026-05-06T07:15:00.000+07:00,"28195.2,28195.8,28130.3,28132.3"
2026-05-06T07:30:00.000+07:00,"28132,28165.9,28129.9,28155.8"
2026-05-06T07:45:00.000+07:00,"28155.5,28162,28130.2,28155.6"
2026-05-06T08:00:00.000+07:00,"28155.4,28178.6,28148.7,28169.4"
2026-05-06T08:15:00.000+07:00,"28169.3,28188.9,28157.8,28166.5"
2026-05-06T08:30:00.000+07:00,"28166.2,28175.3,28156.1,28168.2"
2026-05-06T08:45:00.000+07:00,"28168.3,28177.1,28151,28171.4"
2026-05-06T09:00:00.000+07:00,"28171.1,28176.8,28157.3,28168.5"
2026-05-06T09:15:00.000+07:00,"28168.2,28175.9,28153.3,28154.1"
2026-05-06T09:30:00.000+07:00,"28154,28163,28142.4,28149.6"
2026-05-06T09:45:00.000+07:00,"28149.8,28172,28149.1,28167.5"
2026-05-06T10:00:00.000+07:00,"28167.3,28190,28163.8,28185.9"
2026-05-06T10:15:00.000+07:00,"28185,28204.7,28178.1,28203.1"
2026-05-06T10:30:00.000+07:00,"28202.8,28215.4,28200,28205.2"
2026-05-06T10:45:00.000+07:00,"28205.1,28205.4,28187.7,28193.5"
2026-05-06T11:00:00.000+07:00,"28193.4,28206,28189.4,28206"
2026-05-06T11:15:00.000+07:00,"28205.9,28209.9,28198.6,28208.1"
2026-05-06T11:30:00.000+07:00,"28208.5,28212.5,28191.3,28205.5"
2026-05-06T11:45:00.000+07:00,"28205.7,28225.4,28204.5,28216.3"
2026-05-06T12:00:00.000+07:00,"28216.4,28228.1,28207.9,28221.7"
2026-05-06T12:15:00.000+07:00,"28222,28228.2,28205.6,28224.6"
2026-05-06T12:30:00.000+07:00,"28224.5,28226.4,28210.7,28225.6"
2026-05-06T12:45:00.000+07:00,"28225.3,28240.8,28223.4,28233.5"
2026-05-06T13:00:00.000+07:00,"28233.6,28247.9,28207.3,28213.4"
2026-05-06T13:15:00.000+07:00,"28213.5,28218.7,28198.5,28210.5"
2026-05-06T13:30:00.000+07:00,"28210.3,28222.7,28179.5,28207.1"
2026-05-06T13:45:00.000+07:00,"28207.3,28218.5,28192.8,28216.3"
2026-05-06T14:00:00.000+07:00,"28216.1,28232.5,28194.1,28199.4"
2026-05-06T14:15:00.000+07:00,"28199.6,28213.5,28189.8,28207"
2026-05-06T14:30:00.000+07:00,"28207.2,28220.9,28196.9,28217.8"
2026-05-06T14:45:00.000+07:00,"28217.7,28230.2,28214.5,28227.4"
2026-05-06T15:00:00.000+07:00,"28227.2,28245.8,28222.1,28228"
2026-05-06T15:15:00.000+07:00,"28227.3,28230.7,28203.8,28219.8"
2026-05-06T15:30:00.000+07:00,"28219.9,28245.5,28215.4,28243.1"
2026-05-06T15:45:00.000+07:00,"28243.2,28396.7,28241.2,28361.4"
2026-05-06T16:00:00.000+07:00,"28361.9,28380.2,28295.4,28327.5"
2026-05-06T16:15:00.000+07:00,"28327.6,28352.4,28326.5,28345.2"
2026-05-06T16:30:00.000+07:00,"28345.3,28388.9,28337.6,28378.8"
2026-05-06T16:45:00.000+07:00,"28378.7,28394.9,28360.8,28385.9"
2026-05-06T17:00:00.000+07:00,"28385.8,28418.4,28382.6,28391.9"
2026-05-06T17:15:00.000+07:00,"28391.7,28437.3,28387.4,28433"
2026-05-06T17:30:00.000+07:00,"28433.5,28471.6,28430.4,28465.1"
2026-05-06T17:45:00.000+07:00,"28464.8,28493.6,28442.4,28464.3"
2026-05-06T18:00:00.000+07:00,"28464.1,28514,28456.5,28499.4"
2026-05-06T18:15:00.000+07:00,"28499.1,28512,28467.2,28475.8"
2026-05-06T18:30:00.000+07:00,"28475.9,28489.4,28426.4,28429"
2026-05-06T18:45:00.000+07:00,"28429.2,28439.2,28396.9,28418.2"
2026-05-06T19:00:00.000+07:00,"28419.4,28420.8,28327.2,28334.5"
2026-05-06T19:15:00.000+07:00,"28333.6,28393.6,28309.2,28377.7"
2026-05-06T19:30:00.000+07:00,"28377.6,28385.7,28321.5,28329.8"
2026-05-06T19:45:00.000+07:00,"28329.9,28354.6,28311.5,28339.3"
2026-05-06T20:00:00.000+07:00,"28339.1,28339.4,28271.7,28303.5"
2026-05-06T20:15:00.000+07:00,"28303.2,28318.3,28255.3,28270.5"
2026-05-06T20:30:00.000+07:00,"28270.05,28362.3,28216.9,28362.2"
2026-05-06T20:45:00.000+07:00,"28362,28385.6,28299.8,28349.1"
2026-05-06T21:00:00.000+07:00,"28348.7,28376.1,28266,28350.6"
2026-05-06T21:15:00.000+07:00,"28350.4,28366.9,28283.8,28297.1"
2026-05-06T21:30:00.000+07:00,"28296.6,28405.1,28295.2,28400.7"
2026-05-06T21:45:00.000+07:00,"28400.6,28429.9,28397.8,28416.5"
2026-05-06T22:00:00.000+07:00,"28418.9,28440.7,28398.6,28416.1"
2026-05-06T22:15:00.000+07:00,"28416.2,28463.5,28412.3,28459.9"
2026-05-06T22:30:00.000+07:00,"28460.8,28468.4,28410.9,28437.8"
2026-05-06T22:45:00.000+07:00,"28437.1,28456.7,28428.3,28439.6"
2026-05-06T23:00:00.000+07:00,"28441.5,28483.5,28435.7,28478.3"
2026-05-06T23:15:00.000+07:00,"28478.4,28479.2,28446.3,28453.3"
2026-05-06T23:30:00.000+07:00,"28452.3,28465.3,28432.6,28448.9"
2026-05-06T23:45:00.000+07:00,"28449.3,28452.1,28392.6,28418.7"
2026-05-07T00:00:00.000+07:00,"28419.3,28466,28408,28460.3"
2026-05-07T00:15:00.000+07:00,"28459.8,28472.9,28449.5,28464.7"
2026-05-07T00:30:00.000+07:00,"28463.3,28490.4,28461.1,28485.6"
2026-05-07T00:45:00.000+07:00,"28485.4,28489.3,28467.2,28479"
2026-05-07T01:00:00.000+07:00,"28479.1,28503.4,28471.7,28499.6"
2026-05-07T01:15:00.000+07:00,"28499.8,28520,28499.7,28512.1"
2026-05-07T01:30:00.000+07:00,"28513.3,28545.2,28504.7,28529.3"
2026-05-07T01:45:00.000+07:00,"28529.1,28536.3,28510.7,28516.5"
2026-05-07T02:00:00.000+07:00,"28517,28557.7,28514.8,28553.7"
2026-05-07T02:15:00.000+07:00,"28553.8,28579.4,28549.8,28573.8"
2026-05-07T02:30:00.000+07:00,"28573.1,28573.1,28546.1,28548.8"
2026-05-07T02:45:00.000+07:00,"28548.9,28605.4,28546.6,28591.5"
2026-05-07T03:00:00.000+07:00,"28593.4,28682.6,28583.7,28674"
2026-05-07T03:15:00.000+07:00,"28673.7,28679.8,28650.9,28660.9"
2026-05-07T03:30:00.000+07:00,"28659.7,28661.7,28606,28607.3"
2026-05-07T03:45:00.000+07:00,"28607.8,28610.3,28576.9,28596.2"
2026-05-07T04:00:00.000+07:00,"28600.9,28637.2,28597,28625.1"
2026-05-07T04:15:00.000+07:00,"28624.9,28627.1,28603.7,28608.6"
2026-05-07T04:30:00.000+07:00,"28608.5,28608.5,28542.5,28547.1"
2026-05-07T04:45:00.000+07:00,"28547.2,28559.1,28539.3,28543.5"
2026-05-07T05:00:00.000+07:00,"28549.8,28582,28538.9,28566.7"
2026-05-07T05:15:00.000+07:00,"28566.6,28578.9,28538.3,28541.5"
2026-05-07T05:30:00.000+07:00,"28541.9,28558.5,28536,28554.6"
2026-05-07T05:45:00.000+07:00,"28554.7,28567.2,28551.4,28561.8"
2026-05-07T06:00:00.000+07:00,"28561.6,28576.5,28555,28568.7"
2026-05-07T06:15:00.000+07:00,"28569.2,28577.1,28555.8,28560.2"
2026-05-07T06:30:00.000+07:00,"28560.1,28566.6,28552.7,28558"
2026-05-07T06:45:00.000+07:00,"28558.1,28571.2,28538.9,28555.8"
2026-05-07T07:00:00.000+07:00,"28556,28577.6,28543.6,28562.8"
2026-05-07T07:15:00.000+07:00,"28562.7,28568.3,28526.9,28532.6"
2026-05-07T07:30:00.000+07:00,"28532.8,28542.6,28520.5,28537.3"
2026-05-07T07:45:00.000+07:00,"28537.4,28550.7,28533.2,28547"
2026-05-07T08:00:00.000+07:00,"28546.9,28549.2,28523.2,28542.6"
2026-05-07T08:15:00.000+07:00,"28542.4,28559,28540.9,28555.7"
2026-05-07T08:30:00.000+07:00,"28555.8,28576.4,28551.5,28572.9"
2026-05-07T08:45:00.000+07:00,"28572.7,28602,28571.5,28584"
2026-05-07T09:00:00.000+07:00,"28584.3,28592.5,28538.1,28540.5"
2026-05-07T09:15:00.000+07:00,"28540.6,28571.4,28537.8,28571.1"
2026-05-07T09:30:00.000+07:00,"28570.8,28576.2,28552,28558.4"
2026-05-07T09:45:00.000+07:00,"28558.1,28574.4,28557.9,28570.7"
2026-05-07T10:00:00.000+07:00,"28571.4,28573.4,28558.8,28564.3"
2026-05-07T10:15:00.000+07:00,"28564.4,28579.6,28558.9,28571.8"
2026-05-07T10:30:00.000+07:00,"28572,28582.7,28570.2,28582.4"
2026-05-07T10:45:00.000+07:00,"28582.2,28588.3,28573,28575.9"
2026-05-07T11:00:00.000+07:00,"28576,28591.5,28569.2,28586.3"
2026-05-07T11:15:00.000+07:00,"28586.2,28598.7,28584.4,28590.5"
2026-05-07T11:30:00.000+07:00,"28590.4,28598.2,28581.7,28588.7"
2026-05-07T11:45:00.000+07:00,"28588.8,28598.5,28585.2,28588"
2026-05-07T12:00:00.000+07:00,"28588.1,28599,28579.1,28597"
2026-05-07T12:15:00.000+07:00,"28596.9,28600.6,28584.1,28589.2"
2026-05-07T12:30:00.000+07:00,"28589.3,28613,28589.2,28610"
2026-05-07T12:45:00.000+07:00,"28610.3,28613.9,28599.3,28605.7"
2026-05-07T13:00:00.000+07:00,"28604.4,28615.6,28580.7,28581.4"
2026-05-07T13:15:00.000+07:00,"28581.3,28609.2,28578.1,28595.9"
2026-05-07T13:30:00.000+07:00,"28596.3,28634,28594,28627.8"
2026-05-07T13:45:00.000+07:00,"28628.2,28628.9,28598.5,28623.6"
2026-05-07T14:00:00.000+07:00,"28623.3,28684.5,28611.7,28682.4"
2026-05-07T14:15:00.000+07:00,"28682,28688.7,28637.7,28656.1"
2026-05-07T14:30:00.000+07:00,"28656.4,28682.7,28651.1,28675.1"
2026-05-07T14:45:00.000+07:00,"28675.2,28676.6,28648.9,28663"
2026-05-07T15:00:00.000+07:00,"28664.8,28699.8,28647.1,28654.3"
2026-05-07T15:15:00.000+07:00,"28654.1,28657.3,28620.2,28630.8"
2026-05-07T15:30:00.000+07:00,"28631,28649.7,28625.9,28626.5"
2026-05-07T15:45:00.000+07:00,"28626.4,28638.9,28613.2,28621"
2026-05-07T16:00:00.000+07:00,"28620.6,28628.8,28596.3,28616.7"
2026-05-07T16:15:00.000+07:00,"28616.9,28648.6,28615.2,28632"
2026-05-07T16:30:00.000+07:00,"28631.6,28640.8,28624.5,28627.5"
2026-05-07T16:45:00.000+07:00,"28627.6,28647.3,28605.8,28616.1"
2026-05-07T17:00:00.000+07:00,"28616.2,28621.5,28577.5,28600.9"
2026-05-07T17:15:00.000+07:00,"28601,28616.4,28587.9,28608.8"
2026-05-07T17:30:00.000+07:00,"28608.9,28628.3,28603.2,28625.6"
2026-05-07T17:45:00.000+07:00,"28625.4,28628.6,28610,28611.5"
2026-05-07T18:00:00.000+07:00,"28611.4,28636.6,28605.7,28606.9"
2026-05-07T18:15:00.000+07:00,"28606.7,28620.2,28594.3,28599.2"
2026-05-07T18:30:00.000+07:00,"28599.4,28625.4,28588.7,28617"
2026-05-07T18:45:00.000+07:00,"28616.5,28623.7,28595.5,28616.7"
2026-05-07T19:00:00.000+07:00,"28615.1,28630.4,28601.6,28624.9"
2026-05-07T19:15:00.000+07:00,"28624.7,28628.2,28603.8,28626.4"
2026-05-07T19:30:00.000+07:00,"28626.6,28644.7,28614.3,28638.7"
2026-05-07T19:45:00.000+07:00,"28638.6,28645,28623.7,28639.2"
2026-05-07T20:00:00.000+07:00,"28639.1,28640.7,28610.7,28627.1"
2026-05-07T20:15:00.000+07:00,"28626.9,28648.2,28624.6,28634.8"
2026-05-07T20:30:00.000+07:00,"28633.5,28667.1,28610.1,28626.3"
2026-05-07T20:45:00.000+07:00,"28627,28686.3,28592.6,28665.7"
2026-05-07T21:00:00.000+07:00,"28665.9,28729.8,28662.1,28718.2"
2026-05-07T21:15:00.000+07:00,"28717.9,28784.3,28705.3,28757.1"
2026-05-07T21:30:00.000+07:00,"28757.5,28798.9,28742.2,28781.7"
2026-05-07T21:45:00.000+07:00,"28782.1,28826.7,28754,28810.6"
2026-05-07T22:00:00.000+07:00,"28808.5,28810.4,28726.9,28742.9"
2026-05-07T22:15:00.000+07:00,"28742.8,28764.6,28708.2,28737.3"
2026-05-07T22:30:00.000+07:00,"28737,28779.1,28734.4,28763.1"
2026-05-07T22:45:00.000+07:00,"28763.2,28770.7,28655.8,28668.4"
2026-05-07T23:00:00.000+07:00,"28668.5,28671.5,28574.9,28584.2"
2026-05-07T23:15:00.000+07:00,"28584,28630.7,28521.2,28623.8"
2026-05-07T23:30:00.000+07:00,"28623.6,28658.7,28589.4,28610.1"
2026-05-07T23:45:00.000+07:00,"28609.9,28618.7,28546.1,28580.8"
2026-05-08T00:00:00.000+07:00,"28581.8,28596.8,28535.9,28552.2"
2026-05-08T00:15:00.000+07:00,"28551.8,28577.5,28433.8,28488.6"
2026-05-08T00:30:00.000+07:00,"28488.3,28568.8,28469.9,28526.8"
2026-05-08T00:45:00.000+07:00,"28526.7,28584.1,28488.1,28578.4"
2026-05-08T01:00:00.000+07:00,"28576.8,28596.9,28536.1,28559"
2026-05-08T01:15:00.000+07:00,"28559.1,28588.5,28524.7,28535.5"
2026-05-08T01:30:00.000+07:00,"28535,28571.7,28476.6,28490.4"
2026-05-08T01:45:00.000+07:00,"28490.8,28529.2,28464.7,28525.3"
2026-05-08T02:00:00.000+07:00,"28524.3,28543.2,28497.5,28532.8"
2026-05-08T02:15:00.000+07:00,"28532.5,28537.9,28466.4,28492"
2026-05-08T02:30:00.000+07:00,"28491.8,28565.7,28488.6,28560.3"
2026-05-08T02:45:00.000+07:00,"28559,28590.1,28533.3,28565.7"
2026-05-08T03:00:00.000+07:00,"28566,28645,28531.4,28590.2"
2026-05-08T03:15:00.000+07:00,"28595,28605,28582.1,28588.5"
2026-05-08T03:30:00.000+07:00,"28589,28597.3,28515.5,28553.6"
2026-05-08T03:45:00.000+07:00,"28552.9,28565.9,28511.9,28523.8"
2026-05-08T04:00:00.000+07:00,"28524.4,28532.9,28518.3,28528.1"
2026-05-08T04:15:00.000+07:00,"28528.2,28529.4,28516.9,28527.1"
2026-05-08T04:30:00.000+07:00,"28527,28527,28484.7,28485.3"
2026-05-08T04:45:00.000+07:00,"28485.5,28485.5,28404.1,28429.6"
2026-05-08T05:00:00.000+07:00,"28454.6,28528.5,28430.9,28512.3"
2026-05-08T05:15:00.000+07:00,"28512.1,28555.7,28503.3,28546.2"
2026-05-08T05:30:00.000+07:00,"28546.3,28549.1,28496.6,28510.1"
2026-05-08T05:45:00.000+07:00,"28510.2,28514.3,28489.7,28500.3"
2026-05-08T06:00:00.000+07:00,"28500.4,28525.9,28494.5,28514.1"
2026-05-08T06:15:00.000+07:00,"28514.6,28536.2,28511.7,28530.6"
2026-05-08T06:30:00.000+07:00,"28530.5,28541.5,28524.6,28540.7"
2026-05-08T06:45:00.000+07:00,"28541.5,28566.1,28531.4,28564.5"
2026-05-08T07:00:00.000+07:00,"28564.9,28618.6,28564.9,28604.6"
2026-05-08T07:15:00.000+07:00,"28604.5,28612.5,28583.3,28598.6"
2026-05-08T07:30:00.000+07:00,"28598.5,28629.2,28596.5,28621.6"
2026-05-08T07:45:00.000+07:00,"28621.8,28635.1,28602.1,28632.8"
2026-05-08T08:00:00.000+07:00,"28632.7,28656.8,28632.3,28655.2"
2026-05-08T08:15:00.000+07:00,"28655.1,28667.8,28642.3,28658"
2026-05-08T08:30:00.000+07:00,"28659,28663.6,28650.2,28655"
2026-05-08T08:45:00.000+07:00,"28655.1,28666.5,28644.9,28646.4"
2026-05-08T09:00:00.000+07:00,"28646.8,28651.4,28636.1,28640.6"
2026-05-08T09:15:00.000+07:00,"28640.7,28640.7,28613.7,28629.4"
2026-05-08T09:30:00.000+07:00,"28629.7,28640.7,28597.8,28624.6"
2026-05-08T09:45:00.000+07:00,"28625,28660.8,28624.9,28635.5"
2026-05-08T10:00:00.000+07:00,"28635.6,28645.6,28629.1,28637.7"
2026-05-08T10:15:00.000+07:00,"28637.4,28645.1,28630.7,28637.8"
2026-05-08T10:30:00.000+07:00,"28638.1,28657.5,28635.8,28643.6"
2026-05-08T10:45:00.000+07:00,"28643.3,28664.2,28641.2,28660.3"
2026-05-08T11:00:00.000+07:00,"28660.8,28672.5,28651,28660.2"
2026-05-08T11:15:00.000+07:00,"28660,28666.5,28646,28660.1"
2026-05-08T11:30:00.000+07:00,"28660.2,28664.4,28644.2,28650.5"
2026-05-08T11:45:00.000+07:00,"28650.7,28683.4,28647.6,28667.5"
2026-05-08T12:00:00.000+07:00,"28668,28681.4,28666,28672.5"
2026-05-08T12:15:00.000+07:00,"28672.4,28687.7,28671.1,28683.9"
2026-05-08T12:30:00.000+07:00,"28683.7,28717.2,28683.7,28697.2"
2026-05-08T12:45:00.000+07:00,"28697,28702.3,28688.6,28690.5"
2026-05-08T13:00:00.000+07:00,"28690.3,28711,28671.9,28701.8"
2026-05-08T13:15:00.000+07:00,"28701.6,28720.9,28693.1,28713.2"
2026-05-08T13:30:00.000+07:00,"28713.7,28717.6,28696,28713.8"
2026-05-08T13:45:00.000+07:00,"28713.6,28726.1,28702,28724.1"
2026-05-08T14:00:00.000+07:00,"28723.6,28723.6,28695.4,28697.7"
2026-05-08T14:15:00.000+07:00,"28698.1,28719.7,28696.7,28709.3"
2026-05-08T14:30:00.000+07:00,"28709.4,28716,28696.3,28710.7"
2026-05-08T14:45:00.000+07:00,"28710.8,28720.7,28704.2,28714.1"
2026-05-08T15:00:00.000+07:00,"28714,28757,28710.1,28733.7"
2026-05-08T15:15:00.000+07:00,"28733.8,28754.2,28732.3,28746.3"
2026-05-08T15:30:00.000+07:00,"28746.4,28753.6,28729.8,28734.8"
2026-05-08T15:45:00.000+07:00,"28734.6,28748.1,28729.4,28747.7"
2026-05-08T16:00:00.000+07:00,"28747.9,28777.2,28747.9,28768.7"
2026-05-08T16:15:00.000+07:00,"28768.6,28784.4,28762.6,28774.1"
2026-05-08T16:30:00.000+07:00,"28774,28776.6,28742.2,28745.5"
2026-05-08T16:45:00.000+07:00,"28745.4,28748.4,28717.9,28739"
2026-05-08T17:00:00.000+07:00,"28739.2,28752.2,28739,28742"
2026-05-08T17:15:00.000+07:00,"28741.9,28767.3,28741.9,28754.2"
2026-05-08T17:30:00.000+07:00,"28754.4,28776.1,28751.1,28765.7"
2026-05-08T17:45:00.000+07:00,"28765.6,28766,28728.2,28749.9"
2026-05-08T18:00:00.000+07:00,"28751,28772.7,28750.5,28766.8"
2026-05-08T18:15:00.000+07:00,"28766.9,28782.2,28757.6,28778.5"
2026-05-08T18:30:00.000+07:00,"28778.6,28787,28773.8,28781.5"
2026-05-08T18:45:00.000+07:00,"28781.4,28801.7,28781.2,28786.4"
2026-05-08T19:00:00.000+07:00,"28786.5,28791.2,28768,28773.9"
2026-05-08T19:15:00.000+07:00,"28773.8,28790.8,28764.3,28790.1"
2026-05-08T19:30:00.000+07:00,"28789.6,28863.5,28784.3,28847.4"
2026-05-08T19:45:00.000+07:00,"28847.5,28849.2,28787.2,28799.3"
2026-05-08T20:00:00.000+07:00,"28798.3,28815.4,28752.4,28766.8"
2026-05-08T20:15:00.000+07:00,"28767.1,28781.1,28752.6,28763.8"
2026-05-08T20:30:00.000+07:00,"28764.7,28883.4,28749.8,28882.1"
2026-05-08T20:45:00.000+07:00,"28882,28994.5,28882,28994.4"
2026-05-08T21:00:00.000+07:00,"28996,29014.5,28963.1,28986.7"
2026-05-08T21:15:00.000+07:00,"28986.8,29052.1,28975,28998.9"
2026-05-08T21:30:00.000+07:00,"28998.7,29023.1,28959.6,29022.7"
2026-05-08T21:45:00.000+07:00,"29022.8,29060.4,29009.8,29049.3"
2026-05-08T22:00:00.000+07:00,"29048.2,29072,29035.5,29042.6"
2026-05-08T22:15:00.000+07:00,"29042.3,29070.5,29012.9,29069.3"
2026-05-08T22:30:00.000+07:00,"29069.4,29102.9,29040.1,29069.9"
2026-05-08T22:45:00.000+07:00,"29070.2,29102.4,29062.2,29076.6"
2026-05-08T23:00:00.000+07:00,"29076.7,29112.4,29076.7,29105.2"
2026-05-08T23:15:00.000+07:00,"29104.9,29130.1,29096,29126.2"
2026-05-08T23:30:00.000+07:00,"29128.2,29130.4,29082.3,29084.2"
2026-05-08T23:45:00.000+07:00,"29084,29131.8,29082.7,29125.3"
2026-05-09T00:00:00.000+07:00,"29125.2,29183.7,29119.7,29170.5"
2026-05-09T00:15:00.000+07:00,"29170.6,29202.1,29169.8,29191.2"
2026-05-09T00:30:00.000+07:00,"29193.2,29205.3,29165.7,29168.2"
2026-05-09T00:45:00.000+07:00,"29168.3,29186.7,29143.1,29150.5"
2026-05-09T01:00:00.000+07:00,"29150.2,29187.6,29146.9,29174.3"
2026-05-09T01:15:00.000+07:00,"29174.1,29182.8,29157.8,29173.9"
2026-05-09T01:30:00.000+07:00,"29174.8,29180.6,29155.2,29161.5"
2026-05-09T01:45:00.000+07:00,"29161.4,29168.7,29125.6,29128.1"
2026-05-09T02:00:00.000+07:00,"29126.9,29191,29125,29180.2"
2026-05-09T02:15:00.000+07:00,"29180.3,29191.7,29149.6,29150.7"
2026-05-09T02:30:00.000+07:00,"29149.8,29192.2,29143.3,29189.1"
2026-05-09T02:45:00.000+07:00,"29188.8,29230,29183.1,29229.5"
2026-05-09T03:00:00.000+07:00,"29227.6,29271.5,29221.1,29232.4"
2026-05-09T03:15:00.000+07:00,"29232.2,29241.8,29220.6,29233.1"
2026-05-09T03:30:00.000+07:00,"29232.1,29235.3,29222.8,29230.3"
2026-05-09T03:45:00.000+07:00,"29229.6,29238.1,29218.9,29226.7"
2026-05-11T05:00:00.000+07:00,"29198.4,29211.2,29141.9,29164.1"
2026-05-11T05:15:00.000+07:00,"29164.2,29167.3,29118.2,29162.6"
2026-05-11T05:30:00.000+07:00,"29162.8,29167.9,29145.1,29159.9"
2026-05-11T05:45:00.000+07:00,"29160.2,29190.3,29158.4,29184.7"
2026-05-11T06:00:00.000+07:00,"29184.3,29230.6,29181.2,29211.7"
2026-05-11T06:15:00.000+07:00,"29211.8,29237.4,29191.8,29195.4"
2026-05-11T06:30:00.000+07:00,"29195.5,29206.2,29181.1,29200.5"
2026-05-11T06:45:00.000+07:00,"29200.8,29208.5,29186.4,29195"
2026-05-11T07:00:00.000+07:00,"29195.1,29262,29195.1,29259.4"
2026-05-11T07:15:00.000+07:00,"29259.9,29285,29236.9,29278.4"
2026-05-11T07:30:00.000+07:00,"29278.5,29290.5,29271.7,29276.6"
2026-05-11T07:45:00.000+07:00,"29276.7,29277.3,29157,29187.4"
2026-05-11T08:00:00.000+07:00,"29187.5,29196.6,29140.3,29185.2"
2026-05-11T08:15:00.000+07:00,"29185.4,29229.8,29169.7,29208.7"
2026-05-11T08:30:00.000+07:00,"29208.5,29227.1,29193,29222.5"
2026-05-11T08:45:00.000+07:00,"29222.7,29244.5,29216.2,29229.5"
2026-05-11T09:00:00.000+07:00,"29228.8,29247,29213.8,29229.3"
2026-05-11T09:15:00.000+07:00,"29229.4,29245.4,29216.5,29239.8"
2026-05-11T09:30:00.000+07:00,"29239.9,29252,29215.8,29240.6"
2026-05-11T09:45:00.000+07:00,"29240.5,29247.4,29228.1,29229"
2026-05-11T10:00:00.000+07:00,"29228.5,29231.2,29205.7,29215.1"
2026-05-11T10:15:00.000+07:00,"29214.9,29232.4,29204.7,29229.8"
2026-05-11T10:30:00.000+07:00,"29229.9,29238.9,29213.9,29235.2"
2026-05-11T10:45:00.000+07:00,"29234.2,29236,29213,29214.6"
2026-05-11T11:00:00.000+07:00,"29214.8,29218.2,29183.6,29200.8"
2026-05-11T11:15:00.000+07:00,"29200.6,29226.3,29199.4,29220.4"
2026-05-11T11:30:00.000+07:00,"29220.5,29226.9,29217.4,29223.5"
2026-05-11T11:45:00.000+07:00,"29223.4,29235.6,29219.1,29232.7"
2026-05-11T12:00:00.000+07:00,"29232.6,29236.9,29220.2,29225.9"
2026-05-11T12:15:00.000+07:00,"29225.7,29244.3,29221.2,29233.2"
2026-05-11T12:30:00.000+07:00,"29233.1,29241.6,29208.9,29211.2"
2026-05-11T12:45:00.000+07:00,"29211.4,29222.9,29207.7,29211.5"
2026-05-11T13:00:00.000+07:00,"29211.4,29235,29209.9,29229.4"
2026-05-11T13:15:00.000+07:00,"29229.3,29243.5,29214.9,29235.1"
2026-05-11T13:30:00.000+07:00,"29235,29239.4,29201.7,29207.5"
2026-05-11T13:45:00.000+07:00,"29207.4,29215.9,29189.5,29211"
2026-05-11T14:00:00.000+07:00,"29213.2,29214.7,29188.3,29189.5"
2026-05-11T14:15:00.000+07:00,"29189.6,29213.1,29176,29204.4"
2026-05-11T14:30:00.000+07:00,"29204.3,29218.9,29190.9,29203.2"
2026-05-11T14:45:00.000+07:00,"29203.3,29216,29199.7,29212.9"
2026-05-11T15:00:00.000+07:00,"29213,29219.1,29158.1,29168.3"
2026-05-11T15:15:00.000+07:00,"29168.6,29205.5,29157.3,29157.3"
2026-05-11T15:30:00.000+07:00,"29157.2,29182.9,29153.7,29181.2"
2026-05-11T15:45:00.000+07:00,"29181.1,29205.7,29179.1,29186.7"
2026-05-11T16:00:00.000+07:00,"29186.6,29222.9,29184.9,29206.6"
2026-05-11T16:15:00.000+07:00,"29206.7,29226.8,29201,29210.7"
2026-05-11T16:30:00.000+07:00,"29210.9,29233.4,29210.1,29228"
2026-05-11T16:45:00.000+07:00,"29228.2,29256.9,29205.9,29207.6"
2026-05-11T17:00:00.000+07:00,"29207.3,29224.5,29197.5,29205.3"
2026-05-11T17:15:00.000+07:00,"29204.9,29208.5,29186.7,29203.6"
2026-05-11T17:30:00.000+07:00,"29203.4,29205.5,29182.2,29193.2"
2026-05-11T17:45:00.000+07:00,"29193.1,29204.5,29178.7,29192"
2026-05-11T18:00:00.000+07:00,"29192.8,29234.2,29190.6,29232.8"
2026-05-11T18:15:00.000+07:00,"29233.1,29268.7,29224.3,29262"
2026-05-11T18:30:00.000+07:00,"29262.1,29280.2,29236.3,29238.8"
2026-05-11T18:45:00.000+07:00,"29238.6,29241.1,29214.3,29238.8"
2026-05-11T19:00:00.000+07:00,"29239.2,29244.5,29186.9,29193.1"
2026-05-11T19:15:00.000+07:00,"29193,29208.6,29167.4,29198.2"
2026-05-11T19:30:00.000+07:00,"29198,29205.1,29160.1,29160.4"
2026-05-11T19:45:00.000+07:00,"29160.5,29188.8,29148.8,29186.7"
2026-05-11T20:00:00.000+07:00,"29187.6,29203.4,29174.7,29197.2"
2026-05-11T20:15:00.000+07:00,"29197.5,29200.6,29173.9,29194.1"
2026-05-11T20:30:00.000+07:00,"29194.2,29324,29173.6,29290.5"
2026-05-11T20:45:00.000+07:00,"29290.9,29304.7,29191.9,29200.7"
2026-05-11T21:00:00.000+07:00,"29200.6,29292.8,29197.7,29288.2"
2026-05-11T21:15:00.000+07:00,"29288.4,29306.3,29171.5,29175.1"
2026-05-11T21:30:00.000+07:00,"29176.2,29265.1,29136.5,29256.3"
2026-05-11T21:45:00.000+07:00,"29256.1,29303.7,29248,29282.8"
2026-05-11T22:00:00.000+07:00,"29282.7,29300.1,29253.5,29260.3"
2026-05-11T22:15:00.000+07:00,"29260.2,29319.3,29251,29316.4"
2026-05-11T22:30:00.000+07:00,"29316.6,29330.7,29297.1,29311.8"
2026-05-11T22:45:00.000+07:00,"29311.6,29365.9,29307.5,29355.9"
2026-05-11T23:00:00.000+07:00,"29355.2,29370.5,29346.3,29369.3"
2026-05-11T23:15:00.000+07:00,"29369.1,29369.9,29336.4,29354.5"
2026-05-11T23:30:00.000+07:00,"29353.8,29367,29261.2,29305.9"
2026-05-11T23:45:00.000+07:00,"29305.6,29322,29287.4,29296.8"
2026-05-12T00:00:00.000+07:00,"29297.7,29324.5,29273.7,29282.5"
2026-05-12T00:15:00.000+07:00,"29282.3,29332.1,29267.7,29328.2"
2026-05-12T00:30:00.000+07:00,"29328.6,29363.9,29327.6,29358"
2026-05-12T00:45:00.000+07:00,"29358.1,29366.5,29330,29332.8"
2026-05-12T01:00:00.000+07:00,"29332.5,29364.6,29330.8,29353.7"
2026-05-12T01:15:00.000+07:00,"29353.5,29365.5,29339.4,29362.5"
2026-05-12T01:30:00.000+07:00,"29362.6,29362.8,29329.1,29338"
2026-05-12T01:45:00.000+07:00,"29337.6,29342.6,29276.8,29278.7"
2026-05-12T02:00:00.000+07:00,"29279.1,29324.5,29267,29307.7"
2026-05-12T02:15:00.000+07:00,"29307.6,29309.7,29261.4,29272.5"
2026-05-12T02:30:00.000+07:00,"29271.7,29296.9,29259.7,29269.5"
2026-05-12T02:45:00.000+07:00,"29269.2,29317.3,29263.4,29313.8"
2026-05-12T03:00:00.000+07:00,"29313.7,29315.3,29210.3,29276"
2026-05-12T03:15:00.000+07:00,"29276.1,29289.7,29261.3,29284.6"
2026-05-12T03:30:00.000+07:00,"29284.5,29298.8,29282.8,29289.8"
2026-05-12T03:45:00.000+07:00,"29290.1,29292.6,29275.2,29283.4"
2026-05-12T04:00:00.000+07:00,"29276.1,29283.1,29274.2,29279.1"
2026-05-12T04:15:00.000+07:00,"29279.2,29289,29276.9,29286.5"
2026-05-12T04:30:00.000+07:00,"29286.4,29290.8,29286,29289.8"
2026-05-12T04:45:00.000+07:00,"29289.9,29291.3,29289.7,29290.4"
2026-05-12T05:00:00.000+07:00,"29287.8,29318.2,29286.9,29314.9"
2026-05-12T05:15:00.000+07:00,"29314.7,29325.9,29312.5,29322.9"
2026-05-12T05:30:00.000+07:00,"29323,29338.7,29322,29338.2"
2026-05-12T05:45:00.000+07:00,"29338,29344.6,29328.1,29335"
2026-05-12T06:00:00.000+07:00,"29335.1,29339.2,29323.3,29329"
2026-05-12T06:15:00.000+07:00,"29328.9,29340.8,29313.2,29339.6"
2026-05-12T06:30:00.000+07:00,"29339.8,29341.5,29329.2,29333.9"
2026-05-12T06:45:00.000+07:00,"29333.8,29334.5,29310.9,29318.2"
2026-05-12T07:00:00.000+07:00,"29318.1,29318.4,29275.3,29282.2"
2026-05-12T07:15:00.000+07:00,"29282.5,29292.1,29243.7,29268.3"
2026-05-12T07:30:00.000+07:00,"29268.6,29287.4,29253.4,29263.5"
2026-05-12T07:45:00.000+07:00,"29263.8,29279.5,29261.2,29268.9"
2026-05-12T08:00:00.000+07:00,"29269.2,29279.3,29254.7,29255.8"
2026-05-12T08:15:00.000+07:00,"29256,29256.6,29204.1,29207.3"
2026-05-12T08:30:00.000+07:00,"29206.8,29221.1,29115.2,29158.3"
2026-05-12T08:45:00.000+07:00,"29157.5,29201.2,29151.8,29159.4"
2026-05-12T09:00:00.000+07:00,"29158.8,29231.8,29150.4,29229"
2026-05-12T09:15:00.000+07:00,"29228.9,29229.3,29199.7,29220"
2026-05-12T09:30:00.000+07:00,"29219.7,29224.1,29191.7,29211.5"
2026-05-12T09:45:00.000+07:00,"29211.3,29254.4,29211.3,29250.6"
2026-05-12T10:00:00.000+07:00,"29250.9,29252.1,29214.1,29229.9"
2026-05-12T10:15:00.000+07:00,"29230,29236.8,29218.2,29224.9"
2026-05-12T10:30:00.000+07:00,"29225.1,29234.8,29222.4,29227.2"
2026-05-12T10:45:00.000+07:00,"29227.1,29231.3,29208.5,29212.6"
2026-05-12T11:00:00.000+07:00,"29212.7,29223,29206.6,29208.8"
2026-05-12T11:15:00.000+07:00,"29209,29225.5,29207.1,29214.8"
2026-05-12T11:30:00.000+07:00,"29214.9,29220.7,29206.1,29211.4"
2026-05-12T11:45:00.000+07:00,"29211.5,29214.4,29170,29171.2"
2026-05-12T12:00:00.000+07:00,"29171.3,29192.1,29166.5,29168.5"
2026-05-12T12:15:00.000+07:00,"29168.1,29190.7,29160.5,29185.6"
2026-05-12T12:30:00.000+07:00,"29185.5,29187.5,29159.7,29163.6"
2026-05-12T12:45:00.000+07:00,"29164.1,29187,29163.6,29172.4"
2026-05-12T13:00:00.000+07:00,"29171.9,29179.5,29149,29164.4"
2026-05-12T13:15:00.000+07:00,"29164.5,29172.8,29135.8,29141.3"
2026-05-12T13:30:00.000+07:00,"29141.5,29151.4,29124.4,29134.1"
2026-05-12T13:45:00.000+07:00,"29134.4,29144.1,29103.1,29106.4"
2026-05-12T14:00:00.000+07:00,"29106.5,29112.8,29065.9,29106.1"
2026-05-12T14:15:00.000+07:00,"29106.2,29143.5,29103.7,29119.5"
2026-05-12T14:30:00.000+07:00,"29119.4,29144.6,29119.4,29125.3"
2026-05-12T14:45:00.000+07:00,"29125.9,29141.6,29121.9,29130.2"
2026-05-12T15:00:00.000+07:00,"29130.4,29133.4,29069.1,29069.3"
2026-05-12T15:15:00.000+07:00,"29069,29112,29062.3,29108"
2026-05-12T15:30:00.000+07:00,"29108.9,29114.8,29089.2,29089.2"
2026-05-12T15:45:00.000+07:00,"29088.9,29103.8,29074.6,29102.6"
2026-05-12T16:00:00.000+07:00,"29102.4,29113.7,29065,29097"
2026-05-12T16:15:00.000+07:00,"29096.8,29108.8,29085,29097.9"
2026-05-12T16:30:00.000+07:00,"29097.6,29136.3,29097.6,29106"
2026-05-12T16:45:00.000+07:00,"29107.1,29123,29099.4,29108.8"
2026-05-12T17:00:00.000+07:00,"29108.9,29137.1,29104.5,29127.5"
2026-05-12T17:15:00.000+07:00,"29127.9,29128.5,29104.9,29113.9"
2026-05-12T17:30:00.000+07:00,"29114.3,29117.5,29074.7,29084.5"
2026-05-12T17:45:00.000+07:00,"29084.4,29103.4,29076.3,29097.7"
2026-05-12T18:00:00.000+07:00,"29098,29106.9,29035.6,29044.1"
2026-05-12T18:15:00.000+07:00,"29044,29056.3,29021.1,29052"
2026-05-12T18:30:00.000+07:00,"29052.2,29074.5,29041.8,29062.4"
2026-05-12T18:45:00.000+07:00,"29062.3,29072.7,29053.1,29053.8"
2026-05-12T19:00:00.000+07:00,"29056.8,29058,29010.1,29053.7"
2026-05-12T19:15:00.000+07:00,"29053.4,29053.7,29017.1,29039.8"
2026-05-12T19:30:00.000+07:00,"29040.2,29117.1,29002.7,29091.6"
2026-05-12T19:45:00.000+07:00,"29090.5,29121.6,29090.4,29112.2"
2026-05-12T20:00:00.000+07:00,"29111.9,29126.9,29092.9,29104.6"
2026-05-12T20:15:00.000+07:00,"29104.4,29109,29077.4,29102.1"
2026-05-12T20:30:00.000+07:00,"29102.6,29174.3,29033.8,29174.3"
2026-05-12T20:45:00.000+07:00,"29174.1,29184.1,29003,29017.5"
2026-05-12T21:00:00.000+07:00,"29017.7,29083,28977.9,29079.6"
2026-05-12T21:15:00.000+07:00,"29080.5,29114.8,28971.8,28975.3"
2026-05-12T21:30:00.000+07:00,"28977,29015.9,28897.4,28973.3"
2026-05-12T21:45:00.000+07:00,"28973.4,28973.4,28892.4,28905.2"
2026-05-12T22:00:00.000+07:00,"28906,28922.5,28854.8,28856.8"
2026-05-12T22:15:00.000+07:00,"28857.4,28860.7,28745.6,28765.7"
2026-05-12T22:30:00.000+07:00,"28765.9,28834.2,28759.9,28819"
2026-05-12T22:45:00.000+07:00,"28819.7,28831.1,28719.7,28731.8"
2026-05-12T23:00:00.000+07:00,"28730.8,28806,28702.5,28801.8"
2026-05-12T23:15:00.000+07:00,"28801.6,28803.3,28720.8,28732"
2026-05-12T23:30:00.000+07:00,"28730.5,28737.1,28659,28680.5"
2026-05-12T23:45:00.000+07:00,"28679.6,28694.9,28633.3,28640.4"
2026-05-13T00:00:00.000+07:00,"28639.5,28734.3,28639.4,28730.9"
2026-05-13T00:15:00.000+07:00,"28730.7,28818.5,28728.7,28778.8"
2026-05-13T00:30:00.000+07:00,"28779.5,28818.9,28767.9,28790.6"
2026-05-13T00:45:00.000+07:00,"28790.8,28816,28769.1,28810.7"
2026-05-13T01:00:00.000+07:00,"28810.8,28838.9,28802.7,28837.7"
2026-05-13T01:15:00.000+07:00,"28837.5,28893,28821.3,28880.8"
2026-05-13T01:30:00.000+07:00,"28880.6,28896.8,28863.2,28868.5"
2026-05-13T01:45:00.000+07:00,"28868.6,28898.7,28837.9,28849.4"
2026-05-13T02:00:00.000+07:00,"28848.6,28941.7,28848.3,28930"
2026-05-13T02:15:00.000+07:00,"28930.4,28955,28908.1,28940.7"
2026-05-13T02:30:00.000+07:00,"28940.8,29025,28940.8,29020.3"
2026-05-13T02:45:00.000+07:00,"29019.8,29081.3,29006.9,29066.4"
2026-05-13T03:00:00.000+07:00,"29065.6,29070.2,28996.5,29017.6"
2026-05-13T03:15:00.000+07:00,"29018.1,29036.3,28999.8,29018.2"
2026-05-13T03:30:00.000+07:00,"29018.4,29029.8,29000.2,29023.1"
2026-05-13T03:45:00.000+07:00,"29022.8,29046,29020.6,29028.1"
2026-05-13T04:00:00.000+07:00,"29028,29031.7,29020,29023.1"
2026-05-13T04:15:00.000+07:00,"29023.3,29026.7,29016.7,29023"
2026-05-13T04:30:00.000+07:00,"29023.1,29038.1,29021.4,29035.9"
2026-05-13T04:45:00.000+07:00,"29036.6,29044.6,29035.8,29043.1"
2026-05-13T05:00:00.000+07:00,"29038.2,29066.7,29031,29058.5"
2026-05-13T05:15:00.000+07:00,"29058.4,29083.9,29056.6,29067.1"
2026-05-13T05:30:00.000+07:00,"29066.6,29076.3,29060.3,29062.5"
2026-05-13T05:45:00.000+07:00,"29062.6,29070.8,29039,29039.2"
2026-05-13T06:00:00.000+07:00,"29038.5,29053.4,29025.4,29033.8"
2026-05-13T06:15:00.000+07:00,"29033.9,29039,29023,29024.9"
2026-05-13T06:30:00.000+07:00,"29024.2,29025.4,28975.2,28984.6"
2026-05-13T06:45:00.000+07:00,"28984.5,29010.4,28977.9,28978.7"
2026-05-13T07:00:00.000+07:00,"28978.5,29011.2,28951.4,28983.2"
2026-05-13T07:15:00.000+07:00,"28982.9,29052.5,28980,29018.4"
2026-05-13T07:30:00.000+07:00,"29018.3,29040.9,28994.2,29031"
2026-05-13T07:45:00.000+07:00,"29030.1,29043.8,29010.8,29039.5"
2026-05-13T08:00:00.000+07:00,"29039.3,29084.4,29038.8,29078.6"
2026-05-13T08:15:00.000+07:00,"29078.5,29093.5,29061.8,29090.4"
2026-05-13T08:30:00.000+07:00,"29090.7,29100.5,29069.6,29097.7"
2026-05-13T08:45:00.000+07:00,"29098,29157.4,29097.7,29111.6"
2026-05-13T09:00:00.000+07:00,"29110.9,29137.7,29098.3,29112.7"
2026-05-13T09:15:00.000+07:00,"29112.5,29131.8,29107.8,29131.8"
2026-05-13T09:30:00.000+07:00,"29131.6,29135.4,29115.4,29123.3"
2026-05-13T09:45:00.000+07:00,"29123.4,29129.2,29106.2,29117.7"
2026-05-13T10:00:00.000+07:00,"29117.6,29123.5,29099,29103.1"
2026-05-13T10:15:00.000+07:00,"29103.6,29135.2,29103.2,29134"
2026-05-13T10:30:00.000+07:00,"29134.1,29162,29133.9,29159.9"
2026-05-13T10:45:00.000+07:00,"29159.8,29159.8,29135.4,29145.8"
2026-05-13T11:00:00.000+07:00,"29145.9,29163.1,29139.2,29159.4"
2026-05-13T11:15:00.000+07:00,"29159.5,29177.7,29157.7,29173.2"
2026-05-13T11:30:00.000+07:00,"29173.1,29194.7,29157,29175.1"
2026-05-13T11:45:00.000+07:00,"29175.2,29192.1,29173.6,29182.3"
2026-05-13T12:00:00.000+07:00,"29182.1,29207.3,29171.8,29190.7"
2026-05-13T12:15:00.000+07:00,"29190.2,29204.3,29182.1,29195.4"
2026-05-13T12:30:00.000+07:00,"29195.5,29201,29183.9,29189.3"
2026-05-13T12:45:00.000+07:00,"29189.2,29193.2,29180.2,29191.6"
2026-05-13T13:00:00.000+07:00,"29191.7,29218.6,29185.4,29218.3"
2026-05-13T13:15:00.000+07:00,"29218.2,29249.6,29206.7,29210.6"
2026-05-13T13:30:00.000+07:00,"29209.9,29222.7,29206.2,29209.7"
2026-05-13T13:45:00.000+07:00,"29210,29210.3,29187.8,29204.8"
2026-05-13T14:00:00.000+07:00,"29204.5,29219.2,29184.4,29205.2"
2026-05-13T14:15:00.000+07:00,"29204.8,29217.6,29203,29213.2"
2026-05-13T14:30:00.000+07:00,"29213.3,29257.9,29208,29252.6"
2026-05-13T14:45:00.000+07:00,"29252.7,29267.4,29244.4,29266.2"
2026-05-13T15:00:00.000+07:00,"29266.7,29328.1,29266.2,29317.5"
2026-05-13T15:15:00.000+07:00,"29317.7,29342.8,29315.9,29331.2"
2026-05-13T15:30:00.000+07:00,"29331.3,29343.8,29317.3,29330.4"
2026-05-13T15:45:00.000+07:00,"29330,29333.9,29298.7,29309.8"
2026-05-13T16:00:00.000+07:00,"29310.1,29310.3,29266.7,29276.7"
2026-05-13T16:15:00.000+07:00,"29276.6,29289.5,29262.1,29285"
2026-05-13T16:30:00.000+07:00,"29284.8,29313.2,29272.6,29307.7"
2026-05-13T16:45:00.000+07:00,"29307.6,29322.6,29297.6,29316.4"
2026-05-13T17:00:00.000+07:00,"29316.1,29319.7,29285.8,29295.2"
2026-05-13T17:15:00.000+07:00,"29295.5,29302.2,29277.8,29284"
2026-05-13T17:30:00.000+07:00,"29283.9,29290.3,29264.6,29288"
2026-05-13T17:45:00.000+07:00,"29287.7,29292.2,29276.1,29281.3"
2026-05-13T18:00:00.000+07:00,"29280.2,29291.1,29249.9,29263.5"
2026-05-13T18:15:00.000+07:00,"29263.3,29272.1,29243.5,29256.9"
2026-05-13T18:30:00.000+07:00,"29256.8,29279.8,29251.4,29267.8"
2026-05-13T18:45:00.000+07:00,"29267.6,29277.3,29253.4,29266.7"
2026-05-13T19:00:00.000+07:00,"29266.3,29298.8,29260.9,29271.1"
2026-05-13T19:15:00.000+07:00,"29271.2,29271.6,29206.5,29255.7"
2026-05-13T19:30:00.000+07:00,"29255.8,29256.5,29096.3,29142.5"
2026-05-13T19:45:00.000+07:00,"29142.7,29161.6,29119.9,29132"
2026-05-13T20:00:00.000+07:00,"29132.5,29190.6,29132,29186.4"
2026-05-13T20:15:00.000+07:00,"29186.5,29200,29177.6,29184"
2026-05-13T20:30:00.000+07:00,"29184.3,29184.55,29076.7,29106.5"
2026-05-13T20:45:00.000+07:00,"29106.6,29120.9,28971.6,29064.7"
2026-05-13T21:00:00.000+07:00,"29065.2,29088.1,29011.4,29069.4"
2026-05-13T21:15:00.000+07:00,"29069.7,29160.6,29046.2,29132.6"
2026-05-13T21:30:00.000+07:00,"29132.8,29175.7,29114.3,29161.5"
2026-05-13T21:45:00.000+07:00,"29161.6,29217.2,29134.8,29214"
2026-05-13T22:00:00.000+07:00,"29214.7,29245.9,29194.3,29217.7"
2026-05-13T22:15:00.000+07:00,"29217.3,29236.7,29177.3,29207.3"
2026-05-13T22:30:00.000+07:00,"29206.2,29277.3,29179.1,29272.1"
2026-05-13T22:45:00.000+07:00,"29272.4,29273.8,29192.1,29204.2"
2026-05-13T23:00:00.000+07:00,"29204.1,29283.9,29193.5,29280.7"
2026-05-13T23:15:00.000+07:00,"29281.2,29339.4,29269.5,29331.4"
2026-05-13T23:30:00.000+07:00,"29329.1,29340.2,29308,29326.8"
2026-05-13T23:45:00.000+07:00,"29326.6,29357.2,29309.8,29340.9"
2026-05-14T00:00:00.000+07:00,"29339.8,29386,29339.8,29380.4"
2026-05-14T00:15:00.000+07:00,"29380.3,29389,29356.2,29379.2"
2026-05-14T00:30:00.000+07:00,"29377.6,29383.8,29356.9,29370.1"
2026-05-14T00:45:00.000+07:00,"29370.5,29379,29334,29335.2"
2026-05-14T01:00:00.000+07:00,"29335.7,29416.6,29333.1,29414.9"
2026-05-14T01:15:00.000+07:00,"29415.1,29455.7,29415.1,29440.9"
2026-05-14T01:30:00.000+07:00,"29438.8,29445,29399.6,29403.6"
2026-05-14T01:45:00.000+07:00,"29403.8,29413.4,29356.7,29363.3"
2026-05-14T02:00:00.000+07:00,"29363.4,29417.2,29361.3,29414.4"
2026-05-14T02:15:00.000+07:00,"29414.3,29430.6,29390.2,29416.2"
2026-05-14T02:30:00.000+07:00,"29414.7,29425.1,29401.4,29422.4"
2026-05-14T02:45:00.000+07:00,"29422.3,29429.9,29341,29367.1"
2026-05-14T03:00:00.000+07:00,"29366.1,29408.9,29338.7,29399.7"
2026-05-14T03:15:00.000+07:00,"29399.9,29413.5,29397.8,29407.4"
2026-05-14T03:30:00.000+07:00,"29407.6,29437.2,29406.8,29431.2"
2026-05-14T03:45:00.000+07:00,"29430.7,29431.7,29422.7,29425.9"
2026-05-14T04:00:00.000+07:00,"29425.7,29435,29423.2,29429.1"
2026-05-14T04:15:00.000+07:00,"29429.3,29435,29427.4,29428.9"
2026-05-14T04:30:00.000+07:00,"29429.8,29438.6,29429.8,29434.3"
2026-05-14T04:45:00.000+07:00,"29434.1,29437.8,29430.6,29437.8"
2026-05-14T05:00:00.000+07:00,"29438,29452.8,29419,29450.6"
2026-05-14T05:15:00.000+07:00,"29450.5,29470.4,29440.9,29451.6"
2026-05-14T05:30:00.000+07:00,"29451.5,29467.8,29450.7,29466.2"
2026-05-14T05:45:00.000+07:00,"29464.8,29501.8,29463.1,29483.8"
2026-05-14T06:00:00.000+07:00,"29484,29541.8,29483.7,29536.2"
2026-05-14T06:15:00.000+07:00,"29536.4,29537.8,29507,29514.2"
2026-05-14T06:30:00.000+07:00,"29513.4,29522.3,29492.8,29506.2"
2026-05-14T06:45:00.000+07:00,"29506,29526,29495.4,29524"
2026-05-14T07:00:00.000+07:00,"29524.1,29527.2,29482.4,29524.4"
2026-05-14T07:15:00.000+07:00,"29524.2,29551.3,29517.5,29542.1"
2026-05-14T07:30:00.000+07:00,"29542.3,29572.6,29542.2,29572.5"
2026-05-14T07:45:00.000+07:00,"29572.7,29586.7,29557.9,29572.9"
2026-05-14T08:00:00.000+07:00,"29573,29573.9,29556.7,29561.3"
2026-05-14T08:15:00.000+07:00,"29561.5,29574,29534.2,29573.1"
2026-05-14T08:30:00.000+07:00,"29573,29576.5,29523.9,29536.1"
2026-05-14T08:45:00.000+07:00,"29536.3,29537.3,29497.3,29501.8"
2026-05-14T09:00:00.000+07:00,"29502,29519.6,29492.5,29507.8"
2026-05-14T09:15:00.000+07:00,"29507.6,29523.7,29499.6,29519.2"
2026-05-14T09:30:00.000+07:00,"29519.3,29527.8,29506.1,29515.9"
2026-05-14T09:45:00.000+07:00,"29515.7,29517,29462.5,29479.9"
2026-05-14T10:00:00.000+07:00,"29479.8,29501.8,29470,29492.3"
2026-05-14T10:15:00.000+07:00,"29492.4,29501.8,29455.2,29477.2"
2026-05-14T10:30:00.000+07:00,"29477,29480.9,29434.1,29441.9"
2026-05-14T10:45:00.000+07:00,"29441.4,29449.6,29415.2,29428.3"
2026-05-14T11:00:00.000+07:00,"29428.2,29445.7,29406.9,29442.7"
2026-05-14T11:15:00.000+07:00,"29442.8,29466.7,29431.5,29458.8"
2026-05-14T11:30:00.000+07:00,"29458.9,29482.7,29457.4,29475.3"
2026-05-14T11:45:00.000+07:00,"29475.2,29493,29456.1,29458.7"
2026-05-14T12:00:00.000+07:00,"29458.4,29475.5,29443.4,29444.9"
2026-05-14T12:15:00.000+07:00,"29444.7,29463.7,29426.8,29458.9"
2026-05-14T12:30:00.000+07:00,"29459.1,29467.2,29438,29452.6"
2026-05-14T12:45:00.000+07:00,"29453.1,29507.4,29452.8,29496.2"
2026-05-14T13:00:00.000+07:00,"29495.8,29528.8,29495.8,29519.6"
2026-05-14T13:15:00.000+07:00,"29519.5,29534.7,29506.6,29515.5"
2026-05-14T13:30:00.000+07:00,"29515.8,29532.4,29512.8,29525.2"
2026-05-14T13:45:00.000+07:00,"29525.4,29527.4,29498.8,29501.2"
2026-05-14T14:00:00.000+07:00,"29501.5,29513.6,29474.3,29488.8"
2026-05-14T14:15:00.000+07:00,"29488.9,29504.7,29483,29494.3"
2026-05-14T14:30:00.000+07:00,"29494.4,29526.5,29490.1,29515.7"
2026-05-14T14:45:00.000+07:00,"29515.5,29524.6,29458,29468"
2026-05-14T15:00:00.000+07:00,"29468.2,29492,29439.9,29491.2"
2026-05-14T15:15:00.000+07:00,"29491.5,29520.6,29475.5,29488.5"
2026-05-14T15:30:00.000+07:00,"29488,29506.9,29444.2,29449.2"
2026-05-14T15:45:00.000+07:00,"29449.4,29474.9,29438.8,29468"
2026-05-14T16:00:00.000+07:00,"29468.1,29482.9,29437.9,29451.4"
2026-05-14T16:15:00.000+07:00,"29451.5,29459.7,29423.1,29429.5"
2026-05-14T16:30:00.000+07:00,"29429.3,29439.4,29374.6,29403.2"
2026-05-14T16:45:00.000+07:00,"29403,29437.7,29398.8,29426.1"
2026-05-14T17:00:00.000+07:00,"29425.7,29487.3,29423.5,29449.9"
2026-05-14T17:15:00.000+07:00,"29450.9,29473.7,29428.6,29440.4"
2026-05-14T17:30:00.000+07:00,"29440.5,29448.6,29408.6,29419.2"
2026-05-14T17:45:00.000+07:00,"29419.3,29459.8,29410.8,29438.6"
2026-05-14T18:00:00.000+07:00,"29438.4,29470.8,29436.5,29458.7"
2026-05-14T18:15:00.000+07:00,"29458.6,29461,29400.7,29415.9"
2026-05-14T18:30:00.000+07:00,"29415.8,29445,29415.7,29437.4"
2026-05-14T18:45:00.000+07:00,"29437.5,29458.5,29430.1,29432.7"
2026-05-14T19:00:00.000+07:00,"29434,29459.4,29429.4,29454.4"
2026-05-14T19:15:00.000+07:00,"29454.3,29468.7,29441.2,29455.5"
2026-05-14T19:30:00.000+07:00,"29455.3,29458.6,29414.2,29415.4"
2026-05-14T19:45:00.000+07:00,"29414,29423,29372.1,29388.6"
2026-05-14T20:00:00.000+07:00,"29388.5,29393.8,29341.4,29366.8"
2026-05-14T20:15:00.000+07:00,"29367.1,29390.2,29351.9,29368.1"
2026-05-14T20:30:00.000+07:00,"29368.5,29529.8,29351.7,29526.5"
2026-05-14T20:45:00.000+07:00,"29526.8,29586,29422,29436.4"
2026-05-14T21:00:00.000+07:00,"29437.3,29511.9,29430.9,29479.6"
2026-05-14T21:15:00.000+07:00,"29478.1,29561.9,29475.7,29519.7"
2026-05-14T21:30:00.000+07:00,"29520.8,29583.5,29505.8,29583.5"
2026-05-14T21:45:00.000+07:00,"29584,29625.6,29561.4,29571.4"
2026-05-14T22:00:00.000+07:00,"29571.6,29633,29563.1,29631.2"
2026-05-14T22:15:00.000+07:00,"29630.8,29671.5,29629.5,29653.5"
2026-05-14T22:30:00.000+07:00,"29653.7,29665.2,29624.6,29648"
2026-05-14T22:45:00.000+07:00,"29648.1,29665.6,29630,29651.3"
2026-05-14T23:00:00.000+07:00,"29651.1,29677.1,29648.2,29652"
2026-05-14T23:15:00.000+07:00,"29651.8,29676.6,29610.5,29622.6"
2026-05-14T23:30:00.000+07:00,"29622.4,29638.7,29593.1,29614.6"
2026-05-14T23:45:00.000+07:00,"29614.8,29634.6,29591.4,29623"
2026-05-15T00:00:00.000+07:00,"29622.8,29651.1,29547.4,29555.9"
2026-05-15T00:15:00.000+07:00,"29556,29566.2,29492.6,29544"
2026-05-15T00:30:00.000+07:00,"29543.5,29598.5,29533,29593.1"
2026-05-15T00:45:00.000+07:00,"29593.6,29648.2,29593.6,29627.2"
2026-05-15T01:00:00.000+07:00,"29626.6,29626.6,29537.3,29584.7"
2026-05-15T01:15:00.000+07:00,"29584.4,29603.2,29556.3,29570.4"
2026-05-15T01:30:00.000+07:00,"29569.8,29594.8,29551.5,29568.4"
2026-05-15T01:45:00.000+07:00,"29568.5,29613.3,29553.4,29603.7"
2026-05-15T02:00:00.000+07:00,"29603.6,29627.7,29589.1,29603"
2026-05-15T02:15:00.000+07:00,"29603.1,29629.4,29592.1,29595.6"
2026-05-15T02:30:00.000+07:00,"29595,29629.9,29592.7,29623.1"
2026-05-15T02:45:00.000+07:00,"29622.9,29626.1,29575.4,29582.8"
2026-05-15T03:00:00.000+07:00,"29581.8,29632.6,29579.8,29603.9"
2026-05-15T03:15:00.000+07:00,"29603.1,29607.2,29569,29578.5"
2026-05-15T03:30:00.000+07:00,"29578.7,29588.5,29531.1,29555.9"
2026-05-15T03:45:00.000+07:00,"29555.6,29583.7,29554.1,29583.5"
2026-05-15T04:00:00.000+07:00,"29582.9,29585.4,29581,29584.5"
2026-05-15T04:15:00.000+07:00,"29584.6,29588.9,29584.2,29588.5"
2026-05-15T04:30:00.000+07:00,"29587.5,29589.4,29581.7,29585.1"
2026-05-15T04:45:00.000+07:00,"29585,29596.5,29585,29592.6"
2026-05-15T05:00:00.000+07:00,"29593.9,29622.1,29578.5,29595.9"
2026-05-15T05:15:00.000+07:00,"29596.2,29602.7,29573.1,29601.3"
2026-05-15T05:30:00.000+07:00,"29601.2,29614.3,29600.2,29611.2"
2026-05-15T05:45:00.000+07:00,"29611.1,29624.7,29609,29612.1"
2026-05-15T06:00:00.000+07:00,"29611.8,29623.3,29611.4,29621.8"
2026-05-15T06:15:00.000+07:00,"29621.7,29630.1,29610.7,29627.6"
2026-05-15T06:30:00.000+07:00,"29628,29636.1,29618.1,29619.7"
2026-05-15T06:45:00.000+07:00,"29619.9,29620.4,29579.1,29591.8"
2026-05-15T07:00:00.000+07:00,"29591.9,29604.2,29558.2,29604.1"
2026-05-15T07:15:00.000+07:00,"29603.9,29628.2,29603.6,29623.7"
2026-05-15T07:30:00.000+07:00,"29623.6,29624.5,29540.3,29564.8"
2026-05-15T07:45:00.000+07:00,"29564.5,29591,29559,29587.1"
2026-05-15T08:00:00.000+07:00,"29586.9,29594.7,29545.5,29559.1"
2026-05-15T08:15:00.000+07:00,"29558.9,29564.8,29484.8,29486.1"
2026-05-15T08:30:00.000+07:00,"29485.6,29508.1,29448.7,29487"
2026-05-15T08:45:00.000+07:00,"29486.9,29488.5,29416.6,29421.2"
2026-05-15T09:00:00.000+07:00,"29420.9,29444.3,29399.6,29412.9"
2026-05-15T09:15:00.000+07:00,"29413,29459.7,29399.1,29429.3"
2026-05-15T09:30:00.000+07:00,"29429.1,29458.8,29405.9,29457.5"
2026-05-15T09:45:00.000+07:00,"29457.7,29501.4,29449.2,29482.9"
2026-05-15T10:00:00.000+07:00,"29482.4,29496.5,29468.7,29485.5"
2026-05-15T10:15:00.000+07:00,"29485.3,29489.5,29467.4,29474.5"
2026-05-15T10:30:00.000+07:00,"29474.7,29487.5,29433.3,29466.9"
2026-05-15T10:45:00.000+07:00,"29467.4,29477.1,29454,29467.7"
2026-05-15T11:00:00.000+07:00,"29467.9,29468.3,29426.2,29451.5"
2026-05-15T11:15:00.000+07:00,"29451.4,29458.1,29417.1,29424.3"
2026-05-15T11:30:00.000+07:00,"29424.2,29441.1,29402.3,29408.9"
2026-05-15T11:45:00.000+07:00,"29409.2,29420.7,29350.2,29365.4"
2026-05-15T12:00:00.000+07:00,"29366.2,29367.6,29311.8,29330.8"
2026-05-15T12:15:00.000+07:00,"29330.9,29349.6,29317.7,29341.2"
2026-05-15T12:30:00.000+07:00,"29341.3,29343.7,29256.1,29261.6"
2026-05-15T12:45:00.000+07:00,"29261.5,29263.6,29183.3,29185.1"
2026-05-15T13:00:00.000+07:00,"29185,29247.2,29151.2,29236.6"
2026-05-15T13:15:00.000+07:00,"29237.8,29259.4,29167.2,29211.3"
2026-05-15T13:30:00.000+07:00,"29210.3,29306.8,29201.9,29305.7"
2026-05-15T13:45:00.000+07:00,"29305.8,29316.5,29281.8,29307.7"
2026-05-15T14:00:00.000+07:00,"29307.2,29363.7,29297.7,29362"
2026-05-15T14:15:00.000+07:00,"29361.9,29372.7,29337,29359.5"
2026-05-15T14:30:00.000+07:00,"29359.7,29362.9,29285.5,29296.3"
2026-05-15T14:45:00.000+07:00,"29296.2,29311.4,29279.4,29307"
2026-05-15T15:00:00.000+07:00,"29307.1,29313.5,29233.3,29244.1"
2026-05-15T15:15:00.000+07:00,"29243.8,29245.1,29122.4,29132.6"
2026-05-15T15:30:00.000+07:00,"29132.2,29203.8,29087.8,29200.2"
2026-05-15T15:45:00.000+07:00,"29200.5,29204,29154.7,29168.6"
2026-05-15T16:00:00.000+07:00,"29169.1,29193.3,29136.7,29143.5"
2026-05-15T16:15:00.000+07:00,"29143.8,29159,29094.3,29156.9"
2026-05-15T16:30:00.000+07:00,"29156.7,29165.9,29102.7,29117"
2026-05-15T16:45:00.000+07:00,"29116.8,29158.7,29082,29127.5"
2026-05-15T17:00:00.000+07:00,"29128.4,29185.7,29104,29183"
2026-05-15T17:15:00.000+07:00,"29182.9,29212.1,29164.7,29178.2"
2026-05-15T17:30:00.000+07:00,"29178,29208.3,29150.4,29193.3"
2026-05-15T17:45:00.000+07:00,"29193.5,29270.9,29182.2,29234.1"
2026-05-15T18:00:00.000+07:00,"29234.3,29257.4,29204.5,29222.6"
2026-05-15T18:15:00.000+07:00,"29222.1,29233.4,29195.4,29208.6"
2026-05-15T18:30:00.000+07:00,"29208.8,29221.3,29168.4,29169.5"
2026-05-15T18:45:00.000+07:00,"29168,29214.8,29154.8,29157.9"
2026-05-15T19:00:00.000+07:00,"29158.1,29158.1,29083,29085.1"
2026-05-15T19:15:00.000+07:00,"29085.2,29146.2,29074.4,29102"
2026-05-15T19:30:00.000+07:00,"29102.1,29102.4,29046.3,29062.7"
2026-05-15T19:45:00.000+07:00,"29062.2,29104.7,29046.9,29092.6"
2026-05-15T20:00:00.000+07:00,"29093.5,29094.2,29058,29082"
2026-05-15T20:15:00.000+07:00,"29081.9,29188.7,29071.1,29182.7"
2026-05-15T20:30:00.000+07:00,"29182.8,29193.9,29055,29071"
2026-05-15T20:45:00.000+07:00,"29071.7,29189.2,28993,29050.1"
2026-05-15T21:00:00.000+07:00,"29046.9,29208.9,29036.2,29206"
2026-05-15T21:15:00.000+07:00,"29206.4,29285.4,29176,29196.5"
2026-05-15T21:30:00.000+07:00,"29196.4,29261.6,29190.2,29249.5"
2026-05-15T21:45:00.000+07:00,"29249.9,29254.7,29152,29185"
2026-05-15T22:00:00.000+07:00,"29183,29228.2,29142.6,29189.7"
2026-05-15T22:15:00.000+07:00,"29188.2,29263.2,29177.9,29235.2"
2026-05-15T22:30:00.000+07:00,"29236,29283.7,29174,29187.5"
2026-05-15T22:45:00.000+07:00,"29187.3,29204.4,29115.4,29185"
2026-05-15T23:00:00.000+07:00,"29184.4,29213.3,29154.7,29190.3"
2026-05-15T23:15:00.000+07:00,"29189.9,29239,29156.2,29234.7"
2026-05-15T23:30:00.000+07:00,"29233.9,29248.4,29217.7,29247.6"
2026-05-15T23:45:00.000+07:00,"29248,29253.4,29181.8,29226.3"
2026-05-16T00:00:00.000+07:00,"29226.1,29264.4,29213.9,29263.2"
2026-05-16T00:15:00.000+07:00,"29263.1,29331.8,29242.1,29319.4"
2026-05-16T00:30:00.000+07:00,"29319.5,29347.2,29308,29327"
2026-05-16T00:45:00.000+07:00,"29327.1,29353.9,29315.9,29351.6"
2026-05-16T01:00:00.000+07:00,"29351.3,29390.2,29349.9,29371.3"
2026-05-16T01:15:00.000+07:00,"29371.6,29375.3,29278.1,29286.6"
2026-05-16T01:30:00.000+07:00,"29287.4,29293.4,29218.7,29278.8"
2026-05-16T01:45:00.000+07:00,"29278.3,29308.9,29255.9,29292.5"
2026-05-16T02:00:00.000+07:00,"29291.5,29299.5,29201.9,29223.2"
2026-05-16T02:15:00.000+07:00,"29222.9,29224.7,29186.5,29193.6"
2026-05-16T02:30:00.000+07:00,"29193.4,29241.7,29189.1,29198"
2026-05-16T02:45:00.000+07:00,"29197.9,29207.8,29109.8,29134.7"
2026-05-16T03:00:00.000+07:00,"29133.5,29133.9,29013.6,29054.4"
2026-05-16T03:15:00.000+07:00,"29054.2,29093.7,29042.6,29077.5"
2026-05-16T03:30:00.000+07:00,"29078.3,29081.8,29067.3,29074.6"
2026-05-16T03:45:00.000+07:00,"29074.1,29098.1,29060.1,29074.3"
2026-05-18T05:00:00.000+07:00,"29064.6,29185.1,29064.5,29152.9"
2026-05-18T05:15:00.000+07:00,"29153,29166,29093,29125.6"
2026-05-18T05:30:00.000+07:00,"29125.5,29177.9,29102.1,29165.1"
2026-05-18T05:45:00.000+07:00,"29165.2,29172.2,29105.8,29135.3"
2026-05-18T06:00:00.000+07:00,"29135.4,29152.2,29067.3,29094"
2026-05-18T06:15:00.000+07:00,"29093.3,29098.6,29032.2,29044.7"
2026-05-18T06:30:00.000+07:00,"29044.5,29069.7,28913.9,29018.9"
2026-05-18T06:45:00.000+07:00,"29018.7,29062.6,28993,29022.4"
2026-05-18T07:00:00.000+07:00,"29020.6,29048.7,28840,28917.2"
2026-05-18T07:15:00.000+07:00,"28917.1,28946.8,28874,28915"
2026-05-18T07:30:00.000+07:00,"28914.9,28933.9,28854.3,28855.3"
2026-05-18T07:45:00.000+07:00,"28855.4,28940,28847.6,28937.8"
2026-05-18T08:00:00.000+07:00,"28938,28954.7,28869.3,28869.6"
2026-05-18T08:15:00.000+07:00,"28867.3,28890.1,28844.4,28862.4"
2026-05-18T08:30:00.000+07:00,"28862.2,28896.7,28830.1,28889.5"
2026-05-18T08:45:00.000+07:00,"28889.6,28951.1,28879.4,28924.4"
2026-05-18T09:00:00.000+07:00,"28924.3,28950.4,28895.6,28941.5"
2026-05-18T09:15:00.000+07:00,"28941.9,28997.2,28941.9,28992.3"
2026-05-18T09:30:00.000+07:00,"28992.2,28995.2,28939.1,28947.5"
2026-05-18T09:45:00.000+07:00,"28947.6,28956.1,28899.5,28914.7"
2026-05-18T10:00:00.000+07:00,"28914.9,28963.7,28912.9,28923"
2026-05-18T10:15:00.000+07:00,"28923.2,28945.9,28913.7,28942.9"
2026-05-18T10:30:00.000+07:00,"28942.8,28975.5,28907.8,28966.4"
2026-05-18T10:45:00.000+07:00,"28966.3,28971.4,28942.5,28960.3"
2026-05-18T11:00:00.000+07:00,"28960.2,29013.2,28958.7,29003.8"
2026-05-18T11:15:00.000+07:00,"29003.7,29020.1,28925.1,28933.9"
2026-05-18T11:30:00.000+07:00,"28933.3,28981.5,28926.1,28974.9"
2026-05-18T11:45:00.000+07:00,"28974.4,28987.8,28936.3,28955"
2026-05-18T12:00:00.000+07:00,"28954.9,29000.3,28942.1,28967.2"
2026-05-18T12:15:00.000+07:00,"28967.5,28970.3,28925.5,28966.9"
2026-05-18T12:30:00.000+07:00,"28967,28990.6,28948.4,28971.4"
2026-05-18T12:45:00.000+07:00,"28970.5,28984.8,28946,28947.6"
2026-05-18T13:00:00.000+07:00,"28947.8,28958.2,28918.1,28944.7"
2026-05-18T13:15:00.000+07:00,"28945,28961.9,28905,28908.3"
2026-05-18T13:30:00.000+07:00,"28907.5,28971.4,28895.1,28971.2"
2026-05-18T13:45:00.000+07:00,"28971.1,29017.4,28970.1,29015.7"
2026-05-18T14:00:00.000+07:00,"29015.6,29045.5,28986.2,28992.8"
2026-05-18T14:15:00.000+07:00,"28992.9,29057.6,28963.7,29053.5"
2026-05-18T14:30:00.000+07:00,"29053.9,29080.1,28973.2,28984.7"
2026-05-18T14:45:00.000+07:00,"28984.6,29033,28978.9,29023.3"
2026-05-18T15:00:00.000+07:00,"29025.5,29093.8,29024.4,29068.7"
2026-05-18T15:15:00.000+07:00,"29069.2,29126.7,29052.5,29124.5"
2026-05-18T15:30:00.000+07:00,"29124.3,29143.1,29089.6,29095.5"
2026-05-18T15:45:00.000+07:00,"29095.4,29145.5,29094.4,29144.8"
2026-05-18T16:00:00.000+07:00,"29144.9,29151.9,29099.2,29104.3"
2026-05-18T16:15:00.000+07:00,"29104.2,29121.2,29084.7,29104.6"
2026-05-18T16:30:00.000+07:00,"29104.4,29111.9,29091.9,29105"
2026-05-18T16:45:00.000+07:00,"29104.8,29116,29070.8,29091"
2026-05-18T17:00:00.000+07:00,"29091.2,29096.1,29018.4,29041.7"
2026-05-18T17:15:00.000+07:00,"29041.6,29053.8,29028.8,29038.5"
2026-05-18T17:30:00.000+07:00,"29038.7,29043.5,28982.9,29021.6"
2026-05-18T17:45:00.000+07:00,"29021.7,29047.1,29011.9,29022.4"
2026-05-18T18:00:00.000+07:00,"29022.1,29029.7,28954.9,29008"
2026-05-18T18:15:00.000+07:00,"29008.5,29031.5,28990.6,28993.2"
2026-05-18T18:30:00.000+07:00,"28993.4,29177.2,28990.8,29140.6"
2026-05-18T18:45:00.000+07:00,"29141.6,29145.8,29058.9,29080.4"
2026-05-18T19:00:00.000+07:00,"29080.2,29139.7,29073.6,29121"
2026-05-18T19:15:00.000+07:00,"29120.8,29123.7,29090.4,29104.1"
2026-05-18T19:30:00.000+07:00,"29104.2,29225.8,29090.5,29222"
2026-05-18T19:45:00.000+07:00,"29222.1,29320.2,29217.4,29309.3"
2026-05-18T20:00:00.000+07:00,"29310.3,29319.4,29255.8,29279.9"
2026-05-18T20:15:00.000+07:00,"29280.1,29283.3,29243.8,29244.6"
2026-05-18T20:30:00.000+07:00,"29241.2,29257.5,29063.4,29069.2"
2026-05-18T20:45:00.000+07:00,"29069.4,29209.4,29038.1,29143.7"
2026-05-18T21:00:00.000+07:00,"29144.6,29173.3,29044.9,29161.1"
2026-05-18T21:15:00.000+07:00,"29160.6,29194.7,29039,29056.2"
2026-05-18T21:30:00.000+07:00,"29055.8,29075.5,28871.9,28988.8"
2026-05-18T21:45:00.000+07:00,"28988.6,29008.4,28903.5,28982.7"
2026-05-18T22:00:00.000+07:00,"28982.5,29025.5,28906,28965.1"
2026-05-18T22:15:00.000+07:00,"28966.1,28968.4,28863,28863.1"
2026-05-18T22:30:00.000+07:00,"28868.8,28966.4,28842.7,28901.8"
2026-05-18T22:45:00.000+07:00,"28902,28946.9,28880.8,28898.8"
2026-05-18T23:00:00.000+07:00,"28899.5,28930.3,28855.5,28926.7"
2026-05-18T23:15:00.000+07:00,"28926.2,28973.2,28759.3,28779.1"
2026-05-18T23:30:00.000+07:00,"28779.2,28863.3,28744.8,28825.6"
2026-05-18T23:45:00.000+07:00,"28825.8,28947.5,28809.5,28908.4"
2026-05-19T00:00:00.000+07:00,"28908.1,28939.8,28870,28898.2"
2026-05-19T00:15:00.000+07:00,"28897.5,28919.6,28867.6,28911.2"
2026-05-19T00:30:00.000+07:00,"28911.1,28931.3,28867.4,28912.9"
2026-05-19T00:45:00.000+07:00,"28913.9,28923.7,28874,28914.8"
2026-05-19T01:00:00.000+07:00,"28914.7,28919,28816.3,28819.6"
2026-05-19T01:15:00.000+07:00,"28819.5,28820.8,28737.5,28795.9"
2026-05-19T01:30:00.000+07:00,"28794.5,28816.5,28746,28776.1"
2026-05-19T01:45:00.000+07:00,"28775.9,28785.3,28715.3,28744.3"
2026-05-19T02:00:00.000+07:00,"28745.9,28972.8,28740.9,28863"
2026-05-19T02:15:00.000+07:00,"28862.6,28873.8,28784.2,28824.6"
2026-05-19T02:30:00.000+07:00,"28823.4,28955.4,28815.3,28953.2"
2026-05-19T02:45:00.000+07:00,"28954.1,29012.2,28943.9,28997.5"
2026-05-19T03:00:00.000+07:00,"28998,29009.1,28969.7,28981.3"
2026-05-19T03:15:00.000+07:00,"28981,28992,28973,28987.7"
2026-05-19T03:30:00.000+07:00,"28987.8,28995.2,28972.1,28986.2"
2026-05-19T03:45:00.000+07:00,"28986,28993.1,28974.5,28976.5"
2026-05-19T04:00:00.000+07:00,"28980.7,28982.1,28977.4,28979.1"
2026-05-19T04:15:00.000+07:00,"28978.7,28985.6,28978.7,28981.4"
2026-05-19T04:30:00.000+07:00,"28980.6,28986.5,28979.8,28986.5"
2026-05-19T04:45:00.000+07:00,"28986.7,28990.4,28981.7,28989.7"
2026-05-19T05:00:00.000+07:00,"28997.2,29060.2,28997.1,29021.7"
2026-05-19T05:15:00.000+07:00,"29021.6,29067.8,29019.9,29061.3"
2026-05-19T05:30:00.000+07:00,"29061.4,29076.9,29052.1,29058"
2026-05-19T05:45:00.000+07:00,"29057.1,29061.3,29037.9,29059.3"
2026-05-19T06:00:00.000+07:00,"29059.2,29088.6,29053.2,29063.8"
2026-05-19T06:15:00.000+07:00,"29064.1,29072.5,29049.5,29065.5"
2026-05-19T06:30:00.000+07:00,"29065.4,29066.8,29049.5,29060.3"
2026-05-19T06:45:00.000+07:00,"29060.4,29063.2,29015,29038.7"
2026-05-19T07:00:00.000+07:00,"29038.4,29054,28991.1,29022.8"
2026-05-19T07:15:00.000+07:00,"29022.9,29090.5,28995.6,29064.5"
2026-05-19T07:30:00.000+07:00,"29064.1,29076,29017.3,29032.2"
2026-05-19T07:45:00.000+07:00,"29032,29041,28982.4,28987.5"
2026-05-19T08:00:00.000+07:00,"28987.8,28999,28947.1,28968.6"
2026-05-19T08:15:00.000+07:00,"28968.4,28975.4,28894,28926.6"
2026-05-19T08:30:00.000+07:00,"28926.3,28979.7,28900.5,28968.9"
2026-05-19T08:45:00.000+07:00,"28968.8,28980.2,28915.1,28915.4"
2026-05-19T09:00:00.000+07:00,"28912,28915.9,28831.9,28864.5"
2026-05-19T09:15:00.000+07:00,"28864.6,28894.9,28839.8,28875.3"
2026-05-19T09:30:00.000+07:00,"28875.2,28901.8,28867,28900.9"
2026-05-19T09:45:00.000+07:00,"28901,28917.7,28867.4,28875.7"
2026-05-19T10:00:00.000+07:00,"28875.8,28904.5,28848.7,28892"
2026-05-19T10:15:00.000+07:00,"28893.5,28916.9,28881.7,28910.8"
2026-05-19T10:30:00.000+07:00,"28910.5,28942,28910.5,28920.7"
2026-05-19T10:45:00.000+07:00,"28919.3,28921.3,28885.5,28893.8"
2026-05-19T11:00:00.000+07:00,"28894.3,28895,28836.3,28860.8"
2026-05-19T11:15:00.000+07:00,"28860.3,28860.8,28805.8,28831.8"
2026-05-19T11:30:00.000+07:00,"28832,28877,28828.3,28855.9"
2026-05-19T11:45:00.000+07:00,"28855.8,28873.3,28829.6,28864.3"
2026-05-19T12:00:00.000+07:00,"28864.5,28878.2,28833.5,28858.6"
2026-05-19T12:15:00.000+07:00,"28858.7,28866.8,28789,28858.9"
2026-05-19T12:30:00.000+07:00,"28859,28873,28824,28835.1"
2026-05-19T12:45:00.000+07:00,"28835,28855.4,28824.8,28839.4"
2026-05-19T13:00:00.000+07:00,"28842.3,28870.5,28807.7,28869.5"
2026-05-19T13:15:00.000+07:00,"28869,28899.4,28849.6,28887.8"
2026-05-19T13:30:00.000+07:00,"28887.7,28922.6,28869,28918.6"
2026-05-19T13:45:00.000+07:00,"28918.5,28924.4,28892.7,28924.4"
2026-05-19T14:00:00.000+07:00,"28924.1,28987.6,28909.5,28963"
2026-05-19T14:15:00.000+07:00,"28962.8,28976,28946.4,28964.5"
2026-05-19T14:30:00.000+07:00,"28964.3,29003.5,28943.5,28987"
2026-05-19T14:45:00.000+07:00,"28987.6,29027.6,28985,29005.3"
2026-05-19T15:00:00.000+07:00,"29007.5,29019.5,28923.5,28941.6"
2026-05-19T15:15:00.000+07:00,"28941.7,28955.2,28877.9,28894.9"
2026-05-19T15:30:00.000+07:00,"28895.2,28925.3,28885.5,28916"
2026-05-19T15:45:00.000+07:00,"28915.9,28937.9,28905.7,28908.7"
2026-05-19T16:00:00.000+07:00,"28908.6,28908.8,28873.4,28876.3"
2026-05-19T16:15:00.000+07:00,"28876.7,28878.3,28793.9,28805.7"
2026-05-19T16:30:00.000+07:00,"28805.8,28821.2,28743.6,28745.3"
2026-05-19T16:45:00.000+07:00,"28745.1,28831.4,28742.9,28816.3"
2026-05-19T17:00:00.000+07:00,"28816,28824.3,28778.7,28808.7"
2026-05-19T17:15:00.000+07:00,"28808.8,28814.9,28788.3,28806"
2026-05-19T17:30:00.000+07:00,"28805.9,28834.8,28744,28757.2"
2026-05-19T17:45:00.000+07:00,"28756.8,28831.9,28743.6,28825.6"
2026-05-19T18:00:00.000+07:00,"28825.8,28852.4,28813.8,28816.1"
2026-05-19T18:15:00.000+07:00,"28816.2,28833.4,28797.3,28815.8"
2026-05-19T18:30:00.000+07:00,"28815.9,28843.9,28793.7,28800.5"
2026-05-19T18:45:00.000+07:00,"28800.3,28802.2,28757.5,28757.5"
2026-05-19T19:00:00.000+07:00,"28757.3,28793.1,28734.5,28783"
2026-05-19T19:15:00.000+07:00,"28783.7,28788.4,28746.5,28767.2"
2026-05-19T19:30:00.000+07:00,"28767.3,28841.3,28762.3,28819.4"
2026-05-19T19:45:00.000+07:00,"28819.5,28839.4,28811.2,28816.2"
2026-05-19T20:00:00.000+07:00,"28815.9,28828.2,28737.2,28777.4"
2026-05-19T20:15:00.000+07:00,"28776.6,28783.3,28705.3,28749.1"
2026-05-19T20:30:00.000+07:00,"28751.4,28970.3,28751.4,28814.2"
2026-05-19T20:45:00.000+07:00,"28813.7,28929.4,28772.4,28839.2"
2026-05-19T21:00:00.000+07:00,"28840.6,28846.5,28636.6,28642.1"
2026-05-19T21:15:00.000+07:00,"28642.6,28658.2,28566.9,28615.9"
2026-05-19T21:30:00.000+07:00,"28615.8,28705.9,28588.1,28650.5"
2026-05-19T21:45:00.000+07:00,"28650.4,28710.9,28582.4,28709.4"
2026-05-19T22:00:00.000+07:00,"28708.4,28738.9,28659.1,28730.8"
2026-05-19T22:15:00.000+07:00,"28731.6,28763.7,28634.1,28677.8"
2026-05-19T22:30:00.000+07:00,"28677.4,28783.6,28663.5,28760.3"
2026-05-19T22:45:00.000+07:00,"28760.2,28768.4,28685.2,28722.2"
2026-05-19T23:00:00.000+07:00,"28721.5,28785.1,28698.5,28721.5"
2026-05-19T23:15:00.000+07:00,"28721.6,28827.1,28721.2,28818.3"
2026-05-19T23:30:00.000+07:00,"28815.2,28894.4,28806.5,28893.5"
2026-05-19T23:45:00.000+07:00,"28893.4,28938.7,28872.9,28925.3"
2026-05-20T00:00:00.000+07:00,"28926.5,28987.2,28915.7,28980"
2026-05-20T00:15:00.000+07:00,"28980.1,29033.3,28968.7,28989.9"
2026-05-20T00:30:00.000+07:00,"28988.6,29023.8,28985,28997.6"
2026-05-20T00:45:00.000+07:00,"28997.4,29000.8,28916.1,28976.3"
2026-05-20T01:00:00.000+07:00,"28976.2,29009.9,28970.9,28981.6"
2026-05-20T01:15:00.000+07:00,"28980.8,28991.2,28927.9,28932.2"
2026-05-20T01:30:00.000+07:00,"28930.4,28968.5,28907.4,28923.2"
2026-05-20T01:45:00.000+07:00,"28923.1,28927.8,28848.7,28865.9"
2026-05-20T02:00:00.000+07:00,"28864.7,28959,28863.1,28957.8"
2026-05-20T02:15:00.000+07:00,"28957.5,28963.2,28829.5,28881.6"
2026-05-20T02:30:00.000+07:00,"28881.8,28908.3,28832.1,28837.2"
2026-05-20T02:45:00.000+07:00,"28836.8,28847,28772.6,28828"
2026-05-20T03:00:00.000+07:00,"28827.5,28845.4,28802,28825.8"
2026-05-20T03:15:00.000+07:00,"28825,28833.1,28805.7,28812.5"
2026-05-20T03:30:00.000+07:00,"28813.5,28814.7,28800.2,28803.5"
2026-05-20T03:45:00.000+07:00,"28803.7,28807.7,28789.3,28802.2"
2026-05-20T04:00:00.000+07:00,"28803.1,28818.8,28800.6,28818.7"
2026-05-20T04:15:00.000+07:00,"28817.4,28818.2,28812.4,28817.8"
2026-05-20T04:30:00.000+07:00,"28815.2,28826.9,28814.1,28825.5"
2026-05-20T04:45:00.000+07:00,"28825.4,28840.4,28821.9,28837.8"
2026-05-20T05:00:00.000+07:00,"28838.6,28862.8,28821.4,28831.4"
2026-05-20T05:15:00.000+07:00,"28831.5,28833.6,28772.5,28782.4"
2026-05-20T05:30:00.000+07:00,"28782.1,28815.7,28775.3,28794.3"
2026-05-20T05:45:00.000+07:00,"28794.1,28820.1,28780,28817.2"
2026-05-20T06:00:00.000+07:00,"28817.4,28856.1,28809.1,28851.6"
2026-05-20T06:15:00.000+07:00,"28851.8,28878.1,28845.9,28875.6"
2026-05-20T06:30:00.000+07:00,"28875.5,28928.9,28875.5,28900.7"
2026-05-20T06:45:00.000+07:00,"28900.6,28902.4,28850.9,28855.7"
2026-05-20T07:00:00.000+07:00,"28854.9,28855.5,28722.4,28736.9"
2026-05-20T07:15:00.000+07:00,"28736.7,28798.9,28705.1,28798.7"
2026-05-20T07:30:00.000+07:00,"28798.1,28852.3,28796.9,28831.8"
2026-05-20T07:45:00.000+07:00,"28831.7,28877.5,28825.5,28842.5"
2026-05-20T08:00:00.000+07:00,"28842.7,28885,28804.8,28878.4"
2026-05-20T08:15:00.000+07:00,"28878.1,28890.4,28806.1,28815.3"
2026-05-20T08:30:00.000+07:00,"28815.4,28830.2,28764.4,28810.6"
2026-05-20T08:45:00.000+07:00,"28810.7,28902.1,28804.6,28884.1"
2026-05-20T09:00:00.000+07:00,"28883.8,28896.9,28869.7,28886.4"
2026-05-20T09:15:00.000+07:00,"28886.5,28922.7,28863.5,28863.8"
2026-05-20T09:30:00.000+07:00,"28863.3,28863.3,28788.2,28789.1"
2026-05-20T09:45:00.000+07:00,"28788.8,28811.8,28771.6,28790.4"
2026-05-20T10:00:00.000+07:00,"28790.5,28790.5,28744.3,28751"
2026-05-20T10:15:00.000+07:00,"28751.1,28795.7,28746,28790.1"
2026-05-20T10:30:00.000+07:00,"28787.7,28818,28763.9,28798.6"
2026-05-20T10:45:00.000+07:00,"28798.8,28808.5,28786.7,28800.7"
2026-05-20T11:00:00.000+07:00,"28801.4,28847.3,28801.2,28845"
2026-05-20T11:15:00.000+07:00,"28845.1,28855.6,28815.4,28836.3"
2026-05-20T11:30:00.000+07:00,"28835.6,28838.6,28789.8,28792"
2026-05-20T11:45:00.000+07:00,"28791.9,28804.5,28775.3,28788.5"
2026-05-20T12:00:00.000+07:00,"28788.6,28846.5,28787,28819.3"
2026-05-20T12:15:00.000+07:00,"28818.9,28845.1,28797.3,28818.5"
2026-05-20T12:30:00.000+07:00,"28818.7,28887.6,28818.7,28848.2"
2026-05-20T12:45:00.000+07:00,"28848.8,28867.8,28819,28859.3"
2026-05-20T13:00:00.000+07:00,"28859.4,28881.3,28856,28877.3"
2026-05-20T13:15:00.000+07:00,"28877.2,28933.4,28877.2,28917.5"
2026-05-20T13:30:00.000+07:00,"28917.1,28921.6,28888.7,28891.3"
2026-05-20T13:45:00.000+07:00,"28891.1,28943.1,28890.4,28942.8"
2026-05-20T14:00:00.000+07:00,"28942.5,28957.1,28927.8,28938"
2026-05-20T14:15:00.000+07:00,"28938.1,28970.2,28935.4,28961.8"
2026-05-20T14:30:00.000+07:00,"28961.2,28963.7,28926.5,28950.8"
2026-05-20T14:45:00.000+07:00,"28950.3,28955.5,28919.9,28931.3"
2026-05-20T15:00:00.000+07:00,"28931.5,28991.9,28928.7,28985.4"
2026-05-20T15:15:00.000+07:00,"28985.3,29000.4,28965.8,28998.1"
2026-05-20T15:30:00.000+07:00,"28998.8,29028.3,28991.2,29021.8"
2026-05-20T15:45:00.000+07:00,"29021.3,29042.2,29000,29003.6"
2026-05-20T16:00:00.000+07:00,"29003.7,29006.8,28974.2,28974.2"
2026-05-20T16:15:00.000+07:00,"28974.3,28998.9,28970.3,28990.7"
2026-05-20T16:30:00.000+07:00,"28990.5,29010.1,28989.9,29004.5"
2026-05-20T16:45:00.000+07:00,"29004.6,29055.2,29002,29030.3"
2026-05-20T17:00:00.000+07:00,"29030.2,29062.1,29028.2,29043.1"
2026-05-20T17:15:00.000+07:00,"29043,29045.5,29022.1,29031.2"
2026-05-20T17:30:00.000+07:00,"29031.3,29063,29028.1,29036.5"
2026-05-20T17:45:00.000+07:00,"29037.4,29046.4,29008.3,29013.7"
2026-05-20T18:00:00.000+07:00,"29013.6,29033.9,28998.2,29002.4"
2026-05-20T18:15:00.000+07:00,"29002.5,29027.5,28999.7,29024.9"
2026-05-20T18:30:00.000+07:00,"29025.1,29034.1,28984,28995.7"
2026-05-20T18:45:00.000+07:00,"28995.9,29005.6,28970.6,28985.7"
2026-05-20T19:00:00.000+07:00,"28985.5,29029.7,28976.9,29027.4"
2026-05-20T19:15:00.000+07:00,"29027.5,29064,29015.4,29054"
2026-05-20T19:30:00.000+07:00,"29054.1,29074.9,29030,29033.1"
2026-05-20T19:45:00.000+07:00,"29033.3,29052,29009.5,29010.7"
2026-05-20T20:00:00.000+07:00,"29010.6,29023.8,29001.9,29006.7"
2026-05-20T20:15:00.000+07:00,"29006.6,29022.2,28966.4,28979"
2026-05-20T20:30:00.000+07:00,"28979.5,29059.7,28928.9,29046"
2026-05-20T20:45:00.000+07:00,"29045.9,29098.8,28953.4,29004.9"
2026-05-20T21:00:00.000+07:00,"29005.2,29034.2,28913.3,28992"
2026-05-20T21:15:00.000+07:00,"28992.2,29137.5,28979.8,29113.3"
2026-05-20T21:30:00.000+07:00,"29113.6,29168.6,29079.6,29126.7"
2026-05-20T21:45:00.000+07:00,"29127.6,29186.7,29080.3,29168.2"
2026-05-20T22:00:00.000+07:00,"29170,29191.1,29141.9,29166.5"
2026-05-20T22:15:00.000+07:00,"29166.6,29304.3,29166.6,29203.5"
2026-05-20T22:30:00.000+07:00,"29203.4,29244.6,29199.5,29229.5"
2026-05-20T22:45:00.000+07:00,"29229.4,29268.3,29217.6,29241.5"
2026-05-20T23:00:00.000+07:00,"29240.6,29247,29197.2,29209.7"
2026-05-20T23:15:00.000+07:00,"29209.3,29211.2,29121,29144.8"
2026-05-20T23:30:00.000+07:00,"29145.9,29200.4,29133.6,29198.5"
2026-05-20T23:45:00.000+07:00,"29199.5,29206.4,29136,29173"
2026-05-21T00:00:00.000+07:00,"29173.6,29214.9,29141.5,29193.3"
2026-05-21T00:15:00.000+07:00,"29193.5,29214.7,29173.6,29205.5"
2026-05-21T00:30:00.000+07:00,"29205.4,29235.8,29183.7,29212.2"
2026-05-21T00:45:00.000+07:00,"29212,29219.7,29193,29211.6"
2026-05-21T01:00:00.000+07:00,"29213.6,29236.1,29190.2,29217.6"
2026-05-21T01:15:00.000+07:00,"29218.1,29228.2,29189,29216.1"
2026-05-21T01:30:00.000+07:00,"29215.6,29254.5,29207.1,29207.1"
2026-05-21T01:45:00.000+07:00,"29207.4,29225.8,29198.5,29211.3"
2026-05-21T02:00:00.000+07:00,"29211.7,29248.1,29209.3,29248"
2026-05-21T02:15:00.000+07:00,"29248.3,29260.3,29240.2,29251.1"
2026-05-21T02:30:00.000+07:00,"29251.9,29284.4,29237.5,29263.9"
2026-05-21T02:45:00.000+07:00,"29261.4,29305.4,29247.5,29305.2"
2026-05-21T03:00:00.000+07:00,"29304.2,29304.2,29249.6,29263.7"
2026-05-21T03:15:00.000+07:00,"29266.2,29286.5,29157.1,29278"
2026-05-21T03:30:00.000+07:00,"29279,29285.5,29185,29212.1"
2026-05-21T03:45:00.000+07:00,"29211.8,29226.7,29160,29184"
2026-05-21T04:00:00.000+07:00,"29184.1,29195.1,29161.4,29173.3"
2026-05-21T04:15:00.000+07:00,"29173.8,29226.6,29173.6,29217.5"
2026-05-21T04:30:00.000+07:00,"29217.1,29223.1,29202.5,29209.5"
2026-05-21T04:45:00.000+07:00,"29209.6,29213.6,29185.7,29187.7"
2026-05-21T05:00:00.000+07:00,"29167.2,29188.9,29024.9,29068.5"
2026-05-21T05:15:00.000+07:00,"29068.6,29084.9,29028.3,29079.8"
2026-05-21T05:30:00.000+07:00,"29079.3,29099.3,29071.9,29091.7"
2026-05-21T05:45:00.000+07:00,"29092,29099.9,29071.4,29098.4"
2026-05-21T06:00:00.000+07:00,"29099.1,29133.4,29096,29115.8"
2026-05-21T06:15:00.000+07:00,"29115.7,29116.2,29077.4,29089.5"
2026-05-21T06:30:00.000+07:00,"29090.9,29106.6,29083.6,29097.7"
2026-05-21T06:45:00.000+07:00,"29097.8,29118.3,29090.1,29102.9"
2026-05-21T07:00:00.000+07:00,"29103,29120.8,29083.2,29117.7"
2026-05-21T07:15:00.000+07:00,"29117.8,29126,29084.8,29104.3"
2026-05-21T07:30:00.000+07:00,"29102.8,29127.1,29092.1,29126.3"
2026-05-21T07:45:00.000+07:00,"29126.9,29141.9,29114.1,29131.2"
2026-05-21T08:00:00.000+07:00,"29131.3,29191.1,29131.3,29190.3"
2026-05-21T08:15:00.000+07:00,"29190.5,29205,29170.4,29181.3"
2026-05-21T08:30:00.000+07:00,"29181.4,29230.4,29173,29223.4"
2026-05-21T08:45:00.000+07:00,"29223.6,29229.5,29191.5,29222.4"
2026-05-21T09:00:00.000+07:00,"29224,29250,29222.3,29243.2"
2026-05-21T09:15:00.000+07:00,"29242.8,29286.8,29241,29263.2"
2026-05-21T09:30:00.000+07:00,"29263.3,29265.5,29242.3,29245.3"
2026-05-21T09:45:00.000+07:00,"29244.9,29251.9,29227.5,29236.4"
2026-05-21T10:00:00.000+07:00,"29236.6,29264.8,29233.2,29255.2"
2026-05-21T10:15:00.000+07:00,"29255.6,29273.9,29243.6,29267.5"
2026-05-21T10:30:00.000+07:00,"29267.7,29288.5,29258.7,29288.5"
2026-05-21T10:45:00.000+07:00,"29288.2,29290.7,29264.7,29271.7"
2026-05-21T11:00:00.000+07:00,"29271.8,29298.2,29267.3,29290.9"
2026-05-21T11:15:00.000+07:00,"29290.3,29323,29287.8,29318"
2026-05-21T11:30:00.000+07:00,"29316.6,29319.4,29289.7,29313.7"
2026-05-21T11:45:00.000+07:00,"29314,29335.1,29304.6,29328.4"
2026-05-21T12:00:00.000+07:00,"29328.6,29348.5,29316.8,29323.6"
2026-05-21T12:15:00.000+07:00,"29323.7,29335.4,29302.7,29304.1"
2026-05-21T12:30:00.000+07:00,"29306.6,29306.6,29283.2,29292.8"
2026-05-21T12:45:00.000+07:00,"29292.6,29295,29209.2,29274.5"
2026-05-21T13:00:00.000+07:00,"29272,29301.8,29265.7,29271.9"
2026-05-21T13:15:00.000+07:00,"29271.8,29295.4,29248.4,29276.3"
2026-05-21T13:30:00.000+07:00,"29276,29286,29226.2,29227.6"
2026-05-21T13:45:00.000+07:00,"29227.5,29232.4,29188.1,29211.5"
2026-05-21T14:00:00.000+07:00,"29210.5,29212.5,29128.1,29140.9"
2026-05-21T14:15:00.000+07:00,"29139.8,29176.7,29115,29169.1"
2026-05-21T14:30:00.000+07:00,"29164.3,29197.9,29163.6,29193.2"
2026-05-21T14:45:00.000+07:00,"29193,29242.5,29190.3,29231"
2026-05-21T15:00:00.000+07:00,"29231.1,29342.6,29218.4,29341.6"
2026-05-21T15:15:00.000+07:00,"29341.8,29371.9,29281.7,29323.6"
2026-05-21T15:30:00.000+07:00,"29322.4,29324.8,29274.9,29294.4"
2026-05-21T15:45:00.000+07:00,"29295,29298.4,29257.8,29282.3"
2026-05-21T16:00:00.000+07:00,"29281.6,29321.6,29275.2,29312.4"
2026-05-21T16:15:00.000+07:00,"29311.9,29338.4,29305.4,29328.8"
2026-05-21T16:30:00.000+07:00,"29328.4,29337.4,29284.3,29287.9"
2026-05-21T16:45:00.000+07:00,"29288.1,29304.9,29282,29288.3"
2026-05-21T17:00:00.000+07:00,"29287.6,29302.3,29264.2,29295.2"
2026-05-21T17:15:00.000+07:00,"29295.7,29302.8,29152.5,29182"
2026-05-21T17:30:00.000+07:00,"29182.5,29205.8,29123.3,29164.1"
2026-05-21T17:45:00.000+07:00,"29163.9,29166.5,29101.6,29156"
2026-05-21T18:00:00.000+07:00,"29152.8,29167.7,29114.2,29158.9"
2026-05-21T18:15:00.000+07:00,"29159.1,29202.2,29157.2,29184.4"
2026-05-21T18:30:00.000+07:00,"29184.3,29195,29149.6,29153.8"
2026-05-21T18:45:00.000+07:00,"29153.4,29186.4,29153.3,29163.2"
2026-05-21T19:00:00.000+07:00,"29163.3,29177.8,29138.2,29147.8"
2026-05-21T19:15:00.000+07:00,"29148.1,29170.3,29128.3,29152.6"
2026-05-21T19:30:00.000+07:00,"29151.2,29200.7,29132.7,29147.7"
2026-05-21T19:45:00.000+07:00,"29147.4,29153.6,29096.6,29103.2"
2026-05-21T20:00:00.000+07:00,"29103,29147.7,29096.1,29124.9"
2026-05-21T20:15:00.000+07:00,"29124.6,29124.7,29088.3,29105.9"
2026-05-21T20:30:00.000+07:00,"29132.7,29175,29083.9,29122.2"
2026-05-21T20:45:00.000+07:00,"29122.6,29223,29097.5,29197.7"
2026-05-21T21:00:00.000+07:00,"29198.4,29250,29165.3,29182.2"
2026-05-21T21:15:00.000+07:00,"29180.8,29188.4,29040.9,29102.8"
2026-05-21T21:30:00.000+07:00,"29102.3,29164.8,29087.8,29147.3"
2026-05-21T21:45:00.000+07:00,"29148.4,29166.1,29081,29150.7"
2026-05-21T22:00:00.000+07:00,"29148.2,29160.7,29053.4,29145.8"
2026-05-21T22:15:00.000+07:00,"29147,29173.4,29134.5,29146.9"
2026-05-21T22:30:00.000+07:00,"29148.2,29186.9,29091.7,29168.7"
2026-05-21T22:45:00.000+07:00,"29169.7,29215.9,29169.7,29179.7"
2026-05-21T23:00:00.000+07:00,"29179.6,29222.6,29177.6,29188.7"
2026-05-21T23:15:00.000+07:00,"29189,29195.5,29130.2,29161.7"
2026-05-21T23:30:00.000+07:00,"29161.1,29185.9,29148.5,29170.2"
2026-05-21T23:45:00.000+07:00,"29171,29184.3,29122.5,29171.5"
2026-05-22T00:00:00.000+07:00,"29172.8,29293.5,29172.8,29257.1"
2026-05-22T00:15:00.000+07:00,"29257.8,29388.5,29251.5,29323.9"
2026-05-22T00:30:00.000+07:00,"29321.5,29407.8,29318.4,29405.3"
2026-05-22T00:45:00.000+07:00,"29406.6,29463,29381.9,29407"
2026-05-22T01:00:00.000+07:00,"29407.9,29432.4,29357.9,29360.4"
2026-05-22T01:15:00.000+07:00,"29360.6,29387.2,29341.9,29368.3"
2026-05-22T01:30:00.000+07:00,"29368.8,29381.5,29347.2,29369.3"
2026-05-22T01:45:00.000+07:00,"29370.3,29376.6,29210.3,29248"
2026-05-22T02:00:00.000+07:00,"29249.8,29324.5,29248.6,29323.4"
2026-05-22T02:15:00.000+07:00,"29323.2,29348.1,29316.5,29337.6"
2026-05-22T02:30:00.000+07:00,"29336.4,29353.7,29314.5,29327.1"
2026-05-22T02:45:00.000+07:00,"29325.4,29371.7,29311.5,29351.7"
2026-05-22T03:00:00.000+07:00,"29351.2,29378.6,29344.1,29368.3"
2026-05-22T03:15:00.000+07:00,"29367.5,29370.8,29349,29355.7"
2026-05-22T03:30:00.000+07:00,"29355.5,29369.1,29354.9,29366"
2026-05-22T03:45:00.000+07:00,"29365.2,29374.2,29359.3,29363.4"
2026-05-22T04:00:00.000+07:00,"29363.2,29375.6,29358.7,29372.6"
2026-05-22T04:15:00.000+07:00,"29372.5,29382.2,29372.2,29380.6"
2026-05-22T04:30:00.000+07:00,"29380.5,29381.8,29375.9,29375.9"
2026-05-22T04:45:00.000+07:00,"29373.1,29374,29364.6,29365.5"
2026-05-22T05:00:00.000+07:00,"29362.3,29430.2,29362.3,29428.1"
2026-05-22T05:15:00.000+07:00,"29428,29437,29403.7,29420.5"
2026-05-22T05:30:00.000+07:00,"29420.6,29433.4,29407.9,29429.4"
2026-05-22T05:45:00.000+07:00,"29429.7,29460.6,29429.7,29452.7"
2026-05-22T06:00:00.000+07:00,"29452.8,29465.9,29450.4,29458.3"
2026-05-22T06:15:00.000+07:00,"29458.8,29463.2,29451,29453.4"
2026-05-22T06:30:00.000+07:00,"29453.5,29468.3,29449.7,29457.4"
2026-05-22T06:45:00.000+07:00,"29457.1,29486.6,29455.6,29466.1"
2026-05-22T07:00:00.000+07:00,"29466.7,29493.4,29450,29470"
2026-05-22T07:15:00.000+07:00,"29470.2,29515,29464,29491.6"
2026-05-22T07:30:00.000+07:00,"29491.8,29524,29491.8,29496.6"
2026-05-22T07:45:00.000+07:00,"29496.4,29511.6,29485.8,29485.9"
2026-05-22T08:00:00.000+07:00,"29485.6,29500.7,29458,29495.1"
2026-05-22T08:15:00.000+07:00,"29495,29497.6,29463.1,29467.6"
2026-05-22T08:30:00.000+07:00,"29467,29472.2,29415.8,29445.8"
2026-05-22T08:45:00.000+07:00,"29445.6,29475.2,29443.9,29450.3"
2026-05-22T09:00:00.000+07:00,"29449.9,29465,29436.3,29454.5"
2026-05-22T09:15:00.000+07:00,"29454.7,29463.5,29429.3,29432.8"
2026-05-22T09:30:00.000+07:00,"29432.3,29469.9,29430.1,29459.7"
2026-05-22T09:45:00.000+07:00,"29459.6,29476.3,29456.1,29471.3"
2026-05-22T10:00:00.000+07:00,"29470.3,29475.5,29449.6,29458"
2026-05-22T10:15:00.000+07:00,"29457.8,29468.8,29451.5,29465.1"
2026-05-22T10:30:00.000+07:00,"29465.9,29486.5,29465.9,29485.8"
2026-05-22T10:45:00.000+07:00,"29485.6,29494.1,29480.7,29492.3"
2026-05-22T11:00:00.000+07:00,"29492.2,29514.8,29492.2,29504.8"
2026-05-22T11:15:00.000+07:00,"29505.1,29512.7,29497.5,29509.7"
2026-05-22T11:30:00.000+07:00,"29509.8,29510.2,29485.9,29492"
2026-05-22T11:45:00.000+07:00,"29491.7,29518.3,29491.6,29512.8"
2026-05-22T12:00:00.000+07:00,"29513.1,29526.6,29510.2,29515.9"
2026-05-22T12:15:00.000+07:00,"29516,29522,29497.4,29506.5"
2026-05-22T12:30:00.000+07:00,"29506.7,29513.9,29484.6,29499.2"
2026-05-22T12:45:00.000+07:00,"29499.1,29514.5,29463.1,29468.5"
2026-05-22T13:00:00.000+07:00,"29467.5,29486.7,29454.5,29482.3"
2026-05-22T13:15:00.000+07:00,"29481.8,29495.2,29466.9,29483.5"
2026-05-22T13:30:00.000+07:00,"29484.3,29512.9,29475.7,29511.1"
2026-05-22T13:45:00.000+07:00,"29511.3,29513.9,29480.8,29483.6"
2026-05-22T14:00:00.000+07:00,"29483.3,29483.3,29450.8,29459.2"
2026-05-22T14:15:00.000+07:00,"29459.6,29501.2,29459.6,29495.1"
2026-05-22T14:30:00.000+07:00,"29495.6,29498,29453.7,29483"
2026-05-22T14:45:00.000+07:00,"29483.2,29505,29475.5,29503.5"
2026-05-22T15:00:00.000+07:00,"29504.4,29535.1,29504.4,29518.7"
2026-05-22T15:15:00.000+07:00,"29518.1,29585.3,29518.1,29553.6"
2026-05-22T15:30:00.000+07:00,"29554.7,29556.2,29507.1,29519.6"
2026-05-22T15:45:00.000+07:00,"29520.1,29535.8,29485.8,29486.9"
2026-05-22T16:00:00.000+07:00,"29487.2,29487.2,29428.2,29429.7"
2026-05-22T16:15:00.000+07:00,"29428.3,29450.1,29406.8,29418.7"
2026-05-22T16:30:00.000+07:00,"29419.1,29458.6,29398.4,29454.5"
2026-05-22T16:45:00.000+07:00,"29454.3,29470.2,29438.3,29447.5"
2026-05-22T17:00:00.000+07:00,"29448.8,29448.8,29406.7,29411.8"
2026-05-22T17:15:00.000+07:00,"29411.4,29415.8,29369.1,29377.7"
2026-05-22T17:30:00.000+07:00,"29377.6,29386.2,29357.8,29374.6"
2026-05-22T17:45:00.000+07:00,"29374.4,29398.4,29372.9,29387.5"
2026-05-22T18:00:00.000+07:00,"29387.8,29415.7,29381.1,29390.4"
2026-05-22T18:15:00.000+07:00,"29390.7,29403.5,29373.1,29391.1"
2026-05-22T18:30:00.000+07:00,"29390.9,29422,29384.7,29420.9"
2026-05-22T18:45:00.000+07:00,"29421,29449.1,29413.9,29429.5"
2026-05-22T19:00:00.000+07:00,"29429,29500.8,29416.1,29488.4"
2026-05-22T19:15:00.000+07:00,"29487.3,29503.7,29451.1,29471"
2026-05-22T19:30:00.000+07:00,"29471.7,29487.3,29465.9,29473.5"
2026-05-22T19:45:00.000+07:00,"29474.2,29517.5,29474.2,29517"
2026-05-22T20:00:00.000+07:00,"29516.8,29523.7,29478.4,29505.5"
2026-05-22T20:15:00.000+07:00,"29505.7,29515.4,29468.9,29501.4"
2026-05-22T20:30:00.000+07:00,"29501.3,29635.2,29475.6,29562.2"
2026-05-22T20:45:00.000+07:00,"29563.2,29587.2,29510.6,29563.5"
2026-05-22T21:00:00.000+07:00,"29566.1,29566.1,29444.4,29489.5"
2026-05-22T21:15:00.000+07:00,"29490,29522.5,29416.7,29489.7"
2026-05-22T21:30:00.000+07:00,"29489.2,29564.8,29479.3,29562.5"
2026-05-22T21:45:00.000+07:00,"29562.4,29578.8,29534.6,29572.7"
2026-05-22T22:00:00.000+07:00,"29570.7,29617.9,29567.4,29612.8"
2026-05-22T22:15:00.000+07:00,"29613.6,29631,29591.3,29631"
2026-05-22T22:30:00.000+07:00,"29629.5,29635.5,29600.7,29617.9"
2026-05-22T22:45:00.000+07:00,"29618.3,29618.3,29583.3,29610.1"
2026-05-22T23:00:00.000+07:00,"29610.2,29617,29589.1,29605.4"
2026-05-22T23:15:00.000+07:00,"29604,29606,29566.3,29591.5"
2026-05-22T23:30:00.000+07:00,"29592.3,29602.6,29557.7,29567.8"
2026-05-22T23:45:00.000+07:00,"29567.7,29600.2,29565.8,29597.7"
2026-05-23T00:00:00.000+07:00,"29596.4,29630,29596.4,29621.9"
2026-05-23T00:15:00.000+07:00,"29622.7,29662.1,29574.3,29662.1"
2026-05-23T00:30:00.000+07:00,"29661,29672.1,29610.4,29625.1"
2026-05-23T00:45:00.000+07:00,"29625.7,29632.8,29588.9,29604.2"
2026-05-23T01:00:00.000+07:00,"29604.7,29613.9,29574.6,29587.6"
2026-05-23T01:15:00.000+07:00,"29588.4,29597.9,29573.9,29585.5"
2026-05-23T01:30:00.000+07:00,"29586,29600.6,29551.3,29593.4"
2026-05-23T01:45:00.000+07:00,"29594.4,29598.8,29568.4,29576.7"
2026-05-23T02:00:00.000+07:00,"29577,29586.4,29517,29526.7"
2026-05-23T02:15:00.000+07:00,"29526.3,29529.1,29468.8,29475.8"
2026-05-23T02:30:00.000+07:00,"29475.2,29510.9,29459.6,29485.8"
2026-05-23T02:45:00.000+07:00,"29484.1,29505.4,29457.1,29475.5"
2026-05-23T03:00:00.000+07:00,"29483.2,29502,29465.4,29484.3"
2026-05-23T03:15:00.000+07:00,"29484.8,29485.5,29464.7,29472.1"
2026-05-23T03:30:00.000+07:00,"29472.6,29474.7,29426.5,29454.3"
2026-05-23T03:45:00.000+07:00,"29455.3,29462.5,29444.5,29444.7"
2026-05-25T05:00:00.000+07:00,"29649.9,29702.2,29646.3,29696.2"
2026-05-25T05:15:00.000+07:00,"29696.3,29707.8,29681.7,29697.6"
2026-05-25T05:30:00.000+07:00,"29697.5,29731.6,29697.5,29726.1"
2026-05-25T05:45:00.000+07:00,"29726.6,29747.3,29725.6,29730.4"
2026-05-25T06:00:00.000+07:00,"29730.5,29755.8,29730.5,29746.2"
2026-05-25T06:15:00.000+07:00,"29746.3,29747.3,29728.6,29733.6"
2026-05-25T06:30:00.000+07:00,"29734.6,29805.9,29734.1,29782.2"
2026-05-25T06:45:00.000+07:00,"29781.2,29790.4,29761.1,29767.5"
2026-05-25T07:00:00.000+07:00,"29767.8,29795,29749.2,29792.5"
2026-05-25T07:15:00.000+07:00,"29793.4,29815.6,29783.3,29807.4"
2026-05-25T07:30:00.000+07:00,"29807.1,29843.1,29807.1,29836.7"
2026-05-25T07:45:00.000+07:00,"29837.7,29856.5,29829.4,29838.8"
2026-05-25T08:00:00.000+07:00,"29840.2,29852.2,29832.1,29844.8"
2026-05-25T08:15:00.000+07:00,"29844.9,29852.6,29837.4,29849.3"
2026-05-25T08:30:00.000+07:00,"29849.4,29872.2,29844.8,29857.2"
2026-05-25T08:45:00.000+07:00,"29857.1,29859.7,29844.2,29847"
2026-05-25T09:00:00.000+07:00,"29847.6,29859.6,29841.3,29846.8"
2026-05-25T09:15:00.000+07:00,"29847,29847,29831.9,29836.2"
2026-05-25T09:30:00.000+07:00,"29836.6,29838.7,29828.2,29837.8"
2026-05-25T09:45:00.000+07:00,"29838.1,29885.4,29838.1,29882.2"
2026-05-25T10:00:00.000+07:00,"29881.5,29911.1,29880,29889.2"
2026-05-25T10:15:00.000+07:00,"29889.3,29905.8,29877.9,29891.1"
2026-05-25T10:30:00.000+07:00,"29892.1,29898.7,29886.8,29890"
2026-05-25T10:45:00.000+07:00,"29889.8,29892.9,29879.8,29886.5"
2026-05-25T11:00:00.000+07:00,"29886.4,29900.7,29885.7,29889.2"
2026-05-25T11:15:00.000+07:00,"29888.8,29896.3,29886.7,29894.2"
2026-05-25T11:30:00.000+07:00,"29894.4,29895.3,29884.2,29894.6"
2026-05-25T11:45:00.000+07:00,"29894.9,29910.7,29893.7,29897.7"
2026-05-25T12:00:00.000+07:00,"29897.4,29912,29897.3,29909.1"
2026-05-25T12:15:00.000+07:00,"29908.8,29918.8,29901.1,29908"
