Date,Message
2026-05-14T11:41:00.000+07:00,"29474.9,29482.7,29473.8,29481.3"
2026-05-14T11:42:00.000+07:00,"29481.1,29481.7,29467.6,29469.6"
2026-05-14T11:43:00.000+07:00,"29469.3,29476.3,29469.3,29475.8"
2026-05-14T11:44:00.000+07:00,"29475.7,29476.1,29473.2,29475.3"
2026-05-14T11:45:00.000+07:00,"29475.2,29476.2,29469.5,29471"
2026-05-14T11:46:00.000+07:00,"29471.3,29471.6,29464.7,29466.8"
2026-05-14T11:47:00.000+07:00,"29467.3,29478.3,29466.9,29477.9"
2026-05-14T11:48:00.000+07:00,"29478.1,29490.4,29478.1,29488.5"
2026-05-14T11:49:00.000+07:00,"29488.6,29493,29484.7,29485"
2026-05-14T11:50:00.000+07:00,"29484.2,29485,29467.1,29472.9"
2026-05-14T11:51:00.000+07:00,"29472.8,29473.6,29461.1,29468.2"
2026-05-14T11:52:00.000+07:00,"29468.4,29469.5,29458.9,29466.8"
2026-05-14T11:53:00.000+07:00,"29466.9,29470.7,29464.5,29467.9"
2026-05-14T11:54:00.000+07:00,"29467.8,29473.9,29464.8,29472.2"
2026-05-14T11:55:00.000+07:00,"29472.4,29474.2,29465.8,29467.7"
2026-05-14T11:56:00.000+07:00,"29467.8,29469.6,29463.6,29465"
2026-05-14T11:57:00.000+07:00,"29465.3,29466.1,29456.9,29463.8"
2026-05-14T11:58:00.000+07:00,"29463.9,29463.9,29456.1,29460.3"
2026-05-14T11:59:00.000+07:00,"29460.2,29463.5,29458.3,29458.7"
2026-05-14T12:00:00.000+07:00,"29458.4,29461.8,29451.5,29460"
2026-05-14T12:01:00.000+07:00,"29460.1,29462.7,29453.3,29460.9"
2026-05-14T12:02:00.000+07:00,"29461,29469.1,29458.2,29465.8"
2026-05-14T12:03:00.000+07:00,"29465.9,29468.7,29460.3,29467.9"
2026-05-14T12:04:00.000+07:00,"29467.8,29474.6,29467.3,29472.4"
2026-05-14T12:05:00.000+07:00,"29472.6,29474.3,29465.2,29468.1"
2026-05-14T12:06:00.000+07:00,"29468.4,29468.9,29463.7,29467.6"
2026-05-14T12:07:00.000+07:00,"29467.4,29475.5,29466,29472.5"
2026-05-14T12:08:00.000+07:00,"29472.7,29473.6,29455.5,29457.7"
2026-05-14T12:09:00.000+07:00,"29457.9,29460,29452.3,29459.2"
2026-05-14T12:10:00.000+07:00,"29459.4,29464,29455.8,29463.4"
2026-05-14T12:11:00.000+07:00,"29463.6,29465.8,29458.3,29461.4"
2026-05-14T12:12:00.000+07:00,"29461,29468.7,29459,29467.7"
2026-05-14T12:13:00.000+07:00,"29467,29468,29458.9,29460.9"
2026-05-14T12:14:00.000+07:00,"29461.2,29461.9,29443.4,29444.9"
2026-05-14T12:15:00.000+07:00,"29444.7,29446.8,29438.9,29440.1"
2026-05-14T12:16:00.000+07:00,"29439.9,29441.2,29435.2,29437.9"
2026-05-14T12:17:00.000+07:00,"29437.8,29444.3,29435,29443.8"
2026-05-14T12:18:00.000+07:00,"29443.9,29444.3,29427.2,29429.6"
2026-05-14T12:19:00.000+07:00,"29429.8,29434.5,29426.8,29433.9"
2026-05-14T12:20:00.000+07:00,"29433.6,29445.8,29432,29445.4"
2026-05-14T12:21:00.000+07:00,"29445.5,29453.9,29443.6,29451.4"
2026-05-14T12:22:00.000+07:00,"29451.3,29452.4,29444.2,29451.5"
2026-05-14T12:23:00.000+07:00,"29451.3,29460.3,29450.8,29460"
2026-05-14T12:24:00.000+07:00,"29460.1,29463.7,29449.8,29450.5"
2026-05-14T12:25:00.000+07:00,"29450.4,29451.1,29443.6,29446.2"
2026-05-14T12:26:00.000+07:00,"29446.3,29448,29442.4,29444.5"
2026-05-14T12:27:00.000+07:00,"29444.6,29458.1,29444,29457.2"
2026-05-14T12:28:00.000+07:00,"29457.1,29458.3,29452.3,29457.6"
2026-05-14T12:29:00.000+07:00,"29457.5,29459.1,29453.3,29458.9"
2026-05-14T12:30:00.000+07:00,"29459.1,29465.5,29457.9,29462.8"
2026-05-14T12:31:00.000+07:00,"29462.4,29463.7,29453.9,29455.5"
2026-05-14T12:32:00.000+07:00,"29454.7,29465.6,29451.9,29465.3"
2026-05-14T12:33:00.000+07:00,"29465.2,29467.2,29460.6,29461.1"
2026-05-14T12:34:00.000+07:00,"29460.9,29466.9,29455.3,29456.5"
2026-05-14T12:35:00.000+07:00,"29456.2,29458.6,29449.4,29455.3"
2026-05-14T12:36:00.000+07:00,"29455.6,29458.2,29453.3,29453.6"
2026-05-14T12:37:00.000+07:00,"29453.9,29462.7,29449.4,29461.4"
2026-05-14T12:38:00.000+07:00,"29461.5,29463.5,29455.2,29456.9"
2026-05-14T12:39:00.000+07:00,"29456.7,29457.7,29451.2,29453.1"
2026-05-14T12:40:00.000+07:00,"29453.4,29460.1,29450.2,29457"
2026-05-14T12:41:00.000+07:00,"29457.1,29458.4,29453.7,29455.1"
2026-05-14T12:42:00.000+07:00,"29455.3,29455.6,29447.1,29449.4"
2026-05-14T12:43:00.000+07:00,"29449.5,29450.2,29438,29445.9"
2026-05-14T12:44:00.000+07:00,"29446,29454.1,29442.8,29452.6"
2026-05-14T12:45:00.000+07:00,"29453.1,29502.3,29452.8,29499"
2026-05-14T12:46:00.000+07:00,"29499.3,29507.4,29466.4,29474.7"
2026-05-14T12:47:00.000+07:00,"29474.9,29482.2,29472.9,29475.4"
2026-05-14T12:48:00.000+07:00,"29475.2,29485,29469.5,29477.7"
2026-05-14T12:49:00.000+07:00,"29477.9,29480.6,29470.9,29477.9"
2026-05-14T12:50:00.000+07:00,"29478.1,29492.9,29477.6,29491.5"
2026-05-14T12:51:00.000+07:00,"29491.2,29495.5,29485,29486.3"
2026-05-14T12:52:00.000+07:00,"29486.1,29497,29485.4,29495.7"
2026-05-14T12:53:00.000+07:00,"29495.4,29499.7,29491.9,29498"
2026-05-14T12:54:00.000+07:00,"29496.2,29497.9,29490.7,29494.9"
2026-05-14T12:55:00.000+07:00,"29494.7,29496.6,29486.7,29491.4"
2026-05-14T12:56:00.000+07:00,"29491.3,29491.7,29482.7,29484.4"
2026-05-14T12:57:00.000+07:00,"29483.9,29492.3,29482.8,29491.4"
2026-05-14T12:58:00.000+07:00,"29491.3,29496.4,29488.9,29489.8"
2026-05-14T12:59:00.000+07:00,"29489.2,29498,29488.3,29496.2"
2026-05-14T13:00:00.000+07:00,"29495.8,29515.2,29495.8,29513.5"
2026-05-14T13:01:00.000+07:00,"29513.2,29515.6,29503.8,29509.8"
2026-05-14T13:02:00.000+07:00,"29509.3,29509.3,29499.3,29501.6"
2026-05-14T13:03:00.000+07:00,"29501.5,29511.8,29500.8,29511"
2026-05-14T13:04:00.000+07:00,"29512.1,29516.4,29508.7,29514.4"
2026-05-14T13:05:00.000+07:00,"29514.1,29526.1,29513.3,29525.7"
2026-05-14T13:06:00.000+07:00,"29525.8,29528.8,29520.8,29522.5"
2026-05-14T13:07:00.000+07:00,"29522.6,29528.3,29521.4,29526.4"
2026-05-14T13:08:00.000+07:00,"29526.5,29527.5,29513.3,29514.6"
2026-05-14T13:09:00.000+07:00,"29514,29522.9,29513,29519.4"
2026-05-14T13:10:00.000+07:00,"29519.5,29527.7,29518.3,29527"
2026-05-14T13:11:00.000+07:00,"29526.7,29527.6,29515.8,29516.9"
2026-05-14T13:12:00.000+07:00,"29517,29517.8,29499.9,29506.6"
2026-05-14T13:13:00.000+07:00,"29506.7,29512.5,29505.1,29512.5"
2026-05-14T13:14:00.000+07:00,"29512.8,29519.9,29509.9,29519.6"
2026-05-14T13:15:00.000+07:00,"29519.5,29520.4,29514,29515.9"
2026-05-14T13:16:00.000+07:00,"29515.3,29516.1,29509.1,29511"
2026-05-14T13:17:00.000+07:00,"29511.1,29515.7,29509.1,29511"
2026-05-14T13:18:00.000+07:00,"29511.3,29512.6,29506.6,29510.4"
2026-05-14T13:19:00.000+07:00,"29510.5,29512.4,29508.7,29511.4"
2026-05-14T13:20:00.000+07:00,"29511.5,29519,29511.3,29516"
2026-05-14T13:21:00.000+07:00,"29516.2,29525.2,29515.1,29522.5"
2026-05-14T13:22:00.000+07:00,"29522.7,29527.1,29522.7,29525.5"
2026-05-14T13:23:00.000+07:00,"29525.4,29534.7,29517.7,29520.7"
2026-05-14T13:24:00.000+07:00,"29520.6,29525.1,29519.4,29519.6"
2026-05-14T13:25:00.000+07:00,"29519.5,29523.4,29508.7,29511.4"
2026-05-14T13:26:00.000+07:00,"29511.5,29517.8,29510.6,29516.8"
2026-05-14T13:27:00.000+07:00,"29516.6,29521.3,29514.8,29520.8"
2026-05-14T13:28:00.000+07:00,"29520.6,29524.9,29519.2,29523.4"
2026-05-14T13:29:00.000+07:00,"29523.6,29526.2,29515.1,29515.5"
2026-05-14T13:30:00.000+07:00,"29515.8,29523.6,29513.7,29523.6"
2026-05-14T13:31:00.000+07:00,"29523.3,29523.4,29513.4,29517.7"
2026-05-14T13:32:00.000+07:00,"29517.8,29517.8,29514,29517.3"
2026-05-14T13:33:00.000+07:00,"29517.1,29518.8,29512.8,29518.3"
2026-05-14T13:34:00.000+07:00,"29518.8,29521.8,29516.6,29520.7"
2026-05-14T13:35:00.000+07:00,"29520.5,29526.8,29518.4,29521.2"
2026-05-14T13:36:00.000+07:00,"29521.9,29523.3,29518.1,29522.8"
2026-05-14T13:37:00.000+07:00,"29522.5,29526.1,29518.9,29525.6"
2026-05-14T13:38:00.000+07:00,"29525.7,29529.6,29524.5,29526.1"
2026-05-14T13:39:00.000+07:00,"29526.4,29530.2,29525.4,29529.3"
2026-05-14T13:40:00.000+07:00,"29529,29532.4,29527,29528"
2026-05-14T13:41:00.000+07:00,"29527.3,29530.5,29523.1,29529.9"
2026-05-14T13:42:00.000+07:00,"29530,29530.2,29521.7,29526.8"
2026-05-14T13:43:00.000+07:00,"29526.7,29529.1,29521.6,29522.6"
2026-05-14T13:44:00.000+07:00,"29522.5,29526.9,29519.3,29525.2"
2026-05-14T13:45:00.000+07:00,"29525.4,29527.3,29512.5,29513.7"
2026-05-14T13:46:00.000+07:00,"29513.6,29523.1,29512.3,29519"
2026-05-14T13:47:00.000+07:00,"29518.9,29520.7,29516.1,29516.1"
2026-05-14T13:48:00.000+07:00,"29516.5,29516.5,29510.9,29516.1"
2026-05-14T13:49:00.000+07:00,"29516.4,29518.5,29502.5,29505.8"
2026-05-14T13:50:00.000+07:00,"29505.9,29515.1,29505.7,29508.6"
2026-05-14T13:51:00.000+07:00,"29507.7,29514.8,29507.2,29511"
2026-05-14T13:52:00.000+07:00,"29511.3,29518.3,29509.5,29518"
2026-05-14T13:53:00.000+07:00,"29518.2,29522.7,29515.3,29521.7"
2026-05-14T13:54:00.000+07:00,"29521.8,29523.8,29521.3,29523.6"
2026-05-14T13:55:00.000+07:00,"29524,29527.4,29518.7,29519.8"
2026-05-14T13:56:00.000+07:00,"29519.9,29520.8,29514.1,29514.5"
2026-05-14T13:57:00.000+07:00,"29514.7,29519.9,29508.9,29509.3"
2026-05-14T13:58:00.000+07:00,"29509.2,29512.7,29508.7,29510.2"
2026-05-14T13:59:00.000+07:00,"29510.3,29511.1,29498.8,29501.2"
2026-05-14T14:00:00.000+07:00,"29501.5,29508.6,29487.8,29506.3"
2026-05-14T14:01:00.000+07:00,"29506.2,29512.3,29503.3,29506.2"
2026-05-14T14:02:00.000+07:00,"29506.3,29513.6,29506.2,29508.6"
2026-05-14T14:03:00.000+07:00,"29508.8,29511.7,29505.4,29505.9"
2026-05-14T14:04:00.000+07:00,"29507.2,29507.6,29496.5,29499.7"
2026-05-14T14:05:00.000+07:00,"29499.6,29500.7,29483.7,29494.3"
2026-05-14T14:06:00.000+07:00,"29495.1,29498.6,29487.5,29488.3"
2026-05-14T14:07:00.000+07:00,"29488.2,29492.4,29485.3,29490.3"
2026-05-14T14:08:00.000+07:00,"29490.7,29494.2,29485.5,29490.1"
2026-05-14T14:09:00.000+07:00,"29490.3,29491.9,29476.7,29484.3"
2026-05-14T14:10:00.000+07:00,"29483.6,29484.7,29477,29481.3"
2026-05-14T14:11:00.000+07:00,"29481.4,29486.9,29478.2,29479"
2026-05-14T14:12:00.000+07:00,"29479.1,29482.3,29475.4,29480.1"
2026-05-14T14:13:00.000+07:00,"29481.2,29484.3,29474.3,29478.4"
2026-05-14T14:14:00.000+07:00,"29478.6,29490.4,29476,29488.8"
2026-05-14T14:15:00.000+07:00,"29488.9,29497,29483,29495.8"
2026-05-14T14:16:00.000+07:00,"29496.8,29497.1,29492,29492.2"
2026-05-14T14:17:00.000+07:00,"29491.7,29496.5,29490.1,29493.1"
2026-05-14T14:18:00.000+07:00,"29493,29498.2,29491,29498.1"
2026-05-14T14:19:00.000+07:00,"29498.2,29501.3,29494.7,29496.1"
2026-05-14T14:20:00.000+07:00,"29496,29499.1,29494.3,29497.4"
2026-05-14T14:21:00.000+07:00,"29497.6,29498.8,29492.4,29492.7"
2026-05-14T14:22:00.000+07:00,"29492.6,29497.7,29489.9,29495.8"
2026-05-14T14:23:00.000+07:00,"29495.2,29495.3,29485.3,29487.9"
2026-05-14T14:24:00.000+07:00,"29487.7,29493.7,29487.4,29492.3"
2026-05-14T14:25:00.000+07:00,"29493,29498.1,29491.8,29497.2"
2026-05-14T14:26:00.000+07:00,"29497.1,29503,29495.6,29502.9"
2026-05-14T14:27:00.000+07:00,"29503,29504.7,29499.8,29501.8"
2026-05-14T14:28:00.000+07:00,"29501.9,29502.7,29494.5,29496.2"
2026-05-14T14:29:00.000+07:00,"29496.1,29498.3,29491.5,29494.3"
2026-05-14T14:30:00.000+07:00,"29494.4,29498.2,29491.7,29496.2"
2026-05-14T14:31:00.000+07:00,"29496.3,29497.8,29490.1,29491.9"
2026-05-14T14:32:00.000+07:00,"29492,29508.6,29491.2,29505.6"
2026-05-14T14:33:00.000+07:00,"29505.7,29512.4,29505.4,29511.4"
2026-05-14T14:34:00.000+07:00,"29511.2,29512.7,29504,29509.3"
2026-05-14T14:35:00.000+07:00,"29508.8,29511.6,29506.3,29509.6"
2026-05-14T14:36:00.000+07:00,"29509.8,29515.3,29509.8,29514.9"
2026-05-14T14:37:00.000+07:00,"29515.2,29517.6,29507.5,29508.8"
2026-05-14T14:38:00.000+07:00,"29508.9,29516.6,29508.8,29515.6"
2026-05-14T14:39:00.000+07:00,"29516.1,29516.6,29512.3,29513.9"
2026-05-14T14:40:00.000+07:00,"29514,29516.5,29510.4,29515.6"
2026-05-14T14:41:00.000+07:00,"29515.8,29523.4,29515.8,29520.2"
2026-05-14T14:42:00.000+07:00,"29520.1,29526.5,29518.5,29520.2"
2026-05-14T14:43:00.000+07:00,"29520.4,29522.4,29515.3,29518.9"
2026-05-14T14:44:00.000+07:00,"29518.5,29521.9,29514.8,29515.7"
2026-05-14T14:45:00.000+07:00,"29515.5,29523.7,29515,29522.6"
2026-05-14T14:46:00.000+07:00,"29522.4,29524.6,29518.2,29521"
2026-05-14T14:47:00.000+07:00,"29521.1,29522,29506.4,29508.2"
2026-05-14T14:48:00.000+07:00,"29508.3,29513.5,29508,29510.6"
2026-05-14T14:49:00.000+07:00,"29510.7,29511.1,29501.3,29506.3"
2026-05-14T14:50:00.000+07:00,"29506.1,29506.4,29502.7,29504"
2026-05-14T14:51:00.000+07:00,"29503.9,29510.2,29503.4,29510.1"
2026-05-14T14:52:00.000+07:00,"29510.2,29513.3,29509.7,29512.4"
2026-05-14T14:53:00.000+07:00,"29512.5,29512.9,29508,29508.4"
2026-05-14T14:54:00.000+07:00,"29508.5,29508.7,29491.5,29496.4"
2026-05-14T14:55:00.000+07:00,"29496.3,29501.7,29494,29498.7"
2026-05-14T14:56:00.000+07:00,"29498.6,29500,29488.6,29488.9"
2026-05-14T14:57:00.000+07:00,"29488.7,29489.9,29482.6,29486.4"
2026-05-14T14:58:00.000+07:00,"29486.6,29486.6,29467,29469.3"
2026-05-14T14:59:00.000+07:00,"29468.9,29473.8,29458,29468"
2026-05-14T15:00:00.000+07:00,"29468.2,29479.3,29464.1,29477.8"
2026-05-14T15:01:00.000+07:00,"29477.9,29478.3,29465.5,29468.4"
2026-05-14T15:02:00.000+07:00,"29467.4,29467.7,29451.5,29459.7"
2026-05-14T15:03:00.000+07:00,"29459.9,29461.7,29451.4,29451.5"
2026-05-14T15:04:00.000+07:00,"29451.4,29457.3,29442.9,29443.7"
2026-05-14T15:05:00.000+07:00,"29443.6,29452.6,29439.9,29449.7"
2026-05-14T15:06:00.000+07:00,"29450,29461.1,29443,29460"
2026-05-14T15:07:00.000+07:00,"29459.9,29469.6,29459.2,29469.6"
2026-05-14T15:08:00.000+07:00,"29469.9,29479,29469.8,29478.5"
2026-05-14T15:09:00.000+07:00,"29478.4,29480.6,29462.8,29469.3"
2026-05-14T15:10:00.000+07:00,"29469.8,29482.9,29467.4,29482.9"
2026-05-14T15:11:00.000+07:00,"29482.7,29485,29476,29477.2"
2026-05-14T15:12:00.000+07:00,"29477.4,29482.4,29477.1,29478.5"
2026-05-14T15:13:00.000+07:00,"29478.3,29484.5,29475.2,29484.3"
2026-05-14T15:14:00.000+07:00,"29484.6,29492,29483.2,29491.2"
2026-05-14T15:15:00.000+07:00,"29491.5,29504.6,29490.8,29503.2"
2026-05-14T15:16:00.000+07:00,"29502.2,29516.9,29501,29515.7"
2026-05-14T15:17:00.000+07:00,"29515.6,29520.6,29506.4,29508.5"
2026-05-14T15:18:00.000+07:00,"29508.9,29511.4,29501.3,29503.3"
2026-05-14T15:19:00.000+07:00,"29503.1,29504.1,29493.3,29494"
2026-05-14T15:20:00.000+07:00,"29493.9,29504.8,29492.9,29504.6"
2026-05-14T15:21:00.000+07:00,"29504.5,29504.5,29494.1,29495"
2026-05-14T15:22:00.000+07:00,"29495.1,29499.8,29492.8,29495.1"
2026-05-14T15:23:00.000+07:00,"29493.9,29495.6,29482.6,29484.4"
2026-05-14T15:24:00.000+07:00,"29484.6,29486,29476.6,29477.3"
2026-05-14T15:25:00.000+07:00,"29477.7,29488.8,29475.5,29488"
2026-05-14T15:26:00.000+07:00,"29488.2,29489.2,29482.3,29485.8"
2026-05-14T15:27:00.000+07:00,"29485.6,29485.6,29479,29483.6"
2026-05-14T15:28:00.000+07:00,"29483.5,29491.6,29481.4,29490.9"
2026-05-14T15:29:00.000+07:00,"29490.6,29502.6,29487,29488.5"
2026-05-14T15:30:00.000+07:00,"29488,29506.9,29486.1,29501.6"
2026-05-14T15:31:00.000+07:00,"29501.4,29503.6,29496.7,29496.8"
2026-05-14T15:32:00.000+07:00,"29497.7,29498.9,29490,29493.1"
2026-05-14T15:33:00.000+07:00,"29493,29495.7,29486,29489.8"
2026-05-14T15:34:00.000+07:00,"29489.9,29491.7,29487.7,29488.8"
2026-05-14T15:35:00.000+07:00,"29488.5,29496.7,29487.3,29495.1"
2026-05-14T15:36:00.000+07:00,"29494.3,29494.8,29487.8,29490.2"
2026-05-14T15:37:00.000+07:00,"29490.3,29490.3,29479.2,29479.2"
2026-05-14T15:38:00.000+07:00,"29480.1,29481.8,29469.4,29471.7"
2026-05-14T15:39:00.000+07:00,"29471.8,29477.5,29470.7,29474.3"
2026-05-14T15:40:00.000+07:00,"29474,29477.4,29469.6,29476"
2026-05-14T15:41:00.000+07:00,"29475.9,29476.9,29454.1,29456.3"
2026-05-14T15:42:00.000+07:00,"29456.5,29461,29455,29456.6"
2026-05-14T15:43:00.000+07:00,"29456.5,29459.5,29449.3,29449.7"
2026-05-14T15:44:00.000+07:00,"29449.8,29453.2,29444.2,29449.2"
2026-05-14T15:45:00.000+07:00,"29449.4,29455.4,29442.1,29442.4"
2026-05-14T15:46:00.000+07:00,"29442.9,29448,29440.3,29443.3"
2026-05-14T15:47:00.000+07:00,"29443.5,29454.4,29443.1,29454.4"
2026-05-14T15:48:00.000+07:00,"29454.5,29456.3,29449,29449.8"
2026-05-14T15:49:00.000+07:00,"29449.6,29450.2,29441.9,29441.9"
2026-05-14T15:50:00.000+07:00,"29442,29452.6,29438.8,29452"
2026-05-14T15:51:00.000+07:00,"29452.3,29462.7,29451.8,29462.4"
2026-05-14T15:52:00.000+07:00,"29462.6,29465.5,29454.9,29458.9"
2026-05-14T15:53:00.000+07:00,"29459.9,29468.3,29458.6,29466.6"
2026-05-14T15:54:00.000+07:00,"29466,29467.4,29463.4,29465.2"
2026-05-14T15:55:00.000+07:00,"29465.3,29468.9,29458.8,29460.9"
2026-05-14T15:56:00.000+07:00,"29461,29466.4,29456.6,29465.4"
2026-05-14T15:57:00.000+07:00,"29465.3,29474.9,29465.3,29472.3"
2026-05-14T15:58:00.000+07:00,"29472.2,29474,29469.5,29474"
2026-05-14T15:59:00.000+07:00,"29474.1,29474.2,29467.5,29468"
2026-05-14T16:00:00.000+07:00,"29468.1,29478.9,29468.1,29476.5"
2026-05-14T16:01:00.000+07:00,"29476.4,29482.3,29473.7,29478.3"
2026-05-14T16:02:00.000+07:00,"29478.4,29482.9,29475.8,29477.9"
2026-05-14T16:03:00.000+07:00,"29477.7,29478.2,29473.3,29474.5"
2026-05-14T16:04:00.000+07:00,"29474.4,29476.3,29464.4,29466.4"
2026-05-14T16:05:00.000+07:00,"29466.2,29469.9,29464.7,29467"
2026-05-14T16:06:00.000+07:00,"29466.9,29467.4,29460.6,29462.7"
2026-05-14T16:07:00.000+07:00,"29462.9,29466.7,29460.5,29462.2"
2026-05-14T16:08:00.000+07:00,"29462.1,29471.2,29460.8,29471.2"
2026-05-14T16:09:00.000+07:00,"29471.3,29472.3,29462.3,29463.7"
2026-05-14T16:10:00.000+07:00,"29463.5,29477.3,29437.9,29451.5"
2026-05-14T16:11:00.000+07:00,"29450.7,29455.9,29446.7,29450.4"
2026-05-14T16:12:00.000+07:00,"29450.6,29457.5,29447.3,29455.7"
2026-05-14T16:13:00.000+07:00,"29455.6,29456.5,29449.9,29452.1"
2026-05-14T16:14:00.000+07:00,"29452.2,29454.1,29448.5,29451.4"
2026-05-14T16:15:00.000+07:00,"29451.5,29459.7,29449.9,29457"
2026-05-14T16:16:00.000+07:00,"29456.9,29457.9,29450,29451.8"
2026-05-14T16:17:00.000+07:00,"29451.7,29453.4,29444.9,29449.5"
2026-05-14T16:18:00.000+07:00,"29449.3,29452.3,29445.9,29449.6"
2026-05-14T16:19:00.000+07:00,"29449.5,29451.6,29445.6,29451.6"
2026-05-14T16:20:00.000+07:00,"29451.8,29458.3,29450.1,29458.1"
2026-05-14T16:21:00.000+07:00,"29457.8,29457.9,29451.7,29453.1"
2026-05-14T16:22:00.000+07:00,"29453.2,29456.2,29450.7,29451.7"
2026-05-14T16:23:00.000+07:00,"29451.5,29451.7,29443.5,29444.8"
2026-05-14T16:24:00.000+07:00,"29444.6,29449.1,29441.4,29445.1"
2026-05-14T16:25:00.000+07:00,"29445.2,29447.8,29440.1,29442"
2026-05-14T16:26:00.000+07:00,"29441.9,29444.7,29437.3,29441.6"
2026-05-14T16:27:00.000+07:00,"29439.8,29442.7,29433.8,29434.1"
2026-05-14T16:28:00.000+07:00,"29434,29435,29423.7,29426.2"
2026-05-14T16:29:00.000+07:00,"29426.1,29435.7,29423.1,29429.5"
2026-05-14T16:30:00.000+07:00,"29429.3,29433.1,29418.3,29432.9"
2026-05-14T16:31:00.000+07:00,"29433.3,29439.1,29430.9,29439.1"
2026-05-14T16:32:00.000+07:00,"29438.8,29439.4,29424.7,29432.2"
2026-05-14T16:33:00.000+07:00,"29433.3,29434.4,29426.4,29426.9"
2026-05-14T16:34:00.000+07:00,"29427,29435.5,29426,29434.7"
2026-05-14T16:35:00.000+07:00,"29434.6,29434.6,29413.3,29413.5"
2026-05-14T16:36:00.000+07:00,"29413.6,29415.3,29397.4,29403.4"
2026-05-14T16:37:00.000+07:00,"29403.2,29404,29379.8,29380.8"
2026-05-14T16:38:00.000+07:00,"29379.3,29384.7,29376,29376.9"
2026-05-14T16:39:00.000+07:00,"29377.1,29392.2,29374.6,29391.5"
2026-05-14T16:40:00.000+07:00,"29391.4,29399.6,29385.4,29399.6"
2026-05-14T16:41:00.000+07:00,"29399.1,29404.7,29397.8,29398.7"
2026-05-14T16:42:00.000+07:00,"29399.2,29404.9,29393.4,29395.6"
2026-05-14T16:43:00.000+07:00,"29395.7,29407.9,29392.7,29406.6"
2026-05-14T16:44:00.000+07:00,"29406.7,29409.7,29396.6,29403.2"
2026-05-14T16:45:00.000+07:00,"29403,29406.4,29398.8,29403.9"
2026-05-14T16:46:00.000+07:00,"29404.1,29414.3,29402.6,29413.9"
2026-05-14T16:47:00.000+07:00,"29414.1,29415.9,29410.9,29415.4"
2026-05-14T16:48:00.000+07:00,"29415.3,29426.5,29414.4,29421.4"
2026-05-14T16:49:00.000+07:00,"29421.7,29433.1,29421.7,29432"
2026-05-14T16:50:00.000+07:00,"29431.7,29436,29427.7,29429.6"
2026-05-14T16:51:00.000+07:00,"29429.8,29434.8,29427.2,29434.4"
2026-05-14T16:52:00.000+07:00,"29434.2,29437.7,29430.3,29436.1"
2026-05-14T16:53:00.000+07:00,"29435.9,29436.2,29424.4,29425.4"
2026-05-14T16:54:00.000+07:00,"29425.3,29432.1,29424.4,29429.5"
2026-05-14T16:55:00.000+07:00,"29430.5,29431.6,29425.7,29427.9"
2026-05-14T16:56:00.000+07:00,"29427.8,29428.4,29425.3,29427.4"
2026-05-14T16:57:00.000+07:00,"29428.1,29432.4,29426,29432.4"
2026-05-14T16:58:00.000+07:00,"29432.1,29435.4,29429.2,29435.2"
2026-05-14T16:59:00.000+07:00,"29435.1,29435.1,29425.7,29426.1"
2026-05-14T17:00:00.000+07:00,"29425.7,29444.8,29423.5,29444.3"
2026-05-14T17:01:00.000+07:00,"29444.2,29444.4,29438.1,29440.1"
2026-05-14T17:02:00.000+07:00,"29440.3,29448.5,29439.9,29446.7"
2026-05-14T17:03:00.000+07:00,"29446.5,29451,29443.4,29450.2"
2026-05-14T17:04:00.000+07:00,"29450.1,29453,29445.5,29452.9"
2026-05-14T17:05:00.000+07:00,"29454.1,29454.2,29447.2,29447.6"
2026-05-14T17:06:00.000+07:00,"29447.2,29454.3,29447.2,29450.9"
2026-05-14T17:07:00.000+07:00,"29451.1,29453.6,29449.2,29451"
2026-05-14T17:08:00.000+07:00,"29451.1,29459.5,29449.9,29457"
2026-05-14T17:09:00.000+07:00,"29456.9,29456.9,29449,29451.2"
2026-05-14T17:10:00.000+07:00,"29451.1,29463.3,29445.2,29461.2"
2026-05-14T17:11:00.000+07:00,"29461.7,29482.7,29458.2,29482.7"
2026-05-14T17:12:00.000+07:00,"29482.5,29487.3,29447.7,29455.4"
2026-05-14T17:13:00.000+07:00,"29455.7,29457.7,29442.7,29453.2"
2026-05-14T17:14:00.000+07:00,"29453.6,29453.6,29446.7,29449.9"
2026-05-14T17:15:00.000+07:00,"29450.9,29456.2,29447.9,29455.8"
2026-05-14T17:16:00.000+07:00,"29456.1,29457.5,29444.9,29446.5"
2026-05-14T17:17:00.000+07:00,"29446.6,29459.4,29440.6,29459.3"
2026-05-14T17:18:00.000+07:00,"29459.5,29465.3,29452.7,29454"
2026-05-14T17:19:00.000+07:00,"29454.1,29473.7,29451.8,29464.7"
2026-05-14T17:20:00.000+07:00,"29464.9,29467,29451.1,29451.5"
2026-05-14T17:21:00.000+07:00,"29452.8,29453.3,29435.1,29441.8"
2026-05-14T17:22:00.000+07:00,"29442,29451,29440.1,29444.7"
2026-05-14T17:23:00.000+07:00,"29444.9,29445.2,29428.7,29429.7"
2026-05-14T17:24:00.000+07:00,"29430.7,29439.7,29428.9,29429.3"
2026-05-14T17:25:00.000+07:00,"29428.6,29448,29428.6,29445"
2026-05-14T17:26:00.000+07:00,"29444.9,29452,29442.3,29448.9"
2026-05-14T17:27:00.000+07:00,"29450.3,29453,29444.5,29444.5"
2026-05-14T17:28:00.000+07:00,"29444.6,29444.7,29434.5,29435.5"
2026-05-14T17:29:00.000+07:00,"29435.1,29443.2,29434.8,29440.4"
2026-05-14T17:30:00.000+07:00,"29440.5,29448.6,29438.8,29438.8"
2026-05-14T17:31:00.000+07:00,"29438.9,29440.4,29429.3,29433.5"
2026-05-14T17:32:00.000+07:00,"29433.9,29439.2,29427.2,29430.5"
2026-05-14T17:33:00.000+07:00,"29431.2,29436.1,29429.3,29435.3"
2026-05-14T17:34:00.000+07:00,"29435.1,29437.2,29429.5,29430.7"
2026-05-14T17:35:00.000+07:00,"29430.9,29432.8,29427.2,29431.8"
2026-05-14T17:36:00.000+07:00,"29431.6,29437.8,29430.8,29431.7"
2026-05-14T17:37:00.000+07:00,"29431.8,29435.8,29430.4,29432.1"
2026-05-14T17:38:00.000+07:00,"29432,29435.3,29428.7,29430.7"
2026-05-14T17:39:00.000+07:00,"29430.8,29432.2,29423.8,29425.1"
2026-05-14T17:40:00.000+07:00,"29424.5,29425.9,29417.1,29419.1"
2026-05-14T17:41:00.000+07:00,"29419,29423.7,29413.5,29423.7"
2026-05-14T17:42:00.000+07:00,"29424,29424,29418.7,29419"
2026-05-14T17:43:00.000+07:00,"29418.9,29418.9,29408.6,29414.2"
2026-05-14T17:44:00.000+07:00,"29414.1,29420.4,29412.7,29419.2"
2026-05-14T17:45:00.000+07:00,"29419.3,29424.3,29417.4,29419.8"
2026-05-14T17:46:00.000+07:00,"29419.2,29419.6,29415.1,29417.2"
2026-05-14T17:47:00.000+07:00,"29416.3,29422.1,29410.8,29421.6"
2026-05-14T17:48:00.000+07:00,"29421.5,29423.2,29417.5,29423.1"
2026-05-14T17:49:00.000+07:00,"29423,29430.5,29422.9,29430.4"
2026-05-14T17:50:00.000+07:00,"29430.5,29433.3,29429,29431.6"
2026-05-14T17:51:00.000+07:00,"29431.3,29431.7,29425.6,29426.2"
2026-05-14T17:52:00.000+07:00,"29426.6,29436.6,29425.4,29431.8"
2026-05-14T17:53:00.000+07:00,"29432,29450.3,29430,29443.4"
2026-05-14T17:54:00.000+07:00,"29443.5,29459.8,29442,29447.4"
2026-05-14T17:55:00.000+07:00,"29447.5,29452.7,29442.6,29449.7"
2026-05-14T17:56:00.000+07:00,"29449.5,29451.2,29440.2,29440.8"
2026-05-14T17:57:00.000+07:00,"29441,29446.1,29439.1,29441.7"
2026-05-14T17:58:00.000+07:00,"29441.5,29445.2,29436.4,29436.7"
2026-05-14T17:59:00.000+07:00,"29436.8,29440.8,29435.4,29438.6"
2026-05-14T18:00:00.000+07:00,"29438.4,29448.3,29436.5,29446.1"
2026-05-14T18:01:00.000+07:00,"29446,29451.8,29445.8,29451.3"
2026-05-14T18:02:00.000+07:00,"29451,29452.9,29446.6,29451.5"
2026-05-14T18:03:00.000+07:00,"29451.6,29453.8,29443.8,29447.7"
2026-05-14T18:04:00.000+07:00,"29447.8,29456.8,29447.4,29455.5"
2026-05-14T18:05:00.000+07:00,"29455.6,29458.5,29453.7,29454.2"
2026-05-14T18:06:00.000+07:00,"29454.4,29459.8,29448.5,29449.7"
2026-05-14T18:07:00.000+07:00,"29449.5,29459.8,29449.3,29459.4"
2026-05-14T18:08:00.000+07:00,"29459,29459.1,29451.2,29458.5"
2026-05-14T18:09:00.000+07:00,"29458.6,29470.3,29457.2,29469.2"
2026-05-14T18:10:00.000+07:00,"29469.1,29470.8,29463.1,29465.6"
2026-05-14T18:11:00.000+07:00,"29465.8,29469.2,29463.8,29465.8"
2026-05-14T18:12:00.000+07:00,"29465.5,29468.4,29462.5,29465.8"
2026-05-14T18:13:00.000+07:00,"29465.7,29467.2,29459.1,29459.8"
2026-05-14T18:14:00.000+07:00,"29459.5,29462.2,29456.2,29458.7"
2026-05-14T18:15:00.000+07:00,"29458.6,29459,29453.1,29455.2"
2026-05-14T18:16:00.000+07:00,"29455.3,29458.5,29452.1,29456.5"
2026-05-14T18:17:00.000+07:00,"29455.7,29458.3,29451.3,29454.4"
2026-05-14T18:18:00.000+07:00,"29454.7,29459.1,29454,29457.4"
2026-05-14T18:19:00.000+07:00,"29454.1,29461,29448.9,29450.6"
2026-05-14T18:20:00.000+07:00,"29450.7,29455.8,29446.8,29453.1"
2026-05-14T18:21:00.000+07:00,"29453.3,29455.3,29442.2,29442.8"
2026-05-14T18:22:00.000+07:00,"29442.9,29442.9,29432.4,29433.3"
2026-05-14T18:23:00.000+07:00,"29433.4,29433.4,29418.4,29421.8"
2026-05-14T18:24:00.000+07:00,"29421.6,29426.9,29421.2,29424"
2026-05-14T18:25:00.000+07:00,"29423.9,29424.1,29406.6,29411.1"
2026-05-14T18:26:00.000+07:00,"29411.6,29411.6,29400.7,29407"
2026-05-14T18:27:00.000+07:00,"29406.9,29418.3,29404.2,29417.1"
2026-05-14T18:28:00.000+07:00,"29417.2,29419.6,29412.7,29413.9"
2026-05-14T18:29:00.000+07:00,"29413.8,29419.2,29413.6,29415.9"
2026-05-14T18:30:00.000+07:00,"29415.8,29428.1,29415.7,29426.2"
2026-05-14T18:31:00.000+07:00,"29426.3,29433.3,29426.3,29432"
2026-05-14T18:32:00.000+07:00,"29431.7,29435.6,29427.1,29431.9"
2026-05-14T18:33:00.000+07:00,"29432.1,29435.9,29428.8,29435.1"
2026-05-14T18:34:00.000+07:00,"29435.2,29436.7,29430.6,29434.7"
2026-05-14T18:35:00.000+07:00,"29434.8,29437.6,29431.5,29436.4"
2026-05-14T18:36:00.000+07:00,"29436.5,29438.6,29433.7,29436.9"
2026-05-14T18:37:00.000+07:00,"29437,29442,29435.8,29440.3"
2026-05-14T18:38:00.000+07:00,"29440.5,29440.5,29435,29436.1"
2026-05-14T18:39:00.000+07:00,"29436.3,29445,29434.3,29437.1"
2026-05-14T18:40:00.000+07:00,"29437.4,29438.4,29434.2,29437.6"
2026-05-14T18:41:00.000+07:00,"29437.7,29440.4,29433.4,29436.1"
2026-05-14T18:42:00.000+07:00,"29435.9,29440.6,29434.6,29436.5"
2026-05-14T18:43:00.000+07:00,"29436.6,29439.8,29434.7,29437.9"
2026-05-14T18:44:00.000+07:00,"29437.7,29441.3,29437,29437.4"
2026-05-14T18:45:00.000+07:00,"29437.5,29443.8,29436.9,29443.6"
2026-05-14T18:46:00.000+07:00,"29443.7,29448.2,29442.5,29447.8"
2026-05-14T18:47:00.000+07:00,"29447.6,29451.4,29445.8,29451.2"
2026-05-14T18:48:00.000+07:00,"29451.4,29455.7,29446.1,29455.3"
2026-05-14T18:49:00.000+07:00,"29455.2,29457.2,29452.8,29456.1"
2026-05-14T18:50:00.000+07:00,"29456,29456.6,29451.2,29454.4"
2026-05-14T18:51:00.000+07:00,"29454.7,29458.5,29451.3,29452.9"
2026-05-14T18:52:00.000+07:00,"29452.8,29455.1,29447.3,29449.1"
2026-05-14T18:53:00.000+07:00,"29449.2,29452.1,29445.6,29446.4"
2026-05-14T18:54:00.000+07:00,"29446.2,29449.5,29444,29446.7"
2026-05-14T18:55:00.000+07:00,"29446.8,29449.5,29439.2,29439.9"
2026-05-14T18:56:00.000+07:00,"29439.6,29444.5,29438.7,29444.5"
2026-05-14T18:57:00.000+07:00,"29444.6,29449.3,29439.8,29445.4"
2026-05-14T18:58:00.000+07:00,"29445.3,29451.1,29443.4,29446.8"
2026-05-14T18:59:00.000+07:00,"29446.3,29452.2,29430.1,29432.7"
2026-05-14T19:00:00.000+07:00,"29434,29441.9,29429.4,29440.4"
2026-05-14T19:01:00.000+07:00,"29440.5,29444.6,29429.7,29442.7"
2026-05-14T19:02:00.000+07:00,"29442.3,29446.2,29440.8,29440.9"
2026-05-14T19:03:00.000+07:00,"29440.6,29449.8,29440.1,29442.9"
2026-05-14T19:04:00.000+07:00,"29443.1,29446.3,29441.5,29445"
2026-05-14T19:05:00.000+07:00,"29445.4,29450.8,29443.5,29450.8"
2026-05-14T19:06:00.000+07:00,"29451.4,29455.1,29448.3,29454.4"
2026-05-14T19:07:00.000+07:00,"29454.9,29455.6,29448.3,29448.5"
2026-05-14T19:08:00.000+07:00,"29449.1,29455.2,29448.4,29453.7"
2026-05-14T19:09:00.000+07:00,"29453.8,29455.3,29447.6,29451.9"
2026-05-14T19:10:00.000+07:00,"29452.1,29459.4,29449.4,29452.2"
2026-05-14T19:11:00.000+07:00,"29452.4,29457.8,29451.9,29457"
2026-05-14T19:12:00.000+07:00,"29457.1,29458.2,29447,29447.5"
2026-05-14T19:13:00.000+07:00,"29447.7,29452.4,29443.8,29452.4"
2026-05-14T19:14:00.000+07:00,"29452.1,29455.6,29451.1,29454.4"
2026-05-14T19:15:00.000+07:00,"29454.3,29463.6,29453.2,29459.1"
2026-05-14T19:16:00.000+07:00,"29458.7,29461.1,29456,29458.3"
2026-05-14T19:17:00.000+07:00,"29458.2,29461,29455.4,29458.9"
2026-05-14T19:18:00.000+07:00,"29459.1,29459.6,29444.2,29446.5"
2026-05-14T19:19:00.000+07:00,"29446.7,29446.7,29441.2,29444.5"
2026-05-14T19:20:00.000+07:00,"29444.9,29457.8,29444.5,29457.4"
2026-05-14T19:21:00.000+07:00,"29457.3,29460.1,29453.5,29455.2"
2026-05-14T19:22:00.000+07:00,"29455.1,29465.6,29453.5,29463.2"
2026-05-14T19:23:00.000+07:00,"29463,29466,29458,29462.1"
2026-05-14T19:24:00.000+07:00,"29462.3,29467.5,29459.8,29465.1"
2026-05-14T19:25:00.000+07:00,"29465,29468.7,29459.2,29460.1"
2026-05-14T19:26:00.000+07:00,"29459.7,29461.2,29453.9,29457.3"
2026-05-14T19:27:00.000+07:00,"29457.4,29460.7,29451.9,29454.7"
2026-05-14T19:28:00.000+07:00,"29454.8,29461.4,29454.8,29456.5"
2026-05-14T19:29:00.000+07:00,"29456.7,29457.6,29452.3,29455.5"
2026-05-14T19:30:00.000+07:00,"29455.3,29457.8,29446.5,29457"
2026-05-14T19:31:00.000+07:00,"29456.9,29458.6,29445.4,29447"
2026-05-14T19:32:00.000+07:00,"29447.5,29450.7,29433.1,29433.5"
2026-05-14T19:33:00.000+07:00,"29432.1,29441.4,29430.6,29440.4"
2026-05-14T19:34:00.000+07:00,"29440.7,29443.4,29434.3,29440.6"
2026-05-14T19:35:00.000+07:00,"29440.5,29447.3,29438.4,29443.3"
2026-05-14T19:36:00.000+07:00,"29442.6,29443.1,29424.2,29424.9"
2026-05-14T19:37:00.000+07:00,"29424.8,29429.5,29414.2,29425.5"
2026-05-14T19:38:00.000+07:00,"29424.5,29432.8,29424.4,29424.7"
2026-05-14T19:39:00.000+07:00,"29424.9,29430.3,29422.5,29429.1"
2026-05-14T19:40:00.000+07:00,"29428.7,29435.2,29428.4,29435"
2026-05-14T19:41:00.000+07:00,"29434.9,29436.7,29426.3,29426.8"
2026-05-14T19:42:00.000+07:00,"29426.9,29428,29417.4,29421.3"
2026-05-14T19:43:00.000+07:00,"29421.2,29422,29416.5,29419.3"
2026-05-14T19:44:00.000+07:00,"29419.4,29422.2,29415.4,29415.4"
2026-05-14T19:45:00.000+07:00,"29414,29414,29401.7,29409.7"
2026-05-14T19:46:00.000+07:00,"29409.5,29414.8,29404.4,29413.4"
2026-05-14T19:47:00.000+07:00,"29413.3,29423,29413,29421.3"
2026-05-14T19:48:00.000+07:00,"29421.4,29422.9,29413.7,29415.4"
2026-05-14T19:49:00.000+07:00,"29414.6,29418.7,29410.2,29418.1"
2026-05-14T19:50:00.000+07:00,"29418.6,29419.5,29414,29418.7"
2026-05-14T19:51:00.000+07:00,"29418,29418.9,29404.7,29407.3"
2026-05-14T19:52:00.000+07:00,"29407.7,29410.5,29394.9,29395.5"
2026-05-14T19:53:00.000+07:00,"29395.3,29401.8,29395.1,29398.2"
2026-05-14T19:54:00.000+07:00,"29398.1,29398.2,29381.6,29384.1"
2026-05-14T19:55:00.000+07:00,"29384.4,29384.4,29372.1,29372.4"
2026-05-14T19:56:00.000+07:00,"29372.2,29390.8,29372.2,29390.4"
2026-05-14T19:57:00.000+07:00,"29390.5,29397.5,29389.1,29394.9"
2026-05-14T19:58:00.000+07:00,"29395.2,29398.7,29388.4,29398.3"
2026-05-14T19:59:00.000+07:00,"29398.1,29398.4,29388.5,29388.6"
2026-05-14T20:00:00.000+07:00,"29388.5,29388.5,29367.2,29372.1"
2026-05-14T20:01:00.000+07:00,"29372.3,29380.9,29372.3,29378.1"
2026-05-14T20:02:00.000+07:00,"29378,29392.9,29375.5,29392.5"
2026-05-14T20:03:00.000+07:00,"29392.9,29393.8,29383.8,29389.1"
2026-05-14T20:04:00.000+07:00,"29389.3,29391.8,29382.6,29386.4"
2026-05-14T20:05:00.000+07:00,"29386.2,29389,29370.5,29377.8"
2026-05-14T20:06:00.000+07:00,"29377.6,29377.8,29364.4,29365"
2026-05-14T20:07:00.000+07:00,"29365.2,29371.1,29359.3,29365.7"
2026-05-14T20:08:00.000+07:00,"29366.9,29374,29359.1,29372"
2026-05-14T20:09:00.000+07:00,"29372.2,29372.2,29349,29354.9"
2026-05-14T20:10:00.000+07:00,"29355,29362.6,29349.4,29356.5"
2026-05-14T20:11:00.000+07:00,"29356.6,29363.5,29351.3,29352.2"
2026-05-14T20:12:00.000+07:00,"29352,29355.1,29341.4,29348.8"
2026-05-14T20:13:00.000+07:00,"29348.6,29355.7,29344.8,29352.4"
2026-05-14T20:14:00.000+07:00,"29352.6,29366.8,29351.9,29366.8"
2026-05-14T20:15:00.000+07:00,"29367.1,29370,29361,29366"
2026-05-14T20:16:00.000+07:00,"29366.3,29377.8,29366.3,29375.7"
2026-05-14T20:17:00.000+07:00,"29376,29376.1,29367.2,29368.2"
2026-05-14T20:18:00.000+07:00,"29369.1,29373.8,29363.4,29368.3"
2026-05-14T20:19:00.000+07:00,"29368.2,29369.1,29359.1,29359.6"
2026-05-14T20:20:00.000+07:00,"29359.4,29375.6,29358.4,29375"
2026-05-14T20:21:00.000+07:00,"29375.3,29383.5,29374.9,29381.7"
2026-05-14T20:22:00.000+07:00,"29381.8,29387.4,29377.5,29384.9"
2026-05-14T20:23:00.000+07:00,"29385,29390.2,29383.4,29385.6"
2026-05-14T20:24:00.000+07:00,"29384.9,29385.9,29374.5,29383.2"
2026-05-14T20:25:00.000+07:00,"29382.8,29385.1,29369.8,29374.3"
2026-05-14T20:26:00.000+07:00,"29374.2,29375,29364.1,29364.5"
2026-05-14T20:27:00.000+07:00,"29364.7,29366.7,29351.9,29352.8"
2026-05-14T20:28:00.000+07:00,"29355.2,29371.6,29354.3,29370.4"
2026-05-14T20:29:00.000+07:00,"29369.4,29379.5,29366.7,29368.1"
2026-05-14T20:30:00.000+07:00,"29368.5,29385.8,29354.8,29366"
2026-05-14T20:31:00.000+07:00,"29366.6,29396.6,29351.7,29390.6"
2026-05-14T20:32:00.000+07:00,"29391.5,29422.5,29391.2,29409.2"
2026-05-14T20:33:00.000+07:00,"29408.9,29437.4,29401.7,29428.5"
2026-05-14T20:34:00.000+07:00,"29428.7,29444.6,29421.3,29443.8"
2026-05-14T20:35:00.000+07:00,"29443.9,29463,29433.4,29456.8"
2026-05-14T20:36:00.000+07:00,"29456.1,29464,29446.9,29450.6"
2026-05-14T20:37:00.000+07:00,"29450.3,29481.3,29448.9,29474"
2026-05-14T20:38:00.000+07:00,"29473.5,29487.7,29465.8,29483.2"
2026-05-14T20:39:00.000+07:00,"29483.4,29492.7,29471.8,29480"
2026-05-14T20:40:00.000+07:00,"29479.7,29487.6,29467.5,29487.6"
2026-05-14T20:41:00.000+07:00,"29487,29511.4,29483.7,29507.6"
2026-05-14T20:42:00.000+07:00,"29507.8,29510.8,29493.7,29510.4"
2026-05-14T20:43:00.000+07:00,"29510.1,29520.8,29502.3,29514.7"
2026-05-14T20:44:00.000+07:00,"29514.5,29529.8,29509.7,29526.5"
2026-05-14T20:45:00.000+07:00,"29526.8,29573.7,29526.4,29561"
2026-05-14T20:46:00.000+07:00,"29560.4,29576.8,29550.4,29554.9"
2026-05-14T20:47:00.000+07:00,"29554.8,29568.5,29551.1,29566.9"
2026-05-14T20:48:00.000+07:00,"29566.7,29567.8,29542.7,29545.1"
2026-05-14T20:49:00.000+07:00,"29544.9,29580.7,29539.2,29565.5"
2026-05-14T20:50:00.000+07:00,"29566.2,29586,29536.8,29541.8"
2026-05-14T20:51:00.000+07:00,"29541.9,29556.2,29528.9,29549.8"
2026-05-14T20:52:00.000+07:00,"29549.9,29553.2,29521.8,29548.5"
2026-05-14T20:53:00.000+07:00,"29549,29550.4,29520.8,29531.9"
2026-05-14T20:54:00.000+07:00,"29532.3,29537.5,29503.4,29505.5"
2026-05-14T20:55:00.000+07:00,"29505.3,29505.3,29480.9,29498.5"
2026-05-14T20:56:00.000+07:00,"29500.4,29519.9,29496.1,29504.9"
2026-05-14T20:57:00.000+07:00,"29502.4,29514.6,29486.9,29494.1"
2026-05-14T20:58:00.000+07:00,"29494,29505.6,29476.7,29478.4"
2026-05-14T20:59:00.000+07:00,"29478.6,29481.2,29422,29436.4"
2026-05-14T21:00:00.000+07:00,"29437.3,29489.2,29430.9,29488.4"
2026-05-14T21:01:00.000+07:00,"29488.6,29511.6,29485,29510.5"
2026-05-14T21:02:00.000+07:00,"29509.7,29511.9,29484,29485.9"
2026-05-14T21:03:00.000+07:00,"29485.5,29492.5,29464.5,29482.7"
2026-05-14T21:04:00.000+07:00,"29483,29494.3,29479.7,29491.5"
2026-05-14T21:05:00.000+07:00,"29492,29501.5,29472,29489.4"
2026-05-14T21:06:00.000+07:00,"29489.2,29492.9,29473.2,29480"
2026-05-14T21:07:00.000+07:00,"29480.1,29490.1,29457.3,29461"
2026-05-14T21:08:00.000+07:00,"29461.5,29462.2,29438.4,29454.1"
2026-05-14T21:09:00.000+07:00,"29453.7,29465.4,29445.8,29447"
2026-05-14T21:10:00.000+07:00,"29448.1,29461.5,29444.6,29455.1"
2026-05-14T21:11:00.000+07:00,"29455.2,29471.1,29435,29471.1"
2026-05-14T21:12:00.000+07:00,"29471.5,29482.7,29459.5,29482"
2026-05-14T21:13:00.000+07:00,"29480.9,29491.8,29476.6,29487.3"
2026-05-14T21:14:00.000+07:00,"29487.4,29491.1,29479.5,29479.6"
2026-05-14T21:15:00.000+07:00,"29478.1,29508.9,29475.7,29503.2"
2026-05-14T21:16:00.000+07:00,"29503.1,29512.7,29499.6,29512.7"
2026-05-14T21:17:00.000+07:00,"29512.6,29513.8,29488.9,29508.6"
2026-05-14T21:18:00.000+07:00,"29508.9,29523.3,29508.1,29519.5"
2026-05-14T21:19:00.000+07:00,"29519.6,29536.6,29519.3,29532.5"
2026-05-14T21:20:00.000+07:00,"29531.8,29552.6,29530.1,29541.1"
2026-05-14T21:21:00.000+07:00,"29541.2,29547.9,29532.1,29537.5"
2026-05-14T21:22:00.000+07:00,"29538,29560.8,29527.4,29555.8"
2026-05-14T21:23:00.000+07:00,"29555.3,29561.9,29546.4,29551.1"
2026-05-14T21:24:00.000+07:00,"29551.3,29551.9,29518.2,29527.2"
2026-05-14T21:25:00.000+07:00,"29527.5,29532.7,29505,29506"
2026-05-14T21:26:00.000+07:00,"29506.1,29518.6,29504.2,29516.4"
2026-05-14T21:27:00.000+07:00,"29516.1,29521.6,29500.9,29501.3"
2026-05-14T21:28:00.000+07:00,"29501,29513.6,29493.5,29510.9"
2026-05-14T21:29:00.000+07:00,"29511.4,29519.9,29492.3,29519.7"
2026-05-14T21:30:00.000+07:00,"29520.8,29527.3,29507.8,29521.6"
2026-05-14T21:31:00.000+07:00,"29521.2,29531.1,29519.7,29525.8"
2026-05-14T21:32:00.000+07:00,"29526,29530.8,29505.8,29516.6"
2026-05-14T21:33:00.000+07:00,"29516.3,29519.8,29507.2,29515.9"
2026-05-14T21:34:00.000+07:00,"29516.1,29530.1,29512.5,29529.1"
2026-05-14T21:35:00.000+07:00,"29529.5,29542.7,29521.4,29539.6"
2026-05-14T21:36:00.000+07:00,"29539.7,29555.4,29533.8,29550.3"
2026-05-14T21:37:00.000+07:00,"29550.4,29560.7,29539.8,29559.3"
2026-05-14T21:38:00.000+07:00,"29560.5,29570.3,29559.1,29565.1"
2026-05-14T21:39:00.000+07:00,"29565.5,29576.5,29565.5,29574.9"
2026-05-14T21:40:00.000+07:00,"29574.8,29583.3,29564.2,29575.4"
2026-05-14T21:41:00.000+07:00,"29575.5,29580.1,29570,29578.7"
2026-05-14T21:42:00.000+07:00,"29577.9,29582.9,29567,29569.6"
2026-05-14T21:43:00.000+07:00,"29570.2,29582.4,29562.7,29577.2"
2026-05-14T21:44:00.000+07:00,"29578.1,29583.5,29572.8,29583.5"
2026-05-14T21:45:00.000+07:00,"29584,29594.7,29583.8,29585.7"
2026-05-14T21:46:00.000+07:00,"29585.2,29595.1,29582.9,29593.3"
2026-05-14T21:47:00.000+07:00,"29593.6,29605,29589.8,29599.2"
2026-05-14T21:48:00.000+07:00,"29599.1,29601.7,29586.4,29593.3"
2026-05-14T21:49:00.000+07:00,"29593.4,29604.8,29591.6,29604.8"
2026-05-14T21:50:00.000+07:00,"29604.9,29624.8,29602.3,29623.8"
2026-05-14T21:51:00.000+07:00,"29623.7,29625.6,29610.9,29621.2"
2026-05-14T21:52:00.000+07:00,"29620.6,29624.7,29604.8,29609.3"
2026-05-14T21:53:00.000+07:00,"29609.1,29618.3,29597.1,29597.2"
2026-05-14T21:54:00.000+07:00,"29597.3,29600.1,29581.2,29596.3"
2026-05-14T21:55:00.000+07:00,"29596.4,29604.2,29585.5,29593.6"
2026-05-14T21:56:00.000+07:00,"29594.3,29596.2,29583.6,29588.5"
2026-05-14T21:57:00.000+07:00,"29588.7,29599,29587.1,29596.2"
2026-05-14T21:58:00.000+07:00,"29596.1,29600.1,29581.9,29582.9"
2026-05-14T21:59:00.000+07:00,"29583,29583,29561.4,29571.4"
2026-05-14T22:00:00.000+07:00,"29571.6,29581.4,29563.1,29572.6"
2026-05-14T22:01:00.000+07:00,"29572.7,29591,29572.7,29591"
2026-05-14T22:02:00.000+07:00,"29591.4,29601.8,29589.6,29594.7"
2026-05-14T22:03:00.000+07:00,"29594.6,29604.5,29593,29600.4"
2026-05-14T22:04:00.000+07:00,"29600.3,29602.9,29579.4,29579.5"
2026-05-14T22:05:00.000+07:00,"29579.3,29590.9,29574.1,29587.7"
2026-05-14T22:06:00.000+07:00,"29587.6,29597.5,29585.6,29596"
2026-05-14T22:07:00.000+07:00,"29595.9,29611.3,29593.9,29609.2"
2026-05-14T22:08:00.000+07:00,"29609.3,29614.1,29604.6,29610.4"
2026-05-14T22:09:00.000+07:00,"29610,29615.4,29607.2,29614.4"
2026-05-14T22:10:00.000+07:00,"29615.5,29625.4,29612.1,29623.4"
2026-05-14T22:11:00.000+07:00,"29623.5,29623.5,29605.6,29617.5"
2026-05-14T22:12:00.000+07:00,"29617.3,29619.8,29610.4,29617.8"
2026-05-14T22:13:00.000+07:00,"29617.7,29619.5,29612.4,29618"
2026-05-14T22:14:00.000+07:00,"29617.9,29633,29615.3,29631.2"
2026-05-14T22:15:00.000+07:00,"29630.8,29641.8,29629.5,29638.1"
2026-05-14T22:16:00.000+07:00,"29638.6,29646.8,29635.7,29637.2"
2026-05-14T22:17:00.000+07:00,"29637.5,29644,29632.9,29638.3"
2026-05-14T22:18:00.000+07:00,"29638.2,29657.3,29636.6,29651.7"
2026-05-14T22:19:00.000+07:00,"29651.3,29654.2,29647.1,29650.2"
2026-05-14T22:20:00.000+07:00,"29650,29665.1,29643.2,29660.2"
2026-05-14T22:21:00.000+07:00,"29660,29660.3,29644.4,29645.1"
2026-05-14T22:22:00.000+07:00,"29645.2,29649.9,29638.1,29644.6"
2026-05-14T22:23:00.000+07:00,"29644.7,29647.4,29635.3,29643.2"
2026-05-14T22:24:00.000+07:00,"29643,29655.6,29643,29651.5"
2026-05-14T22:25:00.000+07:00,"29651.9,29663.8,29650.7,29660.1"
2026-05-14T22:26:00.000+07:00,"29659.9,29667.8,29659.1,29665.6"
2026-05-14T22:27:00.000+07:00,"29665.5,29671.1,29660.6,29668"
2026-05-14T22:28:00.000+07:00,"29668.1,29671.5,29665.5,29670"
2026-05-14T22:29:00.000+07:00,"29670.5,29670.5,29652.1,29653.5"
2026-05-14T22:30:00.000+07:00,"29653.7,29662.9,29647.7,29660.2"
2026-05-14T22:31:00.000+07:00,"29660.4,29665.2,29657.6,29662.6"
2026-05-14T22:32:00.000+07:00,"29661.3,29664,29651.9,29652.2"
2026-05-14T22:33:00.000+07:00,"29652.3,29654.8,29644,29644"
2026-05-14T22:34:00.000+07:00,"29643.8,29646.9,29632.4,29641.2"
2026-05-14T22:35:00.000+07:00,"29641.1,29643.1,29633.2,29635.8"
2026-05-14T22:36:00.000+07:00,"29635.6,29649.4,29634.5,29642.4"
2026-05-14T22:37:00.000+07:00,"29642.6,29650.5,29642.2,29647.3"
2026-05-14T22:38:00.000+07:00,"29647.6,29647.6,29627.7,29631.3"
2026-05-14T22:39:00.000+07:00,"29631.2,29642.3,29624.6,29637.7"
2026-05-14T22:40:00.000+07:00,"29637.9,29646,29626.8,29632.5"
2026-05-14T22:41:00.000+07:00,"29632.1,29646.4,29632.1,29645.6"
2026-05-14T22:42:00.000+07:00,"29645.5,29651.4,29639.2,29647.8"
2026-05-14T22:43:00.000+07:00,"29647.6,29651.8,29642.8,29644.9"
2026-05-14T22:44:00.000+07:00,"29644.6,29648.4,29635.9,29648"
2026-05-14T22:45:00.000+07:00,"29648.1,29650,29641.9,29646.5"
2026-05-14T22:46:00.000+07:00,"29646.7,29650.1,29636,29636.8"
2026-05-14T22:47:00.000+07:00,"29636.9,29641.3,29630,29637.6"
2026-05-14T22:48:00.000+07:00,"29637.5,29643,29634.4,29637.7"
2026-05-14T22:49:00.000+07:00,"29637.5,29642.9,29630.8,29642.3"
2026-05-14T22:50:00.000+07:00,"29641.8,29646.2,29637.1,29644"
2026-05-14T22:51:00.000+07:00,"29644.1,29646.8,29639.7,29640.9"
2026-05-14T22:52:00.000+07:00,"29640.4,29645.5,29638,29639.4"
2026-05-14T22:53:00.000+07:00,"29639.3,29645,29638.1,29641.8"
2026-05-14T22:54:00.000+07:00,"29641.4,29653.2,29641.4,29651.1"
2026-05-14T22:55:00.000+07:00,"29650.5,29659,29650.4,29653.2"
2026-05-14T22:56:00.000+07:00,"29653.3,29660,29652.3,29657.6"
2026-05-14T22:57:00.000+07:00,"29657.8,29665.3,29655.5,29663.1"
2026-05-14T22:58:00.000+07:00,"29663.2,29665.6,29659.8,29662"
2026-05-14T22:59:00.000+07:00,"29661.6,29663.4,29649,29651.3"
2026-05-14T23:00:00.000+07:00,"29651.1,29665,29648.2,29661.1"
2026-05-14T23:01:00.000+07:00,"29661.2,29664.9,29659.7,29662.3"
2026-05-14T23:02:00.000+07:00,"29662.5,29664.2,29655.7,29659.7"
2026-05-14T23:03:00.000+07:00,"29660,29661.5,29656.6,29660.6"
2026-05-14T23:04:00.000+07:00,"29660.1,29668.8,29659.7,29667.4"
2026-05-14T23:05:00.000+07:00,"29667.3,29672.5,29663.1,29672.5"
2026-05-14T23:06:00.000+07:00,"29673,29674.4,29656.9,29661"
2026-05-14T23:07:00.000+07:00,"29661.1,29666.5,29658.7,29663.2"
2026-05-14T23:08:00.000+07:00,"29663.4,29666.2,29661.6,29661.8"
2026-05-14T23:09:00.000+07:00,"29661.3,29664.2,29657.6,29660.7"
2026-05-14T23:10:00.000+07:00,"29660.2,29673.3,29658.7,29669"
2026-05-14T23:11:00.000+07:00,"29669.2,29676.9,29669.1,29670.3"
2026-05-14T23:12:00.000+07:00,"29670,29677.1,29665.8,29670.2"
2026-05-14T23:13:00.000+07:00,"29670.3,29672.2,29662.3,29663.2"
2026-05-14T23:14:00.000+07:00,"29663.3,29665.2,29648.5,29652"
2026-05-14T23:15:00.000+07:00,"29651.8,29663.6,29650.9,29662.9"
2026-05-14T23:16:00.000+07:00,"29662.7,29667.7,29658.5,29667.2"
2026-05-14T23:17:00.000+07:00,"29666.9,29672.7,29665.7,29669.2"
2026-05-14T23:18:00.000+07:00,"29669.1,29672.6,29667.3,29669.2"
2026-05-14T23:19:00.000+07:00,"29669.1,29669.2,29643.4,29647.5"
2026-05-14T23:20:00.000+07:00,"29647.8,29657.9,29646,29657.7"
2026-05-14T23:21:00.000+07:00,"29657.3,29676.6,29654.8,29674.7"
2026-05-14T23:22:00.000+07:00,"29675,29676.2,29660.8,29661.4"
2026-05-14T23:23:00.000+07:00,"29662.9,29667.2,29654.7,29655.8"
2026-05-14T23:24:00.000+07:00,"29655.9,29660.6,29651.1,29654.3"
2026-05-14T23:25:00.000+07:00,"29654.2,29660.6,29647.2,29653.6"
2026-05-14T23:26:00.000+07:00,"29653.5,29654.9,29625.5,29626.7"
2026-05-14T23:27:00.000+07:00,"29625.6,29643.6,29622.9,29639.4"
2026-05-14T23:28:00.000+07:00,"29639.9,29640.8,29624.2,29624.4"
2026-05-14T23:29:00.000+07:00,"29625.6,29629.8,29610.5,29622.6"
2026-05-14T23:30:00.000+07:00,"29622.4,29636.5,29617.5,29633"
2026-05-14T23:31:00.000+07:00,"29632.7,29638.7,29625.4,29629.4"
2026-05-14T23:32:00.000+07:00,"29629.2,29633.2,29615.1,29615.8"
2026-05-14T23:33:00.000+07:00,"29616.4,29618.1,29596,29601.2"
2026-05-14T23:34:00.000+07:00,"29602.1,29612.6,29593.1,29601.4"
2026-05-14T23:35:00.000+07:00,"29601.3,29616,29600.4,29607.8"
2026-05-14T23:36:00.000+07:00,"29607.5,29618.7,29606.9,29616.1"
2026-05-14T23:37:00.000+07:00,"29616.7,29618,29603.9,29605.7"
2026-05-14T23:38:00.000+07:00,"29606.1,29614.9,29606,29614.9"
2026-05-14T23:39:00.000+07:00,"29614.6,29621.9,29611.3,29618.7"
2026-05-14T23:40:00.000+07:00,"29619.8,29630.4,29617.4,29627.2"
2026-05-14T23:41:00.000+07:00,"29627.5,29635.7,29614.8,29635.2"
2026-05-14T23:42:00.000+07:00,"29635.3,29638.7,29631.1,29635"
2026-05-14T23:43:00.000+07:00,"29634.9,29635.8,29626.5,29630.9"
2026-05-14T23:44:00.000+07:00,"29631,29631.7,29611,29614.6"
2026-05-14T23:45:00.000+07:00,"29614.8,29624.6,29591.4,29611.7"
2026-05-14T23:46:00.000+07:00,"29612,29618.4,29599.1,29617.8"
2026-05-14T23:47:00.000+07:00,"29617.6,29633.3,29615,29633.3"
2026-05-14T23:48:00.000+07:00,"29633.1,29634.6,29623.8,29630.5"
2026-05-14T23:49:00.000+07:00,"29630.6,29632.4,29625.4,29627.7"
2026-05-14T23:50:00.000+07:00,"29628,29630.4,29611.2,29613.7"
2026-05-14T23:51:00.000+07:00,"29613.6,29618.8,29603.3,29617.5"
2026-05-14T23:52:00.000+07:00,"29617.8,29620.7,29610.9,29615.9"
2026-05-14T23:53:00.000+07:00,"29616,29621.8,29610.5,29612.8"
2026-05-14T23:54:00.000+07:00,"29613.3,29627.2,29606.8,29626.2"
2026-05-14T23:55:00.000+07:00,"29627.2,29629.9,29620.5,29621.7"
2026-05-14T23:56:00.000+07:00,"29621.9,29622,29591.7,29611.2"
2026-05-14T23:57:00.000+07:00,"29611.3,29616.4,29605.3,29614.9"
2026-05-14T23:58:00.000+07:00,"29615,29619.9,29608.7,29618.1"
2026-05-14T23:59:00.000+07:00,"29618.3,29623.8,29614.3,29623"
2026-05-15T00:00:00.000+07:00,"29622.8,29644.6,29622.8,29638.8"
2026-05-15T00:01:00.000+07:00,"29638.6,29643.6,29634.1,29638"
2026-05-15T00:02:00.000+07:00,"29638.1,29644.3,29635.7,29639.8"
2026-05-15T00:03:00.000+07:00,"29639.7,29647.3,29638.5,29643.8"
2026-05-15T00:04:00.000+07:00,"29643.9,29651.1,29639.1,29642"
2026-05-15T00:05:00.000+07:00,"29641.9,29642.6,29629.4,29629.5"
2026-05-15T00:06:00.000+07:00,"29629.6,29631.8,29609.8,29618.5"
2026-05-15T00:07:00.000+07:00,"29616.8,29618.7,29601.9,29611.7"
2026-05-15T00:08:00.000+07:00,"29611.6,29612.3,29592.4,29600.1"
2026-05-15T00:09:00.000+07:00,"29600.6,29601,29583.9,29585.9"
2026-05-15T00:10:00.000+07:00,"29583.6,29597.2,29566.3,29593.7"
2026-05-15T00:11:00.000+07:00,"29594.2,29601.8,29590.2,29598.7"
2026-05-15T00:12:00.000+07:00,"29598.9,29599,29579.2,29582.2"
2026-05-15T00:13:00.000+07:00,"29582,29589.7,29575.8,29583.8"
2026-05-15T00:14:00.000+07:00,"29583.3,29586.6,29547.4,29555.9"
2026-05-15T00:15:00.000+07:00,"29556,29566.2,29537.6,29543.3"
2026-05-15T00:16:00.000+07:00,"29542.3,29545.6,29512.5,29519.3"
2026-05-15T00:17:00.000+07:00,"29521.7,29534.8,29509.6,29528.1"
2026-05-15T00:18:00.000+07:00,"29528.2,29529.3,29507.6,29508.9"
2026-05-15T00:19:00.000+07:00,"29509,29519.9,29501.5,29512.3"
2026-05-15T00:20:00.000+07:00,"29511.4,29536.7,29510.8,29532.8"
2026-05-15T00:21:00.000+07:00,"29532.5,29548.4,29520.2,29523.2"
2026-05-15T00:22:00.000+07:00,"29523.1,29549.5,29520.9,29548.8"
2026-05-15T00:23:00.000+07:00,"29548.9,29550.4,29531.4,29539"
2026-05-15T00:24:00.000+07:00,"29538.7,29538.7,29516.6,29521.8"
2026-05-15T00:25:00.000+07:00,"29521.9,29525.4,29501.1,29513.3"
2026-05-15T00:26:00.000+07:00,"29513.1,29524.4,29492.6,29512.3"
2026-05-15T00:27:00.000+07:00,"29512.2,29525.2,29509.4,29524.6"
2026-05-15T00:28:00.000+07:00,"29524.3,29533.8,29520.1,29530.2"
2026-05-15T00:29:00.000+07:00,"29530.1,29544.8,29522.8,29544"
2026-05-15T00:30:00.000+07:00,"29543.5,29560.9,29533,29557.9"
2026-05-15T00:31:00.000+07:00,"29557.8,29570.1,29557.6,29562.7"
2026-05-15T00:32:00.000+07:00,"29562.9,29567.9,29555.6,29564.7"
2026-05-15T00:33:00.000+07:00,"29565.1,29569.8,29543.8,29547.3"
2026-05-15T00:34:00.000+07:00,"29547.5,29558.7,29542.8,29550.3"
2026-05-15T00:35:00.000+07:00,"29550.4,29568.8,29548.9,29566.3"
2026-05-15T00:36:00.000+07:00,"29566.5,29568.6,29557.8,29563.6"
2026-05-15T00:37:00.000+07:00,"29563,29573.1,29561.1,29571.2"
2026-05-15T00:38:00.000+07:00,"29571.5,29584.4,29564.2,29583.3"
2026-05-15T00:39:00.000+07:00,"29583.5,29588.8,29582.2,29582.2"
2026-05-15T00:40:00.000+07:00,"29582.1,29598.5,29581.9,29593.1"
2026-05-15T00:41:00.000+07:00,"29592.6,29596.2,29587.2,29587.3"
2026-05-15T00:42:00.000+07:00,"29586.8,29595.7,29583.6,29589.9"
2026-05-15T00:43:00.000+07:00,"29588.7,29595.9,29585.8,29587.4"
2026-05-15T00:44:00.000+07:00,"29586.5,29593.9,29575.4,29593.1"
2026-05-15T00:45:00.000+07:00,"29593.6,29608.5,29593.6,29608.5"
2026-05-15T00:46:00.000+07:00,"29608.6,29623.3,29605.3,29611.7"
2026-05-15T00:47:00.000+07:00,"29612.6,29615.5,29606.6,29609.7"
2026-05-15T00:48:00.000+07:00,"29609.6,29622.5,29608.7,29618.8"
2026-05-15T00:49:00.000+07:00,"29618.9,29626.7,29618.9,29622.4"
2026-05-15T00:50:00.000+07:00,"29622.6,29631.5,29618.4,29624.6"
2026-05-15T00:51:00.000+07:00,"29624.5,29632.5,29619.9,29626.7"
2026-05-15T00:52:00.000+07:00,"29626.8,29629.8,29617.3,29622.5"
2026-05-15T00:53:00.000+07:00,"29622.3,29641.7,29621.9,29639.4"
2026-05-15T00:54:00.000+07:00,"29639,29639.1,29628.4,29631.9"
2026-05-15T00:55:00.000+07:00,"29631.8,29645.5,29631.8,29644.1"
2026-05-15T00:56:00.000+07:00,"29644.5,29648.2,29638.3,29641.5"
2026-05-15T00:57:00.000+07:00,"29641.6,29644.6,29635.8,29641.2"
2026-05-15T00:58:00.000+07:00,"29641.3,29642,29632.8,29636.9"
2026-05-15T00:59:00.000+07:00,"29637,29637.4,29626,29627.2"
2026-05-15T01:00:00.000+07:00,"29626.6,29626.6,29590.8,29592.5"
2026-05-15T01:01:00.000+07:00,"29592.6,29599.9,29554.1,29561.7"
2026-05-15T01:02:00.000+07:00,"29563.2,29576.4,29561,29568.6"
2026-05-15T01:03:00.000+07:00,"29568.2,29568.2,29541.8,29551.4"
2026-05-15T01:04:00.000+07:00,"29551.5,29557,29537.3,29549.9"
2026-05-15T01:05:00.000+07:00,"29550.7,29566.9,29545,29558.5"
2026-05-15T01:06:00.000+07:00,"29559,29568,29552.5,29564.1"
2026-05-15T01:07:00.000+07:00,"29564.5,29566,29547.1,29552"
2026-05-15T01:08:00.000+07:00,"29551.9,29556.8,29546.4,29554"
2026-05-15T01:09:00.000+07:00,"29553.8,29558.1,29549.3,29556.6"
2026-05-15T01:10:00.000+07:00,"29556,29559.2,29545.6,29555.9"
2026-05-15T01:11:00.000+07:00,"29556.6,29589.9,29555.9,29583.9"
2026-05-15T01:12:00.000+07:00,"29584.3,29586.1,29575.5,29578.8"
2026-05-15T01:13:00.000+07:00,"29578.2,29583.7,29569.4,29572.6"
2026-05-15T01:14:00.000+07:00,"29573.7,29585,29572.6,29584.7"
2026-05-15T01:15:00.000+07:00,"29584.4,29601.1,29582,29599.3"
2026-05-15T01:16:00.000+07:00,"29599.4,29603.2,29580.3,29582.4"
2026-05-15T01:17:00.000+07:00,"29582.3,29592.6,29575.9,29586"
2026-05-15T01:18:00.000+07:00,"29585.8,29588.6,29580.5,29586.5"
2026-05-15T01:19:00.000+07:00,"29586.4,29601,29584.7,29598.5"
2026-05-15T01:20:00.000+07:00,"29599.1,29602.7,29589.9,29594.6"
2026-05-15T01:21:00.000+07:00,"29594.8,29597.1,29586,29588.3"
2026-05-15T01:22:00.000+07:00,"29588.6,29594,29583.6,29586.7"
2026-05-15T01:23:00.000+07:00,"29586.9,29589.1,29572.7,29576.1"
2026-05-15T01:24:00.000+07:00,"29576.2,29581,29566.4,29573.2"
2026-05-15T01:25:00.000+07:00,"29573,29580.7,29569.9,29570.4"
2026-05-15T01:26:00.000+07:00,"29570.2,29574,29559.6,29563.9"
2026-05-15T01:27:00.000+07:00,"29563.7,29568.8,29561.1,29562.7"
2026-05-15T01:28:00.000+07:00,"29562.5,29570.6,29556.3,29563.1"
2026-05-15T01:29:00.000+07:00,"29563,29576.9,29560.6,29570.4"
2026-05-15T01:30:00.000+07:00,"29569.8,29590.6,29569.8,29588.9"
2026-05-15T01:31:00.000+07:00,"29588.4,29590.5,29579.5,29579.7"
2026-05-15T01:32:00.000+07:00,"29579.3,29589.9,29577.7,29589.2"
2026-05-15T01:33:00.000+07:00,"29589.4,29594.8,29583.3,29591.3"
2026-05-15T01:34:00.000+07:00,"29591.2,29592,29582.7,29583.6"
2026-05-15T01:35:00.000+07:00,"29583.4,29590,29582.7,29585.5"
2026-05-15T01:36:00.000+07:00,"29585.6,29588,29570.4,29572"
2026-05-15T01:37:00.000+07:00,"29572.1,29580.6,29572,29577.4"
2026-05-15T01:38:00.000+07:00,"29577.3,29583.8,29575.2,29583.3"
2026-05-15T01:39:00.000+07:00,"29583.1,29584.4,29576.7,29579.5"
2026-05-15T01:40:00.000+07:00,"29578.9,29583.1,29555.2,29555.2"
2026-05-15T01:41:00.000+07:00,"29555.7,29572.9,29551.5,29570.8"
2026-05-15T01:42:00.000+07:00,"29570.6,29576.2,29570.2,29570.8"
2026-05-15T01:43:00.000+07:00,"29570.6,29577.6,29567.5,29575.6"
2026-05-15T01:44:00.000+07:00,"29575.3,29576.8,29566.4,29568.4"
2026-05-15T01:45:00.000+07:00,"29568.5,29568.5,29553.4,29558.2"
2026-05-15T01:46:00.000+07:00,"29558.3,29567.6,29553.6,29567.2"
2026-05-15T01:47:00.000+07:00,"29567.3,29578.5,29561.2,29577.1"
2026-05-15T01:48:00.000+07:00,"29577.6,29583.4,29577.2,29583.3"
2026-05-15T01:49:00.000+07:00,"29583.1,29584.8,29578.3,29579.9"
2026-05-15T01:50:00.000+07:00,"29579.7,29592.7,29579.6,29592.4"
2026-05-15T01:51:00.000+07:00,"29592,29596.8,29588.8,29591.9"
2026-05-15T01:52:00.000+07:00,"29591.8,29596.7,29590.6,29593.4"
2026-05-15T01:53:00.000+07:00,"29593.1,29593.3,29582.2,29591"
2026-05-15T01:54:00.000+07:00,"29590.9,29596.5,29590.1,29592.7"
2026-05-15T01:55:00.000+07:00,"29592.8,29602.8,29590,29602.3"
2026-05-15T01:56:00.000+07:00,"29602.4,29613.3,29601,29610.4"
2026-05-15T01:57:00.000+07:00,"29610.5,29612.1,29605.1,29605.8"
2026-05-15T01:58:00.000+07:00,"29605.9,29607.8,29601.1,29605.5"
2026-05-15T01:59:00.000+07:00,"29605.6,29607.1,29593.9,29603.7"
2026-05-15T02:00:00.000+07:00,"29603.6,29622.4,29603.3,29620.9"
2026-05-15T02:01:00.000+07:00,"29620.8,29627.7,29614.4,29618.1"
2026-05-15T02:02:00.000+07:00,"29618.3,29621.5,29612,29615.5"
2026-05-15T02:03:00.000+07:00,"29615,29617.9,29605.8,29613"
2026-05-15T02:04:00.000+07:00,"29613.6,29618,29608.5,29617.3"
2026-05-15T02:05:00.000+07:00,"29617.8,29624.9,29613.2,29621"
2026-05-15T02:06:00.000+07:00,"29620.8,29622,29611.6,29611.8"
2026-05-15T02:07:00.000+07:00,"29611.7,29614.6,29604.7,29606.4"
2026-05-15T02:08:00.000+07:00,"29606.6,29613.5,29599.8,29612.9"
2026-05-15T02:09:00.000+07:00,"29612.5,29618,29611.7,29616.5"
2026-05-15T02:10:00.000+07:00,"29617.3,29620.3,29612.3,29613.9"
2026-05-15T02:11:00.000+07:00,"29613.8,29620,29613.3,29618.8"
2026-05-15T02:12:00.000+07:00,"29619.3,29622.9,29611.1,29612.8"
2026-05-15T02:13:00.000+07:00,"29612.7,29612.7,29597.1,29597.8"
2026-05-15T02:14:00.000+07:00,"29597.7,29603.9,29589.1,29603"
2026-05-15T02:15:00.000+07:00,"29603.1,29609.4,29597.4,29604.2"
2026-05-15T02:16:00.000+07:00,"29605.1,29608.8,29602.7,29608.5"
2026-05-15T02:17:00.000+07:00,"29608.9,29611,29604,29608.1"
2026-05-15T02:18:00.000+07:00,"29608.3,29612,29606.7,29609.9"
2026-05-15T02:19:00.000+07:00,"29610.1,29612.5,29602.6,29607.6"
2026-05-15T02:20:00.000+07:00,"29607.5,29615.3,29605.5,29614.1"
2026-05-15T02:21:00.000+07:00,"29614.2,29621,29610.6,29617.8"
2026-05-15T02:22:00.000+07:00,"29618,29629.1,29617.6,29627.9"
2026-05-15T02:23:00.000+07:00,"29628.1,29629.4,29615.5,29615.5"
2026-05-15T02:24:00.000+07:00,"29615.7,29616.5,29606.2,29614.4"
2026-05-15T02:25:00.000+07:00,"29614.5,29615.7,29609.3,29612.7"
2026-05-15T02:26:00.000+07:00,"29612.6,29613.9,29607.3,29611.9"
2026-05-15T02:27:00.000+07:00,"29611.6,29615.9,29605.3,29607.5"
2026-05-15T02:28:00.000+07:00,"29608.7,29612.5,29598.2,29598.2"
2026-05-15T02:29:00.000+07:00,"29597.2,29605.7,29592.1,29595.6"
2026-05-15T02:30:00.000+07:00,"29595,29607.8,29592.7,29607.5"
2026-05-15T02:31:00.000+07:00,"29607.7,29618.3,29606.2,29613.2"
2026-05-15T02:32:00.000+07:00,"29613,29617.1,29608.3,29612.2"
2026-05-15T02:33:00.000+07:00,"29612.7,29616.9,29609.5,29612.3"
2026-05-15T02:34:00.000+07:00,"29612.5,29615.5,29604.8,29605.5"
2026-05-15T02:35:00.000+07:00,"29605.4,29606.2,29597,29600.3"
2026-05-15T02:36:00.000+07:00,"29600.6,29609.6,29600.2,29608.5"
2026-05-15T02:37:00.000+07:00,"29608.7,29615.4,29608.1,29613.9"
2026-05-15T02:38:00.000+07:00,"29613.8,29615.1,29609.5,29613.3"
2026-05-15T02:39:00.000+07:00,"29613.1,29616.7,29611.6,29612.7"
2026-05-15T02:40:00.000+07:00,"29612.8,29627,29612.2,29624.7"
2026-05-15T02:41:00.000+07:00,"29624.9,29625.8,29611.9,29617.4"
2026-05-15T02:42:00.000+07:00,"29617.5,29629.9,29616.7,29624.1"
2026-05-15T02:43:00.000+07:00,"29623.6,29625.2,29615.9,29616.6"
2026-05-15T02:44:00.000+07:00,"29617.2,29624.2,29615.6,29623.1"
2026-05-15T02:45:00.000+07:00,"29622.9,29622.9,29608.8,29609"
2026-05-15T02:46:00.000+07:00,"29609.1,29618.5,29608.8,29617.6"
2026-05-15T02:47:00.000+07:00,"29617.7,29622.2,29615.2,29621.5"
2026-05-15T02:48:00.000+07:00,"29621.6,29625.2,29619.6,29623.7"
2026-05-15T02:49:00.000+07:00,"29623.6,29626.1,29612.3,29612.7"
2026-05-15T02:50:00.000+07:00,"29613.6,29615.4,29595.7,29597.1"
2026-05-15T02:51:00.000+07:00,"29596.9,29598.8,29587.3,29589.9"
2026-05-15T02:52:00.000+07:00,"29590.4,29600.2,29589.7,29595"
2026-05-15T02:53:00.000+07:00,"29595.1,29607.8,29595.1,29607"
2026-05-15T02:54:00.000+07:00,"29607.4,29608.2,29597.8,29605.4"
2026-05-15T02:55:00.000+07:00,"29605.5,29607.4,29583.9,29591.7"
2026-05-15T02:56:00.000+07:00,"29592.3,29593.1,29584.1,29590.5"
2026-05-15T02:57:00.000+07:00,"29590.4,29595,29586,29587"
2026-05-15T02:58:00.000+07:00,"29586.9,29588.8,29581.2,29585.3"
2026-05-15T02:59:00.000+07:00,"29585.4,29590.7,29575.4,29582.8"
2026-05-15T03:00:00.000+07:00,"29581.8,29594.7,29579.8,29588.2"
2026-05-15T03:01:00.000+07:00,"29588,29619,29588,29610.8"
2026-05-15T03:02:00.000+07:00,"29611.3,29618.4,29610.8,29616.2"
2026-05-15T03:03:00.000+07:00,"29614.9,29622.6,29605.9,29616.5"
2026-05-15T03:04:00.000+07:00,"29616.3,29632.6,29615.5,29626.5"
2026-05-15T03:05:00.000+07:00,"29624.7,29624.7,29615.5,29617.1"
2026-05-15T03:06:00.000+07:00,"29617.9,29618.2,29613.7,29614.4"
2026-05-15T03:07:00.000+07:00,"29614.9,29620.4,29613.7,29614.3"
2026-05-15T03:08:00.000+07:00,"29614,29615.5,29607.4,29607.6"
2026-05-15T03:09:00.000+07:00,"29608.1,29610.9,29600.2,29601.9"
2026-05-15T03:10:00.000+07:00,"29602.6,29613.9,29601.9,29613.7"
2026-05-15T03:11:00.000+07:00,"29614.4,29614.4,29606.7,29607.3"
2026-05-15T03:12:00.000+07:00,"29606,29612.2,29605.4,29607.2"
2026-05-15T03:13:00.000+07:00,"29607.7,29614.7,29607.5,29614.1"
2026-05-15T03:14:00.000+07:00,"29614.4,29614.4,29601.3,29603.9"
2026-05-15T03:15:00.000+07:00,"29603.1,29607.2,29596.3,29597.7"
2026-05-15T03:16:00.000+07:00,"29595.4,29599.6,29574.5,29585.2"
2026-05-15T03:17:00.000+07:00,"29584.9,29595.4,29583.5,29592.2"
2026-05-15T03:18:00.000+07:00,"29592.9,29594.3,29587.4,29593.9"
2026-05-15T03:19:00.000+07:00,"29593.7,29593.7,29587,29587"
2026-05-15T03:20:00.000+07:00,"29586.7,29598.5,29586.6,29597.3"
2026-05-15T03:21:00.000+07:00,"29597.8,29599.4,29589.9,29590.2"
2026-05-15T03:22:00.000+07:00,"29590,29590.2,29572.8,29573.7"
2026-05-15T03:23:00.000+07:00,"29574,29579.6,29569,29573.2"
2026-05-15T03:24:00.000+07:00,"29573.7,29586.4,29573.3,29584.1"
2026-05-15T03:25:00.000+07:00,"29582.6,29583.6,29576.8,29578.3"
2026-05-15T03:26:00.000+07:00,"29576.5,29580.6,29575.3,29579.6"
2026-05-15T03:27:00.000+07:00,"29580.1,29583.7,29574.5,29576"
2026-05-15T03:28:00.000+07:00,"29576.5,29579,29573.7,29574.9"
2026-05-15T03:29:00.000+07:00,"29574.5,29578.5,29573.8,29578.5"
2026-05-15T03:30:00.000+07:00,"29578.7,29588.5,29575.2,29586.7"
2026-05-15T03:31:00.000+07:00,"29586.5,29587.5,29578.3,29578.3"
2026-05-15T03:32:00.000+07:00,"29579.3,29582.8,29578,29581.3"
2026-05-15T03:33:00.000+07:00,"29581.8,29583.2,29578.7,29581.9"
2026-05-15T03:34:00.000+07:00,"29582.9,29583.2,29576.4,29579.8"
2026-05-15T03:35:00.000+07:00,"29579.5,29580.7,29577.1,29577.7"
2026-05-15T03:36:00.000+07:00,"29578.2,29578.7,29569.5,29570.7"
2026-05-15T03:37:00.000+07:00,"29570.2,29570.2,29556.9,29560.8"
2026-05-15T03:38:00.000+07:00,"29560.3,29560.3,29547.7,29549.3"
2026-05-15T03:39:00.000+07:00,"29549.1,29554.6,29545.3,29553.5"
2026-05-15T03:40:00.000+07:00,"29554,29554,29531.1,29546"
2026-05-15T03:41:00.000+07:00,"29546.3,29559.5,29546.3,29558.7"
2026-05-15T03:42:00.000+07:00,"29559.2,29564.8,29555.1,29562.3"
2026-05-15T03:43:00.000+07:00,"29561.8,29563,29557.3,29563"
2026-05-15T03:44:00.000+07:00,"29563.2,29564,29555.1,29555.9"
2026-05-15T03:45:00.000+07:00,"29555.6,29559.7,29554.1,29557.8"
2026-05-15T03:46:00.000+07:00,"29557.3,29562.3,29557.3,29559.6"
2026-05-15T03:47:00.000+07:00,"29558.9,29562.4,29558.7,29559.9"
2026-05-15T03:48:00.000+07:00,"29559.7,29565.7,29558.4,29559.2"
2026-05-15T03:49:00.000+07:00,"29559.5,29567.9,29559.5,29567.9"
2026-05-15T03:50:00.000+07:00,"29568.1,29569.3,29563.5,29569.3"
2026-05-15T03:51:00.000+07:00,"29569.1,29569.1,29560.3,29563.6"
2026-05-15T03:52:00.000+07:00,"29563.8,29567,29558.5,29567"
2026-05-15T03:53:00.000+07:00,"29566.8,29570,29564.6,29566.8"
2026-05-15T03:54:00.000+07:00,"29566.5,29569,29564.9,29566.8"
2026-05-15T03:55:00.000+07:00,"29567.3,29568.3,29564.9,29566.8"
2026-05-15T03:56:00.000+07:00,"29566.6,29568.9,29565.4,29566.6"
2026-05-15T03:57:00.000+07:00,"29566.5,29574.2,29565.5,29574.2"
2026-05-15T03:58:00.000+07:00,"29574.4,29578,29574.2,29576"
2026-05-15T03:59:00.000+07:00,"29575.2,29583.7,29575,29583.5"
2026-05-15T04:00:00.000+07:00,"29582.9,29583.5,29581,29583.4"
2026-05-15T04:01:00.000+07:00,"29583.5,29583.6,29583.5,29583.6"
2026-05-15T04:02:00.000+07:00,"29583.5,29584.3,29583.1,29584.2"
2026-05-15T04:03:00.000+07:00,"29582.9,29584.9,29582.7,29583.8"
2026-05-15T04:04:00.000+07:00,"29582.7,29584,29582.4,29583.5"
2026-05-15T04:05:00.000+07:00,"29583.9,29583.9,29583.5,29583.9"
2026-05-15T04:06:00.000+07:00,"29584.3,29584.3,29584.3,29584.3"
2026-05-15T04:07:00.000+07:00,"29583.7,29584.2,29583.6,29583.8"
2026-05-15T04:08:00.000+07:00,"29583.9,29583.9,29583.6,29583.6"
2026-05-15T04:09:00.000+07:00,"29583.8,29583.8,29583.8,29583.8"
2026-05-15T04:10:00.000+07:00,"29584.3,29584.3,29584.3,29584.3"
2026-05-15T04:11:00.000+07:00,"29584.4,29585.4,29584,29584"
2026-05-15T04:12:00.000+07:00,"29584.9,29585,29584.7,29585"
2026-05-15T04:13:00.000+07:00,"29585.1,29585.1,29585.1,29585.1"
2026-05-15T04:14:00.000+07:00,"29584.5,29584.5,29584.5,29584.5"
2026-05-15T04:15:00.000+07:00,"29584.6,29584.8,29584.2,29584.7"
2026-05-15T04:16:00.000+07:00,"29584.5,29584.7,29584.4,29584.7"
2026-05-15T04:17:00.000+07:00,"29585.3,29585.3,29585.3,29585.3"
2026-05-15T04:18:00.000+07:00,"29585.2,29585.3,29584.5,29584.7"
2026-05-15T04:19:00.000+07:00,"29585.5,29585.5,29584.7,29584.8"
2026-05-15T04:20:00.000+07:00,"29584.9,29588.5,29584.8,29588.5"
2026-05-15T04:21:00.000+07:00,"29588.3,29588.6,29588.3,29588.4"
2026-05-15T04:22:00.000+07:00,"29588.6,29588.8,29588.6,29588.6"
2026-05-15T04:23:00.000+07:00,"29588.2,29588.4,29588.2,29588.4"
2026-05-15T04:24:00.000+07:00,"29588.5,29588.7,29588.5,29588.6"
2026-05-15T04:25:00.000+07:00,"29588.7,29588.9,29588.3,29588.5"
2026-05-15T04:26:00.000+07:00,"29588.6,29588.6,29588.6,29588.6"
2026-05-15T04:29:00.000+07:00,"29588.5,29588.5,29588.5,29588.5"
2026-05-15T04:30:00.000+07:00,"29587.5,29588.5,29587.4,29587.5"
2026-05-15T04:31:00.000+07:00,"29588.3,29588.3,29587.5,29587.5"
2026-05-15T04:32:00.000+07:00,"29587.6,29588,29587.5,29587.7"
2026-05-15T04:33:00.000+07:00,"29587.6,29587.6,29587.1,29587.3"
2026-05-15T04:34:00.000+07:00,"29587.1,29587.7,29586.9,29586.9"
2026-05-15T04:35:00.000+07:00,"29587.4,29587.5,29587.4,29587.5"
2026-05-15T04:36:00.000+07:00,"29587.7,29587.7,29586.9,29587.1"
2026-05-15T04:37:00.000+07:00,"29587.6,29587.6,29586.5,29586.5"
2026-05-15T04:38:00.000+07:00,"29586.7,29586.7,29586.7,29586.7"
2026-05-15T04:39:00.000+07:00,"29586.5,29586.8,29586.4,29586.8"
2026-05-15T04:40:00.000+07:00,"29586.9,29586.9,29586.9,29586.9"
2026-05-15T04:41:00.000+07:00,"29587.5,29589.4,29587.5,29588.7"
2026-05-15T04:42:00.000+07:00,"29588.5,29589,29581.7,29582.1"
2026-05-15T04:43:00.000+07:00,"29584.7,29587,29583.1,29583.1"
2026-05-15T04:44:00.000+07:00,"29587.8,29587.8,29584.9,29585.1"
2026-05-15T04:45:00.000+07:00,"29585,29592.3,29585,29592.1"
2026-05-15T04:46:00.000+07:00,"29592,29592,29589.8,29590"
2026-05-15T04:47:00.000+07:00,"29589.8,29590.2,29589.8,29590"
2026-05-15T04:48:00.000+07:00,"29591.9,29591.9,29590.1,29590.3"
2026-05-15T04:49:00.000+07:00,"29590.1,29590.3,29590.1,29590.3"
2026-05-15T04:50:00.000+07:00,"29590.1,29591.1,29590.1,29591.1"
2026-05-15T04:51:00.000+07:00,"29590.3,29592.1,29590.3,29592.1"
2026-05-15T04:52:00.000+07:00,"29592,29592,29592,29592"
2026-05-15T04:54:00.000+07:00,"29591.3,29592,29591.3,29591.3"
2026-05-15T04:55:00.000+07:00,"29592,29592.6,29591.1,29592.6"
2026-05-15T04:56:00.000+07:00,"29591.9,29592.1,29591.9,29592.1"
2026-05-15T04:57:00.000+07:00,"29593.2,29594.8,29593.2,29594.8"
2026-05-15T04:58:00.000+07:00,"29592.7,29596.5,29592.7,29596"
2026-05-15T04:59:00.000+07:00,"29593,29594.4,29591.9,29592.6"
2026-05-15T05:00:00.000+07:00,"29593.9,29605.8,29578.5,29601.9"
2026-05-15T05:01:00.000+07:00,"29601.8,29609.5,29598.1,29607.6"
2026-05-15T05:02:00.000+07:00,"29607.5,29611.9,29605,29611.4"
2026-05-15T05:03:00.000+07:00,"29611,29614.4,29605.3,29614.3"
2026-05-15T05:04:00.000+07:00,"29614.8,29615.3,29607,29608.2"
2026-05-15T05:05:00.000+07:00,"29608,29618.7,29605.1,29618.3"
2026-05-15T05:06:00.000+07:00,"29618.2,29622.1,29615.8,29616"
2026-05-15T05:07:00.000+07:00,"29616.3,29619.5,29611.1,29617.7"
2026-05-15T05:08:00.000+07:00,"29617.6,29617.6,29608.3,29609.7"
2026-05-15T05:09:00.000+07:00,"29605.9,29606.7,29594.9,29597.6"
2026-05-15T05:10:00.000+07:00,"29598,29600,29594.5,29594.9"
2026-05-15T05:11:00.000+07:00,"29594.7,29594.7,29590.1,29591.9"
2026-05-15T05:12:00.000+07:00,"29591.5,29597.2,29589.8,29596.2"
2026-05-15T05:13:00.000+07:00,"29596.4,29597.2,29592.8,29594.8"
2026-05-15T05:14:00.000+07:00,"29596.9,29599.8,29595.3,29595.9"
2026-05-15T05:15:00.000+07:00,"29596.2,29596.7,29590.1,29591.6"
2026-05-15T05:16:00.000+07:00,"29591.7,29592.7,29588.5,29590.1"
2026-05-15T05:17:00.000+07:00,"29589.4,29590.4,29580.7,29581.2"
2026-05-15T05:18:00.000+07:00,"29581.4,29581.5,29573.1,29580.4"
2026-05-15T05:19:00.000+07:00,"29580.6,29587.4,29578.8,29584.3"
2026-05-15T05:20:00.000+07:00,"29584.4,29590,29583.3,29584.2"
2026-05-15T05:21:00.000+07:00,"29584.1,29587.8,29582.6,29584.8"
2026-05-15T05:22:00.000+07:00,"29585.1,29587.5,29583.7,29585.8"
2026-05-15T05:23:00.000+07:00,"29586.1,29589.2,29582.8,29583"
2026-05-15T05:24:00.000+07:00,"29583.3,29588.1,29582.4,29587.4"
2026-05-15T05:25:00.000+07:00,"29587.2,29594.4,29587.2,29592.8"
2026-05-15T05:26:00.000+07:00,"29592.3,29593.6,29588.9,29590.3"
2026-05-15T05:27:00.000+07:00,"29590.5,29592.9,29589.5,29590.1"
2026-05-15T05:28:00.000+07:00,"29590.2,29594.2,29588.5,29594.2"
2026-05-15T05:29:00.000+07:00,"29593.9,29602.7,29593.3,29601.3"
2026-05-15T05:30:00.000+07:00,"29601.2,29608.7,29600.2,29608.2"
2026-05-15T05:31:00.000+07:00,"29608,29610.1,29605.2,29607.9"
2026-05-15T05:32:00.000+07:00,"29608.4,29614.3,29608.2,29611"
2026-05-15T05:33:00.000+07:00,"29610.9,29611.6,29607.8,29609.1"
2026-05-15T05:34:00.000+07:00,"29609,29610.6,29606,29608.7"
2026-05-15T05:35:00.000+07:00,"29608,29612.5,29606,29611.4"
2026-05-15T05:36:00.000+07:00,"29611.5,29613.7,29609.9,29612.2"
2026-05-15T05:37:00.000+07:00,"29612.1,29614,29610.8,29610.8"
2026-05-15T05:38:00.000+07:00,"29610.9,29611.4,29608.5,29610.5"
2026-05-15T05:39:00.000+07:00,"29610.1,29610.5,29607.8,29607.8"
2026-05-15T05:40:00.000+07:00,"29608.1,29613.2,29605.8,29612.6"
2026-05-15T05:41:00.000+07:00,"29612.4,29612.7,29610.5,29612.2"
2026-05-15T05:42:00.000+07:00,"29612.5,29612.8,29610.9,29612.4"
2026-05-15T05:43:00.000+07:00,"29611.8,29612.2,29610.1,29610.1"
2026-05-15T05:44:00.000+07:00,"29610.3,29613.9,29610.2,29611.2"
2026-05-15T05:45:00.000+07:00,"29611.1,29613.5,29610,29613.2"
2026-05-15T05:46:00.000+07:00,"29613.1,29621.6,29609.7,29621.5"
2026-05-15T05:47:00.000+07:00,"29621.1,29621.1,29615.3,29617.4"
2026-05-15T05:48:00.000+07:00,"29617.9,29618.7,29614.5,29615.7"
2026-05-15T05:49:00.000+07:00,"29615.8,29616.5,29613.2,29613.7"
2026-05-15T05:50:00.000+07:00,"29613.8,29616.4,29611.6,29612.3"
2026-05-15T05:51:00.000+07:00,"29612.4,29614.2,29610.5,29611.3"
2026-05-15T05:52:00.000+07:00,"29611.1,29613.4,29610.2,29610.7"
2026-05-15T05:53:00.000+07:00,"29610.9,29613.2,29610.9,29611.7"
2026-05-15T05:54:00.000+07:00,"29611.9,29614,29609,29612"
2026-05-15T05:55:00.000+07:00,"29611.9,29617.5,29611.8,29617.1"
2026-05-15T05:56:00.000+07:00,"29616.9,29624.7,29616.9,29618.4"
2026-05-15T05:57:00.000+07:00,"29618.5,29620.6,29617.6,29618.3"
2026-05-15T05:58:00.000+07:00,"29618.4,29618.4,29610.8,29611.3"
2026-05-15T05:59:00.000+07:00,"29611.4,29612.9,29610.5,29612.1"
2026-05-15T06:00:00.000+07:00,"29611.8,29615.7,29611.4,29615.7"
2026-05-15T06:01:00.000+07:00,"29615.8,29620.8,29615.8,29618.4"
2026-05-15T06:02:00.000+07:00,"29618.5,29619.5,29617.7,29618.5"
2026-05-15T06:03:00.000+07:00,"29618.6,29619,29614.6,29618.1"
2026-05-15T06:04:00.000+07:00,"29618.9,29619.5,29615.3,29618.4"
2026-05-15T06:05:00.000+07:00,"29618.3,29618.6,29615,29615.3"
2026-05-15T06:06:00.000+07:00,"29615.2,29617.2,29613.5,29614.1"
2026-05-15T06:07:00.000+07:00,"29613.7,29620.6,29612.3,29619.4"
2026-05-15T06:08:00.000+07:00,"29619.5,29619.9,29616.8,29617.2"
2026-05-15T06:09:00.000+07:00,"29616.9,29617,29612.8,29613.1"
2026-05-15T06:10:00.000+07:00,"29613,29616.2,29613,29615.6"
2026-05-15T06:11:00.000+07:00,"29615.4,29618.3,29614.9,29616.9"
2026-05-15T06:12:00.000+07:00,"29617.1,29618.8,29616.9,29618.8"
2026-05-15T06:13:00.000+07:00,"29619.3,29623.3,29618.8,29621.9"
2026-05-15T06:14:00.000+07:00,"29622,29622.9,29619,29621.8"
2026-05-15T06:15:00.000+07:00,"29621.7,29622.8,29618.6,29618.6"
2026-05-15T06:16:00.000+07:00,"29618.8,29623.1,29616.4,29621"
2026-05-15T06:17:00.000+07:00,"29621.1,29621.8,29619.1,29621.4"
2026-05-15T06:18:00.000+07:00,"29621.5,29621.6,29619.6,29619.8"
2026-05-15T06:19:00.000+07:00,"29620,29621,29618.3,29621"
2026-05-15T06:20:00.000+07:00,"29621.1,29621.8,29619.7,29620.1"
2026-05-15T06:21:00.000+07:00,"29619.4,29620.8,29618.7,29619.8"
2026-05-15T06:22:00.000+07:00,"29619.7,29619.7,29613.9,29616.4"
2026-05-15T06:23:00.000+07:00,"29616.5,29617.4,29616.3,29617.4"
2026-05-15T06:24:00.000+07:00,"29617.3,29618.2,29613.8,29613.8"
2026-05-15T06:25:00.000+07:00,"29613.9,29614.8,29610.7,29612.8"
2026-05-15T06:26:00.000+07:00,"29612.7,29613.7,29611.4,29613.3"
2026-05-15T06:27:00.000+07:00,"29612.9,29616.1,29612.9,29615.1"
2026-05-15T06:28:00.000+07:00,"29615.3,29628.2,29615.1,29628.1"
2026-05-15T06:29:00.000+07:00,"29628.2,29630.1,29627.4,29627.6"
2026-05-15T06:30:00.000+07:00,"29628,29632.3,29627.8,29630.3"
2026-05-15T06:31:00.000+07:00,"29630.1,29630.6,29627.7,29629.7"
2026-05-15T06:32:00.000+07:00,"29629.8,29631.5,29628.9,29629.4"
2026-05-15T06:33:00.000+07:00,"29629.6,29634.7,29629.4,29633.3"
2026-05-15T06:34:00.000+07:00,"29633.4,29634.3,29631.2,29633.1"
2026-05-15T06:35:00.000+07:00,"29632.9,29633.9,29630.8,29631.3"
2026-05-15T06:36:00.000+07:00,"29631.2,29631.8,29628.9,29630.9"
2026-05-15T06:37:00.000+07:00,"29630.7,29634,29629,29631.9"
2026-05-15T06:38:00.000+07:00,"29632,29636.1,29631.8,29633.4"
2026-05-15T06:39:00.000+07:00,"29633.5,29635.7,29627.6,29627.6"
2026-05-15T06:40:00.000+07:00,"29627.5,29629.6,29622,29624.2"
2026-05-15T06:41:00.000+07:00,"29624.3,29626.7,29623.6,29625.5"
2026-05-15T06:42:00.000+07:00,"29625.4,29625.5,29620.2,29621.2"
2026-05-15T06:43:00.000+07:00,"29621.1,29623,29619.1,29621.3"
2026-05-15T06:44:00.000+07:00,"29621.1,29622.7,29618.1,29619.7"
2026-05-15T06:45:00.000+07:00,"29619.9,29620.4,29612.8,29615"
2026-05-15T06:46:00.000+07:00,"29615.5,29619.8,29613.1,29617.9"
2026-05-15T06:47:00.000+07:00,"29617.4,29617.5,29612.6,29614.8"
2026-05-15T06:48:00.000+07:00,"29614.7,29615.4,29602.9,29608.5"
2026-05-15T06:49:00.000+07:00,"29608.6,29608.6,29596,29601.8"
2026-05-15T06:50:00.000+07:00,"29601.6,29602.4,29596.4,29600.4"
2026-05-15T06:51:00.000+07:00,"29600.2,29601.5,29597.3,29597.9"
2026-05-15T06:52:00.000+07:00,"29598.1,29603,29597.8,29601.3"
2026-05-15T06:53:00.000+07:00,"29601.2,29607.1,29600,29605.7"
2026-05-15T06:54:00.000+07:00,"29605.5,29607.4,29598.9,29599"
2026-05-15T06:55:00.000+07:00,"29599.4,29599.9,29592.8,29597.3"
2026-05-15T06:56:00.000+07:00,"29597.4,29598.4,29585.5,29588"
2026-05-15T06:57:00.000+07:00,"29588.1,29588.2,29579.1,29583.8"
2026-05-15T06:58:00.000+07:00,"29583.7,29587.1,29582.8,29585.7"
2026-05-15T06:59:00.000+07:00,"29585.8,29593,29583.7,29591.8"
2026-05-15T07:00:00.000+07:00,"29591.9,29592.7,29585.5,29587.4"
2026-05-15T07:01:00.000+07:00,"29586.9,29587.4,29558.2,29560.5"
2026-05-15T07:02:00.000+07:00,"29560.6,29592.6,29559.2,29585.2"
2026-05-15T07:03:00.000+07:00,"29585,29598.5,29584.9,29588.2"
2026-05-15T07:04:00.000+07:00,"29588.1,29588.3,29572.7,29574.8"
2026-05-15T07:05:00.000+07:00,"29575,29581,29572.9,29576.2"
2026-05-15T07:06:00.000+07:00,"29576.3,29583.4,29576.2,29582.2"
2026-05-15T07:07:00.000+07:00,"29582.4,29590,29579.6,29587.7"
2026-05-15T07:08:00.000+07:00,"29588,29600.5,29586.4,29591.2"
2026-05-15T07:09:00.000+07:00,"29590.9,29596.5,29585.4,29595.2"
2026-05-15T07:10:00.000+07:00,"29594.7,29597.8,29590.5,29596.6"
2026-05-15T07:11:00.000+07:00,"29596.7,29598.2,29583.8,29586.4"
2026-05-15T07:12:00.000+07:00,"29586.6,29593.3,29584.4,29591.3"
2026-05-15T07:13:00.000+07:00,"29591.4,29591.4,29583.4,29589.5"
2026-05-15T07:14:00.000+07:00,"29589.9,29604.2,29589.6,29604.1"
2026-05-15T07:15:00.000+07:00,"29603.9,29624,29603.6,29610.6"
2026-05-15T07:16:00.000+07:00,"29610.7,29620.5,29610.2,29617.5"
2026-05-15T07:17:00.000+07:00,"29618,29619.1,29613.4,29618.7"
2026-05-15T07:18:00.000+07:00,"29618.6,29619.8,29612.6,29613.2"
2026-05-15T07:19:00.000+07:00,"29612.8,29623.9,29611.8,29618.7"
2026-05-15T07:20:00.000+07:00,"29618.8,29621.9,29617.4,29619.6"
2026-05-15T07:21:00.000+07:00,"29619.5,29624.3,29618.6,29622.6"
2026-05-15T07:22:00.000+07:00,"29622.5,29626.8,29618.6,29621.6"
2026-05-15T07:23:00.000+07:00,"29621.5,29625.4,29620.3,29624.8"
2026-05-15T07:24:00.000+07:00,"29625,29626.1,29623.2,29625.1"
2026-05-15T07:25:00.000+07:00,"29625,29625.8,29616.4,29618"
2026-05-15T07:26:00.000+07:00,"29618.1,29623.1,29616.7,29620.7"
2026-05-15T07:27:00.000+07:00,"29620.8,29624.1,29620.1,29624.1"
2026-05-15T07:28:00.000+07:00,"29624.2,29628,29623.1,29625.6"
2026-05-15T07:29:00.000+07:00,"29625.7,29628.2,29620.9,29623.7"
2026-05-15T07:30:00.000+07:00,"29623.6,29624.5,29605.4,29607.5"
2026-05-15T07:31:00.000+07:00,"29607.6,29615,29606.4,29614.4"
2026-05-15T07:32:00.000+07:00,"29614.1,29617,29611,29613.7"
2026-05-15T07:33:00.000+07:00,"29613.9,29615,29606.6,29608"
2026-05-15T07:34:00.000+07:00,"29607.8,29614,29607.6,29610.9"
2026-05-15T07:35:00.000+07:00,"29610.7,29615.2,29606.3,29607"
2026-05-15T07:36:00.000+07:00,"29606.9,29606.9,29591.5,29594.6"
2026-05-15T07:37:00.000+07:00,"29594.7,29594.8,29587.4,29590.5"
2026-05-15T07:38:00.000+07:00,"29590.2,29594.5,29585.3,29586.7"
2026-05-15T07:39:00.000+07:00,"29586.6,29587.9,29572.6,29587.4"
2026-05-15T07:40:00.000+07:00,"29587.2,29590.3,29575.9,29576"
2026-05-15T07:41:00.000+07:00,"29575.9,29575.9,29551.6,29555.5"
2026-05-15T07:42:00.000+07:00,"29555.8,29559.5,29549.7,29552.3"
2026-05-15T07:43:00.000+07:00,"29551.1,29567.8,29540.3,29566.9"
2026-05-15T07:44:00.000+07:00,"29566.7,29573.4,29563.5,29564.8"
2026-05-15T07:45:00.000+07:00,"29564.5,29576.5,29563.7,29569"
2026-05-15T07:46:00.000+07:00,"29569.1,29577.3,29568.3,29575.3"
2026-05-15T07:47:00.000+07:00,"29575.5,29582,29574.3,29579.9"
2026-05-15T07:48:00.000+07:00,"29580.1,29581.8,29572,29576.6"
2026-05-15T07:49:00.000+07:00,"29576.8,29582.6,29573.6,29581.2"
2026-05-15T07:50:00.000+07:00,"29581.3,29581.7,29563.8,29565.4"
2026-05-15T07:51:00.000+07:00,"29565.3,29569.7,29561.1,29562.1"
2026-05-15T07:52:00.000+07:00,"29562.3,29570.5,29559,29569.5"
2026-05-15T07:53:00.000+07:00,"29569.6,29578.6,29569.3,29576.8"
2026-05-15T07:54:00.000+07:00,"29577.8,29588.7,29573.3,29588.7"
2026-05-15T07:55:00.000+07:00,"29588.8,29591,29584.2,29586.4"
2026-05-15T07:56:00.000+07:00,"29586.3,29587.7,29579.5,29581.2"
2026-05-15T07:57:00.000+07:00,"29581.1,29585.8,29578.5,29579.1"
2026-05-15T07:58:00.000+07:00,"29579.4,29585.2,29576.6,29585.2"
2026-05-15T07:59:00.000+07:00,"29585.4,29590.3,29585.4,29587.1"
2026-05-15T08:00:00.000+07:00,"29586.9,29594.7,29584,29588.5"
2026-05-15T08:01:00.000+07:00,"29588.3,29590.3,29584.3,29586.8"
2026-05-15T08:02:00.000+07:00,"29586.7,29591.8,29584.7,29588"
2026-05-15T08:03:00.000+07:00,"29588.2,29589.6,29579.3,29580.8"
2026-05-15T08:04:00.000+07:00,"29580.9,29581.3,29565.7,29570.8"
2026-05-15T08:05:00.000+07:00,"29571,29575.4,29566.5,29566.6"
2026-05-15T08:06:00.000+07:00,"29566.7,29576.9,29565.5,29571.1"
2026-05-15T08:07:00.000+07:00,"29571.7,29572.7,29562.3,29567.8"
2026-05-15T08:08:00.000+07:00,"29566.9,29570.3,29562.9,29568.1"
2026-05-15T08:09:00.000+07:00,"29568.6,29570.6,29555.1,29557.1"
2026-05-15T08:10:00.000+07:00,"29557.2,29562.8,29552.1,29561"
2026-05-15T08:11:00.000+07:00,"29561.5,29561.9,29551.4,29554.8"
2026-05-15T08:12:00.000+07:00,"29554.7,29558.2,29551,29552.3"
2026-05-15T08:13:00.000+07:00,"29552.2,29553.4,29545.5,29547.7"
2026-05-15T08:14:00.000+07:00,"29547.8,29559.4,29546.2,29559.1"
2026-05-15T08:15:00.000+07:00,"29558.9,29564,29551.3,29563.7"
2026-05-15T08:16:00.000+07:00,"29563.2,29564.8,29559.9,29560"
2026-05-15T08:17:00.000+07:00,"29560.2,29560.7,29548.7,29553.6"
2026-05-15T08:18:00.000+07:00,"29553.4,29556.3,29547.7,29555.2"
2026-05-15T08:19:00.000+07:00,"29555.3,29556,29542.5,29548"
2026-05-15T08:20:00.000+07:00,"29548.1,29548.5,29542.3,29543.7"
2026-05-15T08:21:00.000+07:00,"29543.8,29544,29527.4,29534.6"
2026-05-15T08:22:00.000+07:00,"29533.9,29534.6,29522,29527"
2026-05-15T08:23:00.000+07:00,"29526.9,29532.4,29521.1,29531.5"
2026-05-15T08:24:00.000+07:00,"29531.6,29538.1,29522.3,29525"
2026-05-15T08:25:00.000+07:00,"29525.2,29531.2,29509,29530.6"
2026-05-15T08:26:00.000+07:00,"29530.7,29534.6,29514.7,29518.9"
2026-05-15T08:27:00.000+07:00,"29518.8,29523.3,29510.1,29512"
2026-05-15T08:28:00.000+07:00,"29511.9,29513,29489.9,29494.7"
2026-05-15T08:29:00.000+07:00,"29495.2,29498.6,29484.8,29486.1"
2026-05-15T08:30:00.000+07:00,"29485.6,29488.1,29459.1,29466.6"
2026-05-15T08:31:00.000+07:00,"29467,29467.3,29451.9,29454.8"
2026-05-15T08:32:00.000+07:00,"29454.9,29475.5,29448.7,29467.2"
2026-05-15T08:33:00.000+07:00,"29467.3,29467.7,29453.7,29461.6"
2026-05-15T08:34:00.000+07:00,"29461.2,29474.7,29457.6,29472.6"
2026-05-15T08:35:00.000+07:00,"29472.4,29486.7,29469.8,29486.2"
2026-05-15T08:36:00.000+07:00,"29486.1,29497.5,29486.1,29494.9"
2026-05-15T08:37:00.000+07:00,"29494.6,29501.8,29492.1,29497.4"
2026-05-15T08:38:00.000+07:00,"29496.2,29498.3,29483.8,29489.5"
2026-05-15T08:39:00.000+07:00,"29489.4,29499.5,29488.1,29493.3"
2026-05-15T08:40:00.000+07:00,"29493.4,29508.1,29493.4,29497.7"
2026-05-15T08:41:00.000+07:00,"29497.8,29498.3,29483.4,29487.3"
2026-05-15T08:42:00.000+07:00,"29487.4,29492.7,29484.2,29484.2"
2026-05-15T08:43:00.000+07:00,"29484,29493.2,29481.9,29489.6"
2026-05-15T08:44:00.000+07:00,"29489.5,29495.9,29482.4,29487"
2026-05-15T08:45:00.000+07:00,"29486.9,29488.5,29462.5,29468.4"
2026-05-15T08:46:00.000+07:00,"29468.3,29470.7,29456.6,29457.4"
2026-05-15T08:47:00.000+07:00,"29457.9,29459.9,29441.7,29455.1"
2026-05-15T08:48:00.000+07:00,"29454.7,29458.8,29445.1,29451.1"
2026-05-15T08:49:00.000+07:00,"29451.5,29453.4,29440.3,29450.6"
2026-05-15T08:50:00.000+07:00,"29450.7,29453.8,29446.6,29451.5"
2026-05-15T08:51:00.000+07:00,"29451.4,29452.9,29422.5,29427.4"
2026-05-15T08:52:00.000+07:00,"29427.3,29434.6,29422.1,29426"
2026-05-15T08:53:00.000+07:00,"29426.3,29431.5,29416.6,29430.3"
2026-05-15T08:54:00.000+07:00,"29430.8,29440.4,29429.1,29438.6"
2026-05-15T08:55:00.000+07:00,"29438.7,29452.5,29435.8,29449.3"
2026-05-15T08:56:00.000+07:00,"29449.1,29450.9,29440.3,29444.7"
2026-05-15T08:57:00.000+07:00,"29444.3,29445.5,29435.7,29441.2"
2026-05-15T08:58:00.000+07:00,"29442,29446.4,29430.7,29436.9"
2026-05-15T08:59:00.000+07:00,"29437.2,29445.5,29418.6,29421.2"
2026-05-15T09:00:00.000+07:00,"29420.9,29441.5,29414.6,29439.6"
2026-05-15T09:01:00.000+07:00,"29439.8,29442.7,29423,29427.4"
2026-05-15T09:02:00.000+07:00,"29428.3,29435.6,29421.4,29435.1"
2026-05-15T09:03:00.000+07:00,"29434.9,29434.9,29426.1,29430.3"
2026-05-15T09:04:00.000+07:00,"29430.8,29443.2,29430,29441.4"
2026-05-15T09:05:00.000+07:00,"29441.6,29444.3,29424,29424"
2026-05-15T09:06:00.000+07:00,"29424.5,29425.5,29406.6,29412.8"
2026-05-15T09:07:00.000+07:00,"29412.6,29415.5,29399.6,29412"
2026-05-15T09:08:00.000+07:00,"29412.1,29414.6,29406.9,29409.1"
2026-05-15T09:09:00.000+07:00,"29409.5,29420.6,29407.9,29419.5"
2026-05-15T09:10:00.000+07:00,"29419.3,29428.8,29414.9,29428.3"
2026-05-15T09:11:00.000+07:00,"29428.4,29434.3,29423,29431.3"
2026-05-15T09:12:00.000+07:00,"29431.4,29431.4,29411.6,29418.7"
2026-05-15T09:13:00.000+07:00,"29418.6,29421.2,29410.6,29417.4"
2026-05-15T09:14:00.000+07:00,"29418.3,29419.4,29411,29412.9"
2026-05-15T09:15:00.000+07:00,"29413,29419.1,29400.1,29418"
2026-05-15T09:16:00.000+07:00,"29418.1,29431.4,29413.6,29431.1"
2026-05-15T09:17:00.000+07:00,"29431.2,29431.4,29399.1,29401.1"
2026-05-15T09:18:00.000+07:00,"29401,29415.2,29401,29413.4"
2026-05-15T09:19:00.000+07:00,"29413.5,29427.3,29413.3,29426.6"
2026-05-15T09:20:00.000+07:00,"29426.7,29435.3,29422.9,29430.8"
2026-05-15T09:21:00.000+07:00,"29431,29431.4,29425.1,29428.2"
2026-05-15T09:22:00.000+07:00,"29428.3,29441.8,29426.3,29439.6"
2026-05-15T09:23:00.000+07:00,"29440.7,29445.8,29431,29444.3"
2026-05-15T09:24:00.000+07:00,"29442.9,29446.2,29439.2,29442.7"
2026-05-15T09:25:00.000+07:00,"29442.8,29452.2,29436.8,29451.1"
2026-05-15T09:26:00.000+07:00,"29451.2,29459.7,29450.2,29455.8"
2026-05-15T09:27:00.000+07:00,"29455.7,29455.8,29436.5,29437.1"
2026-05-15T09:28:00.000+07:00,"29437.2,29440.2,29430.6,29431.8"
2026-05-15T09:29:00.000+07:00,"29431.6,29437,29427.9,29429.3"
2026-05-15T09:30:00.000+07:00,"29429.1,29433.8,29411.7,29427"
2026-05-15T09:31:00.000+07:00,"29427.2,29434.3,29415.4,29417.4"
2026-05-15T09:32:00.000+07:00,"29417.1,29420.4,29405.9,29412.7"
2026-05-15T09:33:00.000+07:00,"29412.6,29421.4,29410.2,29417.6"
2026-05-15T09:34:00.000+07:00,"29416.4,29435,29415.4,29432.5"
2026-05-15T09:35:00.000+07:00,"29432.9,29450.9,29432.3,29449"
2026-05-15T09:36:00.000+07:00,"29448.9,29454.5,29444.8,29450.9"
2026-05-15T09:37:00.000+07:00,"29450.8,29454.8,29446.3,29451.2"
2026-05-15T09:38:00.000+07:00,"29451.4,29452.3,29439.4,29441.2"
2026-05-15T09:39:00.000+07:00,"29442.2,29442.4,29425.5,29427"
2026-05-15T09:40:00.000+07:00,"29426.9,29440.7,29425.9,29439.9"
2026-05-15T09:41:00.000+07:00,"29440.6,29444.5,29435,29438.1"
2026-05-15T09:42:00.000+07:00,"29437.6,29447.5,29436.5,29446.9"
2026-05-15T09:43:00.000+07:00,"29447,29450.6,29442.8,29450.5"
2026-05-15T09:44:00.000+07:00,"29449.8,29458.8,29446,29457.5"
2026-05-15T09:45:00.000+07:00,"29457.7,29467.6,29457.7,29466.2"
2026-05-15T09:46:00.000+07:00,"29466.6,29469.5,29460.4,29461.7"
2026-05-15T09:47:00.000+07:00,"29461.8,29464.2,29455,29461.1"
2026-05-15T09:48:00.000+07:00,"29460.8,29463,29449.2,29452.7"
2026-05-15T09:49:00.000+07:00,"29452.2,29462.2,29451.2,29459.7"
2026-05-15T09:50:00.000+07:00,"29460,29467.2,29458.9,29463.4"
2026-05-15T09:51:00.000+07:00,"29463.3,29501.3,29461.1,29495.6"
2026-05-15T09:52:00.000+07:00,"29495.4,29501.4,29476.4,29478.4"
2026-05-15T09:53:00.000+07:00,"29478.6,29485.1,29473.6,29483.7"
2026-05-15T09:54:00.000+07:00,"29483.2,29496.1,29479.1,29487.6"
2026-05-15T09:55:00.000+07:00,"29488.3,29496.7,29486.5,29488"
2026-05-15T09:56:00.000+07:00,"29488.1,29491.3,29478.8,29481.3"
2026-05-15T09:57:00.000+07:00,"29481.2,29481.2,29475.5,29478.6"
2026-05-15T09:58:00.000+07:00,"29478.4,29482.4,29476.3,29478.1"
2026-05-15T09:59:00.000+07:00,"29478,29485.1,29474.5,29482.9"
2026-05-15T10:00:00.000+07:00,"29482.4,29495.6,29475.8,29490.3"
2026-05-15T10:01:00.000+07:00,"29490.1,29492.6,29480.9,29484.2"
2026-05-15T10:02:00.000+07:00,"29484.3,29492.7,29482.9,29486.4"
2026-05-15T10:03:00.000+07:00,"29486.3,29494.6,29485.9,29492"
2026-05-15T10:04:00.000+07:00,"29492.2,29492.4,29478.9,29479.6"
2026-05-15T10:05:00.000+07:00,"29480,29484.8,29476.2,29482.8"
2026-05-15T10:06:00.000+07:00,"29482.9,29486.3,29474.9,29478.7"
2026-05-15T10:07:00.000+07:00,"29478.6,29478.8,29470.9,29472.3"
2026-05-15T10:08:00.000+07:00,"29472,29476.3,29469.5,29475.5"
2026-05-15T10:09:00.000+07:00,"29475.7,29476.7,29468.7,29469.7"
2026-05-15T10:10:00.000+07:00,"29469.8,29491.2,29469.7,29487.8"
2026-05-15T10:11:00.000+07:00,"29487.5,29494.9,29485.9,29491"
2026-05-15T10:12:00.000+07:00,"29490.9,29496.5,29490.8,29491.7"
2026-05-15T10:13:00.000+07:00,"29491.8,29492.9,29483.4,29483.7"
2026-05-15T10:14:00.000+07:00,"29484.6,29487,29480.7,29485.5"
2026-05-15T10:15:00.000+07:00,"29485.3,29488.1,29482.3,29483.9"
2026-05-15T10:16:00.000+07:00,"29483.8,29485.1,29475.4,29478.4"
2026-05-15T10:17:00.000+07:00,"29478.5,29483.7,29474.2,29481.9"
2026-05-15T10:18:00.000+07:00,"29482,29489.5,29481,29485"
2026-05-15T10:19:00.000+07:00,"29485.1,29485.6,29474.3,29479.7"
2026-05-15T10:20:00.000+07:00,"29479.9,29479.9,29468,29468.2"
2026-05-15T10:21:00.000+07:00,"29468.1,29476,29467.4,29473.3"
2026-05-15T10:22:00.000+07:00,"29473.6,29478.9,29467.4,29478.2"
2026-05-15T10:23:00.000+07:00,"29478.3,29478.9,29472,29473.6"
2026-05-15T10:24:00.000+07:00,"29473.8,29475.5,29471.2,29472.3"
2026-05-15T10:25:00.000+07:00,"29472,29480.9,29471.8,29479.8"
2026-05-15T10:26:00.000+07:00,"29480.1,29481.1,29475.1,29477.8"
2026-05-15T10:27:00.000+07:00,"29477.7,29479.7,29473.8,29476.7"
2026-05-15T10:28:00.000+07:00,"29477,29477.2,29470.6,29474.4"
2026-05-15T10:29:00.000+07:00,"29474.5,29476.2,29471.2,29474.5"
2026-05-15T10:30:00.000+07:00,"29474.7,29479.3,29470,29476.3"
2026-05-15T10:31:00.000+07:00,"29476.1,29476.4,29464.7,29467.6"
2026-05-15T10:32:00.000+07:00,"29466.8,29470.4,29463.5,29467.2"
2026-05-15T10:33:00.000+07:00,"29468,29468.5,29459.2,29461.4"
2026-05-15T10:34:00.000+07:00,"29461.5,29461.9,29445.2,29448.1"
2026-05-15T10:35:00.000+07:00,"29447.2,29448.6,29436.8,29438.8"
2026-05-15T10:36:00.000+07:00,"29438.7,29450,29433.3,29445.9"
2026-05-15T10:37:00.000+07:00,"29446.4,29463.7,29441.1,29462.9"
2026-05-15T10:38:00.000+07:00,"29462.8,29476.7,29460.9,29471.7"
2026-05-15T10:39:00.000+07:00,"29471.6,29471.6,29459.6,29465.9"
2026-05-15T10:40:00.000+07:00,"29465.8,29474.3,29465.2,29471.7"
2026-05-15T10:41:00.000+07:00,"29471.5,29483.9,29471.5,29483.4"
2026-05-15T10:42:00.000+07:00,"29483.2,29485.6,29477.2,29485.6"
2026-05-15T10:43:00.000+07:00,"29486.5,29487.5,29469.9,29472"
2026-05-15T10:44:00.000+07:00,"29472.1,29472.5,29463.8,29466.9"
2026-05-15T10:45:00.000+07:00,"29467.4,29472.8,29465.4,29472.8"
2026-05-15T10:46:00.000+07:00,"29473,29474.8,29463.7,29467.3"
2026-05-15T10:47:00.000+07:00,"29467,29473.5,29466.2,29468.5"
2026-05-15T10:48:00.000+07:00,"29468.4,29475.5,29465.6,29473.7"
2026-05-15T10:49:00.000+07:00,"29473.6,29475.5,29472.2,29472.8"
2026-05-15T10:50:00.000+07:00,"29472.5,29476.9,29469.4,29475.5"
2026-05-15T10:51:00.000+07:00,"29475.4,29477.1,29472,29472.6"
2026-05-15T10:52:00.000+07:00,"29472.4,29473,29465.3,29467.2"
2026-05-15T10:53:00.000+07:00,"29467.1,29468.4,29461.2,29467.7"
2026-05-15T10:54:00.000+07:00,"29467.5,29468.4,29462.8,29463"
2026-05-15T10:55:00.000+07:00,"29463.2,29468,29460.4,29460.6"
2026-05-15T10:56:00.000+07:00,"29460.4,29470.5,29454,29470"
2026-05-15T10:57:00.000+07:00,"29469.8,29472.7,29467.7,29469.2"
2026-05-15T10:58:00.000+07:00,"29469.1,29473.1,29467.6,29472.1"
2026-05-15T10:59:00.000+07:00,"29472.3,29473.1,29466.1,29467.7"
2026-05-15T11:00:00.000+07:00,"29467.9,29468.3,29459.1,29462.6"
2026-05-15T11:01:00.000+07:00,"29462.9,29462.9,29455.8,29458.1"
2026-05-15T11:02:00.000+07:00,"29458,29458.2,29449,29454.7"
2026-05-15T11:03:00.000+07:00,"29454.8,29461,29448,29458.8"
2026-05-15T11:04:00.000+07:00,"29458.9,29462.4,29456,29460.7"
2026-05-15T11:05:00.000+07:00,"29461.2,29464.6,29459.4,29463.2"
2026-05-15T11:06:00.000+07:00,"29463.3,29466.7,29458.3,29463.2"
2026-05-15T11:07:00.000+07:00,"29463,29463.4,29457.9,29459.6"
2026-05-15T11:08:00.000+07:00,"29459.8,29459.8,29446.5,29447.4"
2026-05-15T11:09:00.000+07:00,"29447.6,29450.6,29444,29449"
2026-05-15T11:10:00.000+07:00,"29449.3,29450.7,29444.2,29446.1"
2026-05-15T11:11:00.000+07:00,"29445.9,29446.7,29437.4,29440.3"
2026-05-15T11:12:00.000+07:00,"29440,29444.7,29436.3,29439.4"
2026-05-15T11:13:00.000+07:00,"29439.5,29446.1,29426.2,29446.1"
2026-05-15T11:14:00.000+07:00,"29446.4,29454.4,29445.3,29451.5"
2026-05-15T11:15:00.000+07:00,"29451.4,29455.3,29448.6,29452.6"
2026-05-15T11:16:00.000+07:00,"29452.7,29458.1,29452.6,29452.6"
2026-05-15T11:17:00.000+07:00,"29452.4,29452.4,29445.2,29447.8"
2026-05-15T11:18:00.000+07:00,"29447.9,29448.4,29443,29444.4"
2026-05-15T11:19:00.000+07:00,"29444.3,29445.1,29431.2,29434.2"
2026-05-15T11:20:00.000+07:00,"29434.3,29435.7,29426.4,29430.5"
2026-05-15T11:21:00.000+07:00,"29430.8,29431.8,29423.5,29424.9"
2026-05-15T11:22:00.000+07:00,"29425.1,29428.1,29417.5,29418.5"
2026-05-15T11:23:00.000+07:00,"29418.4,29434.3,29417.1,29431.9"
2026-05-15T11:24:00.000+07:00,"29432.2,29437.2,29428.2,29435.5"
2026-05-15T11:25:00.000+07:00,"29435.7,29439.9,29430.9,29435.8"
2026-05-15T11:26:00.000+07:00,"29436,29436.2,29422.5,29422.9"
2026-05-15T11:27:00.000+07:00,"29422.7,29427.3,29420.5,29423.3"
2026-05-15T11:28:00.000+07:00,"29423.1,29427.5,29419.9,29425.9"
2026-05-15T11:29:00.000+07:00,"29425.7,29434.9,29424,29424.3"
2026-05-15T11:30:00.000+07:00,"29424.2,29424.3,29411.5,29417.7"
2026-05-15T11:31:00.000+07:00,"29417.6,29417.6,29409.7,29413.5"
2026-05-15T11:32:00.000+07:00,"29412.6,29417.1,29405.7,29409.8"
2026-05-15T11:33:00.000+07:00,"29411.1,29411.6,29402.3,29403.2"
2026-05-15T11:34:00.000+07:00,"29403.1,29423.9,29403.1,29423.9"
2026-05-15T11:35:00.000+07:00,"29423.6,29432.9,29423.6,29425.2"
2026-05-15T11:36:00.000+07:00,"29425.4,29432.3,29422.4,29423.7"
2026-05-15T11:37:00.000+07:00,"29424,29426,29410.1,29415.8"
2026-05-15T11:38:00.000+07:00,"29415.2,29421,29413.9,29414.5"
2026-05-15T11:39:00.000+07:00,"29414.6,29430.5,29408.1,29429.2"
2026-05-15T11:40:00.000+07:00,"29429.1,29436.3,29427.6,29432.6"
2026-05-15T11:41:00.000+07:00,"29433.8,29441.1,29431.8,29433.2"
2026-05-15T11:42:00.000+07:00,"29433.1,29435.9,29423.9,29434.3"
2026-05-15T11:43:00.000+07:00,"29434.5,29434.5,29421.9,29422.3"
2026-05-15T11:44:00.000+07:00,"29422.4,29422.5,29408.4,29408.9"
2026-05-15T11:45:00.000+07:00,"29409.2,29420.7,29407.3,29417.5"
2026-05-15T11:46:00.000+07:00,"29417.4,29417.4,29411.6,29413.5"
2026-05-15T11:47:00.000+07:00,"29413.7,29415.1,29393.5,29395.1"
2026-05-15T11:48:00.000+07:00,"29394.9,29400.6,29387.8,29394.5"
2026-05-15T11:49:00.000+07:00,"29394.4,29394.7,29382.5,29384.2"
2026-05-15T11:50:00.000+07:00,"29384.4,29386.8,29381.4,29386.2"
2026-05-15T11:51:00.000+07:00,"29386.5,29387.1,29378.3,29379.8"
2026-05-15T11:52:00.000+07:00,"29379.9,29382,29376.8,29379.7"
2026-05-15T11:53:00.000+07:00,"29380,29387.2,29377.6,29379.1"
2026-05-15T11:54:00.000+07:00,"29379.2,29384,29369.5,29382.7"
2026-05-15T11:55:00.000+07:00,"29382.8,29383.1,29371.5,29371.8"
2026-05-15T11:56:00.000+07:00,"29371.7,29379.2,29371.1,29374"
2026-05-15T11:57:00.000+07:00,"29373.8,29375.1,29367.8,29374.9"
2026-05-15T11:58:00.000+07:00,"29375.1,29376.6,29369.4,29370.9"
2026-05-15T11:59:00.000+07:00,"29370.8,29371.3,29350.2,29365.4"
2026-05-15T12:00:00.000+07:00,"29366.2,29367.6,29348.5,29349.6"
2026-05-15T12:01:00.000+07:00,"29349.1,29362.4,29348.9,29360.5"
2026-05-15T12:02:00.000+07:00,"29360.6,29361.3,29351.7,29354.2"
2026-05-15T12:03:00.000+07:00,"29354.3,29357.4,29346.5,29351.9"
2026-05-15T12:04:00.000+07:00,"29351.8,29363.9,29348.3,29361.6"
2026-05-15T12:05:00.000+07:00,"29361.8,29363.5,29349.2,29352.4"
2026-05-15T12:06:00.000+07:00,"29351.9,29357.6,29344.9,29352.7"
2026-05-15T12:07:00.000+07:00,"29352.5,29353.7,29314.5,29323.5"
2026-05-15T12:08:00.000+07:00,"29323.6,29323.7,29314.3,29318"
2026-05-15T12:09:00.000+07:00,"29318.1,29322.5,29311.8,29312.6"
2026-05-15T12:10:00.000+07:00,"29312.7,29328.5,29312.1,29320"
2026-05-15T12:11:00.000+07:00,"29319.9,29327.5,29315.8,29327.5"
2026-05-15T12:12:00.000+07:00,"29327.8,29337.5,29324.7,29335.1"
2026-05-15T12:13:00.000+07:00,"29335.2,29337.9,29316.4,29323.7"
2026-05-15T12:14:00.000+07:00,"29323.6,29332.9,29312.7,29330.8"
2026-05-15T12:15:00.000+07:00,"29330.9,29349.4,29328.4,29347.2"
2026-05-15T12:16:00.000+07:00,"29346.9,29349.6,29336.2,29336.9"
2026-05-15T12:17:00.000+07:00,"29337,29339.6,29320.3,29327.4"
2026-05-15T12:18:00.000+07:00,"29327.9,29332.9,29324.8,29327.7"
2026-05-15T12:19:00.000+07:00,"29327.8,29328,29320.6,29324.5"
2026-05-15T12:20:00.000+07:00,"29324,29341.9,29322.3,29341.6"
2026-05-15T12:21:00.000+07:00,"29341.9,29344.5,29337.4,29338.1"
2026-05-15T12:22:00.000+07:00,"29338,29341.5,29329,29330.9"
2026-05-15T12:23:00.000+07:00,"29331,29331.4,29317.7,29321.4"
2026-05-15T12:24:00.000+07:00,"29321.6,29339.6,29319.9,29334.2"
2026-05-15T12:25:00.000+07:00,"29333.8,29340.3,29331,29339.3"
2026-05-15T12:26:00.000+07:00,"29339.2,29340.8,29325,29327"
2026-05-15T12:27:00.000+07:00,"29327.1,29337.9,29322.3,29334.1"
2026-05-15T12:28:00.000+07:00,"29333.9,29339.7,29329.4,29338.4"
2026-05-15T12:29:00.000+07:00,"29338.3,29343.3,29335.9,29341.2"
2026-05-15T12:30:00.000+07:00,"29341.3,29343.7,29323.5,29325.2"
2026-05-15T12:31:00.000+07:00,"29325.5,29325.5,29307.2,29307.6"
2026-05-15T12:32:00.000+07:00,"29307.5,29307.9,29295.1,29303.8"
2026-05-15T12:33:00.000+07:00,"29304.2,29313.3,29299.5,29312.1"
2026-05-15T12:34:00.000+07:00,"29312,29312.4,29293.8,29293.8"
2026-05-15T12:35:00.000+07:00,"29294,29307.2,29293.5,29297.6"
2026-05-15T12:36:00.000+07:00,"29297.5,29298.1,29280.7,29286.3"
2026-05-15T12:37:00.000+07:00,"29286.4,29288.5,29277.8,29280.1"
2026-05-15T12:38:00.000+07:00,"29281.1,29290.7,29276.6,29279.1"
2026-05-15T12:39:00.000+07:00,"29279.2,29283.9,29273.4,29274.3"
2026-05-15T12:40:00.000+07:00,"29274.1,29279.9,29266.2,29269.9"
2026-05-15T12:41:00.000+07:00,"29270,29287,29267.2,29286.4"
2026-05-15T12:42:00.000+07:00,"29285.3,29285.3,29266.4,29269"
2026-05-15T12:43:00.000+07:00,"29268.8,29280.1,29256.1,29262"
2026-05-15T12:44:00.000+07:00,"29261.9,29267.2,29256.9,29261.6"
2026-05-15T12:45:00.000+07:00,"29261.5,29262,29238.8,29243.1"
2026-05-15T12:46:00.000+07:00,"29243,29256.2,29242.2,29246.9"
2026-05-15T12:47:00.000+07:00,"29246.8,29246.8,29228.4,29234.1"
2026-05-15T12:48:00.000+07:00,"29234.3,29244.5,29225.2,29239.9"
2026-05-15T12:49:00.000+07:00,"29239.8,29241.3,29222.3,29226"
2026-05-15T12:50:00.000+07:00,"29226.2,29238.9,29221.3,29237.7"
2026-05-15T12:51:00.000+07:00,"29237.6,29255.5,29234.9,29251"
2026-05-15T12:52:00.000+07:00,"29250.1,29263.6,29236,29244.2"
2026-05-15T12:53:00.000+07:00,"29244.1,29256.5,29237.7,29252.7"
2026-05-15T12:54:00.000+07:00,"29252.6,29252.6,29223.3,29231.5"
2026-05-15T12:55:00.000+07:00,"29231.1,29239.2,29223.5,29236.2"
2026-05-15T12:56:00.000+07:00,"29236.3,29236.3,29210.9,29211.3"
2026-05-15T12:57:00.000+07:00,"29211.2,29213.5,29197.5,29202.9"
2026-05-15T12:58:00.000+07:00,"29202.2,29202.7,29185.1,29197.1"
2026-05-15T12:59:00.000+07:00,"29196.8,29196.8,29183.3,29185.1"
2026-05-15T13:00:00.000+07:00,"29185,29192.1,29151.2,29162"
2026-05-15T13:01:00.000+07:00,"29161.5,29178.9,29154.4,29178.1"
2026-05-15T13:02:00.000+07:00,"29177.9,29203.1,29172.4,29200"
2026-05-15T13:03:00.000+07:00,"29200.4,29202.7,29190.7,29200.2"
2026-05-15T13:04:00.000+07:00,"29200.3,29220.5,29196.7,29218.9"
2026-05-15T13:05:00.000+07:00,"29219,29227.2,29215.4,29221.4"
2026-05-15T13:06:00.000+07:00,"29221.5,29225.7,29210.6,29217.5"
2026-05-15T13:07:00.000+07:00,"29217.3,29229.5,29211.4,29226.6"
2026-05-15T13:08:00.000+07:00,"29226.7,29247.2,29221,29237.8"
2026-05-15T13:09:00.000+07:00,"29237.9,29239.6,29225.9,29237.3"
2026-05-15T13:10:00.000+07:00,"29237.4,29238.6,29222.6,29228.4"
2026-05-15T13:11:00.000+07:00,"29230.2,29244.7,29226.2,29231.8"
2026-05-15T13:12:00.000+07:00,"29231.7,29233,29222.6,29225.8"
2026-05-15T13:13:00.000+07:00,"29225.3,29230.9,29218.9,29227.1"
2026-05-15T13:14:00.000+07:00,"29226.5,29237.5,29220.9,29236.6"
2026-05-15T13:15:00.000+07:00,"29237.8,29243.8,29235.5,29240.2"
2026-05-15T13:16:00.000+07:00,"29239.5,29259.4,29239.2,29257.3"
2026-05-15T13:17:00.000+07:00,"29257.2,29258.9,29232.6,29236.5"
2026-05-15T13:18:00.000+07:00,"29236.7,29239.5,29227.8,29231.2"
2026-05-15T13:19:00.000+07:00,"29231.3,29235.4,29211.7,29211.7"
2026-05-15T13:20:00.000+07:00,"29209,29209,29178.4,29184"
2026-05-15T13:21:00.000+07:00,"29183.8,29207.2,29182,29202.9"
2026-05-15T13:22:00.000+07:00,"29203.5,29214.2,29197.3,29208.7"
2026-05-15T13:23:00.000+07:00,"29208.9,29208.9,29191.2,29194.5"
2026-05-15T13:24:00.000+07:00,"29194.7,29200.7,29175.3,29185.9"
2026-05-15T13:25:00.000+07:00,"29185.8,29185.8,29167.9,29169.8"
2026-05-15T13:26:00.000+07:00,"29169.7,29196.3,29167.2,29194.9"
2026-05-15T13:27:00.000+07:00,"29195,29203.6,29189.3,29200.7"
2026-05-15T13:28:00.000+07:00,"29200.5,29212.8,29195.8,29207.3"
2026-05-15T13:29:00.000+07:00,"29207.4,29213,29203.7,29211.3"
2026-05-15T13:30:00.000+07:00,"29210.3,29239.3,29201.9,29234.9"
2026-05-15T13:31:00.000+07:00,"29234.7,29248.2,29230.8,29238.3"
2026-05-15T13:32:00.000+07:00,"29234,29249.5,29234,29248.5"
2026-05-15T13:33:00.000+07:00,"29248.6,29255.5,29242.4,29255.4"
2026-05-15T13:34:00.000+07:00,"29255.6,29264.9,29254.6,29259.4"
2026-05-15T13:35:00.000+07:00,"29259.5,29263.1,29248.2,29254.2"
2026-05-15T13:36:00.000+07:00,"29254,29270.4,29252,29262.3"
2026-05-15T13:37:00.000+07:00,"29262.2,29264.5,29248.5,29261.7"
2026-05-15T13:38:00.000+07:00,"29261.5,29264.5,29250.5,29257.5"
2026-05-15T13:39:00.000+07:00,"29258.3,29272.7,29256.8,29270.3"
2026-05-15T13:40:00.000+07:00,"29270.4,29289.6,29270.1,29285.7"
2026-05-15T13:41:00.000+07:00,"29285.8,29291.4,29283.8,29284.2"
2026-05-15T13:42:00.000+07:00,"29284.1,29286.8,29274.2,29279.4"
2026-05-15T13:43:00.000+07:00,"29280.1,29299.4,29278.8,29298.3"
2026-05-15T13:44:00.000+07:00,"29298.2,29306.8,29293,29305.7"
2026-05-15T13:45:00.000+07:00,"29305.8,29316.2,29304.8,29311.8"
2026-05-15T13:46:00.000+07:00,"29312,29312.9,29296.8,29307.1"
2026-05-15T13:47:00.000+07:00,"29307.2,29312.4,29299.8,29311.4"
2026-05-15T13:48:00.000+07:00,"29311.3,29312.1,29296.7,29300.4"
2026-05-15T13:49:00.000+07:00,"29300.7,29316.5,29299.8,29312.6"
2026-05-15T13:50:00.000+07:00,"29312.8,29313.4,29292,29292.9"
2026-05-15T13:51:00.000+07:00,"29293,29299.8,29287.5,29293.2"
2026-05-15T13:52:00.000+07:00,"29293.1,29293.8,29283.7,29290.4"
2026-05-15T13:53:00.000+07:00,"29290.5,29299.2,29290,29291.9"
2026-05-15T13:54:00.000+07:00,"29292.2,29292.7,29281.8,29283.6"
2026-05-15T13:55:00.000+07:00,"29283.4,29296.8,29283.3,29295.8"
2026-05-15T13:56:00.000+07:00,"29295.9,29307.2,29293.3,29303.9"
2026-05-15T13:57:00.000+07:00,"29303.8,29309.1,29297.5,29303.8"
2026-05-15T13:58:00.000+07:00,"29303.7,29306.1,29296.7,29302.2"
2026-05-15T13:59:00.000+07:00,"29301.6,29308.1,29294.3,29307.7"
2026-05-15T14:00:00.000+07:00,"29307.2,29314.3,29297.7,29312.3"
2026-05-15T14:01:00.000+07:00,"29312.4,29324.6,29309.5,29312.5"
2026-05-15T14:02:00.000+07:00,"29312.3,29323.6,29309.1,29319.8"
2026-05-15T14:03:00.000+07:00,"29319.7,29320.4,29309.7,29311.4"
2026-05-15T14:04:00.000+07:00,"29311.1,29314.7,29303.4,29314.7"
2026-05-15T14:05:00.000+07:00,"29314.5,29331.3,29311.7,29329.5"
2026-05-15T14:06:00.000+07:00,"29329.4,29330.8,29321.9,29326.8"
2026-05-15T14:07:00.000+07:00,"29327.2,29330.9,29322.6,29323.2"
2026-05-15T14:08:00.000+07:00,"29323.5,29323.9,29306.5,29310.1"
2026-05-15T14:09:00.000+07:00,"29310.3,29314.9,29308.8,29311.5"
2026-05-15T14:10:00.000+07:00,"29311.4,29334.4,29309.9,29333.1"
2026-05-15T14:11:00.000+07:00,"29333.3,29335.2,29328.2,29334.8"
2026-05-15T14:12:00.000+07:00,"29335.1,29339.9,29331.1,29332.6"
2026-05-15T14:13:00.000+07:00,"29333,29347.6,29331,29347.2"
2026-05-15T14:14:00.000+07:00,"29347.1,29363.7,29345.2,29362"
2026-05-15T14:15:00.000+07:00,"29361.9,29367,29353.8,29356.1"
2026-05-15T14:16:00.000+07:00,"29356.2,29365.4,29352.4,29357.2"
2026-05-15T14:17:00.000+07:00,"29357.3,29357.4,29347.5,29347.9"
2026-05-15T14:18:00.000+07:00,"29348,29352.8,29344.5,29350.4"
2026-05-15T14:19:00.000+07:00,"29350.3,29351.2,29342.8,29347.5"
2026-05-15T14:20:00.000+07:00,"29347.8,29371.6,29346.9,29366.2"
2026-05-15T14:21:00.000+07:00,"29366,29372.7,29361.1,29361.3"
2026-05-15T14:22:00.000+07:00,"29362.7,29363.3,29352.7,29355"
2026-05-15T14:23:00.000+07:00,"29355.2,29358.3,29343.5,29348.4"
2026-05-15T14:24:00.000+07:00,"29348.2,29352.5,29342.5,29345.3"
2026-05-15T14:25:00.000+07:00,"29345.5,29352.4,29337,29343.6"
2026-05-15T14:26:00.000+07:00,"29343.4,29348,29338.9,29340.8"
2026-05-15T14:27:00.000+07:00,"29341,29353.3,29339.6,29348.3"
2026-05-15T14:28:00.000+07:00,"29348.5,29360.3,29348,29355.9"
2026-05-15T14:29:00.000+07:00,"29355.2,29360.4,29353.4,29359.5"
2026-05-15T14:30:00.000+07:00,"29359.7,29362.9,29354.6,29354.6"
2026-05-15T14:31:00.000+07:00,"29355,29359.9,29348.1,29356.7"
2026-05-15T14:32:00.000+07:00,"29357.6,29360.5,29345.4,29346.4"
2026-05-15T14:33:00.000+07:00,"29346.5,29354.5,29333.5,29334.1"
2026-05-15T14:34:00.000+07:00,"29334,29338.2,29327.1,29329.3"
2026-05-15T14:35:00.000+07:00,"29329.2,29335.2,29323.7,29323.9"
2026-05-15T14:36:00.000+07:00,"29324.7,29327,29313.9,29314.9"
2026-05-15T14:37:00.000+07:00,"29315.2,29315.2,29302.4,29310.4"
2026-05-15T14:38:00.000+07:00,"29310.5,29317.8,29305.3,29316"
2026-05-15T14:39:00.000+07:00,"29316.2,29316.4,29301.1,29315.9"
2026-05-15T14:40:00.000+07:00,"29315.5,29318.6,29303,29304.8"
2026-05-15T14:41:00.000+07:00,"29304.9,29305.6,29289.7,29290"
2026-05-15T14:42:00.000+07:00,"29290.1,29303.5,29285.5,29296.5"
2026-05-15T14:43:00.000+07:00,"29296.7,29312.3,29295.4,29311.3"
2026-05-15T14:44:00.000+07:00,"29311.1,29311.1,29296.3,29296.3"
2026-05-15T14:45:00.000+07:00,"29296.2,29296.3,29283.3,29285.4"
2026-05-15T14:46:00.000+07:00,"29285.3,29295,29285.3,29286.1"
2026-05-15T14:47:00.000+07:00,"29286.4,29290.3,29281.3,29285.7"
2026-05-15T14:48:00.000+07:00,"29285.9,29292.7,29279.4,29291.6"
2026-05-15T14:49:00.000+07:00,"29291.7,29301.9,29291.1,29299.5"
2026-05-15T14:50:00.000+07:00,"29299.7,29301.5,29287.5,29291.4"
2026-05-15T14:51:00.000+07:00,"29291.1,29295.8,29284.9,29292.7"
2026-05-15T14:52:00.000+07:00,"29289.7,29306,29289.7,29303.7"
2026-05-15T14:53:00.000+07:00,"29303.9,29311.4,29294.5,29299.4"
2026-05-15T14:54:00.000+07:00,"29299.3,29301.1,29293,29298.7"
2026-05-15T14:55:00.000+07:00,"29298.8,29307.4,29291.6,29300.9"
2026-05-15T14:56:00.000+07:00,"29300.7,29303.8,29297.7,29299"
2026-05-15T14:57:00.000+07:00,"29299.4,29305.8,29297,29305.8"
2026-05-15T14:58:00.000+07:00,"29305.7,29309.5,29302,29303.3"
2026-05-15T14:59:00.000+07:00,"29303.5,29307.8,29302.2,29307"
2026-05-15T15:00:00.000+07:00,"29307.1,29313.5,29270.3,29272.6"
2026-05-15T15:01:00.000+07:00,"29272.5,29275.2,29259.5,29262.1"
2026-05-15T15:02:00.000+07:00,"29263.1,29267.2,29244.8,29246.5"
2026-05-15T15:03:00.000+07:00,"29246.8,29264,29246.7,29262.5"
2026-05-15T15:04:00.000+07:00,"29262.4,29266.5,29242.6,29247.6"
2026-05-15T15:05:00.000+07:00,"29246.1,29249.3,29237.9,29245.7"
2026-05-15T15:06:00.000+07:00,"29245.8,29247.8,29235.1,29240.5"
2026-05-15T15:07:00.000+07:00,"29240,29257.9,29233.3,29257.1"
2026-05-15T15:08:00.000+07:00,"29256.7,29258.5,29233.5,29238.5"
2026-05-15T15:09:00.000+07:00,"29238.6,29261.6,29236.8,29259.1"
2026-05-15T15:10:00.000+07:00,"29260.5,29265.3,29245.1,29256.6"
2026-05-15T15:11:00.000+07:00,"29256.5,29259.6,29250.8,29259.6"
2026-05-15T15:12:00.000+07:00,"29259.4,29261.6,29248.4,29251.7"
2026-05-15T15:13:00.000+07:00,"29251.4,29258,29241.5,29252.9"
2026-05-15T15:14:00.000+07:00,"29252.4,29256.9,29237.6,29244.1"
2026-05-15T15:15:00.000+07:00,"29243.8,29245.1,29226.6,29230.7"
2026-05-15T15:16:00.000+07:00,"29231,29232.3,29207,29209.2"
2026-05-15T15:17:00.000+07:00,"29208.7,29213.3,29184.3,29195.5"
2026-05-15T15:18:00.000+07:00,"29195.4,29217.6,29191.7,29215.7"
2026-05-15T15:19:00.000+07:00,"29216,29222.8,29202.2,29205.7"
2026-05-15T15:20:00.000+07:00,"29205.6,29211.6,29189.2,29203.7"
2026-05-15T15:21:00.000+07:00,"29203.5,29208.5,29191.6,29199.4"
2026-05-15T15:22:00.000+07:00,"29198.8,29222.6,29197.4,29218.9"
2026-05-15T15:23:00.000+07:00,"29218.8,29222.1,29202.3,29204.1"
2026-05-15T15:24:00.000+07:00,"29204.2,29215.5,29202.7,29210.3"
2026-05-15T15:25:00.000+07:00,"29209.9,29213.1,29198.1,29204.1"
2026-05-15T15:26:00.000+07:00,"29203.9,29204.1,29163.9,29164.3"
2026-05-15T15:27:00.000+07:00,"29164.4,29167,29139,29141.4"
2026-05-15T15:28:00.000+07:00,"29141.5,29154.2,29132.7,29152.8"
2026-05-15T15:29:00.000+07:00,"29153.2,29154.2,29122.4,29132.6"
2026-05-15T15:30:00.000+07:00,"29132.2,29133.7,29087.8,29099.4"
2026-05-15T15:31:00.000+07:00,"29098.5,29120.8,29095.9,29115.4"
2026-05-15T15:32:00.000+07:00,"29116.2,29131.9,29109.2,29113.1"
2026-05-15T15:33:00.000+07:00,"29113,29123,29097,29122.2"
2026-05-15T15:34:00.000+07:00,"29122.4,29142.4,29121.6,29142.1"
2026-05-15T15:35:00.000+07:00,"29142.6,29152.7,29131.2,29139.7"
2026-05-15T15:36:00.000+07:00,"29139.6,29161.1,29127.7,29161"
2026-05-15T15:37:00.000+07:00,"29161.5,29178.6,29147.5,29168.7"
2026-05-15T15:38:00.000+07:00,"29168.3,29176.9,29155.3,29160.9"
2026-05-15T15:39:00.000+07:00,"29160.1,29168.7,29158.3,29163.5"
2026-05-15T15:40:00.000+07:00,"29163.4,29181.7,29161.9,29165.9"
2026-05-15T15:41:00.000+07:00,"29166,29180,29163.2,29175.9"
2026-05-15T15:42:00.000+07:00,"29176.8,29193.4,29162.3,29185.5"
2026-05-15T15:43:00.000+07:00,"29185.7,29203.8,29183.5,29191.9"
2026-05-15T15:44:00.000+07:00,"29192.1,29201.3,29187.7,29200.2"
2026-05-15T15:45:00.000+07:00,"29200.5,29204,29192.4,29198.2"
2026-05-15T15:46:00.000+07:00,"29198,29200.4,29186.2,29186.5"
2026-05-15T15:47:00.000+07:00,"29185.1,29200.9,29182.5,29188.1"
2026-05-15T15:48:00.000+07:00,"29188.5,29199,29179.1,29179.9"
2026-05-15T15:49:00.000+07:00,"29180.5,29190.9,29178.8,29183.7"
2026-05-15T15:50:00.000+07:00,"29183.6,29190.5,29178.6,29186.3"
2026-05-15T15:51:00.000+07:00,"29186.4,29187.4,29168.4,29172.8"
2026-05-15T15:52:00.000+07:00,"29173,29176.3,29162.3,29168.4"
2026-05-15T15:53:00.000+07:00,"29168.6,29175,29164.4,29172.3"
2026-05-15T15:54:00.000+07:00,"29172.8,29180.8,29161.7,29161.7"
2026-05-15T15:55:00.000+07:00,"29161.6,29165.2,29154.7,29160.1"
2026-05-15T15:56:00.000+07:00,"29160.6,29180.2,29159.6,29176.9"
2026-05-15T15:57:00.000+07:00,"29176.8,29180.5,29170.3,29175.5"
2026-05-15T15:58:00.000+07:00,"29176.6,29176.7,29157.1,29162.3"
2026-05-15T15:59:00.000+07:00,"29162.6,29169.3,29157.5,29168.6"
2026-05-15T16:00:00.000+07:00,"29169.1,29174.2,29159.2,29160.2"
2026-05-15T16:01:00.000+07:00,"29160.1,29168.4,29158.1,29161.1"
2026-05-15T16:02:00.000+07:00,"29161,29163.6,29151.7,29154.6"
2026-05-15T16:03:00.000+07:00,"29154.4,29165.5,29149.8,29163.8"
2026-05-15T16:04:00.000+07:00,"29163.3,29173.7,29161.5,29169.6"
2026-05-15T16:05:00.000+07:00,"29169.4,29193.3,29169.3,29189.5"
2026-05-15T16:06:00.000+07:00,"29189.7,29189.7,29164.5,29168.3"
2026-05-15T16:07:00.000+07:00,"29168.1,29174,29156,29158.1"
2026-05-15T16:08:00.000+07:00,"29158.2,29171.9,29152.8,29170"
2026-05-15T16:09:00.000+07:00,"29169.4,29170.2,29157.1,29166.9"
2026-05-15T16:10:00.000+07:00,"29166.8,29169.7,29152.9,29154.3"
2026-05-15T16:11:00.000+07:00,"29154.2,29167.7,29150.7,29160.5"
2026-05-15T16:12:00.000+07:00,"29160.6,29161.1,29143.5,29148"
2026-05-15T16:13:00.000+07:00,"29148.2,29149.3,29142.3,29145.5"
2026-05-15T16:14:00.000+07:00,"29146.3,29149.6,29136.7,29143.5"
2026-05-15T16:15:00.000+07:00,"29143.8,29151.8,29133.7,29137.3"
2026-05-15T16:16:00.000+07:00,"29137.6,29145.6,29123.7,29124.4"
2026-05-15T16:17:00.000+07:00,"29124,29138.8,29121.6,29130.2"
2026-05-15T16:18:00.000+07:00,"29130.4,29138.9,29121.9,29138.1"
2026-05-15T16:19:00.000+07:00,"29137.7,29139.7,29126.4,29128.7"
2026-05-15T16:20:00.000+07:00,"29128.9,29129.7,29103.6,29108.1"
2026-05-15T16:21:00.000+07:00,"29107.6,29116.1,29101.5,29101.5"
2026-05-15T16:22:00.000+07:00,"29101.4,29114.9,29094.3,29114.4"
2026-05-15T16:23:00.000+07:00,"29114.3,29118.1,29103.1,29105.8"
2026-05-15T16:24:00.000+07:00,"29105.6,29120.2,29104.3,29117.2"
2026-05-15T16:25:00.000+07:00,"29117.3,29121.6,29105.5,29110"
2026-05-15T16:26:00.000+07:00,"29109,29120.5,29096.6,29115.4"
2026-05-15T16:27:00.000+07:00,"29115.3,29125.3,29109.1,29119.9"
2026-05-15T16:28:00.000+07:00,"29119.1,29137.5,29117.2,29136.1"
2026-05-15T16:29:00.000+07:00,"29136,29159,29132.2,29156.9"
2026-05-15T16:30:00.000+07:00,"29156.7,29160.5,29139.7,29141.6"
2026-05-15T16:31:00.000+07:00,"29141.2,29150.9,29126.8,29128.3"
2026-05-15T16:32:00.000+07:00,"29128.5,29156.6,29127,29154.9"
2026-05-15T16:33:00.000+07:00,"29155.6,29165.9,29147.3,29159.7"
2026-05-15T16:34:00.000+07:00,"29159.8,29160.9,29144.1,29155.7"
2026-05-15T16:35:00.000+07:00,"29155.6,29159.5,29143.1,29149.9"
2026-05-15T16:36:00.000+07:00,"29150.1,29159.2,29137.4,29139.4"
2026-05-15T16:37:00.000+07:00,"29139.5,29141.6,29120.4,29123.2"
2026-05-15T16:38:00.000+07:00,"29123.6,29129.2,29116.4,29125.8"
2026-05-15T16:39:00.000+07:00,"29124.5,29140.1,29118.8,29137.1"
2026-05-15T16:40:00.000+07:00,"29137.3,29138.5,29122,29122"
2026-05-15T16:41:00.000+07:00,"29120.8,29126.6,29113.6,29123.7"
2026-05-15T16:42:00.000+07:00,"29123.6,29128.1,29116,29122.3"
2026-05-15T16:43:00.000+07:00,"29122.4,29129.9,29114.5,29119.4"
2026-05-15T16:44:00.000+07:00,"29119.8,29121.6,29102.7,29117"
2026-05-15T16:45:00.000+07:00,"29116.8,29117,29103.7,29106.9"
2026-05-15T16:46:00.000+07:00,"29105.6,29107.2,29094.2,29099.5"
2026-05-15T16:47:00.000+07:00,"29099.4,29110.6,29092.1,29099.3"
2026-05-15T16:48:00.000+07:00,"29099.1,29101.9,29090,29098.3"
2026-05-15T16:49:00.000+07:00,"29098.4,29113.6,29088,29112.9"
2026-05-15T16:50:00.000+07:00,"29110.7,29110.7,29088.7,29096.6"
2026-05-15T16:51:00.000+07:00,"29096.3,29097.7,29082,29084.6"
2026-05-15T16:52:00.000+07:00,"29084.9,29098.5,29082.5,29097.4"
2026-05-15T16:53:00.000+07:00,"29097.3,29111.8,29093.1,29111.3"
2026-05-15T16:54:00.000+07:00,"29111.4,29125.3,29108.5,29124.9"
2026-05-15T16:55:00.000+07:00,"29125,29145.3,29108.1,29142.8"
2026-05-15T16:56:00.000+07:00,"29144.5,29158.7,29120.7,29137.1"
2026-05-15T16:57:00.000+07:00,"29137.5,29140.7,29116.4,29126.7"
2026-05-15T16:58:00.000+07:00,"29126.5,29128.1,29115.9,29128"
2026-05-15T16:59:00.000+07:00,"29128.1,29132.8,29119.2,29127.5"
2026-05-15T17:00:00.000+07:00,"29128.4,29142.8,29128.4,29134.3"
2026-05-15T17:01:00.000+07:00,"29134.2,29147.9,29126.7,29134.8"
2026-05-15T17:02:00.000+07:00,"29134.9,29134.9,29117.3,29122.7"
2026-05-15T17:03:00.000+07:00,"29123,29126.8,29111.3,29114.2"
2026-05-15T17:04:00.000+07:00,"29114.4,29116.3,29104.9,29108.5"
2026-05-15T17:05:00.000+07:00,"29108.6,29141.1,29104,29137.4"
2026-05-15T17:06:00.000+07:00,"29137.3,29158.4,29135.3,29157.5"
2026-05-15T17:07:00.000+07:00,"29157.4,29170.3,29155.6,29158.3"
2026-05-15T17:08:00.000+07:00,"29158.4,29164.6,29149.6,29158.9"
2026-05-15T17:09:00.000+07:00,"29159,29161.9,29141.6,29156.5"
2026-05-15T17:10:00.000+07:00,"29157.6,29169.7,29155.1,29165"
2026-05-15T17:11:00.000+07:00,"29164.8,29177.2,29161.9,29164.2"
2026-05-15T17:12:00.000+07:00,"29164.1,29179.5,29162.3,29179.2"
2026-05-15T17:13:00.000+07:00,"29178.7,29180.7,29172.8,29176.5"
2026-05-15T17:14:00.000+07:00,"29178.2,29185.7,29173.5,29183"
2026-05-15T17:15:00.000+07:00,"29182.9,29186.1,29166.1,29184.5"
2026-05-15T17:16:00.000+07:00,"29184.9,29188.6,29177.2,29186.3"
2026-05-15T17:17:00.000+07:00,"29186.4,29196.1,29182,29194.1"
2026-05-15T17:18:00.000+07:00,"29193.8,29194,29168,29173.7"
2026-05-15T17:19:00.000+07:00,"29174.3,29179.1,29164.7,29168.6"
2026-05-15T17:20:00.000+07:00,"29168.5,29189.7,29167.5,29179.9"
2026-05-15T17:21:00.000+07:00,"29179.8,29183.5,29173,29175.1"
2026-05-15T17:22:00.000+07:00,"29175.2,29188.8,29173.6,29188.3"
2026-05-15T17:23:00.000+07:00,"29187.3,29206.5,29182.3,29205.6"
2026-05-15T17:24:00.000+07:00,"29206,29207.4,29190.6,29198.3"
2026-05-15T17:25:00.000+07:00,"29198.5,29212.1,29198.4,29202.3"
2026-05-15T17:26:00.000+07:00,"29202.2,29204,29191.3,29196"
2026-05-15T17:27:00.000+07:00,"29195.9,29196.6,29176.7,29177.4"
2026-05-15T17:28:00.000+07:00,"29177.7,29179.3,29171.5,29175.6"
2026-05-15T17:29:00.000+07:00,"29175.5,29182.8,29171.7,29178.2"
2026-05-15T17:30:00.000+07:00,"29178,29186.5,29172.8,29186.3"
2026-05-15T17:31:00.000+07:00,"29186.2,29192.5,29181.9,29192.1"
2026-05-15T17:32:00.000+07:00,"29192,29200.1,29186.3,29197.4"
2026-05-15T17:33:00.000+07:00,"29197.6,29206,29193.3,29205.1"
2026-05-15T17:34:00.000+07:00,"29204.8,29205.9,29192.7,29201"
2026-05-15T17:35:00.000+07:00,"29202.3,29208.3,29194.1,29196.9"
2026-05-15T17:36:00.000+07:00,"29196.8,29199.5,29185.3,29198.4"
2026-05-15T17:37:00.000+07:00,"29198.3,29202.7,29170.9,29175.1"
2026-05-15T17:38:00.000+07:00,"29175.3,29184.8,29166.3,29166.6"
2026-05-15T17:39:00.000+07:00,"29166.3,29173,29162,29164.6"
2026-05-15T17:40:00.000+07:00,"29165,29166.9,29150.4,29157.4"
2026-05-15T17:41:00.000+07:00,"29157.5,29159.7,29150.5,29152.6"
2026-05-15T17:42:00.000+07:00,"29152.5,29165.5,29150.9,29160.2"
2026-05-15T17:43:00.000+07:00,"29160.3,29170.2,29159.2,29162.7"
2026-05-15T17:44:00.000+07:00,"29160.7,29194.8,29153.5,29193.3"
2026-05-15T17:45:00.000+07:00,"29193.5,29210.8,29182.2,29206.3"
2026-05-15T17:46:00.000+07:00,"29205.3,29226.1,29196.4,29210.8"
2026-05-15T17:47:00.000+07:00,"29210.7,29241.4,29207.1,29235.8"
2026-05-15T17:48:00.000+07:00,"29235.7,29242.3,29222.8,29230.4"
2026-05-15T17:49:00.000+07:00,"29230.5,29243,29219.7,29223.9"
2026-05-15T17:50:00.000+07:00,"29223.6,29235.8,29215.6,29229.9"
2026-05-15T17:51:00.000+07:00,"29229.5,29270.9,29227.9,29266"
2026-05-15T17:52:00.000+07:00,"29265.9,29270.7,29247.7,29249.3"
2026-05-15T17:53:00.000+07:00,"29249,29257.6,29242.3,29246.1"
2026-05-15T17:54:00.000+07:00,"29246,29252.3,29227.3,29245.4"
2026-05-15T17:55:00.000+07:00,"29245.9,29254.7,29243.1,29246.5"
2026-05-15T17:56:00.000+07:00,"29246.3,29250.2,29234.6,29247.8"
2026-05-15T17:57:00.000+07:00,"29247.7,29257.1,29237.6,29252.5"
2026-05-15T17:58:00.000+07:00,"29252.3,29257.9,29243.4,29244.9"
2026-05-15T17:59:00.000+07:00,"29245.3,29247,29227.2,29234.1"
2026-05-15T18:00:00.000+07:00,"29234.3,29256.8,29233.3,29251.8"
2026-05-15T18:01:00.000+07:00,"29252,29257.4,29243.8,29243.9"
2026-05-15T18:02:00.000+07:00,"29243.7,29246.9,29223.5,29228.8"
2026-05-15T18:03:00.000+07:00,"29228.6,29234.5,29223.7,29228"
2026-05-15T18:04:00.000+07:00,"29227.8,29231.4,29208.1,29210.7"
2026-05-15T18:05:00.000+07:00,"29210.4,29223.1,29205.8,29221.7"
2026-05-15T18:06:00.000+07:00,"29221.6,29228.6,29219.8,29221.1"
2026-05-15T18:07:00.000+07:00,"29221.6,29222,29207,29209.5"
2026-05-15T18:08:00.000+07:00,"29210,29220.7,29208,29215"
2026-05-15T18:09:00.000+07:00,"29214.9,29217.2,29204.5,29213.3"
2026-05-15T18:10:00.000+07:00,"29213.1,29220.1,29204.9,29218.7"
2026-05-15T18:11:00.000+07:00,"29218.8,29231,29218.8,29230.3"
2026-05-15T18:12:00.000+07:00,"29230.7,29233.6,29211.3,29214.8"
2026-05-15T18:13:00.000+07:00,"29214.5,29218.8,29205,29213.7"
2026-05-15T18:14:00.000+07:00,"29213.6,29224.1,29209,29222.6"
2026-05-15T18:15:00.000+07:00,"29222.1,29225.9,29213.7,29223.2"
2026-05-15T18:16:00.000+07:00,"29223.1,29228.8,29214.3,29215.2"
2026-05-15T18:17:00.000+07:00,"29215.1,29224.1,29213.7,29221.2"
2026-05-15T18:18:00.000+07:00,"29221.1,29225,29212.9,29217.2"
2026-05-15T18:19:00.000+07:00,"29217.6,29221.3,29214.4,29219.6"
2026-05-15T18:20:00.000+07:00,"29219.7,29232.6,29219,29227.1"
2026-05-15T18:21:00.000+07:00,"29227.2,29233.4,29213.4,29218.1"
2026-05-15T18:22:00.000+07:00,"29218.3,29219.9,29210.6,29213.3"
2026-05-15T18:23:00.000+07:00,"29213.6,29215.8,29198.5,29199.3"
2026-05-15T18:24:00.000+07:00,"29199.1,29207.4,29198.4,29201.9"
2026-05-15T18:25:00.000+07:00,"29202,29207.7,29195.4,29200.2"
2026-05-15T18:26:00.000+07:00,"29200.5,29207.9,29196.6,29207.9"
2026-05-15T18:27:00.000+07:00,"29207.8,29212.5,29199,29210.8"
2026-05-15T18:28:00.000+07:00,"29210.9,29221.5,29208.2,29218.6"
2026-05-15T18:29:00.000+07:00,"29218.3,29218.3,29208.4,29208.6"
2026-05-15T18:30:00.000+07:00,"29208.8,29217.5,29204.7,29212.5"
2026-05-15T18:31:00.000+07:00,"29212.7,29221.3,29211.6,29217.6"
2026-05-15T18:32:00.000+07:00,"29217.9,29219.1,29204,29204.1"
2026-05-15T18:33:00.000+07:00,"29204,29212.1,29193.7,29194"
2026-05-15T18:34:00.000+07:00,"29193.8,29196.6,29173.8,29186.4"
2026-05-15T18:35:00.000+07:00,"29185.9,29195,29178.3,29194"
2026-05-15T18:36:00.000+07:00,"29193.9,29202.4,29185.1,29186.8"
2026-05-15T18:37:00.000+07:00,"29186.3,29197.8,29183.4,29196"
2026-05-15T18:38:00.000+07:00,"29196.3,29197.2,29190,29190.6"
2026-05-15T18:39:00.000+07:00,"29190.2,29190.2,29171.9,29178.7"
2026-05-15T18:40:00.000+07:00,"29179.2,29182.2,29174.4,29176"
2026-05-15T18:41:00.000+07:00,"29176.3,29176.4,29169.6,29170.4"
2026-05-15T18:42:00.000+07:00,"29170.7,29189.2,29170,29184.7"
2026-05-15T18:43:00.000+07:00,"29184.8,29185.2,29176.2,29178.1"
2026-05-15T18:44:00.000+07:00,"29178,29180.1,29168.4,29169.5"
2026-05-15T18:45:00.000+07:00,"29168,29182.3,29167.7,29177.8"
2026-05-15T18:46:00.000+07:00,"29177.9,29186.1,29176.3,29183.9"
2026-05-15T18:47:00.000+07:00,"29184.6,29188,29179.6,29186.7"
2026-05-15T18:48:00.000+07:00,"29186.6,29198.7,29186.1,29198.4"
2026-05-15T18:49:00.000+07:00,"29198.5,29200.2,29191.9,29193.1"
2026-05-15T18:50:00.000+07:00,"29194.1,29203.1,29185,29200.8"
2026-05-15T18:51:00.000+07:00,"29201,29214.8,29201,29206.8"
2026-05-15T18:52:00.000+07:00,"29206.9,29208.5,29197.1,29197.4"
2026-05-15T18:53:00.000+07:00,"29197.9,29200.1,29188,29195"
2026-05-15T18:54:00.000+07:00,"29195.1,29204.2,29195.1,29199.9"
2026-05-15T18:55:00.000+07:00,"29200.2,29204,29165.2,29173.5"
2026-05-15T18:56:00.000+07:00,"29173.1,29185.2,29171.1,29180.4"
2026-05-15T18:57:00.000+07:00,"29180.3,29180.6,29170.8,29171.1"
2026-05-15T18:58:00.000+07:00,"29171.2,29173.6,29160,29163.2"
2026-05-15T18:59:00.000+07:00,"29163.3,29166.8,29154.8,29157.9"
2026-05-15T19:00:00.000+07:00,"29158.1,29158.1,29146.9,29153.8"
2026-05-15T19:01:00.000+07:00,"29153.7,29157.5,29136,29153.1"
2026-05-15T19:02:00.000+07:00,"29152.9,29152.9,29134.5,29138.1"
2026-05-15T19:03:00.000+07:00,"29137.5,29143.3,29132.5,29141.7"
2026-05-15T19:04:00.000+07:00,"29141.8,29148.5,29137.7,29143.4"
2026-05-15T19:05:00.000+07:00,"29143.3,29148.4,29138.7,29142"
2026-05-15T19:06:00.000+07:00,"29142.2,29142.2,29125.7,29128.6"
2026-05-15T19:07:00.000+07:00,"29128.7,29129.1,29115.1,29115.3"
2026-05-15T19:08:00.000+07:00,"29115.1,29123.7,29110.3,29122.1"
2026-05-15T19:09:00.000+07:00,"29121.9,29130.9,29113.5,29129.7"
2026-05-15T19:10:00.000+07:00,"29130.7,29139.3,29122,29137.6"
2026-05-15T19:11:00.000+07:00,"29137.7,29138,29118.6,29126.9"
2026-05-15T19:12:00.000+07:00,"29127,29129.3,29106.1,29120.4"
2026-05-15T19:13:00.000+07:00,"29120.3,29120.6,29104.3,29108.6"
2026-05-15T19:14:00.000+07:00,"29108.5,29109.6,29083,29085.1"
2026-05-15T19:15:00.000+07:00,"29085.2,29100.6,29074.4,29094.8"
2026-05-15T19:16:00.000+07:00,"29094.9,29114.1,29086.6,29110.2"
2026-05-15T19:17:00.000+07:00,"29111.5,29114.2,29103.6,29113.4"
2026-05-15T19:18:00.000+07:00,"29113,29114.1,29097.4,29104.9"
2026-05-15T19:19:00.000+07:00,"29104.8,29114.6,29099.5,29111.9"
2026-05-15T19:20:00.000+07:00,"29112,29127.8,29111.2,29127.5"
2026-05-15T19:21:00.000+07:00,"29127.4,29135.3,29122.8,29129.5"
2026-05-15T19:22:00.000+07:00,"29130,29145.9,29126.9,29142.6"
2026-05-15T19:23:00.000+07:00,"29142.7,29146.2,29132.1,29133.6"
2026-05-15T19:24:00.000+07:00,"29133.5,29134.4,29107.8,29117.8"
2026-05-15T19:25:00.000+07:00,"29117.3,29117.6,29100.9,29110.9"
2026-05-15T19:26:00.000+07:00,"29111.2,29117.5,29105.1,29105.1"
2026-05-15T19:27:00.000+07:00,"29104.9,29104.9,29092.8,29101.5"
2026-05-15T19:28:00.000+07:00,"29101.7,29104.9,29097.9,29099"
2026-05-15T19:29:00.000+07:00,"29099.1,29104,29093,29102"
2026-05-15T19:30:00.000+07:00,"29102.1,29102.4,29057.5,29068.2"
2026-05-15T19:31:00.000+07:00,"29068.4,29087.9,29067.2,29086.4"
2026-05-15T19:32:00.000+07:00,"29086.3,29088.6,29071.1,29086.8"
2026-05-15T19:33:00.000+07:00,"29086.6,29089.3,29074.1,29079.8"
2026-05-15T19:34:00.000+07:00,"29080.1,29085,29068.9,29076.1"
2026-05-15T19:35:00.000+07:00,"29076.3,29076.4,29065.7,29072.9"
2026-05-15T19:36:00.000+07:00,"29073,29076,29057.4,29058.4"
2026-05-15T19:37:00.000+07:00,"29059.3,29062.1,29046.3,29052.8"
2026-05-15T19:38:00.000+07:00,"29052.3,29066.8,29050.6,29058.9"
2026-05-15T19:39:00.000+07:00,"29059.3,29071.3,29056.3,29065.9"
2026-05-15T19:40:00.000+07:00,"29065.8,29085.9,29063.3,29082.6"
2026-05-15T19:41:00.000+07:00,"29082.5,29092.9,29081.7,29088.9"
2026-05-15T19:42:00.000+07:00,"29089,29089.7,29065.1,29069.2"
2026-05-15T19:43:00.000+07:00,"29068.9,29081.9,29067.3,29079.6"
2026-05-15T19:44:00.000+07:00,"29079.7,29082,29062.2,29062.7"
2026-05-15T19:45:00.000+07:00,"29062.2,29067.3,29051.2,29062.3"
2026-05-15T19:46:00.000+07:00,"29062.4,29069.5,29059,29063.4"
2026-05-15T19:47:00.000+07:00,"29063.5,29066,29051.6,29058.3"
2026-05-15T19:48:00.000+07:00,"29057.7,29058.9,29046.9,29051.1"
2026-05-15T19:49:00.000+07:00,"29051.2,29060.4,29051.2,29057.1"
2026-05-15T19:50:00.000+07:00,"29057.6,29069.3,29056.9,29069.1"
2026-05-15T19:51:00.000+07:00,"29068.2,29079.7,29064,29077.1"
2026-05-15T19:52:00.000+07:00,"29076.7,29089.2,29074.6,29089.2"
2026-05-15T19:53:00.000+07:00,"29089.3,29090.7,29078.6,29082.4"
2026-05-15T19:54:00.000+07:00,"29082.6,29089.1,29074.5,29088.6"
2026-05-15T19:55:00.000+07:00,"29088.5,29089.9,29080,29089.5"
2026-05-15T19:56:00.000+07:00,"29089.7,29100.5,29089.6,29093.4"
2026-05-15T19:57:00.000+07:00,"29093.2,29099.9,29092.5,29098.4"
2026-05-15T19:58:00.000+07:00,"29098.1,29104.7,29093.6,29097.8"
2026-05-15T19:59:00.000+07:00,"29097.6,29100.8,29089.8,29092.6"
2026-05-15T20:00:00.000+07:00,"29093.5,29094.2,29066.7,29070.3"
2026-05-15T20:01:00.000+07:00,"29069.9,29072.9,29058.6,29065.1"
2026-05-15T20:02:00.000+07:00,"29065,29074.6,29058,29065.1"
2026-05-15T20:03:00.000+07:00,"29064.8,29072.8,29061.2,29072"
2026-05-15T20:04:00.000+07:00,"29072.5,29083.9,29066.5,29083.4"
2026-05-15T20:05:00.000+07:00,"29083.8,29086.7,29077.7,29083.1"
2026-05-15T20:06:00.000+07:00,"29083.3,29088.4,29075.4,29087.7"
2026-05-15T20:07:00.000+07:00,"29087.6,29090.7,29070.5,29071.6"
2026-05-15T20:08:00.000+07:00,"29071.8,29079.7,29064.7,29068.6"
2026-05-15T20:09:00.000+07:00,"29068.2,29075.5,29066.8,29075.2"
2026-05-15T20:10:00.000+07:00,"29075.3,29082.3,29073.5,29080.1"
2026-05-15T20:11:00.000+07:00,"29079.8,29085.8,29073.2,29073.7"
2026-05-15T20:12:00.000+07:00,"29073.6,29075.2,29065.9,29071.1"
2026-05-15T20:13:00.000+07:00,"29071.3,29076,29067.3,29068.4"
2026-05-15T20:14:00.000+07:00,"29068.5,29083.7,29068.4,29082"
2026-05-15T20:15:00.000+07:00,"29081.9,29083.7,29073,29074.8"
2026-05-15T20:16:00.000+07:00,"29075,29099.2,29071.1,29096.9"
2026-05-15T20:17:00.000+07:00,"29096,29105.3,29089.4,29105.2"
2026-05-15T20:18:00.000+07:00,"29104.7,29111,29097.1,29108.9"
2026-05-15T20:19:00.000+07:00,"29109.1,29112.9,29097.7,29102.9"
2026-05-15T20:20:00.000+07:00,"29103,29117.2,29101.8,29116"
2026-05-15T20:21:00.000+07:00,"29116.6,29117.6,29106.3,29109.6"
2026-05-15T20:22:00.000+07:00,"29110,29110.7,29099.8,29104.8"
2026-05-15T20:23:00.000+07:00,"29105,29115.8,29102.9,29108.1"
2026-05-15T20:24:00.000+07:00,"29107.9,29114.7,29102.1,29114.4"
2026-05-15T20:25:00.000+07:00,"29114.1,29147.7,29114.1,29141.7"
2026-05-15T20:26:00.000+07:00,"29141.4,29148.2,29135.1,29141.7"
2026-05-15T20:27:00.000+07:00,"29141.8,29145.8,29125.2,29128.6"
2026-05-15T20:28:00.000+07:00,"29129,29168.8,29128.7,29167"
2026-05-15T20:29:00.000+07:00,"29167.3,29188.7,29166.2,29182.7"
2026-05-15T20:30:00.000+07:00,"29182.8,29193.9,29144.3,29161.1"
2026-05-15T20:31:00.000+07:00,"29160.3,29164.3,29106.5,29162.5"
2026-05-15T20:32:00.000+07:00,"29163.1,29172.2,29128.4,29148.2"
2026-05-15T20:33:00.000+07:00,"29149.7,29150.7,29107.6,29114.9"
2026-05-15T20:34:00.000+07:00,"29114.8,29161.2,29092.8,29156.1"
2026-05-15T20:35:00.000+07:00,"29156.3,29158.8,29115,29115.6"
2026-05-15T20:36:00.000+07:00,"29114.6,29139.3,29100.4,29122.3"
2026-05-15T20:37:00.000+07:00,"29122.4,29131.7,29062.3,29071.9"
2026-05-15T20:38:00.000+07:00,"29069.2,29082.1,29055,29066.2"
2026-05-15T20:39:00.000+07:00,"29064.1,29094.9,29063,29070"
2026-05-15T20:40:00.000+07:00,"29069.9,29146.4,29065.6,29143"
2026-05-15T20:41:00.000+07:00,"29142.8,29143,29088.2,29119.7"
2026-05-15T20:42:00.000+07:00,"29119.4,29123.8,29074,29076.6"
2026-05-15T20:43:00.000+07:00,"29077.6,29108.1,29075.1,29092.8"
2026-05-15T20:44:00.000+07:00,"29093.3,29101.7,29068.6,29071"
2026-05-15T20:45:00.000+07:00,"29071.7,29084,29024.4,29037.2"
2026-05-15T20:46:00.000+07:00,"29036.8,29046.6,29000.9,29005.7"
2026-05-15T20:47:00.000+07:00,"29006.2,29058.1,28993,29050.9"
2026-05-15T20:48:00.000+07:00,"29051.5,29116.6,29047.3,29101.3"
2026-05-15T20:49:00.000+07:00,"29098.8,29125.6,29086.2,29121.5"
2026-05-15T20:50:00.000+07:00,"29122.3,29140.4,29088,29099.3"
2026-05-15T20:51:00.000+07:00,"29098.6,29102.1,29066.7,29081.7"
2026-05-15T20:52:00.000+07:00,"29081.8,29117.9,29076.3,29112.5"
2026-05-15T20:53:00.000+07:00,"29113.2,29130.1,29109.3,29119.4"
2026-05-15T20:54:00.000+07:00,"29120.2,29176,29118.4,29163"
2026-05-15T20:55:00.000+07:00,"29164,29176.4,29149.3,29174.5"
2026-05-15T20:56:00.000+07:00,"29174.4,29189.2,29151.7,29164"
2026-05-15T20:57:00.000+07:00,"29163.8,29163.8,29106.6,29109.7"
2026-05-15T20:58:00.000+07:00,"29109.6,29109.6,29061.2,29067.8"
2026-05-15T20:59:00.000+07:00,"29066.8,29079.1,29043.6,29050.1"
2026-05-15T21:00:00.000+07:00,"29046.9,29064,29036.2,29060.4"
2026-05-15T21:01:00.000+07:00,"29060,29085.7,29057.2,29083.4"
2026-05-15T21:02:00.000+07:00,"29083.5,29115.4,29082.1,29109.4"
2026-05-15T21:03:00.000+07:00,"29109.7,29113.4,29057.8,29070.9"
2026-05-15T21:04:00.000+07:00,"29069,29089.3,29046,29069.5"
2026-05-15T21:05:00.000+07:00,"29069.3,29092.9,29050.5,29074.5"
2026-05-15T21:06:00.000+07:00,"29074.9,29088.5,29067.4,29070.8"
2026-05-15T21:07:00.000+07:00,"29069.1,29087,29068.8,29081.4"
2026-05-15T21:08:00.000+07:00,"29081,29131,29081,29126.2"
2026-05-15T21:09:00.000+07:00,"29125.9,29137.6,29110.7,29114.4"
2026-05-15T21:10:00.000+07:00,"29115.9,29153,29115,29151.5"
2026-05-15T21:11:00.000+07:00,"29151.4,29153.8,29104.5,29135.7"
2026-05-15T21:12:00.000+07:00,"29133.8,29174.4,29133.8,29170.5"
2026-05-15T21:13:00.000+07:00,"29170.7,29207,29170.4,29185.8"
2026-05-15T21:14:00.000+07:00,"29184.4,29208.9,29182.9,29206"
2026-05-15T21:15:00.000+07:00,"29206.4,29228.1,29180.1,29223"
2026-05-15T21:16:00.000+07:00,"29222.7,29233.8,29209.1,29222.6"
2026-05-15T21:17:00.000+07:00,"29222.1,29238.1,29218.8,29226.6"
2026-05-15T21:18:00.000+07:00,"29226.4,29263.1,29225.1,29258.6"
2026-05-15T21:19:00.000+07:00,"29258.7,29266.9,29241.8,29253.3"
2026-05-15T21:20:00.000+07:00,"29252.7,29263.4,29237.6,29262"
2026-05-15T21:21:00.000+07:00,"29261.5,29284.2,29259.6,29263"
2026-05-15T21:22:00.000+07:00,"29264.7,29279.4,29257.4,29260.9"
2026-05-15T21:23:00.000+07:00,"29260.4,29285.4,29258.7,29268.3"
2026-05-15T21:24:00.000+07:00,"29267.5,29273.2,29241.8,29243.9"
2026-05-15T21:25:00.000+07:00,"29242.9,29248.8,29222,29232.2"
2026-05-15T21:26:00.000+07:00,"29232.4,29243.6,29207,29220.9"
2026-05-15T21:27:00.000+07:00,"29219.9,29220,29203.1,29206.3"
2026-05-15T21:28:00.000+07:00,"29206.4,29228.5,29201.1,29218.6"
2026-05-15T21:29:00.000+07:00,"29218.3,29219.1,29176,29196.5"
2026-05-15T21:30:00.000+07:00,"29196.4,29227.3,29192.9,29215.3"
2026-05-15T21:31:00.000+07:00,"29214.6,29232.1,29206.5,29214"
2026-05-15T21:32:00.000+07:00,"29214.3,29222.1,29190.2,29196"
2026-05-15T21:33:00.000+07:00,"29195.9,29220.7,29195.5,29209.8"
2026-05-15T21:34:00.000+07:00,"29209.5,29247.7,29203.9,29246.4"
2026-05-15T21:35:00.000+07:00,"29246.3,29250.2,29231.6,29233.9"
2026-05-15T21:36:00.000+07:00,"29233.7,29242.1,29206.8,29226.2"
2026-05-15T21:37:00.000+07:00,"29225.9,29254.9,29218.8,29234.4"
2026-05-15T21:38:00.000+07:00,"29234.3,29256.3,29234,29255.8"
2026-05-15T21:39:00.000+07:00,"29255.4,29259.9,29225.1,29226"
2026-05-15T21:40:00.000+07:00,"29225.9,29261.6,29223.2,29258"
2026-05-15T21:41:00.000+07:00,"29257.9,29261.5,29234.8,29242.2"
2026-05-15T21:42:00.000+07:00,"29242,29254.8,29228.5,29243.7"
2026-05-15T21:43:00.000+07:00,"29242.5,29250.4,29234.1,29242.3"
2026-05-15T21:44:00.000+07:00,"29242.1,29252.7,29229.8,29249.5"
2026-05-15T21:45:00.000+07:00,"29249.9,29254.7,29216.6,29221.2"
2026-05-15T21:46:00.000+07:00,"29221.3,29232.8,29195.6,29197.2"
2026-05-15T21:47:00.000+07:00,"29197,29221.8,29187.4,29201"
2026-05-15T21:48:00.000+07:00,"29200.9,29205.4,29183.6,29194.7"
2026-05-15T21:49:00.000+07:00,"29195.2,29201.5,29182.7,29192.6"
2026-05-15T21:50:00.000+07:00,"29192.9,29197.4,29154.8,29181.4"
2026-05-15T21:51:00.000+07:00,"29181.3,29185.3,29159.7,29165.8"
2026-05-15T21:52:00.000+07:00,"29166.1,29176.2,29152,29169.6"
2026-05-15T21:53:00.000+07:00,"29170.9,29194.4,29169.1,29178.2"
2026-05-15T21:54:00.000+07:00,"29178.4,29212.9,29177.2,29211"
2026-05-15T21:55:00.000+07:00,"29211.4,29230.9,29194.9,29210.4"
2026-05-15T21:56:00.000+07:00,"29209.9,29225.4,29208.5,29224.7"
2026-05-15T21:57:00.000+07:00,"29224.2,29231.4,29214,29217.5"
2026-05-15T21:58:00.000+07:00,"29217.2,29222.6,29191,29205.4"
2026-05-15T21:59:00.000+07:00,"29206.1,29207.1,29179.2,29185"
2026-05-15T22:00:00.000+07:00,"29183,29199.4,29177.3,29185.1"
2026-05-15T22:01:00.000+07:00,"29185.2,29213.6,29183.9,29189.3"
2026-05-15T22:02:00.000+07:00,"29189.1,29197.5,29163.4,29170.2"
2026-05-15T22:03:00.000+07:00,"29169.7,29181.6,29154.2,29176.1"
2026-05-15T22:04:00.000+07:00,"29176,29199.3,29169.6,29183.2"
2026-05-15T22:05:00.000+07:00,"29182.5,29186.8,29169.6,29178.4"
2026-05-15T22:06:00.000+07:00,"29178,29186.2,29152.6,29157.1"
2026-05-15T22:07:00.000+07:00,"29156.4,29161.9,29142.6,29150.5"
2026-05-15T22:08:00.000+07:00,"29150.1,29179.9,29147.9,29173"
2026-05-15T22:09:00.000+07:00,"29172.2,29222,29164.4,29221.5"
2026-05-15T22:10:00.000+07:00,"29221.8,29228.2,29214.4,29223.7"
2026-05-15T22:11:00.000+07:00,"29220.7,29224.5,29183.2,29200.4"
2026-05-15T22:12:00.000+07:00,"29199.4,29203.2,29179.9,29190.9"
2026-05-15T22:13:00.000+07:00,"29191.3,29209.7,29190.2,29203.8"
2026-05-15T22:14:00.000+07:00,"29203.7,29205.3,29167.7,29189.7"
2026-05-15T22:15:00.000+07:00,"29188.2,29196.4,29177.9,29182.7"
2026-05-15T22:16:00.000+07:00,"29182.8,29206.8,29182.8,29196.4"
2026-05-15T22:17:00.000+07:00,"29198.5,29222.9,29189,29215.4"
2026-05-15T22:18:00.000+07:00,"29215.7,29222.4,29209.1,29214.8"
2026-05-15T22:19:00.000+07:00,"29214.9,29224,29208.9,29214.4"
2026-05-15T22:20:00.000+07:00,"29214.5,29246.7,29214.1,29243.5"
2026-05-15T22:21:00.000+07:00,"29243.3,29260.6,29236,29250.7"
2026-05-15T22:22:00.000+07:00,"29249.8,29263.2,29246.6,29248.2"
2026-05-15T22:23:00.000+07:00,"29247.5,29256.7,29222.9,29229.4"
2026-05-15T22:24:00.000+07:00,"29229.1,29237.3,29216.1,29223.9"
2026-05-15T22:25:00.000+07:00,"29225.5,29231.9,29197.6,29206.9"
2026-05-15T22:26:00.000+07:00,"29206.7,29237.2,29202.8,29233"
2026-05-15T22:27:00.000+07:00,"29232.5,29247.1,29226.6,29231.1"
2026-05-15T22:28:00.000+07:00,"29231.2,29235.4,29206.2,29214.8"
2026-05-15T22:29:00.000+07:00,"29215.5,29235.2,29213.2,29235.2"
2026-05-15T22:30:00.000+07:00,"29236,29260.6,29235.8,29253.4"
2026-05-15T22:31:00.000+07:00,"29252.8,29269.6,29251.8,29267.1"
2026-05-15T22:32:00.000+07:00,"29267.2,29275.5,29263.5,29270"
2026-05-15T22:33:00.000+07:00,"29270.2,29275.3,29242.9,29247.6"
2026-05-15T22:34:00.000+07:00,"29247.4,29264.6,29241.8,29247.7"
2026-05-15T22:35:00.000+07:00,"29246.8,29265.1,29241.5,29259.9"
2026-05-15T22:36:00.000+07:00,"29259.8,29283.7,29257.4,29258.1"
2026-05-15T22:37:00.000+07:00,"29259.1,29282.7,29257.1,29277.2"
2026-05-15T22:38:00.000+07:00,"29276.7,29279.9,29260.5,29266.7"
2026-05-15T22:39:00.000+07:00,"29267.2,29275.2,29232.8,29237.2"
2026-05-15T22:40:00.000+07:00,"29235.8,29242.7,29217.9,29240"
2026-05-15T22:41:00.000+07:00,"29240.2,29246.3,29228.4,29243.4"
2026-05-15T22:42:00.000+07:00,"29243.2,29246.6,29226,29234.7"
2026-05-15T22:43:00.000+07:00,"29234.8,29237.9,29200.9,29212.1"
2026-05-15T22:44:00.000+07:00,"29212.2,29213.5,29174,29187.5"
2026-05-15T22:45:00.000+07:00,"29187.3,29198.1,29172.7,29189"
2026-05-15T22:46:00.000+07:00,"29188.9,29196.9,29183.5,29193.9"
2026-05-15T22:47:00.000+07:00,"29194.4,29195.8,29174.3,29174.8"
2026-05-15T22:48:00.000+07:00,"29174.7,29204.4,29172.8,29195.8"
2026-05-15T22:49:00.000+07:00,"29196.5,29197.7,29163.5,29171.5"
2026-05-15T22:50:00.000+07:00,"29171.6,29172.6,29141.9,29159"
2026-05-15T22:51:00.000+07:00,"29158.8,29169.1,29142.6,29156.3"
2026-05-15T22:52:00.000+07:00,"29156.4,29168.3,29153.4,29160.9"
2026-05-15T22:53:00.000+07:00,"29161,29162.9,29131.5,29141.4"
2026-05-15T22:54:00.000+07:00,"29141.5,29154.4,29136.7,29146.8"
2026-05-15T22:55:00.000+07:00,"29146,29154.8,29115.4,29149.8"
2026-05-15T22:56:00.000+07:00,"29149.5,29166.5,29139.8,29165.7"
2026-05-15T22:57:00.000+07:00,"29165.2,29177.2,29138.2,29144.7"
2026-05-15T22:58:00.000+07:00,"29144.8,29170.5,29144.3,29170.3"
2026-05-15T22:59:00.000+07:00,"29169.8,29189,29169.3,29185"
2026-05-15T23:00:00.000+07:00,"29184.4,29198.3,29181.7,29194.7"
2026-05-15T23:01:00.000+07:00,"29194.9,29203.4,29187.6,29200.6"
2026-05-15T23:02:00.000+07:00,"29200.9,29210,29197.6,29210"
2026-05-15T23:03:00.000+07:00,"29209.6,29213.3,29176,29181.7"
2026-05-15T23:04:00.000+07:00,"29181.9,29187.4,29167.7,29182.2"
2026-05-15T23:05:00.000+07:00,"29182.3,29194.7,29170.3,29190.2"
2026-05-15T23:06:00.000+07:00,"29189.5,29192.9,29164.7,29166.3"
2026-05-15T23:07:00.000+07:00,"29166.6,29180.9,29163.3,29179.1"
2026-05-15T23:08:00.000+07:00,"29178.4,29202.2,29177.5,29196.3"
2026-05-15T23:09:00.000+07:00,"29196.2,29203.1,29192.8,29200.2"
2026-05-15T23:10:00.000+07:00,"29200.3,29200.6,29176.9,29178.6"
2026-05-15T23:11:00.000+07:00,"29178.5,29182.5,29154.7,29166.6"
2026-05-15T23:12:00.000+07:00,"29166.9,29171.8,29157.6,29165.7"
2026-05-15T23:13:00.000+07:00,"29166.2,29177.4,29165.2,29175.4"
2026-05-15T23:14:00.000+07:00,"29175,29191.8,29174.1,29190.3"
2026-05-15T23:15:00.000+07:00,"29189.9,29190.6,29170,29174.9"
2026-05-15T23:16:00.000+07:00,"29174.7,29181.2,29162.5,29170.8"
2026-05-15T23:17:00.000+07:00,"29171,29172.6,29156.2,29172"
2026-05-15T23:18:00.000+07:00,"29172.1,29180.5,29168.3,29176.1"
2026-05-15T23:19:00.000+07:00,"29176.3,29184.1,29166.4,29175.5"
2026-05-15T23:20:00.000+07:00,"29175.6,29188,29169.5,29186.6"
2026-05-15T23:21:00.000+07:00,"29187.4,29207.2,29186.8,29194.7"
2026-05-15T23:22:00.000+07:00,"29193.6,29213.6,29191.7,29212.5"
2026-05-15T23:23:00.000+07:00,"29212,29214.5,29196.6,29210"
2026-05-15T23:24:00.000+07:00,"29210.7,29226.2,29208.2,29223.3"
2026-05-15T23:25:00.000+07:00,"29223.4,29236.8,29217.3,29231.1"
2026-05-15T23:26:00.000+07:00,"29230.7,29232.2,29216.7,29222.4"
2026-05-15T23:27:00.000+07:00,"29222.7,29232.6,29219.7,29232.3"
2026-05-15T23:28:00.000+07:00,"29232.2,29239,29218.2,29220.1"
2026-05-15T23:29:00.000+07:00,"29220.9,29234.7,29214,29234.7"
2026-05-15T23:30:00.000+07:00,"29233.9,29241.7,29223.8,29233.2"
2026-05-15T23:31:00.000+07:00,"29233.3,29247.4,29232.2,29241.8"
2026-05-15T23:32:00.000+07:00,"29241.7,29244.4,29231.7,29241.7"
2026-05-15T23:33:00.000+07:00,"29241.6,29245.5,29234.9,29242.3"
2026-05-15T23:34:00.000+07:00,"29242.1,29248.3,29238.8,29243.2"
2026-05-15T23:35:00.000+07:00,"29244.6,29245.2,29221.5,29228.2"
2026-05-15T23:36:00.000+07:00,"29229.1,29244.2,29229,29234.6"
2026-05-15T23:37:00.000+07:00,"29234.7,29236.7,29223.6,29232.5"
2026-05-15T23:38:00.000+07:00,"29233,29235.4,29217.7,29220.8"
2026-05-15T23:39:00.000+07:00,"29220.4,29236.5,29219.6,29234.3"
2026-05-15T23:40:00.000+07:00,"29234.4,29240.2,29226.9,29230.3"
2026-05-15T23:41:00.000+07:00,"29230.5,29233,29225.8,29226.9"
2026-05-15T23:42:00.000+07:00,"29227,29240.4,29219.6,29231.2"
2026-05-15T23:43:00.000+07:00,"29230.9,29237.6,29228.6,29233.1"
2026-05-15T23:44:00.000+07:00,"29232.9,29248.4,29229.9,29247.6"
2026-05-15T23:45:00.000+07:00,"29248,29252,29239.1,29251.1"
2026-05-15T23:46:00.000+07:00,"29251,29253.4,29233.1,29233.2"
2026-05-15T23:47:00.000+07:00,"29233.4,29251.1,29233.4,29250.7"
2026-05-15T23:48:00.000+07:00,"29250.9,29252.6,29239.3,29243.6"
2026-05-15T23:49:00.000+07:00,"29243.2,29245.5,29235.4,29235.7"
2026-05-15T23:50:00.000+07:00,"29235.6,29251.7,29235.1,29244.4"
2026-05-15T23:51:00.000+07:00,"29245.2,29252.1,29236.4,29237.6"
2026-05-15T23:52:00.000+07:00,"29237.9,29241.5,29217,29219"
2026-05-15T23:53:00.000+07:00,"29219.1,29219.1,29205,29205"
2026-05-15T23:54:00.000+07:00,"29205.5,29214.5,29181.8,29189.4"
2026-05-15T23:55:00.000+07:00,"29189.6,29216.9,29187.8,29214.3"
2026-05-15T23:56:00.000+07:00,"29214,29222.2,29210.4,29220.8"
2026-05-15T23:57:00.000+07:00,"29219.5,29232.7,29217.8,29226.2"
2026-05-15T23:58:00.000+07:00,"29226,29232,29207.3,29212.1"
2026-05-15T23:59:00.000+07:00,"29212.3,29228.3,29209.3,29226.3"
2026-05-16T00:00:00.000+07:00,"29226.1,29230.2,29213.9,29222.9"
2026-05-16T00:01:00.000+07:00,"29223,29229.7,29214.3,29229.5"
2026-05-16T00:02:00.000+07:00,"29229.6,29240.6,29226.1,29235.5"
2026-05-16T00:03:00.000+07:00,"29235.8,29237.6,29216.9,29222.5"
2026-05-16T00:04:00.000+07:00,"29221.8,29230.3,29216,29227.5"
2026-05-16T00:05:00.000+07:00,"29227.4,29239.1,29221.6,29238.1"
2026-05-16T00:06:00.000+07:00,"29237.5,29255.7,29237,29251.7"
2026-05-16T00:07:00.000+07:00,"29251.6,29254.4,29242.5,29245.8"
2026-05-16T00:08:00.000+07:00,"29245.7,29253.5,29244.5,29251.2"
2026-05-16T00:09:00.000+07:00,"29251.1,29254.9,29243.4,29251.8"
2026-05-16T00:10:00.000+07:00,"29251.3,29261.8,29248.1,29256.6"
2026-05-16T00:11:00.000+07:00,"29256.5,29259.6,29251.6,29258.4"
2026-05-16T00:12:00.000+07:00,"29257.6,29262.7,29248.5,29262.2"
2026-05-16T00:13:00.000+07:00,"29262.1,29262.1,29242.5,29249.9"
2026-05-16T00:14:00.000+07:00,"29250.1,29264.4,29247,29263.2"
2026-05-16T00:15:00.000+07:00,"29263.1,29264.9,29245.1,29248.1"
2026-05-16T00:16:00.000+07:00,"29248.2,29256.2,29244.1,29244.3"
2026-05-16T00:17:00.000+07:00,"29244.2,29251.7,29242.1,29247.9"
2026-05-16T00:18:00.000+07:00,"29247.8,29259.6,29247.8,29259.6"
2026-05-16T00:19:00.000+07:00,"29259.8,29267.3,29252.1,29267.2"
2026-05-16T00:20:00.000+07:00,"29267.6,29274.7,29261.4,29272"
2026-05-16T00:21:00.000+07:00,"29272.1,29280.5,29271.5,29277"
2026-05-16T00:22:00.000+07:00,"29276.6,29291.9,29268.3,29290.4"
2026-05-16T00:23:00.000+07:00,"29290.5,29298.4,29287.5,29291.8"
2026-05-16T00:24:00.000+07:00,"29291.7,29306.6,29291.6,29304.7"
2026-05-16T00:25:00.000+07:00,"29304.8,29322.9,29302.8,29314.2"
2026-05-16T00:26:00.000+07:00,"29314.3,29331.8,29312.9,29322.3"
2026-05-16T00:27:00.000+07:00,"29322.5,29326.3,29314.2,29323.4"
2026-05-16T00:28:00.000+07:00,"29323.2,29329.9,29320.5,29327.3"
2026-05-16T00:29:00.000+07:00,"29326.7,29327.3,29315.7,29319.4"
2026-05-16T00:30:00.000+07:00,"29319.5,29328.5,29314.8,29326.5"
2026-05-16T00:31:00.000+07:00,"29326.7,29333.1,29323.2,29327.3"
2026-05-16T00:32:00.000+07:00,"29327.7,29334.4,29327.5,29331.9"
2026-05-16T00:33:00.000+07:00,"29331.5,29338.6,29324,29336.5"
2026-05-16T00:34:00.000+07:00,"29336.4,29344.5,29336.1,29343.5"
2026-05-16T00:35:00.000+07:00,"29343.3,29346.4,29335.4,29342.8"
2026-05-16T00:36:00.000+07:00,"29342.7,29347,29333.6,29344"
2026-05-16T00:37:00.000+07:00,"29343.9,29346.8,29335.1,29337.4"
2026-05-16T00:38:00.000+07:00,"29337.1,29341,29324.6,29337.3"
2026-05-16T00:39:00.000+07:00,"29337.7,29343.6,29330.5,29341.1"
2026-05-16T00:40:00.000+07:00,"29341,29347.2,29331.3,29332.6"
2026-05-16T00:41:00.000+07:00,"29333,29335.1,29311.5,29314"
2026-05-16T00:42:00.000+07:00,"29313.3,29326.9,29308,29323.8"
2026-05-16T00:43:00.000+07:00,"29324,29334.2,29322.5,29332.7"
2026-05-16T00:44:00.000+07:00,"29332.2,29334.5,29326.4,29327"
2026-05-16T00:45:00.000+07:00,"29327.1,29336.8,29325.3,29334.2"
2026-05-16T00:46:00.000+07:00,"29334.1,29336,29324.1,29325.4"
2026-05-16T00:47:00.000+07:00,"29325.2,29329.8,29319.7,29328.6"
2026-05-16T00:48:00.000+07:00,"29328.5,29335,29318.5,29318.6"
2026-05-16T00:49:00.000+07:00,"29318.8,29322.9,29315.9,29320.7"
2026-05-16T00:50:00.000+07:00,"29320.8,29330.7,29320.5,29327.2"
2026-05-16T00:51:00.000+07:00,"29327,29334.3,29326.4,29328.9"
2026-05-16T00:52:00.000+07:00,"29329.2,29338.7,29325.9,29333.1"
2026-05-16T00:53:00.000+07:00,"29333,29345,29332.4,29342.7"
2026-05-16T00:54:00.000+07:00,"29342.9,29345.6,29338.1,29341.7"
2026-05-16T00:55:00.000+07:00,"29341.8,29342.1,29335.7,29340.8"
2026-05-16T00:56:00.000+07:00,"29341.3,29348.4,29336.1,29345.5"
2026-05-16T00:57:00.000+07:00,"29345.8,29351.2,29329.2,29333.6"
2026-05-16T00:58:00.000+07:00,"29334.3,29347.5,29334,29346.1"
2026-05-16T00:59:00.000+07:00,"29345.8,29353.9,29341.9,29351.6"
2026-05-16T01:00:00.000+07:00,"29351.3,29368,29351.3,29358.5"
2026-05-16T01:01:00.000+07:00,"29358.9,29365.1,29349.9,29354.9"
2026-05-16T01:02:00.000+07:00,"29355,29362.4,29352,29358"
2026-05-16T01:03:00.000+07:00,"29357.6,29364.7,29356.6,29363.8"
2026-05-16T01:04:00.000+07:00,"29363.6,29366.2,29359.2,29365.5"
2026-05-16T01:05:00.000+07:00,"29365.2,29374.8,29363.6,29372.7"
2026-05-16T01:06:00.000+07:00,"29372.8,29376.4,29366.1,29374.6"
2026-05-16T01:07:00.000+07:00,"29374.7,29384.6,29372.7,29382.3"
2026-05-16T01:08:00.000+07:00,"29382,29390.2,29370.4,29373.9"
2026-05-16T01:09:00.000+07:00,"29374.3,29382.2,29367.7,29372.1"
2026-05-16T01:10:00.000+07:00,"29371.9,29380.1,29366.7,29377.9"
2026-05-16T01:11:00.000+07:00,"29376.5,29378.9,29370.4,29372.8"
2026-05-16T01:12:00.000+07:00,"29372.7,29387.8,29371.8,29386.9"
2026-05-16T01:13:00.000+07:00,"29387.2,29387.7,29375.8,29383.5"
2026-05-16T01:14:00.000+07:00,"29383.1,29386.1,29370.4,29371.3"
2026-05-16T01:15:00.000+07:00,"29371.6,29375.3,29353.6,29357.6"
2026-05-16T01:16:00.000+07:00,"29357.2,29363.8,29352,29352.5"
2026-05-16T01:17:00.000+07:00,"29352.3,29357.9,29349.9,29351.6"
2026-05-16T01:18:00.000+07:00,"29350.1,29353.7,29307,29319"
2026-05-16T01:19:00.000+07:00,"29318.3,29318.3,29291.2,29299.6"
2026-05-16T01:20:00.000+07:00,"29298.2,29316.5,29292.3,29314.1"
2026-05-16T01:21:00.000+07:00,"29313.8,29321.3,29307.2,29312.2"
2026-05-16T01:22:00.000+07:00,"29312.5,29333.2,29309.5,29327.7"
2026-05-16T01:23:00.000+07:00,"29327.5,29338.2,29323.7,29335.8"
2026-05-16T01:24:00.000+07:00,"29336,29342.8,29323.3,29323.7"
2026-05-16T01:25:00.000+07:00,"29323.3,29331.4,29310.1,29316.8"
2026-05-16T01:26:00.000+07:00,"29316.9,29318.2,29295.7,29300.8"
2026-05-16T01:27:00.000+07:00,"29300.6,29302.4,29284.9,29290.3"
2026-05-16T01:28:00.000+07:00,"29290.1,29294.3,29278.3,29282.6"
2026-05-16T01:29:00.000+07:00,"29282.8,29292.7,29278.1,29286.6"
2026-05-16T01:30:00.000+07:00,"29287.4,29293.4,29270.8,29271.7"
2026-05-16T01:31:00.000+07:00,"29270.5,29270.5,29234.6,29234.9"
2026-05-16T01:32:00.000+07:00,"29235,29249,29218.7,29248"
2026-05-16T01:33:00.000+07:00,"29248.2,29249.5,29229.2,29233"
2026-05-16T01:34:00.000+07:00,"29233.6,29247.5,29229.9,29243.1"
2026-05-16T01:35:00.000+07:00,"29244,29258.5,29242.2,29247.8"
2026-05-16T01:36:00.000+07:00,"29248.2,29272.9,29246.4,29271.5"
2026-05-16T01:37:00.000+07:00,"29271.3,29273.7,29263.6,29268.8"
2026-05-16T01:38:00.000+07:00,"29268.4,29277.5,29257.5,29275.6"
2026-05-16T01:39:00.000+07:00,"29275.5,29286,29273.4,29284.8"
2026-05-16T01:40:00.000+07:00,"29285.6,29285.9,29263.4,29265.8"
2026-05-16T01:41:00.000+07:00,"29266,29274.8,29264,29269.5"
2026-05-16T01:42:00.000+07:00,"29269.4,29270.4,29252.9,29262.1"
2026-05-16T01:43:00.000+07:00,"29261.3,29273,29257.8,29268.1"
2026-05-16T01:44:00.000+07:00,"29268,29281.4,29263.8,29278.8"
2026-05-16T01:45:00.000+07:00,"29278.3,29282,29258.5,29261"
2026-05-16T01:46:00.000+07:00,"29261.1,29271.5,29259.3,29271.1"
2026-05-16T01:47:00.000+07:00,"29271.5,29272.3,29255.9,29263"
2026-05-16T01:48:00.000+07:00,"29263.9,29276.1,29261.4,29273.3"
2026-05-16T01:49:00.000+07:00,"29273.2,29281.9,29268.4,29275.3"
2026-05-16T01:50:00.000+07:00,"29274.8,29285.2,29267.1,29269.8"
2026-05-16T01:51:00.000+07:00,"29270.2,29279.2,29265.8,29273.6"
2026-05-16T01:52:00.000+07:00,"29273.8,29281,29268.7,29281"
2026-05-16T01:53:00.000+07:00,"29281.2,29292.8,29281.2,29292.8"
2026-05-16T01:54:00.000+07:00,"29293.3,29305.4,29290,29301.9"
2026-05-16T01:55:00.000+07:00,"29302.1,29308.9,29293.7,29305.5"
2026-05-16T01:56:00.000+07:00,"29304.9,29308.7,29291.4,29291.4"
2026-05-16T01:57:00.000+07:00,"29291.7,29297.7,29276.8,29278.1"
2026-05-16T01:58:00.000+07:00,"29277.2,29283.8,29273.8,29280.4"
2026-05-16T01:59:00.000+07:00,"29280.6,29299,29280.5,29292.5"
2026-05-16T02:00:00.000+07:00,"29291.5,29299.5,29276.5,29280.1"
2026-05-16T02:01:00.000+07:00,"29280.4,29283.5,29273,29274.2"
2026-05-16T02:02:00.000+07:00,"29274.3,29279.7,29264.4,29271.7"
2026-05-16T02:03:00.000+07:00,"29271.9,29274.2,29265.3,29272.1"
2026-05-16T02:04:00.000+07:00,"29272.2,29274.6,29252.8,29256.9"
2026-05-16T02:05:00.000+07:00,"29256.4,29265.3,29253,29263.7"
2026-05-16T02:06:00.000+07:00,"29263.8,29263.9,29247.1,29248.8"
2026-05-16T02:07:00.000+07:00,"29248.7,29252.8,29233.6,29242.7"
2026-05-16T02:08:00.000+07:00,"29243.2,29247.9,29232.3,29238.2"
2026-05-16T02:09:00.000+07:00,"29237.9,29244.3,29226.1,29233.7"
2026-05-16T02:10:00.000+07:00,"29233.4,29234.4,29218.5,29221.7"
2026-05-16T02:11:00.000+07:00,"29221.9,29227.4,29210.7,29216.4"
2026-05-16T02:12:00.000+07:00,"29216.5,29221.8,29201.9,29218.2"
2026-05-16T02:13:00.000+07:00,"29217.9,29231,29214.6,29226.4"
2026-05-16T02:14:00.000+07:00,"29227.4,29231.7,29219.5,29223.2"
2026-05-16T02:15:00.000+07:00,"29222.9,29224.7,29208.8,29221.8"
2026-05-16T02:16:00.000+07:00,"29222.2,29222.3,29210.8,29213.9"
2026-05-16T02:17:00.000+07:00,"29214,29215.7,29200.9,29203.7"
2026-05-16T02:18:00.000+07:00,"29203.8,29212.1,29187.6,29210"
2026-05-16T02:19:00.000+07:00,"29210.1,29220.7,29201.8,29203.3"
2026-05-16T02:20:00.000+07:00,"29203.5,29205.9,29195.1,29205"
2026-05-16T02:21:00.000+07:00,"29205.1,29220.5,29191.9,29207.5"
2026-05-16T02:22:00.000+07:00,"29207.3,29224.7,29200.5,29217.5"
2026-05-16T02:23:00.000+07:00,"29217.8,29221.9,29201,29201.7"
2026-05-16T02:24:00.000+07:00,"29201.5,29206.5,29190.9,29191.9"
2026-05-16T02:25:00.000+07:00,"29191.7,29199.8,29190,29199.4"
2026-05-16T02:26:00.000+07:00,"29199.7,29204.7,29193,29193.7"
2026-05-16T02:27:00.000+07:00,"29193.3,29198.8,29188.8,29197.7"
2026-05-16T02:28:00.000+07:00,"29198.1,29199.3,29186.5,29195.7"
2026-05-16T02:29:00.000+07:00,"29196,29200.9,29189.4,29193.6"
2026-05-16T02:30:00.000+07:00,"29193.4,29213.1,29189.1,29212.6"
2026-05-16T02:31:00.000+07:00,"29212.5,29223.7,29208.9,29213.4"
2026-05-16T02:32:00.000+07:00,"29212.5,29217.1,29206,29212.1"
2026-05-16T02:33:00.000+07:00,"29211.7,29218.3,29203.3,29204.4"
2026-05-16T02:34:00.000+07:00,"29204.3,29214.1,29200.5,29214.1"
2026-05-16T02:35:00.000+07:00,"29214.2,29221.5,29198.3,29221.4"
2026-05-16T02:36:00.000+07:00,"29220.8,29230.2,29213.7,29225.9"
2026-05-16T02:37:00.000+07:00,"29226,29226.7,29215.8,29218.3"
2026-05-16T02:38:00.000+07:00,"29219.1,29229,29215.7,29221.4"
2026-05-16T02:39:00.000+07:00,"29220.3,29233.7,29218.8,29229.8"
2026-05-16T02:40:00.000+07:00,"29230.4,29241.7,29219.2,29226"
2026-05-16T02:41:00.000+07:00,"29226.1,29238,29223.6,29235.4"
2026-05-16T02:42:00.000+07:00,"29235,29236.2,29210,29212.8"
2026-05-16T02:43:00.000+07:00,"29213.1,29214.8,29203.8,29205.9"
2026-05-16T02:44:00.000+07:00,"29205.8,29208.8,29194.8,29198"
2026-05-16T02:45:00.000+07:00,"29197.9,29206.3,29192.2,29193.4"
2026-05-16T02:46:00.000+07:00,"29193.3,29193.3,29172.4,29187.9"
2026-05-16T02:47:00.000+07:00,"29187.6,29207.8,29183.8,29196.5"
2026-05-16T02:48:00.000+07:00,"29196.6,29202.5,29190.3,29200.6"
2026-05-16T02:49:00.000+07:00,"29201,29206.7,29188.6,29201.8"
2026-05-16T02:50:00.000+07:00,"29201.2,29201.4,29164.3,29165.4"
2026-05-16T02:51:00.000+07:00,"29165.2,29185.4,29161,29185.4"
2026-05-16T02:52:00.000+07:00,"29185.9,29185.9,29159.4,29159.9"
2026-05-16T02:53:00.000+07:00,"29160.1,29168.9,29150.1,29150.2"
2026-05-16T02:54:00.000+07:00,"29150.8,29158.7,29132.4,29136.5"
2026-05-16T02:55:00.000+07:00,"29137,29137.7,29109.8,29125"
2026-05-16T02:56:00.000+07:00,"29124.9,29135.4,29119.4,29130.1"
2026-05-16T02:57:00.000+07:00,"29129.7,29149.9,29119.8,29144"
2026-05-16T02:58:00.000+07:00,"29143.6,29143.6,29126.1,29128.7"
2026-05-16T02:59:00.000+07:00,"29127.9,29146.1,29122.4,29134.7"
2026-05-16T03:00:00.000+07:00,"29133.5,29133.9,29079.2,29079.4"
2026-05-16T03:01:00.000+07:00,"29079.1,29089.6,29065.4,29079.9"
2026-05-16T03:02:00.000+07:00,"29079.8,29085.1,29063,29071.4"
2026-05-16T03:03:00.000+07:00,"29068.4,29068.4,29039.9,29059.5"
2026-05-16T03:04:00.000+07:00,"29059.2,29076.1,29059.2,29075.1"
2026-05-16T03:05:00.000+07:00,"29074.6,29076.6,29051,29053.1"
2026-05-16T03:06:00.000+07:00,"29052.5,29056.9,29039.9,29050.9"
2026-05-16T03:07:00.000+07:00,"29049.9,29055,29039.7,29055"
2026-05-16T03:08:00.000+07:00,"29055.2,29055.2,29045.6,29050.3"
2026-05-16T03:09:00.000+07:00,"29047.5,29052.6,29024.8,29029.4"
2026-05-16T03:10:00.000+07:00,"29030.6,29030.6,29015.9,29022.9"
2026-05-16T03:11:00.000+07:00,"29023.2,29031.9,29013.6,29021.2"
2026-05-16T03:12:00.000+07:00,"29020.4,29045.3,29019,29042.1"
2026-05-16T03:13:00.000+07:00,"29042,29056.2,29042,29050.9"
2026-05-16T03:14:00.000+07:00,"29051.1,29058.1,29038.4,29054.4"
2026-05-16T03:15:00.000+07:00,"29054.2,29058.7,29048.7,29054"
2026-05-16T03:16:00.000+07:00,"29053.8,29055,29042.6,29048.8"
2026-05-16T03:17:00.000+07:00,"29048.5,29067.8,29045.1,29063.8"
2026-05-16T03:18:00.000+07:00,"29064,29093.7,29063.1,29087.7"
2026-05-16T03:19:00.000+07:00,"29088.9,29088.9,29070.4,29072.1"
2026-05-16T03:20:00.000+07:00,"29071.7,29073.4,29045.4,29057"
2026-05-16T03:21:00.000+07:00,"29057.1,29067.4,29052.7,29064.9"
2026-05-16T03:22:00.000+07:00,"29065.7,29072.5,29061.5,29070.8"
2026-05-16T03:23:00.000+07:00,"29070.3,29075,29066.3,29066.5"
2026-05-16T03:24:00.000+07:00,"29066.8,29066.8,29059.1,29064.7"
2026-05-16T03:25:00.000+07:00,"29064.9,29073.7,29063.8,29067.2"
2026-05-16T03:26:00.000+07:00,"29066.8,29071.4,29061.4,29066.7"
2026-05-16T03:27:00.000+07:00,"29066.9,29068.3,29053.9,29059.8"
2026-05-16T03:28:00.000+07:00,"29060.9,29068.4,29060.9,29064.2"
2026-05-16T03:29:00.000+07:00,"29064.9,29082.9,29059.5,29077.5"
2026-05-16T03:30:00.000+07:00,"29078.3,29080.7,29075.4,29077"
2026-05-16T03:31:00.000+07:00,"29077.2,29078.7,29067.3,29078.4"
2026-05-16T03:32:00.000+07:00,"29079.4,29081.8,29074.5,29079.6"
2026-05-16T03:33:00.000+07:00,"29079.8,29081.7,29072.3,29076.5"
2026-05-16T03:34:00.000+07:00,"29077.5,29078.7,29071.8,29071.8"
2026-05-16T03:35:00.000+07:00,"29071.9,29080.9,29069,29076.8"
2026-05-16T03:36:00.000+07:00,"29078.3,29078.3,29072.7,29075.2"
2026-05-16T03:37:00.000+07:00,"29075.7,29079.5,29068.5,29069.9"
2026-05-16T03:38:00.000+07:00,"29069.4,29075.9,29069.3,29073.9"
2026-05-16T03:39:00.000+07:00,"29074.2,29075.9,29070.2,29074.2"
2026-05-16T03:40:00.000+07:00,"29074,29077.3,29072,29076"
2026-05-16T03:41:00.000+07:00,"29075.7,29075.9,29070.2,29071.2"
2026-05-16T03:42:00.000+07:00,"29071.5,29073.6,29068.1,29073"
2026-05-16T03:43:00.000+07:00,"29073.3,29074.8,29070.9,29072.3"
2026-05-16T03:44:00.000+07:00,"29072.8,29076.5,29072.3,29074.6"
2026-05-16T03:45:00.000+07:00,"29074.1,29076.7,29071.4,29071.4"
2026-05-16T03:46:00.000+07:00,"29072.9,29074.2,29070.3,29070.3"
2026-05-16T03:47:00.000+07:00,"29070.1,29076.5,29069.1,29076.5"
2026-05-16T03:48:00.000+07:00,"29076.7,29081.1,29074.1,29075.9"
2026-05-16T03:49:00.000+07:00,"29075.1,29080.2,29072.6,29077.6"
2026-05-16T03:50:00.000+07:00,"29078.1,29078.5,29070.6,29072.6"
2026-05-16T03:51:00.000+07:00,"29072.9,29074,29070.1,29073"
2026-05-16T03:52:00.000+07:00,"29075,29075.2,29069.8,29071.8"
2026-05-16T03:53:00.000+07:00,"29072.6,29073.1,29070.4,29072.8"
2026-05-16T03:54:00.000+07:00,"29073.1,29077,29073.1,29076.7"
2026-05-16T03:55:00.000+07:00,"29076.2,29076.2,29066.3,29068.6"
2026-05-16T03:56:00.000+07:00,"29069.1,29070.3,29066.7,29068.2"
2026-05-16T03:57:00.000+07:00,"29069,29071,29065,29067.9"
2026-05-16T03:58:00.000+07:00,"29068.9,29090.5,29060.1,29087.8"
2026-05-16T03:59:00.000+07:00,"29088.3,29098.1,29073.55,29074.3"
2026-05-18T05:00:00.000+07:00,"29064.6,29124.5,29064.5,29103.2"
2026-05-18T05:01:00.000+07:00,"29103.7,29121.4,29095.5,29110.5"
2026-05-18T05:02:00.000+07:00,"29110.2,29111.4,29096.2,29110"
2026-05-18T05:03:00.000+07:00,"29109.7,29117.5,29107,29116"
2026-05-18T05:04:00.000+07:00,"29116.1,29134.3,29115,29134.3"
2026-05-18T05:05:00.000+07:00,"29134.4,29167.8,29134.2,29165.1"
2026-05-18T05:06:00.000+07:00,"29165.5,29183.3,29156.1,29171.2"
2026-05-18T05:07:00.000+07:00,"29171.5,29185.1,29164.8,29178.3"
2026-05-18T05:08:00.000+07:00,"29178.4,29179,29165.8,29175.9"
2026-05-18T05:09:00.000+07:00,"29176.2,29182,29159.5,29171.2"
2026-05-18T05:10:00.000+07:00,"29172.5,29174.6,29161,29168.6"
2026-05-18T05:11:00.000+07:00,"29168.3,29182,29168.3,29172.5"
2026-05-18T05:12:00.000+07:00,"29172.3,29175.3,29156.7,29161"
2026-05-18T05:13:00.000+07:00,"29162.2,29165.6,29150.1,29156.7"
2026-05-18T05:14:00.000+07:00,"29157.7,29157.7,29148.1,29152.9"
2026-05-18T05:15:00.000+07:00,"29153,29156.2,29143.4,29155.6"
2026-05-18T05:16:00.000+07:00,"29155.5,29156.5,29141.8,29141.9"
2026-05-18T05:17:00.000+07:00,"29142.1,29143.4,29135.7,29137.5"
2026-05-18T05:18:00.000+07:00,"29137.7,29157.8,29133.4,29153.6"
2026-05-18T05:19:00.000+07:00,"29156.8,29166,29150.9,29152"
2026-05-18T05:20:00.000+07:00,"29153.7,29158.4,29147.3,29149.6"
2026-05-18T05:21:00.000+07:00,"29149.7,29155.3,29143.5,29149.3"
2026-05-18T05:22:00.000+07:00,"29149.6,29151,29126.3,29127.6"
2026-05-18T05:23:00.000+07:00,"29127.3,29133.6,29099.1,29115"
2026-05-18T05:24:00.000+07:00,"29115.5,29116,29093,29100.1"
2026-05-18T05:25:00.000+07:00,"29100.5,29113.8,29096.6,29112.2"
2026-05-18T05:26:00.000+07:00,"29112.9,29125.2,29110.1,29122.7"
2026-05-18T05:27:00.000+07:00,"29125.9,29128.1,29123.1,29125.2"
2026-05-18T05:28:00.000+07:00,"29124.9,29130.4,29115.9,29121.4"
2026-05-18T05:29:00.000+07:00,"29121.5,29128.7,29118.8,29125.6"
2026-05-18T05:30:00.000+07:00,"29125.5,29139,29125.5,29132.8"
2026-05-18T05:31:00.000+07:00,"29134.1,29143.9,29133.8,29139.2"
2026-05-18T05:32:00.000+07:00,"29139.3,29140.2,29129.7,29133.7"
2026-05-18T05:33:00.000+07:00,"29134.2,29134.4,29122.7,29128.4"
2026-05-18T05:34:00.000+07:00,"29129.5,29130.8,29119.5,29120"
2026-05-18T05:35:00.000+07:00,"29113.9,29115.5,29105.8,29109.2"
2026-05-18T05:36:00.000+07:00,"29109.5,29109.5,29102.1,29105.2"
2026-05-18T05:37:00.000+07:00,"29105.1,29120.1,29103.4,29113.3"
2026-05-18T05:38:00.000+07:00,"29113.2,29155.7,29111.4,29151.9"
2026-05-18T05:39:00.000+07:00,"29152,29162.9,29152,29158.8"
2026-05-18T05:40:00.000+07:00,"29158.6,29172,29150.9,29170.1"
2026-05-18T05:41:00.000+07:00,"29169.9,29174.4,29164.9,29169.2"
2026-05-18T05:42:00.000+07:00,"29169.1,29169.9,29157.1,29163.5"
2026-05-18T05:43:00.000+07:00,"29163.6,29177.9,29159.6,29169.1"
2026-05-18T05:44:00.000+07:00,"29169,29171.4,29162.3,29165.1"
2026-05-18T05:45:00.000+07:00,"29165.2,29168.1,29160.5,29166.7"
2026-05-18T05:46:00.000+07:00,"29166.5,29167.6,29156.8,29158.8"
2026-05-18T05:47:00.000+07:00,"29158.7,29172.2,29158.7,29163.9"
2026-05-18T05:48:00.000+07:00,"29163.7,29163.9,29153.8,29154.6"
2026-05-18T05:49:00.000+07:00,"29154,29156.3,29150.8,29151.8"
2026-05-18T05:50:00.000+07:00,"29151.9,29157.6,29144.1,29144.5"
2026-05-18T05:51:00.000+07:00,"29144.6,29145.7,29136.2,29139.3"
2026-05-18T05:52:00.000+07:00,"29138.4,29148,29137.8,29146"
2026-05-18T05:53:00.000+07:00,"29145.3,29160.1,29143.4,29156.4"
2026-05-18T05:54:00.000+07:00,"29156.3,29160.6,29154.5,29158.3"
2026-05-18T05:55:00.000+07:00,"29158.4,29161.9,29119.7,29121"
2026-05-18T05:56:00.000+07:00,"29120.9,29135.3,29105.8,29132.3"
2026-05-18T05:57:00.000+07:00,"29132.2,29141.5,29127.5,29130.9"
2026-05-18T05:58:00.000+07:00,"29130.8,29130.8,29114,29125.6"
2026-05-18T05:59:00.000+07:00,"29125.2,29136.3,29125.1,29135.3"
2026-05-18T06:00:00.000+07:00,"29135.4,29152.2,29135.4,29140.5"
2026-05-18T06:01:00.000+07:00,"29140.6,29146.5,29130.3,29139.3"
2026-05-18T06:02:00.000+07:00,"29140.5,29146.5,29126.6,29130.5"
2026-05-18T06:03:00.000+07:00,"29130.6,29132.6,29125.1,29131.2"
2026-05-18T06:04:00.000+07:00,"29131.3,29136.2,29118.3,29123.3"
2026-05-18T06:05:00.000+07:00,"29122.5,29122.9,29106.1,29110.7"
2026-05-18T06:06:00.000+07:00,"29110.4,29117.1,29098.9,29101.9"
2026-05-18T06:07:00.000+07:00,"29101.8,29103.9,29073.8,29085.8"
2026-05-18T06:08:00.000+07:00,"29085.9,29099.2,29067.3,29076.5"
2026-05-18T06:09:00.000+07:00,"29076.7,29096.5,29076.7,29092.4"
2026-05-18T06:10:00.000+07:00,"29093.2,29113.1,29092.7,29107.7"
2026-05-18T06:11:00.000+07:00,"29108.1,29113,29105.7,29107.1"
2026-05-18T06:12:00.000+07:00,"29107.3,29111,29087,29088.4"
2026-05-18T06:13:00.000+07:00,"29094.2,29100.3,29093.1,29098.1"
2026-05-18T06:14:00.000+07:00,"29097.7,29097.7,29085.9,29094"
2026-05-18T06:15:00.000+07:00,"29093.3,29094.4,29079.5,29081.8"
2026-05-18T06:16:00.000+07:00,"29081.9,29084.6,29077.3,29084.4"
2026-05-18T06:17:00.000+07:00,"29084.3,29097.5,29077.1,29095.7"
2026-05-18T06:18:00.000+07:00,"29095.2,29098.6,29084.5,29084.5"
2026-05-18T06:19:00.000+07:00,"29084.7,29088.9,29072.1,29078.7"
2026-05-18T06:20:00.000+07:00,"29079.2,29080.9,29064.5,29076.8"
2026-05-18T06:21:00.000+07:00,"29076,29087.8,29076,29081.3"
2026-05-18T06:22:00.000+07:00,"29081.2,29088.6,29062.3,29062.6"
2026-05-18T06:23:00.000+07:00,"29062.4,29063.4,29049.8,29054"
2026-05-18T06:24:00.000+07:00,"29054.1,29063.3,29052.3,29058.8"
2026-05-18T06:25:00.000+07:00,"29058.7,29061.6,29036.1,29042.1"
2026-05-18T06:26:00.000+07:00,"29041.3,29049,29037.2,29045"
2026-05-18T06:27:00.000+07:00,"29044.8,29047.5,29032.2,29041.7"
2026-05-18T06:28:00.000+07:00,"29042.2,29055.8,29038,29044.5"
2026-05-18T06:29:00.000+07:00,"29044.8,29049.7,29036.8,29044.7"
2026-05-18T06:30:00.000+07:00,"29044.5,29044.7,29023.7,29029.5"
2026-05-18T06:31:00.000+07:00,"29028.4,29037.3,29028.1,29032.6"
2026-05-18T06:32:00.000+07:00,"29032.7,29056,29029.8,29052"
2026-05-18T06:33:00.000+07:00,"29051.6,29055.3,29048.1,29055.3"
2026-05-18T06:34:00.000+07:00,"29054.8,29058.2,29052.6,29057.8"
2026-05-18T06:35:00.000+07:00,"29058.3,29069.7,29051,29051.7"
2026-05-18T06:36:00.000+07:00,"29051.8,29055.8,29044.1,29049.8"
2026-05-18T06:37:00.000+07:00,"29049.6,29062.2,29049.4,29056.7"
2026-05-18T06:38:00.000+07:00,"29056.3,29056.9,29026.8,29031.6"
2026-05-18T06:39:00.000+07:00,"29031.2,29031.6,29008.2,29017.2"
2026-05-18T06:40:00.000+07:00,"29016.3,29017.2,28958.7,28970.1"
2026-05-18T06:41:00.000+07:00,"28970.2,28970.3,28913.9,28951.4"
2026-05-18T06:42:00.000+07:00,"28951.5,28991.5,28947.5,28990.7"
2026-05-18T06:43:00.000+07:00,"28991.1,29015,28989.5,29008.9"
2026-05-18T06:44:00.000+07:00,"29007.5,29025.8,29005.2,29018.9"
2026-05-18T06:45:00.000+07:00,"29018.7,29039.7,29000.7,29029.7"
2026-05-18T06:46:00.000+07:00,"29030.2,29041,29013.8,29026.6"
2026-05-18T06:47:00.000+07:00,"29026.1,29026.8,29003.9,29017.6"
2026-05-18T06:48:00.000+07:00,"29017.3,29051.3,29017.3,29044.6"
2026-05-18T06:49:00.000+07:00,"29044.5,29056.3,29031.7,29045.1"
2026-05-18T06:50:00.000+07:00,"29044.9,29055.4,29039.4,29046.9"
2026-05-18T06:51:00.000+07:00,"29046,29047.4,29033.3,29041.8"
2026-05-18T06:52:00.000+07:00,"29041.9,29061.2,29039.4,29058.7"
2026-05-18T06:53:00.000+07:00,"29058.8,29062.6,29032.7,29037.3"
2026-05-18T06:54:00.000+07:00,"29037.7,29049.5,29016.4,29021.6"
2026-05-18T06:55:00.000+07:00,"29019.3,29024.9,29007.7,29020.8"
2026-05-18T06:56:00.000+07:00,"29021.1,29027.9,29001.8,29004.8"
2026-05-18T06:57:00.000+07:00,"29004.6,29041.8,28993,29035.5"
2026-05-18T06:58:00.000+07:00,"29034.8,29042,29027.7,29029.1"
2026-05-18T06:59:00.000+07:00,"29029.2,29036.5,29020,29022.4"
2026-05-18T07:00:00.000+07:00,"29020.6,29048.7,29014.5,29014.8"
2026-05-18T07:01:00.000+07:00,"29012.3,29015.3,28975.6,28979.7"
2026-05-18T07:02:00.000+07:00,"28978.7,28996.7,28962.2,28996.2"
2026-05-18T07:03:00.000+07:00,"28996,28998.5,28971.9,28977.4"
2026-05-18T07:04:00.000+07:00,"28977.3,28986.4,28968.9,28970.4"
2026-05-18T07:05:00.000+07:00,"28969.4,28969.8,28892.6,28905.8"
2026-05-18T07:06:00.000+07:00,"28906.4,28906.4,28878.8,28885.1"
2026-05-18T07:07:00.000+07:00,"28884.1,28912.8,28874.3,28908"
2026-05-18T07:08:00.000+07:00,"28907.9,28908,28878.6,28893.2"
2026-05-18T07:09:00.000+07:00,"28892.1,28905.7,28877,28879.1"
2026-05-18T07:10:00.000+07:00,"28879.2,28881,28840,28872.5"
2026-05-18T07:11:00.000+07:00,"28872.6,28926.2,28865.4,28916.7"
2026-05-18T07:12:00.000+07:00,"28916.8,28925,28905.6,28909.5"
2026-05-18T07:13:00.000+07:00,"28909.2,28921.6,28896.8,28915.5"
2026-05-18T07:14:00.000+07:00,"28915.6,28925.6,28907,28917.2"
2026-05-18T07:15:00.000+07:00,"28917.1,28925.6,28882,28892.6"
2026-05-18T07:16:00.000+07:00,"28892.7,28919.2,28874,28907.5"
2026-05-18T07:17:00.000+07:00,"28907.3,28939.4,28893.1,28928.3"
2026-05-18T07:18:00.000+07:00,"28926.5,28931.5,28900.7,28917.5"
2026-05-18T07:19:00.000+07:00,"28917.8,28920,28898.6,28904.6"
2026-05-18T07:20:00.000+07:00,"28909.8,28938.8,28908.9,28936.9"
2026-05-18T07:21:00.000+07:00,"28936.8,28946.8,28925.7,28928.6"
2026-05-18T07:22:00.000+07:00,"28928.7,28935.7,28915.7,28921.5"
2026-05-18T07:23:00.000+07:00,"28921.6,28934,28917.3,28927.3"
2026-05-18T07:24:00.000+07:00,"28927.2,28933.3,28909,28920.4"
2026-05-18T07:25:00.000+07:00,"28920.5,28929.4,28913.3,28929.4"
2026-05-18T07:26:00.000+07:00,"28928.8,28940.4,28921.1,28938.1"
2026-05-18T07:27:00.000+07:00,"28938.3,28938.3,28912.7,28913.6"
2026-05-18T07:28:00.000+07:00,"28913.2,28927.1,28903.7,28913.2"
2026-05-18T07:29:00.000+07:00,"28913.3,28922.9,28909.6,28915"
2026-05-18T07:30:00.000+07:00,"28914.9,28916.7,28905.7,28908.1"
2026-05-18T07:31:00.000+07:00,"28907.5,28925.4,28905.9,28919.6"
2026-05-18T07:32:00.000+07:00,"28919.9,28933.9,28914.9,28917.5"
2026-05-18T07:33:00.000+07:00,"28916.6,28921.6,28887,28894.1"
2026-05-18T07:34:00.000+07:00,"28893.9,28903.4,28868.6,28896.2"
2026-05-18T07:35:00.000+07:00,"28897.2,28911.4,28883.2,28900.3"
2026-05-18T07:36:00.000+07:00,"28904.4,28910.2,28889.5,28895.6"
2026-05-18T07:37:00.000+07:00,"28895.3,28918.9,28889.2,28911.2"
2026-05-18T07:38:00.000+07:00,"28911.4,28912.3,28889.2,28894.2"
2026-05-18T07:39:00.000+07:00,"28894.8,28899.2,28883.3,28883.5"
2026-05-18T07:40:00.000+07:00,"28883.6,28894.9,28862.3,28876.7"
2026-05-18T07:41:00.000+07:00,"28876.3,28885.6,28870.2,28879"
2026-05-18T07:42:00.000+07:00,"28878.5,28881.7,28869.3,28877.4"
2026-05-18T07:43:00.000+07:00,"28877.3,28877.9,28861.4,28866.6"
2026-05-18T07:44:00.000+07:00,"28866.5,28867.6,28854.3,28855.3"
2026-05-18T07:45:00.000+07:00,"28855.4,28873.9,28847.6,28872"
2026-05-18T07:46:00.000+07:00,"28874.5,28880.4,28860.2,28865"
2026-05-18T07:47:00.000+07:00,"28865.2,28895.2,28862.7,28893.9"
2026-05-18T07:48:00.000+07:00,"28892.8,28898.8,28885.7,28892.6"
2026-05-18T07:49:00.000+07:00,"28892.9,28901.8,28892.5,28897.8"
2026-05-18T07:50:00.000+07:00,"28897.4,28917.5,28894.9,28912.4"
2026-05-18T07:51:00.000+07:00,"28912.3,28921.6,28894.9,28897.8"
2026-05-18T07:52:00.000+07:00,"28897.3,28899.6,28886.5,28887.4"
2026-05-18T07:53:00.000+07:00,"28887.2,28907.1,28883.8,28894.7"
2026-05-18T07:54:00.000+07:00,"28894.4,28898.3,28880.5,28892.9"
2026-05-18T07:55:00.000+07:00,"28893.4,28911.6,28891.2,28910.9"
2026-05-18T07:56:00.000+07:00,"28911.1,28935.7,28910.4,28933.9"
2026-05-18T07:57:00.000+07:00,"28933.7,28933.7,28919.1,28922.3"
2026-05-18T07:58:00.000+07:00,"28922,28930.1,28915.3,28929.3"
2026-05-18T07:59:00.000+07:00,"28928.8,28940,28925,28937.8"
2026-05-18T08:00:00.000+07:00,"28938,28954.7,28933.1,28934.9"
2026-05-18T08:01:00.000+07:00,"28935,28938.3,28923.5,28930.7"
2026-05-18T08:02:00.000+07:00,"28931,28941.4,28913,28917.2"
2026-05-18T08:03:00.000+07:00,"28917.3,28920.9,28900.1,28907.9"
2026-05-18T08:04:00.000+07:00,"28907.3,28914,28892.9,28894.8"
2026-05-18T08:05:00.000+07:00,"28895.6,28899.6,28884.3,28897.6"
2026-05-18T08:06:00.000+07:00,"28897.4,28917.5,28891.8,28907.2"
2026-05-18T08:07:00.000+07:00,"28906.5,28912.2,28891.8,28895.1"
2026-05-18T08:08:00.000+07:00,"28894.9,28901.3,28889.9,28896.5"
2026-05-18T08:09:00.000+07:00,"28896.6,28913.1,28896.5,28910.8"
2026-05-18T08:10:00.000+07:00,"28911.3,28922.2,28906.2,28922.1"
2026-05-18T08:11:00.000+07:00,"28922,28925.6,28916.3,28923.6"
2026-05-18T08:12:00.000+07:00,"28923.1,28924.7,28913.4,28920.6"
2026-05-18T08:13:00.000+07:00,"28920.1,28921.9,28906,28909.8"
2026-05-18T08:14:00.000+07:00,"28909.9,28915.4,28869.3,28869.6"
2026-05-18T08:15:00.000+07:00,"28867.3,28888.6,28855.4,28879.6"
2026-05-18T08:16:00.000+07:00,"28879.5,28888.5,28866.3,28879.3"
2026-05-18T08:17:00.000+07:00,"28879.4,28880.8,28867.8,28872.9"
2026-05-18T08:18:00.000+07:00,"28873,28876.3,28860.8,28863.7"
2026-05-18T08:19:00.000+07:00,"28862.3,28869.4,28859.2,28867.7"
2026-05-18T08:20:00.000+07:00,"28867.9,28877.6,28854.5,28861.4"
2026-05-18T08:21:00.000+07:00,"28861.6,28873.5,28844.4,28871.6"
2026-05-18T08:22:00.000+07:00,"28871.9,28890.1,28871.2,28875.6"
2026-05-18T08:23:00.000+07:00,"28875.2,28877.8,28859.8,28862.5"
2026-05-18T08:24:00.000+07:00,"28861.6,28873.9,28855.3,28859.7"
2026-05-18T08:25:00.000+07:00,"28861.5,28867.6,28847.4,28863.7"
2026-05-18T08:26:00.000+07:00,"28865.2,28877,28863,28868.3"
2026-05-18T08:27:00.000+07:00,"28868.6,28887.7,28863,28880.3"
2026-05-18T08:28:00.000+07:00,"28880.8,28889.8,28869.8,28872.2"
2026-05-18T08:29:00.000+07:00,"28872.3,28882.6,28858.6,28862.4"
2026-05-18T08:30:00.000+07:00,"28862.2,28872.3,28854.2,28867.1"
2026-05-18T08:31:00.000+07:00,"28866.3,28879.9,28861.2,28871.7"
2026-05-18T08:32:00.000+07:00,"28869.3,28876.4,28863.7,28869.5"
2026-05-18T08:33:00.000+07:00,"28868.7,28868.7,28858,28863.1"
2026-05-18T08:34:00.000+07:00,"28862.6,28865.9,28843.5,28850.7"
2026-05-18T08:35:00.000+07:00,"28853.8,28874.1,28852.6,28865.4"
2026-05-18T08:36:00.000+07:00,"28865.8,28875.7,28852.6,28855.1"
2026-05-18T08:37:00.000+07:00,"28855.7,28858.1,28833.9,28836.8"
2026-05-18T08:38:00.000+07:00,"28836.9,28845,28830.1,28841.5"
2026-05-18T08:39:00.000+07:00,"28841.4,28866.1,28838.3,28863.6"
2026-05-18T08:40:00.000+07:00,"28863.4,28866.3,28851.6,28864.9"
2026-05-18T08:41:00.000+07:00,"28865.4,28875.8,28862.7,28869.4"
2026-05-18T08:42:00.000+07:00,"28869.3,28886.2,28865.8,28883.6"
2026-05-18T08:43:00.000+07:00,"28883.8,28896.7,28880.9,28885.5"
2026-05-18T08:44:00.000+07:00,"28885.6,28893.1,28878.1,28889.5"
2026-05-18T08:45:00.000+07:00,"28889.6,28895.6,28881.4,28881.4"
2026-05-18T08:46:00.000+07:00,"28881.3,28896.7,28879.4,28893.2"
2026-05-18T08:47:00.000+07:00,"28893.5,28904.3,28890.7,28900.5"
2026-05-18T08:48:00.000+07:00,"28899.7,28920.7,28899.7,28912"
2026-05-18T08:49:00.000+07:00,"28911.9,28919.5,28899,28910.8"
2026-05-18T08:50:00.000+07:00,"28911.8,28934.9,28909.1,28934.5"
2026-05-18T08:51:00.000+07:00,"28934.1,28951.1,28931.1,28933.6"
2026-05-18T08:52:00.000+07:00,"28934.1,28944.2,28934.1,28941.8"
2026-05-18T08:53:00.000+07:00,"28941.7,28943.7,28933,28936.5"
2026-05-18T08:54:00.000+07:00,"28936.4,28938.7,28921.6,28922.2"
2026-05-18T08:55:00.000+07:00,"28922.1,28929,28921.2,28924.3"
2026-05-18T08:56:00.000+07:00,"28923.6,28942.9,28918.2,28940.6"
2026-05-18T08:57:00.000+07:00,"28940.9,28942.4,28931.4,28932.8"
2026-05-18T08:58:00.000+07:00,"28932.3,28936.6,28928.5,28928.7"
2026-05-18T08:59:00.000+07:00,"28928.5,28932.5,28921.8,28924.4"
2026-05-18T09:00:00.000+07:00,"28924.3,28924.3,28898.4,28899.5"
2026-05-18T09:01:00.000+07:00,"28899.3,28910,28897.2,28904.4"
2026-05-18T09:02:00.000+07:00,"28904.6,28922.6,28903.7,28922.4"
2026-05-18T09:03:00.000+07:00,"28922.6,28927.9,28918.2,28925.5"
2026-05-18T09:04:00.000+07:00,"28925,28927.6,28914.8,28919.6"
2026-05-18T09:05:00.000+07:00,"28919.5,28921.6,28909.9,28914.7"
2026-05-18T09:06:00.000+07:00,"28914.3,28919.4,28908.8,28916.9"
2026-05-18T09:07:00.000+07:00,"28917,28918.5,28907.5,28912.4"
2026-05-18T09:08:00.000+07:00,"28912.3,28916.8,28895.6,28902.7"
2026-05-18T09:09:00.000+07:00,"28902.9,28912,28899.7,28907.6"
2026-05-18T09:10:00.000+07:00,"28907.8,28911.4,28898.5,28903.5"
2026-05-18T09:11:00.000+07:00,"28904.4,28921,28898.3,28918.7"
2026-05-18T09:12:00.000+07:00,"28918.1,28937.7,28917.7,28932"
2026-05-18T09:13:00.000+07:00,"28931.9,28945.7,28930.1,28945.7"
2026-05-18T09:14:00.000+07:00,"28945.6,28950.4,28937.3,28941.5"
2026-05-18T09:15:00.000+07:00,"28941.9,28955.8,28941.9,28954.5"
2026-05-18T09:16:00.000+07:00,"28954.9,28973.2,28951.3,28965.9"
2026-05-18T09:17:00.000+07:00,"28965.5,28970.6,28953.1,28954.2"
2026-05-18T09:18:00.000+07:00,"28954,28964.9,28949.5,28963.8"
2026-05-18T09:19:00.000+07:00,"28963.9,28972.1,28957.8,28960"
2026-05-18T09:20:00.000+07:00,"28960.2,28966.1,28942.9,28947.8"
2026-05-18T09:21:00.000+07:00,"28948,28956.8,28944.4,28947.8"
2026-05-18T09:22:00.000+07:00,"28948.1,28957.7,28946.1,28957.5"
2026-05-18T09:23:00.000+07:00,"28960.5,28969.8,28958.2,28968.7"
2026-05-18T09:24:00.000+07:00,"28968.6,28975.3,28963.3,28975.3"
2026-05-18T09:25:00.000+07:00,"28975.2,28980,28966.9,28970.8"
2026-05-18T09:26:00.000+07:00,"28970.6,28981.9,28969.5,28980.1"
2026-05-18T09:27:00.000+07:00,"28980.2,28982.6,28976.4,28977.2"
2026-05-18T09:28:00.000+07:00,"28977.1,28985.4,28973.7,28984.8"
2026-05-18T09:29:00.000+07:00,"28984.7,28997.2,28982.7,28992.3"
2026-05-18T09:30:00.000+07:00,"28992.2,28993.4,28980.5,28988.9"
2026-05-18T09:31:00.000+07:00,"28989.4,28995.2,28985.9,28986.3"
2026-05-18T09:32:00.000+07:00,"28986.2,28987.4,28969.3,28969.5"
2026-05-18T09:33:00.000+07:00,"28969.4,28982.4,28969.4,28981.3"
2026-05-18T09:34:00.000+07:00,"28981.1,28981.4,28967.8,28968.4"
2026-05-18T09:35:00.000+07:00,"28968.6,28968.7,28955,28961.8"
2026-05-18T09:36:00.000+07:00,"28961.9,28968.8,28952.8,28954.8"
2026-05-18T09:37:00.000+07:00,"28954.4,28960,28951.5,28959.5"
2026-05-18T09:38:00.000+07:00,"28958.8,28961,28953,28953.9"
2026-05-18T09:39:00.000+07:00,"28954,28954.1,28943.9,28946"
2026-05-18T09:40:00.000+07:00,"28944.1,28948.9,28939.1,28948.7"
2026-05-18T09:41:00.000+07:00,"28948.8,28957.3,28945.3,28955.8"
2026-05-18T09:42:00.000+07:00,"28955.6,28956.5,28947.6,28947.6"
2026-05-18T09:43:00.000+07:00,"28947.7,28957,28947.6,28956.8"
2026-05-18T09:44:00.000+07:00,"28956.9,28957.1,28944.6,28947.5"
2026-05-18T09:45:00.000+07:00,"28947.6,28948,28937.1,28938.8"
2026-05-18T09:46:00.000+07:00,"28938.7,28947.9,28936.1,28942.4"
2026-05-18T09:47:00.000+07:00,"28942.2,28956.1,28939.6,28951.7"
2026-05-18T09:48:00.000+07:00,"28950.4,28953.1,28934.5,28937.6"
2026-05-18T09:49:00.000+07:00,"28937.5,28941.7,28921.8,28923"
2026-05-18T09:50:00.000+07:00,"28922.9,28928.8,28908.9,28915.6"
2026-05-18T09:51:00.000+07:00,"28915.5,28925,28911.1,28918.7"
2026-05-18T09:52:00.000+07:00,"28918.5,28918.9,28899.5,28908.4"
2026-05-18T09:53:00.000+07:00,"28908.5,28915.2,28902.4,28914.1"
2026-05-18T09:54:00.000+07:00,"28913.1,28918.3,28906.1,28918.1"
2026-05-18T09:55:00.000+07:00,"28917.9,28919.3,28908.6,28912"
2026-05-18T09:56:00.000+07:00,"28912.1,28913.8,28903.2,28908.4"
2026-05-18T09:57:00.000+07:00,"28908.3,28932,28908.3,28925.4"
2026-05-18T09:58:00.000+07:00,"28925.5,28928.6,28917.8,28920.3"
2026-05-18T09:59:00.000+07:00,"28920.2,28920.2,28911.5,28914.7"
2026-05-18T10:00:00.000+07:00,"28914.9,28938.6,28912.9,28936.4"
2026-05-18T10:01:00.000+07:00,"28936.3,28956.9,28934.9,28950.9"
2026-05-18T10:02:00.000+07:00,"28950.7,28955,28941.6,28948.8"
2026-05-18T10:03:00.000+07:00,"28948.9,28951.3,28942.3,28942.3"
2026-05-18T10:04:00.000+07:00,"28942.8,28944.5,28934,28940.1"
2026-05-18T10:05:00.000+07:00,"28940.2,28952.1,28938.9,28949.8"
2026-05-18T10:06:00.000+07:00,"28948.8,28954.1,28944.4,28946.7"
2026-05-18T10:07:00.000+07:00,"28946.6,28955.9,28944.7,28948.4"
2026-05-18T10:08:00.000+07:00,"28948.9,28961.6,28947.1,28960.2"
2026-05-18T10:09:00.000+07:00,"28959.9,28963.7,28955.9,28957.1"
2026-05-18T10:10:00.000+07:00,"28957,28962.1,28953.1,28955.5"
2026-05-18T10:11:00.000+07:00,"28955.4,28959.3,28943.8,28944.3"
2026-05-18T10:12:00.000+07:00,"28944.4,28947.2,28938.6,28942.6"
2026-05-18T10:13:00.000+07:00,"28942.5,28944,28929.3,28932.4"
2026-05-18T10:14:00.000+07:00,"28932.2,28933,28913.5,28923"
2026-05-18T10:15:00.000+07:00,"28923.2,28934.4,28917.8,28934"
2026-05-18T10:16:00.000+07:00,"28933.9,28942,28924.2,28925.1"
2026-05-18T10:17:00.000+07:00,"28925.6,28930.1,28922.2,28930.1"
2026-05-18T10:18:00.000+07:00,"28929.9,28931.4,28919.7,28923"
2026-05-18T10:19:00.000+07:00,"28922.8,28924.8,28919,28919"
2026-05-18T10:20:00.000+07:00,"28917.6,28927,28915,28922"
2026-05-18T10:21:00.000+07:00,"28922.1,28924,28917.2,28920.2"
2026-05-18T10:22:00.000+07:00,"28920.3,28929.8,28918.3,28928.6"
2026-05-18T10:23:00.000+07:00,"28928.5,28938.5,28928.4,28937.1"
2026-05-18T10:24:00.000+07:00,"28937.5,28939.3,28930.6,28930.9"
2026-05-18T10:25:00.000+07:00,"28930.8,28933.1,28920.5,28921.2"
2026-05-18T10:26:00.000+07:00,"28921.1,28925.2,28913.7,28924.1"
2026-05-18T10:27:00.000+07:00,"28924.4,28936.2,28921.3,28932.7"
2026-05-18T10:28:00.000+07:00,"28932.6,28942.1,28928.6,28939.2"
2026-05-18T10:29:00.000+07:00,"28939,28945.9,28935.8,28942.9"
2026-05-18T10:30:00.000+07:00,"28942.8,28945.3,28919.7,28923.3"
2026-05-18T10:31:00.000+07:00,"28923.6,28929.9,28913.7,28915.5"
2026-05-18T10:32:00.000+07:00,"28915,28920.2,28907.8,28912.8"
2026-05-18T10:33:00.000+07:00,"28912.9,28929.6,28912.3,28923.6"
2026-05-18T10:34:00.000+07:00,"28923.7,28947.7,28920.3,28939.2"
2026-05-18T10:35:00.000+07:00,"28939.1,28940.4,28926.9,28932.9"
2026-05-18T10:36:00.000+07:00,"28933.2,28951.9,28932.6,28944.2"
2026-05-18T10:37:00.000+07:00,"28944.3,28957.2,28944.3,28949.9"
2026-05-18T10:38:00.000+07:00,"28949.4,28949.4,28942.4,28945.3"
2026-05-18T10:39:00.000+07:00,"28944.6,28950.5,28941.3,28950.3"
2026-05-18T10:40:00.000+07:00,"28952.9,28958,28950,28955.4"
2026-05-18T10:41:00.000+07:00,"28956.9,28965.6,28951.9,28965.6"
2026-05-18T10:42:00.000+07:00,"28965.5,28965.5,28950.9,28957.3"
2026-05-18T10:43:00.000+07:00,"28956.8,28971.5,28952.9,28971"
2026-05-18T10:44:00.000+07:00,"28970.3,28975.5,28965.9,28966.4"
2026-05-18T10:45:00.000+07:00,"28966.3,28969.9,28952.6,28953.2"
2026-05-18T10:46:00.000+07:00,"28953.7,28966.9,28953.7,28963.9"
2026-05-18T10:47:00.000+07:00,"28962.7,28968.2,28959.8,28963.1"
2026-05-18T10:48:00.000+07:00,"28962.9,28966.2,28957.6,28957.7"
2026-05-18T10:49:00.000+07:00,"28958,28963,28955.2,28961.4"
2026-05-18T10:50:00.000+07:00,"28961.5,28970.2,28961.5,28969.5"
2026-05-18T10:51:00.000+07:00,"28968.9,28971.4,28956.3,28957.7"
2026-05-18T10:52:00.000+07:00,"28957.8,28958.2,28943.3,28945.4"
2026-05-18T10:53:00.000+07:00,"28945.3,28955.9,28944.2,28951.8"
2026-05-18T10:54:00.000+07:00,"28951.6,28952.1,28945.8,28949.9"
2026-05-18T10:55:00.000+07:00,"28949.8,28953.1,28946.1,28946.5"
2026-05-18T10:56:00.000+07:00,"28946.6,28953.8,28942.5,28949.8"
2026-05-18T10:57:00.000+07:00,"28950,28960.5,28947.4,28958.6"
2026-05-18T10:58:00.000+07:00,"28958.7,28967.8,28956.5,28961.7"
2026-05-18T10:59:00.000+07:00,"28961.6,28963.1,28958.7,28960.3"
2026-05-18T11:00:00.000+07:00,"28960.2,28971.7,28959.6,28967.1"
2026-05-18T11:01:00.000+07:00,"28967,28971,28958.7,28965.4"
2026-05-18T11:02:00.000+07:00,"28965.3,28972.7,28963.2,28972.3"
2026-05-18T11:03:00.000+07:00,"28972.5,28972.5,28966.2,28970.5"
2026-05-18T11:04:00.000+07:00,"28970.3,28971.7,28967.1,28969.6"
2026-05-18T11:05:00.000+07:00,"28968.4,28979.5,28968.4,28976.9"
2026-05-18T11:06:00.000+07:00,"28976.4,28983.7,28971.7,28973"
2026-05-18T11:07:00.000+07:00,"28973.1,28975.9,28968.5,28972"
2026-05-18T11:08:00.000+07:00,"28971.7,28986,28970.3,28982.6"
2026-05-18T11:09:00.000+07:00,"28982.4,28985.7,28978.3,28984.2"
2026-05-18T11:10:00.000+07:00,"28984,28990.7,28981.8,28986.4"
2026-05-18T11:11:00.000+07:00,"28986.3,28990.2,28983.7,28985.9"
2026-05-18T11:12:00.000+07:00,"28986,29002.3,28986,29000.3"
2026-05-18T11:13:00.000+07:00,"29000.4,29013.2,28996.3,29009.5"
2026-05-18T11:14:00.000+07:00,"29009.7,29013.2,29002,29003.8"
2026-05-18T11:15:00.000+07:00,"29003.7,29012.6,28996.6,29011.9"
2026-05-18T11:16:00.000+07:00,"29011.8,29020.1,28997.6,29004.2"
2026-05-18T11:17:00.000+07:00,"29003.9,29005.6,28981,28988.9"
2026-05-18T11:18:00.000+07:00,"28988.8,29005.3,28988.3,29003.6"
2026-05-18T11:19:00.000+07:00,"29003.7,29009.5,28998.4,29001.9"
2026-05-18T11:20:00.000+07:00,"29002,29003.6,28988,28988.2"
2026-05-18T11:21:00.000+07:00,"28988.5,28991.9,28977.8,28981"
2026-05-18T11:22:00.000+07:00,"28981.5,28985.9,28976.6,28978.4"
2026-05-18T11:23:00.000+07:00,"28978.2,28979.3,28966.2,28970.6"
2026-05-18T11:24:00.000+07:00,"28970.8,28970.8,28955.5,28957.4"
2026-05-18T11:25:00.000+07:00,"28957.5,28957.5,28937.8,28948.2"
2026-05-18T11:26:00.000+07:00,"28947.2,28951.2,28940.3,28940.8"
2026-05-18T11:27:00.000+07:00,"28940.7,28946,28936.4,28940.4"
2026-05-18T11:28:00.000+07:00,"28939.9,28941.8,28925.1,28927"
2026-05-18T11:29:00.000+07:00,"28926.8,28935.5,28925.6,28933.9"
2026-05-18T11:30:00.000+07:00,"28933.3,28937.2,28926.7,28926.7"
2026-05-18T11:31:00.000+07:00,"28930.9,28942.3,28930.2,28934.7"
2026-05-18T11:32:00.000+07:00,"28933.8,28945.9,28930.3,28945.3"
2026-05-18T11:33:00.000+07:00,"28945,28945.8,28936.4,28939.8"
2026-05-18T11:34:00.000+07:00,"28936,28938.8,28926.1,28928.1"
2026-05-18T11:35:00.000+07:00,"28928.3,28940,28926.5,28939.4"
2026-05-18T11:36:00.000+07:00,"28939.2,28947.2,28934.4,28945.3"
2026-05-18T11:37:00.000+07:00,"28945,28950.9,28940.9,28946.7"
2026-05-18T11:38:00.000+07:00,"28946.2,28948.6,28940.5,28940.5"
2026-05-18T11:39:00.000+07:00,"28941,28943.8,28926.7,28932.4"
2026-05-18T11:40:00.000+07:00,"28932.1,28944.2,28931.6,28940.6"
2026-05-18T11:41:00.000+07:00,"28940.7,28954.5,28935.9,28948.1"
2026-05-18T11:42:00.000+07:00,"28948,28952.1,28946.4,28951.2"
2026-05-18T11:43:00.000+07:00,"28951,28971.5,28949.8,28970.2"
2026-05-18T11:44:00.000+07:00,"28970.1,28981.5,28969.1,28974.9"
2026-05-18T11:45:00.000+07:00,"28974.4,28978.2,28969.4,28973.2"
2026-05-18T11:46:00.000+07:00,"28973,28987.8,28970.5,28984"
2026-05-18T11:47:00.000+07:00,"28984.1,28984.8,28973,28974.4"
2026-05-18T11:48:00.000+07:00,"28974.3,28976.3,28965,28966.2"
2026-05-18T11:49:00.000+07:00,"28966.6,28970.7,28964.1,28968.4"
2026-05-18T11:50:00.000+07:00,"28966.8,28970,28953.9,28954.5"
2026-05-18T11:51:00.000+07:00,"28954.1,28969.7,28952.9,28961.9"
2026-05-18T11:52:00.000+07:00,"28962.2,28965.2,28952.6,28952.6"
2026-05-18T11:53:00.000+07:00,"28952.9,28957.3,28949.5,28949.8"
2026-05-18T11:54:00.000+07:00,"28949.7,28952.4,28946.2,28952"
2026-05-18T11:55:00.000+07:00,"28951.8,28953.1,28938.3,28940.5"
2026-05-18T11:56:00.000+07:00,"28940.7,28948.1,28936.3,28947"
2026-05-18T11:57:00.000+07:00,"28946.2,28957.4,28944.2,28950.5"
2026-05-18T11:58:00.000+07:00,"28951.3,28953.1,28947.9,28948.8"
2026-05-18T11:59:00.000+07:00,"28949,28956.1,28949,28955"
2026-05-18T12:00:00.000+07:00,"28954.9,28972.9,28954.9,28957.7"
2026-05-18T12:01:00.000+07:00,"28956.9,28960,28942.1,28947.5"
2026-05-18T12:02:00.000+07:00,"28947.4,28961.8,28946.4,28954.4"
2026-05-18T12:03:00.000+07:00,"28954.5,28967.2,28948.8,28963.4"
2026-05-18T12:04:00.000+07:00,"28963.1,28980.7,28960.9,28976.6"
2026-05-18T12:05:00.000+07:00,"28976.7,28983.3,28974.1,28980.8"
2026-05-18T12:06:00.000+07:00,"28980.7,28981.9,28976,28979.2"
2026-05-18T12:07:00.000+07:00,"28979.3,28984.2,28976.3,28980.6"
2026-05-18T12:08:00.000+07:00,"28980.7,28993.2,28979.7,28988.7"
2026-05-18T12:09:00.000+07:00,"28988.2,29000.3,28988.2,28996.3"
2026-05-18T12:10:00.000+07:00,"28996.4,28999.4,28981.7,28982.9"
2026-05-18T12:11:00.000+07:00,"28982.8,28987.4,28979.3,28979.4"
2026-05-18T12:12:00.000+07:00,"28979.6,28988.6,28976,28986.6"
2026-05-18T12:13:00.000+07:00,"28986.8,28986.8,28968.3,28969.2"
2026-05-18T12:14:00.000+07:00,"28969,28971.4,28965.9,28967.2"
2026-05-18T12:15:00.000+07:00,"28967.5,28967.5,28945.8,28948"
2026-05-18T12:16:00.000+07:00,"28948.1,28954.2,28945.4,28947.2"
2026-05-18T12:17:00.000+07:00,"28945.7,28949.2,28936.8,28937"
2026-05-18T12:18:00.000+07:00,"28936.8,28941.9,28925.7,28941.8"
2026-05-18T12:19:00.000+07:00,"28941.3,28942.9,28930.9,28931.1"
2026-05-18T12:20:00.000+07:00,"28930.7,28940.8,28927.7,28933.6"
2026-05-18T12:21:00.000+07:00,"28933.7,28945.3,28930.9,28931.9"
2026-05-18T12:22:00.000+07:00,"28931.4,28936.4,28925.5,28935.9"
2026-05-18T12:23:00.000+07:00,"28935.8,28951.1,28935.4,28943.6"
2026-05-18T12:24:00.000+07:00,"28943.5,28957.3,28943.5,28956.3"
2026-05-18T12:25:00.000+07:00,"28956.4,28961,28953.2,28955.3"
2026-05-18T12:26:00.000+07:00,"28955.1,28966.2,28953.7,28962.3"
2026-05-18T12:27:00.000+07:00,"28962.4,28968.7,28956.9,28964.4"
2026-05-18T12:28:00.000+07:00,"28964.2,28968.8,28961.3,28965.6"
2026-05-18T12:29:00.000+07:00,"28965.2,28970.3,28962.1,28966.9"
2026-05-18T12:30:00.000+07:00,"28967,28977.8,28967,28970.4"
2026-05-18T12:31:00.000+07:00,"28970.2,28971.4,28949.5,28956.2"
2026-05-18T12:32:00.000+07:00,"28956,28975.6,28952.6,28953.9"
2026-05-18T12:33:00.000+07:00,"28953.7,28964.9,28953.2,28958.1"
2026-05-18T12:34:00.000+07:00,"28958,28962.2,28952.3,28953.3"
2026-05-18T12:35:00.000+07:00,"28953.1,28967.3,28948.4,28964.8"
2026-05-18T12:36:00.000+07:00,"28965.2,28986.6,28963.2,28980.5"
2026-05-18T12:37:00.000+07:00,"28979.9,28986.1,28971,28972.1"
2026-05-18T12:38:00.000+07:00,"28972,28987.2,28970.9,28983.1"
2026-05-18T12:39:00.000+07:00,"28983,28990.6,28980.8,28987.3"
2026-05-18T12:40:00.000+07:00,"28986.6,28988.4,28979,28982.5"
2026-05-18T12:41:00.000+07:00,"28982.7,28984.3,28959.4,28962.3"
2026-05-18T12:42:00.000+07:00,"28962,28972.4,28957.9,28961.6"
2026-05-18T12:43:00.000+07:00,"28961.7,28979.3,28960.2,28978.6"
2026-05-18T12:44:00.000+07:00,"28978.3,28978.8,28969.4,28971.4"
2026-05-18T12:45:00.000+07:00,"28970.5,28971.2,28959.8,28967.7"
2026-05-18T12:46:00.000+07:00,"28968.8,28973.4,28967.4,28967.6"
2026-05-18T12:47:00.000+07:00,"28967.5,28980.3,28965.3,28976.1"
2026-05-18T12:48:00.000+07:00,"28976,28980.2,28972,28976.4"
2026-05-18T12:49:00.000+07:00,"28976.7,28982.5,28969.2,28980.3"
2026-05-18T12:50:00.000+07:00,"28980.1,28983.7,28974.8,28975.2"
2026-05-18T12:51:00.000+07:00,"28974.8,28974.8,28967.3,28970.2"
2026-05-18T12:52:00.000+07:00,"28970.3,28978.8,28967.2,28975.9"
2026-05-18T12:53:00.000+07:00,"28975.7,28976.9,28968.6,28971.7"
2026-05-18T12:54:00.000+07:00,"28971.6,28984.8,28969.7,28980.6"
2026-05-18T12:55:00.000+07:00,"28980.9,28981.4,28973.2,28977.3"
2026-05-18T12:56:00.000+07:00,"28977,28978,28966.7,28967.8"
2026-05-18T12:57:00.000+07:00,"28967.7,28971,28960.5,28960.5"
2026-05-18T12:58:00.000+07:00,"28960.6,28963.9,28954.9,28954.9"
2026-05-18T12:59:00.000+07:00,"28954.8,28958.1,28946,28947.6"
2026-05-18T13:00:00.000+07:00,"28947.8,28953.5,28939.4,28944.2"
2026-05-18T13:01:00.000+07:00,"28944,28951.2,28940.2,28941.7"
2026-05-18T13:02:00.000+07:00,"28941,28954.1,28937.6,28940.9"
2026-05-18T13:03:00.000+07:00,"28941.1,28942.5,28928.2,28932.9"
2026-05-18T13:04:00.000+07:00,"28932,28934.7,28922.5,28926.8"
2026-05-18T13:05:00.000+07:00,"28925.6,28929.2,28921.9,28923.7"
2026-05-18T13:06:00.000+07:00,"28923.5,28929.3,28918.1,28926.4"
2026-05-18T13:07:00.000+07:00,"28926.3,28939.9,28925.6,28933.5"
2026-05-18T13:08:00.000+07:00,"28933.6,28954.5,28933.1,28954.2"
2026-05-18T13:09:00.000+07:00,"28954.4,28958.2,28944.3,28944.5"
2026-05-18T13:10:00.000+07:00,"28944.4,28947.7,28932.5,28939.1"
2026-05-18T13:11:00.000+07:00,"28939.4,28943.2,28932.8,28939"
2026-05-18T13:12:00.000+07:00,"28938.8,28943.7,28929.6,28942.7"
2026-05-18T13:13:00.000+07:00,"28942.3,28948,28941.1,28947.9"
2026-05-18T13:14:00.000+07:00,"28947.8,28948.4,28932.8,28944.7"
2026-05-18T13:15:00.000+07:00,"28945,28959.1,28937.8,28955.6"
2026-05-18T13:16:00.000+07:00,"28955.4,28961.9,28951.6,28959.7"
2026-05-18T13:17:00.000+07:00,"28959.1,28959.1,28938.4,28939.5"
2026-05-18T13:18:00.000+07:00,"28939.1,28939.1,28929.3,28931.8"
2026-05-18T13:19:00.000+07:00,"28929.8,28931.3,28925.2,28925.2"
2026-05-18T13:20:00.000+07:00,"28925.4,28925.4,28918.6,28922.5"
2026-05-18T13:21:00.000+07:00,"28922.6,28924.4,28917.5,28919"
2026-05-18T13:22:00.000+07:00,"28918.7,28925.1,28914.3,28920.5"
2026-05-18T13:23:00.000+07:00,"28920.4,28931.4,28918.2,28931.3"
2026-05-18T13:24:00.000+07:00,"28931.2,28937.6,28929.3,28934.6"
2026-05-18T13:25:00.000+07:00,"28934.7,28944.5,28921.7,28924.5"
2026-05-18T13:26:00.000+07:00,"28924.7,28926.7,28919.2,28921.5"
2026-05-18T13:27:00.000+07:00,"28921.7,28924.8,28920.6,28922.2"
2026-05-18T13:28:00.000+07:00,"28922,28923.3,28911,28911"
2026-05-18T13:29:00.000+07:00,"28912.4,28917,28905,28908.3"
2026-05-18T13:30:00.000+07:00,"28907.5,28912.7,28897.7,28897.9"
2026-05-18T13:31:00.000+07:00,"28898,28915.1,28895.1,28913.4"
2026-05-18T13:32:00.000+07:00,"28913.5,28922,28905.8,28916.9"
2026-05-18T13:33:00.000+07:00,"28917.1,28928.7,28913,28923.3"
2026-05-18T13:34:00.000+07:00,"28923.8,28929.8,28917.4,28921.1"
2026-05-18T13:35:00.000+07:00,"28921,28934.2,28918.2,28933.4"
2026-05-18T13:36:00.000+07:00,"28933,28940.8,28929.4,28932.4"
2026-05-18T13:37:00.000+07:00,"28932.5,28934,28925.8,28929.4"
2026-05-18T13:38:00.000+07:00,"28929.5,28932.4,28926.3,28932.3"
2026-05-18T13:39:00.000+07:00,"28932.2,28933.7,28927,28929.7"
2026-05-18T13:40:00.000+07:00,"28929.6,28947,28929.6,28946.3"
2026-05-18T13:41:00.000+07:00,"28946.2,28948.5,28939.4,28939.9"
2026-05-18T13:42:00.000+07:00,"28940,28947.6,28935.5,28947.1"
2026-05-18T13:43:00.000+07:00,"28947.7,28953.8,28946.5,28950.9"
2026-05-18T13:44:00.000+07:00,"28952.1,28971.4,28952.1,28971.2"
2026-05-18T13:45:00.000+07:00,"28971.1,28996.4,28970.1,28987.5"
2026-05-18T13:46:00.000+07:00,"28987.1,28991.7,28983.1,28985.6"
2026-05-18T13:47:00.000+07:00,"28985.8,28990.7,28982.7,28985.6"
2026-05-18T13:48:00.000+07:00,"28985.7,28997.5,28984.2,28996"
2026-05-18T13:49:00.000+07:00,"28996.2,28998.6,28982.8,28984.1"
2026-05-18T13:50:00.000+07:00,"28983.7,28985.5,28976.5,28976.9"
2026-05-18T13:51:00.000+07:00,"28977,28986.7,28976.7,28982.3"
2026-05-18T13:52:00.000+07:00,"28981.6,28988.4,28978.8,28985.5"
2026-05-18T13:53:00.000+07:00,"28985.7,28990,28982.5,28983.7"
2026-05-18T13:54:00.000+07:00,"28983.5,28994.5,28982,28991.5"
2026-05-18T13:55:00.000+07:00,"28991.7,29002.8,28990.4,28996.7"
2026-05-18T13:56:00.000+07:00,"28996.2,29011.2,28994.2,29007.1"
2026-05-18T13:57:00.000+07:00,"29007.2,29007.3,28996.6,29001.1"
2026-05-18T13:58:00.000+07:00,"29001,29005.8,28996.8,29005.8"
2026-05-18T13:59:00.000+07:00,"29005.7,29017.4,29001.9,29015.7"
2026-05-18T14:00:00.000+07:00,"29015.6,29028.6,29015.2,29021.4"
2026-05-18T14:01:00.000+07:00,"29021.7,29038.1,29021.7,29030.5"
2026-05-18T14:02:00.000+07:00,"29029.7,29045.5,29029.6,29044.4"
2026-05-18T14:03:00.000+07:00,"29044.7,29044.7,29034.6,29037.8"
2026-05-18T14:04:00.000+07:00,"29038.3,29038.7,29019.1,29022.4"
2026-05-18T14:05:00.000+07:00,"29022.5,29032.9,29019.2,29021.5"
2026-05-18T14:06:00.000+07:00,"29021.4,29029.4,29018.2,29024.7"
2026-05-18T14:07:00.000+07:00,"29027.8,29032.4,29016.9,29018.8"
2026-05-18T14:08:00.000+07:00,"29018.9,29020.6,29009.7,29012.2"
2026-05-18T14:09:00.000+07:00,"29010.9,29013.2,29007.3,29008.5"
2026-05-18T14:10:00.000+07:00,"29007.4,29008.7,28995.9,28998.1"
2026-05-18T14:11:00.000+07:00,"28997.9,29006.8,28994.8,29003.9"
2026-05-18T14:12:00.000+07:00,"29004,29008.8,28992.6,28995.3"
2026-05-18T14:13:00.000+07:00,"28995.5,29000.3,28986.9,28998.8"
2026-05-18T14:14:00.000+07:00,"28999,29000.5,28986.2,28992.8"
2026-05-18T14:15:00.000+07:00,"28992.9,28996.5,28986.8,28990.6"
2026-05-18T14:16:00.000+07:00,"28984,28993.8,28979.1,28992.4"
2026-05-18T14:17:00.000+07:00,"28993.1,28995.9,28987.4,28992.9"
2026-05-18T14:18:00.000+07:00,"28991.2,28992,28984.3,28988.7"
2026-05-18T14:19:00.000+07:00,"28988.8,28994.2,28987.5,28988.3"
2026-05-18T14:20:00.000+07:00,"28988.1,28988.1,28965,28969.1"
2026-05-18T14:21:00.000+07:00,"28969.3,28979.7,28963.7,28975.8"
2026-05-18T14:22:00.000+07:00,"28975.6,28983,28965.7,28974.9"
2026-05-18T14:23:00.000+07:00,"28974.8,28982,28973.6,28980.9"
2026-05-18T14:24:00.000+07:00,"28981.1,28988.8,28972.3,28988.6"
2026-05-18T14:25:00.000+07:00,"28988,29007.3,28987.4,29007"
2026-05-18T14:26:00.000+07:00,"29006.8,29034.5,29006.5,29033.1"
2026-05-18T14:27:00.000+07:00,"29032.9,29046.6,29029,29044.8"
2026-05-18T14:28:00.000+07:00,"29045.3,29045.8,29030.5,29039.4"
2026-05-18T14:29:00.000+07:00,"29039,29057.6,29035.7,29053.5"
2026-05-18T14:30:00.000+07:00,"29053.9,29068.9,29053.1,29066.1"
2026-05-18T14:31:00.000+07:00,"29065.5,29066.4,29047.3,29051.7"
2026-05-18T14:32:00.000+07:00,"29053.4,29080.1,29053.4,29066.9"
2026-05-18T14:33:00.000+07:00,"29066.8,29069.6,29053.8,29054.3"
2026-05-18T14:34:00.000+07:00,"29054.1,29058.3,29044.6,29046.3"
2026-05-18T14:35:00.000+07:00,"29046.5,29049.7,29021.8,29024.3"
2026-05-18T14:36:00.000+07:00,"29023.3,29031.4,29022.1,29022.5"
2026-05-18T14:37:00.000+07:00,"29022.4,29026.6,29015.3,29016"
2026-05-18T14:38:00.000+07:00,"29016.3,29016.8,29007.4,29007.4"
2026-05-18T14:39:00.000+07:00,"29007.9,29010.6,28997.8,28998.6"
2026-05-18T14:40:00.000+07:00,"28998.4,29005.2,28991.5,28993.5"
2026-05-18T14:41:00.000+07:00,"28993.7,28994.4,28976.9,28986.4"
2026-05-18T14:42:00.000+07:00,"28986.3,28987.1,28977,28980.8"
2026-05-18T14:43:00.000+07:00,"28980.3,28990.6,28973.2,28986.4"
2026-05-18T14:44:00.000+07:00,"28986.3,28989.6,28980.9,28984.7"
2026-05-18T14:45:00.000+07:00,"28984.6,28992.4,28981.5,28988.4"
2026-05-18T14:46:00.000+07:00,"28988.1,28993.7,28978.9,28987.2"
2026-05-18T14:47:00.000+07:00,"28987.3,29001.1,28987.3,29000.1"
2026-05-18T14:48:00.000+07:00,"29000.3,29023.6,28993.2,29015.7"
2026-05-18T14:49:00.000+07:00,"29015.9,29020.7,28999.4,29003.6"
2026-05-18T14:50:00.000+07:00,"29003.4,29007.9,28984.2,28990.1"
2026-05-18T14:51:00.000+07:00,"28989.9,29006.7,28989.6,29001.7"
2026-05-18T14:52:00.000+07:00,"29001.8,29010.5,29001.8,29004.6"
2026-05-18T14:53:00.000+07:00,"29004,29006.1,28999.1,29006"
2026-05-18T14:54:00.000+07:00,"29005.6,29017.8,29005.3,29014.7"
2026-05-18T14:55:00.000+07:00,"29014.6,29016.9,29009.4,29014.8"
2026-05-18T14:56:00.000+07:00,"29014.9,29033,29009,29026.8"
2026-05-18T14:57:00.000+07:00,"29026.7,29030.6,29023,29024"
2026-05-18T14:58:00.000+07:00,"29023.6,29028.5,29017.5,29020.7"
2026-05-18T14:59:00.000+07:00,"29020.9,29023.8,29017.1,29023.3"
2026-05-18T15:00:00.000+07:00,"29025.5,29043.5,29024.4,29037.7"
2026-05-18T15:01:00.000+07:00,"29038,29039.5,29031.6,29036.4"
2026-05-18T15:02:00.000+07:00,"29035.9,29043,29032.3,29040.2"
2026-05-18T15:03:00.000+07:00,"29040.1,29056.5,29039.8,29054.3"
2026-05-18T15:04:00.000+07:00,"29054.2,29076.4,29053.4,29075.3"
2026-05-18T15:05:00.000+07:00,"29075.1,29093.3,29075.1,29086.1"
2026-05-18T15:06:00.000+07:00,"29086.7,29093.8,29063.3,29065.2"
2026-05-18T15:07:00.000+07:00,"29070.4,29083.8,29068.8,29075.5"
2026-05-18T15:08:00.000+07:00,"29076.7,29088.9,29075.2,29087.6"
2026-05-18T15:09:00.000+07:00,"29087.1,29088.9,29074.3,29078.2"
2026-05-18T15:10:00.000+07:00,"29078.3,29085.6,29071,29071.9"
2026-05-18T15:11:00.000+07:00,"29071.8,29074.1,29059.3,29063"
2026-05-18T15:12:00.000+07:00,"29062.7,29079.4,29059.7,29076.7"
2026-05-18T15:13:00.000+07:00,"29076.9,29078.7,29065.1,29065.2"
2026-05-18T15:14:00.000+07:00,"29065.3,29075,29064.5,29068.7"
2026-05-18T15:15:00.000+07:00,"29069.2,29072.3,29066.4,29068.3"
2026-05-18T15:16:00.000+07:00,"29068.4,29069.3,29061,29065.5"
2026-05-18T15:17:00.000+07:00,"29065.9,29065.9,29052.5,29059.7"
2026-05-18T15:18:00.000+07:00,"29060.1,29066.6,29053.3,29062.3"
2026-05-18T15:19:00.000+07:00,"29062,29068.2,29060,29065.7"
2026-05-18T15:20:00.000+07:00,"29065.5,29082.8,29061.9,29080.9"
2026-05-18T15:21:00.000+07:00,"29081.2,29089.2,29079.6,29088.7"
2026-05-18T15:22:00.000+07:00,"29088.8,29101.6,29086.2,29099.2"
2026-05-18T15:23:00.000+07:00,"29099.3,29106.5,29096.9,29104.7"
2026-05-18T15:24:00.000+07:00,"29104.6,29111.6,29102,29104.8"
2026-05-18T15:25:00.000+07:00,"29104.6,29122,29103.6,29119.4"
2026-05-18T15:26:00.000+07:00,"29118.4,29125.4,29116.8,29122.8"
2026-05-18T15:27:00.000+07:00,"29122.6,29125.6,29118.2,29120.8"
2026-05-18T15:28:00.000+07:00,"29121.7,29126.7,29117.7,29125.9"
2026-05-18T15:29:00.000+07:00,"29125.8,29126.3,29116.2,29124.5"
2026-05-18T15:30:00.000+07:00,"29124.3,29129.7,29108.5,29108.5"
2026-05-18T15:31:00.000+07:00,"29108.9,29118.9,29106,29118.1"
2026-05-18T15:32:00.000+07:00,"29118.5,29128,29111.9,29126"
2026-05-18T15:33:00.000+07:00,"29126.1,29143.1,29126.1,29140.1"
2026-05-18T15:34:00.000+07:00,"29134.5,29140.2,29127.4,29129"
2026-05-18T15:35:00.000+07:00,"29129.7,29129.7,29109.8,29113"
2026-05-18T15:36:00.000+07:00,"29112.9,29113.5,29097.8,29098.4"
2026-05-18T15:37:00.000+07:00,"29098.3,29109.4,29096.1,29106.6"
2026-05-18T15:38:00.000+07:00,"29106.9,29115.4,29105.1,29111.6"
2026-05-18T15:39:00.000+07:00,"29111.3,29115.9,29106.1,29112.6"
2026-05-18T15:40:00.000+07:00,"29112.7,29114.7,29107,29108.3"
2026-05-18T15:41:00.000+07:00,"29108.4,29108.5,29095.6,29097.3"
2026-05-18T15:42:00.000+07:00,"29097,29098.9,29089.6,29091.8"
2026-05-18T15:43:00.000+07:00,"29091.3,29097.9,29090.1,29091.7"
2026-05-18T15:44:00.000+07:00,"29091.8,29100.3,29089.7,29095.5"
2026-05-18T15:45:00.000+07:00,"29095.4,29112.9,29094.4,29109.9"
2026-05-18T15:46:00.000+07:00,"29110,29112.3,29107,29109"
2026-05-18T15:47:00.000+07:00,"29109.1,29111.1,29103.7,29107.2"
2026-05-18T15:48:00.000+07:00,"29107,29114.6,29103.7,29111.2"
2026-05-18T15:49:00.000+07:00,"29111,29112.2,29107.9,29111.5"
2026-05-18T15:50:00.000+07:00,"29111.1,29127.7,29110.5,29125"
2026-05-18T15:51:00.000+07:00,"29125.5,29128.5,29117,29127.6"
2026-05-18T15:52:00.000+07:00,"29127.5,29140.5,29125.2,29138.7"
2026-05-18T15:53:00.000+07:00,"29138.3,29145.3,29138.1,29141.8"
2026-05-18T15:54:00.000+07:00,"29141.7,29142.7,29128.8,29129.7"
2026-05-18T15:55:00.000+07:00,"29129.6,29135.5,29126.9,29130.2"
2026-05-18T15:56:00.000+07:00,"29129,29135.8,29128.2,29135.1"
2026-05-18T15:57:00.000+07:00,"29135,29137.2,29127.1,29129"
2026-05-18T15:58:00.000+07:00,"29129.2,29141.1,29129.2,29139.7"
2026-05-18T15:59:00.000+07:00,"29139.5,29145.5,29136.3,29144.8"
2026-05-18T16:00:00.000+07:00,"29144.9,29151.9,29135.6,29139.3"
2026-05-18T16:01:00.000+07:00,"29139.5,29146.3,29138.8,29141.2"
2026-05-18T16:02:00.000+07:00,"29141,29143.8,29127.1,29127.4"
2026-05-18T16:03:00.000+07:00,"29127.3,29132.4,29122.5,29126"
2026-05-18T16:04:00.000+07:00,"29125.9,29128.1,29115.9,29117.2"
2026-05-18T16:05:00.000+07:00,"29117.1,29122.4,29113.1,29114"
2026-05-18T16:06:00.000+07:00,"29113.8,29127.3,29113.7,29124.9"
2026-05-18T16:07:00.000+07:00,"29125.1,29128.1,29114.8,29117.4"
2026-05-18T16:08:00.000+07:00,"29116.2,29117.4,29108.7,29112.7"
2026-05-18T16:09:00.000+07:00,"29112.9,29113.3,29108.9,29110.8"
2026-05-18T16:10:00.000+07:00,"29111.1,29113.4,29101.8,29102.4"
2026-05-18T16:11:00.000+07:00,"29102.6,29107,29099.2,29103.9"
2026-05-18T16:12:00.000+07:00,"29103.6,29111.2,29100.1,29108.2"
2026-05-18T16:13:00.000+07:00,"29108.3,29114.3,29107.8,29109.6"
2026-05-18T16:14:00.000+07:00,"29109.4,29110.8,29102.8,29104.3"
2026-05-18T16:15:00.000+07:00,"29104.2,29114.6,29100.8,29114.5"
2026-05-18T16:16:00.000+07:00,"29114.4,29119.8,29111.8,29113.8"
2026-05-18T16:17:00.000+07:00,"29113.5,29120,29107.5,29107.6"
2026-05-18T16:18:00.000+07:00,"29107.3,29112.2,29105.3,29107.5"
2026-05-18T16:19:00.000+07:00,"29107.6,29110.1,29099.4,29100.9"
2026-05-18T16:20:00.000+07:00,"29100.8,29115,29099.5,29111"
2026-05-18T16:21:00.000+07:00,"29111.1,29121.2,29110.1,29118.8"
2026-05-18T16:22:00.000+07:00,"29118.7,29120.1,29109.4,29110.9"
2026-05-18T16:23:00.000+07:00,"29110.4,29112.5,29103.1,29105.5"
2026-05-18T16:24:00.000+07:00,"29105.6,29111.6,29103.5,29104"
2026-05-18T16:25:00.000+07:00,"29103.9,29103.9,29092,29093.6"
2026-05-18T16:26:00.000+07:00,"29093.7,29097.1,29091,29093.7"
2026-05-18T16:27:00.000+07:00,"29093.3,29093.8,29084.7,29089.1"
2026-05-18T16:28:00.000+07:00,"29089.3,29101.8,29089.3,29101.2"
2026-05-18T16:29:00.000+07:00,"29100.9,29107.5,29100.4,29104.6"
2026-05-18T16:30:00.000+07:00,"29104.4,29108.7,29098.6,29104.5"
2026-05-18T16:31:00.000+07:00,"29105.7,29110.7,29100.1,29104.3"
2026-05-18T16:32:00.000+07:00,"29104.5,29109.7,29099.6,29109.1"
2026-05-18T16:33:00.000+07:00,"29109,29111.2,29104.3,29104.6"
2026-05-18T16:34:00.000+07:00,"29104.3,29109.2,29101.1,29109.1"
2026-05-18T16:35:00.000+07:00,"29108.9,29111.9,29101.6,29102.8"
2026-05-18T16:36:00.000+07:00,"29103.1,29103.5,29096.9,29096.9"
2026-05-18T16:37:00.000+07:00,"29097,29098.5,29091.9,29096.1"
2026-05-18T16:38:00.000+07:00,"29096.4,29102,29095.1,29100.2"
2026-05-18T16:39:00.000+07:00,"29100.3,29105,29098.3,29104.7"
2026-05-18T16:40:00.000+07:00,"29103.8,29106.1,29096.6,29104.6"
2026-05-18T16:41:00.000+07:00,"29104.5,29110.4,29100,29110.3"
2026-05-18T16:42:00.000+07:00,"29108.9,29108.9,29101.7,29107.9"
2026-05-18T16:43:00.000+07:00,"29108.1,29109.2,29100.5,29102"
2026-05-18T16:44:00.000+07:00,"29101.9,29105.9,29099.7,29105"
2026-05-18T16:45:00.000+07:00,"29104.8,29110.5,29095.4,29105.5"
2026-05-18T16:46:00.000+07:00,"29105.6,29110.3,29102.2,29103.8"
2026-05-18T16:47:00.000+07:00,"29103.7,29108.2,29102.4,29107.1"
2026-05-18T16:48:00.000+07:00,"29106.9,29115.4,29106.2,29113.2"
2026-05-18T16:49:00.000+07:00,"29113.9,29116,29101.4,29102.6"
2026-05-18T16:50:00.000+07:00,"29103.1,29108.1,29095.5,29098.8"
2026-05-18T16:51:00.000+07:00,"29098.9,29102.7,29088.8,29090.7"
2026-05-18T16:52:00.000+07:00,"29091.5,29095.7,29080.1,29084"
2026-05-18T16:53:00.000+07:00,"29084.4,29087.8,29079,29082.2"
2026-05-18T16:54:00.000+07:00,"29082.4,29083.4,29070.8,29078.9"
2026-05-18T16:55:00.000+07:00,"29079,29085.5,29075,29084.1"
2026-05-18T16:56:00.000+07:00,"29084.6,29091.6,29080.2,29080.2"
2026-05-18T16:57:00.000+07:00,"29080.1,29080.4,29072.8,29074.4"
2026-05-18T16:58:00.000+07:00,"29074.3,29091.8,29073.1,29090.3"
2026-05-18T16:59:00.000+07:00,"29090.5,29094.1,29088,29091"
2026-05-18T17:00:00.000+07:00,"29091.2,29096.1,29086.1,29086.5"
2026-05-18T17:01:00.000+07:00,"29086.6,29088.4,29080.4,29083.2"
2026-05-18T17:02:00.000+07:00,"29083.1,29085.8,29070.7,29077"
2026-05-18T17:03:00.000+07:00,"29076.8,29077.1,29061.5,29068.9"
2026-05-18T17:04:00.000+07:00,"29068.6,29071.9,29053.9,29054.1"
2026-05-18T17:05:00.000+07:00,"29054.3,29054.7,29027.4,29034.7"
2026-05-18T17:06:00.000+07:00,"29034.9,29046,29031.1,29037.2"
2026-05-18T17:07:00.000+07:00,"29038.4,29043.5,29034.7,29037.4"
2026-05-18T17:08:00.000+07:00,"29036.7,29038.9,29022.6,29023.7"
2026-05-18T17:09:00.000+07:00,"29023.5,29032.9,29020.2,29021.4"
2026-05-18T17:10:00.000+07:00,"29021.5,29034.4,29018.4,29028.1"
2026-05-18T17:11:00.000+07:00,"29027.8,29042.2,29025.4,29040.6"
2026-05-18T17:12:00.000+07:00,"29040.7,29052.1,29039.6,29051.1"
2026-05-18T17:13:00.000+07:00,"29051.5,29053.6,29037.8,29040.7"
2026-05-18T17:14:00.000+07:00,"29041.2,29043.2,29032.8,29041.7"
2026-05-18T17:15:00.000+07:00,"29041.6,29044.6,29032.9,29036"
2026-05-18T17:16:00.000+07:00,"29036.2,29042.1,29028.8,29036.6"
2026-05-18T17:17:00.000+07:00,"29036.2,29046.1,29034.5,29034.9"
2026-05-18T17:18:00.000+07:00,"29035,29041.6,29035,29041.4"
2026-05-18T17:19:00.000+07:00,"29040.9,29048.5,29039.4,29042.8"
2026-05-18T17:20:00.000+07:00,"29042.9,29049.9,29034.6,29048.1"
2026-05-18T17:21:00.000+07:00,"29048.4,29053.8,29045.2,29051"
2026-05-18T17:22:00.000+07:00,"29050.2,29050.5,29038.3,29041.5"
2026-05-18T17:23:00.000+07:00,"29041.2,29049.1,29040.6,29047.4"
2026-05-18T17:24:00.000+07:00,"29047.3,29048.7,29042.7,29048.7"
2026-05-18T17:25:00.000+07:00,"29052.1,29052.9,29047.6,29049"
2026-05-18T17:26:00.000+07:00,"29049.1,29051.6,29041.1,29048.4"
2026-05-18T17:27:00.000+07:00,"29048.3,29049.2,29031.9,29035.2"
2026-05-18T17:28:00.000+07:00,"29035.1,29036.7,29028.8,29031.7"
2026-05-18T17:29:00.000+07:00,"29032.9,29038.8,29029.4,29038.5"
2026-05-18T17:30:00.000+07:00,"29038.7,29043.5,29032.9,29033.6"
2026-05-18T17:31:00.000+07:00,"29033.7,29038.1,29024.2,29024.7"
2026-05-18T17:32:00.000+07:00,"29024.6,29024.6,29004.9,29017.7"
2026-05-18T17:33:00.000+07:00,"29017.6,29018.1,29005.9,29005.9"
2026-05-18T17:34:00.000+07:00,"29006.4,29006.4,28989.5,28993.6"
2026-05-18T17:35:00.000+07:00,"28993.5,29006.3,28987.8,28992.2"
2026-05-18T17:36:00.000+07:00,"28992.1,29002.1,28991.5,29000.5"
2026-05-18T17:37:00.000+07:00,"29000.2,29002.3,28987.4,28990.3"
2026-05-18T17:38:00.000+07:00,"28989.9,28996,28983.5,28983.9"
2026-05-18T17:39:00.000+07:00,"28984.1,28996,28982.9,28992.9"
2026-05-18T17:40:00.000+07:00,"28994,29016.5,28993.5,29009.9"
2026-05-18T17:41:00.000+07:00,"29009.8,29012,29003.2,29010.7"
2026-05-18T17:42:00.000+07:00,"29010.6,29013.3,29005.6,29010.5"
2026-05-18T17:43:00.000+07:00,"29012,29012.5,29005.9,29007.3"
2026-05-18T17:44:00.000+07:00,"29007.4,29022.6,29006.4,29021.6"
2026-05-18T17:45:00.000+07:00,"29021.7,29022,29011.9,29019.7"
2026-05-18T17:46:00.000+07:00,"29020.2,29034,29018.3,29034"
2026-05-18T17:47:00.000+07:00,"29034.1,29038.1,29026.7,29037.8"
2026-05-18T17:48:00.000+07:00,"29037.9,29038.7,29029,29034.7"
2026-05-18T17:49:00.000+07:00,"29034.5,29047.1,29034.2,29043"
2026-05-18T17:50:00.000+07:00,"29042.9,29045.5,29033.8,29035.1"
2026-05-18T17:51:00.000+07:00,"29035.2,29041.4,29034.4,29036.3"
2026-05-18T17:52:00.000+07:00,"29037.8,29038.2,29030.5,29037.7"
2026-05-18T17:53:00.000+07:00,"29036.9,29037.6,29026.3,29027.4"
2026-05-18T17:54:00.000+07:00,"29027.7,29034.7,29025.3,29031.7"
2026-05-18T17:55:00.000+07:00,"29031.6,29034.5,29026.6,29027.5"
2026-05-18T17:56:00.000+07:00,"29027.4,29030.7,29020.5,29023.3"
2026-05-18T17:57:00.000+07:00,"29023.5,29028.3,29022,29024.3"
2026-05-18T17:58:00.000+07:00,"29024.2,29026.2,29018.8,29025.6"
2026-05-18T17:59:00.000+07:00,"29025.5,29027.1,29018.6,29022.4"
2026-05-18T18:00:00.000+07:00,"29022.1,29029.7,29009.2,29014.9"
2026-05-18T18:01:00.000+07:00,"29014.7,29018.9,29011.2,29011.5"
2026-05-18T18:02:00.000+07:00,"29011.2,29017.7,29007.3,29017.3"
2026-05-18T18:03:00.000+07:00,"29017.1,29021.2,29004.4,29006"
2026-05-18T18:04:00.000+07:00,"29005.8,29012.4,29003.4,29005.6"
2026-05-18T18:05:00.000+07:00,"29005.5,29008.8,28996.7,28997.2"
2026-05-18T18:06:00.000+07:00,"28997.7,29003.6,28997.4,28999.7"
2026-05-18T18:07:00.000+07:00,"29000.6,29007.5,28998.1,29002.2"
2026-05-18T18:08:00.000+07:00,"29002.1,29002.3,28988.1,28992"
2026-05-18T18:09:00.000+07:00,"28992.1,28995.6,28963.9,28967.7"
2026-05-18T18:10:00.000+07:00,"28966.9,28988,28954.9,28982.8"
2026-05-18T18:11:00.000+07:00,"28982.3,28998.7,28978.3,28997.5"
2026-05-18T18:12:00.000+07:00,"28997.4,29003.8,28994,28998.3"
2026-05-18T18:13:00.000+07:00,"28998.2,29005.6,28994.6,29003.9"
2026-05-18T18:14:00.000+07:00,"29004.1,29011,29002.2,29008"
2026-05-18T18:15:00.000+07:00,"29008.5,29008.8,29000.5,29006"
2026-05-18T18:16:00.000+07:00,"29006.3,29007.5,28995.2,28998.9"
2026-05-18T18:17:00.000+07:00,"28998.8,29003.3,28998.8,29002.8"
2026-05-18T18:18:00.000+07:00,"29002.7,29015.2,29001.8,29012.3"
2026-05-18T18:19:00.000+07:00,"29012.1,29027,29011.4,29024.8"
2026-05-18T18:20:00.000+07:00,"29024.2,29030.7,29014.3,29028.7"
2026-05-18T18:21:00.000+07:00,"29028.6,29031.5,29022.5,29023"
2026-05-18T18:22:00.000+07:00,"29023.2,29025.1,29016.1,29019.1"
2026-05-18T18:23:00.000+07:00,"29018.9,29019.6,29011.8,29016.8"
2026-05-18T18:24:00.000+07:00,"29017.5,29024.1,29010.4,29010.4"
2026-05-18T18:25:00.000+07:00,"29010.5,29015.7,29007.1,29013.5"
2026-05-18T18:26:00.000+07:00,"29013.1,29019.3,29001.7,29001.7"
2026-05-18T18:27:00.000+07:00,"29001.8,29007.4,29000.1,29003.9"
2026-05-18T18:28:00.000+07:00,"29004.3,29004.5,28996.6,28999.3"
2026-05-18T18:29:00.000+07:00,"28999.1,29001.2,28990.6,28993.2"
2026-05-18T18:30:00.000+07:00,"28993.4,29002.3,28990.8,28998"
2026-05-18T18:31:00.000+07:00,"28997.9,29010.2,28996.8,29009.2"
2026-05-18T18:32:00.000+07:00,"29009.3,29017.8,29005.2,29014.3"
2026-05-18T18:33:00.000+07:00,"29014,29033.7,28994.4,29025"
2026-05-18T18:34:00.000+07:00,"29025.3,29047.9,29023,29042.5"
2026-05-18T18:35:00.000+07:00,"29043.5,29047.8,29040,29046.1"
2026-05-18T18:36:00.000+07:00,"29046.8,29054.7,29028.1,29033.1"
2026-05-18T18:37:00.000+07:00,"29034.1,29038.2,29019.2,29024.1"
2026-05-18T18:38:00.000+07:00,"29024.3,29045.1,29024.3,29041.3"
2026-05-18T18:39:00.000+07:00,"29041.4,29121.3,29037.9,29118"
2026-05-18T18:40:00.000+07:00,"29117.7,29169.4,29116.3,29130.3"
2026-05-18T18:41:00.000+07:00,"29129.2,29175.8,29128.8,29168.3"
2026-05-18T18:42:00.000+07:00,"29168.8,29177.2,29140.9,29151.9"
2026-05-18T18:43:00.000+07:00,"29152.1,29156.9,29135.1,29138.4"
2026-05-18T18:44:00.000+07:00,"29150,29155.5,29139.9,29140.6"
2026-05-18T18:45:00.000+07:00,"29141.6,29145.8,29105.4,29112.6"
2026-05-18T18:46:00.000+07:00,"29110.7,29114.9,29097.4,29098.2"
2026-05-18T18:47:00.000+07:00,"29098,29111.7,29092.7,29107.1"
2026-05-18T18:48:00.000+07:00,"29106.9,29114.9,29087.8,29089.7"
2026-05-18T18:49:00.000+07:00,"29089.8,29104,29087.7,29099.4"
2026-05-18T18:50:00.000+07:00,"29099.2,29100.6,29084,29087.7"
2026-05-18T18:51:00.000+07:00,"29087.8,29098.5,29077.7,29077.8"
2026-05-18T18:52:00.000+07:00,"29077.9,29092.3,29076.5,29087.2"
2026-05-18T18:53:00.000+07:00,"29087.3,29092.1,29080.9,29083.1"
2026-05-18T18:54:00.000+07:00,"29083,29091.9,29080.8,29082.7"
2026-05-18T18:55:00.000+07:00,"29083.2,29095.8,29079.4,29095.3"
2026-05-18T18:56:00.000+07:00,"29095.4,29096.3,29063.7,29064"
2026-05-18T18:57:00.000+07:00,"29064.3,29081.5,29062.3,29066.7"
2026-05-18T18:58:00.000+07:00,"29066.9,29081.8,29058.9,29080.1"
2026-05-18T18:59:00.000+07:00,"29080.2,29082.4,29074.2,29080.4"
2026-05-18T19:00:00.000+07:00,"29080.2,29096.4,29073.6,29094.2"
2026-05-18T19:01:00.000+07:00,"29094.6,29099.3,29088.5,29097.7"
2026-05-18T19:02:00.000+07:00,"29097.8,29101.3,29078.1,29080.5"
2026-05-18T19:03:00.000+07:00,"29080.6,29092.1,29080.6,29089.2"
2026-05-18T19:04:00.000+07:00,"29089.7,29096.2,29088.2,29095.7"
2026-05-18T19:05:00.000+07:00,"29095.8,29111,29095.8,29109.1"
2026-05-18T19:06:00.000+07:00,"29109,29119.1,29106,29108.4"
2026-05-18T19:07:00.000+07:00,"29107.8,29130.8,29107.6,29130.3"
2026-05-18T19:08:00.000+07:00,"29131.3,29135.3,29116.5,29120.4"
2026-05-18T19:09:00.000+07:00,"29120,29132.4,29119.4,29124.7"
2026-05-18T19:10:00.000+07:00,"29125.2,29132.7,29118.6,29130"
2026-05-18T19:11:00.000+07:00,"29130.4,29139.7,29122,29122.3"
2026-05-18T19:12:00.000+07:00,"29124.6,29124.6,29112.7,29116"
2026-05-18T19:13:00.000+07:00,"29116.2,29125.4,29114,29114.6"
2026-05-18T19:14:00.000+07:00,"29114.7,29123.6,29110.3,29121"
2026-05-18T19:15:00.000+07:00,"29120.8,29123.7,29100.2,29100.3"
2026-05-18T19:16:00.000+07:00,"29100.1,29119.3,29090.4,29105.5"
2026-05-18T19:17:00.000+07:00,"29105.3,29108.8,29098.2,29104.9"
2026-05-18T19:18:00.000+07:00,"29105.1,29111.4,29099.2,29099.4"
2026-05-18T19:19:00.000+07:00,"29099,29103.1,29093.3,29096.2"
2026-05-18T19:20:00.000+07:00,"29096.7,29104.5,29090.7,29096.6"
2026-05-18T19:21:00.000+07:00,"29096.7,29115.6,29096.7,29114.4"
2026-05-18T19:22:00.000+07:00,"29113.9,29119.9,29108.8,29119.9"
2026-05-18T19:23:00.000+07:00,"29119.6,29121.9,29105.9,29111"
2026-05-18T19:24:00.000+07:00,"29111.1,29119.9,29105.8,29116.7"
2026-05-18T19:25:00.000+07:00,"29118,29118.4,29107.8,29111.1"
2026-05-18T19:26:00.000+07:00,"29110.7,29112.6,29107.7,29111.9"
2026-05-18T19:27:00.000+07:00,"29111.7,29112.7,29099.2,29100.7"
2026-05-18T19:28:00.000+07:00,"29100.2,29113.2,29100.2,29112.8"
2026-05-18T19:29:00.000+07:00,"29113,29114.8,29102.9,29104.1"
2026-05-18T19:30:00.000+07:00,"29104.2,29109.6,29094.6,29095.1"
2026-05-18T19:31:00.000+07:00,"29094.5,29104.8,29090.5,29100.3"
2026-05-18T19:32:00.000+07:00,"29100.4,29100.4,29091.1,29096.9"
2026-05-18T19:33:00.000+07:00,"29097,29102.1,29094.7,29099.7"
2026-05-18T19:34:00.000+07:00,"29100.3,29149.1,29098.8,29146.2"
2026-05-18T19:35:00.000+07:00,"29146.4,29174.7,29145.6,29170.8"
2026-05-18T19:36:00.000+07:00,"29170.3,29173.4,29154.2,29166.9"
2026-05-18T19:37:00.000+07:00,"29166.7,29181.9,29165.7,29175.1"
2026-05-18T19:38:00.000+07:00,"29175.2,29181.5,29169.7,29175.1"
2026-05-18T19:39:00.000+07:00,"29175.7,29188.9,29167.5,29172.5"
2026-05-18T19:40:00.000+07:00,"29171.5,29183.5,29164.4,29169.2"
2026-05-18T19:41:00.000+07:00,"29169,29199.5,29168.2,29194.4"
2026-05-18T19:42:00.000+07:00,"29194.6,29212.4,29192.5,29208.8"
2026-05-18T19:43:00.000+07:00,"29209,29219,29198.3,29218"
2026-05-18T19:44:00.000+07:00,"29217.9,29225.8,29208.7,29222"
2026-05-18T19:45:00.000+07:00,"29222.1,29271.2,29217.4,29271.2"
2026-05-18T19:46:00.000+07:00,"29271.1,29291.1,29263.9,29285.2"
2026-05-18T19:47:00.000+07:00,"29283.2,29291.2,29275.7,29279.8"
2026-05-18T19:48:00.000+07:00,"29279.9,29285.7,29274.1,29279.3"
2026-05-18T19:49:00.000+07:00,"29279.4,29302.2,29279.4,29291"
2026-05-18T19:50:00.000+07:00,"29290.5,29305.3,29289.4,29301"
2026-05-18T19:51:00.000+07:00,"29300.9,29307,29275.7,29276.9"
2026-05-18T19:52:00.000+07:00,"29277.2,29286,29273.6,29280.3"
2026-05-18T19:53:00.000+07:00,"29280.9,29298.2,29279.2,29289.4"
2026-05-18T19:54:00.000+07:00,"29289.6,29299.3,29283.4,29294.4"
2026-05-18T19:55:00.000+07:00,"29294.3,29298.9,29276.6,29277.4"
2026-05-18T19:56:00.000+07:00,"29277.1,29298.2,29274.8,29295.6"
2026-05-18T19:57:00.000+07:00,"29295.7,29304.5,29292.7,29299.3"
2026-05-18T19:58:00.000+07:00,"29299.1,29307.8,29290.9,29306.9"
2026-05-18T19:59:00.000+07:00,"29306.6,29320.2,29305.8,29309.3"
2026-05-18T20:00:00.000+07:00,"29310.3,29315.7,29295.4,29311.7"
2026-05-18T20:01:00.000+07:00,"29317.2,29319.4,29286.2,29287.1"
2026-05-18T20:02:00.000+07:00,"29286.8,29294.8,29262.4,29270"
2026-05-18T20:03:00.000+07:00,"29269.9,29273.9,29255.8,29268.2"
2026-05-18T20:04:00.000+07:00,"29266.6,29281.9,29265.9,29279.4"
2026-05-18T20:05:00.000+07:00,"29280.6,29286.6,29272.8,29280.2"
2026-05-18T20:06:00.000+07:00,"29280.4,29284.2,29261.3,29269.2"
2026-05-18T20:07:00.000+07:00,"29269.1,29291.2,29268.8,29287.5"
2026-05-18T20:08:00.000+07:00,"29287.7,29301.2,29280.7,29287.2"
2026-05-18T20:09:00.000+07:00,"29292.5,29292.9,29279.3,29279.8"
2026-05-18T20:10:00.000+07:00,"29278,29289,29266.6,29273.7"
2026-05-18T20:11:00.000+07:00,"29273,29281.6,29268,29272.6"
2026-05-18T20:12:00.000+07:00,"29272.7,29275.3,29266.9,29273.3"
2026-05-18T20:13:00.000+07:00,"29273.1,29282.5,29270.5,29276.9"
2026-05-18T20:14:00.000+07:00,"29276.4,29292.3,29275.7,29279.9"
2026-05-18T20:15:00.000+07:00,"29280.1,29282.8,29264.5,29264.7"
2026-05-18T20:16:00.000+07:00,"29264.9,29268.9,29253.5,29267"
2026-05-18T20:17:00.000+07:00,"29267.1,29275.6,29260.7,29273.2"
2026-05-18T20:18:00.000+07:00,"29273.3,29275.6,29266.6,29266.6"
2026-05-18T20:19:00.000+07:00,"29266.9,29270.8,29259,29266.2"
2026-05-18T20:20:00.000+07:00,"29266.4,29272.1,29261.2,29264.1"
2026-05-18T20:21:00.000+07:00,"29264,29267.3,29257.5,29263.5"
2026-05-18T20:22:00.000+07:00,"29263.4,29269.2,29261,29264.6"
2026-05-18T20:23:00.000+07:00,"29264.4,29275.6,29261.9,29271.8"
2026-05-18T20:24:00.000+07:00,"29271.4,29278.9,29270.5,29278.9"
2026-05-18T20:25:00.000+07:00,"29278.8,29278.8,29251.4,29253.8"
2026-05-18T20:26:00.000+07:00,"29252.1,29283.3,29251.5,29271.7"
2026-05-18T20:27:00.000+07:00,"29271.8,29275.8,29254.8,29256.7"
2026-05-18T20:28:00.000+07:00,"29257.1,29263.2,29246.6,29261.3"
2026-05-18T20:29:00.000+07:00,"29261.6,29262.4,29243.8,29244.6"
2026-05-18T20:30:00.000+07:00,"29241.2,29257.5,29206.3,29234.9"
2026-05-18T20:31:00.000+07:00,"29234.4,29257.3,29208.8,29223.6"
2026-05-18T20:32:00.000+07:00,"29221.8,29237.3,29189.6,29196.4"
2026-05-18T20:33:00.000+07:00,"29196.3,29226.5,29180,29220.8"
2026-05-18T20:34:00.000+07:00,"29220.3,29234.2,29185,29189.7"
2026-05-18T20:35:00.000+07:00,"29189.9,29203,29173.7,29197.4"
2026-05-18T20:36:00.000+07:00,"29198.2,29203.7,29146,29159.1"
2026-05-18T20:37:00.000+07:00,"29160.2,29189.1,29160.2,29171.1"
2026-05-18T20:38:00.000+07:00,"29170.6,29181.6,29143.7,29178.4"
2026-05-18T20:39:00.000+07:00,"29178.7,29186.3,29160.1,29166.1"
2026-05-18T20:40:00.000+07:00,"29165.9,29168.6,29135,29160.8"
2026-05-18T20:41:00.000+07:00,"29161,29184.4,29149.5,29154.4"
2026-05-18T20:42:00.000+07:00,"29155.3,29155.3,29110.4,29116.6"
2026-05-18T20:43:00.000+07:00,"29116.2,29153.5,29103,29144"
2026-05-18T20:44:00.000+07:00,"29143.9,29149.5,29063.4,29069.2"
2026-05-18T20:45:00.000+07:00,"29069.4,29102.1,29042.9,29093.8"
2026-05-18T20:46:00.000+07:00,"29094.1,29104.4,29061.3,29061.7"
2026-05-18T20:47:00.000+07:00,"29062.1,29090.3,29038.1,29089.6"
2026-05-18T20:48:00.000+07:00,"29088.3,29107.3,29080,29090.8"
2026-05-18T20:49:00.000+07:00,"29092.1,29103.6,29061.5,29062.8"
2026-05-18T20:50:00.000+07:00,"29062.7,29127.7,29060,29126.4"
2026-05-18T20:51:00.000+07:00,"29126.3,29154.7,29115.9,29142.3"
2026-05-18T20:52:00.000+07:00,"29142,29164.4,29134.6,29138.3"
2026-05-18T20:53:00.000+07:00,"29137.8,29165.6,29121.8,29141.3"
2026-05-18T20:54:00.000+07:00,"29141.7,29179.4,29121.1,29166.8"
2026-05-18T20:55:00.000+07:00,"29181.5,29191.7,29171.2,29179.5"
2026-05-18T20:56:00.000+07:00,"29179.6,29209.4,29175.8,29190"
2026-05-18T20:57:00.000+07:00,"29189.6,29201.5,29146.4,29149.4"
2026-05-18T20:58:00.000+07:00,"29148.6,29165.3,29131.6,29147.1"
2026-05-18T20:59:00.000+07:00,"29146.8,29171.7,29135.9,29143.7"
2026-05-18T21:00:00.000+07:00,"29144.6,29146.3,29081.9,29096.2"
2026-05-18T21:01:00.000+07:00,"29095.8,29101.3,29066.4,29067.3"
2026-05-18T21:02:00.000+07:00,"29067.7,29076.9,29046.3,29052.8"
2026-05-18T21:03:00.000+07:00,"29052.6,29084,29044.9,29053.9"
2026-05-18T21:04:00.000+07:00,"29054.8,29074.1,29052.1,29064.3"
2026-05-18T21:05:00.000+07:00,"29064.1,29086.9,29061.7,29079.7"
2026-05-18T21:06:00.000+07:00,"29053,29131,29050.6,29129.2"
2026-05-18T21:07:00.000+07:00,"29129,29156.1,29110.5,29115.4"
2026-05-18T21:08:00.000+07:00,"29115.5,29147.8,29109.2,29145.8"
2026-05-18T21:09:00.000+07:00,"29146.5,29160.5,29139.4,29153.5"
2026-05-18T21:10:00.000+07:00,"29153.6,29160.5,29118.7,29156.6"
2026-05-18T21:11:00.000+07:00,"29156.5,29173.3,29137.6,29142.6"
2026-05-18T21:12:00.000+07:00,"29141.7,29152.2,29131.1,29144.1"
2026-05-18T21:13:00.000+07:00,"29143.9,29167,29124.4,29131.6"
2026-05-18T21:14:00.000+07:00,"29132.3,29164,29121.7,29161.1"
2026-05-18T21:15:00.000+07:00,"29160.6,29192.9,29152.4,29187.2"
2026-05-18T21:16:00.000+07:00,"29187.9,29194.7,29161,29174.6"
2026-05-18T21:17:00.000+07:00,"29175.3,29177,29125.2,29125.2"
2026-05-18T21:18:00.000+07:00,"29125.7,29139.1,29106.2,29115.1"
2026-05-18T21:19:00.000+07:00,"29114.9,29151.7,29114.7,29151.7"
2026-05-18T21:20:00.000+07:00,"29151.5,29166.5,29145.2,29149.4"
2026-05-18T21:21:00.000+07:00,"29149.5,29156.1,29130.4,29131.2"
2026-05-18T21:22:00.000+07:00,"29132.1,29141.5,29113.8,29124.7"
2026-05-18T21:23:00.000+07:00,"29124.6,29135.1,29099.4,29109.2"
2026-05-18T21:24:00.000+07:00,"29108.3,29125.4,29102.7,29107.2"
2026-05-18T21:25:00.000+07:00,"29106.9,29123.9,29093.5,29105.9"
2026-05-18T21:26:00.000+07:00,"29106.8,29132.6,29086.8,29094.6"
2026-05-18T21:27:00.000+07:00,"29095.3,29096.6,29070.3,29085.8"
2026-05-18T21:28:00.000+07:00,"29084.9,29103.7,29075.7,29077.7"
2026-05-18T21:29:00.000+07:00,"29077.9,29086.8,29039,29056.2"
2026-05-18T21:30:00.000+07:00,"29055.8,29075.5,29028.1,29030.6"
2026-05-18T21:31:00.000+07:00,"29031.6,29054.5,29024.7,29033.3"
2026-05-18T21:32:00.000+07:00,"29032.6,29052.8,29015.2,29022.2"
2026-05-18T21:33:00.000+07:00,"28992.2,29000.2,28944.4,28945.3"
2026-05-18T21:34:00.000+07:00,"28945.4,28945.4,28914.3,28925.5"
2026-05-18T21:35:00.000+07:00,"28925.8,28942.4,28877.6,28886.1"
2026-05-18T21:36:00.000+07:00,"28886.4,28917.1,28871.9,28905.4"
2026-05-18T21:37:00.000+07:00,"28905.5,28954.8,28897.4,28953.2"
2026-05-18T21:38:00.000+07:00,"28952.6,28977.4,28946.5,28974.5"
2026-05-18T21:39:00.000+07:00,"28973.9,28974.2,28954.8,28960.1"
2026-05-18T21:40:00.000+07:00,"28960,28970.9,28916.3,28943.1"
2026-05-18T21:41:00.000+07:00,"28943.4,28977.1,28937.1,28969.5"
2026-05-18T21:42:00.000+07:00,"28969.7,29001.5,28959.5,29001.1"
2026-05-18T21:43:00.000+07:00,"29000.9,29018.9,28988.3,29011.9"
2026-05-18T21:44:00.000+07:00,"29012,29021.2,28987.2,28988.8"
2026-05-18T21:45:00.000+07:00,"28988.6,28997.7,28948.4,28951.4"
2026-05-18T21:46:00.000+07:00,"28950.9,28975.6,28937,28959.3"
2026-05-18T21:47:00.000+07:00,"28958.8,28960.3,28934.9,28947"
2026-05-18T21:48:00.000+07:00,"28946.5,28951,28918.3,28929.8"
2026-05-18T21:49:00.000+07:00,"28929.6,28939,28903.5,28918.4"
2026-05-18T21:50:00.000+07:00,"28917.6,28949.7,28904.3,28941"
2026-05-18T21:51:00.000+07:00,"28940.9,28992.7,28938.8,28976.6"
2026-05-18T21:52:00.000+07:00,"28976.2,29004.6,28975.7,28994.1"
2026-05-18T21:53:00.000+07:00,"28995.2,29008.4,28973.4,28980.2"
2026-05-18T21:54:00.000+07:00,"28979.6,28999.8,28955,28957.7"
2026-05-18T21:55:00.000+07:00,"28957.9,28968.6,28947.3,28953.8"
2026-05-18T21:56:00.000+07:00,"28954.1,28982.5,28950.5,28953.7"
2026-05-18T21:57:00.000+07:00,"28955.2,28988,28949.9,28987.3"
2026-05-18T21:58:00.000+07:00,"28987.5,28997.8,28965.2,28978.1"
2026-05-18T21:59:00.000+07:00,"28978.4,29001.5,28967.5,28982.7"
2026-05-18T22:00:00.000+07:00,"28982.5,29009.1,28975.1,29009.1"
2026-05-18T22:01:00.000+07:00,"29010.8,29025.5,28951.4,28980.1"
2026-05-18T22:02:00.000+07:00,"28980.6,28982.2,28936.1,28974.4"
2026-05-18T22:03:00.000+07:00,"28974.3,28992.8,28947.8,28955.4"
2026-05-18T22:04:00.000+07:00,"28954.5,28980.7,28940.8,28972"
2026-05-18T22:05:00.000+07:00,"28972.4,28979.1,28952.9,28959.6"
2026-05-18T22:06:00.000+07:00,"28960.3,28983.6,28951.1,28972"
2026-05-18T22:07:00.000+07:00,"28963.1,28969.3,28946.8,28956.3"
2026-05-18T22:08:00.000+07:00,"28958.2,28968.1,28944.9,28961.3"
2026-05-18T22:09:00.000+07:00,"28961.2,28963.1,28915.3,28916.7"
2026-05-18T22:10:00.000+07:00,"28918.2,28954.8,28906,28946.3"
2026-05-18T22:11:00.000+07:00,"28947.5,28972.4,28946.6,28964.3"
2026-05-18T22:12:00.000+07:00,"28964.5,28986.1,28956.2,28961.8"
2026-05-18T22:13:00.000+07:00,"28961.6,28970.8,28955.4,28962.7"
2026-05-18T22:14:00.000+07:00,"28962.4,28971.8,28956.3,28965.1"
2026-05-18T22:15:00.000+07:00,"28966.1,28968.4,28943.9,28948.6"
2026-05-18T22:16:00.000+07:00,"28949.2,28949.7,28925.7,28940.1"
2026-05-18T22:17:00.000+07:00,"28940.2,28953.1,28931.6,28940.3"
2026-05-18T22:18:00.000+07:00,"28940.6,28949,28917.3,28921.6"
2026-05-18T22:19:00.000+07:00,"28921.4,28924.5,28894.7,28907.6"
2026-05-18T22:20:00.000+07:00,"28909,28929.1,28901.1,28902.6"
2026-05-18T22:21:00.000+07:00,"28903.6,28927.7,28882,28915.8"
2026-05-18T22:22:00.000+07:00,"28915.6,28919.4,28902.2,28915"
2026-05-18T22:23:00.000+07:00,"28914.8,28919.4,28894.2,28901.9"
2026-05-18T22:24:00.000+07:00,"28902.2,28910.3,28890.7,28908.8"
2026-05-18T22:25:00.000+07:00,"28908.5,28919.8,28894.5,28916.5"
2026-05-18T22:26:00.000+07:00,"28916.4,28943,28914.7,28942.8"
2026-05-18T22:27:00.000+07:00,"28942.7,28945.4,28918.4,28938.8"
2026-05-18T22:28:00.000+07:00,"28938.6,28944.6,28926.7,28927.4"
2026-05-18T22:29:00.000+07:00,"28913.7,28918.8,28863,28863.1"
2026-05-18T22:30:00.000+07:00,"28868.8,28879.9,28842.7,28847.9"
2026-05-18T22:31:00.000+07:00,"28846.8,28878.3,28846.8,28868.8"
2026-05-18T22:32:00.000+07:00,"28868.1,28898.4,28864.8,28891.9"
2026-05-18T22:33:00.000+07:00,"28892.4,28898.2,28874.4,28896.5"
2026-05-18T22:34:00.000+07:00,"28897.1,28915.5,28881,28912.7"
2026-05-18T22:35:00.000+07:00,"28912.6,28937.3,28908.8,28927.4"
2026-05-18T22:36:00.000+07:00,"28927.6,28939.6,28924.2,28929.2"
2026-05-18T22:37:00.000+07:00,"28930.3,28958.2,28921,28956.8"
2026-05-18T22:38:00.000+07:00,"28956.6,28966.4,28939.4,28945.2"
2026-05-18T22:39:00.000+07:00,"28944.8,28951.2,28925,28928"
2026-05-18T22:40:00.000+07:00,"28928.2,28946.8,28927.5,28946"
2026-05-18T22:41:00.000+07:00,"28946.5,28956.7,28943.7,28948.8"
2026-05-18T22:42:00.000+07:00,"28948.1,28961,28943.1,28959"
2026-05-18T22:43:00.000+07:00,"28959.3,28959.9,28907,28907.7"
2026-05-18T22:44:00.000+07:00,"28908.3,28924.8,28899.8,28901.8"
2026-05-18T22:45:00.000+07:00,"28902,28909.4,28893,28902.2"
2026-05-18T22:46:00.000+07:00,"28902.1,28918.4,28895.7,28915.6"
2026-05-18T22:47:00.000+07:00,"28915.3,28918,28905.1,28910.3"
2026-05-18T22:48:00.000+07:00,"28910.2,28927.4,28908.8,28925.5"
2026-05-18T22:49:00.000+07:00,"28924.5,28941.9,28911.1,28912.3"
2026-05-18T22:50:00.000+07:00,"28912.8,28913.4,28896,28898.8"
2026-05-18T22:51:00.000+07:00,"28898.7,28910.4,28880.8,28885.3"
2026-05-18T22:52:00.000+07:00,"28885.2,28896.6,28881.5,28890"
2026-05-18T22:53:00.000+07:00,"28890.2,28924.4,28887.8,28919.3"
2026-05-18T22:54:00.000+07:00,"28919.2,28939.1,28915.9,28933"
2026-05-18T22:55:00.000+07:00,"28930.6,28946,28926.5,28937.8"
2026-05-18T22:56:00.000+07:00,"28937.7,28940.9,28917.4,28918.8"
2026-05-18T22:57:00.000+07:00,"28917.7,28946.9,28914.2,28936.2"
2026-05-18T22:58:00.000+07:00,"28936.9,28942.4,28904.4,28907.5"
2026-05-18T22:59:00.000+07:00,"28907.6,28913.6,28890.2,28898.8"
2026-05-18T23:00:00.000+07:00,"28899.5,28911.9,28876.5,28881.4"
2026-05-18T23:01:00.000+07:00,"28881.3,28886.1,28855.5,28876"
2026-05-18T23:02:00.000+07:00,"28875.9,28888.3,28870,28883.4"
2026-05-18T23:03:00.000+07:00,"28883.2,28888.5,28862.3,28863.2"
2026-05-18T23:04:00.000+07:00,"28863.3,28875.7,28861.3,28874.1"
2026-05-18T23:05:00.000+07:00,"28874.2,28880.4,28867.4,28875.2"
2026-05-18T23:06:00.000+07:00,"28874.7,28898.6,28874.3,28886.8"
2026-05-18T23:07:00.000+07:00,"28886.2,28905.3,28878.8,28892.5"
2026-05-18T23:08:00.000+07:00,"28892.3,28893.9,28878.6,28887.6"
2026-05-18T23:09:00.000+07:00,"28887.9,28908.6,28884.5,28895"
2026-05-18T23:10:00.000+07:00,"28894.1,28916,28892.3,28913.8"
2026-05-18T23:11:00.000+07:00,"28914.3,28930.3,28907,28915.4"
2026-05-18T23:12:00.000+07:00,"28915.3,28923.8,28909.5,28911.9"
2026-05-18T23:13:00.000+07:00,"28911.8,28920.3,28905.4,28914.6"
2026-05-18T23:14:00.000+07:00,"28914.5,28926.7,28914,28926.7"
2026-05-18T23:15:00.000+07:00,"28926.2,28935.6,28919.7,28932.8"
2026-05-18T23:16:00.000+07:00,"28932.9,28944.1,28922.5,28933.8"
2026-05-18T23:17:00.000+07:00,"28934.7,28936.4,28919.2,28925.3"
2026-05-18T23:18:00.000+07:00,"28925.4,28936.9,28920.5,28926.1"
2026-05-18T23:19:00.000+07:00,"28925.9,28939.9,28925.2,28930"
2026-05-18T23:20:00.000+07:00,"28929,28958.5,28927.5,28954.3"
2026-05-18T23:21:00.000+07:00,"28954.6,28973.2,28951.9,28961.1"
2026-05-18T23:22:00.000+07:00,"28960.9,28963.4,28926,28926"
2026-05-18T23:23:00.000+07:00,"28925.6,28927.3,28899.2,28908.3"
2026-05-18T23:24:00.000+07:00,"28908.1,28909.3,28878.1,28893.3"
2026-05-18T23:25:00.000+07:00,"28894.2,28901,28846.5,28848.6"
2026-05-18T23:26:00.000+07:00,"28851,28851,28807.3,28808.6"
2026-05-18T23:27:00.000+07:00,"28808.3,28835.1,28804.1,28822.3"
2026-05-18T23:28:00.000+07:00,"28822.1,28826.1,28768.1,28768.6"
2026-05-18T23:29:00.000+07:00,"28768.3,28790.5,28759.3,28779.1"
2026-05-18T23:30:00.000+07:00,"28779.2,28783.3,28744.8,28751.5"
2026-05-18T23:31:00.000+07:00,"28752.3,28789.1,28748.3,28786.1"
2026-05-18T23:32:00.000+07:00,"28785.8,28818.7,28784.4,28818.4"
2026-05-18T23:33:00.000+07:00,"28818.6,28841.8,28812.4,28830.6"
2026-05-18T23:34:00.000+07:00,"28830.1,28838.6,28809.6,28811.5"
2026-05-18T23:35:00.000+07:00,"28811.4,28839.6,28802.1,28835.5"
2026-05-18T23:36:00.000+07:00,"28835.6,28850,28827.7,28846.8"
2026-05-18T23:37:00.000+07:00,"28847.2,28857.6,28835.6,28843.5"
2026-05-18T23:38:00.000+07:00,"28843.9,28863.3,28842,28850.9"
2026-05-18T23:39:00.000+07:00,"28851.1,28853.6,28831,28841.4"
2026-05-18T23:40:00.000+07:00,"28841.3,28846.5,28831.7,28838"
2026-05-18T23:41:00.000+07:00,"28838.1,28844.2,28831.1,28833.3"
2026-05-18T23:42:00.000+07:00,"28833.1,28847.9,28830.1,28835.9"
2026-05-18T23:43:00.000+07:00,"28836.7,28840.2,28819,28823.2"
2026-05-18T23:44:00.000+07:00,"28823.1,28838.2,28819.7,28825.6"
2026-05-18T23:45:00.000+07:00,"28825.8,28838.7,28823.8,28828.2"
2026-05-18T23:46:00.000+07:00,"28828.1,28841.8,28822.3,28823.9"
2026-05-18T23:47:00.000+07:00,"28824.4,28836.6,28822.4,28834.4"
2026-05-18T23:48:00.000+07:00,"28834.1,28840.4,28809.5,28821.7"
2026-05-18T23:49:00.000+07:00,"28822.1,28834.1,28819.4,28833.5"
2026-05-18T23:50:00.000+07:00,"28833.3,28854.9,28827.9,28853.2"
2026-05-18T23:51:00.000+07:00,"28852.8,28879,28852.6,28870.3"
2026-05-18T23:52:00.000+07:00,"28870.1,28892.8,28870.1,28886.6"
2026-05-18T23:53:00.000+07:00,"28886.3,28902.4,28879.2,28900.4"
2026-05-18T23:54:00.000+07:00,"28900.1,28924.1,28898.3,28921.2"
2026-05-18T23:55:00.000+07:00,"28921,28945.4,28917.4,28939.1"
2026-05-18T23:56:00.000+07:00,"28939.4,28947.5,28932.3,28938.1"
2026-05-18T23:57:00.000+07:00,"28937.6,28939.3,28924.8,28934"
2026-05-18T23:58:00.000+07:00,"28933.7,28943.6,28924.5,28929.8"
2026-05-18T23:59:00.000+07:00,"28930.3,28931.5,28897.2,28908.4"
2026-05-19T00:00:00.000+07:00,"28908.1,28908.2,28874.7,28875.7"
2026-05-19T00:01:00.000+07:00,"28875.6,28894.1,28870,28888.4"
2026-05-19T00:02:00.000+07:00,"28888.5,28897.5,28877.5,28886.3"
2026-05-19T00:03:00.000+07:00,"28886.4,28916.1,28885.5,28913.9"
2026-05-19T00:04:00.000+07:00,"28914,28919.1,28902.4,28909.1"
2026-05-19T00:05:00.000+07:00,"28909.3,28917,28898.3,28908.2"
2026-05-19T00:06:00.000+07:00,"28908.4,28937.1,28907.4,28926.7"
2026-05-19T00:07:00.000+07:00,"28926.5,28934.1,28915.1,28934"
2026-05-19T00:08:00.000+07:00,"28934.3,28936.9,28914.2,28917.6"
2026-05-19T00:09:00.000+07:00,"28918,28919.8,28910.5,28915.9"
2026-05-19T00:10:00.000+07:00,"28916.5,28935.6,28915.5,28933.8"
2026-05-19T00:11:00.000+07:00,"28934,28939.8,28918.7,28930.1"
2026-05-19T00:12:00.000+07:00,"28928.4,28932.4,28902.9,28904.6"
2026-05-19T00:13:00.000+07:00,"28904.4,28911.3,28898.7,28908.8"
2026-05-19T00:14:00.000+07:00,"28908.9,28909.4,28897.7,28898.2"
2026-05-19T00:15:00.000+07:00,"28897.5,28904.2,28887.7,28895.8"
2026-05-19T00:16:00.000+07:00,"28895.5,28916.3,28893.6,28909.9"
2026-05-19T00:17:00.000+07:00,"28909.8,28919.6,28895,28902.6"
2026-05-19T00:18:00.000+07:00,"28901.8,28916.9,28896.8,28916.1"
2026-05-19T00:19:00.000+07:00,"28915.9,28918,28900.8,28909.6"
2026-05-19T00:20:00.000+07:00,"28908.6,28914.1,28897.5,28899.5"
2026-05-19T00:21:00.000+07:00,"28899.6,28900.4,28884,28888.6"
2026-05-19T00:22:00.000+07:00,"28888.3,28892.7,28870.5,28890.8"
2026-05-19T00:23:00.000+07:00,"28890.6,28890.6,28867.6,28875.6"
2026-05-19T00:24:00.000+07:00,"28875.1,28881.6,28870.7,28879.9"
2026-05-19T00:25:00.000+07:00,"28879.8,28885.6,28867.6,28873.5"
2026-05-19T00:26:00.000+07:00,"28873.4,28887.5,28870,28884.9"
2026-05-19T00:27:00.000+07:00,"28885.9,28896.9,28880.2,28881.8"
2026-05-19T00:28:00.000+07:00,"28881.9,28899.6,28880.1,28891.8"
2026-05-19T00:29:00.000+07:00,"28893,28912.2,28892.4,28911.2"
2026-05-19T00:30:00.000+07:00,"28911.1,28915.2,28897.9,28905.2"
2026-05-19T00:31:00.000+07:00,"28905.3,28910,28900.1,28907.1"
2026-05-19T00:32:00.000+07:00,"28908.5,28913.5,28894.8,28900.3"
2026-05-19T00:33:00.000+07:00,"28900,28905.4,28873.2,28880.1"
2026-05-19T00:34:00.000+07:00,"28880.8,28888.3,28874.3,28886.6"
2026-05-19T00:35:00.000+07:00,"28886.4,28889.1,28868.2,28879.6"
2026-05-19T00:36:00.000+07:00,"28879.8,28886.8,28867.4,28880.4"
2026-05-19T00:37:00.000+07:00,"28880.6,28884.5,28870.7,28871.1"
2026-05-19T00:38:00.000+07:00,"28870.8,28882,28868.4,28871.1"
2026-05-19T00:39:00.000+07:00,"28874.2,28883.1,28870.3,28877.8"
2026-05-19T00:40:00.000+07:00,"28878.5,28893.3,28872.8,28893.2"
2026-05-19T00:41:00.000+07:00,"28892.7,28909,28892.4,28900.9"
2026-05-19T00:42:00.000+07:00,"28901.1,28904.3,28891.2,28895.3"
2026-05-19T00:43:00.000+07:00,"28895.1,28926.2,28893.8,28926"
2026-05-19T00:44:00.000+07:00,"28926.9,28931.3,28908.2,28912.9"
2026-05-19T00:45:00.000+07:00,"28913.9,28918.9,28900.4,28912.6"
2026-05-19T00:46:00.000+07:00,"28912.5,28913.5,28881,28884"
2026-05-19T00:47:00.000+07:00,"28884.2,28895.2,28874,28893.7"
2026-05-19T00:48:00.000+07:00,"28894,28899.1,28887.4,28893.6"
2026-05-19T00:49:00.000+07:00,"28893.7,28898.1,28883.6,28884.5"
2026-05-19T00:50:00.000+07:00,"28884.2,28902.5,28879.9,28900"
2026-05-19T00:51:00.000+07:00,"28900.1,28912.6,28897,28910.1"
2026-05-19T00:52:00.000+07:00,"28909.4,28922.8,28908.2,28911.7"
2026-05-19T00:53:00.000+07:00,"28907.4,28909.1,28888.4,28893.8"
2026-05-19T00:54:00.000+07:00,"28895.1,28912.1,28893.1,28908.1"
2026-05-19T00:55:00.000+07:00,"28908.2,28914.4,28892.8,28911.5"
2026-05-19T00:56:00.000+07:00,"28911.8,28918.8,28908.5,28912.7"
2026-05-19T00:57:00.000+07:00,"28912.4,28915.6,28898.6,28901.8"
2026-05-19T00:58:00.000+07:00,"28901.7,28912.5,28897.4,28907.7"
2026-05-19T00:59:00.000+07:00,"28907.8,28923.7,28904.9,28914.8"
2026-05-19T01:00:00.000+07:00,"28914.7,28919,28900.2,28905.2"
2026-05-19T01:01:00.000+07:00,"28905.3,28909.2,28877.5,28878.3"
2026-05-19T01:02:00.000+07:00,"28878.4,28880.1,28857.7,28861"
2026-05-19T01:03:00.000+07:00,"28860.7,28867,28848,28857.2"
2026-05-19T01:04:00.000+07:00,"28857,28863.3,28850.9,28854"
2026-05-19T01:05:00.000+07:00,"28854.4,28869.1,28854.1,28868.8"
2026-05-19T01:06:00.000+07:00,"28868.3,28869.6,28834.9,28838.6"
2026-05-19T01:07:00.000+07:00,"28845.8,28852.1,28834.8,28850.2"
2026-05-19T01:08:00.000+07:00,"28850.5,28852.4,28837.9,28845.2"
2026-05-19T01:09:00.000+07:00,"28844.9,28853.9,28836.8,28839.1"
2026-05-19T01:10:00.000+07:00,"28840.2,28847,28823.9,28842.6"
2026-05-19T01:11:00.000+07:00,"28842.3,28848,28837.6,28841.8"
2026-05-19T01:12:00.000+07:00,"28842.1,28851,28830.3,28830.7"
2026-05-19T01:13:00.000+07:00,"28831,28836.5,28827,28829.5"
2026-05-19T01:14:00.000+07:00,"28829.6,28834.1,28816.3,28819.6"
2026-05-19T01:15:00.000+07:00,"28819.5,28820.8,28800.6,28812.4"
2026-05-19T01:16:00.000+07:00,"28812,28817.3,28785.5,28795.5"
2026-05-19T01:17:00.000+07:00,"28787.5,28793.1,28772.3,28783.3"
2026-05-19T01:18:00.000+07:00,"28783.6,28784.5,28767.3,28768.8"
2026-05-19T01:19:00.000+07:00,"28768.5,28772.8,28753,28770.3"
2026-05-19T01:20:00.000+07:00,"28770.9,28773.8,28755.5,28755.9"
2026-05-19T01:21:00.000+07:00,"28756.6,28776.3,28753.9,28771.9"
2026-05-19T01:22:00.000+07:00,"28772.1,28781.2,28760.5,28764.4"
2026-05-19T01:23:00.000+07:00,"28763.9,28771.2,28750.8,28757.2"
2026-05-19T01:24:00.000+07:00,"28757,28778.9,28753.7,28770.5"
2026-05-19T01:25:00.000+07:00,"28770.6,28778.2,28753.6,28757.2"
2026-05-19T01:26:00.000+07:00,"28757,28765.8,28749,28763.8"
2026-05-19T01:27:00.000+07:00,"28763.5,28763.9,28737.5,28756.7"
2026-05-19T01:28:00.000+07:00,"28756.5,28784.1,28756.5,28782.1"
2026-05-19T01:29:00.000+07:00,"28782,28798.5,28782,28795.9"
2026-05-19T01:30:00.000+07:00,"28794.5,28802,28780,28798.9"
2026-05-19T01:31:00.000+07:00,"28798.6,28806.2,28795,28804.6"
2026-05-19T01:32:00.000+07:00,"28808.6,28816.5,28803.6,28805.9"
2026-05-19T01:33:00.000+07:00,"28806.2,28808.1,28783.3,28785.6"
2026-05-19T01:34:00.000+07:00,"28786.2,28792.6,28776.9,28787.3"
2026-05-19T01:35:00.000+07:00,"28787.1,28802.1,28787,28797.6"
2026-05-19T01:36:00.000+07:00,"28798,28805.8,28779.2,28783.3"
2026-05-19T01:37:00.000+07:00,"28782.8,28782.8,28772,28775.8"
2026-05-19T01:38:00.000+07:00,"28775.5,28777,28766.8,28769.5"
2026-05-19T01:39:00.000+07:00,"28769.9,28774.3,28758.7,28760.8"
2026-05-19T01:40:00.000+07:00,"28761.3,28769.2,28760,28763.2"
2026-05-19T01:41:00.000+07:00,"28763.4,28773.1,28746,28750.2"
2026-05-19T01:42:00.000+07:00,"28750.6,28768.2,28748.1,28764.2"
2026-05-19T01:43:00.000+07:00,"28763.8,28775.4,28758.9,28775.4"
2026-05-19T01:44:00.000+07:00,"28775.2,28778.5,28766.9,28776.1"
2026-05-19T01:45:00.000+07:00,"28775.9,28780.4,28766.9,28772.5"
2026-05-19T01:46:00.000+07:00,"28772.6,28783.5,28766.6,28773.8"
2026-05-19T01:47:00.000+07:00,"28772.8,28785.3,28769.7,28776.9"
2026-05-19T01:48:00.000+07:00,"28777.3,28777.3,28759.8,28765"
2026-05-19T01:49:00.000+07:00,"28764.8,28767.6,28729.2,28737.9"
2026-05-19T01:50:00.000+07:00,"28736.8,28737.1,28715.3,28733.6"
2026-05-19T01:51:00.000+07:00,"28733.1,28741.4,28724,28736.1"
2026-05-19T01:52:00.000+07:00,"28736.3,28746.6,28729.8,28737.8"
2026-05-19T01:53:00.000+07:00,"28738,28744.6,28733.4,28742.1"
2026-05-19T01:54:00.000+07:00,"28741.9,28743.9,28723.5,28726.3"
2026-05-19T01:55:00.000+07:00,"28726.1,28744.2,28718.3,28735.9"
2026-05-19T01:56:00.000+07:00,"28736,28752.5,28733.7,28742.8"
2026-05-19T01:57:00.000+07:00,"28742.6,28762,28741.3,28761.7"
2026-05-19T01:58:00.000+07:00,"28762,28762.7,28729,28734.6"
2026-05-19T01:59:00.000+07:00,"28734.7,28749.4,28731,28744.3"
2026-05-19T02:00:00.000+07:00,"28745.9,28778.4,28740.9,28777.8"
2026-05-19T02:01:00.000+07:00,"28777.9,28951.9,28777.2,28942.5"
2026-05-19T02:02:00.000+07:00,"28942.7,28972.8,28876.5,28944.9"
2026-05-19T02:03:00.000+07:00,"28945.2,28967.5,28903.7,28903.8"
2026-05-19T02:04:00.000+07:00,"28902.1,28922.7,28881.5,28889.3"
2026-05-19T02:05:00.000+07:00,"28889.4,28921.3,28883.3,28893.9"
2026-05-19T02:06:00.000+07:00,"28893.2,28906.1,28844.9,28857.3"
2026-05-19T02:07:00.000+07:00,"28843.9,28845.1,28821.6,28836.9"
2026-05-19T02:08:00.000+07:00,"28836.5,28851,28828,28837.5"
2026-05-19T02:09:00.000+07:00,"28838,28871.4,28834,28869.5"
2026-05-19T02:10:00.000+07:00,"28869.3,28883.9,28860.4,28873.5"
2026-05-19T02:11:00.000+07:00,"28872.9,28896.1,28863.5,28889.4"
2026-05-19T02:12:00.000+07:00,"28889.5,28891.8,28874,28881.3"
2026-05-19T02:13:00.000+07:00,"28881.4,28886.7,28872.2,28874.4"
2026-05-19T02:14:00.000+07:00,"28874.3,28879,28854.6,28863"
2026-05-19T02:15:00.000+07:00,"28862.6,28871.3,28849.2,28859.7"
2026-05-19T02:16:00.000+07:00,"28859.9,28873.8,28848.5,28856.2"
2026-05-19T02:17:00.000+07:00,"28856.5,28859,28831.3,28836.6"
2026-05-19T02:18:00.000+07:00,"28836.4,28852.4,28823.6,28838.8"
2026-05-19T02:19:00.000+07:00,"28838.4,28845.5,28824.3,28836.9"
2026-05-19T02:20:00.000+07:00,"28837.6,28857,28827.7,28850.7"
2026-05-19T02:21:00.000+07:00,"28850.9,28859,28832,28838.9"
2026-05-19T02:22:00.000+07:00,"28839.5,28848.8,28826.9,28827.2"
2026-05-19T02:23:00.000+07:00,"28827,28841.2,28820.6,28839.2"
2026-05-19T02:24:00.000+07:00,"28838.5,28840,28810.8,28817"
2026-05-19T02:25:00.000+07:00,"28816.8,28819.5,28784.2,28803.1"
2026-05-19T02:26:00.000+07:00,"28803.2,28810,28799.4,28805.8"
2026-05-19T02:27:00.000+07:00,"28806.1,28814.7,28801.9,28803.9"
2026-05-19T02:28:00.000+07:00,"28804.1,28813.8,28802.3,28811.7"
2026-05-19T02:29:00.000+07:00,"28811.8,28828.6,28808.8,28824.6"
2026-05-19T02:30:00.000+07:00,"28823.4,28832.2,28815.3,28829.5"
2026-05-19T02:31:00.000+07:00,"28829.4,28862.9,28827.9,28859.8"
2026-05-19T02:32:00.000+07:00,"28859.7,28873.1,28855.7,28861.2"
2026-05-19T02:33:00.000+07:00,"28861,28867.3,28849,28857.6"
2026-05-19T02:34:00.000+07:00,"28857.5,28861.2,28849.1,28852.9"
2026-05-19T02:35:00.000+07:00,"28853.5,28881.2,28850.8,28878.9"
2026-05-19T02:36:00.000+07:00,"28878.6,28891.8,28876.3,28888.1"
2026-05-19T02:37:00.000+07:00,"28887.2,28893.4,28877.8,28886.8"
2026-05-19T02:38:00.000+07:00,"28886.3,28900.9,28884.6,28899.7"
2026-05-19T02:39:00.000+07:00,"28899.6,28915.6,28898.4,28913.5"
2026-05-19T02:40:00.000+07:00,"28913.8,28941.8,28913.2,28923.6"
2026-05-19T02:41:00.000+07:00,"28923.5,28949,28923.2,28933.2"
2026-05-19T02:42:00.000+07:00,"28933.3,28947.8,28929.8,28931.2"
2026-05-19T02:43:00.000+07:00,"28931,28951.9,28929.2,28945.4"
2026-05-19T02:44:00.000+07:00,"28945.5,28955.4,28943.8,28953.2"
2026-05-19T02:45:00.000+07:00,"28954.1,28963.9,28951.8,28961.7"
2026-05-19T02:46:00.000+07:00,"28961.6,28973,28950.8,28952.4"
2026-05-19T02:47:00.000+07:00,"28952.5,28958.6,28943.9,28955.4"
2026-05-19T02:48:00.000+07:00,"28958.3,28973.3,28954.1,28972.1"
2026-05-19T02:49:00.000+07:00,"28972.4,28988.3,28971.6,28981.1"
2026-05-19T02:50:00.000+07:00,"28979.8,28982.7,28956.9,28972.4"
2026-05-19T02:51:00.000+07:00,"28971.4,28983.6,28966.6,28977"
2026-05-19T02:52:00.000+07:00,"28976.9,28998.2,28976.9,28995.3"
2026-05-19T02:53:00.000+07:00,"29009.5,29012.2,28994.6,28998.4"
2026-05-19T02:54:00.000+07:00,"28997.5,29008.8,28988.4,29006.2"
2026-05-19T02:55:00.000+07:00,"29006.3,29006.3,28969.9,28979.3"
2026-05-19T02:56:00.000+07:00,"28979.2,28997.5,28975.7,28981.3"
2026-05-19T02:57:00.000+07:00,"28981.8,28986.4,28972,28977.1"
2026-05-19T02:58:00.000+07:00,"28978.8,28990.8,28972.9,28989.2"
2026-05-19T02:59:00.000+07:00,"28989.3,29005.5,28984.2,28997.5"
2026-05-19T03:00:00.000+07:00,"28998,29009.1,28987.7,28991.8"
2026-05-19T03:01:00.000+07:00,"28993.1,28996,28984,28986.9"
2026-05-19T03:02:00.000+07:00,"28987.9,28994.9,28986.7,28992.2"
2026-05-19T03:03:00.000+07:00,"28993.9,29001.2,28984.7,28986.4"
2026-05-19T03:04:00.000+07:00,"28987.6,28997.1,28981,28982.5"
2026-05-19T03:05:00.000+07:00,"28982,28982,28969.7,28972"
2026-05-19T03:06:00.000+07:00,"28972.1,28992.1,28970.8,28983.9"
2026-05-19T03:07:00.000+07:00,"28984.9,28987.4,28981.8,28982.7"
2026-05-19T03:08:00.000+07:00,"28981.4,28982.4,28975.8,28978.4"
2026-05-19T03:09:00.000+07:00,"28978.2,28982.2,28976.6,28981.6"
2026-05-19T03:10:00.000+07:00,"28981.3,28988.8,28980.2,28984.6"
2026-05-19T03:11:00.000+07:00,"28985.3,28987.8,28976.7,28977"
2026-05-19T03:12:00.000+07:00,"28976.8,28984.8,28975.9,28980.2"
2026-05-19T03:13:00.000+07:00,"28980.7,28980.7,28972.8,28979.6"
2026-05-19T03:14:00.000+07:00,"28979.4,28989.4,28975.5,28981.3"
2026-05-19T03:15:00.000+07:00,"28981,28987.5,28977.4,28982.3"
2026-05-19T03:16:00.000+07:00,"28981.8,28988,28980.3,28988"
2026-05-19T03:17:00.000+07:00,"28987.3,28988.7,28983.4,28984"
2026-05-19T03:18:00.000+07:00,"28983.7,28990,28983,28988"
2026-05-19T03:19:00.000+07:00,"28987.5,28987.5,28976.5,28978.8"
2026-05-19T03:20:00.000+07:00,"28978.6,28978.6,28973.8,28975.7"
2026-05-19T03:21:00.000+07:00,"28974.7,28979,28973,28977.7"
2026-05-19T03:22:00.000+07:00,"28977.2,28978.4,28975.8,28977.2"
2026-05-19T03:23:00.000+07:00,"28977.5,28979,28976,28977.7"
2026-05-19T03:24:00.000+07:00,"28977.3,28991.5,28975.7,28990.2"
2026-05-19T03:25:00.000+07:00,"28991.2,28992,28982.5,28983"
2026-05-19T03:26:00.000+07:00,"28984,28985,28982.6,28985"
2026-05-19T03:27:00.000+07:00,"28984.8,28989.6,28984.8,28989.2"
2026-05-19T03:28:00.000+07:00,"28989.5,28989.5,28982.1,28984.4"
2026-05-19T03:29:00.000+07:00,"28985.2,28990,28985,28987.7"
2026-05-19T03:30:00.000+07:00,"28987.8,28995.2,28987.2,28988.7"
2026-05-19T03:31:00.000+07:00,"28989,28990.5,28973.4,28975.7"
2026-05-19T03:32:00.000+07:00,"28975.2,28980.8,28975,28978.9"
2026-05-19T03:33:00.000+07:00,"28978.1,28978.1,28973.1,28976.4"
2026-05-19T03:34:00.000+07:00,"28976,28977.1,28972.1,28972.9"
2026-05-19T03:35:00.000+07:00,"28973.1,28979.1,28973.1,28977.1"
2026-05-19T03:36:00.000+07:00,"28978.1,28981.5,28978.1,28978.2"
2026-05-19T03:37:00.000+07:00,"28978.4,28978.9,28974.4,28975.7"
2026-05-19T03:38:00.000+07:00,"28975.6,28980.7,28975.6,28978.3"
2026-05-19T03:39:00.000+07:00,"28978,28979.5,28977,28978.5"
2026-05-19T03:40:00.000+07:00,"28978,28978.6,28973.1,28976.2"
2026-05-19T03:41:00.000+07:00,"28976.5,28990.2,28975.6,28988.2"
2026-05-19T03:42:00.000+07:00,"28988,28990.8,28984.5,28986.6"
2026-05-19T03:43:00.000+07:00,"28987.1,28987.1,28982.7,28982.9"
2026-05-19T03:44:00.000+07:00,"28983.9,28986.2,28982.9,28986.2"
2026-05-19T03:45:00.000+07:00,"28986,28993.1,28986,28988.3"
2026-05-19T03:46:00.000+07:00,"28987.8,28991.5,28987.6,28990.2"
2026-05-19T03:47:00.000+07:00,"28990.4,28991.4,28986.3,28987.3"
2026-05-19T03:48:00.000+07:00,"28986.3,28989,28984.7,28988"
2026-05-19T03:49:00.000+07:00,"28987.8,28989.7,28985.2,28989.7"
2026-05-19T03:50:00.000+07:00,"28988.4,28989.8,28983.6,28985.8"
2026-05-19T03:51:00.000+07:00,"28984.5,28986,28980,28980.7"
2026-05-19T03:52:00.000+07:00,"28981,28984.1,28978.2,28983.8"
2026-05-19T03:53:00.000+07:00,"28984.1,28985.8,28979.5,28979.5"
2026-05-19T03:54:00.000+07:00,"28980,28981.2,28978.2,28979.8"
2026-05-19T03:55:00.000+07:00,"28980,28983,28978.8,28979.7"
2026-05-19T03:56:00.000+07:00,"28980.4,28982.3,28977.8,28979.5"
2026-05-19T03:57:00.000+07:00,"28979.1,28986.6,28978.7,28981"
2026-05-19T03:58:00.000+07:00,"28980.7,28983.4,28978.8,28981.6"
2026-05-19T03:59:00.000+07:00,"28982.1,28982.1,28974.5,28976.5"
2026-05-19T04:00:00.000+07:00,"28980.7,28980.8,28979.2,28979.3"
2026-05-19T04:01:00.000+07:00,"28977.4,28979.4,28977.4,28977.7"
2026-05-19T04:02:00.000+07:00,"28979.6,28979.6,28977.7,28978.8"
2026-05-19T04:03:00.000+07:00,"28980.3,28982.1,28979.6,28981.8"
2026-05-19T04:04:00.000+07:00,"28981.6,28981.8,28981.6,28981.8"
2026-05-19T04:05:00.000+07:00,"28981.9,28981.9,28981,28981.3"
2026-05-19T04:06:00.000+07:00,"28981.4,28981.5,28981.4,28981.5"
2026-05-19T04:07:00.000+07:00,"28981.6,28981.6,28980.2,28981.2"
2026-05-19T04:08:00.000+07:00,"28981.3,28981.4,28979.1,28979.1"
2026-05-19T04:09:00.000+07:00,"28981.2,28981.5,28979.7,28979.7"
2026-05-19T04:10:00.000+07:00,"28979.6,28981.5,28978.5,28978.5"
2026-05-19T04:11:00.000+07:00,"28978.3,28978.4,28978.3,28978.3"
2026-05-19T04:12:00.000+07:00,"28980.8,28980.8,28980,28980"
2026-05-19T04:13:00.000+07:00,"28979.7,28981.4,28979.7,28980"
2026-05-19T04:14:00.000+07:00,"28979.6,28979.7,28979.1,28979.1"
2026-05-19T04:15:00.000+07:00,"28978.7,28978.7,28978.7,28978.7"
2026-05-19T04:16:00.000+07:00,"28978.8,28980.6,28978.8,28980.6"
2026-05-19T04:17:00.000+07:00,"28980.7,28980.7,28980.5,28980.5"
2026-05-19T04:19:00.000+07:00,"28980.4,28984.2,28980.4,28984.2"
2026-05-19T04:20:00.000+07:00,"28984.4,28984.4,28984.2,28984.2"
2026-05-19T04:21:00.000+07:00,"28983.9,28983.9,28983.8,28983.8"
2026-05-19T04:22:00.000+07:00,"28983.3,28983.3,28983.3,28983.3"
2026-05-19T04:23:00.000+07:00,"28983.2,28983.2,28982.3,28983.2"
2026-05-19T04:24:00.000+07:00,"28982.5,28985.5,28982.5,28985.4"
2026-05-19T04:25:00.000+07:00,"28985.5,28985.5,28985.5,28985.5"
2026-05-19T04:26:00.000+07:00,"28985.1,28985.1,28985,28985"
2026-05-19T04:27:00.000+07:00,"28985.6,28985.6,28985.6,28985.6"
2026-05-19T04:28:00.000+07:00,"28985.2,28985.2,28984.9,28984.9"
2026-05-19T04:29:00.000+07:00,"28984.8,28984.8,28981.2,28981.4"
2026-05-19T04:30:00.000+07:00,"28980.6,28981.7,28980.5,28981.7"
2026-05-19T04:31:00.000+07:00,"28983,28983,28982.1,28982.9"
2026-05-19T04:32:00.000+07:00,"28983,28983,28982.9,28983"
2026-05-19T04:33:00.000+07:00,"28983.1,28984.2,28982.9,28983.9"
2026-05-19T04:34:00.000+07:00,"28983.6,28986.1,28982.1,28986.1"
2026-05-19T04:35:00.000+07:00,"28985.8,28985.8,28984.1,28984.1"
2026-05-19T04:36:00.000+07:00,"28985,28985.1,28979.8,28979.8"
2026-05-19T04:37:00.000+07:00,"28979.9,28979.9,28979.8,28979.8"
2026-05-19T04:38:00.000+07:00,"28979.9,28985.9,28979.9,28982.7"
2026-05-19T04:39:00.000+07:00,"28984.1,28985.6,28984.1,28985.4"
2026-05-19T04:40:00.000+07:00,"28985.7,28985.8,28985.7,28985.7"
2026-05-19T04:41:00.000+07:00,"28985.8,28986.1,28985,28985"
2026-05-19T04:42:00.000+07:00,"28981.4,28981.9,28980.5,28980.5"
2026-05-19T04:43:00.000+07:00,"28981.8,28985.8,28981.8,28982.8"
2026-05-19T04:44:00.000+07:00,"28985.2,28986.5,28984,28986.5"
2026-05-19T04:45:00.000+07:00,"28986.7,28986.9,28982.6,28982.6"
2026-05-19T04:46:00.000+07:00,"28982.8,28986.9,28982.6,28986.6"
2026-05-19T04:47:00.000+07:00,"28986.8,28986.8,28982.4,28986.6"
2026-05-19T04:48:00.000+07:00,"28986.8,28990,28982.8,28984.8"
2026-05-19T04:49:00.000+07:00,"28983.7,28984.6,28983.5,28983.5"
2026-05-19T04:50:00.000+07:00,"28983.7,28983.7,28983.7,28983.7"
2026-05-19T04:51:00.000+07:00,"28983.1,28983.7,28981.7,28983.5"
2026-05-19T04:52:00.000+07:00,"28983.6,28986.2,28981.9,28986.2"
2026-05-19T04:53:00.000+07:00,"28983.6,28983.6,28983.4,28983.5"
2026-05-19T04:55:00.000+07:00,"28983.6,28987,28983.6,28987"
2026-05-19T04:56:00.000+07:00,"28986.9,28987.7,28986.9,28987"
2026-05-19T04:57:00.000+07:00,"28987.3,28990.4,28987.3,28988.9"
2026-05-19T04:58:00.000+07:00,"28989,28989.6,28989,28989.6"
2026-05-19T04:59:00.000+07:00,"28989.7,28989.7,28988,28989.7"
2026-05-19T05:00:00.000+07:00,"28997.2,29035.2,28997.1,29016.3"
2026-05-19T05:01:00.000+07:00,"29016.2,29018.6,29004.3,29004.3"
2026-05-19T05:02:00.000+07:00,"29000.8,29014.5,29000,29010.1"
2026-05-19T05:03:00.000+07:00,"29009.7,29021.5,29007.9,29020.4"
2026-05-19T05:04:00.000+07:00,"29019.9,29033.3,29018.7,29030.4"
2026-05-19T05:05:00.000+07:00,"29030.3,29041.9,29030.3,29041.9"
2026-05-19T05:06:00.000+07:00,"29042.4,29060.2,29042.4,29056.1"
2026-05-19T05:07:00.000+07:00,"29054.2,29054.6,29047.9,29048.3"
2026-05-19T05:08:00.000+07:00,"29048.5,29050.9,29042.4,29046.4"
2026-05-19T05:09:00.000+07:00,"29046,29046.2,29028.6,29030.5"
2026-05-19T05:10:00.000+07:00,"29030.6,29032.3,29024.7,29027.4"
2026-05-19T05:11:00.000+07:00,"29027.3,29033.5,29021.6,29033.2"
2026-05-19T05:12:00.000+07:00,"29033.4,29038.3,29023.7,29028.7"
2026-05-19T05:13:00.000+07:00,"29028.1,29028.2,29014.7,29023.1"
2026-05-19T05:14:00.000+07:00,"29022.6,29024.1,29014.7,29021.7"
2026-05-19T05:15:00.000+07:00,"29021.6,29029.4,29019.9,29028.3"
2026-05-19T05:16:00.000+07:00,"29030.3,29032.9,29024,29027.1"
2026-05-19T05:17:00.000+07:00,"29027,29031.1,29025.1,29028.1"
2026-05-19T05:18:00.000+07:00,"29028.4,29030.1,29026.3,29028.8"
2026-05-19T05:19:00.000+07:00,"29028.7,29037.3,29028.6,29033.6"
2026-05-19T05:20:00.000+07:00,"29033.7,29063.4,29032.4,29050.9"
2026-05-19T05:21:00.000+07:00,"29051.1,29060.8,29048.2,29055.3"
2026-05-19T05:22:00.000+07:00,"29055.8,29067.8,29055.2,29060.9"
2026-05-19T05:23:00.000+07:00,"29060.7,29064.9,29058.7,29062.5"
2026-05-19T05:24:00.000+07:00,"29062.6,29062.8,29058.2,29062.3"
2026-05-19T05:25:00.000+07:00,"29062,29063.7,29057.8,29061.4"
2026-05-19T05:26:00.000+07:00,"29061.3,29066.3,29059.4,29065.7"
2026-05-19T05:27:00.000+07:00,"29065.6,29066.7,29048.6,29049.8"
2026-05-19T05:28:00.000+07:00,"29049.6,29053.5,29045.3,29052"
2026-05-19T05:29:00.000+07:00,"29051.8,29062.6,29051.6,29061.3"
2026-05-19T05:30:00.000+07:00,"29061.4,29067.2,29057.9,29060.6"
2026-05-19T05:31:00.000+07:00,"29060.5,29063.4,29055.7,29063.4"
2026-05-19T05:32:00.000+07:00,"29063.2,29069.9,29061.8,29067.7"
2026-05-19T05:33:00.000+07:00,"29067.9,29076.6,29067.5,29071.7"
2026-05-19T05:34:00.000+07:00,"29071.1,29074.1,29059.9,29061.6"
2026-05-19T05:35:00.000+07:00,"29061.8,29073.3,29061.7,29072.8"
2026-05-19T05:36:00.000+07:00,"29072.6,29073.7,29069.8,29071.7"
2026-05-19T05:37:00.000+07:00,"29071.6,29072.7,29068.4,29070.3"
2026-05-19T05:38:00.000+07:00,"29070.6,29071.4,29066.1,29067"
2026-05-19T05:39:00.000+07:00,"29067.1,29073.4,29064.2,29071.8"
2026-05-19T05:40:00.000+07:00,"29071.6,29076.9,29070.6,29076.4"
2026-05-19T05:41:00.000+07:00,"29075.9,29076.6,29071.2,29071.7"
2026-05-19T05:42:00.000+07:00,"29071.4,29072.8,29064.8,29066.2"
2026-05-19T05:43:00.000+07:00,"29065.5,29067.8,29052.1,29054.4"
2026-05-19T05:44:00.000+07:00,"29054.2,29059.7,29053,29058"
2026-05-19T05:45:00.000+07:00,"29057.1,29058.4,29049.2,29050.9"
2026-05-19T05:46:00.000+07:00,"29050.8,29051.8,29047.4,29050.3"
2026-05-19T05:47:00.000+07:00,"29049.9,29052,29041.6,29042"
2026-05-19T05:48:00.000+07:00,"29042.1,29050.3,29039.6,29048.6"
2026-05-19T05:49:00.000+07:00,"29048.7,29049.3,29044.7,29047.3"
2026-05-19T05:50:00.000+07:00,"29046.9,29055.6,29046.2,29054.3"
2026-05-19T05:51:00.000+07:00,"29054.4,29054.8,29051.9,29053.9"
2026-05-19T05:52:00.000+07:00,"29052.4,29053.3,29045.2,29045.7"
2026-05-19T05:53:00.000+07:00,"29042.5,29048.9,29037.9,29045.8"
2026-05-19T05:54:00.000+07:00,"29045.4,29056,29043.4,29053"
2026-05-19T05:55:00.000+07:00,"29052.9,29055.6,29050.3,29053.8"
2026-05-19T05:56:00.000+07:00,"29053.3,29056.1,29051.7,29053.5"
2026-05-19T05:57:00.000+07:00,"29053.6,29061.3,29053.3,29059.2"
2026-05-19T05:58:00.000+07:00,"29058.4,29059.2,29055.5,29058.2"
2026-05-19T05:59:00.000+07:00,"29058.1,29059.6,29057,29059.3"
2026-05-19T06:00:00.000+07:00,"29059.2,29079.2,29059.2,29066.7"
2026-05-19T06:01:00.000+07:00,"29065.7,29086.1,29064.8,29080.9"
2026-05-19T06:02:00.000+07:00,"29081.4,29086.8,29078.5,29085.4"
2026-05-19T06:03:00.000+07:00,"29086.8,29088.6,29058.9,29066.2"
2026-05-19T06:04:00.000+07:00,"29066.3,29079.8,29063.8,29078.2"
2026-05-19T06:05:00.000+07:00,"29077.6,29078.4,29053.2,29057.3"
2026-05-19T06:06:00.000+07:00,"29056.3,29072.7,29056.3,29072.7"
2026-05-19T06:07:00.000+07:00,"29072.9,29079.8,29069.8,29075.8"
2026-05-19T06:08:00.000+07:00,"29075.6,29079.3,29074.6,29078"
2026-05-19T06:09:00.000+07:00,"29077.9,29082.5,29076,29082.5"
2026-05-19T06:10:00.000+07:00,"29082.4,29083.6,29067.9,29070.4"
2026-05-19T06:11:00.000+07:00,"29070.5,29071.7,29066.4,29067.7"
2026-05-19T06:12:00.000+07:00,"29067.9,29073.3,29067.7,29072"
2026-05-19T06:13:00.000+07:00,"29072.1,29074.2,29064.4,29066.3"
2026-05-19T06:14:00.000+07:00,"29066.2,29067.4,29061.8,29063.8"
2026-05-19T06:15:00.000+07:00,"29064.1,29065.4,29054.9,29055.1"
2026-05-19T06:16:00.000+07:00,"29055,29060.1,29053,29054"
2026-05-19T06:17:00.000+07:00,"29054.2,29057.2,29050.5,29051.8"
2026-05-19T06:18:00.000+07:00,"29051.7,29052.6,29049.5,29051.7"
2026-05-19T06:19:00.000+07:00,"29051.9,29056.6,29050.2,29054.8"
2026-05-19T06:20:00.000+07:00,"29054.9,29057,29051,29054.7"
2026-05-19T06:21:00.000+07:00,"29054.4,29061.1,29054.1,29060.4"
2026-05-19T06:22:00.000+07:00,"29060.7,29064.6,29060.7,29062.9"
2026-05-19T06:23:00.000+07:00,"29062.8,29068.1,29061.3,29065.5"
2026-05-19T06:24:00.000+07:00,"29065.4,29065.4,29057.2,29059.2"
2026-05-19T06:25:00.000+07:00,"29059.1,29065.7,29056.6,29065.7"
2026-05-19T06:26:00.000+07:00,"29065.9,29070.8,29065.5,29069.1"
2026-05-19T06:27:00.000+07:00,"29069,29071,29067.7,29071"
2026-05-19T06:28:00.000+07:00,"29070.5,29072.5,29066.5,29070.2"
2026-05-19T06:29:00.000+07:00,"29069.1,29070.1,29064.5,29065.5"
2026-05-19T06:30:00.000+07:00,"29065.4,29066.6,29058.9,29058.9"
2026-05-19T06:31:00.000+07:00,"29059.8,29066.7,29058.3,29065.9"
2026-05-19T06:32:00.000+07:00,"29065.4,29065.6,29053.8,29056.3"
2026-05-19T06:33:00.000+07:00,"29056.5,29057.2,29052.2,29055.8"
2026-05-19T06:34:00.000+07:00,"29055.3,29060.9,29055.3,29060.7"
2026-05-19T06:35:00.000+07:00,"29060.5,29063,29049.5,29053.4"
2026-05-19T06:36:00.000+07:00,"29053.3,29054.3,29050.2,29054.3"
2026-05-19T06:37:00.000+07:00,"29052.9,29056.1,29051.4,29055.1"
2026-05-19T06:38:00.000+07:00,"29054.6,29059.5,29054.5,29057.5"
2026-05-19T06:39:00.000+07:00,"29055.8,29059.2,29051.4,29057.4"
2026-05-19T06:40:00.000+07:00,"29057.2,29065.4,29057.2,29065.1"
2026-05-19T06:41:00.000+07:00,"29065,29066.8,29063.9,29065.6"
2026-05-19T06:42:00.000+07:00,"29065.8,29065.9,29059.8,29060.3"
2026-05-19T06:43:00.000+07:00,"29060.8,29062.4,29057.6,29060.6"
2026-05-19T06:44:00.000+07:00,"29060.1,29065,29060,29060.3"
2026-05-19T06:45:00.000+07:00,"29060.4,29063.2,29046.7,29047.5"
2026-05-19T06:46:00.000+07:00,"29047.6,29051.9,29041.4,29042.1"
2026-05-19T06:47:00.000+07:00,"29042.2,29044.2,29039,29043.5"
2026-05-19T06:48:00.000+07:00,"29043.8,29051,29043.8,29049.6"
2026-05-19T06:49:00.000+07:00,"29049.5,29051.5,29042.5,29044.7"
2026-05-19T06:50:00.000+07:00,"29044.5,29047.6,29036.6,29036.7"
2026-05-19T06:51:00.000+07:00,"29037.5,29042.4,29033.1,29039"
2026-05-19T06:52:00.000+07:00,"29038.9,29039.7,29032.3,29034.2"
2026-05-19T06:53:00.000+07:00,"29035.5,29036.3,29029.6,29030.1"
2026-05-19T06:54:00.000+07:00,"29030.2,29030.8,29015,29022.1"
2026-05-19T06:55:00.000+07:00,"29022.2,29033.1,29019.4,29032.2"
2026-05-19T06:56:00.000+07:00,"29032.3,29032.6,29023.5,29024.7"
2026-05-19T06:57:00.000+07:00,"29024.9,29028.1,29022.9,29024.2"
2026-05-19T06:58:00.000+07:00,"29024.7,29031.6,29021,29031.6"
2026-05-19T06:59:00.000+07:00,"29031.5,29040.5,29030.4,29038.7"
2026-05-19T07:00:00.000+07:00,"29038.4,29054,29036.6,29048.3"
2026-05-19T07:01:00.000+07:00,"29048.5,29048.5,29019.7,29037.1"
2026-05-19T07:02:00.000+07:00,"29037.4,29039.8,29025.5,29029.3"
2026-05-19T07:03:00.000+07:00,"29029.7,29043.6,29028.1,29034.5"
2026-05-19T07:04:00.000+07:00,"29034.4,29034.6,28995.2,29000.4"
2026-05-19T07:05:00.000+07:00,"29000.5,29017.6,28998.3,29003.2"
2026-05-19T07:06:00.000+07:00,"29004.3,29011.2,28991.1,29002.4"
2026-05-19T07:07:00.000+07:00,"29002.5,29019.7,29000.4,29018"
2026-05-19T07:08:00.000+07:00,"29017.6,29040.3,29014.5,29030.6"
2026-05-19T07:09:00.000+07:00,"29030.4,29038.8,29027.4,29035.1"
2026-05-19T07:10:00.000+07:00,"29035.2,29045.6,29033.5,29040.5"
2026-05-19T07:11:00.000+07:00,"29041.5,29042,29023.7,29025.3"
2026-05-19T07:12:00.000+07:00,"29025.2,29051.3,29024.2,29046.5"
2026-05-19T07:13:00.000+07:00,"29046.9,29048.9,29032.6,29034"
2026-05-19T07:14:00.000+07:00,"29034.1,29036.5,29021.6,29022.8"
2026-05-19T07:15:00.000+07:00,"29022.9,29024.7,28998.3,29002.3"
2026-05-19T07:16:00.000+07:00,"29002.5,29019.2,28999.5,29011.3"
2026-05-19T07:17:00.000+07:00,"29011.4,29013.8,28995.6,28999.6"
2026-05-19T07:18:00.000+07:00,"28999.3,29009.5,28996.3,29007.6"
2026-05-19T07:19:00.000+07:00,"29007.5,29033.4,29005.7,29032.5"
2026-05-19T07:20:00.000+07:00,"29032.4,29040.8,29023.8,29040.7"
2026-05-19T07:21:00.000+07:00,"29040.5,29090.5,29038.5,29085.1"
2026-05-19T07:22:00.000+07:00,"29074.4,29074.7,29054.3,29059.3"
2026-05-19T07:23:00.000+07:00,"29059.4,29064,29049.3,29055.7"
2026-05-19T07:24:00.000+07:00,"29055.5,29065.2,29036.4,29038.9"
2026-05-19T07:25:00.000+07:00,"29038.8,29046.5,29037.7,29042.6"
2026-05-19T07:26:00.000+07:00,"29042.5,29049.6,29037.1,29047.1"
2026-05-19T07:27:00.000+07:00,"29047.2,29050,29036.7,29045.2"
2026-05-19T07:28:00.000+07:00,"29044.6,29050.3,29042.3,29048.6"
2026-05-19T07:29:00.000+07:00,"29048.4,29064.5,29047.6,29064.5"
2026-05-19T07:30:00.000+07:00,"29064.1,29067.6,29055,29063.1"
2026-05-19T07:31:00.000+07:00,"29063,29072.7,29063,29068.6"
2026-05-19T07:32:00.000+07:00,"29069.1,29069.8,29055.7,29066.9"
2026-05-19T07:33:00.000+07:00,"29067,29075.1,29064.2,29072.8"
2026-05-19T07:34:00.000+07:00,"29072.7,29076,29064.3,29069"
2026-05-19T07:35:00.000+07:00,"29068.7,29070.3,29057.5,29059.9"
2026-05-19T07:36:00.000+07:00,"29060.2,29063.4,29053.2,29054"
2026-05-19T07:37:00.000+07:00,"29053.6,29057.3,29045,29048.5"
2026-05-19T07:38:00.000+07:00,"29048.6,29049,29036.9,29045.7"
2026-05-19T07:39:00.000+07:00,"29045.9,29048.9,29025.6,29026"
2026-05-19T07:40:00.000+07:00,"29026.4,29030.6,29017.5,29018.6"
2026-05-19T07:41:00.000+07:00,"29019.1,29039.7,29017.3,29033.2"
2026-05-19T07:42:00.000+07:00,"29032.6,29033.8,29023.1,29031.7"
2026-05-19T07:43:00.000+07:00,"29031.3,29034.7,29022.9,29030.4"
2026-05-19T07:44:00.000+07:00,"29029.9,29037.7,29029.9,29032.2"
2026-05-19T07:45:00.000+07:00,"29032,29037.6,29029.3,29035"
2026-05-19T07:46:00.000+07:00,"29034.7,29034.8,29020.6,29026.8"
2026-05-19T07:47:00.000+07:00,"29026.7,29039,29023.5,29038.9"
2026-05-19T07:48:00.000+07:00,"29038.3,29041,29030,29032"
2026-05-19T07:49:00.000+07:00,"29032.1,29039.2,29026.4,29037.6"
2026-05-19T07:50:00.000+07:00,"29037.9,29039.1,29028.7,29031.8"
2026-05-19T07:51:00.000+07:00,"29031.3,29033.8,29022.9,29022.9"
2026-05-19T07:52:00.000+07:00,"29021.3,29023.8,29013.8,29017"
2026-05-19T07:53:00.000+07:00,"29016.9,29017.2,28999.1,29001.3"
2026-05-19T07:54:00.000+07:00,"29001.2,29001.2,28984.7,28996"
2026-05-19T07:55:00.000+07:00,"28996.3,29005.9,28993.2,29003.3"
2026-05-19T07:56:00.000+07:00,"29002.9,29008.4,29001.2,29005.3"
2026-05-19T07:57:00.000+07:00,"29006,29007.1,28992.6,28995.3"
2026-05-19T07:58:00.000+07:00,"28995.2,29003.2,28992.3,28998.1"
2026-05-19T07:59:00.000+07:00,"28998,28998,28982.4,28987.5"
2026-05-19T08:00:00.000+07:00,"28987.8,28987.8,28958.5,28975.2"
2026-05-19T08:01:00.000+07:00,"28975.1,28983.6,28969.9,28974.3"
2026-05-19T08:02:00.000+07:00,"28971.9,28980.5,28968.5,28971.1"
2026-05-19T08:03:00.000+07:00,"28969.3,28972,28947.1,28956.9"
2026-05-19T08:04:00.000+07:00,"28956.8,28966.6,28954.2,28966"
2026-05-19T08:05:00.000+07:00,"28966.2,28978.2,28960.2,28977.3"
2026-05-19T08:06:00.000+07:00,"28977.2,28982,28966.4,28968.7"
2026-05-19T08:07:00.000+07:00,"28969.1,28988.7,28964.2,28984.8"
2026-05-19T08:08:00.000+07:00,"28985,28991.5,28977.6,28978.9"
2026-05-19T08:09:00.000+07:00,"28979.3,28987.2,28971.5,28986.6"
2026-05-19T08:10:00.000+07:00,"28986.2,28999,28985.6,28992.9"
2026-05-19T08:11:00.000+07:00,"28991.5,28993.2,28980.9,28986.2"
2026-05-19T08:12:00.000+07:00,"28986.3,28986.3,28976,28978"
2026-05-19T08:13:00.000+07:00,"28978.5,28978.5,28959.3,28968"
2026-05-19T08:14:00.000+07:00,"28968.3,28979.7,28965.2,28968.6"
2026-05-19T08:15:00.000+07:00,"28968.4,28975.4,28964.5,28968.9"
2026-05-19T08:16:00.000+07:00,"28969.1,28973.5,28952,28958.9"
2026-05-19T08:17:00.000+07:00,"28958.8,28967.4,28956.9,28963.2"
2026-05-19T08:18:00.000+07:00,"28963.1,28963.2,28951.1,28951.1"
2026-05-19T08:19:00.000+07:00,"28951.2,28951.8,28936.5,28941"
2026-05-19T08:20:00.000+07:00,"28940,28941.8,28932,28940.2"
2026-05-19T08:21:00.000+07:00,"28940.3,28942.5,28913.7,28915.8"
2026-05-19T08:22:00.000+07:00,"28915.9,28916.8,28898.7,28913.5"
2026-05-19T08:23:00.000+07:00,"28913.3,28922.6,28904.6,28919.4"
2026-05-19T08:24:00.000+07:00,"28918.6,28918.9,28904.7,28906.3"
2026-05-19T08:25:00.000+07:00,"28902.8,28915.2,28901.7,28910.8"
2026-05-19T08:26:00.000+07:00,"28910.6,28911.6,28894,28907.8"
2026-05-19T08:27:00.000+07:00,"28907.7,28919.7,28905.1,28911.9"
2026-05-19T08:28:00.000+07:00,"28912.1,28918.5,28910.2,28916.5"
2026-05-19T08:29:00.000+07:00,"28916.6,28926.7,28914.3,28926.6"
2026-05-19T08:30:00.000+07:00,"28926.3,28926.3,28901.4,28908.8"
2026-05-19T08:31:00.000+07:00,"28908.1,28915.9,28902.4,28903.3"
2026-05-19T08:32:00.000+07:00,"28903.2,28919.7,28900.5,28915.1"
2026-05-19T08:33:00.000+07:00,"28914.5,28921.1,28910.3,28919.3"
2026-05-19T08:34:00.000+07:00,"28919.5,28926.9,28915.1,28921.7"
2026-05-19T08:35:00.000+07:00,"28922.8,28944.7,28918.2,28943.8"
2026-05-19T08:36:00.000+07:00,"28943.7,28953.7,28934,28950"
2026-05-19T08:37:00.000+07:00,"28949.6,28958.2,28941,28943.8"
2026-05-19T08:38:00.000+07:00,"28943.1,28953.3,28940,28951.2"
2026-05-19T08:39:00.000+07:00,"28951.3,28966.1,28950.7,28959.9"
2026-05-19T08:40:00.000+07:00,"28960.2,28961.2,28948.5,28954.9"
2026-05-19T08:41:00.000+07:00,"28955,28956.2,28943.7,28950.1"
2026-05-19T08:42:00.000+07:00,"28949.7,28964.1,28946.3,28961.9"
2026-05-19T08:43:00.000+07:00,"28961.8,28977.2,28960.3,28972.6"
2026-05-19T08:44:00.000+07:00,"28972,28979.7,28968,28968.9"
2026-05-19T08:45:00.000+07:00,"28968.8,28974.9,28956.9,28964.2"
2026-05-19T08:46:00.000+07:00,"28964.7,28980.2,28961.3,28971.8"
2026-05-19T08:47:00.000+07:00,"28971.9,28971.9,28951.1,28955.4"
2026-05-19T08:48:00.000+07:00,"28955.3,28959.9,28948.8,28952.9"
2026-05-19T08:49:00.000+07:00,"28953.3,28956.9,28946.7,28953.3"
2026-05-19T08:50:00.000+07:00,"28953.4,28962.6,28950.7,28961.2"
2026-05-19T08:51:00.000+07:00,"28960.9,28963.9,28948.8,28948.8"
2026-05-19T08:52:00.000+07:00,"28948.6,28957.1,28946.3,28952.7"
2026-05-19T08:53:00.000+07:00,"28952.5,28952.9,28945.7,28947.1"
2026-05-19T08:54:00.000+07:00,"28947,28949.1,28941.7,28947.4"
2026-05-19T08:55:00.000+07:00,"28947.2,28947.3,28938.6,28942"
2026-05-19T08:56:00.000+07:00,"28941.9,28945.5,28933.5,28934"
2026-05-19T08:57:00.000+07:00,"28934.1,28938.7,28930.2,28935.9"
2026-05-19T08:58:00.000+07:00,"28935.8,28936.4,28926.9,28928.2"
2026-05-19T08:59:00.000+07:00,"28928.3,28928.3,28915.1,28915.4"
2026-05-19T09:00:00.000+07:00,"28912,28912,28894.7,28908.5"
2026-05-19T09:01:00.000+07:00,"28908.6,28915.9,28904.6,28908.1"
2026-05-19T09:02:00.000+07:00,"28908.3,28908.4,28898.7,28903.9"
2026-05-19T09:03:00.000+07:00,"28903.6,28904.6,28869.8,28874.3"
2026-05-19T09:04:00.000+07:00,"28874.1,28881.5,28868.4,28880.5"
2026-05-19T09:05:00.000+07:00,"28880.3,28885.3,28869.5,28884.1"
2026-05-19T09:06:00.000+07:00,"28885.1,28896.6,28880.7,28896.1"
2026-05-19T09:07:00.000+07:00,"28895.7,28898.3,28878.2,28885.3"
2026-05-19T09:08:00.000+07:00,"28885,28887,28876.7,28878.9"
2026-05-19T09:09:00.000+07:00,"28878.5,28879.1,28835,28838.2"
2026-05-19T09:10:00.000+07:00,"28837.8,28871.6,28831.9,28865.6"
2026-05-19T09:11:00.000+07:00,"28865.1,28868.3,28853.7,28854.5"
2026-05-19T09:12:00.000+07:00,"28854.7,28869.3,28854.2,28866.3"
2026-05-19T09:13:00.000+07:00,"28866.4,28870.5,28861.1,28868"
2026-05-19T09:14:00.000+07:00,"28867.9,28873.2,28864,28864.5"
2026-05-19T09:15:00.000+07:00,"28864.6,28864.6,28844.9,28847.8"
2026-05-19T09:16:00.000+07:00,"28848.5,28858.4,28840.9,28855.1"
2026-05-19T09:17:00.000+07:00,"28854.9,28859.8,28850.6,28855.9"
2026-05-19T09:18:00.000+07:00,"28856.3,28857.9,28839.8,28855"
2026-05-19T09:19:00.000+07:00,"28855.2,28867.4,28855.1,28863.6"
2026-05-19T09:20:00.000+07:00,"28863.7,28881.8,28863,28878.1"
2026-05-19T09:21:00.000+07:00,"28878.4,28879.8,28869.2,28872.6"
2026-05-19T09:22:00.000+07:00,"28872.9,28874.4,28863.1,28868.9"
2026-05-19T09:23:00.000+07:00,"28867.4,28874.2,28865.3,28871.9"
2026-05-19T09:24:00.000+07:00,"28872.3,28877.2,28867.8,28871.3"
2026-05-19T09:25:00.000+07:00,"28871.4,28883.1,28868.2,28881.7"
2026-05-19T09:26:00.000+07:00,"28881.9,28885.9,28877.1,28883.3"
2026-05-19T09:27:00.000+07:00,"28883.2,28894.9,28881.7,28892.5"
2026-05-19T09:28:00.000+07:00,"28892.4,28892.9,28882.9,28888.6"
2026-05-19T09:29:00.000+07:00,"28888.5,28890,28873,28875.3"
2026-05-19T09:30:00.000+07:00,"28875.2,28877.5,28867.1,28870.6"
2026-05-19T09:31:00.000+07:00,"28870.7,28885.9,28868.4,28882.3"
2026-05-19T09:32:00.000+07:00,"28882.4,28889,28874.9,28888.4"
2026-05-19T09:33:00.000+07:00,"28888.6,28893.1,28881.8,28886.1"
2026-05-19T09:34:00.000+07:00,"28886.9,28888.6,28873.4,28874.7"
2026-05-19T09:35:00.000+07:00,"28874.8,28884.5,28870.8,28882.1"
2026-05-19T09:36:00.000+07:00,"28881.9,28886.3,28870.7,28872.2"
2026-05-19T09:37:00.000+07:00,"28872,28882.6,28870.7,28881.9"
2026-05-19T09:38:00.000+07:00,"28881.8,28882.2,28867,28872.9"
2026-05-19T09:39:00.000+07:00,"28873,28881.6,28872.2,28876.4"
2026-05-19T09:40:00.000+07:00,"28876.3,28882.5,28868.4,28881.7"
2026-05-19T09:41:00.000+07:00,"28882.1,28891.1,28880,28890.3"
2026-05-19T09:42:00.000+07:00,"28890.1,28895.4,28886.5,28893.6"
2026-05-19T09:43:00.000+07:00,"28892.5,28893.6,28888,28889.4"
2026-05-19T09:44:00.000+07:00,"28889.2,28901.8,28888.3,28900.9"
2026-05-19T09:45:00.000+07:00,"28901,28906.8,28896.9,28905.3"
2026-05-19T09:46:00.000+07:00,"28905.5,28917.7,28903.1,28910"
2026-05-19T09:47:00.000+07:00,"28910.2,28910.4,28901.6,28903.5"
2026-05-19T09:48:00.000+07:00,"28903.6,28904.1,28887.8,28895.5"
2026-05-19T09:49:00.000+07:00,"28895.4,28897.1,28887.6,28896.7"
2026-05-19T09:50:00.000+07:00,"28896.4,28899.3,28887,28898.3"
2026-05-19T09:51:00.000+07:00,"28898.2,28901.8,28895.5,28896.5"
2026-05-19T09:52:00.000+07:00,"28896.4,28898.8,28867.4,28873.4"
2026-05-19T09:53:00.000+07:00,"28874.3,28890.8,28871.1,28885.5"
2026-05-19T09:54:00.000+07:00,"28885.4,28890.7,28883.7,28887.2"
2026-05-19T09:55:00.000+07:00,"28887.5,28890.8,28876.7,28877"
2026-05-19T09:56:00.000+07:00,"28877.1,28879.4,28872.8,28876.5"
2026-05-19T09:57:00.000+07:00,"28876.7,28878,28871,28874"
2026-05-19T09:58:00.000+07:00,"28874.4,28877.4,28868.8,28874.2"
2026-05-19T09:59:00.000+07:00,"28873.9,28879,28872,28875.7"
2026-05-19T10:00:00.000+07:00,"28875.8,28877.6,28856.4,28862.8"
2026-05-19T10:01:00.000+07:00,"28862.6,28864.7,28857.9,28860.9"
2026-05-19T10:02:00.000+07:00,"28860.7,28866.4,28857.4,28861.2"
2026-05-19T10:03:00.000+07:00,"28860.9,28862.2,28848.7,28857.5"
2026-05-19T10:04:00.000+07:00,"28857.3,28868,28856.8,28864"
2026-05-19T10:05:00.000+07:00,"28863.8,28868.3,28859.4,28860.1"
2026-05-19T10:06:00.000+07:00,"28860.2,28886.4,28859.8,28886.1"
2026-05-19T10:07:00.000+07:00,"28886.2,28886.5,28879.8,28883.3"
2026-05-19T10:08:00.000+07:00,"28884.5,28890.9,28879.4,28889.6"
2026-05-19T10:09:00.000+07:00,"28889.7,28891.1,28886.8,28889.9"
2026-05-19T10:10:00.000+07:00,"28889.7,28898.4,28887.7,28890.8"
2026-05-19T10:11:00.000+07:00,"28890.7,28898.4,28890.7,28895.3"
2026-05-19T10:12:00.000+07:00,"28895.2,28904.5,28894.8,28903"
2026-05-19T10:13:00.000+07:00,"28903.2,28903.9,28892.3,28892.8"
2026-05-19T10:14:00.000+07:00,"28892.1,28893.1,28887.7,28892"
2026-05-19T10:15:00.000+07:00,"28893.5,28894.8,28881.7,28891.4"
2026-05-19T10:16:00.000+07:00,"28891,28895.6,28887.3,28895.6"
2026-05-19T10:17:00.000+07:00,"28894.9,28899,28894.4,28894.9"
2026-05-19T10:18:00.000+07:00,"28895,28903.7,28895,28903.4"
2026-05-19T10:19:00.000+07:00,"28903.6,28907.6,28899.4,28899.6"
2026-05-19T10:20:00.000+07:00,"28899.7,28902.7,28885.9,28888.4"
2026-05-19T10:21:00.000+07:00,"28892.6,28893.8,28884.2,28886.6"
2026-05-19T10:22:00.000+07:00,"28886.3,28893.4,28885.5,28891.3"
2026-05-19T10:23:00.000+07:00,"28891.5,28894.5,28890.3,28891.8"
2026-05-19T10:24:00.000+07:00,"28891.7,28899.7,28891.3,28898.2"
2026-05-19T10:25:00.000+07:00,"28898.3,28901.6,28894.5,28901.6"
2026-05-19T10:26:00.000+07:00,"28901.5,28906.7,28898.7,28902.8"
2026-05-19T10:27:00.000+07:00,"28902.7,28916.9,28902.7,28915.9"
2026-05-19T10:28:00.000+07:00,"28915.7,28916.2,28909.4,28913"
2026-05-19T10:29:00.000+07:00,"28912.9,28913.4,28908.4,28910.8"
2026-05-19T10:30:00.000+07:00,"28910.5,28942,28910.5,28935.3"
2026-05-19T10:31:00.000+07:00,"28935.9,28938.3,28921.4,28924.5"
2026-05-19T10:32:00.000+07:00,"28924.6,28928.9,28919.3,28925"
2026-05-19T10:33:00.000+07:00,"28925.4,28930,28922.1,28926.5"
2026-05-19T10:34:00.000+07:00,"28926.8,28931.5,28921,28927"
2026-05-19T10:35:00.000+07:00,"28926.8,28936.3,28924.2,28934.3"
2026-05-19T10:36:00.000+07:00,"28934.5,28935.1,28921.2,28923.1"
2026-05-19T10:37:00.000+07:00,"28922.9,28927.7,28922,28924.4"
2026-05-19T10:38:00.000+07:00,"28924.7,28936.9,28924.7,28936.3"
2026-05-19T10:39:00.000+07:00,"28936.4,28936.6,28927.5,28928.2"
2026-05-19T10:40:00.000+07:00,"28928.5,28935.4,28925.9,28926.3"
2026-05-19T10:41:00.000+07:00,"28926.8,28926.8,28914.7,28916.4"
2026-05-19T10:42:00.000+07:00,"28917,28921.9,28914.7,28921.3"
2026-05-19T10:43:00.000+07:00,"28921,28921,28915.5,28918.2"
2026-05-19T10:44:00.000+07:00,"28918.7,28929,28918.2,28920.7"
2026-05-19T10:45:00.000+07:00,"28919.3,28921.3,28898.7,28898.7"
2026-05-19T10:46:00.000+07:00,"28898.3,28910.4,28897.4,28901.6"
2026-05-19T10:47:00.000+07:00,"28901.5,28914.4,28899.3,28907"
2026-05-19T10:48:00.000+07:00,"28907.1,28912.4,28903.8,28911"
2026-05-19T10:49:00.000+07:00,"28911.1,28911.5,28905.3,28908.1"
2026-05-19T10:50:00.000+07:00,"28908.5,28913,28907.5,28910.9"
2026-05-19T10:51:00.000+07:00,"28910.8,28910.8,28897,28897.1"
2026-05-19T10:52:00.000+07:00,"28897,28901.9,28893.8,28899.6"
2026-05-19T10:53:00.000+07:00,"28899.7,28900.4,28893.4,28896.1"
2026-05-19T10:54:00.000+07:00,"28896,28905.3,28893.2,28904.3"
2026-05-19T10:55:00.000+07:00,"28904.4,28904.6,28894.7,28895.5"
2026-05-19T10:56:00.000+07:00,"28895.7,28897.7,28887,28890.9"
2026-05-19T10:57:00.000+07:00,"28891,28894.9,28885.5,28888.9"
2026-05-19T10:58:00.000+07:00,"28888.8,28892.2,28885.6,28889"
2026-05-19T10:59:00.000+07:00,"28888.9,28895.6,28886.5,28893.8"
2026-05-19T11:00:00.000+07:00,"28894.3,28895,28869.9,28872.1"
2026-05-19T11:01:00.000+07:00,"28870.4,28876.2,28863.3,28870.5"
2026-05-19T11:02:00.000+07:00,"28870.6,28871,28852.8,28857.5"
2026-05-19T11:03:00.000+07:00,"28857.1,28857.1,28836.3,28849.6"
2026-05-19T11:04:00.000+07:00,"28849.9,28852.8,28845.7,28848.4"
2026-05-19T11:05:00.000+07:00,"28848.1,28859.4,28842.1,28858.7"
2026-05-19T11:06:00.000+07:00,"28858.8,28859.5,28847.9,28850.6"
2026-05-19T11:07:00.000+07:00,"28850.3,28852.5,28841,28852.5"
2026-05-19T11:08:00.000+07:00,"28852.4,28856.4,28849.9,28853.6"
2026-05-19T11:09:00.000+07:00,"28852.1,28857.6,28850.4,28856"
2026-05-19T11:10:00.000+07:00,"28855.9,28860.7,28851,28854.8"
2026-05-19T11:11:00.000+07:00,"28854.7,28864.7,28853.7,28861.3"
2026-05-19T11:12:00.000+07:00,"28861.4,28872.1,28859.7,28864.5"
2026-05-19T11:13:00.000+07:00,"28864,28869.6,28859.8,28868.5"
2026-05-19T11:14:00.000+07:00,"28868.4,28869.8,28857.5,28860.8"
2026-05-19T11:15:00.000+07:00,"28860.3,28860.8,28845.8,28851.6"
2026-05-19T11:16:00.000+07:00,"28851.4,28852.3,28842.8,28846"
2026-05-19T11:17:00.000+07:00,"28845.9,28849.4,28838.2,28841.1"
2026-05-19T11:18:00.000+07:00,"28841,28843.5,28837,28840"
2026-05-19T11:19:00.000+07:00,"28840.5,28840.5,28824.9,28832.3"
2026-05-19T11:20:00.000+07:00,"28832.2,28851.2,28830.4,28848.9"
2026-05-19T11:21:00.000+07:00,"28848.7,28850.2,28839.7,28840.4"
2026-05-19T11:22:00.000+07:00,"28840.3,28843.1,28827,28828.4"
2026-05-19T11:23:00.000+07:00,"28828.5,28831.3,28822.5,28825.7"
2026-05-19T11:24:00.000+07:00,"28825.4,28834.7,28824,28834.7"
2026-05-19T11:25:00.000+07:00,"28834.6,28836.1,28826.4,28829.4"
2026-05-19T11:26:00.000+07:00,"28829.5,28831.6,28813,28813.9"
2026-05-19T11:27:00.000+07:00,"28814,28826.4,28805.8,28823.2"
2026-05-19T11:28:00.000+07:00,"28822.7,28830.4,28818.7,28829"
2026-05-19T11:29:00.000+07:00,"28828.5,28833.5,28825.8,28831.8"
2026-05-19T11:30:00.000+07:00,"28832,28842.2,28828.3,28841.3"
2026-05-19T11:31:00.000+07:00,"28841.4,28850.2,28839.3,28844.9"
2026-05-19T11:32:00.000+07:00,"28845.3,28848.2,28839.9,28846.8"
2026-05-19T11:33:00.000+07:00,"28847,28850,28844,28847.7"
2026-05-19T11:34:00.000+07:00,"28847.8,28850.9,28843.7,28847"
2026-05-19T11:35:00.000+07:00,"28846.7,28874.6,28846.2,28872"
2026-05-19T11:36:00.000+07:00,"28872.3,28877,28867.6,28870.1"
2026-05-19T11:37:00.000+07:00,"28870,28870.8,28850.1,28850.3"
2026-05-19T11:38:00.000+07:00,"28850.6,28855.7,28842.3,28843.8"
2026-05-19T11:39:00.000+07:00,"28844,28858.5,28843.4,28855"
2026-05-19T11:40:00.000+07:00,"28854.2,28872.3,28853.3,28868.5"
2026-05-19T11:41:00.000+07:00,"28868.6,28876.4,28868.3,28871.4"
2026-05-19T11:42:00.000+07:00,"28871.5,28873.9,28858.9,28859.3"
2026-05-19T11:43:00.000+07:00,"28859.4,28867.7,28858.8,28860.1"
2026-05-19T11:44:00.000+07:00,"28860,28862.6,28854.4,28855.9"
2026-05-19T11:45:00.000+07:00,"28855.8,28861.4,28854.8,28861.1"
2026-05-19T11:46:00.000+07:00,"28861.3,28871.5,28853.1,28854.1"
2026-05-19T11:47:00.000+07:00,"28854,28861.1,28852.9,28854.7"
2026-05-19T11:48:00.000+07:00,"28854.9,28855.6,28841.7,28848.5"
2026-05-19T11:49:00.000+07:00,"28848.4,28849.4,28839,28839.3"
2026-05-19T11:50:00.000+07:00,"28839.6,28842.8,28829.6,28842"
2026-05-19T11:51:00.000+07:00,"28842.2,28864.5,28840,28861.4"
2026-05-19T11:52:00.000+07:00,"28861.3,28868.5,28859.7,28864.6"
2026-05-19T11:53:00.000+07:00,"28864.5,28869.8,28862.7,28865.1"
2026-05-19T11:54:00.000+07:00,"28866,28867.2,28858.5,28859.2"
2026-05-19T11:55:00.000+07:00,"28858.8,28863.7,28854.7,28861.9"
2026-05-19T11:56:00.000+07:00,"28862.4,28873.3,28861.2,28870"
2026-05-19T11:57:00.000+07:00,"28870.5,28872.3,28858.3,28858.9"
2026-05-19T11:58:00.000+07:00,"28858.8,28861.9,28856.4,28860.2"
2026-05-19T11:59:00.000+07:00,"28860.6,28869.7,28860.1,28864.3"
2026-05-19T12:00:00.000+07:00,"28864.5,28878.2,28864.4,28872.2"
2026-05-19T12:01:00.000+07:00,"28872.3,28875.9,28865.7,28866.7"
2026-05-19T12:02:00.000+07:00,"28866.9,28870.3,28861.7,28863.6"
2026-05-19T12:03:00.000+07:00,"28864.1,28864.1,28843.6,28850.1"
2026-05-19T12:04:00.000+07:00,"28850,28861.1,28848,28848.6"
2026-05-19T12:05:00.000+07:00,"28848.7,28854.2,28843.8,28847.8"
2026-05-19T12:06:00.000+07:00,"28847.5,28849,28838.6,28844.8"
2026-05-19T12:07:00.000+07:00,"28844.9,28848.9,28839,28840.4"
2026-05-19T12:08:00.000+07:00,"28840.6,28857.8,28833.5,28856.9"
2026-05-19T12:09:00.000+07:00,"28857.2,28869.9,28855.5,28865.3"
2026-05-19T12:10:00.000+07:00,"28865.2,28871.8,28857.1,28870.3"
2026-05-19T12:11:00.000+07:00,"28870,28872.2,28862.8,28871.9"
2026-05-19T12:12:00.000+07:00,"28871.8,28875.2,28868.1,28872.5"
2026-05-19T12:13:00.000+07:00,"28872.7,28873.9,28858.9,28859"
2026-05-19T12:14:00.000+07:00,"28859.1,28860.9,28854,28858.6"
2026-05-19T12:15:00.000+07:00,"28858.7,28863,28854.3,28854.6"
2026-05-19T12:16:00.000+07:00,"28854.7,28854.7,28839.7,28840.7"
2026-05-19T12:17:00.000+07:00,"28840.6,28848.2,28838.3,28847.2"
2026-05-19T12:18:00.000+07:00,"28847.3,28854.2,28844.9,28846.5"
2026-05-19T12:19:00.000+07:00,"28846.4,28849.5,28841.1,28846.3"
2026-05-19T12:20:00.000+07:00,"28846.6,28851.8,28843.8,28844.5"
2026-05-19T12:21:00.000+07:00,"28844.6,28846.3,28820.2,28822.1"
2026-05-19T12:22:00.000+07:00,"28822.3,28828.9,28818.5,28819.1"
2026-05-19T12:23:00.000+07:00,"28819,28821.2,28797.3,28798.5"
2026-05-19T12:24:00.000+07:00,"28798.1,28811,28789,28808.9"
2026-05-19T12:25:00.000+07:00,"28808.8,28820.1,28805.6,28815.9"
2026-05-19T12:26:00.000+07:00,"28816.2,28824,28813,28819.5"
2026-05-19T12:27:00.000+07:00,"28819.7,28837.6,28818.7,28836.6"
2026-05-19T12:28:00.000+07:00,"28836.5,28858,28836.5,28856.1"
2026-05-19T12:29:00.000+07:00,"28856.2,28866.8,28851.1,28858.9"
2026-05-19T12:30:00.000+07:00,"28859,28860.6,28846.4,28850.9"
2026-05-19T12:31:00.000+07:00,"28851.7,28858.6,28848.7,28857.5"
2026-05-19T12:32:00.000+07:00,"28857,28858.7,28833.4,28834.9"
2026-05-19T12:33:00.000+07:00,"28834.8,28849.2,28826.8,28845"
2026-05-19T12:34:00.000+07:00,"28843.9,28851.6,28832.2,28832.5"
2026-05-19T12:35:00.000+07:00,"28832.7,28843.4,28824,28840.1"
2026-05-19T12:36:00.000+07:00,"28840.6,28841.8,28833.5,28841.6"
2026-05-19T12:37:00.000+07:00,"28841.7,28862.2,28841.1,28860.7"
2026-05-19T12:38:00.000+07:00,"28861.3,28864.6,28857.5,28860.6"
2026-05-19T12:39:00.000+07:00,"28861.4,28862.5,28852.7,28856.2"
2026-05-19T12:40:00.000+07:00,"28855.9,28872.3,28852.8,28871.9"
2026-05-19T12:41:00.000+07:00,"28872,28873,28857.7,28858.2"
2026-05-19T12:42:00.000+07:00,"28857.8,28866.6,28857,28861.1"
2026-05-19T12:43:00.000+07:00,"28861,28865,28849.8,28850.1"
2026-05-19T12:44:00.000+07:00,"28850.4,28850.6,28831.5,28835.1"
2026-05-19T12:45:00.000+07:00,"28835,28850.9,28833.8,28837.3"
2026-05-19T12:46:00.000+07:00,"28837.6,28841.8,28828.8,28832.2"
2026-05-19T12:47:00.000+07:00,"28832,28842.3,28830.2,28841"
2026-05-19T12:48:00.000+07:00,"28840.6,28855.2,28836.7,28851.7"
2026-05-19T12:49:00.000+07:00,"28852.2,28855.4,28846.9,28847"
2026-05-19T12:50:00.000+07:00,"28847.5,28851.4,28837.7,28850.7"
2026-05-19T12:51:00.000+07:00,"28850.6,28851.8,28837,28837.7"
2026-05-19T12:52:00.000+07:00,"28837.3,28846.9,28834.8,28844.3"
2026-05-19T12:53:00.000+07:00,"28843.9,28847.3,28837.9,28847.3"
2026-05-19T12:54:00.000+07:00,"28848,28853.4,28843.4,28845.9"
2026-05-19T12:55:00.000+07:00,"28846.1,28846.8,28830.5,28830.8"
2026-05-19T12:56:00.000+07:00,"28831.3,28839.3,28824.8,28828.9"
2026-05-19T12:57:00.000+07:00,"28828.8,28836.7,28827.1,28835.9"
2026-05-19T12:58:00.000+07:00,"28836,28842,28832.7,28838.8"
2026-05-19T12:59:00.000+07:00,"28839,28842,28836,28839.4"
2026-05-19T13:00:00.000+07:00,"28842.3,28844,28817.9,28821.1"
2026-05-19T13:01:00.000+07:00,"28821,28827.4,28807.7,28820.1"
2026-05-19T13:02:00.000+07:00,"28820.2,28835.4,28816.5,28832.3"
2026-05-19T13:03:00.000+07:00,"28832.4,28832.5,28814.3,28825.8"
2026-05-19T13:04:00.000+07:00,"28826,28832.7,28821.2,28832.3"
2026-05-19T13:05:00.000+07:00,"28832.1,28835.3,28822,28824.1"
2026-05-19T13:06:00.000+07:00,"28824,28825.5,28817.6,28821.8"
2026-05-19T13:07:00.000+07:00,"28821.5,28837.6,28821.1,28831.9"
2026-05-19T13:08:00.000+07:00,"28832,28834,28824.9,28831.8"
2026-05-19T13:09:00.000+07:00,"28831.7,28833.2,28821.3,28830.2"
2026-05-19T13:10:00.000+07:00,"28830.7,28845.7,28827.6,28841"
2026-05-19T13:11:00.000+07:00,"28840.9,28845.3,28824.8,28826.6"
2026-05-19T13:12:00.000+07:00,"28825.9,28847.8,28824.7,28845.8"
2026-05-19T13:13:00.000+07:00,"28845.7,28864.5,28845.7,28861.4"
2026-05-19T13:14:00.000+07:00,"28861.2,28870.5,28859.4,28869.5"
2026-05-19T13:15:00.000+07:00,"28869,28876.4,28857.7,28861.3"
2026-05-19T13:16:00.000+07:00,"28861.4,28864.6,28854.4,28858.5"
2026-05-19T13:17:00.000+07:00,"28858.8,28866.1,28849.6,28858.9"
2026-05-19T13:18:00.000+07:00,"28858.7,28873.9,28853.8,28871.2"
2026-05-19T13:19:00.000+07:00,"28871,28883.2,28866.9,28883.1"
2026-05-19T13:20:00.000+07:00,"28883.2,28888.8,28878.9,28883.8"
2026-05-19T13:21:00.000+07:00,"28883.9,28889.8,28882.6,28884.7"
2026-05-19T13:22:00.000+07:00,"28884.6,28887.6,28877.8,28877.8"
2026-05-19T13:23:00.000+07:00,"28876.9,28890.3,28876.9,28888.5"
2026-05-19T13:24:00.000+07:00,"28887.8,28888.6,28881.5,28882.7"
2026-05-19T13:25:00.000+07:00,"28882.4,28887.2,28877.8,28884"
2026-05-19T13:26:00.000+07:00,"28884.1,28892.4,28883.5,28890.4"
2026-05-19T13:27:00.000+07:00,"28890.3,28899.4,28887.9,28890"
2026-05-19T13:28:00.000+07:00,"28889.9,28890.8,28876.1,28880.2"
2026-05-19T13:29:00.000+07:00,"28880,28889.7,28878,28887.8"
2026-05-19T13:30:00.000+07:00,"28887.7,28894.8,28879.8,28893.4"
2026-05-19T13:31:00.000+07:00,"28893.2,28897,28887.1,28890.1"
2026-05-19T13:32:00.000+07:00,"28890.4,28891.1,28880.6,28881.1"
2026-05-19T13:33:00.000+07:00,"28881.2,28884,28878.4,28879.4"
2026-05-19T13:34:00.000+07:00,"28879.5,28884.5,28870.3,28877"
2026-05-19T13:35:00.000+07:00,"28877.3,28880.6,28869,28878"
2026-05-19T13:36:00.000+07:00,"28878.1,28890.5,28877.8,28888.8"
2026-05-19T13:37:00.000+07:00,"28888.9,28890.4,28883.5,28887.3"
2026-05-19T13:38:00.000+07:00,"28887.2,28908.3,28885.9,28907.2"
2026-05-19T13:39:00.000+07:00,"28906.6,28907.8,28898,28902.9"
2026-05-19T13:40:00.000+07:00,"28903,28906.1,28895.5,28896.4"
2026-05-19T13:41:00.000+07:00,"28896.3,28903.6,28893.6,28903.4"
2026-05-19T13:42:00.000+07:00,"28902.9,28910.6,28899.9,28910.6"
2026-05-19T13:43:00.000+07:00,"28910.3,28911.8,28905,28905.1"
2026-05-19T13:44:00.000+07:00,"28903.2,28922.6,28899.7,28918.6"
2026-05-19T13:45:00.000+07:00,"28918.5,28918.6,28910.3,28914.5"
2026-05-19T13:46:00.000+07:00,"28913.5,28914.7,28892.7,28905.4"
2026-05-19T13:47:00.000+07:00,"28905.9,28913.4,28903,28910.7"
2026-05-19T13:48:00.000+07:00,"28910.6,28915,28906.7,28914"
2026-05-19T13:49:00.000+07:00,"28913.9,28914.3,28905.7,28907"
2026-05-19T13:50:00.000+07:00,"28906.9,28911.7,28906.3,28911.5"
2026-05-19T13:51:00.000+07:00,"28911.3,28914.3,28906.7,28913.7"
2026-05-19T13:52:00.000+07:00,"28912.8,28915.4,28910.7,28911.2"
2026-05-19T13:53:00.000+07:00,"28911.5,28920.4,28911.4,28915.2"
2026-05-19T13:54:00.000+07:00,"28915.3,28919.4,28907.4,28911"
2026-05-19T13:55:00.000+07:00,"28911.4,28920.9,28910.7,28917.7"
2026-05-19T13:56:00.000+07:00,"28919.1,28920.5,28912.7,28918.1"
2026-05-19T13:57:00.000+07:00,"28918,28919.4,28915,28918.5"
2026-05-19T13:58:00.000+07:00,"28918.6,28921.1,28912.7,28920.2"
2026-05-19T13:59:00.000+07:00,"28919.9,28924.4,28917,28924.4"
2026-05-19T14:00:00.000+07:00,"28924.1,28925.1,28915.8,28918.2"
2026-05-19T14:01:00.000+07:00,"28918.4,28923.2,28915.8,28918.8"
2026-05-19T14:02:00.000+07:00,"28918.7,28923.7,28915.1,28920.8"
2026-05-19T14:03:00.000+07:00,"28914.7,28918.1,28909.5,28910.3"
2026-05-19T14:04:00.000+07:00,"28910.5,28916.6,28910.1,28915.8"
2026-05-19T14:05:00.000+07:00,"28915.9,28933.4,28914.2,28931.1"
2026-05-19T14:06:00.000+07:00,"28931.3,28947.3,28924.5,28946.8"
2026-05-19T14:07:00.000+07:00,"28946.6,28955.3,28940.7,28954.4"
2026-05-19T14:08:00.000+07:00,"28954.1,28960,28950.8,28958.7"
2026-05-19T14:09:00.000+07:00,"28959.2,28982.5,28956.9,28975.8"
2026-05-19T14:10:00.000+07:00,"28975.7,28987.6,28965.4,28970.9"
2026-05-19T14:11:00.000+07:00,"28970.8,28971.6,28957.4,28963.1"
2026-05-19T14:12:00.000+07:00,"28963.4,28964,28948.2,28949.3"
2026-05-19T14:13:00.000+07:00,"28949.2,28960.8,28945.6,28956.6"
2026-05-19T14:14:00.000+07:00,"28955.6,28963.9,28953.7,28963"
2026-05-19T14:15:00.000+07:00,"28962.8,28966.1,28949.7,28950.1"
2026-05-19T14:16:00.000+07:00,"28949.8,28955.1,28946.4,28953.8"
2026-05-19T14:17:00.000+07:00,"28953.4,28957.8,28952.3,28953.4"
2026-05-19T14:18:00.000+07:00,"28952.7,28960.6,28951.2,28958.9"
2026-05-19T14:19:00.000+07:00,"28958.8,28963.4,28956,28962.1"
2026-05-19T14:20:00.000+07:00,"28962.5,28969.4,28959.7,28962.9"
2026-05-19T14:21:00.000+07:00,"28964.6,28970.3,28959.5,28959.9"
2026-05-19T14:22:00.000+07:00,"28959.8,28963.3,28954.8,28957.9"
2026-05-19T14:23:00.000+07:00,"28958,28968.7,28954.9,28966.8"
2026-05-19T14:24:00.000+07:00,"28966.7,28968.5,28962.3,28967.3"
2026-05-19T14:25:00.000+07:00,"28967.6,28971.8,28963.6,28968.3"
2026-05-19T14:26:00.000+07:00,"28968.1,28974.8,28966.9,28971.4"
2026-05-19T14:27:00.000+07:00,"28971.6,28976,28964.4,28964.7"
2026-05-19T14:28:00.000+07:00,"28965.1,28967.1,28958.1,28964.4"
2026-05-19T14:29:00.000+07:00,"28964.5,28969.8,28962.6,28964.5"
2026-05-19T14:30:00.000+07:00,"28964.3,28968.3,28950.2,28951.1"
2026-05-19T14:31:00.000+07:00,"28951.2,28959.6,28951.2,28952.8"
2026-05-19T14:32:00.000+07:00,"28953,28964.2,28952.7,28957.2"
2026-05-19T14:33:00.000+07:00,"28957.7,28962,28954.7,28956.7"
2026-05-19T14:34:00.000+07:00,"28956.6,28958.3,28949.7,28950.8"
2026-05-19T14:35:00.000+07:00,"28951.1,28953.9,28946,28950"
2026-05-19T14:36:00.000+07:00,"28950.4,28952.5,28943.5,28946.3"
2026-05-19T14:37:00.000+07:00,"28946.2,28954.9,28946.2,28949.6"
2026-05-19T14:38:00.000+07:00,"28950.4,28973.6,28949,28971.1"
2026-05-19T14:39:00.000+07:00,"28971,28981.2,28970.9,28978.4"
2026-05-19T14:40:00.000+07:00,"28978.9,28980.2,28971.4,28973.5"
2026-05-19T14:41:00.000+07:00,"28973.3,28983.3,28970.8,28983.3"
2026-05-19T14:42:00.000+07:00,"28983.4,28987.9,28978.5,28984.1"
2026-05-19T14:43:00.000+07:00,"28984.2,28996.4,28984.2,28994.2"
2026-05-19T14:44:00.000+07:00,"28994.7,29003.5,28986.5,28987"
2026-05-19T14:45:00.000+07:00,"28987.6,29006.4,28985,29001.5"
2026-05-19T14:46:00.000+07:00,"29001.3,29014.5,29000.8,29012.2"
2026-05-19T14:47:00.000+07:00,"29012.3,29024,29006.7,29011.1"
2026-05-19T14:48:00.000+07:00,"29011.2,29027.6,29010.9,29013.6"
2026-05-19T14:49:00.000+07:00,"29013.8,29018.7,29003.1,29005.2"
2026-05-19T14:50:00.000+07:00,"29005,29016.6,29004.7,29015.3"
2026-05-19T14:51:00.000+07:00,"29015.1,29017.4,29009.8,29012.6"
2026-05-19T14:52:00.000+07:00,"29012.5,29013.2,29002.3,29004"
2026-05-19T14:53:00.000+07:00,"29004.2,29008.2,28995.8,29001.3"
2026-05-19T14:54:00.000+07:00,"29001.8,29012.7,29001.1,29006.5"
2026-05-19T14:55:00.000+07:00,"29007.4,29016.5,29007.1,29014.1"
2026-05-19T14:56:00.000+07:00,"29013.6,29015.8,29008.6,29013.7"
2026-05-19T14:57:00.000+07:00,"29013.5,29015.8,29007.3,29009.1"
2026-05-19T14:58:00.000+07:00,"29009.3,29015.5,29002.7,29003.4"
2026-05-19T14:59:00.000+07:00,"29003.1,29007.5,29003.1,29005.3"
2026-05-19T15:00:00.000+07:00,"29007.5,29019.5,29006.9,29009.3"
2026-05-19T15:01:00.000+07:00,"29009.2,29012.3,29001.9,29004.5"
2026-05-19T15:02:00.000+07:00,"29004.4,29005.1,28988.4,28990.8"
2026-05-19T15:03:00.000+07:00,"28990.6,29001.1,28988.8,28994.2"
2026-05-19T15:04:00.000+07:00,"28993.8,28996.5,28986.7,28990.4"
2026-05-19T15:05:00.000+07:00,"28989.2,28990.2,28973.7,28974.7"
2026-05-19T15:06:00.000+07:00,"28974.4,28980.8,28964.7,28971.5"
2026-05-19T15:07:00.000+07:00,"28965.3,28967.1,28956.5,28961.2"
2026-05-19T15:08:00.000+07:00,"28961.1,28970.4,28950.9,28967"
2026-05-19T15:09:00.000+07:00,"28967.2,28971.6,28956.8,28956.8"
2026-05-19T15:10:00.000+07:00,"28956.9,28958.7,28947.6,28956.9"
2026-05-19T15:11:00.000+07:00,"28958.5,28965.5,28939.9,28940.6"
2026-05-19T15:12:00.000+07:00,"28939.4,28944.7,28933.6,28942.9"
2026-05-19T15:13:00.000+07:00,"28941.2,28942.2,28923.6,28924.9"
2026-05-19T15:14:00.000+07:00,"28924.3,28942.7,28923.5,28941.6"
2026-05-19T15:15:00.000+07:00,"28941.7,28944.9,28927.4,28928.3"
2026-05-19T15:16:00.000+07:00,"28927.6,28946,28925.4,28944.7"
2026-05-19T15:17:00.000+07:00,"28945.7,28946.2,28933.4,28942.7"
2026-05-19T15:18:00.000+07:00,"28942.2,28952,28939.9,28948.8"
2026-05-19T15:19:00.000+07:00,"28950.2,28955.2,28939.3,28943.6"
2026-05-19T15:20:00.000+07:00,"28943.8,28951.1,28942,28942"
2026-05-19T15:21:00.000+07:00,"28941.9,28946.5,28934.5,28941.7"
2026-05-19T15:22:00.000+07:00,"28941.8,28942.2,28932.3,28939.1"
2026-05-19T15:23:00.000+07:00,"28940.3,28942.8,28915.7,28918.6"
2026-05-19T15:24:00.000+07:00,"28918.4,28918.4,28905.5,28907.7"
2026-05-19T15:25:00.000+07:00,"28907.1,28910.1,28897.7,28905.5"
2026-05-19T15:26:00.000+07:00,"28905.8,28908.6,28877.9,28886.9"
2026-05-19T15:27:00.000+07:00,"28887.1,28906.2,28883.2,28903.1"
2026-05-19T15:28:00.000+07:00,"28903.7,28905.5,28891.2,28898.5"
2026-05-19T15:29:00.000+07:00,"28898.2,28904.4,28889.9,28894.9"
2026-05-19T15:30:00.000+07:00,"28895.2,28903.4,28885.5,28895.2"
2026-05-19T15:31:00.000+07:00,"28895.5,28906.1,28895.5,28906.1"
2026-05-19T15:32:00.000+07:00,"28906,28906.3,28893.6,28899.1"
2026-05-19T15:33:00.000+07:00,"28898.9,28913.5,28898.6,28911.7"
2026-05-19T15:34:00.000+07:00,"28911.8,28912.7,28901.7,28904.4"
2026-05-19T15:35:00.000+07:00,"28904.3,28913.5,28902.8,28909.1"
2026-05-19T15:36:00.000+07:00,"28909.7,28912.5,28898.9,28902.5"
2026-05-19T15:37:00.000+07:00,"28902.7,28905.5,28893.4,28897"
2026-05-19T15:38:00.000+07:00,"28896.7,28904.9,28891,28900.9"
2026-05-19T15:39:00.000+07:00,"28900.2,28915.2,28900.2,28910"
2026-05-19T15:40:00.000+07:00,"28911,28917.5,28908.9,28915.3"
2026-05-19T15:41:00.000+07:00,"28915.9,28920.4,28913.3,28918.2"
2026-05-19T15:42:00.000+07:00,"28918,28925.3,28918,28921.8"
2026-05-19T15:43:00.000+07:00,"28921.9,28923,28912,28912.9"
2026-05-19T15:44:00.000+07:00,"28912.8,28920.3,28909.2,28916"
2026-05-19T15:45:00.000+07:00,"28915.9,28922.1,28915.2,28918.7"
2026-05-19T15:46:00.000+07:00,"28918.6,28924.7,28917,28924.4"
2026-05-19T15:47:00.000+07:00,"28924.6,28934.8,28923.5,28929.9"
2026-05-19T15:48:00.000+07:00,"28930,28932.6,28917.1,28923.2"
2026-05-19T15:49:00.000+07:00,"28923.3,28930.6,28922.9,28928.9"
2026-05-19T15:50:00.000+07:00,"28928.8,28931.3,28926.2,28929.3"
2026-05-19T15:51:00.000+07:00,"28929.4,28937.9,28929.1,28935.2"
2026-05-19T15:52:00.000+07:00,"28935.3,28935.9,28920.2,28922.2"
2026-05-19T15:53:00.000+07:00,"28922.4,28928.8,28911.2,28917.4"
2026-05-19T15:54:00.000+07:00,"28917.5,28920.5,28911.8,28911.8"
2026-05-19T15:55:00.000+07:00,"28911.1,28922.6,28908.8,28921"
2026-05-19T15:56:00.000+07:00,"28921.1,28925.3,28918.6,28923.3"
2026-05-19T15:57:00.000+07:00,"28923.5,28926.8,28921.5,28925.2"
2026-05-19T15:58:00.000+07:00,"28925,28925,28917.6,28921.1"
2026-05-19T15:59:00.000+07:00,"28921.6,28921.9,28905.7,28908.7"
2026-05-19T16:00:00.000+07:00,"28908.6,28908.8,28896.4,28903.3"
2026-05-19T16:01:00.000+07:00,"28904.1,28904.1,28896.1,28901.4"
2026-05-19T16:02:00.000+07:00,"28900.5,28903.6,28886.7,28886.8"
2026-05-19T16:03:00.000+07:00,"28886.4,28894.8,28883.2,28894.3"
2026-05-19T16:04:00.000+07:00,"28894.4,28900.9,28890.4,28898.2"
2026-05-19T16:05:00.000+07:00,"28898.1,28899.6,28888.6,28890.8"
2026-05-19T16:06:00.000+07:00,"28890.7,28897,28885.7,28888.4"
2026-05-19T16:07:00.000+07:00,"28888.3,28896.9,28883.7,28895.4"
2026-05-19T16:08:00.000+07:00,"28895.3,28898.1,28890.1,28894.2"
2026-05-19T16:09:00.000+07:00,"28894.7,28901.1,28893.5,28893.5"
2026-05-19T16:10:00.000+07:00,"28893.4,28895.8,28884.7,28891.6"
2026-05-19T16:11:00.000+07:00,"28892.2,28898.3,28891.9,28894.5"
2026-05-19T16:12:00.000+07:00,"28894.7,28897.9,28892.7,28892.7"
2026-05-19T16:13:00.000+07:00,"28891.9,28891.9,28873.4,28879.2"
2026-05-19T16:14:00.000+07:00,"28879.1,28884.2,28876.3,28876.3"
2026-05-19T16:15:00.000+07:00,"28876.7,28878.3,28862.9,28863.6"
2026-05-19T16:16:00.000+07:00,"28863.9,28866.7,28849.1,28850.3"
2026-05-19T16:17:00.000+07:00,"28850.7,28850.7,28831.7,28850.3"
2026-05-19T16:18:00.000+07:00,"28851.3,28853.4,28839,28841.1"
2026-05-19T16:19:00.000+07:00,"28842,28846.9,28834.6,28842.7"
2026-05-19T16:20:00.000+07:00,"28842.4,28856.2,28836.8,28851.8"
2026-05-19T16:21:00.000+07:00,"28851.7,28856.7,28837.1,28838.7"
2026-05-19T16:22:00.000+07:00,"28838.9,28842.7,28834.5,28837.2"
2026-05-19T16:23:00.000+07:00,"28837.3,28847.1,28836.8,28842.6"
2026-05-19T16:24:00.000+07:00,"28844.1,28851.5,28843.1,28847.5"
2026-05-19T16:25:00.000+07:00,"28847.6,28848.4,28818,28820.7"
2026-05-19T16:26:00.000+07:00,"28820.9,28822.7,28806.1,28820.6"
2026-05-19T16:27:00.000+07:00,"28820.7,28821.7,28811.6,28815.8"
2026-05-19T16:28:00.000+07:00,"28815.9,28816,28808.5,28809.4"
2026-05-19T16:29:00.000+07:00,"28809.5,28809.9,28793.9,28805.7"
2026-05-19T16:30:00.000+07:00,"28805.8,28821.2,28797.7,28817.1"
2026-05-19T16:31:00.000+07:00,"28817.2,28817.6,28772.2,28772.8"
2026-05-19T16:32:00.000+07:00,"28772.6,28772.9,28755.2,28762.6"
2026-05-19T16:33:00.000+07:00,"28762.7,28781.6,28752.1,28780.9"
2026-05-19T16:34:00.000+07:00,"28780.6,28782.7,28761.9,28765.3"
2026-05-19T16:35:00.000+07:00,"28765.6,28781.7,28762.4,28777.5"
2026-05-19T16:36:00.000+07:00,"28777.8,28789.7,28776.1,28777.3"
2026-05-19T16:37:00.000+07:00,"28777,28784.8,28770,28773.4"
2026-05-19T16:38:00.000+07:00,"28772.8,28778.3,28770.2,28776.4"
2026-05-19T16:39:00.000+07:00,"28776.3,28785.8,28775.8,28780.8"
2026-05-19T16:40:00.000+07:00,"28780.3,28781.2,28761.2,28771.6"
2026-05-19T16:41:00.000+07:00,"28771.8,28779.8,28751.4,28754.4"
2026-05-19T16:42:00.000+07:00,"28750.1,28763.4,28745.6,28758.6"
2026-05-19T16:43:00.000+07:00,"28757.3,28761.3,28746,28753.5"
2026-05-19T16:44:00.000+07:00,"28754.5,28757.8,28743.6,28745.3"
2026-05-19T16:45:00.000+07:00,"28745.1,28764.7,28742.9,28752.5"
2026-05-19T16:46:00.000+07:00,"28752.6,28760.3,28748.5,28756.6"
2026-05-19T16:47:00.000+07:00,"28756.7,28769.3,28755,28769.1"
2026-05-19T16:48:00.000+07:00,"28769.2,28779.1,28760,28778.5"
2026-05-19T16:49:00.000+07:00,"28778,28779.4,28766.9,28775.1"
2026-05-19T16:50:00.000+07:00,"28775.3,28780.7,28773.9,28778.8"
2026-05-19T16:51:00.000+07:00,"28779.7,28789.9,28776.2,28788.8"
2026-05-19T16:52:00.000+07:00,"28789,28794.5,28783.3,28787.7"
2026-05-19T16:53:00.000+07:00,"28787.5,28796.4,28784.7,28793.7"
2026-05-19T16:54:00.000+07:00,"28794,28794.9,28784.2,28793.6"
2026-05-19T16:55:00.000+07:00,"28793.7,28799.1,28789.8,28796.9"
2026-05-19T16:56:00.000+07:00,"28797,28807.7,28791.6,28805"
2026-05-19T16:57:00.000+07:00,"28805.2,28820.1,28804.8,28817.8"
2026-05-19T16:58:00.000+07:00,"28817.4,28830.7,28814.4,28828.3"
2026-05-19T16:59:00.000+07:00,"28828.4,28831.4,28813.5,28816.3"
2026-05-19T17:00:00.000+07:00,"28816,28824.3,28810.7,28817.8"
2026-05-19T17:01:00.000+07:00,"28817.5,28821.7,28815,28819.1"
2026-05-19T17:02:00.000+07:00,"28818.5,28821.4,28809.5,28809.7"
2026-05-19T17:03:00.000+07:00,"28810.1,28814.7,28806.8,28814"
2026-05-19T17:04:00.000+07:00,"28813.5,28816.2,28804.9,28806.4"
2026-05-19T17:05:00.000+07:00,"28806.1,28812.7,28801.4,28806.3"
2026-05-19T17:06:00.000+07:00,"28807.3,28813.2,28805.7,28810.2"
2026-05-19T17:07:00.000+07:00,"28810.5,28819.4,28810.5,28818.1"
2026-05-19T17:08:00.000+07:00,"28817.6,28817.7,28802.8,28803.7"
2026-05-19T17:09:00.000+07:00,"28803.6,28806.9,28796.8,28797.5"
2026-05-19T17:10:00.000+07:00,"28797.6,28800.6,28793.8,28794.6"
2026-05-19T17:11:00.000+07:00,"28794.9,28800.8,28784.8,28785.2"
2026-05-19T17:12:00.000+07:00,"28785.3,28799.7,28778.7,28793.7"
2026-05-19T17:13:00.000+07:00,"28793.9,28804.5,28793.9,28801.4"
2026-05-19T17:14:00.000+07:00,"28800.5,28810.5,28798.8,28808.7"
2026-05-19T17:15:00.000+07:00,"28808.8,28809.5,28804.3,28806.1"
2026-05-19T17:16:00.000+07:00,"28805.7,28808,28798.3,28799.3"
2026-05-19T17:17:00.000+07:00,"28798.8,28807.7,28796.4,28805.8"
2026-05-19T17:18:00.000+07:00,"28805.9,28808.9,28800.4,28801"
2026-05-19T17:19:00.000+07:00,"28800.9,28804.4,28799.2,28804.1"
2026-05-19T17:20:00.000+07:00,"28804,28807.3,28788.4,28790.2"
2026-05-19T17:21:00.000+07:00,"28789.9,28799.1,28788.3,28797.6"
2026-05-19T17:22:00.000+07:00,"28797.7,28803,28792.6,28797.3"
2026-05-19T17:23:00.000+07:00,"28797.4,28812.2,28797.2,28811.7"
2026-05-19T17:24:00.000+07:00,"28811.8,28813.3,28807.5,28811.7"
2026-05-19T17:25:00.000+07:00,"28811.6,28814.9,28805.7,28807.4"
2026-05-19T17:26:00.000+07:00,"28807.2,28809.8,28799.5,28799.9"
2026-05-19T17:27:00.000+07:00,"28800.5,28803.5,28798.5,28799.2"
2026-05-19T17:28:00.000+07:00,"28799,28807.6,28796.2,28804.5"
2026-05-19T17:29:00.000+07:00,"28811.9,28812.8,28802,28806"
2026-05-19T17:30:00.000+07:00,"28805.9,28815.3,28804,28806.3"
2026-05-19T17:31:00.000+07:00,"28806.2,28810.9,28801.6,28810.2"
2026-05-19T17:32:00.000+07:00,"28809.7,28819,28808,28818.8"
2026-05-19T17:33:00.000+07:00,"28818.9,28825.7,28818.9,28822.8"
2026-05-19T17:34:00.000+07:00,"28827.3,28834.8,28822.2,28827.3"
2026-05-19T17:35:00.000+07:00,"28826.6,28827.6,28809.6,28815.3"
2026-05-19T17:36:00.000+07:00,"28815.6,28816.8,28805.2,28813.3"
2026-05-19T17:37:00.000+07:00,"28813.7,28822.8,28813.6,28814.4"
2026-05-19T17:38:00.000+07:00,"28814.5,28815.6,28757.3,28763.4"
2026-05-19T17:39:00.000+07:00,"28763.8,28789.1,28758,28785.2"
2026-05-19T17:40:00.000+07:00,"28785.8,28786.8,28777.6,28784.7"
2026-05-19T17:41:00.000+07:00,"28784.9,28788.1,28778.3,28780.7"
2026-05-19T17:42:00.000+07:00,"28780.8,28783.5,28762.6,28766.1"
2026-05-19T17:43:00.000+07:00,"28766,28774,28747.5,28747.5"
2026-05-19T17:44:00.000+07:00,"28747.7,28757.7,28744,28757.2"
2026-05-19T17:45:00.000+07:00,"28756.8,28768.3,28750.5,28768"
2026-05-19T17:46:00.000+07:00,"28768.1,28768.3,28743.6,28756.6"
2026-05-19T17:47:00.000+07:00,"28756.2,28789.3,28752.9,28787.2"
2026-05-19T17:48:00.000+07:00,"28787.3,28798.9,28785,28792.6"
2026-05-19T17:49:00.000+07:00,"28792.5,28792.8,28779.1,28783"
2026-05-19T17:50:00.000+07:00,"28783.2,28806.6,28780.2,28801.2"
2026-05-19T17:51:00.000+07:00,"28800.2,28806,28797.2,28803.1"
2026-05-19T17:52:00.000+07:00,"28802.3,28812.6,28790.5,28791.6"
2026-05-19T17:53:00.000+07:00,"28791.5,28802,28787.7,28797"
2026-05-19T17:54:00.000+07:00,"28796.9,28799,28792,28794.5"
2026-05-19T17:55:00.000+07:00,"28795,28827.4,28794.4,28816.3"
2026-05-19T17:56:00.000+07:00,"28816.7,28821.4,28809.7,28814.4"
2026-05-19T17:57:00.000+07:00,"28814.2,28831.9,28812.6,28824.4"
2026-05-19T17:58:00.000+07:00,"28824.6,28830.4,28813.8,28817.6"
2026-05-19T17:59:00.000+07:00,"28817.7,28826.5,28816.7,28825.6"
2026-05-19T18:00:00.000+07:00,"28825.8,28837.4,28823.3,28831.8"
2026-05-19T18:01:00.000+07:00,"28832,28840.1,28829.2,28829.9"
2026-05-19T18:02:00.000+07:00,"28835.6,28848.1,28835.6,28847"
2026-05-19T18:03:00.000+07:00,"28846.8,28852.4,28836.4,28838.2"
2026-05-19T18:04:00.000+07:00,"28838.1,28842.9,28834,28840"
2026-05-19T18:05:00.000+07:00,"28840.1,28841.7,28826.5,28829.1"
2026-05-19T18:06:00.000+07:00,"28828.9,28832.8,28819.3,28822.4"
2026-05-19T18:07:00.000+07:00,"28823.2,28832.8,28819.6,28832.1"
2026-05-19T18:08:00.000+07:00,"28832.3,28835.4,28829,28833.5"
2026-05-19T18:09:00.000+07:00,"28833.6,28840.5,28830.4,28840.4"
2026-05-19T18:10:00.000+07:00,"28840.6,28840.9,28813.8,28824.2"
2026-05-19T18:11:00.000+07:00,"28824.1,28828.2,28819.6,28825.4"
2026-05-19T18:12:00.000+07:00,"28825.7,28828.7,28817.8,28821"
2026-05-19T18:13:00.000+07:00,"28818.6,28830.8,28818.6,28824.9"
2026-05-19T18:14:00.000+07:00,"28825.2,28830.5,28813.8,28816.1"
2026-05-19T18:15:00.000+07:00,"28816.2,28816.2,28800.4,28805.3"
2026-05-19T18:16:00.000+07:00,"28805.2,28815.7,28803.5,28809.6"
2026-05-19T18:17:00.000+07:00,"28809.7,28823.3,28809.7,28822.9"
2026-05-19T18:18:00.000+07:00,"28823.2,28830,28817.2,28829.7"
2026-05-19T18:19:00.000+07:00,"28830,28833.4,28826.5,28831.8"
2026-05-19T18:20:00.000+07:00,"28832.3,28832.6,28809.8,28821.6"
2026-05-19T18:21:00.000+07:00,"28821.7,28822,28813,28814.4"
2026-05-19T18:22:00.000+07:00,"28814.7,28819.8,28807.4,28810.6"
2026-05-19T18:23:00.000+07:00,"28810.4,28817.2,28807.4,28813.9"
2026-05-19T18:24:00.000+07:00,"28813.8,28817.1,28807.4,28810.9"
2026-05-19T18:25:00.000+07:00,"28811,28819,28807.3,28808.9"
2026-05-19T18:26:00.000+07:00,"28808.8,28810.9,28800,28800.2"
2026-05-19T18:27:00.000+07:00,"28799.7,28805.3,28797.9,28802.6"
2026-05-19T18:28:00.000+07:00,"28802.9,28805.2,28797.3,28802.6"
2026-05-19T18:29:00.000+07:00,"28802.4,28817.1,28802.1,28815.8"
2026-05-19T18:30:00.000+07:00,"28815.9,28832.4,28815.6,28829.7"
2026-05-19T18:31:00.000+07:00,"28829.4,28834.8,28828.5,28833"
2026-05-19T18:32:00.000+07:00,"28832.3,28843.9,28831.2,28839.5"
2026-05-19T18:33:00.000+07:00,"28838.7,28839.2,28831.3,28832.4"
2026-05-19T18:34:00.000+07:00,"28832.5,28834.5,28826.1,28829.4"
2026-05-19T18:35:00.000+07:00,"28829.5,28835.8,28822.3,28829.8"
2026-05-19T18:36:00.000+07:00,"28830,28832.3,28818.3,28823.5"
2026-05-19T18:37:00.000+07:00,"28823.6,28826.2,28811.2,28819.9"
2026-05-19T18:38:00.000+07:00,"28819.7,28826.2,28816,28818.4"
2026-05-19T18:39:00.000+07:00,"28818.3,28818.4,28809.2,28809.3"
2026-05-19T18:40:00.000+07:00,"28809.2,28814.8,28796.6,28797.3"
2026-05-19T18:41:00.000+07:00,"28797.1,28809.3,28796.6,28808.9"
2026-05-19T18:42:00.000+07:00,"28808.7,28812.2,28800.5,28802.7"
2026-05-19T18:43:00.000+07:00,"28802.6,28804.8,28793.7,28799.7"
2026-05-19T18:44:00.000+07:00,"28799.5,28808.6,28798.5,28800.5"
2026-05-19T18:45:00.000+07:00,"28800.3,28802.2,28794,28796"
2026-05-19T18:46:00.000+07:00,"28796.1,28798.2,28784.9,28789"
2026-05-19T18:47:00.000+07:00,"28789.8,28790.4,28783.3,28787.3"
2026-05-19T18:48:00.000+07:00,"28787.4,28791.6,28783.7,28790.2"
2026-05-19T18:49:00.000+07:00,"28790.3,28798.2,28785.9,28792.8"
2026-05-19T18:50:00.000+07:00,"28793.1,28795.1,28777.2,28780.7"
2026-05-19T18:51:00.000+07:00,"28780.8,28791.2,28777.7,28786.5"
2026-05-19T18:52:00.000+07:00,"28786.6,28798.4,28783.2,28794.6"
2026-05-19T18:53:00.000+07:00,"28794.7,28799,28785,28787.1"
2026-05-19T18:54:00.000+07:00,"28787.3,28788.9,28780.7,28783.8"
2026-05-19T18:55:00.000+07:00,"28783.9,28784.8,28766.4,28773.6"
2026-05-19T18:56:00.000+07:00,"28773.5,28777.4,28767.9,28774.9"
2026-05-19T18:57:00.000+07:00,"28775,28775.8,28770.9,28773.9"
2026-05-19T18:58:00.000+07:00,"28773.3,28778,28770.7,28771"
2026-05-19T18:59:00.000+07:00,"28770.9,28770.9,28757.5,28757.5"
2026-05-19T19:00:00.000+07:00,"28757.3,28764.6,28750.6,28752.2"
2026-05-19T19:01:00.000+07:00,"28752.1,28753.9,28734.5,28752"
2026-05-19T19:02:00.000+07:00,"28751.9,28769.8,28749.8,28764.8"
2026-05-19T19:03:00.000+07:00,"28764.9,28780.6,28763.3,28766.3"
2026-05-19T19:04:00.000+07:00,"28766.2,28770.2,28763.6,28767.9"
2026-05-19T19:05:00.000+07:00,"28767.8,28777.2,28764,28768.6"
2026-05-19T19:06:00.000+07:00,"28768.5,28773.5,28757.2,28759.7"
2026-05-19T19:07:00.000+07:00,"28759.1,28768.9,28757.5,28766.7"
2026-05-19T19:08:00.000+07:00,"28766.6,28777,28763,28776.5"
2026-05-19T19:09:00.000+07:00,"28776.4,28776.4,28760.8,28769.5"
2026-05-19T19:10:00.000+07:00,"28768.6,28781.6,28768.1,28779.4"
2026-05-19T19:11:00.000+07:00,"28780.6,28788,28775.1,28787"
2026-05-19T19:12:00.000+07:00,"28787.2,28793.1,28782,28783.2"
2026-05-19T19:13:00.000+07:00,"28783.3,28786.7,28778.1,28781.8"
2026-05-19T19:14:00.000+07:00,"28781.9,28787.7,28779.8,28783"
2026-05-19T19:15:00.000+07:00,"28783.7,28788.4,28777.9,28783.2"
2026-05-19T19:16:00.000+07:00,"28783.3,28784,28769.8,28774.8"
2026-05-19T19:17:00.000+07:00,"28774.6,28779.5,28768.6,28772.6"
2026-05-19T19:18:00.000+07:00,"28772.4,28774.2,28755.9,28756.4"
2026-05-19T19:19:00.000+07:00,"28756.5,28770.4,28755.2,28769.9"
2026-05-19T19:20:00.000+07:00,"28770.1,28775.1,28765.5,28773.1"
2026-05-19T19:21:00.000+07:00,"28772.4,28780.8,28762.6,28764.9"
2026-05-19T19:22:00.000+07:00,"28764.7,28765.3,28759.5,28764.8"
2026-05-19T19:23:00.000+07:00,"28764.6,28775.6,28758.7,28766"
2026-05-19T19:24:00.000+07:00,"28766.1,28777,28766.1,28776.2"
2026-05-19T19:25:00.000+07:00,"28777,28778.1,28760.1,28763"
2026-05-19T19:26:00.000+07:00,"28762.9,28763.3,28746.5,28756.4"
2026-05-19T19:27:00.000+07:00,"28756.6,28757.8,28748.2,28755.9"
2026-05-19T19:28:00.000+07:00,"28756.4,28766.9,28755.6,28766.7"
2026-05-19T19:29:00.000+07:00,"28766.3,28773,28765.8,28767.2"
2026-05-19T19:30:00.000+07:00,"28767.3,28780,28765.4,28770.3"
2026-05-19T19:31:00.000+07:00,"28770.4,28781,28762.3,28780.3"
2026-05-19T19:32:00.000+07:00,"28780.4,28794.2,28780.3,28791.5"
2026-05-19T19:33:00.000+07:00,"28791.4,28797.1,28785.6,28787.4"
2026-05-19T19:34:00.000+07:00,"28787.6,28796.1,28786.4,28795.7"
2026-05-19T19:35:00.000+07:00,"28795.6,28814.2,28794.7,28809.1"
2026-05-19T19:36:00.000+07:00,"28809.7,28832.3,28807,28831.7"
2026-05-19T19:37:00.000+07:00,"28832.1,28841.3,28825.5,28826.4"
2026-05-19T19:38:00.000+07:00,"28826.5,28835.2,28825.9,28829.1"
2026-05-19T19:39:00.000+07:00,"28829.4,28832.2,28822.4,28824"
2026-05-19T19:40:00.000+07:00,"28823.9,28828.6,28817.4,28819.7"
2026-05-19T19:41:00.000+07:00,"28819.5,28837.2,28815.4,28831.7"
2026-05-19T19:42:00.000+07:00,"28831.8,28838,28817.5,28818.2"
2026-05-19T19:43:00.000+07:00,"28818.1,28823.9,28811.5,28812.7"
2026-05-19T19:44:00.000+07:00,"28812.5,28820.9,28810.7,28819.4"
2026-05-19T19:45:00.000+07:00,"28819.5,28831.2,28817.3,28820.4"
2026-05-19T19:46:00.000+07:00,"28820.1,28821.7,28813.9,28814.1"
2026-05-19T19:47:00.000+07:00,"28814.2,28830.8,28811.6,28828.5"
2026-05-19T19:48:00.000+07:00,"28828.6,28837.6,28825.4,28834.5"
2026-05-19T19:49:00.000+07:00,"28833.8,28837.9,28827.4,28837.5"
2026-05-19T19:50:00.000+07:00,"28837.4,28839.4,28829.4,28833"
2026-05-19T19:51:00.000+07:00,"28832.5,28833.3,28823.9,28824.9"
2026-05-19T19:52:00.000+07:00,"28825.3,28833.6,28825.3,28829.4"
2026-05-19T19:53:00.000+07:00,"28829.8,28837.8,28828.9,28830.2"
2026-05-19T19:54:00.000+07:00,"28830.1,28831.3,28824.3,28830"
2026-05-19T19:55:00.000+07:00,"28829.9,28836.4,28824.1,28824.3"
2026-05-19T19:56:00.000+07:00,"28823.9,28828,28814.4,28822"
2026-05-19T19:57:00.000+07:00,"28822.1,28825.7,28816.5,28816.9"
2026-05-19T19:58:00.000+07:00,"28816.7,28822.8,28815.4,28822.1"
2026-05-19T19:59:00.000+07:00,"28822,28822,28811.2,28816.2"
2026-05-19T20:00:00.000+07:00,"28815.9,28828.2,28803.4,28808.3"
2026-05-19T20:01:00.000+07:00,"28808.2,28820.6,28807.6,28819.7"
2026-05-19T20:02:00.000+07:00,"28820,28826.9,28818.6,28825.4"
2026-05-19T20:03:00.000+07:00,"28825.5,28826.5,28819.1,28819.1"
2026-05-19T20:04:00.000+07:00,"28818.3,28821.7,28805.6,28807.3"
2026-05-19T20:05:00.000+07:00,"28807,28810.5,28791.6,28794.7"
2026-05-19T20:06:00.000+07:00,"28794.6,28801.2,28775.7,28788.2"
2026-05-19T20:07:00.000+07:00,"28787.6,28789.8,28742.7,28756"
2026-05-19T20:08:00.000+07:00,"28755.8,28755.8,28740.2,28745.7"
2026-05-19T20:09:00.000+07:00,"28746,28764.2,28737.2,28760.7"
2026-05-19T20:10:00.000+07:00,"28759.7,28768.9,28747.5,28761.8"
2026-05-19T20:11:00.000+07:00,"28761.5,28765.2,28744.2,28745.5"
2026-05-19T20:12:00.000+07:00,"28745.6,28773.9,28744.9,28771.8"
2026-05-19T20:13:00.000+07:00,"28771.1,28778,28769.1,28771"
2026-05-19T20:14:00.000+07:00,"28770.9,28778.8,28770.5,28777.4"
2026-05-19T20:15:00.000+07:00,"28776.6,28783.3,28762.7,28764.6"
2026-05-19T20:16:00.000+07:00,"28764.5,28767.5,28754.8,28759.6"
2026-05-19T20:17:00.000+07:00,"28759.7,28767.4,28758.6,28761.2"
2026-05-19T20:18:00.000+07:00,"28761.5,28764.1,28752.4,28760.2"
2026-05-19T20:19:00.000+07:00,"28759.9,28761,28744.7,28744.8"
2026-05-19T20:20:00.000+07:00,"28745,28752.1,28716.5,28717.2"
2026-05-19T20:21:00.000+07:00,"28717,28756.3,28707.8,28749.3"
2026-05-19T20:22:00.000+07:00,"28749.5,28752.8,28738.2,28749.5"
2026-05-19T20:23:00.000+07:00,"28749.3,28760.1,28744.2,28752.2"
2026-05-19T20:24:00.000+07:00,"28752.6,28754.9,28735,28739.7"
2026-05-19T20:25:00.000+07:00,"28740,28740,28724.6,28726.4"
2026-05-19T20:26:00.000+07:00,"28726.3,28731.9,28715.7,28722.3"
2026-05-19T20:27:00.000+07:00,"28721.5,28727.3,28705.3,28708.7"
2026-05-19T20:28:00.000+07:00,"28708.8,28735.3,28708,28734.5"
2026-05-19T20:29:00.000+07:00,"28733.7,28754.5,28728.3,28749.1"
2026-05-19T20:30:00.000+07:00,"28751.4,28845.6,28751.4,28813.5"
2026-05-19T20:31:00.000+07:00,"28813.7,28861.5,28803.5,28841.9"
2026-05-19T20:32:00.000+07:00,"28840.4,28883.3,28834.3,28873"
2026-05-19T20:33:00.000+07:00,"28873.8,28901.8,28867.5,28878.9"
2026-05-19T20:34:00.000+07:00,"28879.1,28887.9,28856.2,28860.4"
2026-05-19T20:35:00.000+07:00,"28860.2,28878.1,28841.6,28870.9"
2026-05-19T20:36:00.000+07:00,"28918.2,28951.4,28912,28951.4"
2026-05-19T20:37:00.000+07:00,"28951.6,28970.3,28945.2,28949.4"
2026-05-19T20:38:00.000+07:00,"28949.1,28957,28920.1,28953.2"
2026-05-19T20:39:00.000+07:00,"28952.9,28957.3,28926.5,28942"
2026-05-19T20:40:00.000+07:00,"28939.9,28946,28883.6,28886.8"
2026-05-19T20:41:00.000+07:00,"28888.7,28888.7,28832.2,28852.5"
2026-05-19T20:42:00.000+07:00,"28852.2,28868.7,28837.6,28838.3"
2026-05-19T20:43:00.000+07:00,"28826.8,28855.3,28825.6,28845.4"
2026-05-19T20:44:00.000+07:00,"28845.5,28853.6,28811.9,28814.2"
2026-05-19T20:45:00.000+07:00,"28813.7,28840.4,28806.4,28820.7"
2026-05-19T20:46:00.000+07:00,"28820.4,28828.4,28774.3,28776.3"
2026-05-19T20:47:00.000+07:00,"28776.1,28872.9,28772.4,28851.7"
2026-05-19T20:48:00.000+07:00,"28851.4,28876.8,28844.2,28866.8"
2026-05-19T20:49:00.000+07:00,"28866.2,28909.4,28847.8,28847.8"
2026-05-19T20:50:00.000+07:00,"28848,28864,28818.7,28838"
2026-05-19T20:51:00.000+07:00,"28837,28872.4,28826.5,28869.8"
2026-05-19T20:52:00.000+07:00,"28869.6,28886.5,28849,28868.1"
2026-05-19T20:53:00.000+07:00,"28867.8,28877.3,28852.6,28863.4"
2026-05-19T20:54:00.000+07:00,"28863.6,28913,28858.2,28900.2"
2026-05-19T20:55:00.000+07:00,"28900,28929.4,28876.3,28881.5"
2026-05-19T20:56:00.000+07:00,"28881.6,28884.3,28827.7,28842.3"
2026-05-19T20:57:00.000+07:00,"28843.1,28864,28834.3,28856.2"
2026-05-19T20:58:00.000+07:00,"28856.6,28861,28823,28846.7"
2026-05-19T20:59:00.000+07:00,"28845.4,28862.6,28830.2,28839.2"
2026-05-19T21:00:00.000+07:00,"28840.6,28846.5,28802.9,28820"
2026-05-19T21:01:00.000+07:00,"28819.7,28830.9,28796.4,28816.2"
2026-05-19T21:02:00.000+07:00,"28816.1,28830,28774.8,28778.1"
2026-05-19T21:03:00.000+07:00,"28777.9,28798.6,28773,28787.5"
2026-05-19T21:04:00.000+07:00,"28786.8,28829.6,28770.6,28817"
2026-05-19T21:05:00.000+07:00,"28816.9,28828.7,28738.3,28738.9"
2026-05-19T21:06:00.000+07:00,"28739.6,28771.9,28723.7,28736.1"
2026-05-19T21:07:00.000+07:00,"28736.3,28744.9,28672.2,28687.2"
2026-05-19T21:08:00.000+07:00,"28687.3,28697.7,28673.9,28682.8"
2026-05-19T21:09:00.000+07:00,"28683.6,28707.8,28677.7,28696.4"
2026-05-19T21:10:00.000+07:00,"28698.8,28722.2,28676.8,28719.9"
2026-05-19T21:11:00.000+07:00,"28720.9,28734.9,28669.7,28715.1"
2026-05-19T21:12:00.000+07:00,"28714.8,28720.2,28692.3,28712.8"
2026-05-19T21:13:00.000+07:00,"28710.6,28719.2,28673.5,28678.8"
2026-05-19T21:14:00.000+07:00,"28679,28680,28636.6,28642.1"
2026-05-19T21:15:00.000+07:00,"28642.6,28652.7,28622.1,28629"
2026-05-19T21:16:00.000+07:00,"28629.2,28641.4,28616,28626.6"
2026-05-19T21:17:00.000+07:00,"28626.3,28633.7,28604.8,28612.8"
2026-05-19T21:18:00.000+07:00,"28612.6,28640.2,28597.4,28634.5"
2026-05-19T21:19:00.000+07:00,"28634.3,28645.7,28602.6,28615.3"
2026-05-19T21:20:00.000+07:00,"28613.2,28623.3,28583.1,28596.1"
2026-05-19T21:21:00.000+07:00,"28596.4,28603.7,28567,28569.8"
2026-05-19T21:22:00.000+07:00,"28569.7,28590.1,28566.9,28586.1"
2026-05-19T21:23:00.000+07:00,"28586,28619.6,28580,28604.6"
2026-05-19T21:24:00.000+07:00,"28612.1,28632.5,28607.5,28631.1"
2026-05-19T21:25:00.000+07:00,"28631.7,28637.2,28593.5,28603.4"
2026-05-19T21:26:00.000+07:00,"28603.5,28634,28601.8,28623.6"
2026-05-19T21:27:00.000+07:00,"28623.7,28646.3,28613.1,28642.6"
2026-05-19T21:28:00.000+07:00,"28642.4,28658.2,28610.9,28615.9"
2026-05-19T21:29:00.000+07:00,"28614.9,28628.8,28607,28615.9"
2026-05-19T21:30:00.000+07:00,"28615.8,28641.8,28588.1,28641.1"
2026-05-19T21:31:00.000+07:00,"28641.3,28668.4,28627.8,28661.9"
2026-05-19T21:32:00.000+07:00,"28662.2,28668.6,28632.4,28644.1"
2026-05-19T21:33:00.000+07:00,"28642.8,28642.8,28622.6,28639.2"
2026-05-19T21:34:00.000+07:00,"28639.1,28643.8,28603.4,28605.9"
2026-05-19T21:35:00.000+07:00,"28605.8,28621,28604.6,28616.4"
2026-05-19T21:36:00.000+07:00,"28616.2,28647.6,28612.1,28640.4"
2026-05-19T21:37:00.000+07:00,"28640.8,28654.5,28633,28651.9"
2026-05-19T21:38:00.000+07:00,"28652.7,28671,28644.1,28668.2"
2026-05-19T21:39:00.000+07:00,"28668.6,28675.2,28655,28667.3"
2026-05-19T21:40:00.000+07:00,"28666.6,28686.2,28630,28675.2"
2026-05-19T21:41:00.000+07:00,"28673.2,28694.6,28666.1,28686.7"
2026-05-19T21:42:00.000+07:00,"28685.7,28705.9,28680.9,28692.5"
2026-05-19T21:43:00.000+07:00,"28692.4,28701.1,28658.8,28661.7"
2026-05-19T21:44:00.000+07:00,"28661.6,28671,28644.7,28650.5"
2026-05-19T21:45:00.000+07:00,"28650.4,28665.6,28622.5,28626.4"
2026-05-19T21:46:00.000+07:00,"28625.9,28633.2,28611.5,28616.1"
2026-05-19T21:47:00.000+07:00,"28616.2,28617.2,28588.9,28597"
2026-05-19T21:48:00.000+07:00,"28597.2,28610.3,28582.4,28609.2"
2026-05-19T21:49:00.000+07:00,"28609.1,28625.4,28597.5,28615"
2026-05-19T21:50:00.000+07:00,"28615.1,28629.3,28600.6,28621.8"
2026-05-19T21:51:00.000+07:00,"28621.1,28645.3,28605.8,28630.7"
2026-05-19T21:52:00.000+07:00,"28631.7,28662.5,28624.3,28653.2"
2026-05-19T21:53:00.000+07:00,"28652.7,28665.8,28644.1,28652.1"
2026-05-19T21:54:00.000+07:00,"28652.2,28668.1,28644.6,28646.7"
2026-05-19T21:55:00.000+07:00,"28646.5,28663.2,28637.5,28649"
2026-05-19T21:56:00.000+07:00,"28648.6,28672.5,28640.7,28672"
2026-05-19T21:57:00.000+07:00,"28671.8,28709.2,28664.8,28700.1"
2026-05-19T21:58:00.000+07:00,"28700.2,28710.9,28685.9,28697.2"
2026-05-19T21:59:00.000+07:00,"28697,28709.6,28684.8,28709.4"
2026-05-19T22:00:00.000+07:00,"28708.4,28713,28698.1,28711.2"
2026-05-19T22:01:00.000+07:00,"28711,28732.4,28688,28690.8"
2026-05-19T22:02:00.000+07:00,"28690.6,28731,28684.6,28719.5"
2026-05-19T22:03:00.000+07:00,"28719.3,28730.9,28712.3,28722"
2026-05-19T22:04:00.000+07:00,"28720.6,28735.7,28716.6,28717"
2026-05-19T22:05:00.000+07:00,"28717.1,28723.1,28695.5,28696.3"
2026-05-19T22:06:00.000+07:00,"28689.4,28709.6,28680.6,28705.2"
2026-05-19T22:07:00.000+07:00,"28705.5,28706.7,28663.1,28673"
2026-05-19T22:08:00.000+07:00,"28671.8,28686.9,28660.9,28664.5"
2026-05-19T22:09:00.000+07:00,"28664.1,28699,28659.1,28698.1"
2026-05-19T22:10:00.000+07:00,"28697.8,28728.9,28697.2,28724"
2026-05-19T22:11:00.000+07:00,"28723.4,28738.9,28714.9,28719.6"
2026-05-19T22:12:00.000+07:00,"28721.3,28732.3,28705.6,28710.6"
2026-05-19T22:13:00.000+07:00,"28711.5,28727.9,28709.9,28719.6"
2026-05-19T22:14:00.000+07:00,"28718.7,28733.1,28713.5,28730.8"
2026-05-19T22:15:00.000+07:00,"28731.6,28752.6,28731.6,28746.8"
2026-05-19T22:16:00.000+07:00,"28746.6,28763.7,28735.6,28739.2"
2026-05-19T22:17:00.000+07:00,"28738.8,28753.9,28735.9,28747.3"
2026-05-19T22:18:00.000+07:00,"28746.9,28757.4,28741,28742.2"
2026-05-19T22:19:00.000+07:00,"28742,28746.2,28693.3,28693.5"
2026-05-19T22:20:00.000+07:00,"28695.4,28710,28687.5,28691.2"
2026-05-19T22:21:00.000+07:00,"28691.4,28721.9,28691.4,28708.1"
2026-05-19T22:22:00.000+07:00,"28709,28724.2,28691.8,28692.1"
2026-05-19T22:23:00.000+07:00,"28691.4,28691.7,28669.6,28675.2"
2026-05-19T22:24:00.000+07:00,"28674.7,28682.7,28651.2,28652.8"
2026-05-19T22:25:00.000+07:00,"28652.7,28669.8,28634.1,28667.4"
2026-05-19T22:26:00.000+07:00,"28667.2,28686.5,28665,28676.7"
2026-05-19T22:27:00.000+07:00,"28677,28692.5,28664.3,28689.7"
2026-05-19T22:28:00.000+07:00,"28689.6,28699.2,28662.7,28672.9"
2026-05-19T22:29:00.000+07:00,"28673.1,28685.3,28667.4,28677.8"
2026-05-19T22:30:00.000+07:00,"28677.4,28696.5,28663.5,28695.9"
2026-05-19T22:31:00.000+07:00,"28695.2,28743.1,28694.5,28737"
2026-05-19T22:32:00.000+07:00,"28736.9,28743,28727.8,28735"
2026-05-19T22:33:00.000+07:00,"28734.9,28737.6,28712.2,28714.8"
2026-05-19T22:34:00.000+07:00,"28714.4,28728.8,28701.3,28701.3"
2026-05-19T22:35:00.000+07:00,"28701.1,28701.1,28685.5,28694.5"
2026-05-19T22:36:00.000+07:00,"28694.9,28721.4,28688.8,28713.8"
2026-05-19T22:37:00.000+07:00,"28713.6,28748.4,28708.9,28746.6"
2026-05-19T22:38:00.000+07:00,"28745.7,28760.7,28737.6,28760.4"
2026-05-19T22:39:00.000+07:00,"28761,28761,28742.3,28753.4"
2026-05-19T22:40:00.000+07:00,"28735.7,28754.5,28732.1,28753.8"
2026-05-19T22:41:00.000+07:00,"28754,28759,28745.5,28757.9"
2026-05-19T22:42:00.000+07:00,"28757.6,28783.6,28751.5,28776.3"
2026-05-19T22:43:00.000+07:00,"28776.2,28778.3,28737.2,28746.2"
2026-05-19T22:44:00.000+07:00,"28746,28764.9,28744,28760.3"
2026-05-19T22:45:00.000+07:00,"28760.2,28768.4,28745.6,28745.9"
2026-05-19T22:46:00.000+07:00,"28745.6,28758.3,28727.2,28736.9"
2026-05-19T22:47:00.000+07:00,"28737,28744.6,28729.4,28742.1"
2026-05-19T22:48:00.000+07:00,"28741.7,28755.2,28734.4,28753.7"
2026-05-19T22:49:00.000+07:00,"28753.6,28759.4,28745.5,28759.3"
2026-05-19T22:50:00.000+07:00,"28759.4,28762.2,28741.5,28749"
2026-05-19T22:51:00.000+07:00,"28748.9,28752.4,28730,28738.3"
2026-05-19T22:52:00.000+07:00,"28738.6,28754.4,28735.9,28752.5"
2026-05-19T22:53:00.000+07:00,"28752.4,28759.9,28729.9,28733.7"
2026-05-19T22:54:00.000+07:00,"28733.8,28736.3,28710.4,28726.1"
2026-05-19T22:55:00.000+07:00,"28726.3,28726.5,28692.2,28697.1"
2026-05-19T22:56:00.000+07:00,"28696.6,28714.3,28685.2,28714.1"
2026-05-19T22:57:00.000+07:00,"28714.2,28730.1,28708.2,28722"
2026-05-19T22:58:00.000+07:00,"28723.1,28725.7,28707.5,28712.4"
2026-05-19T22:59:00.000+07:00,"28712.7,28723.2,28707.2,28722.2"
2026-05-19T23:00:00.000+07:00,"28721.5,28747.2,28719.2,28744.3"
2026-05-19T23:01:00.000+07:00,"28744.6,28756.8,28739.6,28747.8"
2026-05-19T23:02:00.000+07:00,"28746.9,28775.5,28746.2,28774.6"
2026-05-19T23:03:00.000+07:00,"28775.1,28785.1,28767,28772.1"
2026-05-19T23:04:00.000+07:00,"28770.7,28778.6,28761,28774.6"
2026-05-19T23:05:00.000+07:00,"28774.5,28778.2,28753,28761.8"
2026-05-19T23:06:00.000+07:00,"28750.9,28758.5,28727.2,28737.9"
2026-05-19T23:07:00.000+07:00,"28737.5,28751.4,28732.9,28746.6"
2026-05-19T23:08:00.000+07:00,"28746.5,28748.6,28737.9,28743.1"
2026-05-19T23:09:00.000+07:00,"28743.2,28748.8,28712.7,28713.6"
2026-05-19T23:10:00.000+07:00,"28713.2,28725.5,28705.5,28723.9"
2026-05-19T23:11:00.000+07:00,"28724,28736,28718.8,28722.4"
2026-05-19T23:12:00.000+07:00,"28722.5,28724.9,28698.5,28712.8"
2026-05-19T23:13:00.000+07:00,"28717.5,28720.8,28705.1,28705.7"
2026-05-19T23:14:00.000+07:00,"28705.9,28722.6,28703.2,28721.5"
2026-05-19T23:15:00.000+07:00,"28721.6,28755.2,28721.2,28751.4"
2026-05-19T23:16:00.000+07:00,"28752,28759.7,28735.4,28739"
2026-05-19T23:17:00.000+07:00,"28739.8,28742.5,28722.2,28740.6"
2026-05-19T23:18:00.000+07:00,"28740.4,28767.1,28736,28765.6"
2026-05-19T23:19:00.000+07:00,"28765.5,28772.3,28757.4,28767"
2026-05-19T23:20:00.000+07:00,"28766,28778.5,28754.5,28774.2"
2026-05-19T23:21:00.000+07:00,"28773.9,28774.9,28759.4,28760.1"
2026-05-19T23:22:00.000+07:00,"28759.9,28768.9,28748.5,28755.1"
2026-05-19T23:23:00.000+07:00,"28755.4,28772.4,28750.7,28769.5"
2026-05-19T23:24:00.000+07:00,"28770.5,28782.7,28761.7,28782"
2026-05-19T23:25:00.000+07:00,"28782.1,28814.1,28781.8,28811.3"
2026-05-19T23:26:00.000+07:00,"28811.6,28824.3,28800.6,28806"
2026-05-19T23:27:00.000+07:00,"28805.7,28821.3,28800.2,28820.2"
2026-05-19T23:28:00.000+07:00,"28820.3,28827.1,28814.6,28817.5"
2026-05-19T23:29:00.000+07:00,"28817.2,28826.9,28814.6,28818.3"
2026-05-19T23:30:00.000+07:00,"28815.2,28834.5,28806.5,28827.1"
2026-05-19T23:31:00.000+07:00,"28843.8,28848.7,28836.4,28843.3"
2026-05-19T23:32:00.000+07:00,"28843.5,28858.5,28841.8,28848.9"
2026-05-19T23:33:00.000+07:00,"28849.2,28855.4,28837.1,28842.3"
2026-05-19T23:34:00.000+07:00,"28842.6,28860.1,28841,28850.7"
2026-05-19T23:35:00.000+07:00,"28850.6,28862,28849.9,28852.9"
2026-05-19T23:36:00.000+07:00,"28851.9,28860.7,28839.8,28846.9"
2026-05-19T23:37:00.000+07:00,"28846.1,28851,28834.7,28836.8"
2026-05-19T23:38:00.000+07:00,"28836.7,28870.1,28828.6,28865.9"
2026-05-19T23:39:00.000+07:00,"28865.7,28875.7,28859.4,28870.5"
2026-05-19T23:40:00.000+07:00,"28870,28879.7,28867.7,28876.6"
2026-05-19T23:41:00.000+07:00,"28876.9,28886.6,28873.7,28886.4"
2026-05-19T23:42:00.000+07:00,"28886.5,28888.6,28868.1,28874.6"
2026-05-19T23:43:00.000+07:00,"28874.1,28884.3,28872.5,28881.2"
2026-05-19T23:44:00.000+07:00,"28880.9,28894.4,28880,28893.5"
2026-05-19T23:45:00.000+07:00,"28893.4,28900,28886.7,28897"
2026-05-19T23:46:00.000+07:00,"28897.1,28898.9,28878.5,28879.3"
2026-05-19T23:47:00.000+07:00,"28880,28890.4,28872.9,28890"
2026-05-19T23:48:00.000+07:00,"28890.4,28890.9,28873.6,28878.7"
2026-05-19T23:49:00.000+07:00,"28880.2,28894,28875.7,28885.2"
2026-05-19T23:50:00.000+07:00,"28885.1,28885.3,28873.5,28880.9"
2026-05-19T23:51:00.000+07:00,"28880.7,28906.6,28880.7,28903.2"
2026-05-19T23:52:00.000+07:00,"28903.6,28916.5,28903.4,28911.6"
2026-05-19T23:53:00.000+07:00,"28912,28920.8,28911.8,28920.5"
2026-05-19T23:54:00.000+07:00,"28920.4,28927.3,28916.5,28926.2"
2026-05-19T23:55:00.000+07:00,"28927.7,28933.7,28922.7,28928.2"
2026-05-19T23:56:00.000+07:00,"28928.4,28928.5,28915.4,28924.8"
2026-05-19T23:57:00.000+07:00,"28926.3,28938.7,28920.3,28921.2"
2026-05-19T23:58:00.000+07:00,"28920.2,28924.3,28911.5,28919.2"
2026-05-19T23:59:00.000+07:00,"28918.9,28930.3,28913,28925.3"
2026-05-20T00:00:00.000+07:00,"28926.5,28933,28915.7,28921.2"
2026-05-20T00:01:00.000+07:00,"28920.7,28932.9,28916.3,28928.5"
2026-05-20T00:02:00.000+07:00,"28928.6,28946.5,28926.2,28938"
2026-05-20T00:03:00.000+07:00,"28938.1,28958,28935.5,28954.4"
2026-05-20T00:04:00.000+07:00,"28954.3,28962.7,28953.5,28960.6"
2026-05-20T00:05:00.000+07:00,"28960.3,28968.2,28956.3,28965.8"
2026-05-20T00:06:00.000+07:00,"28965.6,28968.8,28954.6,28958.4"
2026-05-20T00:07:00.000+07:00,"28958.6,28959.8,28946.9,28950.2"
2026-05-20T00:08:00.000+07:00,"28950.1,28965.4,28947,28962.8"
2026-05-20T00:09:00.000+07:00,"28963.3,28977,28963.1,28974.5"
2026-05-20T00:10:00.000+07:00,"28976.3,28981.2,28970.5,28971.7"
2026-05-20T00:11:00.000+07:00,"28970.9,28975.5,28962.1,28965.6"
2026-05-20T00:12:00.000+07:00,"28965.3,28978.7,28963,28975.8"
2026-05-20T00:13:00.000+07:00,"28975.9,28987.2,28972.7,28979.6"
2026-05-20T00:14:00.000+07:00,"28979.3,28984.6,28975.8,28980"
2026-05-20T00:15:00.000+07:00,"28980.1,28998,28980.1,28998"
2026-05-20T00:16:00.000+07:00,"28997.8,29002,28993.5,28994.1"
2026-05-20T00:17:00.000+07:00,"28994.2,29010.6,28993,29004.5"
2026-05-20T00:18:00.000+07:00,"29004.8,29008.6,28998,29000.9"
2026-05-20T00:19:00.000+07:00,"29000.6,29009.9,28997.1,29007.6"
2026-05-20T00:20:00.000+07:00,"29007.8,29011.5,28994.9,28999.5"
2026-05-20T00:21:00.000+07:00,"28999.4,29026.8,28997.3,29022.3"
2026-05-20T00:22:00.000+07:00,"29022.2,29031.5,29017.3,29030.2"
2026-05-20T00:23:00.000+07:00,"29031.2,29033.3,29016,29023.6"
2026-05-20T00:24:00.000+07:00,"29023.3,29029.1,29013.8,29018.7"
2026-05-20T00:25:00.000+07:00,"29019.2,29023.2,29000.3,29000.3"
2026-05-20T00:26:00.000+07:00,"29000.5,29003.1,28980.8,28982.4"
2026-05-20T00:27:00.000+07:00,"28982.1,28991.3,28979.6,28979.8"
2026-05-20T00:28:00.000+07:00,"28980.6,28989.8,28968.7,28971.8"
2026-05-20T00:29:00.000+07:00,"28973.1,28994.2,28971.2,28989.9"
2026-05-20T00:30:00.000+07:00,"28988.6,29022.7,28986.7,29010.3"
2026-05-20T00:31:00.000+07:00,"29010,29023.8,29009.8,29011.5"
2026-05-20T00:32:00.000+07:00,"29011,29017.1,28996.3,29005.3"
2026-05-20T00:33:00.000+07:00,"29005.5,29008.5,28993.4,28993.8"
2026-05-20T00:34:00.000+07:00,"28993.1,29002.1,28985.3,28987.2"
2026-05-20T00:35:00.000+07:00,"28987,28996.5,28985,28993.7"
2026-05-20T00:36:00.000+07:00,"28992.4,29005.2,28990.9,29004.3"
2026-05-20T00:37:00.000+07:00,"29004.8,29008,29000.7,29006.1"
2026-05-20T00:38:00.000+07:00,"29006,29008.1,28998.7,28999.9"
2026-05-20T00:39:00.000+07:00,"29000.6,29011.5,28986.6,29005.6"
2026-05-20T00:40:00.000+07:00,"29007.8,29019.2,28995.4,29009.4"
2026-05-20T00:41:00.000+07:00,"29009.6,29012.5,29002.3,29007.5"
2026-05-20T00:42:00.000+07:00,"29007.4,29011,29001,29010.7"
2026-05-20T00:43:00.000+07:00,"29010.9,29011.7,28993.5,28997.5"
2026-05-20T00:44:00.000+07:00,"28997.6,29003.1,28993.4,28997.6"
2026-05-20T00:45:00.000+07:00,"28997.4,29000.8,28973.6,28983.4"
2026-05-20T00:46:00.000+07:00,"28982,28982,28954.3,28955.9"
2026-05-20T00:47:00.000+07:00,"28956.1,28962.5,28944,28948.1"
2026-05-20T00:48:00.000+07:00,"28948.2,28969.8,28946.8,28969.2"
2026-05-20T00:49:00.000+07:00,"28968.7,28977.8,28960.6,28973.1"
2026-05-20T00:50:00.000+07:00,"28972.5,28972.9,28958.1,28959.6"
2026-05-20T00:51:00.000+07:00,"28959.5,28964.1,28953.2,28960"
2026-05-20T00:52:00.000+07:00,"28959.9,28960.2,28941.7,28944.9"
2026-05-20T00:53:00.000+07:00,"28944.7,28945.7,28936.5,28939.7"
2026-05-20T00:54:00.000+07:00,"28939.9,28944,28916.1,28944"
2026-05-20T00:55:00.000+07:00,"28944.1,28961.1,28940.1,28956.3"
2026-05-20T00:56:00.000+07:00,"28956.2,28965.2,28950.3,28956.1"
2026-05-20T00:57:00.000+07:00,"28956.5,28966.1,28951.2,28954.1"
2026-05-20T00:58:00.000+07:00,"28953.8,28968,28951.4,28967.9"
2026-05-20T00:59:00.000+07:00,"28968.4,28980.2,28968,28976.3"
2026-05-20T01:00:00.000+07:00,"28976.2,28989.2,28976,28983.1"
2026-05-20T01:01:00.000+07:00,"28983.3,28989.3,28970.9,28980.3"
2026-05-20T01:02:00.000+07:00,"28980.1,28988.8,28977.7,28987.4"
2026-05-20T01:03:00.000+07:00,"28987.3,28997.5,28985.4,28988.1"
2026-05-20T01:04:00.000+07:00,"28988.3,28993.8,28985,28989.4"
2026-05-20T01:05:00.000+07:00,"28989.6,29001.3,28988.9,28998.8"
2026-05-20T01:06:00.000+07:00,"28999.6,29002.7,28988.7,28988.9"
2026-05-20T01:07:00.000+07:00,"28989,29002,28986,29002"
2026-05-20T01:08:00.000+07:00,"29002.2,29003.9,28993,28999.6"
2026-05-20T01:09:00.000+07:00,"28999.4,29005.7,28999.4,29000.3"
2026-05-20T01:10:00.000+07:00,"29002.1,29009.9,28993.8,29000.3"
2026-05-20T01:11:00.000+07:00,"29000.6,29009.8,28998.8,29001.4"
2026-05-20T01:12:00.000+07:00,"29001.3,29005.7,28992.1,28997.3"
2026-05-20T01:13:00.000+07:00,"28997.7,28999.3,28988,28990"
2026-05-20T01:14:00.000+07:00,"28990.3,28994.5,28981.2,28981.6"
2026-05-20T01:15:00.000+07:00,"28980.8,28991.2,28974.1,28977.4"
2026-05-20T01:16:00.000+07:00,"28977.2,28978.6,28962,28967.5"
2026-05-20T01:17:00.000+07:00,"28967,28982.9,28964.2,28978.7"
2026-05-20T01:18:00.000+07:00,"28978.8,28979.1,28961.6,28963.5"
2026-05-20T01:19:00.000+07:00,"28963.8,28972.4,28962.3,28970.2"
2026-05-20T01:20:00.000+07:00,"28969.9,28971.2,28950.7,28961.7"
2026-05-20T01:21:00.000+07:00,"28961.8,28962.9,28949.7,28959.4"
2026-05-20T01:22:00.000+07:00,"28959.9,28960.4,28930.8,28952.1"
2026-05-20T01:23:00.000+07:00,"28952.2,28959,28946.4,28953.5"
2026-05-20T01:24:00.000+07:00,"28953.3,28955.6,28939,28947.6"
2026-05-20T01:25:00.000+07:00,"28947.8,28954.9,28936.4,28950.6"
2026-05-20T01:26:00.000+07:00,"28950.1,28974.1,28949.3,28968.2"
2026-05-20T01:27:00.000+07:00,"28968.1,28970.8,28944.6,28946.3"
2026-05-20T01:28:00.000+07:00,"28947.5,28948,28929,28937.1"
2026-05-20T01:29:00.000+07:00,"28937.3,28939.5,28927.9,28932.2"
2026-05-20T01:30:00.000+07:00,"28930.4,28934.5,28916,28928.9"
2026-05-20T01:31:00.000+07:00,"28928.2,28937.6,28923.3,28936.9"
2026-05-20T01:32:00.000+07:00,"28937.1,28942.8,28927.8,28942.3"
2026-05-20T01:33:00.000+07:00,"28936.7,28956.1,28935.4,28952.8"
2026-05-20T01:34:00.000+07:00,"28953,28955.1,28939.6,28947.2"
2026-05-20T01:35:00.000+07:00,"28947.3,28967.1,28942.9,28967.1"
2026-05-20T01:36:00.000+07:00,"28967.7,28968.5,28948.4,28948.4"
2026-05-20T01:37:00.000+07:00,"28947.9,28948.1,28935.9,28942.3"
2026-05-20T01:38:00.000+07:00,"28942.5,28949.4,28930.8,28933.7"
2026-05-20T01:39:00.000+07:00,"28933.9,28934.3,28919.1,28922.9"
2026-05-20T01:40:00.000+07:00,"28922.8,28929.9,28910.9,28921.7"
2026-05-20T01:41:00.000+07:00,"28921.6,28931.3,28912.7,28929.4"
2026-05-20T01:42:00.000+07:00,"28929.3,28933.2,28909.4,28912.3"
2026-05-20T01:43:00.000+07:00,"28912.2,28925.7,28907.4,28920.2"
2026-05-20T01:44:00.000+07:00,"28920.3,28926.5,28915.9,28923.2"
2026-05-20T01:45:00.000+07:00,"28923.1,28925,28907.3,28910.3"
2026-05-20T01:46:00.000+07:00,"28910.1,28917,28904.8,28909.9"
2026-05-20T01:47:00.000+07:00,"28910,28921.4,28906.8,28909.3"
2026-05-20T01:48:00.000+07:00,"28909,28916.9,28898.9,28914"
2026-05-20T01:49:00.000+07:00,"28915.4,28927.8,28907.8,28921.9"
2026-05-20T01:50:00.000+07:00,"28922,28922.6,28913.6,28915.6"
2026-05-20T01:51:00.000+07:00,"28915.4,28926.6,28913.9,28919.1"
2026-05-20T01:52:00.000+07:00,"28919.3,28919.5,28908.3,28910.3"
2026-05-20T01:53:00.000+07:00,"28910.1,28912.4,28886.4,28895.4"
2026-05-20T01:54:00.000+07:00,"28896.6,28897.9,28878.5,28881.5"
2026-05-20T01:55:00.000+07:00,"28881.1,28881.1,28848.7,28859.5"
2026-05-20T01:56:00.000+07:00,"28860,28876.2,28855.7,28864.8"
2026-05-20T01:57:00.000+07:00,"28864.6,28876.1,28860.3,28870.1"
2026-05-20T01:58:00.000+07:00,"28870,28878.8,28860.5,28862.5"
2026-05-20T01:59:00.000+07:00,"28861.9,28872.2,28854.9,28865.9"
2026-05-20T02:00:00.000+07:00,"28864.7,28897.8,28863.1,28896"
2026-05-20T02:01:00.000+07:00,"28896.3,28901.1,28877.5,28894.1"
2026-05-20T02:02:00.000+07:00,"28894.3,28894.6,28874.3,28876.8"
2026-05-20T02:03:00.000+07:00,"28876.9,28889.8,28869.4,28877.4"
2026-05-20T02:04:00.000+07:00,"28877.5,28885.3,28870.8,28883"
2026-05-20T02:05:00.000+07:00,"28883.6,28894.4,28879.8,28890.6"
2026-05-20T02:06:00.000+07:00,"28891.3,28893.3,28876.9,28879.3"
2026-05-20T02:07:00.000+07:00,"28879.4,28881.9,28866.4,28876.4"
2026-05-20T02:08:00.000+07:00,"28875.8,28908.3,28873.4,28905.3"
2026-05-20T02:09:00.000+07:00,"28905.2,28921.8,28902.8,28910.5"
2026-05-20T02:10:00.000+07:00,"28910.3,28946.4,28910.3,28943.4"
2026-05-20T02:11:00.000+07:00,"28943.3,28951.2,28930.9,28934.9"
2026-05-20T02:12:00.000+07:00,"28934.8,28936.1,28922.9,28931.2"
2026-05-20T02:13:00.000+07:00,"28931.8,28941.8,28927,28937.4"
2026-05-20T02:14:00.000+07:00,"28937.3,28959,28937.3,28957.8"
2026-05-20T02:15:00.000+07:00,"28957.5,28963.2,28946.8,28951.1"
2026-05-20T02:16:00.000+07:00,"28950.9,28953.2,28940.7,28942.1"
2026-05-20T02:17:00.000+07:00,"28941.8,28943.8,28922.8,28929.2"
2026-05-20T02:18:00.000+07:00,"28929.3,28936.1,28916.5,28918.5"
2026-05-20T02:19:00.000+07:00,"28918.2,28925.5,28907.3,28907.4"
2026-05-20T02:20:00.000+07:00,"28906.9,28916.2,28900,28901.4"
2026-05-20T02:21:00.000+07:00,"28900.9,28907.6,28896.5,28903.1"
2026-05-20T02:22:00.000+07:00,"28902.9,28905.8,28878.1,28878.4"
2026-05-20T02:23:00.000+07:00,"28878,28886.7,28858.3,28859.7"
2026-05-20T02:24:00.000+07:00,"28859.8,28864.7,28846.4,28846.6"
2026-05-20T02:25:00.000+07:00,"28846.5,28852.4,28829.5,28850.8"
2026-05-20T02:26:00.000+07:00,"28850.7,28863.7,28846.8,28859.7"
2026-05-20T02:27:00.000+07:00,"28859.8,28875.6,28854.5,28872.6"
2026-05-20T02:28:00.000+07:00,"28872.9,28886.3,28872.2,28881.6"
2026-05-20T02:29:00.000+07:00,"28881.8,28882.2,28868.7,28881.6"
2026-05-20T02:30:00.000+07:00,"28881.8,28889.3,28867.2,28874.4"
2026-05-20T02:31:00.000+07:00,"28874.5,28897.3,28868.3,28895.9"
2026-05-20T02:32:00.000+07:00,"28896.4,28906.4,28893.7,28903.6"
2026-05-20T02:33:00.000+07:00,"28903.7,28908.3,28876.3,28876.5"
2026-05-20T02:34:00.000+07:00,"28877.2,28879.9,28869.4,28872.5"
2026-05-20T02:35:00.000+07:00,"28872.4,28879.6,28866.8,28868.2"
2026-05-20T02:36:00.000+07:00,"28868.4,28877.7,28849.3,28850.2"
2026-05-20T02:37:00.000+07:00,"28849.7,28857.1,28844.7,28850.8"
2026-05-20T02:38:00.000+07:00,"28852.6,28861.9,28846.1,28859.4"
2026-05-20T02:39:00.000+07:00,"28859.5,28867.5,28853.7,28857.5"
2026-05-20T02:40:00.000+07:00,"28857.6,28859.3,28843.3,28847.3"
2026-05-20T02:41:00.000+07:00,"28847,28856.4,28836.8,28851.6"
2026-05-20T02:42:00.000+07:00,"28851.1,28859.4,28839.9,28847.2"
2026-05-20T02:43:00.000+07:00,"28847.4,28847.7,28836.9,28843.6"
2026-05-20T02:44:00.000+07:00,"28843.1,28848.4,28832.1,28837.2"
2026-05-20T02:45:00.000+07:00,"28836.8,28847,28818.4,28823.1"
2026-05-20T02:46:00.000+07:00,"28823.4,28833.4,28818.9,28832.3"
2026-05-20T02:47:00.000+07:00,"28831.8,28833,28822.3,28822.9"
2026-05-20T02:48:00.000+07:00,"28822.7,28827.6,28819.1,28824.1"
2026-05-20T02:49:00.000+07:00,"28824.2,28836.4,28821.6,28823.8"
2026-05-20T02:50:00.000+07:00,"28822.9,28838.4,28799.9,28838.4"
2026-05-20T02:51:00.000+07:00,"28838.9,28838.9,28805.1,28806.6"
2026-05-20T02:52:00.000+07:00,"28807.5,28823.4,28803,28817.1"
2026-05-20T02:53:00.000+07:00,"28816.9,28824.2,28811.1,28811.7"
2026-05-20T02:54:00.000+07:00,"28803.4,28810.6,28777.9,28786.4"
2026-05-20T02:55:00.000+07:00,"28786.2,28798,28772.6,28797.8"
2026-05-20T02:56:00.000+07:00,"28797.3,28805.8,28790.7,28795.5"
2026-05-20T02:57:00.000+07:00,"28795.2,28806.4,28786.3,28804.4"
2026-05-20T02:58:00.000+07:00,"28804.2,28812.2,28797.4,28812.2"
2026-05-20T02:59:00.000+07:00,"28812.8,28832.1,28803.8,28828"
2026-05-20T03:00:00.000+07:00,"28827.5,28833.4,28806.8,28809.7"
2026-05-20T03:01:00.000+07:00,"28809.5,28820.7,28806.1,28819.5"
2026-05-20T03:02:00.000+07:00,"28820,28828.2,28818.2,28819.7"
2026-05-20T03:03:00.000+07:00,"28819.4,28819.4,28802,28812.7"
2026-05-20T03:04:00.000+07:00,"28810.2,28812.8,28804.3,28805.2"
2026-05-20T03:05:00.000+07:00,"28806.2,28813.5,28805,28808.1"
2026-05-20T03:06:00.000+07:00,"28808.6,28824.3,28802.4,28824.3"
2026-05-20T03:07:00.000+07:00,"28823.8,28830.9,28822.6,28830.1"
2026-05-20T03:08:00.000+07:00,"28830.5,28840.3,28829.5,28833.6"
2026-05-20T03:09:00.000+07:00,"28833.9,28836,28826.1,28828.6"
2026-05-20T03:10:00.000+07:00,"28829.1,28829.1,28818.7,28821"
2026-05-20T03:11:00.000+07:00,"28820.3,28845.4,28819.8,28839.2"
2026-05-20T03:12:00.000+07:00,"28838.8,28839.3,28828.4,28830.1"
2026-05-20T03:13:00.000+07:00,"28830.6,28841.2,28826.5,28826.5"
2026-05-20T03:14:00.000+07:00,"28826,28829.1,28824.1,28825.8"
2026-05-20T03:15:00.000+07:00,"28825,28833.1,28822.3,28828.1"
2026-05-20T03:16:00.000+07:00,"28829.1,28830.4,28817.3,28819.6"
2026-05-20T03:17:00.000+07:00,"28820.1,28821.1,28815.8,28818"
2026-05-20T03:18:00.000+07:00,"28818.1,28822.4,28816.6,28821.4"
2026-05-20T03:19:00.000+07:00,"28821.9,28822.9,28811.4,28816"
2026-05-20T03:20:00.000+07:00,"28815.5,28819.1,28813.7,28814.6"
2026-05-20T03:21:00.000+07:00,"28813.3,28816.2,28808.4,28809.2"
2026-05-20T03:22:00.000+07:00,"28809.4,28813.6,28807.2,28813.6"
2026-05-20T03:23:00.000+07:00,"28811.6,28816.3,28810.8,28815.1"
2026-05-20T03:24:00.000+07:00,"28814.8,28819,28809.8,28813.5"
2026-05-20T03:25:00.000+07:00,"28814.3,28818.7,28811.2,28818.1"
2026-05-20T03:26:00.000+07:00,"28818.4,28825.8,28816.3,28820.5"
2026-05-20T03:27:00.000+07:00,"28820.6,28823.2,28811.4,28811.4"
2026-05-20T03:28:00.000+07:00,"28811.9,28813.8,28805.7,28806"
2026-05-20T03:29:00.000+07:00,"28805.8,28813.4,28805.8,28812.5"
2026-05-20T03:30:00.000+07:00,"28813.5,28814.7,28808.8,28812.7"
2026-05-20T03:31:00.000+07:00,"28810.5,28812.3,28806.2,28807.7"
2026-05-20T03:32:00.000+07:00,"28808,28812.9,28807.1,28810.4"
2026-05-20T03:33:00.000+07:00,"28810.1,28812.3,28805,28807"
2026-05-20T03:34:00.000+07:00,"28805.8,28807.4,28803,28807.3"
2026-05-20T03:35:00.000+07:00,"28807.4,28813.2,28802.8,28811.1"
2026-05-20T03:36:00.000+07:00,"28810.1,28811,28804.5,28808"
2026-05-20T03:37:00.000+07:00,"28807.9,28812,28805.5,28805.5"
2026-05-20T03:38:00.000+07:00,"28805.8,28808.5,28804.2,28806"
2026-05-20T03:39:00.000+07:00,"28806.3,28806.5,28801.7,28803.7"
2026-05-20T03:40:00.000+07:00,"28803.2,28804.8,28802.6,28803.6"
2026-05-20T03:41:00.000+07:00,"28804.9,28809.7,28802.8,28807.2"
2026-05-20T03:42:00.000+07:00,"28807,28809.1,28802.8,28802.8"
2026-05-20T03:43:00.000+07:00,"28803,28805.2,28800.2,28805.2"
2026-05-20T03:44:00.000+07:00,"28805.3,28808,28803.5,28803.5"
2026-05-20T03:45:00.000+07:00,"28803.7,28807.7,28801.1,28801.7"
2026-05-20T03:46:00.000+07:00,"28801.5,28802.9,28794.9,28799.1"
2026-05-20T03:47:00.000+07:00,"28799.6,28807.5,28798.3,28801.5"
2026-05-20T03:48:00.000+07:00,"28801.4,28804.2,28799.9,28800.3"
2026-05-20T03:49:00.000+07:00,"28801.3,28801.8,28798,28799.4"
2026-05-20T03:50:00.000+07:00,"28800.7,28800.7,28793.7,28795.2"
2026-05-20T03:51:00.000+07:00,"28795.4,28801.7,28795.4,28800"
2026-05-20T03:52:00.000+07:00,"28799.8,28802.5,28799.3,28800.9"
2026-05-20T03:53:00.000+07:00,"28801.4,28806.5,28800.5,28801.5"
2026-05-20T03:54:00.000+07:00,"28800,28802.7,28799.8,28800.7"
2026-05-20T03:55:00.000+07:00,"28799.9,28800.3,28795,28797.1"
2026-05-20T03:56:00.000+07:00,"28797.9,28798.5,28792.3,28794.1"
2026-05-20T03:57:00.000+07:00,"28794.4,28794.7,28789.3,28791.2"
2026-05-20T03:58:00.000+07:00,"28792.4,28796.4,28791.1,28795.9"
2026-05-20T03:59:00.000+07:00,"28797.6,28802.9,28796.1,28802.2"
2026-05-20T04:00:00.000+07:00,"28803.1,28803.1,28801.2,28801.7"
2026-05-20T04:01:00.000+07:00,"28802.6,28805.5,28801.4,28801.4"
2026-05-20T04:03:00.000+07:00,"28801,28801.5,28800.6,28801.4"
2026-05-20T04:04:00.000+07:00,"28801.6,28802.2,28801.4,28801.4"
2026-05-20T04:05:00.000+07:00,"28802.6,28804.1,28802.6,28803"
2026-05-20T04:06:00.000+07:00,"28803.2,28805.4,28803.2,28805.4"
2026-05-20T04:07:00.000+07:00,"28805.3,28806.1,28804,28806"
2026-05-20T04:08:00.000+07:00,"28805.9,28807.8,28805.9,28807"
2026-05-20T04:09:00.000+07:00,"28806.9,28810.2,28806.9,28809.4"
2026-05-20T04:10:00.000+07:00,"28809.5,28811,28808.5,28810.9"
2026-05-20T04:11:00.000+07:00,"28810.8,28810.8,28810.8,28810.8"
2026-05-20T04:12:00.000+07:00,"28810.9,28811.3,28810.9,28811.3"
2026-05-20T04:13:00.000+07:00,"28811.5,28813.9,28811.3,28813.7"
2026-05-20T04:14:00.000+07:00,"28814.8,28818.8,28814.8,28818.7"
2026-05-20T04:15:00.000+07:00,"28817.4,28817.4,28815.2,28815.9"
2026-05-20T04:16:00.000+07:00,"28815.3,28815.7,28813.1,28814.9"
2026-05-20T04:17:00.000+07:00,"28814.8,28814.8,28813.6,28813.6"
2026-05-20T04:18:00.000+07:00,"28814.1,28814.3,28813,28813.4"
2026-05-20T04:21:00.000+07:00,"28813.5,28813.5,28813.2,28813.2"
2026-05-20T04:22:00.000+07:00,"28813.1,28814.3,28813.1,28813.3"
2026-05-20T04:24:00.000+07:00,"28813.4,28813.7,28812.4,28813.7"
2026-05-20T04:25:00.000+07:00,"28814.1,28814.1,28814.1,28814.1"
2026-05-20T04:27:00.000+07:00,"28814.2,28818.2,28814.1,28815.6"
2026-05-20T04:28:00.000+07:00,"28815.8,28816.9,28813.5,28816.9"
2026-05-20T04:29:00.000+07:00,"28813.7,28818,28813.7,28817.8"
2026-05-20T04:30:00.000+07:00,"28815.2,28815.3,28814.1,28814.8"
2026-05-20T04:31:00.000+07:00,"28816.7,28819.9,28816.7,28816.7"
2026-05-20T04:32:00.000+07:00,"28817.5,28818,28816.7,28817.5"
2026-05-20T04:33:00.000+07:00,"28816.7,28820.6,28816.7,28820.6"
2026-05-20T04:34:00.000+07:00,"28820.4,28820.4,28819.1,28820.4"
2026-05-20T04:35:00.000+07:00,"28820.6,28821.2,28817,28819.3"
2026-05-20T04:36:00.000+07:00,"28819.7,28821.1,28817,28820.4"
2026-05-20T04:37:00.000+07:00,"28820.6,28821,28820.4,28820.9"
2026-05-20T04:38:00.000+07:00,"28821.1,28824.7,28820.4,28822.6"
2026-05-20T04:39:00.000+07:00,"28822.8,28826.9,28822.8,28822.9"
2026-05-20T04:40:00.000+07:00,"28823.6,28823.6,28823.1,28823.1"
2026-05-20T04:41:00.000+07:00,"28822,28822.4,28822,28822"
2026-05-20T04:42:00.000+07:00,"28821.8,28822.2,28821.7,28821.7"
2026-05-20T04:43:00.000+07:00,"28821.8,28822.8,28821.6,28822.8"
2026-05-20T04:44:00.000+07:00,"28825.5,28825.5,28822.5,28825.5"
2026-05-20T04:45:00.000+07:00,"28825.4,28825.4,28823.2,28823.2"
2026-05-20T04:46:00.000+07:00,"28823.4,28824.7,28821.9,28824"
2026-05-20T04:47:00.000+07:00,"28824.2,28825.9,28824,28825.9"
2026-05-20T04:48:00.000+07:00,"28826.5,28826.5,28825.7,28825.7"
2026-05-20T04:49:00.000+07:00,"28825.9,28828.5,28823.1,28827.4"
2026-05-20T04:50:00.000+07:00,"28827.1,28828.9,28826.2,28828.6"
2026-05-20T04:51:00.000+07:00,"28828.7,28828.9,28827.1,28827.2"
2026-05-20T04:52:00.000+07:00,"28827.1,28827.4,28827.1,28827.1"
2026-05-20T04:53:00.000+07:00,"28827.5,28833.5,28827.4,28832.2"
2026-05-20T04:54:00.000+07:00,"28833.5,28834.3,28833.3,28834.3"
2026-05-20T04:55:00.000+07:00,"28833.3,28838.1,28831.6,28837.6"
2026-05-20T04:56:00.000+07:00,"28836,28838.5,28834.7,28837.9"
2026-05-20T04:57:00.000+07:00,"28838,28840.4,28837.4,28838.2"
2026-05-20T04:58:00.000+07:00,"28838.3,28839,28835.8,28835.9"
2026-05-20T04:59:00.000+07:00,"28838.7,28838.7,28837.6,28837.8"
2026-05-20T05:00:00.000+07:00,"28838.6,28838.6,28822.7,28824.5"
2026-05-20T05:01:00.000+07:00,"28824.1,28839.7,28822.5,28836.6"
2026-05-20T05:02:00.000+07:00,"28836,28838.6,28823.7,28825"
2026-05-20T05:03:00.000+07:00,"28823.8,28829.8,28821.4,28827.3"
2026-05-20T05:04:00.000+07:00,"28827.2,28836.7,28827.2,28829.9"
2026-05-20T05:05:00.000+07:00,"28828.5,28836.2,28828.5,28831.8"
2026-05-20T05:06:00.000+07:00,"28831.7,28837.9,28827.2,28833.1"
2026-05-20T05:07:00.000+07:00,"28833.2,28842.7,28833.2,28841.2"
2026-05-20T05:08:00.000+07:00,"28841.3,28858.9,28841.2,28856"
2026-05-20T05:09:00.000+07:00,"28855.8,28861.6,28854.6,28860.6"
2026-05-20T05:10:00.000+07:00,"28860.7,28862.8,28851.3,28852"
2026-05-20T05:11:00.000+07:00,"28852.1,28856,28842,28843.2"
2026-05-20T05:12:00.000+07:00,"28843.3,28848,28839.8,28842.3"
2026-05-20T05:13:00.000+07:00,"28842.4,28845.3,28840.3,28840.3"
2026-05-20T05:14:00.000+07:00,"28840.2,28843.5,28828.2,28831.4"
2026-05-20T05:15:00.000+07:00,"28831.5,28833.6,28821.7,28826.3"
2026-05-20T05:16:00.000+07:00,"28826.2,28828.3,28811,28817.2"
2026-05-20T05:17:00.000+07:00,"28816.9,28818.2,28806.6,28806.6"
2026-05-20T05:18:00.000+07:00,"28806.3,28815.3,28802.1,28815.3"
2026-05-20T05:19:00.000+07:00,"28815.4,28817.3,28806,28806.9"
2026-05-20T05:20:00.000+07:00,"28806.8,28824.1,28805.9,28820.1"
2026-05-20T05:21:00.000+07:00,"28820,28820.4,28802.1,28803"
2026-05-20T05:22:00.000+07:00,"28803.1,28809.4,28803.1,28807.1"
2026-05-20T05:23:00.000+07:00,"28807.2,28819.5,28805.4,28819.1"
2026-05-20T05:24:00.000+07:00,"28818.9,28819.9,28805.6,28808.5"
2026-05-20T05:25:00.000+07:00,"28808.8,28808.9,28791.4,28795.8"
2026-05-20T05:26:00.000+07:00,"28796.1,28799.1,28773.2,28786.8"
2026-05-20T05:27:00.000+07:00,"28787.2,28790.2,28774.1,28778"
2026-05-20T05:28:00.000+07:00,"28778.1,28787.7,28772.5,28785.5"
2026-05-20T05:29:00.000+07:00,"28785.7,28787.3,28779,28782.4"
2026-05-20T05:30:00.000+07:00,"28782.1,28788.7,28775.3,28785.7"
2026-05-20T05:31:00.000+07:00,"28785.9,28790.6,28782.5,28788.4"
2026-05-20T05:32:00.000+07:00,"28788,28791.2,28781.9,28790.5"
2026-05-20T05:33:00.000+07:00,"28791,28793.2,28787.7,28788.9"
2026-05-20T05:34:00.000+07:00,"28789,28815.7,28789,28813.4"
2026-05-20T05:35:00.000+07:00,"28806.6,28814,28806.1,28810.6"
2026-05-20T05:36:00.000+07:00,"28810.7,28810.9,28795.7,28807.3"
2026-05-20T05:37:00.000+07:00,"28806.9,28810.7,28802.3,28802.4"
2026-05-20T05:38:00.000+07:00,"28802.3,28804.9,28802,28803.3"
2026-05-20T05:39:00.000+07:00,"28804.3,28804.3,28792,28794.1"
2026-05-20T05:40:00.000+07:00,"28793.6,28794.8,28775.6,28782.5"
2026-05-20T05:41:00.000+07:00,"28782.6,28795.1,28782.5,28793.1"
2026-05-20T05:42:00.000+07:00,"28793.3,28799.5,28790.6,28796.6"
2026-05-20T05:43:00.000+07:00,"28796.7,28796.7,28793.5,28794.8"
2026-05-20T05:44:00.000+07:00,"28795.7,28799.6,28793.7,28794.3"
2026-05-20T05:45:00.000+07:00,"28794.1,28795.4,28787.7,28789.2"
2026-05-20T05:46:00.000+07:00,"28789.4,28790,28780,28783"
2026-05-20T05:47:00.000+07:00,"28782.6,28787.9,28780.3,28786.2"
2026-05-20T05:48:00.000+07:00,"28786.5,28801.1,28786.4,28798.6"
2026-05-20T05:49:00.000+07:00,"28799.1,28803.8,28798.5,28802.5"
2026-05-20T05:50:00.000+07:00,"28802.4,28803.7,28797.5,28797.5"
2026-05-20T05:51:00.000+07:00,"28796.4,28801,28792.5,28795.3"
2026-05-20T05:52:00.000+07:00,"28795.5,28802.9,28792.9,28801.7"
2026-05-20T05:53:00.000+07:00,"28801.8,28808.3,28799.5,28807.7"
2026-05-20T05:54:00.000+07:00,"28807.6,28811.3,28805.8,28807.7"
2026-05-20T05:55:00.000+07:00,"28807.9,28810.2,28804.1,28808.5"
2026-05-20T05:56:00.000+07:00,"28808.8,28817.5,28808,28816.4"
2026-05-20T05:57:00.000+07:00,"28816.5,28820.1,28814,28814.5"
2026-05-20T05:58:00.000+07:00,"28814.3,28819.4,28811.2,28811.9"
2026-05-20T05:59:00.000+07:00,"28812,28817.3,28812,28817.2"
2026-05-20T06:00:00.000+07:00,"28817.4,28820.1,28812,28813.6"
2026-05-20T06:01:00.000+07:00,"28813.8,28813.8,28809.7,28810.5"
2026-05-20T06:02:00.000+07:00,"28809.1,28817.8,28809.1,28817.3"
2026-05-20T06:03:00.000+07:00,"28817.2,28823.5,28816.6,28821.1"
2026-05-20T06:04:00.000+07:00,"28821,28823.2,28818.8,28821"
2026-05-20T06:05:00.000+07:00,"28821.2,28822,28815.9,28818.7"
2026-05-20T06:06:00.000+07:00,"28817.4,28820.1,28817,28817.7"
2026-05-20T06:07:00.000+07:00,"28817.9,28820.1,28816.1,28818.3"
2026-05-20T06:08:00.000+07:00,"28818.2,28819,28816.4,28818.9"
2026-05-20T06:09:00.000+07:00,"28818.8,28833.1,28818.6,28831.3"
2026-05-20T06:10:00.000+07:00,"28831.4,28843.7,28831,28842.3"
2026-05-20T06:11:00.000+07:00,"28842.4,28853.5,28842.4,28852.3"
2026-05-20T06:12:00.000+07:00,"28853.3,28856.1,28841.4,28842"
2026-05-20T06:13:00.000+07:00,"28841.9,28849.9,28840.9,28849"
2026-05-20T06:14:00.000+07:00,"28848.8,28851.6,28839.5,28851.6"
2026-05-20T06:15:00.000+07:00,"28851.8,28853.9,28845.9,28850.5"
2026-05-20T06:16:00.000+07:00,"28850.4,28856.6,28847.7,28855.2"
2026-05-20T06:17:00.000+07:00,"28855.3,28868,28854.7,28863.4"
2026-05-20T06:18:00.000+07:00,"28862.2,28868.8,28862.2,28867.4"
2026-05-20T06:19:00.000+07:00,"28867.5,28877.2,28867.1,28868.8"
2026-05-20T06:20:00.000+07:00,"28868.3,28877.4,28866.7,28872.9"
2026-05-20T06:21:00.000+07:00,"28873.3,28874.9,28869.1,28870.2"
2026-05-20T06:22:00.000+07:00,"28870.1,28878.1,28870.1,28876.4"
2026-05-20T06:23:00.000+07:00,"28876.5,28877.3,28866.1,28866.5"
2026-05-20T06:24:00.000+07:00,"28866.2,28870,28862.8,28863.7"
2026-05-20T06:25:00.000+07:00,"28863.8,28867.2,28860.7,28864.4"
2026-05-20T06:26:00.000+07:00,"28864,28871.9,28863.6,28871.5"
2026-05-20T06:27:00.000+07:00,"28871.8,28873.5,28869.1,28869.6"
2026-05-20T06:28:00.000+07:00,"28869.4,28872.4,28866.8,28869.4"
2026-05-20T06:29:00.000+07:00,"28869.5,28876.2,28869.1,28875.6"
2026-05-20T06:30:00.000+07:00,"28875.5,28891.8,28875.5,28890.7"
2026-05-20T06:31:00.000+07:00,"28890.6,28892,28888,28891.4"
2026-05-20T06:32:00.000+07:00,"28891.3,28899.1,28890.9,28898.6"
2026-05-20T06:33:00.000+07:00,"28898.8,28920,28893.6,28918.1"
2026-05-20T06:34:00.000+07:00,"28918.6,28928.9,28910.3,28925.9"
2026-05-20T06:35:00.000+07:00,"28925.8,28927.3,28908.2,28911.2"
2026-05-20T06:36:00.000+07:00,"28912.3,28913.6,28896.4,28899.2"
2026-05-20T06:37:00.000+07:00,"28899.4,28901.7,28892.9,28900.9"
2026-05-20T06:38:00.000+07:00,"28901.2,28904.4,28899.6,28902.5"
2026-05-20T06:39:00.000+07:00,"28902.8,28903,28891.7,28897.6"
2026-05-20T06:40:00.000+07:00,"28897.4,28897.4,28890.7,28893.1"
2026-05-20T06:41:00.000+07:00,"28893,28903.8,28890.7,28898.3"
2026-05-20T06:42:00.000+07:00,"28898.2,28901.7,28894.7,28900.8"
2026-05-20T06:43:00.000+07:00,"28900.7,28907.2,28900.7,28902.9"
2026-05-20T06:44:00.000+07:00,"28902.8,28903.4,28900.4,28900.7"
2026-05-20T06:45:00.000+07:00,"28900.6,28902.4,28891.2,28894.8"
2026-05-20T06:46:00.000+07:00,"28896.2,28899.5,28876.9,28884.6"
2026-05-20T06:47:00.000+07:00,"28885,28886.4,28878.4,28879.4"
2026-05-20T06:48:00.000+07:00,"28880.6,28888.7,28878.9,28887.9"
2026-05-20T06:49:00.000+07:00,"28887.7,28888.4,28872.5,28875.9"
2026-05-20T06:50:00.000+07:00,"28876.2,28878.9,28864.7,28869.2"
2026-05-20T06:51:00.000+07:00,"28868.4,28875.1,28865.9,28868.9"
2026-05-20T06:52:00.000+07:00,"28869.8,28870.2,28857.3,28867.7"
2026-05-20T06:53:00.000+07:00,"28867.8,28873,28864.8,28872.9"
2026-05-20T06:54:00.000+07:00,"28872.4,28873.9,28864.3,28868.4"
2026-05-20T06:55:00.000+07:00,"28868.5,28871.7,28867.8,28870.5"
2026-05-20T06:56:00.000+07:00,"28870.3,28872.2,28865.4,28868.8"
2026-05-20T06:57:00.000+07:00,"28868.9,28870.6,28866.7,28866.7"
2026-05-20T06:58:00.000+07:00,"28866.6,28869.1,28861.1,28862.4"
2026-05-20T06:59:00.000+07:00,"28862.6,28863.2,28850.9,28855.7"
2026-05-20T07:00:00.000+07:00,"28854.9,28855.5,28813.3,28820.2"
2026-05-20T07:01:00.000+07:00,"28821.7,28832,28815.7,28820.3"
2026-05-20T07:02:00.000+07:00,"28819.9,28840.2,28819,28833.6"
2026-05-20T07:03:00.000+07:00,"28833.7,28838.3,28821.7,28836.3"
2026-05-20T07:04:00.000+07:00,"28836.4,28836.5,28824.7,28827.1"
2026-05-20T07:05:00.000+07:00,"28828.6,28830.3,28814.1,28817.7"
2026-05-20T07:06:00.000+07:00,"28817.6,28817.6,28788.9,28809"
2026-05-20T07:07:00.000+07:00,"28801.1,28806,28782.4,28788.3"
2026-05-20T07:08:00.000+07:00,"28788.2,28790.2,28764.2,28775.7"
2026-05-20T07:09:00.000+07:00,"28775.8,28795.4,28773.2,28787.3"
2026-05-20T07:10:00.000+07:00,"28787,28795,28773.3,28790.9"
2026-05-20T07:11:00.000+07:00,"28783,28790.9,28775.6,28779.6"
2026-05-20T07:12:00.000+07:00,"28779.7,28781.5,28768.6,28770.2"
2026-05-20T07:13:00.000+07:00,"28769.5,28773.7,28731.6,28737.5"
2026-05-20T07:14:00.000+07:00,"28737.7,28748.1,28722.4,28736.9"
2026-05-20T07:15:00.000+07:00,"28736.7,28739.6,28715.3,28723.1"
2026-05-20T07:16:00.000+07:00,"28722.8,28731.8,28720.5,28722.6"
2026-05-20T07:17:00.000+07:00,"28722.8,28746.5,28705.1,28744.5"
2026-05-20T07:18:00.000+07:00,"28744.4,28745.1,28721.2,28729.4"
2026-05-20T07:19:00.000+07:00,"28729.5,28734.9,28724.3,28731.9"
2026-05-20T07:20:00.000+07:00,"28731.7,28741.4,28724.9,28736.7"
2026-05-20T07:21:00.000+07:00,"28736.6,28742.3,28726.6,28733.7"
2026-05-20T07:22:00.000+07:00,"28733.6,28735.4,28720.2,28724.5"
2026-05-20T07:23:00.000+07:00,"28724.2,28727.3,28714.2,28722.6"
2026-05-20T07:24:00.000+07:00,"28722.7,28749.7,28722.5,28743.3"
2026-05-20T07:25:00.000+07:00,"28743.8,28783.8,28740.9,28776"
2026-05-20T07:26:00.000+07:00,"28775.9,28779.7,28756.8,28764.9"
2026-05-20T07:27:00.000+07:00,"28765,28784.5,28762.7,28784.2"
2026-05-20T07:28:00.000+07:00,"28784.3,28792.5,28779.5,28787.6"
2026-05-20T07:29:00.000+07:00,"28787.8,28798.9,28785.8,28798.7"
2026-05-20T07:30:00.000+07:00,"28798.1,28841.7,28796.9,28837"
2026-05-20T07:31:00.000+07:00,"28840.1,28852.3,28834,28839.1"
2026-05-20T07:32:00.000+07:00,"28837.7,28843.4,28816.9,28818.8"
2026-05-20T07:33:00.000+07:00,"28818.9,28823.5,28800.6,28803.7"
2026-05-20T07:34:00.000+07:00,"28803.8,28832.7,28801.6,28831.3"
2026-05-20T07:35:00.000+07:00,"28832.7,28850.2,28832.7,28835.8"
2026-05-20T07:36:00.000+07:00,"28835.6,28840,28824.6,28838.3"
2026-05-20T07:37:00.000+07:00,"28838.4,28847.5,28824.5,28832.3"
2026-05-20T07:38:00.000+07:00,"28831.3,28834.5,28808.1,28821.5"
2026-05-20T07:39:00.000+07:00,"28822,28831.8,28812.4,28814.2"
2026-05-20T07:40:00.000+07:00,"28812.9,28835.8,28810.6,28834.3"
2026-05-20T07:41:00.000+07:00,"28834.2,28844.9,28829.4,28837.1"
2026-05-20T07:42:00.000+07:00,"28836.2,28837.3,28815.3,28815.3"
2026-05-20T07:43:00.000+07:00,"28815.1,28818.1,28804.6,28818"
2026-05-20T07:44:00.000+07:00,"28817.4,28837.8,28811.4,28831.8"
2026-05-20T07:45:00.000+07:00,"28831.7,28836.1,28825.5,28832.9"
2026-05-20T07:46:00.000+07:00,"28832.7,28842.5,28828.1,28837.9"
2026-05-20T07:47:00.000+07:00,"28837.8,28858.9,28835.2,28846.8"
2026-05-20T07:48:00.000+07:00,"28846.7,28851.6,28830.3,28847.4"
2026-05-20T07:49:00.000+07:00,"28846.7,28851.7,28837.9,28849.9"
2026-05-20T07:50:00.000+07:00,"28850,28854.8,28839.7,28842.3"
2026-05-20T07:51:00.000+07:00,"28842.1,28849,28841.8,28843.6"
2026-05-20T07:52:00.000+07:00,"28843.8,28847.5,28834.4,28836.7"
2026-05-20T07:53:00.000+07:00,"28837.1,28850.7,28835.7,28850"
2026-05-20T07:54:00.000+07:00,"28849.8,28877.5,28845.3,28862.6"
2026-05-20T07:55:00.000+07:00,"28863.6,28869.6,28856.5,28866.7"
2026-05-20T07:56:00.000+07:00,"28866.5,28868.6,28849.8,28853.6"
2026-05-20T07:57:00.000+07:00,"28853.9,28862.5,28842.7,28844.8"
2026-05-20T07:58:00.000+07:00,"28844.6,28851.1,28837,28843.1"
2026-05-20T07:59:00.000+07:00,"28842.9,28851.8,28841.2,28842.5"
2026-05-20T08:00:00.000+07:00,"28842.7,28852.3,28829.4,28838.9"
2026-05-20T08:01:00.000+07:00,"28838.1,28839.1,28825.6,28825.9"
2026-05-20T08:02:00.000+07:00,"28825.7,28832.3,28815.1,28827.9"
2026-05-20T08:03:00.000+07:00,"28827.7,28841.8,28821.7,28837.3"
2026-05-20T08:04:00.000+07:00,"28837.2,28851.6,28830.8,28845.1"
2026-05-20T08:05:00.000+07:00,"28845,28849.8,28822.5,28824.7"
2026-05-20T08:06:00.000+07:00,"28825.1,28828.6,28804.8,28809.8"
2026-05-20T08:07:00.000+07:00,"28810,28818.8,28806.5,28810.9"
2026-05-20T08:08:00.000+07:00,"28810.6,28841.4,28805.9,28836.3"
2026-05-20T08:09:00.000+07:00,"28836.4,28859.3,28835.3,28857.7"
2026-05-20T08:10:00.000+07:00,"28858,28885,28855.3,28867.2"
2026-05-20T08:11:00.000+07:00,"28867.1,28871.6,28856.9,28861.9"
2026-05-20T08:12:00.000+07:00,"28862.1,28882.1,28860.1,28864.2"
2026-05-20T08:13:00.000+07:00,"28864.4,28870.3,28855.7,28869.4"
2026-05-20T08:14:00.000+07:00,"28878.3,28883.6,28866.4,28878.4"
2026-05-20T08:15:00.000+07:00,"28878.1,28881.3,28869.7,28871.9"
2026-05-20T08:16:00.000+07:00,"28871.8,28883,28870.5,28875.3"
2026-05-20T08:17:00.000+07:00,"28875.6,28876.6,28857.3,28872.3"
2026-05-20T08:18:00.000+07:00,"28872.6,28880.3,28864.4,28873.1"
2026-05-20T08:19:00.000+07:00,"28873.3,28873.8,28864.1,28872.9"
2026-05-20T08:20:00.000+07:00,"28873.4,28890.4,28872.9,28885.2"
2026-05-20T08:21:00.000+07:00,"28885.1,28889.5,28876.5,28886.9"
2026-05-20T08:22:00.000+07:00,"28886.8,28888,28875.1,28875.5"
2026-05-20T08:23:00.000+07:00,"28875.3,28877.5,28861.6,28864.6"
2026-05-20T08:24:00.000+07:00,"28865.1,28865.8,28844.4,28846.6"
2026-05-20T08:25:00.000+07:00,"28846,28855.6,28840.3,28848.7"
2026-05-20T08:26:00.000+07:00,"28848.8,28849.8,28827.5,28829.7"
2026-05-20T08:27:00.000+07:00,"28830,28831.3,28822.3,28831.2"
2026-05-20T08:28:00.000+07:00,"28830.7,28836.8,28816.4,28816.5"
2026-05-20T08:29:00.000+07:00,"28815.9,28820.9,28806.1,28815.3"
2026-05-20T08:30:00.000+07:00,"28815.4,28817,28801.2,28805.2"
2026-05-20T08:31:00.000+07:00,"28805.4,28815.1,28792.4,28793.3"
2026-05-20T08:32:00.000+07:00,"28794,28808.6,28785.8,28807.1"
2026-05-20T08:33:00.000+07:00,"28807.3,28830.2,28807.1,28822.6"
2026-05-20T08:34:00.000+07:00,"28822.4,28822.6,28787.8,28787.8"
2026-05-20T08:35:00.000+07:00,"28788,28799.5,28778.9,28796.1"
2026-05-20T08:36:00.000+07:00,"28796.6,28796.6,28764.4,28778.2"
2026-05-20T08:37:00.000+07:00,"28777.7,28799.3,28776,28793.3"
2026-05-20T08:38:00.000+07:00,"28793.4,28796.7,28786.5,28789"
2026-05-20T08:39:00.000+07:00,"28789.1,28810.4,28787,28807.1"
2026-05-20T08:40:00.000+07:00,"28807.6,28808.6,28794.5,28799.1"
2026-05-20T08:41:00.000+07:00,"28799.3,28799.3,28773.8,28780.5"
2026-05-20T08:42:00.000+07:00,"28780.4,28794.9,28777.5,28790.9"
2026-05-20T08:43:00.000+07:00,"28790.8,28794.2,28785.2,28793.2"
2026-05-20T08:44:00.000+07:00,"28793,28811,28792.6,28810.6"
2026-05-20T08:45:00.000+07:00,"28810.7,28823.7,28808.4,28817.9"
2026-05-20T08:46:00.000+07:00,"28817.6,28818.7,28804.6,28813.7"
2026-05-20T08:47:00.000+07:00,"28813.9,28818,28809.5,28814.3"
2026-05-20T08:48:00.000+07:00,"28814.4,28820.8,28811.5,28819.6"
2026-05-20T08:49:00.000+07:00,"28819.8,28845.4,28818.4,28843.2"
2026-05-20T08:50:00.000+07:00,"28843.1,28902.1,28840.4,28883.9"
2026-05-20T08:51:00.000+07:00,"28884.2,28894.8,28858.2,28866.8"
2026-05-20T08:52:00.000+07:00,"28867.3,28880.1,28867.3,28871"
2026-05-20T08:53:00.000+07:00,"28871.4,28884.1,28869.6,28877.8"
2026-05-20T08:54:00.000+07:00,"28877.7,28888.9,28873.6,28886.6"
2026-05-20T08:55:00.000+07:00,"28886.9,28892.4,28879.1,28888.6"
2026-05-20T08:56:00.000+07:00,"28888.7,28894.4,28882.9,28886.5"
2026-05-20T08:57:00.000+07:00,"28886.1,28889.6,28875,28876.9"
2026-05-20T08:58:00.000+07:00,"28876.8,28890.1,28875.8,28885.8"
2026-05-20T08:59:00.000+07:00,"28886.1,28888.3,28881.5,28884.1"
2026-05-20T09:00:00.000+07:00,"28883.8,28892.7,28883.8,28889.9"
2026-05-20T09:01:00.000+07:00,"28889.6,28896.9,28872.3,28874.7"
2026-05-20T09:02:00.000+07:00,"28874.6,28885.8,28871.4,28885.1"
2026-05-20T09:03:00.000+07:00,"28885,28886.9,28874.6,28881.6"
2026-05-20T09:04:00.000+07:00,"28881.5,28886.9,28873.8,28876.9"
2026-05-20T09:05:00.000+07:00,"28876.8,28890.5,28873.2,28884.6"
2026-05-20T09:06:00.000+07:00,"28884.9,28892,28873,28875.2"
2026-05-20T09:07:00.000+07:00,"28875.3,28887.1,28872,28880.9"
2026-05-20T09:08:00.000+07:00,"28880.7,28888.5,28880.1,28883.1"
2026-05-20T09:09:00.000+07:00,"28883.2,28884.8,28871.1,28871.3"
2026-05-20T09:10:00.000+07:00,"28871.5,28890.2,28869.7,28888.5"
2026-05-20T09:11:00.000+07:00,"28888.4,28892.3,28873.3,28874.2"
2026-05-20T09:12:00.000+07:00,"28874.5,28885.8,28873.1,28884.7"
2026-05-20T09:13:00.000+07:00,"28884.6,28889.7,28877.9,28881.7"
2026-05-20T09:14:00.000+07:00,"28881.5,28891,28881.3,28886.4"
2026-05-20T09:15:00.000+07:00,"28886.5,28889.6,28881.6,28883.1"
2026-05-20T09:16:00.000+07:00,"28883,28906,28881.9,28897.4"
2026-05-20T09:17:00.000+07:00,"28897.3,28900.9,28879.7,28883.2"
2026-05-20T09:18:00.000+07:00,"28883.1,28889.5,28880,28882.4"
2026-05-20T09:19:00.000+07:00,"28882.5,28892,28879.7,28887.8"
2026-05-20T09:20:00.000+07:00,"28888,28891.6,28882.7,28884.2"
2026-05-20T09:21:00.000+07:00,"28884.3,28892.3,28882.5,28887.8"
2026-05-20T09:22:00.000+07:00,"28888.1,28899.8,28885.5,28892.4"
2026-05-20T09:23:00.000+07:00,"28892.6,28915.3,28891.1,28915.3"
2026-05-20T09:24:00.000+07:00,"28914.7,28922.7,28904.2,28908.2"
2026-05-20T09:25:00.000+07:00,"28908.1,28914,28893.8,28896.8"
2026-05-20T09:26:00.000+07:00,"28896.9,28898.1,28888.9,28895.6"
2026-05-20T09:27:00.000+07:00,"28895.5,28896.2,28876.3,28877.1"
2026-05-20T09:28:00.000+07:00,"28876.8,28883.2,28875.1,28881.8"
2026-05-20T09:29:00.000+07:00,"28881.3,28881.5,28863.5,28863.8"
2026-05-20T09:30:00.000+07:00,"28863.3,28863.3,28834.1,28839.5"
2026-05-20T09:31:00.000+07:00,"28839.7,28853.1,28811.9,28813.6"
2026-05-20T09:32:00.000+07:00,"28813.2,28823,28804.8,28821.7"
2026-05-20T09:33:00.000+07:00,"28821.4,28822.5,28807.5,28810.1"
2026-05-20T09:34:00.000+07:00,"28810.3,28832.1,28806.1,28824.3"
2026-05-20T09:35:00.000+07:00,"28824.1,28827,28807,28808.3"
2026-05-20T09:36:00.000+07:00,"28808.2,28811.2,28793,28811.2"
2026-05-20T09:37:00.000+07:00,"28810.4,28816.9,28801.9,28806.1"
2026-05-20T09:38:00.000+07:00,"28806,28813.4,28799,28806.9"
2026-05-20T09:39:00.000+07:00,"28806.2,28813,28799.2,28804.4"
2026-05-20T09:40:00.000+07:00,"28803.9,28817.4,28797.2,28817.1"
2026-05-20T09:41:00.000+07:00,"28817.2,28821.7,28803.4,28807.3"
2026-05-20T09:42:00.000+07:00,"28807.2,28809.5,28798.1,28805.8"
2026-05-20T09:43:00.000+07:00,"28804.7,28808.1,28797.2,28799.4"
2026-05-20T09:44:00.000+07:00,"28799.7,28803.9,28788.2,28789.1"
2026-05-20T09:45:00.000+07:00,"28788.8,28792.1,28780.8,28781.2"
2026-05-20T09:46:00.000+07:00,"28781.3,28797.1,28777.6,28791.1"
2026-05-20T09:47:00.000+07:00,"28791.4,28805.6,28789.8,28804"
2026-05-20T09:48:00.000+07:00,"28803.5,28811.8,28795.9,28795.9"
2026-05-20T09:49:00.000+07:00,"28796.4,28800.8,28786.3,28786.6"
2026-05-20T09:50:00.000+07:00,"28786.9,28788.2,28771.6,28784.8"
2026-05-20T09:51:00.000+07:00,"28784.4,28794.5,28781.4,28792"
2026-05-20T09:52:00.000+07:00,"28792.2,28796.2,28788.9,28795.4"
2026-05-20T09:53:00.000+07:00,"28795.6,28800.3,28792.6,28793.9"
2026-05-20T09:54:00.000+07:00,"28792.9,28798.2,28791.4,28793.1"
2026-05-20T09:55:00.000+07:00,"28792.9,28798.4,28785.2,28795.4"
2026-05-20T09:56:00.000+07:00,"28796.1,28797.4,28790.1,28794.1"
2026-05-20T09:57:00.000+07:00,"28794,28801.5,28792.3,28799.1"
2026-05-20T09:58:00.000+07:00,"28799,28805.8,28793.6,28796.2"
2026-05-20T09:59:00.000+07:00,"28796.1,28796.5,28787.9,28790.4"
2026-05-20T10:00:00.000+07:00,"28790.5,28790.5,28775.9,28780.1"
2026-05-20T10:01:00.000+07:00,"28780.2,28780.7,28757.5,28765.8"
2026-05-20T10:02:00.000+07:00,"28766,28769.7,28759.8,28763.2"
2026-05-20T10:03:00.000+07:00,"28762.8,28774.2,28759.3,28768.3"
2026-05-20T10:04:00.000+07:00,"28768.4,28771.3,28762.9,28763.7"
2026-05-20T10:05:00.000+07:00,"28763.8,28769.4,28759.6,28762.6"
2026-05-20T10:06:00.000+07:00,"28763.9,28768.1,28762.3,28765.8"
2026-05-20T10:07:00.000+07:00,"28765.9,28771.7,28763.5,28763.5"
2026-05-20T10:08:00.000+07:00,"28762.5,28767.7,28761,28765.3"
2026-05-20T10:09:00.000+07:00,"28765.2,28774.5,28764.9,28768.5"
2026-05-20T10:10:00.000+07:00,"28768.4,28769,28757.6,28758.7"
2026-05-20T10:11:00.000+07:00,"28758.2,28767.7,28749.8,28762.6"
2026-05-20T10:12:00.000+07:00,"28763,28766.2,28757.2,28763.9"
2026-05-20T10:13:00.000+07:00,"28763.7,28763.7,28752.7,28753.2"
2026-05-20T10:14:00.000+07:00,"28753,28754.5,28744.3,28751"
2026-05-20T10:15:00.000+07:00,"28751.1,28756.4,28746,28754.7"
2026-05-20T10:16:00.000+07:00,"28754.8,28765.4,28751.8,28763.2"
2026-05-20T10:17:00.000+07:00,"28764.3,28774.3,28762,28770.1"
2026-05-20T10:18:00.000+07:00,"28770,28780,28766.9,28776"
2026-05-20T10:19:00.000+07:00,"28775.8,28784.3,28773.1,28783.8"
2026-05-20T10:20:00.000+07:00,"28783.5,28788.1,28779,28780.1"
2026-05-20T10:21:00.000+07:00,"28778.7,28780.4,28771.4,28775.2"
2026-05-20T10:22:00.000+07:00,"28775,28780.6,28772,28773.2"
2026-05-20T10:23:00.000+07:00,"28773.4,28773.4,28763.6,28765.5"
2026-05-20T10:24:00.000+07:00,"28765.4,28766.1,28753.3,28756.8"
2026-05-20T10:25:00.000+07:00,"28756.9,28759.8,28754.8,28757.5"
2026-05-20T10:26:00.000+07:00,"28757.4,28773.6,28757,28771.7"
2026-05-20T10:27:00.000+07:00,"28771.9,28783.6,28770.8,28782.6"
2026-05-20T10:28:00.000+07:00,"28782.8,28795.7,28780.2,28783.1"
2026-05-20T10:29:00.000+07:00,"28783.7,28794.4,28781.3,28790.1"
2026-05-20T10:30:00.000+07:00,"28787.7,28791.9,28768.6,28773"
2026-05-20T10:31:00.000+07:00,"28772.7,28779,28763.9,28777.5"
2026-05-20T10:32:00.000+07:00,"28777.6,28791.4,28777.5,28786.8"
2026-05-20T10:33:00.000+07:00,"28786.9,28787.8,28775.2,28787.6"
2026-05-20T10:34:00.000+07:00,"28787.9,28793.3,28781.8,28789.1"
2026-05-20T10:35:00.000+07:00,"28788.5,28795.7,28783.4,28789.3"
2026-05-20T10:36:00.000+07:00,"28789,28798.7,28787,28796.6"
2026-05-20T10:37:00.000+07:00,"28797,28810.8,28797,28809.4"
2026-05-20T10:38:00.000+07:00,"28809.5,28815.1,28803.7,28804.8"
2026-05-20T10:39:00.000+07:00,"28804.7,28815.3,28801.5,28814.1"
2026-05-20T10:40:00.000+07:00,"28814.6,28816.5,28808,28812"
2026-05-20T10:41:00.000+07:00,"28812.1,28817.8,28805.7,28816.5"
2026-05-20T10:42:00.000+07:00,"28815.2,28818,28805.9,28807.3"
2026-05-20T10:43:00.000+07:00,"28807,28807.7,28798,28798.5"
2026-05-20T10:44:00.000+07:00,"28798.3,28804.9,28797.6,28798.6"
2026-05-20T10:45:00.000+07:00,"28798.8,28804.9,28793.7,28794.6"
2026-05-20T10:46:00.000+07:00,"28794.9,28802.3,28790.9,28799"
2026-05-20T10:47:00.000+07:00,"28796.6,28804.1,28795.9,28800.9"
2026-05-20T10:48:00.000+07:00,"28801.3,28802.6,28791.7,28792.4"
2026-05-20T10:49:00.000+07:00,"28792.3,28797.8,28788.2,28796.3"
2026-05-20T10:50:00.000+07:00,"28795.8,28796.7,28786.7,28790.7"
2026-05-20T10:51:00.000+07:00,"28790.8,28802.5,28790.8,28795.2"
2026-05-20T10:52:00.000+07:00,"28795.3,28796.3,28790.7,28792.1"
2026-05-20T10:53:00.000+07:00,"28792.3,28795.8,28789.5,28794.1"
2026-05-20T10:54:00.000+07:00,"28794.3,28795.8,28790,28790.9"
2026-05-20T10:55:00.000+07:00,"28791.7,28797.9,28787.2,28797.4"
2026-05-20T10:56:00.000+07:00,"28797.5,28797.5,28790.7,28795.4"
2026-05-20T10:57:00.000+07:00,"28795.2,28808.5,28794.9,28807.3"
2026-05-20T10:58:00.000+07:00,"28807.2,28808.3,28800.5,28801.6"
2026-05-20T10:59:00.000+07:00,"28801.5,28803.6,28797,28800.7"
2026-05-20T11:00:00.000+07:00,"28801.4,28833.1,28801.2,28830.6"
2026-05-20T11:01:00.000+07:00,"28830.1,28835.4,28820.8,28823.9"
2026-05-20T11:02:00.000+07:00,"28823.6,28841.8,28821.7,28833.9"
2026-05-20T11:03:00.000+07:00,"28833.2,28834,28811,28813.5"
2026-05-20T11:04:00.000+07:00,"28813.4,28830.5,28812.8,28828"
2026-05-20T11:05:00.000+07:00,"28827.9,28832.5,28824.9,28824.9"
2026-05-20T11:06:00.000+07:00,"28825.2,28831.4,28822.6,28825.9"
2026-05-20T11:07:00.000+07:00,"28826.7,28831.7,28825.4,28830.2"
2026-05-20T11:08:00.000+07:00,"28830.5,28835.9,28828.2,28831.4"
2026-05-20T11:09:00.000+07:00,"28831.2,28836.8,28831.2,28834.4"
2026-05-20T11:10:00.000+07:00,"28834.3,28838.1,28832.7,28833.9"
2026-05-20T11:11:00.000+07:00,"28834,28835.3,28817.7,28818.8"
2026-05-20T11:12:00.000+07:00,"28818.7,28820.7,28808.5,28813.6"
2026-05-20T11:13:00.000+07:00,"28813.5,28833.6,28810.6,28833.6"
2026-05-20T11:14:00.000+07:00,"28834.2,28847.3,28834.1,28845"
2026-05-20T11:15:00.000+07:00,"28845.1,28845.9,28838.6,28842.1"
2026-05-20T11:16:00.000+07:00,"28842.2,28855.6,28841,28846.3"
2026-05-20T11:17:00.000+07:00,"28846.6,28847.3,28835.2,28840.5"
2026-05-20T11:18:00.000+07:00,"28841,28842.4,28831.2,28834.1"
2026-05-20T11:19:00.000+07:00,"28833,28833.4,28821.5,28824"
2026-05-20T11:20:00.000+07:00,"28824.1,28831.6,28820,28828"
2026-05-20T11:21:00.000+07:00,"28827.9,28831.1,28822.4,28829.1"
2026-05-20T11:22:00.000+07:00,"28829.7,28834.8,28824.8,28834"
2026-05-20T11:23:00.000+07:00,"28834.1,28836.8,28830.8,28832.3"
2026-05-20T11:24:00.000+07:00,"28832.1,28833.8,28827.5,28828.3"
2026-05-20T11:25:00.000+07:00,"28827.6,28829,28823,28825.9"
2026-05-20T11:26:00.000+07:00,"28825.7,28827.1,28818.2,28818.5"
2026-05-20T11:27:00.000+07:00,"28818.6,28825.3,28815.4,28825.1"
2026-05-20T11:28:00.000+07:00,"28825.5,28832.1,28822.7,28829.6"
2026-05-20T11:29:00.000+07:00,"28829.4,28837,28829.2,28836.3"
2026-05-20T11:30:00.000+07:00,"28835.6,28838.6,28822.2,28823.3"
2026-05-20T11:31:00.000+07:00,"28823.5,28825.6,28819.3,28823.6"
2026-05-20T11:32:00.000+07:00,"28823.5,28829.4,28818.7,28821.5"
2026-05-20T11:33:00.000+07:00,"28821.7,28822.3,28807.7,28810.9"
2026-05-20T11:34:00.000+07:00,"28811.1,28814.5,28808.6,28813.3"
2026-05-20T11:35:00.000+07:00,"28813,28813.2,28800.5,28802.6"
2026-05-20T11:36:00.000+07:00,"28802.8,28802.8,28792.7,28795.5"
2026-05-20T11:37:00.000+07:00,"28795.6,28810,28793.6,28803.9"
2026-05-20T11:38:00.000+07:00,"28804.9,28809.1,28797.6,28800.9"
2026-05-20T11:39:00.000+07:00,"28800.8,28803,28795.4,28799.8"
2026-05-20T11:40:00.000+07:00,"28799.6,28805.3,28797.8,28804.6"
2026-05-20T11:41:00.000+07:00,"28804.9,28806.5,28792,28792.5"
2026-05-20T11:42:00.000+07:00,"28792.3,28798.6,28789.8,28795.1"
2026-05-20T11:43:00.000+07:00,"28795,28804.9,28794.5,28797.5"
2026-05-20T11:44:00.000+07:00,"28797.4,28797.4,28790,28792"
2026-05-20T11:45:00.000+07:00,"28791.9,28799.3,28789.3,28797"
2026-05-20T11:46:00.000+07:00,"28796.6,28796.7,28791.8,28793.7"
2026-05-20T11:47:00.000+07:00,"28794.7,28800.1,28787.3,28788.6"
2026-05-20T11:48:00.000+07:00,"28788.4,28798.5,28787.6,28795.5"
2026-05-20T11:49:00.000+07:00,"28795.6,28796.9,28790.7,28795.3"
2026-05-20T11:50:00.000+07:00,"28794.4,28804.5,28793.7,28800.1"
2026-05-20T11:51:00.000+07:00,"28800,28800.9,28795.4,28799"
2026-05-20T11:52:00.000+07:00,"28798.7,28799.7,28788.2,28790.2"
2026-05-20T11:53:00.000+07:00,"28789.9,28795.1,28781.2,28781.7"
2026-05-20T11:54:00.000+07:00,"28781.8,28786.2,28778.7,28784.2"
2026-05-20T11:55:00.000+07:00,"28784.5,28785.7,28775.3,28778.4"
2026-05-20T11:56:00.000+07:00,"28778.2,28783.9,28776.6,28781.5"
2026-05-20T11:57:00.000+07:00,"28781.3,28783.9,28778.1,28783.3"
2026-05-20T11:58:00.000+07:00,"28783,28791.3,28780.8,28790.5"
2026-05-20T11:59:00.000+07:00,"28790,28793.6,28787.7,28788.5"
2026-05-20T12:00:00.000+07:00,"28788.6,28813.8,28787,28812.3"
2026-05-20T12:01:00.000+07:00,"28811.6,28835.1,28811.6,28834.9"
2026-05-20T12:02:00.000+07:00,"28836.4,28846.5,28827.9,28830.8"
2026-05-20T12:03:00.000+07:00,"28830.9,28837.6,28823.9,28833.1"
2026-05-20T12:04:00.000+07:00,"28833.9,28837.4,28829.1,28830"
2026-05-20T12:05:00.000+07:00,"28830.1,28835.3,28828.9,28834.2"
2026-05-20T12:06:00.000+07:00,"28834,28841.2,28830,28832.3"
2026-05-20T12:07:00.000+07:00,"28832.5,28834.8,28827.3,28831"
2026-05-20T12:08:00.000+07:00,"28830.7,28833.7,28825.8,28829.3"
2026-05-20T12:09:00.000+07:00,"28829.4,28836.3,28825.4,28825.5"
2026-05-20T12:10:00.000+07:00,"28826,28828.4,28815.2,28818.8"
2026-05-20T12:11:00.000+07:00,"28817.7,28833.1,28816.1,28830.1"
2026-05-20T12:12:00.000+07:00,"28829.9,28830,28815.9,28819.5"
2026-05-20T12:13:00.000+07:00,"28819.8,28823.3,28815.3,28816.3"
2026-05-20T12:14:00.000+07:00,"28816.2,28822.6,28816,28819.3"
2026-05-20T12:15:00.000+07:00,"28818.9,28819.3,28804.2,28809"
2026-05-20T12:16:00.000+07:00,"28809.1,28809.8,28797.5,28798.1"
2026-05-20T12:17:00.000+07:00,"28797.3,28809.8,28797.3,28806.9"
2026-05-20T12:18:00.000+07:00,"28806.8,28810.4,28801.1,28803.9"
2026-05-20T12:19:00.000+07:00,"28803.4,28814.3,28801.5,28814.3"
2026-05-20T12:20:00.000+07:00,"28814.8,28831.1,28814.8,28829.6"
2026-05-20T12:21:00.000+07:00,"28830,28831.4,28821.5,28825.3"
2026-05-20T12:22:00.000+07:00,"28825.5,28834.3,28820.1,28833.5"
2026-05-20T12:23:00.000+07:00,"28833.3,28845.1,28832.8,28837.9"
2026-05-20T12:24:00.000+07:00,"28837.7,28842.9,28828.7,28840.3"
2026-05-20T12:25:00.000+07:00,"28840.5,28841.9,28825.4,28828.4"
2026-05-20T12:26:00.000+07:00,"28828.2,28830.8,28817.9,28819.5"
2026-05-20T12:27:00.000+07:00,"28819.4,28822.3,28811.7,28812.7"
2026-05-20T12:28:00.000+07:00,"28812.6,28818.8,28810.7,28814.7"
2026-05-20T12:29:00.000+07:00,"28815.4,28818.5,28809.3,28818.5"
2026-05-20T12:30:00.000+07:00,"28818.7,28844.6,28818.7,28843.7"
2026-05-20T12:31:00.000+07:00,"28843.8,28861.3,28843.2,28852.6"
2026-05-20T12:32:00.000+07:00,"28852.8,28867.6,28852.8,28860.6"
2026-05-20T12:33:00.000+07:00,"28860.7,28867.3,28854.2,28854.5"
2026-05-20T12:34:00.000+07:00,"28856.2,28859.5,28851.6,28859.1"
2026-05-20T12:35:00.000+07:00,"28859,28868.8,28858.6,28868"
2026-05-20T12:36:00.000+07:00,"28868.2,28871,28853.5,28859.8"
2026-05-20T12:37:00.000+07:00,"28859.9,28874.3,28859.1,28873"
2026-05-20T12:38:00.000+07:00,"28872.8,28882.6,28868.8,28873"
2026-05-20T12:39:00.000+07:00,"28873.4,28884,28869.4,28882.8"
2026-05-20T12:40:00.000+07:00,"28882.9,28887.6,28870,28870"
2026-05-20T12:41:00.000+07:00,"28870.1,28871.5,28856.2,28860.1"
2026-05-20T12:42:00.000+07:00,"28859.6,28864.7,28855.3,28855.5"
2026-05-20T12:43:00.000+07:00,"28855.7,28856.3,28848.9,28850.6"
2026-05-20T12:44:00.000+07:00,"28850.3,28854.9,28847.7,28848.2"
2026-05-20T12:45:00.000+07:00,"28848.8,28849.3,28840,28847.4"
2026-05-20T12:46:00.000+07:00,"28847.6,28849.1,28829.7,28831.5"
2026-05-20T12:47:00.000+07:00,"28831.7,28835.2,28824.8,28830.9"
2026-05-20T12:48:00.000+07:00,"28830.7,28834.5,28828,28830"
2026-05-20T12:49:00.000+07:00,"28830.2,28835,28828.1,28831.1"
2026-05-20T12:50:00.000+07:00,"28828.4,28836.6,28820.8,28821.3"
2026-05-20T12:51:00.000+07:00,"28821.4,28832.6,28819,28830.6"
2026-05-20T12:52:00.000+07:00,"28830.5,28856.1,28825.4,28855.5"
2026-05-20T12:53:00.000+07:00,"28856,28865.4,28854.9,28860.1"
2026-05-20T12:54:00.000+07:00,"28860.2,28866.4,28857.8,28861.6"
2026-05-20T12:55:00.000+07:00,"28861.5,28867.8,28858.1,28864.9"
2026-05-20T12:56:00.000+07:00,"28864.7,28867.7,28858.7,28860.1"
2026-05-20T12:57:00.000+07:00,"28860,28864,28854.6,28856.6"
2026-05-20T12:58:00.000+07:00,"28856.7,28865.3,28855.8,28856"
2026-05-20T12:59:00.000+07:00,"28856.3,28861.4,28855.1,28859.3"
2026-05-20T13:00:00.000+07:00,"28859.4,28877.9,28856,28872.7"
2026-05-20T13:01:00.000+07:00,"28873.6,28877.8,28866,28874.2"
2026-05-20T13:02:00.000+07:00,"28873.7,28881.3,28868,28871.6"
2026-05-20T13:03:00.000+07:00,"28872,28878,28870.5,28875.2"
2026-05-20T13:04:00.000+07:00,"28875.8,28879.7,28869.6,28872.9"
2026-05-20T13:05:00.000+07:00,"28873.2,28878.5,28868.9,28870.9"
2026-05-20T13:06:00.000+07:00,"28871.1,28873.1,28864,28865.3"
2026-05-20T13:07:00.000+07:00,"28864.8,28866.8,28858.5,28861.1"
2026-05-20T13:08:00.000+07:00,"28861.9,28872,28861.9,28871.3"
2026-05-20T13:09:00.000+07:00,"28869.8,28877.8,28863.2,28869"
2026-05-20T13:10:00.000+07:00,"28868.9,28869,28863.6,28865.7"
2026-05-20T13:11:00.000+07:00,"28865.9,28871.2,28863,28867.6"
2026-05-20T13:12:00.000+07:00,"28867.5,28876,28865.4,28867.9"
2026-05-20T13:13:00.000+07:00,"28868,28869.1,28862.6,28867.3"
2026-05-20T13:14:00.000+07:00,"28867.4,28877.7,28865.7,28877.3"
2026-05-20T13:15:00.000+07:00,"28877.2,28896.3,28877.2,28895.6"
2026-05-20T13:16:00.000+07:00,"28895.5,28898.2,28889.8,28891.4"
2026-05-20T13:17:00.000+07:00,"28891.8,28909.7,28891.4,28908.1"
2026-05-20T13:18:00.000+07:00,"28908.4,28909.5,28900.4,28908.2"
2026-05-20T13:19:00.000+07:00,"28908.1,28929.3,28907.3,28923"
2026-05-20T13:20:00.000+07:00,"28923.4,28931.1,28918.8,28924.3"
2026-05-20T13:21:00.000+07:00,"28924.1,28926.9,28917,28924"
2026-05-20T13:22:00.000+07:00,"28923.7,28926.7,28915.3,28920.7"
2026-05-20T13:23:00.000+07:00,"28920.8,28931.7,28917.7,28931.5"
2026-05-20T13:24:00.000+07:00,"28931.6,28933.4,28920.9,28921.3"
2026-05-20T13:25:00.000+07:00,"28921.1,28921.7,28910.6,28912.9"
2026-05-20T13:26:00.000+07:00,"28912.3,28921.4,28909.4,28920.3"
2026-05-20T13:27:00.000+07:00,"28920.2,28923.1,28915.8,28916.2"
2026-05-20T13:28:00.000+07:00,"28917,28923.9,28915.8,28917.8"
2026-05-20T13:29:00.000+07:00,"28918.5,28920.4,28909.4,28917.5"
2026-05-20T13:30:00.000+07:00,"28917.1,28921.6,28914.2,28917.7"
2026-05-20T13:31:00.000+07:00,"28917.8,28918.1,28901.1,28901.7"
2026-05-20T13:32:00.000+07:00,"28901.8,28911.3,28901,28909.2"
2026-05-20T13:33:00.000+07:00,"28909.3,28912.2,28905.2,28905.5"
2026-05-20T13:34:00.000+07:00,"28905.6,28912.6,28901,28902.6"
2026-05-20T13:35:00.000+07:00,"28902.4,28905.3,28896.2,28898.2"
2026-05-20T13:36:00.000+07:00,"28898.1,28902.7,28890.5,28899.6"
2026-05-20T13:37:00.000+07:00,"28899.7,28906.8,28895.9,28902.3"
2026-05-20T13:38:00.000+07:00,"28902.1,28921.2,28901.7,28917.7"
2026-05-20T13:39:00.000+07:00,"28916.8,28917.3,28903.4,28905.8"
2026-05-20T13:40:00.000+07:00,"28906,28907.4,28894.6,28899.9"
2026-05-20T13:41:00.000+07:00,"28900.5,28902.5,28891,28892.3"
2026-05-20T13:42:00.000+07:00,"28892.2,28896.2,28889.3,28889.3"
2026-05-20T13:43:00.000+07:00,"28889.8,28898.8,28889.8,28895.5"
2026-05-20T13:44:00.000+07:00,"28895.3,28896.2,28888.7,28891.3"
2026-05-20T13:45:00.000+07:00,"28891.1,28897.5,28890.4,28895"
2026-05-20T13:46:00.000+07:00,"28895.1,28904,28893.6,28896"
2026-05-20T13:47:00.000+07:00,"28895.6,28899.9,28895.3,28897.1"
2026-05-20T13:48:00.000+07:00,"28897.2,28901.2,28894.6,28900.8"
2026-05-20T13:49:00.000+07:00,"28901.2,28906.7,28899.7,28903.2"
2026-05-20T13:50:00.000+07:00,"28903.3,28917.2,28902.9,28917"
2026-05-20T13:51:00.000+07:00,"28916.8,28935.9,28913.4,28935.7"
2026-05-20T13:52:00.000+07:00,"28935.5,28937.7,28929.9,28932.2"
2026-05-20T13:53:00.000+07:00,"28932.3,28937.5,28926.8,28936.3"
2026-05-20T13:54:00.000+07:00,"28936.1,28939.5,28926.8,28930.8"
2026-05-20T13:55:00.000+07:00,"28930.9,28935.1,28928,28929.2"
2026-05-20T13:56:00.000+07:00,"28928.3,28934.6,28924.4,28933"
2026-05-20T13:57:00.000+07:00,"28932.9,28938.9,28932.8,28936.2"
2026-05-20T13:58:00.000+07:00,"28936,28936,28929.7,28932.2"
2026-05-20T13:59:00.000+07:00,"28932.3,28943.1,28932.3,28942.8"
2026-05-20T14:00:00.000+07:00,"28942.5,28952.2,28927.8,28938"
2026-05-20T14:01:00.000+07:00,"28938.3,28940.8,28929.5,28930"
2026-05-20T14:02:00.000+07:00,"28930.2,28946.9,28930,28931.8"
2026-05-20T14:03:00.000+07:00,"28931.5,28946.8,28930.3,28940.8"
2026-05-20T14:04:00.000+07:00,"28940.6,28942.9,28931.5,28936.1"
2026-05-20T14:05:00.000+07:00,"28936.6,28944.1,28935.7,28939.2"
2026-05-20T14:06:00.000+07:00,"28938.2,28945.7,28937.8,28942.6"
2026-05-20T14:07:00.000+07:00,"28942.3,28943.1,28929.5,28935"
2026-05-20T14:08:00.000+07:00,"28934.9,28942.3,28933.3,28940.3"
2026-05-20T14:09:00.000+07:00,"28940.1,28950.9,28935.6,28949.4"
2026-05-20T14:10:00.000+07:00,"28949.3,28950.5,28939.5,28942.6"
2026-05-20T14:11:00.000+07:00,"28942.7,28953.5,28936.3,28952.4"
2026-05-20T14:12:00.000+07:00,"28952.5,28957.1,28943.9,28946.4"
2026-05-20T14:13:00.000+07:00,"28946.6,28951.8,28943.2,28950.2"
2026-05-20T14:14:00.000+07:00,"28950.3,28950.3,28937,28938"
2026-05-20T14:15:00.000+07:00,"28938.1,28944.6,28937.6,28943.1"
2026-05-20T14:16:00.000+07:00,"28943,28943,28935.4,28940.4"
2026-05-20T14:17:00.000+07:00,"28941.1,28948.2,28938.1,28943.4"
2026-05-20T14:18:00.000+07:00,"28943.3,28949,28942.8,28946.8"
2026-05-20T14:19:00.000+07:00,"28946.7,28951.5,28945,28949"
2026-05-20T14:20:00.000+07:00,"28949.1,28958.8,28948.1,28957"
2026-05-20T14:21:00.000+07:00,"28956.8,28963.9,28955.6,28959"
2026-05-20T14:22:00.000+07:00,"28958.8,28963.1,28955.3,28962.2"
2026-05-20T14:23:00.000+07:00,"28962.1,28965.5,28957.5,28958.6"
2026-05-20T14:24:00.000+07:00,"28958.7,28968.5,28957.8,28966.5"
2026-05-20T14:25:00.000+07:00,"28966.4,28970.2,28962.9,28966.6"
2026-05-20T14:26:00.000+07:00,"28966.7,28968.2,28959.7,28962.2"
2026-05-20T14:27:00.000+07:00,"28961.9,28963.7,28952.3,28956.5"
2026-05-20T14:28:00.000+07:00,"28956.4,28959.5,28954.3,28957.1"
2026-05-20T14:29:00.000+07:00,"28956.7,28965.1,28955.1,28961.8"
2026-05-20T14:30:00.000+07:00,"28961.2,28962.1,28953.8,28953.8"
2026-05-20T14:31:00.000+07:00,"28954,28955.5,28946.1,28950.4"
2026-05-20T14:32:00.000+07:00,"28950.3,28953,28946.7,28949.5"
2026-05-20T14:33:00.000+07:00,"28949.7,28950.3,28943.5,28948.2"
2026-05-20T14:34:00.000+07:00,"28948,28952.5,28945.9,28951"
2026-05-20T14:35:00.000+07:00,"28947.7,28949.4,28940.7,28943.5"
2026-05-20T14:36:00.000+07:00,"28943.4,28943.6,28926.5,28929.7"
2026-05-20T14:37:00.000+07:00,"28929.5,28933.6,28926.7,28931.8"
2026-05-20T14:38:00.000+07:00,"28931.7,28937.3,28928.8,28930.4"
2026-05-20T14:39:00.000+07:00,"28930.5,28942.6,28928,28942.1"
2026-05-20T14:40:00.000+07:00,"28942,28948,28936.6,28947.2"
2026-05-20T14:41:00.000+07:00,"28947.3,28963.7,28947.2,28957.7"
2026-05-20T14:42:00.000+07:00,"28957.2,28958.9,28947.1,28948.7"
2026-05-20T14:43:00.000+07:00,"28948.8,28958.1,28947.8,28956.9"
2026-05-20T14:44:00.000+07:00,"28956.8,28959.3,28949.7,28950.8"
2026-05-20T14:45:00.000+07:00,"28950.3,28955.5,28944.7,28945.5"
2026-05-20T14:46:00.000+07:00,"28946.3,28949.3,28941.2,28947.3"
2026-05-20T14:47:00.000+07:00,"28947.2,28949.9,28944.2,28944.2"
2026-05-20T14:48:00.000+07:00,"28945,28950.6,28942.4,28945.2"
2026-05-20T14:49:00.000+07:00,"28945.3,28945.3,28933.3,28934.7"
2026-05-20T14:50:00.000+07:00,"28935.1,28937.3,28928,28928.7"
2026-05-20T14:51:00.000+07:00,"28928.3,28938.3,28926.4,28934.8"
2026-05-20T14:52:00.000+07:00,"28934.9,28936.9,28921.2,28923.7"
2026-05-20T14:53:00.000+07:00,"28923.5,28930.9,28919.9,28929.3"
2026-05-20T14:54:00.000+07:00,"28929.1,28942.7,28927,28941.8"
2026-05-20T14:55:00.000+07:00,"28941.9,28951.9,28934.4,28949.9"
2026-05-20T14:56:00.000+07:00,"28950.7,28954.1,28946,28946.8"
2026-05-20T14:57:00.000+07:00,"28947.8,28950.9,28932.6,28936.1"
2026-05-20T14:58:00.000+07:00,"28935.9,28941.4,28933.5,28934.2"
2026-05-20T14:59:00.000+07:00,"28933.1,28936.2,28931.1,28931.3"
2026-05-20T15:00:00.000+07:00,"28931.5,28948.6,28929.5,28943.7"
2026-05-20T15:01:00.000+07:00,"28943.8,28944.7,28928.7,28936"
2026-05-20T15:02:00.000+07:00,"28937.2,28952.8,28932.6,28950.5"
2026-05-20T15:03:00.000+07:00,"28950.7,28974.9,28949.8,28971.8"
2026-05-20T15:04:00.000+07:00,"28971.9,28977,28967.6,28974"
2026-05-20T15:05:00.000+07:00,"28973.4,28981.1,28969.7,28976.8"
2026-05-20T15:06:00.000+07:00,"28977.2,28991.9,28971.8,28991.3"
2026-05-20T15:07:00.000+07:00,"28991.4,28991.4,28977.8,28982.7"
2026-05-20T15:08:00.000+07:00,"28982.2,28986.6,28965,28970.7"
2026-05-20T15:09:00.000+07:00,"28971.3,28974.3,28960.1,28964.3"
2026-05-20T15:10:00.000+07:00,"28965.8,28966.9,28954.1,28960.6"
2026-05-20T15:11:00.000+07:00,"28960.8,28970.9,28957.1,28962.4"
2026-05-20T15:12:00.000+07:00,"28962.8,28967.1,28955.7,28957.4"
2026-05-20T15:13:00.000+07:00,"28957,28974.2,28956.6,28973.8"
2026-05-20T15:14:00.000+07:00,"28973.9,28988.3,28973.9,28985.4"
2026-05-20T15:15:00.000+07:00,"28985.3,28989.7,28977.2,28980.8"
2026-05-20T15:16:00.000+07:00,"28980.9,28982.2,28968.8,28978.7"
2026-05-20T15:17:00.000+07:00,"28978.8,28984.1,28975.9,28978.2"
2026-05-20T15:18:00.000+07:00,"28978.5,28992.2,28977.8,28990"
2026-05-20T15:19:00.000+07:00,"28989.7,28992.8,28985.4,28989.1"
2026-05-20T15:20:00.000+07:00,"28989.2,28990.7,28976.3,28977.6"
2026-05-20T15:21:00.000+07:00,"28977.5,28978.8,28965.8,28977.8"
2026-05-20T15:22:00.000+07:00,"28978,28980.4,28973.5,28977.1"
2026-05-20T15:23:00.000+07:00,"28976.7,28986.7,28969.4,28985.6"
2026-05-20T15:24:00.000+07:00,"28985.7,28989.3,28981.2,28987.8"
2026-05-20T15:25:00.000+07:00,"28988.1,28995.6,28981.8,28995.6"
2026-05-20T15:26:00.000+07:00,"28995.3,29000,28990,28995.4"
2026-05-20T15:27:00.000+07:00,"28995.2,29000.4,28985.8,28991.1"
2026-05-20T15:28:00.000+07:00,"28990.7,28994.9,28979,28980.7"
2026-05-20T15:29:00.000+07:00,"28980.9,28998.1,28978.1,28998.1"
2026-05-20T15:30:00.000+07:00,"28998.8,29015.9,28993.9,28995.4"
2026-05-20T15:31:00.000+07:00,"28995.5,29003.2,28991.2,28998"
2026-05-20T15:32:00.000+07:00,"28999.2,29006.2,28997.9,29005.9"
2026-05-20T15:33:00.000+07:00,"29005.6,29010.9,28999.2,29003.7"
2026-05-20T15:34:00.000+07:00,"29003.4,29012.4,29003.4,29010.4"
2026-05-20T15:35:00.000+07:00,"29010.3,29011.9,28997.8,29002.7"
2026-05-20T15:36:00.000+07:00,"29002.5,29013.5,29002.1,29010.2"
2026-05-20T15:37:00.000+07:00,"29010.4,29012.4,29003,29006.8"
2026-05-20T15:38:00.000+07:00,"29007,29028.3,29006.8,29025.9"
2026-05-20T15:39:00.000+07:00,"29025.8,29028.1,29020.4,29021.8"
2026-05-20T15:40:00.000+07:00,"29021.7,29024.9,29014.5,29022.3"
2026-05-20T15:41:00.000+07:00,"29022.4,29027,29014,29014.4"
2026-05-20T15:42:00.000+07:00,"29013.5,29019,29009.6,29018.3"
2026-05-20T15:43:00.000+07:00,"29020.3,29022.2,29018.1,29020.1"
2026-05-20T15:44:00.000+07:00,"29019.9,29024.4,29019.6,29021.8"
2026-05-20T15:45:00.000+07:00,"29021.3,29029.9,29018.7,29027.6"
2026-05-20T15:46:00.000+07:00,"29027.5,29042.2,29027,29034.9"
2026-05-20T15:47:00.000+07:00,"29035.6,29037.1,29034.2,29036.1"
2026-05-20T15:48:00.000+07:00,"29036,29038.5,29028.5,29029.6"
2026-05-20T15:49:00.000+07:00,"29029.5,29034.2,29027.5,29033.6"
2026-05-20T15:50:00.000+07:00,"29033.8,29036.4,29020,29021.8"
2026-05-20T15:51:00.000+07:00,"29022,29025.1,29018.9,29022.1"
2026-05-20T15:52:00.000+07:00,"29022,29030.5,29022,29026.3"
2026-05-20T15:53:00.000+07:00,"29026.4,29031,29018.5,29019.7"
2026-05-20T15:54:00.000+07:00,"29019.2,29024,29017.8,29020.9"
2026-05-20T15:55:00.000+07:00,"29020.8,29022.1,29013.2,29014.8"
2026-05-20T15:56:00.000+07:00,"29014.9,29015.6,29003.9,29006.3"
2026-05-20T15:57:00.000+07:00,"29006.4,29007.6,29000,29004.1"
2026-05-20T15:58:00.000+07:00,"29004.2,29009.7,29001.9,29005.9"
2026-05-20T15:59:00.000+07:00,"29005.8,29007.1,29002.4,29003.6"
2026-05-20T16:00:00.000+07:00,"29003.7,29003.7,28997.1,28999.6"
2026-05-20T16:01:00.000+07:00,"28999.7,29000.4,28993.4,28998.5"
2026-05-20T16:02:00.000+07:00,"28998.9,29004.6,28997.6,28999.1"
2026-05-20T16:03:00.000+07:00,"28999.4,29003.7,28995.1,29001.3"
2026-05-20T16:04:00.000+07:00,"29002.2,29006,28999.5,28999.9"
2026-05-20T16:05:00.000+07:00,"28999.8,29003.1,28986.9,28988.4"
2026-05-20T16:06:00.000+07:00,"28988.7,28994.2,28985.8,28990.7"
2026-05-20T16:07:00.000+07:00,"28991.2,29000.3,28989.7,28999.9"
2026-05-20T16:08:00.000+07:00,"28999.8,29000.4,28990.6,28992.4"
2026-05-20T16:09:00.000+07:00,"28992.1,28993.6,28986.1,28988"
2026-05-20T16:10:00.000+07:00,"28988.1,28999.9,28988.1,28999.3"
2026-05-20T16:11:00.000+07:00,"28999.5,29001.9,28994.7,29000.6"
2026-05-20T16:12:00.000+07:00,"29000.5,29006.8,28983.7,28983.8"
2026-05-20T16:13:00.000+07:00,"28984,28987.6,28982.7,28986.5"
2026-05-20T16:14:00.000+07:00,"28986.6,28986.6,28974.2,28974.2"
2026-05-20T16:15:00.000+07:00,"28974.3,28980.5,28971.5,28979.4"
2026-05-20T16:16:00.000+07:00,"28979.8,28983.4,28971.7,28973.7"
2026-05-20T16:17:00.000+07:00,"28973.1,28987.6,28970.3,28986.9"
2026-05-20T16:18:00.000+07:00,"28986.8,28995.2,28986.7,28992.4"
2026-05-20T16:19:00.000+07:00,"28992,28994.5,28989.2,28994.3"
2026-05-20T16:20:00.000+07:00,"28993.9,28998.9,28989.8,28989.9"
2026-05-20T16:21:00.000+07:00,"28990,28990.5,28975,28978.2"
2026-05-20T16:22:00.000+07:00,"28978.1,28985.5,28977.9,28980.2"
2026-05-20T16:23:00.000+07:00,"28979.7,28983.3,28976.2,28976.8"
2026-05-20T16:24:00.000+07:00,"28976.7,28982,28974.2,28981.5"
2026-05-20T16:25:00.000+07:00,"28981.3,28983.4,28976.6,28979"
2026-05-20T16:26:00.000+07:00,"28978.8,28983.4,28976,28980.2"
2026-05-20T16:27:00.000+07:00,"28980.3,28981.8,28977.9,28980.5"
2026-05-20T16:28:00.000+07:00,"28980.6,28989.5,28980.6,28986.2"
2026-05-20T16:29:00.000+07:00,"28986.3,28992.4,28985.2,28990.7"
2026-05-20T16:30:00.000+07:00,"28990.5,28995.9,28990.1,28994.4"
2026-05-20T16:31:00.000+07:00,"28995.2,29002.3,28992.9,28999.7"
2026-05-20T16:32:00.000+07:00,"28998.2,28999.9,28989.9,28992.3"
2026-05-20T16:33:00.000+07:00,"28992.2,29001.7,28992,28997.4"
2026-05-20T16:34:00.000+07:00,"28997.6,29003.2,28996.3,29001.6"
2026-05-20T16:35:00.000+07:00,"29001.5,29002.7,28992.5,28994.7"
2026-05-20T16:36:00.000+07:00,"28994.3,28996.4,28992.6,28995.2"
2026-05-20T16:37:00.000+07:00,"28995.3,28999.5,28990.8,28998.9"
2026-05-20T16:38:00.000+07:00,"28998.7,28999,28996,28998.4"
2026-05-20T16:39:00.000+07:00,"28998.2,28999,28994.2,28996.4"
2026-05-20T16:40:00.000+07:00,"28996.5,29007.3,28996.5,29004.5"
2026-05-20T16:41:00.000+07:00,"29004.3,29007,29001.2,29002.8"
2026-05-20T16:42:00.000+07:00,"29002.6,29008.3,29000.9,29005.5"
2026-05-20T16:43:00.000+07:00,"29005,29010.1,29003.7,29008.3"
2026-05-20T16:44:00.000+07:00,"29008.2,29009.6,29004.1,29004.5"
2026-05-20T16:45:00.000+07:00,"29004.6,29008,29003.5,29004.2"
2026-05-20T16:46:00.000+07:00,"29004,29008,29002,29006.7"
2026-05-20T16:47:00.000+07:00,"29006.6,29011.5,29002.3,29003.6"
2026-05-20T16:48:00.000+07:00,"29003.7,29008.7,29002.9,29007.4"
2026-05-20T16:49:00.000+07:00,"29008.1,29015.9,29007.4,29014.8"
2026-05-20T16:50:00.000+07:00,"29014.5,29015.7,29006.1,29008.5"
2026-05-20T16:51:00.000+07:00,"29008.7,29025.9,29008,29025.1"
2026-05-20T16:52:00.000+07:00,"29025.2,29042.4,29024.7,29039.2"
2026-05-20T16:53:00.000+07:00,"29040.1,29055.2,29039.7,29048.6"
2026-05-20T16:54:00.000+07:00,"29048.5,29048.8,29032.9,29034.7"
2026-05-20T16:55:00.000+07:00,"29034.4,29045.3,29034.4,29037.1"
2026-05-20T16:56:00.000+07:00,"29037.2,29038.2,29029,29029.6"
2026-05-20T16:57:00.000+07:00,"29029.5,29029.5,29021.8,29028.4"
2026-05-20T16:58:00.000+07:00,"29028.5,29032.9,29026.6,29026.6"
2026-05-20T16:59:00.000+07:00,"29026.5,29031.1,29022.9,29030.3"
2026-05-20T17:00:00.000+07:00,"29030.2,29053.1,29028.2,29049.5"
2026-05-20T17:01:00.000+07:00,"29049.7,29050.6,29044.3,29046.4"
2026-05-20T17:02:00.000+07:00,"29046.6,29062.1,29046.3,29054.3"
2026-05-20T17:03:00.000+07:00,"29053.9,29054.5,29039.4,29043.1"
2026-05-20T17:04:00.000+07:00,"29043,29051.5,29042.6,29045.8"
2026-05-20T17:05:00.000+07:00,"29045.9,29049,29043.5,29049"
2026-05-20T17:06:00.000+07:00,"29048.9,29058.5,29048.3,29053"
2026-05-20T17:07:00.000+07:00,"29052.9,29056.1,29051.9,29054.9"
2026-05-20T17:08:00.000+07:00,"29055,29058.3,29047.6,29047.6"
2026-05-20T17:09:00.000+07:00,"29047.5,29051.7,29044.1,29045.7"
2026-05-20T17:10:00.000+07:00,"29045.6,29045.6,29038.2,29042.3"
2026-05-20T17:11:00.000+07:00,"29042.5,29047.7,29039,29039.1"
2026-05-20T17:12:00.000+07:00,"29039,29040.9,29035.5,29038.2"
2026-05-20T17:13:00.000+07:00,"29038,29043.4,29036.7,29040.6"
2026-05-20T17:14:00.000+07:00,"29040.7,29044.5,29040.2,29043.1"
2026-05-20T17:15:00.000+07:00,"29043,29045.5,29037.2,29038.2"
2026-05-20T17:16:00.000+07:00,"29038.3,29041.8,29032.9,29036.1"
2026-05-20T17:17:00.000+07:00,"29035.9,29037.9,29031.7,29032.5"
2026-05-20T17:18:00.000+07:00,"29032.4,29035.2,29025.5,29026.7"
2026-05-20T17:19:00.000+07:00,"29026.6,29031.7,29026.4,29031.3"
2026-05-20T17:20:00.000+07:00,"29031.2,29035.6,29027.2,29032.4"
2026-05-20T17:21:00.000+07:00,"29032.5,29044.1,29032.3,29041.3"
2026-05-20T17:22:00.000+07:00,"29041.8,29043.4,29037.5,29039.5"
2026-05-20T17:23:00.000+07:00,"29039.2,29042.7,29030.3,29035"
2026-05-20T17:24:00.000+07:00,"29035.5,29037.6,29032.8,29034.6"
2026-05-20T17:25:00.000+07:00,"29034.5,29037.6,29034.1,29035.6"
2026-05-20T17:26:00.000+07:00,"29035.7,29035.7,29022.1,29025"
2026-05-20T17:27:00.000+07:00,"29024.9,29027.4,29023.7,29027.4"
2026-05-20T17:28:00.000+07:00,"29026.5,29032.4,29026.4,29029.4"
2026-05-20T17:29:00.000+07:00,"29028.2,29033.8,29028.2,29031.2"
2026-05-20T17:30:00.000+07:00,"29031.3,29044.4,29028.1,29040.3"
2026-05-20T17:31:00.000+07:00,"29039.4,29050.4,29039.4,29047.7"
2026-05-20T17:32:00.000+07:00,"29047.9,29049.3,29045.3,29045.6"
2026-05-20T17:33:00.000+07:00,"29045.4,29047.1,29043.7,29045.5"
2026-05-20T17:34:00.000+07:00,"29045.4,29050.2,29044.9,29048.2"
2026-05-20T17:35:00.000+07:00,"29048.3,29060.4,29040.9,29059"
2026-05-20T17:36:00.000+07:00,"29058.8,29063,29045.9,29051"
2026-05-20T17:37:00.000+07:00,"29051.8,29058.6,29049.8,29051.1"
2026-05-20T17:38:00.000+07:00,"29051.2,29053.3,29044.6,29045.1"
2026-05-20T17:39:00.000+07:00,"29038.7,29041.2,29036.1,29037.9"
2026-05-20T17:40:00.000+07:00,"29038.3,29043.2,29031.6,29031.6"
2026-05-20T17:41:00.000+07:00,"29031.5,29036.5,29030.8,29032.3"
2026-05-20T17:42:00.000+07:00,"29032.2,29033.8,29029.5,29030.8"
2026-05-20T17:43:00.000+07:00,"29030.9,29035.6,29028.4,29032.2"
2026-05-20T17:44:00.000+07:00,"29033.3,29040,29032.9,29036.5"
2026-05-20T17:45:00.000+07:00,"29037.4,29038.4,29033.9,29034.6"
2026-05-20T17:46:00.000+07:00,"29034.5,29038.8,29032.1,29037.6"
2026-05-20T17:47:00.000+07:00,"29037.5,29046.4,29033.4,29033.4"
2026-05-20T17:48:00.000+07:00,"29033.5,29041.1,29028.2,29028.8"
2026-05-20T17:49:00.000+07:00,"29028.7,29033.5,29026.7,29027"
2026-05-20T17:50:00.000+07:00,"29027.1,29030.7,29025.6,29026.4"
2026-05-20T17:51:00.000+07:00,"29026.3,29034.7,29023.9,29031"
2026-05-20T17:52:00.000+07:00,"29030.9,29032.9,29025.5,29027.6"
2026-05-20T17:53:00.000+07:00,"29027.5,29027.6,29019.7,29021"
2026-05-20T17:54:00.000+07:00,"29021.3,29028.4,29018.9,29024.3"
2026-05-20T17:55:00.000+07:00,"29024.4,29025.2,29013.4,29014"
2026-05-20T17:56:00.000+07:00,"29013.9,29023.6,29009.5,29020.6"
2026-05-20T17:57:00.000+07:00,"29020.8,29021.9,29013.8,29014.7"
2026-05-20T17:58:00.000+07:00,"29014.8,29016.7,29011.3,29013.1"
2026-05-20T17:59:00.000+07:00,"29013.2,29014.4,29008.3,29013.7"
2026-05-20T18:00:00.000+07:00,"29013.6,29021.8,29009.5,29020.9"
2026-05-20T18:01:00.000+07:00,"29020.6,29033,29016.5,29029.8"
2026-05-20T18:02:00.000+07:00,"29030.6,29033.9,29013.4,29015.1"
2026-05-20T18:03:00.000+07:00,"29015.2,29016.2,29000.8,29010.9"
2026-05-20T18:04:00.000+07:00,"29011,29012.4,29001.3,29006.9"
2026-05-20T18:05:00.000+07:00,"29010.5,29020.4,29010.5,29018.8"
2026-05-20T18:06:00.000+07:00,"29018.7,29024.3,29014.9,29020.2"
2026-05-20T18:07:00.000+07:00,"29020.3,29025.2,29016.4,29017.9"
2026-05-20T18:08:00.000+07:00,"29018,29019.9,29009.3,29010.5"
2026-05-20T18:09:00.000+07:00,"29011,29017.9,29010.2,29012.5"
2026-05-20T18:10:00.000+07:00,"29012.4,29023.8,29012.4,29022.2"
2026-05-20T18:11:00.000+07:00,"29022.1,29025.7,29018.1,29025.2"
2026-05-20T18:12:00.000+07:00,"29025.3,29027,29013.3,29017"
2026-05-20T18:13:00.000+07:00,"29016.7,29017.3,29008.7,29009.8"
2026-05-20T18:14:00.000+07:00,"29009.7,29012.8,28998.2,29002.4"
2026-05-20T18:15:00.000+07:00,"29002.5,29008.2,28999.7,29006.4"
2026-05-20T18:16:00.000+07:00,"29007.3,29014.7,29003.1,29011"
2026-05-20T18:17:00.000+07:00,"29010.8,29016,29007.5,29008.2"
2026-05-20T18:18:00.000+07:00,"29006.4,29012.1,29004.6,29009.1"
2026-05-20T18:19:00.000+07:00,"29009.3,29010.5,29005.2,29006"
2026-05-20T18:20:00.000+07:00,"29006.1,29013.5,29006,29010.1"
2026-05-20T18:21:00.000+07:00,"29010.5,29015.8,29009,29013.8"
2026-05-20T18:22:00.000+07:00,"29014.1,29019.6,29013.8,29017.7"
2026-05-20T18:23:00.000+07:00,"29017.8,29026.7,29017.8,29026.2"
2026-05-20T18:24:00.000+07:00,"29026.4,29027.5,29021.9,29023.3"
2026-05-20T18:25:00.000+07:00,"29023.1,29025.2,29019.7,29021.4"
2026-05-20T18:26:00.000+07:00,"29021.5,29021.5,29015.4,29017.4"
2026-05-20T18:27:00.000+07:00,"29017.5,29021.5,29011.5,29011.7"
2026-05-20T18:28:00.000+07:00,"29011.5,29016,29010.4,29014.5"
2026-05-20T18:29:00.000+07:00,"29014.4,29025.9,29012.9,29024.9"
2026-05-20T18:30:00.000+07:00,"29025.1,29034.1,29023.8,29030.7"
2026-05-20T18:31:00.000+07:00,"29030.6,29032,29018.2,29021.7"
2026-05-20T18:32:00.000+07:00,"29021.6,29024.4,29018.5,29024.1"
2026-05-20T18:33:00.000+07:00,"29024,29026.9,29019.8,29020.9"
2026-05-20T18:34:00.000+07:00,"29021.2,29027.2,29017.1,29023.8"
2026-05-20T18:35:00.000+07:00,"29023.7,29029.8,29023.3,29025.2"
2026-05-20T18:36:00.000+07:00,"29026.7,29028.1,29015.5,29016.5"
2026-05-20T18:37:00.000+07:00,"29015.9,29020.6,29010.4,29014.7"
2026-05-20T18:38:00.000+07:00,"29014.8,29014.9,29007.7,29008.5"
2026-05-20T18:39:00.000+07:00,"29008.3,29009.9,28999.4,29007.1"
2026-05-20T18:40:00.000+07:00,"29007.3,29008.6,28998.5,29001.5"
2026-05-20T18:41:00.000+07:00,"29001.4,29010.9,29000.5,29008.5"
2026-05-20T18:42:00.000+07:00,"29008.7,29014.1,28986.9,28994.1"
2026-05-20T18:43:00.000+07:00,"28994,28994.9,28984,28992.7"
2026-05-20T18:44:00.000+07:00,"28992.6,28999.8,28989.8,28995.7"
2026-05-20T18:45:00.000+07:00,"28995.9,28997.1,28990.3,28995.9"
2026-05-20T18:46:00.000+07:00,"28996.1,29005.6,28995.3,29000.6"
2026-05-20T18:47:00.000+07:00,"29000.3,29003.5,28991.6,29002.7"
2026-05-20T18:48:00.000+07:00,"29002.6,29004.1,28984.6,28986.3"
2026-05-20T18:49:00.000+07:00,"28986.1,28986.9,28970.6,28978.6"
2026-05-20T18:50:00.000+07:00,"28977.8,28983.7,28971.7,28976.1"
2026-05-20T18:51:00.000+07:00,"28975.6,28981.2,28971.3,28975.8"
2026-05-20T18:52:00.000+07:00,"28975.9,28992.3,28975.9,28990.9"
2026-05-20T18:53:00.000+07:00,"28991.4,28993.7,28984.9,28986.1"
2026-05-20T18:54:00.000+07:00,"28985.9,28992.4,28984.2,28991.9"
2026-05-20T18:55:00.000+07:00,"28992,28997.7,28990.2,28995.8"
2026-05-20T18:56:00.000+07:00,"28995.9,29002.9,28994.3,28995"
2026-05-20T18:57:00.000+07:00,"28996.1,28997.2,28989,28989.2"
2026-05-20T18:58:00.000+07:00,"28989,28993.2,28986.5,28991.3"
2026-05-20T18:59:00.000+07:00,"28991.6,28991.8,28984.5,28985.7"
2026-05-20T19:00:00.000+07:00,"28985.5,28992.9,28976.9,28991.8"
2026-05-20T19:01:00.000+07:00,"28998.3,29009.5,28997.1,29007.6"
2026-05-20T19:02:00.000+07:00,"29007.7,29012.9,29004.1,29011.1"
2026-05-20T19:03:00.000+07:00,"29010.8,29015.1,29005.4,29013.2"
2026-05-20T19:04:00.000+07:00,"29013.4,29015.2,29009.9,29014.6"
2026-05-20T19:05:00.000+07:00,"29014.4,29016.3,29009.9,29011.8"
2026-05-20T19:06:00.000+07:00,"29011.7,29023.8,29010,29022.1"
2026-05-20T19:07:00.000+07:00,"29022,29027.1,29020.1,29023.7"
2026-05-20T19:08:00.000+07:00,"29023.8,29024.6,29014.2,29019.3"
2026-05-20T19:09:00.000+07:00,"29019.2,29021.6,29011.3,29013"
2026-05-20T19:10:00.000+07:00,"29012.9,29014.4,29006.4,29011.2"
2026-05-20T19:11:00.000+07:00,"29011.3,29015.5,29007.3,29014.2"
2026-05-20T19:12:00.000+07:00,"29014.1,29019.2,29013.5,29017.5"
2026-05-20T19:13:00.000+07:00,"29017.4,29029.7,29016.9,29026.9"
2026-05-20T19:14:00.000+07:00,"29027.3,29028.4,29024.8,29027.4"
2026-05-20T19:15:00.000+07:00,"29027.5,29034,29022.3,29023.3"
2026-05-20T19:16:00.000+07:00,"29024.5,29028.7,29021.9,29028.5"
2026-05-20T19:17:00.000+07:00,"29028.6,29029.7,29024.2,29027.2"
2026-05-20T19:18:00.000+07:00,"29027.7,29030.4,29024.6,29026.7"
2026-05-20T19:19:00.000+07:00,"29026.6,29030.7,29024.9,29028.6"
2026-05-20T19:20:00.000+07:00,"29028.2,29029.1,29015.4,29019.6"
2026-05-20T19:21:00.000+07:00,"29019.7,29026.8,29017,29025.9"
2026-05-20T19:22:00.000+07:00,"29026.1,29030.4,29022.2,29022.3"
2026-05-20T19:23:00.000+07:00,"29022.4,29035.6,29022.4,29027.5"
2026-05-20T19:24:00.000+07:00,"29028,29038.6,29028,29038.6"
2026-05-20T19:25:00.000+07:00,"29038.8,29054.4,29036.7,29053.6"
2026-05-20T19:26:00.000+07:00,"29054.1,29064,29044.6,29046.3"
2026-05-20T19:27:00.000+07:00,"29047.1,29051.1,29041.5,29046.2"
2026-05-20T19:28:00.000+07:00,"29046.1,29051.1,29043.2,29050.1"
2026-05-20T19:29:00.000+07:00,"29050,29056.8,29049,29054"
2026-05-20T19:30:00.000+07:00,"29054.1,29062.7,29040.2,29043"
2026-05-20T19:31:00.000+07:00,"29042.8,29047.1,29040.9,29044.3"
2026-05-20T19:32:00.000+07:00,"29044.4,29045.6,29040.1,29042.3"
2026-05-20T19:33:00.000+07:00,"29042.1,29055.3,29040.8,29053.7"
2026-05-20T19:34:00.000+07:00,"29053.3,29074.9,29050.8,29071.7"
2026-05-20T19:35:00.000+07:00,"29071.8,29073.5,29058.8,29061.3"
2026-05-20T19:36:00.000+07:00,"29061.5,29065,29053.4,29058.3"
2026-05-20T19:37:00.000+07:00,"29058.6,29062.2,29050.1,29052.9"
2026-05-20T19:38:00.000+07:00,"29053.1,29055.2,29038.8,29039.5"
2026-05-20T19:39:00.000+07:00,"29038.9,29048.3,29037.9,29043.4"
2026-05-20T19:40:00.000+07:00,"29043.3,29048.5,29031.7,29034.7"
2026-05-20T19:41:00.000+07:00,"29035.4,29042.4,29030,29037.3"
2026-05-20T19:42:00.000+07:00,"29036.6,29038.7,29031.4,29036.5"
2026-05-20T19:43:00.000+07:00,"29036.6,29039.7,29032.7,29038.1"
2026-05-20T19:44:00.000+07:00,"29037.5,29044.1,29033.1,29033.1"
2026-05-20T19:45:00.000+07:00,"29033.3,29043.6,29031.1,29043.3"
2026-05-20T19:46:00.000+07:00,"29043.2,29049.8,29041,29046.2"
2026-05-20T19:47:00.000+07:00,"29046.3,29049.6,29044.4,29046.9"
2026-05-20T19:48:00.000+07:00,"29047.3,29050.4,29043.8,29048.9"
2026-05-20T19:49:00.000+07:00,"29048.6,29052,29042.6,29047.5"
2026-05-20T19:50:00.000+07:00,"29047.6,29048.2,29035.5,29039.8"
2026-05-20T19:51:00.000+07:00,"29039.9,29040.3,29029.2,29037.9"
2026-05-20T19:52:00.000+07:00,"29037.8,29044.5,29035.7,29041.1"
2026-05-20T19:53:00.000+07:00,"29041.3,29048.1,29035.5,29043.9"
2026-05-20T19:54:00.000+07:00,"29043.5,29049,29041,29048.4"
2026-05-20T19:55:00.000+07:00,"29048.5,29050.1,29032.6,29036.7"
2026-05-20T19:56:00.000+07:00,"29036.6,29039.7,29031.1,29031.3"
2026-05-20T19:57:00.000+07:00,"29030.8,29032.5,29026.4,29027.9"
2026-05-20T19:58:00.000+07:00,"29028,29028.1,29012.8,29015.7"
2026-05-20T19:59:00.000+07:00,"29015.9,29015.9,29009.5,29010.7"
2026-05-20T20:00:00.000+07:00,"29010.6,29021.7,29002,29021.5"
2026-05-20T20:01:00.000+07:00,"29021.9,29023.8,29012.9,29014.9"
2026-05-20T20:02:00.000+07:00,"29015,29016.2,29003.8,29012.5"
2026-05-20T20:03:00.000+07:00,"29012.7,29016.8,29008.6,29013.9"
2026-05-20T20:04:00.000+07:00,"29013.7,29015.9,29009,29013.8"
2026-05-20T20:05:00.000+07:00,"29013.7,29020.3,29011.7,29020"
2026-05-20T20:06:00.000+07:00,"29020.1,29021,29011.7,29018"
2026-05-20T20:07:00.000+07:00,"29017.8,29022.9,29014.3,29014.9"
2026-05-20T20:08:00.000+07:00,"29014.5,29017.9,29008.6,29017.6"
2026-05-20T20:09:00.000+07:00,"29017.7,29021.4,29011,29013.5"
2026-05-20T20:10:00.000+07:00,"29013.3,29017.6,29011.2,29013.7"
2026-05-20T20:11:00.000+07:00,"29013.2,29018.3,29006.8,29008.4"
2026-05-20T20:12:00.000+07:00,"29007.7,29011.1,29001.9,29009.8"
2026-05-20T20:13:00.000+07:00,"29009.9,29017.7,29007.4,29013.7"
2026-05-20T20:14:00.000+07:00,"29013.6,29013.8,29003.3,29006.7"
2026-05-20T20:15:00.000+07:00,"29006.6,29009.4,29002.4,29003.9"
2026-05-20T20:16:00.000+07:00,"29004.1,29006.4,28999.7,29001.3"
2026-05-20T20:17:00.000+07:00,"29001.4,29007.8,28999.7,29000.7"
2026-05-20T20:18:00.000+07:00,"29000.9,29002.8,28994.2,28999.4"
2026-05-20T20:19:00.000+07:00,"28999.5,29002.6,28998,28998.3"
2026-05-20T20:20:00.000+07:00,"28997.2,29010.8,28993.6,29010.4"
2026-05-20T20:21:00.000+07:00,"29010.6,29013.7,29009.8,29010.9"
2026-05-20T20:22:00.000+07:00,"29011,29015.5,29010.2,29013.8"
2026-05-20T20:23:00.000+07:00,"29013.7,29022.2,29013.4,29020.5"
2026-05-20T20:24:00.000+07:00,"29020.3,29021.7,29015,29018.4"
2026-05-20T20:25:00.000+07:00,"29018.2,29019.1,29006.5,29012.5"
2026-05-20T20:26:00.000+07:00,"29012.4,29012.4,28996.6,29000.5"
2026-05-20T20:27:00.000+07:00,"29000.7,29002.5,28987.1,28988.5"
2026-05-20T20:28:00.000+07:00,"28988.2,28992.3,28977.8,28982.7"
2026-05-20T20:29:00.000+07:00,"28968.6,28985.3,28966.4,28979"
2026-05-20T20:30:00.000+07:00,"28979.5,29023.6,28976.4,29008.1"
2026-05-20T20:31:00.000+07:00,"29009.5,29039.9,29005.2,29016.1"
2026-05-20T20:32:00.000+07:00,"29015.2,29040.6,29014.9,29038.8"
2026-05-20T20:33:00.000+07:00,"29039.2,29059.7,29032,29051.9"
2026-05-20T20:34:00.000+07:00,"29053.2,29055,29035,29040"
2026-05-20T20:35:00.000+07:00,"29040.8,29047.8,28972.2,28972.6"
2026-05-20T20:36:00.000+07:00,"28972.3,28972.3,28940.3,28963.1"
2026-05-20T20:37:00.000+07:00,"28963.5,28974,28935.9,28972.7"
2026-05-20T20:38:00.000+07:00,"28972.6,28987.8,28940.4,28944.6"
2026-05-20T20:39:00.000+07:00,"28944.5,28964.5,28928.9,28957.6"
2026-05-20T20:40:00.000+07:00,"28949.8,29023.4,28943.9,29022.3"
2026-05-20T20:41:00.000+07:00,"29022.5,29037.4,28983.2,29000.2"
2026-05-20T20:42:00.000+07:00,"29000,29022.4,28993.6,29004.4"
2026-05-20T20:43:00.000+07:00,"29019.2,29025,29004.8,29013.6"
2026-05-20T20:44:00.000+07:00,"29013.9,29054.3,28995.6,29046"
2026-05-20T20:45:00.000+07:00,"29045.9,29064.7,29030.8,29035.5"
2026-05-20T20:46:00.000+07:00,"29035.4,29098,29031.7,29096.6"
2026-05-20T20:47:00.000+07:00,"29097.8,29098.8,29068.6,29076.4"
2026-05-20T20:48:00.000+07:00,"29076.9,29089.6,29060.3,29066.4"
2026-05-20T20:49:00.000+07:00,"29065.9,29072.3,29021,29039.7"
2026-05-20T20:50:00.000+07:00,"29039.5,29070.3,29028.7,29032.2"
2026-05-20T20:51:00.000+07:00,"29031.3,29031.5,28978.6,29005.8"
2026-05-20T20:52:00.000+07:00,"29006.3,29032.6,28991.3,29029.9"
2026-05-20T20:53:00.000+07:00,"29029.4,29055.8,29024.1,29025"
2026-05-20T20:54:00.000+07:00,"29025.3,29041.2,28972.2,28989.8"
2026-05-20T20:55:00.000+07:00,"28990.3,29001.6,28953.4,28959.8"
2026-05-20T20:56:00.000+07:00,"28960.4,28987.8,28954.5,28975.2"
2026-05-20T20:57:00.000+07:00,"28974.9,29012,28971.8,29001.1"
2026-05-20T20:58:00.000+07:00,"29001,29004.7,28967.7,28980.7"
2026-05-20T20:59:00.000+07:00,"28980.6,29006.2,28976.1,29004.9"
2026-05-20T21:00:00.000+07:00,"29005.2,29015.4,28988,29007.1"
2026-05-20T21:01:00.000+07:00,"29007,29024.8,28993,29003.3"
2026-05-20T21:02:00.000+07:00,"29003.1,29005.8,28978.1,28984.2"
2026-05-20T21:03:00.000+07:00,"28984.1,29001,28965.9,28976.7"
2026-05-20T21:04:00.000+07:00,"28977.7,28991.2,28972.8,28981.3"
2026-05-20T21:05:00.000+07:00,"28981.4,28984.1,28965.3,28974.6"
2026-05-20T21:06:00.000+07:00,"28974.9,28987.2,28962.9,28986.2"
2026-05-20T21:07:00.000+07:00,"28985.7,29000.6,28979.7,28995.1"
2026-05-20T21:08:00.000+07:00,"28995.2,29003.9,28990.6,28999.5"
2026-05-20T21:09:00.000+07:00,"29000.1,29005.7,28969.9,28969.9"
2026-05-20T21:10:00.000+07:00,"28976.9,28995.6,28966.9,28968"
2026-05-20T21:11:00.000+07:00,"28967.9,28972.2,28948.9,28952.6"
2026-05-20T21:12:00.000+07:00,"28952.7,28961.2,28923,28929.4"
2026-05-20T21:13:00.000+07:00,"28929.6,28937.9,28913.3,28934.1"
2026-05-20T21:14:00.000+07:00,"28933.9,29034.2,28928.4,28992"
2026-05-20T21:15:00.000+07:00,"28992.2,29033.6,28979.8,29030.9"
2026-05-20T21:16:00.000+07:00,"29031.4,29113.8,29022.4,29113.8"
2026-05-20T21:17:00.000+07:00,"29113.7,29137.5,29057.4,29062.1"
2026-05-20T21:18:00.000+07:00,"29062.3,29084.3,29048,29061"
2026-05-20T21:19:00.000+07:00,"29061.3,29089.2,29061.3,29072.4"
2026-05-20T21:20:00.000+07:00,"29071.9,29113.9,29069.1,29101.1"
2026-05-20T21:21:00.000+07:00,"29100.6,29124.8,29070.5,29124"
2026-05-20T21:22:00.000+07:00,"29123.9,29132.2,29105.2,29113.2"
2026-05-20T21:23:00.000+07:00,"29113.3,29119.8,29079.1,29084.4"
2026-05-20T21:24:00.000+07:00,"29084.7,29092.1,29041,29047.6"
2026-05-20T21:25:00.000+07:00,"29047.7,29065.8,29023.7,29064.4"
2026-05-20T21:26:00.000+07:00,"29064.5,29089.9,29061.1,29084.2"
2026-05-20T21:27:00.000+07:00,"29084.1,29096.3,29082.1,29093.2"
2026-05-20T21:28:00.000+07:00,"29093.1,29096.5,29074.3,29085.1"
2026-05-20T21:29:00.000+07:00,"29099.1,29114.2,29091.6,29113.3"
2026-05-20T21:30:00.000+07:00,"29113.6,29152.9,29113.6,29144.7"
2026-05-20T21:31:00.000+07:00,"29144.6,29168.6,29141.8,29158.8"
2026-05-20T21:32:00.000+07:00,"29158.6,29164.7,29137.3,29140.9"
2026-05-20T21:33:00.000+07:00,"29140.2,29151.8,29117.9,29120"
2026-05-20T21:34:00.000+07:00,"29119.6,29142.6,29114.9,29118"
2026-05-20T21:35:00.000+07:00,"29117.5,29129.9,29080.9,29094.3"
2026-05-20T21:36:00.000+07:00,"29094.1,29121.9,29091.9,29116.2"
2026-05-20T21:37:00.000+07:00,"29117.2,29121.9,29085.8,29086.6"
2026-05-20T21:38:00.000+07:00,"29087.3,29113.1,29079.6,29105.5"
2026-05-20T21:39:00.000+07:00,"29105.9,29127,29104.4,29107.2"
2026-05-20T21:40:00.000+07:00,"29107,29123.6,29092.4,29116.8"
2026-05-20T21:41:00.000+07:00,"29116.7,29121,29108.2,29115.7"
2026-05-20T21:42:00.000+07:00,"29115.1,29118.3,29100.5,29107.1"
2026-05-20T21:43:00.000+07:00,"29107,29113.9,29099.3,29104.2"
2026-05-20T21:44:00.000+07:00,"29104.1,29126.7,29101.5,29126.7"
2026-05-20T21:45:00.000+07:00,"29127.6,29141.7,29112.2,29119.6"
2026-05-20T21:46:00.000+07:00,"29119.8,29133.5,29106.3,29110.6"
2026-05-20T21:47:00.000+07:00,"29110.5,29118.3,29080.3,29088.2"
2026-05-20T21:48:00.000+07:00,"29088.1,29112.1,29085.1,29109.8"
2026-05-20T21:49:00.000+07:00,"29108.9,29111.9,29095.5,29102"
2026-05-20T21:50:00.000+07:00,"29103.4,29115.3,29094,29094"
2026-05-20T21:51:00.000+07:00,"29093.9,29135.1,29093.6,29133.8"
2026-05-20T21:52:00.000+07:00,"29133.9,29139.1,29126,29137.7"
2026-05-20T21:53:00.000+07:00,"29138.4,29154.6,29135.9,29153.7"
2026-05-20T21:54:00.000+07:00,"29153.9,29158,29145.2,29148.2"
2026-05-20T21:55:00.000+07:00,"29147.9,29173.2,29137.8,29164.2"
2026-05-20T21:56:00.000+07:00,"29164.6,29171.8,29161.6,29169.7"
2026-05-20T21:57:00.000+07:00,"29169.8,29178.5,29161.1,29178.5"
2026-05-20T21:58:00.000+07:00,"29179.9,29186.7,29159.6,29167"
2026-05-20T21:59:00.000+07:00,"29167.1,29179.6,29164,29168.2"
2026-05-20T22:00:00.000+07:00,"29170,29180.1,29165.8,29174.5"
2026-05-20T22:01:00.000+07:00,"29174.7,29186.1,29166.2,29184"
2026-05-20T22:02:00.000+07:00,"29184.3,29191.1,29165.6,29166"
2026-05-20T22:03:00.000+07:00,"29166.5,29168.1,29143,29143.4"
2026-05-20T22:04:00.000+07:00,"29143,29155.5,29141.9,29147.9"
2026-05-20T22:05:00.000+07:00,"29147.8,29163.2,29144.8,29162.9"
2026-05-20T22:06:00.000+07:00,"29162.2,29171.5,29147.9,29166.3"
2026-05-20T22:07:00.000+07:00,"29166.2,29174.9,29147,29149"
2026-05-20T22:08:00.000+07:00,"29149.3,29160.8,29143.6,29160.4"
2026-05-20T22:09:00.000+07:00,"29160.3,29168.6,29157.7,29166.1"
2026-05-20T22:10:00.000+07:00,"29166.9,29169.8,29162.9,29166.5"
2026-05-20T22:11:00.000+07:00,"29166.4,29175.2,29161.6,29171.5"
2026-05-20T22:12:00.000+07:00,"29171.2,29174.5,29161.1,29166.1"
2026-05-20T22:13:00.000+07:00,"29166,29169.9,29162,29167.1"
2026-05-20T22:14:00.000+07:00,"29167,29168.4,29154.5,29166.5"
2026-05-20T22:15:00.000+07:00,"29166.6,29274.4,29166.6,29248"
2026-05-20T22:16:00.000+07:00,"29247,29304.3,29236.4,29284.2"
2026-05-20T22:17:00.000+07:00,"29284.3,29289.8,29217.4,29221.8"
2026-05-20T22:18:00.000+07:00,"29221.7,29230.5,29185.8,29222.9"
2026-05-20T22:19:00.000+07:00,"29224.1,29241.7,29214.3,29232.4"
2026-05-20T22:20:00.000+07:00,"29232.5,29245.5,29230.4,29242"
2026-05-20T22:21:00.000+07:00,"29242.6,29254.6,29226.5,29234.2"
2026-05-20T22:22:00.000+07:00,"29234.1,29245,29227.3,29233.7"
2026-05-20T22:23:00.000+07:00,"29233.5,29246.7,29222.1,29226.1"
2026-05-20T22:24:00.000+07:00,"29226.2,29231.6,29215.8,29224.7"
2026-05-20T22:25:00.000+07:00,"29224.4,29232.2,29214.9,29218.3"
2026-05-20T22:26:00.000+07:00,"29218.4,29222.5,29207.4,29216.7"
2026-05-20T22:27:00.000+07:00,"29217,29218.2,29200.3,29205.7"
2026-05-20T22:28:00.000+07:00,"29205.8,29219.2,29197.4,29210.2"
2026-05-20T22:29:00.000+07:00,"29209.9,29214,29194.6,29203.5"
2026-05-20T22:30:00.000+07:00,"29203.4,29222.8,29199.5,29222.4"
2026-05-20T22:31:00.000+07:00,"29222.6,29227.7,29210.8,29223.3"
2026-05-20T22:32:00.000+07:00,"29224.4,29232.5,29219.1,29224.3"
2026-05-20T22:33:00.000+07:00,"29224.6,29231.6,29218.1,29226.6"
2026-05-20T22:34:00.000+07:00,"29226.7,29236.4,29220,29236.4"
2026-05-20T22:35:00.000+07:00,"29238,29244.2,29232.8,29240.5"
2026-05-20T22:36:00.000+07:00,"29240.6,29244.6,29231.4,29236.8"
2026-05-20T22:37:00.000+07:00,"29235.3,29243.1,29222.2,29228.8"
2026-05-20T22:38:00.000+07:00,"29228.9,29231.4,29222.2,29226.5"
2026-05-20T22:39:00.000+07:00,"29225.9,29228.9,29219,29224.1"
2026-05-20T22:40:00.000+07:00,"29223.5,29230.1,29208.5,29214.6"
2026-05-20T22:41:00.000+07:00,"29215.3,29224.9,29214.8,29223.3"
2026-05-20T22:42:00.000+07:00,"29223.2,29233.8,29221.4,29231.6"
2026-05-20T22:43:00.000+07:00,"29230.1,29238.8,29218.1,29220.9"
2026-05-20T22:44:00.000+07:00,"29221.5,29230.1,29219.2,29229.5"
2026-05-20T22:45:00.000+07:00,"29229.4,29243.9,29225.2,29240.6"
2026-05-20T22:46:00.000+07:00,"29240.5,29251.3,29238.2,29249.3"
2026-05-20T22:47:00.000+07:00,"29249.6,29249.6,29239,29246.4"
2026-05-20T22:48:00.000+07:00,"29246.3,29249.6,29235.8,29243.1"
2026-05-20T22:49:00.000+07:00,"29243,29254.8,29239.1,29254.1"
2026-05-20T22:50:00.000+07:00,"29254.9,29258.9,29251.1,29251.9"
2026-05-20T22:51:00.000+07:00,"29252,29266.9,29251.2,29261.7"
2026-05-20T22:52:00.000+07:00,"29261.4,29268.3,29253.9,29265.3"
2026-05-20T22:53:00.000+07:00,"29264.8,29266.2,29245.3,29248.6"
2026-05-20T22:54:00.000+07:00,"29248.5,29257,29243.8,29256.1"
2026-05-20T22:55:00.000+07:00,"29256,29257.7,29247.5,29253.7"
2026-05-20T22:56:00.000+07:00,"29253.1,29261.5,29250,29259.1"
2026-05-20T22:57:00.000+07:00,"29259,29259.7,29217.6,29230"
2026-05-20T22:58:00.000+07:00,"29230.1,29241.5,29220.6,29239.7"
2026-05-20T22:59:00.000+07:00,"29239.9,29243.3,29230.7,29241.5"
2026-05-20T23:00:00.000+07:00,"29240.6,29247,29231.2,29236.1"
2026-05-20T23:01:00.000+07:00,"29236.4,29244.7,29235.7,29239.9"
2026-05-20T23:02:00.000+07:00,"29240.2,29242.6,29233,29238.5"
2026-05-20T23:03:00.000+07:00,"29237,29237,29210.5,29210.5"
2026-05-20T23:04:00.000+07:00,"29211.8,29228.7,29211.5,29225.8"
2026-05-20T23:05:00.000+07:00,"29225.7,29235.4,29224.2,29232.5"
2026-05-20T23:06:00.000+07:00,"29232.9,29238.2,29226.2,29233.9"
2026-05-20T23:07:00.000+07:00,"29234,29236.3,29228.4,29234.8"
2026-05-20T23:08:00.000+07:00,"29235.1,29235.1,29209.4,29211.2"
2026-05-20T23:09:00.000+07:00,"29210.8,29222.5,29209.3,29221.9"
2026-05-20T23:10:00.000+07:00,"29222.7,29228,29218.2,29226.4"
2026-05-20T23:11:00.000+07:00,"29226.3,29228.8,29206.6,29208.5"
2026-05-20T23:12:00.000+07:00,"29208.4,29210.6,29197.2,29210.3"
2026-05-20T23:13:00.000+07:00,"29210,29222.9,29209.1,29219.5"
2026-05-20T23:14:00.000+07:00,"29219.4,29219.7,29206.6,29209.7"
2026-05-20T23:15:00.000+07:00,"29209.3,29211.2,29184.1,29189.7"
2026-05-20T23:16:00.000+07:00,"29190.1,29192.7,29179.4,29189.9"
2026-05-20T23:17:00.000+07:00,"29190.1,29195.8,29186.4,29186.7"
2026-05-20T23:18:00.000+07:00,"29187.2,29190,29177.2,29182.3"
2026-05-20T23:19:00.000+07:00,"29180,29181.8,29157.1,29168.9"
2026-05-20T23:20:00.000+07:00,"29169.4,29176.9,29145.2,29153.3"
2026-05-20T23:21:00.000+07:00,"29153.4,29156,29138.1,29143.8"
2026-05-20T23:22:00.000+07:00,"29143.7,29163.5,29140.5,29153.2"
2026-05-20T23:23:00.000+07:00,"29153.8,29168.6,29146.3,29160.8"
2026-05-20T23:24:00.000+07:00,"29161,29164.9,29140.3,29149.8"
2026-05-20T23:25:00.000+07:00,"29149.5,29149.6,29121,29138.7"
2026-05-20T23:26:00.000+07:00,"29138.8,29148.1,29126.1,29133.3"
2026-05-20T23:27:00.000+07:00,"29133.8,29151.2,29128,29145.7"
2026-05-20T23:28:00.000+07:00,"29145.6,29146.3,29130.4,29133.8"
2026-05-20T23:29:00.000+07:00,"29132.4,29147.6,29122.4,29144.8"
2026-05-20T23:30:00.000+07:00,"29145.9,29150.9,29135.5,29147.3"
2026-05-20T23:31:00.000+07:00,"29148.1,29164.8,29144,29163.8"
2026-05-20T23:32:00.000+07:00,"29165,29176.8,29147.5,29151.1"
2026-05-20T23:33:00.000+07:00,"29150.8,29153,29133.6,29140.5"
2026-05-20T23:34:00.000+07:00,"29140.3,29149.7,29134.2,29143.4"
2026-05-20T23:35:00.000+07:00,"29143.7,29147.7,29136.4,29140.5"
2026-05-20T23:36:00.000+07:00,"29140.4,29157.9,29137.6,29157.2"
2026-05-20T23:37:00.000+07:00,"29157.3,29158.7,29134.5,29140.6"
2026-05-20T23:38:00.000+07:00,"29140.3,29163,29135.5,29162.3"
2026-05-20T23:39:00.000+07:00,"29163.1,29163.7,29144.8,29146.3"
2026-05-20T23:40:00.000+07:00,"29145.8,29162.3,29141.8,29161.3"
2026-05-20T23:41:00.000+07:00,"29162.1,29183.1,29157.7,29182.3"
2026-05-20T23:42:00.000+07:00,"29182.4,29188.2,29174.7,29179.6"
2026-05-20T23:43:00.000+07:00,"29179.3,29200.4,29170.8,29193"
2026-05-20T23:44:00.000+07:00,"29192.9,29198.5,29183.3,29198.5"
2026-05-20T23:45:00.000+07:00,"29199.5,29205.9,29185.2,29185.2"
2026-05-20T23:46:00.000+07:00,"29185.4,29206.4,29185.4,29201.5"
2026-05-20T23:47:00.000+07:00,"29200.7,29205.1,29177.9,29179.5"
2026-05-20T23:48:00.000+07:00,"29178.8,29180.8,29148.6,29151.8"
2026-05-20T23:49:00.000+07:00,"29149.8,29168.8,29148.6,29166.9"
2026-05-20T23:50:00.000+07:00,"29166.3,29176.2,29162.5,29166.3"
2026-05-20T23:51:00.000+07:00,"29166.9,29179.5,29165.7,29169.7"
2026-05-20T23:52:00.000+07:00,"29170.4,29178.7,29167.1,29169.7"
2026-05-20T23:53:00.000+07:00,"29169.6,29178.1,29164.9,29170.7"
2026-05-20T23:54:00.000+07:00,"29169.6,29181.6,29169.6,29179.9"
2026-05-20T23:55:00.000+07:00,"29179.8,29180.5,29168.6,29172"
2026-05-20T23:56:00.000+07:00,"29169.2,29172.5,29157,29163.8"
2026-05-20T23:57:00.000+07:00,"29162,29163,29138.9,29143.1"
2026-05-20T23:58:00.000+07:00,"29142.9,29157.2,29136,29156.8"
2026-05-20T23:59:00.000+07:00,"29157,29179.2,29156,29173"
2026-05-21T00:00:00.000+07:00,"29173.6,29186.9,29162.2,29175.8"
2026-05-21T00:01:00.000+07:00,"29175.2,29189.6,29172.8,29187.3"
2026-05-21T00:02:00.000+07:00,"29187.1,29194.4,29174.7,29181.5"
2026-05-21T00:03:00.000+07:00,"29181.7,29184.6,29172.1,29178.1"
2026-05-21T00:04:00.000+07:00,"29177.4,29177.4,29157.7,29159.6"
2026-05-21T00:05:00.000+07:00,"29163.9,29165.2,29151,29156.6"
2026-05-21T00:06:00.000+07:00,"29156.5,29170.7,29155.5,29167.8"
2026-05-21T00:07:00.000+07:00,"29167.2,29170.5,29159.3,29159.4"
2026-05-21T00:08:00.000+07:00,"29159.6,29161,29148.7,29152.5"
2026-05-21T00:09:00.000+07:00,"29151.4,29157.5,29150,29154.4"
2026-05-21T00:10:00.000+07:00,"29154.1,29161.2,29141.5,29161.2"
2026-05-21T00:11:00.000+07:00,"29161.3,29168,29154.9,29164.8"
2026-05-21T00:12:00.000+07:00,"29165.5,29170,29153.9,29167.6"
2026-05-21T00:13:00.000+07:00,"29167.7,29214.9,29164.7,29188"
2026-05-21T00:14:00.000+07:00,"29188.9,29199.8,29185.6,29193.3"
2026-05-21T00:15:00.000+07:00,"29193.5,29197,29183.9,29187.1"
2026-05-21T00:16:00.000+07:00,"29188.4,29202.1,29180.4,29180.4"
2026-05-21T00:17:00.000+07:00,"29178,29186.4,29173.9,29178.9"
2026-05-21T00:18:00.000+07:00,"29178.4,29200.5,29177.7,29196"
2026-05-21T00:19:00.000+07:00,"29196.7,29198.2,29186.7,29188.6"
2026-05-21T00:20:00.000+07:00,"29187.7,29199.8,29184.5,29199.1"
2026-05-21T00:21:00.000+07:00,"29199.8,29206,29185.3,29188.2"
2026-05-21T00:22:00.000+07:00,"29187.3,29189.1,29179.4,29184.5"
2026-05-21T00:23:00.000+07:00,"29184.6,29186.9,29178.4,29178.8"
2026-05-21T00:24:00.000+07:00,"29178.2,29183.6,29173.6,29180.5"
2026-05-21T00:25:00.000+07:00,"29182.1,29188.2,29177.3,29181.9"
2026-05-21T00:26:00.000+07:00,"29183.3,29194.8,29180.8,29193.4"
2026-05-21T00:27:00.000+07:00,"29193.2,29210.4,29190.2,29210.4"
2026-05-21T00:28:00.000+07:00,"29210.5,29212.6,29198.7,29203.4"
2026-05-21T00:29:00.000+07:00,"29201.4,29214.7,29198.1,29205.5"
2026-05-21T00:30:00.000+07:00,"29205.4,29217,29202.1,29202.1"
2026-05-21T00:31:00.000+07:00,"29200.9,29210.5,29197.9,29206.4"
2026-05-21T00:32:00.000+07:00,"29205.8,29206,29190.7,29196"
2026-05-21T00:33:00.000+07:00,"29195.4,29198.3,29183.7,29190.1"
2026-05-21T00:34:00.000+07:00,"29189.8,29199.8,29189.3,29197.1"
2026-05-21T00:35:00.000+07:00,"29197.2,29213.5,29192.2,29212.7"
2026-05-21T00:36:00.000+07:00,"29213.1,29235.8,29209.8,29223.5"
2026-05-21T00:37:00.000+07:00,"29223.3,29229.6,29213.5,29214"
2026-05-21T00:38:00.000+07:00,"29213.9,29220.5,29208.2,29211.6"
2026-05-21T00:39:00.000+07:00,"29211.1,29219.3,29211,29217.4"
2026-05-21T00:40:00.000+07:00,"29216.9,29216.9,29204,29205.6"
2026-05-21T00:41:00.000+07:00,"29204.3,29210.4,29200.1,29208.2"
2026-05-21T00:42:00.000+07:00,"29208.1,29218,29205.9,29213.7"
2026-05-21T00:43:00.000+07:00,"29213.9,29214.8,29208.9,29214.6"
2026-05-21T00:44:00.000+07:00,"29214.4,29217.7,29209.2,29212.2"
2026-05-21T00:45:00.000+07:00,"29212,29218.6,29211.4,29213"
2026-05-21T00:46:00.000+07:00,"29213.8,29219.7,29211.1,29213.6"
2026-05-21T00:47:00.000+07:00,"29213.3,29215.8,29203.6,29207.3"
2026-05-21T00:48:00.000+07:00,"29207.1,29210,29197.4,29201.9"
2026-05-21T00:49:00.000+07:00,"29201.8,29211.6,29200.9,29209.3"
2026-05-21T00:50:00.000+07:00,"29210.3,29214.8,29201.2,29202.3"
2026-05-21T00:51:00.000+07:00,"29202.2,29216,29201.1,29211.1"
2026-05-21T00:52:00.000+07:00,"29212.5,29212.5,29194.8,29196"
2026-05-21T00:53:00.000+07:00,"29196.1,29207.5,29195.9,29199.4"
2026-05-21T00:54:00.000+07:00,"29199.2,29205.6,29195.1,29195.1"
2026-05-21T00:55:00.000+07:00,"29194.9,29201.6,29193,29200.2"
2026-05-21T00:56:00.000+07:00,"29199.8,29211.7,29199.6,29203.7"
2026-05-21T00:57:00.000+07:00,"29205,29208,29197.1,29199.1"
2026-05-21T00:58:00.000+07:00,"29199.8,29207.1,29197.3,29204.4"
2026-05-21T00:59:00.000+07:00,"29204.1,29213.9,29204.1,29211.6"
2026-05-21T01:00:00.000+07:00,"29213.6,29225.7,29190.2,29225.7"
2026-05-21T01:01:00.000+07:00,"29226.2,29227.5,29215.6,29226.1"
2026-05-21T01:02:00.000+07:00,"29228.2,29234.3,29221.4,29227"
2026-05-21T01:03:00.000+07:00,"29226,29234.7,29225.2,29229.6"
2026-05-21T01:04:00.000+07:00,"29229.4,29233.7,29222.9,29227"
2026-05-21T01:05:00.000+07:00,"29229.6,29231.4,29218.7,29224.5"
2026-05-21T01:06:00.000+07:00,"29224.8,29228.7,29219.7,29222.4"
2026-05-21T01:07:00.000+07:00,"29222.3,29236.1,29221.9,29233.4"
2026-05-21T01:08:00.000+07:00,"29233.6,29235.6,29221.6,29223.6"
2026-05-21T01:09:00.000+07:00,"29222.4,29227.9,29221.4,29224.9"
2026-05-21T01:10:00.000+07:00,"29224.2,29232,29217.7,29228.5"
2026-05-21T01:11:00.000+07:00,"29228,29228.5,29220.2,29221.6"
2026-05-21T01:12:00.000+07:00,"29220.4,29222.6,29209.8,29213.5"
2026-05-21T01:13:00.000+07:00,"29213,29221.8,29212.7,29220.9"
2026-05-21T01:14:00.000+07:00,"29219.4,29223.5,29216.4,29217.6"
2026-05-21T01:15:00.000+07:00,"29218.1,29225.3,29217.1,29218.3"
2026-05-21T01:16:00.000+07:00,"29218.2,29228.2,29213.7,29225.1"
2026-05-21T01:17:00.000+07:00,"29225.6,29228,29221.7,29223.8"
2026-05-21T01:18:00.000+07:00,"29223.9,29224.6,29210.4,29215.1"
2026-05-21T01:19:00.000+07:00,"29214.2,29216.5,29212.4,29215.6"
2026-05-21T01:20:00.000+07:00,"29214.3,29221.6,29207.4,29208"
2026-05-21T01:21:00.000+07:00,"29207.7,29213.2,29203.4,29213.1"
2026-05-21T01:22:00.000+07:00,"29212.8,29213.6,29205.6,29208.6"
2026-05-21T01:23:00.000+07:00,"29209.1,29214.5,29206.2,29211.4"
2026-05-21T01:24:00.000+07:00,"29210.9,29212.3,29191.5,29193.6"
2026-05-21T01:25:00.000+07:00,"29191.5,29207.5,29189,29192.2"
2026-05-21T01:26:00.000+07:00,"29191.7,29203.3,29191.6,29201.8"
2026-05-21T01:27:00.000+07:00,"29200.5,29204.9,29194.7,29203.7"
2026-05-21T01:28:00.000+07:00,"29204.5,29211,29201.6,29204.8"
2026-05-21T01:29:00.000+07:00,"29204.9,29217.5,29201.1,29216.1"
2026-05-21T01:30:00.000+07:00,"29215.6,29225.5,29215.3,29222.3"
2026-05-21T01:31:00.000+07:00,"29221.8,29227.2,29220.6,29222.1"
2026-05-21T01:32:00.000+07:00,"29222.7,29223.8,29215.4,29217.4"
2026-05-21T01:33:00.000+07:00,"29217.5,29218.1,29210,29214.9"
2026-05-21T01:34:00.000+07:00,"29214.6,29222.7,29213.2,29221.6"
2026-05-21T01:35:00.000+07:00,"29222.3,29225.7,29218.5,29223.2"
2026-05-21T01:36:00.000+07:00,"29223.1,29226.8,29221.3,29222.6"
2026-05-21T01:37:00.000+07:00,"29223.3,29242.2,29222.9,29241.4"
2026-05-21T01:38:00.000+07:00,"29241.3,29247.8,29241,29244.5"
2026-05-21T01:39:00.000+07:00,"29244.8,29254.5,29243.2,29243.8"
2026-05-21T01:40:00.000+07:00,"29243.2,29248,29236,29237.9"
2026-05-21T01:41:00.000+07:00,"29237.4,29241.2,29233.5,29235.6"
2026-05-21T01:42:00.000+07:00,"29235.8,29239,29226.3,29227.9"
2026-05-21T01:43:00.000+07:00,"29228.2,29235,29222.3,29229.8"
2026-05-21T01:44:00.000+07:00,"29230.5,29231.6,29207.1,29207.1"
2026-05-21T01:45:00.000+07:00,"29207.4,29225.8,29202.6,29216.4"
2026-05-21T01:46:00.000+07:00,"29215.6,29220,29208.9,29219.4"
2026-05-21T01:47:00.000+07:00,"29219.5,29220.3,29209.9,29210.8"
2026-05-21T01:48:00.000+07:00,"29210,29221.5,29207.1,29220.4"
2026-05-21T01:49:00.000+07:00,"29220.2,29222.2,29213,29213.3"
2026-05-21T01:50:00.000+07:00,"29213.6,29220.4,29206.7,29208.6"
2026-05-21T01:51:00.000+07:00,"29208.8,29209.4,29198.5,29202.6"
2026-05-21T01:52:00.000+07:00,"29202.4,29214.4,29201.9,29214.4"
2026-05-21T01:53:00.000+07:00,"29214,29220,29212.2,29220"
2026-05-21T01:54:00.000+07:00,"29220.7,29220.7,29208,29208.5"
2026-05-21T01:55:00.000+07:00,"29208.4,29222.9,29207.7,29220.1"
2026-05-21T01:56:00.000+07:00,"29220,29221,29212,29214"
2026-05-21T01:57:00.000+07:00,"29213.8,29218.8,29207.9,29215.4"
2026-05-21T01:58:00.000+07:00,"29215.3,29216.7,29211.6,29215.1"
2026-05-21T01:59:00.000+07:00,"29215.6,29217.2,29209.2,29211.3"
2026-05-21T02:00:00.000+07:00,"29211.7,29232.2,29209.3,29232.2"
2026-05-21T02:01:00.000+07:00,"29232.1,29238.9,29229.3,29233.9"
2026-05-21T02:02:00.000+07:00,"29234.1,29238,29228.8,29230.8"
2026-05-21T02:03:00.000+07:00,"29230.9,29231.1,29215.1,29217.9"
2026-05-21T02:04:00.000+07:00,"29218.1,29226.3,29217.2,29220.2"
2026-05-21T02:05:00.000+07:00,"29220.4,29224.6,29216,29218.1"
2026-05-21T02:06:00.000+07:00,"29218.5,29232.5,29213.6,29231.1"
2026-05-21T02:07:00.000+07:00,"29230.6,29232.7,29223,29231.1"
2026-05-21T02:08:00.000+07:00,"29230.6,29232.3,29225.6,29228.9"
2026-05-21T02:09:00.000+07:00,"29228.2,29232.3,29226.7,29229.7"
2026-05-21T02:10:00.000+07:00,"29229.6,29232.7,29224.1,29231.4"
2026-05-21T02:11:00.000+07:00,"29231.5,29234.5,29230.2,29233.6"
2026-05-21T02:12:00.000+07:00,"29234.9,29241.1,29232.9,29240.5"
2026-05-21T02:13:00.000+07:00,"29240.8,29244.2,29238.5,29240.8"
2026-05-21T02:14:00.000+07:00,"29240.7,29248.1,29240.3,29248"
2026-05-21T02:15:00.000+07:00,"29248.3,29260.3,29247.1,29251"
2026-05-21T02:16:00.000+07:00,"29250.9,29255.7,29243.6,29255.1"
2026-05-21T02:17:00.000+07:00,"29255.3,29256.7,29246.5,29248"
2026-05-21T02:18:00.000+07:00,"29248.1,29254.4,29245,29250.9"
2026-05-21T02:19:00.000+07:00,"29251.4,29254.9,29247.6,29250.2"
2026-05-21T02:20:00.000+07:00,"29249.4,29251,29244.6,29247.2"
2026-05-21T02:21:00.000+07:00,"29247.1,29251.4,29246.1,29249.2"
2026-05-21T02:22:00.000+07:00,"29249.7,29253.5,29248,29248.9"
2026-05-21T02:23:00.000+07:00,"29249,29258.3,29248.6,29255.8"
2026-05-21T02:24:00.000+07:00,"29256,29258.8,29250.2,29253.7"
2026-05-21T02:25:00.000+07:00,"29254.5,29259.2,29248.6,29252.3"
2026-05-21T02:26:00.000+07:00,"29252.4,29253.5,29241.1,29244.4"
2026-05-21T02:27:00.000+07:00,"29244.5,29249.5,29240.2,29244.4"
2026-05-21T02:28:00.000+07:00,"29244.9,29250.6,29244.2,29246.9"
2026-05-21T02:29:00.000+07:00,"29247.4,29251.6,29244.7,29251.1"
2026-05-21T02:30:00.000+07:00,"29251.9,29256.7,29242,29242"
2026-05-21T02:31:00.000+07:00,"29241,29247.6,29237.5,29245.5"
2026-05-21T02:32:00.000+07:00,"29245.3,29251.1,29245,29246.1"
2026-05-21T02:33:00.000+07:00,"29246.3,29256,29242.7,29255"
2026-05-21T02:34:00.000+07:00,"29255.5,29255.9,29250.5,29251.4"
2026-05-21T02:35:00.000+07:00,"29250.3,29257.8,29250.2,29254.3"
2026-05-21T02:36:00.000+07:00,"29254.1,29258.5,29251.3,29252.8"
2026-05-21T02:37:00.000+07:00,"29252.3,29259.2,29243,29259.2"
2026-05-21T02:38:00.000+07:00,"29259.3,29267.3,29256.7,29266.3"
2026-05-21T02:39:00.000+07:00,"29266,29284.4,29262.8,29271"
2026-05-21T02:40:00.000+07:00,"29271.2,29271.9,29262.1,29266.7"
2026-05-21T02:41:00.000+07:00,"29267,29267.5,29258.9,29262.9"
2026-05-21T02:42:00.000+07:00,"29263,29272.3,29261.2,29268.8"
2026-05-21T02:43:00.000+07:00,"29269.2,29272.5,29264.1,29266.8"
2026-05-21T02:44:00.000+07:00,"29266.7,29268,29262.5,29263.9"
2026-05-21T02:45:00.000+07:00,"29261.4,29270.4,29256.1,29269.2"
2026-05-21T02:46:00.000+07:00,"29270,29283.1,29269.4,29274.1"
2026-05-21T02:47:00.000+07:00,"29275.2,29275.9,29267.8,29268.9"
2026-05-21T02:48:00.000+07:00,"29267.7,29278.3,29265.7,29275.7"
2026-05-21T02:49:00.000+07:00,"29275.6,29280,29266,29269.4"
2026-05-21T02:50:00.000+07:00,"29269.2,29269.3,29248.4,29251.2"
2026-05-21T02:51:00.000+07:00,"29251.3,29262.6,29247.5,29261.5"
2026-05-21T02:52:00.000+07:00,"29262.4,29274.6,29262.3,29271.6"
2026-05-21T02:53:00.000+07:00,"29272.1,29293.1,29272.1,29285.2"
2026-05-21T02:54:00.000+07:00,"29285,29285.4,29271.9,29272.7"
2026-05-21T02:55:00.000+07:00,"29272.8,29282.5,29268.3,29268.8"
2026-05-21T02:56:00.000+07:00,"29268.6,29275,29260.8,29274.3"
2026-05-21T02:57:00.000+07:00,"29274.7,29286.1,29269.8,29286.1"
2026-05-21T02:58:00.000+07:00,"29287.5,29294.8,29285.8,29287.9"
2026-05-21T02:59:00.000+07:00,"29288.4,29305.4,29286.1,29305.2"
2026-05-21T03:00:00.000+07:00,"29304.2,29304.2,29277.5,29277.8"
2026-05-21T03:01:00.000+07:00,"29278,29287.5,29274.5,29280.4"
2026-05-21T03:02:00.000+07:00,"29279.6,29288.4,29263.6,29263.6"
2026-05-21T03:03:00.000+07:00,"29261.9,29269.3,29259.7,29267.5"
2026-05-21T03:04:00.000+07:00,"29267.4,29268.9,29259.6,29263.4"
2026-05-21T03:05:00.000+07:00,"29263.9,29265.6,29255.6,29261.2"
2026-05-21T03:06:00.000+07:00,"29261,29266.7,29255,29266.3"
2026-05-21T03:07:00.000+07:00,"29268.5,29274,29264.6,29272.5"
2026-05-21T03:08:00.000+07:00,"29272.2,29273.9,29261.4,29263.8"
2026-05-21T03:09:00.000+07:00,"29263.3,29279.3,29263.3,29270.4"
2026-05-21T03:10:00.000+07:00,"29270.1,29275.3,29266,29267"
2026-05-21T03:11:00.000+07:00,"29268.2,29268.5,29252.4,29254"
2026-05-21T03:12:00.000+07:00,"29253.7,29261.2,29249.6,29258.9"
2026-05-21T03:13:00.000+07:00,"29260.9,29267.7,29260.5,29263"
2026-05-21T03:14:00.000+07:00,"29262.7,29265.5,29258.3,29263.7"
2026-05-21T03:15:00.000+07:00,"29266.2,29270.2,29255,29256.3"
2026-05-21T03:16:00.000+07:00,"29258.1,29265.5,29197.4,29243.1"
2026-05-21T03:17:00.000+07:00,"29245.9,29256.3,29240,29245.4"
2026-05-21T03:18:00.000+07:00,"29246.7,29257.8,29242.1,29256.9"
2026-05-21T03:19:00.000+07:00,"29257.9,29258.3,29248.9,29253.9"
2026-05-21T03:20:00.000+07:00,"29241.4,29248.5,29200.5,29224.3"
2026-05-21T03:21:00.000+07:00,"29223.3,29232.9,29157.2,29179"
2026-05-21T03:22:00.000+07:00,"29180.3,29203.5,29157.1,29162.2"
2026-05-21T03:23:00.000+07:00,"29162.4,29203.8,29162.4,29202.3"
2026-05-21T03:24:00.000+07:00,"29202.4,29237.2,29201.1,29231.7"
2026-05-21T03:25:00.000+07:00,"29230.7,29249.4,29213.7,29218.6"
2026-05-21T03:26:00.000+07:00,"29218.8,29247.1,29216.3,29233.6"
2026-05-21T03:27:00.000+07:00,"29234.4,29256.9,29232.5,29247.2"
2026-05-21T03:28:00.000+07:00,"29248.2,29264,29244.9,29263.2"
2026-05-21T03:29:00.000+07:00,"29263.5,29286.5,29261.6,29278"
2026-05-21T03:30:00.000+07:00,"29279,29285.5,29246.8,29254.3"
2026-05-21T03:31:00.000+07:00,"29251.3,29252.9,29221.5,29229.4"
2026-05-21T03:32:00.000+07:00,"29230.9,29243.4,29222.6,29230.5"
2026-05-21T03:33:00.000+07:00,"29230.4,29241.7,29217.2,29221.6"
2026-05-21T03:34:00.000+07:00,"29221.2,29231.9,29214,29220.4"
2026-05-21T03:35:00.000+07:00,"29220.5,29225.8,29213,29215.2"
2026-05-21T03:36:00.000+07:00,"29215.1,29227,29211.4,29214.8"
2026-05-21T03:37:00.000+07:00,"29215.1,29217.6,29185,29191.9"
2026-05-21T03:38:00.000+07:00,"29192,29207.1,29187.5,29198"
2026-05-21T03:39:00.000+07:00,"29198.5,29203.8,29190.3,29200.6"
2026-05-21T03:40:00.000+07:00,"29200.4,29206.8,29194.7,29197.4"
2026-05-21T03:41:00.000+07:00,"29194.6,29208,29188.3,29202.3"
2026-05-21T03:42:00.000+07:00,"29202.4,29225.4,29202.2,29212.9"
2026-05-21T03:43:00.000+07:00,"29212.6,29225.3,29210.6,29223.7"
2026-05-21T03:44:00.000+07:00,"29223.4,29228,29209.6,29212.1"
2026-05-21T03:45:00.000+07:00,"29211.8,29215.7,29201.5,29203.1"
2026-05-21T03:46:00.000+07:00,"29204.8,29216.7,29204.8,29209.7"
2026-05-21T03:47:00.000+07:00,"29211.2,29226.7,29210.9,29220.8"
2026-05-21T03:48:00.000+07:00,"29221,29225.1,29213.5,29213.5"
2026-05-21T03:49:00.000+07:00,"29213.9,29214.4,29205.4,29207.2"
2026-05-21T03:50:00.000+07:00,"29207,29210.3,29202.4,29208.7"
2026-05-21T03:51:00.000+07:00,"29209.2,29209.2,29202.6,29203.1"
2026-05-21T03:52:00.000+07:00,"29203,29203.4,29186.1,29189.2"
2026-05-21T03:53:00.000+07:00,"29189.7,29194,29163.2,29170.4"
2026-05-21T03:54:00.000+07:00,"29171.4,29173.3,29160,29171.4"
2026-05-21T03:55:00.000+07:00,"29171.1,29185,29170.8,29178.5"
2026-05-21T03:56:00.000+07:00,"29179.5,29187.1,29179,29187"
2026-05-21T03:57:00.000+07:00,"29184.3,29205,29183.3,29196.1"
2026-05-21T03:58:00.000+07:00,"29195.1,29202.1,29189.1,29195.4"
2026-05-21T03:59:00.000+07:00,"29195.1,29197.1,29182.8,29184"
2026-05-21T04:00:00.000+07:00,"29184.1,29186.8,29183.1,29183.2"
2026-05-21T04:01:00.000+07:00,"29186.1,29189.1,29181.4,29181.5"
2026-05-21T04:02:00.000+07:00,"29182.2,29195.1,29182.2,29189.8"
2026-05-21T04:03:00.000+07:00,"29190.3,29192.9,29190.3,29192.9"
2026-05-21T04:04:00.000+07:00,"29193,29193.4,29191.5,29191.6"
2026-05-21T04:05:00.000+07:00,"29191.7,29192.2,29190.2,29190.2"
2026-05-21T04:06:00.000+07:00,"29188.9,29192.5,29188.8,29190.1"
2026-05-21T04:07:00.000+07:00,"29191.1,29191.1,29182.8,29182.8"
2026-05-21T04:08:00.000+07:00,"29182.7,29182.7,29164.1,29165"
2026-05-21T04:09:00.000+07:00,"29165.1,29174.7,29161.4,29174.7"
2026-05-21T04:10:00.000+07:00,"29173.6,29182.8,29173.6,29177.2"
2026-05-21T04:11:00.000+07:00,"29181.7,29183,29175.7,29175.7"
2026-05-21T04:12:00.000+07:00,"29178.5,29180.4,29173.2,29173.2"
2026-05-21T04:13:00.000+07:00,"29173,29173.3,29167.8,29167.9"
2026-05-21T04:14:00.000+07:00,"29167.8,29175.6,29166.3,29173.3"
2026-05-21T04:15:00.000+07:00,"29173.8,29178.7,29173.8,29177.7"
2026-05-21T04:16:00.000+07:00,"29176.8,29177.6,29176.6,29176.7"
2026-05-21T04:17:00.000+07:00,"29176.4,29190.4,29175.8,29190.3"
2026-05-21T04:18:00.000+07:00,"29190.2,29192.1,29187.7,29188"
2026-05-21T04:19:00.000+07:00,"29188.1,29191.8,29187.6,29187.6"
2026-05-21T04:20:00.000+07:00,"29188.7,29189,29176,29180.4"
2026-05-21T04:21:00.000+07:00,"29181.5,29181.5,29176,29176.2"
2026-05-21T04:22:00.000+07:00,"29173.6,29184.1,29173.6,29184.1"
2026-05-21T04:23:00.000+07:00,"29184,29188.3,29183.6,29188.3"
2026-05-21T04:24:00.000+07:00,"29188.4,29192.6,29188.1,29192.6"
2026-05-21T04:25:00.000+07:00,"29195.7,29206.4,29195.6,29202.1"
2026-05-21T04:26:00.000+07:00,"29204.3,29213.5,29201.3,29213.5"
2026-05-21T04:27:00.000+07:00,"29213.3,29217.5,29207.9,29216.1"
2026-05-21T04:28:00.000+07:00,"29217.8,29225.7,29217.8,29224.4"
2026-05-21T04:29:00.000+07:00,"29224.1,29226.6,29210.2,29217.5"
2026-05-21T04:30:00.000+07:00,"29217.1,29223.1,29217.1,29217.5"
2026-05-21T04:31:00.000+07:00,"29217.4,29220.8,29215.1,29215.1"
2026-05-21T04:32:00.000+07:00,"29216.9,29216.9,29206.9,29209.9"
2026-05-21T04:33:00.000+07:00,"29210.1,29213.9,29209.5,29213.9"
2026-05-21T04:34:00.000+07:00,"29213.8,29214.7,29210.7,29210.7"
2026-05-21T04:35:00.000+07:00,"29212,29219.2,29212,29218.4"
2026-05-21T04:36:00.000+07:00,"29218.3,29218.4,29207.1,29207.1"
2026-05-21T04:37:00.000+07:00,"29209.5,29215.8,29209.5,29215.2"
2026-05-21T04:38:00.000+07:00,"29215.8,29216,29215.6,29216"
2026-05-21T04:39:00.000+07:00,"29212.8,29212.8,29206.6,29206.9"
2026-05-21T04:40:00.000+07:00,"29207.5,29207.7,29206.5,29206.6"
2026-05-21T04:41:00.000+07:00,"29206.5,29207.1,29206.5,29207.1"
2026-05-21T04:42:00.000+07:00,"29206.1,29206.1,29202.7,29202.8"
2026-05-21T04:43:00.000+07:00,"29202.5,29209.5,29202.5,29209.5"
2026-05-21T04:44:00.000+07:00,"29209.6,29213.1,29206.6,29209.5"
2026-05-21T04:45:00.000+07:00,"29209.6,29210.3,29208.8,29210"
2026-05-21T04:46:00.000+07:00,"29209.9,29211.2,29209.9,29211.2"
2026-05-21T04:47:00.000+07:00,"29209.9,29210.5,29209.7,29210.2"
2026-05-21T04:48:00.000+07:00,"29209.7,29211.3,29209.7,29211.3"
2026-05-21T04:49:00.000+07:00,"29211.4,29211.6,29211.3,29211.6"
2026-05-21T04:50:00.000+07:00,"29211.7,29211.7,29210.2,29211.5"
2026-05-21T04:51:00.000+07:00,"29211.9,29213.6,29211.9,29212.4"
2026-05-21T04:52:00.000+07:00,"29212.6,29212.6,29208.3,29209.6"
2026-05-21T04:53:00.000+07:00,"29209.9,29211.1,29208.8,29210.4"
2026-05-21T04:54:00.000+07:00,"29210,29210.1,29207.5,29207.5"
2026-05-21T04:55:00.000+07:00,"29206,29206,29205.8,29205.8"
2026-05-21T04:56:00.000+07:00,"29205.4,29205.4,29195.8,29199.3"
2026-05-21T04:57:00.000+07:00,"29199.4,29199.4,29187.2,29192.9"
2026-05-21T04:58:00.000+07:00,"29192.8,29196.9,29185.7,29189.9"
2026-05-21T04:59:00.000+07:00,"29190.2,29193.5,29187.7,29187.7"
2026-05-21T05:00:00.000+07:00,"29167.2,29188.9,29165.3,29188.1"
2026-05-21T05:01:00.000+07:00,"29185.4,29185.9,29149.9,29156.5"
2026-05-21T05:02:00.000+07:00,"29158.7,29158.7,29134.9,29141.6"
2026-05-21T05:03:00.000+07:00,"29141.4,29152.8,29138.6,29142.3"
2026-05-21T05:04:00.000+07:00,"29141.8,29145.1,29131,29131.7"
2026-05-21T05:05:00.000+07:00,"29130.6,29130.6,29107.3,29118.6"
2026-05-21T05:06:00.000+07:00,"29118.7,29138.7,29116.6,29138.4"
2026-05-21T05:07:00.000+07:00,"29138.5,29138.6,29082.9,29088.6"
2026-05-21T05:08:00.000+07:00,"29088.8,29088.8,29057,29066.1"
2026-05-21T05:09:00.000+07:00,"29070.6,29078.8,29030,29052.1"
2026-05-21T05:10:00.000+07:00,"29052.7,29055.5,29024.9,29051.8"
2026-05-21T05:11:00.000+07:00,"29053.1,29070.5,29052.2,29067.3"
2026-05-21T05:12:00.000+07:00,"29067.5,29078.8,29058.5,29072.1"
2026-05-21T05:13:00.000+07:00,"29070.5,29073.8,29064.6,29070.1"
2026-05-21T05:14:00.000+07:00,"29069.9,29074.9,29061.6,29068.5"
2026-05-21T05:15:00.000+07:00,"29068.6,29084.9,29064.4,29068.3"
2026-05-21T05:16:00.000+07:00,"29066.7,29072.3,29054,29066.2"
2026-05-21T05:17:00.000+07:00,"29066.1,29071.1,29058.5,29063.3"
2026-05-21T05:18:00.000+07:00,"29063.6,29064.5,29047.6,29048.1"
2026-05-21T05:19:00.000+07:00,"29047.8,29056.7,29043.4,29054"
2026-05-21T05:20:00.000+07:00,"29054.2,29054.2,29038.6,29039.5"
2026-05-21T05:21:00.000+07:00,"29039.4,29059.6,29028.3,29058.2"
2026-05-21T05:22:00.000+07:00,"29057.3,29061.8,29053.7,29055"
2026-05-21T05:23:00.000+07:00,"29055.1,29065.5,29054.4,29056.6"
2026-05-21T05:24:00.000+07:00,"29056.4,29058.6,29048.7,29057.5"
2026-05-21T05:25:00.000+07:00,"29057.4,29068.6,29055,29060.6"
2026-05-21T05:26:00.000+07:00,"29061.7,29070.5,29061.3,29065"
2026-05-21T05:27:00.000+07:00,"29064.7,29068.6,29061.1,29067"
2026-05-21T05:28:00.000+07:00,"29066.7,29079.4,29065.8,29074.9"
2026-05-21T05:29:00.000+07:00,"29074.8,29082.4,29074.8,29079.8"
2026-05-21T05:30:00.000+07:00,"29079.3,29087.4,29076.9,29087.4"
2026-05-21T05:31:00.000+07:00,"29087.5,29087.5,29072.5,29078.7"
2026-05-21T05:32:00.000+07:00,"29077.9,29079.4,29072.6,29074.3"
2026-05-21T05:33:00.000+07:00,"29074.4,29082,29071.9,29081"
2026-05-21T05:34:00.000+07:00,"29082.2,29093.4,29080.4,29086"
2026-05-21T05:35:00.000+07:00,"29085.9,29091,29076.6,29085.2"
2026-05-21T05:36:00.000+07:00,"29085.3,29087.4,29076.5,29078"
2026-05-21T05:37:00.000+07:00,"29078.4,29081.9,29072.1,29080.4"
2026-05-21T05:38:00.000+07:00,"29085.3,29093.9,29085.3,29090.2"
2026-05-21T05:39:00.000+07:00,"29090,29091,29087.2,29090.4"
2026-05-21T05:40:00.000+07:00,"29091.4,29091.6,29079.7,29081.4"
2026-05-21T05:41:00.000+07:00,"29081.5,29088,29081.1,29088"
2026-05-21T05:42:00.000+07:00,"29087.8,29099.3,29087.6,29098.7"
2026-05-21T05:43:00.000+07:00,"29099.2,29099.2,29094,29096.8"
2026-05-21T05:44:00.000+07:00,"29096.3,29097,29090.9,29091.7"
2026-05-21T05:45:00.000+07:00,"29092,29096.2,29088.2,29096.2"
2026-05-21T05:46:00.000+07:00,"29096.1,29097.2,29093.7,29095.8"
2026-05-21T05:47:00.000+07:00,"29095.7,29099.1,29085.1,29090.3"
2026-05-21T05:48:00.000+07:00,"29090.2,29092.3,29089.3,29091.2"
2026-05-21T05:49:00.000+07:00,"29091.3,29095.6,29087.7,29094.7"
2026-05-21T05:50:00.000+07:00,"29094,29094.1,29078,29078"
2026-05-21T05:51:00.000+07:00,"29078.7,29082.1,29071.4,29074.5"
2026-05-21T05:52:00.000+07:00,"29075,29088.7,29075,29085.4"
2026-05-21T05:53:00.000+07:00,"29085.2,29086.3,29082.2,29084.2"
2026-05-21T05:54:00.000+07:00,"29083.7,29084.1,29076,29084.1"
2026-05-21T05:55:00.000+07:00,"29084.6,29092.1,29083.8,29089.7"
2026-05-21T05:56:00.000+07:00,"29089.4,29092.4,29087.8,29091"
2026-05-21T05:57:00.000+07:00,"29091.4,29092.3,29080.7,29085.9"
2026-05-21T05:58:00.000+07:00,"29086.6,29094.9,29084,29093.5"
2026-05-21T05:59:00.000+07:00,"29093,29099.9,29091.4,29098.4"
2026-05-21T06:00:00.000+07:00,"29099.1,29103.6,29096,29102.5"
2026-05-21T06:01:00.000+07:00,"29102.6,29103.2,29098.4,29101.9"
2026-05-21T06:02:00.000+07:00,"29103.4,29111.9,29101.9,29109.4"
2026-05-21T06:03:00.000+07:00,"29109.3,29116.7,29107.6,29112.4"
2026-05-21T06:04:00.000+07:00,"29112.3,29115.2,29105.4,29107.5"
2026-05-21T06:05:00.000+07:00,"29108.4,29112.3,29105.3,29111"
2026-05-21T06:06:00.000+07:00,"29111.3,29115.9,29104.2,29104.9"
2026-05-21T06:07:00.000+07:00,"29105,29114.9,29105,29109"
2026-05-21T06:08:00.000+07:00,"29108.8,29112.7,29108.8,29110.8"
2026-05-21T06:09:00.000+07:00,"29110.6,29114.3,29109.4,29110.5"
2026-05-21T06:10:00.000+07:00,"29110.4,29114,29108.9,29113.2"
2026-05-21T06:11:00.000+07:00,"29112.4,29115.9,29110.3,29115.1"
2026-05-21T06:12:00.000+07:00,"29115.5,29133.4,29115.5,29132"
2026-05-21T06:13:00.000+07:00,"29131.2,29131.6,29122.6,29124.6"
2026-05-21T06:14:00.000+07:00,"29124.8,29125.1,29114.5,29115.8"
2026-05-21T06:15:00.000+07:00,"29115.7,29116.1,29098.7,29103.6"
2026-05-21T06:16:00.000+07:00,"29103.8,29106.6,29093,29101.5"
2026-05-21T06:17:00.000+07:00,"29101.9,29113.8,29101.8,29110.5"
2026-05-21T06:18:00.000+07:00,"29110.6,29116.2,29110.4,29112.2"
2026-05-21T06:19:00.000+07:00,"29112.1,29113.5,29110.7,29112.4"
2026-05-21T06:20:00.000+07:00,"29112.2,29112.6,29103.6,29103.6"
2026-05-21T06:21:00.000+07:00,"29104.4,29108.8,29101.5,29106.8"
2026-05-21T06:22:00.000+07:00,"29106.6,29111.7,29100.3,29100.6"
2026-05-21T06:23:00.000+07:00,"29098,29101.1,29085.7,29087.6"
2026-05-21T06:24:00.000+07:00,"29087.3,29092.3,29085.9,29090"
2026-05-21T06:25:00.000+07:00,"29090.1,29092.8,29087.2,29089.2"
2026-05-21T06:26:00.000+07:00,"29089.3,29092,29084.1,29086.6"
2026-05-21T06:27:00.000+07:00,"29086.5,29096,29077.4,29090.7"
2026-05-21T06:28:00.000+07:00,"29090.9,29096,29089.7,29095"
2026-05-21T06:29:00.000+07:00,"29094.5,29094.9,29088.9,29089.5"
2026-05-21T06:30:00.000+07:00,"29090.9,29102.7,29089.6,29100"
2026-05-21T06:31:00.000+07:00,"29099.5,29099.5,29083.6,29092.6"
2026-05-21T06:32:00.000+07:00,"29090,29098.3,29089,29097.6"
2026-05-21T06:33:00.000+07:00,"29097.7,29099.8,29095.4,29097.4"
2026-05-21T06:34:00.000+07:00,"29097.6,29098.5,29090.9,29092.6"
2026-05-21T06:35:00.000+07:00,"29092.7,29095.4,29092,29093.8"
2026-05-21T06:36:00.000+07:00,"29093,29094.8,29090.2,29094.2"
2026-05-21T06:37:00.000+07:00,"29094.3,29104.1,29093.3,29103.2"
2026-05-21T06:38:00.000+07:00,"29103.7,29103.7,29099.8,29099.8"
2026-05-21T06:39:00.000+07:00,"29099.7,29106.4,29095.4,29100.1"
2026-05-21T06:40:00.000+07:00,"29102.2,29102.2,29096.6,29098"
2026-05-21T06:41:00.000+07:00,"29097.9,29102.1,29095.6,29102.1"
2026-05-21T06:42:00.000+07:00,"29102.4,29106.6,29100.8,29105.8"
2026-05-21T06:43:00.000+07:00,"29105.7,29106.2,29100.9,29101.8"
2026-05-21T06:44:00.000+07:00,"29102.2,29103.8,29097.6,29097.7"
2026-05-21T06:45:00.000+07:00,"29097.8,29107.5,29090.1,29106"
2026-05-21T06:46:00.000+07:00,"29106.1,29117.2,29102.6,29116.3"
2026-05-21T06:47:00.000+07:00,"29115.3,29117.9,29107.3,29107.3"
2026-05-21T06:48:00.000+07:00,"29108.2,29117.3,29104.2,29117.3"
2026-05-21T06:49:00.000+07:00,"29117.8,29118.3,29110.8,29112.4"
2026-05-21T06:50:00.000+07:00,"29113,29116.9,29107.5,29109.4"
2026-05-21T06:51:00.000+07:00,"29109.7,29112.2,29101.1,29104.4"
2026-05-21T06:52:00.000+07:00,"29102.9,29105.1,29099.3,29101.1"
2026-05-21T06:53:00.000+07:00,"29100.9,29110.9,29100.7,29109.8"
2026-05-21T06:54:00.000+07:00,"29109.7,29113.4,29108.6,29111.9"
2026-05-21T06:55:00.000+07:00,"29112,29114.4,29106.7,29109.4"
2026-05-21T06:56:00.000+07:00,"29109.2,29114.1,29105.6,29111.9"
2026-05-21T06:57:00.000+07:00,"29111.7,29115.3,29097.4,29097.8"
2026-05-21T06:58:00.000+07:00,"29098.1,29104.1,29092.2,29103.7"
2026-05-21T06:59:00.000+07:00,"29103.3,29106.2,29094.7,29102.9"
2026-05-21T07:00:00.000+07:00,"29103,29106.6,29092.5,29096.6"
2026-05-21T07:01:00.000+07:00,"29098.4,29101.7,29089.9,29094.2"
2026-05-21T07:02:00.000+07:00,"29092.8,29105,29091.4,29098.2"
2026-05-21T07:03:00.000+07:00,"29093.1,29103.2,29090.9,29094.8"
2026-05-21T07:04:00.000+07:00,"29095.3,29119.6,29095.3,29109.8"
2026-05-21T07:05:00.000+07:00,"29109.5,29115.2,29103,29111.3"
2026-05-21T07:06:00.000+07:00,"29112.5,29112.5,29088.3,29093.2"
2026-05-21T07:07:00.000+07:00,"29091.9,29099.8,29087.1,29087.6"
2026-05-21T07:08:00.000+07:00,"29086.8,29097.6,29083.2,29095"
2026-05-21T07:09:00.000+07:00,"29094.9,29111,29092.9,29108.4"
2026-05-21T07:10:00.000+07:00,"29107.4,29119.1,29102.6,29109.1"
2026-05-21T07:11:00.000+07:00,"29109.2,29111.3,29103.2,29110"
2026-05-21T07:12:00.000+07:00,"29108.6,29120.8,29108.6,29112.5"
2026-05-21T07:13:00.000+07:00,"29113.7,29119.4,29110.5,29116.6"
2026-05-21T07:14:00.000+07:00,"29116.4,29118.4,29111.2,29117.7"
2026-05-21T07:15:00.000+07:00,"29117.8,29126,29114.5,29124.3"
2026-05-21T07:16:00.000+07:00,"29123.3,29124.3,29108.8,29119.1"
2026-05-21T07:17:00.000+07:00,"29118.9,29121.9,29114.9,29120.7"
2026-05-21T07:18:00.000+07:00,"29120.6,29121.8,29090,29099.3"
2026-05-21T07:19:00.000+07:00,"29098.8,29104.9,29097.3,29099.3"
2026-05-21T07:20:00.000+07:00,"29099.2,29101.7,29092.5,29095.2"
2026-05-21T07:21:00.000+07:00,"29095.8,29099.4,29091.8,29091.8"
2026-05-21T07:22:00.000+07:00,"29091.9,29098.2,29089.2,29089.9"
2026-05-21T07:23:00.000+07:00,"29090.4,29094.2,29086.5,29087.6"
2026-05-21T07:24:00.000+07:00,"29087.5,29095.9,29085.5,29095.9"
2026-05-21T07:25:00.000+07:00,"29095.1,29101.9,29090.9,29091.7"
2026-05-21T07:26:00.000+07:00,"29091.1,29092.8,29084.8,29084.8"
2026-05-21T07:27:00.000+07:00,"29084.9,29095.1,29084.8,29093.8"
2026-05-21T07:28:00.000+07:00,"29093.2,29094.9,29087.1,29094.2"
2026-05-21T07:29:00.000+07:00,"29094,29104.4,29092.2,29104.3"
2026-05-21T07:30:00.000+07:00,"29102.8,29104.4,29092.6,29094.4"
2026-05-21T07:31:00.000+07:00,"29094.6,29097.5,29092.1,29094.3"
2026-05-21T07:32:00.000+07:00,"29094.8,29103,29094.1,29097.8"
2026-05-21T07:33:00.000+07:00,"29097.6,29101.8,29096.5,29101.5"
2026-05-21T07:34:00.000+07:00,"29101.4,29116.9,29101.4,29115"
2026-05-21T07:35:00.000+07:00,"29115.4,29116.9,29113.5,29116.5"
2026-05-21T07:36:00.000+07:00,"29116.7,29118.9,29111.8,29115.8"
2026-05-21T07:37:00.000+07:00,"29116,29119.5,29114.6,29118"
2026-05-21T07:38:00.000+07:00,"29117.5,29119.3,29112.6,29118.4"
2026-05-21T07:39:00.000+07:00,"29118.6,29123,29116.8,29117.2"
2026-05-21T07:40:00.000+07:00,"29116.5,29125.9,29114.5,29125.7"
2026-05-21T07:41:00.000+07:00,"29125.6,29125.6,29113.8,29116.6"
2026-05-21T07:42:00.000+07:00,"29116.7,29123.8,29116.6,29122.2"
2026-05-21T07:43:00.000+07:00,"29122,29123.4,29119,29121.3"
2026-05-21T07:44:00.000+07:00,"29120.7,29127.1,29120.3,29126.3"
2026-05-21T07:45:00.000+07:00,"29126.9,29128.8,29123,29126.8"
2026-05-21T07:46:00.000+07:00,"29126.3,29126.4,29121,29124"
2026-05-21T07:47:00.000+07:00,"29123.9,29125.3,29114.1,29117.2"
2026-05-21T07:48:00.000+07:00,"29117.6,29119,29115.7,29118.3"
2026-05-21T07:49:00.000+07:00,"29118.4,29131.3,29118.4,29131.3"
2026-05-21T07:50:00.000+07:00,"29131.1,29133.1,29129.2,29130.9"
2026-05-21T07:51:00.000+07:00,"29131.3,29132.4,29128,29130.7"
2026-05-21T07:52:00.000+07:00,"29130.5,29133.6,29128.6,29130.4"
2026-05-21T07:53:00.000+07:00,"29130.8,29140.4,29130.6,29139.9"
2026-05-21T07:54:00.000+07:00,"29140,29141.9,29137.9,29140.4"
2026-05-21T07:55:00.000+07:00,"29139.9,29141.1,29134.5,29135.2"
2026-05-21T07:56:00.000+07:00,"29135,29138.3,29129.5,29137.7"
2026-05-21T07:57:00.000+07:00,"29137.6,29139,29132.4,29133.9"
2026-05-21T07:58:00.000+07:00,"29134.1,29134.1,29125.5,29127.7"
2026-05-21T07:59:00.000+07:00,"29127,29135.4,29127,29131.2"
2026-05-21T08:00:00.000+07:00,"29131.3,29148.3,29131.3,29146.9"
2026-05-21T08:01:00.000+07:00,"29146.8,29147.9,29136.6,29143.8"
2026-05-21T08:02:00.000+07:00,"29143.9,29147.7,29141.1,29146.6"
2026-05-21T08:03:00.000+07:00,"29146.8,29152.7,29146.4,29147.7"
2026-05-21T08:04:00.000+07:00,"29147.9,29156.1,29146.2,29153.7"
2026-05-21T08:05:00.000+07:00,"29154.3,29156.1,29149.6,29150.2"
2026-05-21T08:06:00.000+07:00,"29150.5,29157.9,29148.4,29154.1"
2026-05-21T08:07:00.000+07:00,"29154.4,29162.9,29150.1,29162.3"
2026-05-21T08:08:00.000+07:00,"29161.8,29172.6,29161.7,29168.8"
2026-05-21T08:09:00.000+07:00,"29168.9,29173.8,29168.8,29172.8"
2026-05-21T08:10:00.000+07:00,"29172.6,29174.6,29168,29170.9"
2026-05-21T08:11:00.000+07:00,"29170.5,29174.7,29169.6,29171.4"
2026-05-21T08:12:00.000+07:00,"29171.5,29172.6,29165.2,29168.4"
2026-05-21T08:13:00.000+07:00,"29168.5,29178.4,29167.9,29178.1"
2026-05-21T08:14:00.000+07:00,"29178,29191.1,29174.6,29190.3"
2026-05-21T08:15:00.000+07:00,"29190.5,29205,29189.9,29202.6"
2026-05-21T08:16:00.000+07:00,"29203.2,29203.7,29190.9,29192.4"
2026-05-21T08:17:00.000+07:00,"29192.6,29194.6,29190,29190.2"
2026-05-21T08:18:00.000+07:00,"29190,29192.7,29179,29180.4"
2026-05-21T08:19:00.000+07:00,"29180.9,29184.2,29174,29176.2"
2026-05-21T08:20:00.000+07:00,"29176.9,29184.3,29176,29178.5"
2026-05-21T08:21:00.000+07:00,"29178.9,29186,29178.9,29183.9"
2026-05-21T08:22:00.000+07:00,"29183.6,29186.8,29180.5,29183.2"
2026-05-21T08:23:00.000+07:00,"29183,29188.7,29180.5,29184.2"
2026-05-21T08:24:00.000+07:00,"29184.4,29186.6,29180.8,29183.8"
2026-05-21T08:25:00.000+07:00,"29183.7,29184.4,29175.2,29175.3"
2026-05-21T08:26:00.000+07:00,"29175.2,29177.2,29171.8,29172.6"
2026-05-21T08:27:00.000+07:00,"29172.9,29181.8,29170.4,29177"
2026-05-21T08:28:00.000+07:00,"29176.9,29181.9,29176.5,29179.3"
2026-05-21T08:29:00.000+07:00,"29179.2,29181.3,29177.7,29181.3"
2026-05-21T08:30:00.000+07:00,"29181.4,29188,29173,29182.3"
2026-05-21T08:31:00.000+07:00,"29182.9,29188,29178.1,29180"
2026-05-21T08:32:00.000+07:00,"29180.1,29183.2,29178,29181.4"
2026-05-21T08:33:00.000+07:00,"29181.2,29199.4,29179.8,29196.9"
2026-05-21T08:34:00.000+07:00,"29196.6,29203,29196.5,29201.6"
2026-05-21T08:35:00.000+07:00,"29201.7,29219.8,29201.5,29209"
2026-05-21T08:36:00.000+07:00,"29210.2,29210.9,29198.1,29200.9"
2026-05-21T08:37:00.000+07:00,"29200.6,29201.8,29197.2,29197.3"
2026-05-21T08:38:00.000+07:00,"29197.7,29206.2,29194.8,29201.3"
2026-05-21T08:39:00.000+07:00,"29201.6,29207.9,29200.8,29203.2"
2026-05-21T08:40:00.000+07:00,"29203.3,29206.9,29202.4,29206.3"
2026-05-21T08:41:00.000+07:00,"29206.8,29215.5,29206.8,29214.5"
2026-05-21T08:42:00.000+07:00,"29214.3,29230.4,29212.6,29223.1"
2026-05-21T08:43:00.000+07:00,"29222.8,29223.3,29217.6,29219.9"
2026-05-21T08:44:00.000+07:00,"29220,29227.9,29219.5,29223.4"
2026-05-21T08:45:00.000+07:00,"29223.6,29227.9,29220.5,29221.1"
2026-05-21T08:46:00.000+07:00,"29219.9,29223.5,29217.2,29220.7"
2026-05-21T08:47:00.000+07:00,"29220.6,29222.8,29217.6,29222.6"
2026-05-21T08:48:00.000+07:00,"29222.4,29227.1,29217.7,29218.9"
2026-05-21T08:49:00.000+07:00,"29219.2,29224.4,29218.8,29219.7"
2026-05-21T08:50:00.000+07:00,"29219.4,29221.3,29213.2,29219.3"
2026-05-21T08:51:00.000+07:00,"29220.2,29220.8,29217,29219.7"
2026-05-21T08:52:00.000+07:00,"29219.8,29220,29213.6,29215.9"
2026-05-21T08:53:00.000+07:00,"29215.7,29215.7,29195.9,29200.5"
2026-05-21T08:54:00.000+07:00,"29200.3,29200.6,29191.5,29196.1"
2026-05-21T08:55:00.000+07:00,"29195.7,29204.7,29195.7,29202.4"
2026-05-21T08:56:00.000+07:00,"29201.9,29206.3,29198.7,29202.8"
2026-05-21T08:57:00.000+07:00,"29203,29208.5,29200.7,29205.3"
2026-05-21T08:58:00.000+07:00,"29205.5,29221,29205.5,29220.5"
2026-05-21T08:59:00.000+07:00,"29221,29229.5,29220.3,29222.4"
2026-05-21T09:00:00.000+07:00,"29224,29228,29222.3,29226"
2026-05-21T09:01:00.000+07:00,"29225.8,29238.1,29224.7,29233"
2026-05-21T09:02:00.000+07:00,"29233.6,29243.4,29229.4,29243.4"
2026-05-21T09:03:00.000+07:00,"29242.8,29242.8,29236.4,29239.4"
2026-05-21T09:04:00.000+07:00,"29238.7,29241.8,29237.1,29237.7"
2026-05-21T09:05:00.000+07:00,"29238,29241.3,29236.5,29241.3"
2026-05-21T09:06:00.000+07:00,"29240.8,29244.9,29237.7,29241.7"
2026-05-21T09:07:00.000+07:00,"29241.6,29244.7,29239.3,29239.6"
2026-05-21T09:08:00.000+07:00,"29240.3,29240.8,29234.6,29237.9"
2026-05-21T09:09:00.000+07:00,"29238.3,29245.3,29236.4,29243.4"
2026-05-21T09:10:00.000+07:00,"29243.6,29250,29241.1,29247.6"
2026-05-21T09:11:00.000+07:00,"29246.8,29247,29238.7,29239.1"
2026-05-21T09:12:00.000+07:00,"29239.2,29242.3,29235.2,29235.2"
2026-05-21T09:13:00.000+07:00,"29235.5,29236,29233.3,29235.6"
2026-05-21T09:14:00.000+07:00,"29235.9,29243.2,29235.4,29243.2"
2026-05-21T09:15:00.000+07:00,"29242.8,29247.1,29241,29245.6"
2026-05-21T09:16:00.000+07:00,"29246.1,29255.9,29245.1,29253.6"
2026-05-21T09:17:00.000+07:00,"29253.9,29261.6,29253.7,29261.1"
2026-05-21T09:18:00.000+07:00,"29261.3,29286.8,29260.3,29270"
2026-05-21T09:19:00.000+07:00,"29269.5,29271.1,29262,29264.7"
2026-05-21T09:20:00.000+07:00,"29265,29268.4,29260.6,29262.3"
2026-05-21T09:21:00.000+07:00,"29261.3,29271.8,29260.2,29265.1"
2026-05-21T09:22:00.000+07:00,"29265,29270.2,29261.5,29262.7"
2026-05-21T09:23:00.000+07:00,"29263.1,29265.5,29259.1,29261.8"
2026-05-21T09:24:00.000+07:00,"29261.7,29263.9,29260.8,29262.3"
2026-05-21T09:25:00.000+07:00,"29262.6,29265.9,29260.9,29263.2"
2026-05-21T09:26:00.000+07:00,"29263.9,29268.9,29263.5,29267.5"
2026-05-21T09:27:00.000+07:00,"29267.3,29270.9,29264.9,29268.2"
2026-05-21T09:28:00.000+07:00,"29267.5,29268.4,29263.3,29263.6"
2026-05-21T09:29:00.000+07:00,"29263.5,29264.4,29258.9,29263.2"
2026-05-21T09:30:00.000+07:00,"29263.3,29265.1,29253.8,29254"
2026-05-21T09:31:00.000+07:00,"29255.1,29264,29254.6,29258.7"
2026-05-21T09:32:00.000+07:00,"29258.9,29260.9,29254.3,29255.1"
2026-05-21T09:33:00.000+07:00,"29255,29259.1,29248.6,29250.5"
2026-05-21T09:34:00.000+07:00,"29250.9,29254,29247.6,29248.2"
2026-05-21T09:35:00.000+07:00,"29248.5,29250.3,29244.1,29245.4"
2026-05-21T09:36:00.000+07:00,"29245.5,29250.1,29245.5,29247.2"
2026-05-21T09:37:00.000+07:00,"29247.4,29256.1,29246.3,29255.6"
2026-05-21T09:38:00.000+07:00,"29255.7,29264.1,29253.5,29264.1"
2026-05-21T09:39:00.000+07:00,"29263.3,29265.5,29261.2,29264.1"
2026-05-21T09:40:00.000+07:00,"29264,29264,29257.3,29259.3"
2026-05-21T09:41:00.000+07:00,"29255.6,29256.7,29247.8,29247.8"
2026-05-21T09:42:00.000+07:00,"29248.3,29249.7,29244.9,29247.5"
2026-05-21T09:43:00.000+07:00,"29247.4,29249.7,29242.3,29244.5"
2026-05-21T09:44:00.000+07:00,"29244.9,29250.8,29244.9,29245.3"
2026-05-21T09:45:00.000+07:00,"29244.9,29245.4,29233.7,29234.1"
2026-05-21T09:46:00.000+07:00,"29234.3,29237.8,29227.5,29231.2"
2026-05-21T09:47:00.000+07:00,"29230.9,29238.1,29230.9,29234"
2026-05-21T09:48:00.000+07:00,"29233.9,29238.3,29231.7,29237.5"
2026-05-21T09:49:00.000+07:00,"29237.9,29241.9,29236,29237.4"
2026-05-21T09:50:00.000+07:00,"29237.6,29245,29237.6,29243.1"
2026-05-21T09:51:00.000+07:00,"29243,29248.4,29241.5,29247.3"
2026-05-21T09:52:00.000+07:00,"29247.2,29251.9,29245.4,29251.3"
2026-05-21T09:53:00.000+07:00,"29251.1,29251.7,29247.8,29247.8"
2026-05-21T09:54:00.000+07:00,"29246.2,29246.3,29236.2,29237.3"
2026-05-21T09:55:00.000+07:00,"29237.2,29240.3,29235.3,29237.7"
2026-05-21T09:56:00.000+07:00,"29237.5,29241,29231.4,29233.8"
2026-05-21T09:57:00.000+07:00,"29234.3,29242.4,29234.2,29242.1"
2026-05-21T09:58:00.000+07:00,"29242.2,29243.2,29240,29240.1"
2026-05-21T09:59:00.000+07:00,"29241,29241.7,29235.9,29236.4"
2026-05-21T10:00:00.000+07:00,"29236.6,29240.6,29235.1,29239.1"
2026-05-21T10:01:00.000+07:00,"29239.4,29239.4,29233.2,29237.8"
2026-05-21T10:02:00.000+07:00,"29238.6,29248.1,29238.5,29246.7"
2026-05-21T10:03:00.000+07:00,"29247.4,29256.9,29246.6,29256.5"
2026-05-21T10:04:00.000+07:00,"29256.4,29256.6,29250.6,29253.3"
2026-05-21T10:05:00.000+07:00,"29252.9,29253.8,29248.6,29250.1"
2026-05-21T10:06:00.000+07:00,"29250.2,29250.6,29246.7,29249"
2026-05-21T10:07:00.000+07:00,"29248.9,29248.9,29236.4,29238.9"
2026-05-21T10:08:00.000+07:00,"29238.8,29242.4,29235.4,29241.6"
2026-05-21T10:09:00.000+07:00,"29242.2,29256.3,29241.9,29255.7"
2026-05-21T10:10:00.000+07:00,"29256.3,29258.5,29252.2,29254.4"
2026-05-21T10:11:00.000+07:00,"29254.2,29258.9,29254.2,29257.4"
2026-05-21T10:12:00.000+07:00,"29257.6,29264.8,29256.1,29262.6"
2026-05-21T10:13:00.000+07:00,"29262.1,29262.7,29257.9,29261.1"
2026-05-21T10:14:00.000+07:00,"29261.4,29262.3,29254.2,29255.2"
2026-05-21T10:15:00.000+07:00,"29255.6,29255.8,29243.6,29243.7"
2026-05-21T10:16:00.000+07:00,"29244.1,29249.6,29244,29247.9"
2026-05-21T10:17:00.000+07:00,"29247.6,29252.8,29245.1,29250.7"
2026-05-21T10:18:00.000+07:00,"29251.1,29258.9,29247.9,29258.4"
2026-05-21T10:19:00.000+07:00,"29257.8,29259.4,29252.9,29256.2"
2026-05-21T10:20:00.000+07:00,"29256.3,29260.2,29255.3,29259.7"
2026-05-21T10:21:00.000+07:00,"29259.4,29270.8,29258.8,29269"
2026-05-21T10:22:00.000+07:00,"29270.4,29273.9,29268.7,29271.9"
2026-05-21T10:23:00.000+07:00,"29271.7,29273.5,29266.6,29268"
2026-05-21T10:24:00.000+07:00,"29267.9,29270.4,29267,29268.2"
2026-05-21T10:25:00.000+07:00,"29268.1,29270.4,29260.3,29261.8"
2026-05-21T10:26:00.000+07:00,"29261.9,29262.3,29257.3,29258.2"
2026-05-21T10:27:00.000+07:00,"29258,29264.2,29257.5,29261.7"
2026-05-21T10:28:00.000+07:00,"29262.2,29264.4,29260.9,29263.5"
2026-05-21T10:29:00.000+07:00,"29264.3,29268.1,29262.8,29267.5"
2026-05-21T10:30:00.000+07:00,"29267.7,29270.1,29260.4,29270"
2026-05-21T10:31:00.000+07:00,"29270.1,29271.1,29266.7,29269.8"
2026-05-21T10:32:00.000+07:00,"29268.9,29269.3,29264.1,29264.8"
2026-05-21T10:33:00.000+07:00,"29264.4,29267.4,29264.4,29265.3"
2026-05-21T10:34:00.000+07:00,"29265.1,29267.6,29262.5,29264.6"
2026-05-21T10:35:00.000+07:00,"29265.5,29266.7,29258.7,29260"
2026-05-21T10:36:00.000+07:00,"29260.4,29266,29259.4,29264.9"
2026-05-21T10:37:00.000+07:00,"29264.8,29266.4,29260.2,29265.4"
2026-05-21T10:38:00.000+07:00,"29265.6,29272.9,29264.7,29269.4"
2026-05-21T10:39:00.000+07:00,"29269.7,29272.1,29268.3,29269.3"
2026-05-21T10:40:00.000+07:00,"29269.6,29275.4,29268.9,29273.1"
2026-05-21T10:41:00.000+07:00,"29273.5,29273.5,29269,29271.2"
2026-05-21T10:42:00.000+07:00,"29271.1,29278.9,29271.1,29278.1"
2026-05-21T10:43:00.000+07:00,"29278.3,29283.9,29277.5,29280.8"
2026-05-21T10:44:00.000+07:00,"29281,29288.5,29280.8,29288.5"
2026-05-21T10:45:00.000+07:00,"29288.2,29290.7,29281.4,29281.6"
2026-05-21T10:46:00.000+07:00,"29281.4,29288.6,29281.4,29282.9"
2026-05-21T10:47:00.000+07:00,"29283.6,29285,29277.2,29277.5"
2026-05-21T10:48:00.000+07:00,"29277.4,29280.4,29276.6,29279.2"
2026-05-21T10:49:00.000+07:00,"29278.8,29284.7,29278.8,29281.5"
2026-05-21T10:50:00.000+07:00,"29281.4,29283,29275,29276.8"
2026-05-21T10:51:00.000+07:00,"29276.9,29282.1,29276.8,29278.9"
2026-05-21T10:52:00.000+07:00,"29279,29279.9,29274.1,29274.8"
2026-05-21T10:53:00.000+07:00,"29275.1,29276.1,29267.5,29268.7"
2026-05-21T10:54:00.000+07:00,"29268.6,29268.6,29264.7,29267.1"
2026-05-21T10:55:00.000+07:00,"29266.9,29275.4,29266.1,29274.2"
2026-05-21T10:56:00.000+07:00,"29274,29274,29265.3,29267.9"
2026-05-21T10:57:00.000+07:00,"29270.5,29270.5,29266.8,29267.9"
2026-05-21T10:58:00.000+07:00,"29267.8,29269.9,29265.9,29269.9"
2026-05-21T10:59:00.000+07:00,"29270,29272,29270,29271.7"
2026-05-21T11:00:00.000+07:00,"29271.8,29276.8,29267.3,29276.8"
2026-05-21T11:01:00.000+07:00,"29276.5,29281.3,29273.9,29279.5"
2026-05-21T11:02:00.000+07:00,"29279.4,29281,29277.8,29279.8"
2026-05-21T11:03:00.000+07:00,"29279.6,29280.4,29277.1,29279.9"
2026-05-21T11:04:00.000+07:00,"29279.6,29284.8,29278.6,29283.8"
2026-05-21T11:05:00.000+07:00,"29283.9,29297.4,29283.9,29297.2"
2026-05-21T11:06:00.000+07:00,"29297.4,29298.2,29292.7,29294.9"
2026-05-21T11:07:00.000+07:00,"29294.6,29297,29293.9,29294.3"
2026-05-21T11:08:00.000+07:00,"29293.8,29294.8,29283.4,29285.7"
2026-05-21T11:09:00.000+07:00,"29285.5,29287.4,29282.7,29283.6"
2026-05-21T11:10:00.000+07:00,"29283.9,29289.2,29283.5,29288.6"
2026-05-21T11:11:00.000+07:00,"29288.7,29290.4,29287.4,29287.9"
2026-05-21T11:12:00.000+07:00,"29287.6,29287.6,29282.7,29285.1"
2026-05-21T11:13:00.000+07:00,"29285.5,29286.7,29284.5,29285.7"
2026-05-21T11:14:00.000+07:00,"29285.2,29291.7,29284.3,29290.9"
2026-05-21T11:15:00.000+07:00,"29290.3,29293.3,29290,29291.1"
2026-05-21T11:16:00.000+07:00,"29291.4,29297.1,29289.7,29296.9"
2026-05-21T11:17:00.000+07:00,"29296.8,29298,29294.3,29294.4"
2026-05-21T11:18:00.000+07:00,"29294.8,29294.9,29290.4,29291.3"
2026-05-21T11:19:00.000+07:00,"29291.2,29291.4,29287.8,29289.9"
2026-05-21T11:20:00.000+07:00,"29289.8,29294,29288.7,29292.6"
2026-05-21T11:21:00.000+07:00,"29292.2,29304.1,29291.7,29303.6"
2026-05-21T11:22:00.000+07:00,"29303.8,29304,29298.8,29298.8"
2026-05-21T11:23:00.000+07:00,"29298.7,29302.3,29298.7,29300.5"
2026-05-21T11:24:00.000+07:00,"29300.9,29300.9,29296.4,29300.3"
2026-05-21T11:25:00.000+07:00,"29301.2,29303.9,29300.1,29301.6"
2026-05-21T11:26:00.000+07:00,"29301.8,29313.1,29301.4,29309.9"
2026-05-21T11:27:00.000+07:00,"29309.6,29323,29309.3,29320"
2026-05-21T11:28:00.000+07:00,"29319.8,29321.4,29313.6,29315.4"
2026-05-21T11:29:00.000+07:00,"29315.3,29318,29313.7,29318"
2026-05-21T11:30:00.000+07:00,"29316.6,29319.4,29312.6,29318"
2026-05-21T11:31:00.000+07:00,"29317.5,29317.6,29303.3,29303.4"
2026-05-21T11:32:00.000+07:00,"29303.8,29307.8,29303.8,29305.8"
2026-05-21T11:33:00.000+07:00,"29305.7,29306.7,29298.7,29299.1"
2026-05-21T11:34:00.000+07:00,"29299.4,29300.8,29297.7,29300.4"
2026-05-21T11:35:00.000+07:00,"29300.3,29301.8,29298.6,29299.2"
2026-05-21T11:36:00.000+07:00,"29298.9,29299.9,29292.7,29293.9"
2026-05-21T11:37:00.000+07:00,"29293.8,29294.9,29289.7,29291.6"
2026-05-21T11:38:00.000+07:00,"29292,29296.6,29291.9,29295.3"
2026-05-21T11:39:00.000+07:00,"29295.1,29304.7,29293.8,29304.3"
2026-05-21T11:40:00.000+07:00,"29304.4,29306.1,29301.7,29305.4"
2026-05-21T11:41:00.000+07:00,"29305.3,29306.1,29304.2,29305.5"
2026-05-21T11:42:00.000+07:00,"29305.6,29306.5,29300.3,29300.8"
2026-05-21T11:43:00.000+07:00,"29301.1,29308.9,29300.8,29308.4"
2026-05-21T11:44:00.000+07:00,"29308.3,29314.4,29307.1,29313.7"
2026-05-21T11:45:00.000+07:00,"29314,29314.5,29308.9,29313.8"
2026-05-21T11:46:00.000+07:00,"29313.5,29313.8,29307.6,29310.2"
2026-05-21T11:47:00.000+07:00,"29310.1,29311.9,29304.6,29309.8"
2026-05-21T11:48:00.000+07:00,"29309.3,29310.9,29305.5,29307.6"
2026-05-21T11:49:00.000+07:00,"29307.8,29309.9,29306.4,29306.8"
2026-05-21T11:50:00.000+07:00,"29306.9,29318.9,29306.4,29316.6"
2026-05-21T11:51:00.000+07:00,"29316.3,29318.7,29311,29312.4"
2026-05-21T11:52:00.000+07:00,"29312.1,29320.1,29311.1,29317.2"
2026-05-21T11:53:00.000+07:00,"29317.1,29318.5,29310.5,29312"
2026-05-21T11:54:00.000+07:00,"29312.5,29316.5,29305.7,29307.2"
2026-05-21T11:55:00.000+07:00,"29308.3,29321.8,29306.8,29320.3"
2026-05-21T11:56:00.000+07:00,"29320,29324.3,29319,29324.1"
2026-05-21T11:57:00.000+07:00,"29324.2,29324.5,29318.7,29324.4"
2026-05-21T11:58:00.000+07:00,"29324.7,29328.7,29324.6,29325.4"
2026-05-21T11:59:00.000+07:00,"29325.1,29335.1,29324.5,29328.4"
2026-05-21T12:00:00.000+07:00,"29328.6,29335.6,29326,29328.4"
2026-05-21T12:01:00.000+07:00,"29328.1,29331.1,29324.4,29328.3"
2026-05-21T12:02:00.000+07:00,"29328.5,29334.3,29326,29333.5"
2026-05-21T12:03:00.000+07:00,"29333.1,29335.2,29328.5,29331.7"
2026-05-21T12:04:00.000+07:00,"29331.5,29334.7,29330.3,29332.8"
2026-05-21T12:05:00.000+07:00,"29332.3,29334.6,29329.8,29334.4"
2026-05-21T12:06:00.000+07:00,"29334.7,29343,29334.5,29342.5"
2026-05-21T12:07:00.000+07:00,"29342.7,29348.5,29333.5,29334.5"
2026-05-21T12:08:00.000+07:00,"29334.7,29337.1,29320,29320.7"
2026-05-21T12:09:00.000+07:00,"29320.8,29327.7,29320.6,29321.9"
2026-05-21T12:10:00.000+07:00,"29321.6,29323.2,29317.4,29322.8"
2026-05-21T12:11:00.000+07:00,"29322.5,29323.6,29318.9,29319.4"
2026-05-21T12:12:00.000+07:00,"29319.3,29324.1,29316.8,29320"
2026-05-21T12:13:00.000+07:00,"29319.8,29324.8,29317.2,29322.3"
2026-05-21T12:14:00.000+07:00,"29322.6,29323.9,29319.5,29323.6"
2026-05-21T12:15:00.000+07:00,"29323.7,29325.4,29317.8,29319.5"
2026-05-21T12:16:00.000+07:00,"29319.6,29323.1,29319.1,29322.9"
2026-05-21T12:17:00.000+07:00,"29322.8,29326.8,29321.2,29326"
2026-05-21T12:18:00.000+07:00,"29326.3,29332.8,29325.7,29331"
2026-05-21T12:19:00.000+07:00,"29331.6,29331.9,29326.3,29327.4"
2026-05-21T12:20:00.000+07:00,"29327.3,29330.2,29325.3,29328.1"
2026-05-21T12:21:00.000+07:00,"29327.7,29328.6,29320.1,29323.3"
2026-05-21T12:22:00.000+07:00,"29323.2,29324.1,29320.6,29323.7"
2026-05-21T12:23:00.000+07:00,"29323.5,29327.5,29322.5,29325.9"
2026-05-21T12:24:00.000+07:00,"29326.5,29335.4,29326.5,29333.1"
2026-05-21T12:25:00.000+07:00,"29332.8,29333.3,29327.1,29328.7"
2026-05-21T12:26:00.000+07:00,"29327.9,29328.3,29306.1,29308.9"
2026-05-21T12:27:00.000+07:00,"29308.4,29312.5,29304.4,29305.9"
2026-05-21T12:28:00.000+07:00,"29305.8,29313.2,29303.8,29308.3"
2026-05-21T12:29:00.000+07:00,"29302.7,29310.5,29302.7,29304.1"
2026-05-21T12:30:00.000+07:00,"29306.6,29306.6,29285.7,29293.6"
2026-05-21T12:31:00.000+07:00,"29293.3,29299.2,29284.2,29291.2"
2026-05-21T12:32:00.000+07:00,"29291.3,29298.4,29290.2,29294.9"
2026-05-21T12:33:00.000+07:00,"29294.4,29298.8,29290.8,29294.7"
2026-05-21T12:34:00.000+07:00,"29294.5,29295,29287.9,29292.9"
2026-05-21T12:35:00.000+07:00,"29292.5,29295.7,29286.5,29295.7"
2026-05-21T12:36:00.000+07:00,"29295.4,29295.5,29290.3,29293.6"
2026-05-21T12:37:00.000+07:00,"29293.7,29297.2,29290.5,29292.2"
2026-05-21T12:38:00.000+07:00,"29292.7,29298.7,29292.2,29296"
2026-05-21T12:39:00.000+07:00,"29295.8,29303.5,29294.6,29302"
2026-05-21T12:40:00.000+07:00,"29302.4,29303.5,29291.1,29292.1"
2026-05-21T12:41:00.000+07:00,"29292.2,29295.8,29283.7,29284.7"
2026-05-21T12:42:00.000+07:00,"29284.6,29295.3,29283.2,29288.8"
2026-05-21T12:43:00.000+07:00,"29288.9,29298.2,29287,29297.8"
2026-05-21T12:44:00.000+07:00,"29297.6,29301.1,29291.3,29292.8"
2026-05-21T12:45:00.000+07:00,"29292.6,29295,29288.9,29289.7"
2026-05-21T12:46:00.000+07:00,"29290.7,29291.1,29274.4,29274.5"
2026-05-21T12:47:00.000+07:00,"29274.9,29275.1,29239.5,29239.5"
2026-05-21T12:48:00.000+07:00,"29239.7,29249.9,29211.4,29215.5"
2026-05-21T12:49:00.000+07:00,"29209.2,29255.5,29209.2,29251.6"
2026-05-21T12:50:00.000+07:00,"29250.5,29257.2,29248.7,29251.3"
2026-05-21T12:51:00.000+07:00,"29251.2,29259.8,29244,29258.5"
2026-05-21T12:52:00.000+07:00,"29258.2,29278.7,29257.4,29271.6"
2026-05-21T12:53:00.000+07:00,"29271.3,29276.2,29268,29275.1"
2026-05-21T12:54:00.000+07:00,"29274.2,29282,29273.3,29280.8"
2026-05-21T12:55:00.000+07:00,"29280.3,29280.7,29271.8,29274.5"
2026-05-21T13:02:00.000+07:00,"29272,29285,29266,29284.2"
2026-05-21T13:03:00.000+07:00,"29285,29286.2,29276.6,29282.2"
2026-05-21T13:04:00.000+07:00,"29282.4,29292.9,29280.9,29291.8"
2026-05-21T13:05:00.000+07:00,"29292.3,29299.3,29291.9,29297.3"
2026-05-21T13:06:00.000+07:00,"29297,29301.8,29295.3,29297.3"
2026-05-21T13:07:00.000+07:00,"29296.8,29301.1,29292.5,29299.6"
2026-05-21T13:08:00.000+07:00,"29300.4,29300.9,29291.4,29298"
2026-05-21T13:09:00.000+07:00,"29297.9,29300.1,29284.7,29286.8"
2026-05-21T13:10:00.000+07:00,"29286.7,29290,29276,29279.3"
2026-05-21T13:11:00.000+07:00,"29280.1,29284.4,29275.6,29281.1"
2026-05-21T13:12:00.000+07:00,"29281,29284.4,29277.4,29278"
2026-05-21T13:13:00.000+07:00,"29278.2,29280.2,29265.7,29268.3"
2026-05-21T13:14:00.000+07:00,"29268.5,29275.1,29267.5,29271.9"
2026-05-21T13:15:00.000+07:00,"29271.8,29280.1,29270.6,29276.1"
2026-05-21T13:16:00.000+07:00,"29276.6,29276.7,29253.9,29254.3"
2026-05-21T13:17:00.000+07:00,"29251.9,29258.5,29248.4,29249.7"
2026-05-21T13:18:00.000+07:00,"29250,29259.4,29250,29251.9"
2026-05-21T13:19:00.000+07:00,"29251.2,29259.9,29251.2,29256"
2026-05-21T13:20:00.000+07:00,"29255.9,29260.4,29251.1,29256.5"
2026-05-21T13:21:00.000+07:00,"29258,29295.1,29255.1,29278.7"
2026-05-21T13:22:00.000+07:00,"29278.1,29295.4,29278.1,29284.2"
2026-05-21T13:23:00.000+07:00,"29284,29288.6,29278.9,29282.8"
2026-05-21T13:24:00.000+07:00,"29282.6,29282.6,29273.6,29277.7"
2026-05-21T13:25:00.000+07:00,"29277.8,29286.9,29270,29272"
2026-05-21T13:26:00.000+07:00,"29272.1,29278.9,29269.5,29269.5"
2026-05-21T13:27:00.000+07:00,"29269.7,29275.6,29265.4,29274.1"
2026-05-21T13:28:00.000+07:00,"29274.2,29281.7,29273.7,29278.2"
2026-05-21T13:29:00.000+07:00,"29279.2,29279.2,29267.4,29276.3"
2026-05-21T13:30:00.000+07:00,"29276,29284,29271.6,29273"
2026-05-21T13:31:00.000+07:00,"29273.1,29279.9,29270.8,29276.5"
2026-05-21T13:32:00.000+07:00,"29275.9,29281.5,29271.5,29281.3"
2026-05-21T13:33:00.000+07:00,"29281.4,29285.9,29277.7,29285.9"
2026-05-21T13:34:00.000+07:00,"29285.6,29286,29272.8,29280.6"
2026-05-21T13:35:00.000+07:00,"29280.5,29282.6,29266.3,29268.3"
2026-05-21T13:36:00.000+07:00,"29269,29272.9,29267.1,29267.3"
2026-05-21T13:37:00.000+07:00,"29267.4,29267.4,29258.8,29262.4"
2026-05-21T13:38:00.000+07:00,"29262.2,29269.5,29259.8,29261.5"
2026-05-21T13:39:00.000+07:00,"29261.1,29263.1,29259.6,29260.9"
2026-05-21T13:40:00.000+07:00,"29261.1,29261.1,29250.3,29250.6"
2026-05-21T13:41:00.000+07:00,"29250.7,29255.8,29248.8,29255.3"
2026-05-21T13:42:00.000+07:00,"29254.7,29254.7,29245,29249.5"
2026-05-21T13:43:00.000+07:00,"29249.4,29251.2,29230.7,29232.3"
2026-05-21T13:44:00.000+07:00,"29231.1,29235.7,29226.2,29227.6"
2026-05-21T13:45:00.000+07:00,"29227.5,29229.4,29223.4,29225.7"
2026-05-21T13:46:00.000+07:00,"29226.5,29227.2,29213.4,29225.5"
2026-05-21T13:47:00.000+07:00,"29225.2,29232.4,29222.5,29229"
2026-05-21T13:48:00.000+07:00,"29229.3,29230.3,29206.5,29208.3"
2026-05-21T13:49:00.000+07:00,"29208.1,29209.7,29200.9,29202.4"
2026-05-21T13:50:00.000+07:00,"29202.1,29203.1,29188.1,29192.6"
2026-05-21T13:51:00.000+07:00,"29192.9,29206.2,29191.7,29206.2"
2026-05-21T13:52:00.000+07:00,"29206.1,29213.2,29204.9,29209.1"
2026-05-21T13:53:00.000+07:00,"29211,29217.2,29209.5,29213.9"
2026-05-21T13:54:00.000+07:00,"29213.7,29214.6,29202.9,29203.3"
2026-05-21T13:55:00.000+07:00,"29203.1,29207.3,29200.5,29204.4"
2026-05-21T13:56:00.000+07:00,"29203.7,29203.7,29193.4,29193.4"
2026-05-21T13:57:00.000+07:00,"29193.3,29202.2,29190.3,29195"
2026-05-21T13:58:00.000+07:00,"29195.6,29208.5,29195.6,29206.3"
2026-05-21T13:59:00.000+07:00,"29206.6,29211.7,29202.7,29211.5"
2026-05-21T14:00:00.000+07:00,"29210.5,29210.5,29193.3,29197.8"
2026-05-21T14:01:00.000+07:00,"29197.9,29212.5,29193.1,29198.5"
2026-05-21T14:02:00.000+07:00,"29198,29202.5,29176.1,29181.7"
2026-05-21T14:03:00.000+07:00,"29181.6,29191.1,29169.9,29187.7"
2026-05-21T14:04:00.000+07:00,"29187.2,29192.9,29172.1,29174.6"
2026-05-21T14:05:00.000+07:00,"29174.7,29187.6,29171.6,29185.3"
2026-05-21T14:06:00.000+07:00,"29186.1,29193,29182.2,29189.4"
2026-05-21T14:07:00.000+07:00,"29189.1,29197.5,29189.1,29194.3"
2026-05-21T14:08:00.000+07:00,"29194.1,29194.3,29162.4,29169.8"
2026-05-21T14:09:00.000+07:00,"29171.1,29185.4,29167.9,29175.3"
2026-05-21T14:10:00.000+07:00,"29175,29178.4,29161.9,29166.1"
2026-05-21T14:11:00.000+07:00,"29166.3,29168.8,29147.3,29147.3"
2026-05-21T14:12:00.000+07:00,"29147.4,29155.9,29146.5,29152.8"
2026-05-21T14:13:00.000+07:00,"29152,29156.1,29128.1,29149.7"
2026-05-21T14:14:00.000+07:00,"29149.2,29154.7,29139.9,29140.9"
2026-05-21T14:15:00.000+07:00,"29139.8,29141.4,29126.9,29137.1"
2026-05-21T14:16:00.000+07:00,"29135.8,29141.1,29115,29126.8"
2026-05-21T14:17:00.000+07:00,"29126,29138.5,29123.7,29128.2"
2026-05-21T14:18:00.000+07:00,"29127.4,29142.8,29119.7,29130.6"
2026-05-21T14:19:00.000+07:00,"29130.7,29140.9,29128.4,29138.6"
2026-05-21T14:20:00.000+07:00,"29138.7,29146.6,29136.6,29143.6"
2026-05-21T14:21:00.000+07:00,"29143.4,29157.3,29143.4,29148.6"
2026-05-21T14:22:00.000+07:00,"29148.4,29152,29137.5,29147.2"
2026-05-21T14:23:00.000+07:00,"29146.9,29163.4,29141.9,29163.2"
2026-05-21T14:24:00.000+07:00,"29163.1,29171.6,29161.3,29168.7"
2026-05-21T14:25:00.000+07:00,"29168.2,29171.9,29155.7,29163.4"
2026-05-21T14:26:00.000+07:00,"29163.8,29164.2,29154.5,29161.2"
2026-05-21T14:27:00.000+07:00,"29161.4,29171.7,29161.4,29170.4"
2026-05-21T14:28:00.000+07:00,"29170.6,29176.7,29170,29170.9"
2026-05-21T14:29:00.000+07:00,"29170.2,29174,29165.4,29169.1"
2026-05-21T14:30:00.000+07:00,"29164.3,29186.1,29163.6,29180"
2026-05-21T14:31:00.000+07:00,"29180.2,29183.6,29177.2,29177.4"
2026-05-21T14:32:00.000+07:00,"29177.7,29186.9,29175.3,29178"
2026-05-21T14:33:00.000+07:00,"29178.4,29181.1,29171.2,29181.1"
2026-05-21T14:34:00.000+07:00,"29181.2,29183.3,29178.1,29179.2"
2026-05-21T14:35:00.000+07:00,"29178.7,29184,29176.4,29182.3"
2026-05-21T14:36:00.000+07:00,"29182.8,29189.3,29179.7,29188.5"
2026-05-21T14:37:00.000+07:00,"29188.9,29189.1,29180.4,29184.5"
2026-05-21T14:38:00.000+07:00,"29184.6,29189.6,29181.8,29189.6"
2026-05-21T14:39:00.000+07:00,"29189.7,29193.5,29186.8,29191.8"
2026-05-21T14:40:00.000+07:00,"29190.8,29193.7,29186.3,29192.3"
2026-05-21T14:41:00.000+07:00,"29191.4,29197.3,29190.3,29195.8"
2026-05-21T14:42:00.000+07:00,"29195.9,29197.9,29192.5,29194.1"
2026-05-21T14:43:00.000+07:00,"29194.4,29194.4,29180.2,29193.3"
2026-05-21T14:44:00.000+07:00,"29193.2,29195.9,29190.4,29193.2"
2026-05-21T14:45:00.000+07:00,"29193,29203.9,29190.3,29203.8"
2026-05-21T14:46:00.000+07:00,"29203.9,29205.9,29200.1,29204.8"
2026-05-21T14:47:00.000+07:00,"29204.2,29210.3,29203.3,29206.8"
2026-05-21T14:48:00.000+07:00,"29206.7,29208.4,29201.7,29203.9"
2026-05-21T14:49:00.000+07:00,"29201.6,29208,29199.7,29208"
2026-05-21T14:50:00.000+07:00,"29207.8,29211.8,29204.4,29206.3"
2026-05-21T14:51:00.000+07:00,"29206.2,29213.2,29205.6,29210.9"
2026-05-21T14:52:00.000+07:00,"29212.4,29218.6,29212.4,29216.3"
2026-05-21T14:53:00.000+07:00,"29216.4,29226.8,29215.9,29225.9"
2026-05-21T14:54:00.000+07:00,"29226.4,29231.9,29225.2,29225.2"
2026-05-21T14:55:00.000+07:00,"29225.4,29231,29222,29227.3"
2026-05-21T14:56:00.000+07:00,"29227.9,29230.1,29223.7,29230.1"
2026-05-21T14:57:00.000+07:00,"29230.3,29232.1,29227.5,29230.3"
2026-05-21T14:58:00.000+07:00,"29230.4,29242.3,29228.7,29241.7"
2026-05-21T14:59:00.000+07:00,"29242,29242.5,29226.6,29231"
2026-05-21T15:00:00.000+07:00,"29231.1,29242.5,29223.8,29228.6"
2026-05-21T15:01:00.000+07:00,"29228.7,29233.4,29218.8,29221.6"
2026-05-21T15:02:00.000+07:00,"29221.5,29234.6,29218.4,29232.7"
2026-05-21T15:03:00.000+07:00,"29233,29249.7,29231.3,29246"
2026-05-21T15:04:00.000+07:00,"29246.4,29256.5,29240.2,29255.3"
2026-05-21T15:05:00.000+07:00,"29257.5,29267.1,29252.3,29267.1"
2026-05-21T15:06:00.000+07:00,"29266.6,29278.8,29261.8,29278.5"
2026-05-21T15:07:00.000+07:00,"29278.7,29284.4,29272.5,29280.6"
2026-05-21T15:08:00.000+07:00,"29280.8,29282.8,29269.6,29275.1"
2026-05-21T15:09:00.000+07:00,"29275.3,29282.5,29268.7,29279.6"
2026-05-21T15:10:00.000+07:00,"29279.5,29286.7,29268.7,29281.9"
2026-05-21T15:11:00.000+07:00,"29281.5,29315.9,29281.5,29315.1"
2026-05-21T15:12:00.000+07:00,"29316.1,29319.1,29298.4,29303.3"
2026-05-21T15:13:00.000+07:00,"29304,29307,29300.4,29303.6"
2026-05-21T15:14:00.000+07:00,"29303,29342.6,29297.9,29341.6"
2026-05-21T15:15:00.000+07:00,"29341.8,29363.4,29341.8,29360.3"
2026-05-21T15:16:00.000+07:00,"29360.2,29371.9,29354.1,29354.7"
2026-05-21T15:17:00.000+07:00,"29352.4,29360.3,29340.9,29342.5"
2026-05-21T15:18:00.000+07:00,"29342.3,29349.4,29317,29323.6"
2026-05-21T15:19:00.000+07:00,"29323.3,29327.9,29304.6,29304.6"
2026-05-21T15:20:00.000+07:00,"29304.8,29308.6,29298,29300"
2026-05-21T15:21:00.000+07:00,"29299.5,29309.1,29291.6,29292"
2026-05-21T15:22:00.000+07:00,"29292.3,29292.7,29283,29285.8"
2026-05-21T15:23:00.000+07:00,"29286,29296.5,29283.6,29291.1"
2026-05-21T15:24:00.000+07:00,"29290.4,29306.1,29288.8,29298"
2026-05-21T15:25:00.000+07:00,"29297.8,29302.2,29291.8,29292.1"
2026-05-21T15:26:00.000+07:00,"29291.9,29297,29281.7,29283.1"
2026-05-21T15:27:00.000+07:00,"29282.4,29300.6,29282.4,29297.1"
2026-05-21T15:28:00.000+07:00,"29297.3,29299.7,29284.9,29290.6"
2026-05-21T15:29:00.000+07:00,"29289.7,29331.9,29289.3,29323.6"
2026-05-21T15:30:00.000+07:00,"29322.4,29324.8,29301.9,29305.4"
2026-05-21T15:31:00.000+07:00,"29305.5,29308.8,29296.9,29297.1"
2026-05-21T15:32:00.000+07:00,"29296.7,29298.9,29283.6,29287.3"
2026-05-21T15:33:00.000+07:00,"29287.4,29295.7,29284.6,29286.2"
2026-05-21T15:34:00.000+07:00,"29284.6,29293.1,29282.8,29292.9"
2026-05-21T15:35:00.000+07:00,"29293.4,29295.7,29284.4,29287.7"
2026-05-21T15:36:00.000+07:00,"29287.4,29293.7,29278.8,29284.4"
2026-05-21T15:37:00.000+07:00,"29284.5,29295.1,29279.1,29286.5"
2026-05-21T15:38:00.000+07:00,"29286.4,29286.8,29278.3,29278.6"
2026-05-21T15:39:00.000+07:00,"29278.9,29291.6,29274.9,29287.1"
2026-05-21T15:40:00.000+07:00,"29287.9,29291.4,29279.8,29288.2"
2026-05-21T15:41:00.000+07:00,"29288.3,29296.3,29282.5,29286.5"
2026-05-21T15:42:00.000+07:00,"29286.4,29289.7,29281.4,29288.7"
2026-05-21T15:43:00.000+07:00,"29288.6,29301.6,29286.7,29299.8"
2026-05-21T15:44:00.000+07:00,"29299.7,29301.4,29291.9,29294.4"
2026-05-21T15:45:00.000+07:00,"29295,29298.4,29280.4,29281"
2026-05-21T15:46:00.000+07:00,"29279.9,29286.5,29267.9,29286.4"
2026-05-21T15:47:00.000+07:00,"29287.9,29290.7,29275.9,29285.3"
2026-05-21T15:48:00.000+07:00,"29285.7,29289.8,29276.1,29281"
2026-05-21T15:49:00.000+07:00,"29280.5,29288.2,29277.1,29286.7"
2026-05-21T15:50:00.000+07:00,"29286.2,29293.5,29280.5,29290.4"
2026-05-21T15:51:00.000+07:00,"29290.6,29291.1,29281.2,29282"
2026-05-21T15:52:00.000+07:00,"29281.5,29282.1,29257.8,29267.2"
2026-05-21T15:53:00.000+07:00,"29267.3,29273.6,29264.8,29271.5"
2026-05-21T15:54:00.000+07:00,"29273,29283,29272,29280.7"
2026-05-21T15:55:00.000+07:00,"29280.6,29286.2,29276.9,29281.6"
2026-05-21T15:56:00.000+07:00,"29281.7,29294.6,29280.8,29292.2"
2026-05-21T15:57:00.000+07:00,"29291.7,29293,29282.4,29287.2"
2026-05-21T15:58:00.000+07:00,"29289.4,29294.9,29287.9,29289.7"
2026-05-21T15:59:00.000+07:00,"29288.8,29290,29282.3,29282.3"
2026-05-21T16:00:00.000+07:00,"29281.6,29287.4,29280,29281.9"
2026-05-21T16:01:00.000+07:00,"29282.1,29282.1,29275.2,29281.7"
2026-05-21T16:02:00.000+07:00,"29281.4,29288.8,29277.6,29286.3"
2026-05-21T16:03:00.000+07:00,"29286,29298.9,29285.9,29292.5"
2026-05-21T16:04:00.000+07:00,"29292.6,29294.6,29282.9,29284.4"
2026-05-21T16:05:00.000+07:00,"29284,29302.4,29281.9,29301.6"
2026-05-21T16:06:00.000+07:00,"29303.1,29313.1,29302.6,29307.6"
2026-05-21T16:07:00.000+07:00,"29308.8,29312.5,29285.5,29285.5"
2026-05-21T16:08:00.000+07:00,"29286.4,29303.1,29286.4,29303.1"
2026-05-21T16:09:00.000+07:00,"29304.3,29310.1,29301,29303"
2026-05-21T16:10:00.000+07:00,"29304.1,29309.6,29295.3,29309.6"
2026-05-21T16:11:00.000+07:00,"29310,29314.4,29308.5,29313.6"
2026-05-21T16:12:00.000+07:00,"29313.9,29321.6,29313.6,29314.1"
2026-05-21T16:13:00.000+07:00,"29314.2,29318.3,29312.4,29312.5"
2026-05-21T16:14:00.000+07:00,"29312.4,29315,29309.3,29312.4"
2026-05-21T16:15:00.000+07:00,"29311.9,29316.2,29310.2,29316.2"
2026-05-21T16:16:00.000+07:00,"29316.3,29322,29315.2,29321.1"
2026-05-21T16:17:00.000+07:00,"29321.4,29322.3,29314.3,29315.6"
2026-05-21T16:18:00.000+07:00,"29315.7,29317.1,29305.4,29309"
2026-05-21T16:19:00.000+07:00,"29309.2,29315.9,29307.9,29309.7"
2026-05-21T16:20:00.000+07:00,"29309.4,29319.8,29308.5,29317.8"
2026-05-21T16:21:00.000+07:00,"29317.7,29320.4,29316.8,29317.1"
2026-05-21T16:22:00.000+07:00,"29316.8,29322.1,29314.3,29321.9"
2026-05-21T16:23:00.000+07:00,"29321.6,29326.7,29318.5,29325.6"
2026-05-21T16:24:00.000+07:00,"29325.4,29327.2,29315.1,29315.1"
2026-05-21T16:25:00.000+07:00,"29314.6,29320.6,29311.3,29317"
2026-05-21T16:26:00.000+07:00,"29317.2,29322.7,29316.6,29318.6"
2026-05-21T16:27:00.000+07:00,"29318.4,29332.3,29315.2,29332"
2026-05-21T16:28:00.000+07:00,"29331.4,29334.6,29328,29334.6"
2026-05-21T16:29:00.000+07:00,"29336.3,29338.4,29328.5,29328.8"
2026-05-21T16:30:00.000+07:00,"29328.4,29337.4,29325,29332.9"
2026-05-21T16:31:00.000+07:00,"29332.5,29332.5,29314.2,29318"
2026-05-21T16:32:00.000+07:00,"29318.4,29321.1,29308.6,29312.6"
2026-05-21T16:33:00.000+07:00,"29313.3,29318.3,29310,29312.2"
2026-05-21T16:34:00.000+07:00,"29312.5,29318.8,29308,29318.4"
2026-05-21T16:35:00.000+07:00,"29318.6,29323.8,29314.4,29319.8"
2026-05-21T16:36:00.000+07:00,"29319.3,29322.7,29314.4,29318.3"
2026-05-21T16:37:00.000+07:00,"29318.1,29324.5,29318.1,29319"
2026-05-21T16:38:00.000+07:00,"29319.3,29320,29308.2,29314.1"
2026-05-21T16:39:00.000+07:00,"29313.6,29314.6,29302.7,29303.4"
2026-05-21T16:40:00.000+07:00,"29303,29308.3,29301.5,29306.8"
2026-05-21T16:41:00.000+07:00,"29306.9,29314.5,29305.7,29310.4"
2026-05-21T16:42:00.000+07:00,"29310.3,29312.4,29303.7,29303.9"
2026-05-21T16:43:00.000+07:00,"29303.5,29305.7,29298.8,29300.3"
2026-05-21T16:44:00.000+07:00,"29299.8,29299.8,29284.3,29287.9"
2026-05-21T16:45:00.000+07:00,"29288.1,29292.9,29282.3,29284.4"
2026-05-21T16:46:00.000+07:00,"29283.6,29294.4,29282,29289.8"
2026-05-21T16:47:00.000+07:00,"29289.9,29299.4,29289.9,29298.7"
2026-05-21T16:48:00.000+07:00,"29298.6,29303.6,29298.6,29302"
2026-05-21T16:49:00.000+07:00,"29302.1,29304.7,29296.4,29297"
2026-05-21T16:50:00.000+07:00,"29297.3,29302,29295.8,29301.3"
2026-05-21T16:51:00.000+07:00,"29301.2,29304.9,29300.5,29303"
2026-05-21T16:52:00.000+07:00,"29301.7,29302,29296.9,29299.8"
2026-05-21T16:53:00.000+07:00,"29299.9,29301.3,29294.9,29295"
2026-05-21T16:54:00.000+07:00,"29294.9,29296.4,29290.9,29293"
2026-05-21T16:55:00.000+07:00,"29292.9,29292.9,29286,29292.4"
2026-05-21T16:56:00.000+07:00,"29293.5,29294.9,29288.9,29294.9"
2026-05-21T16:57:00.000+07:00,"29295.2,29297.1,29293.1,29293.9"
2026-05-21T16:58:00.000+07:00,"29293.5,29296.4,29292.1,29293.2"
2026-05-21T16:59:00.000+07:00,"29292.8,29293.6,29286.6,29288.3"
2026-05-21T17:00:00.000+07:00,"29287.6,29295.5,29286.5,29293.4"
2026-05-21T17:01:00.000+07:00,"29293.5,29298.5,29292.7,29296.4"
2026-05-21T17:02:00.000+07:00,"29296.3,29302.3,29295.5,29295.7"
2026-05-21T17:03:00.000+07:00,"29296.8,29297.8,29290.4,29292.3"
2026-05-21T17:04:00.000+07:00,"29292.2,29293.9,29288,29293.2"
2026-05-21T17:05:00.000+07:00,"29292.5,29297,29285.5,29285.5"
2026-05-21T17:06:00.000+07:00,"29284.8,29286.6,29276.5,29276.8"
2026-05-21T17:07:00.000+07:00,"29277.3,29278.1,29267,29271.9"
2026-05-21T17:08:00.000+07:00,"29272.7,29273.9,29264.2,29270.2"
2026-05-21T17:09:00.000+07:00,"29270.1,29276.8,29267.7,29275.3"
2026-05-21T17:10:00.000+07:00,"29277.2,29286.5,29277.2,29285.6"
2026-05-21T17:11:00.000+07:00,"29280.7,29282.4,29275.9,29278.7"
2026-05-21T17:12:00.000+07:00,"29278.3,29278.3,29268.3,29274.1"
2026-05-21T17:13:00.000+07:00,"29276.2,29292.2,29275,29289.4"
2026-05-21T17:14:00.000+07:00,"29289.7,29295.5,29287.7,29295.2"
2026-05-21T17:15:00.000+07:00,"29295.7,29296.8,29287.6,29294.2"
2026-05-21T17:16:00.000+07:00,"29293.5,29300.1,29291.2,29298.8"
2026-05-21T17:17:00.000+07:00,"29299,29302.8,29291.8,29293.6"
2026-05-21T17:18:00.000+07:00,"29293.2,29297.1,29287.3,29291.9"
2026-05-21T17:19:00.000+07:00,"29291.7,29292.7,29284.8,29289.2"
2026-05-21T17:20:00.000+07:00,"29289.5,29293,29286.5,29287.8"
2026-05-21T17:21:00.000+07:00,"29288.3,29289.1,29278.7,29283.1"
2026-05-21T17:22:00.000+07:00,"29280.6,29280.6,29275.2,29276.7"
2026-05-21T17:23:00.000+07:00,"29276.6,29281.3,29271.1,29279.4"
2026-05-21T17:24:00.000+07:00,"29279.7,29281.8,29274.6,29275.6"
2026-05-21T17:25:00.000+07:00,"29275.7,29279.1,29202.3,29207.6"
2026-05-21T17:26:00.000+07:00,"29207.3,29207.3,29155,29158.7"
2026-05-21T17:27:00.000+07:00,"29159.1,29199.2,29152.5,29190.8"
2026-05-21T17:28:00.000+07:00,"29189.6,29190.7,29169.1,29186.2"
2026-05-21T17:29:00.000+07:00,"29185.7,29200.1,29170.1,29182"
2026-05-21T17:30:00.000+07:00,"29182.5,29182.5,29146.9,29149.8"
2026-05-21T17:31:00.000+07:00,"29150.9,29165.4,29145.9,29162.9"
2026-05-21T17:32:00.000+07:00,"29162.7,29176.9,29160.1,29176.4"
2026-05-21T17:33:00.000+07:00,"29178.1,29186.6,29168.5,29181.8"
2026-05-21T17:34:00.000+07:00,"29181,29198.1,29176.3,29197.7"
2026-05-21T17:35:00.000+07:00,"29197.4,29201.6,29185.7,29188.2"
2026-05-21T17:36:00.000+07:00,"29187.7,29192.8,29181.4,29185.2"
2026-05-21T17:37:00.000+07:00,"29185.4,29203.4,29183.7,29203.3"
2026-05-21T17:38:00.000+07:00,"29203.8,29205.8,29164.6,29164.8"
2026-05-21T17:39:00.000+07:00,"29165,29165,29128.3,29131.7"
2026-05-21T17:40:00.000+07:00,"29131.8,29141.2,29123.3,29132.3"
2026-05-21T17:41:00.000+07:00,"29132.5,29142.3,29128.1,29139.5"
2026-05-21T17:42:00.000+07:00,"29140.3,29155.6,29131.5,29155.3"
2026-05-21T17:43:00.000+07:00,"29155.4,29163,29147.6,29162.4"
2026-05-21T17:44:00.000+07:00,"29165.2,29166,29157,29164.1"
2026-05-21T17:45:00.000+07:00,"29163.9,29166.1,29144.1,29149.1"
2026-05-21T17:46:00.000+07:00,"29148,29151.7,29137.9,29147.9"
2026-05-21T17:47:00.000+07:00,"29148.9,29148.9,29135.5,29139.9"
2026-05-21T17:48:00.000+07:00,"29140.7,29147.5,29124.1,29143.1"
2026-05-21T17:49:00.000+07:00,"29143.9,29146.7,29125,29145.7"
2026-05-21T17:50:00.000+07:00,"29145.2,29152.1,29112.5,29124.9"
2026-05-21T17:51:00.000+07:00,"29123.4,29136.3,29121.7,29131"
2026-05-21T17:52:00.000+07:00,"29130.6,29136.1,29101.6,29122.6"
2026-05-21T17:53:00.000+07:00,"29122.9,29138.2,29117.4,29138"
2026-05-21T17:54:00.000+07:00,"29138.2,29161.9,29136.3,29160.7"
2026-05-21T17:55:00.000+07:00,"29160.1,29166.2,29141,29145.6"
2026-05-21T17:56:00.000+07:00,"29143.8,29160.1,29138.3,29152.2"
2026-05-21T17:57:00.000+07:00,"29151.2,29160.1,29142.1,29155"
2026-05-21T17:58:00.000+07:00,"29155.7,29161.8,29152.4,29158.9"
2026-05-21T17:59:00.000+07:00,"29159.4,29166.5,29147,29156"
2026-05-21T18:00:00.000+07:00,"29152.8,29166.5,29131.3,29138.6"
2026-05-21T18:01:00.000+07:00,"29138.5,29143,29119.4,29123.4"
2026-05-21T18:02:00.000+07:00,"29123.1,29137,29115.8,29130.7"
2026-05-21T18:03:00.000+07:00,"29130.3,29155.7,29128.5,29152.9"
2026-05-21T18:04:00.000+07:00,"29153.1,29166.2,29146.2,29148.6"
2026-05-21T18:05:00.000+07:00,"29143.8,29146,29129.6,29130.9"
2026-05-21T18:06:00.000+07:00,"29131.1,29134.8,29125.8,29129.8"
2026-05-21T18:07:00.000+07:00,"29129.1,29131.7,29114.2,29129.3"
2026-05-21T18:08:00.000+07:00,"29128.9,29143.1,29122.4,29142"
2026-05-21T18:09:00.000+07:00,"29140.9,29146.4,29137.1,29146.4"
2026-05-21T18:10:00.000+07:00,"29146.6,29148.2,29137.6,29139.2"
2026-05-21T18:11:00.000+07:00,"29139.4,29152.6,29137.2,29151.1"
2026-05-21T18:12:00.000+07:00,"29158,29158,29143.4,29152"
2026-05-21T18:13:00.000+07:00,"29153.2,29161.9,29149.3,29161.6"
2026-05-21T18:14:00.000+07:00,"29162.9,29167.7,29157.1,29158.9"
2026-05-21T18:15:00.000+07:00,"29159.1,29174.4,29157.2,29174.4"
2026-05-21T18:16:00.000+07:00,"29173.5,29175.5,29163.6,29166.1"
2026-05-21T18:17:00.000+07:00,"29176.7,29186.1,29176.3,29179.1"
2026-05-21T18:18:00.000+07:00,"29179,29179.5,29172.3,29177.4"
2026-05-21T18:19:00.000+07:00,"29177.2,29186.3,29175.8,29183.9"
2026-05-21T18:20:00.000+07:00,"29183.6,29189.8,29181.3,29188.6"
2026-05-21T18:21:00.000+07:00,"29189.8,29202.2,29183.1,29189.8"
2026-05-21T18:22:00.000+07:00,"29190,29198.2,29183,29192.6"
2026-05-21T18:23:00.000+07:00,"29192,29192.6,29167.8,29174.9"
2026-05-21T18:24:00.000+07:00,"29175.7,29180.9,29172.9,29176.5"
2026-05-21T18:25:00.000+07:00,"29176.2,29184.3,29173.6,29177.1"
2026-05-21T18:26:00.000+07:00,"29176.9,29178.7,29171.9,29175.3"
2026-05-21T18:27:00.000+07:00,"29176.1,29183,29176.1,29180.4"
2026-05-21T18:28:00.000+07:00,"29180.7,29189.5,29180.3,29185.3"
2026-05-21T18:29:00.000+07:00,"29185.5,29185.9,29176.6,29184.4"
2026-05-21T18:30:00.000+07:00,"29184.3,29190.7,29182.8,29190.7"
2026-05-21T18:31:00.000+07:00,"29190.8,29194.9,29187.7,29191.5"
2026-05-21T18:32:00.000+07:00,"29190.2,29195,29186.4,29187.1"
2026-05-21T18:33:00.000+07:00,"29184.8,29187.1,29171.7,29179"
2026-05-21T18:34:00.000+07:00,"29179.3,29184.3,29171.6,29173.1"
2026-05-21T18:35:00.000+07:00,"29172.8,29177.9,29170.7,29172.4"
2026-05-21T18:36:00.000+07:00,"29172.2,29174.6,29164.9,29164.9"
2026-05-21T18:37:00.000+07:00,"29165,29165.4,29153.4,29154.9"
2026-05-21T18:38:00.000+07:00,"29154.8,29165,29151.7,29164.3"
2026-05-21T18:39:00.000+07:00,"29164.6,29168.2,29156.9,29167.6"
2026-05-21T18:40:00.000+07:00,"29166.7,29174.8,29165.5,29168.3"
2026-05-21T18:41:00.000+07:00,"29167.8,29167.8,29154.4,29155.9"
2026-05-21T18:42:00.000+07:00,"29155.5,29167.3,29150.2,29157.2"
2026-05-21T18:43:00.000+07:00,"29155.8,29157.9,29149.7,29151.2"
2026-05-21T18:44:00.000+07:00,"29152.6,29158.6,29149.6,29153.8"
2026-05-21T18:45:00.000+07:00,"29153.4,29168.9,29153.3,29168.4"
2026-05-21T18:46:00.000+07:00,"29168.3,29170.3,29163.1,29167"
2026-05-21T18:47:00.000+07:00,"29166.9,29176.5,29164.7,29174.5"
2026-05-21T18:48:00.000+07:00,"29174.1,29178.7,29172.1,29175.8"
2026-05-21T18:49:00.000+07:00,"29175.9,29179.1,29174.3,29175.9"
2026-05-21T18:50:00.000+07:00,"29174.9,29178.6,29168.2,29172.7"
2026-05-21T18:51:00.000+07:00,"29172.8,29183,29171.1,29178.6"
2026-05-21T18:52:00.000+07:00,"29181.8,29184.5,29174.5,29183.9"
2026-05-21T18:53:00.000+07:00,"29184.4,29185.7,29179.5,29180.7"
2026-05-21T18:54:00.000+07:00,"29180.6,29186.4,29178.6,29179"
2026-05-21T18:55:00.000+07:00,"29178.8,29178.8,29164.6,29165.3"
2026-05-21T18:56:00.000+07:00,"29166.6,29170.6,29163.7,29167.9"
2026-05-21T18:57:00.000+07:00,"29168.8,29171.3,29159.4,29160.1"
2026-05-21T18:58:00.000+07:00,"29159.1,29164.4,29158,29161.3"
2026-05-21T18:59:00.000+07:00,"29161.5,29163.5,29157.3,29163.2"
2026-05-21T19:00:00.000+07:00,"29163.3,29171.6,29160.4,29161.1"
2026-05-21T19:01:00.000+07:00,"29162.1,29163,29153.8,29158.2"
2026-05-21T19:02:00.000+07:00,"29158.4,29172.8,29157.4,29170"
2026-05-21T19:03:00.000+07:00,"29170.8,29173.2,29166.5,29173.2"
2026-05-21T19:04:00.000+07:00,"29173.4,29175.7,29165.7,29174"
2026-05-21T19:05:00.000+07:00,"29173.2,29177.8,29168.2,29168.4"
2026-05-21T19:06:00.000+07:00,"29168.6,29168.8,29156.7,29157.1"
2026-05-21T19:07:00.000+07:00,"29157.7,29161.1,29154.2,29159.2"
2026-05-21T19:08:00.000+07:00,"29158,29159.4,29148,29159.4"
2026-05-21T19:09:00.000+07:00,"29159.9,29164.3,29158.2,29162.9"
2026-05-21T19:10:00.000+07:00,"29161.8,29162.7,29148.8,29154.8"
2026-05-21T19:11:00.000+07:00,"29155.4,29164.1,29154.2,29161"
2026-05-21T19:12:00.000+07:00,"29160.5,29161,29152.9,29154.1"
2026-05-21T19:13:00.000+07:00,"29154.4,29154.4,29138.2,29140.1"
2026-05-21T19:14:00.000+07:00,"29140.4,29149.7,29140,29147.8"
2026-05-21T19:15:00.000+07:00,"29148.1,29148.9,29136.2,29136.9"
2026-05-21T19:16:00.000+07:00,"29137,29149.5,29134.2,29144.8"
2026-05-21T19:17:00.000+07:00,"29144.4,29154,29141.7,29154"
2026-05-21T19:18:00.000+07:00,"29154.2,29159.2,29149.7,29157.1"
2026-05-21T19:19:00.000+07:00,"29155.5,29169.5,29155,29169.5"
2026-05-21T19:20:00.000+07:00,"29169.8,29170.3,29150.6,29150.6"
2026-05-21T19:21:00.000+07:00,"29149.6,29150.4,29141.7,29147.4"
2026-05-21T19:22:00.000+07:00,"29146.9,29151.4,29140.4,29142.5"
2026-05-21T19:23:00.000+07:00,"29142,29142,29130.1,29140.8"
2026-05-21T19:24:00.000+07:00,"29139.3,29144.5,29131.6,29135.1"
2026-05-21T19:25:00.000+07:00,"29136.5,29144.8,29133.9,29144.8"
2026-05-21T19:26:00.000+07:00,"29144.4,29144.6,29132,29135.4"
2026-05-21T19:27:00.000+07:00,"29135.3,29138.8,29128.3,29137.8"
2026-05-21T19:28:00.000+07:00,"29136.5,29150.2,29136.5,29145.2"
2026-05-21T19:29:00.000+07:00,"29145.8,29152.6,29142.7,29152.6"
2026-05-21T19:30:00.000+07:00,"29151.2,29153.7,29141,29146.2"
2026-05-21T19:31:00.000+07:00,"29146.7,29147.7,29138.3,29144.1"
2026-05-21T19:32:00.000+07:00,"29143.1,29145.9,29137.4,29142.1"
2026-05-21T19:33:00.000+07:00,"29142.6,29200.7,29136.2,29180.2"
2026-05-21T19:34:00.000+07:00,"29181,29192.2,29171.2,29186.4"
2026-05-21T19:35:00.000+07:00,"29186.3,29188.9,29162.9,29173.6"
2026-05-21T19:36:00.000+07:00,"29173.9,29181.4,29162.1,29165.2"
2026-05-21T19:37:00.000+07:00,"29144.7,29176,29144.2,29175.6"
2026-05-21T19:38:00.000+07:00,"29175.7,29181.8,29172.2,29179.3"
2026-05-21T19:39:00.000+07:00,"29178.8,29181.6,29165.4,29172.3"
2026-05-21T19:40:00.000+07:00,"29170.6,29177.2,29163.9,29168.1"
2026-05-21T19:41:00.000+07:00,"29167.6,29167.6,29138.6,29142.3"
2026-05-21T19:42:00.000+07:00,"29141.8,29149.6,29140.8,29147.3"
2026-05-21T19:43:00.000+07:00,"29147.2,29150.4,29132.7,29139.5"
2026-05-21T19:44:00.000+07:00,"29139,29148.9,29135.1,29147.7"
2026-05-21T19:45:00.000+07:00,"29147.4,29153.1,29144.2,29152.2"
2026-05-21T19:46:00.000+07:00,"29152,29153.6,29136.1,29136.1"
2026-05-21T19:47:00.000+07:00,"29137.4,29140.3,29131.5,29140.3"
2026-05-21T19:48:00.000+07:00,"29140.1,29147,29131.1,29144.7"
2026-05-21T19:49:00.000+07:00,"29144.2,29150.7,29137.2,29140.9"
2026-05-21T19:50:00.000+07:00,"29141.3,29142.4,29132.8,29136.9"
2026-05-21T19:51:00.000+07:00,"29136.6,29137.4,29131.2,29132.9"
2026-05-21T19:52:00.000+07:00,"29132.8,29134.2,29124.4,29132"
2026-05-21T19:53:00.000+07:00,"29132.2,29138.1,29128.4,29135.9"
2026-05-21T19:54:00.000+07:00,"29136.7,29142.8,29131.7,29135"
2026-05-21T19:55:00.000+07:00,"29134.8,29140,29125.2,29125.2"
2026-05-21T19:56:00.000+07:00,"29124.8,29124.8,29111.6,29117.5"
2026-05-21T19:57:00.000+07:00,"29117.2,29122.8,29106.9,29107.3"
2026-05-21T19:58:00.000+07:00,"29107.2,29119.1,29106.8,29115"
2026-05-21T19:59:00.000+07:00,"29114,29116.4,29096.6,29103.2"
2026-05-21T20:00:00.000+07:00,"29103,29137.9,29096.1,29127.6"
2026-05-21T20:01:00.000+07:00,"29129.1,29132.8,29114.4,29122.2"
2026-05-21T20:02:00.000+07:00,"29122.3,29140.9,29116.2,29140.2"
2026-05-21T20:03:00.000+07:00,"29139.9,29141.6,29131.6,29134.1"
2026-05-21T20:04:00.000+07:00,"29133.6,29147.5,29133.6,29141.8"
2026-05-21T20:05:00.000+07:00,"29141.4,29144.3,29129,29140.3"
2026-05-21T20:06:00.000+07:00,"29143.9,29144.8,29119.3,29135.1"
2026-05-21T20:07:00.000+07:00,"29134.9,29147.3,29134.9,29146.6"
2026-05-21T20:08:00.000+07:00,"29146.2,29147.7,29121.8,29124.8"
2026-05-21T20:09:00.000+07:00,"29124.9,29127.6,29110.8,29119.7"
2026-05-21T20:10:00.000+07:00,"29119.9,29119.9,29110.1,29115"
2026-05-21T20:11:00.000+07:00,"29113,29122.7,29110.6,29122.7"
2026-05-21T20:12:00.000+07:00,"29121.9,29122.7,29112.2,29117.2"
2026-05-21T20:13:00.000+07:00,"29117.6,29124.9,29116.7,29122.8"
2026-05-21T20:14:00.000+07:00,"29122.9,29129.2,29122.9,29124.9"
2026-05-21T20:15:00.000+07:00,"29124.6,29124.7,29108.4,29109.7"
2026-05-21T20:16:00.000+07:00,"29109.6,29120.7,29108.1,29116.1"
2026-05-21T20:17:00.000+07:00,"29115.8,29116.1,29110.2,29111.4"
2026-05-21T20:18:00.000+07:00,"29111.6,29114.8,29105.4,29111.3"
2026-05-21T20:19:00.000+07:00,"29111.4,29114.8,29105.1,29113.9"
2026-05-21T20:20:00.000+07:00,"29113.8,29114.9,29106.5,29111.3"
2026-05-21T20:21:00.000+07:00,"29111.2,29114.4,29098.3,29100.1"
2026-05-21T20:22:00.000+07:00,"29100.2,29111.4,29098.4,29104.3"
2026-05-21T20:23:00.000+07:00,"29103.1,29107.7,29101,29102.2"
2026-05-21T20:24:00.000+07:00,"29102.7,29102.7,29088.3,29096.1"
2026-05-21T20:25:00.000+07:00,"29096.3,29107.9,29096.3,29104"
2026-05-21T20:26:00.000+07:00,"29103.4,29110.3,29101.2,29109.6"
2026-05-21T20:27:00.000+07:00,"29110.2,29110.2,29094,29095.6"
2026-05-21T20:28:00.000+07:00,"29098,29099.8,29089.6,29099.3"
2026-05-21T20:29:00.000+07:00,"29098.9,29111.2,29097.7,29105.9"
2026-05-21T20:30:00.000+07:00,"29132.7,29149,29116.5,29116.5"
2026-05-21T20:31:00.000+07:00,"29114.1,29144.1,29083.9,29086.4"
2026-05-21T20:32:00.000+07:00,"29084.8,29125.6,29084.8,29119.4"
2026-05-21T20:33:00.000+07:00,"29118.4,29132.9,29109.5,29122.9"
2026-05-21T20:34:00.000+07:00,"29124,29172.6,29124,29172.1"
2026-05-21T20:35:00.000+07:00,"29174.3,29175,29132.2,29134.8"
2026-05-21T20:36:00.000+07:00,"29140.9,29161,29136.6,29143.6"
2026-05-21T20:37:00.000+07:00,"29147.2,29166.2,29136.1,29158.2"
2026-05-21T20:38:00.000+07:00,"29159.2,29169.2,29125.7,29134.6"
2026-05-21T20:39:00.000+07:00,"29134,29141.2,29102,29120.5"
2026-05-21T20:40:00.000+07:00,"29120.1,29172.5,29114,29167"
2026-05-21T20:41:00.000+07:00,"29168.3,29168.3,29137.9,29148.7"
2026-05-21T20:42:00.000+07:00,"29146.2,29147.3,29122.9,29135.2"
2026-05-21T20:43:00.000+07:00,"29134.6,29134.6,29104.5,29108.3"
2026-05-21T20:44:00.000+07:00,"29108.1,29123.5,29101.6,29122.2"
2026-05-21T20:45:00.000+07:00,"29122.6,29147.7,29117.3,29140.5"
2026-05-21T20:46:00.000+07:00,"29145,29161.4,29139.5,29153.9"
2026-05-21T20:47:00.000+07:00,"29154.3,29156.9,29124.3,29128"
2026-05-21T20:48:00.000+07:00,"29127.2,29127.2,29103.4,29118.3"
2026-05-21T20:49:00.000+07:00,"29119.7,29132.2,29108.8,29112"
2026-05-21T20:50:00.000+07:00,"29110.7,29135.1,29105.6,29131.3"
2026-05-21T20:51:00.000+07:00,"29131.9,29138.8,29097.5,29138.8"
2026-05-21T20:52:00.000+07:00,"29138.2,29178.3,29138.2,29167.6"
2026-05-21T20:53:00.000+07:00,"29167.5,29196.4,29163.7,29172.7"
2026-05-21T20:54:00.000+07:00,"29173,29205.2,29158.8,29205.2"
2026-05-21T20:55:00.000+07:00,"29203.5,29223,29199.7,29201.5"
2026-05-21T20:56:00.000+07:00,"29201.7,29204.2,29178.5,29185"
2026-05-21T20:57:00.000+07:00,"29183.8,29198.3,29176.4,29183.5"
2026-05-21T20:58:00.000+07:00,"29179.5,29186.4,29154.3,29176.5"
2026-05-21T20:59:00.000+07:00,"29180.8,29203,29179.7,29197.7"
2026-05-21T21:00:00.000+07:00,"29198.4,29221.8,29194.5,29217.3"
2026-05-21T21:01:00.000+07:00,"29217.6,29233.2,29214.2,29229.3"
2026-05-21T21:02:00.000+07:00,"29229.4,29250,29227.2,29232.6"
2026-05-21T21:03:00.000+07:00,"29230.6,29241,29223.9,29227.1"
2026-05-21T21:04:00.000+07:00,"29227,29238.4,29217.4,29220.1"
2026-05-21T21:05:00.000+07:00,"29217,29230,29209.2,29212.2"
2026-05-21T21:06:00.000+07:00,"29213,29220,29198.5,29204.3"
2026-05-21T21:07:00.000+07:00,"29203.7,29209,29184,29197.5"
2026-05-21T21:08:00.000+07:00,"29197.7,29208.2,29189.3,29202.3"
2026-05-21T21:09:00.000+07:00,"29203.3,29233.7,29202.7,29233.7"
2026-05-21T21:10:00.000+07:00,"29232.7,29234,29218.5,29220.7"
2026-05-21T21:11:00.000+07:00,"29222.9,29235.2,29212.4,29215"
2026-05-21T21:12:00.000+07:00,"29215.4,29221.4,29202.5,29202.5"
2026-05-21T21:13:00.000+07:00,"29202.3,29204.5,29170,29178.8"
2026-05-21T21:14:00.000+07:00,"29177.3,29215,29165.3,29182.2"
2026-05-21T21:15:00.000+07:00,"29180.8,29188.4,29131.6,29136.8"
2026-05-21T21:16:00.000+07:00,"29132.3,29147.7,29121.7,29141.3"
2026-05-21T21:17:00.000+07:00,"29146.3,29177,29140.2,29148.2"
2026-05-21T21:18:00.000+07:00,"29145.3,29149.2,29111.8,29134.6"
2026-05-21T21:19:00.000+07:00,"29134.8,29141,29100.9,29102.6"
2026-05-21T21:20:00.000+07:00,"29101.5,29101.7,29059.1,29059.1"
2026-05-21T21:21:00.000+07:00,"29058.8,29072.2,29040.9,29059.6"
2026-05-21T21:22:00.000+07:00,"29058.5,29082.2,29054,29076.2"
2026-05-21T21:23:00.000+07:00,"29075.9,29101.9,29074.6,29087.8"
2026-05-21T21:24:00.000+07:00,"29085.7,29103.8,29068.5,29070"
2026-05-21T21:25:00.000+07:00,"29069.5,29092.2,29062.5,29088.5"
2026-05-21T21:26:00.000+07:00,"29091.9,29092.8,29057.3,29058.4"
2026-05-21T21:27:00.000+07:00,"29060.5,29099,29054.9,29098.1"
2026-05-21T21:28:00.000+07:00,"29098.2,29100.4,29072.8,29083.3"
2026-05-21T21:29:00.000+07:00,"29084.3,29108.8,29080.4,29102.8"
2026-05-21T21:30:00.000+07:00,"29102.3,29146,29098.9,29132.5"
2026-05-21T21:31:00.000+07:00,"29132.2,29141.6,29123.5,29123.5"
2026-05-21T21:32:00.000+07:00,"29123.3,29135.8,29113.2,29126.6"
2026-05-21T21:33:00.000+07:00,"29126.7,29126.7,29093.7,29097.4"
2026-05-21T21:34:00.000+07:00,"29095.2,29111,29087.8,29109.7"
2026-05-21T21:35:00.000+07:00,"29108.9,29136.9,29106.1,29131"
2026-05-21T21:36:00.000+07:00,"29130.5,29138.8,29125.9,29129.8"
2026-05-21T21:37:00.000+07:00,"29130.6,29159.9,29127.9,29156.7"
2026-05-21T21:38:00.000+07:00,"29156.8,29163.7,29146,29163.7"
2026-05-21T21:39:00.000+07:00,"29162.4,29164.8,29143.6,29152.6"
2026-05-21T21:40:00.000+07:00,"29154.6,29159.9,29116.3,29122"
2026-05-21T21:41:00.000+07:00,"29121.1,29133.1,29112.1,29126.5"
2026-05-21T21:42:00.000+07:00,"29127.8,29155.6,29117.1,29149.8"
2026-05-21T21:43:00.000+07:00,"29150.2,29158.8,29140.9,29146.5"
2026-05-21T21:44:00.000+07:00,"29146.3,29151.8,29120.8,29147.3"
2026-05-21T21:45:00.000+07:00,"29148.4,29156.7,29137.4,29152.8"
2026-05-21T21:46:00.000+07:00,"29152.9,29159.1,29119.9,29126.9"
2026-05-21T21:47:00.000+07:00,"29126.3,29136.2,29108.8,29115.9"
2026-05-21T21:48:00.000+07:00,"29116.3,29125.5,29094.8,29099.6"
2026-05-21T21:49:00.000+07:00,"29101.4,29119.2,29086.1,29112"
2026-05-21T21:50:00.000+07:00,"29113,29115.3,29083.6,29091.7"
2026-05-21T21:51:00.000+07:00,"29088.2,29122.4,29081,29117.6"
2026-05-21T21:52:00.000+07:00,"29116.7,29129.9,29112.7,29129.2"
2026-05-21T21:53:00.000+07:00,"29133,29140.6,29115.5,29122.5"
2026-05-21T21:54:00.000+07:00,"29122.8,29137.7,29119.2,29135.2"
2026-05-21T21:55:00.000+07:00,"29136.7,29146.6,29127,29141.9"
2026-05-21T21:56:00.000+07:00,"29143.5,29148.7,29133.5,29138.3"
2026-05-21T21:57:00.000+07:00,"29136.4,29144,29122.7,29128"
2026-05-21T21:58:00.000+07:00,"29127.1,29158.9,29124,29158.3"
2026-05-21T21:59:00.000+07:00,"29158.1,29166.1,29144.5,29150.7"
2026-05-21T22:00:00.000+07:00,"29148.2,29154.9,29132.6,29136.6"
2026-05-21T22:01:00.000+07:00,"29138,29138.8,29114.3,29129.2"
2026-05-21T22:02:00.000+07:00,"29130.3,29156,29130.3,29154.4"
2026-05-21T22:03:00.000+07:00,"29153.2,29156.3,29123.1,29123.6"
2026-05-21T22:04:00.000+07:00,"29122.2,29130.6,29117.8,29126.2"
2026-05-21T22:05:00.000+07:00,"29126.4,29128.7,29100.7,29103.7"
2026-05-21T22:06:00.000+07:00,"29104.9,29113.1,29082.4,29089.9"
2026-05-21T22:07:00.000+07:00,"29090.2,29095.5,29073.7,29079.5"
2026-05-21T22:08:00.000+07:00,"29078.5,29082.1,29058.3,29064.5"
2026-05-21T22:09:00.000+07:00,"29064.3,29085.7,29062.2,29081.4"
2026-05-21T22:10:00.000+07:00,"29080.2,29091.1,29053.4,29087.9"
2026-05-21T22:11:00.000+07:00,"29088.3,29096.7,29075.7,29087.4"
2026-05-21T22:12:00.000+07:00,"29087.8,29104.5,29084.6,29103.2"
2026-05-21T22:13:00.000+07:00,"29101.9,29157.8,29090.3,29153.2"
2026-05-21T22:14:00.000+07:00,"29153.1,29160.7,29133.9,29145.8"
2026-05-21T22:15:00.000+07:00,"29147,29156.9,29134.5,29151.8"
2026-05-21T22:16:00.000+07:00,"29153.4,29161.3,29135.6,29142.5"
2026-05-21T22:17:00.000+07:00,"29143.7,29155.5,29138.1,29141.3"
2026-05-21T22:18:00.000+07:00,"29141.4,29153.1,29137.6,29147.6"
2026-05-21T22:19:00.000+07:00,"29147.9,29160.9,29147.7,29157.4"
2026-05-21T22:20:00.000+07:00,"29154.8,29164.3,29146.7,29161.2"
2026-05-21T22:21:00.000+07:00,"29161.4,29161.4,29140.7,29147.2"
2026-05-21T22:22:00.000+07:00,"29148.4,29161.3,29139.2,29157.3"
2026-05-21T22:23:00.000+07:00,"29157,29172.8,29153.1,29160.1"
2026-05-21T22:24:00.000+07:00,"29159.1,29173.4,29148.1,29150.5"
2026-05-21T22:25:00.000+07:00,"29150.6,29160.9,29139.8,29145.7"
2026-05-21T22:26:00.000+07:00,"29145,29153.8,29143.9,29150.1"
2026-05-21T22:27:00.000+07:00,"29151.9,29163.6,29148.7,29150.4"
2026-05-21T22:28:00.000+07:00,"29149.9,29162,29145.9,29159"
2026-05-21T22:29:00.000+07:00,"29159.6,29167,29144.6,29146.9"
2026-05-21T22:30:00.000+07:00,"29148.2,29156.9,29136.4,29138.7"
2026-05-21T22:31:00.000+07:00,"29138,29140.2,29108.8,29114.3"
2026-05-21T22:32:00.000+07:00,"29114.8,29130.2,29114.1,29125.1"
2026-05-21T22:33:00.000+07:00,"29125,29129.7,29118.9,29125.2"
2026-05-21T22:34:00.000+07:00,"29125.9,29128.8,29092,29100.6"
2026-05-21T22:35:00.000+07:00,"29099.7,29133.3,29091.7,29125.4"
2026-05-21T22:36:00.000+07:00,"29125,29126.2,29101.6,29125.6"
2026-05-21T22:37:00.000+07:00,"29125.4,29151.9,29124,29151.9"
2026-05-21T22:38:00.000+07:00,"29152.6,29163.5,29145.6,29148.7"
2026-05-21T22:39:00.000+07:00,"29148.5,29169.5,29147.3,29167.7"
2026-05-21T22:40:00.000+07:00,"29169.5,29174.4,29162.5,29171.7"
2026-05-21T22:41:00.000+07:00,"29170.7,29178.1,29163.3,29163.3"
2026-05-21T22:42:00.000+07:00,"29160.8,29175.6,29158.9,29175.1"
2026-05-21T22:43:00.000+07:00,"29174.9,29186.9,29172.5,29178.8"
2026-05-21T22:44:00.000+07:00,"29178.6,29180.8,29158.5,29168.7"
2026-05-21T22:45:00.000+07:00,"29169.7,29185.9,29169.7,29185.5"
2026-05-21T22:46:00.000+07:00,"29183.6,29195.7,29181.9,29195.4"
2026-05-21T22:47:00.000+07:00,"29195.6,29203.9,29187.3,29203.1"
2026-05-21T22:48:00.000+07:00,"29202.8,29211.2,29198.2,29205.2"
2026-05-21T22:49:00.000+07:00,"29205.5,29208.9,29200.3,29207.5"
2026-05-21T22:50:00.000+07:00,"29207.8,29215.9,29195.3,29198"
2026-05-21T22:51:00.000+07:00,"29197.5,29209,29194,29200.5"
2026-05-21T22:52:00.000+07:00,"29201.7,29201.9,29190.3,29194.9"
2026-05-21T22:53:00.000+07:00,"29193.4,29207.1,29192.8,29206.3"
2026-05-21T22:54:00.000+07:00,"29206.2,29209.8,29199.3,29200.8"
2026-05-21T22:55:00.000+07:00,"29199.6,29201.6,29188.3,29194.4"
2026-05-21T22:56:00.000+07:00,"29194,29196.5,29189.7,29192.1"
2026-05-21T22:57:00.000+07:00,"29193.6,29203.9,29187.8,29198.4"
2026-05-21T22:58:00.000+07:00,"29196.1,29200.4,29185.3,29191.3"
2026-05-21T22:59:00.000+07:00,"29192.5,29194.7,29177.4,29179.7"
2026-05-21T23:00:00.000+07:00,"29179.6,29202,29177.6,29201"
2026-05-21T23:01:00.000+07:00,"29201.9,29209.8,29194.1,29199.8"
2026-05-21T23:02:00.000+07:00,"29199.6,29207.1,29188.7,29188.7"
2026-05-21T23:03:00.000+07:00,"29187.8,29205.8,29187,29202"
2026-05-21T23:04:00.000+07:00,"29201.6,29207.8,29197.1,29202.3"
2026-05-21T23:05:00.000+07:00,"29202.2,29206.3,29195.3,29197"
2026-05-21T23:06:00.000+07:00,"29196,29200.1,29182.1,29197.3"
2026-05-21T23:07:00.000+07:00,"29197.2,29209.9,29195.4,29204.9"
2026-05-21T23:08:00.000+07:00,"29204.3,29209,29203.1,29206.4"
2026-05-21T23:09:00.000+07:00,"29206.1,29222.6,29205,29221.2"
2026-05-21T23:10:00.000+07:00,"29222.4,29222.4,29205.3,29211.5"
2026-05-21T23:11:00.000+07:00,"29211.7,29215.1,29195.6,29210.3"
2026-05-21T23:12:00.000+07:00,"29210.7,29214.2,29197.4,29198.6"
2026-05-21T23:13:00.000+07:00,"29198.2,29199.7,29177.9,29193.4"
2026-05-21T23:14:00.000+07:00,"29194,29194,29185.2,29188.7"
2026-05-21T23:15:00.000+07:00,"29189,29194.9,29173.4,29183.7"
2026-05-21T23:16:00.000+07:00,"29182.7,29191.3,29175.3,29185.1"
2026-05-21T23:17:00.000+07:00,"29185,29195.5,29181.1,29192.6"
2026-05-21T23:18:00.000+07:00,"29192.4,29195.1,29187.2,29187.2"
2026-05-21T23:19:00.000+07:00,"29186.4,29190.3,29169,29177"
2026-05-21T23:20:00.000+07:00,"29176.9,29187.1,29169.4,29176.6"
2026-05-21T23:21:00.000+07:00,"29175.2,29178.7,29170.5,29175.3"
2026-05-21T23:22:00.000+07:00,"29176,29176,29135.5,29138.5"
2026-05-21T23:23:00.000+07:00,"29135.2,29157.9,29130.2,29157.7"
2026-05-21T23:24:00.000+07:00,"29157.5,29163.4,29145.4,29158.7"
2026-05-21T23:25:00.000+07:00,"29157.5,29165.2,29144.1,29154.6"
2026-05-21T23:26:00.000+07:00,"29154.5,29159.6,29146,29147"
2026-05-21T23:27:00.000+07:00,"29146.8,29162.9,29146.8,29162.9"
2026-05-21T23:28:00.000+07:00,"29162.7,29165.9,29150.8,29160.6"
2026-05-21T23:29:00.000+07:00,"29160.5,29162.7,29153.1,29161.7"
2026-05-21T23:30:00.000+07:00,"29161.1,29170.6,29155.4,29165.7"
2026-05-21T23:31:00.000+07:00,"29165.3,29168.9,29157.9,29161.9"
2026-05-21T23:32:00.000+07:00,"29160.5,29170.1,29156.1,29169.3"
2026-05-21T23:33:00.000+07:00,"29169.2,29181.9,29167,29181.8"
2026-05-21T23:34:00.000+07:00,"29181.7,29181.7,29171.9,29177.3"
2026-05-21T23:35:00.000+07:00,"29177.2,29185.7,29173.4,29181"
2026-05-21T23:36:00.000+07:00,"29179.9,29185.9,29167.1,29167.3"
2026-05-21T23:37:00.000+07:00,"29168.8,29175.7,29168.8,29170.7"
2026-05-21T23:38:00.000+07:00,"29170.9,29172.7,29148.5,29152.5"
2026-05-21T23:39:00.000+07:00,"29152.3,29167.5,29149.9,29166.2"
2026-05-21T23:40:00.000+07:00,"29167.5,29169.7,29157.8,29167.3"
2026-05-21T23:41:00.000+07:00,"29166.8,29166.8,29156.1,29161.9"
2026-05-21T23:42:00.000+07:00,"29162,29179.3,29162,29177.3"
2026-05-21T23:43:00.000+07:00,"29177.5,29177.8,29161.3,29163.6"
2026-05-21T23:44:00.000+07:00,"29162.8,29171,29162.1,29170.2"
2026-05-21T23:45:00.000+07:00,"29171,29184.3,29171,29176.5"
2026-05-21T23:46:00.000+07:00,"29176.4,29176.6,29151.9,29155.2"
2026-05-21T23:47:00.000+07:00,"29155.5,29157.1,29147.9,29150.7"
2026-05-21T23:48:00.000+07:00,"29150.8,29155.7,29137.4,29143"
2026-05-21T23:49:00.000+07:00,"29145.6,29150.3,29136.1,29146.1"
2026-05-21T23:50:00.000+07:00,"29144.6,29144.8,29122.5,29127.7"
2026-05-21T23:51:00.000+07:00,"29126.5,29152.4,29126.3,29152.1"
2026-05-21T23:52:00.000+07:00,"29151.9,29160.8,29150.1,29151"
2026-05-21T23:53:00.000+07:00,"29150.9,29162.8,29143.3,29159.1"
2026-05-21T23:54:00.000+07:00,"29158.4,29158.4,29151.4,29154.5"
2026-05-21T23:55:00.000+07:00,"29154.8,29161.3,29151,29161.3"
2026-05-21T23:56:00.000+07:00,"29159.7,29170.4,29158.3,29164.9"
2026-05-21T23:57:00.000+07:00,"29165.6,29169.3,29156.7,29163.8"
2026-05-21T23:58:00.000+07:00,"29164.4,29172,29158.7,29166"
2026-05-21T23:59:00.000+07:00,"29165.9,29172.8,29165.8,29171.5"
2026-05-22T00:00:00.000+07:00,"29172.8,29197.5,29172.8,29188.3"
2026-05-22T00:01:00.000+07:00,"29188.4,29195.4,29183.6,29194"
2026-05-22T00:02:00.000+07:00,"29194.6,29206.6,29188.6,29193.9"
2026-05-22T00:03:00.000+07:00,"29193.6,29198.7,29184.5,29192.8"
2026-05-22T00:04:00.000+07:00,"29192.5,29197.8,29187.5,29189"
2026-05-22T00:05:00.000+07:00,"29189.1,29200.1,29189.1,29197.5"
2026-05-22T00:06:00.000+07:00,"29196.5,29203.4,29190.9,29202.3"
2026-05-22T00:07:00.000+07:00,"29202.7,29203.5,29195.5,29196.1"
2026-05-22T00:08:00.000+07:00,"29196.3,29204.3,29193.2,29204.3"
2026-05-22T00:09:00.000+07:00,"29204,29204.8,29197.9,29197.9"
2026-05-22T00:10:00.000+07:00,"29197.8,29268.4,29197.2,29264.8"
2026-05-22T00:11:00.000+07:00,"29265.3,29293.5,29265.3,29266.8"
2026-05-22T00:12:00.000+07:00,"29265.9,29277.7,29244.8,29261.2"
2026-05-22T00:13:00.000+07:00,"29261.4,29262.9,29240.1,29244.1"
2026-05-22T00:14:00.000+07:00,"29244.5,29259.6,29237.8,29257.1"
2026-05-22T00:15:00.000+07:00,"29257.8,29292.5,29251.5,29291.2"
2026-05-22T00:16:00.000+07:00,"29290.8,29339.2,29288.3,29335.8"
2026-05-22T00:17:00.000+07:00,"29334.5,29349.2,29307.7,29311.4"
2026-05-22T00:18:00.000+07:00,"29312.5,29327.5,29299.5,29327.5"
2026-05-22T00:19:00.000+07:00,"29328.2,29335.8,29317.3,29325.7"
2026-05-22T00:20:00.000+07:00,"29322.4,29356.1,29322.4,29353.9"
2026-05-22T00:21:00.000+07:00,"29354,29373.7,29348.4,29371.5"
2026-05-22T00:22:00.000+07:00,"29370.2,29388.5,29335.1,29343.3"
2026-05-22T00:23:00.000+07:00,"29344.2,29348.2,29280.5,29309.7"
2026-05-22T00:24:00.000+07:00,"29310.7,29328.2,29304.2,29327.4"
2026-05-22T00:25:00.000+07:00,"29327.6,29345.5,29327.6,29330.4"
2026-05-22T00:26:00.000+07:00,"29330.9,29338.9,29320.7,29330.1"
2026-05-22T00:27:00.000+07:00,"29329.5,29335.8,29315.2,29318.8"
2026-05-22T00:28:00.000+07:00,"29320.5,29336.7,29314.8,29332.5"
2026-05-22T00:29:00.000+07:00,"29333.3,29334.8,29322.2,29323.9"
2026-05-22T00:30:00.000+07:00,"29321.5,29349.1,29318.4,29345.9"
2026-05-22T00:31:00.000+07:00,"29345.8,29358.6,29341.3,29358.6"
2026-05-22T00:32:00.000+07:00,"29359,29361.8,29348,29352.4"
2026-05-22T00:33:00.000+07:00,"29351,29354,29329.4,29338.2"
2026-05-22T00:34:00.000+07:00,"29334.2,29348.5,29329.7,29346.6"
2026-05-22T00:35:00.000+07:00,"29346.8,29371.7,29345.4,29364.8"
2026-05-22T00:36:00.000+07:00,"29363.6,29371.8,29363,29363.6"
2026-05-22T00:37:00.000+07:00,"29363.3,29372.5,29356.7,29362.6"
2026-05-22T00:38:00.000+07:00,"29360.5,29367.8,29355.5,29359.6"
2026-05-22T00:39:00.000+07:00,"29361.2,29371.7,29359.2,29369.5"
2026-05-22T00:40:00.000+07:00,"29372.4,29395.6,29372.4,29393.4"
2026-05-22T00:41:00.000+07:00,"29394.6,29407.8,29394.2,29397.7"
2026-05-22T00:42:00.000+07:00,"29400.4,29404.3,29386.6,29392.7"
2026-05-22T00:43:00.000+07:00,"29393.4,29394.6,29378.6,29385.6"
2026-05-22T00:44:00.000+07:00,"29385.3,29406.3,29385.3,29405.3"
2026-05-22T00:45:00.000+07:00,"29406.6,29409.4,29381.9,29387.9"
2026-05-22T00:46:00.000+07:00,"29388,29398.9,29387,29398.8"
2026-05-22T00:47:00.000+07:00,"29398.7,29402.7,29391.9,29395.4"
2026-05-22T00:48:00.000+07:00,"29396.2,29404.9,29394.1,29401.6"
2026-05-22T00:49:00.000+07:00,"29400.9,29416.1,29400,29413.1"
2026-05-22T00:50:00.000+07:00,"29411.4,29412,29396.3,29399.3"
2026-05-22T00:51:00.000+07:00,"29399.4,29421.7,29399.4,29420"
2026-05-22T00:52:00.000+07:00,"29420.2,29438.1,29419.6,29438.1"
2026-05-22T00:53:00.000+07:00,"29437.3,29444.9,29431.8,29436.5"
2026-05-22T00:54:00.000+07:00,"29437,29454.6,29434.5,29451.9"
2026-05-22T00:55:00.000+07:00,"29453.7,29463,29441.2,29441.4"
2026-05-22T00:56:00.000+07:00,"29441.9,29450.6,29436,29438.8"
2026-05-22T00:57:00.000+07:00,"29439.4,29450.7,29435.8,29435.8"
2026-05-22T00:58:00.000+07:00,"29436.9,29439.1,29420.3,29423.8"
2026-05-22T00:59:00.000+07:00,"29423.7,29427.7,29405.5,29407"
2026-05-22T01:00:00.000+07:00,"29407.9,29432.4,29405.3,29430.2"
2026-05-22T01:01:00.000+07:00,"29431.2,29432.3,29402.9,29409.5"
2026-05-22T01:02:00.000+07:00,"29410.4,29418.5,29407.8,29414.7"
2026-05-22T01:03:00.000+07:00,"29415.1,29424.6,29409.4,29418.2"
2026-05-22T01:04:00.000+07:00,"29418.5,29419.3,29373.5,29380.2"
2026-05-22T01:05:00.000+07:00,"29378.2,29388.8,29371.2,29382.3"
2026-05-22T01:06:00.000+07:00,"29383.9,29400.9,29382.6,29394.1"
2026-05-22T01:07:00.000+07:00,"29394.3,29403,29390.4,29400.2"
2026-05-22T01:08:00.000+07:00,"29401.1,29405.2,29388.9,29403.1"
2026-05-22T01:09:00.000+07:00,"29401.7,29409.4,29396.3,29396.8"
2026-05-22T01:10:00.000+07:00,"29395.9,29400.3,29381.2,29383.3"
2026-05-22T01:11:00.000+07:00,"29380.6,29386.3,29367.9,29378.9"
2026-05-22T01:12:00.000+07:00,"29378.7,29387.6,29375.1,29383.1"
2026-05-22T01:13:00.000+07:00,"29382.5,29382.5,29364.8,29375.8"
2026-05-22T01:14:00.000+07:00,"29376.3,29376.6,29357.9,29360.4"
2026-05-22T01:15:00.000+07:00,"29360.6,29365.9,29351.2,29359"
2026-05-22T01:16:00.000+07:00,"29358.2,29361.5,29342.6,29344.9"
2026-05-22T01:17:00.000+07:00,"29345.2,29352,29341.9,29351.1"
2026-05-22T01:18:00.000+07:00,"29351.5,29372.8,29350.1,29363.7"
2026-05-22T01:19:00.000+07:00,"29364.5,29377.8,29363.5,29376.5"
2026-05-22T01:20:00.000+07:00,"29375.9,29386.4,29371.6,29373.6"
2026-05-22T01:21:00.000+07:00,"29374.4,29387.2,29374,29377.7"
2026-05-22T01:22:00.000+07:00,"29377.5,29377.5,29363.7,29367.7"
2026-05-22T01:23:00.000+07:00,"29367.2,29369.2,29357.3,29364.5"
2026-05-22T01:24:00.000+07:00,"29364.6,29383.1,29364.1,29382.4"
2026-05-22T01:25:00.000+07:00,"29382.1,29385.5,29375.8,29376.7"
2026-05-22T01:26:00.000+07:00,"29377,29378.1,29371.6,29377.2"
2026-05-22T01:27:00.000+07:00,"29377.3,29377.3,29363.5,29367.1"
2026-05-22T01:28:00.000+07:00,"29366.8,29387.1,29366.8,29380.8"
2026-05-22T01:29:00.000+07:00,"29380,29381.7,29368.3,29368.3"
2026-05-22T01:30:00.000+07:00,"29368.8,29374.8,29358,29367"
2026-05-22T01:31:00.000+07:00,"29367.1,29378.5,29367.1,29373.2"
2026-05-22T01:32:00.000+07:00,"29373.1,29378.8,29356.4,29357.2"
2026-05-22T01:33:00.000+07:00,"29357.1,29364.9,29355.5,29359.8"
2026-05-22T01:34:00.000+07:00,"29359.7,29365.3,29358.1,29364.4"
2026-05-22T01:35:00.000+07:00,"29363.9,29365.2,29355.8,29359"
2026-05-22T01:36:00.000+07:00,"29359.3,29370.3,29354.1,29361.8"
2026-05-22T01:37:00.000+07:00,"29361.3,29369,29359.4,29360.7"
2026-05-22T01:38:00.000+07:00,"29360.5,29361.8,29347.9,29360.6"
2026-05-22T01:39:00.000+07:00,"29360.3,29360.8,29347.2,29352.8"
2026-05-22T01:40:00.000+07:00,"29354.1,29374,29352.5,29374"
2026-05-22T01:41:00.000+07:00,"29374.1,29381.5,29368.6,29370.9"
2026-05-22T01:42:00.000+07:00,"29371.6,29373.7,29364.9,29370.5"
2026-05-22T01:43:00.000+07:00,"29370.2,29376,29364.6,29372.4"
2026-05-22T01:44:00.000+07:00,"29371.4,29377.1,29368.7,29369.3"
2026-05-22T01:45:00.000+07:00,"29370.3,29376.6,29358.4,29362.7"
2026-05-22T01:46:00.000+07:00,"29362.2,29363.5,29340.7,29343.7"
2026-05-22T01:47:00.000+07:00,"29343.9,29354.8,29343.8,29352.2"
2026-05-22T01:48:00.000+07:00,"29352.8,29354.9,29300,29324.5"
2026-05-22T01:49:00.000+07:00,"29325.8,29337.3,29316.6,29318.5"
2026-05-22T01:50:00.000+07:00,"29317.9,29336.4,29313.3,29331.3"
2026-05-22T01:51:00.000+07:00,"29329.6,29341.8,29324.4,29341.8"
2026-05-22T01:52:00.000+07:00,"29341.5,29341.5,29256.8,29266.9"
2026-05-22T01:53:00.000+07:00,"29267.1,29295.5,29261,29261.2"
2026-05-22T01:54:00.000+07:00,"29259.8,29279.1,29220.1,29220.1"
2026-05-22T01:55:00.000+07:00,"29219.1,29231.6,29210.3,29224.7"
2026-05-22T01:56:00.000+07:00,"29222.1,29237.2,29213,29213.6"
2026-05-22T01:57:00.000+07:00,"29219.2,29237.9,29214.7,29229.5"
2026-05-22T01:58:00.000+07:00,"29229.7,29237,29217.6,29226.9"
2026-05-22T01:59:00.000+07:00,"29226.7,29248.9,29220.2,29248"
2026-05-22T02:00:00.000+07:00,"29249.8,29264.3,29248.6,29258.5"
2026-05-22T02:01:00.000+07:00,"29258.4,29286.1,29255.3,29280.7"
2026-05-22T02:02:00.000+07:00,"29280.9,29282.4,29263.3,29264.4"
2026-05-22T02:03:00.000+07:00,"29264.3,29290.8,29264.3,29286.9"
2026-05-22T02:04:00.000+07:00,"29286.1,29289.9,29279.2,29286.5"
2026-05-22T02:05:00.000+07:00,"29287.3,29290.7,29276,29277.1"
2026-05-22T02:06:00.000+07:00,"29277.9,29284,29261.5,29269"
2026-05-22T02:07:00.000+07:00,"29268.1,29273.4,29259.6,29267.3"
2026-05-22T02:08:00.000+07:00,"29266.1,29307.6,29263,29304.2"
2026-05-22T02:09:00.000+07:00,"29303.1,29314.5,29299.5,29310.8"
2026-05-22T02:10:00.000+07:00,"29311.4,29316.1,29300.8,29309.6"
2026-05-22T02:11:00.000+07:00,"29309.4,29309.7,29295.2,29295.8"
2026-05-22T02:12:00.000+07:00,"29295.6,29309.7,29293.2,29309.7"
2026-05-22T02:13:00.000+07:00,"29308.3,29319.1,29306.3,29310.1"
2026-05-22T02:14:00.000+07:00,"29310.3,29324.5,29304.6,29323.4"
2026-05-22T02:15:00.000+07:00,"29323.2,29333.7,29322.9,29331.8"
2026-05-22T02:16:00.000+07:00,"29332,29336.3,29324.8,29326"
2026-05-22T02:17:00.000+07:00,"29327,29331.2,29320.1,29330.7"
2026-05-22T02:18:00.000+07:00,"29331.1,29338.5,29327.8,29336.8"
2026-05-22T02:19:00.000+07:00,"29336,29341.4,29329.8,29341.2"
2026-05-22T02:20:00.000+07:00,"29339.1,29344.4,29329.3,29329.3"
2026-05-22T02:21:00.000+07:00,"29329.4,29333.6,29321.1,29323.1"
2026-05-22T02:22:00.000+07:00,"29323,29335.6,29316.5,29334.9"
2026-05-22T02:23:00.000+07:00,"29334.8,29338,29328.5,29334.2"
2026-05-22T02:24:00.000+07:00,"29334.6,29339.9,29331.2,29334"
2026-05-22T02:25:00.000+07:00,"29334.2,29338.7,29328.7,29334.2"
2026-05-22T02:26:00.000+07:00,"29333.9,29339.2,29331.2,29332.4"
2026-05-22T02:27:00.000+07:00,"29332.9,29334,29327,29330.4"
2026-05-22T02:28:00.000+07:00,"29330.3,29348.1,29327.7,29344"
2026-05-22T02:29:00.000+07:00,"29343.9,29345.7,29326.6,29337.6"
2026-05-22T02:30:00.000+07:00,"29336.4,29345,29328.3,29328.8"
2026-05-22T02:31:00.000+07:00,"29329,29341,29328.2,29340.5"
2026-05-22T02:32:00.000+07:00,"29341,29341.9,29330.4,29336.7"
2026-05-22T02:33:00.000+07:00,"29336.3,29336.3,29323,29324.3"
2026-05-22T02:34:00.000+07:00,"29323.8,29326.4,29315.9,29316.8"
2026-05-22T02:35:00.000+07:00,"29317.1,29339.5,29317.1,29336.9"
2026-05-22T02:36:00.000+07:00,"29337.1,29339.6,29331.1,29337.2"
2026-05-22T02:37:00.000+07:00,"29336.6,29337,29328.6,29332.9"
2026-05-22T02:38:00.000+07:00,"29333.2,29340.4,29330.8,29332.4"
2026-05-22T02:39:00.000+07:00,"29333.1,29342.6,29332,29340.6"
2026-05-22T02:40:00.000+07:00,"29341.4,29353.7,29331.7,29331.7"
2026-05-22T02:41:00.000+07:00,"29331.9,29336.6,29327.1,29327.1"
2026-05-22T02:42:00.000+07:00,"29327.2,29327.9,29314.5,29317.2"
2026-05-22T02:43:00.000+07:00,"29316.7,29337.8,29314.5,29335.5"
2026-05-22T02:44:00.000+07:00,"29335.3,29337.9,29326.4,29327.1"
2026-05-22T02:45:00.000+07:00,"29325.4,29325.9,29315.5,29321.5"
2026-05-22T02:46:00.000+07:00,"29321,29336.6,29317.5,29336.5"
2026-05-22T02:47:00.000+07:00,"29336.4,29340,29330.3,29334.9"
2026-05-22T02:48:00.000+07:00,"29334.3,29342.1,29333.1,29334.4"
2026-05-22T02:49:00.000+07:00,"29334.8,29337.5,29331,29336.6"
2026-05-22T02:50:00.000+07:00,"29341.5,29356.9,29335.4,29351.2"
2026-05-22T02:51:00.000+07:00,"29351.5,29355.6,29344.4,29348.2"
2026-05-22T02:52:00.000+07:00,"29347.2,29351.9,29343.6,29345.1"
2026-05-22T02:53:00.000+07:00,"29344.8,29353.9,29338.8,29340.2"
2026-05-22T02:54:00.000+07:00,"29339.6,29342.6,29312.7,29329.2"
2026-05-22T02:55:00.000+07:00,"29326.6,29335.9,29311.5,29329.5"
2026-05-22T02:56:00.000+07:00,"29328.1,29357.1,29324.4,29355.4"
2026-05-22T02:57:00.000+07:00,"29355.5,29371.7,29351.4,29361.1"
2026-05-22T02:58:00.000+07:00,"29363.4,29366.4,29358.6,29360.1"
2026-05-22T02:59:00.000+07:00,"29359.6,29368.4,29347.1,29351.7"
2026-05-22T03:00:00.000+07:00,"29351.2,29368.8,29344.1,29368.8"
2026-05-22T03:01:00.000+07:00,"29368.9,29373,29356.6,29363.6"
2026-05-22T03:02:00.000+07:00,"29364.6,29369.3,29360.8,29365.5"
2026-05-22T03:03:00.000+07:00,"29365.4,29375.4,29364.9,29369.1"
2026-05-22T03:04:00.000+07:00,"29370.3,29372.3,29361.2,29366.1"
2026-05-22T03:05:00.000+07:00,"29366.8,29369.5,29357.4,29365.8"
2026-05-22T03:06:00.000+07:00,"29366.5,29375.4,29363.2,29374.5"
2026-05-22T03:07:00.000+07:00,"29374.3,29378.6,29373.9,29375.7"
2026-05-22T03:08:00.000+07:00,"29376,29377.9,29367.5,29371.5"
2026-05-22T03:09:00.000+07:00,"29371,29378.4,29369.5,29373.3"
2026-05-22T03:10:00.000+07:00,"29371.8,29371.8,29366,29367.3"
2026-05-22T03:11:00.000+07:00,"29367.8,29370.3,29363.5,29369.4"
2026-05-22T03:12:00.000+07:00,"29368.7,29369.1,29360.6,29362.6"
2026-05-22T03:13:00.000+07:00,"29362.1,29368.5,29360.8,29364.5"
2026-05-22T03:14:00.000+07:00,"29363.5,29369,29363.5,29368.3"
2026-05-22T03:15:00.000+07:00,"29367.5,29370.8,29358.6,29359.6"
2026-05-22T03:16:00.000+07:00,"29359.4,29364.4,29358.6,29362.5"
2026-05-22T03:17:00.000+07:00,"29362.7,29362.9,29353.3,29353.3"
2026-05-22T03:18:00.000+07:00,"29353.8,29359.3,29353.5,29356.8"
2026-05-22T03:19:00.000+07:00,"29356.7,29357.8,29355.3,29357.3"
2026-05-22T03:20:00.000+07:00,"29357.4,29358.9,29351.6,29352"
2026-05-22T03:21:00.000+07:00,"29352.4,29358,29352.2,29355"
2026-05-22T03:22:00.000+07:00,"29354.5,29354.8,29350.3,29350.3"
2026-05-22T03:23:00.000+07:00,"29351.6,29354.6,29349,29351.3"
2026-05-22T03:24:00.000+07:00,"29351.5,29360.4,29350.7,29354.3"
2026-05-22T03:25:00.000+07:00,"29355.5,29361.6,29355.4,29357.7"
2026-05-22T03:26:00.000+07:00,"29357.2,29357.8,29353.6,29355.5"
2026-05-22T03:27:00.000+07:00,"29355.2,29355.2,29352.5,29353.9"
2026-05-22T03:28:00.000+07:00,"29352.7,29353.9,29350.2,29351.8"
2026-05-22T03:29:00.000+07:00,"29352.8,29355.9,29349.9,29355.7"
2026-05-22T03:30:00.000+07:00,"29355.5,29359.4,29354.9,29358.7"
2026-05-22T03:31:00.000+07:00,"29358.8,29363.2,29358.5,29360.4"
2026-05-22T03:32:00.000+07:00,"29359.9,29364.3,29359.9,29363.1"
2026-05-22T03:33:00.000+07:00,"29362.6,29362.8,29360.5,29361.7"
2026-05-22T03:34:00.000+07:00,"29361.4,29366.2,29361.3,29364.4"
2026-05-22T03:35:00.000+07:00,"29363.9,29365.3,29362.8,29363.3"
2026-05-22T03:36:00.000+07:00,"29364.8,29369.1,29363.8,29367.7"
2026-05-22T03:37:00.000+07:00,"29368.4,29369,29366.2,29366.7"
2026-05-22T03:38:00.000+07:00,"29364.7,29368.5,29361,29362"
2026-05-22T03:39:00.000+07:00,"29362.3,29366.3,29361.9,29365.3"
2026-05-22T03:40:00.000+07:00,"29365.5,29366.8,29364.1,29366.8"
2026-05-22T03:41:00.000+07:00,"29366.5,29366.5,29362.8,29363.6"
2026-05-22T03:42:00.000+07:00,"29362.9,29363.8,29361.9,29361.9"
2026-05-22T03:43:00.000+07:00,"29362.1,29366.8,29360.8,29365.6"
2026-05-22T03:44:00.000+07:00,"29364.9,29366,29361.6,29366"
2026-05-22T03:45:00.000+07:00,"29365.2,29368,29364.6,29366.2"
2026-05-22T03:46:00.000+07:00,"29366,29368.5,29364.7,29367"
2026-05-22T03:47:00.000+07:00,"29366.9,29370.6,29366.2,29368.3"
2026-05-22T03:48:00.000+07:00,"29368.8,29370,29367.8,29369.8"
2026-05-22T03:49:00.000+07:00,"29369.3,29371.8,29368,29368"
2026-05-22T03:50:00.000+07:00,"29367.3,29371.2,29367.3,29368.4"
2026-05-22T03:51:00.000+07:00,"29367.1,29369.7,29365.3,29365.3"
2026-05-22T03:52:00.000+07:00,"29365.4,29370.4,29364.6,29370.2"
2026-05-22T03:53:00.000+07:00,"29370.7,29374.2,29365.7,29370.9"
2026-05-22T03:54:00.000+07:00,"29371.1,29372.6,29368.4,29368.4"
2026-05-22T03:55:00.000+07:00,"29369.1,29369.6,29362.5,29362.5"
2026-05-22T03:56:00.000+07:00,"29363,29367.2,29361.5,29366.9"
2026-05-22T03:57:00.000+07:00,"29366.7,29366.7,29363.6,29363.7"
2026-05-22T03:58:00.000+07:00,"29363.3,29363.3,29360.3,29360.4"
2026-05-22T03:59:00.000+07:00,"29362.1,29364.4,29359.3,29363.4"
2026-05-22T04:00:00.000+07:00,"29363.2,29363.2,29361.7,29361.9"
2026-05-22T04:01:00.000+07:00,"29361.8,29361.8,29361.8,29361.8"
2026-05-22T04:02:00.000+07:00,"29361.2,29361.5,29361.2,29361.5"
2026-05-22T04:03:00.000+07:00,"29361.4,29361.5,29361.4,29361.4"
2026-05-22T04:04:00.000+07:00,"29361.5,29361.5,29361.4,29361.5"
2026-05-22T04:05:00.000+07:00,"29361.4,29361.4,29361.4,29361.4"
2026-05-22T04:06:00.000+07:00,"29361.5,29363.3,29361.3,29361.5"
2026-05-22T04:07:00.000+07:00,"29359,29359,29358.8,29358.8"
2026-05-22T04:08:00.000+07:00,"29358.7,29361.8,29358.7,29361.5"
2026-05-22T04:09:00.000+07:00,"29363.5,29365.6,29363.4,29365.6"
2026-05-22T04:10:00.000+07:00,"29365.7,29365.7,29365.6,29365.6"
2026-05-22T04:11:00.000+07:00,"29369,29369,29369,29369"
2026-05-22T04:12:00.000+07:00,"29369.8,29370.9,29369.6,29370.9"
2026-05-22T04:13:00.000+07:00,"29371.5,29375.6,29371.5,29372.6"
2026-05-22T04:14:00.000+07:00,"29372.4,29372.7,29372.4,29372.6"
2026-05-22T04:15:00.000+07:00,"29372.5,29372.5,29372.5,29372.5"
2026-05-22T04:16:00.000+07:00,"29372.6,29372.6,29372.3,29372.5"
2026-05-22T04:17:00.000+07:00,"29372.3,29373.4,29372.2,29373.4"
2026-05-22T04:18:00.000+07:00,"29374.7,29375.1,29374.1,29374.1"
2026-05-22T04:19:00.000+07:00,"29372.8,29379.2,29372.8,29379.2"
2026-05-22T04:20:00.000+07:00,"29379.3,29379.6,29379,29379"
2026-05-22T04:21:00.000+07:00,"29377,29378.9,29376.9,29378.3"
2026-05-22T04:22:00.000+07:00,"29380.6,29381.6,29380.6,29381.6"
2026-05-22T04:23:00.000+07:00,"29381.7,29381.7,29377.6,29378.1"
2026-05-22T04:24:00.000+07:00,"29378.2,29378.2,29377.3,29377.3"
2026-05-22T04:25:00.000+07:00,"29376.4,29378.9,29376.3,29378.7"
2026-05-22T04:26:00.000+07:00,"29377.3,29381.9,29377.2,29381.9"
2026-05-22T04:27:00.000+07:00,"29381.8,29382.2,29378.2,29378.2"
2026-05-22T04:28:00.000+07:00,"29378.4,29380.2,29378.2,29379.8"
2026-05-22T04:29:00.000+07:00,"29380.2,29381.9,29378.2,29380.6"
2026-05-22T04:30:00.000+07:00,"29380.5,29381.6,29380.5,29381.3"
2026-05-22T04:31:00.000+07:00,"29380.6,29380.8,29379.7,29379.7"
2026-05-22T04:32:00.000+07:00,"29379.5,29379.7,29379.3,29379.6"
2026-05-22T04:33:00.000+07:00,"29379.7,29380.8,29379.6,29380.8"
2026-05-22T04:34:00.000+07:00,"29380,29380.8,29379.9,29380.1"
2026-05-22T04:35:00.000+07:00,"29380.7,29381.6,29380.1,29381.6"
2026-05-22T04:36:00.000+07:00,"29379.9,29380,29379.9,29380"
2026-05-22T04:37:00.000+07:00,"29379.8,29379.8,29379.6,29379.6"
2026-05-22T04:38:00.000+07:00,"29378.9,29380.8,29378.9,29380.8"
2026-05-22T04:39:00.000+07:00,"29381.7,29381.7,29381.6,29381.6"
2026-05-22T04:40:00.000+07:00,"29381.7,29381.8,29381.6,29381.6"
2026-05-22T04:41:00.000+07:00,"29381,29381,29378.1,29378.1"
2026-05-22T04:43:00.000+07:00,"29377,29377,29377,29377"
2026-05-22T04:44:00.000+07:00,"29376.8,29377.9,29375.9,29375.9"
2026-05-22T04:45:00.000+07:00,"29373.1,29374,29366.8,29374"
2026-05-22T04:46:00.000+07:00,"29372.7,29374,29372.7,29374"
2026-05-22T04:47:00.000+07:00,"29373.9,29373.9,29372.8,29372.9"
2026-05-22T04:48:00.000+07:00,"29372.8,29372.9,29370.4,29370.4"
2026-05-22T04:50:00.000+07:00,"29369.4,29369.4,29365.8,29365.8"
2026-05-22T04:51:00.000+07:00,"29367.1,29367.1,29366.3,29366.5"
2026-05-22T04:53:00.000+07:00,"29366.4,29366.5,29365.5,29365.5"
2026-05-22T04:54:00.000+07:00,"29365.6,29366.5,29365.6,29366.5"
2026-05-22T04:55:00.000+07:00,"29366.3,29366.8,29366.3,29366.3"
2026-05-22T04:56:00.000+07:00,"29365.9,29366.2,29365.9,29366.2"
2026-05-22T04:57:00.000+07:00,"29366.1,29366.3,29365.9,29366.1"
2026-05-22T04:58:00.000+07:00,"29365.7,29365.7,29364.7,29364.7"
2026-05-22T04:59:00.000+07:00,"29364.6,29366.5,29364.6,29365.5"
2026-05-22T05:00:00.000+07:00,"29362.3,29387.8,29362.3,29385.3"
2026-05-22T05:01:00.000+07:00,"29385.2,29400,29385.2,29398.4"
2026-05-22T05:02:00.000+07:00,"29398.7,29412.5,29395.2,29410.3"
2026-05-22T05:03:00.000+07:00,"29410.7,29422.5,29407.3,29411.9"
2026-05-22T05:04:00.000+07:00,"29413,29413.4,29404.2,29408.8"
2026-05-22T05:05:00.000+07:00,"29410.4,29422.8,29410.4,29416.4"
2026-05-22T05:06:00.000+07:00,"29417.2,29419.1,29412.3,29419.1"
2026-05-22T05:07:00.000+07:00,"29418.9,29423.3,29415.1,29422.9"
2026-05-22T05:08:00.000+07:00,"29419.8,29426.3,29416,29416.4"
2026-05-22T05:09:00.000+07:00,"29416.1,29420.2,29414.4,29419.6"
2026-05-22T05:10:00.000+07:00,"29419.5,29421.6,29414.6,29415.4"
2026-05-22T05:11:00.000+07:00,"29415.7,29422.4,29414.7,29421.1"
2026-05-22T05:12:00.000+07:00,"29421.3,29426.3,29417,29425.8"
2026-05-22T05:13:00.000+07:00,"29425.6,29430.2,29425.5,29426.3"
2026-05-22T05:14:00.000+07:00,"29426.4,29428.3,29420.6,29428.1"
2026-05-22T05:15:00.000+07:00,"29428,29428.8,29421.1,29428.8"
2026-05-22T05:16:00.000+07:00,"29428.7,29437,29424.2,29424.2"
2026-05-22T05:17:00.000+07:00,"29424.1,29425.9,29415.6,29416.5"
2026-05-22T05:18:00.000+07:00,"29416.1,29422.6,29412.4,29422.4"
2026-05-22T05:19:00.000+07:00,"29421.1,29425,29420.3,29422.4"
2026-05-22T05:20:00.000+07:00,"29422.3,29424.5,29416.9,29416.9"
2026-05-22T05:21:00.000+07:00,"29417,29423,29417,29418.8"
2026-05-22T05:22:00.000+07:00,"29418.7,29418.7,29414.8,29415.5"
2026-05-22T05:23:00.000+07:00,"29415.6,29416.6,29413.3,29414.9"
2026-05-22T05:24:00.000+07:00,"29414.8,29415.2,29412.2,29412.2"
2026-05-22T05:25:00.000+07:00,"29412.1,29416.2,29408.1,29410.3"
2026-05-22T05:26:00.000+07:00,"29410.2,29411.4,29405.5,29408.4"
2026-05-22T05:27:00.000+07:00,"29408.2,29409.7,29403.7,29406.8"
2026-05-22T05:28:00.000+07:00,"29406.9,29421.9,29406.6,29421.9"
2026-05-22T05:29:00.000+07:00,"29422,29423.4,29417.8,29420.5"
2026-05-22T05:30:00.000+07:00,"29420.6,29425,29414.6,29421.3"
2026-05-22T05:31:00.000+07:00,"29421.5,29429,29421.5,29425.5"
2026-05-22T05:32:00.000+07:00,"29423.1,29423.5,29409.9,29417.3"
2026-05-22T05:33:00.000+07:00,"29418.3,29423.3,29417,29423.3"
2026-05-22T05:34:00.000+07:00,"29423,29425.8,29421.6,29423"
2026-05-22T05:35:00.000+07:00,"29423.2,29426.5,29420.9,29421.7"
2026-05-22T05:36:00.000+07:00,"29421.4,29424.8,29416.2,29418.7"
2026-05-22T05:37:00.000+07:00,"29418.8,29419.4,29415.4,29416.7"
2026-05-22T05:38:00.000+07:00,"29414.7,29420.6,29414.3,29417.6"
2026-05-22T05:39:00.000+07:00,"29418.1,29418.1,29410.8,29411.7"
2026-05-22T05:40:00.000+07:00,"29412,29419.4,29407.9,29416.9"
2026-05-22T05:41:00.000+07:00,"29416.3,29426.6,29416.2,29424.1"
2026-05-22T05:42:00.000+07:00,"29424.2,29426.4,29421.4,29422.8"
2026-05-22T05:43:00.000+07:00,"29423,29431.1,29420.1,29429.5"
2026-05-22T05:44:00.000+07:00,"29428.8,29433.4,29427.9,29429.4"
2026-05-22T05:45:00.000+07:00,"29429.7,29441.1,29429.7,29439.2"
2026-05-22T05:46:00.000+07:00,"29439.1,29444.3,29439.1,29440.8"
2026-05-22T05:47:00.000+07:00,"29440.1,29449.2,29439.7,29446.5"
2026-05-22T05:48:00.000+07:00,"29445.8,29453.4,29444.4,29452.4"
2026-05-22T05:49:00.000+07:00,"29452.6,29454.4,29442.1,29442.1"
2026-05-22T05:50:00.000+07:00,"29441.8,29453.5,29440.1,29446.3"
2026-05-22T05:51:00.000+07:00,"29444.9,29449.3,29442.2,29449.3"
2026-05-22T05:52:00.000+07:00,"29448.9,29452.3,29447.4,29450.1"
2026-05-22T05:53:00.000+07:00,"29449.2,29453.7,29448.5,29451.6"
2026-05-22T05:54:00.000+07:00,"29452.3,29460.6,29451.6,29457.1"
2026-05-22T05:55:00.000+07:00,"29456.1,29457,29453.5,29454.2"
2026-05-22T05:56:00.000+07:00,"29454.1,29456.1,29453.6,29453.6"
2026-05-22T05:57:00.000+07:00,"29453.8,29457.6,29453.7,29456.8"
2026-05-22T05:58:00.000+07:00,"29457,29459.3,29451.8,29455"
2026-05-22T05:59:00.000+07:00,"29455.3,29456.5,29452.7,29452.7"
2026-05-22T06:00:00.000+07:00,"29452.8,29459.4,29452.8,29459.2"
2026-05-22T06:01:00.000+07:00,"29459.1,29459.3,29454.6,29454.6"
2026-05-22T06:02:00.000+07:00,"29454.5,29458.3,29450.4,29450.8"
2026-05-22T06:03:00.000+07:00,"29450.9,29460.1,29450.4,29459.1"
2026-05-22T06:04:00.000+07:00,"29458.6,29460.7,29456.6,29457.7"
2026-05-22T06:05:00.000+07:00,"29457.6,29457.7,29454.2,29454.5"
2026-05-22T06:06:00.000+07:00,"29454.4,29459.4,29454.2,29459.4"
2026-05-22T06:07:00.000+07:00,"29459.2,29459.2,29456.8,29458.1"
2026-05-22T06:08:00.000+07:00,"29458.2,29458.4,29455,29456.1"
2026-05-22T06:09:00.000+07:00,"29455.7,29456.4,29453.8,29454.5"
2026-05-22T06:10:00.000+07:00,"29454.9,29455.4,29451,29453.8"
2026-05-22T06:11:00.000+07:00,"29453.3,29455.9,29453,29454.1"
2026-05-22T06:12:00.000+07:00,"29452.6,29454,29451.7,29452.4"
2026-05-22T06:13:00.000+07:00,"29452.5,29460.5,29452.2,29458.6"
2026-05-22T06:14:00.000+07:00,"29458.5,29465.9,29458.3,29458.3"
2026-05-22T06:15:00.000+07:00,"29458.8,29463.2,29455.6,29460.2"
2026-05-22T06:16:00.000+07:00,"29460.3,29461.6,29455.6,29456.8"
2026-05-22T06:17:00.000+07:00,"29456.6,29457.2,29453.3,29455.9"
2026-05-22T06:18:00.000+07:00,"29455.7,29456.5,29454.2,29455"
2026-05-22T06:19:00.000+07:00,"29454.7,29455.2,29451.5,29452.6"
2026-05-22T06:20:00.000+07:00,"29452.5,29455.1,29452.4,29453.4"
2026-05-22T06:21:00.000+07:00,"29453.5,29460.2,29451,29459.7"
2026-05-22T06:22:00.000+07:00,"29459.2,29460.3,29457.9,29459.6"
2026-05-22T06:23:00.000+07:00,"29459.5,29459.6,29455.2,29455.5"
2026-05-22T06:24:00.000+07:00,"29455.6,29456.7,29454.9,29456.1"
2026-05-22T06:25:00.000+07:00,"29456.2,29458,29455.3,29456"
2026-05-22T06:26:00.000+07:00,"29456.1,29459.4,29456.1,29459.3"
2026-05-22T06:27:00.000+07:00,"29459.4,29461,29454.8,29454.8"
2026-05-22T06:28:00.000+07:00,"29454.9,29455.1,29452.7,29454.6"
2026-05-22T06:29:00.000+07:00,"29454.7,29454.8,29452.5,29453.4"
2026-05-22T06:30:00.000+07:00,"29453.5,29454.9,29452.8,29454.6"
2026-05-22T06:31:00.000+07:00,"29454.8,29456,29451.1,29454.3"
2026-05-22T06:32:00.000+07:00,"29454.1,29454.1,29451.7,29452.2"
2026-05-22T06:33:00.000+07:00,"29452.1,29454.7,29451.9,29452.4"
2026-05-22T06:34:00.000+07:00,"29453,29455.3,29450.5,29455"
2026-05-22T06:35:00.000+07:00,"29454.6,29454.9,29451.7,29451.9"
2026-05-22T06:36:00.000+07:00,"29451.8,29453,29450.7,29452.1"
2026-05-22T06:37:00.000+07:00,"29452.5,29453.5,29449.7,29449.8"
2026-05-22T06:38:00.000+07:00,"29450.2,29451.5,29450.2,29451.2"
2026-05-22T06:39:00.000+07:00,"29451.5,29454.2,29450.1,29454"
2026-05-22T06:40:00.000+07:00,"29453.6,29457.7,29452.5,29457.6"
2026-05-22T06:41:00.000+07:00,"29457.7,29462.4,29455.7,29461"
2026-05-22T06:42:00.000+07:00,"29461.6,29468.3,29459.6,29467.3"
2026-05-22T06:43:00.000+07:00,"29467.2,29467.9,29463.2,29463.2"
2026-05-22T06:44:00.000+07:00,"29463.4,29463.4,29456.3,29457.4"
2026-05-22T06:45:00.000+07:00,"29457.1,29464.1,29455.6,29463.3"
2026-05-22T06:46:00.000+07:00,"29463.2,29466.8,29462.6,29465.7"
2026-05-22T06:47:00.000+07:00,"29465.8,29466,29462,29462.8"
2026-05-22T06:48:00.000+07:00,"29462.9,29463.7,29460.9,29462.4"
2026-05-22T06:49:00.000+07:00,"29463.9,29468.6,29463.6,29467.2"
2026-05-22T06:50:00.000+07:00,"29467.8,29476.4,29467.8,29474.7"
2026-05-22T06:51:00.000+07:00,"29475.4,29486.6,29474.7,29481.7"
2026-05-22T06:52:00.000+07:00,"29481.5,29483,29478.1,29479.4"
2026-05-22T06:53:00.000+07:00,"29479.9,29480.7,29476.8,29476.9"
2026-05-22T06:54:00.000+07:00,"29476.7,29477.5,29464.5,29465.9"
2026-05-22T06:55:00.000+07:00,"29466,29474.9,29461.4,29465.6"
2026-05-22T06:56:00.000+07:00,"29465,29469.6,29462.2,29469.4"
2026-05-22T06:57:00.000+07:00,"29469.6,29469.6,29463.8,29465.3"
2026-05-22T06:58:00.000+07:00,"29465.6,29466.6,29461.3,29462.2"
2026-05-22T06:59:00.000+07:00,"29461.9,29466.6,29461.9,29466.1"
2026-05-22T07:00:00.000+07:00,"29466.7,29473.8,29450,29454.6"
2026-05-22T07:01:00.000+07:00,"29454.8,29463.6,29451.2,29459.3"
2026-05-22T07:02:00.000+07:00,"29459.6,29493.4,29457.5,29477.1"
2026-05-22T07:03:00.000+07:00,"29476.2,29480.9,29452.3,29457.6"
2026-05-22T07:04:00.000+07:00,"29457.7,29468.2,29457.1,29462"
2026-05-22T07:05:00.000+07:00,"29461.5,29485.1,29461.5,29485.1"
2026-05-22T07:06:00.000+07:00,"29484.4,29489.4,29476.8,29488.8"
2026-05-22T07:07:00.000+07:00,"29489,29489,29479.7,29483.1"
2026-05-22T07:08:00.000+07:00,"29483.8,29491.3,29481.2,29486.3"
2026-05-22T07:09:00.000+07:00,"29485.9,29488.8,29477.7,29479.6"
2026-05-22T07:10:00.000+07:00,"29479.7,29486.1,29473.9,29483.8"
2026-05-22T07:11:00.000+07:00,"29483.9,29490.3,29476.7,29478.5"
2026-05-22T07:12:00.000+07:00,"29478.4,29486.4,29476.3,29477.8"
2026-05-22T07:13:00.000+07:00,"29479.3,29479.3,29471.2,29471.5"
2026-05-22T07:14:00.000+07:00,"29470.9,29473.9,29470,29470"
2026-05-22T07:15:00.000+07:00,"29470.2,29478.6,29468.5,29473.9"
2026-05-22T07:16:00.000+07:00,"29473.8,29484.8,29468.6,29481.9"
2026-05-22T07:17:00.000+07:00,"29482.3,29491.3,29481.1,29485.3"
2026-05-22T07:18:00.000+07:00,"29484.8,29488.8,29481.4,29483.9"
2026-05-22T07:19:00.000+07:00,"29484.4,29488.1,29481.3,29486.2"
2026-05-22T07:20:00.000+07:00,"29486.3,29492,29484.8,29488.9"
2026-05-22T07:21:00.000+07:00,"29488.4,29515,29486.2,29514.6"
2026-05-22T07:22:00.000+07:00,"29514.9,29514.9,29474.8,29475.4"
2026-05-22T07:23:00.000+07:00,"29475.5,29482.5,29474.8,29480.2"
2026-05-22T07:24:00.000+07:00,"29480.1,29481.2,29475.3,29478.2"
2026-05-22T07:25:00.000+07:00,"29478.4,29478.4,29471.1,29472.1"
2026-05-22T07:26:00.000+07:00,"29471.5,29479,29464,29473.2"
2026-05-22T07:27:00.000+07:00,"29472.8,29486.5,29472.8,29482.6"
2026-05-22T07:28:00.000+07:00,"29482.8,29490.9,29480.3,29487.3"
2026-05-22T07:29:00.000+07:00,"29487.9,29494.5,29486.9,29491.6"
2026-05-22T07:30:00.000+07:00,"29491.8,29501.3,29491.8,29497.5"
2026-05-22T07:31:00.000+07:00,"29497.7,29503.3,29495.5,29503.3"
2026-05-22T07:32:00.000+07:00,"29501.2,29522.7,29500.9,29518.4"
2026-05-22T07:33:00.000+07:00,"29516.2,29518.9,29509.3,29510.2"
2026-05-22T07:34:00.000+07:00,"29510.3,29513.3,29501.5,29503.2"
2026-05-22T07:35:00.000+07:00,"29503.5,29520.3,29500.8,29519.6"
2026-05-22T07:36:00.000+07:00,"29521.5,29524,29507.1,29508.6"
2026-05-22T07:37:00.000+07:00,"29507.8,29514.2,29507,29513"
2026-05-22T07:38:00.000+07:00,"29512.6,29515.8,29507.1,29512.2"
2026-05-22T07:39:00.000+07:00,"29512.3,29514,29504,29506.5"
2026-05-22T07:40:00.000+07:00,"29506.2,29510,29504,29505.6"
2026-05-22T07:41:00.000+07:00,"29505.8,29505.9,29497.4,29498.3"
2026-05-22T07:42:00.000+07:00,"29498.2,29498.6,29494,29495.9"
2026-05-22T07:43:00.000+07:00,"29496.1,29502.4,29496.1,29499.9"
2026-05-22T07:44:00.000+07:00,"29500.3,29502.4,29495.8,29496.6"
2026-05-22T07:45:00.000+07:00,"29496.4,29507.8,29496.4,29504.2"
2026-05-22T07:46:00.000+07:00,"29503.6,29510.8,29503.6,29510.4"
2026-05-22T07:47:00.000+07:00,"29509.9,29511.6,29502.2,29503"
2026-05-22T07:48:00.000+07:00,"29502.8,29504.2,29500.3,29501.9"
2026-05-22T07:49:00.000+07:00,"29501.1,29503.4,29497.2,29497.2"
2026-05-22T07:50:00.000+07:00,"29498.5,29501.6,29495.7,29497.6"
2026-05-22T07:51:00.000+07:00,"29496,29500.4,29493.7,29500.3"
2026-05-22T07:52:00.000+07:00,"29500.4,29503.3,29494.9,29495.4"
2026-05-22T07:53:00.000+07:00,"29494.9,29497.8,29489.3,29491.1"
2026-05-22T07:54:00.000+07:00,"29490.9,29494.9,29488.4,29492.3"
2026-05-22T07:55:00.000+07:00,"29492.2,29497.3,29492.2,29495.3"
2026-05-22T07:56:00.000+07:00,"29495,29501.9,29494.8,29500.4"
2026-05-22T07:57:00.000+07:00,"29500.5,29502.7,29495.5,29496.6"
2026-05-22T07:58:00.000+07:00,"29496.4,29497.6,29493.8,29493.8"
2026-05-22T07:59:00.000+07:00,"29493.7,29495,29485.8,29485.9"
2026-05-22T08:00:00.000+07:00,"29485.6,29488.2,29474.9,29476.7"
2026-05-22T08:01:00.000+07:00,"29477.3,29480.4,29474.5,29477.5"
2026-05-22T08:02:00.000+07:00,"29478.4,29478.4,29458,29461.1"
2026-05-22T08:03:00.000+07:00,"29461.2,29475.8,29461.2,29468.5"
2026-05-22T08:04:00.000+07:00,"29468.6,29478.6,29468.1,29477.5"
2026-05-22T08:05:00.000+07:00,"29477.6,29477.9,29467.1,29469.6"
2026-05-22T08:06:00.000+07:00,"29469.8,29473.1,29466.2,29470.9"
2026-05-22T08:07:00.000+07:00,"29471.5,29478.4,29465.8,29468.6"
2026-05-22T08:08:00.000+07:00,"29468.1,29473,29467.2,29471.9"
2026-05-22T08:09:00.000+07:00,"29472,29473.9,29468,29472.2"
2026-05-22T08:10:00.000+07:00,"29473.7,29480,29471.6,29477.3"
2026-05-22T08:11:00.000+07:00,"29478.5,29484.4,29474.7,29476.9"
2026-05-22T08:12:00.000+07:00,"29478.4,29483.6,29477.1,29480.1"
2026-05-22T08:13:00.000+07:00,"29480.8,29485.4,29479,29482.2"
2026-05-22T08:14:00.000+07:00,"29482.5,29500.7,29481.8,29495.1"
2026-05-22T08:15:00.000+07:00,"29495,29497.6,29491.1,29492.9"
2026-05-22T08:16:00.000+07:00,"29493,29493.9,29488.4,29489.7"
2026-05-22T08:17:00.000+07:00,"29489.6,29493.1,29487.2,29490.5"
2026-05-22T08:18:00.000+07:00,"29491,29491.9,29484.6,29490.8"
2026-05-22T08:19:00.000+07:00,"29490.9,29493.2,29485.8,29491.5"
2026-05-22T08:20:00.000+07:00,"29491.4,29494.1,29486.6,29491.7"
2026-05-22T08:21:00.000+07:00,"29491.6,29492.6,29485.7,29488.2"
2026-05-22T08:22:00.000+07:00,"29488.3,29492.9,29479.9,29481.7"
2026-05-22T08:23:00.000+07:00,"29481.2,29483.1,29474.3,29475"
2026-05-22T08:24:00.000+07:00,"29475.5,29475.9,29463.8,29465.8"
2026-05-22T08:25:00.000+07:00,"29465.9,29470,29464.8,29466.6"
2026-05-22T08:26:00.000+07:00,"29467,29477.2,29467,29476.6"
2026-05-22T08:27:00.000+07:00,"29475.5,29476.1,29467.2,29467.2"
2026-05-22T08:28:00.000+07:00,"29467.9,29470.1,29463.1,29469.6"
2026-05-22T08:29:00.000+07:00,"29470.1,29471.4,29465.2,29467.6"
2026-05-22T08:30:00.000+07:00,"29467,29472.2,29464.2,29472.2"
2026-05-22T08:31:00.000+07:00,"29471.9,29471.9,29465.1,29466"
2026-05-22T08:32:00.000+07:00,"29466.2,29468,29456.8,29457.3"
2026-05-22T08:33:00.000+07:00,"29457.5,29458.3,29442.7,29446.8"
2026-05-22T08:34:00.000+07:00,"29446.7,29450.3,29444.5,29445.8"
2026-05-22T08:35:00.000+07:00,"29444.8,29445.8,29433.7,29438.2"
2026-05-22T08:36:00.000+07:00,"29439,29440.2,29433.5,29436.6"
2026-05-22T08:37:00.000+07:00,"29435.1,29440.7,29434.5,29437.9"
2026-05-22T08:38:00.000+07:00,"29438.6,29443.1,29437.3,29443"
2026-05-22T08:39:00.000+07:00,"29441.7,29442.1,29434.8,29435.8"
2026-05-22T08:40:00.000+07:00,"29436.3,29437.5,29416.7,29417.6"
2026-05-22T08:41:00.000+07:00,"29418.7,29438.7,29415.8,29435.6"
2026-05-22T08:42:00.000+07:00,"29436,29438.1,29432.8,29438.1"
2026-05-22T08:43:00.000+07:00,"29437.8,29448.7,29437.8,29446.7"
2026-05-22T08:44:00.000+07:00,"29447.6,29448.3,29443.6,29445.8"
2026-05-22T08:45:00.000+07:00,"29445.6,29452.9,29445.4,29450.8"
2026-05-22T08:46:00.000+07:00,"29451.3,29457.8,29449.9,29455.6"
2026-05-22T08:47:00.000+07:00,"29455.3,29461.1,29454.5,29458.6"
2026-05-22T08:48:00.000+07:00,"29459,29462.7,29455.5,29462.5"
2026-05-22T08:49:00.000+07:00,"29462,29466.4,29457.7,29465.2"
2026-05-22T08:50:00.000+07:00,"29465.7,29475.2,29465.7,29470.2"
2026-05-22T08:51:00.000+07:00,"29470.8,29471.8,29465.8,29467.6"
2026-05-22T08:52:00.000+07:00,"29467.5,29468.5,29461,29463.8"
2026-05-22T08:53:00.000+07:00,"29463.6,29469.8,29463.6,29468.8"
2026-05-22T08:54:00.000+07:00,"29469,29470.5,29462.3,29463"
2026-05-22T08:55:00.000+07:00,"29462.8,29463.9,29455.4,29456.7"
2026-05-22T08:56:00.000+07:00,"29457.4,29459.1,29446.4,29449.9"
2026-05-22T08:57:00.000+07:00,"29450.9,29456.2,29449.3,29450.8"
2026-05-22T08:58:00.000+07:00,"29449.9,29450.1,29444.1,29446.5"
2026-05-22T08:59:00.000+07:00,"29446.2,29450.8,29443.9,29450.3"
2026-05-22T09:00:00.000+07:00,"29449.9,29450.9,29442.3,29446.4"
2026-05-22T09:01:00.000+07:00,"29446.3,29454.3,29446.3,29451.1"
2026-05-22T09:02:00.000+07:00,"29451.3,29453.5,29448.9,29450.3"
2026-05-22T09:03:00.000+07:00,"29450.4,29458.7,29449.9,29456.5"
2026-05-22T09:04:00.000+07:00,"29457,29465,29455.8,29463.2"
2026-05-22T09:05:00.000+07:00,"29462.8,29463.1,29454.4,29455.8"
2026-05-22T09:06:00.000+07:00,"29455.7,29458,29445.5,29449.3"
2026-05-22T09:07:00.000+07:00,"29448.5,29451.2,29445.7,29446.3"
2026-05-22T09:08:00.000+07:00,"29446.2,29453.3,29445.5,29448.1"
2026-05-22T09:09:00.000+07:00,"29447.7,29448.5,29444.9,29446.6"
2026-05-22T09:10:00.000+07:00,"29445.8,29446.3,29436.3,29441.8"
2026-05-22T09:11:00.000+07:00,"29441.6,29442,29437.1,29438.5"
2026-05-22T09:12:00.000+07:00,"29437.7,29449.5,29437.4,29448.7"
2026-05-22T09:13:00.000+07:00,"29448.6,29456.8,29447.9,29454.5"
2026-05-22T09:14:00.000+07:00,"29454.6,29458.8,29452.9,29454.5"
2026-05-22T09:15:00.000+07:00,"29454.7,29459.6,29454.7,29457.5"
2026-05-22T09:16:00.000+07:00,"29457.4,29457.7,29450.2,29454.7"
2026-05-22T09:17:00.000+07:00,"29454.9,29461.4,29452.3,29456.6"
2026-05-22T09:18:00.000+07:00,"29456.7,29460.4,29455.7,29457.6"
2026-05-22T09:19:00.000+07:00,"29457.4,29458.4,29455.5,29458.4"
2026-05-22T09:20:00.000+07:00,"29459.1,29463.5,29457.6,29462.7"
2026-05-22T09:21:00.000+07:00,"29463.2,29463.2,29454.4,29454.4"
2026-05-22T09:22:00.000+07:00,"29455.1,29455.6,29447.2,29451.2"
2026-05-22T09:23:00.000+07:00,"29451.4,29454.2,29449.6,29449.7"
2026-05-22T09:24:00.000+07:00,"29449.8,29450.3,29440.1,29443.2"
2026-05-22T09:25:00.000+07:00,"29443.8,29443.8,29431.3,29431.4"
2026-05-22T09:26:00.000+07:00,"29431.3,29437.1,29430.1,29437.1"
2026-05-22T09:27:00.000+07:00,"29436.8,29438.4,29432.1,29438.4"
2026-05-22T09:28:00.000+07:00,"29438.1,29438.1,29429.3,29432.7"
2026-05-22T09:29:00.000+07:00,"29432.8,29436.8,29432.8,29432.8"
2026-05-22T09:30:00.000+07:00,"29432.3,29436.6,29430.1,29435.9"
2026-05-22T09:31:00.000+07:00,"29436,29438.4,29433,29437.3"
2026-05-22T09:32:00.000+07:00,"29437.7,29449.8,29437.6,29446.1"
2026-05-22T09:33:00.000+07:00,"29446.5,29447.2,29440.7,29441.7"
2026-05-22T09:34:00.000+07:00,"29441.6,29447,29441.3,29443.5"
2026-05-22T09:35:00.000+07:00,"29443.8,29449.9,29440.3,29440.8"
2026-05-22T09:36:00.000+07:00,"29441.1,29447.3,29438.3,29447.3"
2026-05-22T09:37:00.000+07:00,"29446.7,29451.3,29445.7,29446.1"
2026-05-22T09:38:00.000+07:00,"29446,29448.7,29443.6,29447"
2026-05-22T09:39:00.000+07:00,"29446.4,29448.6,29445.3,29447.3"
2026-05-22T09:40:00.000+07:00,"29447.2,29449,29445.8,29448"
2026-05-22T09:41:00.000+07:00,"29448.1,29455.3,29447.9,29454.9"
2026-05-22T09:42:00.000+07:00,"29456.4,29460.3,29456.2,29457.7"
2026-05-22T09:43:00.000+07:00,"29457.6,29469.9,29455.7,29463.4"
2026-05-22T09:44:00.000+07:00,"29463.1,29464.7,29458.5,29459.7"
2026-05-22T09:45:00.000+07:00,"29459.6,29463.9,29458.7,29463"
2026-05-22T09:46:00.000+07:00,"29462.8,29464.6,29456.3,29463.6"
2026-05-22T09:47:00.000+07:00,"29463.9,29465.9,29462.7,29464.8"
2026-05-22T09:48:00.000+07:00,"29464.3,29464.3,29460.4,29461.8"
2026-05-22T09:49:00.000+07:00,"29462.2,29463.3,29460.9,29462.1"
2026-05-22T09:50:00.000+07:00,"29463.1,29469,29462,29468.8"
2026-05-22T09:51:00.000+07:00,"29468.7,29476.3,29468.2,29471.9"
2026-05-22T09:52:00.000+07:00,"29472.5,29473.7,29464.1,29465.8"
2026-05-22T09:53:00.000+07:00,"29465.9,29465.9,29460.5,29462.3"
2026-05-22T09:54:00.000+07:00,"29462.5,29462.7,29456.1,29458.4"
2026-05-22T09:55:00.000+07:00,"29458.5,29459.6,29456.1,29459.2"
2026-05-22T09:56:00.000+07:00,"29459,29459.5,29456.2,29458.8"
2026-05-22T09:57:00.000+07:00,"29458.9,29462.9,29458.2,29461.4"
2026-05-22T09:58:00.000+07:00,"29461.6,29469.2,29460.4,29468.9"
2026-05-22T09:59:00.000+07:00,"29468.6,29473.6,29468.2,29471.3"
2026-05-22T10:00:00.000+07:00,"29470.3,29475.5,29470.3,29473.6"
2026-05-22T10:01:00.000+07:00,"29473.4,29474.6,29467.8,29469.6"
2026-05-22T10:02:00.000+07:00,"29469.1,29471.3,29465.8,29466.4"
2026-05-22T10:03:00.000+07:00,"29465.5,29471.4,29465.5,29468.1"
2026-05-22T10:04:00.000+07:00,"29469.9,29472.5,29467.6,29471.9"
2026-05-22T10:05:00.000+07:00,"29472.1,29472.7,29463.8,29465.1"
2026-05-22T10:06:00.000+07:00,"29464.7,29464.7,29452.7,29459.5"
2026-05-22T10:07:00.000+07:00,"29459.8,29460.3,29456.5,29457.1"
2026-05-22T10:08:00.000+07:00,"29457.2,29457.8,29450.3,29453.1"
2026-05-22T10:09:00.000+07:00,"29452.9,29453.2,29449.7,29450.6"
2026-05-22T10:10:00.000+07:00,"29450.7,29455,29449.6,29454.1"
2026-05-22T10:11:00.000+07:00,"29453.9,29461.1,29450.1,29459.2"
2026-05-22T10:12:00.000+07:00,"29459,29459.3,29455.7,29456.6"
2026-05-22T10:13:00.000+07:00,"29456.7,29457.9,29453.1,29454"
2026-05-22T10:14:00.000+07:00,"29453.7,29458.8,29453.3,29458"
2026-05-22T10:15:00.000+07:00,"29457.8,29466.2,29453.6,29464.5"
2026-05-22T10:16:00.000+07:00,"29464.7,29467.3,29461.6,29463.1"
2026-05-22T10:17:00.000+07:00,"29463.2,29466.8,29460.6,29464.8"
2026-05-22T10:18:00.000+07:00,"29465,29467.1,29452.5,29452.6"
2026-05-22T10:19:00.000+07:00,"29452.8,29457.6,29452.8,29455.3"
2026-05-22T10:20:00.000+07:00,"29455.4,29458.4,29452.8,29454.8"
2026-05-22T10:21:00.000+07:00,"29454.5,29456.5,29451.6,29453"
2026-05-22T10:22:00.000+07:00,"29452.5,29460.9,29452.5,29460.2"
2026-05-22T10:23:00.000+07:00,"29460.1,29461.5,29456.4,29456.6"
2026-05-22T10:24:00.000+07:00,"29456.7,29457.5,29451.5,29455.5"
2026-05-22T10:25:00.000+07:00,"29454.9,29457.9,29454.5,29457.8"
2026-05-22T10:26:00.000+07:00,"29457.9,29461.3,29456.5,29460.4"
2026-05-22T10:27:00.000+07:00,"29460.5,29467.4,29460.3,29466"
2026-05-22T10:28:00.000+07:00,"29465.5,29468.8,29465,29465.9"
2026-05-22T10:29:00.000+07:00,"29465.8,29466.5,29462.7,29465.1"
2026-05-22T10:30:00.000+07:00,"29465.9,29475.7,29465.9,29471.3"
2026-05-22T10:31:00.000+07:00,"29471.2,29476,29470.8,29474.9"
2026-05-22T10:32:00.000+07:00,"29474.8,29475.7,29469.6,29470.2"
2026-05-22T10:33:00.000+07:00,"29470.1,29480,29470.1,29480"
2026-05-22T10:34:00.000+07:00,"29479.8,29483.8,29478.4,29482.7"
2026-05-22T10:35:00.000+07:00,"29483.3,29484.9,29479.8,29480.5"
2026-05-22T10:36:00.000+07:00,"29481,29481.8,29477.9,29478.4"
2026-05-22T10:37:00.000+07:00,"29478.6,29485.1,29478.6,29482.9"
2026-05-22T10:38:00.000+07:00,"29482.8,29483.6,29478.5,29479.4"
2026-05-22T10:39:00.000+07:00,"29479.8,29482.2,29479.7,29480.2"
2026-05-22T10:40:00.000+07:00,"29480.6,29483.4,29480.2,29480.4"
2026-05-22T10:41:00.000+07:00,"29479.6,29482,29479.6,29481.2"
2026-05-22T10:42:00.000+07:00,"29480.8,29485.4,29480.4,29483.4"
2026-05-22T10:43:00.000+07:00,"29483.6,29485.5,29479.9,29484.6"
2026-05-22T10:44:00.000+07:00,"29484.8,29486.5,29482.7,29485.8"
2026-05-22T10:45:00.000+07:00,"29485.6,29488.1,29483.6,29483.8"
2026-05-22T10:46:00.000+07:00,"29483.5,29484.8,29480.8,29482.8"
2026-05-22T10:47:00.000+07:00,"29483.1,29486.8,29482.4,29484.1"
2026-05-22T10:48:00.000+07:00,"29484.2,29484.7,29481,29481"
2026-05-22T10:49:00.000+07:00,"29480.9,29484.5,29480.7,29484.1"
2026-05-22T10:50:00.000+07:00,"29484.4,29489.9,29484.4,29485.3"
2026-05-22T10:51:00.000+07:00,"29485.4,29485.7,29482.2,29484.6"
2026-05-22T10:52:00.000+07:00,"29484.4,29487.5,29483.3,29485.9"
2026-05-22T10:53:00.000+07:00,"29486,29489.3,29485.5,29488.5"
2026-05-22T10:54:00.000+07:00,"29488.7,29494.1,29488.3,29491.7"
2026-05-22T10:55:00.000+07:00,"29491.6,29493,29484.7,29486.8"
2026-05-22T10:56:00.000+07:00,"29486.6,29492.5,29485.8,29492.2"
2026-05-22T10:57:00.000+07:00,"29491.9,29492.9,29486.9,29492.8"
2026-05-22T10:58:00.000+07:00,"29492.9,29493.4,29490,29490.1"
2026-05-22T10:59:00.000+07:00,"29489.5,29492.4,29488.3,29492.3"
2026-05-22T11:00:00.000+07:00,"29492.2,29499.8,29492.2,29499"
2026-05-22T11:01:00.000+07:00,"29498.9,29500.4,29496.5,29499"
2026-05-22T11:02:00.000+07:00,"29499.3,29503,29499,29501.7"
2026-05-22T11:03:00.000+07:00,"29501.5,29502.6,29498.4,29499.2"
2026-05-22T11:04:00.000+07:00,"29499.6,29504.7,29498.2,29504.7"
2026-05-22T11:05:00.000+07:00,"29504.6,29510.6,29502.6,29510.4"
2026-05-22T11:06:00.000+07:00,"29510.1,29513.6,29508.3,29510.4"
2026-05-22T11:07:00.000+07:00,"29510.5,29514.8,29509.1,29509.4"
2026-05-22T11:08:00.000+07:00,"29509.6,29511.1,29506.8,29509.4"
2026-05-22T11:09:00.000+07:00,"29509.9,29510.4,29503.2,29504.9"
2026-05-22T11:10:00.000+07:00,"29505.1,29506.7,29500.5,29503.9"
2026-05-22T11:11:00.000+07:00,"29503.8,29504.3,29496.6,29498.9"
2026-05-22T11:12:00.000+07:00,"29498.8,29503.1,29498.1,29503"
2026-05-22T11:13:00.000+07:00,"29502.8,29507.3,29502.2,29506.7"
2026-05-22T11:14:00.000+07:00,"29506.8,29507,29504.5,29504.8"
2026-05-22T11:15:00.000+07:00,"29505.1,29505.6,29498.9,29500.3"
2026-05-22T11:16:00.000+07:00,"29500.4,29501.7,29497.5,29501.2"
2026-05-22T11:17:00.000+07:00,"29501.9,29504.2,29501,29502.6"
2026-05-22T11:18:00.000+07:00,"29502.7,29506.8,29501.7,29505.2"
2026-05-22T11:19:00.000+07:00,"29505,29505,29499.9,29500.8"
2026-05-22T11:20:00.000+07:00,"29501.1,29508.5,29498.1,29508.5"
2026-05-22T11:21:00.000+07:00,"29508.4,29512.7,29506.4,29512"
2026-05-22T11:22:00.000+07:00,"29511.8,29512.6,29508.6,29509.1"
2026-05-22T11:23:00.000+07:00,"29508.2,29509.3,29504.7,29506.1"
2026-05-22T11:24:00.000+07:00,"29506.5,29507.6,29504.9,29505.3"
2026-05-22T11:25:00.000+07:00,"29505.1,29508.8,29505.1,29508.8"
2026-05-22T11:26:00.000+07:00,"29508.7,29508.7,29505.6,29506.4"
2026-05-22T11:27:00.000+07:00,"29506,29507.4,29504.2,29507.3"
2026-05-22T11:28:00.000+07:00,"29507.2,29510,29506,29510"
2026-05-22T11:29:00.000+07:00,"29509.5,29511.4,29508.9,29509.7"
2026-05-22T11:30:00.000+07:00,"29509.8,29510.2,29496.9,29497.9"
2026-05-22T11:31:00.000+07:00,"29498.1,29500.2,29496.3,29498.5"
2026-05-22T11:32:00.000+07:00,"29498.7,29499.8,29496.5,29498.2"
2026-05-22T11:33:00.000+07:00,"29498.4,29503.9,29497.8,29497.8"
2026-05-22T11:34:00.000+07:00,"29498,29503.3,29497.6,29498.3"
2026-05-22T11:35:00.000+07:00,"29497.8,29497.8,29490.3,29491.1"
2026-05-22T11:36:00.000+07:00,"29491,29493.9,29485.9,29488.8"
2026-05-22T11:37:00.000+07:00,"29489,29496.9,29488.7,29494.8"
2026-05-22T11:38:00.000+07:00,"29494.9,29498.3,29494.3,29498.1"
2026-05-22T11:39:00.000+07:00,"29498,29498.1,29493.3,29494.2"
2026-05-22T11:40:00.000+07:00,"29493.8,29502.7,29493.1,29497.8"
2026-05-22T11:41:00.000+07:00,"29497.7,29499.4,29494.4,29495"
2026-05-22T11:42:00.000+07:00,"29494.9,29495.5,29487.4,29487.4"
2026-05-22T11:43:00.000+07:00,"29487.5,29494.3,29486.3,29494.3"
2026-05-22T11:44:00.000+07:00,"29493.9,29495.3,29490.8,29492"
2026-05-22T11:45:00.000+07:00,"29491.7,29497.6,29491.6,29496.7"
2026-05-22T11:46:00.000+07:00,"29496.5,29497.5,29494.3,29496.5"
2026-05-22T11:47:00.000+07:00,"29496.4,29501.2,29495.8,29498.5"
2026-05-22T11:48:00.000+07:00,"29498.4,29501.3,29497.8,29499"
2026-05-22T11:49:00.000+07:00,"29498.8,29501.7,29498.2,29500.4"
2026-05-22T11:50:00.000+07:00,"29500.5,29506.3,29499.7,29505.7"
2026-05-22T11:51:00.000+07:00,"29505.8,29507.3,29502.1,29502.1"
2026-05-22T11:52:00.000+07:00,"29502.3,29512,29502.3,29511.6"
2026-05-22T11:53:00.000+07:00,"29511.3,29518.3,29510.6,29516"
2026-05-22T11:54:00.000+07:00,"29516.1,29516.2,29505.4,29506.8"
2026-05-22T11:55:00.000+07:00,"29506.9,29510.8,29504.8,29510.5"
2026-05-22T11:56:00.000+07:00,"29510.4,29511.9,29508.6,29510.1"
2026-05-22T11:57:00.000+07:00,"29510,29514.8,29509.1,29513.3"
2026-05-22T11:58:00.000+07:00,"29513.1,29513.3,29509.9,29510.7"
2026-05-22T11:59:00.000+07:00,"29510.8,29514.5,29510.8,29512.8"
2026-05-22T12:00:00.000+07:00,"29513.1,29521.9,29511.3,29520.8"
2026-05-22T12:01:00.000+07:00,"29520.4,29522.2,29515.8,29518.5"
2026-05-22T12:02:00.000+07:00,"29518.4,29519.8,29513.7,29514.5"
2026-05-22T12:03:00.000+07:00,"29514.4,29518.5,29510.2,29511.9"
2026-05-22T12:04:00.000+07:00,"29511.8,29518.1,29511.3,29514.4"
2026-05-22T12:05:00.000+07:00,"29514.5,29519.8,29514.5,29518.3"
2026-05-22T12:06:00.000+07:00,"29519.1,29523.1,29518.6,29521.3"
2026-05-22T12:07:00.000+07:00,"29521.2,29522.1,29517.7,29521.1"
2026-05-22T12:08:00.000+07:00,"29520.9,29522.3,29518.8,29519.1"
2026-05-22T12:09:00.000+07:00,"29518.1,29522.3,29516.4,29520.9"
2026-05-22T12:10:00.000+07:00,"29521.1,29526.6,29518.6,29521.6"
2026-05-22T12:11:00.000+07:00,"29521.8,29523.5,29517,29517"
2026-05-22T12:12:00.000+07:00,"29517.2,29517.2,29512.6,29513.7"
2026-05-22T12:13:00.000+07:00,"29514.1,29522.1,29514.1,29518.4"
2026-05-22T12:14:00.000+07:00,"29518.7,29519,29513.8,29515.9"
2026-05-22T12:15:00.000+07:00,"29516,29520,29515,29520"
2026-05-22T12:16:00.000+07:00,"29520.3,29520.3,29513.6,29516.5"
2026-05-22T12:17:00.000+07:00,"29516.2,29520.5,29515.2,29519"
2026-05-22T12:18:00.000+07:00,"29519.1,29520.5,29515.7,29517.8"
2026-05-22T12:19:00.000+07:00,"29517.6,29518.6,29516.1,29517.4"
2026-05-22T12:20:00.000+07:00,"29517.6,29519.7,29513.5,29513.7"
2026-05-22T12:21:00.000+07:00,"29513.2,29522,29513.2,29521.6"
2026-05-22T12:22:00.000+07:00,"29521.4,29521.6,29518.2,29518.7"
2026-05-22T12:23:00.000+07:00,"29518.4,29519.4,29505.8,29507"
2026-05-22T12:24:00.000+07:00,"29506.4,29506.4,29499.6,29500.6"
2026-05-22T12:25:00.000+07:00,"29500.7,29501.6,29497.4,29500.2"
2026-05-22T12:26:00.000+07:00,"29499.7,29504,29498.2,29503.7"
2026-05-22T12:27:00.000+07:00,"29503.8,29504.7,29497.6,29501.7"
2026-05-22T12:28:00.000+07:00,"29504.2,29509.3,29502.6,29508.4"
2026-05-22T12:29:00.000+07:00,"29508.2,29508.8,29504.1,29506.5"
2026-05-22T12:30:00.000+07:00,"29506.7,29513.9,29505.8,29512.1"
2026-05-22T12:31:00.000+07:00,"29510.7,29513.8,29505.4,29505.6"
2026-05-22T12:32:00.000+07:00,"29506.2,29507.9,29500.6,29506.5"
2026-05-22T12:33:00.000+07:00,"29506.2,29506.2,29487.4,29494.2"
2026-05-22T12:34:00.000+07:00,"29496.1,29499.7,29494.8,29495.8"
2026-05-22T12:35:00.000+07:00,"29496.5,29496.5,29493.3,29495.3"
2026-05-22T12:36:00.000+07:00,"29495.6,29499.1,29491.3,29497.8"
2026-05-22T12:37:00.000+07:00,"29498.3,29502.2,29493.2,29493.6"
2026-05-22T12:38:00.000+07:00,"29493.2,29493.7,29485.4,29485.8"
2026-05-22T12:39:00.000+07:00,"29486.1,29490.2,29484.6,29490.1"
2026-05-22T12:40:00.000+07:00,"29490.3,29496.2,29490.1,29494.5"
2026-05-22T12:41:00.000+07:00,"29494.2,29503.1,29493.5,29502.9"
2026-05-22T12:42:00.000+07:00,"29503.1,29506,29498.1,29501.2"
2026-05-22T12:43:00.000+07:00,"29501.6,29503,29494.9,29496.4"
2026-05-22T12:44:00.000+07:00,"29496.1,29501.1,29496.1,29499.2"
2026-05-22T12:45:00.000+07:00,"29499.1,29506.7,29495.4,29505.8"
2026-05-22T12:46:00.000+07:00,"29504.9,29514.5,29504.9,29509.8"
2026-05-22T12:47:00.000+07:00,"29507.9,29509.1,29500.9,29504.4"
2026-05-22T12:48:00.000+07:00,"29504.5,29504.5,29500.6,29502.3"
2026-05-22T12:49:00.000+07:00,"29501.4,29509.5,29500.4,29507"
2026-05-22T12:50:00.000+07:00,"29507.7,29509.9,29501.4,29509.7"
2026-05-22T12:51:00.000+07:00,"29508.4,29510.7,29507.4,29509"
2026-05-22T12:52:00.000+07:00,"29509.2,29513.1,29508.4,29509.4"
2026-05-22T12:53:00.000+07:00,"29508.9,29509.6,29500.1,29500.1"
2026-05-22T12:54:00.000+07:00,"29500.2,29500.7,29494.6,29500.7"
2026-05-22T12:55:00.000+07:00,"29501,29502,29492.5,29493.5"
2026-05-22T12:56:00.000+07:00,"29492.7,29494.3,29479.8,29482.8"
2026-05-22T12:57:00.000+07:00,"29484.3,29486.5,29473.3,29475.9"
2026-05-22T12:58:00.000+07:00,"29475.5,29477.5,29463.1,29471.6"
2026-05-22T12:59:00.000+07:00,"29472,29477.8,29467.8,29468.5"
2026-05-22T13:00:00.000+07:00,"29467.5,29468.8,29459.4,29466.8"
2026-05-22T13:01:00.000+07:00,"29467,29468.1,29454.5,29465"
2026-05-22T13:02:00.000+07:00,"29470.3,29483.9,29468.5,29480.6"
2026-05-22T13:03:00.000+07:00,"29480.9,29482.3,29476,29476.3"
2026-05-22T13:04:00.000+07:00,"29476.2,29479.2,29468.7,29478.8"
2026-05-22T13:05:00.000+07:00,"29478.2,29486.7,29462.6,29463.1"
2026-05-22T13:06:00.000+07:00,"29462.3,29473.2,29459.4,29470.8"
2026-05-22T13:07:00.000+07:00,"29471.3,29472,29466.2,29470.4"
2026-05-22T13:08:00.000+07:00,"29470.2,29472.9,29467.4,29470.8"
2026-05-22T13:09:00.000+07:00,"29470.6,29472.9,29468.2,29470.5"
2026-05-22T13:10:00.000+07:00,"29470,29475.3,29468,29472.6"
2026-05-22T13:11:00.000+07:00,"29472.8,29474,29468.8,29472"
2026-05-22T13:12:00.000+07:00,"29471.5,29475.1,29468.6,29474.4"
2026-05-22T13:13:00.000+07:00,"29474.3,29480.7,29474.3,29477.9"
2026-05-22T13:14:00.000+07:00,"29478,29483.9,29478,29482.3"
2026-05-22T13:15:00.000+07:00,"29481.8,29491.3,29477.2,29490.7"
2026-05-22T13:16:00.000+07:00,"29490.9,29495.2,29487.8,29488.2"
2026-05-22T13:17:00.000+07:00,"29488.6,29490.3,29479.8,29483.7"
2026-05-22T13:18:00.000+07:00,"29483.6,29483.6,29474.8,29476.6"
2026-05-22T13:19:00.000+07:00,"29476.2,29482,29474.6,29479"
2026-05-22T13:20:00.000+07:00,"29479.4,29484.1,29471,29472.5"
2026-05-22T13:21:00.000+07:00,"29471.9,29477.5,29468,29468.1"
2026-05-22T13:22:00.000+07:00,"29467.8,29473.5,29466.9,29471"
2026-05-22T13:23:00.000+07:00,"29470.1,29475.9,29469.6,29473.7"
2026-05-22T13:24:00.000+07:00,"29473.1,29476.6,29471.5,29472.1"
2026-05-22T13:25:00.000+07:00,"29472.3,29474.3,29467.4,29468.9"
2026-05-22T13:26:00.000+07:00,"29469.3,29476.3,29468.5,29475.4"
2026-05-22T13:27:00.000+07:00,"29475.1,29478.3,29473.3,29475.9"
2026-05-22T13:28:00.000+07:00,"29475.8,29481.7,29475.5,29476.7"
2026-05-22T13:29:00.000+07:00,"29477.5,29485.1,29473.2,29483.5"
2026-05-22T13:30:00.000+07:00,"29484.3,29495.3,29478.9,29479.3"
2026-05-22T13:31:00.000+07:00,"29479.8,29482.9,29475.8,29477.2"
2026-05-22T13:32:00.000+07:00,"29477.9,29483.4,29475.7,29480.5"
2026-05-22T13:33:00.000+07:00,"29483.1,29485.8,29481.7,29483.2"
2026-05-22T13:34:00.000+07:00,"29483.5,29492.3,29483.3,29492.3"
2026-05-22T13:35:00.000+07:00,"29492,29503.3,29491.8,29502.8"
2026-05-22T13:36:00.000+07:00,"29502.6,29506.3,29500.4,29503.8"
2026-05-22T13:37:00.000+07:00,"29504,29509.9,29502.7,29506.7"
2026-05-22T13:38:00.000+07:00,"29506.9,29508.8,29502.6,29508.8"
2026-05-22T13:39:00.000+07:00,"29508.7,29512.9,29507.3,29507.7"
2026-05-22T13:40:00.000+07:00,"29508,29511.5,29507.2,29511.5"
2026-05-22T13:41:00.000+07:00,"29510.4,29511.5,29502.9,29504.2"
2026-05-22T13:42:00.000+07:00,"29504.1,29507.3,29503.1,29506.8"
2026-05-22T13:43:00.000+07:00,"29506.3,29506.3,29500.9,29501.1"
2026-05-22T13:44:00.000+07:00,"29501.2,29511.5,29494.5,29511.1"
2026-05-22T13:45:00.000+07:00,"29511.3,29513.9,29502.2,29503.3"
2026-05-22T13:46:00.000+07:00,"29502.3,29504.7,29500.6,29502"
2026-05-22T13:47:00.000+07:00,"29502.3,29503.3,29495.8,29495.9"
2026-05-22T13:48:00.000+07:00,"29495.5,29509.3,29494.7,29509.1"
2026-05-22T13:49:00.000+07:00,"29509.3,29509.7,29502.4,29505.3"
2026-05-22T13:50:00.000+07:00,"29505.5,29505.8,29502.6,29502.9"
2026-05-22T13:51:00.000+07:00,"29502.1,29504.6,29501.1,29502.6"
2026-05-22T13:52:00.000+07:00,"29502.7,29503.2,29495.7,29496.5"
2026-05-22T13:53:00.000+07:00,"29496.6,29499.4,29494,29497.2"
2026-05-22T13:54:00.000+07:00,"29497,29497,29482.1,29485.3"
2026-05-22T13:55:00.000+07:00,"29485.7,29490.7,29484.9,29490.3"
2026-05-22T13:56:00.000+07:00,"29489.7,29489.7,29480.8,29481.1"
2026-05-22T13:57:00.000+07:00,"29481.4,29485.9,29481.2,29482.3"
2026-05-22T13:58:00.000+07:00,"29482.4,29485.5,29481.4,29483.4"
2026-05-22T13:59:00.000+07:00,"29483.5,29485,29481.3,29483.6"
2026-05-22T14:00:00.000+07:00,"29483.3,29483.3,29467.1,29468.2"
2026-05-22T14:01:00.000+07:00,"29468.7,29469.2,29459.6,29460.7"
2026-05-22T14:02:00.000+07:00,"29460.5,29463.1,29450.8,29454.7"
2026-05-22T14:03:00.000+07:00,"29455.1,29464.3,29454.7,29464"
2026-05-22T14:04:00.000+07:00,"29464.1,29466,29457,29465.8"
2026-05-22T14:05:00.000+07:00,"29466.1,29478.5,29465.8,29468.9"
2026-05-22T14:06:00.000+07:00,"29469,29475.3,29465.8,29473.6"
2026-05-22T14:07:00.000+07:00,"29473.5,29475.1,29463.3,29468.8"
2026-05-22T14:08:00.000+07:00,"29468.5,29470.4,29463,29463.6"
2026-05-22T14:09:00.000+07:00,"29464.3,29471.1,29462.8,29464.2"
2026-05-22T14:10:00.000+07:00,"29464.5,29469.2,29462.2,29465.3"
2026-05-22T14:11:00.000+07:00,"29466.4,29472,29466.3,29471.6"
2026-05-22T14:12:00.000+07:00,"29470.8,29472.5,29462.7,29464.3"
2026-05-22T14:13:00.000+07:00,"29463.8,29466.3,29461.1,29463"
2026-05-22T14:14:00.000+07:00,"29463.4,29475.8,29455.5,29459.2"
2026-05-22T14:15:00.000+07:00,"29459.6,29473,29459.6,29473"
2026-05-22T14:16:00.000+07:00,"29474,29474.7,29465.1,29472.1"
2026-05-22T14:17:00.000+07:00,"29471.6,29482.1,29469.6,29481.9"
2026-05-22T14:18:00.000+07:00,"29478.2,29482,29476.9,29481.8"
2026-05-22T14:19:00.000+07:00,"29482.3,29485.4,29479.1,29484.2"
2026-05-22T14:20:00.000+07:00,"29484.5,29495,29484.1,29490"
2026-05-22T14:21:00.000+07:00,"29489.9,29492.3,29485.4,29488.5"
2026-05-22T14:22:00.000+07:00,"29488.3,29489.8,29484.3,29488.6"
2026-05-22T14:23:00.000+07:00,"29488.9,29497.8,29487.5,29497.8"
2026-05-22T14:24:00.000+07:00,"29498.5,29501.2,29496.9,29498.2"
2026-05-22T14:25:00.000+07:00,"29498.6,29498.9,29490.5,29494.9"
2026-05-22T14:26:00.000+07:00,"29494.5,29497.4,29493.7,29496.8"
2026-05-22T14:27:00.000+07:00,"29497,29500.9,29494.5,29495.7"
2026-05-22T14:28:00.000+07:00,"29493,29494.3,29489.8,29490.6"
2026-05-22T14:29:00.000+07:00,"29491.5,29495.1,29490.7,29495.1"
2026-05-22T14:30:00.000+07:00,"29495.6,29498,29484.5,29486.4"
2026-05-22T14:31:00.000+07:00,"29485.5,29488.2,29469.2,29473.6"
2026-05-22T14:32:00.000+07:00,"29472.9,29476.7,29470.7,29470.7"
2026-05-22T14:33:00.000+07:00,"29470.8,29471.1,29461.1,29465.1"
2026-05-22T14:34:00.000+07:00,"29465.2,29465.2,29459,29461.4"
2026-05-22T14:35:00.000+07:00,"29461.3,29465,29456.6,29461.5"
2026-05-22T14:36:00.000+07:00,"29461.1,29464,29456,29458"
2026-05-22T14:37:00.000+07:00,"29457.4,29469.1,29453.7,29468.6"
2026-05-22T14:38:00.000+07:00,"29469,29475.3,29468.1,29473.7"
2026-05-22T14:39:00.000+07:00,"29473.8,29477.8,29461.4,29462.6"
2026-05-22T14:40:00.000+07:00,"29462.8,29470.2,29460.4,29470"
2026-05-22T14:41:00.000+07:00,"29469.9,29481.7,29469.9,29480.2"
2026-05-22T14:42:00.000+07:00,"29480.3,29483.7,29479.2,29482.5"
2026-05-22T14:43:00.000+07:00,"29484.4,29492.3,29484.4,29487.6"
2026-05-22T14:44:00.000+07:00,"29487.8,29489.9,29482.7,29483"
2026-05-22T14:45:00.000+07:00,"29483.2,29483.8,29476.1,29477.8"
2026-05-22T14:46:00.000+07:00,"29477.9,29487.1,29475.5,29485.8"
2026-05-22T14:47:00.000+07:00,"29486.1,29488.1,29480.3,29486.5"
2026-05-22T14:48:00.000+07:00,"29486.8,29495.4,29486.8,29493.9"
2026-05-22T14:49:00.000+07:00,"29495.1,29496.8,29493.8,29494.9"
2026-05-22T14:50:00.000+07:00,"29495,29496.2,29490.2,29496.1"
2026-05-22T14:51:00.000+07:00,"29496.2,29496.8,29489.1,29490"
2026-05-22T14:52:00.000+07:00,"29489.8,29498.1,29489.8,29495"
2026-05-22T14:53:00.000+07:00,"29495.3,29495.3,29485,29486.6"
2026-05-22T14:54:00.000+07:00,"29486.7,29491.6,29486,29489.6"
2026-05-22T14:55:00.000+07:00,"29489.4,29490.7,29482.4,29490.3"
2026-05-22T14:56:00.000+07:00,"29490.4,29496.7,29490.2,29496.6"
2026-05-22T14:57:00.000+07:00,"29496.8,29499.5,29494.2,29499.5"
2026-05-22T14:58:00.000+07:00,"29499.2,29503.2,29495.3,29498.8"
2026-05-22T14:59:00.000+07:00,"29498.9,29505,29496.3,29503.5"
2026-05-22T15:00:00.000+07:00,"29504.4,29522.4,29504.4,29519.8"
2026-05-22T15:01:00.000+07:00,"29519.3,29523.2,29512.2,29521.9"
2026-05-22T15:02:00.000+07:00,"29522.2,29530,29521.2,29527.9"
2026-05-22T15:03:00.000+07:00,"29527.7,29535.1,29524.5,29534.2"
2026-05-22T15:04:00.000+07:00,"29534.3,29534.9,29527.9,29527.9"
2026-05-22T15:05:00.000+07:00,"29528,29533.3,29523.7,29524.2"
2026-05-22T15:06:00.000+07:00,"29523.7,29523.7,29512,29512.8"
2026-05-22T15:07:00.000+07:00,"29514.1,29517.8,29508.1,29509.3"
2026-05-22T15:08:00.000+07:00,"29508.1,29521.5,29508.1,29517.6"
2026-05-22T15:09:00.000+07:00,"29517.9,29527.1,29514.1,29516.3"
2026-05-22T15:10:00.000+07:00,"29516.6,29521.9,29514.3,29520.2"
2026-05-22T15:11:00.000+07:00,"29520,29526.9,29517.5,29525"
2026-05-22T15:12:00.000+07:00,"29524.2,29528.7,29519.2,29523.2"
2026-05-22T15:13:00.000+07:00,"29523.1,29524,29517.1,29518.6"
2026-05-22T15:14:00.000+07:00,"29519.3,29522,29515.8,29518.7"
2026-05-22T15:15:00.000+07:00,"29518.1,29545.7,29518.1,29540"
2026-05-22T15:16:00.000+07:00,"29541,29548.4,29533.6,29540.8"
2026-05-22T15:17:00.000+07:00,"29541.3,29554,29539.4,29553.7"
2026-05-22T15:18:00.000+07:00,"29554.1,29561.4,29551.8,29556.3"
2026-05-22T15:19:00.000+07:00,"29556.6,29558.2,29542.8,29549"
2026-05-22T15:20:00.000+07:00,"29549.3,29583.2,29549.3,29583"
2026-05-22T15:21:00.000+07:00,"29585,29585.3,29552.8,29552.8"
2026-05-22T15:22:00.000+07:00,"29552.1,29559.9,29550.1,29556.5"
2026-05-22T15:23:00.000+07:00,"29556.4,29558.7,29552.1,29555.4"
2026-05-22T15:24:00.000+07:00,"29555.7,29560.3,29549.1,29551.4"
2026-05-22T15:25:00.000+07:00,"29551.7,29555.3,29549.9,29551.1"
2026-05-22T15:26:00.000+07:00,"29550.6,29551.8,29544.5,29551"
2026-05-22T15:27:00.000+07:00,"29550.5,29552.9,29543.7,29545.1"
2026-05-22T15:28:00.000+07:00,"29545.2,29551.4,29544.2,29544.4"
2026-05-22T15:29:00.000+07:00,"29545.1,29553.6,29544.8,29553.6"
2026-05-22T15:30:00.000+07:00,"29554.7,29556.2,29547.1,29548.2"
2026-05-22T15:31:00.000+07:00,"29547.8,29551.7,29542.7,29546.9"
2026-05-22T15:32:00.000+07:00,"29547.1,29551.3,29544.5,29549.5"
2026-05-22T15:33:00.000+07:00,"29549.8,29556.1,29549,29551.2"
2026-05-22T15:34:00.000+07:00,"29551.5,29553.6,29511.9,29525.8"
2026-05-22T15:35:00.000+07:00,"29527,29527,29509.3,29514.5"
2026-05-22T15:36:00.000+07:00,"29514.9,29529.1,29507.1,29529.1"
2026-05-22T15:37:00.000+07:00,"29528.9,29531.7,29522.1,29523.5"
2026-05-22T15:38:00.000+07:00,"29523.9,29536.5,29521.4,29533"
2026-05-22T15:39:00.000+07:00,"29532.8,29534.9,29526.2,29527.7"
2026-05-22T15:40:00.000+07:00,"29527.8,29528.4,29518.8,29525.1"
2026-05-22T15:41:00.000+07:00,"29524.7,29530.8,29523.6,29523.6"
2026-05-22T15:42:00.000+07:00,"29520.8,29526.1,29519.6,29526"
2026-05-22T15:43:00.000+07:00,"29526.1,29528.7,29522.2,29526.3"
2026-05-22T15:44:00.000+07:00,"29525.3,29526.3,29512.8,29519.6"
2026-05-22T15:45:00.000+07:00,"29520.1,29525.9,29519.9,29524.8"
2026-05-22T15:46:00.000+07:00,"29531.6,29531.6,29527.7,29528.2"
2026-05-22T15:47:00.000+07:00,"29527.9,29528.5,29523.5,29526.1"
2026-05-22T15:48:00.000+07:00,"29525.7,29529.9,29522.6,29526.1"
2026-05-22T15:49:00.000+07:00,"29525.9,29526.5,29521.2,29523.2"
2026-05-22T15:50:00.000+07:00,"29523.3,29525.1,29518.8,29525.1"
2026-05-22T15:51:00.000+07:00,"29525,29525,29518,29519.8"
2026-05-22T15:52:00.000+07:00,"29519.7,29531,29519.7,29531"
2026-05-22T15:53:00.000+07:00,"29532.3,29535.8,29525.8,29530.3"
2026-05-22T15:54:00.000+07:00,"29530.4,29533.3,29524,29527"
2026-05-22T15:55:00.000+07:00,"29527.2,29527.7,29513.7,29514.6"
2026-05-22T15:56:00.000+07:00,"29514.7,29521.5,29510.3,29512.1"
2026-05-22T15:57:00.000+07:00,"29511.7,29512.1,29503.7,29505.8"
2026-05-22T15:58:00.000+07:00,"29506.4,29506.4,29493,29493.2"
2026-05-22T15:59:00.000+07:00,"29493.4,29497,29485.8,29486.9"
2026-05-22T16:00:00.000+07:00,"29487.2,29487.2,29471.5,29477.6"
2026-05-22T16:01:00.000+07:00,"29479.1,29481.1,29465.7,29468.9"
2026-05-22T16:02:00.000+07:00,"29469.2,29471.1,29460.1,29462.9"
2026-05-22T16:03:00.000+07:00,"29462.2,29469.3,29461.6,29469.3"
2026-05-22T16:04:00.000+07:00,"29468.8,29471.6,29462.4,29463.6"
2026-05-22T16:05:00.000+07:00,"29463.9,29468.6,29456,29463.3"
2026-05-22T16:06:00.000+07:00,"29462.7,29463.9,29453.2,29453.8"
2026-05-22T16:07:00.000+07:00,"29453.6,29454.9,29429.4,29434.7"
2026-05-22T16:08:00.000+07:00,"29434.5,29438.6,29429.5,29431.9"
2026-05-22T16:09:00.000+07:00,"29431.6,29449.9,29429.5,29448.9"
2026-05-22T16:10:00.000+07:00,"29448,29450.6,29439.8,29448.8"
2026-05-22T16:11:00.000+07:00,"29449.8,29450.7,29443.8,29446.6"
2026-05-22T16:12:00.000+07:00,"29446.2,29449.1,29435.1,29441.3"
2026-05-22T16:13:00.000+07:00,"29441.5,29444.1,29437.2,29437.2"
2026-05-22T16:14:00.000+07:00,"29437.3,29437.7,29428.2,29429.7"
2026-05-22T16:15:00.000+07:00,"29428.3,29438.5,29421.2,29436.5"
2026-05-22T16:16:00.000+07:00,"29436,29440.2,29432.7,29435.1"
2026-05-22T16:17:00.000+07:00,"29434,29434.3,29426.6,29431.5"
2026-05-22T16:18:00.000+07:00,"29431.3,29441.5,29428.9,29440.5"
2026-05-22T16:19:00.000+07:00,"29440.8,29445.6,29438.4,29442.6"
2026-05-22T16:20:00.000+07:00,"29442.3,29444.5,29436.6,29437.3"
2026-05-22T16:21:00.000+07:00,"29437.1,29448.7,29436.7,29447.2"
2026-05-22T16:22:00.000+07:00,"29447,29450.1,29443.6,29443.6"
2026-05-22T16:23:00.000+07:00,"29444.6,29447.7,29435.6,29438.3"
2026-05-22T16:24:00.000+07:00,"29438.2,29442.9,29436.6,29438.2"
2026-05-22T16:25:00.000+07:00,"29438.3,29438.3,29424.6,29424.6"
2026-05-22T16:26:00.000+07:00,"29425.8,29426.2,29414.5,29423.4"
2026-05-22T16:27:00.000+07:00,"29423.5,29425.9,29418.4,29423.5"
2026-05-22T16:28:00.000+07:00,"29423.6,29426.4,29406.8,29412"
2026-05-22T16:29:00.000+07:00,"29413.5,29418.8,29409.6,29418.7"
2026-05-22T16:30:00.000+07:00,"29419.1,29422.5,29411.8,29413.2"
2026-05-22T16:31:00.000+07:00,"29412.7,29413.3,29398.4,29410.8"
2026-05-22T16:32:00.000+07:00,"29410.4,29415,29405.5,29412.2"
2026-05-22T16:33:00.000+07:00,"29412.9,29418.4,29402.8,29418.1"
2026-05-22T16:34:00.000+07:00,"29418.3,29429.5,29418.3,29428.8"
2026-05-22T16:35:00.000+07:00,"29428.4,29433.9,29422.8,29428.1"
2026-05-22T16:36:00.000+07:00,"29428,29436.7,29426.6,29436.7"
2026-05-22T16:37:00.000+07:00,"29436.8,29444.1,29436.7,29443.5"
2026-05-22T16:38:00.000+07:00,"29443.2,29448.8,29442.7,29446.6"
2026-05-22T16:39:00.000+07:00,"29446.7,29448.1,29441.8,29447.7"
2026-05-22T16:40:00.000+07:00,"29447.8,29449,29440.6,29443.6"
2026-05-22T16:41:00.000+07:00,"29443.2,29445,29440.3,29444"
2026-05-22T16:42:00.000+07:00,"29444.1,29447.2,29438.9,29442.6"
2026-05-22T16:43:00.000+07:00,"29442.3,29447.6,29438.1,29446.5"
2026-05-22T16:44:00.000+07:00,"29446.6,29458.6,29444.9,29454.5"
2026-05-22T16:45:00.000+07:00,"29454.3,29454.9,29442.3,29445.5"
2026-05-22T16:46:00.000+07:00,"29444.8,29447.2,29438.3,29441.8"
2026-05-22T16:47:00.000+07:00,"29441.7,29454.1,29440.7,29452.8"
2026-05-22T16:48:00.000+07:00,"29451.6,29452.5,29445,29446.5"
2026-05-22T16:49:00.000+07:00,"29447.1,29450.6,29446.8,29450.6"
2026-05-22T16:50:00.000+07:00,"29451.8,29457.5,29449.2,29456.9"
2026-05-22T16:51:00.000+07:00,"29457.1,29466.2,29456.8,29464.3"
2026-05-22T16:52:00.000+07:00,"29464.2,29464.3,29458.8,29461"
2026-05-22T16:53:00.000+07:00,"29460.8,29465.1,29457.9,29460.3"
2026-05-22T16:54:00.000+07:00,"29461,29470.2,29459.7,29463.2"
2026-05-22T16:55:00.000+07:00,"29463.1,29464.2,29457.5,29459.4"
2026-05-22T16:56:00.000+07:00,"29459.5,29460.8,29451.4,29452.9"
2026-05-22T16:57:00.000+07:00,"29453.3,29453.3,29445.6,29447.2"
2026-05-22T16:58:00.000+07:00,"29446.7,29450,29442.1,29442.3"
2026-05-22T16:59:00.000+07:00,"29442.2,29449.2,29442.2,29447.5"
2026-05-22T17:00:00.000+07:00,"29448.8,29448.8,29437.5,29439.1"
2026-05-22T17:01:00.000+07:00,"29438.4,29442,29433.2,29433.2"
2026-05-22T17:02:00.000+07:00,"29432.9,29435.8,29424.7,29430.9"
2026-05-22T17:03:00.000+07:00,"29430.6,29434.9,29427.1,29428.6"
2026-05-22T17:04:00.000+07:00,"29428.4,29429.4,29406.7,29411.8"
2026-05-22T17:05:00.000+07:00,"29411.4,29419.9,29409.9,29417.5"
2026-05-22T17:06:00.000+07:00,"29418.7,29421.8,29414.5,29419"
2026-05-22T17:07:00.000+07:00,"29416.4,29418.1,29412.9,29413.6"
2026-05-22T17:08:00.000+07:00,"29413.5,29421.5,29413.1,29419.8"
2026-05-22T17:09:00.000+07:00,"29419.5,29427.3,29417.7,29423.5"
2026-05-22T17:10:00.000+07:00,"29423.4,29427.5,29419.4,29425.3"
2026-05-22T17:11:00.000+07:00,"29425.2,29425.3,29409.4,29411.8"
2026-05-22T17:12:00.000+07:00,"29411.6,29422.1,29408.8,29418.1"
2026-05-22T17:13:00.000+07:00,"29418.3,29420.2,29410.6,29413.6"
2026-05-22T17:14:00.000+07:00,"29413.4,29414.3,29409,29411.8"
2026-05-22T17:15:00.000+07:00,"29411.4,29412.3,29396.7,29399.7"
2026-05-22T17:16:00.000+07:00,"29399.8,29399.8,29387.3,29396.3"
2026-05-22T17:17:00.000+07:00,"29396.2,29399.5,29393.4,29394.3"
2026-05-22T17:18:00.000+07:00,"29394.5,29407.4,29393.7,29404"
2026-05-22T17:19:00.000+07:00,"29404.6,29404.8,29383.3,29385.5"
2026-05-22T17:20:00.000+07:00,"29385.8,29396.4,29382.4,29388.1"
2026-05-22T17:21:00.000+07:00,"29388,29393.5,29387.1,29388.3"
2026-05-22T17:22:00.000+07:00,"29388.1,29397.7,29386.9,29394.6"
2026-05-22T17:23:00.000+07:00,"29394.9,29400.9,29391,29400.2"
2026-05-22T17:24:00.000+07:00,"29401.3,29413.4,29401.3,29412.9"
2026-05-22T17:25:00.000+07:00,"29412.6,29415.8,29407.9,29409.2"
2026-05-22T17:26:00.000+07:00,"29409.1,29411.2,29403.8,29407.5"
2026-05-22T17:27:00.000+07:00,"29407.9,29408.2,29395.4,29397.5"
2026-05-22T17:28:00.000+07:00,"29397.4,29398.2,29379.2,29379.2"
2026-05-22T17:29:00.000+07:00,"29377.2,29380.1,29369.1,29377.7"
2026-05-22T17:30:00.000+07:00,"29377.6,29386.2,29376.7,29378.9"
2026-05-22T17:31:00.000+07:00,"29379,29379,29366.6,29369.1"
2026-05-22T17:32:00.000+07:00,"29369.4,29372.4,29357.8,29362.7"
2026-05-22T17:33:00.000+07:00,"29362.4,29369.2,29360.4,29367"
2026-05-22T17:34:00.000+07:00,"29367.2,29373.7,29364.8,29367"
2026-05-22T17:35:00.000+07:00,"29367.1,29377.5,29365.7,29374.8"
2026-05-22T17:36:00.000+07:00,"29374.9,29379.5,29370.4,29370.4"
2026-05-22T17:37:00.000+07:00,"29370.2,29375.6,29362.1,29373"
2026-05-22T17:38:00.000+07:00,"29372.7,29379.7,29370.7,29378.9"
2026-05-22T17:39:00.000+07:00,"29379,29380.7,29367,29368.9"
2026-05-22T17:40:00.000+07:00,"29368.2,29369.5,29363.4,29364.8"
2026-05-22T17:41:00.000+07:00,"29363.6,29369.7,29362.4,29369.5"
2026-05-22T17:42:00.000+07:00,"29369.4,29372.9,29367.4,29370.9"
2026-05-22T17:43:00.000+07:00,"29370.8,29372,29365.8,29370.1"
2026-05-22T17:44:00.000+07:00,"29371,29378.9,29369.8,29374.6"
2026-05-22T17:45:00.000+07:00,"29374.4,29379.3,29372.9,29378.1"
2026-05-22T17:46:00.000+07:00,"29378.2,29385.1,29373.8,29384.1"
2026-05-22T17:47:00.000+07:00,"29379.1,29380.9,29374,29379.6"
2026-05-22T17:48:00.000+07:00,"29380,29387.9,29379.4,29387.6"
2026-05-22T17:49:00.000+07:00,"29387.7,29388.2,29381.6,29387.9"
2026-05-22T17:50:00.000+07:00,"29388,29395.8,29387.5,29395.4"
2026-05-22T17:51:00.000+07:00,"29395.3,29395.3,29383.9,29388.9"
2026-05-22T17:52:00.000+07:00,"29389,29392.1,29387.1,29391.9"
2026-05-22T17:53:00.000+07:00,"29392.1,29398.4,29392,29395.8"
2026-05-22T17:54:00.000+07:00,"29396,29398.1,29393,29394.8"
2026-05-22T17:55:00.000+07:00,"29394.4,29394.4,29379.7,29382.5"
2026-05-22T17:56:00.000+07:00,"29382.9,29387.6,29380.3,29384.9"
2026-05-22T17:57:00.000+07:00,"29385.4,29392.6,29382.8,29391.6"
2026-05-22T17:58:00.000+07:00,"29391.5,29393.2,29388.5,29391.9"
2026-05-22T17:59:00.000+07:00,"29391.3,29392.7,29386.1,29387.5"
2026-05-22T18:00:00.000+07:00,"29387.8,29404.3,29387.8,29395.6"
2026-05-22T18:01:00.000+07:00,"29395.5,29407.2,29392.1,29405.9"
2026-05-22T18:02:00.000+07:00,"29406.1,29406.4,29398.6,29403.1"
2026-05-22T18:03:00.000+07:00,"29403.4,29407.9,29399.4,29407.4"
2026-05-22T18:04:00.000+07:00,"29407.2,29411.1,29405,29407.8"
2026-05-22T18:05:00.000+07:00,"29407.9,29409.2,29403.2,29406.1"
2026-05-22T18:06:00.000+07:00,"29406.6,29415.7,29405.9,29410.9"
2026-05-22T18:07:00.000+07:00,"29410.3,29413,29405,29407.2"
2026-05-22T18:08:00.000+07:00,"29407.1,29411.8,29398.8,29400.6"
2026-05-22T18:09:00.000+07:00,"29400.9,29407.7,29400.6,29403.9"
2026-05-22T18:10:00.000+07:00,"29403.6,29404.5,29395.5,29399.3"
2026-05-22T18:11:00.000+07:00,"29399.9,29401.8,29395.9,29399.6"
2026-05-22T18:12:00.000+07:00,"29399.5,29400,29382.6,29383.7"
2026-05-22T18:13:00.000+07:00,"29383.8,29391,29383.8,29384.7"
2026-05-22T18:14:00.000+07:00,"29384,29390.4,29381.1,29390.4"
2026-05-22T18:15:00.000+07:00,"29390.7,29392.4,29381.7,29382.9"
2026-05-22T18:16:00.000+07:00,"29383,29383,29377.6,29378.5"
2026-05-22T18:17:00.000+07:00,"29378.3,29385.9,29378.3,29384.1"
2026-05-22T18:18:00.000+07:00,"29383.9,29387.8,29378.9,29382.2"
2026-05-22T18:19:00.000+07:00,"29383.4,29384.2,29377.3,29380.1"
2026-05-22T18:20:00.000+07:00,"29380.2,29391.8,29373.1,29388"
2026-05-22T18:21:00.000+07:00,"29388.8,29401.5,29386.7,29401.5"
2026-05-22T18:22:00.000+07:00,"29401.4,29402.2,29389.3,29392.1"
2026-05-22T18:23:00.000+07:00,"29392.3,29400,29390.1,29396"
2026-05-22T18:24:00.000+07:00,"29396.1,29399.1,29392.9,29397"
2026-05-22T18:25:00.000+07:00,"29397.1,29402.3,29390.4,29401"
2026-05-22T18:26:00.000+07:00,"29401.4,29401.4,29393.8,29399.1"
2026-05-22T18:27:00.000+07:00,"29399.2,29403.5,29399.2,29400.8"
2026-05-22T18:28:00.000+07:00,"29401.8,29401.8,29393.9,29395.4"
2026-05-22T18:29:00.000+07:00,"29395.2,29398.2,29391.1,29391.1"
2026-05-22T18:30:00.000+07:00,"29390.9,29397,29388.8,29389.4"
2026-05-22T18:31:00.000+07:00,"29389.5,29391.9,29384.7,29388.3"
2026-05-22T18:32:00.000+07:00,"29388.5,29397.9,29386.4,29394.5"
2026-05-22T18:33:00.000+07:00,"29394.4,29399.7,29393.1,29398.4"
2026-05-22T18:34:00.000+07:00,"29398.5,29398.8,29392.1,29394.7"
2026-05-22T18:35:00.000+07:00,"29394.1,29406.4,29393.8,29406.4"
2026-05-22T18:36:00.000+07:00,"29406.3,29408.7,29401.8,29405"
2026-05-22T18:37:00.000+07:00,"29404.9,29410.8,29403.2,29408.2"
2026-05-22T18:38:00.000+07:00,"29408.1,29414,29405.7,29413.4"
2026-05-22T18:39:00.000+07:00,"29413.6,29422,29412.4,29421.3"
2026-05-22T18:40:00.000+07:00,"29421.4,29421.4,29413.6,29417.5"
2026-05-22T18:41:00.000+07:00,"29417.6,29420,29405.8,29409.4"
2026-05-22T18:42:00.000+07:00,"29409.6,29418.1,29405.3,29415.6"
2026-05-22T18:43:00.000+07:00,"29415.7,29417.1,29412.7,29413.7"
2026-05-22T18:44:00.000+07:00,"29414,29421,29412.4,29420.9"
2026-05-22T18:45:00.000+07:00,"29421,29423,29416.4,29417.7"
2026-05-22T18:46:00.000+07:00,"29417.4,29420.3,29413.9,29419.8"
2026-05-22T18:47:00.000+07:00,"29420.2,29444.8,29419.3,29432.9"
2026-05-22T18:48:00.000+07:00,"29433.4,29449.1,29433.4,29441.3"
2026-05-22T18:49:00.000+07:00,"29440.7,29442.6,29430.9,29433.2"
2026-05-22T18:50:00.000+07:00,"29433,29436.5,29426,29427.6"
2026-05-22T18:51:00.000+07:00,"29427.7,29433.4,29424.2,29424.5"
2026-05-22T18:52:00.000+07:00,"29425.7,29438.1,29425.7,29429.1"
2026-05-22T18:53:00.000+07:00,"29429.3,29432.5,29426,29430.2"
2026-05-22T18:54:00.000+07:00,"29429.1,29431.4,29427.7,29428.5"
2026-05-22T18:55:00.000+07:00,"29428.9,29430.9,29421.5,29422.7"
2026-05-22T18:56:00.000+07:00,"29422.5,29425.4,29418.4,29425.1"
2026-05-22T18:57:00.000+07:00,"29425,29426.8,29420.3,29421.8"
2026-05-22T18:58:00.000+07:00,"29422.1,29429.2,29421.9,29428.3"
2026-05-22T18:59:00.000+07:00,"29428.2,29430.4,29426.5,29429.5"
2026-05-22T19:00:00.000+07:00,"29429,29433.6,29424.6,29425.1"
2026-05-22T19:01:00.000+07:00,"29425.4,29434.6,29422.2,29430.3"
2026-05-22T19:02:00.000+07:00,"29430.2,29436.4,29427.7,29434.2"
2026-05-22T19:03:00.000+07:00,"29434.5,29435.9,29424.3,29431.5"
2026-05-22T19:04:00.000+07:00,"29431.2,29432.7,29426.1,29430.4"
2026-05-22T19:05:00.000+07:00,"29430.1,29430.1,29424.4,29428.1"
2026-05-22T19:06:00.000+07:00,"29428,29433.4,29426.8,29432.6"
2026-05-22T19:07:00.000+07:00,"29432.5,29434,29422,29423.6"
2026-05-22T19:08:00.000+07:00,"29423.3,29424.5,29420,29422.9"
2026-05-22T19:09:00.000+07:00,"29422.8,29428.7,29422.2,29423.8"
2026-05-22T19:10:00.000+07:00,"29424.1,29426,29416.1,29424.6"
2026-05-22T19:11:00.000+07:00,"29424.5,29424.8,29417.5,29419.8"
2026-05-22T19:12:00.000+07:00,"29419.5,29496.1,29419,29479.7"
2026-05-22T19:13:00.000+07:00,"29480.9,29491.7,29468.3,29489.9"
2026-05-22T19:14:00.000+07:00,"29490.4,29500.8,29474,29488.4"
2026-05-22T19:15:00.000+07:00,"29487.3,29503.7,29482,29482.2"
2026-05-22T19:16:00.000+07:00,"29481.9,29485.2,29461.5,29466.9"
2026-05-22T19:17:00.000+07:00,"29466.8,29471.9,29451.1,29453.3"
2026-05-22T19:18:00.000+07:00,"29455,29464.5,29452.1,29464.5"
2026-05-22T19:19:00.000+07:00,"29463.7,29494.2,29461.8,29486"
2026-05-22T19:20:00.000+07:00,"29485.8,29493.4,29478.7,29489.6"
2026-05-22T19:21:00.000+07:00,"29488.9,29489.2,29472.7,29475.3"
2026-05-22T19:22:00.000+07:00,"29474.1,29481.6,29456.9,29460.9"
2026-05-22T19:23:00.000+07:00,"29461.1,29471.8,29458.3,29469.6"
2026-05-22T19:24:00.000+07:00,"29471.6,29476.5,29470,29473.5"
2026-05-22T19:25:00.000+07:00,"29474,29478.8,29468.8,29475.2"
2026-05-22T19:26:00.000+07:00,"29475.3,29477.8,29463.2,29465.6"
2026-05-22T19:27:00.000+07:00,"29465.5,29467.4,29455.8,29456.6"
2026-05-22T19:28:00.000+07:00,"29455.5,29463.9,29455.5,29460.2"
2026-05-22T19:29:00.000+07:00,"29460.1,29471.1,29460.1,29471"
2026-05-22T19:30:00.000+07:00,"29471.7,29475.9,29467.4,29471.2"
2026-05-22T19:31:00.000+07:00,"29471.5,29477.9,29468.3,29477.8"
2026-05-22T19:32:00.000+07:00,"29477.6,29482.9,29476.3,29481.1"
2026-05-22T19:33:00.000+07:00,"29480.6,29487.3,29478.6,29484"
2026-05-22T19:34:00.000+07:00,"29483.7,29484.1,29475.6,29478.6"
2026-05-22T19:35:00.000+07:00,"29479,29484.9,29477.3,29482.9"
2026-05-22T19:36:00.000+07:00,"29483.1,29485.1,29468.4,29474.3"
2026-05-22T19:37:00.000+07:00,"29474.4,29480.5,29472.3,29478"
2026-05-22T19:38:00.000+07:00,"29477.8,29481.8,29476,29479.7"
2026-05-22T19:39:00.000+07:00,"29480,29482.4,29476.1,29480"
2026-05-22T19:40:00.000+07:00,"29480.8,29484.8,29475.1,29475.5"
2026-05-22T19:41:00.000+07:00,"29475.6,29477.1,29474,29475.8"
2026-05-22T19:42:00.000+07:00,"29475.9,29478.8,29473.8,29475.6"
2026-05-22T19:43:00.000+07:00,"29475.7,29476.4,29465.9,29470.7"
2026-05-22T19:44:00.000+07:00,"29470.9,29476.3,29470.9,29473.5"
2026-05-22T19:45:00.000+07:00,"29474.2,29495.1,29474.2,29489.9"
2026-05-22T19:46:00.000+07:00,"29490,29494,29487,29493.3"
2026-05-22T19:47:00.000+07:00,"29493.4,29503.7,29491.7,29496.4"
2026-05-22T19:48:00.000+07:00,"29496.6,29498.8,29488,29492.5"
2026-05-22T19:49:00.000+07:00,"29492.4,29494.3,29489.5,29494.3"
2026-05-22T19:50:00.000+07:00,"29494.7,29496.5,29489.3,29490.9"
2026-05-22T19:51:00.000+07:00,"29491.4,29492,29482.4,29492"
2026-05-22T19:52:00.000+07:00,"29491.6,29498.2,29491.6,29496.2"
2026-05-22T19:53:00.000+07:00,"29496.3,29503.4,29495.9,29502.2"
2026-05-22T19:54:00.000+07:00,"29502.8,29508.2,29497.6,29497.7"
2026-05-22T19:55:00.000+07:00,"29497.8,29501.5,29494.3,29495.5"
2026-05-22T19:56:00.000+07:00,"29495.3,29501.9,29495.3,29501.2"
2026-05-22T19:57:00.000+07:00,"29501.7,29504.8,29500.2,29501.5"
2026-05-22T19:58:00.000+07:00,"29502,29502.2,29492.5,29495.7"
2026-05-22T19:59:00.000+07:00,"29495.9,29517.5,29493.1,29517"
2026-05-22T20:00:00.000+07:00,"29516.8,29520.5,29480.2,29480.3"
2026-05-22T20:01:00.000+07:00,"29480.8,29489.9,29480.8,29483.4"
2026-05-22T20:02:00.000+07:00,"29483.5,29485.5,29478.4,29482.1"
2026-05-22T20:03:00.000+07:00,"29483,29490.4,29482,29487.1"
2026-05-22T20:04:00.000+07:00,"29486.7,29488.2,29482.7,29486.2"
2026-05-22T20:05:00.000+07:00,"29486.4,29492,29483.8,29486.7"
2026-05-22T20:06:00.000+07:00,"29491.1,29501.6,29491.1,29497.6"
2026-05-22T20:07:00.000+07:00,"29498.7,29498.8,29483.9,29488.5"
2026-05-22T20:08:00.000+07:00,"29488.4,29493.6,29486.9,29493.5"
2026-05-22T20:09:00.000+07:00,"29493.3,29521.1,29484.3,29518.3"
2026-05-22T20:10:00.000+07:00,"29517.8,29523.7,29504.3,29516.8"
2026-05-22T20:11:00.000+07:00,"29516.3,29517.6,29508.6,29516.2"
2026-05-22T20:12:00.000+07:00,"29516.3,29519.7,29508.2,29512.2"
2026-05-22T20:13:00.000+07:00,"29512,29518.8,29504.7,29506"
2026-05-22T20:14:00.000+07:00,"29506.3,29508.3,29499,29505.5"
2026-05-22T20:15:00.000+07:00,"29505.7,29511.4,29500.5,29510.9"
2026-05-22T20:16:00.000+07:00,"29510.6,29512.8,29502.3,29509.6"
2026-05-22T20:17:00.000+07:00,"29509.5,29513.1,29505.8,29511.6"
2026-05-22T20:18:00.000+07:00,"29511.1,29515.4,29504.7,29504.7"
2026-05-22T20:19:00.000+07:00,"29505.3,29507.6,29484.7,29496.7"
2026-05-22T20:20:00.000+07:00,"29496.5,29497.6,29485,29487.9"
2026-05-22T20:21:00.000+07:00,"29486.9,29488,29474.2,29477.1"
2026-05-22T20:22:00.000+07:00,"29476.7,29481.6,29476.2,29478.7"
2026-05-22T20:23:00.000+07:00,"29478.3,29478.5,29468.9,29477.1"
2026-05-22T20:24:00.000+07:00,"29478.2,29482.9,29476.9,29482.3"
2026-05-22T20:25:00.000+07:00,"29481.7,29489.3,29481.7,29486.3"
2026-05-22T20:26:00.000+07:00,"29486,29489.8,29482.5,29488.7"
2026-05-22T20:27:00.000+07:00,"29488.4,29496.6,29487.6,29496.6"
2026-05-22T20:28:00.000+07:00,"29492.3,29493.8,29484.5,29490.5"
2026-05-22T20:29:00.000+07:00,"29491.5,29504.2,29486.8,29501.4"
2026-05-22T20:30:00.000+07:00,"29501.3,29539.2,29475.6,29539"
2026-05-22T20:31:00.000+07:00,"29538.2,29564.9,29535.2,29564.9"
2026-05-22T20:32:00.000+07:00,"29564.8,29576.3,29553.1,29560.2"
2026-05-22T20:33:00.000+07:00,"29561.4,29564.7,29518.8,29527.7"
2026-05-22T20:34:00.000+07:00,"29528.6,29569.9,29519.9,29569.9"
2026-05-22T20:35:00.000+07:00,"29569.4,29575.4,29555.6,29566.4"
2026-05-22T20:36:00.000+07:00,"29566.5,29581.4,29558.2,29571.6"
2026-05-22T20:37:00.000+07:00,"29571.3,29605.7,29568.9,29605.3"
2026-05-22T20:38:00.000+07:00,"29605.9,29606.5,29593.1,29605.3"
2026-05-22T20:39:00.000+07:00,"29605.7,29618.5,29598.5,29602.7"
2026-05-22T20:40:00.000+07:00,"29609.3,29635.2,29593.3,29595.5"
2026-05-22T20:41:00.000+07:00,"29595.4,29604.2,29587.7,29596.7"
2026-05-22T20:42:00.000+07:00,"29596.8,29597.6,29540,29548.3"
2026-05-22T20:43:00.000+07:00,"29548.1,29579.2,29542.3,29575.8"
2026-05-22T20:44:00.000+07:00,"29575.9,29583.6,29550.3,29562.2"
2026-05-22T20:45:00.000+07:00,"29563.2,29586.8,29563,29585.3"
2026-05-22T20:46:00.000+07:00,"29584.5,29587.2,29572.2,29573.4"
2026-05-22T20:47:00.000+07:00,"29572,29574.3,29564.2,29571.8"
2026-05-22T20:48:00.000+07:00,"29571.9,29571.9,29538.8,29545.4"
2026-05-22T20:49:00.000+07:00,"29543.3,29556.3,29536.5,29550.4"
2026-05-22T20:50:00.000+07:00,"29552.5,29555.7,29528.1,29530.3"
2026-05-22T20:51:00.000+07:00,"29529.5,29540.1,29510.6,29536.5"
2026-05-22T20:52:00.000+07:00,"29536.2,29536.2,29517.2,29527.1"
2026-05-22T20:53:00.000+07:00,"29526.2,29548.2,29518.2,29546.6"
2026-05-22T20:54:00.000+07:00,"29546.3,29554.1,29534.3,29544.2"
2026-05-22T20:55:00.000+07:00,"29552.1,29552.5,29520,29526.8"
2026-05-22T20:56:00.000+07:00,"29527.3,29530.1,29514.5,29523.2"
2026-05-22T20:57:00.000+07:00,"29522.8,29535.3,29515.2,29523.8"
2026-05-22T20:58:00.000+07:00,"29524.1,29534,29515.8,29529"
2026-05-22T20:59:00.000+07:00,"29528.5,29563.5,29528.5,29563.5"
2026-05-22T21:00:00.000+07:00,"29566.1,29566.1,29501.9,29509.8"
2026-05-22T21:01:00.000+07:00,"29509.7,29521.6,29490.4,29494.9"
2026-05-22T21:02:00.000+07:00,"29493.5,29508,29463.1,29480.7"
2026-05-22T21:03:00.000+07:00,"29481.8,29498.9,29473.6,29492.1"
2026-05-22T21:04:00.000+07:00,"29490.9,29497.1,29479.9,29493.1"
2026-05-22T21:05:00.000+07:00,"29491.9,29491.9,29470.1,29480.7"
2026-05-22T21:06:00.000+07:00,"29481.3,29481.9,29444.4,29463.1"
2026-05-22T21:07:00.000+07:00,"29461.7,29471.9,29455.2,29464"
2026-05-22T21:08:00.000+07:00,"29462.6,29490.3,29462.6,29487.7"
2026-05-22T21:09:00.000+07:00,"29488,29494,29469.9,29487.7"
2026-05-22T21:10:00.000+07:00,"29487.6,29504.2,29484.5,29496.6"
2026-05-22T21:11:00.000+07:00,"29499.3,29508.5,29491.1,29503.5"
2026-05-22T21:12:00.000+07:00,"29503.9,29511.8,29496.4,29505"
2026-05-22T21:13:00.000+07:00,"29502,29506.6,29476.5,29487"
2026-05-22T21:14:00.000+07:00,"29487.2,29492.7,29479.9,29489.5"
2026-05-22T21:15:00.000+07:00,"29490,29522.5,29482.3,29509.3"
2026-05-22T21:16:00.000+07:00,"29509.7,29514.3,29487.1,29497.9"
2026-05-22T21:17:00.000+07:00,"29497.2,29506.2,29490.2,29493.2"
2026-05-22T21:18:00.000+07:00,"29493.9,29496.8,29471.6,29486.3"
2026-05-22T21:19:00.000+07:00,"29485.8,29486.7,29470.9,29475.3"
2026-05-22T21:20:00.000+07:00,"29477.3,29485,29470.5,29479.6"
2026-05-22T21:21:00.000+07:00,"29478.3,29480.6,29459.1,29470.1"
2026-05-22T21:22:00.000+07:00,"29469.6,29470.4,29449.8,29449.9"
2026-05-22T21:23:00.000+07:00,"29449.6,29450.6,29422.1,29422.4"
2026-05-22T21:24:00.000+07:00,"29419.3,29450.2,29416.7,29444.1"
2026-05-22T21:25:00.000+07:00,"29445.1,29462.3,29440.2,29462.3"
2026-05-22T21:26:00.000+07:00,"29463.5,29474.9,29456.2,29456.9"
2026-05-22T21:27:00.000+07:00,"29456.8,29475.9,29452.6,29472"
2026-05-22T21:28:00.000+07:00,"29472.2,29477.5,29462.7,29477.5"
2026-05-22T21:29:00.000+07:00,"29479.4,29492.7,29474.4,29489.7"
2026-05-22T21:30:00.000+07:00,"29489.2,29501,29479.3,29491.8"
2026-05-22T21:31:00.000+07:00,"29492.7,29508,29488.1,29500.8"
2026-05-22T21:32:00.000+07:00,"29500.6,29506.2,29491.6,29503.4"
2026-05-22T21:33:00.000+07:00,"29502.6,29517.2,29499.5,29517"
2026-05-22T21:34:00.000+07:00,"29517.5,29524.2,29513.1,29519.8"
2026-05-22T21:35:00.000+07:00,"29519.3,29530.8,29510,29517.6"
2026-05-22T21:36:00.000+07:00,"29517.5,29537.2,29517.1,29532"
2026-05-22T21:37:00.000+07:00,"29532.9,29538.5,29524.3,29533.4"
2026-05-22T21:38:00.000+07:00,"29534.4,29536.2,29518.9,29536.2"
2026-05-22T21:39:00.000+07:00,"29535.7,29542.7,29528.7,29531"
2026-05-22T21:40:00.000+07:00,"29531.8,29552.3,29529.7,29549.4"
2026-05-22T21:41:00.000+07:00,"29548.3,29554.8,29539.5,29552.9"
2026-05-22T21:42:00.000+07:00,"29552.7,29557.1,29543.8,29556.7"
2026-05-22T21:43:00.000+07:00,"29556.6,29561.3,29544.3,29548.5"
2026-05-22T21:44:00.000+07:00,"29549.4,29564.8,29549.4,29562.5"
2026-05-22T21:45:00.000+07:00,"29562.4,29566.4,29550.5,29552.9"
2026-05-22T21:46:00.000+07:00,"29553.4,29555.8,29549,29555.1"
2026-05-22T21:47:00.000+07:00,"29555.4,29555.4,29534.6,29546.8"
2026-05-22T21:48:00.000+07:00,"29547.1,29566.1,29544.7,29561.3"
2026-05-22T21:49:00.000+07:00,"29560.7,29566.7,29555.2,29559.1"
2026-05-22T21:50:00.000+07:00,"29555.3,29557.1,29543.5,29547.4"
2026-05-22T21:51:00.000+07:00,"29546.5,29557.1,29539.5,29555"
2026-05-22T21:52:00.000+07:00,"29555.1,29559.8,29546.4,29557.1"
2026-05-22T21:53:00.000+07:00,"29556.1,29556.8,29545.7,29550.7"
2026-05-22T21:54:00.000+07:00,"29550.2,29554.2,29543.5,29552"
2026-05-22T21:55:00.000+07:00,"29551.8,29560.3,29548.5,29560.3"
2026-05-22T21:56:00.000+07:00,"29561.4,29577.3,29557.8,29570"
2026-05-22T21:57:00.000+07:00,"29570.4,29573.9,29566.8,29570.5"
2026-05-22T21:58:00.000+07:00,"29570.4,29578.8,29568.3,29576.8"
2026-05-22T21:59:00.000+07:00,"29577,29577,29564.9,29572.7"
2026-05-22T22:00:00.000+07:00,"29570.7,29575.2,29567.4,29574.8"
2026-05-22T22:01:00.000+07:00,"29574.5,29585.5,29574.5,29583.3"
2026-05-22T22:02:00.000+07:00,"29583.5,29584.8,29572.1,29580.4"
2026-05-22T22:03:00.000+07:00,"29580.3,29589.5,29578.5,29584.8"
2026-05-22T22:04:00.000+07:00,"29584.3,29597.2,29582.3,29593"
2026-05-22T22:05:00.000+07:00,"29594.1,29609.4,29593.6,29607.1"
2026-05-22T22:06:00.000+07:00,"29607.8,29614.1,29601.4,29602.9"
2026-05-22T22:07:00.000+07:00,"29602.7,29606.1,29597.7,29603.3"
2026-05-22T22:08:00.000+07:00,"29603.5,29604.4,29597.4,29598.2"
2026-05-22T22:09:00.000+07:00,"29598.4,29615.2,29593.9,29615.2"
2026-05-22T22:10:00.000+07:00,"29616.2,29617.9,29611.2,29615.7"
2026-05-22T22:11:00.000+07:00,"29614.9,29616,29602.6,29605.3"
2026-05-22T22:12:00.000+07:00,"29604.1,29615.7,29602.8,29613.9"
2026-05-22T22:13:00.000+07:00,"29614.2,29617.3,29609.3,29613.6"
2026-05-22T22:14:00.000+07:00,"29613,29614.4,29606.3,29612.8"
2026-05-22T22:15:00.000+07:00,"29613.6,29618,29605.3,29617.2"
2026-05-22T22:16:00.000+07:00,"29615.8,29620.7,29613.2,29615.5"
2026-05-22T22:17:00.000+07:00,"29614.9,29623.5,29613.8,29623.4"
2026-05-22T22:18:00.000+07:00,"29621.2,29622.9,29617.2,29619.6"
2026-05-22T22:19:00.000+07:00,"29618.8,29624.8,29616,29624"
2026-05-22T22:20:00.000+07:00,"29622.8,29624,29614.4,29623.7"
2026-05-22T22:21:00.000+07:00,"29624,29624,29614.4,29614.9"
2026-05-22T22:22:00.000+07:00,"29614.2,29616.7,29603.5,29605.7"
2026-05-22T22:23:00.000+07:00,"29605.4,29607.1,29600.1,29605.5"
2026-05-22T22:24:00.000+07:00,"29605.4,29608.8,29598.9,29603"
2026-05-22T22:25:00.000+07:00,"29603.3,29607,29591.3,29605.3"
2026-05-22T22:26:00.000+07:00,"29606.4,29616.1,29605.4,29608"
2026-05-22T22:27:00.000+07:00,"29607.3,29620.6,29607.1,29619.1"
2026-05-22T22:28:00.000+07:00,"29618.7,29624.1,29616.1,29622.7"
2026-05-22T22:29:00.000+07:00,"29622.8,29631,29622.5,29631"
2026-05-22T22:30:00.000+07:00,"29629.5,29630.2,29620.7,29628"
2026-05-22T22:31:00.000+07:00,"29627.7,29635.5,29625.4,29627.1"
2026-05-22T22:32:00.000+07:00,"29627.4,29629.5,29619.6,29623.4"
2026-05-22T22:33:00.000+07:00,"29623.3,29626.5,29611.8,29614.4"
2026-05-22T22:34:00.000+07:00,"29614.5,29619.5,29612.2,29615"
2026-05-22T22:35:00.000+07:00,"29614.3,29618.1,29604.7,29615.6"
2026-05-22T22:36:00.000+07:00,"29616.1,29624,29615.1,29623.9"
2026-05-22T22:37:00.000+07:00,"29624.7,29627.4,29614.1,29614.6"
2026-05-22T22:38:00.000+07:00,"29614.4,29616.1,29611.4,29614.2"
2026-05-22T22:39:00.000+07:00,"29613.2,29614.7,29607.6,29612.9"
2026-05-22T22:40:00.000+07:00,"29613.6,29621.5,29609.6,29614.6"
2026-05-22T22:41:00.000+07:00,"29614.3,29615.5,29600.7,29607.1"
2026-05-22T22:42:00.000+07:00,"29607.9,29609.8,29605.7,29608"
2026-05-22T22:43:00.000+07:00,"29608.3,29619.5,29605.9,29611"
2026-05-22T22:44:00.000+07:00,"29611.1,29619.8,29609.9,29617.9"
2026-05-22T22:45:00.000+07:00,"29618.3,29618.3,29607.2,29612.9"
2026-05-22T22:46:00.000+07:00,"29612.8,29616.3,29608.3,29611"
2026-05-22T22:47:00.000+07:00,"29611.3,29615,29602.9,29605.3"
2026-05-22T22:48:00.000+07:00,"29606,29606,29593.5,29594.8"
2026-05-22T22:49:00.000+07:00,"29594.5,29598.5,29583.3,29586.2"
2026-05-22T22:50:00.000+07:00,"29585.9,29599.5,29583.9,29597.8"
2026-05-22T22:51:00.000+07:00,"29597.7,29607.7,29595.9,29607.7"
2026-05-22T22:52:00.000+07:00,"29607.9,29608.2,29597.9,29604.1"
2026-05-22T22:53:00.000+07:00,"29604.6,29612.6,29603.6,29612.6"
2026-05-22T22:54:00.000+07:00,"29612.3,29616.3,29602.9,29608.3"
2026-05-22T22:55:00.000+07:00,"29609,29613.3,29603.3,29606.2"
2026-05-22T22:56:00.000+07:00,"29606.1,29613.4,29605.1,29612.8"
2026-05-22T22:57:00.000+07:00,"29612.9,29613.2,29602.6,29603.7"
2026-05-22T22:58:00.000+07:00,"29603.2,29612.2,29602.3,29609.7"
2026-05-22T22:59:00.000+07:00,"29609.4,29612.7,29608,29610.1"
2026-05-22T23:00:00.000+07:00,"29610.2,29613,29589.8,29596.5"
2026-05-22T23:01:00.000+07:00,"29597.4,29614.1,29593.3,29614"
2026-05-22T23:02:00.000+07:00,"29613.7,29617,29607.6,29611.7"
2026-05-22T23:03:00.000+07:00,"29611.2,29612.7,29603.5,29611.2"
2026-05-22T23:04:00.000+07:00,"29611.3,29612.5,29604.3,29606.6"
2026-05-22T23:05:00.000+07:00,"29606.8,29611.9,29601.1,29605"
2026-05-22T23:06:00.000+07:00,"29604.6,29606.4,29596.3,29596.3"
2026-05-22T23:07:00.000+07:00,"29596.5,29601.9,29591.9,29598.3"
2026-05-22T23:08:00.000+07:00,"29598.1,29602.3,29597.1,29601.2"
2026-05-22T23:09:00.000+07:00,"29602.4,29602.9,29594.1,29598.7"
2026-05-22T23:10:00.000+07:00,"29601.1,29604.5,29596.5,29597.2"
2026-05-22T23:11:00.000+07:00,"29597.1,29606.1,29589.1,29605.7"
2026-05-22T23:12:00.000+07:00,"29604.9,29609.7,29602,29606.8"
2026-05-22T23:13:00.000+07:00,"29606.7,29610.2,29604.1,29608.3"
2026-05-22T23:14:00.000+07:00,"29608.8,29611.2,29605.4,29605.4"
2026-05-22T23:15:00.000+07:00,"29604,29606,29579.2,29579.9"
2026-05-22T23:16:00.000+07:00,"29580.7,29598.3,29580.7,29592.5"
2026-05-22T23:17:00.000+07:00,"29593.3,29598.6,29585.3,29589.6"
2026-05-22T23:18:00.000+07:00,"29591.1,29591.2,29573.4,29584.6"
2026-05-22T23:19:00.000+07:00,"29585.4,29585.4,29570.2,29572.2"
2026-05-22T23:20:00.000+07:00,"29571.9,29581.1,29568.5,29580.9"
2026-05-22T23:21:00.000+07:00,"29580.8,29590.2,29579.9,29585"
2026-05-22T23:22:00.000+07:00,"29585.1,29590.3,29580.9,29586.3"
2026-05-22T23:23:00.000+07:00,"29585,29586.7,29571.1,29574.3"
2026-05-22T23:24:00.000+07:00,"29574.4,29574.9,29568.2,29569.4"
2026-05-22T23:25:00.000+07:00,"29568.9,29576.4,29566.3,29572.6"
2026-05-22T23:26:00.000+07:00,"29579.6,29583.7,29577.3,29582.4"
2026-05-22T23:27:00.000+07:00,"29583.2,29586.5,29579.7,29582.2"
2026-05-22T23:28:00.000+07:00,"29582.3,29583.8,29573.8,29583.2"
2026-05-22T23:29:00.000+07:00,"29584.1,29591.9,29580.3,29591.5"
2026-05-22T23:30:00.000+07:00,"29592.3,29601.3,29589.4,29599.3"
2026-05-22T23:31:00.000+07:00,"29598.2,29601.6,29593.6,29600.1"
2026-05-22T23:32:00.000+07:00,"29600.4,29602.6,29588.4,29588.4"
2026-05-22T23:33:00.000+07:00,"29589.1,29595.3,29575.8,29578.9"
2026-05-22T23:34:00.000+07:00,"29580.1,29580.1,29566.2,29566.2"
2026-05-22T23:35:00.000+07:00,"29566.1,29576.8,29562.7,29576.6"
2026-05-22T23:36:00.000+07:00,"29575.6,29576.8,29570.4,29574.3"
2026-05-22T23:37:00.000+07:00,"29574.4,29585,29573.8,29580.2"
2026-05-22T23:38:00.000+07:00,"29582.3,29584,29570.2,29574.1"
2026-05-22T23:39:00.000+07:00,"29573.8,29573.8,29557.7,29569.5"
2026-05-22T23:40:00.000+07:00,"29570.7,29573.1,29563,29565.2"
2026-05-22T23:41:00.000+07:00,"29563.3,29570.4,29561.4,29567.1"
2026-05-22T23:42:00.000+07:00,"29568,29569.8,29562.9,29564.2"
2026-05-22T23:43:00.000+07:00,"29564.1,29573.2,29562.4,29572.5"
2026-05-22T23:44:00.000+07:00,"29572.2,29580,29563,29567.8"
2026-05-22T23:45:00.000+07:00,"29567.7,29575.8,29565.8,29575.8"
2026-05-22T23:46:00.000+07:00,"29576.6,29586.9,29576.6,29584.6"
2026-05-22T23:47:00.000+07:00,"29584.4,29587,29581.5,29582.8"
2026-05-22T23:48:00.000+07:00,"29583.2,29584.6,29573.2,29576.8"
2026-05-22T23:49:00.000+07:00,"29577.1,29578.1,29568.9,29572"
2026-05-22T23:50:00.000+07:00,"29572.7,29581.6,29571.2,29578.3"
2026-05-22T23:51:00.000+07:00,"29578.1,29583.2,29577.6,29580.1"
2026-05-22T23:52:00.000+07:00,"29580.3,29581.7,29575.5,29578.3"
2026-05-22T23:53:00.000+07:00,"29578,29590.4,29577.9,29589.2"
2026-05-22T23:54:00.000+07:00,"29589,29595.5,29585.7,29594.1"
2026-05-22T23:55:00.000+07:00,"29594.2,29595.2,29588.3,29590.7"
2026-05-22T23:56:00.000+07:00,"29590.6,29595.1,29586.4,29589.3"
2026-05-22T23:57:00.000+07:00,"29588.7,29591.2,29581.4,29586.7"
2026-05-22T23:58:00.000+07:00,"29586.4,29598.9,29585.9,29598.6"
2026-05-22T23:59:00.000+07:00,"29598.5,29600.2,29594.9,29597.7"
2026-05-23T00:00:00.000+07:00,"29596.4,29612.6,29596.4,29611"
2026-05-23T00:01:00.000+07:00,"29611.2,29615.5,29608.1,29613.6"
2026-05-23T00:02:00.000+07:00,"29614,29623.7,29613.6,29621.5"
2026-05-23T00:03:00.000+07:00,"29621.6,29624.8,29616.2,29618.1"
2026-05-23T00:04:00.000+07:00,"29617.9,29624.7,29616.4,29624.6"
2026-05-23T00:05:00.000+07:00,"29624.1,29629.2,29621.4,29624.7"
2026-05-23T00:06:00.000+07:00,"29623.9,29624.7,29617.2,29617.5"
2026-05-23T00:07:00.000+07:00,"29616.9,29630,29616.9,29627.5"
2026-05-23T00:08:00.000+07:00,"29627.3,29627.3,29618.1,29619.9"
2026-05-23T00:09:00.000+07:00,"29619.2,29624,29617.2,29622.8"
2026-05-23T00:10:00.000+07:00,"29622.3,29628.5,29618.5,29626.6"
2026-05-23T00:11:00.000+07:00,"29627.4,29627.8,29618.4,29622.5"
2026-05-23T00:12:00.000+07:00,"29623.2,29624.8,29616,29622.6"
2026-05-23T00:13:00.000+07:00,"29622.7,29625.4,29617.2,29621.6"
2026-05-23T00:14:00.000+07:00,"29621.7,29624.7,29618.9,29621.9"
2026-05-23T00:15:00.000+07:00,"29622.7,29628,29622.6,29624.1"
2026-05-23T00:16:00.000+07:00,"29624,29626.1,29619.2,29622.2"
2026-05-23T00:17:00.000+07:00,"29621.6,29622.9,29617.1,29620.9"
2026-05-23T00:18:00.000+07:00,"29620.4,29622.9,29612.5,29612.5"
2026-05-23T00:19:00.000+07:00,"29612.8,29617.2,29574.5,29579.7"
2026-05-23T00:20:00.000+07:00,"29581.1,29606.3,29574.3,29602.5"
2026-05-23T00:21:00.000+07:00,"29602.7,29603.6,29594.9,29601.2"
2026-05-23T00:22:00.000+07:00,"29600.8,29609.2,29599.5,29606"
2026-05-23T00:23:00.000+07:00,"29605.6,29607.2,29597.1,29600.1"
2026-05-23T00:24:00.000+07:00,"29599.7,29606.8,29597.8,29606.1"
2026-05-23T00:25:00.000+07:00,"29605.9,29616,29603.4,29614.7"
2026-05-23T00:26:00.000+07:00,"29614.4,29619.1,29609.7,29613.4"
2026-05-23T00:27:00.000+07:00,"29613.2,29615.2,29607,29613.9"
2026-05-23T00:28:00.000+07:00,"29613.4,29655.9,29610.4,29631.1"
2026-05-23T00:29:00.000+07:00,"29631.5,29662.1,29619.3,29662.1"
2026-05-23T00:30:00.000+07:00,"29661,29672.1,29644.3,29649.4"
2026-05-23T00:31:00.000+07:00,"29650.2,29663.8,29644.8,29648.7"
2026-05-23T00:32:00.000+07:00,"29647.8,29656.9,29635.8,29642"
2026-05-23T00:33:00.000+07:00,"29641.3,29641.9,29626.6,29626.9"
2026-05-23T00:34:00.000+07:00,"29626.7,29631.8,29622.7,29627.9"
2026-05-23T00:35:00.000+07:00,"29619.7,29635.8,29619.4,29630.7"
2026-05-23T00:36:00.000+07:00,"29630.9,29630.9,29610.4,29611.9"
2026-05-23T00:37:00.000+07:00,"29611.1,29630.5,29611.1,29628.3"
2026-05-23T00:38:00.000+07:00,"29628.1,29638.5,29626.8,29634"
2026-05-23T00:39:00.000+07:00,"29635.7,29644.2,29633.2,29642.2"
2026-05-23T00:40:00.000+07:00,"29640.4,29640.8,29632.5,29633.7"
2026-05-23T00:41:00.000+07:00,"29634,29639.6,29630.6,29634"
2026-05-23T00:42:00.000+07:00,"29634.5,29637.3,29629.2,29635.5"
2026-05-23T00:43:00.000+07:00,"29635.2,29640.2,29632.1,29633.3"
2026-05-23T00:44:00.000+07:00,"29633.6,29638.4,29625.1,29625.1"
2026-05-23T00:45:00.000+07:00,"29625.7,29629.2,29619.5,29622"
2026-05-23T00:46:00.000+07:00,"29621.5,29626.1,29617.6,29619.2"
2026-05-23T00:47:00.000+07:00,"29619.7,29631.3,29616.1,29627.7"
2026-05-23T00:48:00.000+07:00,"29628,29632.8,29622.6,29623.7"
2026-05-23T00:49:00.000+07:00,"29624.2,29625.1,29615.4,29616.8"
2026-05-23T00:50:00.000+07:00,"29618.5,29621,29601.6,29606.9"
2026-05-23T00:51:00.000+07:00,"29607.4,29615.8,29599.7,29614.9"
2026-05-23T00:52:00.000+07:00,"29614.5,29617.4,29601.9,29603.3"
2026-05-23T00:53:00.000+07:00,"29602.8,29608.5,29602.3,29605.7"
2026-05-23T00:54:00.000+07:00,"29605.5,29606.4,29588.9,29598.4"
2026-05-23T00:55:00.000+07:00,"29599,29608.7,29598.4,29606.9"
2026-05-23T00:56:00.000+07:00,"29607.8,29607.8,29596.3,29598.4"
2026-05-23T00:57:00.000+07:00,"29598.8,29615.6,29598.7,29613.9"
2026-05-23T00:58:00.000+07:00,"29613.7,29616.5,29610.8,29615"
2026-05-23T00:59:00.000+07:00,"29614.7,29614.7,29602.1,29604.2"
2026-05-23T01:00:00.000+07:00,"29604.7,29608.9,29596.4,29596.4"
2026-05-23T01:01:00.000+07:00,"29596.3,29600.8,29588.9,29599.8"
2026-05-23T01:02:00.000+07:00,"29599.9,29612.4,29597.5,29610.8"
2026-05-23T01:03:00.000+07:00,"29610,29613.9,29605.2,29610.1"
2026-05-23T01:04:00.000+07:00,"29609.4,29613.3,29574.6,29591.3"
2026-05-23T01:05:00.000+07:00,"29590.9,29600.7,29586.1,29595.5"
2026-05-23T01:06:00.000+07:00,"29596.1,29597.8,29588.9,29596.3"
2026-05-23T01:07:00.000+07:00,"29596.5,29607,29593.2,29603"
2026-05-23T01:08:00.000+07:00,"29603.1,29605.5,29600,29602.9"
2026-05-23T01:09:00.000+07:00,"29603.1,29606.6,29601.1,29603.7"
2026-05-23T01:10:00.000+07:00,"29602.5,29611.4,29598.7,29598.9"
2026-05-23T01:11:00.000+07:00,"29598.1,29600.6,29590.1,29592"
2026-05-23T01:12:00.000+07:00,"29591.7,29592.9,29583.3,29588.1"
2026-05-23T01:13:00.000+07:00,"29588,29590.7,29585.9,29588.9"
2026-05-23T01:14:00.000+07:00,"29588.6,29589.9,29581.6,29587.6"
2026-05-23T01:15:00.000+07:00,"29588.4,29589.7,29576.5,29577.9"
2026-05-23T01:16:00.000+07:00,"29578.2,29584.1,29573.9,29583.5"
2026-05-23T01:17:00.000+07:00,"29581.7,29586.8,29578.2,29582.9"
2026-05-23T01:18:00.000+07:00,"29583.3,29594.6,29583.3,29591.7"
2026-05-23T01:19:00.000+07:00,"29591.6,29596.3,29585.1,29586.7"
2026-05-23T01:20:00.000+07:00,"29587.7,29593.4,29584.7,29592.4"
2026-05-23T01:21:00.000+07:00,"29593.4,29594.1,29587.2,29587.4"
2026-05-23T01:22:00.000+07:00,"29587.3,29591.5,29582.2,29591.2"
2026-05-23T01:23:00.000+07:00,"29590.9,29592.9,29588.1,29589.4"
2026-05-23T01:24:00.000+07:00,"29589.3,29597.4,29589.3,29596"
2026-05-23T01:25:00.000+07:00,"29596.2,29597.9,29587.8,29589.3"
2026-05-23T01:26:00.000+07:00,"29589.1,29589.5,29583.2,29583.5"
2026-05-23T01:27:00.000+07:00,"29583.8,29594.3,29581,29594.2"
2026-05-23T01:28:00.000+07:00,"29592.9,29592.9,29579.8,29587.1"
2026-05-23T01:29:00.000+07:00,"29587,29591.6,29584.8,29585.5"
2026-05-23T01:30:00.000+07:00,"29586,29589.4,29575.1,29576.5"
2026-05-23T01:31:00.000+07:00,"29576.8,29579.6,29573.8,29574.9"
2026-05-23T01:32:00.000+07:00,"29574.7,29583.3,29574.5,29578.7"
2026-05-23T01:33:00.000+07:00,"29578.8,29586.4,29573.6,29574.8"
2026-05-23T01:34:00.000+07:00,"29574.9,29576.5,29568.7,29575.8"
2026-05-23T01:35:00.000+07:00,"29575.6,29576.7,29565.7,29568.8"
2026-05-23T01:36:00.000+07:00,"29569.5,29574.1,29564.8,29568.4"
2026-05-23T01:37:00.000+07:00,"29567.7,29572.4,29560.6,29563"
2026-05-23T01:38:00.000+07:00,"29563.5,29565.1,29551.3,29563.4"
2026-05-23T01:39:00.000+07:00,"29563.2,29588.3,29558.6,29580.8"
2026-05-23T01:40:00.000+07:00,"29581.2,29595.4,29578.1,29593.5"
2026-05-23T01:41:00.000+07:00,"29594,29599.3,29588.4,29594.7"
2026-05-23T01:42:00.000+07:00,"29594.6,29597.2,29591.6,29594.6"
2026-05-23T01:43:00.000+07:00,"29594.8,29600.6,29593.3,29598.4"
2026-05-23T01:44:00.000+07:00,"29597.7,29597.9,29591,29593.4"
2026-05-23T01:45:00.000+07:00,"29594.4,29598.8,29578.8,29578.8"
2026-05-23T01:46:00.000+07:00,"29579,29585.3,29579,29584.6"
2026-05-23T01:47:00.000+07:00,"29584.2,29586.6,29569.8,29576.2"
2026-05-23T01:48:00.000+07:00,"29575.8,29579.3,29573.3,29575.3"
2026-05-23T01:49:00.000+07:00,"29576,29580.9,29573.6,29574.6"
2026-05-23T01:50:00.000+07:00,"29574.3,29575.1,29568.4,29571.5"
2026-05-23T01:51:00.000+07:00,"29571.9,29579.8,29569.8,29578.3"
2026-05-23T01:52:00.000+07:00,"29578.6,29580,29571.2,29578"
2026-05-23T01:53:00.000+07:00,"29577.8,29591.4,29575.7,29589.1"
2026-05-23T01:54:00.000+07:00,"29588.5,29594,29585.5,29587"
2026-05-23T01:55:00.000+07:00,"29586.7,29586.7,29580.1,29586.1"
2026-05-23T01:56:00.000+07:00,"29585.7,29586.8,29580.3,29584.4"
2026-05-23T01:57:00.000+07:00,"29584.7,29586,29579.3,29579.8"
2026-05-23T01:58:00.000+07:00,"29579.9,29583,29576.9,29577.2"
2026-05-23T01:59:00.000+07:00,"29577.4,29577.7,29573.5,29576.7"
2026-05-23T02:00:00.000+07:00,"29577,29578.3,29572.3,29574.3"
2026-05-23T02:01:00.000+07:00,"29574.2,29586.4,29563.5,29566.5"
2026-05-23T02:02:00.000+07:00,"29567,29578.9,29536.1,29537.9"
2026-05-23T02:03:00.000+07:00,"29534.4,29553.8,29528.9,29544.4"
2026-05-23T02:04:00.000+07:00,"29544.3,29548.9,29536.1,29547.2"
2026-05-23T02:05:00.000+07:00,"29547.4,29552.6,29543,29544"
2026-05-23T02:06:00.000+07:00,"29543.6,29543.8,29518,29521.1"
2026-05-23T02:07:00.000+07:00,"29521.9,29544.5,29521,29539.2"
2026-05-23T02:08:00.000+07:00,"29539.3,29543.4,29529.5,29529.5"
2026-05-23T02:09:00.000+07:00,"29529.8,29538.1,29524.2,29537.3"
2026-05-23T02:10:00.000+07:00,"29537,29546.3,29534.1,29537.1"
2026-05-23T02:11:00.000+07:00,"29537.3,29540.4,29529.9,29534.5"
2026-05-23T02:12:00.000+07:00,"29533.9,29540.7,29530.2,29540.1"
2026-05-23T02:13:00.000+07:00,"29539.3,29542.5,29533.6,29536"
2026-05-23T02:14:00.000+07:00,"29535.7,29535.7,29517,29526.7"
2026-05-23T02:15:00.000+07:00,"29526.3,29529.1,29515.5,29518.5"
2026-05-23T02:16:00.000+07:00,"29517,29518.6,29504.8,29514.7"
2026-05-23T02:17:00.000+07:00,"29515.4,29515.6,29507.2,29514.4"
2026-05-23T02:18:00.000+07:00,"29512.5,29522.8,29510.6,29521.9"
2026-05-23T02:19:00.000+07:00,"29522.1,29527.5,29518.8,29520"
2026-05-23T02:20:00.000+07:00,"29518.1,29518.1,29507.2,29509.7"
2026-05-23T02:21:00.000+07:00,"29509.9,29514.1,29499.9,29499.9"
2026-05-23T02:22:00.000+07:00,"29500.7,29505.9,29495.9,29502.5"
2026-05-23T02:23:00.000+07:00,"29503.2,29508.9,29501.1,29507.8"
2026-05-23T02:24:00.000+07:00,"29508.2,29513,29498.4,29502.3"
2026-05-23T02:25:00.000+07:00,"29502.2,29504.7,29500.6,29501.2"
2026-05-23T02:26:00.000+07:00,"29500.6,29500.6,29490.7,29492.9"
2026-05-23T02:27:00.000+07:00,"29493.1,29498,29487.3,29491.6"
2026-05-23T02:28:00.000+07:00,"29492.1,29497,29489.2,29492.8"
2026-05-23T02:29:00.000+07:00,"29492.2,29492.2,29468.8,29475.8"
2026-05-23T02:30:00.000+07:00,"29475.2,29477.2,29465.5,29465.5"
2026-05-23T02:31:00.000+07:00,"29466.3,29482,29459.6,29477.2"
2026-05-23T02:32:00.000+07:00,"29476,29489.4,29468.9,29488.6"
2026-05-23T02:33:00.000+07:00,"29488.7,29493.1,29486.4,29491.5"
2026-05-23T02:34:00.000+07:00,"29491.4,29497.9,29489.8,29494.5"
2026-05-23T02:35:00.000+07:00,"29495.3,29503.5,29492.2,29502.6"
2026-05-23T02:36:00.000+07:00,"29502.2,29510.9,29499.7,29510.9"
2026-05-23T02:37:00.000+07:00,"29510.8,29510.8,29495.7,29498.3"
2026-05-23T02:38:00.000+07:00,"29498.2,29498.2,29485.7,29493.5"
2026-05-23T02:39:00.000+07:00,"29494.3,29502.1,29494.1,29499.6"
2026-05-23T02:40:00.000+07:00,"29499.7,29505.2,29498.8,29501.3"
2026-05-23T02:41:00.000+07:00,"29501.4,29501.7,29482.3,29487.6"
2026-05-23T02:42:00.000+07:00,"29487.8,29487.8,29478.2,29478.2"
2026-05-23T02:43:00.000+07:00,"29477.2,29488.7,29477.1,29486.1"
2026-05-23T02:44:00.000+07:00,"29486,29493.3,29482.2,29485.8"
2026-05-23T02:45:00.000+07:00,"29484.1,29484.7,29477.7,29477.8"
2026-05-23T02:46:00.000+07:00,"29475.9,29478,29457.1,29466.1"
2026-05-23T02:47:00.000+07:00,"29465.7,29477.7,29465.6,29472.9"
2026-05-23T02:48:00.000+07:00,"29471.7,29476.2,29470.1,29472.8"
2026-05-23T02:49:00.000+07:00,"29473.3,29479.9,29469.8,29479.4"
2026-05-23T02:50:00.000+07:00,"29473.9,29487.3,29459.9,29487.3"
2026-05-23T02:51:00.000+07:00,"29486.7,29487,29464.5,29467.7"
2026-05-23T02:52:00.000+07:00,"29467,29479.3,29462,29477.1"
2026-05-23T02:53:00.000+07:00,"29476.6,29487.2,29471.1,29471.5"
2026-05-23T02:54:00.000+07:00,"29471.1,29475,29465.9,29469.7"
2026-05-23T02:55:00.000+07:00,"29468.6,29493.9,29468.6,29492.6"
2026-05-23T02:56:00.000+07:00,"29488.8,29496.1,29487.8,29493.2"
2026-05-23T02:57:00.000+07:00,"29493.1,29501.3,29491.3,29498.3"
2026-05-23T02:58:00.000+07:00,"29498.5,29499.3,29492.9,29498.3"
2026-05-23T02:59:00.000+07:00,"29498,29505.4,29472.8,29475.5"
2026-05-23T03:00:00.000+07:00,"29483.2,29502,29473,29480.5"
2026-05-23T03:01:00.000+07:00,"29480.7,29483.6,29468.6,29474.4"
2026-05-23T03:02:00.000+07:00,"29473.9,29475.4,29465.4,29473.4"
2026-05-23T03:03:00.000+07:00,"29471.9,29480.3,29470.6,29478.7"
2026-05-23T03:04:00.000+07:00,"29479,29486.8,29475.6,29477.8"
2026-05-23T03:05:00.000+07:00,"29475.8,29485,29475.8,29482.9"
2026-05-23T03:06:00.000+07:00,"29483.2,29483.2,29476.6,29481.9"
2026-05-23T03:07:00.000+07:00,"29481.7,29484.9,29478,29484.9"
2026-05-23T03:08:00.000+07:00,"29484.4,29486.3,29478.4,29478.9"
2026-05-23T03:09:00.000+07:00,"29479,29483.2,29478.1,29481.2"
2026-05-23T03:10:00.000+07:00,"29481,29481.4,29478.5,29480.5"
2026-05-23T03:11:00.000+07:00,"29481,29481.8,29477.3,29478.9"
2026-05-23T03:12:00.000+07:00,"29479.4,29482,29477.8,29478.1"
2026-05-23T03:13:00.000+07:00,"29478,29490.7,29478,29485.8"
2026-05-23T03:14:00.000+07:00,"29485.6,29489.5,29482.6,29484.3"
2026-05-23T03:15:00.000+07:00,"29484.8,29485.5,29476.6,29477.5"
2026-05-23T03:16:00.000+07:00,"29478.5,29478.6,29468.2,29468.6"
2026-05-23T03:17:00.000+07:00,"29468.7,29470.2,29467.1,29467.7"
2026-05-23T03:18:00.000+07:00,"29467.6,29475.1,29464.7,29473.1"
2026-05-23T03:19:00.000+07:00,"29472.7,29476,29468.4,29473.4"
2026-05-23T03:20:00.000+07:00,"29473.1,29473.6,29471.2,29473.3"
2026-05-23T03:21:00.000+07:00,"29473.4,29475.1,29468.5,29471.9"
2026-05-23T03:22:00.000+07:00,"29471.6,29471.9,29465.5,29471"
2026-05-23T03:23:00.000+07:00,"29471.3,29472.3,29469,29469.5"
2026-05-23T03:24:00.000+07:00,"29469,29470.3,29465,29465.8"
2026-05-23T03:25:00.000+07:00,"29465.6,29472.7,29465.6,29468"
2026-05-23T03:26:00.000+07:00,"29468.3,29472.4,29466.8,29471.4"
2026-05-23T03:27:00.000+07:00,"29471.6,29475.5,29470.7,29473.5"
2026-05-23T03:28:00.000+07:00,"29473,29474.9,29471,29473.8"
2026-05-23T03:29:00.000+07:00,"29472.3,29475.1,29471.6,29472.1"
2026-05-23T03:30:00.000+07:00,"29472.6,29474.4,29470.6,29473.8"
2026-05-23T03:31:00.000+07:00,"29474.1,29474.7,29426.5,29462.8"
2026-05-23T03:32:00.000+07:00,"29463,29472.5,29449.5,29456.4"
2026-05-23T03:33:00.000+07:00,"29455.2,29463.5,29453.9,29460.2"
2026-05-23T03:34:00.000+07:00,"29461.2,29463.2,29450.8,29458.7"
2026-05-23T03:35:00.000+07:00,"29458.4,29458.8,29450.8,29458.5"
2026-05-23T03:36:00.000+07:00,"29457,29461.5,29455.8,29459.1"
2026-05-23T03:37:00.000+07:00,"29460.9,29462.2,29457.7,29460.7"
2026-05-23T03:38:00.000+07:00,"29460,29463.2,29457.7,29461"
2026-05-23T03:39:00.000+07:00,"29461.1,29462.7,29452,29453.2"
2026-05-23T03:40:00.000+07:00,"29455.4,29455.8,29448.8,29452.3"
2026-05-23T03:41:00.000+07:00,"29452.5,29456.9,29451.7,29455.3"
2026-05-23T03:42:00.000+07:00,"29453.5,29460.5,29450.8,29459.5"
2026-05-23T03:43:00.000+07:00,"29457.8,29458.5,29453.4,29455.9"
2026-05-23T03:44:00.000+07:00,"29455.7,29456.7,29451.7,29454.3"
2026-05-23T03:45:00.000+07:00,"29455.3,29455.3,29450.1,29453.8"
2026-05-23T03:46:00.000+07:00,"29452.6,29457.2,29447.1,29455.2"
2026-05-23T03:47:00.000+07:00,"29455.7,29459,29448.7,29449.5"
2026-05-23T03:48:00.000+07:00,"29450.3,29453,29450,29452.7"
2026-05-23T03:49:00.000+07:00,"29453.5,29454.7,29448.7,29454"
2026-05-23T03:50:00.000+07:00,"29453.7,29458.7,29450,29458.6"
2026-05-23T03:51:00.000+07:00,"29458.8,29460.4,29455.3,29457.8"
2026-05-23T03:52:00.000+07:00,"29458.1,29459.7,29452.2,29458.9"
2026-05-23T03:53:00.000+07:00,"29459.2,29460.4,29454.4,29458.2"
2026-05-23T03:54:00.000+07:00,"29457.7,29462.2,29457.7,29460.7"
2026-05-23T03:55:00.000+07:00,"29460.4,29462.5,29457.1,29457.9"
2026-05-23T03:56:00.000+07:00,"29458.1,29460.1,29455.5,29460.1"
2026-05-23T03:57:00.000+07:00,"29460.6,29460.8,29447.6,29450.4"
2026-05-23T03:58:00.000+07:00,"29449.4,29455.9,29447.6,29454.9"
2026-05-23T03:59:00.000+07:00,"29456.2,29456.5,29444.5,29444.7"
2026-05-25T05:00:00.000+07:00,"29649.9,29680.4,29646.3,29675.8"
2026-05-25T05:01:00.000+07:00,"29673.4,29693.5,29673.4,29691.3"
2026-05-25T05:02:00.000+07:00,"29690.1,29697.1,29674.8,29678.2"
2026-05-25T05:03:00.000+07:00,"29681.9,29691.6,29672.2,29673.9"
2026-05-25T05:04:00.000+07:00,"29674.9,29675.6,29667.2,29669.8"
2026-05-25T05:05:00.000+07:00,"29669.9,29690.5,29669,29688.8"
2026-05-25T05:06:00.000+07:00,"29689,29698.5,29674.6,29684.8"
2026-05-25T05:07:00.000+07:00,"29685.1,29689,29677.5,29679.1"
2026-05-25T05:08:00.000+07:00,"29679.3,29683.5,29675.1,29677.5"
2026-05-25T05:09:00.000+07:00,"29677.6,29692.4,29676.6,29691.5"
2026-05-25T05:10:00.000+07:00,"29690.7,29693.8,29685.6,29688.1"
2026-05-25T05:11:00.000+07:00,"29688,29689.7,29685.1,29686"
2026-05-25T05:12:00.000+07:00,"29685.7,29686.9,29676.1,29682.7"
2026-05-25T05:13:00.000+07:00,"29683.7,29697.3,29683.7,29694.6"
2026-05-25T05:14:00.000+07:00,"29694.5,29702.2,29694,29696.2"
2026-05-25T05:15:00.000+07:00,"29696.3,29706.2,29690.6,29692.3"
2026-05-25T05:16:00.000+07:00,"29692,29697.6,29681.7,29694.7"
2026-05-25T05:17:00.000+07:00,"29695.3,29707.8,29694.2,29701.5"
2026-05-25T05:18:00.000+07:00,"29701.7,29707.1,29699.1,29701.4"
2026-05-25T05:19:00.000+07:00,"29700.4,29706.9,29700.1,29701.1"
2026-05-25T05:20:00.000+07:00,"29700.9,29705.9,29700.9,29702.7"
2026-05-25T05:21:00.000+07:00,"29702.6,29702.6,29693.4,29697"
2026-05-25T05:22:00.000+07:00,"29696.8,29699.4,29692.3,29699.4"
2026-05-25T05:23:00.000+07:00,"29700,29702.1,29693.3,29697.5"
2026-05-25T05:24:00.000+07:00,"29697.9,29698.7,29690,29695.5"
2026-05-25T05:25:00.000+07:00,"29695.4,29701.6,29694.8,29697.1"
2026-05-25T05:26:00.000+07:00,"29697,29703.1,29693.7,29698.5"
2026-05-25T05:27:00.000+07:00,"29698.3,29703.5,29698,29702.7"
2026-05-25T05:28:00.000+07:00,"29702.6,29705.3,29698.3,29700.8"
2026-05-25T05:29:00.000+07:00,"29701.1,29702.6,29696.9,29697.6"
2026-05-25T05:30:00.000+07:00,"29697.5,29705.2,29697.5,29703.6"
2026-05-25T05:31:00.000+07:00,"29703.5,29716.8,29703,29713.4"
2026-05-25T05:32:00.000+07:00,"29714.4,29731.6,29713.1,29727.4"
2026-05-25T05:33:00.000+07:00,"29727.2,29729.1,29722,29726.3"
2026-05-25T05:34:00.000+07:00,"29726.5,29727,29715.5,29718.7"
2026-05-25T05:35:00.000+07:00,"29717.9,29726.9,29717,29717.9"
2026-05-25T05:36:00.000+07:00,"29718.1,29720.8,29714.3,29720.6"
2026-05-25T05:37:00.000+07:00,"29720.5,29723.2,29717.8,29722.4"
2026-05-25T05:38:00.000+07:00,"29721.7,29721.7,29712.2,29717.2"
2026-05-25T05:39:00.000+07:00,"29717.1,29719.8,29715.4,29716.9"
2026-05-25T05:40:00.000+07:00,"29716.8,29720.2,29711.3,29712.3"
2026-05-25T05:41:00.000+07:00,"29713.3,29717.1,29709.6,29715.8"
2026-05-25T05:42:00.000+07:00,"29715.9,29719.1,29715.5,29717.7"
2026-05-25T05:43:00.000+07:00,"29716.7,29729.2,29716.5,29723"
2026-05-25T05:44:00.000+07:00,"29723.1,29727.7,29721.6,29726.1"
2026-05-25T05:45:00.000+07:00,"29726.6,29729.3,29725.6,29728.8"
2026-05-25T05:46:00.000+07:00,"29729.5,29742.4,29729.1,29734.1"
2026-05-25T05:47:00.000+07:00,"29734.3,29741.2,29733.7,29741.1"
2026-05-25T05:48:00.000+07:00,"29741.3,29744.5,29738.4,29738.4"
2026-05-25T05:49:00.000+07:00,"29738.5,29741.7,29737.8,29740.6"
2026-05-25T05:50:00.000+07:00,"29740.5,29747.1,29740.5,29744.3"
2026-05-25T05:51:00.000+07:00,"29744.2,29747.3,29741.3,29741.3"
2026-05-25T05:52:00.000+07:00,"29741.2,29741.5,29735,29735.6"
2026-05-25T05:53:00.000+07:00,"29735.7,29737.2,29734.3,29736.8"
2026-05-25T05:54:00.000+07:00,"29737,29737.2,29733.5,29737"
2026-05-25T05:55:00.000+07:00,"29737.3,29737.8,29729.2,29732"
2026-05-25T05:56:00.000+07:00,"29732.2,29734.5,29730.8,29731.5"
2026-05-25T05:57:00.000+07:00,"29731.3,29734.6,29728.7,29734.1"
2026-05-25T05:58:00.000+07:00,"29733.3,29735.5,29731.9,29733.4"
2026-05-25T05:59:00.000+07:00,"29733.6,29734.2,29730.1,29730.4"
2026-05-25T06:00:00.000+07:00,"29730.5,29747.7,29730.5,29747.1"
2026-05-25T06:01:00.000+07:00,"29746.4,29747.1,29740.4,29743.2"
2026-05-25T06:02:00.000+07:00,"29743.5,29747.7,29742,29742.3"
2026-05-25T06:03:00.000+07:00,"29742.6,29744.2,29739.7,29740.9"
2026-05-25T06:04:00.000+07:00,"29741,29743.7,29739.8,29740.6"
2026-05-25T06:05:00.000+07:00,"29740.9,29747.6,29739.8,29746.4"
2026-05-25T06:06:00.000+07:00,"29746.5,29748.3,29743.5,29745.5"
2026-05-25T06:07:00.000+07:00,"29745.4,29755.8,29743.6,29746.9"
2026-05-25T06:08:00.000+07:00,"29746.1,29746.8,29741.1,29743.7"
2026-05-25T06:09:00.000+07:00,"29744,29747,29742.9,29743.2"
2026-05-25T06:10:00.000+07:00,"29743.4,29748.5,29743.4,29745.8"
2026-05-25T06:11:00.000+07:00,"29745.5,29747.4,29742.8,29743.6"
2026-05-25T06:12:00.000+07:00,"29743.5,29744.2,29742.2,29742.2"
2026-05-25T06:13:00.000+07:00,"29742,29748.9,29741.5,29747.2"
2026-05-25T06:14:00.000+07:00,"29747.3,29747.6,29743.4,29746.2"
2026-05-25T06:15:00.000+07:00,"29746.3,29747.3,29744.9,29745.3"
2026-05-25T06:16:00.000+07:00,"29745.5,29745.6,29739.4,29741.3"
2026-05-25T06:17:00.000+07:00,"29741.2,29743,29738.1,29739.5"
2026-05-25T06:18:00.000+07:00,"29739.6,29740.5,29737.7,29739.2"
2026-05-25T06:19:00.000+07:00,"29739.3,29742.4,29739.3,29741.9"
2026-05-25T06:20:00.000+07:00,"29741.7,29744,29739.4,29740.6"
2026-05-25T06:21:00.000+07:00,"29740.7,29744.2,29740,29741.5"
2026-05-25T06:22:00.000+07:00,"29741.6,29741.8,29738.9,29738.9"
2026-05-25T06:23:00.000+07:00,"29742.7,29743.6,29735.5,29736.6"
2026-05-25T06:24:00.000+07:00,"29736.9,29740.4,29734.7,29736.9"
2026-05-25T06:25:00.000+07:00,"29737.1,29737.8,29728.6,29729"
2026-05-25T06:26:00.000+07:00,"29729.4,29735.1,29729.2,29734.7"
2026-05-25T06:27:00.000+07:00,"29734.8,29737.4,29733.1,29736.3"
2026-05-25T06:28:00.000+07:00,"29736.5,29738.9,29734.1,29738.2"
2026-05-25T06:29:00.000+07:00,"29738.5,29739.9,29733.1,29733.6"
2026-05-25T06:30:00.000+07:00,"29734.6,29746.5,29734.1,29743"
2026-05-25T06:31:00.000+07:00,"29742.9,29754.8,29742.4,29751"
2026-05-25T06:32:00.000+07:00,"29751.3,29763.6,29751.3,29758.1"
2026-05-25T06:33:00.000+07:00,"29758.3,29761.2,29754.3,29757.8"
2026-05-25T06:34:00.000+07:00,"29758,29787.8,29756.6,29775.4"
2026-05-25T06:35:00.000+07:00,"29774.7,29805.9,29769.7,29795"
2026-05-25T06:36:00.000+07:00,"29795.8,29797.3,29787.9,29790.4"
2026-05-25T06:37:00.000+07:00,"29790.2,29796.5,29783,29784"
2026-05-25T06:38:00.000+07:00,"29784.3,29796.3,29783.5,29793.4"
2026-05-25T06:39:00.000+07:00,"29793.2,29796.9,29788,29788.5"
2026-05-25T06:40:00.000+07:00,"29788.6,29788.8,29781.2,29781.5"
2026-05-25T06:41:00.000+07:00,"29781.4,29784.5,29780,29780.1"
2026-05-25T06:42:00.000+07:00,"29780.8,29785.9,29780.1,29785.9"
2026-05-25T06:43:00.000+07:00,"29785.6,29787.1,29781.3,29786.4"
2026-05-25T06:44:00.000+07:00,"29786.3,29788.9,29780.2,29782.2"
2026-05-25T06:45:00.000+07:00,"29781.2,29787.8,29774.5,29787.8"
2026-05-25T06:46:00.000+07:00,"29790,29790.4,29780.4,29781.4"
2026-05-25T06:47:00.000+07:00,"29781.3,29781.6,29776,29779.3"
2026-05-25T06:48:00.000+07:00,"29779.1,29783.3,29776,29777.2"
2026-05-25T06:49:00.000+07:00,"29777.4,29778.8,29771.5,29772.1"
2026-05-25T06:50:00.000+07:00,"29772,29772,29761.6,29762.4"
2026-05-25T06:51:00.000+07:00,"29763.5,29768.5,29762.8,29765.6"
2026-05-25T06:52:00.000+07:00,"29765.5,29773.5,29764,29768.2"
2026-05-25T06:53:00.000+07:00,"29766.9,29771.8,29766.9,29770.9"
2026-05-25T06:54:00.000+07:00,"29770.7,29772.7,29766.8,29767.8"
2026-05-25T06:55:00.000+07:00,"29767.1,29767.9,29761.1,29762.6"
2026-05-25T06:56:00.000+07:00,"29762.7,29766.5,29761.9,29766.5"
2026-05-25T06:57:00.000+07:00,"29766.4,29766.4,29762.8,29765.8"
2026-05-25T06:58:00.000+07:00,"29766.1,29767.9,29762.8,29764.8"
2026-05-25T06:59:00.000+07:00,"29765,29767.6,29763.1,29767.5"
2026-05-25T07:00:00.000+07:00,"29767.8,29779.7,29763.5,29778.2"
2026-05-25T07:01:00.000+07:00,"29778.4,29779.7,29769.5,29770.4"
2026-05-25T07:02:00.000+07:00,"29769.2,29769.8,29749.2,29756.5"
2026-05-25T07:03:00.000+07:00,"29756.6,29770.3,29755.1,29768.2"
2026-05-25T07:04:00.000+07:00,"29767.8,29773.2,29766.4,29767.9"
2026-05-25T07:05:00.000+07:00,"29768,29777.5,29767.7,29777.3"
2026-05-25T07:06:00.000+07:00,"29777.2,29788.4,29773.7,29784.2"
2026-05-25T07:07:00.000+07:00,"29784.4,29789.9,29777.6,29789.3"
2026-05-25T07:08:00.000+07:00,"29791.4,29794.9,29784.2,29785.1"
2026-05-25T07:09:00.000+07:00,"29785.2,29788,29781.7,29787.9"
2026-05-25T07:10:00.000+07:00,"29788.1,29795,29788.1,29791.2"
2026-05-25T07:11:00.000+07:00,"29790.7,29792.2,29786.7,29788"
2026-05-25T07:12:00.000+07:00,"29787.9,29789.6,29784.1,29787.7"
2026-05-25T07:13:00.000+07:00,"29787.8,29790.4,29785.5,29789.4"
2026-05-25T07:14:00.000+07:00,"29789.6,29793.9,29788.5,29792.5"
2026-05-25T07:15:00.000+07:00,"29793.4,29794.9,29788.4,29792.1"
2026-05-25T07:16:00.000+07:00,"29792.4,29794.6,29789,29790.6"
2026-05-25T07:17:00.000+07:00,"29790,29790,29783.3,29784"
2026-05-25T07:18:00.000+07:00,"29783.5,29794.3,29783.5,29792.6"
2026-05-25T07:19:00.000+07:00,"29793,29797.3,29789.4,29791.4"
2026-05-25T07:20:00.000+07:00,"29791.6,29793.4,29787.2,29789.3"
2026-05-25T07:21:00.000+07:00,"29789.1,29791.1,29785.5,29788.7"
2026-05-25T07:22:00.000+07:00,"29788.5,29797.5,29786.9,29794.6"
2026-05-25T07:23:00.000+07:00,"29794.5,29811.9,29793.8,29808"
2026-05-25T07:24:00.000+07:00,"29808.1,29812.5,29803.1,29811"
2026-05-25T07:25:00.000+07:00,"29810.9,29815.6,29802.1,29803.4"
2026-05-25T07:26:00.000+07:00,"29802.6,29806.9,29798.3,29806.9"
2026-05-25T07:27:00.000+07:00,"29806.8,29808.6,29801.3,29805.4"
2026-05-25T07:28:00.000+07:00,"29806.1,29807.5,29802.1,29802.7"
2026-05-25T07:29:00.000+07:00,"29802.6,29808.4,29802.5,29807.4"
2026-05-25T07:30:00.000+07:00,"29807.1,29824.4,29807.1,29824.1"
2026-05-25T07:31:00.000+07:00,"29823.7,29824.3,29814.2,29816.4"
2026-05-25T07:32:00.000+07:00,"29816.3,29819.3,29813.3,29814"
2026-05-25T07:33:00.000+07:00,"29814.2,29817.1,29813.5,29815.9"
2026-05-25T07:34:00.000+07:00,"29815.8,29817.8,29812.5,29814.6"
2026-05-25T07:35:00.000+07:00,"29814.5,29816.9,29812.6,29813.8"
2026-05-25T07:36:00.000+07:00,"29813.5,29827,29813.4,29824.5"
2026-05-25T07:37:00.000+07:00,"29824.6,29825.2,29818.1,29819.9"
2026-05-25T07:38:00.000+07:00,"29819.8,29833.8,29818.4,29833.6"
2026-05-25T07:39:00.000+07:00,"29834.3,29839.9,29830.1,29835.5"
2026-05-25T07:40:00.000+07:00,"29835.3,29835.3,29825.4,29828.5"
2026-05-25T07:41:00.000+07:00,"29827.8,29840.1,29827.6,29837.9"
2026-05-25T07:42:00.000+07:00,"29837.8,29843.1,29834.6,29841.1"
2026-05-25T07:43:00.000+07:00,"29840.7,29842.3,29835.8,29839"
2026-05-25T07:44:00.000+07:00,"29838.9,29839.6,29834.9,29836.7"
2026-05-25T07:45:00.000+07:00,"29837.7,29840.4,29833.5,29834.7"
2026-05-25T07:46:00.000+07:00,"29834.2,29838.7,29832.2,29835.5"
2026-05-25T07:47:00.000+07:00,"29835.8,29836.6,29831.2,29836.6"
2026-05-25T07:48:00.000+07:00,"29836.4,29837.2,29833.1,29835.6"
2026-05-25T07:49:00.000+07:00,"29834.4,29856.5,29833.2,29851.6"
2026-05-25T07:50:00.000+07:00,"29851,29853,29840.4,29847.8"
2026-05-25T07:51:00.000+07:00,"29847,29847.1,29839.3,29840.6"
2026-05-25T07:52:00.000+07:00,"29840.8,29842.4,29836.3,29837.8"
2026-05-25T07:53:00.000+07:00,"29837.5,29842.6,29833.9,29841.2"
2026-05-25T07:54:00.000+07:00,"29840.9,29844.5,29837.4,29838.4"
2026-05-25T07:55:00.000+07:00,"29838.2,29839.2,29835.1,29835.1"
2026-05-25T07:56:00.000+07:00,"29835.3,29839.3,29833.4,29835.4"
2026-05-25T07:57:00.000+07:00,"29835.5,29836.9,29833.7,29834"
2026-05-25T07:58:00.000+07:00,"29833.7,29836.9,29829.7,29831.9"
2026-05-25T07:59:00.000+07:00,"29832,29840,29829.4,29838.8"
2026-05-25T08:00:00.000+07:00,"29840.2,29852.2,29840.2,29844.2"
2026-05-25T08:01:00.000+07:00,"29844.1,29844.3,29835.5,29837.6"
2026-05-25T08:02:00.000+07:00,"29837.5,29845.5,29835.1,29844.1"
2026-05-25T08:03:00.000+07:00,"29843.9,29849.6,29839.6,29846"
2026-05-25T08:04:00.000+07:00,"29845.2,29846.5,29839.4,29842.6"
2026-05-25T08:05:00.000+07:00,"29842.3,29844.5,29836,29838.1"
2026-05-25T08:06:00.000+07:00,"29837.6,29839.5,29835.9,29837.4"
2026-05-25T08:07:00.000+07:00,"29837.2,29840.1,29835.1,29836.5"
2026-05-25T08:08:00.000+07:00,"29836.8,29839.5,29832.1,29833.1"
2026-05-25T08:09:00.000+07:00,"29836.3,29839.7,29835.7,29838.5"
2026-05-25T08:10:00.000+07:00,"29839.3,29842.2,29833.4,29834"
2026-05-25T08:11:00.000+07:00,"29834.9,29840.5,29834.6,29840.4"
2026-05-25T08:12:00.000+07:00,"29840.8,29845.6,29840.1,29840.1"
2026-05-25T08:13:00.000+07:00,"29840.5,29843.9,29837.5,29843.4"
2026-05-25T08:14:00.000+07:00,"29843.5,29846.4,29842.1,29844.8"
2026-05-25T08:15:00.000+07:00,"29844.9,29848.5,29842,29842.3"
2026-05-25T08:16:00.000+07:00,"29842.2,29846.2,29840.5,29845.8"
2026-05-25T08:17:00.000+07:00,"29845.3,29845.7,29840.8,29844.7"
2026-05-25T08:18:00.000+07:00,"29844.6,29844.6,29840.1,29840.1"
2026-05-25T08:19:00.000+07:00,"29840.8,29843.6,29837.4,29842.7"
2026-05-25T08:20:00.000+07:00,"29842.8,29845.5,29839.1,29841.6"
2026-05-25T08:21:00.000+07:00,"29841.3,29846.6,29841.3,29843.8"
2026-05-25T08:22:00.000+07:00,"29843.1,29848.8,29840.8,29848.1"
2026-05-25T08:23:00.000+07:00,"29847.3,29850.9,29846.6,29849.4"
2026-05-25T08:24:00.000+07:00,"29849.3,29852.5,29846.4,29849.8"
2026-05-25T08:25:00.000+07:00,"29850.1,29852.6,29845.9,29847.3"
2026-05-25T08:26:00.000+07:00,"29847.2,29849.5,29843.9,29847.1"
2026-05-25T08:27:00.000+07:00,"29847.2,29850.3,29844,29844.8"
2026-05-25T08:28:00.000+07:00,"29845,29846.8,29843.5,29846.1"
2026-05-25T08:29:00.000+07:00,"29846.6,29849.9,29845.8,29849.3"
2026-05-25T08:30:00.000+07:00,"29849.4,29852.4,29844.8,29850.1"
2026-05-25T08:31:00.000+07:00,"29850,29866.8,29849.7,29864.1"
2026-05-25T08:32:00.000+07:00,"29863.6,29868.3,29854.5,29854.5"
2026-05-25T08:33:00.000+07:00,"29854.6,29867.6,29854.6,29864.7"
2026-05-25T08:34:00.000+07:00,"29864.8,29865.4,29861.2,29862.6"
2026-05-25T08:35:00.000+07:00,"29862.4,29866.6,29862.2,29865.8"
2026-05-25T08:36:00.000+07:00,"29865.6,29872.2,29858,29858.4"
2026-05-25T08:37:00.000+07:00,"29858.5,29861.7,29857.2,29859.3"
2026-05-25T08:38:00.000+07:00,"29859.4,29859.6,29853.1,29854.2"
2026-05-25T08:39:00.000+07:00,"29854,29857.6,29852.2,29857.6"
2026-05-25T08:40:00.000+07:00,"29857.1,29858.6,29848.5,29849"
2026-05-25T08:41:00.000+07:00,"29848.9,29853.5,29848.9,29853.3"
2026-05-25T08:42:00.000+07:00,"29853.2,29853.4,29850.2,29850.5"
2026-05-25T08:43:00.000+07:00,"29850.3,29858,29850.1,29857"
2026-05-25T08:44:00.000+07:00,"29856.9,29858.5,29855.4,29857.2"
2026-05-25T08:45:00.000+07:00,"29857.1,29859.7,29852.9,29854.1"
2026-05-25T08:46:00.000+07:00,"29854,29854.8,29846.6,29847"
2026-05-25T08:47:00.000+07:00,"29847.2,29851.7,29846.8,29851.2"
2026-05-25T08:48:00.000+07:00,"29851.3,29851.7,29848.7,29850.7"
2026-05-25T08:49:00.000+07:00,"29850.8,29852.1,29847.6,29850.2"
2026-05-25T08:50:00.000+07:00,"29850.4,29851.7,29848.8,29850"
2026-05-25T08:51:00.000+07:00,"29849.9,29852.5,29849.7,29849.7"
2026-05-25T08:52:00.000+07:00,"29849.5,29852.1,29849.5,29850.7"
2026-05-25T08:53:00.000+07:00,"29850.9,29852.1,29847.9,29851.7"
2026-05-25T08:54:00.000+07:00,"29851.9,29854.3,29851.2,29851.7"
2026-05-25T08:55:00.000+07:00,"29851.4,29857.4,29851.2,29857.4"
2026-05-25T08:56:00.000+07:00,"29857.1,29857.2,29852.3,29853.9"
2026-05-25T08:57:00.000+07:00,"29853.7,29854,29845.2,29845.4"
2026-05-25T08:58:00.000+07:00,"29845.6,29848.6,29844.4,29845.8"
2026-05-25T08:59:00.000+07:00,"29845.5,29848.1,29844.2,29847"
2026-05-25T09:00:00.000+07:00,"29847.6,29850,29847.6,29848.3"
2026-05-25T09:01:00.000+07:00,"29848.8,29849.1,29843.4,29843.4"
2026-05-25T09:02:00.000+07:00,"29843.5,29848.4,29843.5,29847.5"
2026-05-25T09:03:00.000+07:00,"29847.4,29850.3,29845.5,29847.3"
2026-05-25T09:04:00.000+07:00,"29847.2,29850.3,29844,29845.2"
2026-05-25T09:05:00.000+07:00,"29845.1,29846.1,29841.3,29845.9"
2026-05-25T09:06:00.000+07:00,"29846,29855.8,29845.4,29853.4"
2026-05-25T09:07:00.000+07:00,"29853.3,29859.6,29853.3,29853.7"
2026-05-25T09:08:00.000+07:00,"29852.3,29853.1,29848.3,29851.7"
2026-05-25T09:09:00.000+07:00,"29851.8,29852.3,29846.9,29850.9"
2026-05-25T09:10:00.000+07:00,"29851,29857.1,29849.5,29853.9"
2026-05-25T09:11:00.000+07:00,"29854,29854.4,29851.2,29851.5"
2026-05-25T09:12:00.000+07:00,"29850.9,29854.1,29850.7,29851.6"
2026-05-25T09:13:00.000+07:00,"29851.7,29851.9,29848.5,29849"
2026-05-25T09:14:00.000+07:00,"29849.1,29849.5,29846.6,29846.8"
2026-05-25T09:15:00.000+07:00,"29847,29847,29842.4,29843.7"
2026-05-25T09:16:00.000+07:00,"29843.8,29843.8,29832.4,29834.2"
2026-05-25T09:17:00.000+07:00,"29833.6,29839.8,29833.6,29838.5"
2026-05-25T09:18:00.000+07:00,"29838.7,29842.5,29837.4,29842.5"
2026-05-25T09:19:00.000+07:00,"29842.6,29842.6,29839.1,29841.7"
2026-05-25T09:20:00.000+07:00,"29841.6,29842,29836.2,29839.9"
2026-05-25T09:21:00.000+07:00,"29839.8,29840.5,29838.5,29838.7"
2026-05-25T09:22:00.000+07:00,"29838.5,29839.6,29834.7,29836.7"
2026-05-25T09:23:00.000+07:00,"29837.7,29843.6,29837.2,29843.6"
2026-05-25T09:24:00.000+07:00,"29843.5,29843.5,29838.1,29841.2"
2026-05-25T09:25:00.000+07:00,"29841,29841,29834.6,29836.1"
2026-05-25T09:26:00.000+07:00,"29835.9,29836.8,29834.1,29834.3"
2026-05-25T09:27:00.000+07:00,"29834.4,29835.1,29831.9,29832.8"
2026-05-25T09:28:00.000+07:00,"29832.7,29838.3,29832.2,29838"
2026-05-25T09:29:00.000+07:00,"29838.4,29838.8,29835.2,29836.2"
2026-05-25T09:30:00.000+07:00,"29836.6,29837.9,29832.4,29833.1"
2026-05-25T09:31:00.000+07:00,"29833.8,29838.7,29833.8,29837.6"
2026-05-25T09:32:00.000+07:00,"29837.4,29837.4,29834.1,29835"
2026-05-25T09:33:00.000+07:00,"29834.9,29835.2,29831.5,29831.5"
2026-05-25T09:34:00.000+07:00,"29831.4,29834.4,29831.1,29832.3"
2026-05-25T09:35:00.000+07:00,"29833.2,29835.1,29829.8,29831.7"
2026-05-25T09:36:00.000+07:00,"29831.2,29835.4,29831.2,29833"
2026-05-25T09:37:00.000+07:00,"29832.9,29833.3,29830.5,29830.6"
2026-05-25T09:38:00.000+07:00,"29830.5,29833.3,29829.4,29832.6"
2026-05-25T09:39:00.000+07:00,"29832.7,29834.7,29832.4,29833.3"
2026-05-25T09:40:00.000+07:00,"29833.5,29835.6,29829,29831.5"
2026-05-25T09:41:00.000+07:00,"29831.6,29831.6,29828.2,29829.8"
2026-05-25T09:42:00.000+07:00,"29829.6,29833.6,29829.2,29832.3"
2026-05-25T09:43:00.000+07:00,"29832.4,29835,29831.4,29834.6"
2026-05-25T09:44:00.000+07:00,"29834.5,29838,29832.7,29837.8"
2026-05-25T09:45:00.000+07:00,"29838.1,29843.5,29838.1,29841.3"
2026-05-25T09:46:00.000+07:00,"29841.2,29843.1,29840.2,29842.5"
2026-05-25T09:47:00.000+07:00,"29842.4,29863.8,29842.4,29861.2"
2026-05-25T09:48:00.000+07:00,"29860.7,29866.7,29857,29863"
2026-05-25T09:49:00.000+07:00,"29862.2,29863.1,29858.4,29858.7"
2026-05-25T09:50:00.000+07:00,"29858.8,29866,29858.8,29862.8"
2026-05-25T09:51:00.000+07:00,"29862.9,29867.5,29860.9,29861.3"
2026-05-25T09:52:00.000+07:00,"29860.9,29863.2,29860.3,29861.2"
2026-05-25T09:53:00.000+07:00,"29861.3,29862.5,29859.4,29859.4"
2026-05-25T09:54:00.000+07:00,"29859.5,29862.7,29859.5,29860.7"
2026-05-25T09:55:00.000+07:00,"29860.6,29864.3,29859.5,29864.1"
2026-05-25T09:56:00.000+07:00,"29864.3,29871,29864.3,29867.8"
2026-05-25T09:57:00.000+07:00,"29867.5,29868.8,29866.4,29867.6"
2026-05-25T09:58:00.000+07:00,"29867.8,29869.9,29864.3,29869.9"
2026-05-25T09:59:00.000+07:00,"29870,29885.4,29869.3,29882.2"
2026-05-25T10:00:00.000+07:00,"29881.5,29905.5,29880,29896.2"
2026-05-25T10:01:00.000+07:00,"29895.5,29900.3,29894,29899.9"
2026-05-25T10:02:00.000+07:00,"29899.6,29901.2,29887.1,29889.2"
2026-05-25T10:03:00.000+07:00,"29889,29893.7,29885.8,29885.8"
2026-05-25T10:04:00.000+07:00,"29885.6,29896.6,29883,29894.9"
2026-05-25T10:05:00.000+07:00,"29895.1,29897.5,29887.8,29891.1"
2026-05-25T10:06:00.000+07:00,"29891,29894.3,29889.6,29894.2"
2026-05-25T10:07:00.000+07:00,"29893.5,29907.8,29893.5,29906.2"
2026-05-25T10:08:00.000+07:00,"29906.4,29911.1,29902,29904.5"
2026-05-25T10:09:00.000+07:00,"29904.7,29906.7,29899.1,29899.8"
2026-05-25T10:10:00.000+07:00,"29899.9,29903.4,29896.9,29901.3"
2026-05-25T10:11:00.000+07:00,"29901.2,29901.2,29893.8,29895.7"
2026-05-25T10:12:00.000+07:00,"29895.5,29896.4,29889.8,29890.3"
2026-05-25T10:13:00.000+07:00,"29889.8,29890.2,29886.5,29887.3"
2026-05-25T10:14:00.000+07:00,"29887,29891.1,29887,29889.2"
2026-05-25T10:15:00.000+07:00,"29889.3,29891.6,29886,29886.4"
2026-05-25T10:16:00.000+07:00,"29886.3,29889.1,29884.2,29887.2"
2026-05-25T10:17:00.000+07:00,"29887.3,29893.3,29884.3,29891.8"
2026-05-25T10:18:00.000+07:00,"29891.7,29892.1,29884.7,29885.2"
2026-05-25T10:19:00.000+07:00,"29885.3,29888.1,29884.8,29885.4"
2026-05-25T10:20:00.000+07:00,"29885.5,29901.1,29885.5,29900.7"
2026-05-25T10:21:00.000+07:00,"29900.1,29905.8,29894,29895"
2026-05-25T10:22:00.000+07:00,"29895.1,29897.5,29887.2,29890.7"
2026-05-25T10:23:00.000+07:00,"29890.9,29890.9,29884.2,29886.2"
2026-05-25T10:24:00.000+07:00,"29886,29888.7,29883.7,29884"
2026-05-25T10:25:00.000+07:00,"29883.1,29883.7,29881.6,29883.7"
2026-05-25T10:26:00.000+07:00,"29883.6,29884.5,29877.9,29880.9"
2026-05-25T10:27:00.000+07:00,"29880.5,29883.5,29879.5,29883.5"
2026-05-25T10:28:00.000+07:00,"29884,29888.9,29884,29888.3"
2026-05-25T10:29:00.000+07:00,"29887.9,29891.5,29887.2,29891.1"
2026-05-25T10:30:00.000+07:00,"29892.1,29895.1,29887.3,29888.3"
2026-05-25T10:31:00.000+07:00,"29888.1,29893.2,29887.6,29888.1"
2026-05-25T10:32:00.000+07:00,"29888.2,29889.5,29887.1,29888.5"
2026-05-25T10:33:00.000+07:00,"29888.3,29892.7,29887.7,29891.1"
2026-05-25T10:34:00.000+07:00,"29891.2,29891.2,29886.8,29888.9"
2026-05-25T10:35:00.000+07:00,"29888,29897.1,29887.9,29894.2"
2026-05-25T10:36:00.000+07:00,"29894.4,29896.7,29892.4,29896.7"
2026-05-25T10:37:00.000+07:00,"29896.4,29898.7,29892.2,29895"
2026-05-25T10:38:00.000+07:00,"29894.9,29894.9,29891.9,29892.3"
2026-05-25T10:39:00.000+07:00,"29893.5,29895,29890.8,29891.5"
2026-05-25T10:40:00.000+07:00,"29891.4,29894.2,29889.7,29894.1"
2026-05-25T10:41:00.000+07:00,"29893.7,29894.1,29892.2,29893.3"
2026-05-25T10:42:00.000+07:00,"29893.2,29896.5,29892.1,29895.3"
2026-05-25T10:43:00.000+07:00,"29894.5,29896.5,29890.8,29891.3"
2026-05-25T10:44:00.000+07:00,"29891.1,29892.6,29888.6,29890"
2026-05-25T10:45:00.000+07:00,"29889.8,29889.8,29886.1,29886.9"
2026-05-25T10:46:00.000+07:00,"29886.5,29888,29880.6,29882.4"
2026-05-25T10:47:00.000+07:00,"29882.2,29887.3,29882,29885.6"
2026-05-25T10:48:00.000+07:00,"29885.5,29888.2,29882,29885.8"
2026-05-25T10:49:00.000+07:00,"29886.4,29887.8,29883.8,29883.8"
2026-05-25T10:50:00.000+07:00,"29883.6,29884.4,29879.8,29882.6"
2026-05-25T10:51:00.000+07:00,"29882.5,29886,29881.7,29884.7"
2026-05-25T10:52:00.000+07:00,"29884.6,29889.1,29883.2,29888.4"
2026-05-25T10:53:00.000+07:00,"29888.6,29888.8,29886.1,29886.1"
2026-05-25T10:54:00.000+07:00,"29885.8,29886.7,29883.8,29884.6"
2026-05-25T10:55:00.000+07:00,"29885.1,29889.8,29885.1,29889.6"
2026-05-25T10:56:00.000+07:00,"29889.7,29892.1,29888.1,29888.3"
2026-05-25T10:57:00.000+07:00,"29888.1,29892.9,29887.3,29890.9"
2026-05-25T10:58:00.000+07:00,"29890.7,29890.7,29886,29886.6"
2026-05-25T10:59:00.000+07:00,"29886.4,29887.3,29881.5,29886.5"
2026-05-25T11:00:00.000+07:00,"29886.4,29888.6,29885.7,29886.8"
2026-05-25T11:01:00.000+07:00,"29888.3,29890.2,29887.6,29889"
2026-05-25T11:02:00.000+07:00,"29889.3,29890.7,29888.4,29888.5"
2026-05-25T11:03:00.000+07:00,"29889,29897.5,29888.9,29896.4"
2026-05-25T11:04:00.000+07:00,"29896.3,29897.3,29893.5,29893.6"
2026-05-25T11:05:00.000+07:00,"29893.5,29900.7,29893.5,29895.6"
2026-05-25T11:06:00.000+07:00,"29895.5,29896.9,29892.5,29893.6"
2026-05-25T11:07:00.000+07:00,"29893.7,29896.8,29893.3,29894.7"
2026-05-25T11:08:00.000+07:00,"29894.6,29895.2,29892.5,29894.3"
2026-05-25T11:09:00.000+07:00,"29893.8,29896.3,29893.5,29894.2"
2026-05-25T11:10:00.000+07:00,"29894.5,29894.8,29892.8,29894.6"
2026-05-25T11:11:00.000+07:00,"29894.9,29895.6,29892,29895.6"
2026-05-25T11:12:00.000+07:00,"29895.5,29896.6,29894.1,29896"
2026-05-25T11:13:00.000+07:00,"29896.1,29898,29890.8,29892.8"
2026-05-25T11:14:00.000+07:00,"29892.5,29894.1,29888.3,29889.2"
2026-05-25T11:15:00.000+07:00,"29888.8,29890.1,29886.7,29888"
2026-05-25T11:16:00.000+07:00,"29888.2,29890.9,29887.2,29890.2"
2026-05-25T11:17:00.000+07:00,"29890.3,29891.7,29888.2,29891.5"
2026-05-25T11:18:00.000+07:00,"29892.5,29893,29888.5,29889.5"
2026-05-25T11:19:00.000+07:00,"29890.3,29891.2,29889.4,29890.4"
2026-05-25T11:20:00.000+07:00,"29890.6,29894.1,29890,29893.2"
2026-05-25T11:21:00.000+07:00,"29892.9,29896,29892.9,29894.7"
2026-05-25T11:22:00.000+07:00,"29894.8,29895.2,29892,29892.7"
2026-05-25T11:23:00.000+07:00,"29892.4,29894.3,29890.4,29892.7"
2026-05-25T11:24:00.000+07:00,"29892.8,29894.1,29891.6,29891.8"
2026-05-25T11:25:00.000+07:00,"29891.7,29895.7,29891.6,29893.3"
2026-05-25T11:26:00.000+07:00,"29892.9,29894.4,29892.6,29894.2"
2026-05-25T11:27:00.000+07:00,"29894.5,29896.3,29893.8,29893.8"
2026-05-25T11:28:00.000+07:00,"29893.7,29895.5,29892,29894.8"
2026-05-25T11:29:00.000+07:00,"29894.7,29894.7,29893.5,29894.2"
2026-05-25T11:30:00.000+07:00,"29894.4,29894.4,29889.7,29890.7"
2026-05-25T11:31:00.000+07:00,"29890.8,29894.2,29888.7,29889.2"
2026-05-25T11:32:00.000+07:00,"29889,29889.2,29885.5,29886.7"
2026-05-25T11:33:00.000+07:00,"29886.6,29890.1,29886.6,29890.1"
2026-05-25T11:34:00.000+07:00,"29889.9,29889.9,29886.1,29888.2"
2026-05-25T11:35:00.000+07:00,"29888.6,29890.3,29888,29890.1"
2026-05-25T11:36:00.000+07:00,"29890.2,29893.1,29887.2,29888.4"
2026-05-25T11:37:00.000+07:00,"29888.5,29889.6,29886.1,29887.1"
2026-05-25T11:38:00.000+07:00,"29887.2,29887.6,29884.2,29884.4"
2026-05-25T11:39:00.000+07:00,"29884.3,29887.3,29884.3,29886.9"
2026-05-25T11:40:00.000+07:00,"29886.5,29889.9,29886.5,29888.7"
2026-05-25T11:41:00.000+07:00,"29888.6,29890.5,29888.3,29889.4"
2026-05-25T11:42:00.000+07:00,"29889.3,29892,29888.1,29892"
2026-05-25T11:43:00.000+07:00,"29891.7,29895,29891.3,29892.6"
2026-05-25T11:44:00.000+07:00,"29892.4,29895.3,29891.9,29894.6"
2026-05-25T11:45:00.000+07:00,"29894.9,29896,29894.3,29894.4"
2026-05-25T11:46:00.000+07:00,"29894.3,29895.9,29893.7,29895.7"
2026-05-25T11:47:00.000+07:00,"29895.8,29896.3,29894,29895.4"
2026-05-25T11:48:00.000+07:00,"29895.3,29899.7,29894.9,29898"
2026-05-25T11:49:00.000+07:00,"29898.1,29898.7,29896,29897.3"
2026-05-25T11:50:00.000+07:00,"29897.2,29900.9,29896.6,29899.6"
2026-05-25T11:51:00.000+07:00,"29899.4,29906.9,29899.4,29901.4"
2026-05-25T11:52:00.000+07:00,"29901.3,29910.7,29901.3,29906.3"
2026-05-25T11:53:00.000+07:00,"29906,29906,29901.2,29901.2"
2026-05-25T11:54:00.000+07:00,"29900.8,29903.5,29900,29900.9"
2026-05-25T11:55:00.000+07:00,"29901,29905.1,29900.5,29904.4"
2026-05-25T11:56:00.000+07:00,"29904.3,29905.7,29900.9,29901.6"
2026-05-25T11:57:00.000+07:00,"29901.8,29905.9,29901,29902.5"
2026-05-25T11:58:00.000+07:00,"29902.4,29902.5,29899.7,29902.2"
2026-05-25T11:59:00.000+07:00,"29901.9,29903.6,29895.8,29897.7"
2026-05-25T12:00:00.000+07:00,"29897.4,29902.2,29897.3,29900.8"
2026-05-25T12:01:00.000+07:00,"29900.5,29911.4,29900.5,29905.7"
2026-05-25T12:02:00.000+07:00,"29905.6,29908.6,29903.5,29907.1"
2026-05-25T12:03:00.000+07:00,"29907.3,29909.5,29906.4,29906.8"
2026-05-25T12:04:00.000+07:00,"29906.5,29911.3,29905.8,29909"
2026-05-25T12:05:00.000+07:00,"29908.5,29910.5,29908.4,29908.9"
2026-05-25T12:06:00.000+07:00,"29909,29911.7,29907.6,29909.2"
2026-05-25T12:07:00.000+07:00,"29908.8,29908.8,29905.6,29906.5"
2026-05-25T12:08:00.000+07:00,"29906.4,29908,29903,29903.4"
2026-05-25T12:09:00.000+07:00,"29903.3,29907.4,29903.3,29907.4"
2026-05-25T12:10:00.000+07:00,"29907.2,29912,29907.2,29909.2"
2026-05-25T12:11:00.000+07:00,"29909,29910.2,29906.4,29907.4"
2026-05-25T12:12:00.000+07:00,"29907.3,29910.2,29903.8,29909.8"
2026-05-25T12:13:00.000+07:00,"29909.5,29912,29907.4,29907.6"
2026-05-25T12:14:00.000+07:00,"29907.4,29910.9,29907.2,29909.1"
2026-05-25T12:15:00.000+07:00,"29908.8,29909.6,29906.6,29907.4"
2026-05-25T12:16:00.000+07:00,"29907.8,29910.3,29907.6,29910.3"
2026-05-25T12:17:00.000+07:00,"29910.8,29918.8,29910.1,29915.4"
2026-05-25T12:18:00.000+07:00,"29914.8,29915.2,29911.6,29912.5"
2026-05-25T12:19:00.000+07:00,"29912.4,29914.8,29911.6,29914.8"
2026-05-25T12:20:00.000+07:00,"29914.1,29916.5,29908.9,29909"
2026-05-25T12:21:00.000+07:00,"29908.9,29908.9,29901.1,29903.8"
2026-05-25T12:22:00.000+07:00,"29904,29905.3,29903.7,29903.8"
2026-05-25T12:23:00.000+07:00,"29903.7,29909.1,29903.7,29905.8"
2026-05-25T12:24:00.000+07:00,"29906.2,29906.2,29902.1,29903.1"
2026-05-25T12:25:00.000+07:00,"29903.2,29904.6,29901.4,29904.6"
2026-05-25T12:26:00.000+07:00,"29904.7,29908.7,29904.7,29906"
2026-05-25T12:27:00.000+07:00,"29906.1,29908,29904.6,29907.3"
2026-05-25T12:28:00.000+07:00,"29907.5,29907.5,29904.8,29905.4"
2026-05-25T12:29:00.000+07:00,"29905.3,29908.8,29904.6,29908"
2026-05-25T12:30:00.000+07:00,"29908.2,29908.2,29902.2,29902.7"
2026-05-25T12:31:00.000+07:00,"29902.6,29907.5,29901.8,29905.2"
2026-05-25T12:32:00.000+07:00,"29905.1,29906.9,29903.5,29903.8"
2026-05-25T12:33:00.000+07:00,"29903.7,29907.8,29903.7,29905.4"
2026-05-25T12:34:00.000+07:00,"29905.6,29907.9,29905.2,29906.3"
2026-05-25T12:35:00.000+07:00,"29906.5,29908.5,29905.9,29905.9"
2026-05-25T12:36:00.000+07:00,"29906.1,29909.8,29906.1,29908.1"
2026-05-25T12:37:00.000+07:00,"29907.2,29911.9,29906.4,29909.2"
2026-05-25T12:38:00.000+07:00,"29909.5,29911.3,29908.7,29909.6"
2026-05-25T12:40:01.046+07:00,"29909.9,29910.7,29908.9,29909.6"
