Date,Message
2024-12-12 08:00:00+07:00,"2710.67,2711.64,2708.31,2711.29"
2024-12-12 09:00:00+07:00,"2711.25,2711.44,2703.84,2706.14"
2024-12-12 10:00:00+07:00,"2706.15,2711.29,2705.03,2710.3"
2024-12-12 11:00:00+07:00,"2710.27,2715.8,2709.69,2712.44"
2024-12-12 12:00:00+07:00,"2712.41,2716.31,2711.36,2713.68"
2024-12-12 13:00:00+07:00,"2713.69,2718.67,2709.77,2718.66"
2024-12-12 14:00:00+07:00,"2718.57,2720.39,2715.42,2715.97"
2024-12-12 15:00:00+07:00,"2716.04,2719.62,2714.86,2718.02"
2024-12-12 16:00:00+07:00,"2717.99,2718.82,2713.96,2714.88"
2024-12-12 17:00:00+07:00,"2715.03,2715.91,2709.85,2711.78"
2024-12-12 18:00:00+07:00,"2711.72,2713.29,2707.13,2710.87"
2024-12-12 19:00:00+07:00,"2710.89,2712.55,2706.02,2706.77"
2024-12-12 20:00:00+07:00,"2707.01,2711.54,2697.31,2697.48"
2024-12-12 21:00:00+07:00,"2697.72,2699.8,2680.74,2686.4"
2024-12-12 22:00:00+07:00,"2686.34,2688.4,2674.96,2679.75"
2024-12-12 23:00:00+07:00,"2679.72,2684.03,2677.19,2683.71"
2024-12-13 00:00:00+07:00,"2683.76,2686.9,2681.39,2686.16"
2024-12-13 01:00:00+07:00,"2686.31,2687.05,2682.81,2684.23"
2024-12-13 02:00:00+07:00,"2684.28,2686.72,2682.57,2683.25"
2024-12-13 03:00:00+07:00,"2683.24,2683.56,2679.44,2679.95"
2024-12-13 04:00:00+07:00,"2679.95,2682.96,2679.47,2680.69"
2024-12-13 06:00:00+07:00,"2680.85,2681.8,2679.87,2680.44"
2024-12-13 07:00:00+07:00,"2680.45,2685.45,2678.73,2685.39"
2024-12-13 08:00:00+07:00,"2685.38,2692.81,2685.14,2689.89"
2024-12-13 09:00:00+07:00,"2689.92,2690.96,2684.25,2686.66"
2024-12-13 10:00:00+07:00,"2686.61,2691.27,2685.95,2688.32"
2024-12-13 11:00:00+07:00,"2688.19,2688.82,2685.33,2687.31"
2024-12-13 12:00:00+07:00,"2687.28,2689.4,2685.1,2688.36"
2024-12-13 13:00:00+07:00,"2688.45,2690.65,2683.39,2689.59"
2024-12-13 14:00:00+07:00,"2689.56,2690.12,2680.98,2683.18"
2024-12-13 15:00:00+07:00,"2683.17,2684.76,2674.45,2675.09"
2024-12-13 16:00:00+07:00,"2674.87,2677.15,2667.6,2668.94"
2024-12-13 17:00:00+07:00,"2668.92,2670.23,2665.05,2666.81"
2024-12-13 18:00:00+07:00,"2666.8,2669.57,2664.31,2665.04"
2024-12-13 19:00:00+07:00,"2665.03,2672.8,2662.93,2672.45"
2024-12-13 20:00:00+07:00,"2672.47,2672.91,2659.45,2662.23"
2024-12-13 21:00:00+07:00,"2662.15,2664.08,2657.19,2660.04"
2024-12-13 22:00:00+07:00,"2659.95,2662.63,2654.69,2659.94"
2024-12-13 23:00:00+07:00,"2659.54,2664.76,2658.79,2662.33"
2024-12-14 00:00:00+07:00,"2662.4,2662.58,2655.57,2656.48"
2024-12-14 01:00:00+07:00,"2656.58,2657.33,2652.01,2654.19"
2024-12-14 02:00:00+07:00,"2654.73,2655.48,2652.32,2653.1"
2024-12-14 03:00:00+07:00,"2653.08,2653.73,2646.26,2647.71"
2024-12-14 04:00:00+07:00,"2647.71,2650.04,2646.14,2648.57"
2024-12-16 06:00:00+07:00,"2650.38,2652.99,2648.8,2651.48"
2024-12-16 07:00:00+07:00,"2651.58,2651.88,2643.62,2646.99"
2024-12-16 08:00:00+07:00,"2647.01,2655.8,2646.85,2653.6"
2024-12-16 09:00:00+07:00,"2653.83,2654.8,2650.41,2651.9"
2024-12-16 10:00:00+07:00,"2651.88,2655.62,2651.52,2653.87"
2024-12-16 11:00:00+07:00,"2653.92,2654.59,2652.02,2652.74"
2024-12-16 12:00:00+07:00,"2652.69,2653.42,2649.44,2652.84"
2024-12-16 13:00:00+07:00,"2652.72,2654.91,2652.06,2653.69"
2024-12-16 14:00:00+07:00,"2653.56,2656.13,2651.71,2653.81"
2024-12-16 15:00:00+07:00,"2653.92,2661.93,2652.38,2657.98"
2024-12-16 16:00:00+07:00,"2658.01,2660.08,2655.74,2658.04"
2024-12-16 17:00:00+07:00,"2658.05,2661.04,2658,2658.95"
2024-12-16 18:00:00+07:00,"2658.95,2664.08,2657.76,2663.54"
2024-12-16 19:00:00+07:00,"2663.55,2664.63,2657.42,2659.85"
2024-12-16 20:00:00+07:00,"2659.8,2664.2,2658.82,2662"
2024-12-16 21:00:00+07:00,"2662.22,2662.93,2654.08,2654.83"
2024-12-16 22:00:00+07:00,"2654.93,2657,2650.9,2654.42"
2024-12-16 23:00:00+07:00,"2654.44,2655.7,2648.58,2651.99"
2024-12-17 00:00:00+07:00,"2651.89,2655.32,2651.85,2652.06"
2024-12-17 01:00:00+07:00,"2652.08,2655.67,2651.21,2655.37"
2024-12-17 02:00:00+07:00,"2655.4,2655.85,2652.19,2653.35"
2024-12-17 03:00:00+07:00,"2653.14,2653.65,2651.97,2652.78"
2024-12-17 04:00:00+07:00,"2652.9,2653.31,2651.65,2652.62"
2024-12-17 06:00:00+07:00,"2652.52,2653.08,2651.68,2651.89"
2024-12-17 07:00:00+07:00,"2651.89,2655.37,2651.09,2655.12"
2024-12-17 08:00:00+07:00,"2655.19,2658.71,2654.24,2658.18"
2024-12-17 09:00:00+07:00,"2657.62,2658.56,2653.8,2654.88"
2024-12-17 10:00:00+07:00,"2655.15,2655.97,2651.24,2653.68"
2024-12-17 11:00:00+07:00,"2653.58,2655.48,2650.81,2651.75"
2024-12-17 12:00:00+07:00,"2651.75,2654.59,2649.16,2653.74"
2024-12-17 13:00:00+07:00,"2653.79,2654.72,2646.48,2648.85"
2024-12-17 14:00:00+07:00,"2649.03,2657.02,2648.07,2653.84"
2024-12-17 15:00:00+07:00,"2653.55,2653.77,2641.39,2644.42"
2024-12-17 16:00:00+07:00,"2643.71,2646,2638.16,2639.59"
2024-12-17 17:00:00+07:00,"2639.52,2643.2,2638.08,2638.33"
2024-12-17 18:00:00+07:00,"2638.32,2642.57,2636.18,2642.32"
2024-12-17 19:00:00+07:00,"2642.31,2645.7,2640.43,2642.68"
2024-12-17 20:00:00+07:00,"2642.67,2646.64,2634.36,2636.76"
2024-12-17 21:00:00+07:00,"2636.76,2642.03,2633,2636.84"
2024-12-17 22:00:00+07:00,"2636.92,2642.85,2636.02,2640.06"
2024-12-17 23:00:00+07:00,"2640.08,2641.4,2636.7,2638.97"
2024-12-18 00:00:00+07:00,"2638.77,2646.99,2637.96,2645.96"
2024-12-18 01:00:00+07:00,"2646,2649.11,2644.9,2647.34"
2024-12-18 02:00:00+07:00,"2647.41,2648.19,2645.21,2645.35"
2024-12-18 03:00:00+07:00,"2645.5,2646.88,2643.05,2643.61"
2024-12-18 04:00:00+07:00,"2643.62,2646.44,2643.5,2646.29"
2024-12-18 06:00:00+07:00,"2646.15,2647.63,2645.05,2647.34"
2024-12-18 07:00:00+07:00,"2647.27,2650.4,2646.47,2650.02"
2024-12-18 08:00:00+07:00,"2649.82,2651.83,2647.93,2650.72"
2024-12-18 09:00:00+07:00,"2651.11,2651.15,2646.81,2647.6"
2024-12-18 10:00:00+07:00,"2647.58,2648.66,2645.21,2645.88"
2024-12-18 11:00:00+07:00,"2645.69,2646.03,2642.6,2645.14"
2024-12-18 12:00:00+07:00,"2644.93,2649.63,2643.81,2647.36"
2024-12-18 13:00:00+07:00,"2647.53,2647.95,2644.5,2646.83"
2024-12-18 14:00:00+07:00,"2646.48,2647.46,2643.35,2644.72"
2024-12-18 15:00:00+07:00,"2644.61,2649.71,2642.1,2647.94"
2024-12-18 16:00:00+07:00,"2647.98,2649.29,2645.48,2646.93"
2024-12-18 17:00:00+07:00,"2646.91,2649.48,2646.13,2648.41"
2024-12-18 18:00:00+07:00,"2648.49,2649.4,2645.82,2646.15"
2024-12-18 19:00:00+07:00,"2646.23,2647.73,2643.39,2644.06"
2024-12-18 20:00:00+07:00,"2644.03,2647.44,2641.03,2644.02"
2024-12-18 21:00:00+07:00,"2643.93,2644.85,2636.92,2638.07"
2024-12-18 22:00:00+07:00,"2637.63,2638.39,2633.7,2638.31"
2024-12-18 23:00:00+07:00,"2638.19,2639.61,2632.98,2634.79"
2024-12-19 00:00:00+07:00,"2634.81,2639.99,2634.54,2636.03"
2024-12-19 01:00:00+07:00,"2636.04,2639.04,2635.24,2637.23"
2024-12-19 02:00:00+07:00,"2637.19,2637.19,2604.01,2604.52"
2024-12-19 03:00:00+07:00,"2604.61,2609.2,2587.18,2592.33"
2024-12-19 04:00:00+07:00,"2592.66,2595.47,2583.59,2585.75"
2024-12-19 06:00:00+07:00,"2584.29,2592.05,2583.16,2588.37"
2024-12-19 07:00:00+07:00,"2588.47,2597.13,2588.25,2595.24"
2024-12-19 08:00:00+07:00,"2595.03,2618.15,2593.28,2611.93"
2024-12-19 09:00:00+07:00,"2611.94,2614.09,2606.14,2612.06"
2024-12-19 10:00:00+07:00,"2611.98,2613.38,2607.76,2610.5"
2024-12-19 11:00:00+07:00,"2610.51,2611.47,2607.01,2609.21"
2024-12-19 12:00:00+07:00,"2609.08,2610.55,2606.48,2607.13"
2024-12-19 13:00:00+07:00,"2606.99,2614.26,2603.21,2612.89"
2024-12-19 14:00:00+07:00,"2613.01,2622.6,2611.77,2616.46"
2024-12-19 15:00:00+07:00,"2616.43,2619.22,2613.27,2618.26"
2024-12-19 16:00:00+07:00,"2618.5,2622.86,2618.32,2620.43"
2024-12-19 17:00:00+07:00,"2620.42,2626.34,2617.26,2619.59"
2024-12-19 18:00:00+07:00,"2619.49,2621.91,2616.06,2616.9"
2024-12-19 19:00:00+07:00,"2616.89,2616.89,2604.37,2606.42"
2024-12-19 20:00:00+07:00,"2606.4,2606.43,2595.16,2596.38"
2024-12-19 21:00:00+07:00,"2596.35,2600.93,2591.86,2592.54"
2024-12-19 22:00:00+07:00,"2592.47,2595.96,2587.02,2588.65"
2024-12-19 23:00:00+07:00,"2588.48,2596.58,2587.09,2591.88"
2024-12-20 00:00:00+07:00,"2591.93,2594.2,2590.51,2592.64"
2024-12-20 01:00:00+07:00,"2592.49,2600,2591.82,2599.49"
2024-12-20 02:00:00+07:00,"2599.52,2601.16,2596.8,2596.98"
2024-12-20 03:00:00+07:00,"2597.1,2600.33,2596.41,2596.77"
2024-12-20 04:00:00+07:00,"2596.77,2597.11,2592.93,2594.27"
2024-12-20 06:00:00+07:00,"2594.72,2595.89,2592.3,2593.49"
2024-12-20 07:00:00+07:00,"2593.48,2595.32,2590.3,2590.91"
2024-12-20 08:00:00+07:00,"2590.85,2604.03,2589.44,2603.93"
2024-12-20 09:00:00+07:00,"2603.62,2604.13,2595.44,2597.12"
2024-12-20 10:00:00+07:00,"2597.11,2599.15,2595.76,2598.53"
2024-12-20 11:00:00+07:00,"2598.44,2601.07,2597.48,2598.01"
2024-12-20 12:00:00+07:00,"2598.01,2601.36,2596.42,2600.27"
2024-12-20 13:00:00+07:00,"2600.28,2605.43,2598.95,2604.81"
2024-12-20 14:00:00+07:00,"2604.84,2607.57,2602.47,2606.19"
2024-12-20 15:00:00+07:00,"2606.2,2607.72,2604.4,2605.48"
2024-12-20 16:00:00+07:00,"2605.46,2606.67,2603.06,2605.1"
2024-12-20 17:00:00+07:00,"2605.06,2606.99,2604.05,2604.3"
2024-12-20 18:00:00+07:00,"2604.3,2604.74,2600.09,2603.69"
2024-12-20 19:00:00+07:00,"2603.68,2606.27,2602.1,2603.57"
2024-12-20 20:00:00+07:00,"2603.58,2614.08,2600.02,2609.61"
2024-12-20 21:00:00+07:00,"2609.52,2618.33,2608.43,2617.05"
2024-12-20 22:00:00+07:00,"2617.33,2631.15,2616.48,2630.37"
2024-12-20 23:00:00+07:00,"2630.53,2631.84,2622.43,2625.22"
2024-12-21 00:00:00+07:00,"2625.22,2627.58,2622.1,2625.69"
2024-12-21 01:00:00+07:00,"2625.62,2627.3,2623.43,2626.16"
2024-12-21 02:00:00+07:00,"2626.17,2629.38,2624.97,2627.9"
2024-12-21 03:00:00+07:00,"2627.98,2628.09,2622.28,2622.82"
2024-12-21 04:00:00+07:00,"2622.89,2624.14,2618.97,2623.21"
2024-12-23 06:00:00+07:00,"2625.68,2625.68,2621.45,2624.16"
2024-12-23 07:00:00+07:00,"2624.16,2625.29,2617.38,2621.88"
2024-12-23 08:00:00+07:00,"2621.46,2624.31,2618.35,2621.1"
2024-12-23 09:00:00+07:00,"2621.1,2627.4,2620.58,2625.82"
2024-12-23 10:00:00+07:00,"2625.81,2626.79,2622.09,2623.93"
2024-12-23 11:00:00+07:00,"2623.93,2626.48,2623.75,2625.34"
2024-12-23 12:00:00+07:00,"2625.62,2629.22,2624.96,2626.89"
2024-12-23 13:00:00+07:00,"2626.87,2633.11,2624.46,2631.32"
2024-12-23 14:00:00+07:00,"2631.36,2633.41,2629.43,2630.47"
2024-12-23 15:00:00+07:00,"2630.43,2632.13,2626.01,2629.84"
2024-12-23 16:00:00+07:00,"2629.94,2630.85,2625.93,2626.6"
2024-12-23 17:00:00+07:00,"2626.57,2627.15,2618.85,2619.46"
2024-12-23 18:00:00+07:00,"2619.43,2620.33,2612.94,2616.28"
2024-12-23 19:00:00+07:00,"2616.43,2618.65,2614.01,2615.05"
2024-12-23 20:00:00+07:00,"2614.83,2619.8,2614.07,2617.38"
2024-12-23 21:00:00+07:00,"2617.29,2619.97,2613.62,2615.66"
2024-12-23 22:00:00+07:00,"2615.74,2616.53,2609.2,2609.73"
2024-12-23 23:00:00+07:00,"2609.78,2616.2,2608.1,2616"
2024-12-24 00:00:00+07:00,"2616.01,2616.66,2610.76,2611.15"
2024-12-24 01:00:00+07:00,"2611.13,2612.82,2609.98,2610.49"
2024-12-24 02:00:00+07:00,"2610.57,2612.62,2609.63,2611"
2024-12-24 03:00:00+07:00,"2611.01,2612.62,2608.96,2610.72"
2024-12-24 04:00:00+07:00,"2610.89,2613.75,2610.12,2612.69"
2024-12-24 06:00:00+07:00,"2613.48,2617.09,2612.75,2615.42"
2024-12-24 07:00:00+07:00,"2615.42,2617.43,2613.37,2616.7"
2024-12-24 08:00:00+07:00,"2616.81,2618.06,2614.57,2617.63"
2024-12-24 09:00:00+07:00,"2617.35,2619.94,2616.76,2616.85"
2024-12-24 10:00:00+07:00,"2616.86,2618.77,2615.67,2618.76"
2024-12-24 11:00:00+07:00,"2618.72,2620.37,2618.1,2620.15"
2024-12-24 12:00:00+07:00,"2620.09,2621.52,2618.3,2619.33"
2024-12-24 13:00:00+07:00,"2619.29,2619.79,2616.47,2619.02"
2024-12-24 14:00:00+07:00,"2618.75,2621.47,2618,2618.4"
2024-12-24 15:00:00+07:00,"2618.35,2620.02,2616.92,2617.35"
2024-12-30 06:00:00+07:00,"2619.46,2626.26,2619.46,2623.86"
2024-12-30 07:00:00+07:00,"2623.89,2625.65,2621.51,2622.56"
2024-12-30 08:00:00+07:00,"2622.78,2626.87,2621.93,2624.28"
2024-12-30 09:00:00+07:00,"2624.29,2625.57,2622.42,2623.94"
2024-12-30 10:00:00+07:00,"2623.93,2628.12,2623.21,2626.62"
2024-12-30 11:00:00+07:00,"2626.57,2626.62,2621.54,2622.22"
2024-12-30 12:00:00+07:00,"2622.19,2624.22,2620.47,2623.76"
2024-12-30 13:00:00+07:00,"2623.5,2624.6,2618.34,2619.22"
2024-12-30 14:00:00+07:00,"2619.22,2620.02,2615.84,2616.81"
2024-12-30 15:00:00+07:00,"2616.91,2617.62,2609.39,2611.95"
2024-12-30 16:00:00+07:00,"2611.96,2617.55,2611.25,2612.77"
2024-12-30 17:00:00+07:00,"2612.87,2615.28,2610.55,2610.62"
2024-12-30 18:00:00+07:00,"2610.47,2618.61,2609.09,2616.31"
2024-12-30 19:00:00+07:00,"2616.3,2622.45,2615.54,2621.6"
2024-12-30 20:00:00+07:00,"2621.55,2622.5,2606.5,2606.5"
2024-12-30 21:00:00+07:00,"2606.45,2613.8,2605.25,2611.53"
2024-12-30 22:00:00+07:00,"2611.45,2611.58,2599.45,2601.62"
2024-12-30 23:00:00+07:00,"2601.62,2602.97,2596.15,2599.75"
2024-12-31 00:00:00+07:00,"2599.74,2605.57,2599.74,2605"
2024-12-31 01:00:00+07:00,"2605.05,2606.92,2603.51,2606.2"
2024-12-31 02:00:00+07:00,"2606.32,2608.42,2603.59,2607.17"
2024-12-31 03:00:00+07:00,"2607.17,2609.52,2606.49,2607.87"
2024-12-31 04:00:00+07:00,"2607.82,2608.16,2605.54,2605.85"
2024-12-31 06:00:00+07:00,"2606.35,2607.31,2603.82,2606.89"
2024-12-31 07:00:00+07:00,"2606.88,2608.73,2605.02,2607.85"
2024-12-31 08:00:00+07:00,"2607.92,2611.8,2606.74,2609.15"
2024-12-31 09:00:00+07:00,"2609.08,2609.71,2606.82,2606.99"
2024-12-31 10:00:00+07:00,"2606.94,2607.71,2603.41,2604.44"
2024-12-31 11:00:00+07:00,"2604.47,2607.23,2604.11,2606.49"
2024-12-31 12:00:00+07:00,"2606.42,2608.23,2602.56,2604.53"
2024-12-31 13:00:00+07:00,"2604.5,2608.52,2603.44,2607.87"
2024-12-31 14:00:00+07:00,"2607.85,2614.11,2607.3,2613.75"
2024-12-31 15:00:00+07:00,"2613.8,2617.72,2612.8,2616.5"
2024-12-31 16:00:00+07:00,"2616.55,2616.8,2613.19,2615.25"
2024-12-31 17:00:00+07:00,"2615.35,2615.76,2610.85,2611.86"
2024-12-31 18:00:00+07:00,"2611.8,2614.32,2609.91,2611.17"
2024-12-31 19:00:00+07:00,"2611.06,2612.87,2609.4,2611.42"
2024-12-31 20:00:00+07:00,"2611.26,2616.2,2605.4,2613.28"
2024-12-31 21:00:00+07:00,"2613.28,2618.22,2611.31,2613.65"
2024-12-31 22:00:00+07:00,"2613.6,2626.92,2612.45,2625.8"
2024-12-31 23:00:00+07:00,"2625.7,2627.27,2622.35,2625.3"
2025-01-01 00:00:00+07:00,"2625.4,2627.5,2623.12,2624.47"
2025-01-01 01:00:00+07:00,"2624.42,2627.09,2622.68,2624.97"
2025-01-01 02:00:00+07:00,"2625.02,2627.26,2622.88,2623.65"
2025-01-01 03:00:00+07:00,"2623.77,2624.97,2622.18,2623.19"
2025-01-01 04:00:00+07:00,"2623.28,2624.98,2622.83,2624.44"
2025-01-02 06:00:00+07:00,"2625.15,2625.73,2621.7,2623.57"
2025-01-02 07:00:00+07:00,"2623.7,2628.03,2622.77,2625.51"
2025-01-02 08:00:00+07:00,"2625.51,2634.42,2623.89,2633.03"
2025-01-02 09:00:00+07:00,"2633.03,2636.48,2632.24,2634.62"
2025-01-02 10:00:00+07:00,"2634.64,2635.38,2632.21,2633.44"
2025-01-02 11:00:00+07:00,"2633.42,2634.26,2631.3,2634.13"
2025-01-02 12:00:00+07:00,"2633.82,2636.68,2633.07,2634.05"
2025-01-02 13:00:00+07:00,"2634.15,2635.41,2631.09,2633.99"
2025-01-02 14:00:00+07:00,"2633.99,2636,2633.07,2635.85"
2025-01-02 15:00:00+07:00,"2635.95,2637.8,2631.15,2636.5"
2025-01-02 16:00:00+07:00,"2636.5,2640.12,2635.95,2636.1"
2025-01-02 17:00:00+07:00,"2636.05,2646.5,2632.77,2642.75"
2025-01-02 18:00:00+07:00,"2642.77,2644.62,2640.3,2642.07"
2025-01-02 19:00:00+07:00,"2642.06,2646.5,2640.39,2643.42"
2025-01-02 20:00:00+07:00,"2643.42,2647.36,2636.02,2643.15"
2025-01-02 21:00:00+07:00,"2643.15,2650.88,2640.24,2647.65"
2025-01-02 22:00:00+07:00,"2647.34,2655.79,2645.01,2654.11"
2025-01-02 23:00:00+07:00,"2654.18,2660.58,2650.11,2659.19"
2025-01-03 00:00:00+07:00,"2659.22,2660.6,2652.64,2656.67"
2025-01-03 01:00:00+07:00,"2656.68,2658.99,2653.95,2655.37"
2025-01-03 02:00:00+07:00,"2655.39,2657.33,2653.95,2654.85"
2025-01-03 03:00:00+07:00,"2654.93,2660.61,2654.09,2659.78"
2025-01-03 04:00:00+07:00,"2659.7,2659.9,2656.6,2657.82"
2025-01-03 06:00:00+07:00,"2657.78,2659.56,2657.12,2658.14"
2025-01-03 07:00:00+07:00,"2658.14,2660.89,2658.11,2660.59"
2025-01-03 08:00:00+07:00,"2660.59,2662.68,2656.61,2659.32"
2025-01-03 09:00:00+07:00,"2659.61,2664.13,2656.26,2662.62"
2025-01-03 10:00:00+07:00,"2662.63,2665.26,2661.11,2662.48"
2025-01-03 11:00:00+07:00,"2662.38,2664.37,2661.76,2663.05"
2025-01-03 12:00:00+07:00,"2663.08,2663.08,2655.93,2658.36"
2025-01-03 13:00:00+07:00,"2658.36,2660.3,2656.49,2659.39"
2025-01-03 14:00:00+07:00,"2659.32,2659.61,2651.97,2653.99"
2025-01-03 15:00:00+07:00,"2654.04,2655.78,2649.66,2652.77"
2025-01-03 16:00:00+07:00,"2652.69,2656.03,2652.69,2653.68"
2025-01-03 17:00:00+07:00,"2653.65,2658.13,2653.12,2657.52"
2025-01-03 18:00:00+07:00,"2657.44,2659.31,2656.35,2657.44"
2025-01-03 19:00:00+07:00,"2657.6,2658.51,2654.82,2655.58"
2025-01-03 20:00:00+07:00,"2655.48,2656.28,2643.43,2650.13"
2025-01-03 21:00:00+07:00,"2650.13,2652.76,2645.09,2647.92"
2025-01-03 22:00:00+07:00,"2646.14,2648.18,2641.14,2643.79"
2025-01-03 23:00:00+07:00,"2643.84,2647.26,2639.27,2640"
2025-01-04 00:00:00+07:00,"2639.79,2642.63,2639.17,2641.81"
2025-01-04 01:00:00+07:00,"2641.83,2642.48,2639.74,2641.88"
2025-01-04 02:00:00+07:00,"2641.69,2642.96,2639.16,2639.68"
2025-01-04 03:00:00+07:00,"2639.58,2640.35,2636.82,2638.43"
2025-01-04 04:00:00+07:00,"2638.4,2640.46,2636.54,2639.54"
2025-01-06 06:00:00+07:00,"2640.9,2642.44,2638.91,2641.25"
2025-01-06 07:00:00+07:00,"2641.18,2643.3,2638.49,2643.02"
2025-01-06 08:00:00+07:00,"2643.31,2647.38,2640.79,2641.5"
2025-01-06 09:00:00+07:00,"2641.43,2645.21,2639.64,2644.39"
2025-01-06 10:00:00+07:00,"2644.42,2645.51,2639.04,2640.28"
2025-01-06 11:00:00+07:00,"2640.28,2640.8,2634.3,2635.53"
2025-01-06 12:00:00+07:00,"2635.48,2636.38,2631.71,2634"
2025-01-06 13:00:00+07:00,"2634,2635.35,2630.19,2631.51"
2025-01-06 14:00:00+07:00,"2631.49,2633.59,2625.16,2627.05"
2025-01-06 15:00:00+07:00,"2626.85,2632.45,2625.71,2631.42"
2025-01-06 16:00:00+07:00,"2631.34,2635.73,2631.14,2632.59"
2025-01-06 17:00:00+07:00,"2633.03,2634.93,2630.74,2633.59"
2025-01-06 18:00:00+07:00,"2633.54,2649.31,2632.49,2645.61"
2025-01-06 19:00:00+07:00,"2645.85,2647.98,2642.04,2645.4"
2025-01-06 20:00:00+07:00,"2645.17,2648.76,2621.94,2624.27"
2025-01-06 21:00:00+07:00,"2624.4,2634.87,2614.55,2631.36"
2025-01-06 22:00:00+07:00,"2631.36,2639.71,2629.24,2634.17"
2025-01-06 23:00:00+07:00,"2634.24,2641.51,2632.56,2640.67"
2025-01-07 00:00:00+07:00,"2640.77,2641.03,2634.04,2636.57"
2025-01-07 01:00:00+07:00,"2636.59,2638.66,2633.64,2634.61"
2025-01-07 02:00:00+07:00,"2634.78,2635.63,2632.89,2634.65"
2025-01-07 03:00:00+07:00,"2634.65,2635.34,2633.11,2634.52"
2025-01-07 04:00:00+07:00,"2634.44,2637.13,2634.44,2635.8"
2025-01-07 06:00:00+07:00,"2635.91,2636.46,2633.54,2634.82"
2025-01-07 07:00:00+07:00,"2634.82,2635.29,2632.91,2635.11"
2025-01-07 08:00:00+07:00,"2635.08,2641.33,2634.88,2639.18"
2025-01-07 09:00:00+07:00,"2639.15,2640.23,2636.84,2638.73"
2025-01-07 10:00:00+07:00,"2638.73,2640.22,2637.51,2639.49"
2025-01-07 11:00:00+07:00,"2639.58,2639.93,2637.43,2638.25"
2025-01-07 12:00:00+07:00,"2638.43,2645.86,2636.86,2644.42"
2025-01-07 13:00:00+07:00,"2644.32,2647.01,2639.87,2640.45"
2025-01-07 14:00:00+07:00,"2640.24,2642.33,2637.89,2640.32"
2025-01-07 15:00:00+07:00,"2640.29,2644.91,2639.92,2642.65"
2025-01-07 16:00:00+07:00,"2642.22,2644.06,2640.24,2641.39"
2025-01-07 17:00:00+07:00,"2641.4,2644.91,2641.14,2643.62"
2025-01-07 18:00:00+07:00,"2643.57,2648.59,2641.94,2648.51"
2025-01-07 19:00:00+07:00,"2648.63,2652.78,2647.27,2651.37"
2025-01-07 20:00:00+07:00,"2651.88,2664.28,2649.94,2662.32"
2025-01-07 21:00:00+07:00,"2662.34,2663.28,2655.83,2658.39"
2025-01-07 22:00:00+07:00,"2655.96,2655.96,2642.09,2647.95"
2025-01-07 23:00:00+07:00,"2647.95,2655.83,2646.73,2652.03"
2025-01-08 00:00:00+07:00,"2652.03,2656.25,2650.19,2652.32"
2025-01-08 01:00:00+07:00,"2652.32,2652.73,2647.16,2648.92"
2025-01-08 02:00:00+07:00,"2648.94,2650.33,2647.04,2649.53"
2025-01-08 03:00:00+07:00,"2649.5,2651.34,2647.34,2650.14"
2025-01-08 04:00:00+07:00,"2650.24,2650.61,2647.74,2648.89"
2025-01-08 06:00:00+07:00,"2649.02,2650.34,2648.22,2649.96"
2025-01-08 07:00:00+07:00,"2649.89,2651.6,2648.85,2650.44"
2025-01-08 08:00:00+07:00,"2650.65,2651.08,2647.21,2648.72"
2025-01-08 09:00:00+07:00,"2648.64,2650.27,2646.01,2648.97"
2025-01-08 10:00:00+07:00,"2648.72,2649.08,2645.55,2646.92"
2025-01-08 11:00:00+07:00,"2646.87,2648.57,2645.29,2647.13"
2025-01-08 12:00:00+07:00,"2647.06,2650.81,2646.52,2650.02"
2025-01-08 13:00:00+07:00,"2649.94,2653.15,2648.87,2651.92"
2025-01-08 14:00:00+07:00,"2651.84,2654.53,2651.51,2652.42"
2025-01-08 15:00:00+07:00,"2652.27,2653.78,2649.61,2652.01"
2025-01-08 16:00:00+07:00,"2652.02,2655.05,2651.8,2653.55"
2025-01-08 17:00:00+07:00,"2653.56,2655.22,2652.65,2653.15"
2025-01-08 18:00:00+07:00,"2653.13,2653.13,2647.35,2650.9"
2025-01-08 19:00:00+07:00,"2650.89,2652.53,2645.63,2651.84"
2025-01-08 20:00:00+07:00,"2651.78,2660.26,2651.36,2660.12"
2025-01-08 21:00:00+07:00,"2660.14,2667.76,2659.92,2661.83"
2025-01-08 22:00:00+07:00,"2661.8,2667.81,2659.34,2665.72"
2025-01-08 23:00:00+07:00,"2665.64,2669.9,2662.52,2669.57"
2025-01-09 00:00:00+07:00,"2669.64,2669.74,2649.6,2655.37"
2025-01-09 01:00:00+07:00,"2655.45,2658.93,2651.68,2653.53"
2025-01-09 02:00:00+07:00,"2653.55,2660.56,2652.59,2658.41"
2025-01-09 03:00:00+07:00,"2658.6,2664.26,2658.17,2663.37"
2025-01-09 04:00:00+07:00,"2663.32,2664.22,2661.16,2661.55"
2025-01-09 06:00:00+07:00,"2661.68,2663.25,2661.42,2662.68"
2025-01-09 07:00:00+07:00,"2662.65,2662.85,2659.52,2660.12"
2025-01-09 08:00:00+07:00,"2660.12,2661.27,2657.54,2658.93"
2025-01-09 09:00:00+07:00,"2658.73,2660.14,2656.14,2658.59"
2025-01-09 10:00:00+07:00,"2658.59,2662.12,2658.34,2659.55"
2025-01-09 11:00:00+07:00,"2659.48,2659.95,2655.59,2658.74"
2025-01-09 12:00:00+07:00,"2658.74,2660.82,2657.39,2658.35"
2025-01-09 13:00:00+07:00,"2658.35,2666.81,2658.19,2666.49"
2025-01-09 14:00:00+07:00,"2666.42,2666.42,2662.21,2662.48"
2025-01-09 15:00:00+07:00,"2662.33,2666.88,2660.55,2664.29"
2025-01-09 16:00:00+07:00,"2664.73,2666.73,2662.41,2665.02"
2025-01-09 17:00:00+07:00,"2665,2668.73,2664.47,2667.47"
2025-01-09 18:00:00+07:00,"2667.37,2673.09,2665.2,2670.37"
2025-01-09 19:00:00+07:00,"2670.37,2675.22,2669.53,2674.07"
2025-01-09 20:00:00+07:00,"2674,2678.34,2672.1,2672.5"
2025-01-09 21:00:00+07:00,"2672.5,2675.88,2667.34,2672.7"
2025-01-09 22:00:00+07:00,"2672.71,2675.41,2667.99,2668.63"
2025-01-09 23:00:00+07:00,"2668.6,2671.25,2666.24,2667.75"
2025-01-10 00:00:00+07:00,"2667.75,2668.88,2663.01,2665.94"
2025-01-10 01:00:00+07:00,"2665.98,2672.42,2665.12,2671.24"
2025-01-10 02:00:00+07:00,"2671.34,2671.57,2668.69,2670.35"
2025-01-10 03:00:00+07:00,"2670.04,2670.88,2669.09,2669.83"
2025-01-10 04:00:00+07:00,"2669.8,2671.48,2668.9,2670.11"
2025-01-10 06:00:00+07:00,"2670.53,2671.53,2668.41,2669.98"
2025-01-10 07:00:00+07:00,"2669.99,2671.06,2669.22,2670.75"
2025-01-10 08:00:00+07:00,"2670.82,2671.9,2669.5,2670.79"
2025-01-10 09:00:00+07:00,"2670.74,2674.66,2670.54,2673.42"
2025-01-10 10:00:00+07:00,"2673.42,2674.78,2672.39,2673.85"
2025-01-10 11:00:00+07:00,"2673.85,2674.28,2671.79,2671.83"
2025-01-10 12:00:00+07:00,"2672.08,2676.08,2671.56,2675.28"
2025-01-10 13:00:00+07:00,"2675.21,2678.4,2674.26,2678.19"
2025-01-10 14:00:00+07:00,"2677.95,2678.69,2673.38,2676.18"
2025-01-10 15:00:00+07:00,"2675.97,2680.55,2675.57,2679.88"
2025-01-10 16:00:00+07:00,"2679.83,2682.5,2677.9,2678.77"
2025-01-10 17:00:00+07:00,"2678.73,2682.79,2678.15,2680.98"
2025-01-10 18:00:00+07:00,"2680.99,2682.99,2680.4,2681.41"
2025-01-10 19:00:00+07:00,"2681.52,2681.52,2674.67,2678.48"
2025-01-10 20:00:00+07:00,"2678.44,2683.78,2663.79,2682.89"
2025-01-10 21:00:00+07:00,"2682.79,2693.26,2680.62,2687.97"
2025-01-10 22:00:00+07:00,"2687.86,2698.08,2683.01,2692.88"
2025-01-10 23:00:00+07:00,"2692.84,2697.19,2687.04,2695.92"
2025-01-11 00:00:00+07:00,"2696.07,2697.92,2692.29,2695.84"
2025-01-11 01:00:00+07:00,"2695.83,2696.97,2685.08,2687.26"
2025-01-11 02:00:00+07:00,"2687.53,2687.83,2684.44,2685.59"
2025-01-11 03:00:00+07:00,"2686.06,2690.85,2684.63,2690.84"
2025-01-11 04:00:00+07:00,"2690.78,2693.4,2688.45,2690.06"
2025-01-13 06:00:00+07:00,"2690.29,2691.34,2686.77,2691.09"
2025-01-13 07:00:00+07:00,"2691.09,2693.23,2687.97,2689.94"
2025-01-13 08:00:00+07:00,"2689.59,2690.21,2679.21,2685.67"
2025-01-13 09:00:00+07:00,"2685.44,2690.35,2684.67,2688.83"
2025-01-13 10:00:00+07:00,"2688.79,2688.9,2685.5,2687.75"
2025-01-13 11:00:00+07:00,"2687.78,2690.83,2684.19,2686.03"
2025-01-13 12:00:00+07:00,"2686.23,2686.97,2683.21,2686.89"
2025-01-13 13:00:00+07:00,"2686.94,2691.51,2686.89,2689.9"
2025-01-13 14:00:00+07:00,"2689.73,2690.45,2684.5,2685.57"
2025-01-13 15:00:00+07:00,"2685.29,2689.65,2683.96,2687.16"
2025-01-13 16:00:00+07:00,"2687.25,2688.37,2683.1,2684.91"
2025-01-13 17:00:00+07:00,"2684.86,2685.15,2677.37,2679.47"
2025-01-13 18:00:00+07:00,"2679.44,2680.6,2675.29,2676.03"
2025-01-13 19:00:00+07:00,"2676,2677.39,2663.94,2671.28"
2025-01-13 20:00:00+07:00,"2671.51,2672.41,2663.79,2668.93"
2025-01-13 21:00:00+07:00,"2668.94,2674.07,2663.89,2671.93"
2025-01-13 22:00:00+07:00,"2671.93,2672.98,2660.97,2662"
2025-01-13 23:00:00+07:00,"2661.8,2668.03,2660.55,2661.4"
2025-01-14 00:00:00+07:00,"2661.56,2664.04,2659.11,2660.91"
2025-01-14 01:00:00+07:00,"2660.88,2662.44,2657.41,2659.53"
2025-01-14 02:00:00+07:00,"2659.3,2660.42,2656.97,2659.08"
2025-01-14 03:00:00+07:00,"2659.08,2662.64,2658.69,2662.07"
2025-01-14 04:00:00+07:00,"2662,2664.26,2660.67,2662.84"
2025-01-14 06:00:00+07:00,"2662.89,2669.29,2662.89,2668.22"
2025-01-14 07:00:00+07:00,"2668.25,2671.08,2666.17,2670.74"
2025-01-14 08:00:00+07:00,"2670.77,2672.11,2667.59,2670.73"
2025-01-14 09:00:00+07:00,"2670.77,2672.28,2668.37,2670.54"
2025-01-14 10:00:00+07:00,"2670.52,2672.25,2668.87,2669.88"
2025-01-14 11:00:00+07:00,"2669.76,2674.08,2668.3,2673.47"
2025-01-14 12:00:00+07:00,"2673.47,2675.26,2667.43,2668.52"
2025-01-14 13:00:00+07:00,"2668.72,2669.77,2667.4,2669.05"
2025-01-14 14:00:00+07:00,"2669.05,2670.89,2667.15,2669.19"
2025-01-14 15:00:00+07:00,"2669.4,2674.72,2667.47,2671.02"
2025-01-14 16:00:00+07:00,"2671.01,2671.62,2664.94,2667.3"
2025-01-14 17:00:00+07:00,"2667.47,2668.82,2664.78,2666.71"
2025-01-14 18:00:00+07:00,"2666.64,2669.82,2664.68,2669.1"
2025-01-14 19:00:00+07:00,"2668.95,2671.72,2666.3,2668.35"
2025-01-14 20:00:00+07:00,"2668.2,2674.62,2660.75,2663.05"
2025-01-14 21:00:00+07:00,"2663.02,2665.92,2659.84,2665"
2025-01-14 22:00:00+07:00,"2665.13,2672.67,2665,2671.82"
2025-01-14 23:00:00+07:00,"2671.82,2674.23,2669.84,2671.83"
2025-01-15 00:00:00+07:00,"2671.85,2672.07,2667.9,2669.15"
2025-01-15 01:00:00+07:00,"2668.9,2672.52,2666.67,2672.35"
2025-01-15 02:00:00+07:00,"2672.35,2676.4,2671.87,2674.3"
2025-01-15 03:00:00+07:00,"2674.1,2676.42,2671.89,2676.25"
2025-01-15 04:00:00+07:00,"2676.2,2678.3,2675.78,2677.38"
2025-01-15 06:00:00+07:00,"2678.4,2678.4,2673.82,2675.44"
2025-01-15 07:00:00+07:00,"2675.41,2676.26,2672.46,2672.96"
2025-01-15 08:00:00+07:00,"2672.94,2674.48,2669.68,2669.91"
2025-01-15 09:00:00+07:00,"2670.14,2675.1,2669.21,2673.68"
2025-01-15 10:00:00+07:00,"2673.64,2676.21,2672.3,2676.04"
2025-01-15 11:00:00+07:00,"2676.07,2676.66,2674.26,2675.57"
2025-01-15 12:00:00+07:00,"2675.59,2679.4,2674.52,2679.23"
2025-01-15 13:00:00+07:00,"2679.24,2683.32,2679,2680.9"
2025-01-15 14:00:00+07:00,"2680.91,2684.12,2680.13,2681.39"
2025-01-15 15:00:00+07:00,"2681.46,2685.27,2681.05,2683.9"
2025-01-15 16:00:00+07:00,"2683.75,2688.57,2682.92,2685.85"
2025-01-15 17:00:00+07:00,"2685.92,2688.95,2684.72,2688.33"
2025-01-15 18:00:00+07:00,"2688.43,2688.88,2685.12,2686.75"
2025-01-15 19:00:00+07:00,"2686.76,2687.4,2684.04,2684.68"
2025-01-15 20:00:00+07:00,"2684.72,2694.11,2682.15,2693.72"
2025-01-15 21:00:00+07:00,"2693.73,2696.07,2677.89,2682.17"
2025-01-15 22:00:00+07:00,"2682.06,2683.12,2676.62,2678.48"
2025-01-15 23:00:00+07:00,"2678.62,2690.02,2676.9,2689.25"
2025-01-16 00:00:00+07:00,"2689.29,2692.98,2688.45,2692.67"
2025-01-16 01:00:00+07:00,"2692.5,2695.07,2691.15,2694.07"
2025-01-16 02:00:00+07:00,"2694.07,2695.08,2692.65,2694.22"
2025-01-16 03:00:00+07:00,"2694.22,2696.49,2693.2,2696.15"
2025-01-16 04:00:00+07:00,"2696.1,2697.54,2694.02,2697.01"
2025-01-16 06:00:00+07:00,"2696.09,2698.16,2694.42,2695.22"
2025-01-16 07:00:00+07:00,"2695.37,2698.27,2692.64,2695.29"
2025-01-16 08:00:00+07:00,"2695.11,2702.24,2694.68,2696.17"
2025-01-16 09:00:00+07:00,"2696.32,2698.07,2695.2,2697.52"
2025-01-16 10:00:00+07:00,"2697.49,2698.43,2695.73,2697.14"
2025-01-16 11:00:00+07:00,"2697.11,2697.98,2696.7,2697.3"
2025-01-16 12:00:00+07:00,"2697.3,2697.52,2693.7,2694.61"
2025-01-16 13:00:00+07:00,"2694.6,2695.46,2690.15,2693.75"
2025-01-16 14:00:00+07:00,"2693.85,2699.97,2693.35,2698.29"
2025-01-16 15:00:00+07:00,"2698.37,2703.37,2697.32,2698.93"
2025-01-16 16:00:00+07:00,"2699.05,2706.12,2697.6,2705.47"
2025-01-16 17:00:00+07:00,"2705.57,2708.59,2704.65,2707.7"
2025-01-16 18:00:00+07:00,"2707.8,2711.12,2706.17,2706.47"
2025-01-16 19:00:00+07:00,"2706.45,2707.42,2700.24,2703.97"
2025-01-16 20:00:00+07:00,"2703.8,2718.38,2701.47,2715.48"
2025-01-16 21:00:00+07:00,"2715.46,2719.37,2712.88,2718.47"
2025-01-16 22:00:00+07:00,"2718.3,2719.68,2712.8,2716.8"
2025-01-16 23:00:00+07:00,"2716.95,2722.48,2716.7,2720.52"
2025-01-17 00:00:00+07:00,"2720.57,2724.77,2719.45,2721.76"
2025-01-17 01:00:00+07:00,"2721.92,2723.32,2715,2715.3"
2025-01-17 02:00:00+07:00,"2715.3,2717.37,2715,2715.23"
2025-01-17 03:00:00+07:00,"2715.3,2717.18,2714.21,2715.83"
2025-01-17 04:00:00+07:00,"2715.9,2716.16,2712.41,2714.7"
2025-01-17 06:00:00+07:00,"2714.76,2715.22,2712.1,2714.38"
2025-01-17 07:00:00+07:00,"2714.35,2716.19,2713.9,2714.78"
2025-01-17 08:00:00+07:00,"2714.78,2714.85,2709.81,2714.55"
2025-01-17 09:00:00+07:00,"2714.69,2716.95,2713.7,2715.85"
2025-01-17 10:00:00+07:00,"2715.76,2717.47,2714.5,2715.49"
2025-01-17 11:00:00+07:00,"2715.42,2716.52,2714.1,2714.74"
2025-01-17 12:00:00+07:00,"2714.81,2715.61,2711.1,2711.6"
2025-01-17 13:00:00+07:00,"2711.71,2713.3,2710.45,2712.58"
2025-01-17 14:00:00+07:00,"2712.62,2714.7,2708.61,2710.55"
2025-01-17 15:00:00+07:00,"2710.82,2712.92,2709.3,2711.77"
2025-01-17 16:00:00+07:00,"2711.67,2712.1,2703.97,2705.22"
2025-01-17 17:00:00+07:00,"2705.05,2706.32,2702.83,2704.03"
2025-01-17 18:00:00+07:00,"2704.05,2708.66,2703.64,2708.1"
2025-01-17 19:00:00+07:00,"2708.15,2711.97,2706.94,2711.06"
2025-01-17 20:00:00+07:00,"2711.07,2712.05,2704.67,2705.09"
2025-01-17 21:00:00+07:00,"2705.05,2712.53,2702.65,2711.5"
2025-01-17 22:00:00+07:00,"2711.45,2715.2,2710.17,2714.2"
2025-01-17 23:00:00+07:00,"2714.2,2717.3,2713.53,2715.95"
2025-01-18 00:00:00+07:00,"2715.8,2716.33,2710.53,2712.47"
2025-01-18 01:00:00+07:00,"2712.5,2713.27,2705.33,2705.56"
2025-01-18 02:00:00+07:00,"2705.64,2707.37,2702.86,2703.27"
2025-01-18 03:00:00+07:00,"2703.27,2704.22,2700.02,2700.89"
2025-01-18 04:00:00+07:00,"2700.94,2703.12,2699.14,2702.61"
2025-01-20 06:00:00+07:00,"2703.61,2703.61,2691.07,2696.32"
2025-01-20 07:00:00+07:00,"2696.28,2696.36,2692.74,2694.49"
2025-01-20 08:00:00+07:00,"2694.46,2695.79,2689.38,2693.66"
2025-01-20 09:00:00+07:00,"2693.77,2698.13,2693.58,2697.32"
2025-01-20 10:00:00+07:00,"2697.42,2703.99,2697.36,2703.28"
2025-01-20 11:00:00+07:00,"2703.57,2706.63,2702.19,2705.97"
2025-01-20 12:00:00+07:00,"2705.69,2707.68,2703.74,2707.11"
2025-01-20 13:00:00+07:00,"2707.1,2713.87,2706.42,2711.72"
2025-01-20 14:00:00+07:00,"2711.69,2711.99,2702.91,2703.65"
2025-01-20 15:00:00+07:00,"2703.72,2708.11,2703.14,2706.9"
2025-01-20 16:00:00+07:00,"2706.88,2708.9,2702.79,2705.91"
2025-01-20 17:00:00+07:00,"2705.9,2709.91,2705.28,2708.41"
2025-01-20 18:00:00+07:00,"2708.36,2712.39,2704.74,2708.58"
2025-01-20 19:00:00+07:00,"2708.5,2710,2706.12,2708.19"
2025-01-20 20:00:00+07:00,"2708.16,2710.55,2701.71,2705.3"
2025-01-20 21:00:00+07:00,"2705.35,2712.37,2705.06,2710.46"
2025-01-20 22:00:00+07:00,"2710.34,2710.7,2705.31,2706.96"
2025-01-20 23:00:00+07:00,"2706.96,2709.2,2703.47,2707.64"
2025-01-21 00:00:00+07:00,"2707.56,2710.59,2704.44,2707.51"
2025-01-21 01:00:00+07:00,"2707.52,2711.2,2705.56,2710.6"
2025-01-21 02:00:00+07:00,"2710.61,2711.15,2706.1,2707.64"
2025-01-21 06:00:00+07:00,"2707.62,2711.07,2706.46,2710.22"
2025-01-21 07:00:00+07:00,"2710.14,2711.52,2702.86,2705.37"
2025-01-21 08:00:00+07:00,"2705.39,2719.3,2703.25,2717.95"
2025-01-21 09:00:00+07:00,"2717.79,2725.82,2717.7,2724.65"
2025-01-21 10:00:00+07:00,"2724.67,2727.08,2721.21,2724.21"
2025-01-21 11:00:00+07:00,"2724.22,2727.92,2723.08,2727.19"
2025-01-21 12:00:00+07:00,"2727.21,2729.29,2725.2,2726"
2025-01-21 13:00:00+07:00,"2725.96,2729.48,2723.87,2724.41"
2025-01-21 14:00:00+07:00,"2724.5,2732.9,2722.69,2729.81"
2025-01-21 15:00:00+07:00,"2729.84,2729.95,2721.62,2723.44"
2025-01-21 16:00:00+07:00,"2723.23,2724.17,2717.99,2721.34"
2025-01-21 17:00:00+07:00,"2721.41,2724.1,2719.02,2719.97"
2025-01-21 18:00:00+07:00,"2719.98,2724.55,2716.4,2723.9"
2025-01-21 19:00:00+07:00,"2723.97,2727.23,2721.85,2726.89"
2025-01-21 20:00:00+07:00,"2726.8,2730.12,2724.3,2726.41"
2025-01-21 21:00:00+07:00,"2726.39,2738.59,2725.2,2738.04"
2025-01-21 22:00:00+07:00,"2737.95,2740.48,2734.45,2738.75"
2025-01-21 23:00:00+07:00,"2738.77,2744.82,2737.82,2743.14"
2025-01-22 00:00:00+07:00,"2743.25,2745.84,2740.2,2740.36"
2025-01-22 01:00:00+07:00,"2740.33,2746.12,2739.9,2744.53"
2025-01-22 02:00:00+07:00,"2744.57,2745.41,2741.2,2742.72"
2025-01-22 03:00:00+07:00,"2742.62,2743.31,2739.91,2742.35"
2025-01-22 04:00:00+07:00,"2742.47,2745.85,2741.98,2744.8"
2025-01-22 06:00:00+07:00,"2745.26,2745.48,2741.91,2744.15"
2025-01-22 07:00:00+07:00,"2744.2,2749.1,2742.79,2748.43"
2025-01-22 08:00:00+07:00,"2748.42,2749.93,2746.81,2748.18"
2025-01-22 09:00:00+07:00,"2748.02,2749.65,2746.12,2748.88"
2025-01-22 10:00:00+07:00,"2748.86,2751.29,2747.99,2750.37"
2025-01-22 11:00:00+07:00,"2750.37,2752.9,2749.28,2752.07"
2025-01-22 12:00:00+07:00,"2752.25,2758.57,2750.44,2757.99"
2025-01-22 13:00:00+07:00,"2758.29,2758.33,2745.75,2746.82"
2025-01-22 14:00:00+07:00,"2746.81,2754.07,2746.41,2748.72"
2025-01-22 15:00:00+07:00,"2748.94,2753.93,2747.02,2753.12"
2025-01-22 16:00:00+07:00,"2753.12,2762.29,2752.81,2758.27"
2025-01-22 17:00:00+07:00,"2758.51,2763.47,2758.12,2760.01"
2025-01-22 18:00:00+07:00,"2760.27,2760.57,2756.26,2756.5"
2025-01-22 19:00:00+07:00,"2756.4,2758.77,2751.78,2758.37"
2025-01-22 20:00:00+07:00,"2758.35,2761.68,2751.05,2757.78"
2025-01-22 21:00:00+07:00,"2757.69,2758.43,2750.4,2754.02"
2025-01-22 22:00:00+07:00,"2753.96,2760.31,2750.4,2759.35"
2025-01-22 23:00:00+07:00,"2759.27,2760.17,2755.97,2758.1"
2025-01-23 00:00:00+07:00,"2758.15,2758.55,2756,2756.51"
2025-01-23 01:00:00+07:00,"2756.5,2759.29,2754.85,2757.82"
2025-01-23 02:00:00+07:00,"2757.84,2757.84,2755.06,2755.26"
2025-01-23 03:00:00+07:00,"2755.26,2757.09,2754.91,2756.8"
2025-01-23 04:00:00+07:00,"2756.78,2757.2,2754.89,2756.21"
2025-01-23 06:00:00+07:00,"2756.12,2756.52,2753.9,2755.39"
2025-01-23 07:00:00+07:00,"2755.34,2755.91,2753.23,2755.41"
2025-01-23 08:00:00+07:00,"2755.43,2756.31,2750.71,2752.58"
2025-01-23 09:00:00+07:00,"2752.55,2754.87,2752.06,2752.63"
2025-01-23 10:00:00+07:00,"2752.59,2753.19,2749.62,2750.1"
2025-01-23 11:00:00+07:00,"2750.09,2753.59,2749.9,2751.69"
2025-01-23 12:00:00+07:00,"2751.7,2753.47,2751.46,2752.02"
2025-01-23 13:00:00+07:00,"2751.96,2755.54,2751.17,2753.19"
2025-01-23 14:00:00+07:00,"2753.2,2754.7,2751.71,2752.79"
2025-01-23 15:00:00+07:00,"2752.8,2754.89,2752.06,2752.69"
2025-01-23 16:00:00+07:00,"2752.73,2753.81,2740.94,2745.9"
2025-01-23 17:00:00+07:00,"2745.89,2752.47,2745.31,2751.32"
2025-01-23 18:00:00+07:00,"2751.35,2754.43,2750.85,2751.87"
2025-01-23 19:00:00+07:00,"2751.85,2753.33,2742.12,2744.79"
2025-01-23 20:00:00+07:00,"2745.03,2745.95,2735.95,2741.58"
2025-01-23 21:00:00+07:00,"2741.72,2747.43,2740.34,2746.15"
2025-01-23 22:00:00+07:00,"2746.16,2749.45,2742.14,2746.45"
2025-01-23 23:00:00+07:00,"2746.41,2757.48,2744.24,2753.97"
2025-01-24 00:00:00+07:00,"2753.97,2758.91,2752.37,2757.69"
2025-01-24 01:00:00+07:00,"2757.68,2758.19,2755.13,2755.76"
2025-01-24 02:00:00+07:00,"2755.8,2758.13,2753.77,2754.14"
2025-01-24 03:00:00+07:00,"2754.09,2754.63,2751.34,2753.83"
2025-01-24 04:00:00+07:00,"2753.83,2754.73,2752.17,2754.73"
2025-01-24 06:00:00+07:00,"2754.88,2755.62,2753.45,2754.61"
2025-01-24 07:00:00+07:00,"2754.57,2760.98,2754.34,2759.65"
2025-01-24 08:00:00+07:00,"2759.91,2762.59,2758.6,2762.26"
2025-01-24 09:00:00+07:00,"2762.35,2775.27,2762.31,2774.29"
2025-01-24 10:00:00+07:00,"2774.21,2777.22,2771.03,2772.52"
2025-01-24 11:00:00+07:00,"2772.41,2775.01,2770.59,2772.16"
2025-01-24 12:00:00+07:00,"2772.29,2776.62,2772.21,2775.24"
2025-01-24 13:00:00+07:00,"2775.22,2778.3,2773.11,2773.86"
2025-01-24 14:00:00+07:00,"2773.91,2775.4,2772.06,2772.64"
2025-01-24 15:00:00+07:00,"2772.69,2775.43,2770.04,2774.26"
2025-01-24 16:00:00+07:00,"2773.93,2777.86,2771.02,2772.71"
2025-01-24 17:00:00+07:00,"2772.83,2776.31,2771.51,2775.69"
2025-01-24 18:00:00+07:00,"2775.85,2780.06,2774.02,2776.74"
2025-01-24 19:00:00+07:00,"2776.65,2779.21,2776.06,2778.66"
2025-01-24 20:00:00+07:00,"2778.66,2784.61,2777.91,2782.43"
2025-01-24 21:00:00+07:00,"2782.61,2784.37,2773.84,2778.49"
2025-01-24 22:00:00+07:00,"2778.54,2786.03,2775.47,2775.88"
2025-01-24 23:00:00+07:00,"2775.85,2777.53,2769.86,2771.97"
2025-01-25 00:00:00+07:00,"2771.91,2776.06,2770.51,2773.06"
2025-01-25 01:00:00+07:00,"2773.17,2774.26,2771.36,2773.43"
2025-01-25 02:00:00+07:00,"2773.46,2775.34,2771.36,2774.6"
2025-01-25 03:00:00+07:00,"2774.59,2774.81,2770.73,2771.21"
2025-01-25 04:00:00+07:00,"2771.09,2772.24,2770.57,2771.01"
2025-01-27 06:00:00+07:00,"2768.26,2769.48,2764.51,2767.56"
2025-01-27 07:00:00+07:00,"2767.66,2771.03,2766.27,2769.69"
2025-01-27 08:00:00+07:00,"2769.79,2772.66,2762.9,2763.11"
2025-01-27 09:00:00+07:00,"2763.11,2763.71,2754,2756.26"
2025-01-27 10:00:00+07:00,"2756.26,2762.75,2755.28,2761.13"
2025-01-27 11:00:00+07:00,"2761.11,2761.19,2755.71,2758.06"
2025-01-27 12:00:00+07:00,"2758.06,2758.12,2752.82,2753.32"
2025-01-27 13:00:00+07:00,"2753.2,2755.16,2750.87,2754.65"
2025-01-27 14:00:00+07:00,"2754.64,2755.07,2747.32,2749.36"
2025-01-27 15:00:00+07:00,"2749.34,2759.76,2749.27,2757.15"
2025-01-27 16:00:00+07:00,"2756.97,2764.93,2755.62,2763.36"
2025-01-27 17:00:00+07:00,"2763.31,2771.02,2762.84,2768.03"
2025-01-27 18:00:00+07:00,"2767.96,2771.99,2765.06,2771.4"
2025-01-27 19:00:00+07:00,"2771.56,2771.75,2760.56,2761.38"
2025-01-27 20:00:00+07:00,"2761.35,2762.5,2752.31,2757.28"
2025-01-27 21:00:00+07:00,"2757.1,2757.95,2744.95,2751.35"
2025-01-27 22:00:00+07:00,"2751.38,2751.38,2739.53,2742.15"
2025-01-27 23:00:00+07:00,"2742.1,2743.13,2733.3,2734.45"
2025-01-28 00:00:00+07:00,"2734.55,2737,2730.51,2733.73"
2025-01-28 01:00:00+07:00,"2733.72,2737.9,2733.09,2737.03"
2025-01-28 02:00:00+07:00,"2737,2740.56,2736.92,2739.35"
2025-01-28 03:00:00+07:00,"2739.34,2742.52,2738.13,2741.43"
2025-01-28 04:00:00+07:00,"2741.43,2743.94,2740.52,2740.93"
2025-01-28 06:00:00+07:00,"2740.95,2745.36,2739.57,2741.86"
2025-01-28 07:00:00+07:00,"2741.85,2744.5,2739.86,2740.76"
2025-01-28 08:00:00+07:00,"2740.91,2745.16,2739.52,2741.46"
2025-01-28 09:00:00+07:00,"2741.42,2741.66,2738.36,2739.41"
2025-01-28 10:00:00+07:00,"2739.41,2741.85,2737.92,2738.91"
2025-01-28 11:00:00+07:00,"2738.86,2742.62,2738.69,2742.31"
2025-01-28 12:00:00+07:00,"2742.52,2744.86,2741.35,2741.75"
2025-01-28 13:00:00+07:00,"2741.71,2742.96,2739.19,2739.58"
2025-01-28 14:00:00+07:00,"2739.51,2743.11,2738.21,2738.93"
2025-01-28 15:00:00+07:00,"2739.06,2741.85,2734.74,2741.19"
2025-01-28 16:00:00+07:00,"2741.18,2745.11,2740.36,2743.46"
2025-01-28 17:00:00+07:00,"2743.47,2745.21,2741.01,2743.24"
2025-01-28 18:00:00+07:00,"2743.28,2744.65,2741.6,2742.76"
2025-01-28 19:00:00+07:00,"2742.76,2745.57,2741.24,2745.49"
2025-01-28 20:00:00+07:00,"2745.5,2749.5,2745.18,2748.89"
2025-01-28 21:00:00+07:00,"2748.91,2756.24,2748.91,2753.64"
2025-01-28 22:00:00+07:00,"2753.58,2757.23,2751.1,2755.32"
2025-01-28 23:00:00+07:00,"2755.29,2759.66,2755.28,2758.76"
2025-01-29 00:00:00+07:00,"2758.81,2760.13,2757.56,2759.71"
2025-01-29 01:00:00+07:00,"2759.66,2763.56,2759.31,2762.26"
2025-01-29 02:00:00+07:00,"2762.21,2764.94,2761.35,2764.66"
2025-01-29 03:00:00+07:00,"2764.8,2765.02,2762.31,2764.1"
2025-01-29 04:00:00+07:00,"2764.12,2764.28,2762.81,2763.44"
2025-01-29 06:00:00+07:00,"2762.97,2764.39,2762.41,2762.66"
2025-01-29 07:00:00+07:00,"2762.53,2764.77,2762.19,2763.98"
2025-01-29 08:00:00+07:00,"2763.98,2766.31,2763.66,2763.86"
2025-01-29 09:00:00+07:00,"2763.86,2765.71,2763.43,2764.28"
2025-01-29 10:00:00+07:00,"2764.18,2764.5,2762.35,2762.74"
2025-01-29 11:00:00+07:00,"2762.61,2764.11,2761.47,2762.42"
2025-01-29 12:00:00+07:00,"2762.4,2763.01,2760.11,2760.63"
2025-01-29 13:00:00+07:00,"2760.8,2762.28,2759.18,2759.23"
2025-01-29 14:00:00+07:00,"2759.25,2760.67,2757.36,2759.07"
2025-01-29 15:00:00+07:00,"2759.09,2766.13,2759.04,2764.03"
2025-01-29 16:00:00+07:00,"2764.09,2764.38,2760.41,2762.78"
2025-01-29 17:00:00+07:00,"2762.7,2763.37,2757.14,2758.22"
2025-01-29 18:00:00+07:00,"2758.32,2759.91,2757.49,2759.01"
2025-01-29 19:00:00+07:00,"2759.06,2759.08,2755.61,2756.56"
2025-01-29 20:00:00+07:00,"2756.57,2759.48,2752.14,2758.56"
2025-01-29 21:00:00+07:00,"2758.56,2761.11,2756.42,2759.31"
2025-01-29 22:00:00+07:00,"2759.35,2759.68,2748.43,2754.26"
2025-01-29 23:00:00+07:00,"2754.21,2756.21,2748.35,2751.6"
2025-01-30 00:00:00+07:00,"2751.62,2754.42,2751.01,2752.83"
2025-01-30 01:00:00+07:00,"2752.86,2753.84,2748.73,2751.38"
2025-01-30 02:00:00+07:00,"2751.05,2757.79,2744.69,2755.24"
2025-01-30 03:00:00+07:00,"2755.23,2759.01,2752.75,2755.07"
2025-01-30 04:00:00+07:00,"2755,2759.67,2754.12,2759.65"
2025-01-30 06:00:00+07:00,"2759.26,2760.68,2758.29,2760.29"
2025-01-30 07:00:00+07:00,"2760.29,2762.64,2758.97,2762.01"
2025-01-30 08:00:00+07:00,"2762.09,2762.09,2759.01,2760.13"
2025-01-30 09:00:00+07:00,"2760.07,2761.49,2759.28,2760.36"
2025-01-30 10:00:00+07:00,"2760.29,2762.38,2759.37,2761.89"
2025-01-30 11:00:00+07:00,"2761.86,2763.51,2759.81,2760.43"
2025-01-30 12:00:00+07:00,"2760.46,2761.18,2758.83,2760.59"
2025-01-30 13:00:00+07:00,"2760.6,2766.46,2760.28,2765.58"
2025-01-30 14:00:00+07:00,"2765.57,2769.49,2764.96,2769.12"
2025-01-30 15:00:00+07:00,"2769.2,2776.54,2768.46,2776.16"
2025-01-30 16:00:00+07:00,"2776.28,2776.4,2771.55,2774.26"
2025-01-30 17:00:00+07:00,"2774.24,2779.34,2773.86,2778.34"
2025-01-30 18:00:00+07:00,"2778.39,2779.53,2776.99,2777.7"
2025-01-30 19:00:00+07:00,"2777.73,2781.27,2776.16,2780.32"
2025-01-30 20:00:00+07:00,"2780.27,2786,2778.86,2785.73"
2025-01-30 21:00:00+07:00,"2785.81,2789.06,2780.09,2787.68"
2025-01-30 22:00:00+07:00,"2787.92,2796.74,2786.77,2795.41"
2025-01-30 23:00:00+07:00,"2795.4,2798.48,2790.16,2790.53"
2025-01-31 00:00:00+07:00,"2790.58,2795.85,2788.86,2795.62"
2025-01-31 01:00:00+07:00,"2795.65,2797.06,2792.29,2795.1"
2025-01-31 02:00:00+07:00,"2795.07,2795.27,2790.73,2793.38"
2025-01-31 03:00:00+07:00,"2793.39,2798.22,2792.3,2795.45"
2025-01-31 04:00:00+07:00,"2795.55,2798.37,2791.09,2794.29"
2025-01-31 06:00:00+07:00,"2794.62,2796.83,2792.67,2796.21"
2025-01-31 07:00:00+07:00,"2796.24,2799.52,2794.26,2795.81"
2025-01-31 08:00:00+07:00,"2795.91,2796.66,2794.68,2796.35"
2025-01-31 09:00:00+07:00,"2796.31,2798.06,2794.81,2796.14"
2025-01-31 10:00:00+07:00,"2796.08,2798.23,2795.69,2796.4"
2025-01-31 11:00:00+07:00,"2796.35,2796.45,2794.41,2795.75"
2025-01-31 12:00:00+07:00,"2795.73,2796.4,2794.02,2795.59"
2025-01-31 13:00:00+07:00,"2795.67,2795.81,2792.17,2792.8"
2025-01-31 14:00:00+07:00,"2792.72,2800.94,2792.36,2798.36"
2025-01-31 15:00:00+07:00,"2798.29,2799.46,2791.75,2793.26"
2025-01-31 16:00:00+07:00,"2793.26,2796.61,2792.71,2793.72"
2025-01-31 17:00:00+07:00,"2793.73,2795.15,2791.08,2794.21"
2025-01-31 18:00:00+07:00,"2794.07,2800.76,2792.21,2800.23"
2025-01-31 19:00:00+07:00,"2800.24,2807.88,2800.06,2805.42"
2025-01-31 20:00:00+07:00,"2805.41,2808.37,2803.29,2806.38"
2025-01-31 21:00:00+07:00,"2806.5,2812.56,2804.56,2812.41"
2025-01-31 22:00:00+07:00,"2812.46,2817.31,2808.36,2809.26"
2025-01-31 23:00:00+07:00,"2809.46,2810.26,2805.01,2807.46"
2025-02-01 00:00:00+07:00,"2807.45,2816.24,2803.11,2808.68"
2025-02-01 01:00:00+07:00,"2808.69,2809.06,2795.44,2798.98"
2025-02-01 02:00:00+07:00,"2798.94,2802.97,2795.46,2796.19"
2025-02-01 03:00:00+07:00,"2796.22,2802.21,2794.39,2800.83"
2025-02-01 04:00:00+07:00,"2800.78,2802.64,2798.53,2798.78"
2025-02-03 06:00:00+07:00,"2801.98,2804.71,2784.81,2793.75"
2025-02-03 07:00:00+07:00,"2793.81,2796.66,2790.18,2792.35"
2025-02-03 08:00:00+07:00,"2792.31,2792.33,2778.26,2782.24"
2025-02-03 09:00:00+07:00,"2782.3,2782.67,2773.8,2778.11"
2025-02-03 10:00:00+07:00,"2778.09,2778.4,2772.22,2774.44"
2025-02-03 11:00:00+07:00,"2774.41,2783.01,2774.2,2780.84"
2025-02-03 12:00:00+07:00,"2780.85,2785.11,2780.11,2783.23"
2025-02-03 13:00:00+07:00,"2783.17,2788.11,2782.95,2786.85"
2025-02-03 14:00:00+07:00,"2786.83,2789.9,2785.36,2789.29"
2025-02-03 15:00:00+07:00,"2789.35,2800.52,2787.02,2796.71"
2025-02-03 16:00:00+07:00,"2796.74,2800.9,2794.72,2796.4"
2025-02-03 17:00:00+07:00,"2796.38,2800.1,2793.06,2798.13"
2025-02-03 18:00:00+07:00,"2798.06,2804.16,2797.92,2801.28"
2025-02-03 19:00:00+07:00,"2801.22,2810.77,2800.51,2810.42"
2025-02-03 20:00:00+07:00,"2810.55,2811.86,2807.54,2811.06"
2025-02-03 21:00:00+07:00,"2811.08,2830.71,2810.21,2830.57"
2025-02-03 22:00:00+07:00,"2829.63,2830.42,2813.63,2817.35"
2025-02-03 23:00:00+07:00,"2817.45,2825.21,2812.99,2814.17"
2025-02-04 00:00:00+07:00,"2814.21,2822.2,2814.02,2817.18"
2025-02-04 01:00:00+07:00,"2817.14,2821.72,2816.02,2821.02"
2025-02-04 02:00:00+07:00,"2820.85,2822.98,2817.9,2818.28"
2025-02-04 03:00:00+07:00,"2818.26,2819.5,2815.65,2816.62"
2025-02-04 04:00:00+07:00,"2816.59,2817.55,2812.48,2814.61"
2025-02-04 06:00:00+07:00,"2813.61,2815.35,2812.43,2813.88"
2025-02-04 07:00:00+07:00,"2813.84,2817.55,2812.8,2817.28"
2025-02-04 08:00:00+07:00,"2817.41,2824.28,2816.06,2823.51"
2025-02-04 09:00:00+07:00,"2823.39,2824.62,2817.01,2821.2"
2025-02-04 10:00:00+07:00,"2821.2,2824.29,2817.44,2821.42"
2025-02-04 11:00:00+07:00,"2821.41,2821.55,2818.13,2819.09"
2025-02-04 12:00:00+07:00,"2819.22,2819.26,2813.54,2815.89"
2025-02-04 13:00:00+07:00,"2815.79,2816.09,2810.9,2813.46"
2025-02-04 14:00:00+07:00,"2813.45,2814.56,2807.21,2812.66"
2025-02-04 15:00:00+07:00,"2812.59,2819.12,2810.16,2815.08"
2025-02-04 16:00:00+07:00,"2815.12,2821.76,2814.09,2820.5"
2025-02-04 17:00:00+07:00,"2820.45,2820.45,2812.65,2814.82"
2025-02-04 18:00:00+07:00,"2814.8,2816.92,2813.27,2815.38"
2025-02-04 19:00:00+07:00,"2815.39,2823.02,2814.53,2821.82"
2025-02-04 20:00:00+07:00,"2821.9,2837.02,2821.53,2831.65"
2025-02-04 21:00:00+07:00,"2831.65,2841.4,2828.85,2839.04"
2025-02-04 22:00:00+07:00,"2839.11,2845.37,2833.66,2835.92"
2025-02-04 23:00:00+07:00,"2835.85,2842.43,2832.59,2840.36"
2025-02-05 00:00:00+07:00,"2840.44,2844.72,2839.38,2843.98"
2025-02-05 01:00:00+07:00,"2843.99,2844.98,2842.5,2842.66"
2025-02-05 02:00:00+07:00,"2842.62,2844.12,2841.8,2843.09"
2025-02-05 03:00:00+07:00,"2843.11,2844.86,2840.96,2844.31"
2025-02-05 04:00:00+07:00,"2844.24,2844.72,2841.14,2841.89"
2025-02-05 06:00:00+07:00,"2841.62,2842.64,2840.66,2841.4"
2025-02-05 07:00:00+07:00,"2841.54,2848.22,2840.75,2845.27"
2025-02-05 08:00:00+07:00,"2845.26,2849.02,2839.73,2844.55"
2025-02-05 09:00:00+07:00,"2844.63,2853.82,2844.03,2851.17"
2025-02-05 10:00:00+07:00,"2851.16,2854.62,2849.76,2852.32"
2025-02-05 11:00:00+07:00,"2852.32,2858.08,2851.81,2855.3"
2025-02-05 12:00:00+07:00,"2855.31,2860.71,2853.76,2859.28"
2025-02-05 13:00:00+07:00,"2859.42,2861.99,2857.24,2859.35"
2025-02-05 14:00:00+07:00,"2859.34,2864.26,2854.98,2864.16"
2025-02-05 15:00:00+07:00,"2864.13,2869.68,2863.67,2867.63"
2025-02-05 16:00:00+07:00,"2867.63,2872.15,2865.42,2870.26"
2025-02-05 17:00:00+07:00,"2870.37,2877.01,2866.07,2867.84"
2025-02-05 18:00:00+07:00,"2867.85,2870.45,2864.78,2868.64"
2025-02-05 19:00:00+07:00,"2868.67,2870.95,2866.96,2870.24"
2025-02-05 20:00:00+07:00,"2870.24,2870.76,2858.57,2861.89"
2025-02-05 21:00:00+07:00,"2861.89,2872.63,2860.68,2870.84"
2025-02-05 22:00:00+07:00,"2873.55,2882.28,2871.51,2880.12"
2025-02-05 23:00:00+07:00,"2880.13,2881.02,2863.16,2874.86"
2025-02-06 00:00:00+07:00,"2874.95,2876.76,2871.4,2873.03"
2025-02-06 01:00:00+07:00,"2873.07,2873.66,2863.9,2865.67"
2025-02-06 02:00:00+07:00,"2865.76,2868.96,2862.71,2863.59"
2025-02-06 03:00:00+07:00,"2863.6,2866.16,2859.99,2862.55"
2025-02-06 04:00:00+07:00,"2862.53,2867.36,2861.15,2867.33"
2025-02-06 06:00:00+07:00,"2868.07,2870.8,2866.06,2869.24"
2025-02-06 07:00:00+07:00,"2869.23,2869.99,2867.29,2869.81"
2025-02-06 08:00:00+07:00,"2869.8,2871.76,2863.77,2871.62"
2025-02-06 09:00:00+07:00,"2871.59,2873.35,2868.31,2870.69"
2025-02-06 10:00:00+07:00,"2870.7,2870.7,2864.42,2869.31"
2025-02-06 11:00:00+07:00,"2869.34,2872.24,2868.34,2868.54"
2025-02-06 12:00:00+07:00,"2868.68,2870.03,2865.49,2868.28"
2025-02-06 13:00:00+07:00,"2868.29,2871.26,2858.34,2859.26"
2025-02-06 14:00:00+07:00,"2859.23,2861.91,2855.08,2855.73"
2025-02-06 15:00:00+07:00,"2855.89,2858.58,2848.81,2856.09"
2025-02-06 16:00:00+07:00,"2856.12,2859.99,2855.67,2859.31"
2025-02-06 17:00:00+07:00,"2859.32,2861.76,2855.73,2859.28"
2025-02-06 18:00:00+07:00,"2859.3,2867.46,2858.2,2865.97"
2025-02-06 19:00:00+07:00,"2865.95,2870.26,2863.61,2864.41"
2025-02-06 20:00:00+07:00,"2864.45,2864.98,2855.51,2856.8"
2025-02-06 21:00:00+07:00,"2856.78,2859.74,2841.21,2841.93"
2025-02-06 22:00:00+07:00,"2841.84,2853.21,2834.24,2850.64"
2025-02-06 23:00:00+07:00,"2850.6,2854.81,2848.81,2848.81"
2025-02-07 00:00:00+07:00,"2848.86,2852.66,2848.16,2852.46"
2025-02-07 01:00:00+07:00,"2852.39,2853.6,2849.81,2852.65"
2025-02-07 02:00:00+07:00,"2852.63,2854.19,2850.21,2853.95"
2025-02-07 03:00:00+07:00,"2853.87,2857.36,2853.56,2856.66"
2025-02-07 04:00:00+07:00,"2856.42,2857.08,2854.93,2855.86"
2025-02-07 06:00:00+07:00,"2855.8,2858.6,2855.66,2858.09"
2025-02-07 07:00:00+07:00,"2858.08,2860.53,2857.95,2858.44"
2025-02-07 08:00:00+07:00,"2858.66,2868.06,2857.95,2866.21"
2025-02-07 09:00:00+07:00,"2866.19,2869.25,2865.45,2868.72"
2025-02-07 10:00:00+07:00,"2868.77,2870.53,2866.03,2867.28"
2025-02-07 11:00:00+07:00,"2867.24,2869.67,2866.24,2866.58"
2025-02-07 12:00:00+07:00,"2866.68,2867.1,2862.17,2862.3"
2025-02-07 13:00:00+07:00,"2862.28,2866.16,2858.99,2860.82"
2025-02-07 14:00:00+07:00,"2860.78,2865.59,2860.31,2864.06"
2025-02-07 15:00:00+07:00,"2864.18,2866.76,2863.23,2866.4"
2025-02-07 16:00:00+07:00,"2866.34,2870.72,2865.48,2868.91"
2025-02-07 17:00:00+07:00,"2868.94,2869.21,2863.41,2867.51"
2025-02-07 18:00:00+07:00,"2867.49,2868.31,2865.17,2867.65"
2025-02-07 19:00:00+07:00,"2867.71,2868.04,2863.46,2863.55"
2025-02-07 20:00:00+07:00,"2863.56,2870.71,2852.54,2862.55"
2025-02-07 21:00:00+07:00,"2862.57,2878.26,2856.11,2876.63"
2025-02-07 22:00:00+07:00,"2875.12,2886.81,2873.71,2880.48"
2025-02-07 23:00:00+07:00,"2880.43,2881.52,2860.38,2860.68"
2025-02-08 00:00:00+07:00,"2860.71,2862.71,2853.36,2859.99"
2025-02-08 01:00:00+07:00,"2859.98,2865.21,2859.63,2861.22"
2025-02-08 02:00:00+07:00,"2861.31,2863.23,2859.01,2860.34"
2025-02-08 03:00:00+07:00,"2860.19,2863.81,2859.36,2860.73"
2025-02-08 04:00:00+07:00,"2860.68,2863.37,2860.41,2860.61"
2025-02-10 06:00:00+07:00,"2856.58,2870.42,2856.58,2867.57"
2025-02-10 07:00:00+07:00,"2867.65,2869.3,2865.71,2867.95"
2025-02-10 08:00:00+07:00,"2867.9,2876.58,2866.11,2871.86"
2025-02-10 09:00:00+07:00,"2871.85,2875.16,2871.25,2873.88"
2025-02-10 10:00:00+07:00,"2873.81,2875.75,2871.3,2875.53"
2025-02-10 11:00:00+07:00,"2875.52,2879.64,2874.35,2879.14"
2025-02-10 12:00:00+07:00,"2879.24,2880.03,2876.07,2879.21"
2025-02-10 13:00:00+07:00,"2879.25,2892.25,2878.91,2888.51"
2025-02-10 14:00:00+07:00,"2888.5,2896.67,2886.64,2895.71"
2025-02-10 15:00:00+07:00,"2895.61,2898.82,2892.27,2896.59"
2025-02-10 16:00:00+07:00,"2896.5,2903.19,2896.24,2902.93"
2025-02-10 17:00:00+07:00,"2902.92,2906.21,2898.27,2902.28"
2025-02-10 18:00:00+07:00,"2902.21,2905.78,2898.37,2904.61"
2025-02-10 19:00:00+07:00,"2904.63,2906.98,2902.61,2903.01"
2025-02-10 20:00:00+07:00,"2902.96,2910.91,2899.81,2901.06"
2025-02-10 21:00:00+07:00,"2901.09,2909.23,2896.37,2908.65"
2025-02-10 22:00:00+07:00,"2908.66,2911.61,2904.46,2908.96"
2025-02-10 23:00:00+07:00,"2908.96,2910.25,2899.24,2901.07"
2025-02-11 00:00:00+07:00,"2901.08,2904.31,2896.65,2903.22"
2025-02-11 01:00:00+07:00,"2903.23,2906.9,2900.93,2905.11"
2025-02-11 02:00:00+07:00,"2905.09,2906.71,2902.51,2904.38"
2025-02-11 03:00:00+07:00,"2904.37,2907.76,2902.91,2907.42"
2025-02-11 04:00:00+07:00,"2907.2,2908.3,2905.37,2908.17"
2025-02-11 06:00:00+07:00,"2908.11,2921.62,2908.05,2917.79"
2025-02-11 07:00:00+07:00,"2917.91,2925.08,2916.41,2922.51"
2025-02-11 08:00:00+07:00,"2922.61,2936,2919.7,2933.94"
2025-02-11 09:00:00+07:00,"2933.95,2942.7,2905.94,2919.1"
2025-02-11 10:00:00+07:00,"2919.11,2925.71,2911.6,2919.68"
2025-02-11 11:00:00+07:00,"2919.77,2920.88,2915.1,2916.58"
2025-02-11 12:00:00+07:00,"2916.32,2923.8,2915.39,2922.86"
2025-02-11 13:00:00+07:00,"2922.86,2929.47,2915.45,2917.8"
2025-02-11 14:00:00+07:00,"2917.83,2918.36,2906.96,2913.34"
2025-02-11 15:00:00+07:00,"2913.11,2915.31,2906.86,2907.41"
2025-02-11 16:00:00+07:00,"2907.4,2912.34,2903.01,2903.19"
2025-02-11 17:00:00+07:00,"2903.13,2907.04,2901.71,2902.65"
2025-02-11 18:00:00+07:00,"2902.68,2906.64,2902.11,2903.88"
2025-02-11 19:00:00+07:00,"2903.66,2904.24,2886.94,2889.35"
2025-02-11 20:00:00+07:00,"2889.06,2898.22,2881.55,2896.51"
2025-02-11 21:00:00+07:00,"2896.5,2904.41,2894.99,2896.81"
2025-02-11 22:00:00+07:00,"2896.71,2906.56,2890.82,2904.74"
2025-02-11 23:00:00+07:00,"2904.73,2908.76,2902.26,2902.39"
2025-02-12 00:00:00+07:00,"2902.38,2907.46,2899.65,2905.64"
2025-02-12 01:00:00+07:00,"2905.56,2907.2,2903.31,2905.94"
2025-02-12 02:00:00+07:00,"2905.96,2906.44,2899.66,2900.12"
2025-02-12 03:00:00+07:00,"2900.09,2900.46,2893.96,2897.63"
2025-02-12 04:00:00+07:00,"2897.61,2899.58,2897.46,2897.5"
2025-02-12 06:00:00+07:00,"2897.15,2900.77,2897.15,2898.6"
2025-02-12 07:00:00+07:00,"2898.65,2898.86,2889.23,2892.14"
2025-02-12 08:00:00+07:00,"2892.15,2897.65,2883.64,2893.3"
2025-02-12 09:00:00+07:00,"2893.22,2898.01,2891.84,2892.51"
2025-02-12 10:00:00+07:00,"2892.28,2893.09,2886.61,2888.95"
2025-02-12 11:00:00+07:00,"2888.93,2890.46,2883.86,2885.34"
2025-02-12 12:00:00+07:00,"2885.46,2887.98,2883.91,2886.34"
2025-02-12 13:00:00+07:00,"2886.3,2894.73,2885.7,2892.57"
2025-02-12 14:00:00+07:00,"2892.59,2895.79,2890.95,2892.87"
2025-02-12 15:00:00+07:00,"2892.81,2894.05,2887.86,2891.74"
2025-02-12 16:00:00+07:00,"2891.68,2893.38,2886.38,2886.76"
2025-02-12 17:00:00+07:00,"2886.77,2889.87,2879.42,2882.83"
2025-02-12 18:00:00+07:00,"2882.82,2885.93,2879.37,2879.69"
2025-02-12 19:00:00+07:00,"2879.66,2886.26,2878.93,2885.19"
2025-02-12 20:00:00+07:00,"2885.27,2885.74,2864.21,2884.66"
2025-02-12 21:00:00+07:00,"2884.66,2898.05,2881.95,2894.59"
2025-02-12 22:00:00+07:00,"2894.5,2895.98,2886.86,2894.73"
2025-02-12 23:00:00+07:00,"2894.56,2904.61,2892.16,2902.51"
2025-02-13 00:00:00+07:00,"2902.41,2909.07,2901.86,2902.88"
2025-02-13 01:00:00+07:00,"2902.89,2903.86,2900.36,2901"
2025-02-13 02:00:00+07:00,"2901.08,2901.77,2893.56,2897.91"
2025-02-13 03:00:00+07:00,"2897.84,2901.46,2895.46,2900.91"
2025-02-13 04:00:00+07:00,"2900.86,2904.32,2900.13,2904.21"
2025-02-13 06:00:00+07:00,"2905.04,2906.48,2900.53,2905.77"
2025-02-13 07:00:00+07:00,"2905.75,2909.05,2904.53,2906.32"
2025-02-13 08:00:00+07:00,"2906.41,2907.36,2901.51,2905.96"
2025-02-13 09:00:00+07:00,"2905.96,2909.01,2905.11,2908.83"
2025-02-13 10:00:00+07:00,"2908.56,2918.04,2907.06,2916.53"
2025-02-13 11:00:00+07:00,"2916.52,2919.22,2916.11,2918.41"
2025-02-13 12:00:00+07:00,"2918.46,2922.81,2916.46,2918.04"
2025-02-13 13:00:00+07:00,"2918.12,2918.87,2912.69,2915.96"
2025-02-13 14:00:00+07:00,"2915.96,2920.84,2913.06,2914.61"
2025-02-13 15:00:00+07:00,"2914.66,2918.11,2909.36,2911.72"
2025-02-13 16:00:00+07:00,"2911.7,2918.31,2909.91,2915.22"
2025-02-13 17:00:00+07:00,"2915.24,2919.45,2913.9,2917.99"
2025-02-13 18:00:00+07:00,"2918.04,2918.4,2915.45,2918.02"
2025-02-13 19:00:00+07:00,"2918.03,2921.41,2915.65,2917.73"
2025-02-13 20:00:00+07:00,"2917.75,2918.01,2905.96,2908.45"
2025-02-13 21:00:00+07:00,"2908.4,2917.46,2906.53,2915.15"
2025-02-13 22:00:00+07:00,"2915.14,2920.98,2914.56,2920.16"
2025-02-13 23:00:00+07:00,"2920.21,2920.78,2912.98,2913.88"
2025-02-14 00:00:00+07:00,"2913.87,2919.26,2913.41,2919.01"
2025-02-14 01:00:00+07:00,"2918.92,2925.51,2914.28,2924.17"
2025-02-14 02:00:00+07:00,"2924.2,2927.36,2923.88,2926.76"
2025-02-14 03:00:00+07:00,"2926.81,2929.05,2924.61,2928.49"
2025-02-14 04:00:00+07:00,"2928.43,2929.42,2928.02,2928.64"
2025-02-14 06:00:00+07:00,"2928.26,2932.37,2927.29,2931.11"
2025-02-14 07:00:00+07:00,"2931.07,2931.35,2927.53,2927.9"
2025-02-14 08:00:00+07:00,"2927.89,2933.8,2927.89,2929.83"
2025-02-14 09:00:00+07:00,"2929.95,2930.55,2925.91,2927.39"
2025-02-14 10:00:00+07:00,"2927.4,2930.51,2923.31,2924.49"
2025-02-14 11:00:00+07:00,"2924.48,2929.23,2923.81,2928.43"
2025-02-14 12:00:00+07:00,"2928.59,2932.37,2926.84,2930.94"
2025-02-14 13:00:00+07:00,"2930.95,2936.91,2929.93,2934.46"
2025-02-14 14:00:00+07:00,"2934.36,2935.11,2930.61,2931.87"
2025-02-14 15:00:00+07:00,"2931.9,2938.53,2930.61,2935.38"
2025-02-14 16:00:00+07:00,"2935.16,2938.74,2934.16,2935.22"
2025-02-14 17:00:00+07:00,"2935.23,2939.98,2934.39,2935.96"
2025-02-14 18:00:00+07:00,"2935.95,2937.57,2929.26,2931.04"
2025-02-14 19:00:00+07:00,"2931.03,2933.11,2927.71,2930.84"
2025-02-14 20:00:00+07:00,"2930.74,2933.16,2917.75,2920.63"
2025-02-14 21:00:00+07:00,"2920.62,2928.41,2914.28,2920.98"
2025-02-14 22:00:00+07:00,"2920.99,2921.88,2892.97,2901.87"
2025-02-14 23:00:00+07:00,"2901.76,2903.96,2888.6,2896.04"
2025-02-15 00:00:00+07:00,"2895.96,2897.66,2885.36,2886.97"
2025-02-15 01:00:00+07:00,"2887.01,2888,2882.06,2883.81"
2025-02-15 02:00:00+07:00,"2883.88,2886.05,2878.78,2880.68"
2025-02-15 03:00:00+07:00,"2880.63,2886.2,2876.96,2885.34"
2025-02-15 04:00:00+07:00,"2885.36,2885.72,2882.14,2882.46"
2025-02-17 06:00:00+07:00,"2887.01,2893.93,2878.54,2879.28"
2025-02-17 07:00:00+07:00,"2879.35,2888.04,2879.35,2883.75"
2025-02-17 08:00:00+07:00,"2883.63,2896.72,2882.48,2895.68"
2025-02-17 09:00:00+07:00,"2895.61,2899.79,2893.91,2899.23"
2025-02-17 10:00:00+07:00,"2899.25,2904.66,2897.76,2903.46"
2025-02-17 11:00:00+07:00,"2903.59,2904.94,2898.43,2899.3"
2025-02-17 12:00:00+07:00,"2899.31,2905.36,2896.11,2896.3"
2025-02-17 13:00:00+07:00,"2896.3,2897.85,2888.18,2896.58"
2025-02-17 14:00:00+07:00,"2896.59,2903.63,2896.31,2902.46"
2025-02-17 15:00:00+07:00,"2902.47,2902.76,2895.01,2900.33"
2025-02-17 16:00:00+07:00,"2900.42,2906.51,2900.26,2902.58"
2025-02-17 17:00:00+07:00,"2902.57,2903,2895.46,2902.74"
2025-02-17 18:00:00+07:00,"2902.75,2903.91,2897.77,2901.09"
2025-02-17 19:00:00+07:00,"2901.01,2901.62,2895.39,2897.73"
2025-02-17 20:00:00+07:00,"2897.72,2899.25,2895.51,2896.79"
2025-02-17 21:00:00+07:00,"2896.8,2903.81,2896.49,2902.93"
2025-02-17 22:00:00+07:00,"2903.16,2904.46,2897.86,2899.21"
2025-02-17 23:00:00+07:00,"2899.22,2901.24,2896.61,2899.29"
2025-02-18 00:00:00+07:00,"2899.31,2899.81,2897.96,2898.41"
2025-02-18 01:00:00+07:00,"2898.46,2899.16,2897.11,2898.13"
2025-02-18 02:00:00+07:00,"2898.23,2899.18,2896.79,2899.12"
2025-02-18 06:00:00+07:00,"2899.41,2899.52,2897.2,2899.21"
2025-02-18 07:00:00+07:00,"2899.2,2900.27,2898.27,2899.24"
2025-02-18 08:00:00+07:00,"2899.32,2899.99,2892.03,2895.76"
2025-02-18 09:00:00+07:00,"2895.82,2905.15,2895.26,2903.14"
2025-02-18 10:00:00+07:00,"2903.15,2910.86,2902.76,2908.96"
2025-02-18 11:00:00+07:00,"2909,2911.06,2907.25,2910.88"
2025-02-18 12:00:00+07:00,"2910.9,2915.64,2909.83,2910.76"
2025-02-18 13:00:00+07:00,"2910.72,2914.37,2910,2913.61"
2025-02-18 14:00:00+07:00,"2913.63,2915.43,2908.49,2911.55"
2025-02-18 15:00:00+07:00,"2911.57,2913.36,2908.21,2912.36"
2025-02-18 16:00:00+07:00,"2912.4,2913.43,2910.06,2912.77"
2025-02-18 17:00:00+07:00,"2912.66,2913.53,2907.15,2911.24"
2025-02-18 18:00:00+07:00,"2911.23,2914.96,2909.78,2914.16"
2025-02-18 19:00:00+07:00,"2914.26,2918.88,2912.01,2918.16"
2025-02-18 20:00:00+07:00,"2918.17,2921.28,2913.43,2918.8"
2025-02-18 21:00:00+07:00,"2918.83,2928.81,2917.88,2927.99"
2025-02-18 22:00:00+07:00,"2928,2929.72,2923.49,2927.21"
2025-02-18 23:00:00+07:00,"2927.04,2933.73,2924.21,2932.95"
2025-02-19 00:00:00+07:00,"2932.96,2933.71,2929.64,2931.21"
2025-02-19 01:00:00+07:00,"2931.18,2933.66,2928.41,2933.28"
2025-02-19 02:00:00+07:00,"2933.32,2936.96,2931.96,2935.73"
2025-02-19 03:00:00+07:00,"2935.74,2936.81,2932.41,2933.47"
2025-02-19 04:00:00+07:00,"2933.53,2936.58,2933.01,2935.18"
2025-02-19 06:00:00+07:00,"2934.47,2935.63,2933.14,2933.96"
2025-02-19 07:00:00+07:00,"2933.93,2934.2,2928.57,2929.39"
2025-02-19 08:00:00+07:00,"2929.37,2939.74,2927.93,2938.51"
2025-02-19 09:00:00+07:00,"2938.39,2939.64,2924.16,2929.14"
2025-02-19 10:00:00+07:00,"2929.3,2930.51,2925.03,2928.85"
2025-02-19 11:00:00+07:00,"2928.86,2929.49,2926.55,2929.24"
2025-02-19 12:00:00+07:00,"2929.25,2934.43,2927.99,2932.89"
2025-02-19 13:00:00+07:00,"2932.89,2935.88,2930.81,2931.74"
2025-02-19 14:00:00+07:00,"2931.73,2935.84,2930.54,2934.17"
2025-02-19 15:00:00+07:00,"2934.16,2940.09,2933.64,2938.66"
2025-02-19 16:00:00+07:00,"2938.67,2946.59,2938.21,2945.48"
2025-02-19 17:00:00+07:00,"2945.47,2947,2942.71,2944.92"
2025-02-19 18:00:00+07:00,"2944.81,2946.19,2934.23,2935.12"
2025-02-19 19:00:00+07:00,"2935.17,2936.81,2931.29,2933.45"
2025-02-19 20:00:00+07:00,"2933.5,2941.61,2932.26,2936.19"
2025-02-19 21:00:00+07:00,"2936.22,2940.56,2930.16,2938.13"
2025-02-19 22:00:00+07:00,"2938.1,2939.14,2925.38,2925.7"
2025-02-19 23:00:00+07:00,"2925.69,2931.06,2923.04,2928.1"
2025-02-20 00:00:00+07:00,"2928.07,2930.01,2921.52,2923.83"
2025-02-20 01:00:00+07:00,"2923.81,2926.74,2918.46,2924.85"
2025-02-20 02:00:00+07:00,"2924.76,2932.34,2923.56,2931.71"
2025-02-20 03:00:00+07:00,"2931.79,2936.59,2931.36,2935.83"
2025-02-20 04:00:00+07:00,"2935.82,2937.51,2932.44,2933.3"
2025-02-20 06:00:00+07:00,"2933.49,2936.14,2933.46,2935.52"
2025-02-20 07:00:00+07:00,"2935.51,2941.33,2935.51,2940.97"
2025-02-20 08:00:00+07:00,"2940.96,2942.44,2934.71,2936.95"
2025-02-20 09:00:00+07:00,"2937.01,2941.71,2933.98,2940.96"
2025-02-20 10:00:00+07:00,"2940.97,2944.08,2940.63,2941.96"
2025-02-20 11:00:00+07:00,"2941.96,2942.53,2939.35,2940.02"
2025-02-20 12:00:00+07:00,"2940,2946.9,2939.41,2946.61"
2025-02-20 13:00:00+07:00,"2946.72,2949.06,2943.81,2948.11"
2025-02-20 14:00:00+07:00,"2947.81,2954.33,2946.5,2948.97"
2025-02-20 15:00:00+07:00,"2948.86,2954.82,2948.86,2954.52"
2025-02-20 16:00:00+07:00,"2954.36,2955.07,2949.83,2951.52"
2025-02-20 17:00:00+07:00,"2951.51,2954.84,2949.21,2952.25"
2025-02-20 18:00:00+07:00,"2952.26,2952.91,2947.21,2948.8"
2025-02-20 19:00:00+07:00,"2948.78,2950.9,2938.51,2945.42"
2025-02-20 20:00:00+07:00,"2945.44,2947.76,2933.84,2933.99"
2025-02-20 21:00:00+07:00,"2934,2940.11,2924.01,2935.16"
2025-02-20 22:00:00+07:00,"2935.2,2939.62,2931.72,2938.44"
2025-02-20 23:00:00+07:00,"2938.48,2945.66,2935.81,2943.07"
2025-02-21 00:00:00+07:00,"2943.08,2947.03,2939.99,2940.55"
2025-02-21 01:00:00+07:00,"2940.5,2942.51,2937.28,2941.74"
2025-02-21 02:00:00+07:00,"2941.81,2941.95,2933.66,2937.86"
2025-02-21 03:00:00+07:00,"2937.91,2938.91,2935.36,2937.91"
2025-02-21 04:00:00+07:00,"2937.81,2940.26,2937.47,2939.36"
2025-02-21 06:00:00+07:00,"2938.5,2943.49,2938.3,2941.58"
2025-02-21 07:00:00+07:00,"2941.6,2942.71,2937.19,2940.01"
2025-02-21 08:00:00+07:00,"2940,2949.73,2926.91,2928.67"
2025-02-21 09:00:00+07:00,"2928.82,2941.06,2926.4,2939.15"
2025-02-21 10:00:00+07:00,"2939.17,2939.8,2927.21,2931.22"
2025-02-21 11:00:00+07:00,"2931.2,2932.36,2926.64,2928.51"
2025-02-21 12:00:00+07:00,"2928.47,2934.08,2924.22,2930.21"
2025-02-21 13:00:00+07:00,"2930.23,2931.46,2925.67,2929.73"
2025-02-21 14:00:00+07:00,"2929.76,2933.07,2929.03,2929.96"
2025-02-21 15:00:00+07:00,"2929.95,2931.26,2916.74,2923.23"
2025-02-21 16:00:00+07:00,"2923.2,2929.56,2923.07,2929.3"
2025-02-21 17:00:00+07:00,"2929.28,2931.04,2928.95,2930.51"
2025-02-21 18:00:00+07:00,"2930.53,2936.08,2928,2928.37"
2025-02-21 19:00:00+07:00,"2928.38,2935.21,2927.6,2930.1"
2025-02-21 20:00:00+07:00,"2930.11,2934.65,2926.95,2930.91"
2025-02-21 21:00:00+07:00,"2930.96,2939.05,2928.17,2933.89"
2025-02-21 22:00:00+07:00,"2933.84,2935.68,2921.53,2928.64"
2025-02-21 23:00:00+07:00,"2928.63,2938.47,2927.34,2936.68"
2025-02-22 00:00:00+07:00,"2936.67,2941.68,2936.07,2939.8"
2025-02-22 01:00:00+07:00,"2939.81,2942.85,2937.78,2941.75"
2025-02-22 02:00:00+07:00,"2941.76,2942.63,2932.99,2933.42"
2025-02-22 03:00:00+07:00,"2933.41,2937.24,2932.35,2934.73"
2025-02-22 04:00:00+07:00,"2934.75,2938.22,2932.02,2935.97"
2025-02-24 06:00:00+07:00,"2934.44,2940.6,2934.2,2936.86"
2025-02-24 07:00:00+07:00,"2936.78,2938.03,2929.68,2930.2"
2025-02-24 08:00:00+07:00,"2930.19,2931.24,2921.4,2928.05"
2025-02-24 09:00:00+07:00,"2928.09,2940.89,2925.1,2940.84"
2025-02-24 10:00:00+07:00,"2940.81,2944.74,2939.85,2941.18"
2025-02-24 11:00:00+07:00,"2941.25,2943.05,2937.91,2940.75"
2025-02-24 12:00:00+07:00,"2940.91,2942.28,2935.61,2936.36"
2025-02-24 13:00:00+07:00,"2936.31,2941.91,2935.26,2938.57"
2025-02-24 14:00:00+07:00,"2938.65,2944.98,2938.15,2943.99"
2025-02-24 15:00:00+07:00,"2943.98,2948.85,2938.17,2946.35"
2025-02-24 16:00:00+07:00,"2946.46,2948.28,2942.79,2944.35"
2025-02-24 17:00:00+07:00,"2944.32,2944.73,2934.94,2938.31"
2025-02-24 18:00:00+07:00,"2938.34,2948.14,2937.74,2947.62"
2025-02-24 19:00:00+07:00,"2947.63,2951.23,2945.41,2946.55"
2025-02-24 20:00:00+07:00,"2946.56,2954.64,2946.26,2954.35"
2025-02-24 21:00:00+07:00,"2954.33,2956.25,2934.6,2938.56"
2025-02-24 22:00:00+07:00,"2938.5,2940.55,2930.72,2936.54"
2025-02-24 23:00:00+07:00,"2936.52,2943.55,2936.5,2943.4"
2025-02-25 00:00:00+07:00,"2943.36,2944.86,2941.02,2943.31"
2025-02-25 01:00:00+07:00,"2943.4,2948.02,2942.86,2947.37"
2025-02-25 02:00:00+07:00,"2947.4,2949.96,2946.85,2949.18"
2025-02-25 03:00:00+07:00,"2949.19,2951.59,2947.03,2950.56"
2025-02-25 04:00:00+07:00,"2950.52,2953.05,2950.29,2952.68"
2025-02-25 06:00:00+07:00,"2952.8,2953.78,2948.27,2950.14"
2025-02-25 07:00:00+07:00,"2950.13,2952.47,2948.4,2949.58"
2025-02-25 08:00:00+07:00,"2949.68,2952.47,2945.25,2949.49"
2025-02-25 09:00:00+07:00,"2949.57,2952.27,2947.17,2948.66"
2025-02-25 10:00:00+07:00,"2948.68,2949.49,2937.59,2939.57"
2025-02-25 11:00:00+07:00,"2939.56,2939.81,2935.09,2936.91"
2025-02-25 12:00:00+07:00,"2936.88,2940.97,2936.75,2937.99"
2025-02-25 13:00:00+07:00,"2937.99,2938.48,2933.52,2935.9"
2025-02-25 14:00:00+07:00,"2935.94,2940.55,2930.58,2931.65"
2025-02-25 15:00:00+07:00,"2931.68,2942.36,2929.52,2941.55"
2025-02-25 16:00:00+07:00,"2941.54,2942.36,2937.43,2938.87"
2025-02-25 17:00:00+07:00,"2938.82,2941.64,2937.27,2937.45"
2025-02-25 18:00:00+07:00,"2937.53,2940.69,2937.13,2938.67"
2025-02-25 19:00:00+07:00,"2938.72,2941.37,2923.97,2928.63"
2025-02-25 20:00:00+07:00,"2928.64,2937.97,2926.05,2937.46"
2025-02-25 21:00:00+07:00,"2937.48,2944.84,2932,2932.61"
2025-02-25 22:00:00+07:00,"2932.64,2934.85,2900.42,2905.91"
2025-02-25 23:00:00+07:00,"2905.95,2906.83,2888.29,2896.43"
2025-02-26 00:00:00+07:00,"2896.43,2908.95,2893.69,2907.65"
2025-02-26 01:00:00+07:00,"2907.64,2912.3,2905.43,2909.42"
2025-02-26 02:00:00+07:00,"2909.39,2913.84,2905.65,2912.02"
2025-02-26 03:00:00+07:00,"2912.06,2913.35,2910.84,2912.7"
2025-02-26 04:00:00+07:00,"2912.69,2917.25,2912.58,2914.94"
2025-02-26 06:00:00+07:00,"2915.23,2918.91,2913.63,2918.61"
2025-02-26 07:00:00+07:00,"2918.63,2926.1,2918.62,2923.52"
2025-02-26 08:00:00+07:00,"2923.53,2930.14,2915.23,2917.95"
2025-02-26 09:00:00+07:00,"2917.96,2923.15,2914.76,2921.19"
2025-02-26 10:00:00+07:00,"2921.13,2921.79,2916.46,2917.31"
2025-02-26 11:00:00+07:00,"2917.2,2918.87,2912.65,2914.9"
2025-02-26 12:00:00+07:00,"2914.89,2921.11,2914.78,2915.46"
2025-02-26 13:00:00+07:00,"2915.49,2916.19,2906.62,2906.64"
2025-02-26 14:00:00+07:00,"2906.77,2917.58,2905.8,2915.38"
2025-02-26 15:00:00+07:00,"2915.36,2918.29,2909.6,2917.92"
2025-02-26 16:00:00+07:00,"2917.93,2919.09,2912.16,2913.13"
2025-02-26 17:00:00+07:00,"2913.14,2916.86,2910.93,2912.66"
2025-02-26 18:00:00+07:00,"2912.67,2915.44,2912.09,2913.78"
2025-02-26 19:00:00+07:00,"2913.76,2915.54,2912.46,2913.88"
2025-02-26 20:00:00+07:00,"2913.85,2915.08,2905.56,2905.95"
2025-02-26 21:00:00+07:00,"2905.97,2906.21,2890.82,2901.8"
2025-02-26 22:00:00+07:00,"2901.79,2914.31,2898.52,2913.3"
2025-02-26 23:00:00+07:00,"2913.34,2916.74,2909.84,2913.13"
2025-02-27 00:00:00+07:00,"2913.1,2916.25,2910.34,2913.84"
2025-02-27 01:00:00+07:00,"2913.76,2916.17,2912.37,2914.91"
2025-02-27 02:00:00+07:00,"2914.92,2916.23,2913.3,2913.93"
2025-02-27 03:00:00+07:00,"2913.94,2916.74,2912.02,2916.35"
2025-02-27 04:00:00+07:00,"2916.28,2918.77,2915.96,2916.27"
2025-02-27 06:00:00+07:00,"2916.81,2920.86,2915.81,2919.32"
2025-02-27 07:00:00+07:00,"2919.31,2919.31,2915.91,2917.08"
2025-02-27 08:00:00+07:00,"2917.09,2918.34,2911.03,2912.65"
2025-02-27 09:00:00+07:00,"2912.64,2914.85,2904.35,2906.71"
2025-02-27 10:00:00+07:00,"2906.71,2909.15,2905.28,2905.79"
2025-02-27 11:00:00+07:00,"2905.82,2906.44,2896.33,2897.46"
2025-02-27 12:00:00+07:00,"2897.5,2898.67,2888.57,2890.96"
2025-02-27 13:00:00+07:00,"2890.97,2898.37,2890.49,2894.23"
2025-02-27 14:00:00+07:00,"2894.27,2896.65,2887.96,2891.97"
2025-02-27 15:00:00+07:00,"2891.99,2892.12,2880.69,2881.37"
2025-02-27 16:00:00+07:00,"2881.4,2893.56,2877.1,2887.37"
2025-02-27 17:00:00+07:00,"2887.42,2895.06,2886.56,2892.31"
2025-02-27 18:00:00+07:00,"2892.32,2894.88,2883.38,2884.06"
2025-02-27 19:00:00+07:00,"2884.1,2888.8,2883.12,2885.05"
2025-02-27 20:00:00+07:00,"2884.97,2892.11,2881.11,2889.09"
2025-02-27 21:00:00+07:00,"2889.02,2892.43,2867.82,2872.39"
2025-02-27 22:00:00+07:00,"2872.31,2882.59,2870.49,2872.31"
2025-02-27 23:00:00+07:00,"2872.35,2878.18,2871.88,2877.52"
2025-02-28 00:00:00+07:00,"2877.51,2883.8,2876.1,2883.24"
2025-02-28 01:00:00+07:00,"2883.25,2887.37,2882.91,2887.36"
2025-02-28 02:00:00+07:00,"2887.37,2887.69,2877.3,2879.18"
2025-02-28 03:00:00+07:00,"2879.2,2879.35,2872.72,2873.93"
2025-02-28 04:00:00+07:00,"2873.91,2878.03,2871.3,2877.01"
2025-02-28 06:00:00+07:00,"2877.32,2878.37,2874.85,2875.8"
2025-02-28 07:00:00+07:00,"2875.81,2880.27,2874.94,2877.06"
2025-02-28 08:00:00+07:00,"2877.05,2885.11,2873.84,2874.84"
2025-02-28 09:00:00+07:00,"2874.85,2877.81,2870.44,2873.34"
2025-02-28 10:00:00+07:00,"2873.36,2876.37,2863.64,2865.77"
2025-02-28 11:00:00+07:00,"2865.76,2866.09,2856.94,2863.44"
2025-02-28 12:00:00+07:00,"2863.45,2867.04,2861.83,2864.26"
2025-02-28 13:00:00+07:00,"2864.24,2866.64,2861.97,2863.7"
2025-02-28 14:00:00+07:00,"2863.65,2865.24,2857.45,2858.61"
2025-02-28 15:00:00+07:00,"2858.61,2860.4,2851.08,2856"
2025-02-28 16:00:00+07:00,"2855.98,2864.3,2855.84,2862.39"
2025-02-28 17:00:00+07:00,"2862.33,2864.96,2860.7,2862.86"
2025-02-28 18:00:00+07:00,"2862.81,2863.74,2859.07,2862.27"
2025-02-28 19:00:00+07:00,"2862.28,2864.98,2854.39,2856.39"
2025-02-28 20:00:00+07:00,"2856.4,2862.22,2848.3,2848.55"
2025-02-28 21:00:00+07:00,"2848.54,2851.7,2833.43,2833.99"
2025-02-28 22:00:00+07:00,"2833.95,2850.71,2832.64,2850.16"
2025-02-28 23:00:00+07:00,"2850.18,2853.92,2846.3,2848.59"
2025-03-01 00:00:00+07:00,"2848.6,2851.56,2844.52,2845.09"
2025-03-01 01:00:00+07:00,"2845.11,2847.82,2838.08,2845.24"
2025-03-01 02:00:00+07:00,"2845.29,2850.97,2844.13,2849.64"
2025-03-01 03:00:00+07:00,"2849.61,2855.11,2847.76,2854.66"
2025-03-01 04:00:00+07:00,"2854.65,2859.65,2853.26,2857.49"
2025-03-03 06:00:00+07:00,"2860.33,2876.93,2860.11,2871.08"
2025-03-03 07:00:00+07:00,"2871.03,2871.48,2865.22,2865.99"
2025-03-03 08:00:00+07:00,"2866,2872.03,2864.2,2870.86"
2025-03-03 09:00:00+07:00,"2870.87,2872.08,2867.67,2868.25"
2025-03-03 10:00:00+07:00,"2868.24,2868.24,2859.42,2864.79"
2025-03-03 11:00:00+07:00,"2864.8,2868.49,2863.11,2867.41"
2025-03-03 12:00:00+07:00,"2867.4,2867.4,2861.25,2863.84"
2025-03-03 13:00:00+07:00,"2863.83,2866.08,2861.75,2865.55"
2025-03-03 14:00:00+07:00,"2865.61,2866.32,2860.17,2863.25"
2025-03-03 15:00:00+07:00,"2863.24,2868.85,2858.97,2868.68"
2025-03-03 16:00:00+07:00,"2868.59,2871.48,2864.3,2867.48"
2025-03-03 17:00:00+07:00,"2867.46,2873.6,2867.28,2871.89"
2025-03-03 18:00:00+07:00,"2871.9,2875.49,2871.2,2874.37"
2025-03-03 19:00:00+07:00,"2874.36,2877.67,2873.99,2875.64"
2025-03-03 20:00:00+07:00,"2875.62,2876.21,2868.91,2872.6"
2025-03-03 21:00:00+07:00,"2872.61,2882.99,2871.26,2877.4"
2025-03-03 22:00:00+07:00,"2877.38,2890.39,2873.85,2887.86"
2025-03-03 23:00:00+07:00,"2887.87,2893.18,2886.05,2891.53"
2025-03-04 00:00:00+07:00,"2891.61,2892.96,2887.33,2890.84"
2025-03-04 01:00:00+07:00,"2890.85,2892.4,2886.57,2890"
2025-03-04 02:00:00+07:00,"2890.03,2891.23,2879.79,2881.56"
2025-03-04 03:00:00+07:00,"2881.62,2891.54,2878.36,2890.63"
2025-03-04 04:00:00+07:00,"2890.66,2895.24,2890.19,2893.21"
2025-03-04 06:00:00+07:00,"2892.16,2893.25,2890.65,2891.03"
2025-03-04 07:00:00+07:00,"2891.02,2893.77,2890.11,2891.89"
2025-03-04 08:00:00+07:00,"2891.87,2893.04,2881.94,2888.2"
2025-03-04 09:00:00+07:00,"2888.33,2889.36,2884.77,2885.45"
2025-03-04 10:00:00+07:00,"2885.5,2893.03,2884.92,2888.65"
2025-03-04 11:00:00+07:00,"2888.67,2892.61,2886.7,2891.3"
2025-03-04 12:00:00+07:00,"2891.37,2894.34,2888.52,2889.63"
2025-03-04 13:00:00+07:00,"2889.68,2889.89,2884.43,2887.34"
2025-03-04 14:00:00+07:00,"2887.36,2901.43,2887,2899.97"
2025-03-04 15:00:00+07:00,"2899.95,2918.7,2896.75,2914.03"
2025-03-04 16:00:00+07:00,"2914.04,2921.22,2912.46,2918.14"
2025-03-04 17:00:00+07:00,"2918,2918.21,2912.06,2914.62"
2025-03-04 18:00:00+07:00,"2914.61,2921.77,2913.05,2920.08"
2025-03-04 19:00:00+07:00,"2919.91,2925.55,2918.68,2924.87"
2025-03-04 20:00:00+07:00,"2924.91,2927.8,2919.75,2922.57"
2025-03-04 21:00:00+07:00,"2922.54,2923.03,2903.4,2903.62"
2025-03-04 22:00:00+07:00,"2903.32,2912.32,2900.33,2906.11"
2025-03-04 23:00:00+07:00,"2906.04,2915.98,2903.74,2915.09"
2025-03-05 00:00:00+07:00,"2915.08,2916.4,2911.06,2911.59"
2025-03-05 01:00:00+07:00,"2911.55,2915.23,2908.26,2911.29"
2025-03-05 02:00:00+07:00,"2911.3,2916.5,2911.19,2916.12"
2025-03-05 03:00:00+07:00,"2916.11,2920.56,2914.39,2917.26"
2025-03-05 04:00:00+07:00,"2917.27,2918.37,2913.32,2917.83"
2025-03-05 06:00:00+07:00,"2918.14,2918.14,2914.34,2914.53"
2025-03-05 07:00:00+07:00,"2914.56,2917.15,2912.21,2914.14"
2025-03-05 08:00:00+07:00,"2914.14,2915.14,2903.5,2907.23"
2025-03-05 09:00:00+07:00,"2907.25,2914.56,2902.09,2904.33"
2025-03-05 10:00:00+07:00,"2904.33,2913.49,2903.46,2908.72"
2025-03-05 11:00:00+07:00,"2908.7,2912.65,2908.54,2910.55"
2025-03-05 12:00:00+07:00,"2910.58,2918.83,2910.06,2918.74"
2025-03-05 13:00:00+07:00,"2918.72,2921.7,2913.59,2917.03"
2025-03-05 14:00:00+07:00,"2917.06,2919.78,2913.02,2918.1"
2025-03-05 15:00:00+07:00,"2918.07,2921.96,2916.75,2920"
2025-03-05 16:00:00+07:00,"2920.01,2922.59,2913.42,2918.88"
2025-03-05 17:00:00+07:00,"2918.92,2919.25,2908.93,2913.18"
2025-03-05 18:00:00+07:00,"2913.19,2917.29,2912.02,2913.26"
2025-03-05 19:00:00+07:00,"2913.3,2919.19,2912.44,2916.17"
2025-03-05 20:00:00+07:00,"2916.14,2916.61,2894.36,2899.94"
2025-03-05 21:00:00+07:00,"2899.93,2917.16,2897.71,2912.39"
2025-03-05 22:00:00+07:00,"2912.35,2923.87,2908.22,2917.15"
2025-03-05 23:00:00+07:00,"2917.16,2929.93,2915.26,2923.84"
2025-03-06 00:00:00+07:00,"2923.85,2925.29,2913.77,2916.05"
2025-03-06 01:00:00+07:00,"2916.04,2920.72,2911.59,2917.48"
2025-03-06 02:00:00+07:00,"2917.5,2921.44,2916.36,2920.56"
2025-03-06 03:00:00+07:00,"2920.57,2923.08,2919.55,2922"
2025-03-06 04:00:00+07:00,"2922.12,2922.4,2917.84,2919.05"
2025-03-06 06:00:00+07:00,"2918.9,2919.15,2916.87,2918.22"
2025-03-06 07:00:00+07:00,"2918.28,2920.32,2916.55,2916.69"
2025-03-06 08:00:00+07:00,"2916.67,2925.69,2915.92,2924.62"
2025-03-06 09:00:00+07:00,"2924.63,2926.61,2923,2925.64"
2025-03-06 10:00:00+07:00,"2925.64,2925.64,2920.15,2921.28"
2025-03-06 11:00:00+07:00,"2921.26,2921.56,2916.43,2917.4"
2025-03-06 12:00:00+07:00,"2917.43,2920.63,2914.57,2919.8"
2025-03-06 13:00:00+07:00,"2919.83,2923.01,2919.83,2920.53"
2025-03-06 14:00:00+07:00,"2920.54,2922.5,2909.78,2910.11"
2025-03-06 15:00:00+07:00,"2910.15,2911.5,2901.11,2904.76"
2025-03-06 16:00:00+07:00,"2904.75,2905.43,2891.33,2894.25"
2025-03-06 17:00:00+07:00,"2894.16,2905.16,2891.95,2899.28"
2025-03-06 18:00:00+07:00,"2899.38,2907.72,2898.61,2905.78"
2025-03-06 19:00:00+07:00,"2905.74,2907.07,2899.39,2903.15"
2025-03-06 20:00:00+07:00,"2903.16,2909.42,2900.84,2904.51"
2025-03-06 21:00:00+07:00,"2904.49,2916.64,2903.37,2915.18"
2025-03-06 22:00:00+07:00,"2915.13,2922.74,2909.13,2914.49"
2025-03-06 23:00:00+07:00,"2914.47,2918.46,2912.59,2917.21"
2025-03-07 00:00:00+07:00,"2917.22,2921.5,2914.46,2915.56"
2025-03-07 01:00:00+07:00,"2915.52,2920.76,2913.81,2916.29"
2025-03-07 02:00:00+07:00,"2916.26,2917.7,2912.3,2914.05"
2025-03-07 03:00:00+07:00,"2914.03,2916.54,2908.44,2908.84"
2025-03-07 04:00:00+07:00,"2908.8,2911.9,2908.46,2910.98"
2025-03-07 06:00:00+07:00,"2911.96,2913.56,2909.95,2910.34"
2025-03-07 07:00:00+07:00,"2910.33,2910.4,2897,2904.56"
2025-03-07 08:00:00+07:00,"2904.67,2910.19,2901.51,2906.96"
2025-03-07 09:00:00+07:00,"2906.98,2909.18,2901.36,2908.04"
2025-03-07 10:00:00+07:00,"2908.06,2908.94,2904,2905.44"
2025-03-07 11:00:00+07:00,"2905.42,2908.39,2904.77,2906.54"
2025-03-07 12:00:00+07:00,"2906.55,2912.61,2906.35,2909.52"
2025-03-07 13:00:00+07:00,"2909.52,2914.79,2907.73,2913.46"
2025-03-07 14:00:00+07:00,"2913.42,2917.27,2911.8,2917.03"
2025-03-07 15:00:00+07:00,"2917.04,2922.96,2915.18,2922.31"
2025-03-07 16:00:00+07:00,"2922.23,2922.98,2920.2,2921.59"
2025-03-07 17:00:00+07:00,"2921.52,2922.03,2917.12,2917.98"
2025-03-07 18:00:00+07:00,"2917.9,2922.08,2916.67,2918.71"
2025-03-07 19:00:00+07:00,"2918.72,2922.88,2918.02,2918.74"
2025-03-07 20:00:00+07:00,"2918.59,2926.33,2910.29,2913.79"
2025-03-07 21:00:00+07:00,"2913.77,2928.74,2903.92,2926.78"
2025-03-07 22:00:00+07:00,"2926.82,2930.51,2908.61,2915.73"
2025-03-07 23:00:00+07:00,"2915.82,2919.33,2911.66,2914.05"
2025-03-08 00:00:00+07:00,"2914.05,2916.23,2905.08,2908.22"
2025-03-08 01:00:00+07:00,"2908.21,2908.74,2901.99,2906.58"
2025-03-08 02:00:00+07:00,"2906.62,2909.51,2904.57,2905.23"
2025-03-08 03:00:00+07:00,"2905.22,2911.19,2904.77,2909.68"
2025-03-08 04:00:00+07:00,"2909.65,2912.58,2908.48,2909.71"
2025-03-10 05:00:00+07:00,"2912.27,2915.25,2909.68,2911.88"
2025-03-10 06:00:00+07:00,"2911.99,2917.11,2911.51,2916.24"
2025-03-10 07:00:00+07:00,"2916.25,2918.06,2913.13,2913.98"
2025-03-10 08:00:00+07:00,"2913.86,2918.2,2911.26,2912.15"
2025-03-10 09:00:00+07:00,"2912.16,2914.44,2909.61,2911.42"
2025-03-10 10:00:00+07:00,"2911.45,2913.5,2908.08,2911.07"
2025-03-10 11:00:00+07:00,"2911.08,2912.71,2910.27,2911.02"
2025-03-10 12:00:00+07:00,"2911.03,2911.97,2906.93,2909.81"
2025-03-10 13:00:00+07:00,"2909.87,2914.71,2909.43,2914.35"
2025-03-10 14:00:00+07:00,"2914.33,2915.48,2904.3,2908.4"
2025-03-10 15:00:00+07:00,"2908.37,2910.72,2897.71,2898"
2025-03-10 16:00:00+07:00,"2897.94,2915.4,2896.67,2911.38"
2025-03-10 17:00:00+07:00,"2911.39,2911.42,2898.41,2902.99"
2025-03-10 18:00:00+07:00,"2902.99,2904.82,2895.56,2904.02"
2025-03-10 19:00:00+07:00,"2904.01,2907.64,2900.4,2906.71"
2025-03-10 20:00:00+07:00,"2906.85,2908.52,2897.62,2903.68"
2025-03-10 21:00:00+07:00,"2903.64,2909.09,2900.87,2907.96"
2025-03-10 22:00:00+07:00,"2907.95,2910.67,2900.58,2904.34"
2025-03-10 23:00:00+07:00,"2904.44,2906.82,2895.76,2895.94"
2025-03-11 00:00:00+07:00,"2895.95,2896.22,2882.79,2885.96"
2025-03-11 01:00:00+07:00,"2886.07,2889.73,2880.25,2885.51"
2025-03-11 02:00:00+07:00,"2885.46,2890.99,2880.35,2885.45"
2025-03-11 03:00:00+07:00,"2885.59,2889.46,2884.3,2889.35"
2025-03-11 05:00:00+07:00,"2888.44,2890.12,2884.07,2884.52"
2025-03-11 06:00:00+07:00,"2884.51,2885.89,2882.5,2884.76"
2025-03-11 07:00:00+07:00,"2884.83,2888.57,2884.26,2887.08"
2025-03-11 08:00:00+07:00,"2887.31,2890.93,2880.11,2890.53"
2025-03-11 09:00:00+07:00,"2890.5,2900.52,2889.81,2899.01"
2025-03-11 10:00:00+07:00,"2899.02,2899.47,2895.12,2896.92"
2025-03-11 11:00:00+07:00,"2896.99,2898.59,2895.61,2897.8"
2025-03-11 12:00:00+07:00,"2897.79,2899.05,2892.68,2895.77"
2025-03-11 13:00:00+07:00,"2895.8,2902.86,2893.61,2902.27"
2025-03-11 14:00:00+07:00,"2902.3,2903.58,2897.43,2900.98"
2025-03-11 15:00:00+07:00,"2900.99,2910.51,2900.38,2909.87"
2025-03-11 16:00:00+07:00,"2909.89,2912.56,2908.78,2911.72"
2025-03-11 17:00:00+07:00,"2911.73,2914.54,2910.81,2912.09"
2025-03-11 18:00:00+07:00,"2912.08,2915.41,2910.61,2913.47"
2025-03-11 19:00:00+07:00,"2913.47,2916.12,2910.59,2912.99"
2025-03-11 20:00:00+07:00,"2912.99,2922.14,2906.87,2918.18"
2025-03-11 21:00:00+07:00,"2918.15,2920.9,2911.68,2914.27"
2025-03-11 22:00:00+07:00,"2914.25,2920.01,2914.07,2916.88"
2025-03-11 23:00:00+07:00,"2916.84,2918,2915.16,2917.13"
2025-03-12 00:00:00+07:00,"2917.2,2920.67,2914.03,2917.87"
2025-03-12 01:00:00+07:00,"2917.84,2919.65,2915.3,2918.28"
2025-03-12 02:00:00+07:00,"2918.39,2921.35,2917.57,2918.3"
2025-03-12 03:00:00+07:00,"2918.24,2919.15,2915.07,2915.74"
2025-03-12 05:00:00+07:00,"2915.99,2918.15,2914.51,2917.57"
2025-03-12 06:00:00+07:00,"2917.54,2919.65,2915.46,2915.66"
2025-03-12 07:00:00+07:00,"2915.67,2915.68,2912.07,2914.06"
2025-03-12 08:00:00+07:00,"2914.1,2917.3,2910.87,2914.9"
2025-03-12 09:00:00+07:00,"2914.97,2918.31,2914.03,2916.26"
2025-03-12 10:00:00+07:00,"2916.26,2920.09,2914.79,2914.95"
2025-03-12 11:00:00+07:00,"2915.05,2916.11,2912.66,2915.01"
2025-03-12 12:00:00+07:00,"2915.02,2916.59,2912.05,2916"
2025-03-12 13:00:00+07:00,"2915.93,2921.11,2911.4,2912.11"
2025-03-12 14:00:00+07:00,"2912.01,2915.64,2908.92,2914.44"
2025-03-12 15:00:00+07:00,"2914.52,2922.08,2914.04,2922.03"
2025-03-12 16:00:00+07:00,"2922.09,2925.4,2913.69,2914.6"
2025-03-12 17:00:00+07:00,"2914.59,2917.03,2912.92,2914.38"
2025-03-12 18:00:00+07:00,"2914.37,2916.79,2912.75,2915.21"
2025-03-12 19:00:00+07:00,"2915.33,2923.11,2912.07,2917.66"
2025-03-12 20:00:00+07:00,"2917.6,2918.8,2906.05,2915.64"
2025-03-12 21:00:00+07:00,"2915.73,2922.49,2914.2,2921.9"
2025-03-12 22:00:00+07:00,"2921.91,2929.32,2921.34,2928.37"
2025-03-12 23:00:00+07:00,"2928.45,2939.2,2927.84,2936.18"
2025-03-13 00:00:00+07:00,"2936.16,2940.59,2935.85,2936.21"
2025-03-13 01:00:00+07:00,"2936.32,2937.49,2933.73,2935.25"
2025-03-13 02:00:00+07:00,"2935.26,2935.67,2930.97,2931.18"
2025-03-13 03:00:00+07:00,"2931.18,2934.25,2930.75,2933.49"
2025-03-13 05:00:00+07:00,"2933.94,2938.98,2933.35,2938.2"
2025-03-13 06:00:00+07:00,"2938.01,2939.53,2934.77,2938.09"
2025-03-13 07:00:00+07:00,"2938.05,2939.34,2937.56,2938.62"
2025-03-13 08:00:00+07:00,"2938.63,2941.38,2936.57,2937.9"
2025-03-13 09:00:00+07:00,"2937.82,2946.06,2937.45,2944.2"
2025-03-13 10:00:00+07:00,"2944.19,2947.16,2942.97,2945.55"
2025-03-13 11:00:00+07:00,"2945.57,2946.44,2943.48,2944.77"
2025-03-13 12:00:00+07:00,"2944.78,2945.2,2938.16,2940.18"
2025-03-13 13:00:00+07:00,"2940.16,2940.37,2935.45,2937.08"
2025-03-13 14:00:00+07:00,"2937.09,2938.16,2932.93,2935.23"
2025-03-13 15:00:00+07:00,"2935.31,2945.02,2934.84,2941.54"
2025-03-13 16:00:00+07:00,"2941.6,2948.9,2940.97,2947.74"
2025-03-13 17:00:00+07:00,"2947.62,2948.7,2942.18,2944"
2025-03-13 18:00:00+07:00,"2943.99,2948.79,2943.99,2946.2"
2025-03-13 19:00:00+07:00,"2946.26,2949.15,2941.12,2942.56"
2025-03-13 20:00:00+07:00,"2942.55,2952.48,2938.96,2950.42"
2025-03-13 21:00:00+07:00,"2950.38,2971.28,2949.84,2969.84"
2025-03-13 22:00:00+07:00,"2969.91,2978.43,2966.41,2977.76"
2025-03-13 23:00:00+07:00,"2977.77,2985.23,2976.55,2980.15"
2025-03-14 00:00:00+07:00,"2980.19,2982.3,2976.31,2979.37"
2025-03-14 01:00:00+07:00,"2979.36,2984.47,2978.97,2983.23"
2025-03-14 02:00:00+07:00,"2983.14,2985.53,2980.47,2982.91"
2025-03-14 03:00:00+07:00,"2982.92,2989.25,2981.36,2989.06"
2025-03-14 05:00:00+07:00,"2988.94,2990.15,2982.95,2987.27"
2025-03-14 06:00:00+07:00,"2987.28,2989.33,2985.36,2986.48"
2025-03-14 07:00:00+07:00,"2986.51,2988.74,2984.68,2986.79"
2025-03-14 08:00:00+07:00,"2986.8,2990.19,2981.7,2987.86"
2025-03-14 09:00:00+07:00,"2987.77,2988.62,2983.74,2984.12"
2025-03-14 10:00:00+07:00,"2984.19,2992.9,2983.89,2992.6"
2025-03-14 11:00:00+07:00,"2992.53,2994,2984.38,2985.58"
2025-03-14 12:00:00+07:00,"2985.58,2986.74,2981.87,2986.44"
2025-03-14 13:00:00+07:00,"2986.45,2987.57,2981.21,2985.78"
2025-03-14 14:00:00+07:00,"2985.88,2987.05,2980.67,2986.89"
2025-03-14 15:00:00+07:00,"2986.88,2993.27,2985.18,2992.98"
2025-03-14 16:00:00+07:00,"2992.97,2999.46,2992.66,2998.73"
2025-03-14 17:00:00+07:00,"2998.72,3004.94,2986.48,2993.51"
2025-03-14 18:00:00+07:00,"2993.5,2999.25,2993.21,2993.62"
2025-03-14 19:00:00+07:00,"2993.58,2999.75,2993.37,2993.97"
2025-03-14 20:00:00+07:00,"2993.96,2996.21,2983.27,2985.92"
2025-03-14 21:00:00+07:00,"2985.9,2993.43,2981.92,2985.48"
2025-03-14 22:00:00+07:00,"2985.47,2986.61,2978.4,2984.51"
2025-03-14 23:00:00+07:00,"2984.5,2990,2982.85,2989.68"
2025-03-15 00:00:00+07:00,"2989.7,2990.4,2986.3,2986.49"
2025-03-15 01:00:00+07:00,"2986.48,2987.08,2983.11,2983.42"
2025-03-15 02:00:00+07:00,"2983.37,2985.98,2982.21,2983.92"
2025-03-15 03:00:00+07:00,"2983.91,2988.85,2981.68,2984.99"
2025-03-17 05:00:00+07:00,"2984.76,2990.59,2983.77,2989.18"
2025-03-17 06:00:00+07:00,"2989.17,2994.2,2988.18,2990.11"
2025-03-17 07:00:00+07:00,"2990.09,2991.13,2986.31,2990.83"
2025-03-17 08:00:00+07:00,"2990.82,2993.1,2988.69,2990.93"
2025-03-17 09:00:00+07:00,"2990.94,2991.97,2986.98,2988.17"
2025-03-17 10:00:00+07:00,"2988.13,2988.75,2985.28,2987"
2025-03-17 11:00:00+07:00,"2986.94,2987.89,2982.52,2982.71"
2025-03-17 12:00:00+07:00,"2982.7,2986.36,2982.17,2986.08"
2025-03-17 13:00:00+07:00,"2985.97,2990.78,2985.32,2989.82"
2025-03-17 14:00:00+07:00,"2989.81,2989.86,2984.19,2985.58"
2025-03-17 15:00:00+07:00,"2985.57,2988.48,2983.03,2988.41"
2025-03-17 16:00:00+07:00,"2988.39,2996.93,2987.54,2995.65"
2025-03-17 17:00:00+07:00,"2995.66,2999.52,2994.69,2998.97"
2025-03-17 18:00:00+07:00,"2998.98,3001.28,2996.41,2997.37"
2025-03-17 19:00:00+07:00,"2997.52,2997.88,2984.79,2987.2"
2025-03-17 20:00:00+07:00,"2987.24,2991.46,2986.07,2988.42"
2025-03-17 21:00:00+07:00,"2988.41,3000.57,2987.11,2998.53"
2025-03-17 22:00:00+07:00,"2998.53,2999.42,2992.91,2997.28"
2025-03-17 23:00:00+07:00,"2997.21,2997.86,2992.93,2994.41"
2025-03-18 00:00:00+07:00,"2994.34,2999.56,2994.34,2997.8"
2025-03-18 01:00:00+07:00,"2997.79,3000.42,2996.83,2999.44"
2025-03-18 02:00:00+07:00,"2999.43,3000.8,2997.62,3000.13"
2025-03-18 03:00:00+07:00,"3000.18,3001.95,2999.99,3001.13"
2025-03-18 05:00:00+07:00,"3001.63,3002.02,2999.87,3000.1"
2025-03-18 06:00:00+07:00,"3000.1,3002.86,2999.54,2999.68"
2025-03-18 07:00:00+07:00,"2999.77,3003.59,2999.58,3001.37"
2025-03-18 08:00:00+07:00,"3001.38,3008.52,2999.41,3005.78"
2025-03-18 09:00:00+07:00,"3005.89,3012.22,3002.83,3010.76"
2025-03-18 10:00:00+07:00,"3010.8,3015.14,3009.6,3011.37"
2025-03-18 11:00:00+07:00,"3011.38,3017.14,3011.18,3014.29"
2025-03-18 12:00:00+07:00,"3014.52,3014.92,3006.21,3011.86"
2025-03-18 13:00:00+07:00,"3011.89,3017.7,3010.66,3015.85"
2025-03-18 14:00:00+07:00,"3015.83,3019,3014.41,3016.41"
2025-03-18 15:00:00+07:00,"3016.45,3027.31,3016.29,3026.5"
2025-03-18 16:00:00+07:00,"3026.49,3028.57,3018.06,3020.34"
2025-03-18 17:00:00+07:00,"3020.26,3025.81,3019.68,3024.06"
2025-03-18 18:00:00+07:00,"3024.04,3029.56,3022.4,3026.75"
2025-03-18 19:00:00+07:00,"3026.72,3035.95,3026.7,3034.19"
2025-03-18 20:00:00+07:00,"3034.2,3038.35,3026.12,3033.18"
2025-03-18 21:00:00+07:00,"3032.98,3033.18,3024.61,3028.08"
2025-03-18 22:00:00+07:00,"3028.09,3032.69,3025.17,3031.79"
2025-03-18 23:00:00+07:00,"3031.78,3036.99,3030.42,3035.91"
2025-03-19 00:00:00+07:00,"3035.9,3036.19,3029.77,3032.52"
2025-03-19 01:00:00+07:00,"3032.55,3036.42,3032.39,3035.75"
2025-03-19 02:00:00+07:00,"3035.73,3038.1,3035.17,3035.51"
2025-03-19 03:00:00+07:00,"3035.48,3036.1,3033.39,3033.91"
2025-03-19 05:00:00+07:00,"3033.91,3034.68,3032.63,3034.34"
2025-03-19 06:00:00+07:00,"3034.35,3035.16,3031.5,3031.69"
2025-03-19 07:00:00+07:00,"3031.8,3033.99,3030.52,3031.44"
2025-03-19 08:00:00+07:00,"3031.43,3032.72,3027.42,3029.53"
2025-03-19 09:00:00+07:00,"3029.53,3033.79,3029.1,3033.41"
2025-03-19 10:00:00+07:00,"3033.42,3039.02,3032.3,3036.14"
2025-03-19 11:00:00+07:00,"3036.2,3037.67,3034.27,3036.36"
2025-03-19 12:00:00+07:00,"3036.43,3045.37,3036.38,3044.47"
2025-03-19 13:00:00+07:00,"3044.45,3044.86,3034.44,3042.35"
2025-03-19 14:00:00+07:00,"3042.29,3042.95,3035.51,3036"
2025-03-19 15:00:00+07:00,"3035.96,3037.25,3024.59,3025.19"
2025-03-19 16:00:00+07:00,"3025.33,3031.56,3022.73,3030.26"
2025-03-19 17:00:00+07:00,"3030.41,3038.04,3028.21,3034.66"
2025-03-19 18:00:00+07:00,"3034.65,3040,3033.68,3039.17"
2025-03-19 19:00:00+07:00,"3039.04,3041.18,3036.2,3037.2"
2025-03-19 20:00:00+07:00,"3037.19,3038.33,3027.76,3033.24"
2025-03-19 21:00:00+07:00,"3033.26,3033.26,3025.89,3027.69"
2025-03-19 22:00:00+07:00,"3027.63,3033.1,3026.7,3031.43"
2025-03-19 23:00:00+07:00,"3031.42,3038.36,3031.3,3033.12"
2025-03-20 00:00:00+07:00,"3033.03,3034.3,3029.34,3030.5"
2025-03-20 01:00:00+07:00,"3030.49,3048.7,3029.67,3046.77"
2025-03-20 02:00:00+07:00,"3046.78,3052.02,3040.88,3048.01"
2025-03-20 03:00:00+07:00,"3047.95,3048.13,3044.24,3047.4"
2025-03-20 05:00:00+07:00,"3049.2,3050.61,3047.09,3050.11"
2025-03-20 06:00:00+07:00,"3050.1,3051.22,3048.65,3049.97"
2025-03-20 07:00:00+07:00,"3049.98,3055.62,3049.98,3053.17"
2025-03-20 08:00:00+07:00,"3053.2,3056.33,3049.3,3049.66"
2025-03-20 09:00:00+07:00,"3049.65,3052.26,3044.95,3045.92"
2025-03-20 10:00:00+07:00,"3045.8,3050.51,3045.37,3049.9"
2025-03-20 11:00:00+07:00,"3049.91,3057.56,3048.08,3052.48"
2025-03-20 12:00:00+07:00,"3052.54,3053.48,3045,3046.91"
2025-03-20 13:00:00+07:00,"3046.85,3051.51,3045.66,3049.09"
2025-03-20 14:00:00+07:00,"3049.11,3049.12,3041.84,3042.37"
2025-03-20 15:00:00+07:00,"3042.38,3044.15,3038.7,3042.04"
2025-03-20 16:00:00+07:00,"3042.02,3046.44,3040.68,3041.54"
2025-03-20 17:00:00+07:00,"3041.53,3041.54,3025.64,3034.29"
2025-03-20 18:00:00+07:00,"3034.18,3035.19,3029.27,3034.37"
2025-03-20 19:00:00+07:00,"3034.42,3042.34,3033.35,3040.79"
2025-03-20 20:00:00+07:00,"3040.8,3041.14,3029.9,3032.73"
2025-03-20 21:00:00+07:00,"3032.63,3040.8,3030.57,3040.13"
2025-03-20 22:00:00+07:00,"3040.14,3041.95,3037.57,3040.62"
2025-03-20 23:00:00+07:00,"3040.63,3043.25,3033.89,3038.29"
2025-03-21 00:00:00+07:00,"3038.33,3041.97,3034.68,3041.66"
2025-03-21 01:00:00+07:00,"3041.59,3045.36,3040.85,3043.21"
2025-03-21 02:00:00+07:00,"3043.23,3046.08,3043.17,3044.83"
2025-03-21 03:00:00+07:00,"3044.74,3045.81,3044.25,3044.81"
2025-03-21 05:00:00+07:00,"3044.76,3046.34,3043.47,3045.96"
2025-03-21 06:00:00+07:00,"3045.69,3046.74,3044.36,3046.28"
2025-03-21 07:00:00+07:00,"3046.33,3047.55,3042.24,3042.95"
2025-03-21 08:00:00+07:00,"3042.96,3044.7,3035.68,3035.98"
2025-03-21 09:00:00+07:00,"3035.97,3037.1,3033.8,3034.76"
2025-03-21 10:00:00+07:00,"3034.83,3034.88,3029.97,3030.71"
2025-03-21 11:00:00+07:00,"3030.72,3032.24,3027.97,3029.7"
2025-03-21 12:00:00+07:00,"3029.73,3030.47,3021.52,3028.17"
2025-03-21 13:00:00+07:00,"3028.19,3034.05,3027.34,3029.89"
2025-03-21 14:00:00+07:00,"3029.94,3033.3,3027.97,3031.97"
2025-03-21 15:00:00+07:00,"3031.96,3034.93,3027.08,3032.98"
2025-03-21 16:00:00+07:00,"3033.05,3033.21,3027.85,3029.54"
2025-03-21 17:00:00+07:00,"3029.49,3033.54,3029.48,3030.86"
2025-03-21 18:00:00+07:00,"3030.96,3037.64,3028.81,3034.35"
2025-03-21 19:00:00+07:00,"3034.5,3038.29,3033.37,3034.16"
2025-03-21 20:00:00+07:00,"3034.18,3036.73,3004.04,3006.74"
2025-03-21 21:00:00+07:00,"3006.73,3016.72,2999.37,3015.59"
2025-03-21 22:00:00+07:00,"3015.6,3017.99,3009.88,3011.13"
2025-03-21 23:00:00+07:00,"3011.12,3017.05,3010.77,3015.07"
2025-03-22 00:00:00+07:00,"3015.05,3018.32,3013.02,3013.72"
2025-03-22 01:00:00+07:00,"3013.82,3021.67,3013.31,3017.54"
2025-03-22 02:00:00+07:00,"3017.65,3022.07,3015.94,3019.98"
2025-03-22 03:00:00+07:00,"3020.08,3024.3,3019.91,3023.73"
2025-03-24 05:00:00+07:00,"3023.67,3026.16,3022.31,3025.45"
2025-03-24 06:00:00+07:00,"3025.47,3026.3,3023.27,3024.9"
2025-03-24 07:00:00+07:00,"3024.89,3025.5,3016.92,3018.35"
2025-03-24 08:00:00+07:00,"3018.32,3025.68,3018.32,3021.01"
2025-03-24 09:00:00+07:00,"3021,3024.6,3013.87,3016.19"
2025-03-24 10:00:00+07:00,"3016.16,3019.87,3015.47,3016.8"
2025-03-24 11:00:00+07:00,"3016.81,3020.15,3016.37,3019.19"
2025-03-24 12:00:00+07:00,"3019.32,3023.17,3018.74,3021.96"
2025-03-24 13:00:00+07:00,"3021.9,3025.8,3017.27,3024.87"
2025-03-24 14:00:00+07:00,"3024.86,3028.99,3020.96,3022.57"
2025-03-24 15:00:00+07:00,"3022.55,3029.05,3021.9,3028.8"
2025-03-24 16:00:00+07:00,"3028.74,3031.02,3022.54,3023.72"
2025-03-24 17:00:00+07:00,"3023.73,3033.54,3023.62,3028.18"
2025-03-24 18:00:00+07:00,"3028,3029.49,3024.32,3024.9"
2025-03-24 19:00:00+07:00,"3024.73,3028.73,3022.31,3024.06"
2025-03-24 20:00:00+07:00,"3024.02,3028.5,3018.99,3022.42"
2025-03-24 21:00:00+07:00,"3022.41,3024.12,3007.85,3012.23"
2025-03-24 22:00:00+07:00,"3012.2,3015.43,3005.86,3014.32"
2025-03-24 23:00:00+07:00,"3014.32,3015.75,3007.9,3009.97"
2025-03-25 00:00:00+07:00,"3009.89,3010.07,3005.78,3007.24"
2025-03-25 01:00:00+07:00,"3007.25,3008.2,3002.41,3006.65"
2025-03-25 02:00:00+07:00,"3006.64,3008.33,3004.97,3006.22"
2025-03-25 03:00:00+07:00,"3006.3,3014.6,3005.48,3012.2"
2025-03-25 05:00:00+07:00,"3011.55,3012.46,3008.87,3011.61"
2025-03-25 06:00:00+07:00,"3011.6,3012.46,3009.37,3009.86"
2025-03-25 07:00:00+07:00,"3009.87,3014.74,3009.03,3013.98"
2025-03-25 08:00:00+07:00,"3014.11,3014.63,3010.54,3011.96"
2025-03-25 09:00:00+07:00,"3011.97,3012.45,3007.43,3009.27"
2025-03-25 10:00:00+07:00,"3009.28,3016.35,3008.53,3015.35"
2025-03-25 11:00:00+07:00,"3015.41,3016.51,3014.46,3015.37"
2025-03-25 12:00:00+07:00,"3015.37,3021.14,3014.21,3018.43"
2025-03-25 13:00:00+07:00,"3018.42,3018.79,3014.76,3017.7"
2025-03-25 14:00:00+07:00,"3017.69,3018.29,3010.65,3011.4"
2025-03-25 15:00:00+07:00,"3011.41,3021.92,3010.56,3021.4"
2025-03-25 16:00:00+07:00,"3021.32,3023.6,3018.89,3023.18"
2025-03-25 17:00:00+07:00,"3023.21,3024.94,3020.47,3023.47"
2025-03-25 18:00:00+07:00,"3023.46,3026.61,3020.43,3020.84"
2025-03-25 19:00:00+07:00,"3020.83,3023.37,3014.06,3021.46"
2025-03-25 20:00:00+07:00,"3021.55,3030.77,3020.72,3028.65"
2025-03-25 21:00:00+07:00,"3028.61,3035.96,3024.86,3025.21"
2025-03-25 22:00:00+07:00,"3025.14,3028.1,3017.97,3021.67"
2025-03-25 23:00:00+07:00,"3021.69,3025.67,3021.28,3023.07"
2025-03-26 00:00:00+07:00,"3023.12,3023.5,3019.72,3022.53"
2025-03-26 01:00:00+07:00,"3022.58,3022.99,3017.81,3018.73"
2025-03-26 02:00:00+07:00,"3018.7,3020.89,3017.79,3019.82"
2025-03-26 03:00:00+07:00,"3019.82,3020.78,3018.77,3019.84"
2025-03-26 05:00:00+07:00,"3019.78,3022.44,3019.71,3021.22"
2025-03-26 06:00:00+07:00,"3021.28,3021.87,3020.38,3021.12"
2025-03-26 07:00:00+07:00,"3021.11,3022.36,3017.82,3018.33"
2025-03-26 08:00:00+07:00,"3018.32,3025.48,3016.37,3024.7"
2025-03-26 09:00:00+07:00,"3024.69,3027.32,3022.82,3024.38"
2025-03-26 10:00:00+07:00,"3024.34,3024.35,3016.57,3017.7"
2025-03-26 11:00:00+07:00,"3017.68,3017.8,3014.19,3015.09"
2025-03-26 12:00:00+07:00,"3015.1,3024.13,3013.2,3022.54"
2025-03-26 13:00:00+07:00,"3022.53,3026.4,3021.91,3025.94"
2025-03-26 14:00:00+07:00,"3026.11,3030.77,3024.78,3030.46"
2025-03-26 15:00:00+07:00,"3030.42,3032.12,3023.73,3024.15"
2025-03-26 16:00:00+07:00,"3024.2,3024.33,3017.63,3018.83"
2025-03-26 17:00:00+07:00,"3018.8,3025,3017.02,3023.09"
2025-03-26 18:00:00+07:00,"3023.2,3030.24,3023.07,3027.5"
2025-03-26 19:00:00+07:00,"3027.41,3030.13,3025.16,3027.19"
2025-03-26 20:00:00+07:00,"3027.09,3027.59,3015.88,3016.84"
2025-03-26 21:00:00+07:00,"3016.83,3021.76,3014.85,3017.55"
2025-03-26 22:00:00+07:00,"3017.54,3018.96,3012.19,3016.01"
2025-03-26 23:00:00+07:00,"3016.1,3020.21,3015.17,3015.8"
2025-03-27 00:00:00+07:00,"3015.79,3019.1,3015.24,3018.55"
2025-03-27 01:00:00+07:00,"3018.57,3020.89,3018.15,3018.19"
2025-03-27 02:00:00+07:00,"3018.18,3019.17,3015.67,3017.16"
2025-03-27 03:00:00+07:00,"3017.17,3021.91,3017.16,3019.46"
2025-03-27 05:00:00+07:00,"3020.61,3021.39,3017.88,3019.56"
2025-03-27 06:00:00+07:00,"3019.57,3021.89,3017.7,3021.8"
2025-03-27 07:00:00+07:00,"3021.8,3025.75,3021.5,3025.26"
2025-03-27 08:00:00+07:00,"3025.27,3028.35,3022.79,3023.72"
2025-03-27 09:00:00+07:00,"3023.73,3032.9,3023.33,3031.55"
2025-03-27 10:00:00+07:00,"3031.56,3034.12,3029.58,3033.51"
2025-03-27 11:00:00+07:00,"3033.5,3038.69,3031.87,3033.98"
2025-03-27 12:00:00+07:00,"3033.99,3036,3029.26,3029.92"
2025-03-27 13:00:00+07:00,"3029.89,3033.49,3026.64,3029.92"
2025-03-27 14:00:00+07:00,"3029.91,3036.87,3029.17,3035.73"
2025-03-27 15:00:00+07:00,"3035.77,3038.01,3033.69,3036.03"
2025-03-27 16:00:00+07:00,"3036.02,3041.18,3034.62,3040.13"
2025-03-27 17:00:00+07:00,"3040.14,3055.93,3039.72,3051.27"
2025-03-27 18:00:00+07:00,"3051.28,3055.73,3048.69,3054.6"
2025-03-27 19:00:00+07:00,"3054.52,3056,3047.05,3049.87"
2025-03-27 20:00:00+07:00,"3049.88,3052.34,3033.34,3040.83"
2025-03-27 21:00:00+07:00,"3040.81,3059.8,3040.58,3057.76"
2025-03-27 22:00:00+07:00,"3057.73,3059.31,3051.25,3052.29"
2025-03-27 23:00:00+07:00,"3052.28,3054.39,3047.9,3048.44"
2025-03-28 00:00:00+07:00,"3048.45,3053.34,3047.8,3052.76"
2025-03-28 01:00:00+07:00,"3052.74,3057.5,3052.66,3055.92"
2025-03-28 02:00:00+07:00,"3055.91,3057.84,3054.79,3057.37"
2025-03-28 03:00:00+07:00,"3057.36,3057.5,3055.09,3056.85"
2025-03-28 05:00:00+07:00,"3055.98,3057.8,3054.39,3055.27"
2025-03-28 06:00:00+07:00,"3055.24,3056.23,3054.08,3055.87"
2025-03-28 07:00:00+07:00,"3055.86,3063.49,3054.96,3061.89"
2025-03-28 08:00:00+07:00,"3062.21,3074.17,3061.7,3073.77"
2025-03-28 09:00:00+07:00,"3073.76,3077.5,3070.15,3072.02"
2025-03-28 10:00:00+07:00,"3072.03,3076.58,3069.82,3075.07"
2025-03-28 11:00:00+07:00,"3075.07,3075.46,3072.49,3074"
2025-03-28 12:00:00+07:00,"3073.99,3082.14,3072.42,3077.73"
2025-03-28 13:00:00+07:00,"3077.72,3084.96,3076.57,3084.79"
2025-03-28 14:00:00+07:00,"3084.77,3086.01,3077.62,3079.63"
2025-03-28 15:00:00+07:00,"3079.45,3081.51,3065.97,3072.8"
2025-03-28 16:00:00+07:00,"3072.82,3076.23,3069.47,3072.95"
2025-03-28 17:00:00+07:00,"3073,3074.71,3067.39,3074.43"
2025-03-28 18:00:00+07:00,"3074.44,3079.96,3074.17,3076.13"
2025-03-28 19:00:00+07:00,"3076.22,3082.02,3072.5,3077.35"
2025-03-28 20:00:00+07:00,"3077.34,3084.21,3070.63,3083.1"
2025-03-28 21:00:00+07:00,"3083.1,3086.83,3068.05,3069.88"
2025-03-28 22:00:00+07:00,"3069.87,3085.8,3067.25,3083.86"
2025-03-28 23:00:00+07:00,"3083.87,3086.7,3080.48,3083.97"
2025-03-29 00:00:00+07:00,"3083.89,3086.01,3076,3077.49"
2025-03-29 01:00:00+07:00,"3077.56,3080.63,3073.64,3079.91"
2025-03-29 02:00:00+07:00,"3079.76,3081.96,3079.34,3080.85"
2025-03-29 03:00:00+07:00,"3080.84,3086.05,3080.83,3085.25"
2025-03-31 05:00:00+07:00,"3088.15,3097.85,3087.67,3090.12"
2025-03-31 06:00:00+07:00,"3090.12,3091.04,3087.79,3089.3"
2025-03-31 07:00:00+07:00,"3089.29,3089.63,3077.3,3079.25"
2025-03-31 08:00:00+07:00,"3079.26,3095.34,3076.73,3094.67"
2025-03-31 09:00:00+07:00,"3094.63,3107.25,3093.85,3106.61"
2025-03-31 10:00:00+07:00,"3106.59,3111.92,3105.09,3107.04"
2025-03-31 11:00:00+07:00,"3107.04,3116.09,3105.86,3113.42"
2025-03-31 12:00:00+07:00,"3113.56,3120.09,3107.69,3116.48"
2025-03-31 13:00:00+07:00,"3116.41,3127.96,3113.26,3119.31"
2025-03-31 14:00:00+07:00,"3119.27,3125.36,3118.48,3124.38"
2025-03-31 15:00:00+07:00,"3124.3,3127.13,3121.05,3122.14"
2025-03-31 16:00:00+07:00,"3122.13,3123.53,3111.79,3115.11"
2025-03-31 17:00:00+07:00,"3115.08,3123.83,3111.79,3118.6"
2025-03-31 18:00:00+07:00,"3118.61,3119.9,3113.49,3119.37"
2025-03-31 19:00:00+07:00,"3119.4,3126.82,3117.97,3124.66"
2025-03-31 20:00:00+07:00,"3124.68,3124.85,3099.66,3113.44"
2025-03-31 21:00:00+07:00,"3113.38,3123.7,3110.79,3123.09"
2025-03-31 22:00:00+07:00,"3123.08,3127.23,3112.76,3113.88"
2025-03-31 23:00:00+07:00,"3113.9,3120.73,3111.56,3117.72"
2025-04-01 00:00:00+07:00,"3117.67,3120.44,3115.75,3117.9"
2025-04-01 01:00:00+07:00,"3117.73,3123.55,3117.24,3121.59"
2025-04-01 02:00:00+07:00,"3121.58,3124.51,3120.75,3124.26"
2025-04-01 03:00:00+07:00,"3124.26,3124.86,3122.79,3123.79"
2025-04-01 05:00:00+07:00,"3124.91,3125.9,3121.64,3122.7"
2025-04-01 06:00:00+07:00,"3122.71,3126.44,3119.94,3120.63"
2025-04-01 07:00:00+07:00,"3120.61,3128.08,3120.34,3127.09"
2025-04-01 08:00:00+07:00,"3127.08,3138.14,3126.41,3135.28"
2025-04-01 09:00:00+07:00,"3135.35,3145.48,3132.88,3145.02"
2025-04-01 10:00:00+07:00,"3144.96,3147.4,3142.54,3145.93"
2025-04-01 11:00:00+07:00,"3145.91,3147.95,3142.76,3144.63"
2025-04-01 12:00:00+07:00,"3144.62,3149.02,3130.6,3132.25"
2025-04-01 13:00:00+07:00,"3132.24,3138.3,3126.61,3133.88"
2025-04-01 14:00:00+07:00,"3133.89,3137.67,3124,3127.47"
2025-04-01 15:00:00+07:00,"3127.48,3135.81,3126.4,3130.8"
2025-04-01 16:00:00+07:00,"3130.84,3134.21,3130,3132.48"
2025-04-01 17:00:00+07:00,"3132.43,3138.99,3130.81,3132.48"
2025-04-01 18:00:00+07:00,"3132.49,3136,3128.54,3130.26"
2025-04-01 19:00:00+07:00,"3130.28,3134.69,3127.58,3133.52"
2025-04-01 20:00:00+07:00,"3133.51,3137.03,3128.08,3133.96"
2025-04-01 21:00:00+07:00,"3133.83,3135.49,3123.75,3128.8"
2025-04-01 22:00:00+07:00,"3128.82,3133.16,3113.5,3113.83"
2025-04-01 23:00:00+07:00,"3113.76,3116.92,3100.8,3106.76"
2025-04-02 00:00:00+07:00,"3106.73,3114.67,3105.6,3113.84"
2025-04-02 01:00:00+07:00,"3113.79,3118.73,3113.21,3114.28"
2025-04-02 02:00:00+07:00,"3114.27,3119.1,3113.68,3118.67"
2025-04-02 03:00:00+07:00,"3118.63,3120.88,3113.06,3114.32"
2025-04-02 05:00:00+07:00,"3114.29,3114.98,3107.69,3111.46"
2025-04-02 06:00:00+07:00,"3111.47,3116.27,3111.08,3115.37"
2025-04-02 07:00:00+07:00,"3115.36,3123.86,3112.92,3122.88"
2025-04-02 08:00:00+07:00,"3122.8,3135.32,3121.36,3132.99"
2025-04-02 09:00:00+07:00,"3132.99,3135.83,3128.36,3128.78"
2025-04-02 10:00:00+07:00,"3128.75,3132.09,3124.52,3125.66"
2025-04-02 11:00:00+07:00,"3125.65,3126.88,3115.49,3116.25"
2025-04-02 12:00:00+07:00,"3116.26,3119.2,3108.72,3117.88"
2025-04-02 13:00:00+07:00,"3117.89,3119.73,3113.91,3116.67"
2025-04-02 14:00:00+07:00,"3116.54,3125.96,3112.07,3125.13"
2025-04-02 15:00:00+07:00,"3125.04,3133.93,3123.29,3131.15"
2025-04-02 16:00:00+07:00,"3131.18,3131.73,3126.84,3131.18"
2025-04-02 17:00:00+07:00,"3131.19,3131.5,3110.27,3114.65"
2025-04-02 18:00:00+07:00,"3114.66,3123.86,3114.35,3121.42"
2025-04-02 19:00:00+07:00,"3121.43,3127.53,3116.96,3122.57"
2025-04-02 20:00:00+07:00,"3122.53,3132.13,3116.48,3121.99"
2025-04-02 21:00:00+07:00,"3122.19,3129.53,3119.27,3125.09"
2025-04-02 22:00:00+07:00,"3124.97,3128.23,3120.87,3126.03"
2025-04-02 23:00:00+07:00,"3126.05,3134.32,3126.01,3131.38"
2025-04-03 00:00:00+07:00,"3131.39,3131.48,3120.79,3123.66"
2025-04-03 01:00:00+07:00,"3123.67,3126.35,3118.65,3121.8"
2025-04-03 02:00:00+07:00,"3121.83,3127.37,3121.46,3124.03"
2025-04-03 03:00:00+07:00,"3124.05,3143.86,3104.73,3133.22"
2025-04-03 05:00:00+07:00,"3134.7,3148.06,3122.45,3145.71"
2025-04-03 06:00:00+07:00,"3145.58,3167.92,3145.58,3162.44"
2025-04-03 07:00:00+07:00,"3162.35,3164.97,3140.52,3151.43"
2025-04-03 08:00:00+07:00,"3151.44,3162.88,3148.02,3153.6"
2025-04-03 09:00:00+07:00,"3153.58,3155.24,3142.22,3145.04"
2025-04-03 10:00:00+07:00,"3145.06,3152.38,3144.76,3148.17"
2025-04-03 11:00:00+07:00,"3148.18,3149.75,3138.98,3140.5"
2025-04-03 12:00:00+07:00,"3140.53,3141.13,3124.1,3131.96"
2025-04-03 13:00:00+07:00,"3132.02,3133.9,3116.52,3127.94"
2025-04-03 14:00:00+07:00,"3127.99,3130.35,3119.84,3129.03"
2025-04-03 15:00:00+07:00,"3129.05,3131.96,3125.92,3128.97"
2025-04-03 16:00:00+07:00,"3128.98,3129.5,3121.4,3121.77"
2025-04-03 17:00:00+07:00,"3121.78,3123.17,3089.03,3095.64"
2025-04-03 18:00:00+07:00,"3095.63,3100.02,3085.16,3093.17"
2025-04-03 19:00:00+07:00,"3093.15,3094.88,3061.94,3076.05"
2025-04-03 20:00:00+07:00,"3076.15,3093.58,3053.97,3085.79"
2025-04-03 21:00:00+07:00,"3086.5,3135.77,3085.87,3128.99"
2025-04-03 22:00:00+07:00,"3129.01,3129.59,3103.88,3110.7"
2025-04-03 23:00:00+07:00,"3110.69,3114.34,3101.8,3107.7"
2025-04-04 00:00:00+07:00,"3107.65,3109.99,3099.92,3109.42"
2025-04-04 01:00:00+07:00,"3109.43,3111.55,3102.03,3111.51"
2025-04-04 02:00:00+07:00,"3111.52,3113.25,3101.49,3107.42"
2025-04-04 03:00:00+07:00,"3107.43,3120.38,3107.19,3114.47"
2025-04-04 05:00:00+07:00,"3114.34,3116.84,3112.29,3115.28"
2025-04-04 06:00:00+07:00,"3115.18,3116.43,3109.66,3113.1"
2025-04-04 07:00:00+07:00,"3113.06,3115.24,3106.02,3110.6"
2025-04-04 08:00:00+07:00,"3110.58,3115.78,3109.15,3109.8"
2025-04-04 09:00:00+07:00,"3109.82,3112.97,3091.15,3096.68"
2025-04-04 10:00:00+07:00,"3096.67,3099.23,3086.78,3098.56"
2025-04-04 11:00:00+07:00,"3098.55,3105.07,3096.03,3100.24"
2025-04-04 12:00:00+07:00,"3100.23,3108.81,3098.76,3108.74"
2025-04-04 13:00:00+07:00,"3108.71,3110.1,3100.5,3101.17"
2025-04-04 14:00:00+07:00,"3101.16,3103.53,3091.89,3092.99"
2025-04-04 15:00:00+07:00,"3092.84,3094.29,3078.44,3084.38"
2025-04-04 16:00:00+07:00,"3084.31,3095.93,3084.02,3090.81"
2025-04-04 17:00:00+07:00,"3090.78,3116.24,3090.57,3110.19"
2025-04-04 18:00:00+07:00,"3110.17,3136.75,3095.59,3110.31"
2025-04-04 19:00:00+07:00,"3110.22,3111.99,3069.48,3071.33"
2025-04-04 20:00:00+07:00,"3071.31,3087.57,3059.54,3061.98"
2025-04-04 21:00:00+07:00,"3062.05,3062.05,3026.99,3038.57"
2025-04-04 22:00:00+07:00,"3038.6,3050.37,3017.04,3021.77"
2025-04-04 23:00:00+07:00,"3021.75,3036.91,3017.54,3031.05"
2025-04-05 00:00:00+07:00,"3031.06,3032.97,3015.55,3025.66"
2025-04-05 01:00:00+07:00,"3025.74,3028.04,3017.97,3025.65"
2025-04-05 02:00:00+07:00,"3025.69,3040.85,3021.95,3036.57"
2025-04-05 03:00:00+07:00,"3036.56,3040.92,3033.67,3037.99"
2025-04-07 05:00:00+07:00,"3028.13,3032.21,2979.61,3009.99"
2025-04-07 06:00:00+07:00,"3010.18,3017.01,2976.95,2999.62"
2025-04-07 07:00:00+07:00,"2999.85,3009.4,2970.75,2979.18"
2025-04-07 08:00:00+07:00,"2979.18,3055.74,2971.96,3038.5"
2025-04-07 09:00:00+07:00,"3038.67,3055.88,3024.38,3025.98"
2025-04-07 10:00:00+07:00,"3025.96,3033.85,3017.07,3018.83"
2025-04-07 11:00:00+07:00,"3018.82,3035.89,3018.77,3035.62"
2025-04-07 12:00:00+07:00,"3035.6,3044.61,3024.82,3031.7"
2025-04-07 13:00:00+07:00,"3031.8,3033.42,3016.51,3029.78"
2025-04-07 14:00:00+07:00,"3029.71,3030.79,3013.18,3018.7"
2025-04-07 15:00:00+07:00,"3018.71,3035.57,3017.91,3031.48"
2025-04-07 16:00:00+07:00,"3031.49,3033.56,3019.44,3024.9"
2025-04-07 17:00:00+07:00,"3025.06,3036.56,3024.25,3031.35"
2025-04-07 18:00:00+07:00,"3031.34,3046.19,3030.05,3031.26"
2025-04-07 19:00:00+07:00,"3031.27,3033.05,3014.78,3031.35"
2025-04-07 20:00:00+07:00,"3031.31,3034.11,3002.11,3015.64"
2025-04-07 21:00:00+07:00,"3015.64,3038.11,2996.63,2999.32"
2025-04-07 22:00:00+07:00,"2999.31,3004.73,2979.9,2987.35"
2025-04-07 23:00:00+07:00,"2987.49,2987.95,2969.92,2970.82"
2025-04-08 00:00:00+07:00,"2970.91,2975.35,2956.51,2970.25"
2025-04-08 01:00:00+07:00,"2970.26,2976.69,2963.88,2965.84"
2025-04-08 02:00:00+07:00,"2965.78,2982.36,2965.37,2976.62"
2025-04-08 03:00:00+07:00,"2976.64,2986.25,2969.86,2982.14"
2025-04-08 05:00:00+07:00,"2982.47,2988.78,2981.06,2986.88"
2025-04-08 06:00:00+07:00,"2986.64,2987.5,2978.49,2981.42"
2025-04-08 07:00:00+07:00,"2981.43,2992.78,2980.28,2985.47"
2025-04-08 08:00:00+07:00,"2985.48,3003.02,2983.64,2999.79"
2025-04-08 09:00:00+07:00,"2999.8,3004.9,2998.15,3000.86"
2025-04-08 10:00:00+07:00,"3000.87,3001.1,2992.96,2994.64"
2025-04-08 11:00:00+07:00,"2994.65,3003.06,2990.79,3002.22"
2025-04-08 12:00:00+07:00,"3002.08,3008.3,2999.37,3005.78"
2025-04-08 13:00:00+07:00,"3005.8,3016.02,3002.55,3013.17"
2025-04-08 14:00:00+07:00,"3013.18,3014.1,3001.77,3003.78"
2025-04-08 15:00:00+07:00,"3003.76,3009.49,3001.21,3007.32"
2025-04-08 16:00:00+07:00,"3007.33,3007.95,2994.71,3006.73"
2025-04-08 17:00:00+07:00,"3006.74,3010.44,3003.93,3008.86"
2025-04-08 18:00:00+07:00,"3008.81,3019.35,3008.47,3017.34"
2025-04-08 19:00:00+07:00,"3017.39,3019.53,3002.3,3002.72"
2025-04-08 20:00:00+07:00,"3002.7,3022.62,3002.4,3010.26"
2025-04-08 21:00:00+07:00,"3010.12,3018.33,3005.91,3006.3"
2025-04-08 22:00:00+07:00,"3006.29,3012.5,3001.11,3001.67"
2025-04-08 23:00:00+07:00,"3001.65,3001.66,2984.36,2986.13"
2025-04-09 00:00:00+07:00,"2986.12,2987.35,2974.56,2985.08"
2025-04-09 01:00:00+07:00,"2985.02,2992.46,2979.25,2983.52"
2025-04-09 02:00:00+07:00,"2983.36,2987.68,2976.59,2985.03"
2025-04-09 03:00:00+07:00,"2985.04,2986.64,2977.1,2982.09"
2025-04-09 05:00:00+07:00,"2984.24,2985.64,2980.2,2981.98"
2025-04-09 06:00:00+07:00,"2982.25,2991.09,2969.97,2978.4"
2025-04-09 07:00:00+07:00,"2978.41,2987.09,2974.71,2980.26"
2025-04-09 08:00:00+07:00,"2980.27,3009.85,2972.33,3008.66"
2025-04-09 09:00:00+07:00,"3008.65,3011.05,3000.08,3002.97"
2025-04-09 10:00:00+07:00,"3002.96,3009.89,3002.5,3004.56"
2025-04-09 11:00:00+07:00,"3004.55,3014.29,2999.56,3012.31"
2025-04-09 12:00:00+07:00,"3012.3,3020.47,3005.48,3015.64"
2025-04-09 13:00:00+07:00,"3015.67,3041.07,3014.68,3038.86"
2025-04-09 14:00:00+07:00,"3038.85,3052.32,3034.24,3041.1"
2025-04-09 15:00:00+07:00,"3041.12,3051.16,3038.17,3044.18"
2025-04-09 16:00:00+07:00,"3044.19,3049.82,3038.73,3045.09"
2025-04-09 17:00:00+07:00,"3045.1,3047.06,3038.38,3042.96"
2025-04-09 18:00:00+07:00,"3043,3068.23,3035.87,3066.45"
2025-04-09 19:00:00+07:00,"3066.44,3073.16,3042.56,3047.28"
2025-04-09 20:00:00+07:00,"3047.34,3078.09,3047.25,3075.03"
2025-04-09 21:00:00+07:00,"3075.02,3084.7,3068.31,3070.53"
2025-04-09 22:00:00+07:00,"3070.55,3087.97,3065.27,3086.22"
2025-04-09 23:00:00+07:00,"3086.21,3094.9,3082.72,3092.54"
2025-04-10 00:00:00+07:00,"3092.6,3099.03,3050.93,3059.78"
2025-04-10 01:00:00+07:00,"3059.97,3073.42,3048.67,3067.32"
2025-04-10 02:00:00+07:00,"3067.33,3099.51,3064.07,3093.35"
2025-04-10 03:00:00+07:00,"3093.39,3095.38,3078.24,3082.79"
2025-04-10 05:00:00+07:00,"3080.6,3090.29,3071.28,3080.24"
2025-04-10 06:00:00+07:00,"3080.31,3089.14,3079.56,3086.86"
2025-04-10 07:00:00+07:00,"3086.87,3101.45,3081.43,3097.13"
2025-04-10 08:00:00+07:00,"3096.96,3100.74,3078.37,3093.99"
2025-04-10 09:00:00+07:00,"3094.03,3120.55,3093.82,3119.21"
2025-04-10 10:00:00+07:00,"3119.19,3132.07,3115.37,3125.32"
2025-04-10 11:00:00+07:00,"3125.3,3129.39,3121.14,3125.38"
2025-04-10 12:00:00+07:00,"3125.38,3132.76,3112.61,3122.52"
2025-04-10 13:00:00+07:00,"3122.38,3126.59,3118.8,3122.19"
2025-04-10 14:00:00+07:00,"3122.2,3123.72,3106.56,3108.91"
2025-04-10 15:00:00+07:00,"3108.92,3115.68,3104.57,3104.99"
2025-04-10 16:00:00+07:00,"3105,3118.14,3103.19,3116.8"
2025-04-10 17:00:00+07:00,"3116.81,3122.68,3114.19,3120.08"
2025-04-10 18:00:00+07:00,"3120.12,3125.8,3113.18,3124.73"
2025-04-10 19:00:00+07:00,"3124.87,3134.44,3116.22,3123.21"
2025-04-10 20:00:00+07:00,"3123.22,3136.84,3116.18,3117.11"
2025-04-10 21:00:00+07:00,"3117.1,3155,3116.72,3154.7"
2025-04-10 22:00:00+07:00,"3154.71,3175.19,3154.33,3158.15"
2025-04-10 23:00:00+07:00,"3158.26,3167.21,3154,3158.32"
2025-04-11 00:00:00+07:00,"3158.32,3165.77,3151.63,3162.89"
2025-04-11 01:00:00+07:00,"3162.85,3175.77,3158.18,3173.13"
2025-04-11 02:00:00+07:00,"3173.28,3176.4,3167.84,3170.98"
2025-04-11 03:00:00+07:00,"3170.97,3176.48,3168.58,3175.44"
2025-04-11 05:00:00+07:00,"3177.9,3190.38,3176.34,3189.11"
2025-04-11 06:00:00+07:00,"3188.89,3191.49,3183.22,3189.13"
2025-04-11 07:00:00+07:00,"3189.15,3218.15,3184.91,3205.77"
2025-04-11 08:00:00+07:00,"3205.89,3219.58,3201.01,3207.38"
2025-04-11 09:00:00+07:00,"3207.32,3219.82,3205.93,3217.57"
2025-04-11 10:00:00+07:00,"3217.56,3220.14,3214.28,3217.64"
2025-04-11 11:00:00+07:00,"3217.9,3218.07,3208.31,3208.62"
2025-04-11 12:00:00+07:00,"3208.66,3219.33,3187.14,3195.79"
2025-04-11 13:00:00+07:00,"3195.78,3209.55,3190.2,3197.34"
2025-04-11 14:00:00+07:00,"3197.37,3213.07,3193.69,3212.18"
2025-04-11 15:00:00+07:00,"3212.33,3227.49,3208.34,3216.12"
2025-04-11 16:00:00+07:00,"3216.1,3230.18,3211.73,3227.62"
2025-04-11 17:00:00+07:00,"3227.59,3237.87,3210.02,3212.71"
2025-04-11 18:00:00+07:00,"3212.8,3224.97,3211.25,3213.92"
2025-04-11 19:00:00+07:00,"3213.91,3234,3211.18,3233.47"
2025-04-11 20:00:00+07:00,"3233.5,3244.42,3219.74,3224.03"
2025-04-11 21:00:00+07:00,"3224.03,3237.91,3222.71,3230.09"
2025-04-11 22:00:00+07:00,"3230.04,3242.13,3229.42,3240.49"
2025-04-11 23:00:00+07:00,"3240.49,3245.53,3219.75,3223.35"
2025-04-12 00:00:00+07:00,"3223.36,3235.71,3223.36,3233.82"
2025-04-12 01:00:00+07:00,"3233.84,3238.49,3231.05,3235.6"
2025-04-12 02:00:00+07:00,"3235.51,3235.84,3227.46,3231.09"
2025-04-12 03:00:00+07:00,"3231.08,3239.27,3230.6,3237.9"
2025-04-14 05:00:00+07:00,"3220.06,3224.91,3210.03,3221.47"
2025-04-14 06:00:00+07:00,"3221.48,3224.67,3216.93,3223.69"
2025-04-14 07:00:00+07:00,"3223.68,3227.48,3219.16,3221.03"
2025-04-14 08:00:00+07:00,"3221.02,3243.72,3215.25,3239.62"
2025-04-14 09:00:00+07:00,"3239.59,3245.87,3229.5,3232.15"
2025-04-14 10:00:00+07:00,"3232.16,3234.83,3226.84,3232.5"
2025-04-14 11:00:00+07:00,"3232.51,3235.91,3226.04,3227.5"
2025-04-14 12:00:00+07:00,"3227.52,3236.17,3221.41,3234.35"
2025-04-14 13:00:00+07:00,"3234.34,3238.22,3228.87,3231.21"
2025-04-14 14:00:00+07:00,"3231.22,3233.84,3224.59,3227.89"
2025-04-14 15:00:00+07:00,"3227.88,3230.16,3216.6,3227.15"
2025-04-14 16:00:00+07:00,"3227.13,3231.78,3220.74,3224.11"
2025-04-14 17:00:00+07:00,"3224.09,3224.85,3206.19,3215.21"
2025-04-14 18:00:00+07:00,"3215.26,3225.89,3213.95,3223.25"
2025-04-14 19:00:00+07:00,"3223.26,3227.86,3200.67,3206.89"
2025-04-14 20:00:00+07:00,"3206.9,3210.93,3193.59,3204.53"
2025-04-14 21:00:00+07:00,"3204.55,3215.71,3195.44,3211.25"
2025-04-14 22:00:00+07:00,"3211.22,3211.33,3196.22,3198.2"
2025-04-14 23:00:00+07:00,"3198.21,3208.39,3197.84,3207.67"
2025-04-15 00:00:00+07:00,"3207.68,3216.53,3206.96,3214.19"
2025-04-15 01:00:00+07:00,"3214.21,3214.93,3201.48,3207.95"
2025-04-15 02:00:00+07:00,"3207.94,3213.01,3207.62,3212.84"
2025-04-15 03:00:00+07:00,"3212.86,3213.93,3207.28,3210.53"
2025-04-15 05:00:00+07:00,"3212.06,3215.4,3210.71,3212.08"
2025-04-15 06:00:00+07:00,"3212.13,3214.17,3210.57,3212.74"
2025-04-15 07:00:00+07:00,"3212.73,3215.33,3210.78,3212.04"
2025-04-15 08:00:00+07:00,"3212.03,3225.93,3209.95,3223.86"
2025-04-15 09:00:00+07:00,"3223.87,3225.03,3218.85,3224.22"
2025-04-15 10:00:00+07:00,"3224.21,3229.08,3223.08,3228.32"
2025-04-15 11:00:00+07:00,"3228.33,3232.62,3226.87,3231.74"
2025-04-15 12:00:00+07:00,"3231.73,3232.26,3220.7,3224.73"
2025-04-15 13:00:00+07:00,"3224.74,3228.78,3223.09,3225.4"
2025-04-15 14:00:00+07:00,"3225.28,3226.55,3217.48,3225.48"
2025-04-15 15:00:00+07:00,"3225.53,3232.28,3224.17,3227.79"
2025-04-15 16:00:00+07:00,"3227.82,3230.23,3221.22,3222.71"
2025-04-15 17:00:00+07:00,"3222.79,3227.07,3219.46,3220.07"
2025-04-15 18:00:00+07:00,"3220.08,3224.26,3216.68,3220.1"
2025-04-15 19:00:00+07:00,"3220.11,3226.3,3214.23,3221.62"
2025-04-15 20:00:00+07:00,"3221.61,3226.31,3211.55,3213.16"
2025-04-15 21:00:00+07:00,"3213.14,3226.99,3213.11,3222.52"
2025-04-15 22:00:00+07:00,"3222.53,3224.28,3216.99,3221.18"
2025-04-15 23:00:00+07:00,"3221.16,3223.52,3219.65,3221.55"
2025-04-16 00:00:00+07:00,"3221.52,3230.85,3220.45,3227.83"
2025-04-16 01:00:00+07:00,"3227.84,3229.69,3225.78,3229.03"
2025-04-16 02:00:00+07:00,"3229.02,3232,3226.1,3229.69"
2025-04-16 03:00:00+07:00,"3229.71,3233.73,3226.52,3229.39"
2025-04-16 05:00:00+07:00,"3230.68,3242.21,3229.97,3241.39"
2025-04-16 06:00:00+07:00,"3241.29,3251.83,3238.34,3251.83"
2025-04-16 07:00:00+07:00,"3251.8,3268.04,3251.63,3264.54"
2025-04-16 08:00:00+07:00,"3264.53,3275.08,3255.98,3270.14"
2025-04-16 09:00:00+07:00,"3270.22,3275.46,3266.93,3267.75"
2025-04-16 10:00:00+07:00,"3267.74,3281.75,3266.14,3281.48"
2025-04-16 11:00:00+07:00,"3281.49,3287.79,3269.31,3283.6"
2025-04-16 12:00:00+07:00,"3283.61,3291.95,3283.52,3289.79"
2025-04-16 13:00:00+07:00,"3289.66,3295.24,3285.88,3291.66"
2025-04-16 14:00:00+07:00,"3291.66,3301.05,3291.38,3300.31"
2025-04-16 15:00:00+07:00,"3300.3,3317.9,3288.46,3306.97"
2025-04-16 16:00:00+07:00,"3307.01,3311.05,3299.94,3303.53"
2025-04-16 17:00:00+07:00,"3303.56,3306.96,3299.56,3304.22"
2025-04-16 18:00:00+07:00,"3304.24,3313.84,3292.92,3306.97"
2025-04-16 19:00:00+07:00,"3306.95,3313.56,3302.53,3307.39"
2025-04-16 20:00:00+07:00,"3307.4,3316.45,3296.73,3311.75"
2025-04-16 21:00:00+07:00,"3311.72,3319.68,3306.05,3308.55"
2025-04-16 22:00:00+07:00,"3308.54,3328.31,3305.12,3325.24"
2025-04-16 23:00:00+07:00,"3325.22,3333.05,3321.48,3327.16"
2025-04-17 00:00:00+07:00,"3327.17,3332.9,3324.24,3328.13"
2025-04-17 01:00:00+07:00,"3328.11,3340.81,3326.43,3338.32"
2025-04-17 02:00:00+07:00,"3338.33,3342.63,3335.79,3336.79"
2025-04-17 03:00:00+07:00,"3336.8,3343.02,3334.34,3342.83"
2025-04-17 05:00:00+07:00,"3343.97,3357.87,3343.05,3351.16"
2025-04-17 06:00:00+07:00,"3351.15,3353.6,3346.86,3350.21"
2025-04-17 07:00:00+07:00,"3350.22,3351.4,3341.93,3345.45"
2025-04-17 08:00:00+07:00,"3345.46,3356.31,3320.77,3324.12"
2025-04-17 09:00:00+07:00,"3324.15,3340.7,3321.1,3340.26"
2025-04-17 10:00:00+07:00,"3340.27,3344.49,3337.31,3344.4"
2025-04-17 11:00:00+07:00,"3344.37,3344.41,3337.75,3341.41"
2025-04-17 12:00:00+07:00,"3341.42,3345.49,3328.37,3329.54"
2025-04-17 13:00:00+07:00,"3329.55,3333.15,3325.36,3329.03"
2025-04-17 14:00:00+07:00,"3328.92,3330.1,3314.37,3323.65"
2025-04-17 15:00:00+07:00,"3323.61,3325.04,3312.61,3324.1"
2025-04-17 16:00:00+07:00,"3324.09,3327.06,3320.54,3321.61"
2025-04-17 17:00:00+07:00,"3321.6,3334.19,3321.06,3327.77"
2025-04-17 18:00:00+07:00,"3327.76,3332.6,3322.39,3327.49"
2025-04-17 19:00:00+07:00,"3327.57,3342.54,3322.13,3328.32"
2025-04-17 20:00:00+07:00,"3328.41,3332.2,3311.97,3315.01"
2025-04-17 21:00:00+07:00,"3315,3315.18,3283.76,3291.37"
2025-04-17 22:00:00+07:00,"3291.24,3305.01,3290.47,3296.36"
2025-04-17 23:00:00+07:00,"3296.38,3318.86,3294.86,3316.02"
2025-04-18 00:00:00+07:00,"3315.99,3322.49,3314.15,3319.16"
2025-04-18 01:00:00+07:00,"3319.17,3320.96,3314.23,3316.23"
2025-04-18 02:00:00+07:00,"3316.22,3321.97,3310.87,3320.85"
2025-04-18 03:00:00+07:00,"3320.84,3328.75,3318.06,3327.49"
2025-04-21 05:00:00+07:00,"3331.47,3353.27,3328.82,3345.82"
2025-04-21 06:00:00+07:00,"3345.95,3351.86,3343.54,3348.08"
2025-04-21 07:00:00+07:00,"3348.06,3370.85,3347.47,3368.6"
2025-04-21 08:00:00+07:00,"3368.59,3378.74,3367.4,3377.45"
2025-04-21 09:00:00+07:00,"3377.46,3385.13,3374.06,3384.69"
2025-04-21 10:00:00+07:00,"3384.68,3385.44,3378.31,3382.61"
2025-04-21 11:00:00+07:00,"3382.6,3382.62,3369.5,3376.58"
2025-04-21 12:00:00+07:00,"3376.58,3386.02,3375.66,3385.36"
2025-04-21 13:00:00+07:00,"3385.37,3393.4,3382.3,3392.08"
2025-04-21 14:00:00+07:00,"3392.07,3396.19,3381.69,3385.11"
2025-04-21 15:00:00+07:00,"3385.25,3394.31,3383.54,3392.61"
2025-04-21 16:00:00+07:00,"3392.67,3397.26,3390.84,3394.81"
2025-04-21 17:00:00+07:00,"3394.82,3397.9,3392.09,3394.83"
2025-04-21 18:00:00+07:00,"3394.84,3405.8,3386.3,3404.32"
2025-04-21 19:00:00+07:00,"3404.31,3415.86,3398,3414.76"
2025-04-21 20:00:00+07:00,"3414.72,3426.95,3405.25,3420.59"
2025-04-21 21:00:00+07:00,"3420.55,3430.44,3408.86,3416.67"
2025-04-21 22:00:00+07:00,"3416.77,3426.2,3407.75,3423.1"
2025-04-21 23:00:00+07:00,"3423.18,3424.14,3410.11,3414.48"
2025-04-22 00:00:00+07:00,"3414.43,3422.9,3405.88,3422.37"
2025-04-22 01:00:00+07:00,"3422.38,3426.87,3417.62,3426.62"
2025-04-22 02:00:00+07:00,"3426.6,3430.65,3417.67,3423.63"
2025-04-22 03:00:00+07:00,"3423.62,3427.3,3419.87,3424.57"
2025-04-22 05:00:00+07:00,"3423.99,3436.05,3423.8,3431.09"
2025-04-22 06:00:00+07:00,"3431.26,3444.8,3429.27,3434.69"
2025-04-22 07:00:00+07:00,"3434.64,3435.57,3412.13,3425.66"
2025-04-22 08:00:00+07:00,"3425.49,3455.26,3421.8,3453.03"
2025-04-22 09:00:00+07:00,"3452.85,3476.01,3442.3,3472.81"
2025-04-22 10:00:00+07:00,"3472.8,3494.92,3471.91,3487.71"
2025-04-22 11:00:00+07:00,"3487.79,3488.62,3479.47,3484.26"
2025-04-22 12:00:00+07:00,"3484.25,3495.48,3473.38,3494.52"
2025-04-22 13:00:00+07:00,"3494.51,3500.04,3475.07,3479.93"
2025-04-22 14:00:00+07:00,"3479.97,3480.88,3460.64,3468.8"
2025-04-22 15:00:00+07:00,"3468.81,3472.68,3443.12,3444.04"
2025-04-22 16:00:00+07:00,"3443.97,3458.98,3443.97,3454.67"
2025-04-22 17:00:00+07:00,"3454.8,3468.49,3451.22,3452.64"
2025-04-22 18:00:00+07:00,"3452.62,3461.39,3448.06,3456.94"
2025-04-22 19:00:00+07:00,"3456.95,3464.86,3424.09,3431.36"
2025-04-22 20:00:00+07:00,"3431.34,3449.88,3408.59,3418.83"
2025-04-22 21:00:00+07:00,"3418.85,3438.96,3418.29,3429.8"
2025-04-22 22:00:00+07:00,"3429.82,3433.32,3410.55,3417.78"
2025-04-22 23:00:00+07:00,"3417.83,3421.25,3371.97,3392.88"
2025-04-23 00:00:00+07:00,"3392.85,3410.5,3385.92,3402"
2025-04-23 01:00:00+07:00,"3402.01,3402.62,3373.09,3381.58"
2025-04-23 02:00:00+07:00,"3381.61,3386.12,3366.68,3374.95"
2025-04-23 03:00:00+07:00,"3374.94,3383.03,3373.64,3381.21"
2025-04-23 05:00:00+07:00,"3319.5,3347.26,3315.36,3327.83"
2025-04-23 06:00:00+07:00,"3328,3350.23,3326.96,3336.84"
2025-04-23 07:00:00+07:00,"3336.82,3371.23,3334.56,3367.66"
2025-04-23 08:00:00+07:00,"3367.79,3386.88,3358.79,3379.38"
2025-04-23 09:00:00+07:00,"3379.36,3380.08,3348.61,3354.02"
2025-04-23 10:00:00+07:00,"3354.01,3355.88,3329.19,3339.1"
2025-04-23 11:00:00+07:00,"3339.11,3347.39,3335.5,3346.61"
2025-04-23 12:00:00+07:00,"3346.62,3349.6,3315.72,3319.08"
2025-04-23 13:00:00+07:00,"3318.91,3326.07,3291.72,3300.93"
2025-04-23 14:00:00+07:00,"3300.95,3320.4,3300.95,3318.99"
2025-04-23 15:00:00+07:00,"3319.01,3321.75,3305.82,3321.44"
2025-04-23 16:00:00+07:00,"3321.45,3340.42,3317.38,3317.86"
2025-04-23 17:00:00+07:00,"3317.87,3336.56,3316.57,3329.88"
2025-04-23 18:00:00+07:00,"3329.9,3339.16,3321.6,3324.79"
2025-04-23 19:00:00+07:00,"3324.8,3333.57,3310.34,3310.84"
2025-04-23 20:00:00+07:00,"3310.94,3313.9,3271.07,3277"
2025-04-23 21:00:00+07:00,"3276.99,3296.55,3259.98,3287.27"
2025-04-23 22:00:00+07:00,"3287.34,3294.5,3269.04,3280.19"
2025-04-23 23:00:00+07:00,"3280.23,3305.85,3279.06,3294.93"
2025-04-24 00:00:00+07:00,"3294.88,3301.61,3277.66,3281.5"
2025-04-24 01:00:00+07:00,"3281.49,3287.18,3277.65,3282.98"
2025-04-24 02:00:00+07:00,"3282.99,3297.32,3282.49,3294.18"
2025-04-24 03:00:00+07:00,"3294.11,3295.75,3283.76,3288.52"
2025-04-24 05:00:00+07:00,"3290.84,3316.11,3290.84,3309.37"
2025-04-24 06:00:00+07:00,"3309.27,3317.08,3308.42,3316.19"
2025-04-24 07:00:00+07:00,"3316.21,3339.23,3313.18,3331.92"
2025-04-24 08:00:00+07:00,"3331.83,3367.74,3330.57,3357.15"
2025-04-24 09:00:00+07:00,"3357.19,3363.28,3335.63,3342.27"
2025-04-24 10:00:00+07:00,"3342.25,3342.9,3320.44,3326.86"
2025-04-24 11:00:00+07:00,"3326.85,3331.96,3325.78,3326.32"
2025-04-24 12:00:00+07:00,"3326.31,3335.39,3320.33,3323.95"
2025-04-24 13:00:00+07:00,"3323.96,3328.29,3314.47,3324.41"
2025-04-24 14:00:00+07:00,"3324.5,3339.99,3323.01,3333.94"
2025-04-24 15:00:00+07:00,"3333.93,3341.81,3327.18,3336.3"
2025-04-24 16:00:00+07:00,"3336.32,3343.02,3325.3,3335.59"
2025-04-24 17:00:00+07:00,"3335.55,3336.83,3325.42,3329.75"
2025-04-24 18:00:00+07:00,"3329.91,3344.23,3329.47,3337.12"
2025-04-24 19:00:00+07:00,"3337.11,3344.86,3335.32,3335.7"
2025-04-24 20:00:00+07:00,"3335.7,3336.3,3312.38,3315.6"
2025-04-24 21:00:00+07:00,"3315.46,3330.49,3306.53,3327.35"
2025-04-24 22:00:00+07:00,"3327.35,3330.52,3319.38,3329.6"
2025-04-24 23:00:00+07:00,"3329.58,3335.4,3322.37,3331.45"
2025-04-25 00:00:00+07:00,"3331.46,3338.81,3329.81,3336.95"
2025-04-25 01:00:00+07:00,"3336.92,3340.46,3333.48,3334.61"
2025-04-25 02:00:00+07:00,"3334.62,3347.08,3333.25,3342.13"
2025-04-25 03:00:00+07:00,"3342.14,3349.96,3338,3348.91"
2025-04-25 05:00:00+07:00,"3355.31,3370.99,3345.67,3367.26"
2025-04-25 06:00:00+07:00,"3367.26,3368.35,3346.8,3348.9"
2025-04-25 07:00:00+07:00,"3349,3361.48,3347.32,3357.58"
2025-04-25 08:00:00+07:00,"3357.47,3363.02,3342.71,3345.53"
2025-04-25 09:00:00+07:00,"3345.48,3353.54,3344.45,3349.01"
2025-04-25 10:00:00+07:00,"3348.89,3354.38,3322.57,3323.81"
2025-04-25 11:00:00+07:00,"3323.84,3327.96,3316.24,3324.99"
2025-04-25 12:00:00+07:00,"3325,3327.22,3287.03,3294.08"
2025-04-25 13:00:00+07:00,"3294.06,3306.38,3287.55,3304.28"
2025-04-25 14:00:00+07:00,"3304.29,3314.65,3302.96,3307.59"
2025-04-25 15:00:00+07:00,"3307.6,3308.09,3292.14,3303.73"
2025-04-25 16:00:00+07:00,"3303.74,3308.9,3291.92,3291.94"
2025-04-25 17:00:00+07:00,"3291.94,3306.43,3291.83,3298.19"
2025-04-25 18:00:00+07:00,"3298.17,3301.14,3287.77,3293.65"
2025-04-25 19:00:00+07:00,"3293.66,3303.37,3291.32,3292.84"
2025-04-25 20:00:00+07:00,"3292.83,3293.15,3264.93,3281.26"
2025-04-25 21:00:00+07:00,"3281.27,3287.4,3274.46,3278.17"
2025-04-25 22:00:00+07:00,"3278.16,3285.66,3269.96,3282.81"
2025-04-25 23:00:00+07:00,"3282.82,3287.68,3280.2,3285.57"
2025-04-26 00:00:00+07:00,"3285.61,3295.16,3281.65,3293.09"
2025-04-26 01:00:00+07:00,"3293.23,3297.21,3288.18,3288.21"
2025-04-26 02:00:00+07:00,"3288.2,3312.65,3287.81,3304.62"
2025-04-26 03:00:00+07:00,"3304.63,3319.62,3304.63,3319.62"
2025-04-28 05:00:00+07:00,"3331.65,3332.07,3308.95,3310.85"
2025-04-28 06:00:00+07:00,"3310.85,3318.34,3298.46,3302.83"
2025-04-28 07:00:00+07:00,"3302.82,3316.14,3301.69,3314.27"
2025-04-28 08:00:00+07:00,"3314.25,3315.28,3278.99,3281.09"
2025-04-28 09:00:00+07:00,"3281.1,3286.54,3267.97,3280.68"
2025-04-28 10:00:00+07:00,"3280.67,3295.32,3280.48,3290.76"
2025-04-28 11:00:00+07:00,"3290.7,3299.21,3288.5,3298.78"
2025-04-28 12:00:00+07:00,"3298.75,3301.15,3287.72,3295.19"
2025-04-28 13:00:00+07:00,"3295.2,3296.57,3281.85,3283.2"
2025-04-28 14:00:00+07:00,"3283.42,3292.67,3277.47,3287.31"
2025-04-28 15:00:00+07:00,"3287.23,3288.7,3279.05,3282.88"
2025-04-28 16:00:00+07:00,"3282.93,3287.45,3274.42,3274.71"
2025-04-28 17:00:00+07:00,"3274.65,3292.02,3272.98,3289.77"
2025-04-28 18:00:00+07:00,"3289.8,3297.31,3284.75,3294.04"
2025-04-28 19:00:00+07:00,"3294.01,3302.47,3292.66,3296.25"
2025-04-28 20:00:00+07:00,"3296.24,3301.16,3286.76,3293"
2025-04-28 21:00:00+07:00,"3292.98,3333.1,3292.98,3328.76"
2025-04-28 22:00:00+07:00,"3328.74,3336.15,3318.93,3325.13"
2025-04-28 23:00:00+07:00,"3325.03,3339.38,3324.49,3336.47"
2025-04-29 00:00:00+07:00,"3336.48,3340.1,3333.16,3335.4"
2025-04-29 01:00:00+07:00,"3335.37,3350.01,3333.77,3349.01"
2025-04-29 02:00:00+07:00,"3349,3353.15,3345.41,3351.98"
2025-04-29 03:00:00+07:00,"3351.99,3352.5,3342.26,3344.24"
2025-04-29 05:00:00+07:00,"3346.02,3348.69,3332.37,3337.9"
2025-04-29 06:00:00+07:00,"3337.89,3343,3333.69,3337.48"
2025-04-29 07:00:00+07:00,"3337.47,3339.2,3327.77,3330.17"
2025-04-29 08:00:00+07:00,"3330.17,3340.08,3322.64,3326.67"
2025-04-29 09:00:00+07:00,"3326.66,3333.95,3319.38,3320.87"
2025-04-29 10:00:00+07:00,"3320.86,3321.7,3307.97,3315.99"
2025-04-29 11:00:00+07:00,"3316.12,3318.12,3306.77,3309.25"
2025-04-29 12:00:00+07:00,"3309.24,3316.68,3305.13,3310.27"
2025-04-29 13:00:00+07:00,"3310.26,3324.03,3308.85,3318.74"
2025-04-29 14:00:00+07:00,"3318.73,3323.23,3312.34,3322.82"
2025-04-29 15:00:00+07:00,"3323.01,3325.04,3311.77,3311.86"
2025-04-29 16:00:00+07:00,"3311.87,3316.15,3308.69,3309.04"
2025-04-29 17:00:00+07:00,"3309.09,3315.72,3306.05,3313.06"
2025-04-29 18:00:00+07:00,"3313.05,3315.96,3307.9,3309.37"
2025-04-29 19:00:00+07:00,"3309.35,3314.67,3300.52,3312.86"
2025-04-29 20:00:00+07:00,"3312.8,3321.29,3299.74,3307.05"
2025-04-29 21:00:00+07:00,"3307.04,3317.78,3299.65,3314.56"
2025-04-29 22:00:00+07:00,"3314.59,3315.62,3305.28,3312.44"
2025-04-29 23:00:00+07:00,"3312.43,3330.05,3312.26,3328.77"
2025-04-30 00:00:00+07:00,"3328.72,3329.75,3314.2,3314.36"
2025-04-30 01:00:00+07:00,"3314.34,3320.12,3313.27,3320.12"
2025-04-30 02:00:00+07:00,"3320.13,3325.12,3317.9,3320.53"
2025-04-30 03:00:00+07:00,"3320.5,3323.53,3316.75,3317.2"
2025-04-30 05:00:00+07:00,"3316.6,3323.13,3315.98,3319.18"
2025-04-30 06:00:00+07:00,"3319.19,3319.52,3311.03,3316.92"
2025-04-30 07:00:00+07:00,"3316.93,3328.08,3311.41,3313.27"
2025-04-30 08:00:00+07:00,"3313.18,3322.79,3307.58,3308.32"
2025-04-30 09:00:00+07:00,"3308.33,3313.35,3305.1,3306.67"
2025-04-30 10:00:00+07:00,"3306.67,3311.37,3303.69,3304.92"
2025-04-30 11:00:00+07:00,"3304.93,3309.03,3301.31,3307.86"
2025-04-30 12:00:00+07:00,"3307.85,3314.86,3307.62,3309.64"
2025-04-30 13:00:00+07:00,"3309.69,3311.44,3304.99,3306.05"
2025-04-30 14:00:00+07:00,"3306.04,3314.49,3303.04,3307.33"
2025-04-30 15:00:00+07:00,"3307.32,3307.9,3280.32,3284.69"
2025-04-30 16:00:00+07:00,"3284.68,3286.97,3274.97,3275.95"
2025-04-30 17:00:00+07:00,"3276,3281.08,3271.97,3272.73"
2025-04-30 18:00:00+07:00,"3272.74,3281.66,3268.38,3272.57"
2025-04-30 19:00:00+07:00,"3272.56,3304.81,3266.91,3298.51"
2025-04-30 20:00:00+07:00,"3298.53,3319.81,3296.16,3308.99"
2025-04-30 21:00:00+07:00,"3309.14,3313.75,3292.84,3309.96"
2025-04-30 22:00:00+07:00,"3309.94,3314.65,3299.03,3308.03"
2025-04-30 23:00:00+07:00,"3308.04,3314.21,3307.08,3310.73"
2025-05-01 00:00:00+07:00,"3310.74,3313.54,3304.83,3305.41"
2025-05-01 01:00:00+07:00,"3305.43,3307.76,3300.23,3301.71"
2025-05-01 02:00:00+07:00,"3301.75,3305.76,3292.12,3295.74"
2025-05-01 03:00:00+07:00,"3295.75,3298.12,3283.17,3288.57"
2025-05-01 05:00:00+07:00,"3288.38,3290.23,3271.34,3274.04"
2025-05-01 06:00:00+07:00,"3274.05,3285.35,3269.81,3273.03"
2025-05-01 07:00:00+07:00,"3273.04,3276.32,3241.18,3246.48"
2025-05-01 08:00:00+07:00,"3246.48,3251.38,3234.41,3238.94"
2025-05-01 09:00:00+07:00,"3238.94,3251.73,3235.13,3241.54"
2025-05-01 10:00:00+07:00,"3241.53,3242.66,3228.87,3229.52"
2025-05-01 11:00:00+07:00,"3229.52,3232.04,3221.32,3226.61"
2025-05-01 12:00:00+07:00,"3226.66,3238.88,3223.41,3236.67"
2025-05-01 13:00:00+07:00,"3236.74,3243.16,3233.85,3235.72"
2025-05-01 14:00:00+07:00,"3235.71,3236.93,3226.01,3230.08"
2025-05-01 15:00:00+07:00,"3230.16,3236.81,3229.93,3235.2"
2025-05-01 16:00:00+07:00,"3235.16,3236.21,3215.7,3218.6"
2025-05-01 17:00:00+07:00,"3218.46,3225.37,3213.62,3222.99"
2025-05-01 18:00:00+07:00,"3223.05,3227.14,3203.47,3205.52"
2025-05-01 19:00:00+07:00,"3205.51,3232.7,3201.98,3226.77"
2025-05-01 20:00:00+07:00,"3226.78,3233.37,3218.78,3224.78"
2025-05-01 21:00:00+07:00,"3224.78,3231.54,3214.3,3219.1"
2025-05-01 22:00:00+07:00,"3219.1,3221.91,3204.97,3216.51"
2025-05-01 23:00:00+07:00,"3216.5,3220.68,3208.98,3219.51"
2025-05-02 00:00:00+07:00,"3219.52,3220.93,3209.85,3214.53"
2025-05-02 01:00:00+07:00,"3214.52,3226.87,3212.82,3223.93"
2025-05-02 02:00:00+07:00,"3223.95,3229.8,3223.91,3228.18"
2025-05-02 03:00:00+07:00,"3228.19,3239.8,3228.08,3237.92"
2025-05-02 05:00:00+07:00,"3240.53,3243.39,3232.6,3237.78"
2025-05-02 06:00:00+07:00,"3237.81,3241.53,3234.82,3237.16"
2025-05-02 07:00:00+07:00,"3237.17,3244.39,3227.46,3231.4"
2025-05-02 08:00:00+07:00,"3231.43,3237.54,3231.39,3236.44"
2025-05-02 09:00:00+07:00,"3236.46,3249.26,3235.85,3248.1"
2025-05-02 10:00:00+07:00,"3248,3258.57,3245.84,3255.15"
2025-05-02 11:00:00+07:00,"3255.16,3257.49,3250.48,3252.03"
2025-05-02 12:00:00+07:00,"3251.97,3257,3249.54,3252.09"
2025-05-02 13:00:00+07:00,"3252.07,3262.53,3246.32,3252.89"
2025-05-02 14:00:00+07:00,"3252.88,3263.4,3251.6,3258.8"
2025-05-02 15:00:00+07:00,"3258.82,3261.61,3255.16,3258.32"
2025-05-02 16:00:00+07:00,"3258.33,3267.17,3255.07,3265.27"
2025-05-02 17:00:00+07:00,"3265.31,3265.84,3257.24,3259.32"
2025-05-02 18:00:00+07:00,"3259.33,3269.25,3257.92,3262.81"
2025-05-02 19:00:00+07:00,"3262.8,3265.11,3250.28,3250.36"
2025-05-02 20:00:00+07:00,"3250.32,3259.79,3239.43,3250.46"
2025-05-02 21:00:00+07:00,"3250.41,3264.6,3242.26,3262.85"
2025-05-02 22:00:00+07:00,"3262.87,3264.24,3230.22,3231.54"
2025-05-02 23:00:00+07:00,"3231.55,3236.48,3222.67,3225.11"
2025-05-03 00:00:00+07:00,"3225.15,3239.8,3223.4,3231.23"
2025-05-03 01:00:00+07:00,"3231.28,3232.57,3224.28,3226.54"
2025-05-03 02:00:00+07:00,"3226.53,3234.67,3226.52,3233.76"
2025-05-03 03:00:00+07:00,"3233.78,3241.34,3232.62,3240.76"
2025-05-05 05:00:00+07:00,"3242.53,3244.57,3237.41,3239.72"
2025-05-05 06:00:00+07:00,"3239.75,3252.35,3239.04,3248.2"
2025-05-05 07:00:00+07:00,"3248.19,3248.7,3241.15,3246.95"
2025-05-05 08:00:00+07:00,"3246.96,3271.06,3246.44,3264.9"
2025-05-05 09:00:00+07:00,"3264.9,3272.39,3259.59,3270.32"
2025-05-05 10:00:00+07:00,"3270.31,3271.45,3253.07,3254.38"
2025-05-05 11:00:00+07:00,"3254.37,3259.63,3253.59,3256.69"
2025-05-05 12:00:00+07:00,"3256.66,3262.12,3254.09,3259.88"
2025-05-05 13:00:00+07:00,"3259.89,3265.9,3256.81,3262.04"
2025-05-05 14:00:00+07:00,"3262.05,3267.81,3258.8,3264.65"
2025-05-05 15:00:00+07:00,"3264.67,3283.06,3263.13,3282.71"
2025-05-05 16:00:00+07:00,"3282.71,3309.08,3282.14,3308.53"
2025-05-05 17:00:00+07:00,"3308.5,3318.64,3308.35,3313.31"
2025-05-05 18:00:00+07:00,"3313.34,3319,3311.21,3313.03"
2025-05-05 19:00:00+07:00,"3313.05,3322.72,3312.9,3319.76"
2025-05-05 20:00:00+07:00,"3319.77,3321,3311.75,3315.57"
2025-05-05 21:00:00+07:00,"3315.05,3328.84,3309.95,3312.88"
2025-05-05 22:00:00+07:00,"3312.87,3318.01,3309.01,3312.17"
2025-05-05 23:00:00+07:00,"3312.14,3313.74,3305.63,3309.59"
2025-05-06 00:00:00+07:00,"3309.58,3318.37,3309.18,3317.27"
2025-05-06 01:00:00+07:00,"3317.28,3323.75,3313.74,3323.21"
2025-05-06 02:00:00+07:00,"3323.22,3337.62,3322.7,3328.78"
2025-05-06 03:00:00+07:00,"3328.77,3334.86,3328.69,3333.96"
2025-05-06 05:00:00+07:00,"3336.38,3338.03,3327.4,3330.7"
2025-05-06 06:00:00+07:00,"3330.73,3335.26,3328.74,3334.25"
2025-05-06 07:00:00+07:00,"3334.24,3334.55,3323.25,3329.62"
2025-05-06 08:00:00+07:00,"3329.64,3381.74,3329.64,3379.31"
2025-05-06 09:00:00+07:00,"3379.29,3387.11,3356.31,3358.58"
2025-05-06 10:00:00+07:00,"3358.57,3372.5,3352.43,3360.58"
2025-05-06 11:00:00+07:00,"3360.59,3366.34,3356.02,3363.13"
2025-05-06 12:00:00+07:00,"3363.1,3364.11,3350.07,3361.94"
2025-05-06 13:00:00+07:00,"3361.96,3368.04,3358.59,3364.8"
2025-05-06 14:00:00+07:00,"3364.77,3379.53,3364.77,3371.43"
2025-05-06 15:00:00+07:00,"3371.44,3383.14,3368.57,3377.18"
2025-05-06 16:00:00+07:00,"3377.19,3383.4,3371.43,3383.02"
2025-05-06 17:00:00+07:00,"3383.01,3383.98,3376.56,3383.46"
2025-05-06 18:00:00+07:00,"3383.48,3385,3373.65,3379.17"
2025-05-06 19:00:00+07:00,"3379.18,3392.35,3373.07,3391.07"
2025-05-06 20:00:00+07:00,"3391.1,3397.64,3387.68,3391.73"
2025-05-06 21:00:00+07:00,"3391.74,3398.05,3378.24,3386.3"
2025-05-06 22:00:00+07:00,"3386.28,3399.87,3385.33,3395.09"
2025-05-06 23:00:00+07:00,"3395.1,3411.62,3394.68,3409"
2025-05-07 00:00:00+07:00,"3409,3417.81,3407.45,3413.97"
2025-05-07 01:00:00+07:00,"3413.96,3417.48,3410.25,3415.66"
2025-05-07 02:00:00+07:00,"3415.64,3424.1,3412.64,3423.11"
2025-05-07 03:00:00+07:00,"3423.06,3434.9,3419.18,3430.49"
2025-05-07 05:00:00+07:00,"3426.22,3430.73,3380.38,3381.81"
2025-05-07 06:00:00+07:00,"3381.64,3404.78,3376.86,3400.8"
2025-05-07 07:00:00+07:00,"3400.79,3401.55,3360.64,3379.59"
2025-05-07 08:00:00+07:00,"3379.45,3385.08,3360.18,3374.51"
2025-05-07 09:00:00+07:00,"3374.52,3394.06,3371.85,3390.5"
2025-05-07 10:00:00+07:00,"3390.49,3392.74,3370.08,3375.7"
2025-05-07 11:00:00+07:00,"3375.71,3387.59,3375.22,3381.97"
2025-05-07 12:00:00+07:00,"3381.96,3389.47,3378.74,3387.8"
2025-05-07 13:00:00+07:00,"3387.81,3396.07,3387.42,3392.33"
2025-05-07 14:00:00+07:00,"3392.46,3397.44,3383.77,3387.86"
2025-05-07 15:00:00+07:00,"3387.87,3388.7,3378.24,3382.77"
2025-05-07 16:00:00+07:00,"3382.77,3385.16,3369.76,3370.02"
2025-05-07 17:00:00+07:00,"3369.99,3393.43,3369.26,3391.4"
2025-05-07 18:00:00+07:00,"3391.45,3391.64,3383.7,3387.21"
2025-05-07 19:00:00+07:00,"3387.2,3394.02,3384.09,3390.88"
2025-05-07 20:00:00+07:00,"3390.88,3398,3381.35,3394.28"
2025-05-07 21:00:00+07:00,"3394.26,3394.78,3375.79,3385.88"
2025-05-07 22:00:00+07:00,"3385.92,3389.55,3381.97,3385.04"
2025-05-07 23:00:00+07:00,"3385.05,3389.87,3378.83,3387.07"
2025-05-08 00:00:00+07:00,"3386.97,3389.94,3383.66,3384.93"
2025-05-08 01:00:00+07:00,"3384.92,3397.85,3376.04,3384.61"
2025-05-08 02:00:00+07:00,"3384.67,3386.93,3363.81,3371.98"
2025-05-08 03:00:00+07:00,"3371.99,3374.58,3363.63,3364.44"
2025-05-08 05:00:00+07:00,"3367.44,3373.78,3366.78,3370.02"
2025-05-08 06:00:00+07:00,"3370,3377.16,3369.68,3376.59"
2025-05-08 07:00:00+07:00,"3376.58,3387.08,3373.58,3380.72"
2025-05-08 08:00:00+07:00,"3380.73,3409.86,3379.13,3408.68"
2025-05-08 09:00:00+07:00,"3408.69,3414.76,3402.08,3402.08"
2025-05-08 10:00:00+07:00,"3402.18,3408.64,3395.88,3396.89"
2025-05-08 11:00:00+07:00,"3396.87,3399.5,3382.11,3382.2"
2025-05-08 12:00:00+07:00,"3382.23,3384.47,3354.73,3355.26"
2025-05-08 13:00:00+07:00,"3355.39,3361.85,3320.24,3329.94"
2025-05-08 14:00:00+07:00,"3329.78,3349.24,3327.23,3343.08"
2025-05-08 15:00:00+07:00,"3343.1,3344.26,3337.29,3339.38"
2025-05-08 16:00:00+07:00,"3339.34,3344.31,3331.17,3332.13"
2025-05-08 17:00:00+07:00,"3332.15,3346.84,3330.4,3342.46"
2025-05-08 18:00:00+07:00,"3342.45,3345.49,3339.27,3344.2"
2025-05-08 19:00:00+07:00,"3344.21,3358.59,3343.09,3356.12"
2025-05-08 20:00:00+07:00,"3356.16,3369.55,3354.69,3356"
2025-05-08 21:00:00+07:00,"3356.03,3362.88,3350.83,3356.72"
2025-05-08 22:00:00+07:00,"3356.81,3360.04,3326.6,3330.39"
2025-05-08 23:00:00+07:00,"3330.31,3330.31,3304.34,3310.18"
2025-05-09 00:00:00+07:00,"3310.19,3311.22,3297.83,3308.22"
2025-05-09 01:00:00+07:00,"3308.25,3311.14,3305.47,3308.65"
2025-05-09 02:00:00+07:00,"3308.66,3310.01,3288.73,3306.41"
2025-05-09 03:00:00+07:00,"3306.4,3310.84,3303.84,3305.82"
2025-05-09 05:00:00+07:00,"3308.45,3323.97,3306.29,3323.77"
2025-05-09 06:00:00+07:00,"3323.7,3323.98,3312.11,3316.4"
2025-05-09 07:00:00+07:00,"3316.41,3323.09,3308.77,3322.18"
2025-05-09 08:00:00+07:00,"3322.17,3322.61,3286.8,3291.34"
2025-05-09 09:00:00+07:00,"3291.35,3308.63,3274.74,3308.39"
2025-05-09 10:00:00+07:00,"3308.29,3313.48,3299.68,3308.16"
2025-05-09 11:00:00+07:00,"3308.16,3327.45,3308.15,3324.6"
2025-05-09 12:00:00+07:00,"3324.59,3330.3,3312.94,3321.53"
2025-05-09 13:00:00+07:00,"3321.54,3326.9,3315.3,3325.45"
2025-05-09 14:00:00+07:00,"3325.43,3332.29,3322.47,3327.32"
2025-05-09 15:00:00+07:00,"3327.33,3329.04,3320.29,3328.38"
2025-05-09 16:00:00+07:00,"3328.38,3329.35,3323.47,3325.09"
2025-05-09 17:00:00+07:00,"3325.1,3329.8,3321.85,3323.44"
2025-05-09 18:00:00+07:00,"3323.5,3338.29,3323.1,3333.06"
2025-05-09 19:00:00+07:00,"3333.08,3335.7,3329.07,3333.54"
2025-05-09 20:00:00+07:00,"3333.57,3340.4,3328.69,3330.91"
2025-05-09 21:00:00+07:00,"3331.01,3341.18,3320.32,3337.14"
2025-05-09 22:00:00+07:00,"3337.15,3346.12,3335.94,3344.85"
2025-05-09 23:00:00+07:00,"3344.87,3347.49,3336.23,3337.03"
2025-05-10 00:00:00+07:00,"3337.03,3342.7,3336.16,3341.14"
2025-05-10 01:00:00+07:00,"3341.15,3343.08,3336.27,3338.61"
2025-05-10 02:00:00+07:00,"3338.66,3340.09,3325.31,3328.96"
2025-05-10 03:00:00+07:00,"3328.95,3330.38,3325.18,3325.66"
2025-05-12 05:00:00+07:00,"3306.74,3306.74,3266.71,3272.66"
2025-05-12 06:00:00+07:00,"3272.61,3289,3265.97,3287.62"
2025-05-12 07:00:00+07:00,"3287.61,3290.02,3272.16,3279.18"
2025-05-12 08:00:00+07:00,"3279.17,3282.21,3258.85,3271.9"
2025-05-12 09:00:00+07:00,"3271.88,3279.8,3269.57,3272.14"
2025-05-12 10:00:00+07:00,"3272.09,3284.71,3270.42,3283.51"
2025-05-12 11:00:00+07:00,"3283.5,3283.64,3275.6,3279.06"
2025-05-12 12:00:00+07:00,"3279.06,3279.74,3268.55,3276.02"
2025-05-12 13:00:00+07:00,"3276.12,3281.64,3273,3277.63"
2025-05-12 14:00:00+07:00,"3277.55,3277.85,3216.07,3222.73"
2025-05-12 15:00:00+07:00,"3222.76,3234.45,3220.71,3231.43"
2025-05-12 16:00:00+07:00,"3231.42,3231.48,3213.03,3215.18"
2025-05-12 17:00:00+07:00,"3215.2,3219.49,3207.79,3208.16"
2025-05-12 18:00:00+07:00,"3208.15,3229.27,3207.94,3224.81"
2025-05-12 19:00:00+07:00,"3224.76,3234.07,3220.28,3233.54"
2025-05-12 20:00:00+07:00,"3233.58,3248.7,3231.81,3240.61"
2025-05-12 21:00:00+07:00,"3240.62,3247.82,3233.47,3237.59"
2025-05-12 22:00:00+07:00,"3237.61,3243.94,3232.67,3239.24"
2025-05-12 23:00:00+07:00,"3239.12,3240.1,3223.17,3224.02"
2025-05-13 00:00:00+07:00,"3224.03,3227.66,3221.14,3223.34"
2025-05-13 01:00:00+07:00,"3223.35,3230.04,3220.41,3229.44"
2025-05-13 02:00:00+07:00,"3229.45,3238.82,3228.76,3235.54"
2025-05-13 03:00:00+07:00,"3235.61,3238.44,3232.51,3234.8"
2025-05-13 05:00:00+07:00,"3239.68,3241.84,3229.83,3233.79"
2025-05-13 06:00:00+07:00,"3233.75,3240.15,3233.39,3236.85"
2025-05-13 07:00:00+07:00,"3236.87,3243.39,3233.88,3239.87"
2025-05-13 08:00:00+07:00,"3239.86,3243.33,3215.91,3225.14"
2025-05-13 09:00:00+07:00,"3225.2,3241.25,3223.35,3228.93"
2025-05-13 10:00:00+07:00,"3228.95,3238.34,3228.27,3236.84"
2025-05-13 11:00:00+07:00,"3236.83,3253.52,3234.96,3252.58"
2025-05-13 12:00:00+07:00,"3252.64,3260.67,3251.23,3256.52"
2025-05-13 13:00:00+07:00,"3256.53,3265.67,3247.25,3262.24"
2025-05-13 14:00:00+07:00,"3262.21,3264.96,3254.25,3259.15"
2025-05-13 15:00:00+07:00,"3259.2,3261.11,3250.38,3255.52"
2025-05-13 16:00:00+07:00,"3255.5,3256.56,3250.56,3253.32"
2025-05-13 17:00:00+07:00,"3253.31,3256.26,3251.21,3252.62"
2025-05-13 18:00:00+07:00,"3252.63,3258.6,3249,3249.08"
2025-05-13 19:00:00+07:00,"3249.07,3249.91,3237.34,3241.83"
2025-05-13 20:00:00+07:00,"3241.82,3246.91,3227.24,3227.56"
2025-05-13 21:00:00+07:00,"3227.54,3248.78,3225.46,3242.83"
2025-05-13 22:00:00+07:00,"3242.81,3255.92,3241.9,3253.23"
2025-05-13 23:00:00+07:00,"3253.22,3257.99,3248.71,3250.83"
2025-05-14 00:00:00+07:00,"3250.81,3252.88,3242,3247.03"
2025-05-14 01:00:00+07:00,"3247.02,3250.97,3245.58,3249"
2025-05-14 02:00:00+07:00,"3248.99,3251.17,3246.24,3249.67"
2025-05-14 03:00:00+07:00,"3249.72,3254.94,3248.12,3250.23"
2025-05-14 05:00:00+07:00,"3252.51,3254.6,3249.58,3254.55"
2025-05-14 06:00:00+07:00,"3254.5,3257.11,3252.14,3254.53"
2025-05-14 07:00:00+07:00,"3254.53,3254.78,3240.47,3243.83"
2025-05-14 08:00:00+07:00,"3243.85,3251.9,3237.35,3239.01"
2025-05-14 09:00:00+07:00,"3238.94,3241.52,3229.08,3233.07"
2025-05-14 10:00:00+07:00,"3232.96,3233.66,3226.17,3228.28"
2025-05-14 11:00:00+07:00,"3228.28,3230.35,3222.6,3224.13"
2025-05-14 12:00:00+07:00,"3223.81,3234.23,3221.61,3233.88"
2025-05-14 13:00:00+07:00,"3233.94,3236.82,3227.6,3228.77"
2025-05-14 14:00:00+07:00,"3228.85,3238.88,3224.49,3238.06"
2025-05-14 15:00:00+07:00,"3238.09,3243.8,3230.51,3232.4"
2025-05-14 16:00:00+07:00,"3232.5,3236.52,3229.12,3232.35"
2025-05-14 17:00:00+07:00,"3232.34,3236.55,3229.51,3235.63"
2025-05-14 18:00:00+07:00,"3235.62,3239.3,3219.53,3220.29"
2025-05-14 19:00:00+07:00,"3220.39,3222.61,3184.08,3184.92"
2025-05-14 20:00:00+07:00,"3184.89,3198.32,3174.99,3191.42"
2025-05-14 21:00:00+07:00,"3191.35,3194.26,3179.4,3181.83"
2025-05-14 22:00:00+07:00,"3181.83,3186.71,3179.11,3182.37"
2025-05-14 23:00:00+07:00,"3182.49,3190.92,3173.76,3188.51"
2025-05-15 00:00:00+07:00,"3188.49,3190.59,3180.91,3182.09"
2025-05-15 01:00:00+07:00,"3182.18,3183.19,3171.61,3172.04"
2025-05-15 02:00:00+07:00,"3172.03,3181.54,3167.72,3180.58"
2025-05-15 03:00:00+07:00,"3180.57,3183.23,3177.07,3177.55"
2025-05-15 05:00:00+07:00,"3178.91,3183.97,3177.42,3182.64"
2025-05-15 06:00:00+07:00,"3182.62,3187.32,3181.23,3186"
2025-05-15 07:00:00+07:00,"3185.99,3187.89,3180.22,3187.72"
2025-05-15 08:00:00+07:00,"3187.67,3192.66,3171.3,3172.41"
2025-05-15 09:00:00+07:00,"3172.43,3175.55,3150.18,3154.2"
2025-05-15 10:00:00+07:00,"3154.21,3157.12,3148.37,3150.66"
2025-05-15 11:00:00+07:00,"3150.61,3152.66,3135.6,3138.55"
2025-05-15 12:00:00+07:00,"3138.61,3143.18,3123.44,3129"
2025-05-15 13:00:00+07:00,"3129.06,3153.93,3120.78,3149.81"
2025-05-15 14:00:00+07:00,"3149.84,3152.08,3130.67,3142.18"
2025-05-15 15:00:00+07:00,"3142.03,3164.27,3139.13,3162.72"
2025-05-15 16:00:00+07:00,"3162.77,3171.7,3159.3,3165.26"
2025-05-15 17:00:00+07:00,"3165.36,3179.18,3164.17,3178.29"
2025-05-15 18:00:00+07:00,"3178.3,3180.2,3172.32,3179.15"
2025-05-15 19:00:00+07:00,"3179.09,3189.87,3177.46,3188.71"
2025-05-15 20:00:00+07:00,"3188.66,3199.79,3185.21,3192.11"
2025-05-15 21:00:00+07:00,"3192.15,3206.9,3190.52,3205.38"
2025-05-15 22:00:00+07:00,"3205.39,3220.13,3204.5,3219.75"
2025-05-15 23:00:00+07:00,"3219.59,3222.68,3215.87,3222.29"
2025-05-16 00:00:00+07:00,"3222.27,3229.17,3216.43,3221.02"
2025-05-16 01:00:00+07:00,"3221.03,3226.08,3219.78,3223.09"
2025-05-16 02:00:00+07:00,"3223.16,3232.77,3222.25,3231.82"
2025-05-16 03:00:00+07:00,"3231.77,3240.63,3231.01,3239.84"
2025-05-16 05:00:00+07:00,"3239.42,3252.33,3236.97,3251.2"
2025-05-16 06:00:00+07:00,"3251.23,3251.26,3236.53,3237.13"
2025-05-16 07:00:00+07:00,"3237.12,3244.03,3232.03,3243"
2025-05-16 08:00:00+07:00,"3243.01,3244.51,3214.99,3222.31"
2025-05-16 09:00:00+07:00,"3222.33,3227.53,3212.81,3215.52"
2025-05-16 10:00:00+07:00,"3215.3,3217.46,3206.51,3211.81"
2025-05-16 11:00:00+07:00,"3211.73,3222.53,3211.73,3219.57"
2025-05-16 12:00:00+07:00,"3219.55,3222.3,3211.97,3218.66"
2025-05-16 13:00:00+07:00,"3218.61,3231.37,3212.85,3214.88"
2025-05-16 14:00:00+07:00,"3214.87,3218,3205.33,3207.64"
2025-05-16 15:00:00+07:00,"3207.56,3209.26,3195.62,3207.38"
2025-05-16 16:00:00+07:00,"3207.35,3212.94,3203.66,3209.21"
2025-05-16 17:00:00+07:00,"3209.22,3211.07,3169.01,3175.92"
2025-05-16 18:00:00+07:00,"3175.9,3179.25,3154.3,3163.18"
2025-05-16 19:00:00+07:00,"3163.19,3182.15,3154.82,3177.46"
2025-05-16 20:00:00+07:00,"3177.47,3186.69,3169.48,3180.96"
2025-05-16 21:00:00+07:00,"3180.82,3188.43,3165.96,3173.29"
2025-05-16 22:00:00+07:00,"3173.3,3185.29,3172.79,3183.34"
2025-05-16 23:00:00+07:00,"3183.29,3189.89,3180.3,3189.37"
2025-05-17 00:00:00+07:00,"3189.54,3192.19,3183.36,3189.21"
2025-05-17 01:00:00+07:00,"3189.36,3191.27,3184.62,3187.5"
2025-05-17 02:00:00+07:00,"3187.52,3195.89,3187.49,3192.63"
2025-05-17 03:00:00+07:00,"3192.64,3205.02,3192.23,3203.44"
2025-05-19 05:00:00+07:00,"3212.15,3240.81,3206.9,3238.91"
2025-05-19 06:00:00+07:00,"3238.91,3245.38,3226.5,3234.76"
2025-05-19 07:00:00+07:00,"3234.77,3249.85,3233.58,3246.48"
2025-05-19 08:00:00+07:00,"3246.64,3246.75,3214.56,3218.5"
2025-05-19 09:00:00+07:00,"3218.51,3230.09,3217.13,3228.33"
2025-05-19 10:00:00+07:00,"3228.34,3230.46,3208.26,3212.3"
2025-05-19 11:00:00+07:00,"3212.29,3218.11,3206.79,3215.8"
2025-05-19 12:00:00+07:00,"3215.8,3224.25,3215.04,3224.17"
2025-05-19 13:00:00+07:00,"3224.17,3231.81,3220.25,3224.1"
2025-05-19 14:00:00+07:00,"3224.11,3234.57,3224.08,3232.61"
2025-05-19 15:00:00+07:00,"3232.56,3244.89,3230,3244.38"
2025-05-19 16:00:00+07:00,"3244.37,3247.68,3233.49,3241.8"
2025-05-19 17:00:00+07:00,"3241.8,3245.13,3234.13,3241.92"
2025-05-19 18:00:00+07:00,"3241.91,3248.64,3239.06,3243.92"
2025-05-19 19:00:00+07:00,"3243.93,3244.59,3228.77,3229.47"
2025-05-19 20:00:00+07:00,"3229.49,3241.73,3224.57,3230.16"
2025-05-19 21:00:00+07:00,"3230.17,3236.06,3217.16,3234.03"
2025-05-19 22:00:00+07:00,"3234.03,3239.94,3229.56,3231.79"
2025-05-19 23:00:00+07:00,"3231.8,3234.29,3228.09,3231.87"
2025-05-20 00:00:00+07:00,"3231.87,3233.25,3225.61,3226.54"
2025-05-20 01:00:00+07:00,"3226.55,3235.24,3225.29,3233.6"
2025-05-20 02:00:00+07:00,"3233.65,3235.96,3231.56,3233"
2025-05-20 03:00:00+07:00,"3233.05,3233.93,3228.07,3230.13"
2025-05-20 05:00:00+07:00,"3229.24,3230.41,3224.67,3226.89"
2025-05-20 06:00:00+07:00,"3226.9,3227.45,3219.2,3222.4"
2025-05-20 07:00:00+07:00,"3222.38,3224.21,3214.19,3222.91"
2025-05-20 08:00:00+07:00,"3222.92,3232.83,3220.77,3221.06"
2025-05-20 09:00:00+07:00,"3221.07,3223.27,3206.4,3206.46"
2025-05-20 10:00:00+07:00,"3206.47,3214.24,3204.58,3211.35"
2025-05-20 11:00:00+07:00,"3211.28,3218.15,3211.12,3217.12"
2025-05-20 12:00:00+07:00,"3217.11,3220,3209.79,3213.7"
2025-05-20 13:00:00+07:00,"3213.69,3219.22,3208.63,3209.74"
2025-05-20 14:00:00+07:00,"3209.71,3225.35,3207.98,3222.89"
2025-05-20 15:00:00+07:00,"3222.87,3235.98,3218.4,3235.96"
2025-05-20 16:00:00+07:00,"3235.97,3239.38,3230.51,3236.38"
2025-05-20 17:00:00+07:00,"3236.39,3238.42,3231.82,3235.15"
2025-05-20 18:00:00+07:00,"3235.16,3241.61,3235.04,3241.04"
2025-05-20 19:00:00+07:00,"3241.05,3250.23,3234.35,3242.92"
2025-05-20 20:00:00+07:00,"3242.91,3261.64,3233.21,3261.21"
2025-05-20 21:00:00+07:00,"3261.14,3285.86,3260.9,3282.36"
2025-05-20 22:00:00+07:00,"3282.41,3283.59,3273.54,3277.49"
2025-05-20 23:00:00+07:00,"3277.49,3282.7,3275.23,3278.81"
2025-05-21 00:00:00+07:00,"3278.8,3287.87,3278.3,3286.57"
2025-05-21 01:00:00+07:00,"3286.58,3289.65,3284.12,3287.6"
2025-05-21 02:00:00+07:00,"3287.59,3295.07,3287.21,3294.03"
2025-05-21 03:00:00+07:00,"3294.02,3295.76,3289.28,3289.76"
2025-05-21 05:00:00+07:00,"3291.54,3304.26,3290.88,3296.74"
2025-05-21 06:00:00+07:00,"3296.87,3296.89,3288.65,3290.56"
2025-05-21 07:00:00+07:00,"3290.52,3304.31,3289.14,3303.67"
2025-05-21 08:00:00+07:00,"3303.68,3314.52,3285.49,3294.84"
2025-05-21 09:00:00+07:00,"3294.83,3305.31,3289.4,3301.88"
2025-05-21 10:00:00+07:00,"3301.89,3309.88,3299.1,3307.75"
2025-05-21 11:00:00+07:00,"3307.74,3308.24,3301.25,3302.27"
2025-05-21 12:00:00+07:00,"3302.2,3319.72,3298.42,3316.35"
2025-05-21 13:00:00+07:00,"3316.2,3320.54,3310.83,3319.92"
2025-05-21 14:00:00+07:00,"3319.9,3319.9,3307.79,3309.88"
2025-05-21 15:00:00+07:00,"3309.89,3312.42,3303.85,3308.47"
2025-05-21 16:00:00+07:00,"3308.48,3313.56,3307.02,3313.5"
2025-05-21 17:00:00+07:00,"3313.51,3318.29,3308.59,3311.81"
2025-05-21 18:00:00+07:00,"3311.67,3316.33,3306.51,3310.9"
2025-05-21 19:00:00+07:00,"3310.91,3312.83,3291.14,3302.82"
2025-05-21 20:00:00+07:00,"3302.86,3309.65,3295.56,3303.52"
2025-05-21 21:00:00+07:00,"3303.51,3307.69,3295.15,3304.56"
2025-05-21 22:00:00+07:00,"3304.57,3315.19,3303.46,3312.09"
2025-05-21 23:00:00+07:00,"3312.1,3314.76,3302.7,3303.24"
2025-05-22 00:00:00+07:00,"3303.25,3316.46,3302.74,3316.42"
2025-05-22 01:00:00+07:00,"3316.41,3316.61,3311.91,3314.24"
2025-05-22 02:00:00+07:00,"3314.48,3324.89,3314.48,3318.4"
2025-05-22 03:00:00+07:00,"3318.41,3319.95,3313.17,3315.14"
2025-05-22 05:00:00+07:00,"3319.43,3320.98,3315.72,3317.98"
2025-05-22 06:00:00+07:00,"3317.99,3324.25,3317.76,3320.03"
2025-05-22 07:00:00+07:00,"3320.01,3326.14,3319.27,3323.96"
2025-05-22 08:00:00+07:00,"3323.95,3342.96,3320.5,3338.19"
2025-05-22 09:00:00+07:00,"3338.09,3344.86,3336.52,3341.13"
2025-05-22 10:00:00+07:00,"3341.14,3345.27,3335.03,3335.4"
2025-05-22 11:00:00+07:00,"3335.39,3339.07,3332.74,3338.55"
2025-05-22 12:00:00+07:00,"3338.54,3339.37,3326.36,3332.36"
2025-05-22 13:00:00+07:00,"3332.37,3335.62,3325.59,3326.45"
2025-05-22 14:00:00+07:00,"3326.46,3331.23,3322.57,3327.68"
2025-05-22 15:00:00+07:00,"3327.69,3329.99,3310.23,3311.32"
2025-05-22 16:00:00+07:00,"3311.31,3313.92,3304.22,3304.8"
2025-05-22 17:00:00+07:00,"3304.79,3307.55,3288.54,3289.68"
2025-05-22 18:00:00+07:00,"3289.67,3314.81,3283.06,3314.37"
2025-05-22 19:00:00+07:00,"3314.42,3314.58,3300.9,3304.12"
2025-05-22 20:00:00+07:00,"3304.17,3315.87,3286.98,3287.75"
2025-05-22 21:00:00+07:00,"3287.63,3304.51,3279.64,3297.13"
2025-05-22 22:00:00+07:00,"3297.13,3298.82,3281.58,3294.79"
2025-05-22 23:00:00+07:00,"3294.8,3304.87,3291.06,3301.56"
2025-05-23 00:00:00+07:00,"3301.55,3301.71,3290.29,3296.66"
2025-05-23 01:00:00+07:00,"3296.65,3298.81,3292.44,3293.85"
2025-05-23 02:00:00+07:00,"3293.86,3297.12,3289.15,3290.38"
2025-05-23 03:00:00+07:00,"3290.37,3295.6,3289.66,3294.77"
2025-05-23 05:00:00+07:00,"3295.84,3299.25,3295.15,3297.62"
2025-05-23 06:00:00+07:00,"3297.63,3302.11,3297.24,3300.12"
2025-05-23 07:00:00+07:00,"3300.15,3309.06,3287.31,3300.57"
2025-05-23 08:00:00+07:00,"3300.59,3306.6,3295.92,3305.05"
2025-05-23 09:00:00+07:00,"3305.04,3305.36,3291.08,3296.78"
2025-05-23 10:00:00+07:00,"3296.77,3303.36,3296.43,3302.07"
2025-05-23 11:00:00+07:00,"3302.06,3316.13,3302,3313.66"
2025-05-23 12:00:00+07:00,"3313.65,3325.72,3312.58,3323.82"
2025-05-23 13:00:00+07:00,"3323.77,3332,3323.04,3331"
2025-05-23 14:00:00+07:00,"3331.01,3334.45,3326.81,3329.3"
2025-05-23 15:00:00+07:00,"3329.29,3329.43,3322.7,3326.41"
2025-05-23 16:00:00+07:00,"3326.42,3334.02,3324.87,3328.73"
2025-05-23 17:00:00+07:00,"3328.78,3331.85,3323.38,3328.64"
2025-05-23 18:00:00+07:00,"3328.63,3349.73,3324.54,3348.1"
2025-05-23 19:00:00+07:00,"3348.2,3360.35,3344.9,3357.02"
2025-05-23 20:00:00+07:00,"3357.07,3364.65,3337.22,3340.18"
2025-05-23 21:00:00+07:00,"3340.16,3359.77,3336.64,3359.1"
2025-05-23 22:00:00+07:00,"3359.08,3362.52,3352.03,3361.35"
2025-05-23 23:00:00+07:00,"3361.4,3364.71,3357.12,3358.8"
2025-05-24 00:00:00+07:00,"3358.85,3366.15,3356.3,3362.56"
2025-05-24 01:00:00+07:00,"3362.55,3366.06,3360.99,3362.21"
2025-05-24 02:00:00+07:00,"3362.16,3365.98,3358.19,3360.87"
2025-05-24 03:00:00+07:00,"3360.82,3361.89,3356.04,3357.93"
2025-05-26 05:00:00+07:00,"3353.32,3356.34,3341.47,3344.45"
2025-05-26 06:00:00+07:00,"3344.47,3350.82,3341.2,3342.83"
2025-05-26 07:00:00+07:00,"3342.92,3346.25,3331.31,3341.89"
2025-05-26 08:00:00+07:00,"3341.94,3347.86,3335.36,3345.22"
2025-05-26 09:00:00+07:00,"3345.17,3357.14,3343.19,3348.27"
2025-05-26 10:00:00+07:00,"3348.26,3350.09,3343.99,3347.8"
2025-05-26 11:00:00+07:00,"3347.79,3351.26,3346.32,3350.03"
2025-05-26 12:00:00+07:00,"3350.1,3352.05,3344.13,3347.61"
2025-05-26 13:00:00+07:00,"3347.56,3347.65,3336.99,3337.49"
2025-05-26 14:00:00+07:00,"3337.47,3338.94,3332.06,3337.57"
2025-05-26 15:00:00+07:00,"3337.52,3339.77,3330.93,3334.81"
2025-05-26 16:00:00+07:00,"3334.86,3336.34,3323.3,3328.92"
2025-05-26 17:00:00+07:00,"3328.81,3333.8,3328.51,3331.39"
2025-05-26 18:00:00+07:00,"3331.4,3334.66,3329.13,3333.02"
2025-05-26 19:00:00+07:00,"3332.96,3335.2,3326.12,3334.47"
2025-05-26 20:00:00+07:00,"3334.53,3339.17,3331.08,3338.57"
2025-05-26 21:00:00+07:00,"3338.62,3341.77,3335.45,3337.14"
2025-05-26 22:00:00+07:00,"3337.15,3339.88,3336.73,3338.12"
2025-05-26 23:00:00+07:00,"3338.13,3343.81,3337.71,3342.29"
2025-05-27 00:00:00+07:00,"3342.3,3343.27,3340.36,3341.05"
2025-05-27 01:00:00+07:00,"3341.06,3343,3340.86,3342.21"
2025-05-27 05:00:00+07:00,"3343.81,3348.99,3342.73,3347.57"
2025-05-27 06:00:00+07:00,"3347.58,3348.46,3344.33,3346.01"
2025-05-27 07:00:00+07:00,"3346,3350.15,3342.36,3345.25"
2025-05-27 08:00:00+07:00,"3345.27,3347.36,3331.65,3335.81"
2025-05-27 09:00:00+07:00,"3335.91,3344.4,3334.89,3342.76"
2025-05-27 10:00:00+07:00,"3342.88,3347.48,3340.88,3341.41"
2025-05-27 11:00:00+07:00,"3341.42,3341.62,3330.54,3330.73"
2025-05-27 12:00:00+07:00,"3330.75,3332.91,3315.95,3323.65"
2025-05-27 13:00:00+07:00,"3323.55,3328.61,3305.3,3308.8"
2025-05-27 14:00:00+07:00,"3308.75,3312.7,3292.4,3296.19"
2025-05-27 15:00:00+07:00,"3296.14,3310.41,3295.89,3298.75"
2025-05-27 16:00:00+07:00,"3298.73,3309.94,3294.4,3296.09"
2025-05-27 17:00:00+07:00,"3296.07,3299.81,3290.46,3293.45"
2025-05-27 18:00:00+07:00,"3293.4,3298.19,3287.58,3288.57"
2025-05-27 19:00:00+07:00,"3288.62,3298.06,3287.85,3293.91"
2025-05-27 20:00:00+07:00,"3293.96,3304.81,3292.17,3295.48"
2025-05-27 21:00:00+07:00,"3295.28,3303.47,3284.66,3300.03"
2025-05-27 22:00:00+07:00,"3300.02,3303.08,3289.42,3293.7"
2025-05-27 23:00:00+07:00,"3293.73,3298.94,3292.89,3297.88"
2025-05-28 00:00:00+07:00,"3297.91,3304.5,3296.74,3301.14"
2025-05-28 01:00:00+07:00,"3301.16,3304.11,3299.22,3302.96"
2025-05-28 02:00:00+07:00,"3302.97,3308.13,3302.87,3304.64"
2025-05-28 03:00:00+07:00,"3304.74,3305.26,3299.77,3300.81"
2025-05-28 05:00:00+07:00,"3301.71,3305.68,3301.53,3303.38"
2025-05-28 06:00:00+07:00,"3303.48,3311,3297.32,3309.56"
2025-05-28 07:00:00+07:00,"3309.61,3315.92,3308.1,3308.78"
2025-05-28 08:00:00+07:00,"3308.73,3310.99,3298.25,3301.94"
2025-05-28 09:00:00+07:00,"3301.89,3314.53,3300.15,3302.69"
2025-05-28 10:00:00+07:00,"3302.63,3304.27,3291.61,3297.63"
2025-05-28 11:00:00+07:00,"3297.64,3299.48,3294.23,3296.59"
2025-05-28 12:00:00+07:00,"3296.58,3310.19,3295.9,3307.41"
2025-05-28 13:00:00+07:00,"3307.42,3308.89,3298.24,3308.33"
2025-05-28 14:00:00+07:00,"3308.44,3322.59,3307.23,3319.31"
2025-05-28 15:00:00+07:00,"3319.32,3323.95,3315.1,3321.62"
2025-05-28 16:00:00+07:00,"3321.64,3325.7,3320.05,3324"
2025-05-28 17:00:00+07:00,"3324.03,3324.75,3311.87,3313.42"
2025-05-28 18:00:00+07:00,"3313.41,3315.11,3307.29,3311.29"
2025-05-28 19:00:00+07:00,"3311.19,3314.73,3305.3,3312.37"
2025-05-28 20:00:00+07:00,"3312.42,3316.6,3297.16,3304.94"
2025-05-28 21:00:00+07:00,"3304.89,3309.18,3300.24,3302.48"
2025-05-28 22:00:00+07:00,"3302.82,3302.92,3292.51,3295.88"
2025-05-28 23:00:00+07:00,"3295.89,3299.37,3288.48,3293.5"
2025-05-29 00:00:00+07:00,"3293.55,3299.1,3291.14,3296.67"
2025-05-29 01:00:00+07:00,"3296.82,3303.14,3296.56,3302.22"
2025-05-29 02:00:00+07:00,"3302.25,3303.13,3293.66,3297.15"
2025-05-29 03:00:00+07:00,"3297.17,3297.52,3276.41,3288.63"
2025-05-29 05:00:00+07:00,"3286.49,3294.9,3281.33,3286.53"
2025-05-29 06:00:00+07:00,"3286.57,3287.91,3249.68,3259.84"
2025-05-29 07:00:00+07:00,"3259.81,3269.18,3253.73,3265.31"
2025-05-29 08:00:00+07:00,"3265.21,3266.1,3245.32,3263.44"
2025-05-29 09:00:00+07:00,"3263.47,3275.51,3260.93,3270.28"
2025-05-29 10:00:00+07:00,"3270.26,3280.21,3267.97,3274.4"
2025-05-29 11:00:00+07:00,"3274.45,3275.58,3268.92,3268.92"
2025-05-29 12:00:00+07:00,"3269.02,3272.82,3265.91,3272.71"
2025-05-29 13:00:00+07:00,"3272.73,3276.64,3268.04,3271.55"
2025-05-29 14:00:00+07:00,"3271.6,3287.4,3271.55,3286.29"
2025-05-29 15:00:00+07:00,"3286.34,3289.54,3278.13,3281.55"
2025-05-29 16:00:00+07:00,"3281.54,3283.33,3276.1,3281.94"
2025-05-29 17:00:00+07:00,"3281.89,3300.96,3281.74,3296.57"
2025-05-29 18:00:00+07:00,"3296.52,3305.65,3295.41,3299.9"
2025-05-29 19:00:00+07:00,"3299.95,3317.66,3298.49,3316.38"
2025-05-29 20:00:00+07:00,"3316.33,3322.05,3310.17,3312.76"
2025-05-29 21:00:00+07:00,"3312.86,3319.49,3304.71,3310.45"
2025-05-29 22:00:00+07:00,"3310.5,3322.13,3309.63,3321.59"
2025-05-29 23:00:00+07:00,"3321.5,3331.32,3319.64,3322.3"
2025-05-30 00:00:00+07:00,"3322.46,3324.6,3317.97,3324.08"
2025-05-30 01:00:00+07:00,"3324.09,3325.95,3317.41,3321.48"
2025-05-30 02:00:00+07:00,"3321.45,3321.69,3315.38,3316.8"
2025-05-30 03:00:00+07:00,"3316.81,3318.49,3315.17,3317.51"
2025-05-30 05:00:00+07:00,"3319.96,3321.15,3313.53,3314.22"
2025-05-30 06:00:00+07:00,"3314.26,3317.44,3312.75,3315.39"
2025-05-30 07:00:00+07:00,"3315.4,3319.06,3309.51,3312.7"
2025-05-30 08:00:00+07:00,"3312.69,3322.95,3308.07,3310.13"
2025-05-30 09:00:00+07:00,"3310.08,3312.34,3294.91,3297.42"
2025-05-30 10:00:00+07:00,"3297.27,3302.45,3291.09,3294.67"
2025-05-30 11:00:00+07:00,"3294.52,3296.73,3291.33,3296.5"
2025-05-30 12:00:00+07:00,"3296.46,3305.1,3290.09,3304"
2025-05-30 13:00:00+07:00,"3303.9,3304.6,3290.35,3301.59"
2025-05-30 14:00:00+07:00,"3301.54,3301.59,3287.15,3295.18"
2025-05-30 15:00:00+07:00,"3294.83,3299.26,3291.47,3295.61"
2025-05-30 16:00:00+07:00,"3295.6,3299.39,3292.48,3295.75"
2025-05-30 17:00:00+07:00,"3295.8,3300.68,3292.45,3295.06"
2025-05-30 18:00:00+07:00,"3295.08,3297.44,3288.15,3293.84"
2025-05-30 19:00:00+07:00,"3293.85,3307.08,3282.61,3303.82"
2025-05-30 20:00:00+07:00,"3303.77,3308.39,3275.09,3276.56"
2025-05-30 21:00:00+07:00,"3276.49,3287.31,3271.3,3282.87"
2025-05-30 22:00:00+07:00,"3282.88,3292.73,3275.81,3288.79"
2025-05-30 23:00:00+07:00,"3288.77,3295.9,3283.85,3293.49"
2025-05-31 00:00:00+07:00,"3293.54,3295,3289.59,3291.15"
2025-05-31 01:00:00+07:00,"3291.31,3295.14,3291.31,3293.7"
2025-05-31 02:00:00+07:00,"3293.68,3295.18,3291.47,3295.04"
2025-05-31 03:00:00+07:00,"3295.08,3295.99,3288.54,3289.6"
2025-06-02 05:00:00+07:00,"3298.77,3315.13,3298.29,3313.28"
2025-06-02 06:00:00+07:00,"3313.23,3316.5,3309.38,3310.04"
2025-06-02 07:00:00+07:00,"3310.03,3314.94,3303.17,3311.2"
2025-06-02 08:00:00+07:00,"3311.25,3313.89,3301.25,3303.77"
2025-06-02 09:00:00+07:00,"3303.72,3311.69,3303.27,3307.18"
2025-06-02 10:00:00+07:00,"3307.13,3309.07,3303.12,3308.5"
2025-06-02 11:00:00+07:00,"3308.51,3318.42,3308.51,3313.76"
2025-06-02 12:00:00+07:00,"3313.71,3325.94,3313.66,3323.59"
2025-06-02 13:00:00+07:00,"3323.57,3345.65,3323.57,3344.27"
2025-06-02 14:00:00+07:00,"3344.23,3359.34,3343.02,3352.72"
2025-06-02 15:00:00+07:00,"3352.72,3356.53,3349.93,3352.24"
2025-06-02 16:00:00+07:00,"3352.34,3352.65,3344.54,3348.17"
2025-06-02 17:00:00+07:00,"3348.18,3351.64,3344.54,3348.78"
2025-06-02 18:00:00+07:00,"3348.8,3360.64,3345.94,3356.1"
2025-06-02 19:00:00+07:00,"3356.05,3363.73,3353.83,3355.64"
2025-06-02 20:00:00+07:00,"3355.69,3376.35,3350.01,3370.96"
2025-06-02 21:00:00+07:00,"3370.85,3378.95,3367.43,3376.22"
2025-06-02 22:00:00+07:00,"3376.16,3378.76,3369.86,3374.46"
2025-06-02 23:00:00+07:00,"3374.51,3379.52,3369.15,3371.56"
2025-06-03 00:00:00+07:00,"3371.51,3376.15,3371.26,3374.27"
2025-06-03 01:00:00+07:00,"3374.26,3380.21,3370.77,3379.2"
2025-06-03 02:00:00+07:00,"3379.15,3382.59,3377.68,3381.37"
2025-06-03 03:00:00+07:00,"3381.42,3382.98,3378.21,3381.84"
2025-06-03 05:00:00+07:00,"3383.82,3391.61,3382.81,3389.79"
2025-06-03 06:00:00+07:00,"3389.85,3392.34,3382.9,3387.24"
2025-06-03 07:00:00+07:00,"3387.22,3388.94,3373.71,3376.02"
2025-06-03 08:00:00+07:00,"3376.01,3376.29,3363.34,3372.8"
2025-06-03 09:00:00+07:00,"3372.7,3378.16,3364.24,3369"
2025-06-03 10:00:00+07:00,"3368.98,3369.78,3359.64,3361.28"
2025-06-03 11:00:00+07:00,"3361.3,3365.36,3359.16,3362.85"
2025-06-03 12:00:00+07:00,"3362.86,3367.85,3356.22,3365.1"
2025-06-03 13:00:00+07:00,"3365.15,3367.5,3350.97,3358.71"
2025-06-03 14:00:00+07:00,"3358.66,3361.49,3352.57,3359.47"
2025-06-03 15:00:00+07:00,"3359.52,3365.05,3359.52,3361.38"
2025-06-03 16:00:00+07:00,"3361.33,3362.72,3354.86,3357.03"
2025-06-03 17:00:00+07:00,"3357.02,3358.79,3354.83,3355.66"
2025-06-03 18:00:00+07:00,"3355.7,3360.57,3353.28,3359.53"
2025-06-03 19:00:00+07:00,"3359.47,3363.13,3348.76,3359.21"
2025-06-03 20:00:00+07:00,"3359.26,3363.21,3340.78,3346"
2025-06-03 21:00:00+07:00,"3345.9,3350.21,3333.24,3346.26"
2025-06-03 22:00:00+07:00,"3346.26,3351.75,3343.9,3350.44"
2025-06-03 23:00:00+07:00,"3350.43,3353.51,3344.5,3348.62"
2025-06-04 00:00:00+07:00,"3348.57,3354.44,3347.14,3353"
2025-06-04 01:00:00+07:00,"3353,3353.96,3350.29,3353.42"
2025-06-04 02:00:00+07:00,"3353.53,3355.65,3351.3,3352.82"
2025-06-04 03:00:00+07:00,"3352.77,3355.17,3352.41,3353.3"
2025-06-04 05:00:00+07:00,"3355.48,3358.64,3354.77,3357.35"
2025-06-04 06:00:00+07:00,"3357.37,3361.74,3355.13,3360.09"
2025-06-04 07:00:00+07:00,"3360.12,3360.31,3349.83,3350.32"
2025-06-04 08:00:00+07:00,"3350.37,3372.4,3346.36,3370.91"
2025-06-04 09:00:00+07:00,"3370.86,3372.71,3362.83,3365.52"
2025-06-04 10:00:00+07:00,"3365.57,3367.51,3358.26,3359.15"
2025-06-04 11:00:00+07:00,"3359.2,3361.43,3352.47,3354.8"
2025-06-04 12:00:00+07:00,"3354.8,3356.59,3348,3351.13"
2025-06-04 13:00:00+07:00,"3351.08,3358.47,3349.05,3355.72"
2025-06-04 14:00:00+07:00,"3355.77,3365.24,3353.7,3354.59"
2025-06-04 15:00:00+07:00,"3354.54,3364.24,3351.77,3362.82"
2025-06-04 16:00:00+07:00,"3362.83,3364.9,3359.37,3362.96"
2025-06-04 17:00:00+07:00,"3362.97,3364.06,3347.22,3350.87"
2025-06-04 18:00:00+07:00,"3350.89,3352.2,3343.48,3346.64"
2025-06-04 19:00:00+07:00,"3346.64,3360.88,3344.44,3358.91"
2025-06-04 20:00:00+07:00,"3358.91,3362.93,3350.86,3352.5"
2025-06-04 21:00:00+07:00,"3352.6,3384.73,3351.1,3377.4"
2025-06-04 22:00:00+07:00,"3377.35,3378.98,3369.67,3371.74"
2025-06-04 23:00:00+07:00,"3371.79,3376.28,3370.82,3375.04"
2025-06-05 00:00:00+07:00,"3374.94,3380.76,3373.01,3379.18"
2025-06-05 01:00:00+07:00,"3379.18,3382.21,3375.04,3376.18"
2025-06-05 02:00:00+07:00,"3376.23,3376.31,3371.97,3373.57"
2025-06-05 03:00:00+07:00,"3373.52,3375.03,3370.64,3372.38"
2025-06-05 05:00:00+07:00,"3373.17,3376.13,3372.35,3373.72"
2025-06-05 06:00:00+07:00,"3373.82,3379.17,3372.31,3377.96"
2025-06-05 07:00:00+07:00,"3377.98,3381.89,3372.24,3380.05"
2025-06-05 08:00:00+07:00,"3380.04,3384.21,3370.5,3373.61"
2025-06-05 09:00:00+07:00,"3373.56,3375.03,3368.02,3370.67"
2025-06-05 10:00:00+07:00,"3370.72,3377.52,3369.18,3369.9"
2025-06-05 11:00:00+07:00,"3369.91,3372.66,3363.7,3368.28"
2025-06-05 12:00:00+07:00,"3368.27,3370.07,3361.02,3364.14"
2025-06-05 13:00:00+07:00,"3364.09,3370.01,3363.63,3366.23"
2025-06-05 14:00:00+07:00,"3366.22,3374.27,3365.35,3371.43"
2025-06-05 15:00:00+07:00,"3371.43,3377.06,3369.6,3375.05"
2025-06-05 16:00:00+07:00,"3375.08,3391.39,3373.93,3389.66"
2025-06-05 17:00:00+07:00,"3389.61,3400.66,3388,3399.79"
2025-06-05 18:00:00+07:00,"3399.8,3403.73,3391.47,3392.42"
2025-06-05 19:00:00+07:00,"3392.47,3400.48,3377.43,3382.97"
2025-06-05 20:00:00+07:00,"3383.02,3388.56,3371.09,3378.37"
2025-06-05 21:00:00+07:00,"3378.32,3383.26,3363.7,3367.84"
2025-06-05 22:00:00+07:00,"3367.89,3373.05,3339.27,3344.94"
2025-06-05 23:00:00+07:00,"3344.89,3356.44,3339.59,3354.21"
2025-06-06 00:00:00+07:00,"3354.26,3354.92,3348.77,3354.14"
2025-06-06 01:00:00+07:00,"3354.15,3356.05,3350.73,3353.72"
2025-06-06 02:00:00+07:00,"3353.61,3361.53,3352.82,3356.93"
2025-06-06 03:00:00+07:00,"3356.78,3357.93,3351.88,3352.57"
2025-06-06 05:00:00+07:00,"3354.66,3363.61,3353.2,3358.94"
2025-06-06 06:00:00+07:00,"3358.89,3362.83,3357.47,3361.72"
2025-06-06 07:00:00+07:00,"3361.7,3364.4,3357.31,3359.59"
2025-06-06 08:00:00+07:00,"3359.64,3368.73,3355.82,3363.69"
2025-06-06 09:00:00+07:00,"3363.68,3366.26,3362.12,3364.1"
2025-06-06 10:00:00+07:00,"3364.15,3372.19,3359.23,3369.54"
2025-06-06 11:00:00+07:00,"3369.56,3374.86,3368.94,3373.52"
2025-06-06 12:00:00+07:00,"3373.47,3375.84,3362.04,3365.91"
2025-06-06 13:00:00+07:00,"3365.91,3367.08,3356.02,3360.59"
2025-06-06 14:00:00+07:00,"3360.61,3362.52,3352.7,3359.29"
2025-06-06 15:00:00+07:00,"3359.32,3367.91,3358.26,3365.56"
2025-06-06 16:00:00+07:00,"3365.57,3365.59,3352.81,3356.86"
2025-06-06 17:00:00+07:00,"3356.91,3361.05,3355.74,3360.46"
2025-06-06 18:00:00+07:00,"3360.51,3364.52,3357.89,3358.54"
2025-06-06 19:00:00+07:00,"3358.55,3364.36,3343.39,3353.12"
2025-06-06 20:00:00+07:00,"3353.13,3361.2,3342.34,3343.47"
2025-06-06 21:00:00+07:00,"3343.52,3345.34,3316.06,3326.04"
2025-06-06 22:00:00+07:00,"3326.09,3336.92,3323.05,3332.38"
2025-06-06 23:00:00+07:00,"3332.37,3332.9,3320.67,3322.94"
2025-06-07 00:00:00+07:00,"3322.92,3327.01,3321.25,3323.75"
2025-06-07 01:00:00+07:00,"3323.76,3324.15,3313.51,3317.33"
2025-06-07 02:00:00+07:00,"3317.34,3319.08,3311.1,3312.55"
2025-06-07 03:00:00+07:00,"3312.54,3313.04,3307.09,3309.69"
2025-06-09 05:00:00+07:00,"3315.65,3321.35,3309.01,3315"
2025-06-09 06:00:00+07:00,"3314.99,3318.48,3313.34,3317.88"
2025-06-09 07:00:00+07:00,"3317.87,3318.81,3297.88,3305.28"
2025-06-09 08:00:00+07:00,"3305.43,3309.55,3295,3296.37"
2025-06-09 09:00:00+07:00,"3296.47,3307.65,3293.38,3305.34"
2025-06-09 10:00:00+07:00,"3305.29,3312.04,3304.17,3310.65"
2025-06-09 11:00:00+07:00,"3310.66,3313.62,3309.03,3311.58"
2025-06-09 12:00:00+07:00,"3311.59,3316.52,3309.3,3314.82"
2025-06-09 13:00:00+07:00,"3314.85,3325.08,3312.32,3324.25"
2025-06-09 14:00:00+07:00,"3324.2,3328.94,3321.28,3324.34"
2025-06-09 15:00:00+07:00,"3324.35,3325.68,3319.62,3319.64"
2025-06-09 16:00:00+07:00,"3319.69,3323.56,3316.69,3318.84"
2025-06-09 17:00:00+07:00,"3318.83,3319.89,3312.02,3314.85"
2025-06-09 18:00:00+07:00,"3314.81,3321.44,3313.55,3317.61"
2025-06-09 19:00:00+07:00,"3317.7,3322.64,3312.82,3319.89"
2025-06-09 20:00:00+07:00,"3319.9,3321.89,3310.51,3319.14"
2025-06-09 21:00:00+07:00,"3319.09,3326.97,3315.86,3320.66"
2025-06-09 22:00:00+07:00,"3320.67,3332.05,3320.18,3328.83"
2025-06-09 23:00:00+07:00,"3328.82,3338.05,3327.18,3337.89"
2025-06-10 00:00:00+07:00,"3337.93,3338.37,3332.82,3333.45"
2025-06-10 01:00:00+07:00,"3333.43,3337.2,3332.57,3333.35"
2025-06-10 02:00:00+07:00,"3333.34,3335.38,3325.76,3327.04"
2025-06-10 03:00:00+07:00,"3327.07,3329.62,3324.83,3325.74"
2025-06-10 05:00:00+07:00,"3326.88,3327.3,3321.47,3323.77"
2025-06-10 06:00:00+07:00,"3323.8,3328.06,3323.74,3326.92"
2025-06-10 07:00:00+07:00,"3326.93,3326.94,3314.41,3316.77"
2025-06-10 08:00:00+07:00,"3316.8,3320.15,3302.92,3306.42"
2025-06-10 09:00:00+07:00,"3306.43,3310.47,3301.77,3309.18"
2025-06-10 10:00:00+07:00,"3309.16,3310.52,3304.97,3307.43"
2025-06-10 11:00:00+07:00,"3307.48,3308.86,3302.8,3307.12"
2025-06-10 12:00:00+07:00,"3307.12,3319.38,3306.64,3317.5"
2025-06-10 13:00:00+07:00,"3317.55,3331.65,3315.47,3325.63"
2025-06-10 14:00:00+07:00,"3325.62,3332.24,3323.89,3330.27"
2025-06-10 15:00:00+07:00,"3330.36,3335.1,3326.06,3329.18"
2025-06-10 16:00:00+07:00,"3329.1,3331.99,3327.01,3329.91"
2025-06-10 17:00:00+07:00,"3329.92,3336.53,3328.31,3335.5"
2025-06-10 18:00:00+07:00,"3335.49,3342.74,3332.09,3333.78"
2025-06-10 19:00:00+07:00,"3333.83,3340.39,3328.04,3337.01"
2025-06-10 20:00:00+07:00,"3337.06,3349.35,3335.27,3343.8"
2025-06-10 21:00:00+07:00,"3343.78,3343.87,3325.28,3328.7"
2025-06-10 22:00:00+07:00,"3328.69,3329.52,3323.34,3326.82"
2025-06-10 23:00:00+07:00,"3326.92,3327.86,3319.79,3321.48"
2025-06-11 00:00:00+07:00,"3321.43,3325.93,3320.28,3324.95"
2025-06-11 01:00:00+07:00,"3324.96,3325.47,3319.26,3321.78"
2025-06-11 02:00:00+07:00,"3321.73,3334.73,3321.52,3328.9"
2025-06-11 03:00:00+07:00,"3328.95,3329.1,3322.29,3322.65"
2025-06-11 05:00:00+07:00,"3321.31,3327.37,3320.76,3324.62"
2025-06-11 06:00:00+07:00,"3324.67,3328.27,3315.42,3327.79"
2025-06-11 07:00:00+07:00,"3327.76,3335.42,3324.94,3332.59"
2025-06-11 08:00:00+07:00,"3332.58,3337.53,3327.55,3328.66"
2025-06-11 09:00:00+07:00,"3328.71,3339.87,3327.13,3338.09"
2025-06-11 10:00:00+07:00,"3338.09,3341.74,3336.29,3339.25"
2025-06-11 11:00:00+07:00,"3339.24,3342.86,3336.71,3342.02"
2025-06-11 12:00:00+07:00,"3342.01,3343.25,3335.45,3339.83"
2025-06-11 13:00:00+07:00,"3339.88,3340.4,3332.34,3337.5"
2025-06-11 14:00:00+07:00,"3337.45,3348.7,3335,3345.55"
2025-06-11 15:00:00+07:00,"3345.56,3346.74,3342.38,3344.68"
2025-06-11 16:00:00+07:00,"3344.67,3344.85,3331.26,3333.74"
2025-06-11 17:00:00+07:00,"3333.73,3336.94,3328.17,3330.06"
2025-06-11 18:00:00+07:00,"3330.11,3335.37,3325.94,3332.96"
2025-06-11 19:00:00+07:00,"3333.16,3360.55,3327.16,3336.98"
2025-06-11 20:00:00+07:00,"3337.03,3344.58,3328.01,3330.13"
2025-06-11 21:00:00+07:00,"3330.08,3341.26,3328.41,3337.58"
2025-06-11 22:00:00+07:00,"3337.42,3343.04,3329.49,3332.98"
2025-06-11 23:00:00+07:00,"3332.99,3334.7,3327.95,3330.07"
2025-06-12 00:00:00+07:00,"3330.08,3331.55,3319.23,3324.48"
2025-06-12 01:00:00+07:00,"3324.47,3347.44,3323.72,3343.72"
2025-06-12 02:00:00+07:00,"3343.9,3349.4,3342.25,3346.55"
2025-06-12 03:00:00+07:00,"3346.6,3355.75,3346.48,3354.82"
2025-06-12 05:00:00+07:00,"3358.36,3369.96,3356.05,3368.87"
2025-06-12 06:00:00+07:00,"3368.86,3373.52,3357.4,3365.33"
2025-06-12 07:00:00+07:00,"3365.32,3371.22,3362.07,3365.61"
2025-06-12 08:00:00+07:00,"3365.65,3376.74,3362.08,3370.9"
2025-06-12 09:00:00+07:00,"3370.85,3377.98,3369.16,3374.53"
2025-06-12 10:00:00+07:00,"3374.48,3376.66,3371.47,3373.61"
2025-06-12 11:00:00+07:00,"3373.66,3373.96,3369.4,3370.72"
2025-06-12 12:00:00+07:00,"3370.67,3376.06,3367.69,3374.4"
2025-06-12 13:00:00+07:00,"3374.5,3375.71,3365.13,3374.83"
2025-06-12 14:00:00+07:00,"3374.78,3375.31,3338.55,3346.43"
2025-06-12 15:00:00+07:00,"3346.48,3361.34,3346.48,3357.02"
2025-06-12 16:00:00+07:00,"3357.01,3368.17,3355.33,3365.24"
2025-06-12 17:00:00+07:00,"3365.25,3386,3362.58,3382.45"
2025-06-12 18:00:00+07:00,"3382.4,3388.72,3373.35,3379.48"
2025-06-12 19:00:00+07:00,"3379.43,3390.68,3376.28,3388.12"
2025-06-12 20:00:00+07:00,"3388.12,3399.18,3379.27,3392.15"
2025-06-12 21:00:00+07:00,"3392.2,3392.96,3382.79,3384.03"
2025-06-12 22:00:00+07:00,"3384.08,3390.43,3377.66,3385.97"
2025-06-12 23:00:00+07:00,"3386.02,3391.7,3380.8,3383.56"
2025-06-13 00:00:00+07:00,"3383.61,3385.17,3378.03,3382.82"
2025-06-13 01:00:00+07:00,"3382.84,3386.54,3381.81,3386.12"
2025-06-13 02:00:00+07:00,"3385.97,3389.35,3384.93,3388.36"
2025-06-13 03:00:00+07:00,"3388.41,3389.1,3384.77,3387.05"
2025-06-13 05:00:00+07:00,"3386.41,3386.6,3379.58,3383.63"
2025-06-13 06:00:00+07:00,"3383.64,3396.23,3382.64,3395.67"
2025-06-13 07:00:00+07:00,"3395.57,3420.19,3391.54,3415.1"
2025-06-13 08:00:00+07:00,"3415.05,3433.43,3413.7,3427.83"
2025-06-13 09:00:00+07:00,"3427.82,3444.24,3424.66,3441.48"
2025-06-13 10:00:00+07:00,"3441.43,3444.62,3423.8,3425.4"
2025-06-13 11:00:00+07:00,"3425.4,3430.48,3422.52,3425.42"
2025-06-13 12:00:00+07:00,"3425.46,3428.71,3417.73,3426.01"
2025-06-13 13:00:00+07:00,"3425.96,3428.85,3408.31,3416.16"
2025-06-13 14:00:00+07:00,"3416.21,3418.99,3407.71,3414.75"
2025-06-13 15:00:00+07:00,"3414.7,3426.2,3414.23,3424.15"
2025-06-13 16:00:00+07:00,"3424.3,3427.55,3419.91,3424.36"
2025-06-13 17:00:00+07:00,"3424.19,3427.69,3411.45,3415.72"
2025-06-13 18:00:00+07:00,"3415.89,3423.01,3412.36,3422.21"
2025-06-13 19:00:00+07:00,"3422.26,3438.19,3421.61,3436.58"
2025-06-13 20:00:00+07:00,"3436.59,3446.97,3433.77,3437.23"
2025-06-13 21:00:00+07:00,"3437.18,3440.08,3423.62,3427.73"
2025-06-13 22:00:00+07:00,"3427.68,3430.51,3420.56,3426.07"
2025-06-13 23:00:00+07:00,"3426.09,3431.31,3419,3429.97"
2025-06-14 00:00:00+07:00,"3430.02,3433.69,3427.26,3430.54"
2025-06-14 01:00:00+07:00,"3430.55,3439.67,3428.59,3436.73"
2025-06-14 02:00:00+07:00,"3436.75,3438.37,3431.62,3432.21"
2025-06-14 03:00:00+07:00,"3432.26,3434.87,3428.87,3432.9"
2025-06-16 05:00:00+07:00,"3442.61,3451.29,3437.11,3448.58"
2025-06-16 06:00:00+07:00,"3448.63,3450.07,3439.5,3444.28"
2025-06-16 07:00:00+07:00,"3444.35,3451.53,3434.18,3436.22"
2025-06-16 08:00:00+07:00,"3436.27,3443.13,3432.94,3441.3"
2025-06-16 09:00:00+07:00,"3441.32,3446.34,3437.99,3438.61"
2025-06-16 10:00:00+07:00,"3438.59,3439.78,3429.09,3431.72"
2025-06-16 11:00:00+07:00,"3431.37,3433.55,3426.75,3427.6"
2025-06-16 12:00:00+07:00,"3427.71,3430.58,3417.52,3421.51"
2025-06-16 13:00:00+07:00,"3421.69,3421.7,3412.7,3418.46"
2025-06-16 14:00:00+07:00,"3418.41,3420.16,3409.65,3412.78"
2025-06-16 15:00:00+07:00,"3412.67,3418.63,3409.6,3414.13"
2025-06-16 16:00:00+07:00,"3414.14,3419.63,3411.77,3412.04"
2025-06-16 17:00:00+07:00,"3412.05,3421.21,3410.59,3420.91"
2025-06-16 18:00:00+07:00,"3420.96,3422.75,3410.73,3414.99"
2025-06-16 19:00:00+07:00,"3415.04,3417.86,3410.88,3415.41"
2025-06-16 20:00:00+07:00,"3415.36,3418.25,3382.48,3388.6"
2025-06-16 21:00:00+07:00,"3388.55,3399.78,3387.36,3397.01"
2025-06-16 22:00:00+07:00,"3397.06,3405.94,3396.89,3404.71"
2025-06-16 23:00:00+07:00,"3404.76,3405.19,3397.31,3399.62"
2025-06-17 00:00:00+07:00,"3399.61,3400.42,3391.04,3392.82"
2025-06-17 01:00:00+07:00,"3392.83,3394.26,3383.78,3385.5"
2025-06-17 02:00:00+07:00,"3385.52,3388.63,3382.52,3384.17"
2025-06-17 03:00:00+07:00,"3384.07,3386.18,3383.33,3385.19"
2025-06-17 05:00:00+07:00,"3387.33,3398.6,3386.24,3395.39"
2025-06-17 06:00:00+07:00,"3395.73,3403.07,3392.94,3402.64"
2025-06-17 07:00:00+07:00,"3402.64,3403.12,3391.51,3394.11"
2025-06-17 08:00:00+07:00,"3394.16,3402.65,3393.13,3393.91"
2025-06-17 09:00:00+07:00,"3393.86,3400.58,3388.56,3390.2"
2025-06-17 10:00:00+07:00,"3390.16,3392.77,3372.7,3387.83"
2025-06-17 11:00:00+07:00,"3387.78,3396.27,3387.01,3393.86"
2025-06-17 12:00:00+07:00,"3393.87,3395.37,3390.73,3392.56"
2025-06-17 13:00:00+07:00,"3392.51,3392.69,3381,3385.65"
2025-06-17 14:00:00+07:00,"3385.7,3392.04,3383.05,3387.77"
2025-06-17 15:00:00+07:00,"3387.94,3388.8,3377.54,3379.06"
2025-06-17 16:00:00+07:00,"3379.01,3386.07,3375.53,3385.6"
2025-06-17 17:00:00+07:00,"3385.65,3398.9,3385.19,3397.96"
2025-06-17 18:00:00+07:00,"3398.01,3400.29,3388.15,3388.84"
2025-06-17 19:00:00+07:00,"3388.89,3391.41,3383.56,3386.58"
2025-06-17 20:00:00+07:00,"3386.57,3397.52,3385.85,3390.77"
2025-06-17 21:00:00+07:00,"3390.72,3391.98,3365.93,3384.87"
2025-06-17 22:00:00+07:00,"3384.87,3388.5,3372.24,3379.15"
2025-06-17 23:00:00+07:00,"3379.16,3385.56,3376.55,3382.71"
2025-06-18 00:00:00+07:00,"3382.88,3391.25,3381.19,3390.52"
2025-06-18 01:00:00+07:00,"3390.55,3392.4,3382.35,3383.02"
2025-06-18 02:00:00+07:00,"3383.12,3386.55,3382.27,3385.57"
2025-06-18 03:00:00+07:00,"3385.52,3390.45,3383.5,3388.73"
2025-06-18 05:00:00+07:00,"3393.08,3396.44,3388.51,3388.67"
2025-06-18 06:00:00+07:00,"3388.68,3390.46,3384.88,3387.5"
2025-06-18 07:00:00+07:00,"3387.46,3389.12,3382.89,3385.92"
2025-06-18 08:00:00+07:00,"3385.91,3388.84,3378.6,3378.78"
2025-06-18 09:00:00+07:00,"3378.73,3379.95,3370.53,3379.6"
2025-06-18 10:00:00+07:00,"3379.55,3391.68,3379.22,3390.94"
2025-06-18 11:00:00+07:00,"3390.89,3400.12,3389.22,3395.16"
2025-06-18 12:00:00+07:00,"3395.33,3395.83,3384.41,3386.33"
2025-06-18 13:00:00+07:00,"3386.38,3387.03,3379.25,3382.6"
2025-06-18 14:00:00+07:00,"3382.65,3386.25,3377.13,3386.08"
2025-06-18 15:00:00+07:00,"3386.03,3388.48,3382.42,3383.72"
2025-06-18 16:00:00+07:00,"3383.59,3385.71,3375.38,3378.34"
2025-06-18 17:00:00+07:00,"3378.34,3382.46,3375.78,3380.22"
2025-06-18 18:00:00+07:00,"3380.05,3387.02,3378.89,3382.25"
2025-06-18 19:00:00+07:00,"3382.22,3389.85,3381.49,3386.8"
2025-06-18 20:00:00+07:00,"3386.85,3396.63,3385.75,3392.09"
2025-06-18 21:00:00+07:00,"3392.04,3392.63,3373.73,3387.05"
2025-06-18 22:00:00+07:00,"3387.04,3393.01,3381.14,3392.57"
2025-06-18 23:00:00+07:00,"3392.56,3394.7,3389.83,3391.14"
2025-06-19 00:00:00+07:00,"3391.16,3391.3,3384.34,3385.56"
2025-06-19 01:00:00+07:00,"3385.53,3395.77,3378.28,3379.32"
2025-06-19 02:00:00+07:00,"3379.33,3379.41,3363.02,3366.93"
2025-06-19 03:00:00+07:00,"3366.82,3369.65,3362.46,3369.25"
2025-06-19 05:00:00+07:00,"3370.76,3379.61,3370.42,3375.39"
2025-06-19 06:00:00+07:00,"3375.3,3377.18,3370.65,3375.23"
2025-06-19 07:00:00+07:00,"3375.2,3383.42,3374.69,3379.33"
2025-06-19 08:00:00+07:00,"3379.3,3388.02,3374.64,3374.72"
2025-06-19 09:00:00+07:00,"3374.71,3379.63,3373.99,3376.93"
2025-06-19 10:00:00+07:00,"3376.95,3377.47,3369.76,3373.44"
2025-06-19 11:00:00+07:00,"3373.45,3375.2,3372.04,3374.72"
2025-06-19 12:00:00+07:00,"3374.71,3375.38,3360.17,3364.49"
2025-06-19 13:00:00+07:00,"3364.44,3364.97,3347.46,3357.21"
2025-06-19 14:00:00+07:00,"3357.18,3369.13,3350.75,3365.9"
2025-06-19 15:00:00+07:00,"3365.89,3371.68,3362.16,3368.53"
2025-06-19 16:00:00+07:00,"3368.51,3373.61,3363.58,3370.54"
2025-06-19 17:00:00+07:00,"3370.53,3379.18,3368.97,3375.17"
2025-06-19 18:00:00+07:00,"3375.13,3375.65,3370.39,3371.93"
2025-06-19 19:00:00+07:00,"3371.92,3372.73,3363.68,3368.15"
2025-06-19 20:00:00+07:00,"3368.16,3373.01,3361.37,3369.71"
2025-06-19 21:00:00+07:00,"3369.67,3371.12,3361.55,3364.82"
2025-06-19 22:00:00+07:00,"3364.81,3372.02,3362.27,3369.12"
2025-06-19 23:00:00+07:00,"3369.09,3371.48,3366.24,3370.94"
2025-06-20 00:00:00+07:00,"3370.92,3375.4,3365.98,3368.5"
2025-06-20 01:00:00+07:00,"3368.42,3371.61,3366.7,3370.81"
2025-06-20 05:00:00+07:00,"3369.53,3370.61,3361.96,3365.88"
2025-06-20 06:00:00+07:00,"3365.55,3370.58,3363.52,3368.59"
2025-06-20 07:00:00+07:00,"3368.57,3370.37,3364.69,3367.84"
2025-06-20 08:00:00+07:00,"3367.84,3368.45,3356.11,3356.31"
2025-06-20 09:00:00+07:00,"3356.3,3360.65,3351.64,3352.63"
2025-06-20 10:00:00+07:00,"3352.63,3356.22,3344.73,3355.37"
2025-06-20 11:00:00+07:00,"3355.34,3357.78,3352.44,3354.48"
2025-06-20 12:00:00+07:00,"3354.49,3355.21,3342.65,3344.89"
2025-06-20 13:00:00+07:00,"3344.79,3348.87,3340.29,3345.51"
2025-06-20 14:00:00+07:00,"3345.48,3355.12,3343.3,3347.49"
2025-06-20 15:00:00+07:00,"3347.49,3352.61,3346.61,3351.19"
2025-06-20 16:00:00+07:00,"3351.15,3359.37,3349.2,3355.09"
2025-06-20 17:00:00+07:00,"3355.14,3358.03,3354.9,3355.56"
2025-06-20 18:00:00+07:00,"3355.58,3356.18,3346.61,3347.27"
2025-06-20 19:00:00+07:00,"3347.35,3350.88,3342,3344.65"
2025-06-20 20:00:00+07:00,"3344.67,3373.98,3342.98,3370.64"
2025-06-20 21:00:00+07:00,"3370.61,3374.52,3365.17,3369.16"
2025-06-20 22:00:00+07:00,"3369.17,3371.86,3365.84,3369.66"
2025-06-20 23:00:00+07:00,"3369.65,3373.49,3367.75,3371.67"
2025-06-21 00:00:00+07:00,"3371.65,3371.84,3366.56,3367.53"
2025-06-21 01:00:00+07:00,"3367.54,3368.02,3364.63,3366.75"
2025-06-21 02:00:00+07:00,"3366.79,3370.78,3364.8,3365.72"
2025-06-21 03:00:00+07:00,"3365.7,3369.44,3364.59,3368.49"
2025-06-23 05:00:00+07:00,"3392.32,3394.24,3372.26,3379.29"
2025-06-23 06:00:00+07:00,"3379.28,3380.57,3371.19,3373.01"
2025-06-23 07:00:00+07:00,"3373,3373.75,3358.43,3365.47"
2025-06-23 08:00:00+07:00,"3365.46,3368.04,3351.96,3355.41"
2025-06-23 09:00:00+07:00,"3355.43,3364.96,3354.94,3361.68"
2025-06-23 10:00:00+07:00,"3361.64,3366.36,3360.23,3363.21"
2025-06-23 11:00:00+07:00,"3363.22,3365.13,3356.87,3358.68"
2025-06-23 12:00:00+07:00,"3358.72,3360.71,3347.09,3356.65"
2025-06-23 13:00:00+07:00,"3356.71,3359.73,3352.56,3357.51"
2025-06-23 14:00:00+07:00,"3357.39,3358.94,3351.74,3357.5"
2025-06-23 15:00:00+07:00,"3357.5,3362.46,3357.5,3361.83"
2025-06-23 16:00:00+07:00,"3361.81,3369.02,3361.48,3366.4"
2025-06-23 17:00:00+07:00,"3366.5,3368.17,3363.86,3367.62"
2025-06-23 18:00:00+07:00,"3367.63,3381.98,3367.63,3380.55"
2025-06-23 19:00:00+07:00,"3380.53,3381.15,3355.85,3360.25"
2025-06-23 20:00:00+07:00,"3360.24,3387.83,3359.76,3381.01"
2025-06-23 21:00:00+07:00,"3380.98,3386.73,3370.09,3386.24"
2025-06-23 22:00:00+07:00,"3386.25,3389.95,3384.45,3387.3"
2025-06-23 23:00:00+07:00,"3387.32,3393.61,3380.26,3389.68"
2025-06-24 00:00:00+07:00,"3389.67,3391.51,3375.83,3382.62"
2025-06-24 01:00:00+07:00,"3382.66,3387.96,3376.72,3378.65"
2025-06-24 02:00:00+07:00,"3378.63,3382.12,3375.6,3376.43"
2025-06-24 03:00:00+07:00,"3376.45,3377.43,3367.21,3369.33"
2025-06-24 05:00:00+07:00,"3368.77,3368.96,3350.78,3355.63"
2025-06-24 06:00:00+07:00,"3355.65,3357.39,3341.27,3344.18"
2025-06-24 07:00:00+07:00,"3344.26,3355.3,3333.47,3351.25"
2025-06-24 08:00:00+07:00,"3351.27,3354.49,3342.34,3347.91"
2025-06-24 09:00:00+07:00,"3347.82,3352.94,3345.85,3351.84"
2025-06-24 10:00:00+07:00,"3351.86,3357.8,3351.5,3352.56"
2025-06-24 11:00:00+07:00,"3352.22,3353.5,3347.05,3348.76"
2025-06-24 12:00:00+07:00,"3348.75,3348.95,3326.66,3331.9"
2025-06-24 13:00:00+07:00,"3331.92,3333.21,3316.22,3322.94"
2025-06-24 14:00:00+07:00,"3322.93,3331.77,3316.57,3329.46"
2025-06-24 15:00:00+07:00,"3329.51,3332.54,3324.46,3327.11"
2025-06-24 16:00:00+07:00,"3327.09,3328.88,3317.85,3318.32"
2025-06-24 17:00:00+07:00,"3318.32,3327.75,3318.31,3325.74"
2025-06-24 18:00:00+07:00,"3325.72,3329.05,3318.02,3321.35"
2025-06-24 19:00:00+07:00,"3321.37,3321.37,3304.56,3314.55"
2025-06-24 20:00:00+07:00,"3314.53,3317.93,3295.16,3301.95"
2025-06-24 21:00:00+07:00,"3301.83,3310.08,3298.57,3304.52"
2025-06-24 22:00:00+07:00,"3304.52,3317.17,3299.66,3313.1"
2025-06-24 23:00:00+07:00,"3313.13,3320.53,3311.21,3318.23"
2025-06-25 00:00:00+07:00,"3318.22,3321.29,3317.82,3317.83"
2025-06-25 01:00:00+07:00,"3317.82,3319.17,3315.6,3317.03"
2025-06-25 02:00:00+07:00,"3317.01,3325.26,3315.88,3323.77"
2025-06-25 03:00:00+07:00,"3323.8,3324.64,3321.47,3324.06"
2025-06-25 05:00:00+07:00,"3324.44,3324.78,3320.71,3321.33"
2025-06-25 06:00:00+07:00,"3321.4,3324.96,3321.33,3324.28"
2025-06-25 07:00:00+07:00,"3324.31,3330,3323.73,3326.79"
2025-06-25 08:00:00+07:00,"3326.81,3334.91,3326.39,3334.47"
2025-06-25 09:00:00+07:00,"3334.46,3335.21,3327.73,3329.31"
2025-06-25 10:00:00+07:00,"3329.32,3332.19,3327.13,3328.19"
2025-06-25 11:00:00+07:00,"3328.2,3329.43,3325.77,3327.66"
2025-06-25 12:00:00+07:00,"3327.64,3333.73,3326.57,3331.79"
2025-06-25 13:00:00+07:00,"3331.8,3333.58,3329.17,3331.94"
2025-06-25 14:00:00+07:00,"3331.97,3337.13,3326.61,3330.81"
2025-06-25 15:00:00+07:00,"3330.8,3332.54,3326.53,3327.07"
2025-06-25 16:00:00+07:00,"3327.04,3327.45,3321.4,3325.14"
2025-06-25 17:00:00+07:00,"3325.06,3329.51,3324.14,3324.36"
2025-06-25 18:00:00+07:00,"3324.34,3329.62,3322.06,3322.81"
2025-06-25 19:00:00+07:00,"3322.82,3329.24,3318.16,3320.45"
2025-06-25 20:00:00+07:00,"3320.49,3321.77,3311.89,3314.65"
2025-06-25 21:00:00+07:00,"3314.63,3326.25,3312.24,3323.65"
2025-06-25 22:00:00+07:00,"3323.62,3327.34,3321.53,3325.52"
2025-06-25 23:00:00+07:00,"3325.55,3335,3324.1,3334.65"
2025-06-26 00:00:00+07:00,"3334.68,3335.38,3324.68,3328.16"
2025-06-26 01:00:00+07:00,"3328.18,3331.94,3326.16,3331.46"
2025-06-26 02:00:00+07:00,"3331.45,3336.02,3330.25,3333.53"
2025-06-26 03:00:00+07:00,"3333.58,3335.76,3331.25,3332.33"
2025-06-26 05:00:00+07:00,"3334.36,3335.54,3331.21,3333.06"
2025-06-26 06:00:00+07:00,"3333.05,3340.22,3332.76,3338.86"
2025-06-26 07:00:00+07:00,"3338.85,3339.42,3332.12,3334.19"
2025-06-26 08:00:00+07:00,"3334.22,3336.93,3329.26,3330.01"
2025-06-26 09:00:00+07:00,"3330.01,3341.98,3329.15,3339.63"
2025-06-26 10:00:00+07:00,"3339.67,3343.31,3336.34,3338.16"
2025-06-26 11:00:00+07:00,"3338.18,3338.25,3333.28,3334.14"
2025-06-26 12:00:00+07:00,"3334.12,3338.34,3332.35,3334.36"
2025-06-26 13:00:00+07:00,"3334.29,3340.4,3330.88,3339.63"
2025-06-26 14:00:00+07:00,"3339.58,3347.32,3339.5,3345.9"
2025-06-26 15:00:00+07:00,"3345.89,3350.47,3344.29,3348.35"
2025-06-26 16:00:00+07:00,"3348.33,3348.89,3338.56,3340.75"
2025-06-26 17:00:00+07:00,"3340.76,3343.59,3337.84,3343.14"
2025-06-26 18:00:00+07:00,"3343.15,3344.21,3331.55,3333.04"
2025-06-26 19:00:00+07:00,"3333.05,3344.11,3321.56,3322.32"
2025-06-26 20:00:00+07:00,"3322.29,3328.6,3309.87,3320.18"
2025-06-26 21:00:00+07:00,"3320.16,3323.96,3311.89,3318.15"
2025-06-26 22:00:00+07:00,"3318.18,3325.06,3318.18,3324.96"
2025-06-26 23:00:00+07:00,"3325,3333.31,3323.65,3331.19"
2025-06-27 00:00:00+07:00,"3331.16,3336.54,3331.09,3332.6"
2025-06-27 01:00:00+07:00,"3332.59,3334.97,3331.16,3334.26"
2025-06-27 02:00:00+07:00,"3334.27,3334.49,3328.14,3331.49"
2025-06-27 03:00:00+07:00,"3331.5,3332.42,3327.69,3328.09"
2025-06-27 05:00:00+07:00,"3327.23,3327.56,3318.81,3321.66"
2025-06-27 06:00:00+07:00,"3321.67,3323.84,3316.12,3318.78"
2025-06-27 07:00:00+07:00,"3318.77,3319.97,3313.47,3318.67"
2025-06-27 08:00:00+07:00,"3318.62,3321.9,3314.78,3316.67"
2025-06-27 09:00:00+07:00,"3316.65,3320.26,3308.44,3309.03"
2025-06-27 10:00:00+07:00,"3309,3311.02,3292.53,3294.53"
2025-06-27 11:00:00+07:00,"3294.53,3297.62,3291.07,3293.84"
2025-06-27 12:00:00+07:00,"3293.89,3301.02,3289.16,3297.3"
2025-06-27 13:00:00+07:00,"3297.29,3299.71,3286.73,3294.85"
2025-06-27 14:00:00+07:00,"3294.86,3295.48,3283.6,3284.3"
2025-06-27 15:00:00+07:00,"3284.33,3291.05,3281.78,3289.2"
2025-06-27 16:00:00+07:00,"3289.18,3289.86,3282.36,3282.95"
2025-06-27 17:00:00+07:00,"3282.97,3290.94,3279.69,3285.49"
2025-06-27 18:00:00+07:00,"3285.52,3288.07,3276.14,3281.49"
2025-06-27 19:00:00+07:00,"3281.48,3282.42,3269.37,3269.98"
2025-06-27 20:00:00+07:00,"3269.99,3274.53,3255.92,3274.17"
2025-06-27 21:00:00+07:00,"3274.19,3278.2,3263.56,3272.55"
2025-06-27 22:00:00+07:00,"3272.69,3277.63,3270.87,3274.75"
2025-06-27 23:00:00+07:00,"3274.76,3278.74,3273.25,3277.47"
2025-06-28 00:00:00+07:00,"3277.48,3282.93,3272.69,3277.57"
2025-06-28 01:00:00+07:00,"3277.58,3278.46,3270.51,3275.97"
2025-06-28 02:00:00+07:00,"3275.98,3276.71,3268.29,3270.78"
2025-06-28 03:00:00+07:00,"3270.79,3275.45,3270.31,3273.96"
2025-06-30 05:00:00+07:00,"3280.84,3280.9,3248.2,3263.64"
2025-06-30 06:00:00+07:00,"3263.64,3271,3262.82,3263.65"
2025-06-30 07:00:00+07:00,"3263.65,3269.75,3262.63,3264.72"
2025-06-30 08:00:00+07:00,"3264.71,3276.06,3259.46,3273.67"
2025-06-30 09:00:00+07:00,"3273.7,3283.44,3273.43,3280.15"
2025-06-30 10:00:00+07:00,"3280.06,3282.89,3277.85,3278.82"
2025-06-30 11:00:00+07:00,"3278.85,3286.36,3276.88,3285.79"
2025-06-30 12:00:00+07:00,"3285.76,3291.52,3284.56,3289.12"
2025-06-30 13:00:00+07:00,"3289.14,3295.6,3287.78,3292.23"
2025-06-30 14:00:00+07:00,"3292.22,3296.92,3290.64,3292.7"
2025-06-30 15:00:00+07:00,"3292.67,3296.65,3288,3289.02"
2025-06-30 16:00:00+07:00,"3289,3289,3277.71,3287.7"
2025-06-30 17:00:00+07:00,"3287.71,3288.89,3282.38,3283.67"
2025-06-30 18:00:00+07:00,"3283.68,3283.83,3274.5,3278.09"
2025-06-30 19:00:00+07:00,"3278.11,3288.98,3278.07,3282.24"
2025-06-30 20:00:00+07:00,"3282.23,3287.06,3277.91,3284.65"
2025-06-30 21:00:00+07:00,"3284.64,3289.66,3279.43,3287.53"
2025-06-30 22:00:00+07:00,"3287.52,3290.67,3283.58,3289.4"
2025-06-30 23:00:00+07:00,"3289.46,3297.59,3289.04,3297.05"
2025-07-01 00:00:00+07:00,"3297.02,3298.46,3291.89,3293.84"
2025-07-01 01:00:00+07:00,"3293.86,3299.66,3292.52,3298.61"
2025-07-01 02:00:00+07:00,"3298.62,3309.36,3297.9,3308.48"
2025-07-01 03:00:00+07:00,"3308.51,3309.24,3302.21,3303.01"
2025-07-01 05:00:00+07:00,"3303.52,3314.5,3302.22,3311.29"
2025-07-01 06:00:00+07:00,"3311.3,3312.64,3308.5,3312.34"
2025-07-01 07:00:00+07:00,"3312.32,3314.9,3309.85,3314.9"
2025-07-01 08:00:00+07:00,"3314.85,3320.97,3314.04,3317.66"
2025-07-01 09:00:00+07:00,"3317.61,3319.51,3314.28,3316.3"
2025-07-01 10:00:00+07:00,"3316.29,3322.78,3315.71,3321.3"
2025-07-01 11:00:00+07:00,"3321.29,3323.23,3318.85,3322.89"
2025-07-01 12:00:00+07:00,"3322.88,3332.45,3322.76,3328.92"
2025-07-01 13:00:00+07:00,"3328.98,3334.46,3325.31,3331.25"
2025-07-01 14:00:00+07:00,"3331.28,3339.98,3330.67,3339.38"
2025-07-01 15:00:00+07:00,"3339.37,3342.61,3336.72,3339.72"
2025-07-01 16:00:00+07:00,"3339.73,3348.16,3338.14,3345.59"
2025-07-01 17:00:00+07:00,"3345.58,3349.62,3344.3,3348.57"
2025-07-01 18:00:00+07:00,"3348.56,3353.24,3346.88,3348.93"
2025-07-01 19:00:00+07:00,"3348.9,3358.11,3348.21,3354.45"
2025-07-01 20:00:00+07:00,"3354.47,3355.74,3344.48,3351.51"
2025-07-01 21:00:00+07:00,"3351.54,3354.39,3343.53,3345.95"
2025-07-01 22:00:00+07:00,"3345.96,3346.87,3337.15,3340.08"
2025-07-01 23:00:00+07:00,"3340.11,3343.65,3337.47,3341.58"
2025-07-02 00:00:00+07:00,"3341.57,3342.33,3336.89,3339.55"
2025-07-02 01:00:00+07:00,"3339.51,3340.02,3336.82,3338.11"
2025-07-02 02:00:00+07:00,"3338.13,3340.24,3336.79,3338.24"
2025-07-02 03:00:00+07:00,"3338.21,3340.5,3336.87,3338.48"
2025-07-02 05:00:00+07:00,"3337.68,3343.83,3336.66,3341.7"
2025-07-02 06:00:00+07:00,"3341.72,3341.91,3336.77,3337.93"
2025-07-02 07:00:00+07:00,"3338.03,3345.1,3334.29,3338.74"
2025-07-02 08:00:00+07:00,"3338.76,3342.93,3330.88,3332.39"
2025-07-02 09:00:00+07:00,"3332.38,3338.23,3328.9,3336.51"
2025-07-02 10:00:00+07:00,"3336.54,3342.24,3335.15,3339.75"
2025-07-02 11:00:00+07:00,"3339.76,3342.14,3339.55,3339.93"
2025-07-02 12:00:00+07:00,"3339.93,3343.76,3336.5,3338.92"
2025-07-02 13:00:00+07:00,"3338.95,3339.5,3329.97,3333.28"
2025-07-02 14:00:00+07:00,"3333.28,3336.75,3327.55,3334.91"
2025-07-02 15:00:00+07:00,"3334.9,3338.16,3332.77,3333.71"
2025-07-02 16:00:00+07:00,"3333.7,3342.28,3332.92,3341.52"
2025-07-02 17:00:00+07:00,"3341.5,3345.82,3340.49,3344.19"
2025-07-02 18:00:00+07:00,"3344.2,3347.53,3339.66,3342.08"
2025-07-02 19:00:00+07:00,"3342.1,3351.25,3337.78,3346.87"
2025-07-02 20:00:00+07:00,"3346.85,3346.85,3334.83,3337.51"
2025-07-02 21:00:00+07:00,"3337.54,3343.68,3333.87,3342.75"
2025-07-02 22:00:00+07:00,"3342.81,3343.89,3338.56,3341.15"
2025-07-02 23:00:00+07:00,"3341.17,3349.2,3341.09,3348.52"
2025-07-03 00:00:00+07:00,"3348.42,3350.49,3347.27,3349.58"
2025-07-03 01:00:00+07:00,"3349.54,3355.11,3348.62,3354.77"
2025-07-03 02:00:00+07:00,"3354.78,3359.59,3354.41,3358.09"
2025-07-03 03:00:00+07:00,"3358.12,3360.26,3355.62,3357.96"
2025-07-03 05:00:00+07:00,"3358.94,3365.62,3357.79,3361.79"
2025-07-03 06:00:00+07:00,"3361.79,3362.37,3348.81,3349.5"
2025-07-03 07:00:00+07:00,"3349.54,3350.01,3343.47,3344.56"
2025-07-03 08:00:00+07:00,"3344.61,3348.34,3341.78,3346.17"
2025-07-03 09:00:00+07:00,"3346.18,3351.49,3345.64,3350.84"
2025-07-03 10:00:00+07:00,"3350.85,3351.62,3345.48,3347.35"
2025-07-03 11:00:00+07:00,"3347.36,3351.94,3347.3,3350.97"
2025-07-03 12:00:00+07:00,"3350.99,3360.41,3350.02,3359.22"
2025-07-03 13:00:00+07:00,"3359.22,3363.51,3356.43,3361.7"
2025-07-03 14:00:00+07:00,"3361.69,3363.08,3352.52,3353.22"
2025-07-03 15:00:00+07:00,"3353.24,3358.41,3351.55,3356.33"
2025-07-03 16:00:00+07:00,"3356.31,3356.49,3343.95,3345.86"
2025-07-03 17:00:00+07:00,"3345.92,3355.5,3344.89,3353.33"
2025-07-03 18:00:00+07:00,"3353.33,3353.54,3342.95,3345.88"
2025-07-03 19:00:00+07:00,"3345.87,3352.37,3311.7,3324.61"
2025-07-03 20:00:00+07:00,"3324.65,3338.55,3322.03,3332.54"
2025-07-03 21:00:00+07:00,"3332.49,3334.75,3323.56,3324.81"
2025-07-03 22:00:00+07:00,"3324.82,3331.58,3323.06,3328.19"
2025-07-03 23:00:00+07:00,"3328.22,3334.82,3325.59,3333.76"
2025-07-04 00:00:00+07:00,"3333.74,3334.95,3328.71,3328.92"
2025-07-04 01:00:00+07:00,"3328.91,3330.33,3327.76,3329.11"
2025-07-04 02:00:00+07:00,"3329.1,3329.66,3326.88,3328.59"
2025-07-04 03:00:00+07:00,"3328.58,3329.13,3325.23,3326"
2025-07-04 05:00:00+07:00,"3326.59,3329.68,3323.52,3328.96"
2025-07-04 06:00:00+07:00,"3328.95,3332.15,3328.4,3331.01"
2025-07-04 07:00:00+07:00,"3331,3331.26,3325.98,3328.77"
2025-07-04 08:00:00+07:00,"3328.78,3334.41,3326.26,3330.25"
2025-07-04 09:00:00+07:00,"3330.26,3332.49,3327.06,3327.51"
2025-07-04 10:00:00+07:00,"3327.49,3338.97,3326.04,3338.18"
2025-07-04 11:00:00+07:00,"3338.17,3342.15,3337.91,3340.66"
2025-07-04 12:00:00+07:00,"3340.75,3342.34,3338.25,3339.41"
2025-07-04 13:00:00+07:00,"3339.4,3345.17,3339.17,3342.76"
2025-07-04 14:00:00+07:00,"3342.79,3343.67,3336.64,3342.74"
2025-07-04 15:00:00+07:00,"3342.75,3344.08,3340.82,3342.66"
2025-07-04 16:00:00+07:00,"3342.65,3343.22,3332.91,3334.73"
2025-07-04 17:00:00+07:00,"3334.68,3338,3331.47,3336.63"
2025-07-04 18:00:00+07:00,"3336.66,3337.98,3334.55,3334.87"
2025-07-04 19:00:00+07:00,"3334.85,3337.88,3331.37,3333.8"
2025-07-04 20:00:00+07:00,"3333.79,3337.87,3332.42,3334.09"
2025-07-04 21:00:00+07:00,"3334.08,3334.32,3330.77,3333.1"
2025-07-04 22:00:00+07:00,"3333.12,3333.91,3330.75,3332.25"
2025-07-04 23:00:00+07:00,"3332.24,3337.32,3332.16,3336.93"
2025-07-05 00:00:00+07:00,"3336.92,3336.92,3335.98,3336.69"
2025-07-07 05:00:00+07:00,"3337.57,3342.72,3332.29,3333.63"
2025-07-07 06:00:00+07:00,"3333.65,3334.64,3326.16,3329.02"
2025-07-07 07:00:00+07:00,"3329.05,3329.82,3321.65,3326.68"
2025-07-07 08:00:00+07:00,"3326.7,3327.91,3306.71,3316.68"
2025-07-07 09:00:00+07:00,"3316.73,3317.9,3305.89,3309.04"
2025-07-07 10:00:00+07:00,"3309.02,3315.3,3307,3311.09"
2025-07-07 11:00:00+07:00,"3311.12,3312.51,3305.01,3307.61"
2025-07-07 12:00:00+07:00,"3307.64,3315.08,3306.97,3313.2"
2025-07-07 13:00:00+07:00,"3313.19,3315.11,3308.36,3309.78"
2025-07-07 14:00:00+07:00,"3309.75,3313.34,3300.6,3302.42"
2025-07-07 15:00:00+07:00,"3302.4,3312.81,3301.22,3310.03"
2025-07-07 16:00:00+07:00,"3309.99,3311.69,3306.04,3308.82"
2025-07-07 17:00:00+07:00,"3308.78,3310.78,3296.5,3302.23"
2025-07-07 18:00:00+07:00,"3302.27,3307.64,3299.73,3301.92"
2025-07-07 19:00:00+07:00,"3301.87,3312.69,3300.64,3309.64"
2025-07-07 20:00:00+07:00,"3309.62,3317.09,3306.03,3316.4"
2025-07-07 21:00:00+07:00,"3316.41,3321.38,3313.18,3318.16"
2025-07-07 22:00:00+07:00,"3318.15,3322,3316.18,3320.69"
2025-07-07 23:00:00+07:00,"3320.69,3328.14,3319.95,3327.24"
2025-07-08 00:00:00+07:00,"3327.25,3335.81,3327.19,3331.86"
2025-07-08 01:00:00+07:00,"3331.87,3335.84,3328.32,3334.35"
2025-07-08 02:00:00+07:00,"3334.53,3340.39,3334.46,3337.28"
2025-07-08 03:00:00+07:00,"3337.26,3337.91,3335.3,3336.65"
2025-07-08 05:00:00+07:00,"3339.68,3345.9,3338.85,3339.98"
2025-07-08 06:00:00+07:00,"3339.99,3340.3,3334.02,3334.47"
2025-07-08 07:00:00+07:00,"3334.49,3337.39,3331.04,3334.1"
2025-07-08 08:00:00+07:00,"3334.15,3337,3329.62,3334.64"
2025-07-08 09:00:00+07:00,"3334.59,3338.04,3333.13,3334.63"
2025-07-08 10:00:00+07:00,"3334.59,3335.63,3329.44,3331.42"
2025-07-08 11:00:00+07:00,"3331.39,3332.88,3327.26,3329.77"
2025-07-08 12:00:00+07:00,"3329.76,3336.53,3329.36,3334.23"
2025-07-08 13:00:00+07:00,"3334.26,3336.09,3330.93,3335.61"
2025-07-08 14:00:00+07:00,"3335.6,3339.69,3330.4,3333.9"
2025-07-08 15:00:00+07:00,"3333.79,3333.79,3323.21,3323.84"
2025-07-08 16:00:00+07:00,"3323.85,3326.96,3321.1,3322.11"
2025-07-08 17:00:00+07:00,"3322.12,3327.18,3320.66,3324.71"
2025-07-08 18:00:00+07:00,"3324.7,3327.63,3319.81,3324.96"
2025-07-08 19:00:00+07:00,"3324.99,3329.79,3324.6,3328.15"
2025-07-08 20:00:00+07:00,"3328.1,3328.82,3314.76,3315.42"
2025-07-08 21:00:00+07:00,"3315.39,3316.06,3294.29,3296.77"
2025-07-08 22:00:00+07:00,"3296.78,3300.41,3286.99,3297.95"
2025-07-08 23:00:00+07:00,"3297.96,3301.67,3295.78,3300.31"
2025-07-09 00:00:00+07:00,"3300.3,3310.42,3299.27,3306.56"
2025-07-09 01:00:00+07:00,"3306.53,3308.18,3300.55,3305.34"
2025-07-09 02:00:00+07:00,"3305.37,3306.29,3302.3,3303.12"
2025-07-09 03:00:00+07:00,"3303.08,3303.84,3299.31,3301.61"
2025-07-09 05:00:00+07:00,"3303.36,3304.07,3300.36,3301.7"
2025-07-09 06:00:00+07:00,"3301.73,3304.13,3297.1,3302.12"
2025-07-09 07:00:00+07:00,"3302.13,3308.08,3301.67,3306.92"
2025-07-09 08:00:00+07:00,"3306.91,3307.38,3299.21,3301.7"
2025-07-09 09:00:00+07:00,"3301.69,3303.01,3286.08,3288.72"
2025-07-09 10:00:00+07:00,"3288.71,3294.74,3284.9,3293.18"
2025-07-09 11:00:00+07:00,"3293.2,3296.51,3291.1,3293.79"
2025-07-09 12:00:00+07:00,"3293.8,3297.82,3289.05,3289.31"
2025-07-09 13:00:00+07:00,"3289.37,3292.64,3285.57,3292.16"
2025-07-09 14:00:00+07:00,"3292.18,3295.9,3288.18,3291.72"
2025-07-09 15:00:00+07:00,"3291.7,3292.73,3282.53,3285.18"
2025-07-09 16:00:00+07:00,"3285.16,3290.55,3284.23,3288.82"
2025-07-09 17:00:00+07:00,"3288.92,3295.83,3288.29,3295.63"
2025-07-09 18:00:00+07:00,"3295.64,3296.11,3283.15,3285.05"
2025-07-09 19:00:00+07:00,"3285.07,3297.6,3285.07,3296.27"
2025-07-09 20:00:00+07:00,"3296.25,3305.03,3291.75,3300.43"
2025-07-09 21:00:00+07:00,"3300.4,3312.96,3299.73,3312.17"
2025-07-09 22:00:00+07:00,"3312.19,3312.86,3306.21,3309.4"
2025-07-09 23:00:00+07:00,"3309.42,3313.46,3307.76,3312.04"
2025-07-10 00:00:00+07:00,"3312.03,3314.75,3308.11,3309.44"
2025-07-10 01:00:00+07:00,"3309.55,3313.86,3307.94,3311.53"
2025-07-10 02:00:00+07:00,"3311.54,3316.99,3310.87,3315.53"
2025-07-10 03:00:00+07:00,"3315.54,3315.68,3311.47,3313.44"
2025-07-10 05:00:00+07:00,"3314.29,3321.32,3314.01,3319.42"
2025-07-10 06:00:00+07:00,"3319.42,3319.71,3315.76,3317.79"
2025-07-10 07:00:00+07:00,"3317.76,3322.15,3316.63,3317.85"
2025-07-10 08:00:00+07:00,"3317.82,3326.34,3316.29,3322.37"
2025-07-10 09:00:00+07:00,"3322.36,3323.78,3318.13,3319.04"
2025-07-10 10:00:00+07:00,"3319,3320.34,3315.29,3315.65"
2025-07-10 11:00:00+07:00,"3315.64,3322.51,3314.75,3322.07"
2025-07-10 12:00:00+07:00,"3322.11,3325.23,3320.56,3321"
2025-07-10 13:00:00+07:00,"3321.02,3328.43,3320.83,3325.19"
2025-07-10 14:00:00+07:00,"3325.21,3329.43,3319.84,3321.21"
2025-07-10 15:00:00+07:00,"3321.25,3330,3319.87,3328.86"
2025-07-10 16:00:00+07:00,"3328.87,3330.38,3323.33,3326.34"
2025-07-10 17:00:00+07:00,"3326.37,3328.79,3322.27,3325.33"
2025-07-10 18:00:00+07:00,"3325.32,3330.31,3318.25,3320.41"
2025-07-10 19:00:00+07:00,"3320.42,3326.02,3317.87,3323.91"
2025-07-10 20:00:00+07:00,"3323.99,3329.58,3312.05,3312.82"
2025-07-10 21:00:00+07:00,"3312.82,3321.68,3310.05,3314.96"
2025-07-10 22:00:00+07:00,"3314.97,3321.64,3314.67,3319.66"
2025-07-10 23:00:00+07:00,"3319.68,3320.08,3312.07,3314.94"
2025-07-11 00:00:00+07:00,"3314.91,3318.56,3314.73,3317.38"
2025-07-11 01:00:00+07:00,"3317.21,3322,3316.36,3321.48"
2025-07-11 02:00:00+07:00,"3321.32,3325.85,3321.32,3325.05"
2025-07-11 03:00:00+07:00,"3325.08,3325.43,3323.41,3324.04"
2025-07-11 05:00:00+07:00,"3325.06,3326.63,3321.74,3323.13"
2025-07-11 06:00:00+07:00,"3323.02,3326.6,3322.87,3323.91"
2025-07-11 07:00:00+07:00,"3323.88,3336.14,3323.76,3330.8"
2025-07-11 08:00:00+07:00,"3330.81,3331.7,3325.09,3329.37"
2025-07-11 09:00:00+07:00,"3329.34,3335.16,3327.09,3332.79"
2025-07-11 10:00:00+07:00,"3332.81,3336.06,3332.02,3333.93"
2025-07-11 11:00:00+07:00,"3333.92,3335.53,3329.7,3331.8"
2025-07-11 12:00:00+07:00,"3331.92,3341.67,3331.84,3333.97"
2025-07-11 13:00:00+07:00,"3333.97,3343.92,3332.03,3332.57"
2025-07-11 14:00:00+07:00,"3332.58,3342.21,3331.21,3341.82"
2025-07-11 15:00:00+07:00,"3341.79,3343.91,3332.82,3333.05"
2025-07-11 16:00:00+07:00,"3333.06,3340.01,3332.82,3339.32"
2025-07-11 17:00:00+07:00,"3339.33,3348.36,3339.33,3344.83"
2025-07-11 18:00:00+07:00,"3344.84,3350.31,3342.33,3347.67"
2025-07-11 19:00:00+07:00,"3347.68,3357.17,3344.46,3354.94"
2025-07-11 20:00:00+07:00,"3354.96,3359.14,3350.1,3352.07"
2025-07-11 21:00:00+07:00,"3352.1,3363.63,3350.52,3361.03"
2025-07-11 22:00:00+07:00,"3361.02,3368.81,3356.95,3358.75"
2025-07-11 23:00:00+07:00,"3358.74,3359.64,3352.76,3354.06"
2025-07-12 00:00:00+07:00,"3354.05,3354.19,3349.24,3353.22"
2025-07-12 01:00:00+07:00,"3353.23,3358.63,3353.18,3355.96"
2025-07-12 02:00:00+07:00,"3355.97,3359.82,3355.52,3356.52"
2025-07-12 03:00:00+07:00,"3356.58,3358.55,3353.63,3355.67"
2025-07-14 05:00:00+07:00,"3363.97,3371.03,3359.69,3369.56"
2025-07-14 06:00:00+07:00,"3369.56,3374.17,3366.53,3367.98"
2025-07-14 07:00:00+07:00,"3367.97,3373,3365.15,3367.77"
2025-07-14 08:00:00+07:00,"3367.76,3369.97,3357.02,3358.44"
2025-07-14 09:00:00+07:00,"3358.43,3359.54,3353.75,3357.23"
2025-07-14 10:00:00+07:00,"3357.28,3359.78,3355.37,3357.23"
2025-07-14 11:00:00+07:00,"3357.12,3361.82,3353.65,3359.92"
2025-07-14 12:00:00+07:00,"3359.9,3360.43,3353.63,3357.77"
2025-07-14 13:00:00+07:00,"3357.81,3369.48,3356.56,3369.06"
2025-07-14 14:00:00+07:00,"3369.03,3374.98,3366.65,3371.88"
2025-07-14 15:00:00+07:00,"3371.77,3372.71,3365.56,3365.85"
2025-07-14 16:00:00+07:00,"3365.87,3370.4,3363.99,3370.08"
2025-07-14 17:00:00+07:00,"3370.12,3374.7,3369.63,3371.88"
2025-07-14 18:00:00+07:00,"3371.89,3373.2,3363.84,3364.36"
2025-07-14 19:00:00+07:00,"3364.34,3366.63,3349.72,3350.25"
2025-07-14 20:00:00+07:00,"3350.28,3359.14,3347.09,3355.47"
2025-07-14 21:00:00+07:00,"3355.45,3356.5,3340.95,3343.23"
2025-07-14 22:00:00+07:00,"3343.26,3349.56,3342.53,3345.21"
2025-07-14 23:00:00+07:00,"3345.28,3349.45,3342.99,3347.62"
2025-07-15 00:00:00+07:00,"3347.71,3351.89,3347.29,3350.9"
2025-07-15 01:00:00+07:00,"3350.91,3351.37,3347.87,3349.06"
2025-07-15 02:00:00+07:00,"3349.07,3350.4,3343.03,3343.99"
2025-07-15 03:00:00+07:00,"3344.01,3345.77,3341.13,3343.24"
2025-07-15 05:00:00+07:00,"3342.96,3345.89,3341.24,3345.61"
2025-07-15 06:00:00+07:00,"3345.48,3346.54,3343.84,3345.52"
2025-07-15 07:00:00+07:00,"3345.45,3349.14,3344.75,3347.47"
2025-07-15 08:00:00+07:00,"3347.48,3350.78,3346.05,3346.72"
2025-07-15 09:00:00+07:00,"3346.73,3352.08,3345.8,3351.06"
2025-07-15 10:00:00+07:00,"3351.06,3358.23,3350.97,3358.06"
2025-07-15 11:00:00+07:00,"3358.05,3361.2,3357.51,3360.05"
2025-07-15 12:00:00+07:00,"3360.04,3365.25,3360.02,3362.3"
2025-07-15 13:00:00+07:00,"3362.26,3364.23,3357.69,3358.29"
2025-07-15 14:00:00+07:00,"3358.3,3365.31,3357.33,3364.13"
2025-07-15 15:00:00+07:00,"3364.1,3365.7,3356.58,3361.25"
2025-07-15 16:00:00+07:00,"3361.25,3364.78,3358.85,3363.35"
2025-07-15 17:00:00+07:00,"3363.37,3366.5,3361.04,3361.62"
2025-07-15 18:00:00+07:00,"3361.61,3362.05,3354.05,3355.08"
2025-07-15 19:00:00+07:00,"3355.09,3360.33,3346.33,3349.02"
2025-07-15 20:00:00+07:00,"3348.97,3352.52,3334.31,3346.44"
2025-07-15 21:00:00+07:00,"3346.45,3352.22,3342.41,3347.79"
2025-07-15 22:00:00+07:00,"3347.85,3349.95,3325.7,3329.12"
2025-07-15 23:00:00+07:00,"3329.09,3330.17,3320.06,3329.12"
2025-07-16 00:00:00+07:00,"3329.14,3331.28,3325.85,3328.11"
2025-07-16 01:00:00+07:00,"3328.12,3331.78,3325.74,3329.04"
2025-07-16 02:00:00+07:00,"3329.03,3331.08,3326.44,3330.31"
2025-07-16 03:00:00+07:00,"3330.28,3330.75,3324.01,3324.14"
2025-07-16 05:00:00+07:00,"3323.79,3327.77,3323.71,3326.46"
2025-07-16 06:00:00+07:00,"3326.51,3331.81,3326.46,3331.24"
2025-07-16 07:00:00+07:00,"3331.3,3332.65,3328.85,3330.67"
2025-07-16 08:00:00+07:00,"3330.66,3334.98,3328.85,3331.07"
2025-07-16 09:00:00+07:00,"3331.08,3331.65,3325.02,3326.34"
2025-07-16 10:00:00+07:00,"3326.33,3335.22,3326.06,3334.53"
2025-07-16 11:00:00+07:00,"3334.57,3338.81,3332.65,3338.47"
2025-07-16 12:00:00+07:00,"3338.44,3339.82,3335.59,3337.96"
2025-07-16 13:00:00+07:00,"3337.97,3341.93,3337.58,3339.31"
2025-07-16 14:00:00+07:00,"3339.26,3340.3,3336.06,3337.67"
2025-07-16 15:00:00+07:00,"3337.71,3342.49,3337.61,3341.87"
2025-07-16 16:00:00+07:00,"3341.85,3343.13,3339.08,3340.19"
2025-07-16 17:00:00+07:00,"3340.15,3340.27,3333.95,3335.18"
2025-07-16 18:00:00+07:00,"3335.16,3340.24,3333.71,3339.07"
2025-07-16 19:00:00+07:00,"3339.04,3341.14,3331.07,3334.41"
2025-07-16 20:00:00+07:00,"3334.43,3339.24,3322.16,3326.94"
2025-07-16 21:00:00+07:00,"3326.9,3342.51,3319.77,3338.38"
2025-07-16 22:00:00+07:00,"3338.36,3377.41,3336.17,3343.84"
2025-07-16 23:00:00+07:00,"3343.91,3355.15,3339.21,3348.96"
2025-07-17 00:00:00+07:00,"3348.94,3357.37,3348.69,3354.92"
2025-07-17 01:00:00+07:00,"3354.96,3357.54,3349.06,3350.54"
2025-07-17 02:00:00+07:00,"3350.55,3350.76,3346.22,3347.29"
2025-07-17 03:00:00+07:00,"3347.34,3349.6,3346.2,3346.96"
2025-07-17 05:00:00+07:00,"3349.73,3352.3,3348.25,3349.66"
2025-07-17 06:00:00+07:00,"3349.71,3350.05,3345.14,3346.66"
2025-07-17 07:00:00+07:00,"3346.65,3347.5,3339.64,3340.94"
2025-07-17 08:00:00+07:00,"3340.96,3344.54,3337.11,3343.87"
2025-07-17 09:00:00+07:00,"3343.86,3344.51,3338.02,3341.58"
2025-07-17 10:00:00+07:00,"3341.56,3342.5,3336.29,3341.68"
2025-07-17 11:00:00+07:00,"3341.69,3344.9,3338.36,3342.89"
2025-07-17 12:00:00+07:00,"3342.85,3342.99,3335.76,3339.28"
2025-07-17 13:00:00+07:00,"3339.32,3339.82,3328.19,3335.27"
2025-07-17 14:00:00+07:00,"3335.22,3336.19,3325.04,3325.98"
2025-07-17 15:00:00+07:00,"3325.95,3331.92,3325.46,3328.93"
2025-07-17 16:00:00+07:00,"3328.91,3332.59,3324.65,3325.74"
2025-07-17 17:00:00+07:00,"3325.79,3331.35,3324.82,3325.67"
2025-07-17 18:00:00+07:00,"3325.66,3328.59,3322.18,3324.44"
2025-07-17 19:00:00+07:00,"3324.43,3328.64,3309.74,3312.98"
2025-07-17 20:00:00+07:00,"3313.02,3321.95,3311.11,3319.23"
2025-07-17 21:00:00+07:00,"3319.2,3335.2,3318.27,3333.99"
2025-07-17 22:00:00+07:00,"3334.02,3338.27,3331.16,3336.62"
2025-07-17 23:00:00+07:00,"3336.63,3340.03,3335.28,3338.68"
2025-07-18 00:00:00+07:00,"3338.64,3341.19,3336.18,3337.63"
2025-07-18 01:00:00+07:00,"3337.64,3339.06,3335.54,3338.37"
2025-07-18 02:00:00+07:00,"3338.38,3340.96,3338.09,3339.95"
2025-07-18 03:00:00+07:00,"3339.94,3340.35,3337.28,3339.55"
2025-07-18 05:00:00+07:00,"3340.23,3343.9,3338.15,3343.46"
2025-07-18 06:00:00+07:00,"3343.42,3343.61,3339.55,3340.45"
2025-07-18 07:00:00+07:00,"3340.46,3341.28,3337.89,3340.06"
2025-07-18 08:00:00+07:00,"3340.04,3342.99,3335.25,3337.94"
2025-07-18 09:00:00+07:00,"3337.91,3344.03,3336.82,3337.96"
2025-07-18 10:00:00+07:00,"3337.95,3338.67,3334.03,3334.81"
2025-07-18 11:00:00+07:00,"3334.8,3337.27,3333.88,3337.27"
2025-07-18 12:00:00+07:00,"3337.24,3340.14,3333.25,3333.33"
2025-07-18 13:00:00+07:00,"3333.32,3342.79,3331.87,3341.93"
2025-07-18 14:00:00+07:00,"3342.26,3350.22,3340.65,3349.95"
2025-07-18 15:00:00+07:00,"3349.96,3350.45,3346.11,3347.35"
2025-07-18 16:00:00+07:00,"3347.35,3355.03,3347.28,3352.44"
2025-07-18 17:00:00+07:00,"3352.44,3352.86,3347.83,3351.28"
2025-07-18 18:00:00+07:00,"3351.27,3357.71,3350.72,3354.46"
2025-07-18 19:00:00+07:00,"3354.45,3361.21,3354.13,3359.77"
2025-07-18 20:00:00+07:00,"3359.77,3360.42,3352.23,3355.66"
2025-07-18 21:00:00+07:00,"3355.63,3359.12,3351.09,3354.54"
2025-07-18 22:00:00+07:00,"3354.57,3356.37,3352.44,3353.85"
2025-07-18 23:00:00+07:00,"3353.86,3357.46,3351.39,3353.81"
2025-07-19 00:00:00+07:00,"3353.81,3353.83,3350.47,3352.04"
2025-07-19 01:00:00+07:00,"3352.07,3353.4,3350.07,3351.56"
2025-07-19 02:00:00+07:00,"3351.54,3352.89,3347.59,3348.47"
2025-07-19 03:00:00+07:00,"3348.45,3352.08,3347.76,3349.87"
2025-07-21 05:00:00+07:00,"3348.87,3350.44,3344.94,3347.68"
2025-07-21 06:00:00+07:00,"3347.7,3349.64,3345.35,3349.31"
2025-07-21 07:00:00+07:00,"3349.33,3354.59,3347.63,3352.46"
2025-07-21 08:00:00+07:00,"3352.33,3358.6,3352,3356.68"
2025-07-21 09:00:00+07:00,"3356.7,3357.47,3352.23,3354"
2025-07-21 10:00:00+07:00,"3354.01,3356.91,3351.1,3351.49"
2025-07-21 11:00:00+07:00,"3351.48,3358.82,3350.5,3357.65"
2025-07-21 12:00:00+07:00,"3357.64,3369.39,3357.48,3366.49"
2025-07-21 13:00:00+07:00,"3366.49,3370.77,3365.34,3368.46"
2025-07-21 14:00:00+07:00,"3368.44,3370.38,3363.86,3364.58"
2025-07-21 15:00:00+07:00,"3364.59,3366.94,3363.1,3366.14"
2025-07-21 16:00:00+07:00,"3366.17,3366.42,3362.72,3366.02"
2025-07-21 17:00:00+07:00,"3366.01,3367.94,3362.75,3366.25"
2025-07-21 18:00:00+07:00,"3366.26,3375.75,3365.11,3375.26"
2025-07-21 19:00:00+07:00,"3375.25,3388.61,3374.47,3386.95"
2025-07-21 20:00:00+07:00,"3387,3395.36,3383.56,3388.49"
2025-07-21 21:00:00+07:00,"3388.47,3401.64,3386.33,3400.52"
2025-07-21 22:00:00+07:00,"3400.59,3400.8,3395.92,3397.85"
2025-07-21 23:00:00+07:00,"3397.9,3399.11,3393.73,3395.8"
2025-07-22 00:00:00+07:00,"3395.78,3395.8,3391.23,3393.47"
2025-07-22 01:00:00+07:00,"3393.46,3395.99,3393.23,3395.6"
2025-07-22 02:00:00+07:00,"3395.59,3399.88,3395.01,3398.65"
2025-07-22 03:00:00+07:00,"3398.68,3399.27,3396.49,3396.74"
2025-07-22 05:00:00+07:00,"3398.3,3401.25,3398.07,3399.59"
2025-07-22 06:00:00+07:00,"3399.75,3402.8,3393.29,3396.72"
2025-07-22 07:00:00+07:00,"3396.38,3397.69,3390.66,3394.42"
2025-07-22 08:00:00+07:00,"3394.08,3395.87,3385.45,3386.16"
2025-07-22 09:00:00+07:00,"3386.16,3392.16,3385.33,3391.73"
2025-07-22 10:00:00+07:00,"3391.74,3393.8,3388.8,3392.42"
2025-07-22 11:00:00+07:00,"3392.38,3392.75,3387.89,3391.23"
2025-07-22 12:00:00+07:00,"3391.3,3392.04,3384.58,3385.7"
2025-07-22 13:00:00+07:00,"3385.71,3387.95,3384.47,3385"
2025-07-22 14:00:00+07:00,"3385.06,3387.64,3383.18,3387.64"
2025-07-22 15:00:00+07:00,"3387.62,3390.21,3386.05,3388.94"
2025-07-22 16:00:00+07:00,"3388.92,3390.78,3384.65,3386.33"
2025-07-22 17:00:00+07:00,"3386.29,3388.67,3385.78,3387.17"
2025-07-22 18:00:00+07:00,"3387.18,3391.81,3386.55,3391.48"
2025-07-22 19:00:00+07:00,"3391.49,3407.99,3391.16,3407.34"
2025-07-22 20:00:00+07:00,"3407.32,3420.26,3406.25,3412.47"
2025-07-22 21:00:00+07:00,"3412.45,3427.88,3405.01,3426.56"
2025-07-22 22:00:00+07:00,"3426.55,3430.79,3423.54,3426.36"
2025-07-22 23:00:00+07:00,"3426.43,3432.9,3426.1,3432.02"
2025-07-23 00:00:00+07:00,"3432.03,3433.59,3426.42,3429.29"
2025-07-23 01:00:00+07:00,"3429.28,3431.16,3427.9,3429.64"
2025-07-23 02:00:00+07:00,"3429.53,3432.61,3428.85,3431.41"
2025-07-23 03:00:00+07:00,"3431.43,3432.89,3427.61,3431.69"
2025-07-23 05:00:00+07:00,"3431.42,3431.91,3427.43,3428.16"
2025-07-23 06:00:00+07:00,"3428.17,3433.2,3426.24,3427.51"
2025-07-23 07:00:00+07:00,"3427.56,3438.73,3427.17,3429.11"
2025-07-23 08:00:00+07:00,"3429.1,3430.53,3420.79,3420.95"
2025-07-23 09:00:00+07:00,"3420.94,3424.98,3419.15,3422.89"
2025-07-23 10:00:00+07:00,"3422.9,3428.66,3422.72,3423"
2025-07-23 11:00:00+07:00,"3423.17,3425.32,3422.01,3423.37"
2025-07-23 12:00:00+07:00,"3423.41,3423.64,3416.29,3420.22"
2025-07-23 13:00:00+07:00,"3420.24,3425.29,3419.48,3424.88"
2025-07-23 14:00:00+07:00,"3424.87,3429.81,3419.91,3420.82"
2025-07-23 15:00:00+07:00,"3420.83,3428.88,3420.8,3428.29"
2025-07-23 16:00:00+07:00,"3428.3,3433.92,3428.18,3431.27"
2025-07-23 17:00:00+07:00,"3431.31,3431.52,3421.04,3422.62"
2025-07-23 18:00:00+07:00,"3422.6,3429.79,3420.4,3428.17"
2025-07-23 19:00:00+07:00,"3428.16,3430.09,3419.91,3420.22"
2025-07-23 20:00:00+07:00,"3420.19,3420.65,3405.75,3413.26"
2025-07-23 21:00:00+07:00,"3413.27,3419.95,3410.59,3413.72"
2025-07-23 22:00:00+07:00,"3413.73,3416.01,3398.06,3398.06"
2025-07-23 23:00:00+07:00,"3397.94,3398.32,3381.32,3387.52"
2025-07-24 00:00:00+07:00,"3387.53,3394.61,3385.6,3393.05"
2025-07-24 01:00:00+07:00,"3393.1,3396.06,3391.88,3393.48"
2025-07-24 02:00:00+07:00,"3393.47,3395.98,3388.47,3390.31"
2025-07-24 03:00:00+07:00,"3390.33,3390.51,3386.27,3387.24"
2025-07-24 05:00:00+07:00,"3389.97,3392.57,3386.68,3386.74"
2025-07-24 06:00:00+07:00,"3386.73,3391.68,3386.46,3390.06"
2025-07-24 07:00:00+07:00,"3390.16,3393.07,3388.67,3391.42"
2025-07-24 08:00:00+07:00,"3391.45,3393.19,3384.08,3387.78"
2025-07-24 09:00:00+07:00,"3387.8,3388.82,3380.61,3383.98"
2025-07-24 10:00:00+07:00,"3383.96,3386.07,3374.63,3384.02"
2025-07-24 11:00:00+07:00,"3384.03,3385.32,3380.83,3382.82"
2025-07-24 12:00:00+07:00,"3382.8,3382.82,3374.56,3379.01"
2025-07-24 13:00:00+07:00,"3379.02,3379.69,3369.94,3376.08"
2025-07-24 14:00:00+07:00,"3376.05,3377.6,3366.17,3367.85"
2025-07-24 15:00:00+07:00,"3367.85,3374.64,3365.97,3369.51"
2025-07-24 16:00:00+07:00,"3369.47,3370.12,3361.89,3363.78"
2025-07-24 17:00:00+07:00,"3363.77,3367.35,3362.03,3364.53"
2025-07-24 18:00:00+07:00,"3364.51,3366.65,3361.15,3362.3"
2025-07-24 19:00:00+07:00,"3362.3,3365.33,3352.71,3353.76"
2025-07-24 20:00:00+07:00,"3353.77,3372.22,3351.35,3366.83"
2025-07-24 21:00:00+07:00,"3366.73,3377.33,3365.76,3373.49"
2025-07-24 22:00:00+07:00,"3373.54,3375.23,3370.23,3372.39"
2025-07-24 23:00:00+07:00,"3372.4,3373.85,3366.83,3367.15"
2025-07-25 00:00:00+07:00,"3367.12,3371.96,3366.18,3369.8"
2025-07-25 01:00:00+07:00,"3369.83,3373.46,3367.31,3372.16"
2025-07-25 02:00:00+07:00,"3372.15,3372.97,3369.93,3370.66"
2025-07-25 03:00:00+07:00,"3370.68,3371.34,3367.2,3368.2"
2025-07-25 05:00:00+07:00,"3368.5,3369.83,3365.01,3369"
2025-07-25 06:00:00+07:00,"3368.93,3371.57,3366.63,3369.62"
2025-07-25 07:00:00+07:00,"3369.61,3373.5,3368.26,3372.35"
2025-07-25 08:00:00+07:00,"3372.45,3372.69,3366.38,3370.5"
2025-07-25 09:00:00+07:00,"3370.5,3370.78,3362.37,3363.14"
2025-07-25 10:00:00+07:00,"3363.17,3363.63,3358.58,3359.29"
2025-07-25 11:00:00+07:00,"3359.25,3363.64,3357.92,3361.1"
2025-07-25 12:00:00+07:00,"3361.23,3362.51,3355.21,3358.69"
2025-07-25 13:00:00+07:00,"3358.73,3359.72,3354.73,3359.16"
2025-07-25 14:00:00+07:00,"3359.17,3360.27,3352.61,3353.9"
2025-07-25 15:00:00+07:00,"3353.9,3355.1,3344.51,3345.66"
2025-07-25 16:00:00+07:00,"3345.64,3348.83,3343,3346.05"
2025-07-25 17:00:00+07:00,"3346.04,3348.11,3340.97,3342.94"
2025-07-25 18:00:00+07:00,"3342.97,3345.08,3338.61,3341.17"
2025-07-25 19:00:00+07:00,"3341.19,3344.24,3336.32,3340.74"
2025-07-25 20:00:00+07:00,"3340.7,3347.55,3336.91,3344.18"
2025-07-25 21:00:00+07:00,"3344.13,3345.07,3330.51,3332.06"
2025-07-25 22:00:00+07:00,"3332.07,3336.08,3325.02,3327.67"
2025-07-25 23:00:00+07:00,"3327.64,3331.52,3326.43,3329.57"
2025-07-26 00:00:00+07:00,"3329.59,3336.97,3329.53,3336.14"
2025-07-26 01:00:00+07:00,"3336.12,3339.47,3335.9,3338.63"
2025-07-26 02:00:00+07:00,"3338.61,3340.44,3337.36,3337.86"
2025-07-26 03:00:00+07:00,"3337.85,3339.3,3336.04,3337.48"
2025-07-28 05:00:00+07:00,"3324.83,3335.18,3323.7,3329.48"
2025-07-28 06:00:00+07:00,"3329.43,3337.39,3329.28,3333.5"
2025-07-28 07:00:00+07:00,"3333.48,3336.02,3327.59,3333.22"
2025-07-28 08:00:00+07:00,"3333.21,3338.89,3329.78,3332.06"
2025-07-28 09:00:00+07:00,"3332.09,3336.58,3330.53,3335.77"
2025-07-28 10:00:00+07:00,"3335.78,3343.4,3334.35,3343.38"
2025-07-28 11:00:00+07:00,"3343.37,3344.16,3339.31,3339.46"
2025-07-28 12:00:00+07:00,"3339.45,3344.25,3337.97,3343.15"
2025-07-28 13:00:00+07:00,"3343.13,3345.34,3335.85,3339.96"
2025-07-28 14:00:00+07:00,"3339.99,3342.14,3334.14,3335.17"
2025-07-28 15:00:00+07:00,"3335.14,3338.77,3332.31,3335.91"
2025-07-28 16:00:00+07:00,"3335.9,3340.77,3335.76,3337.61"
2025-07-28 17:00:00+07:00,"3337.59,3338.98,3334.11,3336.07"
2025-07-28 18:00:00+07:00,"3336.06,3338.54,3334.35,3336.44"
2025-07-28 19:00:00+07:00,"3336.45,3338.49,3325.37,3328.58"
2025-07-28 20:00:00+07:00,"3328.59,3330.59,3301.93,3302.38"
2025-07-28 21:00:00+07:00,"3302.37,3314.9,3301.71,3307.93"
2025-07-28 22:00:00+07:00,"3307.92,3317,3306.75,3314.65"
2025-07-28 23:00:00+07:00,"3314.64,3315.19,3311.32,3312.44"
2025-07-29 00:00:00+07:00,"3312.41,3312.99,3308.65,3310.94"
2025-07-29 01:00:00+07:00,"3310.94,3315.71,3310.09,3313.57"
2025-07-29 02:00:00+07:00,"3313.53,3318.99,3313.03,3317.3"
2025-07-29 03:00:00+07:00,"3317.24,3318.36,3314.13,3315.05"
2025-07-29 05:00:00+07:00,"3314.67,3315.29,3312.08,3314.49"
2025-07-29 06:00:00+07:00,"3314.46,3314.61,3310.49,3312.47"
2025-07-29 07:00:00+07:00,"3312.46,3315.87,3308.18,3311.42"
2025-07-29 08:00:00+07:00,"3311.36,3321.07,3308.77,3318.81"
2025-07-29 09:00:00+07:00,"3318.8,3320.45,3317.51,3319.08"
2025-07-29 10:00:00+07:00,"3319.03,3319.03,3311.18,3312.8"
2025-07-29 11:00:00+07:00,"3312.79,3317.54,3309.26,3316.62"
2025-07-29 12:00:00+07:00,"3316.61,3320.2,3314.2,3320.06"
2025-07-29 13:00:00+07:00,"3320.12,3322.14,3316.2,3316.87"
2025-07-29 14:00:00+07:00,"3316.88,3318.79,3311.24,3316.96"
2025-07-29 15:00:00+07:00,"3316.97,3329.83,3316.66,3326.53"
2025-07-29 16:00:00+07:00,"3326.48,3328.31,3320.97,3324.73"
2025-07-29 17:00:00+07:00,"3324.75,3326.45,3322.01,3322.31"
2025-07-29 18:00:00+07:00,"3322.4,3322.48,3314.97,3315.39"
2025-07-29 19:00:00+07:00,"3315.37,3324.56,3315.36,3323.15"
2025-07-29 20:00:00+07:00,"3323.16,3324.17,3312.81,3317.57"
2025-07-29 21:00:00+07:00,"3317.91,3329.61,3311.97,3328.66"
2025-07-29 22:00:00+07:00,"3328.65,3334.25,3319.62,3320.89"
2025-07-29 23:00:00+07:00,"3320.87,3324.87,3319.02,3323.33"
2025-07-30 00:00:00+07:00,"3323.31,3329.21,3322.82,3328.1"
2025-07-30 01:00:00+07:00,"3328.1,3331.01,3325.38,3325.99"
2025-07-30 02:00:00+07:00,"3326.02,3328.9,3322.76,3325.23"
2025-07-30 03:00:00+07:00,"3325.25,3327.01,3324.59,3326.89"
2025-07-30 05:00:00+07:00,"3327.21,3329.34,3326.1,3327.57"
2025-07-30 06:00:00+07:00,"3327.62,3328.44,3326.26,3327.41"
2025-07-30 07:00:00+07:00,"3327.42,3333.47,3327.15,3330.45"
2025-07-30 08:00:00+07:00,"3330.4,3333,3321.75,3323.48"
2025-07-30 09:00:00+07:00,"3323.47,3332.51,3323.38,3329.23"
2025-07-30 10:00:00+07:00,"3329.22,3329.91,3326.12,3328.21"
2025-07-30 11:00:00+07:00,"3328.2,3329.85,3326.09,3327.24"
2025-07-30 12:00:00+07:00,"3327.29,3330.46,3324.33,3325.1"
2025-07-30 13:00:00+07:00,"3325.09,3327.31,3323.19,3327.07"
2025-07-30 14:00:00+07:00,"3327.08,3332.23,3325.5,3327.89"
2025-07-30 15:00:00+07:00,"3327.92,3333.49,3327.76,3332.08"
2025-07-30 16:00:00+07:00,"3332.09,3334.11,3329.58,3331.49"
2025-07-30 17:00:00+07:00,"3331.48,3333.09,3326.53,3328.67"
2025-07-30 18:00:00+07:00,"3328.68,3331.65,3324.02,3330.69"
2025-07-30 19:00:00+07:00,"3330.7,3331.91,3310.51,3313.47"
2025-07-30 20:00:00+07:00,"3313.48,3316.21,3298.35,3302.87"
2025-07-30 21:00:00+07:00,"3302.88,3308.47,3301.35,3302.34"
2025-07-30 22:00:00+07:00,"3302.35,3303.5,3288.54,3290.53"
2025-07-30 23:00:00+07:00,"3290.52,3298.52,3290.09,3297.93"
2025-07-31 00:00:00+07:00,"3297.96,3301.97,3297.61,3301.85"
2025-07-31 01:00:00+07:00,"3301.86,3304.52,3279.78,3280.58"
2025-07-31 02:00:00+07:00,"3280.56,3282.75,3268.15,3269.56"
2025-07-31 03:00:00+07:00,"3269.54,3275.97,3268.94,3275.74"
2025-07-31 05:00:00+07:00,"3275.39,3280.18,3273.95,3278.73"
2025-07-31 06:00:00+07:00,"3278.79,3285.97,3278.07,3285.14"
2025-07-31 07:00:00+07:00,"3285.13,3288.49,3282.62,3286.31"
2025-07-31 08:00:00+07:00,"3286.3,3293.77,3284.95,3293.64"
2025-07-31 09:00:00+07:00,"3293.65,3297.41,3290.4,3297.41"
2025-07-31 10:00:00+07:00,"3297.41,3298.5,3293.64,3295.21"
2025-07-31 11:00:00+07:00,"3295.19,3298.47,3293.55,3297.93"
2025-07-31 12:00:00+07:00,"3297.91,3301.36,3294.63,3299.54"
2025-07-31 13:00:00+07:00,"3299.52,3304.91,3298.02,3299.16"
2025-07-31 14:00:00+07:00,"3299.19,3309.55,3297.89,3304.71"
2025-07-31 15:00:00+07:00,"3304.66,3314.84,3303.54,3310.07"
2025-07-31 16:00:00+07:00,"3310.06,3313.11,3304.82,3306.48"
2025-07-31 17:00:00+07:00,"3306.47,3308.17,3293.86,3296.11"
2025-07-31 18:00:00+07:00,"3296.1,3307.9,3295.3,3306.43"
2025-07-31 19:00:00+07:00,"3306.42,3311.12,3303.87,3307.72"
2025-07-31 20:00:00+07:00,"3307.72,3310.42,3300.53,3301.45"
2025-07-31 21:00:00+07:00,"3301.43,3303.25,3291.37,3296.02"
2025-07-31 22:00:00+07:00,"3296.01,3299.23,3291.32,3295.62"
2025-07-31 23:00:00+07:00,"3295.63,3297.29,3289.75,3295.17"
2025-08-01 00:00:00+07:00,"3295.19,3298.49,3293.85,3295.09"
2025-08-01 01:00:00+07:00,"3295.11,3297.25,3292.66,3295.6"
2025-08-01 02:00:00+07:00,"3295.61,3296.55,3290.4,3291.18"
2025-08-01 03:00:00+07:00,"3291.14,3293.76,3289.3,3290.1"
2025-08-01 05:00:00+07:00,"3289.74,3295.23,3289.11,3295.15"
2025-08-01 06:00:00+07:00,"3295.14,3295.23,3287.91,3288.42"
2025-08-01 07:00:00+07:00,"3288.41,3293.61,3286.51,3290.49"
2025-08-01 08:00:00+07:00,"3290.47,3293.35,3281.66,3283.83"
2025-08-01 09:00:00+07:00,"3283.81,3292.45,3283.18,3291.93"
2025-08-01 10:00:00+07:00,"3291.94,3297.26,3290.37,3291.7"
2025-08-01 11:00:00+07:00,"3291.61,3295.4,3289.97,3292.32"
2025-08-01 12:00:00+07:00,"3292.34,3300.46,3291.76,3296.5"
2025-08-01 13:00:00+07:00,"3296.45,3297.44,3290.46,3292.45"
2025-08-01 14:00:00+07:00,"3292.4,3293.46,3285.21,3287"
2025-08-01 15:00:00+07:00,"3286.98,3294.27,3285.2,3294.24"
2025-08-01 16:00:00+07:00,"3294.21,3296.44,3292.88,3294.3"
2025-08-01 17:00:00+07:00,"3294.29,3303.16,3293.39,3298.12"
2025-08-01 18:00:00+07:00,"3298.11,3301.49,3296.76,3300.29"
2025-08-01 19:00:00+07:00,"3300.18,3345.2,3297.34,3341.46"
2025-08-01 20:00:00+07:00,"3341.48,3354.69,3338.74,3341.9"
2025-08-01 21:00:00+07:00,"3341.86,3354.92,3341.21,3345.87"
2025-08-01 22:00:00+07:00,"3345.88,3351.41,3341.47,3348.74"
2025-08-01 23:00:00+07:00,"3348.69,3349.55,3340.77,3347.13"
2025-08-02 00:00:00+07:00,"3347.07,3349.36,3345.64,3348.06"
2025-08-02 01:00:00+07:00,"3348.07,3351.3,3345.78,3347.79"
2025-08-02 02:00:00+07:00,"3347.8,3361.38,3347.57,3357.37"
2025-08-02 03:00:00+07:00,"3357.36,3363.56,3357.24,3362.69"
2025-08-04 05:00:00+07:00,"3366.2,3366.9,3357.61,3358.95"
2025-08-04 06:00:00+07:00,"3359.02,3362.14,3354.52,3361.81"
2025-08-04 07:00:00+07:00,"3361.8,3362.21,3350.03,3352.32"
2025-08-04 08:00:00+07:00,"3352.27,3353.7,3345,3352.51"
2025-08-04 09:00:00+07:00,"3352.53,3355.18,3350.2,3354.18"
2025-08-04 10:00:00+07:00,"3354.17,3360.98,3354.17,3360.16"
2025-08-04 11:00:00+07:00,"3360.14,3362.01,3358.7,3358.87"
2025-08-04 12:00:00+07:00,"3359.14,3361.01,3355.7,3357.74"
2025-08-04 13:00:00+07:00,"3357.75,3362.74,3353.39,3362.69"
2025-08-04 14:00:00+07:00,"3362.62,3362.62,3351.68,3355.67"
2025-08-04 15:00:00+07:00,"3355.72,3359.83,3354.08,3358.67"
2025-08-04 16:00:00+07:00,"3358.66,3361.9,3356.74,3357.72"
2025-08-04 17:00:00+07:00,"3357.73,3359,3352.77,3357.7"
2025-08-04 18:00:00+07:00,"3357.75,3370.83,3357.54,3370.17"
2025-08-04 19:00:00+07:00,"3370.18,3371.58,3361.29,3367.62"
2025-08-04 20:00:00+07:00,"3367.65,3385.52,3366.93,3383.26"
2025-08-04 21:00:00+07:00,"3383.21,3384.79,3372.05,3373.89"
2025-08-04 22:00:00+07:00,"3373.87,3376.19,3370.65,3374.49"
2025-08-04 23:00:00+07:00,"3374.5,3378.24,3370.52,3371.12"
2025-08-05 00:00:00+07:00,"3371.13,3374.39,3370.86,3374.19"
2025-08-05 01:00:00+07:00,"3374.2,3376.95,3373.1,3375.6"
2025-08-05 02:00:00+07:00,"3375.6,3377.26,3374.34,3375.82"
2025-08-05 03:00:00+07:00,"3375.8,3377.05,3373.27,3373.95"
2025-08-05 05:00:00+07:00,"3374.72,3376.51,3373.67,3374.85"
2025-08-05 06:00:00+07:00,"3374.83,3379.71,3374.83,3377.61"
2025-08-05 07:00:00+07:00,"3377.62,3381.21,3375.76,3379.69"
2025-08-05 08:00:00+07:00,"3379.68,3382.45,3378.14,3378.94"
2025-08-05 09:00:00+07:00,"3378.95,3381.43,3373.58,3373.58"
2025-08-05 10:00:00+07:00,"3373.53,3375.52,3372,3372.36"
2025-08-05 11:00:00+07:00,"3372.31,3373.24,3370.9,3370.96"
2025-08-05 12:00:00+07:00,"3370.94,3374.1,3367.58,3373.84"
2025-08-05 13:00:00+07:00,"3373.85,3374.29,3365.62,3366.44"
2025-08-05 14:00:00+07:00,"3366.42,3375.62,3366.15,3373.86"
2025-08-05 15:00:00+07:00,"3373.81,3374.73,3365.98,3366.28"
2025-08-05 16:00:00+07:00,"3366.29,3366.49,3358.99,3359.94"
2025-08-05 17:00:00+07:00,"3359.93,3361.93,3352.97,3353.32"
2025-08-05 18:00:00+07:00,"3353.27,3354.34,3349.97,3351.59"
2025-08-05 19:00:00+07:00,"3351.58,3367,3349.97,3366.03"
2025-08-05 20:00:00+07:00,"3366.04,3379.7,3365.87,3374.02"
2025-08-05 21:00:00+07:00,"3374.02,3386.68,3370.59,3385.14"
2025-08-05 22:00:00+07:00,"3385.15,3390.11,3382.04,3389.7"
2025-08-05 23:00:00+07:00,"3389.68,3390.54,3376.82,3381.89"
2025-08-06 00:00:00+07:00,"3381.93,3382.92,3378.94,3380.3"
2025-08-06 01:00:00+07:00,"3380.31,3381.22,3378.67,3379.85"
2025-08-06 02:00:00+07:00,"3379.86,3381.5,3378,3379.21"
2025-08-06 03:00:00+07:00,"3379.19,3380.86,3378.64,3380.86"
2025-08-06 05:00:00+07:00,"3381.03,3382.02,3378.03,3379.54"
2025-08-06 06:00:00+07:00,"3379.51,3384.09,3378.87,3383.09"
2025-08-06 07:00:00+07:00,"3383.08,3385.49,3380.8,3383.28"
2025-08-06 08:00:00+07:00,"3383.26,3383.48,3373.08,3376.18"
2025-08-06 09:00:00+07:00,"3376.15,3377.89,3374.08,3376.4"
2025-08-06 10:00:00+07:00,"3376.41,3378.4,3373.47,3374.42"
2025-08-06 11:00:00+07:00,"3374.43,3376.46,3372.07,3372.25"
2025-08-06 12:00:00+07:00,"3372.23,3374.77,3370.55,3374.14"
2025-08-06 13:00:00+07:00,"3374.13,3378.75,3373.09,3375.32"
2025-08-06 14:00:00+07:00,"3375.31,3377.16,3368.97,3373.45"
2025-08-06 15:00:00+07:00,"3373.35,3374.66,3364.96,3364.97"
2025-08-06 16:00:00+07:00,"3365.31,3367.86,3358.37,3358.99"
2025-08-06 17:00:00+07:00,"3359.05,3365.61,3358.24,3363.81"
2025-08-06 18:00:00+07:00,"3363.77,3367.09,3360.61,3365.3"
2025-08-06 19:00:00+07:00,"3365.31,3369.39,3360.17,3367.44"
2025-08-06 20:00:00+07:00,"3367.4,3373.67,3365.36,3371.83"
2025-08-06 21:00:00+07:00,"3371.82,3379.38,3369.4,3379.16"
2025-08-06 22:00:00+07:00,"3379.15,3379.96,3370.33,3377.29"
2025-08-06 23:00:00+07:00,"3377.28,3379.58,3372.8,3375.94"
2025-08-07 00:00:00+07:00,"3375.98,3377.38,3370.74,3374.7"
2025-08-07 01:00:00+07:00,"3374.7,3374.76,3368.98,3371.79"
2025-08-07 02:00:00+07:00,"3371.75,3373.21,3370.26,3371.54"
2025-08-07 03:00:00+07:00,"3371.5,3372.25,3367,3369.03"
2025-08-07 05:00:00+07:00,"3371.25,3374.91,3369.87,3371.8"
2025-08-07 06:00:00+07:00,"3371.85,3371.9,3367.64,3370.03"
2025-08-07 07:00:00+07:00,"3370.04,3374.65,3365.21,3371.98"
2025-08-07 08:00:00+07:00,"3371.97,3382.51,3369.97,3382.15"
2025-08-07 09:00:00+07:00,"3382.1,3383.74,3378.1,3379.77"
2025-08-07 10:00:00+07:00,"3379.75,3380.55,3376.67,3379.62"
2025-08-07 11:00:00+07:00,"3379.61,3380.85,3376.82,3377.81"
2025-08-07 12:00:00+07:00,"3377.82,3381.11,3371.63,3375.46"
2025-08-07 13:00:00+07:00,"3375.49,3387.91,3375.27,3387.58"
2025-08-07 14:00:00+07:00,"3387.75,3397.21,3386.22,3395.98"
2025-08-07 15:00:00+07:00,"3395.98,3396.66,3372.39,3378.52"
2025-08-07 16:00:00+07:00,"3378.48,3381.27,3373.17,3376.81"
2025-08-07 17:00:00+07:00,"3376.82,3378.99,3371.68,3373.16"
2025-08-07 18:00:00+07:00,"3373.16,3383.27,3371.9,3378.06"
2025-08-07 19:00:00+07:00,"3378.07,3389.86,3375.48,3381.03"
2025-08-07 20:00:00+07:00,"3381.04,3393.63,3379.93,3385.27"
2025-08-07 21:00:00+07:00,"3385.29,3390.4,3375.33,3387.83"
2025-08-07 22:00:00+07:00,"3387.98,3390.79,3384.64,3390.22"
2025-08-07 23:00:00+07:00,"3390.05,3392.71,3387.12,3388.96"
2025-08-08 00:00:00+07:00,"3388.96,3393.15,3384.85,3392.1"
2025-08-08 01:00:00+07:00,"3392.11,3394.12,3387.61,3388.35"
2025-08-08 02:00:00+07:00,"3388.34,3400.35,3387.19,3399.75"
2025-08-08 03:00:00+07:00,"3399.72,3402.06,3392.85,3397.78"
2025-08-08 05:00:00+07:00,"3403.31,3408.01,3388.97,3404.75"
2025-08-08 06:00:00+07:00,"3404.74,3406.94,3396.79,3400.62"
2025-08-08 07:00:00+07:00,"3400.7,3402.49,3387.78,3389.59"
2025-08-08 08:00:00+07:00,"3389.61,3390.84,3381.19,3383.75"
2025-08-08 09:00:00+07:00,"3383.76,3389.95,3383.35,3388.52"
2025-08-08 10:00:00+07:00,"3388.55,3397.81,3383.57,3396.06"
2025-08-08 11:00:00+07:00,"3396.05,3399.18,3393.67,3394.59"
2025-08-08 12:00:00+07:00,"3394.58,3396.21,3390.27,3392.47"
2025-08-08 13:00:00+07:00,"3392.46,3397.7,3388.77,3393.78"
2025-08-08 14:00:00+07:00,"3393.77,3404.2,3391.87,3401.9"
2025-08-08 15:00:00+07:00,"3401.86,3402.84,3394.3,3394.53"
2025-08-08 16:00:00+07:00,"3394.56,3401.63,3393.76,3400.59"
2025-08-08 17:00:00+07:00,"3400.6,3401.1,3384.11,3385"
2025-08-08 18:00:00+07:00,"3384.97,3388.63,3380.39,3386.27"
2025-08-08 19:00:00+07:00,"3386.28,3402.27,3384.9,3391.33"
2025-08-08 20:00:00+07:00,"3391.32,3401.24,3387.48,3399.95"
2025-08-08 21:00:00+07:00,"3399.92,3401.02,3381.27,3390.74"
2025-08-08 22:00:00+07:00,"3390.75,3395.12,3388.75,3395.1"
2025-08-08 23:00:00+07:00,"3395.12,3400.56,3393.39,3397.8"
2025-08-09 00:00:00+07:00,"3397.79,3399.56,3379.68,3379.95"
2025-08-09 01:00:00+07:00,"3379.96,3404.44,3377.19,3395.68"
2025-08-09 02:00:00+07:00,"3395.66,3400.69,3392.18,3398.52"
2025-08-09 03:00:00+07:00,"3398.55,3398.81,3392.81,3398.35"
2025-08-11 05:00:00+07:00,"3403.82,3405.17,3391.27,3395.44"
2025-08-11 06:00:00+07:00,"3395.43,3396.66,3390.22,3391.61"
2025-08-11 07:00:00+07:00,"3391.71,3391.74,3381.43,3381.75"
2025-08-11 08:00:00+07:00,"3381.83,3384.07,3367.72,3377.61"
2025-08-11 09:00:00+07:00,"3377.6,3380.09,3369.79,3377.05"
2025-08-11 10:00:00+07:00,"3377,3380.28,3374.06,3378.09"
2025-08-11 11:00:00+07:00,"3378.12,3379.83,3375.44,3375.73"
2025-08-11 12:00:00+07:00,"3375.72,3380.14,3374.06,3376.95"
2025-08-11 13:00:00+07:00,"3376.96,3377.17,3363.59,3365.94"
2025-08-11 14:00:00+07:00,"3365.92,3366.47,3356.93,3360"
2025-08-11 15:00:00+07:00,"3359.98,3365.73,3358.77,3361.96"
2025-08-11 16:00:00+07:00,"3361.8,3363.85,3352.93,3353.67"
2025-08-11 17:00:00+07:00,"3353.65,3363.9,3353.25,3358.46"
2025-08-11 18:00:00+07:00,"3358.41,3358.98,3349.97,3355.26"
2025-08-11 19:00:00+07:00,"3355.37,3357.55,3344.01,3356.64"
2025-08-11 20:00:00+07:00,"3356.63,3363,3348.46,3358.54"
2025-08-11 21:00:00+07:00,"3358.52,3359.67,3341.33,3346.45"
2025-08-11 22:00:00+07:00,"3346.46,3352.41,3345.07,3349.24"
2025-08-11 23:00:00+07:00,"3349.24,3350.24,3342.56,3343.99"
2025-08-12 00:00:00+07:00,"3344.02,3358.76,3341.46,3357.76"
2025-08-12 01:00:00+07:00,"3357.82,3358.54,3352.15,3355.97"
2025-08-12 02:00:00+07:00,"3355.98,3357,3350.42,3351.67"
2025-08-12 03:00:00+07:00,"3351.69,3351.86,3342.1,3342.79"
2025-08-12 05:00:00+07:00,"3343.24,3347.34,3342.43,3346.9"
2025-08-12 06:00:00+07:00,"3346.9,3349.74,3346.18,3348.86"
2025-08-12 07:00:00+07:00,"3348.87,3355.77,3347.38,3354.67"
2025-08-12 08:00:00+07:00,"3354.68,3357.26,3346.09,3349.95"
2025-08-12 09:00:00+07:00,"3349.93,3354.42,3349.84,3353.25"
2025-08-12 10:00:00+07:00,"3353.22,3355.26,3348,3349.53"
2025-08-12 11:00:00+07:00,"3349.54,3355.58,3348.75,3354.63"
2025-08-12 12:00:00+07:00,"3354.61,3355.74,3350.46,3354.48"
2025-08-12 13:00:00+07:00,"3354.49,3354.88,3342.2,3345.52"
2025-08-12 14:00:00+07:00,"3345.54,3358.03,3343.93,3355.46"
2025-08-12 15:00:00+07:00,"3355.47,3355.63,3345.47,3347.76"
2025-08-12 16:00:00+07:00,"3347.78,3351.92,3344.5,3345.34"
2025-08-12 17:00:00+07:00,"3345.33,3350.59,3343.94,3344.81"
2025-08-12 18:00:00+07:00,"3344.88,3348.46,3336.08,3347.33"
2025-08-12 19:00:00+07:00,"3347.34,3357.85,3338.58,3350.05"
2025-08-12 20:00:00+07:00,"3350.08,3357.18,3340.34,3345.86"
2025-08-12 21:00:00+07:00,"3345.85,3346.67,3330.97,3337.33"
2025-08-12 22:00:00+07:00,"3337.3,3359.52,3336.75,3349.68"
2025-08-12 23:00:00+07:00,"3349.67,3351.31,3345.87,3349.29"
2025-08-13 00:00:00+07:00,"3349.28,3350.81,3346.4,3348.81"
2025-08-13 01:00:00+07:00,"3348.82,3351,3347.37,3349.2"
2025-08-13 02:00:00+07:00,"3349.12,3349.51,3345.62,3347.42"
2025-08-13 03:00:00+07:00,"3347.4,3350.08,3345.92,3348.14"
2025-08-13 05:00:00+07:00,"3350.08,3353.84,3349.1,3350.68"
2025-08-13 06:00:00+07:00,"3350.67,3352.24,3349.54,3350.72"
2025-08-13 07:00:00+07:00,"3350.71,3350.89,3342.67,3343.47"
2025-08-13 08:00:00+07:00,"3343.48,3352.07,3342.97,3350.71"
2025-08-13 09:00:00+07:00,"3350.72,3354.3,3346.64,3351.94"
2025-08-13 10:00:00+07:00,"3351.93,3353.1,3348.74,3349.87"
2025-08-13 11:00:00+07:00,"3349.88,3352.25,3348.02,3351.63"
2025-08-13 12:00:00+07:00,"3351.62,3352.22,3345.86,3349.11"
2025-08-13 13:00:00+07:00,"3349.12,3357.33,3348.8,3357.33"
2025-08-13 14:00:00+07:00,"3357.23,3361.12,3353.8,3354.87"
2025-08-13 15:00:00+07:00,"3354.81,3363.24,3352.69,3360.45"
2025-08-13 16:00:00+07:00,"3360.55,3366.61,3358.6,3364.51"
2025-08-13 17:00:00+07:00,"3364.44,3367,3362.99,3365.95"
2025-08-13 18:00:00+07:00,"3365.97,3367.16,3358.97,3362.43"
2025-08-13 19:00:00+07:00,"3362.46,3363.76,3355.35,3358.26"
2025-08-13 20:00:00+07:00,"3358.19,3365.99,3354.14,3364.91"
2025-08-13 21:00:00+07:00,"3364.93,3370.84,3361.03,3362.94"
2025-08-13 22:00:00+07:00,"3362.99,3363.67,3354.4,3357.93"
2025-08-13 23:00:00+07:00,"3357.94,3360.95,3356.89,3358"
2025-08-14 00:00:00+07:00,"3358.01,3359.29,3352.67,3353.59"
2025-08-14 01:00:00+07:00,"3353.62,3354.55,3349.8,3353.91"
2025-08-14 02:00:00+07:00,"3353.92,3358.67,3352.51,3357.69"
2025-08-14 03:00:00+07:00,"3357.65,3358.08,3355.47,3355.99"
2025-08-14 05:00:00+07:00,"3356.94,3359.07,3356.52,3357.42"
2025-08-14 06:00:00+07:00,"3357.41,3363.6,3357.41,3362.63"
2025-08-14 07:00:00+07:00,"3362.62,3374.78,3362.57,3369.63"
2025-08-14 08:00:00+07:00,"3369.69,3370.87,3365.06,3367.27"
2025-08-14 09:00:00+07:00,"3367.26,3369.45,3362.72,3362.77"
2025-08-14 10:00:00+07:00,"3362.75,3364.23,3355.55,3360.36"
2025-08-14 11:00:00+07:00,"3360.31,3361.9,3358.6,3360.34"
2025-08-14 12:00:00+07:00,"3360.34,3362.07,3356.19,3358.81"
2025-08-14 13:00:00+07:00,"3358.72,3362.53,3355.88,3361.92"
2025-08-14 14:00:00+07:00,"3361.89,3366.46,3343.66,3345.76"
2025-08-14 15:00:00+07:00,"3345.71,3350.49,3341.34,3346.08"
2025-08-14 16:00:00+07:00,"3346.09,3359.22,3345.01,3356.31"
2025-08-14 17:00:00+07:00,"3356.3,3359.12,3352.03,3355.07"
2025-08-14 18:00:00+07:00,"3355.24,3357.25,3352.51,3355.3"
2025-08-14 19:00:00+07:00,"3355.32,3358.5,3342.22,3350.88"
2025-08-14 20:00:00+07:00,"3350.84,3355.92,3343.79,3344.35"
2025-08-14 21:00:00+07:00,"3344.31,3346.62,3334.08,3340.72"
2025-08-14 22:00:00+07:00,"3340.89,3343.03,3335.74,3341.68"
2025-08-14 23:00:00+07:00,"3342.01,3342.18,3329.95,3334.42"
2025-08-15 00:00:00+07:00,"3334.54,3338.62,3331.91,3337.66"
2025-08-15 01:00:00+07:00,"3337.68,3339.49,3335.91,3338.08"
2025-08-15 02:00:00+07:00,"3338.07,3341,3337.79,3338.17"
2025-08-15 03:00:00+07:00,"3338.18,3338.67,3334.32,3335.54"
2025-08-15 05:00:00+07:00,"3337.07,3337.88,3332.48,3333.49"
2025-08-15 06:00:00+07:00,"3333.51,3336.72,3332.21,3335.74"
2025-08-15 07:00:00+07:00,"3335.75,3338.89,3332.46,3337"
2025-08-15 08:00:00+07:00,"3337.04,3340.11,3333.51,3339.42"
2025-08-15 09:00:00+07:00,"3339.44,3340.9,3336.68,3340.64"
2025-08-15 10:00:00+07:00,"3340.65,3344.99,3339.96,3343.18"
2025-08-15 11:00:00+07:00,"3343.18,3346.7,3343.15,3345.24"
2025-08-15 12:00:00+07:00,"3345.2,3348.89,3341.91,3343.96"
2025-08-15 13:00:00+07:00,"3343.93,3344.14,3340.06,3340.57"
2025-08-15 14:00:00+07:00,"3340.62,3346.52,3340.02,3346.12"
2025-08-15 15:00:00+07:00,"3346.11,3348.27,3338.22,3341.14"
2025-08-15 16:00:00+07:00,"3341.11,3345.05,3338.42,3342.53"
2025-08-15 17:00:00+07:00,"3342.54,3342.72,3336.23,3337.76"
2025-08-15 18:00:00+07:00,"3337.77,3344.25,3336.97,3342.15"
2025-08-15 19:00:00+07:00,"3342.23,3343.91,3333.63,3342.52"
2025-08-15 20:00:00+07:00,"3342.63,3346.02,3332.99,3335.72"
2025-08-15 21:00:00+07:00,"3335.7,3343.39,3335.13,3341.65"
2025-08-15 22:00:00+07:00,"3341.64,3345.29,3341.45,3342.21"
2025-08-15 23:00:00+07:00,"3342.22,3342.64,3336.01,3338.06"
2025-08-16 00:00:00+07:00,"3338.07,3339.17,3335.27,3336.23"
2025-08-16 01:00:00+07:00,"3336.28,3338.45,3334.62,3336.17"
2025-08-16 02:00:00+07:00,"3336.18,3339.38,3334.23,3338.82"
2025-08-16 03:00:00+07:00,"3338.8,3339.46,3335.09,3336.2"
2025-08-18 05:00:00+07:00,"3337.23,3337.46,3332.96,3334.56"
2025-08-18 06:00:00+07:00,"3334.55,3334.64,3323.48,3326.87"
2025-08-18 07:00:00+07:00,"3326.9,3342.66,3326.65,3340.4"
2025-08-18 08:00:00+07:00,"3340.39,3347.14,3339.5,3346.68"
2025-08-18 09:00:00+07:00,"3346.64,3347.57,3342.46,3343.19"
2025-08-18 10:00:00+07:00,"3343.18,3351.98,3343.12,3347.24"
2025-08-18 11:00:00+07:00,"3347.24,3358.15,3346.98,3357.31"
2025-08-18 12:00:00+07:00,"3357.39,3358.39,3346.55,3349.53"
2025-08-18 13:00:00+07:00,"3349.52,3351.02,3345.99,3349.66"
2025-08-18 14:00:00+07:00,"3349.68,3355.78,3347.28,3349.2"
2025-08-18 15:00:00+07:00,"3349.18,3350.04,3344.48,3348.86"
2025-08-18 16:00:00+07:00,"3348.85,3351.74,3347.38,3348.34"
2025-08-18 17:00:00+07:00,"3348.33,3351.46,3346.42,3346.79"
2025-08-18 18:00:00+07:00,"3346.81,3348.87,3344.78,3345.63"
2025-08-18 19:00:00+07:00,"3345.64,3348.77,3343.15,3344.93"
2025-08-18 20:00:00+07:00,"3344.84,3345.08,3335.69,3336.99"
2025-08-18 21:00:00+07:00,"3336.97,3338.89,3332.48,3334.5"
2025-08-18 22:00:00+07:00,"3334.54,3337,3332.13,3335.47"
2025-08-18 23:00:00+07:00,"3335.48,3335.99,3331.67,3334.07"
2025-08-19 00:00:00+07:00,"3334.15,3334.9,3331.67,3333.91"
2025-08-19 01:00:00+07:00,"3333.9,3333.96,3331.67,3332.15"
2025-08-19 02:00:00+07:00,"3332.14,3334.43,3330.15,3333.41"
2025-08-19 03:00:00+07:00,"3333.45,3334.43,3332.58,3332.79"
2025-08-19 05:00:00+07:00,"3333.95,3334.84,3332.79,3334.62"
2025-08-19 06:00:00+07:00,"3334.61,3334.84,3330.38,3331.12"
2025-08-19 07:00:00+07:00,"3331.14,3338.94,3326.18,3335.04"
2025-08-19 08:00:00+07:00,"3335.05,3335.72,3330.23,3332.9"
2025-08-19 09:00:00+07:00,"3332.91,3338.23,3329.37,3337.88"
2025-08-19 10:00:00+07:00,"3337.86,3341.66,3336.98,3337.99"
2025-08-19 11:00:00+07:00,"3338,3338.24,3334.61,3337.47"
2025-08-19 12:00:00+07:00,"3337.39,3340.81,3335.9,3336.27"
2025-08-19 13:00:00+07:00,"3336.28,3338.87,3334.36,3336.24"
2025-08-19 14:00:00+07:00,"3336.27,3341.88,3335.08,3340.58"
2025-08-19 15:00:00+07:00,"3340.57,3341.1,3336.58,3338.09"
2025-08-19 16:00:00+07:00,"3338.11,3339.8,3336.79,3339.5"
2025-08-19 17:00:00+07:00,"3339.51,3345.16,3339.1,3343.46"
2025-08-19 18:00:00+07:00,"3343.43,3344.86,3339.48,3339.91"
2025-08-19 19:00:00+07:00,"3339.92,3340.68,3334.29,3334.98"
2025-08-19 20:00:00+07:00,"3334.92,3339.2,3325.71,3334.11"
2025-08-19 21:00:00+07:00,"3334.12,3337.12,3320.78,3325.53"
2025-08-19 22:00:00+07:00,"3325.58,3326.9,3321.79,3322.48"
2025-08-19 23:00:00+07:00,"3322.53,3324.57,3316.97,3317.62"
2025-08-20 00:00:00+07:00,"3317.63,3320.03,3314.95,3317.67"
2025-08-20 01:00:00+07:00,"3317.68,3319.97,3316.66,3318.22"
2025-08-20 02:00:00+07:00,"3318.31,3318.99,3315.39,3316.09"
2025-08-20 03:00:00+07:00,"3316.05,3317.58,3314.95,3315.97"
2025-08-20 05:00:00+07:00,"3317.03,3317.62,3315.35,3316.91"
2025-08-20 06:00:00+07:00,"3316.9,3316.98,3312.96,3314.46"
2025-08-20 07:00:00+07:00,"3314.36,3317.01,3312.7,3316.25"
2025-08-20 08:00:00+07:00,"3316.24,3317.87,3311.41,3315.47"
2025-08-20 09:00:00+07:00,"3315.43,3317.2,3312.52,3314.25"
2025-08-20 10:00:00+07:00,"3314.24,3318.73,3313.88,3317.46"
2025-08-20 11:00:00+07:00,"3317.46,3321,3317.09,3318.83"
2025-08-20 12:00:00+07:00,"3318.85,3323.87,3317.99,3323.25"
2025-08-20 13:00:00+07:00,"3323.26,3326.11,3322.25,3322.87"
2025-08-20 14:00:00+07:00,"3322.92,3327.6,3321.42,3325.03"
2025-08-20 15:00:00+07:00,"3325.02,3325.77,3320.88,3324.88"
2025-08-20 16:00:00+07:00,"3324.87,3327.22,3323.42,3326.32"
2025-08-20 17:00:00+07:00,"3326.31,3328.02,3323.85,3326.62"
2025-08-20 18:00:00+07:00,"3326.64,3332.76,3325.59,3332.14"
2025-08-20 19:00:00+07:00,"3332.17,3344.89,3331.9,3342.77"
2025-08-20 20:00:00+07:00,"3342.77,3348.55,3338.9,3344.78"
2025-08-20 21:00:00+07:00,"3344.77,3350.37,3339.88,3346.8"
2025-08-20 22:00:00+07:00,"3346.73,3347.17,3338.97,3340.85"
2025-08-20 23:00:00+07:00,"3340.84,3346.2,3340.52,3345.32"
2025-08-21 00:00:00+07:00,"3345.3,3348.02,3343.94,3346.67"
2025-08-21 01:00:00+07:00,"3346.72,3347.13,3344.08,3345.58"
2025-08-21 02:00:00+07:00,"3345.57,3349.37,3344.95,3348.91"
2025-08-21 03:00:00+07:00,"3348.9,3349.49,3347.38,3348.59"
2025-08-21 05:00:00+07:00,"3350.09,3352.26,3348.68,3349.51"
2025-08-21 06:00:00+07:00,"3349.55,3349.72,3346.47,3346.79"
2025-08-21 07:00:00+07:00,"3346.78,3346.89,3341.39,3342.42"
2025-08-21 08:00:00+07:00,"3342.41,3346.45,3340.89,3342.94"
2025-08-21 09:00:00+07:00,"3342.93,3345.04,3340.65,3344.47"
2025-08-21 10:00:00+07:00,"3344.44,3344.89,3339.57,3340.06"
2025-08-21 11:00:00+07:00,"3340.03,3341.16,3337.84,3338.45"
2025-08-21 12:00:00+07:00,"3338.45,3340.75,3336.93,3339.03"
2025-08-21 13:00:00+07:00,"3338.99,3340.07,3334.16,3336.46"
2025-08-21 14:00:00+07:00,"3336.48,3341.67,3335.43,3339.53"
2025-08-21 15:00:00+07:00,"3339.52,3341.44,3337.82,3339.78"
2025-08-21 16:00:00+07:00,"3339.77,3342.21,3338.05,3340.5"
2025-08-21 17:00:00+07:00,"3340.49,3341.66,3327.71,3328.67"
2025-08-21 18:00:00+07:00,"3328.76,3334.44,3325.12,3333.42"
2025-08-21 19:00:00+07:00,"3333.41,3345.21,3333.41,3342.05"
2025-08-21 20:00:00+07:00,"3342.03,3347.48,3336.01,3339.55"
2025-08-21 21:00:00+07:00,"3339.46,3348.13,3337.97,3344.03"
2025-08-21 22:00:00+07:00,"3344.02,3346.06,3337.38,3343.69"
2025-08-21 23:00:00+07:00,"3343.67,3344.03,3338.37,3339.95"
2025-08-22 00:00:00+07:00,"3339.93,3342.13,3337.05,3337.07"
2025-08-22 01:00:00+07:00,"3337.08,3339.6,3336.43,3339.18"
2025-08-22 02:00:00+07:00,"3339.17,3342.18,3337.83,3338.96"
2025-08-22 03:00:00+07:00,"3339,3339.35,3337.92,3338.72"
2025-08-22 05:00:00+07:00,"3339.13,3340.79,3338.27,3339.11"
2025-08-22 06:00:00+07:00,"3339.12,3339.7,3337.28,3338.32"
2025-08-22 07:00:00+07:00,"3338.26,3339.97,3334.91,3339.4"
2025-08-22 08:00:00+07:00,"3339.42,3340.42,3333.74,3334.27"
2025-08-22 09:00:00+07:00,"3334.26,3336.4,3332.96,3333.92"
2025-08-22 10:00:00+07:00,"3333.91,3335.31,3331.65,3332.1"
2025-08-22 11:00:00+07:00,"3332.13,3332.87,3327.97,3328.59"
2025-08-22 12:00:00+07:00,"3328.58,3331.54,3327.02,3330.31"
2025-08-22 13:00:00+07:00,"3330.3,3330.57,3325.88,3329.35"
2025-08-22 14:00:00+07:00,"3329.33,3335.09,3325.91,3327.6"
2025-08-22 15:00:00+07:00,"3327.59,3330.53,3325.21,3329.01"
2025-08-22 16:00:00+07:00,"3329,3331.71,3328.08,3329.99"
2025-08-22 17:00:00+07:00,"3329.98,3331.83,3328.87,3331.15"
2025-08-22 18:00:00+07:00,"3331.16,3331.23,3327.68,3329.5"
2025-08-22 19:00:00+07:00,"3329.49,3330.02,3321.54,3323.71"
2025-08-22 20:00:00+07:00,"3323.68,3336.35,3323.09,3333.9"
2025-08-22 21:00:00+07:00,"3333.87,3376.81,3333.87,3373.57"
2025-08-22 22:00:00+07:00,"3373.6,3378.74,3367.36,3368.07"
2025-08-22 23:00:00+07:00,"3368.06,3374.18,3368.06,3370.33"
2025-08-23 00:00:00+07:00,"3370.37,3375.6,3370.26,3374.05"
2025-08-23 01:00:00+07:00,"3374,3375.16,3370.9,3372.55"
2025-08-23 02:00:00+07:00,"3372.64,3373.7,3368.78,3373.26"
2025-08-23 03:00:00+07:00,"3373.21,3373.63,3370.09,3371.86"
2025-08-25 05:00:00+07:00,"3371.27,3371.44,3365.82,3367.47"
2025-08-25 06:00:00+07:00,"3367.48,3371.24,3366.29,3369.08"
2025-08-25 07:00:00+07:00,"3369.06,3369.79,3363.44,3364.76"
2025-08-25 08:00:00+07:00,"3364.79,3367.95,3360.85,3362.73"
2025-08-25 09:00:00+07:00,"3362.73,3365.07,3359.65,3364.25"
2025-08-25 10:00:00+07:00,"3364.23,3368.1,3364.11,3367.49"
2025-08-25 11:00:00+07:00,"3367.5,3367.78,3363.95,3366"
2025-08-25 12:00:00+07:00,"3366.01,3366.23,3363.09,3364.43"
2025-08-25 13:00:00+07:00,"3364.42,3369.68,3364.36,3368.73"
2025-08-25 14:00:00+07:00,"3368.74,3369.92,3365.96,3366.36"
2025-08-25 15:00:00+07:00,"3366.37,3366.94,3363.39,3364.14"
2025-08-25 16:00:00+07:00,"3364.13,3368.11,3361.79,3367.18"
2025-08-25 17:00:00+07:00,"3367.19,3368.46,3364.97,3366.19"
2025-08-25 18:00:00+07:00,"3366.2,3371.68,3365.61,3370.44"
2025-08-25 19:00:00+07:00,"3370.45,3371.23,3364.13,3364.67"
2025-08-25 20:00:00+07:00,"3364.66,3371.47,3362.16,3370.61"
2025-08-25 21:00:00+07:00,"3370.64,3375.49,3369.27,3374.17"
2025-08-25 22:00:00+07:00,"3374.2,3376.39,3371.93,3373.89"
2025-08-25 23:00:00+07:00,"3373.88,3374.24,3372.02,3373.67"
2025-08-26 00:00:00+07:00,"3373.68,3374.9,3370.86,3370.92"
2025-08-26 01:00:00+07:00,"3370.93,3373.4,3369.83,3370.67"
2025-08-26 02:00:00+07:00,"3370.68,3370.95,3365.23,3365.59"
2025-08-26 03:00:00+07:00,"3365.64,3366.19,3364.37,3366.09"
2025-08-26 05:00:00+07:00,"3365.75,3367.37,3363.59,3364.46"
2025-08-26 06:00:00+07:00,"3364.48,3364.49,3351.57,3355.08"
2025-08-26 07:00:00+07:00,"3355.07,3386.14,3351.32,3383.41"
2025-08-26 08:00:00+07:00,"3383.36,3384.89,3371.83,3376.66"
2025-08-26 09:00:00+07:00,"3376.63,3379.24,3372.72,3375.23"
2025-08-26 10:00:00+07:00,"3375.24,3375.61,3369.81,3372.07"
2025-08-26 11:00:00+07:00,"3372.08,3378.91,3371.94,3377.24"
2025-08-26 12:00:00+07:00,"3377.25,3378.87,3372.36,3376.45"
2025-08-26 13:00:00+07:00,"3376.43,3377.54,3372.49,3376.38"
2025-08-26 14:00:00+07:00,"3376.39,3379.17,3367.11,3376.88"
2025-08-26 15:00:00+07:00,"3376.85,3380,3375.44,3376.89"
2025-08-26 16:00:00+07:00,"3376.88,3378.55,3369.41,3371.91"
2025-08-26 17:00:00+07:00,"3371.85,3375.01,3367.04,3371.88"
2025-08-26 18:00:00+07:00,"3372.02,3380.36,3370.58,3377.37"
2025-08-26 19:00:00+07:00,"3377.38,3379.63,3371.17,3372.18"
2025-08-26 20:00:00+07:00,"3372.2,3378.16,3370.41,3375.6"
2025-08-26 21:00:00+07:00,"3375.59,3379.73,3370.41,3379.19"
2025-08-26 22:00:00+07:00,"3379.2,3389.6,3378.5,3386.96"
2025-08-26 23:00:00+07:00,"3386.99,3387.44,3382.44,3383.22"
2025-08-27 00:00:00+07:00,"3383.23,3386.08,3381.42,3381.91"
2025-08-27 01:00:00+07:00,"3381.92,3385.58,3380.26,3385.41"
2025-08-27 02:00:00+07:00,"3385.47,3391.03,3385.01,3389.65"
2025-08-27 03:00:00+07:00,"3389.62,3393.46,3389.19,3393.29"
2025-08-27 05:00:00+07:00,"3394.17,3394.22,3388.62,3390.85"
2025-08-27 06:00:00+07:00,"3390.88,3393.12,3389.85,3391.09"
2025-08-27 07:00:00+07:00,"3391.08,3393.35,3388.92,3389.76"
2025-08-27 08:00:00+07:00,"3389.76,3390.16,3383.28,3386.06"
2025-08-27 09:00:00+07:00,"3386.05,3386.93,3382.17,3384.32"
2025-08-27 10:00:00+07:00,"3384.32,3384.67,3380.45,3380.8"
2025-08-27 11:00:00+07:00,"3380.79,3381.3,3373.81,3375.18"
2025-08-27 12:00:00+07:00,"3375.19,3379,3374.18,3377.35"
2025-08-27 13:00:00+07:00,"3377.36,3381.98,3376.21,3377.62"
2025-08-27 14:00:00+07:00,"3377.6,3381.41,3373.87,3381.33"
2025-08-27 15:00:00+07:00,"3381.32,3384.98,3380.87,3384.6"
2025-08-27 16:00:00+07:00,"3384.41,3385.27,3377.54,3378.57"
2025-08-27 17:00:00+07:00,"3378.57,3379.42,3374.97,3375.46"
2025-08-27 18:00:00+07:00,"3375.48,3378.3,3373.68,3376.9"
2025-08-27 19:00:00+07:00,"3376.89,3382.76,3374.52,3380.9"
2025-08-27 20:00:00+07:00,"3380.91,3384.83,3375.72,3377.66"
2025-08-27 21:00:00+07:00,"3377.64,3386.75,3375.95,3386.38"
2025-08-27 22:00:00+07:00,"3386.37,3390.59,3385.01,3387.85"
2025-08-27 23:00:00+07:00,"3387.86,3398.99,3387.35,3395.73"
2025-08-28 00:00:00+07:00,"3395.72,3397.46,3394.79,3395.37"
2025-08-28 01:00:00+07:00,"3395.38,3396.5,3392.14,3394.39"
2025-08-28 02:00:00+07:00,"3394.41,3396.47,3393.61,3396.07"
2025-08-28 03:00:00+07:00,"3396.05,3398.2,3393.97,3396.81"
2025-08-28 05:00:00+07:00,"3398.23,3398.97,3394.77,3395.62"
2025-08-28 06:00:00+07:00,"3395.61,3399.3,3395.09,3395.89"
2025-08-28 07:00:00+07:00,"3395.88,3398.02,3391.32,3391.94"
2025-08-28 08:00:00+07:00,"3392.01,3392.92,3385.47,3386.16"
2025-08-28 09:00:00+07:00,"3386.12,3391.35,3384.49,3391.19"
2025-08-28 10:00:00+07:00,"3391.2,3392.57,3388.99,3389.98"
2025-08-28 11:00:00+07:00,"3389.97,3392.41,3388.64,3390.16"
2025-08-28 12:00:00+07:00,"3390.15,3390.98,3387.6,3389.39"
2025-08-28 13:00:00+07:00,"3389.38,3395.74,3388.82,3395.18"
2025-08-28 14:00:00+07:00,"3395.16,3397.72,3393.62,3395.67"
2025-08-28 15:00:00+07:00,"3395.68,3401.12,3393.89,3400.57"
2025-08-28 16:00:00+07:00,"3400.59,3401.59,3398.39,3399.39"
2025-08-28 17:00:00+07:00,"3399.4,3399.4,3394.33,3397.2"
2025-08-28 18:00:00+07:00,"3397.19,3407.87,3396.09,3404.26"
2025-08-28 19:00:00+07:00,"3404.25,3408.85,3397.24,3397.45"
2025-08-28 20:00:00+07:00,"3397.48,3410.4,3394.02,3407.51"
2025-08-28 21:00:00+07:00,"3407.55,3413.43,3406.44,3412.05"
2025-08-28 22:00:00+07:00,"3412.07,3413.27,3404.48,3410.78"
2025-08-28 23:00:00+07:00,"3410.79,3417.83,3409.82,3415.31"
2025-08-29 00:00:00+07:00,"3415.29,3418.95,3414.41,3417.73"
2025-08-29 01:00:00+07:00,"3417.73,3420.36,3417.12,3419.85"
2025-08-29 02:00:00+07:00,"3419.84,3423.28,3417.86,3422.21"
2025-08-29 03:00:00+07:00,"3422.23,3422.62,3416.34,3416.85"
2025-08-29 05:00:00+07:00,"3418.08,3418.33,3415.6,3416.63"
2025-08-29 06:00:00+07:00,"3416.62,3417.1,3414.59,3414.59"
2025-08-29 07:00:00+07:00,"3414.94,3417.99,3412.98,3413.65"
2025-08-29 08:00:00+07:00,"3413.64,3413.78,3408.13,3409.77"
2025-08-29 09:00:00+07:00,"3409.76,3414.02,3409.7,3411.2"
2025-08-29 10:00:00+07:00,"3411.21,3413.71,3409.93,3411.12"
2025-08-29 11:00:00+07:00,"3411.08,3411.5,3407.48,3409.09"
2025-08-29 12:00:00+07:00,"3409.08,3410.91,3406.85,3410.56"
2025-08-29 13:00:00+07:00,"3410.54,3412.77,3408.08,3410.38"
2025-08-29 14:00:00+07:00,"3410.37,3412.67,3406.68,3411.92"
2025-08-29 15:00:00+07:00,"3412.01,3414.85,3409.73,3410.6"
2025-08-29 16:00:00+07:00,"3410.61,3411.14,3406.73,3407.61"
2025-08-29 17:00:00+07:00,"3407.62,3409,3404.56,3405.67"
2025-08-29 18:00:00+07:00,"3405.68,3411.41,3404.27,3410.54"
2025-08-29 19:00:00+07:00,"3410.56,3416.8,3406.64,3416.28"
2025-08-29 20:00:00+07:00,"3416.29,3429.22,3413.44,3428.48"
2025-08-29 21:00:00+07:00,"3428.46,3441.16,3428.46,3440.74"
2025-08-29 22:00:00+07:00,"3440.75,3447.85,3438.83,3445.51"
2025-08-29 23:00:00+07:00,"3445.29,3449.54,3442.06,3448.98"
2025-08-30 00:00:00+07:00,"3449.06,3450.12,3441.35,3443.56"
2025-08-30 01:00:00+07:00,"3443.57,3445.78,3441,3443.08"
2025-08-30 02:00:00+07:00,"3443.06,3453.93,3441.77,3452.68"
2025-08-30 03:00:00+07:00,"3452.61,3453.06,3445.67,3448.05"
2025-09-01 05:00:00+07:00,"3445.58,3452.38,3442.78,3450.11"
2025-09-01 06:00:00+07:00,"3450.15,3450.72,3444.7,3447.82"
2025-09-01 07:00:00+07:00,"3447.82,3448.09,3442.53,3443.92"
2025-09-01 08:00:00+07:00,"3443.91,3459.3,3437.2,3457.04"
2025-09-01 09:00:00+07:00,"3457.07,3484.35,3454.94,3483.43"
2025-09-01 10:00:00+07:00,"3483.45,3486.32,3469.78,3474.79"
2025-09-01 11:00:00+07:00,"3474.81,3479.37,3472.17,3474.91"
2025-09-01 12:00:00+07:00,"3474.92,3482.79,3474.54,3477.03"
2025-09-01 13:00:00+07:00,"3476.97,3490.03,3476.78,3479.43"
2025-09-01 14:00:00+07:00,"3479.46,3481.05,3467.94,3478.07"
2025-09-01 15:00:00+07:00,"3477.99,3479.84,3474.4,3476.73"
2025-09-01 16:00:00+07:00,"3476.82,3477.22,3467.14,3469.31"
2025-09-01 17:00:00+07:00,"3469.26,3474.08,3466.25,3470.76"
2025-09-01 18:00:00+07:00,"3470.75,3473.58,3467.57,3469.94"
2025-09-01 19:00:00+07:00,"3469.92,3471.66,3467.06,3469.5"
2025-09-01 20:00:00+07:00,"3469.51,3479.1,3468.65,3475.3"
2025-09-01 21:00:00+07:00,"3475.25,3481.36,3473.63,3475.58"
2025-09-01 22:00:00+07:00,"3475.57,3479.22,3473.3,3473.98"
2025-09-01 23:00:00+07:00,"3473.99,3477.83,3472.21,3477.11"
2025-09-02 00:00:00+07:00,"3477.1,3479.08,3475.98,3477.76"
2025-09-02 01:00:00+07:00,"3477.74,3478.11,3475.9,3476.58"
2025-09-02 05:00:00+07:00,"3475.5,3480.12,3474.76,3475.51"
2025-09-02 06:00:00+07:00,"3475.57,3481.52,3474.44,3479.49"
2025-09-02 07:00:00+07:00,"3479.45,3485.17,3478.19,3479.02"
2025-09-02 08:00:00+07:00,"3479.01,3508.88,3476.87,3497.53"
2025-09-02 09:00:00+07:00,"3497.88,3500.75,3491.69,3496.08"
2025-09-02 10:00:00+07:00,"3496.07,3496.2,3489.96,3494.95"
2025-09-02 11:00:00+07:00,"3494.98,3498.36,3493.36,3496.89"
2025-09-02 12:00:00+07:00,"3496.88,3497.64,3492.46,3493.28"
2025-09-02 13:00:00+07:00,"3493.27,3495.9,3483.35,3485.78"
2025-09-02 14:00:00+07:00,"3485.77,3488.1,3471.9,3477.17"
2025-09-02 15:00:00+07:00,"3477.15,3481.62,3470.5,3477.78"
2025-09-02 16:00:00+07:00,"3477.81,3480.49,3475.9,3476.96"
2025-09-02 17:00:00+07:00,"3476.87,3485.76,3475.97,3485.4"
2025-09-02 18:00:00+07:00,"3485.4,3490.25,3478.38,3489.9"
2025-09-02 19:00:00+07:00,"3489.88,3494.31,3474.31,3482.19"
2025-09-02 20:00:00+07:00,"3482.2,3493.91,3478.28,3489.47"
2025-09-02 21:00:00+07:00,"3489.49,3514.22,3488.53,3510.94"
2025-09-02 22:00:00+07:00,"3510.89,3520.32,3509.74,3520.2"
2025-09-02 23:00:00+07:00,"3520.21,3528.78,3518,3527.88"
2025-09-03 00:00:00+07:00,"3527.87,3530.22,3522.26,3529.18"
2025-09-03 01:00:00+07:00,"3529.17,3532.37,3525.42,3528.57"
2025-09-03 02:00:00+07:00,"3528.35,3540.01,3528.35,3536.64"
2025-09-03 03:00:00+07:00,"3536.63,3537.94,3533.15,3533.17"
2025-09-03 05:00:00+07:00,"3531.49,3535.29,3529.08,3529.24"
2025-09-03 06:00:00+07:00,"3529.2,3533.42,3526.37,3529.89"
2025-09-03 07:00:00+07:00,"3529.9,3546.81,3528.06,3536.12"
2025-09-03 08:00:00+07:00,"3536.11,3541.86,3531.87,3538.63"
2025-09-03 09:00:00+07:00,"3538.6,3545.7,3531.36,3532.1"
2025-09-03 10:00:00+07:00,"3532.09,3533.54,3529.23,3530.68"
2025-09-03 11:00:00+07:00,"3530.7,3538.34,3530.66,3536.59"
2025-09-03 12:00:00+07:00,"3536.58,3537.82,3526.95,3529.81"
2025-09-03 13:00:00+07:00,"3529.77,3537.38,3529.7,3535.08"
2025-09-03 14:00:00+07:00,"3535.06,3536.73,3529.03,3534.07"
2025-09-03 15:00:00+07:00,"3534.02,3541.16,3533.58,3539.85"
2025-09-03 16:00:00+07:00,"3539.87,3542.02,3534.15,3534.27"
2025-09-03 17:00:00+07:00,"3534.31,3541.62,3532.41,3540.01"
2025-09-03 18:00:00+07:00,"3539.99,3549.82,3539.83,3547.42"
2025-09-03 19:00:00+07:00,"3547.43,3551.7,3541.15,3550.47"
2025-09-03 20:00:00+07:00,"3550.46,3561.53,3549.26,3553.6"
2025-09-03 21:00:00+07:00,"3553.58,3565.47,3551.43,3558.28"
2025-09-03 22:00:00+07:00,"3558.29,3567.47,3557.29,3564.07"
2025-09-03 23:00:00+07:00,"3564.06,3572.76,3562.22,3572.59"
2025-09-04 00:00:00+07:00,"3572.6,3576.23,3570.1,3574.62"
2025-09-04 01:00:00+07:00,"3574.71,3578.62,3565.44,3570.65"
2025-09-04 02:00:00+07:00,"3570.68,3571.39,3561.13,3563.22"
2025-09-04 03:00:00+07:00,"3563.19,3566.19,3558.93,3559.17"
2025-09-04 05:00:00+07:00,"3560.59,3563.93,3558.62,3561.53"
2025-09-04 06:00:00+07:00,"3561.6,3562.09,3554.29,3560.24"
2025-09-04 07:00:00+07:00,"3560.22,3562.68,3551.79,3561.54"
2025-09-04 08:00:00+07:00,"3561.54,3563.58,3543.83,3546.44"
2025-09-04 09:00:00+07:00,"3546.43,3550.35,3526.86,3531.01"
2025-09-04 10:00:00+07:00,"3531,3531.83,3512.08,3528.88"
2025-09-04 11:00:00+07:00,"3528.87,3534.16,3528.69,3532.86"
2025-09-04 12:00:00+07:00,"3532.87,3533.84,3525.51,3527.6"
2025-09-04 13:00:00+07:00,"3527.59,3541.42,3524.77,3536.25"
2025-09-04 14:00:00+07:00,"3536.22,3541.39,3532.45,3540.93"
2025-09-04 15:00:00+07:00,"3540.96,3545.7,3537.36,3541.43"
2025-09-04 16:00:00+07:00,"3541.44,3544.91,3536.75,3538.51"
2025-09-04 17:00:00+07:00,"3538.57,3547.19,3538.21,3541.08"
2025-09-04 18:00:00+07:00,"3541.06,3549.62,3536.57,3545.34"
2025-09-04 19:00:00+07:00,"3545.33,3553.95,3541.05,3548.19"
2025-09-04 20:00:00+07:00,"3548.11,3558.8,3539.77,3546.72"
2025-09-04 21:00:00+07:00,"3546.18,3546.28,3534.78,3545.65"
2025-09-04 22:00:00+07:00,"3545.66,3553.26,3542.25,3552.69"
2025-09-04 23:00:00+07:00,"3552.68,3556.3,3549.28,3552.33"
2025-09-05 00:00:00+07:00,"3552.42,3555.6,3542.47,3543.05"
2025-09-05 01:00:00+07:00,"3543.06,3548.16,3542.72,3546.58"
2025-09-05 02:00:00+07:00,"3546.37,3551.2,3545.48,3550.06"
2025-09-05 03:00:00+07:00,"3550.07,3550.41,3544.26,3545.64"
2025-09-05 05:00:00+07:00,"3544.5,3546.07,3539.97,3541.17"
2025-09-05 06:00:00+07:00,"3541.18,3554.4,3540.73,3552.5"
2025-09-05 07:00:00+07:00,"3552.49,3556.31,3548.93,3552"
2025-09-05 08:00:00+07:00,"3552.01,3556.55,3550.2,3552.43"
2025-09-05 09:00:00+07:00,"3552.42,3555.15,3545.9,3550.67"
2025-09-05 10:00:00+07:00,"3550.66,3559.18,3548.58,3558.19"
2025-09-05 11:00:00+07:00,"3558.2,3559.12,3556.29,3558.6"
2025-09-05 12:00:00+07:00,"3558.65,3561.29,3555.93,3557.58"
2025-09-05 13:00:00+07:00,"3557.62,3558.11,3548.22,3552.68"
2025-09-05 14:00:00+07:00,"3552.71,3554.44,3546.43,3548"
2025-09-05 15:00:00+07:00,"3547.99,3549.85,3544.73,3545.86"
2025-09-05 16:00:00+07:00,"3545.87,3553.82,3545.82,3552.59"
2025-09-05 17:00:00+07:00,"3552.6,3553.04,3549.49,3551.69"
2025-09-05 18:00:00+07:00,"3551.7,3555.14,3547.77,3553.41"
2025-09-05 19:00:00+07:00,"3553.43,3586.54,3548.73,3580.68"
2025-09-05 20:00:00+07:00,"3580.69,3595.12,3573.39,3594.5"
2025-09-05 21:00:00+07:00,"3594.51,3597.63,3572.98,3589.97"
2025-09-05 22:00:00+07:00,"3589.92,3595.57,3581.62,3592.07"
2025-09-05 23:00:00+07:00,"3592.09,3600.21,3591.03,3595.31"
2025-09-06 00:00:00+07:00,"3595.36,3597.61,3590.42,3596.27"
2025-09-06 01:00:00+07:00,"3596.28,3597.47,3592.55,3595.37"
2025-09-06 02:00:00+07:00,"3595.34,3596.14,3592.72,3594.92"
2025-09-06 03:00:00+07:00,"3594.91,3595.6,3586.27,3586.39"
2025-09-08 05:00:00+07:00,"3582.59,3596.47,3582.41,3592.09"
2025-09-08 06:00:00+07:00,"3592.14,3594.04,3587.71,3591.24"
2025-09-08 07:00:00+07:00,"3591.26,3594.58,3587.18,3594.48"
2025-09-08 08:00:00+07:00,"3594.47,3597.31,3584.8,3589.38"
2025-09-08 09:00:00+07:00,"3589.46,3594.27,3586.61,3590.75"
2025-09-08 10:00:00+07:00,"3590.7,3592.05,3582.96,3583.77"
2025-09-08 11:00:00+07:00,"3583.74,3584.92,3579.33,3581.43"
2025-09-08 12:00:00+07:00,"3581.42,3591.59,3581.02,3591.1"
2025-09-08 13:00:00+07:00,"3591.09,3598.81,3589.38,3598.07"
2025-09-08 14:00:00+07:00,"3598.08,3613.7,3596.23,3609.37"
2025-09-08 15:00:00+07:00,"3609.39,3617.53,3607.12,3611.48"
2025-09-08 16:00:00+07:00,"3611.49,3615.12,3608.56,3613.64"
2025-09-08 17:00:00+07:00,"3613.65,3622.37,3613.59,3616.82"
2025-09-08 18:00:00+07:00,"3616.83,3620.06,3612.92,3619.64"
2025-09-08 19:00:00+07:00,"3619.65,3626.07,3614.8,3624.15"
2025-09-08 20:00:00+07:00,"3624.13,3636.96,3620.38,3633.38"
2025-09-08 21:00:00+07:00,"3633.41,3641.04,3628.81,3640.44"
2025-09-08 22:00:00+07:00,"3640.47,3646.49,3633.27,3639.5"
2025-09-08 23:00:00+07:00,"3639.51,3641.78,3635.71,3640.46"
2025-09-09 00:00:00+07:00,"3640.48,3641.3,3632.38,3633.37"
2025-09-09 01:00:00+07:00,"3633.4,3636.8,3631.85,3635.83"
2025-09-09 02:00:00+07:00,"3635.82,3637.83,3632.56,3636.35"
2025-09-09 03:00:00+07:00,"3636.33,3637.82,3634.53,3635.82"
2025-09-09 05:00:00+07:00,"3635.17,3636.99,3628.81,3629.26"
2025-09-09 06:00:00+07:00,"3629.34,3635.95,3628.21,3634.77"
2025-09-09 07:00:00+07:00,"3634.76,3641.01,3633.34,3638.76"
2025-09-09 08:00:00+07:00,"3638.74,3647.56,3635.95,3646.32"
2025-09-09 09:00:00+07:00,"3646.3,3654.77,3645.04,3648.04"
2025-09-09 10:00:00+07:00,"3648.04,3651.54,3642.55,3646.09"
2025-09-09 11:00:00+07:00,"3646.17,3657.14,3645.77,3654.76"
2025-09-09 12:00:00+07:00,"3654.73,3659.26,3652.7,3655.22"
2025-09-09 13:00:00+07:00,"3655.23,3656.53,3636.7,3647.38"
2025-09-09 14:00:00+07:00,"3647.39,3651.03,3641.69,3644.5"
2025-09-09 15:00:00+07:00,"3644.46,3650.72,3641.99,3648.3"
2025-09-09 16:00:00+07:00,"3648.31,3656.75,3647.94,3653.45"
2025-09-09 17:00:00+07:00,"3653.44,3656.02,3649.22,3651.72"
2025-09-09 18:00:00+07:00,"3651.74,3654.38,3647.07,3648.21"
2025-09-09 19:00:00+07:00,"3648.22,3655.53,3643.49,3647.29"
2025-09-09 20:00:00+07:00,"3647.33,3668.1,3646.33,3666.21"
2025-09-09 21:00:00+07:00,"3666.23,3675,3635.84,3644.83"
2025-09-09 22:00:00+07:00,"3644.85,3646.63,3626.8,3645.24"
2025-09-09 23:00:00+07:00,"3645.27,3649.65,3643.99,3645.25"
2025-09-10 00:00:00+07:00,"3645.3,3646.64,3641.13,3642.8"
2025-09-10 01:00:00+07:00,"3642.81,3645.16,3639.58,3640.26"
2025-09-10 02:00:00+07:00,"3640.27,3641.37,3628.37,3629.5"
2025-09-10 03:00:00+07:00,"3629.45,3632.98,3625.09,3625.11"
2025-09-10 05:00:00+07:00,"3626.11,3636,3623.09,3635.27"
2025-09-10 06:00:00+07:00,"3635.22,3641.03,3633.46,3633.47"
2025-09-10 07:00:00+07:00,"3633.48,3634.54,3621.38,3624.17"
2025-09-10 08:00:00+07:00,"3624.18,3632.7,3620.38,3630.57"
2025-09-10 09:00:00+07:00,"3630.55,3638.44,3630.01,3636.49"
2025-09-10 10:00:00+07:00,"3636.48,3637.17,3633.11,3636.31"
2025-09-10 11:00:00+07:00,"3636.31,3643.22,3636.31,3643.1"
2025-09-10 12:00:00+07:00,"3643.08,3645.5,3640.18,3642.78"
2025-09-10 13:00:00+07:00,"3642.8,3647.59,3640.82,3643.95"
2025-09-10 14:00:00+07:00,"3643.98,3648.17,3641.12,3644.17"
2025-09-10 15:00:00+07:00,"3644.18,3647.47,3642.01,3646.01"
2025-09-10 16:00:00+07:00,"3646.04,3656.16,3644.79,3654.97"
2025-09-10 17:00:00+07:00,"3655.02,3657.51,3651.47,3655.12"
2025-09-10 18:00:00+07:00,"3655.13,3656.46,3648.4,3649.45"
2025-09-10 19:00:00+07:00,"3649.47,3657.24,3640.39,3644.28"
2025-09-10 20:00:00+07:00,"3644.29,3654.08,3642.18,3651.36"
2025-09-10 21:00:00+07:00,"3651.46,3655.35,3643.87,3647.5"
2025-09-10 22:00:00+07:00,"3647.55,3648.61,3638.55,3644.73"
2025-09-10 23:00:00+07:00,"3644.65,3646.99,3640,3642.65"
2025-09-11 00:00:00+07:00,"3642.67,3647.57,3641.48,3647.29"
2025-09-11 01:00:00+07:00,"3647.28,3649.62,3644.42,3645.54"
2025-09-11 02:00:00+07:00,"3645.51,3646.47,3635.06,3641.62"
2025-09-11 03:00:00+07:00,"3641.61,3642.85,3637.99,3640.58"
2025-09-11 05:00:00+07:00,"3643.04,3644.63,3638.2,3639.63"
2025-09-11 06:00:00+07:00,"3639.66,3645.68,3638.74,3644.71"
2025-09-11 07:00:00+07:00,"3644.72,3647.23,3642.44,3644.11"
2025-09-11 08:00:00+07:00,"3644.01,3649,3639.88,3641.18"
2025-09-11 09:00:00+07:00,"3641.21,3643.57,3634.24,3637.24"
2025-09-11 10:00:00+07:00,"3637.16,3637.52,3629.93,3632.17"
2025-09-11 11:00:00+07:00,"3632.16,3634.54,3630.04,3630.85"
2025-09-11 12:00:00+07:00,"3630.81,3633.41,3623.47,3625.34"
2025-09-11 13:00:00+07:00,"3625.31,3638.02,3622.82,3633.38"
2025-09-11 14:00:00+07:00,"3633.41,3633.55,3623.83,3629.71"
2025-09-11 15:00:00+07:00,"3629.73,3631.6,3625.34,3626.37"
2025-09-11 16:00:00+07:00,"3626.35,3626.35,3614.2,3622.07"
2025-09-11 17:00:00+07:00,"3622.04,3625.08,3619.67,3622.05"
2025-09-11 18:00:00+07:00,"3622.03,3622.32,3615.47,3616.65"
2025-09-11 19:00:00+07:00,"3616.66,3644.21,3613.7,3629.17"
2025-09-11 20:00:00+07:00,"3629.26,3636.87,3618.3,3630.5"
2025-09-11 21:00:00+07:00,"3630.45,3637.9,3626.11,3629.28"
2025-09-11 22:00:00+07:00,"3629.29,3639.05,3629.29,3633.19"
2025-09-11 23:00:00+07:00,"3633.18,3642.02,3632.82,3636.03"
2025-09-12 00:00:00+07:00,"3636.04,3636.78,3631.73,3635.26"
2025-09-12 01:00:00+07:00,"3635.27,3637.1,3630.28,3632.5"
2025-09-12 02:00:00+07:00,"3632.49,3637.62,3632,3636.8"
2025-09-12 03:00:00+07:00,"3636.74,3637.89,3633.37,3634.36"
2025-09-12 05:00:00+07:00,"3634.58,3638.36,3633.01,3635.03"
2025-09-12 06:00:00+07:00,"3635.04,3636.13,3631.45,3632.04"
2025-09-12 07:00:00+07:00,"3632.04,3638.12,3630.57,3636.37"
2025-09-12 08:00:00+07:00,"3636.38,3647.55,3636.38,3646.2"
2025-09-12 09:00:00+07:00,"3646.2,3651.05,3644.69,3648.85"
2025-09-12 10:00:00+07:00,"3648.83,3653.25,3646.78,3652.7"
2025-09-12 11:00:00+07:00,"3652.69,3656.16,3651.58,3654.72"
2025-09-12 12:00:00+07:00,"3654.7,3656.74,3651.87,3653.09"
2025-09-12 13:00:00+07:00,"3653.11,3654.17,3648.19,3650.39"
2025-09-12 14:00:00+07:00,"3650.76,3653.84,3647.81,3648.56"
2025-09-12 15:00:00+07:00,"3648.51,3651.32,3639.77,3641.25"
2025-09-12 16:00:00+07:00,"3641.3,3647.07,3637.5,3646.67"
2025-09-12 17:00:00+07:00,"3646.69,3652.23,3646.13,3650.98"
2025-09-12 18:00:00+07:00,"3650.92,3651.98,3646.76,3647.19"
2025-09-12 19:00:00+07:00,"3647.25,3648.75,3638.27,3645.2"
2025-09-12 20:00:00+07:00,"3645.23,3652.75,3643.18,3650.62"
2025-09-12 21:00:00+07:00,"3650.74,3654.28,3647.21,3648.18"
2025-09-12 22:00:00+07:00,"3648.23,3648.44,3641.77,3644.68"
2025-09-12 23:00:00+07:00,"3644.72,3649.8,3642.55,3648.99"
2025-09-13 00:00:00+07:00,"3649.03,3650.62,3647.54,3648.57"
2025-09-13 01:00:00+07:00,"3648.58,3649.6,3646.81,3648.28"
2025-09-13 02:00:00+07:00,"3648.29,3648.59,3643.73,3644.37"
2025-09-13 03:00:00+07:00,"3644.38,3645.37,3641.25,3643.02"
2025-09-15 05:00:00+07:00,"3643.03,3643.14,3639.63,3642.36"
2025-09-15 06:00:00+07:00,"3642.35,3642.35,3636.68,3638.15"
2025-09-15 07:00:00+07:00,"3638.14,3642.65,3631.96,3633.63"
2025-09-15 08:00:00+07:00,"3633.6,3634.91,3626.61,3634.28"
2025-09-15 09:00:00+07:00,"3634.23,3645.22,3634.23,3641.09"
2025-09-15 10:00:00+07:00,"3641.07,3646.57,3639.97,3645.85"
2025-09-15 11:00:00+07:00,"3645.84,3646.87,3643.49,3645.38"
2025-09-15 12:00:00+07:00,"3645.39,3646.3,3642.27,3643.88"
2025-09-15 13:00:00+07:00,"3643.83,3644.04,3636.73,3636.93"
2025-09-15 14:00:00+07:00,"3636.92,3645.03,3633.74,3643.96"
2025-09-15 15:00:00+07:00,"3643.73,3645.86,3640.66,3645.24"
2025-09-15 16:00:00+07:00,"3645.19,3646.12,3635.84,3641.22"
2025-09-15 17:00:00+07:00,"3641.23,3646.54,3639.05,3640.14"
2025-09-15 18:00:00+07:00,"3640.07,3646.91,3639.17,3642.76"
2025-09-15 19:00:00+07:00,"3642.77,3651.2,3637.14,3650.15"
2025-09-15 20:00:00+07:00,"3650.16,3664.51,3646.77,3657.31"
2025-09-15 21:00:00+07:00,"3657.29,3663.9,3653.66,3663.34"
2025-09-15 22:00:00+07:00,"3663.36,3681.9,3662.78,3680.37"
2025-09-15 23:00:00+07:00,"3680.36,3685.73,3674.75,3679.4"
2025-09-16 00:00:00+07:00,"3679.42,3682.81,3678.54,3681.52"
2025-09-16 01:00:00+07:00,"3681.49,3681.92,3675.73,3677.1"
2025-09-16 02:00:00+07:00,"3677.12,3682.89,3676.88,3681.23"
2025-09-16 03:00:00+07:00,"3681.2,3682.07,3678.58,3679.1"
2025-09-16 05:00:00+07:00,"3680.63,3681.35,3676.46,3679.09"
2025-09-16 06:00:00+07:00,"3679.1,3680.56,3676.15,3677.08"
2025-09-16 07:00:00+07:00,"3677.07,3686.9,3676.76,3686.23"
2025-09-16 08:00:00+07:00,"3686.25,3689.39,3676.95,3679.37"
2025-09-16 09:00:00+07:00,"3679.37,3682.73,3674.63,3677.91"
2025-09-16 10:00:00+07:00,"3677.9,3683.22,3676.93,3680.87"
2025-09-16 11:00:00+07:00,"3680.88,3685.44,3680.21,3684.13"
2025-09-16 12:00:00+07:00,"3684.12,3684.7,3680.31,3682.54"
2025-09-16 13:00:00+07:00,"3682.55,3694.39,3681.67,3693.25"
2025-09-16 14:00:00+07:00,"3693.25,3694.16,3686.33,3686.72"
2025-09-16 15:00:00+07:00,"3686.65,3697.36,3686.19,3694.38"
2025-09-16 16:00:00+07:00,"3694.37,3699.01,3692.85,3698.09"
2025-09-16 17:00:00+07:00,"3698.08,3698.83,3693.02,3693.52"
2025-09-16 18:00:00+07:00,"3693.52,3699.52,3690.45,3696.96"
2025-09-16 19:00:00+07:00,"3696.97,3697.58,3686.32,3689.31"
2025-09-16 20:00:00+07:00,"3689.28,3698.46,3684.97,3695.52"
2025-09-16 21:00:00+07:00,"3695.49,3703.17,3685.85,3686.53"
2025-09-16 22:00:00+07:00,"3686.48,3688.77,3678.76,3686.42"
2025-09-16 23:00:00+07:00,"3686.44,3691.29,3684.43,3689.62"
2025-09-17 00:00:00+07:00,"3689.67,3690.81,3686.18,3687.47"
2025-09-17 01:00:00+07:00,"3687.46,3690.71,3686.25,3690.47"
2025-09-17 02:00:00+07:00,"3690.48,3690.91,3687.95,3689.79"
2025-09-17 03:00:00+07:00,"3689.82,3693.94,3689.39,3689.92"
2025-09-17 05:00:00+07:00,"3689.71,3692.96,3689.53,3691.76"
2025-09-17 06:00:00+07:00,"3691.77,3695.32,3691.58,3694.08"
2025-09-17 07:00:00+07:00,"3694.02,3695.39,3691.09,3691.38"
2025-09-17 08:00:00+07:00,"3691.39,3692.17,3676.28,3679.72"
2025-09-17 09:00:00+07:00,"3679.71,3683.74,3674.17,3682.44"
2025-09-17 10:00:00+07:00,"3682.42,3683.57,3679.85,3681.89"
2025-09-17 11:00:00+07:00,"3681.91,3682.6,3680.39,3680.95"
2025-09-17 12:00:00+07:00,"3680.96,3686.03,3675.87,3679.2"
2025-09-17 13:00:00+07:00,"3679.21,3680.22,3670.26,3675.25"
2025-09-17 14:00:00+07:00,"3675.23,3677.51,3666.47,3667.32"
2025-09-17 15:00:00+07:00,"3667.27,3668.05,3662.61,3665.03"
2025-09-17 16:00:00+07:00,"3665.02,3671.1,3663.69,3668.03"
2025-09-17 17:00:00+07:00,"3668.02,3669.97,3660.51,3661.64"
2025-09-17 18:00:00+07:00,"3661.66,3669.98,3659.97,3666.13"
2025-09-17 19:00:00+07:00,"3666.15,3679.11,3665.87,3678.51"
2025-09-17 20:00:00+07:00,"3678.52,3682.7,3672.6,3678.53"
2025-09-17 21:00:00+07:00,"3678.46,3686.21,3676.72,3684.53"
2025-09-17 22:00:00+07:00,"3684.53,3687.29,3682.63,3684.41"
2025-09-17 23:00:00+07:00,"3684.42,3688.6,3683.92,3684.95"
2025-09-18 00:00:00+07:00,"3684.94,3687.93,3678.54,3686.65"
2025-09-18 01:00:00+07:00,"3686.65,3707.72,3645.94,3650.54"
2025-09-18 02:00:00+07:00,"3650.58,3666.7,3646.48,3662.03"
2025-09-18 03:00:00+07:00,"3662.02,3662.1,3656.61,3659.64"
2025-09-18 05:00:00+07:00,"3661.3,3665.37,3655.79,3662.86"
2025-09-18 06:00:00+07:00,"3662.82,3672.15,3662.42,3668.92"
2025-09-18 07:00:00+07:00,"3668.97,3670.14,3658.03,3665.1"
2025-09-18 08:00:00+07:00,"3665.13,3668.93,3651.71,3657.23"
2025-09-18 09:00:00+07:00,"3657.28,3665.62,3655.75,3664.94"
2025-09-18 10:00:00+07:00,"3664.95,3666.15,3658,3658.71"
2025-09-18 11:00:00+07:00,"3658.73,3659.48,3653.7,3653.78"
2025-09-18 12:00:00+07:00,"3653.8,3659.1,3649.73,3651.63"
2025-09-18 13:00:00+07:00,"3651.62,3652.1,3634.3,3637.33"
2025-09-18 14:00:00+07:00,"3637.27,3659.88,3635.48,3658.56"
2025-09-18 15:00:00+07:00,"3658.65,3665.82,3653.67,3665.3"
2025-09-18 16:00:00+07:00,"3665.29,3673.05,3664.37,3671.55"
2025-09-18 17:00:00+07:00,"3671.54,3672.4,3665.47,3667.3"
2025-09-18 18:00:00+07:00,"3667.29,3671.09,3664.45,3666.98"
2025-09-18 19:00:00+07:00,"3667.06,3672.4,3663.06,3663.31"
2025-09-18 20:00:00+07:00,"3663.3,3664.34,3627.87,3642.42"
2025-09-18 21:00:00+07:00,"3642.43,3646.6,3634.68,3638.59"
2025-09-18 22:00:00+07:00,"3638.6,3642.46,3636.69,3641.5"
2025-09-18 23:00:00+07:00,"3641.48,3647.32,3640.94,3646.05"
2025-09-19 00:00:00+07:00,"3646.11,3646.78,3643.18,3643.38"
2025-09-19 01:00:00+07:00,"3643.43,3643.79,3640.51,3641.6"
2025-09-19 02:00:00+07:00,"3641.59,3646.89,3640.58,3646.57"
2025-09-19 03:00:00+07:00,"3646.67,3647.1,3643.74,3644.77"
2025-09-19 05:00:00+07:00,"3643.74,3644.14,3639.64,3640.43"
2025-09-19 06:00:00+07:00,"3640.47,3642,3637.74,3640.02"
2025-09-19 07:00:00+07:00,"3640.03,3642.87,3636.24,3639.94"
2025-09-19 08:00:00+07:00,"3639.94,3651.34,3632.23,3640.03"
2025-09-19 09:00:00+07:00,"3640.04,3650.3,3638.75,3647.63"
2025-09-19 10:00:00+07:00,"3647.62,3656.25,3645.24,3653.74"
2025-09-19 11:00:00+07:00,"3653.76,3659.9,3653.37,3659.04"
2025-09-19 12:00:00+07:00,"3659.07,3661.07,3651.34,3652.69"
2025-09-19 13:00:00+07:00,"3652.67,3654.13,3643.14,3647.17"
2025-09-19 14:00:00+07:00,"3647.21,3657.6,3644.42,3654.13"
2025-09-19 15:00:00+07:00,"3654.12,3656.7,3649.43,3655.53"
2025-09-19 16:00:00+07:00,"3655.45,3658.88,3655.03,3658.36"
2025-09-19 17:00:00+07:00,"3658.37,3659.33,3654.97,3655.78"
2025-09-19 18:00:00+07:00,"3655.75,3656.06,3645.56,3648.62"
2025-09-19 19:00:00+07:00,"3648.61,3651.93,3644.63,3649.46"
2025-09-19 20:00:00+07:00,"3649.47,3664.27,3643.82,3663.12"
2025-09-19 21:00:00+07:00,"3663.09,3669.31,3656.4,3667.17"
2025-09-19 22:00:00+07:00,"3667.27,3675.9,3665.18,3670.89"
2025-09-19 23:00:00+07:00,"3670.88,3673.39,3666.49,3668.46"
2025-09-20 00:00:00+07:00,"3668.45,3679.65,3667.94,3678.43"
2025-09-20 01:00:00+07:00,"3678.44,3684.29,3678.05,3683.44"
2025-09-20 02:00:00+07:00,"3683.45,3685.33,3681.41,3684.29"
2025-09-20 03:00:00+07:00,"3684.32,3685.41,3680.79,3685.28"
2025-09-22 05:00:00+07:00,"3685.21,3692.31,3683.64,3688.55"
2025-09-22 06:00:00+07:00,"3688.53,3690.69,3685.82,3686.45"
2025-09-22 07:00:00+07:00,"3686.54,3691.13,3685.69,3690.58"
2025-09-22 08:00:00+07:00,"3690.56,3696.85,3686.92,3689.02"
2025-09-22 09:00:00+07:00,"3689.05,3693.48,3685.54,3686.62"
2025-09-22 10:00:00+07:00,"3686.57,3697.62,3685.88,3695.67"
2025-09-22 11:00:00+07:00,"3695.67,3696.07,3689.95,3692.4"
2025-09-22 12:00:00+07:00,"3692.37,3700.36,3692.07,3696.9"
2025-09-22 13:00:00+07:00,"3696.87,3719.88,3695.46,3714.46"
2025-09-22 14:00:00+07:00,"3714.42,3716.3,3708.44,3713.36"
2025-09-22 15:00:00+07:00,"3713.35,3722.53,3712.34,3720.51"
2025-09-22 16:00:00+07:00,"3720.5,3726.68,3719.26,3723.46"
2025-09-22 17:00:00+07:00,"3723.43,3728.51,3721.1,3727.24"
2025-09-22 18:00:00+07:00,"3727.23,3728.23,3721.32,3724.42"
2025-09-22 19:00:00+07:00,"3724.44,3725.54,3712.35,3721.41"
2025-09-22 20:00:00+07:00,"3721.48,3725.17,3713.71,3722.16"
2025-09-22 21:00:00+07:00,"3722.13,3726.49,3716.67,3725.58"
2025-09-22 22:00:00+07:00,"3725.56,3736.43,3723.5,3735.93"
2025-09-22 23:00:00+07:00,"3735.93,3739.69,3735.14,3737.2"
2025-09-23 00:00:00+07:00,"3737.23,3747.37,3736.96,3746.42"
2025-09-23 01:00:00+07:00,"3746.43,3748.19,3744.48,3747.47"
2025-09-23 02:00:00+07:00,"3747.46,3748.97,3742.36,3747.44"
2025-09-23 03:00:00+07:00,"3747.43,3748.67,3745.34,3746.49"
2025-09-23 05:00:00+07:00,"3745.52,3748.02,3738.24,3739.85"
2025-09-23 06:00:00+07:00,"3739.84,3749.22,3739.04,3747.61"
2025-09-23 07:00:00+07:00,"3747.6,3750.51,3744.88,3747.43"
2025-09-23 08:00:00+07:00,"3747.37,3759.42,3745.5,3754.86"
2025-09-23 09:00:00+07:00,"3754.87,3755.61,3736.66,3741.67"
2025-09-23 10:00:00+07:00,"3741.65,3747.17,3739.04,3746.45"
2025-09-23 11:00:00+07:00,"3746.36,3747.5,3743.09,3744.9"
2025-09-23 12:00:00+07:00,"3744.82,3758.84,3743.15,3753.02"
2025-09-23 13:00:00+07:00,"3753.03,3757.43,3751.23,3754.09"
2025-09-23 14:00:00+07:00,"3754.08,3757.53,3748.9,3753.56"
2025-09-23 15:00:00+07:00,"3753.58,3775.2,3752.87,3774.46"
2025-09-23 16:00:00+07:00,"3774.48,3791.15,3774.09,3785"
2025-09-23 17:00:00+07:00,"3784.81,3787.99,3780.85,3783.17"
2025-09-23 18:00:00+07:00,"3783.17,3788.9,3779.98,3783.39"
2025-09-23 19:00:00+07:00,"3783.39,3785.51,3777.37,3784.61"
2025-09-23 20:00:00+07:00,"3784.6,3788.84,3773.97,3783.65"
2025-09-23 21:00:00+07:00,"3783.69,3784.72,3767.75,3774.09"
2025-09-23 22:00:00+07:00,"3774.08,3781.89,3772.7,3779.49"
2025-09-23 23:00:00+07:00,"3779.5,3782.08,3765.02,3779.44"
2025-09-24 00:00:00+07:00,"3779.36,3785.88,3775.57,3777.45"
2025-09-24 01:00:00+07:00,"3777.5,3781.61,3756.12,3756.88"
2025-09-24 02:00:00+07:00,"3756.87,3767.87,3752.19,3764.53"
2025-09-24 03:00:00+07:00,"3764.55,3767.19,3762.52,3764.72"
2025-09-24 05:00:00+07:00,"3766.52,3767.61,3761.49,3765.63"
2025-09-24 06:00:00+07:00,"3765.61,3770.33,3761.78,3764.1"
2025-09-24 07:00:00+07:00,"3764.08,3765.72,3758.72,3765.12"
2025-09-24 08:00:00+07:00,"3765.13,3771.51,3754.87,3756.3"
2025-09-24 09:00:00+07:00,"3756.32,3759.12,3750.58,3757.15"
2025-09-24 10:00:00+07:00,"3757.11,3766.65,3752.36,3765.26"
2025-09-24 11:00:00+07:00,"3765.27,3768.43,3762.99,3768.16"
2025-09-24 12:00:00+07:00,"3768.16,3777.08,3767.79,3774.69"
2025-09-24 13:00:00+07:00,"3774.71,3776.25,3769.35,3771.5"
2025-09-24 14:00:00+07:00,"3771.52,3779.28,3770.77,3777.25"
2025-09-24 15:00:00+07:00,"3777.26,3777.97,3766.91,3770.27"
2025-09-24 16:00:00+07:00,"3770.26,3771.75,3763.42,3768.66"
2025-09-24 17:00:00+07:00,"3768.61,3768.79,3759.66,3761.89"
2025-09-24 18:00:00+07:00,"3761.96,3769.65,3759.53,3768.91"
2025-09-24 19:00:00+07:00,"3768.88,3771.51,3763.79,3768.31"
2025-09-24 20:00:00+07:00,"3768.32,3773.08,3759.03,3761.42"
2025-09-24 21:00:00+07:00,"3761.5,3765.34,3749.49,3752.91"
2025-09-24 22:00:00+07:00,"3752.93,3756.75,3740.05,3741.23"
2025-09-24 23:00:00+07:00,"3741.22,3745.3,3732.17,3735.61"
2025-09-25 00:00:00+07:00,"3735.6,3738.98,3732.39,3733.32"
2025-09-25 01:00:00+07:00,"3733.31,3734.04,3722.86,3724.08"
2025-09-25 02:00:00+07:00,"3724.09,3731.86,3717.48,3730.27"
2025-09-25 03:00:00+07:00,"3730.28,3737.57,3729.81,3735.8"
2025-09-25 05:00:00+07:00,"3739.26,3745.05,3738.78,3741.28"
2025-09-25 06:00:00+07:00,"3741.29,3745.26,3739.03,3742.79"
2025-09-25 07:00:00+07:00,"3742.76,3751.48,3741.23,3749.29"
2025-09-25 08:00:00+07:00,"3749.27,3750.7,3732.82,3736.17"
2025-09-25 09:00:00+07:00,"3736.16,3742.59,3729.8,3739.73"
2025-09-25 10:00:00+07:00,"3739.72,3739.81,3734.2,3736.39"
2025-09-25 11:00:00+07:00,"3736.38,3740.8,3731.77,3737.98"
2025-09-25 12:00:00+07:00,"3737.96,3741.29,3734.19,3738.4"
2025-09-25 13:00:00+07:00,"3738.41,3748.19,3737.61,3741.27"
2025-09-25 14:00:00+07:00,"3741.26,3755.2,3739.87,3752.42"
2025-09-25 15:00:00+07:00,"3752.44,3761.44,3750.95,3756.66"
2025-09-25 16:00:00+07:00,"3756.66,3760.99,3750.29,3757.08"
2025-09-25 17:00:00+07:00,"3757.09,3761,3755.42,3756.94"
2025-09-25 18:00:00+07:00,"3756.93,3757.75,3740.99,3753.2"
2025-09-25 19:00:00+07:00,"3753.19,3756.08,3730.46,3738.66"
2025-09-25 20:00:00+07:00,"3738.68,3745.62,3722.14,3733.37"
2025-09-25 21:00:00+07:00,"3733.38,3736.57,3723.47,3731.85"
2025-09-25 22:00:00+07:00,"3731.84,3738.86,3728,3735.9"
2025-09-25 23:00:00+07:00,"3735.93,3742.73,3732.93,3734"
2025-09-26 00:00:00+07:00,"3733.88,3744.44,3732.2,3742.04"
2025-09-26 01:00:00+07:00,"3742.01,3758.32,3736.47,3755.09"
2025-09-26 02:00:00+07:00,"3754.98,3756.7,3744.57,3746.53"
2025-09-26 03:00:00+07:00,"3746.6,3752.66,3745.85,3748.79"
2025-09-26 05:00:00+07:00,"3748.89,3751.73,3746.16,3748.97"
2025-09-26 06:00:00+07:00,"3749.02,3750.08,3738.1,3744.54"
2025-09-26 07:00:00+07:00,"3744.53,3749.65,3740.22,3749.64"
2025-09-26 08:00:00+07:00,"3749.65,3753.01,3737.53,3739.18"
2025-09-26 09:00:00+07:00,"3739.16,3742.82,3737.57,3738.68"
2025-09-26 10:00:00+07:00,"3738.56,3746.03,3734.49,3745.4"
2025-09-26 11:00:00+07:00,"3745.36,3747.91,3744.61,3747.86"
2025-09-26 12:00:00+07:00,"3747.82,3749.76,3741.83,3742.2"
2025-09-26 13:00:00+07:00,"3742.21,3754.25,3741.52,3743.79"
2025-09-26 14:00:00+07:00,"3743.77,3749.37,3739.14,3747.85"
2025-09-26 15:00:00+07:00,"3747.86,3755.22,3746.93,3753.16"
2025-09-26 16:00:00+07:00,"3753.15,3754.41,3747.19,3751.32"
2025-09-26 17:00:00+07:00,"3751.31,3754.82,3742.87,3744.94"
2025-09-26 18:00:00+07:00,"3744.97,3753.03,3744.28,3748.47"
2025-09-26 19:00:00+07:00,"3748.41,3757.27,3746.56,3752.2"
2025-09-26 20:00:00+07:00,"3752.25,3766.36,3751.18,3761.81"
2025-09-26 21:00:00+07:00,"3761.79,3783.67,3761.56,3778.69"
2025-09-26 22:00:00+07:00,"3778.66,3780.89,3772.84,3780.44"
2025-09-26 23:00:00+07:00,"3780.53,3781.34,3771.62,3774.37"
2025-09-27 00:00:00+07:00,"3774.29,3783.25,3774.04,3782.71"
2025-09-27 01:00:00+07:00,"3782.76,3783.38,3774.54,3778.73"
2025-09-27 02:00:00+07:00,"3778.74,3778.74,3764.84,3766.61"
2025-09-27 03:00:00+07:00,"3766.63,3769.74,3759.55,3760.51"
2025-09-29 05:00:00+07:00,"3761.06,3770.9,3760.93,3770.66"
2025-09-29 06:00:00+07:00,"3770.65,3772.47,3766.25,3767.17"
2025-09-29 07:00:00+07:00,"3767.14,3787.71,3764.09,3786.96"
2025-09-29 08:00:00+07:00,"3786.97,3788.78,3767.94,3778.55"
2025-09-29 09:00:00+07:00,"3778.51,3798.85,3777.6,3793.04"
2025-09-29 10:00:00+07:00,"3793.03,3799.4,3792.57,3794.25"
2025-09-29 11:00:00+07:00,"3794.24,3808.93,3792.39,3804.9"
2025-09-29 12:00:00+07:00,"3804.91,3814.55,3801.3,3813.44"
2025-09-29 13:00:00+07:00,"3813.49,3819.8,3810.86,3817.13"
2025-09-29 14:00:00+07:00,"3817.1,3819.21,3804.95,3806.51"
2025-09-29 15:00:00+07:00,"3806.5,3819.67,3806.5,3818.54"
2025-09-29 16:00:00+07:00,"3818.53,3819.7,3806.92,3807.69"
2025-09-29 17:00:00+07:00,"3807.7,3818.58,3806.39,3818.06"
2025-09-29 18:00:00+07:00,"3818.03,3831.36,3816.27,3828.72"
2025-09-29 19:00:00+07:00,"3828.73,3830.34,3811.67,3814.01"
2025-09-29 20:00:00+07:00,"3814.02,3828.28,3809.2,3821.48"
2025-09-29 21:00:00+07:00,"3821.43,3830.32,3816.57,3828.07"
2025-09-29 22:00:00+07:00,"3828.09,3833.4,3821.13,3830.22"
2025-09-29 23:00:00+07:00,"3830.23,3833.64,3828.12,3830.14"
2025-09-30 00:00:00+07:00,"3830.15,3832.99,3823.95,3828.74"
2025-09-30 01:00:00+07:00,"3828.75,3830.72,3823.39,3824.68"
2025-09-30 02:00:00+07:00,"3824.65,3829.76,3822.4,3828.6"
2025-09-30 03:00:00+07:00,"3828.61,3833.94,3827.54,3833.18"
2025-09-30 05:00:00+07:00,"3831.14,3833,3825.56,3830.51"
2025-09-30 06:00:00+07:00,"3830.5,3833.58,3827.94,3833.02"
2025-09-30 07:00:00+07:00,"3833.04,3840.78,3831.23,3839.03"
2025-09-30 08:00:00+07:00,"3838.98,3850.93,3838.23,3847.83"
2025-09-30 09:00:00+07:00,"3847.86,3851.85,3842.45,3848.19"
2025-09-30 10:00:00+07:00,"3848.18,3867.22,3845.77,3864.91"
2025-09-30 11:00:00+07:00,"3864.93,3867.24,3861.92,3866.8"
2025-09-30 12:00:00+07:00,"3866.71,3870.57,3862.88,3869.94"
2025-09-30 13:00:00+07:00,"3869.96,3871.71,3854.79,3856.17"
2025-09-30 14:00:00+07:00,"3856.16,3859.66,3839.57,3843.9"
2025-09-30 15:00:00+07:00,"3843.91,3847.24,3807.66,3816.11"
2025-09-30 16:00:00+07:00,"3816.1,3821.4,3793.29,3798.43"
2025-09-30 17:00:00+07:00,"3798.42,3814.51,3798,3811.88"
2025-09-30 18:00:00+07:00,"3812.26,3817.68,3804.39,3815.09"
2025-09-30 19:00:00+07:00,"3815.01,3821.67,3808.88,3819.32"
2025-09-30 20:00:00+07:00,"3819.37,3829.91,3811.46,3823.95"
2025-09-30 21:00:00+07:00,"3823.94,3854.37,3820.36,3853.77"
2025-09-30 22:00:00+07:00,"3853.72,3854.35,3831.15,3839.09"
2025-09-30 23:00:00+07:00,"3839.12,3848.01,3838.07,3846.14"
2025-10-01 00:00:00+07:00,"3846.15,3849.51,3842.66,3844.19"
2025-10-01 01:00:00+07:00,"3844.06,3849.18,3839.81,3847.87"
2025-10-01 02:00:00+07:00,"3847.88,3860.76,3847.07,3859.26"
2025-10-01 03:00:00+07:00,"3859.26,3860.24,3850.71,3858.86"
2025-10-01 05:00:00+07:00,"3858.06,3861.67,3854.44,3860.24"
2025-10-01 06:00:00+07:00,"3860.31,3863.24,3860.01,3863.1"
2025-10-01 07:00:00+07:00,"3863.11,3865.43,3858.6,3860.41"
2025-10-01 08:00:00+07:00,"3860.35,3869.07,3858.99,3868.72"
2025-10-01 09:00:00+07:00,"3868.7,3875.61,3858.06,3863.63"
2025-10-01 10:00:00+07:00,"3863.62,3866.5,3855.49,3862.24"
2025-10-01 11:00:00+07:00,"3862.21,3865.19,3857.45,3865.11"
2025-10-01 12:00:00+07:00,"3865.1,3869.76,3861.97,3863.22"
2025-10-01 13:00:00+07:00,"3863.22,3865.06,3853.34,3859.33"
2025-10-01 14:00:00+07:00,"3859.32,3879.86,3858.96,3879.01"
2025-10-01 15:00:00+07:00,"3879.07,3895.36,3878.87,3892.74"
2025-10-01 16:00:00+07:00,"3892.81,3895.13,3883.75,3888.73"
2025-10-01 17:00:00+07:00,"3888.74,3889.78,3885.06,3887.42"
2025-10-01 18:00:00+07:00,"3887.41,3888.6,3878.08,3883.86"
2025-10-01 19:00:00+07:00,"3883.8,3891.07,3864.58,3870.51"
2025-10-01 20:00:00+07:00,"3870.52,3877.22,3863.89,3872.75"
2025-10-01 21:00:00+07:00,"3872.78,3878.75,3856.26,3872.84"
2025-10-01 22:00:00+07:00,"3872.83,3876.86,3858.02,3868.45"
2025-10-01 23:00:00+07:00,"3868.43,3871.67,3860.63,3871.09"
2025-10-02 00:00:00+07:00,"3871.08,3872,3860.48,3860.68"
2025-10-02 01:00:00+07:00,"3860.67,3866.3,3854.97,3862.34"
2025-10-02 02:00:00+07:00,"3862.35,3871.22,3861.2,3868.02"
2025-10-02 03:00:00+07:00,"3867.98,3868.04,3860.14,3865.61"
2025-10-02 05:00:00+07:00,"3869.41,3869.85,3858.76,3861.98"
2025-10-02 06:00:00+07:00,"3861.97,3866.72,3857.66,3863.67"
2025-10-02 07:00:00+07:00,"3863.68,3863.7,3855.93,3856.05"
2025-10-02 08:00:00+07:00,"3856.02,3865.29,3852.67,3864.85"
2025-10-02 09:00:00+07:00,"3864.87,3870.18,3861.66,3866.37"
2025-10-02 10:00:00+07:00,"3866.37,3869.39,3864.05,3866.79"
2025-10-02 11:00:00+07:00,"3866.8,3867.61,3861.69,3864.05"
2025-10-02 12:00:00+07:00,"3864.06,3871.4,3864.06,3867.79"
2025-10-02 13:00:00+07:00,"3867.81,3874.31,3862.07,3863.99"
2025-10-02 14:00:00+07:00,"3863.96,3874.88,3861.99,3868.49"
2025-10-02 15:00:00+07:00,"3868.44,3878.67,3864.69,3874.74"
2025-10-02 16:00:00+07:00,"3874.73,3879.84,3873.19,3879.06"
2025-10-02 17:00:00+07:00,"3879.07,3883.8,3875.73,3881.6"
2025-10-02 18:00:00+07:00,"3881.58,3886.71,3879.61,3886.09"
2025-10-02 19:00:00+07:00,"3886.09,3891.9,3880.14,3884.23"
2025-10-02 20:00:00+07:00,"3884.24,3896.86,3873.39,3875.55"
2025-10-02 21:00:00+07:00,"3875.56,3876.93,3825.17,3839.64"
2025-10-02 22:00:00+07:00,"3839.67,3844.76,3819.54,3828.53"
2025-10-02 23:00:00+07:00,"3828.52,3845.45,3827.08,3844.75"
2025-10-03 00:00:00+07:00,"3844.74,3847.93,3840.51,3844.22"
2025-10-03 01:00:00+07:00,"3844.27,3851.32,3843.29,3850.82"
2025-10-03 02:00:00+07:00,"3850.83,3858.9,3850.51,3855.76"
2025-10-03 03:00:00+07:00,"3855.81,3859.41,3853.74,3856.46"
2025-10-03 05:00:00+07:00,"3857.23,3858.58,3851.91,3857.21"
2025-10-03 06:00:00+07:00,"3857.18,3863.88,3856.77,3862.41"
2025-10-03 07:00:00+07:00,"3862.4,3862.73,3856.37,3856.98"
2025-10-03 08:00:00+07:00,"3856.97,3862.57,3847.46,3858.7"
2025-10-03 09:00:00+07:00,"3858.69,3859.24,3847.63,3848.09"
2025-10-03 10:00:00+07:00,"3848.1,3851.1,3838.31,3842.57"
2025-10-03 11:00:00+07:00,"3842.54,3848.18,3841.55,3843.81"
2025-10-03 12:00:00+07:00,"3843.81,3858.93,3843.81,3855.06"
2025-10-03 13:00:00+07:00,"3855.02,3861.04,3850.89,3859.13"
2025-10-03 14:00:00+07:00,"3858.94,3865.18,3856.93,3864.13"
2025-10-03 15:00:00+07:00,"3864.1,3865.72,3860.06,3864.99"
2025-10-03 16:00:00+07:00,"3865.04,3865.08,3856.81,3864.11"
2025-10-03 17:00:00+07:00,"3864.1,3867.75,3862.07,3865.98"
2025-10-03 18:00:00+07:00,"3865.97,3867.06,3854.75,3861.82"
2025-10-03 19:00:00+07:00,"3861.93,3874.97,3860.54,3874.09"
2025-10-03 20:00:00+07:00,"3874.1,3890.71,3869.98,3882.89"
2025-10-03 21:00:00+07:00,"3882.86,3886.79,3866.3,3879.51"
2025-10-03 22:00:00+07:00,"3879.53,3891.57,3873.89,3889.28"
2025-10-03 23:00:00+07:00,"3889.36,3889.82,3880.5,3883.52"
2025-10-04 00:00:00+07:00,"3883.54,3886.2,3876.89,3881.94"
2025-10-04 01:00:00+07:00,"3881.93,3889.37,3880.29,3885.95"
2025-10-04 02:00:00+07:00,"3885.91,3889.21,3883.76,3885.86"
2025-10-04 03:00:00+07:00,"3885.83,3887.16,3882.67,3887.09"
2025-10-06 05:00:00+07:00,"3887.43,3903.92,3884.22,3898.65"
2025-10-06 06:00:00+07:00,"3898.66,3920.7,3898.35,3909.68"
2025-10-06 07:00:00+07:00,"3909.76,3910.2,3899.22,3900.71"
2025-10-06 08:00:00+07:00,"3900.67,3918.04,3899.77,3917.83"
2025-10-06 09:00:00+07:00,"3917.84,3924.67,3917.39,3921.16"
2025-10-06 10:00:00+07:00,"3921.13,3931.93,3919.8,3929.32"
2025-10-06 11:00:00+07:00,"3929.33,3940.51,3928.68,3938.51"
2025-10-06 12:00:00+07:00,"3938.55,3945.13,3927.39,3932.57"
2025-10-06 13:00:00+07:00,"3932.58,3934.95,3922.75,3934.58"
2025-10-06 14:00:00+07:00,"3934.56,3944.01,3929.35,3941.46"
2025-10-06 15:00:00+07:00,"3941.46,3949.63,3935.61,3942.52"
2025-10-06 16:00:00+07:00,"3942.32,3944.87,3936.61,3942.3"
2025-10-06 17:00:00+07:00,"3942.31,3946.74,3932.32,3942.43"
2025-10-06 18:00:00+07:00,"3942.42,3942.84,3931.09,3938.42"
2025-10-06 19:00:00+07:00,"3938.41,3941.46,3926.29,3934.37"
2025-10-06 20:00:00+07:00,"3934.46,3947.27,3927.15,3944.51"
2025-10-06 21:00:00+07:00,"3944.47,3958.96,3940.14,3954.9"
2025-10-06 22:00:00+07:00,"3954.88,3963.96,3948.15,3962.24"
2025-10-06 23:00:00+07:00,"3962.27,3969.97,3946.13,3954.29"
2025-10-07 00:00:00+07:00,"3954.34,3958.99,3951.06,3957.71"
2025-10-07 01:00:00+07:00,"3957.76,3960.79,3955.78,3958.2"
2025-10-07 02:00:00+07:00,"3958.14,3964.91,3958.09,3959.48"
2025-10-07 03:00:00+07:00,"3959.51,3962.08,3957.24,3960.46"
2025-10-07 05:00:00+07:00,"3959.27,3976.4,3958.42,3963.65"
2025-10-07 06:00:00+07:00,"3963.63,3972.7,3961.6,3969.71"
2025-10-07 07:00:00+07:00,"3969.73,3977.59,3961.55,3962.99"
2025-10-07 08:00:00+07:00,"3962.98,3963.96,3955.93,3958.34"
2025-10-07 09:00:00+07:00,"3958.35,3967.08,3957.37,3964.72"
2025-10-07 10:00:00+07:00,"3964.71,3974.76,3960.82,3973.23"
2025-10-07 11:00:00+07:00,"3973.21,3976.92,3971.4,3976.18"
2025-10-07 12:00:00+07:00,"3976.12,3976.9,3960.21,3964.94"
2025-10-07 13:00:00+07:00,"3965.01,3966.34,3953.69,3954.85"
2025-10-07 14:00:00+07:00,"3954.87,3956.34,3943.3,3946.14"
2025-10-07 15:00:00+07:00,"3946.14,3954.09,3940.74,3951.55"
2025-10-07 16:00:00+07:00,"3951.54,3963.47,3951.08,3955.16"
2025-10-07 17:00:00+07:00,"3955.13,3962.91,3953.99,3959.86"
2025-10-07 18:00:00+07:00,"3959.87,3969.11,3956.43,3966.8"
2025-10-07 19:00:00+07:00,"3966.71,3979.9,3964.23,3979.64"
2025-10-07 20:00:00+07:00,"3979.58,3985.65,3970.75,3979.45"
2025-10-07 21:00:00+07:00,"3979.42,3986.9,3968.83,3985.48"
2025-10-07 22:00:00+07:00,"3985.48,3991.06,3961.86,3965.9"
2025-10-07 23:00:00+07:00,"3965.91,3979.41,3962.89,3976.52"
2025-10-08 00:00:00+07:00,"3976.54,3987.83,3976.28,3981.05"
2025-10-08 01:00:00+07:00,"3981.06,3983.98,3974,3981.25"
2025-10-08 02:00:00+07:00,"3981.3,3983.38,3978.38,3979.98"
2025-10-08 03:00:00+07:00,"3979.98,3986.66,3979.98,3984.45"
2025-10-08 05:00:00+07:00,"3985.36,3990.87,3983.39,3989.77"
2025-10-08 06:00:00+07:00,"3989.73,3996.25,3988.21,3994.11"
2025-10-08 07:00:00+07:00,"3994.1,3999.56,3989.49,3992.13"
2025-10-08 08:00:00+07:00,"3992.14,4000.47,3984.5,4000.45"
2025-10-08 09:00:00+07:00,"4000.43,4011.81,3995.58,4011.65"
2025-10-08 10:00:00+07:00,"4011.62,4016.66,4008.83,4014.92"
2025-10-08 11:00:00+07:00,"4014.52,4027.28,4014.49,4026.96"
2025-10-08 12:00:00+07:00,"4026.95,4036.87,4024.49,4029.26"
2025-10-08 13:00:00+07:00,"4029.28,4033.01,4021.6,4031.49"
2025-10-08 14:00:00+07:00,"4031.44,4039.15,4030.19,4034.17"
2025-10-08 15:00:00+07:00,"4034.14,4040.48,4033.09,4036.58"
2025-10-08 16:00:00+07:00,"4036.57,4049.47,4030.86,4049.3"
2025-10-08 17:00:00+07:00,"4049.3,4049.64,4033.55,4037.3"
2025-10-08 18:00:00+07:00,"4037.25,4038.37,4031.93,4037.86"
2025-10-08 19:00:00+07:00,"4037.89,4046.6,4030.95,4040.21"
2025-10-08 20:00:00+07:00,"4040.28,4049.19,4026.11,4038.44"
2025-10-08 21:00:00+07:00,"4038.41,4049.26,4035.54,4048.43"
2025-10-08 22:00:00+07:00,"4048.41,4050.76,4037.39,4045.67"
2025-10-08 23:00:00+07:00,"4045.64,4059.28,4044.18,4056.8"
2025-10-09 00:00:00+07:00,"4056.81,4058.08,4042.87,4051.11"
2025-10-09 01:00:00+07:00,"4051.07,4053.32,4038.63,4049.76"
2025-10-09 02:00:00+07:00,"4049.78,4054.8,4031.88,4044.34"
2025-10-09 03:00:00+07:00,"4044.4,4046.47,4038.58,4040.54"
2025-10-09 05:00:00+07:00,"4041.08,4041.76,4015.47,4021.16"
2025-10-09 06:00:00+07:00,"4021.25,4022.09,4001.17,4012.13"
2025-10-09 07:00:00+07:00,"4012.08,4027.98,4008.87,4022.85"
2025-10-09 08:00:00+07:00,"4022.86,4036.36,4008.31,4019.54"
2025-10-09 09:00:00+07:00,"4019.95,4021.22,4002.39,4018.84"
2025-10-09 10:00:00+07:00,"4018.83,4029.53,4017.22,4026.89"
2025-10-09 11:00:00+07:00,"4026.88,4041.24,4026.57,4039.04"
2025-10-09 12:00:00+07:00,"4038.79,4043.77,4034.48,4039.79"
2025-10-09 13:00:00+07:00,"4039.8,4041.13,4022.69,4025.98"
2025-10-09 14:00:00+07:00,"4025.98,4033,4024.8,4031.29"
2025-10-09 15:00:00+07:00,"4031.33,4040.54,4030.14,4038.52"
2025-10-09 16:00:00+07:00,"4038.54,4042.02,4034.22,4037.48"
2025-10-09 17:00:00+07:00,"4037.49,4044.28,4036.37,4043.88"
2025-10-09 18:00:00+07:00,"4043.9,4046.73,4033.41,4044.49"
2025-10-09 19:00:00+07:00,"4044.47,4053.68,4037.4,4053.37"
2025-10-09 20:00:00+07:00,"4053.39,4057.91,4017.01,4017.46"
2025-10-09 21:00:00+07:00,"4017.41,4029.14,4003.93,4024.02"
2025-10-09 22:00:00+07:00,"4023.99,4028.86,4006.59,4014.43"
2025-10-09 23:00:00+07:00,"4014.46,4021.81,3964.03,3968.56"
2025-10-10 00:00:00+07:00,"3968.48,3974,3944.69,3950.28"
2025-10-10 01:00:00+07:00,"3950.27,3969.16,3949.53,3957.57"
2025-10-10 02:00:00+07:00,"3957.6,3981.98,3954.98,3973.08"
2025-10-10 03:00:00+07:00,"3973.11,3979.14,3972.89,3976.59"
2025-10-10 05:00:00+07:00,"3980.49,3981.49,3958.7,3975.41"
2025-10-10 06:00:00+07:00,"3975.42,3990.63,3974.28,3989.59"
2025-10-10 07:00:00+07:00,"3989.6,3994.52,3985.38,3991.15"
2025-10-10 08:00:00+07:00,"3991.14,3992.6,3969.97,3973"
2025-10-10 09:00:00+07:00,"3973.01,3986.91,3972.98,3978.74"
2025-10-10 10:00:00+07:00,"3978.72,3979.29,3960.94,3961.72"
2025-10-10 11:00:00+07:00,"3961.71,3966.91,3947.07,3966.49"
2025-10-10 12:00:00+07:00,"3966.48,3977.69,3965.63,3974.59"
2025-10-10 13:00:00+07:00,"3974.61,3976.11,3962.84,3968.59"
2025-10-10 14:00:00+07:00,"3968.64,3976.49,3952.94,3972.24"
2025-10-10 15:00:00+07:00,"3972.25,3994.84,3970.09,3992.08"
2025-10-10 16:00:00+07:00,"3992.08,4006.56,3990.27,3995.82"
2025-10-10 17:00:00+07:00,"3995.81,4000.16,3990.94,3993.88"
2025-10-10 18:00:00+07:00,"3993.89,4000,3983.69,3987.12"
2025-10-10 19:00:00+07:00,"3987.11,3993.31,3980.06,3985.53"
2025-10-10 20:00:00+07:00,"3985.55,3998.02,3975.49,3980.4"
2025-10-10 21:00:00+07:00,"3980.33,3993.83,3970.61,3989.94"
2025-10-10 22:00:00+07:00,"3989.97,4023.14,3988.17,3997.9"
2025-10-10 23:00:00+07:00,"3997.92,3998.76,3977.62,3983.34"
2025-10-11 00:00:00+07:00,"3983.4,3992.13,3975.16,3989.9"
2025-10-11 01:00:00+07:00,"3989.89,4009.05,3984.12,3999.01"
2025-10-11 02:00:00+07:00,"3999.01,4021.31,3995.96,4011.07"
2025-10-11 03:00:00+07:00,"4011.08,4020.73,4005.59,4018.36"
2025-10-13 05:00:00+07:00,"4028.06,4045.48,4008.23,4042.35"
2025-10-13 06:00:00+07:00,"4042.31,4060.04,4032.22,4035.34"
2025-10-13 07:00:00+07:00,"4035.35,4059.86,4024.66,4043.63"
2025-10-13 08:00:00+07:00,"4043.64,4054.84,4036.12,4052.82"
2025-10-13 09:00:00+07:00,"4052.81,4055.69,4041.47,4047.92"
2025-10-13 10:00:00+07:00,"4047.9,4056.22,4046.34,4052.27"
2025-10-13 11:00:00+07:00,"4052.26,4059.28,4051.29,4056.61"
2025-10-13 12:00:00+07:00,"4056.6,4077.93,4055.01,4063.73"
2025-10-13 13:00:00+07:00,"4063.81,4073.42,4060.07,4069.57"
2025-10-13 14:00:00+07:00,"4069.55,4077.5,4066.51,4071.12"
2025-10-13 15:00:00+07:00,"4071.13,4079.32,4069.04,4077.79"
2025-10-13 16:00:00+07:00,"4077.83,4079.98,4070.44,4077.42"
2025-10-13 17:00:00+07:00,"4077.45,4085.1,4071.34,4080.97"
2025-10-13 18:00:00+07:00,"4081.18,4085,4073.7,4073.96"
2025-10-13 19:00:00+07:00,"4073.97,4086.05,4073.1,4079.94"
2025-10-13 20:00:00+07:00,"4079.99,4095.68,4078.26,4093.83"
2025-10-13 21:00:00+07:00,"4093.81,4103.84,4090.78,4097.48"
2025-10-13 22:00:00+07:00,"4097.49,4107.24,4091.69,4104.85"
2025-10-13 23:00:00+07:00,"4104.84,4117.01,4103.92,4105.96"
2025-10-14 00:00:00+07:00,"4105.9,4115.27,4100.14,4103.85"
2025-10-14 01:00:00+07:00,"4103.84,4107.45,4099.43,4101.76"
2025-10-14 02:00:00+07:00,"4101.75,4110.66,4090.55,4108.58"
2025-10-14 03:00:00+07:00,"4108.61,4112.83,4105.99,4109.93"
2025-10-14 05:00:00+07:00,"4110.87,4115.98,4106.6,4115.12"
2025-10-14 06:00:00+07:00,"4115.22,4132.12,4112.82,4128.34"
2025-10-14 07:00:00+07:00,"4128.33,4130.45,4119.42,4124.69"
2025-10-14 08:00:00+07:00,"4124.68,4149.7,4123.19,4137.24"
2025-10-14 09:00:00+07:00,"4137.26,4149.7,4136.65,4146.07"
2025-10-14 10:00:00+07:00,"4146.03,4166.59,4145,4163.04"
2025-10-14 11:00:00+07:00,"4163.05,4170.05,4155.96,4168.13"
2025-10-14 12:00:00+07:00,"4168.08,4179.55,4111.31,4121.28"
2025-10-14 13:00:00+07:00,"4121.25,4133.42,4090.65,4112.04"
2025-10-14 14:00:00+07:00,"4112.03,4127.87,4102.68,4126.07"
2025-10-14 15:00:00+07:00,"4126.01,4145.06,4124.71,4143.87"
2025-10-14 16:00:00+07:00,"4143.86,4144.25,4122.1,4127.81"
2025-10-14 17:00:00+07:00,"4127.76,4144.42,4124.92,4131.65"
2025-10-14 18:00:00+07:00,"4131.64,4138.1,4125.74,4130.38"
2025-10-14 19:00:00+07:00,"4130.4,4134.56,4103.51,4106.56"
2025-10-14 20:00:00+07:00,"4106.53,4129.49,4097.92,4124.01"
2025-10-14 21:00:00+07:00,"4123.98,4137.7,4121.11,4129.23"
2025-10-14 22:00:00+07:00,"4129.24,4142.82,4126.29,4137.82"
2025-10-14 23:00:00+07:00,"4137.81,4155.32,4127.71,4140.56"
2025-10-15 00:00:00+07:00,"4140.55,4153.14,4137.47,4148.33"
2025-10-15 01:00:00+07:00,"4148.34,4152.66,4143.27,4148.08"
2025-10-15 02:00:00+07:00,"4148.09,4150.79,4134.5,4141.39"
2025-10-15 03:00:00+07:00,"4141.4,4146.3,4139.23,4142.18"
2025-10-15 05:00:00+07:00,"4144.15,4163.82,4140.42,4158.75"
2025-10-15 06:00:00+07:00,"4158.84,4167.15,4157.04,4161.72"
2025-10-15 07:00:00+07:00,"4161.71,4169.86,4153.9,4162.68"
2025-10-15 08:00:00+07:00,"4162.66,4186.9,4162.36,4181.82"
2025-10-15 09:00:00+07:00,"4181.8,4184.65,4167.16,4176.54"
2025-10-15 10:00:00+07:00,"4176.52,4190.63,4176.1,4186.99"
2025-10-15 11:00:00+07:00,"4187,4187.43,4173.36,4179.72"
2025-10-15 12:00:00+07:00,"4179.69,4193.67,4176.43,4185.75"
2025-10-15 13:00:00+07:00,"4185.71,4200.39,4184.22,4199.18"
2025-10-15 14:00:00+07:00,"4199.19,4209.88,4194.38,4207.67"
2025-10-15 15:00:00+07:00,"4207.69,4218.19,4207.29,4208.38"
2025-10-15 16:00:00+07:00,"4208.43,4212.26,4164.51,4192.58"
2025-10-15 17:00:00+07:00,"4192.55,4206.5,4190.63,4202.78"
2025-10-15 18:00:00+07:00,"4202.57,4204.41,4193.39,4198.43"
2025-10-15 19:00:00+07:00,"4198.85,4202.85,4176.2,4190.5"
2025-10-15 20:00:00+07:00,"4190.49,4198.83,4182.75,4192.07"
2025-10-15 21:00:00+07:00,"4192.06,4212.42,4191.4,4199.53"
2025-10-15 22:00:00+07:00,"4199.46,4203.25,4179.53,4190.7"
2025-10-15 23:00:00+07:00,"4190.76,4200,4186.2,4198.68"
2025-10-16 00:00:00+07:00,"4198.65,4199.95,4182.46,4197.41"
2025-10-16 01:00:00+07:00,"4197.52,4204.89,4195.47,4200.61"
2025-10-16 02:00:00+07:00,"4200.6,4213.74,4200.3,4210.6"
2025-10-16 03:00:00+07:00,"4210.59,4212.84,4206.02,4207.51"
2025-10-16 05:00:00+07:00,"4210.51,4215.81,4199.82,4213.35"
2025-10-16 06:00:00+07:00,"4213.19,4215.87,4206.36,4209.27"
2025-10-16 07:00:00+07:00,"4209.28,4227.34,4204.85,4210.68"
2025-10-16 08:00:00+07:00,"4210.66,4232.87,4210.64,4229.89"
2025-10-16 09:00:00+07:00,"4229.94,4239.71,4226.02,4239.2"
2025-10-16 10:00:00+07:00,"4239.18,4242,4229.08,4233.65"
2025-10-16 11:00:00+07:00,"4233.68,4239.35,4227.98,4233.31"
2025-10-16 12:00:00+07:00,"4233.3,4234.86,4203.41,4205.21"
2025-10-16 13:00:00+07:00,"4205.23,4227.12,4203.48,4222.54"
2025-10-16 14:00:00+07:00,"4222.53,4233.98,4221.98,4230.42"
2025-10-16 15:00:00+07:00,"4230.43,4236,4228.66,4233.16"
2025-10-16 16:00:00+07:00,"4233.19,4241.84,4221.94,4239.4"
2025-10-16 17:00:00+07:00,"4239.42,4246.15,4234.23,4243.03"
2025-10-16 18:00:00+07:00,"4243.05,4247.56,4239.34,4240.78"
2025-10-16 19:00:00+07:00,"4240.82,4251.1,4227.63,4235.88"
2025-10-16 20:00:00+07:00,"4235.91,4258.88,4234.95,4246.1"
2025-10-16 21:00:00+07:00,"4246.08,4267.68,4245.62,4263.41"
2025-10-16 22:00:00+07:00,"4263.16,4276.11,4260.83,4273.4"
2025-10-16 23:00:00+07:00,"4273.32,4292.13,4261.28,4282.46"
2025-10-17 00:00:00+07:00,"4282.34,4298.82,4280.32,4293.75"
2025-10-17 01:00:00+07:00,"4293.77,4294.84,4273.61,4290.89"
2025-10-17 02:00:00+07:00,"4290.88,4312.98,4287.73,4307.6"
2025-10-17 03:00:00+07:00,"4307.59,4330.81,4307.37,4328.49"
2025-10-17 05:00:00+07:00,"4336.73,4379.4,4332.74,4347.13"
2025-10-17 06:00:00+07:00,"4347.14,4379.07,4342.05,4366.01"
2025-10-17 07:00:00+07:00,"4365.99,4371.46,4353.71,4358.58"
2025-10-17 08:00:00+07:00,"4358.57,4362.39,4279.65,4313.73"
2025-10-17 09:00:00+07:00,"4313.68,4348.72,4312.47,4342.25"
2025-10-17 10:00:00+07:00,"4342.47,4366.7,4338.63,4366.69"
2025-10-17 11:00:00+07:00,"4366.65,4377.34,4355.36,4376.8"
2025-10-17 12:00:00+07:00,"4376.7,4378.63,4342.22,4366.1"
2025-10-17 13:00:00+07:00,"4366.11,4369.82,4347.16,4360.32"
2025-10-17 14:00:00+07:00,"4360.31,4361.65,4310.01,4342.56"
2025-10-17 15:00:00+07:00,"4342.57,4349.78,4321.34,4347.68"
2025-10-17 16:00:00+07:00,"4347.73,4348.55,4332.11,4340.43"
2025-10-17 17:00:00+07:00,"4340.38,4342.16,4319.29,4327.59"
2025-10-17 18:00:00+07:00,"4327.58,4336.17,4286.93,4287.7"
2025-10-17 19:00:00+07:00,"4287.8,4319.86,4283.48,4314.49"
2025-10-17 20:00:00+07:00,"4314.5,4317.84,4258.56,4273.81"
2025-10-17 21:00:00+07:00,"4273.85,4274.64,4216.96,4248.77"
2025-10-17 22:00:00+07:00,"4248.76,4259.18,4230.93,4237.57"
2025-10-17 23:00:00+07:00,"4237.6,4244.77,4200.88,4205.17"
2025-10-18 00:00:00+07:00,"4205.21,4228.5,4186.23,4221.27"
2025-10-18 01:00:00+07:00,"4221.37,4244.54,4218.11,4235.5"
2025-10-18 02:00:00+07:00,"4235.55,4237.87,4212.34,4225.63"
2025-10-18 03:00:00+07:00,"4225.65,4252.59,4220.08,4251.75"
2025-10-20 05:00:00+07:00,"4244.16,4274.15,4243.34,4255.88"
2025-10-20 06:00:00+07:00,"4255.9,4256.23,4233.12,4238.39"
2025-10-20 07:00:00+07:00,"4238.31,4250.9,4218.99,4249.48"
2025-10-20 08:00:00+07:00,"4249.42,4269.18,4229.67,4262.28"
2025-10-20 09:00:00+07:00,"4262.31,4271.38,4253.38,4255.85"
2025-10-20 10:00:00+07:00,"4255.9,4265.5,4248.61,4264.69"
2025-10-20 11:00:00+07:00,"4264.7,4268.51,4260.46,4266.15"
2025-10-20 12:00:00+07:00,"4266.14,4266.86,4239.72,4240.16"
2025-10-20 13:00:00+07:00,"4239.94,4246.01,4222.04,4236.49"
2025-10-20 14:00:00+07:00,"4236.45,4260.92,4234.71,4255.47"
2025-10-20 15:00:00+07:00,"4255.46,4266.23,4252.23,4258.44"
2025-10-20 16:00:00+07:00,"4258.47,4263.83,4250.21,4261.03"
2025-10-20 17:00:00+07:00,"4261.02,4261.12,4245.68,4255.07"
2025-10-20 18:00:00+07:00,"4254.98,4279.35,4250.85,4278.72"
2025-10-20 19:00:00+07:00,"4278.73,4327.13,4272.82,4323.72"
2025-10-20 20:00:00+07:00,"4323.74,4325.18,4299.31,4300.91"
2025-10-20 21:00:00+07:00,"4300.9,4334.85,4292.79,4332.66"
2025-10-20 22:00:00+07:00,"4332.69,4355.47,4332.64,4348.94"
2025-10-20 23:00:00+07:00,"4348.97,4350.87,4342.68,4347.99"
2025-10-21 00:00:00+07:00,"4347.98,4350.99,4337.14,4347.62"
2025-10-21 01:00:00+07:00,"4347.63,4364.84,4344.57,4359.24"
2025-10-21 02:00:00+07:00,"4359.25,4381.61,4359.16,4378.26"
2025-10-21 03:00:00+07:00,"4378.27,4380.29,4346.39,4356.26"
2025-10-21 05:00:00+07:00,"4359.15,4375.4,4357.4,4367.65"
2025-10-21 06:00:00+07:00,"4367.66,4371.75,4356.7,4360.16"
2025-10-21 07:00:00+07:00,"4360.11,4371.33,4356.3,4368.96"
2025-10-21 08:00:00+07:00,"4368.99,4372.43,4333.25,4351.06"
2025-10-21 09:00:00+07:00,"4351.04,4355.48,4335.14,4338.71"
2025-10-21 10:00:00+07:00,"4338.7,4350.62,4337.79,4346.77"
2025-10-21 11:00:00+07:00,"4346.75,4347.17,4336.99,4341.85"
2025-10-21 12:00:00+07:00,"4341.64,4344.29,4317.61,4323.49"
2025-10-21 13:00:00+07:00,"4323.46,4344.4,4317.22,4343.07"
2025-10-21 14:00:00+07:00,"4342.92,4343.48,4293.3,4298.82"
2025-10-21 15:00:00+07:00,"4298.85,4301.81,4244.84,4274.12"
2025-10-21 16:00:00+07:00,"4274.11,4278.08,4254.62,4265.49"
2025-10-21 17:00:00+07:00,"4265.52,4266.63,4249.73,4254.3"
2025-10-21 18:00:00+07:00,"4254.32,4272.24,4245.75,4253.33"
2025-10-21 19:00:00+07:00,"4253.32,4257.5,4205.92,4211.51"
2025-10-21 20:00:00+07:00,"4211.56,4225.59,4167.49,4173.89"
2025-10-21 21:00:00+07:00,"4173.94,4188.4,4082.19,4139.01"
2025-10-21 22:00:00+07:00,"4138.99,4149.71,4120.14,4138.61"
2025-10-21 23:00:00+07:00,"4138.63,4143.76,4102.29,4113.51"
2025-10-22 00:00:00+07:00,"4113.59,4120.4,4094.12,4111.05"
2025-10-22 01:00:00+07:00,"4111.04,4125.76,4106.46,4115.06"
2025-10-22 02:00:00+07:00,"4115.08,4122.23,4100.48,4108.96"
2025-10-22 03:00:00+07:00,"4108.97,4131.13,4106.18,4124.72"
2025-10-22 05:00:00+07:00,"4126.18,4132.16,4113.83,4123.12"
2025-10-22 06:00:00+07:00,"4123.13,4128.12,4090.41,4093.02"
2025-10-22 07:00:00+07:00,"4093.01,4093.93,4005.18,4074.9"
2025-10-22 08:00:00+07:00,"4074.92,4120.56,4064.37,4087.42"
2025-10-22 09:00:00+07:00,"4087.43,4117.91,4087.43,4115.02"
2025-10-22 10:00:00+07:00,"4114.99,4143.32,4107.12,4128.54"
2025-10-22 11:00:00+07:00,"4128.49,4133.61,4107.64,4128.49"
2025-10-22 12:00:00+07:00,"4128.48,4147.09,4126.45,4134.71"
2025-10-22 13:00:00+07:00,"4134.75,4161.27,4127.78,4155.68"
2025-10-22 14:00:00+07:00,"4155.66,4156.43,4129.39,4132.76"
2025-10-22 15:00:00+07:00,"4132.71,4135.95,4062.8,4071.07"
2025-10-22 16:00:00+07:00,"4071.02,4101.7,4061.6,4069.75"
2025-10-22 17:00:00+07:00,"4069.34,4090.83,4023.87,4034.95"
2025-10-22 18:00:00+07:00,"4034.96,4045,4014.97,4027.52"
2025-10-22 19:00:00+07:00,"4027.54,4053.63,4023.11,4034.02"
2025-10-22 20:00:00+07:00,"4034.05,4085.24,4033.8,4075.52"
2025-10-22 21:00:00+07:00,"4075.5,4078,4011.19,4015.3"
2025-10-22 22:00:00+07:00,"4015.32,4047.09,4014.92,4037.01"
2025-10-22 23:00:00+07:00,"4037.04,4064.14,4023.24,4059.37"
2025-10-23 00:00:00+07:00,"4059.29,4071.2,4043.88,4069.67"
2025-10-23 01:00:00+07:00,"4069.66,4081.61,4066.64,4076.72"
2025-10-23 02:00:00+07:00,"4076.73,4113.53,4076.47,4102.39"
2025-10-23 03:00:00+07:00,"4102.38,4107.09,4088.42,4098.67"
2025-10-23 05:00:00+07:00,"4104.81,4116.28,4092.59,4102.28"
2025-10-23 06:00:00+07:00,"4102.15,4104.86,4080.8,4087.91"
2025-10-23 07:00:00+07:00,"4087.9,4096.73,4066.12,4082.25"
2025-10-23 08:00:00+07:00,"4081.84,4092.68,4071.73,4073.05"
2025-10-23 09:00:00+07:00,"4073.1,4085.36,4072.16,4083.02"
2025-10-23 10:00:00+07:00,"4082.82,4100.41,4077.94,4091.24"
2025-10-23 11:00:00+07:00,"4091.23,4092.67,4079.94,4090.04"
2025-10-23 12:00:00+07:00,"4090.09,4110.14,4083.72,4109.95"
2025-10-23 13:00:00+07:00,"4109.91,4137.81,4109.89,4113.88"
2025-10-23 14:00:00+07:00,"4113.86,4121.25,4092.08,4094.44"
2025-10-23 15:00:00+07:00,"4094.49,4119.14,4094.49,4116.53"
2025-10-23 16:00:00+07:00,"4116.54,4125.63,4111.26,4124.52"
2025-10-23 17:00:00+07:00,"4124.53,4125.21,4101.71,4109.28"
2025-10-23 18:00:00+07:00,"4109.3,4120.72,4107.83,4109.54"
2025-10-23 19:00:00+07:00,"4109.54,4129.4,4100.13,4127.06"
2025-10-23 20:00:00+07:00,"4127.04,4151,4125.83,4145.01"
2025-10-23 21:00:00+07:00,"4144.94,4154.71,4135.82,4148.05"
2025-10-23 22:00:00+07:00,"4148.08,4151.87,4137.09,4142.08"
2025-10-23 23:00:00+07:00,"4142.07,4148.6,4125.77,4132.76"
2025-10-24 00:00:00+07:00,"4132.74,4139.37,4124.98,4137.52"
2025-10-24 01:00:00+07:00,"4137.45,4143.56,4133.35,4136.25"
2025-10-24 02:00:00+07:00,"4136.26,4138.06,4116.46,4118.55"
2025-10-24 03:00:00+07:00,"4118.57,4126.93,4107.57,4126.31"
2025-10-24 05:00:00+07:00,"4129.78,4132.48,4111.37,4116.23"
2025-10-24 06:00:00+07:00,"4116.33,4122.88,4105.87,4121.46"
2025-10-24 07:00:00+07:00,"4121.47,4133.82,4118.02,4132.86"
2025-10-24 08:00:00+07:00,"4132.85,4144.34,4112.3,4118.99"
2025-10-24 09:00:00+07:00,"4118.96,4119.08,4109.44,4109.94"
2025-10-24 10:00:00+07:00,"4109.96,4123.69,4107.52,4122.28"
2025-10-24 11:00:00+07:00,"4122.27,4123.25,4102.77,4111.66"
2025-10-24 12:00:00+07:00,"4111.38,4118.02,4102.97,4104.63"
2025-10-24 13:00:00+07:00,"4104.53,4104.93,4081.72,4092.41"
2025-10-24 14:00:00+07:00,"4092.38,4095.91,4069.92,4074.67"
2025-10-24 15:00:00+07:00,"4074.68,4077.87,4047.62,4065.08"
2025-10-24 16:00:00+07:00,"4065.09,4073.69,4054.65,4061.07"
2025-10-24 17:00:00+07:00,"4061.06,4070.97,4053.38,4054.89"
2025-10-24 18:00:00+07:00,"4054.9,4065.73,4043.88,4061.5"
2025-10-24 19:00:00+07:00,"4061.52,4093.2,4059.89,4081.73"
2025-10-24 20:00:00+07:00,"4081.72,4122.44,4079.08,4106.45"
2025-10-24 21:00:00+07:00,"4106.45,4135,4102.7,4117.15"
2025-10-24 22:00:00+07:00,"4117.19,4131.89,4113.4,4130.22"
2025-10-24 23:00:00+07:00,"4130.3,4138.82,4121.7,4129.39"
2025-10-25 00:00:00+07:00,"4129.4,4134.27,4105.54,4107.97"
2025-10-25 01:00:00+07:00,"4108,4113.87,4102.01,4110.21"
2025-10-25 02:00:00+07:00,"4110.22,4117.56,4102.09,4104.23"
2025-10-25 03:00:00+07:00,"4104.24,4113.7,4096.35,4111.71"
2025-10-27 05:00:00+07:00,"4078.53,4109.14,4064.8,4082.12"
2025-10-27 06:00:00+07:00,"4082.15,4088.34,4062.05,4064.84"
2025-10-27 07:00:00+07:00,"4064.81,4084.16,4058.26,4081.16"
2025-10-27 08:00:00+07:00,"4081.15,4097.92,4075.34,4082.05"
2025-10-27 09:00:00+07:00,"4081.95,4082.2,4070.07,4071.87"
2025-10-27 10:00:00+07:00,"4071.89,4081.98,4065.43,4069.73"
2025-10-27 11:00:00+07:00,"4069.72,4071.8,4053.77,4068.73"
2025-10-27 12:00:00+07:00,"4068.74,4084.7,4068.65,4079.86"
2025-10-27 13:00:00+07:00,"4079.81,4084.68,4073.97,4078.11"
2025-10-27 14:00:00+07:00,"4078.13,4079.98,4064.06,4068.49"
2025-10-27 15:00:00+07:00,"4068.43,4070.63,4023.77,4043.32"
2025-10-27 16:00:00+07:00,"4043.33,4050.08,4030.18,4039.62"
2025-10-27 17:00:00+07:00,"4039.63,4047.98,4028.91,4037.67"
2025-10-27 18:00:00+07:00,"4037.66,4041.49,4015.51,4023.79"
2025-10-27 19:00:00+07:00,"4023.84,4046.39,4022.11,4045.45"
2025-10-27 20:00:00+07:00,"4045.46,4050.42,4013.13,4022.11"
2025-10-27 21:00:00+07:00,"4022.08,4023.11,3982.84,3988.24"
2025-10-27 22:00:00+07:00,"3988.19,3993.26,3971.48,3989.79"
2025-10-27 23:00:00+07:00,"3989.54,4000.33,3984.02,3998.98"
2025-10-28 00:00:00+07:00,"3999.01,4008.86,3990.81,4006.72"
2025-10-28 01:00:00+07:00,"4006.67,4010.13,3997.74,3999.76"
2025-10-28 02:00:00+07:00,"3999.77,4005.76,3985.62,3990.21"
2025-10-28 03:00:00+07:00,"3990.2,4000.17,3979.07,3982.11"
2025-10-28 05:00:00+07:00,"3981.22,3996.21,3981.1,3989.61"
2025-10-28 06:00:00+07:00,"3989.73,4004.39,3983.16,3998.35"
2025-10-28 07:00:00+07:00,"3998.34,4009.84,3973.13,4006.59"
2025-10-28 08:00:00+07:00,"4006.6,4019.83,4004.45,4011.27"
2025-10-28 09:00:00+07:00,"4011.24,4013.96,3980.87,3984.08"
2025-10-28 10:00:00+07:00,"3984.07,3994.56,3983.42,3992.71"
2025-10-28 11:00:00+07:00,"3992.67,3994.39,3963.9,3973.78"
2025-10-28 12:00:00+07:00,"3973.77,3980.24,3959.22,3966.62"
2025-10-28 13:00:00+07:00,"3966.67,3968.44,3938.38,3942.29"
2025-10-28 14:00:00+07:00,"3942.28,3948.53,3921.96,3932.59"
2025-10-28 15:00:00+07:00,"3932.64,3935.83,3896.54,3897.12"
2025-10-28 16:00:00+07:00,"3897.1,3910.96,3886.5,3904.84"
2025-10-28 17:00:00+07:00,"3904.83,3930.9,3899.86,3926.38"
2025-10-28 18:00:00+07:00,"3926.39,3929.9,3910.85,3922.99"
2025-10-28 19:00:00+07:00,"3923.02,3929.9,3905.58,3913.14"
2025-10-28 20:00:00+07:00,"3913.13,3940.54,3912.23,3938.77"
2025-10-28 21:00:00+07:00,"3938.75,3953.79,3934.78,3949.89"
2025-10-28 22:00:00+07:00,"3949.88,3969.7,3946.96,3965.06"
2025-10-28 23:00:00+07:00,"3965.02,3965.54,3950.86,3958.38"
2025-10-29 00:00:00+07:00,"3958.37,3970.55,3955.27,3962.66"
2025-10-29 01:00:00+07:00,"3962.69,3963.97,3945.09,3956.29"
2025-10-29 02:00:00+07:00,"3956.31,3962.89,3950.8,3960.49"
2025-10-29 03:00:00+07:00,"3960.44,3961.15,3949.44,3952.24"
2025-10-29 05:00:00+07:00,"3956.49,3961.1,3917.62,3934.49"
2025-10-29 06:00:00+07:00,"3934.48,3967.57,3934.05,3964.47"
2025-10-29 07:00:00+07:00,"3964.46,3982.43,3959.49,3975.49"
2025-10-29 08:00:00+07:00,"3975.5,3979.79,3966.18,3973.86"
2025-10-29 09:00:00+07:00,"3973.83,3974.56,3944.16,3961.27"
2025-10-29 10:00:00+07:00,"3961.28,3972.26,3958.55,3963.21"
2025-10-29 11:00:00+07:00,"3963.2,3965.01,3951.02,3952.15"
2025-10-29 12:00:00+07:00,"3952.2,3966.09,3950.97,3962.79"
2025-10-29 13:00:00+07:00,"3962.78,3984.66,3959.79,3978.03"
2025-10-29 14:00:00+07:00,"3978.01,4001.59,3975.29,4001.58"
2025-10-29 15:00:00+07:00,"4001.58,4018.16,4000.26,4016.92"
2025-10-29 16:00:00+07:00,"4016.9,4029.78,4013.52,4024.17"
2025-10-29 17:00:00+07:00,"4024.13,4029.86,4017.14,4023.47"
2025-10-29 18:00:00+07:00,"4023.47,4028.61,4013.47,4016.92"
2025-10-29 19:00:00+07:00,"4016.94,4030.26,4013.63,4025.3"
2025-10-29 20:00:00+07:00,"4025.3,4025.86,4002.32,4012.14"
2025-10-29 21:00:00+07:00,"4012.16,4022.57,4007.4,4008.16"
2025-10-29 22:00:00+07:00,"4008.14,4012.11,3989.63,3993.05"
2025-10-29 23:00:00+07:00,"3993.03,4000.97,3991.33,3992.64"
2025-10-30 00:00:00+07:00,"3992.63,3997.85,3985.69,3994.54"
2025-10-30 01:00:00+07:00,"3994.55,4007.47,3943.01,3969.37"
2025-10-30 02:00:00+07:00,"3969.34,3979.99,3928.06,3945.59"
2025-10-30 03:00:00+07:00,"3945.6,3953.79,3927.93,3929.46"
2025-10-30 05:00:00+07:00,"3927.06,3948.32,3917.93,3941.21"
2025-10-30 06:00:00+07:00,"3941.19,3954.06,3939.6,3952.93"
2025-10-30 07:00:00+07:00,"3952.94,3964.33,3937.92,3950.03"
2025-10-30 08:00:00+07:00,"3950.02,3966.38,3945.33,3948.23"
2025-10-30 09:00:00+07:00,"3948.25,3948.25,3922.24,3922.43"
2025-10-30 10:00:00+07:00,"3922.04,3938.29,3915.51,3938.17"
2025-10-30 11:00:00+07:00,"3938.21,3982.79,3935.07,3972.67"
2025-10-30 12:00:00+07:00,"3972.69,3978.28,3947.14,3963.74"
2025-10-30 13:00:00+07:00,"3963.71,3977.09,3956.41,3976.41"
2025-10-30 14:00:00+07:00,"3976.39,3977.3,3955.89,3961.25"
2025-10-30 15:00:00+07:00,"3961.22,3976.57,3960.17,3976.2"
2025-10-30 16:00:00+07:00,"3976.15,4011.83,3975.99,3998.77"
2025-10-30 17:00:00+07:00,"3998.76,4001.26,3973.66,3984.41"
2025-10-30 18:00:00+07:00,"3984.42,3984.99,3964.19,3974.48"
2025-10-30 19:00:00+07:00,"3974.99,3985.36,3961,3961.67"
2025-10-30 20:00:00+07:00,"3961.62,3995.27,3959.95,3995.06"
2025-10-30 21:00:00+07:00,"3995.05,4014.82,3986.7,3996.32"
2025-10-30 22:00:00+07:00,"3996.27,4008.79,3988.41,4001.71"
2025-10-30 23:00:00+07:00,"4001.65,4004.24,3991.21,4001.66"
2025-10-31 00:00:00+07:00,"4001.59,4018,3994.33,4004.68"
2025-10-31 01:00:00+07:00,"4004.75,4017.64,4000.28,4016.4"
2025-10-31 02:00:00+07:00,"4016.36,4026.12,4015.29,4023.3"
2025-10-31 03:00:00+07:00,"4023.31,4027.18,4016.25,4024.91"
2025-10-31 05:00:00+07:00,"4023.6,4046.13,4016.17,4037.61"
2025-10-31 06:00:00+07:00,"4037.6,4043.02,4019.04,4036.65"
2025-10-31 07:00:00+07:00,"4036.63,4037.38,4023.9,4024.85"
2025-10-31 08:00:00+07:00,"4024.87,4038.79,4012.94,4018.6"
2025-10-31 09:00:00+07:00,"4018.59,4019.3,4001.8,4010.81"
2025-10-31 10:00:00+07:00,"4010.88,4014.1,3991.34,3996.51"
2025-10-31 11:00:00+07:00,"3996.53,4010.47,3989.05,4005.53"
2025-10-31 12:00:00+07:00,"4005.3,4011.16,3994.01,4005.19"
2025-10-31 13:00:00+07:00,"4005.21,4014.9,4002.12,4013"
2025-10-31 14:00:00+07:00,"4012.95,4025.47,4007.46,4020.85"
2025-10-31 15:00:00+07:00,"4020.87,4026.87,4006.78,4010.56"
2025-10-31 16:00:00+07:00,"4010.53,4014.26,3998.62,4008.63"
2025-10-31 17:00:00+07:00,"4008.65,4016.58,4003.87,4007.18"
2025-10-31 18:00:00+07:00,"4007.15,4011.4,4001.72,4010.6"
2025-10-31 19:00:00+07:00,"4010.59,4035.94,4009.08,4023.17"
2025-10-31 20:00:00+07:00,"4023.19,4035.28,4010.5,4016.9"
2025-10-31 21:00:00+07:00,"4016.89,4027.41,4010.75,4020.67"
2025-10-31 22:00:00+07:00,"4020.62,4022.83,4009.55,4012.91"
2025-10-31 23:00:00+07:00,"4012.86,4015.2,3972.55,3980.96"
2025-11-01 00:00:00+07:00,"3981.02,4003.74,3980.22,3997.85"
2025-11-01 01:00:00+07:00,"3997.89,4009.97,3995.21,4000.23"
2025-11-01 02:00:00+07:00,"4000.22,4005.51,3991.25,4001.27"
2025-11-01 03:00:00+07:00,"4001.22,4006.49,3995.95,4001.99"
2025-11-03 06:00:00+07:00,"3985.95,3998.97,3977.9,3979.3"
2025-11-03 07:00:00+07:00,"3979.42,3987.66,3962.6,3971.05"
2025-11-03 08:00:00+07:00,"3971.04,4001.78,3965.57,3996.42"
2025-11-03 09:00:00+07:00,"3996.43,4006.51,3990.61,4003.84"
2025-11-03 10:00:00+07:00,"4003.9,4015.49,4002.15,4011.68"
2025-11-03 11:00:00+07:00,"4011.67,4014.2,4001.67,4003.93"
2025-11-03 12:00:00+07:00,"4003.95,4018.67,3997.71,4014.16"
2025-11-03 13:00:00+07:00,"4014.2,4018.66,4010.19,4017.75"
2025-11-03 14:00:00+07:00,"4017.74,4025.92,4013.47,4025.53"
2025-11-03 15:00:00+07:00,"4025.54,4027.89,4010.88,4019.39"
2025-11-03 16:00:00+07:00,"4019.38,4026,3992.91,4000.46"
2025-11-03 17:00:00+07:00,"4000.47,4004.76,3994.46,3998.96"
2025-11-03 18:00:00+07:00,"3998.92,4008.82,3994.61,4007.37"
2025-11-03 19:00:00+07:00,"4007.41,4013.63,4001.87,4013.07"
2025-11-03 20:00:00+07:00,"4013.12,4020.3,4010.63,4016.3"
2025-11-03 21:00:00+07:00,"4016.31,4026.31,4001.41,4022.8"
2025-11-03 22:00:00+07:00,"4023.41,4030.39,4003.32,4008.39"
2025-11-03 23:00:00+07:00,"4008.42,4013.1,3995.35,4008.11"
2025-11-04 00:00:00+07:00,"4008.13,4012.31,4003.44,4005.97"
2025-11-04 01:00:00+07:00,"4006,4009.7,3999.47,4006.16"
2025-11-04 02:00:00+07:00,"4006.16,4008.22,3995.21,4004.75"
2025-11-04 03:00:00+07:00,"4004.78,4014.99,4004.38,4010.4"
2025-11-04 04:00:00+07:00,"4010.39,4010.4,3999.73,4001.61"
2025-11-04 06:00:00+07:00,"4002.63,4005.91,3982.38,3997.29"
2025-11-04 07:00:00+07:00,"3997.2,3999.22,3978.35,3986.85"
2025-11-04 08:00:00+07:00,"3986.84,3994.54,3979.5,3987.23"
2025-11-04 09:00:00+07:00,"3987.16,3987.23,3975.73,3986.47"
2025-11-04 10:00:00+07:00,"3986.45,3999.27,3981.7,3994.5"
2025-11-04 11:00:00+07:00,"3994.49,3995.35,3983.92,3985.77"
2025-11-04 12:00:00+07:00,"3985.75,3987.29,3973.08,3973.39"
2025-11-04 13:00:00+07:00,"3973.38,3988.21,3966.86,3985.3"
2025-11-04 14:00:00+07:00,"3985.35,3996.42,3982.34,3993.82"
2025-11-04 15:00:00+07:00,"3994.02,4000.79,3990.72,3996.07"
2025-11-04 16:00:00+07:00,"3996.1,3999.6,3990.22,3990.97"
2025-11-04 17:00:00+07:00,"3990.96,3997.81,3985.84,3993.59"
2025-11-04 18:00:00+07:00,"3993.61,4000.28,3991.48,3994.73"
2025-11-04 19:00:00+07:00,"3994.74,3997.63,3983.57,3984.48"
2025-11-04 20:00:00+07:00,"3984.43,3996.11,3971.87,3975.82"
2025-11-04 21:00:00+07:00,"3975.81,3977.84,3928.76,3957.35"
2025-11-04 22:00:00+07:00,"3957.31,3967.92,3941.55,3956.94"
2025-11-04 23:00:00+07:00,"3956.94,3975.57,3956.54,3968.92"
2025-11-05 00:00:00+07:00,"3968.93,3971.14,3952.53,3955.34"
2025-11-05 01:00:00+07:00,"3955.06,3956.81,3932.17,3938.04"
2025-11-05 02:00:00+07:00,"3938.04,3944.25,3934.76,3937.24"
2025-11-05 03:00:00+07:00,"3937.26,3942.31,3931.32,3938.92"
2025-11-05 04:00:00+07:00,"3938.95,3939.18,3930.41,3932.31"
2025-11-05 06:00:00+07:00,"3934.05,3940.56,3930.84,3934.89"
2025-11-05 07:00:00+07:00,"3934.93,3943.03,3929.53,3939.52"
2025-11-05 08:00:00+07:00,"3939.55,3949.44,3934.33,3937.17"
2025-11-05 09:00:00+07:00,"3937.16,3950.8,3935.48,3948.66"
2025-11-05 10:00:00+07:00,"3948.66,3965.1,3947.58,3960.86"
2025-11-05 11:00:00+07:00,"3960.7,3973.69,3959.67,3970.66"
2025-11-05 12:00:00+07:00,"3970.66,3978.74,3961.82,3964.88"
2025-11-05 13:00:00+07:00,"3964.93,3973.85,3961.86,3966.39"
2025-11-05 14:00:00+07:00,"3966.28,3975.04,3963.69,3972.58"
2025-11-05 15:00:00+07:00,"3972.55,3987.16,3972.53,3980.29"
2025-11-05 16:00:00+07:00,"3980.29,3981.35,3963.42,3971.68"
2025-11-05 17:00:00+07:00,"3971.67,3972.06,3955.94,3964.49"
2025-11-05 18:00:00+07:00,"3964.51,3969.04,3957.43,3966.71"
2025-11-05 19:00:00+07:00,"3966.59,3969.87,3962.24,3969.35"
2025-11-05 20:00:00+07:00,"3969.4,3979.51,3964.69,3975.98"
2025-11-05 21:00:00+07:00,"3975.99,3985.75,3969.51,3973.67"
2025-11-05 22:00:00+07:00,"3973.63,3984.65,3964.35,3978.12"
2025-11-05 23:00:00+07:00,"3978.11,3990.67,3974.77,3986.9"
2025-11-06 00:00:00+07:00,"3986.88,3989.28,3978.52,3982.28"
2025-11-06 01:00:00+07:00,"3982.31,3986.19,3978.84,3982.29"
2025-11-06 02:00:00+07:00,"3982.28,3988.75,3979.06,3987.92"
2025-11-06 03:00:00+07:00,"3987.93,3990.33,3981.76,3983.96"
2025-11-06 04:00:00+07:00,"3983.99,3985.15,3977.8,3979.35"
2025-11-06 06:00:00+07:00,"3977.54,3980.31,3966.83,3973.45"
2025-11-06 07:00:00+07:00,"3973.52,3976.08,3969.46,3976.04"
2025-11-06 08:00:00+07:00,"3976.44,3977.35,3964.51,3976.82"
2025-11-06 09:00:00+07:00,"3976.81,3985.15,3974.08,3983.48"
2025-11-06 10:00:00+07:00,"3983.5,3990.35,3979.38,3987.52"
2025-11-06 11:00:00+07:00,"3987.53,3989.91,3984.38,3989.01"
2025-11-06 12:00:00+07:00,"3988.83,3990.9,3985.49,3987.97"
2025-11-06 13:00:00+07:00,"3987.95,3992.93,3982.14,3991.29"
2025-11-06 14:00:00+07:00,"3991.31,4009.6,3990.99,4006.05"
2025-11-06 15:00:00+07:00,"4006.03,4016.98,4004.87,4014.85"
2025-11-06 16:00:00+07:00,"4014.84,4015.43,4009.06,4010.74"
2025-11-06 17:00:00+07:00,"4010.73,4011.29,4004.37,4008.46"
2025-11-06 18:00:00+07:00,"4008.44,4019.31,4006.95,4017.98"
2025-11-06 19:00:00+07:00,"4017.92,4019.69,4002.94,4005.31"
2025-11-06 20:00:00+07:00,"4005.36,4016.25,4003.81,4012.39"
2025-11-06 21:00:00+07:00,"4012.38,4014.04,3988.99,3993.47"
2025-11-06 22:00:00+07:00,"3993.62,3993.97,3975.42,3980.11"
2025-11-06 23:00:00+07:00,"3980.1,3986.38,3976.61,3981.12"
2025-11-07 00:00:00+07:00,"3981.07,3988.33,3965.64,3986.18"
2025-11-07 01:00:00+07:00,"3986.11,3991.03,3980.47,3987.99"
2025-11-07 02:00:00+07:00,"3988.01,3995.43,3983.06,3985.5"
2025-11-07 03:00:00+07:00,"3985.47,3987.2,3979.35,3981.03"
2025-11-07 04:00:00+07:00,"3981.02,3982.44,3976.65,3977.27"
2025-11-07 06:00:00+07:00,"3975.4,3989.89,3974.99,3989.01"
2025-11-07 07:00:00+07:00,"3988.91,3994.72,3984.46,3988.87"
2025-11-07 08:00:00+07:00,"3988.83,4002.9,3987.17,4002.03"
2025-11-07 09:00:00+07:00,"4002.03,4003.25,3991.66,3995.42"
2025-11-07 10:00:00+07:00,"3995.22,3996.68,3988.16,3990.43"
2025-11-07 11:00:00+07:00,"3990.41,3998.48,3985.57,3998.32"
2025-11-07 12:00:00+07:00,"3998.26,3998.97,3991.87,3995.26"
2025-11-07 13:00:00+07:00,"3995.38,4008.47,3992.24,4006.6"
2025-11-07 14:00:00+07:00,"4006.61,4009.88,4002.74,4007.99"
2025-11-07 15:00:00+07:00,"4008.06,4010.48,4003.47,4009.65"
2025-11-07 16:00:00+07:00,"4009.6,4014.33,4004.05,4006.73"
2025-11-07 17:00:00+07:00,"4006.76,4009.62,4003.05,4007.97"
2025-11-07 18:00:00+07:00,"4007.96,4011.99,3993.76,4002.82"
2025-11-07 19:00:00+07:00,"4002.81,4008.62,3991.51,3996.02"
2025-11-07 20:00:00+07:00,"3996.04,4002.04,3991.89,3997.87"
2025-11-07 21:00:00+07:00,"3997.88,4007.51,3984.32,3993.46"
2025-11-07 22:00:00+07:00,"3993.39,3999.08,3983.93,3991.25"
2025-11-07 23:00:00+07:00,"3991.32,4027.35,3989.8,4007.89"
2025-11-08 00:00:00+07:00,"4007.95,4009.95,3992.4,4005.24"
2025-11-08 01:00:00+07:00,"4005.25,4008.94,3999.55,4005.76"
2025-11-08 02:00:00+07:00,"4005.74,4009.14,4001.74,4006.58"
2025-11-08 03:00:00+07:00,"4006.55,4007.2,3994.49,4003.84"
2025-11-08 04:00:00+07:00,"4003.85,4005.16,3998.46,4000.32"
2025-11-10 06:00:00+07:00,"4000.09,4012.32,3999.67,4011.69"
2025-11-10 07:00:00+07:00,"4011.71,4023.78,4011.07,4020.32"
2025-11-10 08:00:00+07:00,"4020.33,4053.01,4019.01,4044.24"
2025-11-10 09:00:00+07:00,"4044.25,4049.27,4037.67,4048.18"
2025-11-10 10:00:00+07:00,"4047.98,4052.9,4045,4050.36"
2025-11-10 11:00:00+07:00,"4050.35,4057,4049.78,4053.99"
2025-11-10 12:00:00+07:00,"4054,4069.88,4050.02,4069.24"
2025-11-10 13:00:00+07:00,"4069.25,4078.52,4066.68,4074.83"
2025-11-10 14:00:00+07:00,"4074.86,4079.04,4072.38,4075.57"
2025-11-10 15:00:00+07:00,"4075.54,4085.23,4074.88,4082.44"
2025-11-10 16:00:00+07:00,"4082.45,4086.24,4071.45,4076.69"
2025-11-10 17:00:00+07:00,"4076.68,4083.55,4076.25,4080.8"
2025-11-10 18:00:00+07:00,"4080.75,4085.56,4075.83,4085.5"
2025-11-10 19:00:00+07:00,"4085.55,4100.03,4084.23,4097.34"
2025-11-10 20:00:00+07:00,"4097.33,4106.15,4090.35,4092"
2025-11-10 21:00:00+07:00,"4092.02,4094.28,4074.32,4083.83"
2025-11-10 22:00:00+07:00,"4083.82,4094.35,4077.7,4084.17"
2025-11-10 23:00:00+07:00,"4084.15,4095.9,4082.04,4095.17"
2025-11-11 00:00:00+07:00,"4095.27,4102.28,4093.22,4102.19"
2025-11-11 01:00:00+07:00,"4102.18,4115.73,4101.37,4109.94"
2025-11-11 02:00:00+07:00,"4109.93,4115.62,4107.91,4112.97"
2025-11-11 03:00:00+07:00,"4112.94,4114.73,4106.73,4111.98"
2025-11-11 04:00:00+07:00,"4112,4116.76,4110.36,4115.9"
2025-11-11 06:00:00+07:00,"4116.32,4122.67,4115.26,4120.1"
2025-11-11 07:00:00+07:00,"4120.06,4133.89,4116.12,4131.15"
2025-11-11 08:00:00+07:00,"4130.97,4141.31,4127.93,4136.11"
2025-11-11 09:00:00+07:00,"4136.33,4139.64,4129.38,4137.97"
2025-11-11 10:00:00+07:00,"4137.97,4148.25,4136.99,4146.87"
2025-11-11 11:00:00+07:00,"4146.86,4149.09,4141.93,4143.32"
2025-11-11 12:00:00+07:00,"4143.29,4144.57,4124.84,4131.3"
2025-11-11 13:00:00+07:00,"4131.12,4137.9,4126.88,4130.12"
2025-11-11 14:00:00+07:00,"4130.07,4133.07,4124.84,4129.85"
2025-11-11 15:00:00+07:00,"4129.8,4137.9,4128.67,4135.46"
2025-11-11 16:00:00+07:00,"4135.44,4145.92,4134.47,4142"
2025-11-11 17:00:00+07:00,"4142.02,4144.27,4136.91,4142.05"
2025-11-11 18:00:00+07:00,"4142.07,4144.63,4139.09,4142.91"
2025-11-11 19:00:00+07:00,"4142.95,4143.95,4133.21,4134.75"
2025-11-11 20:00:00+07:00,"4134.8,4146.74,4133.96,4142.42"
2025-11-11 21:00:00+07:00,"4142.5,4143.3,4119.94,4125.11"
2025-11-11 22:00:00+07:00,"4125.12,4126.22,4097.21,4106.87"
2025-11-11 23:00:00+07:00,"4106.85,4115.96,4105.19,4113.02"
2025-11-12 00:00:00+07:00,"4113,4117.9,4110.53,4114.43"
2025-11-12 01:00:00+07:00,"4114.42,4116.49,4106.59,4113.87"
2025-11-12 02:00:00+07:00,"4113.6,4126.11,4112.09,4123.32"
2025-11-12 03:00:00+07:00,"4123.31,4131.93,4122.53,4129.78"
2025-11-12 04:00:00+07:00,"4129.76,4131.37,4125.77,4126.51"
2025-11-12 06:00:00+07:00,"4130.25,4144.94,4128.95,4142.67"
2025-11-12 07:00:00+07:00,"4142.59,4145.56,4132.14,4133.15"
2025-11-12 08:00:00+07:00,"4133.16,4137.45,4126.42,4131.73"
2025-11-12 09:00:00+07:00,"4131.72,4135.76,4118.86,4123.86"
2025-11-12 10:00:00+07:00,"4123.87,4125.42,4111.62,4112.14"
2025-11-12 11:00:00+07:00,"4112.11,4113.22,4103.62,4110.72"
2025-11-12 12:00:00+07:00,"4110.81,4111.11,4098.88,4104.57"
2025-11-12 13:00:00+07:00,"4104.54,4119.18,4103.14,4118.72"
2025-11-12 14:00:00+07:00,"4118.74,4125.31,4113.41,4117.29"
2025-11-12 15:00:00+07:00,"4117.27,4132.91,4112.17,4131.15"
2025-11-12 16:00:00+07:00,"4131.16,4133.54,4120.51,4124.46"
2025-11-12 17:00:00+07:00,"4124.47,4129.34,4117.96,4127.52"
2025-11-12 18:00:00+07:00,"4127.53,4131.41,4123.02,4126.27"
2025-11-12 19:00:00+07:00,"4126.04,4139.52,4124.8,4130.45"
2025-11-12 20:00:00+07:00,"4130.46,4132.67,4122.54,4127"
2025-11-12 21:00:00+07:00,"4127.01,4140.19,4124.79,4136.72"
2025-11-12 22:00:00+07:00,"4136.67,4185.64,4134.43,4181.18"
2025-11-12 23:00:00+07:00,"4181.13,4197.85,4179.89,4196.28"
2025-11-13 00:00:00+07:00,"4196.31,4206.62,4192.52,4199.75"
2025-11-13 01:00:00+07:00,"4199.8,4211.9,4190.85,4206.73"
2025-11-13 02:00:00+07:00,"4206.76,4210.22,4192.03,4197.62"
2025-11-13 03:00:00+07:00,"4197.61,4199.89,4190.44,4195.86"
2025-11-13 04:00:00+07:00,"4195.84,4202.3,4191.28,4195.28"
2025-11-13 06:00:00+07:00,"4202.72,4207.35,4187.44,4190.96"
2025-11-13 07:00:00+07:00,"4191.09,4208.9,4185.87,4205.73"
2025-11-13 08:00:00+07:00,"4205.72,4209.41,4179.93,4192.56"
2025-11-13 09:00:00+07:00,"4192.53,4196.04,4183.35,4190.03"
2025-11-13 10:00:00+07:00,"4189.99,4213.4,4189.93,4213.17"
2025-11-13 11:00:00+07:00,"4213.16,4219.48,4203.56,4209.17"
2025-11-13 12:00:00+07:00,"4209.16,4217.64,4207.24,4212.34"
2025-11-13 13:00:00+07:00,"4212.35,4212.35,4203.35,4210.62"
2025-11-13 14:00:00+07:00,"4210.63,4220.09,4208.35,4219.9"
2025-11-13 15:00:00+07:00,"4219.99,4239.6,4218.97,4233.02"
2025-11-13 16:00:00+07:00,"4233.07,4239.7,4225.14,4233.48"
2025-11-13 17:00:00+07:00,"4233.45,4239.93,4222.03,4225.68"
2025-11-13 18:00:00+07:00,"4225.73,4232.46,4219.19,4230.42"
2025-11-13 19:00:00+07:00,"4230.37,4244.94,4229.97,4242.63"
2025-11-13 20:00:00+07:00,"4242.57,4243.74,4220.29,4232.01"
2025-11-13 21:00:00+07:00,"4232.1,4232.63,4184.59,4195.35"
2025-11-13 22:00:00+07:00,"4195.33,4205.2,4186.67,4202.4"
2025-11-13 23:00:00+07:00,"4202.42,4210.93,4195.69,4206.41"
2025-11-14 00:00:00+07:00,"4206.4,4208.49,4193.18,4202.03"
2025-11-14 01:00:00+07:00,"4202.01,4203.43,4145.45,4157.82"
2025-11-14 02:00:00+07:00,"4157.79,4170.58,4145.88,4163.76"
2025-11-14 03:00:00+07:00,"4163.79,4170.65,4160.15,4164.18"
2025-11-14 04:00:00+07:00,"4164.19,4180.74,4161.01,4171.55"
2025-11-14 06:00:00+07:00,"4172.55,4186.78,4171.9,4186.11"
2025-11-14 07:00:00+07:00,"4185.96,4189.9,4178.12,4183.8"
2025-11-14 08:00:00+07:00,"4183.76,4193.9,4173.51,4190.18"
2025-11-14 09:00:00+07:00,"4190.17,4210.33,4188.44,4207.35"
2025-11-14 10:00:00+07:00,"4207.33,4211.28,4201.42,4204.21"
2025-11-14 11:00:00+07:00,"4204.19,4205.95,4196.87,4203.12"
2025-11-14 12:00:00+07:00,"4203.13,4203.88,4184.16,4189.75"
2025-11-14 13:00:00+07:00,"4189.72,4193.3,4169.76,4174.9"
2025-11-14 14:00:00+07:00,"4174.93,4182.32,4159.17,4181.44"
2025-11-14 15:00:00+07:00,"4181.49,4186.94,4169.86,4176.07"
2025-11-14 16:00:00+07:00,"4176.04,4180.51,4166.43,4169.27"
2025-11-14 17:00:00+07:00,"4169.25,4171.11,4159.35,4168.1"
2025-11-14 18:00:00+07:00,"4168.11,4169.95,4130.94,4133.12"
2025-11-14 19:00:00+07:00,"4133.1,4140.68,4107.7,4115.79"
2025-11-14 20:00:00+07:00,"4115.74,4118.9,4041.22,4055.39"
2025-11-14 21:00:00+07:00,"4055.36,4083.85,4032.31,4082.8"
2025-11-14 22:00:00+07:00,"4082.81,4095.88,4068.36,4093.2"
2025-11-14 23:00:00+07:00,"4093.23,4111.06,4080.94,4104.95"
2025-11-15 00:00:00+07:00,"4104.92,4110.69,4094,4100.21"
2025-11-15 01:00:00+07:00,"4100.21,4103.76,4080.93,4098.28"
2025-11-15 02:00:00+07:00,"4098.31,4099.77,4087.71,4090.3"
2025-11-15 03:00:00+07:00,"4090.33,4092.44,4075.33,4087.24"
2025-11-15 04:00:00+07:00,"4087.22,4087.22,4077.74,4082.5"
2025-11-17 06:00:00+07:00,"4082.73,4106.66,4070.13,4096.69"
2025-11-17 07:00:00+07:00,"4096.64,4098.22,4080.51,4083.18"
2025-11-17 08:00:00+07:00,"4083.2,4101.98,4082.43,4091.1"
2025-11-17 09:00:00+07:00,"4091.03,4093.74,4080.75,4081.98"
2025-11-17 10:00:00+07:00,"4082.01,4085.49,4070.29,4082.72"
2025-11-17 11:00:00+07:00,"4082.71,4088.1,4076.79,4078.52"
2025-11-17 12:00:00+07:00,"4078.72,4078.83,4049.62,4058.09"
2025-11-17 13:00:00+07:00,"4058.12,4071.96,4054.7,4065.94"
2025-11-17 14:00:00+07:00,"4065.91,4089.08,4065.13,4088.13"
2025-11-17 15:00:00+07:00,"4088.13,4096.22,4072.23,4077.71"
2025-11-17 16:00:00+07:00,"4077.7,4088.77,4072.05,4081.9"
2025-11-17 17:00:00+07:00,"4081.89,4089.65,4068.53,4070.39"
2025-11-17 18:00:00+07:00,"4070.39,4085.66,4060.96,4078.74"
2025-11-17 19:00:00+07:00,"4078.72,4085.4,4074.56,4077.32"
2025-11-17 20:00:00+07:00,"4077.34,4092.32,4060.74,4065.36"
2025-11-17 21:00:00+07:00,"4065.35,4082.01,4060.93,4076.16"
2025-11-17 22:00:00+07:00,"4076.14,4077.65,4060.9,4064.21"
2025-11-17 23:00:00+07:00,"4064.2,4073.89,4052.19,4069.74"
2025-11-18 00:00:00+07:00,"4069.72,4080.89,4069.72,4073.5"
2025-11-18 01:00:00+07:00,"4073.52,4076.12,4062.48,4062.48"
2025-11-18 02:00:00+07:00,"4062.49,4065.19,4010.8,4011"
2025-11-18 03:00:00+07:00,"4010.99,4043.58,4006.76,4040.78"
2025-11-18 04:00:00+07:00,"4040.71,4046.36,4038.66,4044.87"
2025-11-18 06:00:00+07:00,"4050.87,4055.31,4028.7,4037.08"
2025-11-18 07:00:00+07:00,"4037.11,4041.32,4027.39,4040.23"
2025-11-18 08:00:00+07:00,"4040.26,4045.04,4022.37,4024.77"
2025-11-18 09:00:00+07:00,"4024.79,4035.99,4015.49,4017.62"
2025-11-18 10:00:00+07:00,"4017.61,4026.38,4008.5,4013.41"
2025-11-18 11:00:00+07:00,"4013.41,4018.25,4004.93,4010.58"
2025-11-18 12:00:00+07:00,"4010.64,4025.12,4008.15,4019.11"
2025-11-18 13:00:00+07:00,"4019.05,4020.6,4007.52,4009.28"
2025-11-18 14:00:00+07:00,"4009.27,4017.47,3997.92,4013.81"
2025-11-18 15:00:00+07:00,"4013.76,4042.77,4010.82,4036.8"
2025-11-18 16:00:00+07:00,"4036.81,4047.2,4030.13,4040.43"
2025-11-18 17:00:00+07:00,"4040.42,4050.61,4037.5,4043.99"
2025-11-18 18:00:00+07:00,"4044.01,4050.08,4036.87,4039.3"
2025-11-18 19:00:00+07:00,"4039.31,4045.14,4029.15,4032.27"
2025-11-18 20:00:00+07:00,"4032.24,4069.92,4031.25,4065.2"
2025-11-18 21:00:00+07:00,"4065.28,4081.97,4058.24,4065.47"
2025-11-18 22:00:00+07:00,"4065.51,4072.61,4048.86,4052.72"
2025-11-18 23:00:00+07:00,"4052.79,4069.46,4040.25,4067.16"
2025-11-19 00:00:00+07:00,"4067.13,4075.91,4059.25,4071.3"
2025-11-19 01:00:00+07:00,"4071.29,4074.66,4063.06,4072.84"
2025-11-19 02:00:00+07:00,"4072.89,4082.39,4072.6,4081.08"
2025-11-19 03:00:00+07:00,"4081.07,4082.59,4067.46,4069.77"
2025-11-19 04:00:00+07:00,"4069.78,4072.52,4064.97,4066.97"
2025-11-19 06:00:00+07:00,"4069.11,4077.95,4066.56,4076.51"
2025-11-19 07:00:00+07:00,"4076.61,4078.4,4067.67,4069.41"
2025-11-19 08:00:00+07:00,"4069.39,4070.49,4056.43,4059.45"
2025-11-19 09:00:00+07:00,"4059.48,4080.76,4055.69,4075.49"
2025-11-19 10:00:00+07:00,"4075.48,4078.75,4065.98,4067.06"
2025-11-19 11:00:00+07:00,"4067.11,4076.96,4064.36,4075.51"
2025-11-19 12:00:00+07:00,"4075.41,4097.43,4074.26,4095.43"
2025-11-19 13:00:00+07:00,"4095.44,4098.75,4089.06,4091.23"
2025-11-19 14:00:00+07:00,"4091.16,4097.09,4084.78,4086.9"
2025-11-19 15:00:00+07:00,"4086.93,4088.9,4078.14,4083.21"
2025-11-19 16:00:00+07:00,"4083.2,4116.18,4080.99,4113.4"
2025-11-19 17:00:00+07:00,"4113.41,4119.04,4107.13,4109.02"
2025-11-19 18:00:00+07:00,"4108.77,4117.6,4106.36,4112.79"
2025-11-19 19:00:00+07:00,"4112.79,4119.9,4112.07,4114.34"
2025-11-19 20:00:00+07:00,"4114.35,4117.89,4100.59,4110.39"
2025-11-19 21:00:00+07:00,"4110.46,4128.98,4101.86,4127.97"
2025-11-19 22:00:00+07:00,"4127.94,4132.74,4090.1,4096.6"
2025-11-19 23:00:00+07:00,"4096.59,4098.75,4067.75,4074.55"
2025-11-20 00:00:00+07:00,"4074.51,4081.18,4055.62,4078.68"
2025-11-20 01:00:00+07:00,"4078.71,4091.03,4075.69,4087.06"
2025-11-20 02:00:00+07:00,"4087.09,4087.41,4069,4073.86"
2025-11-20 03:00:00+07:00,"4073.88,4082.3,4072.08,4076.59"
2025-11-20 04:00:00+07:00,"4076.61,4084.75,4065.56,4077.69"
2025-11-20 06:00:00+07:00,"4080.27,4107.94,4079.87,4104.36"
2025-11-20 07:00:00+07:00,"4104.3,4109.93,4100.43,4103.08"
2025-11-20 08:00:00+07:00,"4103.07,4109.17,4081.11,4081.76"
2025-11-20 09:00:00+07:00,"4081.73,4081.85,4042.95,4067.08"
2025-11-20 10:00:00+07:00,"4067.07,4085.78,4064.68,4072.78"
2025-11-20 11:00:00+07:00,"4072.75,4080.67,4068.3,4076.09"
2025-11-20 12:00:00+07:00,"4076.09,4076.29,4064.46,4066.42"
2025-11-20 13:00:00+07:00,"4066.43,4077.7,4058.82,4068.64"
2025-11-20 14:00:00+07:00,"4068.63,4076.77,4054.18,4059.84"
2025-11-20 15:00:00+07:00,"4059.77,4069.4,4038.79,4063.5"
2025-11-20 16:00:00+07:00,"4063.49,4072.93,4055.6,4064.05"
2025-11-20 17:00:00+07:00,"4064.08,4068.32,4058.09,4060.18"
2025-11-20 18:00:00+07:00,"4060.19,4068.32,4051.12,4060.8"
2025-11-20 19:00:00+07:00,"4060.73,4082.17,4059.99,4081.63"
2025-11-20 20:00:00+07:00,"4081.65,4096.35,4067.35,4080.15"
2025-11-20 21:00:00+07:00,"4080.2,4107.38,4072.07,4093.07"
2025-11-20 22:00:00+07:00,"4093.06,4098.97,4070.14,4070.14"
2025-11-20 23:00:00+07:00,"4070.5,4082.85,4044.93,4049.17"
2025-11-21 00:00:00+07:00,"4049.13,4068.55,4043.79,4066.06"
2025-11-21 01:00:00+07:00,"4065.97,4072.52,4056.14,4060.34"
2025-11-21 02:00:00+07:00,"4060.33,4087.22,4058.91,4084.42"
2025-11-21 03:00:00+07:00,"4084.4,4084.97,4073.31,4077.61"
2025-11-21 04:00:00+07:00,"4077.66,4081,4074.08,4077.42"
2025-11-21 06:00:00+07:00,"4075.74,4088.69,4072.86,4078.91"
2025-11-21 07:00:00+07:00,"4078.87,4081.29,4071.54,4073.89"
2025-11-21 08:00:00+07:00,"4073.88,4074.39,4060.53,4068.52"
2025-11-21 09:00:00+07:00,"4068.47,4079.99,4056.68,4057.3"
2025-11-21 10:00:00+07:00,"4057.25,4059.65,4049.23,4056.38"
2025-11-21 11:00:00+07:00,"4056.59,4062.54,4047.9,4052.36"
2025-11-21 12:00:00+07:00,"4052.38,4059.61,4039.85,4058.28"
2025-11-21 13:00:00+07:00,"4058.68,4065.1,4029.43,4033.01"
2025-11-21 14:00:00+07:00,"4032.98,4039.9,4024.89,4031.82"
2025-11-21 15:00:00+07:00,"4031.76,4048.17,4022.15,4040.89"
2025-11-21 16:00:00+07:00,"4040.88,4063.3,4040.13,4050.53"
2025-11-21 17:00:00+07:00,"4050.5,4052.81,4032.45,4037.44"
2025-11-21 18:00:00+07:00,"4037.41,4046.76,4031.01,4036.52"
2025-11-21 19:00:00+07:00,"4036.57,4071.75,4034.72,4066.04"
2025-11-21 20:00:00+07:00,"4066.01,4080.9,4059.23,4079.48"
2025-11-21 21:00:00+07:00,"4079.4,4084.1,4061.5,4071.54"
2025-11-21 22:00:00+07:00,"4071.45,4077.02,4055.08,4069.53"
2025-11-21 23:00:00+07:00,"4069.5,4100.8,4063.02,4099.74"
2025-11-22 00:00:00+07:00,"4099.72,4101.18,4078.94,4085.77"
2025-11-22 01:00:00+07:00,"4085.76,4088.29,4076.56,4082.87"
2025-11-22 02:00:00+07:00,"4082.85,4092.21,4082.48,4087.83"
2025-11-22 03:00:00+07:00,"4087.81,4088.65,4055.14,4067.09"
2025-11-22 04:00:00+07:00,"4067.11,4068.72,4054.52,4065.51"
2025-11-24 06:00:00+07:00,"4068.91,4077.84,4065.76,4075.33"
2025-11-24 07:00:00+07:00,"4075.32,4076.25,4058.49,4067.2"
2025-11-24 08:00:00+07:00,"4067.16,4073.46,4042.84,4044.16"
2025-11-24 09:00:00+07:00,"4044.11,4051.74,4040.78,4043.86"
2025-11-24 10:00:00+07:00,"4043.83,4057.9,4043.47,4050.42"
2025-11-24 11:00:00+07:00,"4050.43,4061.27,4042.16,4044"
2025-11-24 12:00:00+07:00,"4043.99,4049.54,4039.97,4046.37"
2025-11-24 13:00:00+07:00,"4046.4,4058.27,4045.38,4053.53"
2025-11-24 14:00:00+07:00,"4053.63,4067.62,4051.86,4060.17"
2025-11-24 15:00:00+07:00,"4060.27,4066.96,4059.53,4063.47"
2025-11-24 16:00:00+07:00,"4063.45,4074.04,4062.91,4071.71"
2025-11-24 17:00:00+07:00,"4071.7,4077.29,4063.34,4063.76"
2025-11-24 18:00:00+07:00,"4063.76,4071.92,4063.4,4069.99"
2025-11-24 19:00:00+07:00,"4070,4084.22,4065.53,4080.24"
2025-11-24 20:00:00+07:00,"4080.25,4085.92,4073.5,4077.6"
2025-11-24 21:00:00+07:00,"4077.58,4086.27,4068.54,4081.35"
2025-11-24 22:00:00+07:00,"4081.16,4093.9,4081.16,4091.76"
2025-11-24 23:00:00+07:00,"4091.59,4098.97,4089.68,4097.07"
2025-11-25 00:00:00+07:00,"4097.1,4100.4,4089.01,4093.29"
2025-11-25 01:00:00+07:00,"4093.28,4126.11,4087.99,4120.34"
2025-11-25 02:00:00+07:00,"4120.35,4124.3,4114.2,4118.31"
2025-11-25 03:00:00+07:00,"4118.32,4133.77,4118,4132.52"
2025-11-25 04:00:00+07:00,"4132.51,4139.94,4130.35,4135.39"
2025-11-25 06:00:00+07:00,"4134.44,4144.16,4125.29,4143.8"
2025-11-25 07:00:00+07:00,"4143.69,4144.42,4127.99,4129.71"
2025-11-25 08:00:00+07:00,"4129.7,4138.98,4122.71,4134.59"
2025-11-25 09:00:00+07:00,"4134.58,4155.77,4133.02,4151.2"
2025-11-25 10:00:00+07:00,"4151.2,4151.21,4139.65,4143.09"
2025-11-25 11:00:00+07:00,"4143.04,4148.47,4139.56,4140.65"
2025-11-25 12:00:00+07:00,"4140.87,4152.07,4140.75,4150.77"
2025-11-25 13:00:00+07:00,"4150.76,4152.2,4138.56,4141.83"
2025-11-25 14:00:00+07:00,"4141.82,4146.09,4130.45,4132.24"
2025-11-25 15:00:00+07:00,"4132.25,4139.25,4109.95,4116.19"
2025-11-25 16:00:00+07:00,"4116.21,4131.09,4113.82,4128.52"
2025-11-25 17:00:00+07:00,"4128.52,4138.91,4127.45,4131.49"
2025-11-25 18:00:00+07:00,"4131.48,4137.1,4127.67,4133.26"
2025-11-25 19:00:00+07:00,"4133.27,4138.63,4116.56,4129.46"
2025-11-25 20:00:00+07:00,"4129.51,4150.79,4129.35,4148.04"
2025-11-25 21:00:00+07:00,"4148.06,4148.64,4111.77,4125.19"
2025-11-25 22:00:00+07:00,"4125.17,4133.75,4117.78,4123.1"
2025-11-25 23:00:00+07:00,"4123.05,4141.35,4122.26,4136.19"
2025-11-26 00:00:00+07:00,"4136.21,4158.96,4136.07,4146.44"
2025-11-26 01:00:00+07:00,"4146.45,4150.93,4132.48,4134.24"
2025-11-26 02:00:00+07:00,"4134.23,4140.2,4128.36,4133.77"
2025-11-26 03:00:00+07:00,"4133.76,4138.59,4130.66,4132.36"
2025-11-26 04:00:00+07:00,"4132.38,4132.62,4127.52,4130.82"
2025-11-26 06:00:00+07:00,"4132.56,4137.32,4129.71,4133.89"
2025-11-26 07:00:00+07:00,"4133.82,4144.22,4132.67,4142.92"
2025-11-26 08:00:00+07:00,"4142.93,4152.84,4138.49,4148.47"
2025-11-26 09:00:00+07:00,"4148.46,4166.43,4147.46,4161.8"
2025-11-26 10:00:00+07:00,"4161.81,4169.27,4160.18,4166.06"
2025-11-26 11:00:00+07:00,"4166.04,4167.02,4156.44,4162.04"
2025-11-26 12:00:00+07:00,"4162.07,4168.72,4160.27,4162.35"
2025-11-26 13:00:00+07:00,"4162.36,4162.96,4146.82,4150.11"
2025-11-26 14:00:00+07:00,"4150.08,4161.47,4149.21,4157.55"
2025-11-26 15:00:00+07:00,"4157.53,4168.7,4154.71,4161.19"
2025-11-26 16:00:00+07:00,"4161.18,4164.71,4156.43,4162.53"
2025-11-26 17:00:00+07:00,"4162.56,4165.26,4156.08,4160.02"
2025-11-26 18:00:00+07:00,"4160.05,4172.99,4157.7,4171.69"
2025-11-26 19:00:00+07:00,"4171.7,4173.3,4148.7,4155.14"
2025-11-26 20:00:00+07:00,"4155.13,4166.4,4149.09,4153.38"
2025-11-26 21:00:00+07:00,"4153.39,4157.11,4139.68,4142.44"
2025-11-26 22:00:00+07:00,"4142.42,4165.83,4136.77,4165.13"
2025-11-26 23:00:00+07:00,"4165.15,4168.74,4160.65,4167.01"
2025-11-27 00:00:00+07:00,"4167.03,4169.88,4164.94,4167.42"
2025-11-27 01:00:00+07:00,"4167.43,4171.5,4158.21,4164.55"
2025-11-27 02:00:00+07:00,"4164.58,4169.86,4162.4,4163.52"
2025-11-27 03:00:00+07:00,"4163.62,4167.7,4161.3,4163.83"
2025-11-27 04:00:00+07:00,"4163.87,4167.65,4162.02,4163.09"
2025-11-27 06:00:00+07:00,"4164.97,4168.9,4162.68,4165.12"
2025-11-27 07:00:00+07:00,"4165.14,4167.31,4161.71,4164.53"
2025-11-27 08:00:00+07:00,"4164.52,4165.54,4148.84,4154.13"
2025-11-27 09:00:00+07:00,"4154.13,4156.33,4144.58,4145.35"
2025-11-27 10:00:00+07:00,"4145.4,4150.71,4144.25,4147.45"
2025-11-27 11:00:00+07:00,"4147.41,4154.53,4142.54,4150.83"
2025-11-27 12:00:00+07:00,"4150.8,4154.78,4145,4147.17"
2025-11-27 13:00:00+07:00,"4147.17,4159.12,4147.15,4157.43"
2025-11-27 14:00:00+07:00,"4157.48,4162.5,4155.37,4160.13"
2025-11-27 15:00:00+07:00,"4160.14,4167.17,4159.59,4165.62"
2025-11-27 16:00:00+07:00,"4165.91,4165.91,4148.33,4158.38"
2025-11-27 17:00:00+07:00,"4158.43,4160.58,4152.36,4156.44"
2025-11-27 18:00:00+07:00,"4156.39,4162.61,4155.77,4157.35"
2025-11-27 19:00:00+07:00,"4157.4,4159.32,4153.51,4153.76"
2025-11-27 20:00:00+07:00,"4153.71,4158.01,4149.13,4154.85"
2025-11-27 21:00:00+07:00,"4154.84,4160.87,4152.86,4153.72"
2025-11-27 22:00:00+07:00,"4153.7,4161.96,4153.42,4158.06"
2025-11-27 23:00:00+07:00,"4158.03,4158.56,4151.41,4156.57"
2025-11-28 00:00:00+07:00,"4156.56,4159.42,4154.66,4157.64"
2025-11-28 01:00:00+07:00,"4157.62,4159.99,4155.79,4159.03"
2025-11-28 02:00:00+07:00,"4159.04,4160.59,4157.25,4157.55"
2025-11-28 06:00:00+07:00,"4160.35,4164.02,4158.3,4163.22"
2025-11-28 07:00:00+07:00,"4163.11,4184.55,4162.98,4180.63"
2025-11-28 08:00:00+07:00,"4180.62,4193.05,4180.51,4191.05"
2025-11-28 09:00:00+07:00,"4191.06,4192.49,4185.81,4189.74"
2025-11-28 10:00:00+07:00,"4189.67,4191.82,4182.68,4184.11"
2025-11-28 11:00:00+07:00,"4184.11,4188.92,4179.03,4188.69"
2025-11-28 12:00:00+07:00,"4188.69,4189.02,4164.54,4182.57"
2025-11-28 13:00:00+07:00,"4182.55,4188.82,4181.84,4187.57"
2025-11-28 14:00:00+07:00,"4187.54,4187.79,4174.38,4174.66"
2025-11-28 15:00:00+07:00,"4174.77,4177.89,4156.95,4170.45"
2025-11-28 16:00:00+07:00,"4170.2,4170.44,4158.31,4166.58"
2025-11-28 17:00:00+07:00,"4166.57,4178.75,4160.85,4163.93"
2025-11-28 18:00:00+07:00,"4163.92,4180.4,4163,4172.4"
2025-11-28 19:00:00+07:00,"4172.39,4177.59,4169.18,4176.69"
2025-11-28 20:00:00+07:00,"4176.68,4182.75,4169.19,4182.48"
2025-11-28 21:00:00+07:00,"4182.49,4208.38,4182.49,4198.15"
2025-11-28 22:00:00+07:00,"4198.17,4203.87,4185.82,4203.71"
2025-11-28 23:00:00+07:00,"4203.72,4210.8,4198.08,4205.96"
2025-11-29 00:00:00+07:00,"4205.97,4216.76,4204.72,4216.31"
2025-11-29 01:00:00+07:00,"4216.32,4226.78,4210.91,4220.63"
2025-11-29 02:00:00+07:00,"4220.64,4221.98,4210.31,4210.8"
2025-12-01 06:00:00+07:00,"4229.94,4230.79,4205.61,4221.64"
2025-12-01 07:00:00+07:00,"4221.64,4233.67,4218.13,4231.01"
2025-12-01 08:00:00+07:00,"4231,4256.4,4219.64,4255.17"
2025-12-01 09:00:00+07:00,"4255.16,4256.64,4234.22,4243"
2025-12-01 10:00:00+07:00,"4243.02,4243.92,4232.39,4239.07"
2025-12-01 11:00:00+07:00,"4239.07,4247.1,4236.4,4245.54"
2025-12-01 12:00:00+07:00,"4245.53,4246.84,4215.45,4229.7"
2025-12-01 13:00:00+07:00,"4229.71,4240.28,4226.29,4236.78"
2025-12-01 14:00:00+07:00,"4236.81,4246.54,4231.56,4245.3"
2025-12-01 15:00:00+07:00,"4245.13,4253.64,4238.45,4244.72"
2025-12-01 16:00:00+07:00,"4244.73,4251.84,4243.73,4250.04"
2025-12-01 17:00:00+07:00,"4250.03,4262.53,4249.19,4255.62"
2025-12-01 18:00:00+07:00,"4255.64,4258.4,4248.21,4254.53"
2025-12-01 19:00:00+07:00,"4254.5,4256.69,4244.22,4246.66"
2025-12-01 20:00:00+07:00,"4246.65,4264.79,4245.73,4247.27"
2025-12-01 21:00:00+07:00,"4247.3,4249.33,4219.49,4240"
2025-12-01 22:00:00+07:00,"4239.97,4245.25,4219.36,4232.6"
2025-12-01 23:00:00+07:00,"4232.59,4242.57,4225.22,4226.34"
2025-12-02 00:00:00+07:00,"4226.39,4240.19,4223.19,4232.2"
2025-12-02 01:00:00+07:00,"4232.22,4244.59,4232.22,4240.05"
2025-12-02 02:00:00+07:00,"4240.04,4243.98,4229.34,4236.65"
2025-12-02 03:00:00+07:00,"4236.64,4241.59,4234.77,4237.61"
2025-12-02 04:00:00+07:00,"4237.62,4240.68,4230.22,4231.52"
2025-12-02 06:00:00+07:00,"4229.8,4236.21,4224.27,4227.73"
2025-12-02 07:00:00+07:00,"4227.86,4229.93,4221.42,4226.58"
2025-12-02 08:00:00+07:00,"4226.56,4226.93,4197.32,4219.79"
2025-12-02 09:00:00+07:00,"4219.78,4224.3,4214.46,4221.47"
2025-12-02 10:00:00+07:00,"4221.45,4226.28,4215.74,4216.75"
2025-12-02 11:00:00+07:00,"4216.74,4220.66,4213.67,4218.63"
2025-12-02 12:00:00+07:00,"4218.66,4225.39,4215.11,4225.14"
2025-12-02 13:00:00+07:00,"4225.15,4226.42,4203.42,4212.91"
2025-12-02 14:00:00+07:00,"4212.89,4219.34,4209.82,4213.35"
2025-12-02 15:00:00+07:00,"4213.38,4217.43,4207.1,4210.41"
2025-12-02 16:00:00+07:00,"4210.4,4213.32,4181.21,4191.75"
2025-12-02 17:00:00+07:00,"4191.72,4192.37,4182.31,4185.73"
2025-12-02 18:00:00+07:00,"4185.72,4205.89,4184.74,4205.31"
2025-12-02 19:00:00+07:00,"4205.18,4209.52,4200.95,4208.91"
2025-12-02 20:00:00+07:00,"4208.92,4215.35,4202.17,4212.44"
2025-12-02 21:00:00+07:00,"4212.42,4230.64,4212.3,4219.18"
2025-12-02 22:00:00+07:00,"4219.17,4219.86,4163.55,4169.82"
2025-12-02 23:00:00+07:00,"4169.85,4190.03,4167.18,4185.03"
2025-12-03 00:00:00+07:00,"4185.04,4197,4184.79,4193.93"
2025-12-03 01:00:00+07:00,"4193.95,4196.8,4183.3,4190.73"
2025-12-03 02:00:00+07:00,"4190.74,4200.61,4190.74,4196.9"
2025-12-03 03:00:00+07:00,"4196.92,4212.55,4194.93,4209.77"
2025-12-03 04:00:00+07:00,"4209.78,4211.87,4205.1,4206.73"
2025-12-03 06:00:00+07:00,"4205.5,4216.07,4202.49,4212.76"
2025-12-03 07:00:00+07:00,"4212.78,4212.85,4204.54,4211.9"
2025-12-03 08:00:00+07:00,"4211.98,4221.06,4211.58,4214.51"
2025-12-03 09:00:00+07:00,"4214.5,4228.85,4214.3,4226.81"
2025-12-03 10:00:00+07:00,"4226.79,4227.55,4220.16,4221.04"
2025-12-03 11:00:00+07:00,"4221.05,4225.28,4217.41,4222.34"
2025-12-03 12:00:00+07:00,"4222.35,4223.93,4203.33,4207.99"
2025-12-03 13:00:00+07:00,"4207.98,4211.93,4204.69,4208.05"
2025-12-03 14:00:00+07:00,"4208.02,4210.37,4200.03,4206.46"
2025-12-03 15:00:00+07:00,"4206.47,4210.14,4203.65,4206.34"
2025-12-03 16:00:00+07:00,"4206.38,4207.48,4196.89,4202.08"
2025-12-03 17:00:00+07:00,"4202.07,4205.03,4194.39,4200.59"
2025-12-03 18:00:00+07:00,"4200.61,4209.09,4196.91,4208.73"
2025-12-03 19:00:00+07:00,"4208.74,4214.51,4205.1,4213.72"
2025-12-03 20:00:00+07:00,"4213.73,4238.52,4211.28,4236.94"
2025-12-03 21:00:00+07:00,"4236.95,4241.68,4205.13,4212.59"
2025-12-03 22:00:00+07:00,"4212.8,4229.56,4206.16,4216.54"
2025-12-03 23:00:00+07:00,"4216.55,4225.14,4195.72,4200.52"
2025-12-04 00:00:00+07:00,"4200.49,4215.42,4200.07,4211.17"
2025-12-04 01:00:00+07:00,"4211.18,4211.65,4195.26,4197"
2025-12-04 02:00:00+07:00,"4197.03,4210.1,4196.75,4208.14"
2025-12-04 03:00:00+07:00,"4208.12,4212.78,4203.65,4206.51"
2025-12-04 04:00:00+07:00,"4206.52,4210.16,4201.98,4203.03"
2025-12-04 06:00:00+07:00,"4205.32,4209.02,4202.7,4207.18"
2025-12-04 07:00:00+07:00,"4207.17,4215.99,4204.27,4211.91"
2025-12-04 08:00:00+07:00,"4211.87,4217.06,4205.79,4209.44"
2025-12-04 09:00:00+07:00,"4209.43,4209.45,4198.92,4200.4"
2025-12-04 10:00:00+07:00,"4200.41,4201.74,4187.52,4195.76"
2025-12-04 11:00:00+07:00,"4195.73,4199.22,4192.63,4197.08"
2025-12-04 12:00:00+07:00,"4196.87,4199.07,4174.89,4180.87"
2025-12-04 13:00:00+07:00,"4180.88,4190.19,4178.56,4190.15"
2025-12-04 14:00:00+07:00,"4190.21,4195.03,4186.57,4193.51"
2025-12-04 15:00:00+07:00,"4193.52,4196.38,4185.03,4185.15"
2025-12-04 16:00:00+07:00,"4185.17,4202.25,4183.47,4200.14"
2025-12-04 17:00:00+07:00,"4200.13,4202.71,4196.6,4197.55"
2025-12-04 18:00:00+07:00,"4197.55,4206.63,4197.14,4198.64"
2025-12-04 19:00:00+07:00,"4198.63,4201.93,4188.69,4190.55"
2025-12-04 20:00:00+07:00,"4190.54,4198.39,4185.8,4198.22"
2025-12-04 21:00:00+07:00,"4198.21,4213.18,4193.61,4201.03"
2025-12-04 22:00:00+07:00,"4201.08,4210.37,4191.28,4207.44"
2025-12-04 23:00:00+07:00,"4207.67,4219.47,4206.5,4215.64"
2025-12-05 00:00:00+07:00,"4215.62,4217.8,4208.86,4216.31"
2025-12-05 01:00:00+07:00,"4216.3,4217.53,4207.18,4207.93"
2025-12-05 02:00:00+07:00,"4207.95,4210.12,4199.47,4209.14"
2025-12-05 03:00:00+07:00,"4209.12,4210.46,4205.26,4209.71"
2025-12-05 04:00:00+07:00,"4209.69,4210.34,4207.49,4207.77"
2025-12-05 06:00:00+07:00,"4207.56,4209.79,4203.81,4206.05"
2025-12-05 07:00:00+07:00,"4206.11,4210.61,4201.31,4201.52"
2025-12-05 08:00:00+07:00,"4201.54,4204.53,4194.61,4202.97"
2025-12-05 09:00:00+07:00,"4202.97,4208.17,4196.65,4207.3"
2025-12-05 10:00:00+07:00,"4207.32,4210.91,4201.82,4209.65"
2025-12-05 11:00:00+07:00,"4209.66,4217.26,4208.06,4216.72"
2025-12-05 12:00:00+07:00,"4216.72,4221.29,4214.25,4220.49"
2025-12-05 13:00:00+07:00,"4220.49,4229.24,4218.72,4224.56"
2025-12-05 14:00:00+07:00,"4224.6,4230.65,4222.63,4224.5"
2025-12-05 15:00:00+07:00,"4224.52,4227.18,4220.52,4220.61"
2025-12-05 16:00:00+07:00,"4220.5,4225.01,4216.1,4223.38"
2025-12-05 17:00:00+07:00,"4223.35,4227.64,4222.5,4223"
2025-12-05 18:00:00+07:00,"4223.01,4225.9,4219.86,4223.61"
2025-12-05 19:00:00+07:00,"4223.63,4229.81,4222.95,4228.77"
2025-12-05 20:00:00+07:00,"4228.78,4238.79,4221.35,4234.57"
2025-12-05 21:00:00+07:00,"4234.55,4245.66,4228.39,4242.05"
2025-12-05 22:00:00+07:00,"4241.98,4259.3,4234.02,4243.69"
2025-12-05 23:00:00+07:00,"4243.68,4245.59,4198.66,4214.36"
2025-12-06 00:00:00+07:00,"4214.34,4219.85,4206.39,4217.66"
2025-12-06 01:00:00+07:00,"4217.63,4219.28,4206.72,4208.78"
2025-12-06 02:00:00+07:00,"4208.83,4210.86,4202.48,4207.52"
2025-12-06 03:00:00+07:00,"4207.55,4207.74,4199.38,4202.15"
2025-12-06 04:00:00+07:00,"4202.14,4202.45,4192.21,4197.77"
2025-12-08 06:00:00+07:00,"4196.6,4208.16,4193.4,4201.69"
2025-12-08 07:00:00+07:00,"4201.74,4211.53,4199.55,4210.76"
2025-12-08 08:00:00+07:00,"4210.8,4211.65,4197.7,4201.11"
2025-12-08 09:00:00+07:00,"4201.08,4212.48,4198.6,4208.61"
2025-12-08 10:00:00+07:00,"4208.63,4213.26,4206.55,4209.8"
2025-12-08 11:00:00+07:00,"4209.79,4213.08,4207.06,4208.56"
2025-12-08 12:00:00+07:00,"4208.56,4217.29,4204.48,4216.86"
2025-12-08 13:00:00+07:00,"4216.89,4218.72,4212.21,4216.98"
2025-12-08 14:00:00+07:00,"4216.99,4217.36,4206.58,4206.95"
2025-12-08 15:00:00+07:00,"4206.96,4216.65,4203.29,4209.71"
2025-12-08 16:00:00+07:00,"4209.72,4212.78,4204.08,4208.13"
2025-12-08 17:00:00+07:00,"4208.1,4210.57,4200.89,4203.69"
2025-12-08 18:00:00+07:00,"4203.7,4214.3,4199.61,4208.69"
2025-12-08 19:00:00+07:00,"4208.7,4215.43,4208.36,4213.64"
2025-12-08 20:00:00+07:00,"4213.61,4214.57,4197.86,4201.52"
2025-12-08 21:00:00+07:00,"4201.56,4211.5,4195.51,4196.61"
2025-12-08 22:00:00+07:00,"4196.58,4197.18,4176.01,4183.12"
2025-12-08 23:00:00+07:00,"4183.14,4197.68,4176.99,4191.69"
2025-12-09 00:00:00+07:00,"4191.7,4195.84,4185.39,4195.16"
2025-12-09 01:00:00+07:00,"4195.17,4195.69,4184.41,4187.28"
2025-12-09 02:00:00+07:00,"4187.31,4189.02,4184.03,4187.06"
2025-12-09 03:00:00+07:00,"4187.09,4195.39,4184.74,4191.7"
2025-12-09 04:00:00+07:00,"4191.76,4193.44,4188.14,4190"
2025-12-09 06:00:00+07:00,"4191.47,4195.51,4190.49,4194.75"
2025-12-09 07:00:00+07:00,"4194.73,4195.82,4189.75,4190.24"
2025-12-09 08:00:00+07:00,"4190.32,4197.26,4188.65,4196.32"
2025-12-09 09:00:00+07:00,"4196.3,4197.3,4186.02,4190.01"
2025-12-09 10:00:00+07:00,"4190.01,4198.8,4190.01,4194.62"
2025-12-09 11:00:00+07:00,"4194.61,4195.8,4184.65,4186.86"
2025-12-09 12:00:00+07:00,"4186.87,4187.47,4178.3,4179.85"
2025-12-09 13:00:00+07:00,"4179.84,4183.89,4169.93,4182.16"
2025-12-09 14:00:00+07:00,"4182.17,4185.6,4176.15,4182.4"
2025-12-09 15:00:00+07:00,"4182.39,4191.72,4182.39,4191.63"
2025-12-09 16:00:00+07:00,"4191.61,4212.84,4190.83,4203.09"
2025-12-09 17:00:00+07:00,"4203.12,4208.47,4201.18,4203.96"
2025-12-09 18:00:00+07:00,"4203.95,4206.6,4201.18,4203.15"
2025-12-09 19:00:00+07:00,"4203.17,4207.53,4198.41,4204.2"
2025-12-09 20:00:00+07:00,"4204.22,4208.62,4195.62,4201.15"
2025-12-09 21:00:00+07:00,"4201.21,4210.56,4189.37,4204.56"
2025-12-09 22:00:00+07:00,"4204.53,4216.34,4189.92,4212.31"
2025-12-09 23:00:00+07:00,"4212.3,4221.04,4209.95,4212.11"
2025-12-10 00:00:00+07:00,"4212.13,4216.39,4201.56,4202.69"
2025-12-10 01:00:00+07:00,"4202.68,4209.53,4201.16,4209.19"
2025-12-10 02:00:00+07:00,"4208.77,4214.47,4206.99,4212.72"
2025-12-10 03:00:00+07:00,"4212.71,4215.94,4209,4211.95"
2025-12-10 04:00:00+07:00,"4211.96,4212.85,4207.03,4207.63"
2025-12-10 06:00:00+07:00,"4209.79,4213,4207.66,4210.75"
2025-12-10 07:00:00+07:00,"4210.69,4212.85,4206.93,4208.41"
2025-12-10 08:00:00+07:00,"4208.4,4218.06,4207.24,4213.94"
2025-12-10 09:00:00+07:00,"4213.93,4218.82,4211.7,4217.05"
2025-12-10 10:00:00+07:00,"4217.03,4217.15,4203.69,4206.36"
2025-12-10 11:00:00+07:00,"4206.34,4209.58,4205.39,4207.03"
2025-12-10 12:00:00+07:00,"4207.02,4214.36,4201.63,4211.41"
2025-12-10 13:00:00+07:00,"4211.39,4211.91,4203.34,4207.48"
2025-12-10 14:00:00+07:00,"4207.53,4209.47,4203.3,4203.38"
2025-12-10 15:00:00+07:00,"4203.36,4206.53,4197.28,4198.04"
2025-12-10 16:00:00+07:00,"4197.99,4200.78,4192.86,4194.28"
2025-12-10 17:00:00+07:00,"4194.29,4196.32,4187.8,4193.16"
2025-12-10 18:00:00+07:00,"4193.19,4197.69,4192.41,4197.32"
2025-12-10 19:00:00+07:00,"4197.31,4202.12,4195.35,4196.53"
2025-12-10 20:00:00+07:00,"4196.58,4204.83,4193.03,4200.78"
2025-12-10 21:00:00+07:00,"4200.77,4207.23,4191.37,4192.84"
2025-12-10 22:00:00+07:00,"4192.83,4201.19,4188.81,4193.9"
2025-12-10 23:00:00+07:00,"4193.91,4205.2,4192.77,4204.86"
2025-12-11 00:00:00+07:00,"4204.55,4204.92,4196.9,4199.95"
2025-12-11 01:00:00+07:00,"4199.92,4200.96,4191.98,4194.71"
2025-12-11 02:00:00+07:00,"4194.69,4219.66,4181.86,4216.48"
2025-12-11 03:00:00+07:00,"4216.47,4238.63,4211.22,4230.02"
2025-12-11 04:00:00+07:00,"4230.03,4232.68,4221.85,4228.21"
2025-12-11 06:00:00+07:00,"4229.95,4234.09,4223.97,4232.42"
2025-12-11 07:00:00+07:00,"4232.33,4245.14,4231.46,4237.15"
2025-12-11 08:00:00+07:00,"4237.18,4247.69,4233.05,4238.27"
2025-12-11 09:00:00+07:00,"4238.25,4240.86,4220.6,4222.27"
2025-12-11 10:00:00+07:00,"4222.25,4225.03,4209.61,4216.82"
2025-12-11 11:00:00+07:00,"4216.8,4218.56,4208.6,4213.52"
2025-12-11 12:00:00+07:00,"4213.49,4216.45,4206.45,4207.54"
2025-12-11 13:00:00+07:00,"4207.55,4215.28,4204.09,4214.53"
2025-12-11 14:00:00+07:00,"4214.52,4218.64,4210.67,4215.98"
2025-12-11 15:00:00+07:00,"4215.93,4219.56,4212.71,4216.55"
2025-12-11 16:00:00+07:00,"4216.52,4221.3,4210.27,4218.41"
2025-12-11 17:00:00+07:00,"4218.42,4226.04,4211.86,4216.91"
2025-12-11 18:00:00+07:00,"4216.91,4219.2,4209.78,4211.32"
2025-12-11 19:00:00+07:00,"4211.34,4220.4,4208.61,4220.4"
2025-12-11 20:00:00+07:00,"4220.39,4223.16,4205.22,4220.8"
2025-12-11 21:00:00+07:00,"4220.81,4244.38,4217.9,4230.53"
2025-12-11 22:00:00+07:00,"4230.48,4261.79,4226.24,4255.77"
2025-12-11 23:00:00+07:00,"4255.78,4279.28,4250.06,4273.56"
2025-12-12 00:00:00+07:00,"4273.51,4281.87,4272.08,4278.4"
2025-12-12 01:00:00+07:00,"4278.38,4286.04,4266.77,4268.25"
2025-12-12 02:00:00+07:00,"4268.26,4277.73,4262.96,4273.33"
2025-12-12 03:00:00+07:00,"4273.34,4276.68,4264.35,4276.56"
2025-12-12 04:00:00+07:00,"4276.55,4283.58,4272.83,4280.44"
2025-12-12 06:00:00+07:00,"4282.15,4283.6,4272.63,4276.44"
2025-12-12 07:00:00+07:00,"4276.37,4280.35,4269.09,4269.68"
2025-12-12 08:00:00+07:00,"4269.7,4276.36,4264.65,4270.99"
2025-12-12 09:00:00+07:00,"4271.02,4276.86,4269.66,4270.5"
2025-12-12 10:00:00+07:00,"4270.49,4274.75,4268.59,4270.55"
2025-12-12 11:00:00+07:00,"4270.55,4271.06,4266.22,4266.24"
2025-12-12 12:00:00+07:00,"4266.25,4280.58,4265.98,4279.16"
2025-12-12 13:00:00+07:00,"4279.15,4283.1,4276.51,4282.9"
2025-12-12 14:00:00+07:00,"4282.93,4290.32,4281.39,4286.96"
2025-12-12 15:00:00+07:00,"4286.96,4309.28,4286.88,4308.08"
2025-12-12 16:00:00+07:00,"4308.26,4320.23,4306.99,4318.22"
2025-12-12 17:00:00+07:00,"4318.26,4330.95,4314.84,4329.59"
2025-12-12 18:00:00+07:00,"4329.6,4339.52,4326.79,4336.69"
2025-12-12 19:00:00+07:00,"4336.69,4338.81,4324.82,4326.12"
2025-12-12 20:00:00+07:00,"4326.13,4346.15,4321.37,4340.79"
2025-12-12 21:00:00+07:00,"4340.82,4353.68,4330.79,4347.48"
2025-12-12 22:00:00+07:00,"4347.47,4351.49,4283.02,4290.13"
2025-12-12 23:00:00+07:00,"4290.18,4296.3,4257.62,4281.43"
2025-12-13 00:00:00+07:00,"4281.4,4298.37,4271.14,4294.02"
2025-12-13 01:00:00+07:00,"4294.04,4303.57,4290.44,4294.71"
2025-12-13 02:00:00+07:00,"4294.74,4299.7,4289.81,4296.79"
2025-12-13 03:00:00+07:00,"4296.76,4302.94,4288.43,4299.59"
2025-12-13 04:00:00+07:00,"4299.62,4304.3,4298.04,4299.37"
2025-12-15 06:00:00+07:00,"4295.73,4308.58,4295.72,4302.62"
2025-12-15 07:00:00+07:00,"4302.66,4308.31,4300.24,4307.67"
2025-12-15 08:00:00+07:00,"4307.7,4325.51,4306.03,4322.28"
2025-12-15 09:00:00+07:00,"4322.23,4329.38,4320.88,4326.58"
2025-12-15 10:00:00+07:00,"4326.53,4329.92,4319.3,4327.27"
2025-12-15 11:00:00+07:00,"4327.3,4330,4323.39,4326.02"
2025-12-15 12:00:00+07:00,"4326.05,4344.28,4324.99,4343.54"
2025-12-15 13:00:00+07:00,"4343.53,4347.54,4339.62,4343.79"
2025-12-15 14:00:00+07:00,"4343.89,4344.88,4333.95,4339.54"
2025-12-15 15:00:00+07:00,"4339.57,4348.7,4338.83,4346.92"
2025-12-15 16:00:00+07:00,"4346.91,4350.13,4342.29,4342.7"
2025-12-15 17:00:00+07:00,"4342.71,4348.35,4337.92,4339.74"
2025-12-15 18:00:00+07:00,"4339.71,4343.69,4335.48,4342.85"
2025-12-15 19:00:00+07:00,"4342.88,4348.39,4342.57,4345.86"
2025-12-15 20:00:00+07:00,"4345.84,4346.37,4330.79,4331.93"
2025-12-15 21:00:00+07:00,"4331.9,4336.74,4317.57,4323.64"
2025-12-15 22:00:00+07:00,"4323.54,4327.84,4311.9,4318.42"
2025-12-15 23:00:00+07:00,"4318.41,4318.95,4285.39,4297.92"
2025-12-16 00:00:00+07:00,"4297.9,4306.74,4290.84,4304.22"
2025-12-16 01:00:00+07:00,"4304.23,4313.84,4300,4313.34"
2025-12-16 02:00:00+07:00,"4313.31,4317.74,4307.97,4313.99"
2025-12-16 03:00:00+07:00,"4313.98,4314.43,4299.28,4304.75"
2025-12-16 04:00:00+07:00,"4304.75,4306.02,4300.78,4305.36"
2025-12-16 06:00:00+07:00,"4307.86,4309.92,4303.38,4304.12"
2025-12-16 07:00:00+07:00,"4304.14,4313.17,4302.66,4307.68"
2025-12-16 08:00:00+07:00,"4307.69,4318.11,4299.12,4308.72"
2025-12-16 09:00:00+07:00,"4308.71,4312.38,4286.74,4289.79"
2025-12-16 10:00:00+07:00,"4289.78,4294.67,4280.78,4291.02"
2025-12-16 11:00:00+07:00,"4290.99,4292.29,4286.61,4289.13"
2025-12-16 12:00:00+07:00,"4289.12,4292.37,4271.53,4284.36"
2025-12-16 13:00:00+07:00,"4284.38,4292.34,4282.58,4289.05"
2025-12-16 14:00:00+07:00,"4289.07,4290.02,4279.72,4287.6"
2025-12-16 15:00:00+07:00,"4287.62,4289.53,4275.51,4284.54"
2025-12-16 16:00:00+07:00,"4284.53,4285.8,4276.47,4280.58"
2025-12-16 17:00:00+07:00,"4280.59,4284.17,4274.78,4276.97"
2025-12-16 18:00:00+07:00,"4276.95,4279.51,4273.84,4278.3"
2025-12-16 19:00:00+07:00,"4278.59,4294.73,4276.76,4294.35"
2025-12-16 20:00:00+07:00,"4294.35,4313.28,4290.81,4312.72"
2025-12-16 21:00:00+07:00,"4312.72,4332.17,4311.3,4324.83"
2025-12-16 22:00:00+07:00,"4324.81,4334.92,4312.4,4319.46"
2025-12-16 23:00:00+07:00,"4319.45,4323.23,4291.41,4300.38"
2025-12-17 00:00:00+07:00,"4300.32,4310.89,4300.18,4303.59"
2025-12-17 01:00:00+07:00,"4303.56,4313.73,4298.07,4311.1"
2025-12-17 02:00:00+07:00,"4311.07,4316.01,4297.18,4310.51"
2025-12-17 03:00:00+07:00,"4310.4,4314.64,4302.95,4304.92"
2025-12-17 04:00:00+07:00,"4304.91,4305.69,4300.58,4302.53"
2025-12-17 06:00:00+07:00,"4301.92,4309.34,4301.72,4307.6"
2025-12-17 07:00:00+07:00,"4307.54,4314.94,4307.36,4313.42"
2025-12-17 08:00:00+07:00,"4313.44,4326.84,4311.49,4326.61"
2025-12-17 09:00:00+07:00,"4326.62,4327.9,4311.35,4314.17"
2025-12-17 10:00:00+07:00,"4314.22,4325.13,4312.56,4323.72"
2025-12-17 11:00:00+07:00,"4323.77,4331.68,4320.44,4329.46"
2025-12-17 12:00:00+07:00,"4329.48,4342.37,4327.88,4334.17"
2025-12-17 13:00:00+07:00,"4334.04,4337.69,4325.06,4328.79"
2025-12-17 14:00:00+07:00,"4328.75,4328.76,4315.58,4317.98"
2025-12-17 15:00:00+07:00,"4317.98,4320.68,4308.14,4319"
2025-12-17 16:00:00+07:00,"4319.01,4323.3,4316.04,4316.87"
2025-12-17 17:00:00+07:00,"4316.88,4322.25,4306.53,4317.61"
2025-12-17 18:00:00+07:00,"4317.63,4320.72,4315.13,4316.38"
2025-12-17 19:00:00+07:00,"4316.37,4323.15,4314.8,4317.79"
2025-12-17 20:00:00+07:00,"4317.8,4344.05,4314.89,4342.39"
2025-12-17 21:00:00+07:00,"4342.38,4346,4322.95,4338.42"
2025-12-17 22:00:00+07:00,"4338.43,4349.26,4324.41,4330.34"
2025-12-17 23:00:00+07:00,"4330.39,4337.53,4320.55,4333.79"
2025-12-18 00:00:00+07:00,"4333.82,4342.5,4328.41,4342.39"
2025-12-18 01:00:00+07:00,"4342.38,4346.2,4328.84,4335.75"
2025-12-18 02:00:00+07:00,"4335.73,4341.04,4330.73,4336.82"
2025-12-18 03:00:00+07:00,"4336.83,4345.86,4335.09,4341.62"
2025-12-18 04:00:00+07:00,"4341.63,4346.1,4337.44,4337.87"
2025-12-18 06:00:00+07:00,"4339.53,4343.02,4335.87,4339.31"
2025-12-18 07:00:00+07:00,"4339.38,4343.12,4333.11,4334.82"
2025-12-18 08:00:00+07:00,"4334.83,4337.2,4324.47,4331.55"
2025-12-18 09:00:00+07:00,"4331.56,4337.93,4329.91,4333.27"
2025-12-18 10:00:00+07:00,"4333.39,4336.96,4331.02,4332.95"
2025-12-18 11:00:00+07:00,"4332.97,4333.76,4328.56,4332.01"
2025-12-18 12:00:00+07:00,"4332.18,4337.49,4331.2,4333.12"
2025-12-18 13:00:00+07:00,"4333.13,4336.3,4330.57,4334.18"
2025-12-18 14:00:00+07:00,"4334.2,4337.93,4329.86,4331.52"
2025-12-18 15:00:00+07:00,"4331.51,4332.81,4321.81,4326.67"
2025-12-18 16:00:00+07:00,"4326.64,4328.83,4320.76,4323.58"
2025-12-18 17:00:00+07:00,"4323.55,4327.6,4322.1,4325.18"
2025-12-18 18:00:00+07:00,"4325.17,4328.6,4324.32,4325.65"
2025-12-18 19:00:00+07:00,"4325.64,4326.54,4317.05,4320.64"
2025-12-18 20:00:00+07:00,"4320.68,4343.01,4314.44,4336.62"
2025-12-18 21:00:00+07:00,"4336.63,4341.61,4308.5,4328.82"
2025-12-18 22:00:00+07:00,"4328.84,4341.78,4325.04,4337.92"
2025-12-18 23:00:00+07:00,"4337.94,4374.67,4337.61,4360.12"
2025-12-19 00:00:00+07:00,"4360.51,4363.25,4322.71,4333.48"
2025-12-19 01:00:00+07:00,"4333.46,4341.5,4325.88,4331.79"
2025-12-19 02:00:00+07:00,"4331.81,4334.7,4322.77,4324.77"
2025-12-19 03:00:00+07:00,"4324.79,4338.24,4324.29,4334.68"
2025-12-19 04:00:00+07:00,"4334.67,4334.79,4328.54,4331.92"
2025-12-19 06:00:00+07:00,"4334.21,4336.96,4333.53,4334.81"
2025-12-19 07:00:00+07:00,"4334.79,4335.87,4325.76,4325.98"
2025-12-19 08:00:00+07:00,"4326.2,4328.44,4309.36,4323.2"
2025-12-19 09:00:00+07:00,"4323.12,4327.93,4314.45,4316.44"
2025-12-19 10:00:00+07:00,"4316.42,4322.63,4312.62,4318.07"
2025-12-19 11:00:00+07:00,"4318.11,4323.19,4316.82,4323.03"
2025-12-19 12:00:00+07:00,"4323.01,4329.17,4317.46,4326.07"
2025-12-19 13:00:00+07:00,"4326.05,4329.44,4321.75,4326.5"
2025-12-19 14:00:00+07:00,"4326.52,4329.83,4321.68,4322.68"
2025-12-19 15:00:00+07:00,"4322.67,4330.97,4321.01,4325.98"
2025-12-19 16:00:00+07:00,"4325.97,4333.71,4324.22,4329.46"
2025-12-19 17:00:00+07:00,"4329.68,4331.93,4322.38,4328.24"
2025-12-19 18:00:00+07:00,"4328.25,4329.46,4325.1,4327.47"
2025-12-19 19:00:00+07:00,"4327.51,4329,4320.72,4326.65"
2025-12-19 20:00:00+07:00,"4326.58,4335.64,4325.97,4328.09"
2025-12-19 21:00:00+07:00,"4328.08,4337.9,4319.92,4332.44"
2025-12-19 22:00:00+07:00,"4332.39,4349.36,4332.12,4347.67"
2025-12-19 23:00:00+07:00,"4347.66,4354.87,4341.96,4349.64"
2025-12-20 00:00:00+07:00,"4349.47,4355.52,4346.93,4353.55"
2025-12-20 01:00:00+07:00,"4353.49,4356.22,4343.15,4348.38"
2025-12-20 02:00:00+07:00,"4348.41,4350.81,4345.48,4345.58"
2025-12-20 03:00:00+07:00,"4345.56,4346.61,4336.72,4339.31"
2025-12-20 04:00:00+07:00,"4339.32,4340.32,4336.44,4337.76"
2025-12-22 06:00:00+07:00,"4338.82,4356.39,4337.96,4355.05"
2025-12-22 07:00:00+07:00,"4355,4366.39,4355,4364.85"
2025-12-22 08:00:00+07:00,"4364.74,4384.91,4361.19,4383.15"
2025-12-22 09:00:00+07:00,"4383.1,4388.6,4378.55,4386.22"
2025-12-22 10:00:00+07:00,"4386.21,4394.9,4384.12,4392.48"
2025-12-22 11:00:00+07:00,"4392.46,4400.96,4391.32,4398.47"
2025-12-22 12:00:00+07:00,"4398.25,4409.69,4396.65,4400.46"
2025-12-22 13:00:00+07:00,"4400.49,4419.68,4398.61,4418.97"
2025-12-22 14:00:00+07:00,"4419.26,4420.29,4410.42,4414.64"
2025-12-22 15:00:00+07:00,"4414.65,4415.12,4406.24,4408.42"
2025-12-22 16:00:00+07:00,"4408.43,4415.1,4408.08,4411.32"
2025-12-22 17:00:00+07:00,"4411.35,4415.9,4406.28,4408.81"
2025-12-22 18:00:00+07:00,"4408.8,4411.7,4406.17,4410.38"
2025-12-22 19:00:00+07:00,"4410.37,4415.9,4406.3,4415.76"
2025-12-22 20:00:00+07:00,"4415.75,4427.37,4413.52,4423.47"
2025-12-22 21:00:00+07:00,"4423.48,4429.34,4414.64,4418.75"
2025-12-22 22:00:00+07:00,"4418.76,4435.8,4412.18,4431.68"
2025-12-22 23:00:00+07:00,"4431.73,4442.31,4428.05,4438.58"
2025-12-23 00:00:00+07:00,"4438.61,4442.15,4431.99,4438.34"
2025-12-23 01:00:00+07:00,"4438.36,4439.04,4429.41,4435.52"
2025-12-23 02:00:00+07:00,"4435.51,4435.74,4428.88,4433.43"
2025-12-23 03:00:00+07:00,"4433.45,4439.4,4431.62,4438.48"
2025-12-23 04:00:00+07:00,"4438.49,4449.18,4438.32,4443.21"
2025-12-23 06:00:00+07:00,"4448.14,4461.74,4447.14,4460.17"
2025-12-23 07:00:00+07:00,"4460.16,4470.6,4458.24,4470.43"
2025-12-23 08:00:00+07:00,"4470.4,4490.84,4469.4,4486.86"
2025-12-23 09:00:00+07:00,"4486.83,4498.02,4481.22,4493.6"
2025-12-23 10:00:00+07:00,"4493.58,4496.73,4482.97,4486.8"
2025-12-23 11:00:00+07:00,"4486.78,4488.63,4478.92,4482.52"
2025-12-23 12:00:00+07:00,"4482.51,4485.79,4475.21,4475.48"
2025-12-23 13:00:00+07:00,"4475.47,4481.36,4469.53,4481.36"
2025-12-23 14:00:00+07:00,"4481.4,4489.41,4478.6,4486.78"
2025-12-23 15:00:00+07:00,"4486.77,4493.46,4484.61,4489.96"
2025-12-23 16:00:00+07:00,"4489.97,4491.16,4478.51,4480.31"
2025-12-23 17:00:00+07:00,"4480.33,4487.62,4479.55,4484.4"
2025-12-23 18:00:00+07:00,"4484.41,4494.3,4483.03,4493.58"
2025-12-23 19:00:00+07:00,"4493.55,4493.67,4483.33,4486.53"
2025-12-23 20:00:00+07:00,"4486.54,4497.47,4473.44,4479.01"
2025-12-23 21:00:00+07:00,"4479,4479.72,4441.41,4446.45"
2025-12-23 22:00:00+07:00,"4445.69,4459.28,4430.72,4458.24"
2025-12-23 23:00:00+07:00,"4458.25,4476.46,4455.74,4473.99"
2025-12-24 00:00:00+07:00,"4474.06,4479.9,4469.86,4472.95"
2025-12-24 01:00:00+07:00,"4472.93,4485.03,4472.58,4484.17"
2025-12-24 02:00:00+07:00,"4484.15,4496.33,4483.83,4490.58"
2025-12-24 03:00:00+07:00,"4490.57,4499.9,4489.34,4497.42"
2025-12-24 04:00:00+07:00,"4497.46,4498.78,4483.74,4484.28"
2025-12-24 06:00:00+07:00,"4486.13,4510.45,4485.95,4503.59"
2025-12-24 07:00:00+07:00,"4503.56,4518.38,4500.78,4512.06"
2025-12-24 08:00:00+07:00,"4512.05,4525.74,4507.06,4518.78"
2025-12-24 09:00:00+07:00,"4518.79,4519.39,4476.29,4478.47"
2025-12-24 10:00:00+07:00,"4478.49,4498.27,4470.43,4493.07"
2025-12-24 11:00:00+07:00,"4493.08,4501.54,4491.04,4499.25"
2025-12-24 12:00:00+07:00,"4499.12,4500.76,4485.39,4488.48"
2025-12-24 13:00:00+07:00,"4488.49,4497.78,4485.44,4493.42"
2025-12-24 14:00:00+07:00,"4493.49,4495.23,4483.43,4483.91"
2025-12-24 15:00:00+07:00,"4483.9,4492.81,4478.13,4482.45"
2025-12-24 16:00:00+07:00,"4482.43,4496.18,4482.02,4494.53"
2025-12-24 17:00:00+07:00,"4494.46,4499.88,4482.89,4489.53"
2025-12-24 18:00:00+07:00,"4489.56,4492.11,4483.04,4491.62"
2025-12-24 19:00:00+07:00,"4491.59,4496.17,4489.89,4490.8"
2025-12-24 20:00:00+07:00,"4490.82,4493.6,4474.46,4487.86"
2025-12-24 21:00:00+07:00,"4487.81,4489.61,4460.41,4464.92"
2025-12-24 22:00:00+07:00,"4464.93,4476.7,4448.32,4458.39"
2025-12-24 23:00:00+07:00,"4458.37,4478.26,4456.02,4476.75"
2025-12-25 00:00:00+07:00,"4476.74,4487.8,4475.24,4480.95"
2025-12-25 01:00:00+07:00,"4480.85,4482.42,4477.35,4477.63"
2025-12-26 06:00:00+07:00,"4475.76,4504.41,4475.53,4495.08"
2025-12-26 07:00:00+07:00,"4494.93,4517.88,4492.16,4517.88"
2025-12-26 08:00:00+07:00,"4517.89,4531.2,4498.32,4503.83"
2025-12-26 09:00:00+07:00,"4503.8,4509.79,4492.81,4508.78"
2025-12-26 10:00:00+07:00,"4508.76,4513.56,4497.38,4501.61"
2025-12-26 11:00:00+07:00,"4501.64,4511.99,4500.32,4509.14"
2025-12-26 12:00:00+07:00,"4509.13,4514.92,4506.12,4510.12"
2025-12-26 13:00:00+07:00,"4510.09,4519.37,4508.19,4511.67"
2025-12-26 14:00:00+07:00,"4511.69,4515.63,4507.19,4511.03"
2025-12-26 15:00:00+07:00,"4511.04,4519.75,4509.7,4519.01"
2025-12-26 16:00:00+07:00,"4519.03,4520.54,4511.97,4512.79"
2025-12-26 17:00:00+07:00,"4512.8,4523.82,4511.36,4514.4"
2025-12-26 18:00:00+07:00,"4514.72,4515.23,4503.05,4509.6"
2025-12-26 19:00:00+07:00,"4509.59,4514.9,4506.95,4508.86"
2025-12-26 20:00:00+07:00,"4508.78,4528.76,4503.6,4525.12"
2025-12-26 21:00:00+07:00,"4525.11,4533.44,4512.7,4521.6"
2025-12-26 22:00:00+07:00,"4521.59,4547.6,4519.8,4546.37"
2025-12-26 23:00:00+07:00,"4546.38,4549.94,4531.58,4536.88"
2025-12-27 00:00:00+07:00,"4536.84,4537.82,4510.15,4519.44"
2025-12-27 01:00:00+07:00,"4519.43,4532.85,4514.63,4530.76"
2025-12-27 02:00:00+07:00,"4530.78,4535.69,4520.08,4524"
2025-12-27 03:00:00+07:00,"4524.01,4535.5,4522.28,4531.08"
2025-12-27 04:00:00+07:00,"4531.13,4534.62,4527.1,4533.59"
2025-12-29 06:00:00+07:00,"4547.67,4548.65,4523.49,4527.2"
2025-12-29 07:00:00+07:00,"4527.19,4528.03,4472.47,4497.74"
2025-12-29 08:00:00+07:00,"4497.67,4517.35,4492.34,4497.1"
2025-12-29 09:00:00+07:00,"4497.07,4515.82,4496.44,4512.49"
2025-12-29 10:00:00+07:00,"4512.47,4520.39,4509.27,4516.5"
2025-12-29 11:00:00+07:00,"4516.27,4519.62,4507.91,4515.62"
2025-12-29 12:00:00+07:00,"4515.58,4519.46,4505.03,4506.41"
2025-12-29 13:00:00+07:00,"4506.38,4510.34,4471.58,4475.39"
2025-12-29 14:00:00+07:00,"4475.47,4481.16,4445.85,4474.81"
2025-12-29 15:00:00+07:00,"4474.83,4488.58,4452.5,4461.35"
2025-12-29 16:00:00+07:00,"4461.31,4476,4459.28,4472.31"
2025-12-29 17:00:00+07:00,"4472.32,4474.79,4456.99,4461.02"
2025-12-29 18:00:00+07:00,"4461.23,4467.79,4434.14,4446.36"
2025-12-29 19:00:00+07:00,"4446.41,4464.89,4445.46,4464.18"
2025-12-29 20:00:00+07:00,"4464.15,4467.8,4406.97,4421.35"
2025-12-29 21:00:00+07:00,"4421.26,4421.26,4356.94,4360.57"
2025-12-29 22:00:00+07:00,"4360.52,4360.76,4302.68,4325.21"
2025-12-29 23:00:00+07:00,"4325.13,4347.53,4324.04,4342.05"
2025-12-30 00:00:00+07:00,"4342.2,4343.35,4314.88,4327.68"
2025-12-30 01:00:00+07:00,"4327.77,4334.61,4323.18,4331.57"
2025-12-30 02:00:00+07:00,"4331.62,4337.81,4327.76,4337.05"
2025-12-30 03:00:00+07:00,"4337.09,4344.18,4326.01,4334.67"
2025-12-30 04:00:00+07:00,"4334.61,4339.52,4327.42,4332.09"
2025-12-30 06:00:00+07:00,"4336.45,4347.35,4323.44,4346.08"
2025-12-30 07:00:00+07:00,"4345.86,4350.71,4334.65,4339.52"
2025-12-30 08:00:00+07:00,"4339.53,4360.01,4324.41,4359.96"
2025-12-30 09:00:00+07:00,"4359.89,4364.98,4348.99,4362.64"
2025-12-30 10:00:00+07:00,"4362.66,4369.31,4356.34,4359.38"
2025-12-30 11:00:00+07:00,"4359.39,4369.69,4357.54,4363.46"
2025-12-30 12:00:00+07:00,"4363.39,4380,4358.97,4377.74"
2025-12-30 13:00:00+07:00,"4377.73,4378.28,4360.09,4364.82"
2025-12-30 14:00:00+07:00,"4364.8,4383.09,4359.36,4372.78"
2025-12-30 15:00:00+07:00,"4372.68,4373.91,4350.32,4365.27"
2025-12-30 16:00:00+07:00,"4365.2,4376.49,4364.02,4371.9"
2025-12-30 17:00:00+07:00,"4371.84,4391.7,4367.81,4384.91"
2025-12-30 18:00:00+07:00,"4385.13,4390.48,4381.47,4384.13"
2025-12-30 19:00:00+07:00,"4384.07,4402.93,4383.45,4401.37"
2025-12-30 20:00:00+07:00,"4401.42,4404.34,4376.16,4388.08"
2025-12-30 21:00:00+07:00,"4388.18,4392.13,4355.73,4366.36"
2025-12-30 22:00:00+07:00,"4366.28,4377.55,4359.34,4365.49"
2025-12-30 23:00:00+07:00,"4365.51,4379.99,4354.75,4377.61"
2025-12-31 00:00:00+07:00,"4377.6,4381.83,4364.36,4370.32"
2025-12-31 01:00:00+07:00,"4370.24,4378.63,4362.57,4364.96"
2025-12-31 02:00:00+07:00,"4364.88,4368.24,4337.56,4348.54"
2025-12-31 03:00:00+07:00,"4348.6,4355.19,4338.14,4342"
2025-12-31 04:00:00+07:00,"4342.07,4350.29,4334.89,4338.69"
2025-12-31 06:00:00+07:00,"4342.19,4346.47,4328.47,4338.98"
2025-12-31 07:00:00+07:00,"4338.99,4346.95,4332.6,4342.41"
2025-12-31 08:00:00+07:00,"4342.4,4373.4,4336.68,4366.1"
2025-12-31 09:00:00+07:00,"4366.11,4371.18,4347.06,4349.04"
2025-12-31 10:00:00+07:00,"4349.07,4359.99,4341.07,4348.74"
2025-12-31 11:00:00+07:00,"4348.77,4351.32,4330.89,4333.26"
2025-12-31 12:00:00+07:00,"4333.16,4343.24,4276.55,4285.93"
2025-12-31 13:00:00+07:00,"4285.92,4328.96,4274.54,4327.99"
2025-12-31 14:00:00+07:00,"4328.06,4335.12,4323.68,4331.21"
2025-12-31 15:00:00+07:00,"4331.2,4333.06,4303.4,4307.65"
2025-12-31 16:00:00+07:00,"4307.64,4337.45,4307.23,4325.9"
2025-12-31 17:00:00+07:00,"4325.89,4331.61,4303.56,4306.42"
2025-12-31 18:00:00+07:00,"4306.43,4316.44,4303.97,4311"
2025-12-31 19:00:00+07:00,"4310.95,4318.05,4303.1,4313.87"
2025-12-31 20:00:00+07:00,"4313.88,4348.22,4308.16,4345.81"
2025-12-31 21:00:00+07:00,"4345.8,4353.5,4333.2,4345.96"
2025-12-31 22:00:00+07:00,"4345.98,4346.65,4327.01,4337.13"
2025-12-31 23:00:00+07:00,"4337.18,4339.91,4317.23,4323.25"
2026-01-01 00:00:00+07:00,"4323.27,4329.25,4318.2,4322.14"
2026-01-01 01:00:00+07:00,"4322.06,4331.46,4315.62,4319.89"
2026-01-01 02:00:00+07:00,"4319.96,4322.97,4307.68,4311.6"
2026-01-01 03:00:00+07:00,"4311.63,4324.49,4304.49,4313.17"
2026-01-01 04:00:00+07:00,"4313.18,4319.19,4307.14,4318.53"
2026-01-02 06:00:00+07:00,"4329.74,4351.46,4324.28,4348.21"
2026-01-02 07:00:00+07:00,"4348.14,4356.06,4341.56,4354.39"
2026-01-02 08:00:00+07:00,"4354.38,4356.1,4344.56,4348.31"
2026-01-02 09:00:00+07:00,"4348.26,4363.37,4344.97,4363.18"
2026-01-02 10:00:00+07:00,"4363.17,4375.72,4362,4375.39"
2026-01-02 11:00:00+07:00,"4375.4,4378.55,4371.24,4373.48"
2026-01-02 12:00:00+07:00,"4373.5,4381.91,4371,4381.01"
2026-01-02 13:00:00+07:00,"4381,4381.22,4373.27,4375.07"
2026-01-02 14:00:00+07:00,"4375,4383.56,4372.02,4382.43"
2026-01-02 15:00:00+07:00,"4382.42,4397.39,4380.5,4387.3"
2026-01-02 16:00:00+07:00,"4387.29,4391.71,4383.2,4385.74"
2026-01-02 17:00:00+07:00,"4385.73,4398.74,4384.58,4395.94"
2026-01-02 18:00:00+07:00,"4395.97,4399.49,4390.69,4393.05"
2026-01-02 19:00:00+07:00,"4393.1,4398.42,4385.19,4394.7"
2026-01-02 20:00:00+07:00,"4394.75,4402.51,4361.94,4366.01"
2026-01-02 21:00:00+07:00,"4366.08,4373.66,4348.25,4353.7"
2026-01-02 22:00:00+07:00,"4353.68,4357.23,4330.38,4335.5"
2026-01-02 23:00:00+07:00,"4335.53,4337.4,4315.17,4326.17"
2026-01-03 00:00:00+07:00,"4325.86,4333.44,4322.56,4322.83"
2026-01-03 01:00:00+07:00,"4322.8,4323.78,4309.71,4315.02"
2026-01-03 02:00:00+07:00,"4314.98,4326.47,4314.98,4318.59"
2026-01-03 03:00:00+07:00,"4318.58,4331.83,4317.19,4331.76"
2026-01-03 04:00:00+07:00,"4331.64,4333.44,4327.09,4331.96"
2026-01-05 06:00:00+07:00,"4350.56,4375.9,4345.83,4372.67"
2026-01-05 07:00:00+07:00,"4372.69,4396.81,4370.12,4394.79"
2026-01-05 08:00:00+07:00,"4394.8,4420.81,4391.49,4401.77"
2026-01-05 09:00:00+07:00,"4401.8,4409.83,4388.73,4405.5"
2026-01-05 10:00:00+07:00,"4405.48,4414.11,4399.77,4400.03"
2026-01-05 11:00:00+07:00,"4400.04,4408.59,4397.18,4404.37"
2026-01-05 12:00:00+07:00,"4404.3,4414.49,4401.28,4412.15"
2026-01-05 13:00:00+07:00,"4412.08,4426.4,4411.08,4420.2"
2026-01-05 14:00:00+07:00,"4420.52,4425.14,4416.85,4421.76"
2026-01-05 15:00:00+07:00,"4421.75,4434.08,4419.33,4430.2"
2026-01-05 16:00:00+07:00,"4429.9,4437.94,4425.93,4435.08"
2026-01-05 17:00:00+07:00,"4435.11,4439.93,4430.71,4436.27"
2026-01-05 18:00:00+07:00,"4436.26,4437.21,4410.9,4419.35"
2026-01-05 19:00:00+07:00,"4419.17,4421.59,4405.68,4409.83"
2026-01-05 20:00:00+07:00,"4409.95,4419.17,4396.04,4416.73"
2026-01-05 21:00:00+07:00,"4416.72,4442.96,4416.72,4436.64"
2026-01-05 22:00:00+07:00,"4436.63,4455.73,4435.51,4448.35"
2026-01-05 23:00:00+07:00,"4448.31,4454.62,4438.54,4442.24"
2026-01-06 00:00:00+07:00,"4442.26,4449.25,4432.63,4443.44"
2026-01-06 01:00:00+07:00,"4443.41,4448.74,4439.82,4448.52"
2026-01-06 02:00:00+07:00,"4448.57,4449.37,4434.71,4440.05"
2026-01-06 03:00:00+07:00,"4440.03,4446.85,4437.85,4444.61"
2026-01-06 04:00:00+07:00,"4444.62,4449.49,4443.28,4448.32"
2026-01-06 06:00:00+07:00,"4447.86,4460.24,4436.7,4440.3"
2026-01-06 07:00:00+07:00,"4440.31,4444.99,4430.59,4436.52"
2026-01-06 08:00:00+07:00,"4436.54,4452.14,4427.9,4450.47"
2026-01-06 09:00:00+07:00,"4450.44,4461.1,4448.49,4454.6"
2026-01-06 10:00:00+07:00,"4454.62,4468.3,4454.04,4467.64"
2026-01-06 11:00:00+07:00,"4467.61,4468.65,4461.55,4467.23"
2026-01-06 12:00:00+07:00,"4467.21,4474.4,4449.81,4452.78"
2026-01-06 13:00:00+07:00,"4452.77,4466.98,4451.42,4465.82"
2026-01-06 14:00:00+07:00,"4465.85,4470.49,4457.22,4459.31"
2026-01-06 15:00:00+07:00,"4459.27,4475.73,4457.43,4468.49"
2026-01-06 16:00:00+07:00,"4468.5,4468.58,4445.05,4446.4"
2026-01-06 17:00:00+07:00,"4446.42,4455.6,4442.48,4451.7"
2026-01-06 18:00:00+07:00,"4451.85,4464.42,4448.59,4463.28"
2026-01-06 19:00:00+07:00,"4463.31,4466.44,4458.68,4463.7"
2026-01-06 20:00:00+07:00,"4463.69,4470.55,4454.4,4468.02"
2026-01-06 21:00:00+07:00,"4468.03,4489.75,4464.39,4487.59"
2026-01-06 22:00:00+07:00,"4487.57,4490.79,4462.89,4478.3"
2026-01-06 23:00:00+07:00,"4478.42,4489.03,4472.03,4488.1"
2026-01-07 00:00:00+07:00,"4487.97,4491.64,4481.55,4489.1"
2026-01-07 01:00:00+07:00,"4489.08,4494.04,4481.99,4488.77"
2026-01-07 02:00:00+07:00,"4488.78,4489.49,4477.77,4481.09"
2026-01-07 03:00:00+07:00,"4481.1,4497.1,4480.19,4493.81"
2026-01-07 04:00:00+07:00,"4493.74,4497.52,4491.8,4495.03"
2026-01-07 06:00:00+07:00,"4496.18,4500.79,4492.03,4493.35"
2026-01-07 07:00:00+07:00,"4493.33,4495.01,4482.51,4491.54"
2026-01-07 08:00:00+07:00,"4491.56,4495.62,4461.41,4465.56"
2026-01-07 09:00:00+07:00,"4465.54,4478.77,4459.82,4474.79"
2026-01-07 10:00:00+07:00,"4474.8,4480.49,4471.68,4474.66"
2026-01-07 11:00:00+07:00,"4474.64,4475.99,4463.6,4464.74"
2026-01-07 12:00:00+07:00,"4464.77,4470.43,4443.61,4454.62"
2026-01-07 13:00:00+07:00,"4454.57,4460.47,4441.82,4444.36"
2026-01-07 14:00:00+07:00,"4444.35,4465.05,4441.95,4461.17"
2026-01-07 15:00:00+07:00,"4461.13,4474.89,4459.24,4468.29"
2026-01-07 16:00:00+07:00,"4468.23,4468.69,4459.51,4463.43"
2026-01-07 17:00:00+07:00,"4463.41,4467.69,4458.58,4464.35"
2026-01-07 18:00:00+07:00,"4464.36,4465.06,4446.75,4447.46"
2026-01-07 19:00:00+07:00,"4447.67,4454.89,4439.48,4445.25"
2026-01-07 20:00:00+07:00,"4445.13,4453.29,4428.39,4453.22"
2026-01-07 21:00:00+07:00,"4453.13,4454.29,4435.69,4445.62"
2026-01-07 22:00:00+07:00,"4445.1,4452.34,4423.43,4445.84"
2026-01-07 23:00:00+07:00,"4445.56,4468.35,4443.85,4464.28"
2026-01-08 00:00:00+07:00,"4464.29,4465.6,4449.85,4451.9"
2026-01-08 01:00:00+07:00,"4451.91,4458.79,4447.09,4452.35"
2026-01-08 02:00:00+07:00,"4452.34,4458.04,4445.34,4456.62"
2026-01-08 03:00:00+07:00,"4456.64,4461.79,4450.47,4452.31"
2026-01-08 04:00:00+07:00,"4452.43,4456.51,4449.69,4455.87"
2026-01-08 06:00:00+07:00,"4459.54,4464.15,4458.37,4463.23"
2026-01-08 07:00:00+07:00,"4463.22,4466.57,4446.7,4450.23"
2026-01-08 08:00:00+07:00,"4450.24,4460.54,4441.73,4448.57"
2026-01-08 09:00:00+07:00,"4448.59,4449.84,4433.41,4441.25"
2026-01-08 10:00:00+07:00,"4441.12,4446.37,4437.31,4440.47"
2026-01-08 11:00:00+07:00,"4440.42,4440.74,4430.2,4431.65"
2026-01-08 12:00:00+07:00,"4431.61,4432.44,4415.91,4425.84"
2026-01-08 13:00:00+07:00,"4425.83,4437.7,4416.21,4433.27"
2026-01-08 14:00:00+07:00,"4433.32,4439.88,4428.47,4431.13"
2026-01-08 15:00:00+07:00,"4431.14,4432.96,4419.84,4431.77"
2026-01-08 16:00:00+07:00,"4431.53,4435.41,4426,4432.59"
2026-01-08 17:00:00+07:00,"4432.61,4434.97,4422.91,4433.37"
2026-01-08 18:00:00+07:00,"4433.38,4433.38,4422.11,4422.97"
2026-01-08 19:00:00+07:00,"4422.96,4431.48,4407.76,4427.95"
2026-01-08 20:00:00+07:00,"4427.94,4436.24,4417.35,4423.75"
2026-01-08 21:00:00+07:00,"4423.8,4439.41,4419.13,4433.24"
2026-01-08 22:00:00+07:00,"4433.23,4456.27,4428.19,4454"
2026-01-08 23:00:00+07:00,"4453.99,4464.62,4446.77,4463.04"
2026-01-09 00:00:00+07:00,"4462.92,4465.63,4457.8,4463.28"
2026-01-09 01:00:00+07:00,"4463.27,4463.27,4447.97,4449.65"
2026-01-09 02:00:00+07:00,"4449.67,4453.12,4444.9,4452.04"
2026-01-09 03:00:00+07:00,"4451.84,4478.3,4451.33,4476.04"
2026-01-09 04:00:00+07:00,"4476.11,4479.7,4472.6,4478.22"
2026-01-09 06:00:00+07:00,"4480.2,4484.21,4472.73,4475.69"
2026-01-09 07:00:00+07:00,"4475.53,4476.9,4460.02,4462.36"
2026-01-09 08:00:00+07:00,"4462.39,4469.9,4452.81,4468.94"
2026-01-09 09:00:00+07:00,"4468.95,4476.72,4465.72,4469.59"
2026-01-09 10:00:00+07:00,"4469.6,4470.25,4460.37,4464.57"
2026-01-09 11:00:00+07:00,"4464.41,4466.98,4460.72,4464.67"
2026-01-09 12:00:00+07:00,"4464.89,4471.87,4458.11,4467.82"
2026-01-09 13:00:00+07:00,"4467.85,4477.39,4465.87,4474.31"
2026-01-09 14:00:00+07:00,"4474.51,4475.66,4468.49,4470.37"
2026-01-09 15:00:00+07:00,"4470.4,4477.05,4464.02,4468.28"
2026-01-09 16:00:00+07:00,"4468.32,4477.81,4468.25,4471.13"
2026-01-09 17:00:00+07:00,"4471.12,4474.31,4467.09,4472.6"
2026-01-09 18:00:00+07:00,"4472.38,4476.36,4468.67,4475.25"
2026-01-09 19:00:00+07:00,"4475.17,4480.56,4460.9,4466.01"
2026-01-09 20:00:00+07:00,"4466.04,4491.86,4458.95,4482.69"
2026-01-09 21:00:00+07:00,"4482.62,4498.26,4479.37,4494.21"
2026-01-09 22:00:00+07:00,"4494.2,4517.34,4490.36,4512.1"
2026-01-09 23:00:00+07:00,"4512.14,4514.55,4500.02,4506.57"
2026-01-10 00:00:00+07:00,"4506.81,4511.67,4481.83,4484.77"
2026-01-10 01:00:00+07:00,"4484.76,4504.78,4482.86,4496.45"
2026-01-10 02:00:00+07:00,"4496.48,4502.18,4492.79,4499.57"
2026-01-10 03:00:00+07:00,"4499.53,4510.16,4497.77,4507.37"
2026-01-10 04:00:00+07:00,"4507.39,4510.94,4504.85,4509.03"
2026-01-12 06:00:00+07:00,"4519.76,4544.77,4513.88,4540.15"
2026-01-12 07:00:00+07:00,"4540.16,4601.37,4536.19,4589.06"
2026-01-12 08:00:00+07:00,"4588.83,4594.9,4570.33,4570.33"
2026-01-12 09:00:00+07:00,"4570.78,4582.36,4562.04,4577.61"
2026-01-12 10:00:00+07:00,"4577.59,4581.57,4567.71,4570.72"
2026-01-12 11:00:00+07:00,"4570.88,4572.07,4563.22,4568.48"
2026-01-12 12:00:00+07:00,"4568.71,4584.87,4565.88,4581.1"
2026-01-12 13:00:00+07:00,"4580.64,4581.1,4569.67,4578.74"
2026-01-12 14:00:00+07:00,"4578.75,4589.64,4574.64,4587.76"
2026-01-12 15:00:00+07:00,"4587.77,4598.49,4579.57,4596.91"
2026-01-12 16:00:00+07:00,"4596.88,4599.42,4587.77,4589.19"
2026-01-12 17:00:00+07:00,"4589.22,4595.49,4586.04,4594.06"
2026-01-12 18:00:00+07:00,"4594.12,4594.85,4581.78,4585.33"
2026-01-12 19:00:00+07:00,"4585.34,4590.77,4578.45,4590.25"
2026-01-12 20:00:00+07:00,"4590.21,4620.49,4588.44,4616.07"
2026-01-12 21:00:00+07:00,"4616.08,4617.29,4585.07,4601.98"
2026-01-12 22:00:00+07:00,"4601.84,4627.72,4601.65,4620.87"
2026-01-12 23:00:00+07:00,"4620.82,4630.28,4608.07,4616.64"
2026-01-13 00:00:00+07:00,"4616.63,4620.81,4610.79,4616.61"
2026-01-13 01:00:00+07:00,"4616.67,4618.73,4600.27,4611.03"
2026-01-13 02:00:00+07:00,"4611.04,4618.99,4608.52,4611.31"
2026-01-13 03:00:00+07:00,"4611.3,4611.9,4591.4,4593.45"
2026-01-13 04:00:00+07:00,"4593.5,4598.87,4589.11,4598.87"
2026-01-13 06:00:00+07:00,"4606.58,4607.64,4578.27,4598.89"
2026-01-13 07:00:00+07:00,"4598.88,4599.4,4584.68,4587.53"
2026-01-13 08:00:00+07:00,"4587.52,4595.95,4575.73,4577.66"
2026-01-13 09:00:00+07:00,"4577.61,4595.36,4576.53,4594.25"
2026-01-13 10:00:00+07:00,"4594.16,4599.42,4592.36,4593.9"
2026-01-13 11:00:00+07:00,"4593.87,4599.76,4593.78,4596.49"
2026-01-13 12:00:00+07:00,"4596.27,4602.32,4586.01,4592.36"
2026-01-13 13:00:00+07:00,"4592.4,4592.41,4573.47,4581.44"
2026-01-13 14:00:00+07:00,"4581.48,4587.28,4577.47,4580.53"
2026-01-13 15:00:00+07:00,"4580.48,4596.68,4579.56,4592.8"
2026-01-13 16:00:00+07:00,"4592.79,4595.76,4585.63,4586.42"
2026-01-13 17:00:00+07:00,"4586.48,4588.45,4580.42,4586.29"
2026-01-13 18:00:00+07:00,"4586.6,4591.93,4581.92,4588.74"
2026-01-13 19:00:00+07:00,"4588.82,4595.49,4577.86,4593.15"
2026-01-13 20:00:00+07:00,"4593.13,4620.64,4590.68,4611.31"
2026-01-13 21:00:00+07:00,"4611.56,4634.69,4609.12,4629.64"
2026-01-13 22:00:00+07:00,"4629.35,4630.38,4601.32,4619.42"
2026-01-13 23:00:00+07:00,"4619.41,4620.75,4592.91,4613.28"
2026-01-14 00:00:00+07:00,"4613.26,4616.14,4586.94,4590.68"
2026-01-14 01:00:00+07:00,"4590.61,4602.21,4580.95,4593.87"
2026-01-14 02:00:00+07:00,"4593.9,4599.05,4584.16,4597.36"
2026-01-14 03:00:00+07:00,"4597.35,4598.14,4569.74,4586.35"
2026-01-14 04:00:00+07:00,"4586.44,4590.08,4583.15,4586.63"
2026-01-14 06:00:00+07:00,"4591.43,4598.9,4589.68,4596.98"
2026-01-14 07:00:00+07:00,"4596.97,4610.68,4596.96,4609.04"
2026-01-14 08:00:00+07:00,"4609.1,4619.91,4606.06,4619.24"
2026-01-14 09:00:00+07:00,"4619.46,4623.86,4614.36,4620.53"
2026-01-14 10:00:00+07:00,"4620.5,4629.96,4613.36,4628.28"
2026-01-14 11:00:00+07:00,"4628.1,4630.57,4625.28,4629.58"
2026-01-14 12:00:00+07:00,"4629.6,4639.7,4618.08,4619.5"
2026-01-14 13:00:00+07:00,"4619.47,4637.26,4618.84,4637"
2026-01-14 14:00:00+07:00,"4637.01,4639.7,4631.37,4632.84"
2026-01-14 15:00:00+07:00,"4632.83,4638.08,4621.83,4634.7"
2026-01-14 16:00:00+07:00,"4634.67,4639.61,4626.95,4630.23"
2026-01-14 17:00:00+07:00,"4630.21,4638.37,4627.84,4633"
2026-01-14 18:00:00+07:00,"4632.78,4637.42,4626.09,4630.09"
2026-01-14 19:00:00+07:00,"4630.23,4641.99,4629.96,4639.2"
2026-01-14 20:00:00+07:00,"4639.19,4641.87,4623.98,4635.47"
2026-01-14 21:00:00+07:00,"4635.51,4638.9,4606.72,4617.46"
2026-01-14 22:00:00+07:00,"4617.4,4626.51,4599.48,4618.18"
2026-01-14 23:00:00+07:00,"4618.28,4624.89,4608.59,4616.73"
2026-01-15 00:00:00+07:00,"4616.74,4619.18,4601.26,4614.32"
2026-01-15 01:00:00+07:00,"4614.29,4636.82,4612.79,4634.7"
2026-01-15 02:00:00+07:00,"4634.69,4642.89,4633.64,4638.98"
2026-01-15 03:00:00+07:00,"4638.99,4641.64,4626.1,4632.39"
2026-01-15 04:00:00+07:00,"4632.44,4633.29,4617.87,4627.23"
2026-01-15 06:00:00+07:00,"4631.71,4632.31,4603.13,4615.36"
2026-01-15 07:00:00+07:00,"4615.34,4618.34,4609.96,4614.94"
2026-01-15 08:00:00+07:00,"4614.93,4617.69,4583.91,4600.15"
2026-01-15 09:00:00+07:00,"4600.16,4614.86,4595.59,4602.74"
2026-01-15 10:00:00+07:00,"4602.69,4604.23,4581.32,4592"
2026-01-15 11:00:00+07:00,"4591.99,4597.5,4586.88,4592.25"
2026-01-15 12:00:00+07:00,"4592.24,4599,4581.49,4595.57"
2026-01-15 13:00:00+07:00,"4595.58,4611.95,4593.77,4610.32"
2026-01-15 14:00:00+07:00,"4610.57,4613.62,4599.02,4602.02"
2026-01-15 15:00:00+07:00,"4601.99,4607.4,4597.71,4604.21"
2026-01-15 16:00:00+07:00,"4604.2,4613.27,4600.52,4612.46"
2026-01-15 17:00:00+07:00,"4612.43,4620.5,4609.21,4619.66"
2026-01-15 18:00:00+07:00,"4619.67,4622.95,4615.45,4619.5"
2026-01-15 19:00:00+07:00,"4619.43,4620.96,4611.58,4614.06"
2026-01-15 20:00:00+07:00,"4614.01,4616.34,4582.16,4588.18"
2026-01-15 21:00:00+07:00,"4588.2,4615.06,4583.7,4610.85"
2026-01-15 22:00:00+07:00,"4610.73,4618.02,4603.68,4615.22"
2026-01-15 23:00:00+07:00,"4615.19,4624.42,4601.22,4605.89"
2026-01-16 00:00:00+07:00,"4605.93,4616.83,4605.42,4616.42"
2026-01-16 01:00:00+07:00,"4616.44,4621.15,4613.48,4617.22"
2026-01-16 02:00:00+07:00,"4617.24,4621.73,4612.5,4616.11"
2026-01-16 03:00:00+07:00,"4616.1,4616.39,4600.78,4605.91"
2026-01-16 04:00:00+07:00,"4605.87,4616.63,4604.29,4616.01"
2026-01-16 06:00:00+07:00,"4618.02,4621.03,4606.23,4610.21"
2026-01-16 07:00:00+07:00,"4610.26,4611.42,4598.48,4600.45"
2026-01-16 08:00:00+07:00,"4600.43,4608.41,4594.07,4600.18"
2026-01-16 09:00:00+07:00,"4600.13,4604.47,4591.6,4595.05"
2026-01-16 10:00:00+07:00,"4595.08,4599.84,4592.79,4596.32"
2026-01-16 11:00:00+07:00,"4596.29,4602.34,4595.91,4601.19"
2026-01-16 12:00:00+07:00,"4601.21,4616.04,4595.34,4611.84"
2026-01-16 13:00:00+07:00,"4611.83,4612.47,4594.32,4598.1"
2026-01-16 14:00:00+07:00,"4598.06,4612.08,4596.75,4607.78"
2026-01-16 15:00:00+07:00,"4607.76,4610.82,4601.53,4603.33"
2026-01-16 16:00:00+07:00,"4603.27,4608.48,4598.78,4600.8"
2026-01-16 17:00:00+07:00,"4600.7,4611.04,4599.67,4600.18"
2026-01-16 18:00:00+07:00,"4600.48,4616.25,4598.59,4612.33"
2026-01-16 19:00:00+07:00,"4612.38,4613,4597.69,4602.05"
2026-01-16 20:00:00+07:00,"4602.08,4605.74,4582.46,4601.65"
2026-01-16 21:00:00+07:00,"4601.64,4614.9,4596.28,4608.1"
2026-01-16 22:00:00+07:00,"4607.95,4620.4,4537.23,4571.52"
2026-01-16 23:00:00+07:00,"4571.4,4599.18,4568.12,4591.56"
2026-01-17 00:00:00+07:00,"4591.55,4593.2,4576.92,4581.13"
2026-01-17 01:00:00+07:00,"4581.06,4596.16,4579.96,4583.11"
2026-01-17 02:00:00+07:00,"4583.09,4592.56,4581.47,4590.37"
2026-01-17 03:00:00+07:00,"4590.39,4596.06,4580.8,4582.2"
2026-01-17 04:00:00+07:00,"4582.25,4598.38,4582.16,4596.6"
2026-01-19 06:00:00+07:00,"4634.26,4690.41,4629.15,4673.1"
2026-01-19 07:00:00+07:00,"4672.97,4682.06,4660.94,4675.79"
2026-01-19 08:00:00+07:00,"4675.74,4678.41,4656.14,4657.14"
2026-01-19 09:00:00+07:00,"4657.1,4664.98,4653.06,4662.16"
2026-01-19 10:00:00+07:00,"4662.17,4669.89,4658.09,4658.68"
2026-01-19 11:00:00+07:00,"4658.49,4666.15,4658.14,4663.54"
2026-01-19 12:00:00+07:00,"4663.3,4674.16,4662.96,4669.94"
2026-01-19 13:00:00+07:00,"4669.95,4678.98,4666.77,4677.78"
2026-01-19 14:00:00+07:00,"4677.77,4678.66,4661.97,4665.34"
2026-01-19 15:00:00+07:00,"4665.36,4673.81,4661.96,4663.81"
2026-01-19 16:00:00+07:00,"4663.82,4673.02,4662.31,4668.39"
2026-01-19 17:00:00+07:00,"4668.4,4671.18,4661.34,4663.87"
2026-01-19 18:00:00+07:00,"4664.03,4667.56,4659.98,4661.13"
2026-01-19 19:00:00+07:00,"4661.14,4673.66,4660.2,4671.93"
2026-01-19 20:00:00+07:00,"4671.79,4673.68,4664.49,4666.38"
2026-01-19 21:00:00+07:00,"4665.92,4670.6,4661.44,4666.54"
2026-01-19 22:00:00+07:00,"4666.93,4676,4664.33,4674.17"
2026-01-19 23:00:00+07:00,"4674.19,4675.62,4670.36,4672.44"
2026-01-20 00:00:00+07:00,"4671.97,4678.9,4669.21,4676.02"
2026-01-20 01:00:00+07:00,"4676.01,4680.31,4673.65,4676.91"
2026-01-20 02:00:00+07:00,"4676.83,4676.94,4667.18,4670.92"
2026-01-20 06:00:00+07:00,"4674.69,4676.94,4664.25,4665.18"
2026-01-20 07:00:00+07:00,"4665.2,4668.26,4659.57,4660.71"
2026-01-20 08:00:00+07:00,"4660.7,4676.22,4659.8,4669.53"
2026-01-20 09:00:00+07:00,"4669.5,4675.02,4665.32,4668.71"
2026-01-20 10:00:00+07:00,"4668.7,4681.49,4666.29,4680.44"
2026-01-20 11:00:00+07:00,"4680.43,4697.22,4679.51,4695.07"
2026-01-20 12:00:00+07:00,"4695.05,4716.79,4694.61,4714.52"
2026-01-20 13:00:00+07:00,"4714.51,4717.2,4705.6,4712.47"
2026-01-20 14:00:00+07:00,"4712.58,4722.69,4711.66,4716.16"
2026-01-20 15:00:00+07:00,"4716.17,4731.49,4715.06,4729.42"
2026-01-20 16:00:00+07:00,"4729.43,4737.54,4721.56,4732.24"
2026-01-20 17:00:00+07:00,"4732.46,4735.21,4723.26,4726.62"
2026-01-20 18:00:00+07:00,"4726.78,4735.4,4721.69,4732.98"
2026-01-20 19:00:00+07:00,"4732.83,4732.83,4724.31,4727.79"
2026-01-20 20:00:00+07:00,"4727.83,4738.33,4715.3,4737.27"
2026-01-20 21:00:00+07:00,"4737.28,4751.1,4728.48,4740.8"
2026-01-20 22:00:00+07:00,"4740.79,4748.78,4722.48,4737.73"
2026-01-20 23:00:00+07:00,"4737.75,4757.88,4729.19,4753.6"
2026-01-21 00:00:00+07:00,"4753.41,4762.53,4746.6,4759.48"
2026-01-21 01:00:00+07:00,"4759.4,4766.35,4753.23,4759.17"
2026-01-21 02:00:00+07:00,"4759.16,4766.3,4756.4,4760.51"
2026-01-21 03:00:00+07:00,"4760.48,4761.39,4747.85,4756.97"
2026-01-21 04:00:00+07:00,"4757.1,4764.01,4756.49,4763.66"
2026-01-21 06:00:00+07:00,"4761.38,4781.03,4757.63,4776.06"
2026-01-21 07:00:00+07:00,"4776.01,4787.88,4770.68,4784.46"
2026-01-21 08:00:00+07:00,"4784.4,4843.93,4783.34,4834.97"
2026-01-21 09:00:00+07:00,"4834.98,4842.04,4817.45,4836.88"
2026-01-21 10:00:00+07:00,"4836.83,4849.73,4827.11,4844.78"
2026-01-21 11:00:00+07:00,"4844.76,4870.77,4837.97,4866.2"
2026-01-21 12:00:00+07:00,"4866.21,4878.26,4859.13,4870.33"
2026-01-21 13:00:00+07:00,"4870.39,4888.3,4845.65,4847.87"
2026-01-21 14:00:00+07:00,"4847.82,4857.41,4832.74,4855.58"
2026-01-21 15:00:00+07:00,"4855.56,4869.5,4851.53,4854.52"
2026-01-21 16:00:00+07:00,"4854.85,4877.13,4852.23,4860.41"
2026-01-21 17:00:00+07:00,"4860.4,4866.98,4859.31,4862.46"
2026-01-21 18:00:00+07:00,"4862.47,4871.57,4855.06,4866.55"
2026-01-21 19:00:00+07:00,"4866.6,4871.04,4855.69,4864.87"
2026-01-21 20:00:00+07:00,"4864.9,4880.45,4858.48,4879.24"
2026-01-21 21:00:00+07:00,"4879.22,4880.99,4839.48,4852.22"
2026-01-21 22:00:00+07:00,"4852.19,4868.68,4812.93,4847.73"
2026-01-21 23:00:00+07:00,"4847.87,4855.73,4819.87,4833.8"
2026-01-22 00:00:00+07:00,"4833.82,4834.43,4802.48,4826.14"
2026-01-22 01:00:00+07:00,"4826.02,4850.78,4820.21,4850.03"
2026-01-22 02:00:00+07:00,"4850.04,4854.15,4755.7,4781.36"
2026-01-22 03:00:00+07:00,"4781.39,4828.1,4772.28,4826.27"
2026-01-22 04:00:00+07:00,"4826.19,4840.01,4813.4,4832.84"
2026-01-22 06:00:00+07:00,"4832.72,4833.05,4778.21,4778.73"
2026-01-22 07:00:00+07:00,"4778.76,4798.85,4778.12,4797.67"
2026-01-22 08:00:00+07:00,"4797.65,4809.68,4772.29,4798.19"
2026-01-22 09:00:00+07:00,"4798.16,4798.21,4774.71,4789.02"
2026-01-22 10:00:00+07:00,"4789.03,4796.96,4784.4,4796.74"
2026-01-22 11:00:00+07:00,"4796.92,4800.64,4793.8,4797.43"
2026-01-22 12:00:00+07:00,"4797.26,4821.75,4793.7,4821.32"
2026-01-22 13:00:00+07:00,"4821.31,4829.2,4816.27,4826.38"
2026-01-22 14:00:00+07:00,"4826.43,4839.25,4825.63,4832.81"
2026-01-22 15:00:00+07:00,"4833.09,4835.77,4822.42,4830.55"
2026-01-22 16:00:00+07:00,"4830.54,4838.13,4814.11,4823"
2026-01-22 17:00:00+07:00,"4823.02,4831.97,4819.21,4829.29"
2026-01-22 18:00:00+07:00,"4829.3,4836.62,4824.35,4831.53"
2026-01-22 19:00:00+07:00,"4831.52,4832.65,4818.77,4819.94"
2026-01-22 20:00:00+07:00,"4819.95,4835.37,4810.64,4822.05"
2026-01-22 21:00:00+07:00,"4821.88,4847.89,4820.31,4835.08"
2026-01-22 22:00:00+07:00,"4835.05,4873.9,4826.74,4871.37"
2026-01-22 23:00:00+07:00,"4871.36,4885.18,4867.93,4877.76"
2026-01-23 00:00:00+07:00,"4877.78,4906.51,4870,4904.28"
2026-01-23 01:00:00+07:00,"4904.21,4919.66,4901.24,4915.84"
2026-01-23 02:00:00+07:00,"4915.85,4924.58,4905.88,4911.44"
2026-01-23 03:00:00+07:00,"4911.46,4928.58,4911.27,4917.24"
2026-01-23 04:00:00+07:00,"4917.34,4940.94,4914.48,4936.14"
2026-01-23 06:00:00+07:00,"4944.22,4960.79,4930.73,4959.19"
2026-01-23 07:00:00+07:00,"4959.09,4965.91,4947.51,4965.42"
2026-01-23 08:00:00+07:00,"4965.45,4967.4,4936.39,4953.55"
2026-01-23 09:00:00+07:00,"4953.54,4962.4,4946.84,4955.43"
2026-01-23 10:00:00+07:00,"4955.4,4959.18,4938.03,4951.99"
2026-01-23 11:00:00+07:00,"4951.98,4958.54,4950.01,4956.37"
2026-01-23 12:00:00+07:00,"4956.36,4967.18,4954.66,4960.79"
2026-01-23 13:00:00+07:00,"4960.76,4963.26,4945.99,4954.2"
2026-01-23 14:00:00+07:00,"4954.17,4959.82,4943.24,4944.72"
2026-01-23 15:00:00+07:00,"4944.65,4947.81,4901.46,4913.51"
2026-01-23 16:00:00+07:00,"4913.44,4921.49,4899.92,4918.56"
2026-01-23 17:00:00+07:00,"4918.58,4932.55,4915.53,4930.06"
2026-01-23 18:00:00+07:00,"4930.05,4930.24,4911.97,4922.67"
2026-01-23 19:00:00+07:00,"4922.76,4942.62,4918.28,4939.1"
2026-01-23 20:00:00+07:00,"4939.15,4947.96,4924.01,4939.04"
2026-01-23 21:00:00+07:00,"4939.02,4956.54,4933.08,4943.69"
2026-01-23 22:00:00+07:00,"4943.61,4963.49,4938.21,4960.78"
2026-01-23 23:00:00+07:00,"4960.8,4988.46,4958.98,4980.14"
2026-01-24 00:00:00+07:00,"4980.28,4988.35,4962,4965.56"
2026-01-24 01:00:00+07:00,"4965.55,4984.31,4958.3,4966.9"
2026-01-24 02:00:00+07:00,"4967.13,4989.9,4967.09,4983.95"
2026-01-24 03:00:00+07:00,"4983.87,4985.93,4971.26,4980.94"
2026-01-24 04:00:00+07:00,"4980.95,4989.98,4978.07,4983.88"
2026-01-26 06:00:00+07:00,"5009.1,5039.99,5003.84,5039.42"
2026-01-26 07:00:00+07:00,"5039.44,5052.26,5030.65,5041.88"
2026-01-26 08:00:00+07:00,"5041.9,5085.58,5028.95,5071.25"
2026-01-26 09:00:00+07:00,"5071.24,5093.09,5067,5080.89"
2026-01-26 10:00:00+07:00,"5080.88,5087.68,5069.87,5076.94"
2026-01-26 11:00:00+07:00,"5076.91,5078.18,5058.09,5070.34"
2026-01-26 12:00:00+07:00,"5070.2,5076.47,5052.74,5074.28"
2026-01-26 13:00:00+07:00,"5074.27,5110.99,5065.42,5077.89"
2026-01-26 14:00:00+07:00,"5077.88,5095.88,5074.18,5089.34"
2026-01-26 15:00:00+07:00,"5089.35,5098.17,5080.02,5083.56"
2026-01-26 16:00:00+07:00,"5083.55,5098.41,5075.75,5084.06"
2026-01-26 17:00:00+07:00,"5084.14,5095.24,5078.64,5091.45"
2026-01-26 18:00:00+07:00,"5091.46,5092.77,5078.57,5091.39"
2026-01-26 19:00:00+07:00,"5091.38,5097,5076.95,5079.06"
2026-01-26 20:00:00+07:00,"5079.08,5083.19,5054.47,5068.35"
2026-01-26 21:00:00+07:00,"5068.38,5097,5058.47,5096.07"
2026-01-26 22:00:00+07:00,"5096.08,5097.17,5073.95,5091.28"
2026-01-26 23:00:00+07:00,"5091.33,5105.21,5065.19,5089.34"
2026-01-27 00:00:00+07:00,"5089.38,5105.2,5081.07,5101.22"
2026-01-27 01:00:00+07:00,"5101.23,5103.45,5058.24,5069.21"
2026-01-27 02:00:00+07:00,"5069.19,5069.89,5008.97,5028.36"
2026-01-27 03:00:00+07:00,"5028.41,5062.42,5026.3,5055.31"
2026-01-27 04:00:00+07:00,"5055.18,5059.38,4990.06,5010.85"
2026-01-27 06:00:00+07:00,"5024.66,5061.81,5019.21,5044"
2026-01-27 07:00:00+07:00,"5043.85,5054.21,5013.78,5032.83"
2026-01-27 08:00:00+07:00,"5032.9,5076.13,5019.42,5060.37"
2026-01-27 09:00:00+07:00,"5060.36,5079.9,5049.62,5072.4"
2026-01-27 10:00:00+07:00,"5072.36,5078.92,5060.76,5076.7"
2026-01-27 11:00:00+07:00,"5076.67,5078.59,5061.54,5068.02"
2026-01-27 12:00:00+07:00,"5068.21,5085.2,5057.34,5082.88"
2026-01-27 13:00:00+07:00,"5082.91,5094.02,5076.54,5086.18"
2026-01-27 14:00:00+07:00,"5086.2,5100.87,5082.03,5086.5"
2026-01-27 15:00:00+07:00,"5086.48,5088.5,5073.09,5079.69"
2026-01-27 16:00:00+07:00,"5079.78,5099.47,5077.81,5098.41"
2026-01-27 17:00:00+07:00,"5098.42,5098.72,5081.82,5086.36"
2026-01-27 18:00:00+07:00,"5086.06,5090.67,5067.35,5077.27"
2026-01-27 19:00:00+07:00,"5077.1,5091.27,5073.54,5085.22"
2026-01-27 20:00:00+07:00,"5085.23,5093.03,5070.02,5077.86"
2026-01-27 21:00:00+07:00,"5077.85,5082.06,5046.67,5054.61"
2026-01-27 22:00:00+07:00,"5054.63,5091.39,5047.8,5091.16"
2026-01-27 23:00:00+07:00,"5091.11,5103.06,5083.24,5087.74"
2026-01-28 00:00:00+07:00,"5087.85,5094.19,5076.72,5081.54"
2026-01-28 01:00:00+07:00,"5081.51,5095.76,5076.08,5088.45"
2026-01-28 02:00:00+07:00,"5088.44,5099.69,5081.16,5099.16"
2026-01-28 03:00:00+07:00,"5099.15,5182.38,5097.8,5176.41"
2026-01-28 04:00:00+07:00,"5176.42,5190.6,5169.89,5179.97"
2026-01-28 06:00:00+07:00,"5172.07,5184.75,5159.13,5172.22"
2026-01-28 07:00:00+07:00,"5172.19,5180.21,5157.47,5172.36"
2026-01-28 08:00:00+07:00,"5172.17,5225.28,5168.75,5205.11"
2026-01-28 09:00:00+07:00,"5205.14,5234.29,5202.11,5231.54"
2026-01-28 10:00:00+07:00,"5231.5,5247.79,5224.55,5234.86"
2026-01-28 11:00:00+07:00,"5234.81,5248.8,5232.2,5245.97"
2026-01-28 12:00:00+07:00,"5245.96,5266.63,5241.61,5261.48"
2026-01-28 13:00:00+07:00,"5261.57,5271.26,5252.45,5270.06"
2026-01-28 14:00:00+07:00,"5270.13,5292.77,5262.71,5290.03"
2026-01-28 15:00:00+07:00,"5290.02,5311.25,5280.78,5293.52"
2026-01-28 16:00:00+07:00,"5293.51,5297.59,5263.35,5277.93"
2026-01-28 17:00:00+07:00,"5277.88,5285.89,5269.41,5270.63"
2026-01-28 18:00:00+07:00,"5270.81,5271.06,5238.75,5261.8"
2026-01-28 19:00:00+07:00,"5261.79,5279.09,5251.85,5278.67"
2026-01-28 20:00:00+07:00,"5278.62,5289.37,5256.85,5266.78"
2026-01-28 21:00:00+07:00,"5266.79,5288.62,5248.44,5286.12"
2026-01-28 22:00:00+07:00,"5286.13,5298.28,5236.5,5278.28"
2026-01-28 23:00:00+07:00,"5278.26,5300.21,5274.65,5299.53"
2026-01-29 00:00:00+07:00,"5299.59,5307.17,5283.14,5298.21"
2026-01-29 01:00:00+07:00,"5298.28,5326.15,5268.54,5281.78"
2026-01-29 02:00:00+07:00,"5281.91,5332.15,5269.68,5325.45"
2026-01-29 03:00:00+07:00,"5325.3,5391.29,5321.21,5377.11"
2026-01-29 04:00:00+07:00,"5378.18,5419.17,5378.18,5414.92"
2026-01-29 06:00:00+07:00,"5422.84,5598.21,5422.57,5513.76"
2026-01-29 07:00:00+07:00,"5513.71,5526.8,5455.42,5519.85"
2026-01-29 08:00:00+07:00,"5519.84,5551.23,5445.65,5545.65"
2026-01-29 09:00:00+07:00,"5545.64,5550.32,5504.63,5535.68"
2026-01-29 10:00:00+07:00,"5535.67,5549.09,5508.7,5545.93"
2026-01-29 11:00:00+07:00,"5545.9,5564.52,5534.13,5558.28"
2026-01-29 12:00:00+07:00,"5558,5564.52,5516.72,5562.2"
2026-01-29 13:00:00+07:00,"5562.21,5595.59,5554.62,5561.33"
2026-01-29 14:00:00+07:00,"5561.34,5574.59,5537.24,5548.64"
2026-01-29 15:00:00+07:00,"5549.08,5554.77,5474.73,5510.18"
2026-01-29 16:00:00+07:00,"5510.13,5529.51,5498.07,5513.83"
2026-01-29 17:00:00+07:00,"5513.85,5525.14,5482.37,5483.49"
2026-01-29 18:00:00+07:00,"5483.77,5528.77,5470.89,5522.44"
2026-01-29 19:00:00+07:00,"5522.5,5542.98,5518.32,5534.41"
2026-01-29 20:00:00+07:00,"5534.46,5540.63,5500.22,5510.74"
2026-01-29 21:00:00+07:00,"5510.76,5549.98,5490.79,5497.15"
2026-01-29 22:00:00+07:00,"5497.29,5497.3,5100.11,5182.61"
2026-01-29 23:00:00+07:00,"5182.56,5310.91,5172.15,5263.33"
2026-01-30 00:00:00+07:00,"5263.6,5375.53,5263.52,5335.07"
2026-01-30 01:00:00+07:00,"5335.08,5362.07,5309.05,5338.87"
2026-01-30 02:00:00+07:00,"5338.79,5345.56,5290.54,5305.94"
2026-01-30 03:00:00+07:00,"5306.01,5407.27,5282.94,5394.22"
2026-01-30 04:00:00+07:00,"5393.69,5425.95,5370.38,5380.32"
2026-01-30 06:00:00+07:00,"5400.89,5448.18,5388.53,5438.86"
2026-01-30 07:00:00+07:00,"5438.71,5450.93,5390.39,5407.19"
2026-01-30 08:00:00+07:00,"5407.14,5409.63,5292.03,5301.33"
2026-01-30 09:00:00+07:00,"5301.26,5312.85,5112.63,5225.04"
2026-01-30 10:00:00+07:00,"5225.03,5229.4,5151.04,5195.93"
2026-01-30 11:00:00+07:00,"5195.89,5230.85,5193.87,5214.63"
2026-01-30 12:00:00+07:00,"5214.62,5241.15,5180.43,5185.27"
2026-01-30 13:00:00+07:00,"5185.28,5204.87,5145.66,5156.13"
2026-01-30 14:00:00+07:00,"5156.15,5186.2,5118.37,5180.93"
2026-01-30 15:00:00+07:00,"5180.92,5180.92,5059.36,5116.57"
2026-01-30 16:00:00+07:00,"5116.43,5131.84,4940.61,5013.78"
2026-01-30 17:00:00+07:00,"5013.76,5122.26,5001.36,5119.74"
2026-01-30 18:00:00+07:00,"5119.59,5144.77,5089.36,5136.25"
2026-01-30 19:00:00+07:00,"5136.63,5145.68,5055.54,5064.8"
2026-01-30 20:00:00+07:00,"5064.77,5099.25,4992.55,5019.39"
2026-01-30 21:00:00+07:00,"5019.34,5113.07,5014.86,5032.69"
2026-01-30 22:00:00+07:00,"5032.72,5074.08,4980.78,5050.87"
2026-01-30 23:00:00+07:00,"5050.77,5051.99,4941.5,4984.62"
2026-01-31 00:00:00+07:00,"4984.6,4985.23,4801.75,4849.38"
2026-01-31 01:00:00+07:00,"4849.37,4892.59,4693.02,4879.68"
2026-01-31 02:00:00+07:00,"4879.48,4947.8,4843.62,4933.44"
2026-01-31 03:00:00+07:00,"4933.57,4933.74,4810.39,4847.91"
2026-01-31 04:00:00+07:00,"4847.92,4896.25,4831.66,4890.31"
2026-02-02 06:00:00+07:00,"4779.95,4862.08,4696.76,4742.09"
2026-02-02 07:00:00+07:00,"4742.15,4884.9,4740.33,4766.94"
2026-02-02 08:00:00+07:00,"4766.85,4784.21,4587.8,4736.95"
2026-02-02 09:00:00+07:00,"4736.87,4772.71,4697.55,4710.94"
2026-02-02 10:00:00+07:00,"4710.93,4729.06,4630.89,4646.77"
2026-02-02 11:00:00+07:00,"4646.78,4713.19,4604.05,4680.19"
2026-02-02 12:00:00+07:00,"4680.21,4696.28,4498.86,4549.66"
2026-02-02 13:00:00+07:00,"4549.81,4573.28,4403.16,4505.28"
2026-02-02 14:00:00+07:00,"4505.33,4618.71,4484.84,4587.94"
2026-02-02 15:00:00+07:00,"4587.96,4650.88,4561.42,4640.96"
2026-02-02 16:00:00+07:00,"4640.91,4731.12,4603.53,4719.77"
2026-02-02 17:00:00+07:00,"4719.75,4733.85,4657.11,4705.42"
2026-02-02 18:00:00+07:00,"4705.47,4778.6,4703.68,4765.88"
2026-02-02 19:00:00+07:00,"4765.87,4811.76,4743.67,4793.62"
2026-02-02 20:00:00+07:00,"4793.55,4803.49,4669.62,4705.99"
2026-02-02 21:00:00+07:00,"4706.08,4793.64,4680.63,4719.27"
2026-02-02 22:00:00+07:00,"4719.35,4745.26,4617.32,4620.04"
2026-02-02 23:00:00+07:00,"4620.06,4708.26,4596.83,4665.81"
2026-02-03 00:00:00+07:00,"4665.89,4713.99,4656.91,4674.12"
2026-02-03 01:00:00+07:00,"4674.19,4674.29,4618.93,4658.16"
2026-02-03 02:00:00+07:00,"4658.15,4713.01,4631.39,4685.82"
2026-02-03 03:00:00+07:00,"4685.32,4700.5,4648,4653.2"
2026-02-03 04:00:00+07:00,"4652.97,4687.11,4644.05,4660.09"
2026-02-03 06:00:00+07:00,"4678.58,4775.57,4678.52,4774.53"
2026-02-03 07:00:00+07:00,"4774.43,4830.29,4766.45,4780.8"
2026-02-03 08:00:00+07:00,"4780.83,4856.29,4767.01,4841.45"
2026-02-03 09:00:00+07:00,"4841.44,4842.34,4745.93,4783.1"
2026-02-03 10:00:00+07:00,"4783.12,4813.38,4752.34,4809.55"
2026-02-03 11:00:00+07:00,"4809.57,4824.97,4801.66,4808.87"
2026-02-03 12:00:00+07:00,"4809.25,4841.52,4808.97,4825.28"
2026-02-03 13:00:00+07:00,"4825.31,4894.01,4816.88,4880.89"
2026-02-03 14:00:00+07:00,"4881,4933.48,4872.19,4916.95"
2026-02-03 15:00:00+07:00,"4916.94,4950.07,4899.03,4912.92"
2026-02-03 16:00:00+07:00,"4912.91,4925.53,4884.61,4915.74"
2026-02-03 17:00:00+07:00,"4915.82,4929.56,4901.98,4902.97"
2026-02-03 18:00:00+07:00,"4903,4919.21,4883.88,4917.2"
2026-02-03 19:00:00+07:00,"4917.17,4935.76,4892.39,4914.18"
2026-02-03 20:00:00+07:00,"4914.13,4951,4902.51,4932.55"
2026-02-03 21:00:00+07:00,"4932.57,4936.13,4893.96,4917.62"
2026-02-03 22:00:00+07:00,"4917.42,4948.16,4904.98,4935.2"
2026-02-03 23:00:00+07:00,"4935.29,4993.81,4930.01,4956.05"
2026-02-04 00:00:00+07:00,"4955.65,4969.46,4907.96,4929.22"
2026-02-04 01:00:00+07:00,"4929.21,4953.95,4885.66,4908.37"
2026-02-04 02:00:00+07:00,"4908.32,4948.77,4880.9,4927.43"
2026-02-04 03:00:00+07:00,"4927.47,4956.87,4903.19,4944.12"
2026-02-04 04:00:00+07:00,"4943.03,4963.82,4933.74,4946.76"
2026-02-04 06:00:00+07:00,"4962.79,4972.05,4910.75,4947.26"
2026-02-04 07:00:00+07:00,"4947.14,5016.15,4946.07,5015.47"
2026-02-04 08:00:00+07:00,"5015.53,5053.37,4985.16,5046.32"
2026-02-04 09:00:00+07:00,"5046.31,5065.5,5035.65,5040.81"
2026-02-04 10:00:00+07:00,"5040.8,5073.81,5036.42,5070.41"
2026-02-04 11:00:00+07:00,"5070.4,5081.43,5056.75,5080.35"
2026-02-04 12:00:00+07:00,"5080.33,5090.55,5069.68,5079.16"
2026-02-04 13:00:00+07:00,"5079.21,5083.29,5051.36,5076.85"
2026-02-04 14:00:00+07:00,"5076.84,5091.67,5062.18,5084.83"
2026-02-04 15:00:00+07:00,"5084.81,5092,5069.42,5083.76"
2026-02-04 16:00:00+07:00,"5083.78,5086.87,5042.99,5060.25"
2026-02-04 17:00:00+07:00,"5060.26,5064.52,5041.8,5048.98"
2026-02-04 18:00:00+07:00,"5048.99,5053.57,5013.79,5047.5"
2026-02-04 19:00:00+07:00,"5047.53,5063.27,5036.25,5040.75"
2026-02-04 20:00:00+07:00,"5040.77,5063.73,5023.25,5053.76"
2026-02-04 21:00:00+07:00,"5053.75,5059.34,4967.04,4986.59"
2026-02-04 22:00:00+07:00,"4986.6,5007.66,4887.83,4920.78"
2026-02-04 23:00:00+07:00,"4920.77,4940.29,4851.83,4904.58"
2026-02-05 00:00:00+07:00,"4904.27,4930.43,4888.36,4897.97"
2026-02-05 01:00:00+07:00,"4897.98,4934.8,4872.87,4927.29"
2026-02-05 02:00:00+07:00,"4927.38,4957.88,4914.78,4941.64"
2026-02-05 03:00:00+07:00,"4941.68,4951.82,4914.42,4938.71"
2026-02-05 04:00:00+07:00,"4938.72,4971.01,4937.51,4964.86"
2026-02-05 06:00:00+07:00,"4980.34,5024.01,4968.01,5012.52"
2026-02-05 07:00:00+07:00,"5012.37,5020.59,4997.53,5007.07"
2026-02-05 08:00:00+07:00,"5007.55,5011.94,4936.55,4958.99"
2026-02-05 09:00:00+07:00,"4958.98,4962.13,4805.68,4812.55"
2026-02-05 10:00:00+07:00,"4812.56,4887.47,4789.52,4879.89"
2026-02-05 11:00:00+07:00,"4879.9,4891,4863.8,4864.68"
2026-02-05 12:00:00+07:00,"4864.69,4906.52,4827.06,4896.03"
2026-02-05 13:00:00+07:00,"4896.02,4934.29,4878.64,4920.59"
2026-02-05 14:00:00+07:00,"4920.56,4940.66,4895.9,4914.81"
2026-02-05 15:00:00+07:00,"4914.84,4943.61,4901.47,4912.12"
2026-02-05 16:00:00+07:00,"4912.11,4914.33,4849.62,4854.98"
2026-02-05 17:00:00+07:00,"4854.99,4886.68,4847.64,4876.85"
2026-02-05 18:00:00+07:00,"4876.87,4894.69,4864.43,4868.67"
2026-02-05 19:00:00+07:00,"4868.04,4878.33,4811.02,4854.19"
2026-02-05 20:00:00+07:00,"4854.26,4867.78,4802.47,4835.54"
2026-02-05 21:00:00+07:00,"4835.58,4869.63,4806.18,4845.87"
2026-02-05 22:00:00+07:00,"4845.77,4864.03,4800.46,4817.58"
2026-02-05 23:00:00+07:00,"4817.57,4906.35,4812.46,4889.06"
2026-02-06 00:00:00+07:00,"4889.02,4890.75,4859.35,4869.25"
2026-02-06 01:00:00+07:00,"4869.46,4875.41,4851.4,4858.29"
2026-02-06 02:00:00+07:00,"4858.19,4865.12,4824.16,4829.38"
2026-02-06 03:00:00+07:00,"4829.53,4843.12,4792.69,4810.96"
2026-02-06 04:00:00+07:00,"4810.19,4826.02,4759.91,4776.59"
2026-02-06 06:00:00+07:00,"4762.65,4781.95,4703.27,4703.64"
2026-02-06 07:00:00+07:00,"4703.74,4764.56,4655.52,4762.78"
2026-02-06 08:00:00+07:00,"4762.62,4784.16,4694.47,4774.29"
2026-02-06 09:00:00+07:00,"4774.19,4846.36,4761.18,4816.74"
2026-02-06 10:00:00+07:00,"4816.73,4839.36,4801.2,4824.57"
2026-02-06 11:00:00+07:00,"4824.55,4831.84,4806.97,4814.15"
2026-02-06 12:00:00+07:00,"4814.12,4897.92,4807.72,4897.52"
2026-02-06 13:00:00+07:00,"4897.51,4903.16,4825.82,4846.55"
2026-02-06 14:00:00+07:00,"4846.47,4861.76,4838.39,4840.89"
2026-02-06 15:00:00+07:00,"4840.86,4882.38,4829.46,4861.63"
2026-02-06 16:00:00+07:00,"4861.41,4872.62,4838.49,4866.81"
2026-02-06 17:00:00+07:00,"4866.84,4880.18,4851.7,4878.48"
2026-02-06 18:00:00+07:00,"4878.49,4895.86,4864.05,4887.08"
2026-02-06 19:00:00+07:00,"4887.49,4903.35,4871.19,4900.34"
2026-02-06 20:00:00+07:00,"4900.16,4938.47,4896.88,4929.4"
2026-02-06 21:00:00+07:00,"4929.37,4949.74,4894.97,4948.25"
2026-02-06 22:00:00+07:00,"4948.26,4964.88,4929.06,4943.59"
2026-02-06 23:00:00+07:00,"4943.62,4953.1,4921.86,4951.52"
2026-02-07 00:00:00+07:00,"4951.62,4968.69,4948.88,4960.59"
2026-02-07 01:00:00+07:00,"4960.53,4971.45,4943.98,4962.29"
2026-02-07 02:00:00+07:00,"4962.31,4963.49,4948.71,4957.04"
2026-02-07 03:00:00+07:00,"4956.94,4958.92,4936.74,4953.06"
2026-02-07 04:00:00+07:00,"4953.09,4968.99,4946.38,4966.94"
2026-02-09 06:00:00+07:00,"4991.22,5047.14,4965.31,5035.97"
2026-02-09 07:00:00+07:00,"5036.07,5045.06,5012.19,5019.92"
2026-02-09 08:00:00+07:00,"5020.22,5041.86,4976.82,4983.04"
2026-02-09 09:00:00+07:00,"4983.03,5017.37,4969.75,5007.47"
2026-02-09 10:00:00+07:00,"5007.45,5030.91,5005.95,5016.54"
2026-02-09 11:00:00+07:00,"5016.5,5024.85,5007.88,5012.16"
2026-02-09 12:00:00+07:00,"5012.15,5041.24,5011.09,5036.56"
2026-02-09 13:00:00+07:00,"5036.59,5045.63,5014.22,5031.42"
2026-02-09 14:00:00+07:00,"5031.41,5031.41,4997.59,5006.21"
2026-02-09 15:00:00+07:00,"5006.28,5035.18,5003.1,5027.17"
2026-02-09 16:00:00+07:00,"5027.31,5040.92,5002.76,5007.86"
2026-02-09 17:00:00+07:00,"5007.85,5015.33,4982.54,4991.01"
2026-02-09 18:00:00+07:00,"4991,5018.22,4988.61,5010.9"
2026-02-09 19:00:00+07:00,"5010.91,5021.62,5007.59,5013.08"
2026-02-09 20:00:00+07:00,"5013.48,5024.76,4995.34,5007.35"
2026-02-09 21:00:00+07:00,"5007.36,5040.49,5002.95,5037.8"
2026-02-09 22:00:00+07:00,"5037.76,5060.47,5024.25,5059.14"
2026-02-09 23:00:00+07:00,"5059.16,5080.43,5057.11,5073.62"
2026-02-10 00:00:00+07:00,"5073.65,5075.68,5041.05,5046.07"
2026-02-10 01:00:00+07:00,"5045.99,5063.82,5044.33,5062.7"
2026-02-10 02:00:00+07:00,"5062.69,5080.19,5062.49,5074.79"
2026-02-10 03:00:00+07:00,"5074.9,5086.88,5072.36,5079.92"
2026-02-10 04:00:00+07:00,"5080.1,5083.3,5048.45,5059.51"
2026-02-10 06:00:00+07:00,"5068.1,5075.78,4988.56,5031.96"
2026-02-10 07:00:00+07:00,"5031.8,5046.88,5008.95,5018.75"
2026-02-10 08:00:00+07:00,"5018.67,5037.61,5012.24,5032.54"
2026-02-10 09:00:00+07:00,"5032.53,5056.5,5031.77,5038.43"
2026-02-10 10:00:00+07:00,"5038.14,5038.32,5016.46,5030.05"
2026-02-10 11:00:00+07:00,"5030.04,5033.9,5017.95,5031.64"
2026-02-10 12:00:00+07:00,"5031.65,5040.51,5011.46,5039.44"
2026-02-10 13:00:00+07:00,"5039.33,5045.5,5019.07,5024.21"
2026-02-10 14:00:00+07:00,"5024.72,5035.74,5018.68,5034.09"
2026-02-10 15:00:00+07:00,"5034.1,5054.51,5029.06,5041.9"
2026-02-10 16:00:00+07:00,"5041.85,5063.11,5040.3,5046.96"
2026-02-10 17:00:00+07:00,"5046.97,5057.98,5036.96,5046.89"
2026-02-10 18:00:00+07:00,"5046.84,5057.59,5044.31,5056.16"
2026-02-10 19:00:00+07:00,"5056.13,5057.34,5019.79,5032.17"
2026-02-10 20:00:00+07:00,"5032.19,5058.8,5027.06,5050.99"
2026-02-10 21:00:00+07:00,"5051.22,5078.56,5020.67,5039.59"
2026-02-10 22:00:00+07:00,"5039.33,5047.8,4999.43,5019.61"
2026-02-10 23:00:00+07:00,"5019.63,5026.31,5005.67,5023.82"
2026-02-11 00:00:00+07:00,"5023.78,5040.04,5020.56,5026.43"
2026-02-11 01:00:00+07:00,"5026.41,5027.99,5004.97,5013.27"
2026-02-11 02:00:00+07:00,"5013.25,5030.52,5009.04,5028.03"
2026-02-11 03:00:00+07:00,"5028.01,5045.47,5020.31,5030.04"
2026-02-11 04:00:00+07:00,"5030,5032.74,5020.29,5025.23"
2026-02-11 06:00:00+07:00,"5027.83,5054.76,5027.83,5042.08"
2026-02-11 07:00:00+07:00,"5042.11,5049.25,5028.18,5038.03"
2026-02-11 08:00:00+07:00,"5038.06,5053.19,5030.86,5052.07"
2026-02-11 09:00:00+07:00,"5052.21,5057.33,5032.66,5055.43"
2026-02-11 10:00:00+07:00,"5055.3,5061.19,5045.21,5054.57"
2026-02-11 11:00:00+07:00,"5054.51,5059.62,5045.99,5046.52"
2026-02-11 12:00:00+07:00,"5046.51,5064.12,5043.51,5052.5"
2026-02-11 13:00:00+07:00,"5052.49,5064.52,5049.28,5064.17"
2026-02-11 14:00:00+07:00,"5064.18,5069.22,5049.01,5055.35"
2026-02-11 15:00:00+07:00,"5055.36,5060.61,5045.76,5053.75"
2026-02-11 16:00:00+07:00,"5053.76,5072.06,5047.27,5062.69"
2026-02-11 17:00:00+07:00,"5062.71,5101.35,5062.34,5093.5"
2026-02-11 18:00:00+07:00,"5093.62,5116.64,5082.5,5112.1"
2026-02-11 19:00:00+07:00,"5112.11,5118.89,5050.59,5083.25"
2026-02-11 20:00:00+07:00,"5083.26,5089.77,5019.74,5065.81"
2026-02-11 21:00:00+07:00,"5065.79,5083.44,5036.08,5059.89"
2026-02-11 22:00:00+07:00,"5059.79,5081.85,5039.63,5060.47"
2026-02-11 23:00:00+07:00,"5060.46,5078.08,5043.3,5075.09"
2026-02-12 00:00:00+07:00,"5075.1,5098.94,5068.71,5091.55"
2026-02-12 01:00:00+07:00,"5091.56,5093.07,5066.85,5082.19"
2026-02-12 02:00:00+07:00,"5082.17,5094.23,5076.72,5082.25"
2026-02-12 03:00:00+07:00,"5082.26,5090.11,5078.64,5086.7"
2026-02-12 04:00:00+07:00,"5086.71,5093.06,5069.94,5084.27"
2026-02-12 06:00:00+07:00,"5096.09,5099.9,5053.3,5061.71"
2026-02-12 07:00:00+07:00,"5061.51,5067.71,5049.95,5062.88"
2026-02-12 08:00:00+07:00,"5062.85,5064.39,5045.27,5063.28"
2026-02-12 09:00:00+07:00,"5063.26,5072.39,5054.84,5065.86"
2026-02-12 10:00:00+07:00,"5065.67,5074.9,5055,5057.37"
2026-02-12 11:00:00+07:00,"5057.11,5070.11,5050.85,5069.37"
2026-02-12 12:00:00+07:00,"5069.38,5078.23,5064.46,5075.32"
2026-02-12 13:00:00+07:00,"5075.33,5076.33,5046.95,5060.04"
2026-02-12 14:00:00+07:00,"5060.03,5066,5051.96,5063.84"
2026-02-12 15:00:00+07:00,"5064.32,5073.74,5052.48,5068.66"
2026-02-12 16:00:00+07:00,"5068.68,5080.55,5066.02,5073.48"
2026-02-12 17:00:00+07:00,"5073.47,5077.41,5056.49,5062.16"
2026-02-12 18:00:00+07:00,"5062.17,5068.59,5059.48,5064.14"
2026-02-12 19:00:00+07:00,"5064.2,5068.57,5049.24,5052.94"
2026-02-12 20:00:00+07:00,"5052.89,5084,5051.66,5075.5"
2026-02-12 21:00:00+07:00,"5075.51,5077.85,5039.33,5044.09"
2026-02-12 22:00:00+07:00,"5044.08,5074.9,5039.72,5061.09"
2026-02-12 23:00:00+07:00,"5061.11,5068.38,4879.2,4954.45"
2026-02-13 00:00:00+07:00,"4954.43,4982.69,4939.76,4941.42"
2026-02-13 01:00:00+07:00,"4941.44,4952.31,4906.59,4936.01"
2026-02-13 02:00:00+07:00,"4936.02,4958.33,4928.36,4945.84"
2026-02-13 03:00:00+07:00,"4945.82,4948.59,4910.95,4914.58"
2026-02-13 04:00:00+07:00,"4914.75,4926.89,4911.76,4922.11"
2026-02-13 06:00:00+07:00,"4890.21,4928.49,4888.5,4920.35"
2026-02-13 07:00:00+07:00,"4920.17,4948.21,4913.65,4928.68"
2026-02-13 08:00:00+07:00,"4928.69,4988.88,4927.38,4980.87"
2026-02-13 09:00:00+07:00,"4980.82,4991.85,4972.31,4988.41"
2026-02-13 10:00:00+07:00,"4988.36,4989.18,4974.16,4981.7"
2026-02-13 11:00:00+07:00,"4981.66,4997.34,4972.84,4976.36"
2026-02-13 12:00:00+07:00,"4976.37,4986.58,4945.13,4946.66"
2026-02-13 13:00:00+07:00,"4946.67,4968.89,4945.88,4967"
2026-02-13 14:00:00+07:00,"4966.97,4982.84,4951.77,4975.36"
2026-02-13 15:00:00+07:00,"4975.37,4989.55,4971.35,4982.58"
2026-02-13 16:00:00+07:00,"4982.55,4983.06,4961.91,4970.07"
2026-02-13 17:00:00+07:00,"4970.06,4980.67,4947.41,4950.6"
2026-02-13 18:00:00+07:00,"4950.59,4955.55,4933.96,4953.55"
2026-02-13 19:00:00+07:00,"4953.56,4974.08,4952.07,4969.58"
2026-02-13 20:00:00+07:00,"4969.63,4999.78,4957.75,4986.78"
2026-02-13 21:00:00+07:00,"4986.75,5011.21,4964.61,4995.79"
2026-02-13 22:00:00+07:00,"4996.11,5020.48,4974.04,4976.96"
2026-02-13 23:00:00+07:00,"4976.97,5033.89,4975.71,5008.04"
2026-02-14 00:00:00+07:00,"5008.1,5029.32,5006.02,5020.58"
2026-02-14 01:00:00+07:00,"5020.79,5035.55,5016,5031.21"
2026-02-14 02:00:00+07:00,"5031.23,5046.07,5023.64,5023.74"
2026-02-14 03:00:00+07:00,"5023.75,5034.75,5021.5,5032.41"
2026-02-14 04:00:00+07:00,"5032.39,5045.67,5029.66,5042.22"
2026-02-16 06:00:00+07:00,"5035.24,5035.78,5009.57,5019.99"
2026-02-16 07:00:00+07:00,"5020,5023.03,5000.1,5015.9"
2026-02-16 08:00:00+07:00,"5015.89,5031.1,5007.18,5028.63"
2026-02-16 09:00:00+07:00,"5028.64,5031.18,4992.45,4994.75"
2026-02-16 10:00:00+07:00,"4994.5,5000.15,4974.16,4987.9"
2026-02-16 11:00:00+07:00,"4987.91,4992.13,4973.53,4977.97"
2026-02-16 12:00:00+07:00,"4977.99,4990.89,4965.12,4990.59"
2026-02-16 13:00:00+07:00,"4990.54,5002.99,4984.76,4994.8"
2026-02-16 14:00:00+07:00,"4994.79,5010.14,4989.21,5006.95"
2026-02-16 15:00:00+07:00,"5006.97,5013.39,4995.74,5008.22"
2026-02-16 16:00:00+07:00,"5008.29,5017.54,5007.92,5013.73"
2026-02-16 17:00:00+07:00,"5013.76,5017.34,5000.22,5006.16"
2026-02-16 18:00:00+07:00,"5006.15,5008.32,4998.91,5004.15"
2026-02-16 19:00:00+07:00,"5004.14,5008.19,4993.02,5002.08"
2026-02-16 20:00:00+07:00,"5002.1,5004.02,4990.17,4997.5"
2026-02-16 21:00:00+07:00,"4997.55,4999.64,4981.86,4988.58"
2026-02-16 22:00:00+07:00,"4988.53,4988.53,4969.07,4979.61"
2026-02-16 23:00:00+07:00,"4979.62,4990.26,4973.16,4987.99"
2026-02-17 00:00:00+07:00,"4988,4996.15,4987.99,4991.52"
2026-02-17 01:00:00+07:00,"4991.86,4997.87,4988.75,4994.88"
2026-02-17 02:00:00+07:00,"4994.89,4996.32,4990.4,4992.29"
2026-02-17 06:00:00+07:00,"4992.09,5000.67,4985.3,4989.51"
2026-02-17 07:00:00+07:00,"4989.6,4991.61,4932.7,4936"
2026-02-17 08:00:00+07:00,"4935.99,4964.09,4923.29,4957.46"
2026-02-17 09:00:00+07:00,"4957.31,4971.41,4954.77,4966.71"
2026-02-17 10:00:00+07:00,"4966.66,4969.89,4950.13,4956.6"
2026-02-17 11:00:00+07:00,"4956.59,4960.45,4946.75,4952.99"
2026-02-17 12:00:00+07:00,"4952.97,4954.31,4858.94,4888.71"
2026-02-17 13:00:00+07:00,"4888.95,4914.27,4886.64,4910.27"
2026-02-17 14:00:00+07:00,"4910.33,4921.93,4904,4916.98"
2026-02-17 15:00:00+07:00,"4916.97,4930.35,4915.98,4920.65"
2026-02-17 16:00:00+07:00,"4920.66,4932.71,4913.33,4925.93"
2026-02-17 17:00:00+07:00,"4925.9,4939.42,4908.24,4913.52"
2026-02-17 18:00:00+07:00,"4913.53,4931.02,4913.02,4929.06"
2026-02-17 19:00:00+07:00,"4929.01,4944.08,4928.34,4932.14"
2026-02-17 20:00:00+07:00,"4932.01,4933.4,4870.36,4871.16"
2026-02-17 21:00:00+07:00,"4871.15,4906.82,4843.94,4863.69"
2026-02-17 22:00:00+07:00,"4863.66,4882.41,4849.47,4878.62"
2026-02-17 23:00:00+07:00,"4878.67,4893.6,4868.52,4869.31"
2026-02-18 00:00:00+07:00,"4869.29,4871.52,4850.31,4865.23"
2026-02-18 01:00:00+07:00,"4865.24,4909.96,4862.65,4898.93"
2026-02-18 02:00:00+07:00,"4898.92,4901.26,4876.52,4880.51"
2026-02-18 03:00:00+07:00,"4880.43,4884.07,4873.26,4878.09"
2026-02-18 04:00:00+07:00,"4878.08,4886.99,4875.17,4878.76"
2026-02-18 06:00:00+07:00,"4872.66,4884.53,4854.19,4859.43"
2026-02-18 07:00:00+07:00,"4859.5,4882.95,4858.06,4874.9"
2026-02-18 08:00:00+07:00,"4874.88,4892.7,4874.48,4890.06"
2026-02-18 09:00:00+07:00,"4890,4907.61,4886.73,4904.93"
2026-02-18 10:00:00+07:00,"4905.17,4922.34,4904.54,4920.75"
2026-02-18 11:00:00+07:00,"4920.74,4940.83,4918.2,4933.67"
2026-02-18 12:00:00+07:00,"4933.69,4940.05,4929.76,4933.19"
2026-02-18 13:00:00+07:00,"4933.28,4936.29,4925.13,4930.69"
2026-02-18 14:00:00+07:00,"4930.7,4942.33,4929.15,4930.52"
2026-02-18 15:00:00+07:00,"4930.61,4932.35,4916.65,4917.44"
2026-02-18 16:00:00+07:00,"4917.15,4923.23,4913.1,4917.31"
2026-02-18 17:00:00+07:00,"4917.59,4924.68,4909.35,4914.52"
2026-02-18 18:00:00+07:00,"4914.51,4917.9,4906.37,4913.18"
2026-02-18 19:00:00+07:00,"4913.19,4947.05,4912.09,4943.45"
2026-02-18 20:00:00+07:00,"4943.47,4968.7,4943.34,4954.4"
2026-02-18 21:00:00+07:00,"4954.42,4994.1,4952.44,4991.71"
2026-02-18 22:00:00+07:00,"4991.57,5008.91,4991.57,4997.79"
2026-02-18 23:00:00+07:00,"4997.83,5010.9,4991.35,5000.21"
2026-02-19 00:00:00+07:00,"5000.22,5001.86,4993.31,4999.37"
2026-02-19 01:00:00+07:00,"4999.43,5003.46,4980.7,4987.66"
2026-02-19 02:00:00+07:00,"4987.68,4995.41,4972.98,4980.84"
2026-02-19 03:00:00+07:00,"4980.86,4987.77,4975.4,4985.18"
2026-02-19 04:00:00+07:00,"4985.07,4986.47,4975.79,4976.61"
2026-02-19 06:00:00+07:00,"4977.46,4989,4959.8,4975.79"
2026-02-19 07:00:00+07:00,"4975.85,4976.29,4960.75,4961.68"
2026-02-19 08:00:00+07:00,"4961.67,4975.87,4960.77,4972.93"
2026-02-19 09:00:00+07:00,"4972.9,4977.61,4965.83,4968.22"
2026-02-19 10:00:00+07:00,"4968.36,4983.39,4966.17,4981.97"
2026-02-19 11:00:00+07:00,"4981.85,4985.5,4976.77,4984.05"
2026-02-19 12:00:00+07:00,"4984.15,4998.49,4984.05,4996.99"
2026-02-19 13:00:00+07:00,"4996.98,5020.22,4996.47,5018.36"
2026-02-19 14:00:00+07:00,"5018.29,5021.95,5009.21,5010.39"
2026-02-19 15:00:00+07:00,"5010.35,5022.19,5006.27,5017.39"
2026-02-19 16:00:00+07:00,"5017.47,5020.46,4993.04,4995.89"
2026-02-19 17:00:00+07:00,"4995.86,4996.42,4981.82,4993.15"
2026-02-19 18:00:00+07:00,"4993.02,4996.43,4978.13,4984.64"
2026-02-19 19:00:00+07:00,"4984.63,4993.04,4980.47,4984.88"
2026-02-19 20:00:00+07:00,"4984.91,4998.31,4972.38,4997.02"
2026-02-19 21:00:00+07:00,"4996.99,5010.42,4963.89,5005.76"
2026-02-19 22:00:00+07:00,"5005.77,5022.3,4996.29,5013.75"
2026-02-19 23:00:00+07:00,"5013.74,5014.21,4990.24,4995.27"
2026-02-20 00:00:00+07:00,"4995.3,5001.84,4982.81,4985.06"
2026-02-20 01:00:00+07:00,"4985.3,4989.12,4975.31,4981.79"
2026-02-20 02:00:00+07:00,"4981.76,4990.48,4978.4,4988.15"
2026-02-20 03:00:00+07:00,"4988.16,5003.57,4988.07,5002.03"
2026-02-20 04:00:00+07:00,"5002.18,5004.21,4992.17,4996.28"
2026-02-20 06:00:00+07:00,"5003.98,5007.88,4985.56,4987.99"
2026-02-20 07:00:00+07:00,"4988,5007.1,4985.92,5006.23"
2026-02-20 08:00:00+07:00,"5006.24,5014.9,4995.4,4997.06"
2026-02-20 09:00:00+07:00,"4997,5007.34,4992.73,4996.28"
2026-02-20 10:00:00+07:00,"4996.25,4999.46,4981.79,4988.17"
2026-02-20 11:00:00+07:00,"4988.19,5003.06,4986.76,4999.9"
2026-02-20 12:00:00+07:00,"4999.91,5011.99,4997.93,5011.83"
2026-02-20 13:00:00+07:00,"5011.78,5030.27,5011.78,5020.79"
2026-02-20 14:00:00+07:00,"5020.74,5028.49,5006.19,5006.43"
2026-02-20 15:00:00+07:00,"5006.47,5030.76,5005.06,5028.91"
2026-02-20 16:00:00+07:00,"5029.1,5042.53,5027.78,5027.92"
2026-02-20 17:00:00+07:00,"5028.02,5038.7,5019.64,5034.74"
2026-02-20 18:00:00+07:00,"5034.73,5034.92,5015.94,5017.54"
2026-02-20 19:00:00+07:00,"5017.55,5026.8,5007.53,5025.38"
2026-02-20 20:00:00+07:00,"5025.4,5048.55,5018.32,5043.66"
2026-02-20 21:00:00+07:00,"5043.65,5060.34,5037.06,5054.26"
2026-02-20 22:00:00+07:00,"5054.32,5064.13,4989.71,5043.01"
2026-02-20 23:00:00+07:00,"5043.03,5068.9,5038.91,5066.45"
2026-02-21 00:00:00+07:00,"5066.57,5076.25,5054.69,5072.97"
2026-02-21 01:00:00+07:00,"5072.95,5075.2,5054.76,5071.53"
2026-02-21 02:00:00+07:00,"5071.55,5079.95,5068.99,5079.62"
2026-02-21 03:00:00+07:00,"5079.61,5098.07,5076.87,5096.64"
2026-02-21 04:00:00+07:00,"5096.61,5107.42,5091.5,5106.91"
2026-02-23 06:00:00+07:00,"5109.77,5172.05,5107.74,5165.09"
2026-02-23 07:00:00+07:00,"5165.29,5166.77,5129.41,5144.59"
2026-02-23 08:00:00+07:00,"5144.6,5167.83,5139.94,5157.47"
2026-02-23 09:00:00+07:00,"5157.34,5176.71,5156.85,5173.68"
2026-02-23 10:00:00+07:00,"5173.67,5176.16,5152.1,5166.8"
2026-02-23 11:00:00+07:00,"5166.79,5168.81,5155.7,5160.85"
2026-02-23 12:00:00+07:00,"5160.81,5161.62,5152.12,5158.36"
2026-02-23 13:00:00+07:00,"5158.37,5161.56,5145.04,5145.88"
2026-02-23 14:00:00+07:00,"5145.8,5154.46,5125.02,5136.76"
2026-02-23 15:00:00+07:00,"5136.72,5142.45,5121.97,5140.32"
2026-02-23 16:00:00+07:00,"5140.33,5150.19,5139.09,5149.58"
2026-02-23 17:00:00+07:00,"5149.56,5163.65,5145.07,5163.01"
2026-02-23 18:00:00+07:00,"5163,5163.52,5146.5,5149.74"
2026-02-23 19:00:00+07:00,"5149.71,5165.52,5145.47,5163.92"
2026-02-23 20:00:00+07:00,"5163.84,5165.43,5143.44,5146.32"
2026-02-23 21:00:00+07:00,"5146.33,5200.75,5141.33,5192.43"
2026-02-23 22:00:00+07:00,"5192.43,5205.15,5180.51,5196.17"
2026-02-23 23:00:00+07:00,"5196.19,5219.42,5174.99,5210.08"
2026-02-24 00:00:00+07:00,"5210.04,5213.7,5191.07,5207.9"
2026-02-24 01:00:00+07:00,"5207.91,5215.83,5201.13,5209.64"
2026-02-24 02:00:00+07:00,"5209.66,5218.54,5206.55,5215.71"
2026-02-24 03:00:00+07:00,"5215.7,5237.95,5214.82,5236.4"
2026-02-24 04:00:00+07:00,"5236.38,5237.58,5226.18,5227.67"
2026-02-24 06:00:00+07:00,"5231.57,5249.96,5230.52,5235.69"
2026-02-24 07:00:00+07:00,"5235.75,5238.25,5217.15,5224.08"
2026-02-24 08:00:00+07:00,"5224.1,5224.32,5144.84,5177.42"
2026-02-24 09:00:00+07:00,"5177.47,5191.03,5165.42,5189.88"
2026-02-24 10:00:00+07:00,"5189.87,5191.94,5171.1,5172.12"
2026-02-24 11:00:00+07:00,"5172.04,5175.17,5160.88,5168.23"
2026-02-24 12:00:00+07:00,"5168.24,5185.8,5164.05,5182.63"
2026-02-24 13:00:00+07:00,"5182.67,5184.75,5155.42,5173.63"
2026-02-24 14:00:00+07:00,"5173.61,5183.99,5164.19,5179.4"
2026-02-24 15:00:00+07:00,"5179.38,5182.04,5165.05,5173.55"
2026-02-24 16:00:00+07:00,"5173.54,5180.39,5166.53,5171.51"
2026-02-24 17:00:00+07:00,"5171.5,5181.37,5163.05,5172.85"
2026-02-24 18:00:00+07:00,"5172.87,5178.53,5171.05,5172.62"
2026-02-24 19:00:00+07:00,"5172.6,5173.48,5144.51,5150.67"
2026-02-24 20:00:00+07:00,"5150.59,5161.37,5110.38,5114.94"
2026-02-24 21:00:00+07:00,"5114.93,5139.49,5091.25,5128.67"
2026-02-24 22:00:00+07:00,"5128.68,5155.43,5118,5150.47"
2026-02-24 23:00:00+07:00,"5150.46,5152.41,5130.72,5141.91"
2026-02-25 00:00:00+07:00,"5142,5164,5141.69,5163.86"
2026-02-25 01:00:00+07:00,"5163.86,5170.19,5153.31,5160.13"
2026-02-25 02:00:00+07:00,"5160.09,5160.54,5146.31,5154.13"
2026-02-25 03:00:00+07:00,"5154.14,5173.25,5146.74,5164.01"
2026-02-25 04:00:00+07:00,"5164.08,5165.83,5138.18,5141.97"
2026-02-25 06:00:00+07:00,"5140.93,5152.62,5119.26,5146.46"
2026-02-25 07:00:00+07:00,"5146.52,5157.11,5136.99,5152.39"
2026-02-25 08:00:00+07:00,"5152.4,5190.02,5144.06,5176.81"
2026-02-25 09:00:00+07:00,"5176.79,5194.11,5166.66,5180.58"
2026-02-25 10:00:00+07:00,"5180.59,5190.02,5178.08,5182.01"
2026-02-25 11:00:00+07:00,"5181.97,5185.21,5172.27,5182.78"
2026-02-25 12:00:00+07:00,"5182.73,5210.66,5182.73,5201.87"
2026-02-25 13:00:00+07:00,"5201.88,5201.91,5182.67,5194.78"
2026-02-25 14:00:00+07:00,"5194.77,5195.21,5180.38,5184.72"
2026-02-25 15:00:00+07:00,"5184.7,5197.47,5184.2,5185.48"
2026-02-25 16:00:00+07:00,"5185.42,5194.69,5175.37,5193.24"
2026-02-25 17:00:00+07:00,"5193.23,5195.25,5169.76,5175.1"
2026-02-25 18:00:00+07:00,"5175.11,5182.47,5155.03,5181.57"
2026-02-25 19:00:00+07:00,"5181.55,5187.51,5177.3,5183"
2026-02-25 20:00:00+07:00,"5182.99,5191.45,5181.05,5185.13"
2026-02-25 21:00:00+07:00,"5185.1,5193.51,5158.82,5191.38"
2026-02-25 22:00:00+07:00,"5191.37,5202.67,5172.25,5194.8"
2026-02-25 23:00:00+07:00,"5194.79,5213.94,5189.76,5212.15"
2026-02-26 00:00:00+07:00,"5212.23,5217.68,5203.6,5207.03"
2026-02-26 01:00:00+07:00,"5206.96,5207.66,5200.6,5202.04"
2026-02-26 02:00:00+07:00,"5202.08,5209.05,5191.54,5205.14"
2026-02-26 03:00:00+07:00,"5205.15,5206.37,5146.03,5152.15"
2026-02-26 04:00:00+07:00,"5152.17,5173.52,5150.15,5164.84"
2026-02-26 06:00:00+07:00,"5165.41,5182.16,5161.03,5163.01"
2026-02-26 07:00:00+07:00,"5163.08,5192.03,5154.51,5188.29"
2026-02-26 08:00:00+07:00,"5188.28,5198.78,5178.56,5191.65"
2026-02-26 09:00:00+07:00,"5191.64,5195.49,5174.19,5184.47"
2026-02-26 10:00:00+07:00,"5184.46,5193.86,5183.05,5192.64"
2026-02-26 11:00:00+07:00,"5192.54,5198.82,5190.44,5192.73"
2026-02-26 12:00:00+07:00,"5192.74,5206.18,5190.21,5198.25"
2026-02-26 13:00:00+07:00,"5198.27,5199.72,5190.42,5193.34"
2026-02-26 14:00:00+07:00,"5193.35,5194.85,5179.77,5185.99"
2026-02-26 15:00:00+07:00,"5186.01,5190.93,5167.5,5179.38"
2026-02-26 16:00:00+07:00,"5179.36,5189.57,5173.81,5186.49"
2026-02-26 17:00:00+07:00,"5186.48,5190.05,5165.38,5171.35"
2026-02-26 18:00:00+07:00,"5171.32,5178.32,5161.13,5164.77"
2026-02-26 19:00:00+07:00,"5164.79,5187.85,5157.68,5183.8"
2026-02-26 20:00:00+07:00,"5183.78,5185.56,5164.27,5166.18"
2026-02-26 21:00:00+07:00,"5166.16,5176.3,5140.37,5164.88"
2026-02-26 22:00:00+07:00,"5164.86,5192.78,5129.55,5185.85"
2026-02-26 23:00:00+07:00,"5185.9,5187.38,5172.98,5179.69"
2026-02-27 00:00:00+07:00,"5179.7,5190.61,5161.98,5167.29"
2026-02-27 01:00:00+07:00,"5167.26,5185.88,5160.18,5180.26"
2026-02-27 02:00:00+07:00,"5180.4,5194.05,5179.47,5187.07"
2026-02-27 03:00:00+07:00,"5187.06,5200.95,5186.81,5196.58"
2026-02-27 04:00:00+07:00,"5196.54,5201.02,5182.85,5184.03"
2026-02-27 06:00:00+07:00,"5188.49,5189.36,5175.48,5184.55"
2026-02-27 07:00:00+07:00,"5184.61,5195.09,5170.07,5175.07"
2026-02-27 08:00:00+07:00,"5175.06,5194.51,5166.4,5194.04"
2026-02-27 09:00:00+07:00,"5194.03,5199.72,5173.66,5183.6"
2026-02-27 10:00:00+07:00,"5183.54,5190.86,5180.87,5184.17"
2026-02-27 11:00:00+07:00,"5184.16,5188.97,5180.5,5181.72"
2026-02-27 12:00:00+07:00,"5181.71,5200.57,5181.44,5197.91"
2026-02-27 13:00:00+07:00,"5197.9,5199.16,5185,5185.72"
2026-02-27 14:00:00+07:00,"5185.7,5189.74,5175.59,5176.12"
2026-02-27 15:00:00+07:00,"5176.3,5182.38,5174.23,5178.74"
2026-02-27 16:00:00+07:00,"5178.76,5182.78,5172.17,5176.11"
2026-02-27 17:00:00+07:00,"5176.05,5181.09,5168.38,5177.74"
2026-02-27 18:00:00+07:00,"5177.73,5185.7,5172.52,5185.63"
2026-02-27 19:00:00+07:00,"5185.64,5190.72,5183.01,5187.54"
2026-02-27 20:00:00+07:00,"5187.66,5240.72,5186.69,5223.02"
2026-02-27 21:00:00+07:00,"5222.98,5236.47,5213.87,5223.66"
2026-02-27 22:00:00+07:00,"5223.68,5247.01,5214.66,5239.57"
2026-02-27 23:00:00+07:00,"5239.58,5257.74,5221.94,5229.19"
2026-02-28 00:00:00+07:00,"5229.21,5236.99,5219.42,5234.7"
2026-02-28 01:00:00+07:00,"5234.68,5246.91,5222.56,5245.33"
2026-02-28 02:00:00+07:00,"5245.34,5252.44,5240.21,5250.07"
2026-02-28 03:00:00+07:00,"5250.09,5265.55,5248.62,5263.37"
2026-02-28 04:00:00+07:00,"5263.31,5281.54,5257.18,5278.07"
2026-03-02 06:00:00+07:00,"5316.6,5393.67,5304.57,5386.9"
2026-03-02 07:00:00+07:00,"5386.96,5388.21,5340.59,5347.61"
2026-03-02 08:00:00+07:00,"5347.6,5347.8,5302.67,5324.99"
2026-03-02 09:00:00+07:00,"5324.95,5351.79,5316.9,5346.68"
2026-03-02 10:00:00+07:00,"5346.77,5366.85,5344.52,5366.43"
2026-03-02 11:00:00+07:00,"5366.44,5367.25,5344.64,5356.02"
2026-03-02 12:00:00+07:00,"5356.02,5366.18,5340.97,5366.02"
2026-03-02 13:00:00+07:00,"5366.04,5389.92,5363.7,5387.68"
2026-03-02 14:00:00+07:00,"5387.87,5419.37,5384.73,5408.41"
2026-03-02 15:00:00+07:00,"5408.41,5416.94,5391.36,5394.13"
2026-03-02 16:00:00+07:00,"5394.1,5402.64,5385.76,5392.16"
2026-03-02 17:00:00+07:00,"5392.18,5401.08,5379.13,5389.71"
2026-03-02 18:00:00+07:00,"5389.28,5399.92,5373.5,5385.24"
2026-03-02 19:00:00+07:00,"5385.32,5398.88,5379.17,5397.08"
2026-03-02 20:00:00+07:00,"5397.09,5417.61,5381.69,5394"
2026-03-02 21:00:00+07:00,"5394.01,5395.37,5306.12,5333.77"
2026-03-02 22:00:00+07:00,"5333.76,5348.86,5308.07,5315.42"
2026-03-02 23:00:00+07:00,"5315.38,5315.43,5260.18,5290.13"
2026-03-03 00:00:00+07:00,"5290.12,5320.71,5286.57,5306.93"
2026-03-03 01:00:00+07:00,"5306.91,5316.78,5289.17,5315.55"
2026-03-03 02:00:00+07:00,"5315.58,5334.25,5313.87,5330.46"
2026-03-03 03:00:00+07:00,"5330.47,5346.5,5328.07,5332.53"
2026-03-03 04:00:00+07:00,"5332.59,5340.52,5321.24,5321.52"
2026-03-03 06:00:00+07:00,"5334.61,5346.91,5328.53,5346.09"
2026-03-03 07:00:00+07:00,"5346.03,5362.15,5336.98,5350.33"
2026-03-03 08:00:00+07:00,"5350.34,5379.96,5338.2,5339.75"
2026-03-03 09:00:00+07:00,"5339.77,5368.18,5332.84,5367.03"
2026-03-03 10:00:00+07:00,"5367.04,5373.73,5358.9,5367.41"
2026-03-03 11:00:00+07:00,"5367.41,5375.7,5359.28,5361.66"
2026-03-03 12:00:00+07:00,"5361.64,5367.14,5305.21,5319.16"
2026-03-03 13:00:00+07:00,"5319.18,5323.17,5279.23,5310.79"
2026-03-03 14:00:00+07:00,"5310.31,5331.19,5306.07,5327.72"
2026-03-03 15:00:00+07:00,"5327.73,5336.14,5290.3,5295.76"
2026-03-03 16:00:00+07:00,"5295.74,5303.82,5225.59,5274.95"
2026-03-03 17:00:00+07:00,"5274.97,5288.04,5238.05,5248.24"
2026-03-03 18:00:00+07:00,"5248.22,5264.2,5073.59,5144.57"
2026-03-03 19:00:00+07:00,"5144.58,5226.92,5138.54,5224.54"
2026-03-03 20:00:00+07:00,"5224.43,5224.67,5126.89,5156.56"
2026-03-03 21:00:00+07:00,"5156.52,5175.97,5016.1,5039.23"
2026-03-03 22:00:00+07:00,"5039.38,5097.05,4995.75,5095.45"
2026-03-03 23:00:00+07:00,"5095.46,5135.32,5090.19,5107.56"
2026-03-04 00:00:00+07:00,"5107.67,5110.01,5065.13,5079.3"
2026-03-04 01:00:00+07:00,"5079.31,5138.37,5079.17,5136"
2026-03-04 02:00:00+07:00,"5135.99,5149.01,5099.2,5113.26"
2026-03-04 03:00:00+07:00,"5113.27,5130.68,5086.21,5097.37"
2026-03-04 04:00:00+07:00,"5097.17,5110.37,5083.41,5087.68"
2026-03-04 06:00:00+07:00,"5109.81,5129.9,5084.47,5125.28"
2026-03-04 07:00:00+07:00,"5125.29,5140.46,5105.48,5138.71"
2026-03-04 08:00:00+07:00,"5138.7,5178.72,5138.67,5175.11"
2026-03-04 09:00:00+07:00,"5175.1,5190.95,5153.94,5156.48"
2026-03-04 10:00:00+07:00,"5156.49,5177.51,5140.81,5174.61"
2026-03-04 11:00:00+07:00,"5174.57,5180.8,5151.74,5156.93"
2026-03-04 12:00:00+07:00,"5156.93,5168.23,5152.06,5160.17"
2026-03-04 13:00:00+07:00,"5160.17,5160.48,5120.13,5160.22"
2026-03-04 14:00:00+07:00,"5160.82,5176.18,5158.43,5168.26"
2026-03-04 15:00:00+07:00,"5168.37,5182.04,5147.56,5167.56"
2026-03-04 16:00:00+07:00,"5167.56,5185.11,5159,5182.35"
2026-03-04 17:00:00+07:00,"5182.37,5202.44,5179.26,5189.98"
2026-03-04 18:00:00+07:00,"5190.08,5201,5187.55,5192.11"
2026-03-04 19:00:00+07:00,"5192.15,5206.23,5156.24,5171.22"
2026-03-04 20:00:00+07:00,"5171.26,5196.43,5167.33,5168.08"
2026-03-04 21:00:00+07:00,"5168.08,5184.88,5137.61,5146.85"
2026-03-04 22:00:00+07:00,"5145.71,5167.22,5130.95,5151.37"
2026-03-04 23:00:00+07:00,"5151.35,5162.92,5138.28,5149.7"
2026-03-05 00:00:00+07:00,"5149.73,5153.14,5120.17,5141.09"
2026-03-05 01:00:00+07:00,"5141.06,5143.58,5109.15,5133.52"
2026-03-05 02:00:00+07:00,"5133.71,5139.69,5123.37,5137.78"
2026-03-05 03:00:00+07:00,"5137.74,5147.02,5123.56,5134.66"
2026-03-05 04:00:00+07:00,"5134.63,5143.7,5129.57,5139.3"
2026-03-05 06:00:00+07:00,"5150.23,5166.26,5144.1,5165.19"
2026-03-05 07:00:00+07:00,"5165.23,5179.96,5159.42,5172.72"
2026-03-05 08:00:00+07:00,"5172.74,5186.99,5167.15,5172.57"
2026-03-05 09:00:00+07:00,"5172.48,5192.47,5171.56,5191.92"
2026-03-05 10:00:00+07:00,"5191.91,5195.16,5178.32,5180.13"
2026-03-05 11:00:00+07:00,"5180.14,5186.73,5166.29,5171.52"
2026-03-05 12:00:00+07:00,"5171.65,5176.88,5148.15,5148.7"
2026-03-05 13:00:00+07:00,"5148.87,5168.88,5120.6,5167.66"
2026-03-05 14:00:00+07:00,"5167.65,5172.76,5158.96,5162.23"
2026-03-05 15:00:00+07:00,"5161.9,5170.25,5137.36,5165.58"
2026-03-05 16:00:00+07:00,"5165.58,5180.61,5151.74,5161.09"
2026-03-05 17:00:00+07:00,"5161.08,5167.6,5146.21,5164.53"
2026-03-05 18:00:00+07:00,"5164.61,5168.12,5156.92,5163.92"
2026-03-05 19:00:00+07:00,"5163.94,5171.72,5160.59,5162.61"
2026-03-05 20:00:00+07:00,"5162.63,5164.09,5080.38,5118.18"
2026-03-05 21:00:00+07:00,"5118.14,5130.12,5090.6,5101.78"
2026-03-05 22:00:00+07:00,"5101.74,5120.16,5059.22,5102.52"
2026-03-05 23:00:00+07:00,"5102.53,5104.59,5053.58,5077.7"
2026-03-06 00:00:00+07:00,"5077.71,5089.53,5054.87,5062.88"
2026-03-06 01:00:00+07:00,"5062.53,5085.5,5050.42,5069.39"
2026-03-06 02:00:00+07:00,"5069.47,5081.41,5055.72,5066.02"
2026-03-06 03:00:00+07:00,"5066.03,5095,5061.56,5076.62"
2026-03-06 04:00:00+07:00,"5076.64,5085.2,5071.83,5083.64"
2026-03-06 06:00:00+07:00,"5084.41,5101.89,5081.82,5086.45"
2026-03-06 07:00:00+07:00,"5086.34,5092.3,5073.69,5084.51"
2026-03-06 08:00:00+07:00,"5084.51,5144.72,5065.41,5134.68"
2026-03-06 09:00:00+07:00,"5134.68,5138.73,5122.01,5126.37"
2026-03-06 10:00:00+07:00,"5126.35,5142.01,5124.41,5131.09"
2026-03-06 11:00:00+07:00,"5131.08,5136.51,5126.35,5127.64"
2026-03-06 12:00:00+07:00,"5127.55,5130.12,5114.2,5117.26"
2026-03-06 13:00:00+07:00,"5117.33,5122.96,5109.17,5115.84"
2026-03-06 14:00:00+07:00,"5115.86,5120.77,5105.76,5119.67"
2026-03-06 15:00:00+07:00,"5119.69,5123.19,5096.21,5108.7"
2026-03-06 16:00:00+07:00,"5108.77,5109.6,5083.25,5085.76"
2026-03-06 17:00:00+07:00,"5085.77,5093.88,5075.75,5091.17"
2026-03-06 18:00:00+07:00,"5091.2,5100.12,5061.73,5077.05"
2026-03-06 19:00:00+07:00,"5077.06,5096.78,5076.21,5083.33"
2026-03-06 20:00:00+07:00,"5083.31,5131.58,5065.34,5085.2"
2026-03-06 21:00:00+07:00,"5085.26,5132.3,5081.4,5130.4"
2026-03-06 22:00:00+07:00,"5130.4,5171.94,5127.27,5141.83"
2026-03-06 23:00:00+07:00,"5141.85,5153.23,5125.15,5139.8"
2026-03-07 00:00:00+07:00,"5139.87,5152.47,5128.94,5140.71"
2026-03-07 01:00:00+07:00,"5140.7,5167.79,5138.75,5160.99"
2026-03-07 02:00:00+07:00,"5161.07,5174.77,5156.73,5159.8"
2026-03-07 03:00:00+07:00,"5159.75,5162.53,5149.42,5153.45"
2026-03-07 04:00:00+07:00,"5152.99,5176.46,5150.84,5171.49"
2026-03-09 05:00:00+07:00,"5190.59,5192.82,5103.79,5130.21"
2026-03-09 06:00:00+07:00,"5130.21,5136.25,5044.37,5076.49"
2026-03-09 07:00:00+07:00,"5076.38,5081.22,5028.67,5049.86"
2026-03-09 08:00:00+07:00,"5049.78,5087.92,5014.98,5070.2"
2026-03-09 09:00:00+07:00,"5070.22,5099.28,5055.25,5094.69"
2026-03-09 10:00:00+07:00,"5094.7,5102.58,5081.34,5091.36"
2026-03-09 11:00:00+07:00,"5091.37,5097.24,5085.37,5090.12"
2026-03-09 12:00:00+07:00,"5090.13,5140.55,5080.83,5124.34"
2026-03-09 13:00:00+07:00,"5124.31,5133.96,5096.89,5098"
2026-03-09 14:00:00+07:00,"5097.99,5107.89,5088.16,5099.07"
2026-03-09 15:00:00+07:00,"5099.06,5110.85,5087.02,5096.49"
2026-03-09 16:00:00+07:00,"5096.48,5132.5,5095.11,5105.22"
2026-03-09 17:00:00+07:00,"5105.21,5111.14,5084.3,5087.29"
2026-03-09 18:00:00+07:00,"5087.28,5097.3,5079.63,5088.07"
2026-03-09 19:00:00+07:00,"5088.19,5112.28,5088.19,5094.9"
2026-03-09 20:00:00+07:00,"5094.91,5111.5,5067.28,5074.24"
2026-03-09 21:00:00+07:00,"5074.22,5116.24,5060.61,5093.95"
2026-03-09 22:00:00+07:00,"5093.93,5103.52,5079.1,5099.55"
2026-03-09 23:00:00+07:00,"5099.58,5110.71,5094.73,5104.79"
2026-03-10 00:00:00+07:00,"5104.81,5106.94,5088.94,5095.98"
2026-03-10 01:00:00+07:00,"5095.95,5126.5,5092.52,5123.27"
2026-03-10 02:00:00+07:00,"5123.3,5144.81,5118.43,5141.15"
2026-03-10 03:00:00+07:00,"5141.33,5148.17,5134.16,5138.56"
2026-03-10 05:00:00+07:00,"5149.54,5153.48,5117.31,5152.57"
2026-03-10 06:00:00+07:00,"5152.76,5156.22,5135.14,5139.63"
2026-03-10 07:00:00+07:00,"5139.55,5141.27,5124.98,5131.27"
2026-03-10 08:00:00+07:00,"5131.27,5186.44,5124.29,5184.24"
2026-03-10 09:00:00+07:00,"5184.24,5187.05,5163.71,5166.08"
2026-03-10 10:00:00+07:00,"5166.07,5173.53,5155.69,5157.68"
2026-03-10 11:00:00+07:00,"5157.67,5166.59,5154.43,5163.87"
2026-03-10 12:00:00+07:00,"5163.86,5179.38,5163.84,5177.99"
2026-03-10 13:00:00+07:00,"5177.97,5180.84,5171.85,5175.22"
2026-03-10 14:00:00+07:00,"5175.2,5181.87,5158.49,5181.16"
2026-03-10 15:00:00+07:00,"5181.16,5195.22,5175.04,5183.46"
2026-03-10 16:00:00+07:00,"5183.48,5189.55,5180.56,5182.7"
2026-03-10 17:00:00+07:00,"5182.69,5184.07,5156.39,5177.25"
2026-03-10 18:00:00+07:00,"5177.23,5192,5171.91,5175.19"
2026-03-10 19:00:00+07:00,"5175.21,5189.57,5162.3,5186.93"
2026-03-10 20:00:00+07:00,"5186.91,5228.94,5185.84,5205.67"
2026-03-10 21:00:00+07:00,"5205.68,5214.47,5184,5206.77"
2026-03-10 22:00:00+07:00,"5206.74,5238.72,5203.21,5228.59"
2026-03-10 23:00:00+07:00,"5228.6,5235.79,5222.51,5227.59"
2026-03-11 00:00:00+07:00,"5227.58,5235.57,5223.4,5227.68"
2026-03-11 01:00:00+07:00,"5227.69,5228.16,5161.01,5191.85"
2026-03-11 02:00:00+07:00,"5191.87,5207.69,5179.53,5198.69"
2026-03-11 03:00:00+07:00,"5197.98,5199.16,5188.85,5189"
2026-03-11 05:00:00+07:00,"5189.7,5197.65,5183.25,5189.28"
2026-03-11 06:00:00+07:00,"5189.2,5197.61,5187.72,5197.27"
2026-03-11 07:00:00+07:00,"5197.28,5219.39,5186.67,5215.51"
2026-03-11 08:00:00+07:00,"5215.38,5223.48,5208.29,5208.53"
2026-03-11 09:00:00+07:00,"5208.44,5220.59,5194.16,5217.39"
2026-03-11 10:00:00+07:00,"5217.39,5220.44,5199.44,5203.47"
2026-03-11 11:00:00+07:00,"5203.41,5208.65,5199.44,5204.48"
2026-03-11 12:00:00+07:00,"5204.5,5208.28,5190.59,5199.71"
2026-03-11 13:00:00+07:00,"5199.72,5210.75,5191.38,5197.49"
2026-03-11 14:00:00+07:00,"5197.5,5202.28,5184.46,5195.77"
2026-03-11 15:00:00+07:00,"5195.75,5198.77,5174.89,5187.64"
2026-03-11 16:00:00+07:00,"5187.61,5197.18,5179.63,5187.71"
2026-03-11 17:00:00+07:00,"5187.71,5195.37,5177.08,5186.08"
2026-03-11 18:00:00+07:00,"5186.07,5193.69,5176.17,5181.19"
2026-03-11 19:00:00+07:00,"5181.14,5197.29,5166.77,5167.46"
2026-03-11 20:00:00+07:00,"5167.47,5183.16,5148.84,5176.91"
2026-03-11 21:00:00+07:00,"5176.9,5196.39,5174.28,5183.27"
2026-03-11 22:00:00+07:00,"5183.27,5185.93,5164.28,5166.37"
2026-03-11 23:00:00+07:00,"5166.36,5178.15,5163.63,5175.52"
2026-03-12 00:00:00+07:00,"5175.53,5181.06,5154.12,5169.76"
2026-03-12 01:00:00+07:00,"5169.69,5178.48,5169.26,5172.59"
2026-03-12 02:00:00+07:00,"5172.58,5183.66,5169.14,5183.31"
2026-03-12 03:00:00+07:00,"5183.16,5183.75,5175.02,5176.11"
2026-03-12 05:00:00+07:00,"5181.94,5183.66,5129.42,5139.06"
2026-03-12 06:00:00+07:00,"5139.1,5158.03,5133.11,5134.27"
2026-03-12 07:00:00+07:00,"5134.26,5161.74,5125.54,5153.07"
2026-03-12 08:00:00+07:00,"5153.07,5172.97,5151.21,5168.49"
2026-03-12 09:00:00+07:00,"5168.48,5175.25,5145.64,5150.77"
2026-03-12 10:00:00+07:00,"5150.76,5155.58,5147.24,5153.12"
2026-03-12 11:00:00+07:00,"5153.13,5154.03,5140.34,5142.5"
2026-03-12 12:00:00+07:00,"5142.51,5157.76,5137.04,5154.53"
2026-03-12 13:00:00+07:00,"5154.52,5170.48,5147.31,5166.24"
2026-03-12 14:00:00+07:00,"5166.25,5185.4,5164.29,5182.33"
2026-03-12 15:00:00+07:00,"5182.33,5190.15,5175.76,5178.17"
2026-03-12 16:00:00+07:00,"5178.16,5190.47,5174.44,5188.33"
2026-03-12 17:00:00+07:00,"5188.32,5191.79,5176.09,5182.41"
2026-03-12 18:00:00+07:00,"5182.4,5183.79,5172.6,5179.03"
2026-03-12 19:00:00+07:00,"5179.17,5185.71,5163.6,5181.46"
2026-03-12 20:00:00+07:00,"5181.46,5186.22,5145.9,5151.31"
2026-03-12 21:00:00+07:00,"5151.32,5163.56,5138.28,5142.99"
2026-03-12 22:00:00+07:00,"5142.71,5144.54,5109.88,5132.41"
2026-03-12 23:00:00+07:00,"5132.04,5138.17,5121.1,5123.39"
2026-03-13 00:00:00+07:00,"5123.38,5129.7,5102.45,5105.15"
2026-03-13 01:00:00+07:00,"5105.14,5112.68,5090.53,5094.32"
2026-03-13 02:00:00+07:00,"5094.31,5096.9,5078.98,5084.85"
2026-03-13 03:00:00+07:00,"5084.78,5090.68,5054.52,5078.45"
2026-03-13 05:00:00+07:00,"5075.61,5096.41,5072.32,5096.08"
2026-03-13 06:00:00+07:00,"5095.99,5101.2,5088.86,5097.99"
2026-03-13 07:00:00+07:00,"5098.01,5115.37,5097.38,5113.76"
2026-03-13 08:00:00+07:00,"5113.75,5124.45,5108.8,5124.27"
2026-03-13 09:00:00+07:00,"5124.27,5128.43,5110.41,5112.01"
2026-03-13 10:00:00+07:00,"5111.99,5116.75,5106.05,5115.59"
2026-03-13 11:00:00+07:00,"5115.58,5117.96,5102.73,5104.23"
2026-03-13 12:00:00+07:00,"5104.23,5111.43,5098.07,5103.08"
2026-03-13 13:00:00+07:00,"5103.09,5108.19,5085.66,5088.3"
2026-03-13 14:00:00+07:00,"5088.27,5094.35,5071.72,5085.21"
2026-03-13 15:00:00+07:00,"5085.22,5088.04,5061.38,5087.47"
2026-03-13 16:00:00+07:00,"5087.46,5097.07,5083.17,5089.66"
2026-03-13 17:00:00+07:00,"5089.65,5098.26,5079.66,5094.87"
2026-03-13 18:00:00+07:00,"5094.86,5108,5086.3,5107.5"
2026-03-13 19:00:00+07:00,"5107.5,5121.78,5104.17,5118.3"
2026-03-13 20:00:00+07:00,"5118.31,5121.26,5096.57,5101.69"
2026-03-13 21:00:00+07:00,"5101.67,5108,5035.59,5041.83"
2026-03-13 22:00:00+07:00,"5041.84,5071.55,5029.59,5035.01"
2026-03-13 23:00:00+07:00,"5035.01,5053.1,5018.48,5045.97"
2026-03-14 00:00:00+07:00,"5045.96,5063.94,5043.41,5046.25"
2026-03-14 01:00:00+07:00,"5046.27,5051.64,5036.12,5046.49"
2026-03-14 02:00:00+07:00,"5046.5,5049.93,5009.62,5016.64"
2026-03-14 03:00:00+07:00,"5016.62,5025.64,5012.36,5018.57"
2026-03-16 05:00:00+07:00,"5011.83,5030.99,5000.42,5025.11"
2026-03-16 06:00:00+07:00,"5025,5026.26,4967.1,4997.54"
2026-03-16 07:00:00+07:00,"4997.53,5030.95,4996.44,5025.77"
2026-03-16 08:00:00+07:00,"5025.73,5026.63,4982.48,5016.11"
2026-03-16 09:00:00+07:00,"5016.1,5018.96,4997.72,5003.61"
2026-03-16 10:00:00+07:00,"5003.62,5020.82,4997.85,5019.04"
2026-03-16 11:00:00+07:00,"5019.01,5026.29,5012.4,5012.89"
2026-03-16 12:00:00+07:00,"5012.85,5020.16,5003.23,5017.48"
2026-03-16 13:00:00+07:00,"5017.5,5036.2,5005.23,5012.15"
2026-03-16 14:00:00+07:00,"5012.35,5016.44,4991.83,4995.65"
2026-03-16 15:00:00+07:00,"4995.62,5003.63,4984.86,4991.14"
2026-03-16 16:00:00+07:00,"4991.19,4991.76,4971.9,4975.41"
2026-03-16 17:00:00+07:00,"4975.39,4999.51,4970.26,4998.53"
2026-03-16 18:00:00+07:00,"4998.54,5022.77,4992.77,4997.03"
2026-03-16 19:00:00+07:00,"4997.04,5025.31,4994.44,5019.91"
2026-03-16 20:00:00+07:00,"5019.95,5034.65,5013.71,5029.67"
2026-03-16 21:00:00+07:00,"5029.66,5038.95,4987.65,4995.84"
2026-03-16 22:00:00+07:00,"4995.85,5005.79,4983.74,4987.14"
2026-03-16 23:00:00+07:00,"4987.12,4998.8,4973.97,4990.6"
2026-03-17 00:00:00+07:00,"4992.59,5003.88,4984.06,4991.26"
2026-03-17 01:00:00+07:00,"4991.25,5017.97,4990.02,5012.82"
2026-03-17 02:00:00+07:00,"5012.78,5020.49,5008.08,5012.97"
2026-03-17 03:00:00+07:00,"5012.96,5021.83,5004.44,5004.76"
2026-03-17 05:00:00+07:00,"5010.81,5016.34,4998.52,5002.31"
2026-03-17 06:00:00+07:00,"5002.36,5015.66,5001.95,5012.96"
2026-03-17 07:00:00+07:00,"5012.95,5014.15,4998.24,5002.94"
2026-03-17 08:00:00+07:00,"5002.94,5028,4994.5,5027.83"
2026-03-17 09:00:00+07:00,"5027.82,5029.73,5019.81,5022.59"
2026-03-17 10:00:00+07:00,"5022.6,5033.64,5020.49,5027.62"
2026-03-17 11:00:00+07:00,"5027.61,5042.21,5026.33,5037.88"
2026-03-17 12:00:00+07:00,"5037.89,5044.64,5020.11,5020.78"
2026-03-17 13:00:00+07:00,"5020.75,5022.91,5004.63,5009.95"
2026-03-17 14:00:00+07:00,"5009.92,5028.15,5008.86,5021.23"
2026-03-17 15:00:00+07:00,"5021.24,5029.65,5018.37,5024.7"
2026-03-17 16:00:00+07:00,"5024.69,5025.84,5009.63,5010.44"
2026-03-17 17:00:00+07:00,"5010.44,5016.36,4990.98,5000.26"
2026-03-17 18:00:00+07:00,"5000.26,5011.55,4996.64,5003.35"
2026-03-17 19:00:00+07:00,"5003.36,5023.96,4999.23,5011.82"
2026-03-17 20:00:00+07:00,"5011.8,5031.56,5005.43,5016.53"
2026-03-17 21:00:00+07:00,"5016.63,5020.65,5002.73,5007.55"
2026-03-17 22:00:00+07:00,"5007.53,5017.56,4972.96,4997.85"
2026-03-17 23:00:00+07:00,"4997.9,5005.88,4991.65,5001.89"
2026-03-18 00:00:00+07:00,"5001.88,5008.64,4996.38,5002.38"
2026-03-18 01:00:00+07:00,"5002.39,5009.15,4999.82,5003.8"
2026-03-18 02:00:00+07:00,"5003.82,5005.62,4996.46,5000.29"
2026-03-18 03:00:00+07:00,"5000.23,5006.66,4999.61,5005.88"
2026-03-18 05:00:00+07:00,"5005.48,5005.76,4993.06,4999.83"
2026-03-18 06:00:00+07:00,"4999.88,5003.97,4998.86,5002.89"
2026-03-18 07:00:00+07:00,"5002.89,5012.52,5000.17,5004.32"
2026-03-18 08:00:00+07:00,"5004.28,5016.45,4991.22,4998.62"
2026-03-18 09:00:00+07:00,"4998.72,5007,4990.39,4991.79"
2026-03-18 10:00:00+07:00,"4991.79,4997.66,4986.08,4991.27"
2026-03-18 11:00:00+07:00,"4991.28,4993.51,4981.69,4987.14"
2026-03-18 12:00:00+07:00,"4987.13,5002.51,4984.7,4997.68"
2026-03-18 13:00:00+07:00,"4997.58,5016.31,4996.26,5009.46"
2026-03-18 14:00:00+07:00,"5009.48,5014.85,4990.34,4995.11"
2026-03-18 15:00:00+07:00,"4995.1,4997.08,4977.56,4987.56"
2026-03-18 16:00:00+07:00,"4987.56,4995.64,4984.79,4992.18"
2026-03-18 17:00:00+07:00,"4992.2,4992.21,4957.07,4967.76"
2026-03-18 18:00:00+07:00,"4967.75,4973.98,4924.68,4930.12"
2026-03-18 19:00:00+07:00,"4930.15,4932.58,4870.51,4881.64"
2026-03-18 20:00:00+07:00,"4881.6,4885.39,4833.91,4878.08"
2026-03-18 21:00:00+07:00,"4878.09,4895.06,4856.43,4869.61"
2026-03-18 22:00:00+07:00,"4869.59,4880.09,4861.07,4862.54"
2026-03-18 23:00:00+07:00,"4862.49,4890.37,4860.84,4887.04"
2026-03-19 00:00:00+07:00,"4887.05,4899.01,4883.7,4890.67"
2026-03-19 01:00:00+07:00,"4890.74,4899.27,4852.18,4852.92"
2026-03-19 02:00:00+07:00,"4852.9,4865.33,4838.32,4843.03"
2026-03-19 03:00:00+07:00,"4843.05,4848.76,4806.64,4818.16"
2026-03-19 05:00:00+07:00,"4825.05,4838.9,4803.61,4834.76"
2026-03-19 06:00:00+07:00,"4834.7,4842.41,4828.32,4836.9"
2026-03-19 07:00:00+07:00,"4836.91,4848.76,4835.45,4841.34"
2026-03-19 08:00:00+07:00,"4841.35,4867.21,4832.68,4849.95"
2026-03-19 09:00:00+07:00,"4849.96,4862.07,4841.54,4858.77"
2026-03-19 10:00:00+07:00,"4858.76,4865.95,4850.81,4850.89"
2026-03-19 11:00:00+07:00,"4850.89,4853.8,4845.73,4849.88"
2026-03-19 12:00:00+07:00,"4849.89,4853.98,4826.8,4827.5"
2026-03-19 13:00:00+07:00,"4827.51,4842.2,4747.41,4763.7"
2026-03-19 14:00:00+07:00,"4763.77,4784.5,4725.96,4727.73"
2026-03-19 15:00:00+07:00,"4727.74,4740.44,4686.54,4709.23"
2026-03-19 16:00:00+07:00,"4709.23,4726.2,4687.71,4699"
2026-03-19 17:00:00+07:00,"4699.04,4720.1,4666.31,4679.05"
2026-03-19 18:00:00+07:00,"4679.04,4699.98,4650.73,4651.72"
2026-03-19 19:00:00+07:00,"4651.73,4654.13,4531.1,4574.49"
2026-03-19 20:00:00+07:00,"4574.53,4622.42,4502.35,4622.17"
2026-03-19 21:00:00+07:00,"4622.13,4649.35,4580.62,4601.68"
2026-03-19 22:00:00+07:00,"4601.69,4638.68,4566.01,4596.44"
2026-03-19 23:00:00+07:00,"4596.43,4627.18,4576.66,4584.85"
2026-03-20 00:00:00+07:00,"4584.84,4629.96,4573.7,4616.16"
2026-03-20 01:00:00+07:00,"4616.18,4623.18,4596.01,4622.99"
2026-03-20 02:00:00+07:00,"4623,4663.45,4622.88,4643.84"
2026-03-20 03:00:00+07:00,"4643.85,4662.16,4642.84,4649.28"
2026-03-20 05:00:00+07:00,"4650.73,4677.21,4636.04,4636.39"
2026-03-20 06:00:00+07:00,"4636.49,4648,4633.9,4643.68"
2026-03-20 07:00:00+07:00,"4643.66,4665.1,4641.74,4648.75"
2026-03-20 08:00:00+07:00,"4648.7,4699.48,4639.61,4677.16"
2026-03-20 09:00:00+07:00,"4677.18,4703.99,4670.21,4697.92"
2026-03-20 10:00:00+07:00,"4697.94,4736.07,4693.18,4725.44"
2026-03-20 11:00:00+07:00,"4725.45,4727.39,4715.38,4721.66"
2026-03-20 12:00:00+07:00,"4721.65,4723.58,4685.73,4688.42"
2026-03-20 13:00:00+07:00,"4688.41,4701.06,4661.37,4669.21"
2026-03-20 14:00:00+07:00,"4669.21,4707.86,4668.05,4706.32"
2026-03-20 15:00:00+07:00,"4706.33,4734.76,4684.73,4693.63"
2026-03-20 16:00:00+07:00,"4693.63,4700.41,4659.79,4667.59"
2026-03-20 17:00:00+07:00,"4667.59,4670.08,4637.98,4645.35"
2026-03-20 18:00:00+07:00,"4645.42,4674.37,4636.98,4671.78"
2026-03-20 19:00:00+07:00,"4671.85,4695.88,4661.76,4678.29"
2026-03-20 20:00:00+07:00,"4678.26,4679.33,4612.44,4616.45"
2026-03-20 21:00:00+07:00,"4616.43,4622.79,4547.59,4563.89"
2026-03-20 22:00:00+07:00,"4564.07,4580.48,4539.95,4553.3"
2026-03-20 23:00:00+07:00,"4553.07,4614.04,4551.63,4583.05"
2026-03-21 00:00:00+07:00,"4583.01,4600.52,4554.16,4573.36"
2026-03-21 01:00:00+07:00,"4573.44,4578.75,4476.3,4499.86"
2026-03-21 02:00:00+07:00,"4499.88,4517.18,4485.29,4501.49"
2026-03-21 03:00:00+07:00,"4501.33,4514.66,4487.64,4490.88"
2026-03-23 05:00:00+07:00,"4448.16,4535.89,4421.62,4497.97"
2026-03-23 06:00:00+07:00,"4498.39,4510.65,4452.57,4464.79"
2026-03-23 07:00:00+07:00,"4464.79,4473.25,4318.93,4354.36"
2026-03-23 08:00:00+07:00,"4354.26,4453.95,4329.32,4387.7"
2026-03-23 09:00:00+07:00,"4387.69,4422.31,4354.75,4360.7"
2026-03-23 10:00:00+07:00,"4360.68,4378.14,4335.02,4353.08"
2026-03-23 11:00:00+07:00,"4353.04,4382.18,4349.65,4367.35"
2026-03-23 12:00:00+07:00,"4367.37,4380.77,4302.34,4310.09"
2026-03-23 13:00:00+07:00,"4310.13,4311.09,4161.64,4220.43"
2026-03-23 14:00:00+07:00,"4220.39,4232.15,4097.96,4204.38"
2026-03-23 15:00:00+07:00,"4204.43,4270.72,4202.32,4251.16"
2026-03-23 16:00:00+07:00,"4251.22,4308.41,4223.68,4253.7"
2026-03-23 17:00:00+07:00,"4253.95,4282.29,4241.13,4269.17"
2026-03-23 18:00:00+07:00,"4269.12,4463.08,4269.11,4379.29"
2026-03-23 19:00:00+07:00,"4379.31,4492.71,4336.22,4478.64"
2026-03-23 20:00:00+07:00,"4478.66,4487.01,4401.51,4454.24"
2026-03-23 21:00:00+07:00,"4454.22,4513.16,4453.49,4461.72"
2026-03-23 22:00:00+07:00,"4461.74,4487.03,4350.89,4363.75"
2026-03-23 23:00:00+07:00,"4363.65,4391.61,4352.18,4375.43"
2026-03-24 00:00:00+07:00,"4375.66,4439.29,4370.48,4426.25"
2026-03-24 01:00:00+07:00,"4426.3,4467,4401.84,4448.99"
2026-03-24 02:00:00+07:00,"4448.8,4450.6,4392.88,4397.75"
2026-03-24 03:00:00+07:00,"4398.58,4413.38,4382.79,4406.72"
2026-03-24 05:00:00+07:00,"4412.89,4431.62,4361.24,4426.68"
2026-03-24 06:00:00+07:00,"4426.73,4448.53,4421.88,4441.03"
2026-03-24 07:00:00+07:00,"4441.01,4446.82,4330.87,4364.56"
2026-03-24 08:00:00+07:00,"4364.63,4374.84,4308.36,4322.32"
2026-03-24 09:00:00+07:00,"4322.33,4379.32,4305.99,4366.2"
2026-03-24 10:00:00+07:00,"4366.19,4368.04,4335.34,4347.24"
2026-03-24 11:00:00+07:00,"4347.25,4357.34,4326.05,4333.54"
2026-03-24 12:00:00+07:00,"4333.5,4374.79,4319.69,4347.44"
2026-03-24 13:00:00+07:00,"4347.29,4405.32,4343.2,4401.87"
2026-03-24 14:00:00+07:00,"4401.86,4433.27,4399.61,4417.49"
2026-03-24 15:00:00+07:00,"4417.47,4421.08,4390.87,4412.12"
2026-03-24 16:00:00+07:00,"4412.17,4430.94,4395.78,4426.44"
2026-03-24 17:00:00+07:00,"4426.41,4441.82,4414.58,4438.76"
2026-03-24 18:00:00+07:00,"4438.71,4442.18,4372.94,4408.12"
2026-03-24 19:00:00+07:00,"4408.16,4427.5,4361.99,4379.1"
2026-03-24 20:00:00+07:00,"4379.05,4389.97,4350.6,4381.85"
2026-03-24 21:00:00+07:00,"4381.77,4434.48,4380.35,4416.28"
2026-03-24 22:00:00+07:00,"4416.19,4430.65,4396.13,4411.54"
2026-03-24 23:00:00+07:00,"4411.64,4428.01,4402.45,4421.33"
2026-03-25 00:00:00+07:00,"4421.33,4426.5,4372.17,4388.59"
2026-03-25 01:00:00+07:00,"4388.56,4423.44,4383.91,4389.75"
2026-03-25 02:00:00+07:00,"4389.56,4411.53,4388.58,4400.37"
2026-03-25 03:00:00+07:00,"4399.76,4484.37,4397.32,4471.13"
2026-03-25 05:00:00+07:00,"4472,4487.11,4455.63,4484.54"
2026-03-25 06:00:00+07:00,"4484.47,4551.98,4472.57,4546.76"
2026-03-25 07:00:00+07:00,"4546.75,4572.03,4537.54,4563.43"
2026-03-25 08:00:00+07:00,"4563.53,4601.28,4552.17,4594.91"
2026-03-25 09:00:00+07:00,"4594.94,4602.91,4579.69,4583.91"
2026-03-25 10:00:00+07:00,"4583.85,4586.38,4567.59,4570.19"
2026-03-25 11:00:00+07:00,"4570.18,4574.63,4565.69,4573.03"
2026-03-25 12:00:00+07:00,"4573.02,4573.49,4549.33,4555.83"
2026-03-25 13:00:00+07:00,"4555.84,4557.09,4532.83,4545.68"
2026-03-25 14:00:00+07:00,"4545.29,4563.25,4537.01,4539.55"
2026-03-25 15:00:00+07:00,"4539.74,4568.01,4535.78,4556.04"
2026-03-25 16:00:00+07:00,"4556.05,4567.6,4527.22,4551.95"
2026-03-25 17:00:00+07:00,"4551.96,4562.67,4551.05,4558.69"
2026-03-25 18:00:00+07:00,"4558.7,4586,4555.99,4578.74"
2026-03-25 19:00:00+07:00,"4578.77,4583.76,4521.86,4543.94"
2026-03-25 20:00:00+07:00,"4543.93,4576.71,4540.89,4544.93"
2026-03-25 21:00:00+07:00,"4545.03,4579.54,4533.19,4567.03"
2026-03-25 22:00:00+07:00,"4567.02,4569.37,4524.9,4559.09"
2026-03-25 23:00:00+07:00,"4559.1,4565.11,4545.14,4555.2"
2026-03-26 00:00:00+07:00,"4555.1,4564.06,4542.55,4550.68"
2026-03-26 01:00:00+07:00,"4550.68,4569.13,4530.5,4538.3"
2026-03-26 02:00:00+07:00,"4538.35,4539.69,4486.31,4530.98"
2026-03-26 03:00:00+07:00,"4530.89,4542.23,4494.61,4508.17"
2026-03-26 05:00:00+07:00,"4512.69,4534.96,4505.44,4517.64"
2026-03-26 06:00:00+07:00,"4517.61,4518.74,4488.79,4498.27"
2026-03-26 07:00:00+07:00,"4498.24,4539.5,4498.18,4535.55"
2026-03-26 08:00:00+07:00,"4535.6,4544.44,4522.06,4535.46"
2026-03-26 09:00:00+07:00,"4535.55,4535.94,4505.52,4509"
2026-03-26 10:00:00+07:00,"4508.98,4518.93,4499.46,4516.93"
2026-03-26 11:00:00+07:00,"4516.95,4524.42,4511.52,4520.5"
2026-03-26 12:00:00+07:00,"4520.5,4522.39,4438.99,4439.08"
2026-03-26 13:00:00+07:00,"4439.09,4459.59,4415.52,4456.37"
2026-03-26 14:00:00+07:00,"4456.41,4464.01,4438.47,4452.65"
2026-03-26 15:00:00+07:00,"4452.6,4459.38,4412.83,4427.95"
2026-03-26 16:00:00+07:00,"4427.81,4437.07,4414.68,4423.69"
2026-03-26 17:00:00+07:00,"4423.8,4448.36,4417.04,4443.66"
2026-03-26 18:00:00+07:00,"4443.75,4456.86,4418.9,4423.26"
2026-03-26 19:00:00+07:00,"4423.59,4445.91,4416.3,4429.28"
2026-03-26 20:00:00+07:00,"4429.2,4460.61,4420.17,4452.52"
2026-03-26 21:00:00+07:00,"4452.92,4479.49,4436.96,4464.8"
2026-03-26 22:00:00+07:00,"4464.82,4469.02,4433.74,4438.35"
2026-03-26 23:00:00+07:00,"4438.26,4442.78,4366.89,4389.3"
2026-03-27 00:00:00+07:00,"4389.14,4402.5,4376.98,4381.41"
2026-03-27 01:00:00+07:00,"4381.42,4398,4367.63,4394.53"
2026-03-27 02:00:00+07:00,"4394.58,4399.66,4359.08,4363.77"
2026-03-27 03:00:00+07:00,"4363.45,4421.27,4350.87,4382.28"
2026-03-27 05:00:00+07:00,"4377.35,4415.47,4377.35,4410.77"
2026-03-27 06:00:00+07:00,"4411.25,4414.59,4389.99,4404.81"
2026-03-27 07:00:00+07:00,"4404.87,4411.25,4375.26,4378.74"
2026-03-27 08:00:00+07:00,"4378.78,4420.82,4376.91,4417.4"
2026-03-27 09:00:00+07:00,"4417.58,4440.69,4417.09,4432.1"
2026-03-27 10:00:00+07:00,"4431.95,4446.5,4421.13,4437.68"
2026-03-27 11:00:00+07:00,"4437.69,4449.58,4431.48,4445.85"
2026-03-27 12:00:00+07:00,"4445.6,4475.4,4440.36,4454.49"
2026-03-27 13:00:00+07:00,"4454.24,4472.95,4451.73,4459.64"
2026-03-27 14:00:00+07:00,"4459.65,4463.17,4442.82,4447.76"
2026-03-27 15:00:00+07:00,"4447.81,4451.27,4423.73,4424.19"
2026-03-27 16:00:00+07:00,"4424.01,4438.55,4420.67,4428.77"
2026-03-27 17:00:00+07:00,"4428.94,4433.09,4410.55,4414.94"
2026-03-27 18:00:00+07:00,"4415.09,4426.4,4404.28,4420"
2026-03-27 19:00:00+07:00,"4419.81,4445.41,4412.34,4437.96"
2026-03-27 20:00:00+07:00,"4437.98,4444.03,4413.16,4430.98"
2026-03-27 21:00:00+07:00,"4431.03,4515.41,4430.46,4509.66"
2026-03-27 22:00:00+07:00,"4509.65,4556.28,4501.16,4524.17"
2026-03-27 23:00:00+07:00,"4524.37,4533.89,4505.54,4516.3"
2026-03-28 00:00:00+07:00,"4516.33,4522.68,4486.12,4486.5"
2026-03-28 01:00:00+07:00,"4486.49,4529.03,4486.43,4516.77"
2026-03-28 02:00:00+07:00,"4516.79,4526.35,4500.68,4514.55"
2026-03-28 03:00:00+07:00,"4514.7,4521.42,4490.95,4492.09"
2026-03-30 05:00:00+07:00,"4493.7,4515.54,4465.74,4484.8"
2026-03-30 06:00:00+07:00,"4484.85,4492.87,4443.6,4449.24"
2026-03-30 07:00:00+07:00,"4449.18,4467.09,4417.45,4432.39"
2026-03-30 08:00:00+07:00,"4432.27,4475.86,4431.79,4469.49"
2026-03-30 09:00:00+07:00,"4469.48,4499.09,4458.79,4481.41"
2026-03-30 10:00:00+07:00,"4481.42,4518.25,4478.91,4496.1"
2026-03-30 11:00:00+07:00,"4496.2,4498.88,4485.85,4496.85"
2026-03-30 12:00:00+07:00,"4496.67,4528.71,4496.67,4522.32"
2026-03-30 13:00:00+07:00,"4522.4,4550.86,4516.93,4532.41"
2026-03-30 14:00:00+07:00,"4532.36,4534.97,4515.83,4527.36"
2026-03-30 15:00:00+07:00,"4527.33,4540.56,4524.9,4538.33"
2026-03-30 16:00:00+07:00,"4538.34,4540.85,4523.04,4533.27"
2026-03-30 17:00:00+07:00,"4533.37,4540.1,4527.79,4532.5"
2026-03-30 18:00:00+07:00,"4532.51,4581.91,4525.3,4559.77"
2026-03-30 19:00:00+07:00,"4559.75,4578.3,4545.01,4569.48"
2026-03-30 20:00:00+07:00,"4569.6,4578.75,4516.31,4523.33"
2026-03-30 21:00:00+07:00,"4523.27,4541.35,4511.97,4538.9"
2026-03-30 22:00:00+07:00,"4538.89,4556.89,4524.37,4548.2"
2026-03-30 23:00:00+07:00,"4548.24,4549.81,4532.28,4539.81"
2026-03-31 00:00:00+07:00,"4539.79,4542.5,4511.29,4514.91"
2026-03-31 01:00:00+07:00,"4514.88,4523.33,4498.35,4499.26"
2026-03-31 02:00:00+07:00,"4499.06,4518.46,4493.04,4513.4"
2026-03-31 03:00:00+07:00,"4512.91,4516.64,4500.59,4510.95"
2026-03-31 05:00:00+07:00,"4511.85,4525.01,4502.05,4510.35"
2026-03-31 06:00:00+07:00,"4510.32,4521.59,4492.54,4513.65"
2026-03-31 07:00:00+07:00,"4513.67,4548.46,4482.5,4547.74"
2026-03-31 08:00:00+07:00,"4547.76,4619.38,4532.09,4605.01"
2026-03-31 09:00:00+07:00,"4605.02,4607.77,4565.31,4567.89"
2026-03-31 10:00:00+07:00,"4567.86,4577.09,4549.92,4557.33"
2026-03-31 11:00:00+07:00,"4557.32,4570.05,4557.15,4564.88"
2026-03-31 12:00:00+07:00,"4564.77,4582.08,4547.37,4568.83"
2026-03-31 13:00:00+07:00,"4568.86,4569.08,4553.07,4557.36"
2026-03-31 14:00:00+07:00,"4557.37,4565.79,4542.93,4564.48"
2026-03-31 15:00:00+07:00,"4564.43,4575.36,4560.51,4568.58"
2026-03-31 16:00:00+07:00,"4568.57,4572.52,4550.13,4555.44"
2026-03-31 17:00:00+07:00,"4555.42,4562.06,4528.52,4547.1"
2026-03-31 18:00:00+07:00,"4547.13,4593.39,4540.83,4582.39"
2026-03-31 19:00:00+07:00,"4582.4,4597.96,4568.91,4574.72"
2026-03-31 20:00:00+07:00,"4574.82,4609.88,4567.76,4607.34"
2026-03-31 21:00:00+07:00,"4607.35,4630.1,4594.78,4599.22"
2026-03-31 22:00:00+07:00,"4599.2,4625.7,4599.05,4609.48"
2026-03-31 23:00:00+07:00,"4609.53,4651.88,4606.88,4638.14"
2026-04-01 00:00:00+07:00,"4638.19,4667.4,4636.05,4654.54"
2026-04-01 01:00:00+07:00,"4654.61,4671.38,4653.44,4667.46"
2026-04-01 02:00:00+07:00,"4667.47,4685.87,4661.62,4683.08"
2026-04-01 03:00:00+07:00,"4683.12,4687.37,4664.65,4669.86"
2026-04-01 05:00:00+07:00,"4670.07,4697.04,4661.24,4681.05"
2026-04-01 06:00:00+07:00,"4681.37,4700.21,4672,4696.41"
2026-04-01 07:00:00+07:00,"4696.38,4722.59,4692.86,4710.81"
2026-04-01 08:00:00+07:00,"4710.82,4724.36,4681.3,4692.77"
2026-04-01 09:00:00+07:00,"4692.85,4700.63,4677.89,4684.64"
2026-04-01 10:00:00+07:00,"4684.64,4694.32,4679.61,4682.03"
2026-04-01 11:00:00+07:00,"4682.04,4682.17,4667,4676.53"
2026-04-01 12:00:00+07:00,"4676.58,4703.81,4674.78,4684.35"
2026-04-01 13:00:00+07:00,"4684.43,4733.74,4682.39,4730.53"
2026-04-01 14:00:00+07:00,"4730.52,4747.76,4709.5,4712.92"
2026-04-01 15:00:00+07:00,"4712.94,4740.59,4710.18,4728.75"
2026-04-01 16:00:00+07:00,"4728.76,4730.31,4712.96,4723.24"
2026-04-01 17:00:00+07:00,"4723.18,4738.86,4715.28,4731.22"
2026-04-01 18:00:00+07:00,"4731.21,4763.18,4728.12,4752.36"
2026-04-01 19:00:00+07:00,"4752.37,4754.93,4724.33,4724.79"
2026-04-01 20:00:00+07:00,"4724.82,4749.72,4716,4738.24"
2026-04-01 21:00:00+07:00,"4735.26,4769.01,4723.54,4760.82"
2026-04-01 22:00:00+07:00,"4760.81,4788.26,4758.3,4786.53"
2026-04-01 23:00:00+07:00,"4786.54,4791.03,4774.36,4787.22"
2026-04-02 00:00:00+07:00,"4787.21,4793.28,4773.74,4774.53"
2026-04-02 01:00:00+07:00,"4774.55,4775.38,4741.97,4753.16"
2026-04-02 02:00:00+07:00,"4753.15,4778.43,4751.05,4766.29"
2026-04-02 03:00:00+07:00,"4766.11,4771.29,4753.93,4758.38"
2026-04-02 05:00:00+07:00,"4760.17,4782.51,4752.87,4776.61"
2026-04-02 06:00:00+07:00,"4776.59,4800.61,4773.43,4784.02"
2026-04-02 07:00:00+07:00,"4784.01,4798.88,4775.05,4784.48"
2026-04-02 08:00:00+07:00,"4784.46,4786.74,4649.25,4696.44"
2026-04-02 09:00:00+07:00,"4696.18,4704.3,4655.21,4687.14"
2026-04-02 10:00:00+07:00,"4687.12,4699.54,4675.76,4676.38"
2026-04-02 11:00:00+07:00,"4676.38,4681.87,4657.17,4672.57"
2026-04-02 12:00:00+07:00,"4672.56,4680.85,4585.52,4594.08"
2026-04-02 13:00:00+07:00,"4594.23,4608.95,4553.44,4598.6"
2026-04-02 14:00:00+07:00,"4598.62,4651.34,4597,4642.75"
2026-04-02 15:00:00+07:00,"4642.74,4649.05,4616.62,4620.82"
2026-04-02 16:00:00+07:00,"4620.81,4632.08,4612.92,4621.74"
2026-04-02 17:00:00+07:00,"4621.73,4635.28,4603.24,4620.59"
2026-04-02 18:00:00+07:00,"4620.6,4630.63,4592.47,4600.1"
2026-04-02 19:00:00+07:00,"4600.11,4630.58,4594.53,4601.97"
2026-04-02 20:00:00+07:00,"4601.98,4651.71,4580.11,4646.5"
2026-04-02 21:00:00+07:00,"4646.39,4700.11,4632.99,4681.69"
2026-04-02 22:00:00+07:00,"4681.71,4684.18,4652.63,4661.15"
2026-04-02 23:00:00+07:00,"4661.15,4670.98,4642.62,4659.12"
2026-04-03 00:00:00+07:00,"4659.14,4668.53,4645.61,4648.98"
2026-04-03 01:00:00+07:00,"4648.92,4672.21,4647.24,4668.61"
2026-04-03 02:00:00+07:00,"4668.49,4682.01,4661.55,4672.07"
2026-04-03 03:00:00+07:00,"4672.14,4678.11,4664.2,4676.41"
2026-04-06 05:00:00+07:00,"4661.7,4672.77,4585.54,4645.79"
2026-04-06 06:00:00+07:00,"4645.96,4651.26,4604.51,4610.43"
2026-04-06 07:00:00+07:00,"4610.44,4629.66,4599.95,4622.54"
2026-04-06 08:00:00+07:00,"4622.59,4643.39,4620.32,4625.84"
2026-04-06 09:00:00+07:00,"4625.94,4671.77,4623.66,4648.02"
2026-04-06 10:00:00+07:00,"4647.97,4648,4625.3,4640.48"
2026-04-06 11:00:00+07:00,"4640.49,4660.05,4639.83,4659.05"
2026-04-06 12:00:00+07:00,"4659.04,4679.02,4651.13,4652.65"
2026-04-06 13:00:00+07:00,"4652.62,4667.86,4642.81,4666.02"
2026-04-06 14:00:00+07:00,"4666.05,4688.81,4644.56,4684.95"
2026-04-06 15:00:00+07:00,"4684.96,4698.62,4680.86,4695.86"
2026-04-06 16:00:00+07:00,"4695.84,4706.67,4690.89,4693.62"
2026-04-06 17:00:00+07:00,"4693.73,4697.85,4683.61,4689.72"
2026-04-06 18:00:00+07:00,"4689.8,4696.96,4676.97,4678.07"
2026-04-06 19:00:00+07:00,"4678.02,4686.93,4659.57,4675.96"
2026-04-06 20:00:00+07:00,"4675.97,4682.02,4659.73,4679.96"
2026-04-06 21:00:00+07:00,"4680.16,4697.96,4660.06,4682.69"
2026-04-06 22:00:00+07:00,"4682.7,4683.98,4651.9,4667.95"
2026-04-06 23:00:00+07:00,"4668.1,4672.66,4657.15,4660.41"
2026-04-07 00:00:00+07:00,"4660.43,4661.24,4645.32,4653.64"
2026-04-07 01:00:00+07:00,"4653.67,4666.56,4648.74,4658.34"
2026-04-07 02:00:00+07:00,"4658.36,4659.68,4645.33,4655.68"
2026-04-07 03:00:00+07:00,"4655.97,4658.73,4647.19,4648.67"
2026-04-07 05:00:00+07:00,"4650.64,4668.07,4649.33,4658.56"
2026-04-07 06:00:00+07:00,"4658.6,4661.44,4651.34,4658.78"
2026-04-07 07:00:00+07:00,"4658.79,4662.1,4649.05,4655.13"
2026-04-07 08:00:00+07:00,"4655.11,4664.91,4615.87,4627.06"
2026-04-07 09:00:00+07:00,"4627.11,4654.12,4619.83,4650.42"
2026-04-07 10:00:00+07:00,"4650.35,4654.08,4639.46,4649.72"
2026-04-07 11:00:00+07:00,"4649.67,4664.38,4645.49,4660.19"
2026-04-07 12:00:00+07:00,"4660.34,4661.7,4623.06,4642.91"
2026-04-07 13:00:00+07:00,"4642.97,4656.75,4637.57,4653.28"
2026-04-07 14:00:00+07:00,"4653.27,4657.13,4636.59,4646.04"
2026-04-07 15:00:00+07:00,"4646.03,4691.3,4644.17,4682.88"
2026-04-07 16:00:00+07:00,"4682.81,4694.64,4658.59,4670.89"
2026-04-07 17:00:00+07:00,"4670.9,4681.09,4649.18,4652.15"
2026-04-07 18:00:00+07:00,"4652.16,4664.1,4628.52,4659.75"
2026-04-07 19:00:00+07:00,"4659.76,4671.28,4646.64,4651.42"
2026-04-07 20:00:00+07:00,"4651.45,4663.69,4635.24,4644.09"
2026-04-07 21:00:00+07:00,"4644.23,4661.86,4607.33,4633.55"
2026-04-07 22:00:00+07:00,"4633.52,4659.82,4624.56,4655.61"
2026-04-07 23:00:00+07:00,"4655.72,4668.91,4652.55,4657.13"
2026-04-08 00:00:00+07:00,"4657.12,4686.83,4653.8,4675.92"
2026-04-08 01:00:00+07:00,"4675.91,4686.32,4657.34,4662.29"
2026-04-08 02:00:00+07:00,"4662.31,4719.34,4660.56,4700.74"
2026-04-08 03:00:00+07:00,"4700.68,4717.33,4697.21,4704.68"
2026-04-08 05:00:00+07:00,"4709.53,4819.86,4709,4818.04"
2026-04-08 06:00:00+07:00,"4818.06,4836.44,4800.53,4833.16"
2026-04-08 07:00:00+07:00,"4833.15,4858.68,4808.8,4817.7"
2026-04-08 08:00:00+07:00,"4817.71,4825.52,4787.9,4810.11"
2026-04-08 09:00:00+07:00,"4810.25,4826.3,4798.63,4804.11"
2026-04-08 10:00:00+07:00,"4804.09,4806.18,4794.95,4797.8"
2026-04-08 11:00:00+07:00,"4797.74,4806.93,4790.41,4803.63"
2026-04-08 12:00:00+07:00,"4803.64,4843.96,4800.47,4827.49"
2026-04-08 13:00:00+07:00,"4827.45,4840.15,4819.86,4819.87"
2026-04-08 14:00:00+07:00,"4819.98,4821.49,4805.21,4813.35"
2026-04-08 15:00:00+07:00,"4813.34,4820.08,4790.13,4793.88"
2026-04-08 16:00:00+07:00,"4793.87,4807.28,4776.07,4783.03"
2026-04-08 17:00:00+07:00,"4783.01,4796.35,4769.99,4782.62"
2026-04-08 18:00:00+07:00,"4782.6,4802.95,4777.71,4798.49"
2026-04-08 19:00:00+07:00,"4798.59,4807.35,4766.48,4799.54"
2026-04-08 20:00:00+07:00,"4799.55,4806.85,4767.33,4777.56"
2026-04-08 21:00:00+07:00,"4777.09,4792.14,4732.12,4736.31"
2026-04-08 22:00:00+07:00,"4736.33,4763.31,4734.09,4756.49"
2026-04-08 23:00:00+07:00,"4756.58,4765.89,4745.41,4760.54"
2026-04-09 00:00:00+07:00,"4760.5,4764.57,4730.77,4734.05"
2026-04-09 01:00:00+07:00,"4734.08,4744.74,4703.35,4705.12"
2026-04-09 02:00:00+07:00,"4705.07,4731.96,4699.31,4730.65"
2026-04-09 03:00:00+07:00,"4730.28,4732.45,4716.95,4719.4"
2026-04-09 05:00:00+07:00,"4721.06,4733.34,4704.43,4717.41"
2026-04-09 06:00:00+07:00,"4717.27,4720.26,4705.25,4715.74"
2026-04-09 07:00:00+07:00,"4715.73,4719.32,4698.34,4706.96"
2026-04-09 08:00:00+07:00,"4706.95,4728.36,4698.97,4727.34"
2026-04-09 09:00:00+07:00,"4727.35,4733.02,4717.2,4719.05"
2026-04-09 10:00:00+07:00,"4718.92,4720.37,4705.15,4711.61"
2026-04-09 11:00:00+07:00,"4711.56,4725.49,4709.66,4720.78"
2026-04-09 12:00:00+07:00,"4720.82,4726.81,4705.57,4713.26"
2026-04-09 13:00:00+07:00,"4713.22,4725.43,4703.37,4712.79"
2026-04-09 14:00:00+07:00,"4712.57,4731.58,4705.5,4724.3"
2026-04-09 15:00:00+07:00,"4724.29,4733.46,4719.8,4726.26"
2026-04-09 16:00:00+07:00,"4726.23,4733.5,4722.97,4729.16"
2026-04-09 17:00:00+07:00,"4729.15,4746.84,4723.54,4740.95"
2026-04-09 18:00:00+07:00,"4741,4757.72,4738.33,4756.66"
2026-04-09 19:00:00+07:00,"4756.84,4760.29,4734.88,4746.1"
2026-04-09 20:00:00+07:00,"4746.11,4777.38,4738.65,4764.34"
2026-04-09 21:00:00+07:00,"4764.41,4776.34,4747.06,4768.77"
2026-04-09 22:00:00+07:00,"4768.79,4798.25,4760.86,4792.77"
2026-04-09 23:00:00+07:00,"4792.79,4801.17,4784.33,4788.98"
2026-04-10 00:00:00+07:00,"4788.99,4801.43,4786.62,4797.85"
2026-04-10 01:00:00+07:00,"4797.79,4798.16,4767.48,4772.24"
2026-04-10 02:00:00+07:00,"4772.25,4782.81,4766.76,4768.82"
2026-04-10 03:00:00+07:00,"4768.83,4781.32,4760.8,4764.55"
2026-04-10 05:00:00+07:00,"4769.14,4780.54,4758.62,4764.1"
2026-04-10 06:00:00+07:00,"4764.28,4764.46,4756.83,4763.7"
2026-04-10 07:00:00+07:00,"4763.71,4763.84,4750.48,4762.99"
2026-04-10 08:00:00+07:00,"4763,4777.14,4757.98,4764.5"
2026-04-10 09:00:00+07:00,"4764.5,4765.61,4737.88,4752.87"
2026-04-10 10:00:00+07:00,"4752.87,4769.59,4752.69,4766.63"
2026-04-10 11:00:00+07:00,"4766.65,4770.95,4757.92,4758.47"
2026-04-10 12:00:00+07:00,"4758.46,4769.41,4757.27,4765.92"
2026-04-10 13:00:00+07:00,"4765.93,4766.02,4742.67,4746.04"
2026-04-10 14:00:00+07:00,"4745.95,4757.67,4741.01,4749.72"
2026-04-10 15:00:00+07:00,"4749.73,4753.41,4730.75,4740.81"
2026-04-10 16:00:00+07:00,"4740.85,4761.02,4740.68,4751.53"
2026-04-10 17:00:00+07:00,"4751.54,4760.77,4742.03,4757.15"
2026-04-10 18:00:00+07:00,"4757.17,4768.85,4753.23,4768.03"
2026-04-10 19:00:00+07:00,"4768.18,4782.56,4759.81,4771.84"
2026-04-10 20:00:00+07:00,"4771.85,4780.34,4764.8,4774.85"
2026-04-10 21:00:00+07:00,"4774.82,4795.29,4767.21,4774.97"
2026-04-10 22:00:00+07:00,"4774.96,4787.48,4755.06,4762.4"
2026-04-10 23:00:00+07:00,"4762.25,4766.28,4747.66,4763.88"
2026-04-11 00:00:00+07:00,"4763.92,4768.89,4758.06,4760.22"
2026-04-11 01:00:00+07:00,"4760.2,4773.57,4750.77,4765.26"
2026-04-11 02:00:00+07:00,"4765.29,4770.67,4758.11,4759.73"
2026-04-11 03:00:00+07:00,"4759.88,4781.34,4717.22,4746.28"
2026-04-13 05:00:00+07:00,"4705.56,4801.63,4629.45,4658.85"
2026-04-13 06:00:00+07:00,"4659.01,4672.06,4643.84,4671.22"
2026-04-13 07:00:00+07:00,"4671.29,4698.87,4664.47,4695.49"
2026-04-13 08:00:00+07:00,"4695.44,4728.29,4693.42,4721.28"
2026-04-13 09:00:00+07:00,"4721.26,4728.07,4711.02,4720.35"
2026-04-13 10:00:00+07:00,"4720.3,4723.9,4712.18,4717.94"
2026-04-13 11:00:00+07:00,"4717.94,4725.35,4707.62,4723.24"
2026-04-13 12:00:00+07:00,"4723.34,4730.97,4716.15,4729.51"
2026-04-13 13:00:00+07:00,"4729.5,4732.83,4720.51,4725.6"
2026-04-13 14:00:00+07:00,"4725.66,4740.16,4724.61,4733.79"
2026-04-13 15:00:00+07:00,"4733.83,4738.79,4720.13,4723.41"
2026-04-13 16:00:00+07:00,"4723.42,4728.92,4710.49,4714.74"
2026-04-13 17:00:00+07:00,"4714.79,4723.98,4708.33,4722.14"
2026-04-13 18:00:00+07:00,"4722.24,4729.13,4703.63,4706.9"
2026-04-13 19:00:00+07:00,"4706.93,4725.41,4703.47,4723.68"
2026-04-13 20:00:00+07:00,"4723.51,4745.25,4720.74,4730.49"
2026-04-13 21:00:00+07:00,"4730.46,4731.41,4708.68,4719.08"
2026-04-13 22:00:00+07:00,"4719.12,4719.92,4699.67,4714.49"
2026-04-13 23:00:00+07:00,"4714.57,4746.59,4709.15,4733.07"
2026-04-14 00:00:00+07:00,"4733.23,4750.18,4725.58,4730.03"
2026-04-14 01:00:00+07:00,"4730.02,4740.95,4723.18,4738.3"
2026-04-14 02:00:00+07:00,"4738.23,4747.57,4730.66,4741.09"
2026-04-14 03:00:00+07:00,"4741.08,4744.27,4738.04,4742.04"
2026-04-14 05:00:00+07:00,"4744.25,4759.79,4744.06,4757.83"
2026-04-14 06:00:00+07:00,"4757.95,4765.96,4754.37,4757.66"
2026-04-14 07:00:00+07:00,"4757.65,4775.95,4751.28,4769.9"
2026-04-14 08:00:00+07:00,"4769.9,4777.17,4761.7,4765.04"
2026-04-14 09:00:00+07:00,"4764.99,4777.37,4761.92,4775"
2026-04-14 10:00:00+07:00,"4775.01,4775.55,4765.49,4768.2"
2026-04-14 11:00:00+07:00,"4768.23,4777.14,4766.81,4774.26"
2026-04-14 12:00:00+07:00,"4774.27,4774.35,4757.86,4760.07"
2026-04-14 13:00:00+07:00,"4760.05,4783.15,4760.02,4782.24"
2026-04-14 14:00:00+07:00,"4782.28,4796.91,4767.75,4777.05"
2026-04-14 15:00:00+07:00,"4777.05,4790.02,4774.13,4786.93"
2026-04-14 16:00:00+07:00,"4787.06,4789.44,4771.58,4778.32"
2026-04-14 17:00:00+07:00,"4778.33,4788.15,4753.12,4768.33"
2026-04-14 18:00:00+07:00,"4768.32,4783.2,4766.92,4775.15"
2026-04-14 19:00:00+07:00,"4775.16,4777.69,4762.15,4771.39"
2026-04-14 20:00:00+07:00,"4771.4,4804.35,4771.16,4794.63"
2026-04-14 21:00:00+07:00,"4794.65,4818.11,4792.83,4803.96"
2026-04-14 22:00:00+07:00,"4803.95,4816.68,4790.97,4808.3"
2026-04-14 23:00:00+07:00,"4808.33,4820.48,4804.95,4810.01"
2026-04-15 00:00:00+07:00,"4810.02,4842.17,4809.3,4835.2"
2026-04-15 01:00:00+07:00,"4835.18,4843.61,4830.91,4835.63"
2026-04-15 02:00:00+07:00,"4835.73,4846.34,4835.67,4844.97"
2026-04-15 03:00:00+07:00,"4844.77,4846.37,4839.34,4840.73"
2026-04-15 05:00:00+07:00,"4838.96,4850.92,4833.17,4834.9"
2026-04-15 06:00:00+07:00,"4835.07,4844.31,4833.47,4837.11"
2026-04-15 07:00:00+07:00,"4837.1,4840.38,4827.14,4835.52"
2026-04-15 08:00:00+07:00,"4835.42,4871.52,4828.1,4847.05"
2026-04-15 09:00:00+07:00,"4847.05,4853.45,4820.4,4824.02"
2026-04-15 10:00:00+07:00,"4824,4829.78,4816.29,4823.91"
2026-04-15 11:00:00+07:00,"4824.04,4828.04,4820.23,4825.08"
2026-04-15 12:00:00+07:00,"4825.09,4830.6,4812.36,4819.64"
2026-04-15 13:00:00+07:00,"4819.65,4825.12,4811.08,4811.55"
2026-04-15 14:00:00+07:00,"4811.54,4816.96,4803.66,4811.24"
2026-04-15 15:00:00+07:00,"4811.23,4822.1,4804.46,4818.54"
2026-04-15 16:00:00+07:00,"4818.55,4819.85,4785.66,4798.31"
2026-04-15 17:00:00+07:00,"4798.15,4805.38,4790.14,4800.15"
2026-04-15 18:00:00+07:00,"4800.2,4815.18,4795.4,4812.58"
2026-04-15 19:00:00+07:00,"4812.6,4816.3,4806.89,4811.76"
2026-04-15 20:00:00+07:00,"4811.74,4830.26,4808.34,4828.86"
2026-04-15 21:00:00+07:00,"4828.81,4830.79,4813.36,4815.72"
2026-04-15 22:00:00+07:00,"4815.71,4816.33,4786.69,4801.67"
2026-04-15 23:00:00+07:00,"4801.68,4812.86,4800.14,4803.81"
2026-04-16 00:00:00+07:00,"4803.83,4808.76,4790.81,4792.6"
2026-04-16 01:00:00+07:00,"4792.61,4802.94,4789.93,4799.6"
2026-04-16 02:00:00+07:00,"4799.65,4803.59,4794.44,4795.82"
2026-04-16 03:00:00+07:00,"4795.71,4796.76,4787.6,4790.68"
2026-04-16 05:00:00+07:00,"4789.79,4812.11,4789.79,4807.26"
2026-04-16 06:00:00+07:00,"4807.45,4826.82,4807.39,4823.46"
2026-04-16 07:00:00+07:00,"4823.21,4837.79,4820.04,4833.09"
2026-04-16 08:00:00+07:00,"4833.1,4836.4,4811.07,4817.97"
2026-04-16 09:00:00+07:00,"4818,4825.11,4812.35,4819.8"
2026-04-16 10:00:00+07:00,"4819.71,4827.21,4818.91,4824.21"
2026-04-16 11:00:00+07:00,"4824.1,4833.62,4822.75,4833.02"
2026-04-16 12:00:00+07:00,"4833.04,4838.58,4820.97,4821.32"
2026-04-16 13:00:00+07:00,"4821.27,4830.7,4814.38,4826.08"
2026-04-16 14:00:00+07:00,"4826.11,4831.03,4816.77,4820.99"
2026-04-16 15:00:00+07:00,"4821.03,4822.02,4806.39,4813.72"
2026-04-16 16:00:00+07:00,"4813.71,4818.23,4806.83,4812.89"
2026-04-16 17:00:00+07:00,"4812.94,4817.45,4805.01,4817.37"
2026-04-16 18:00:00+07:00,"4817.39,4822.61,4815.39,4822.34"
2026-04-16 19:00:00+07:00,"4822.38,4823.28,4811.55,4816.09"
2026-04-16 20:00:00+07:00,"4816.1,4824.23,4784.01,4794.76"
2026-04-16 21:00:00+07:00,"4794.72,4805.74,4770.96,4788.67"
2026-04-16 22:00:00+07:00,"4788.71,4813.22,4788.16,4806.99"
2026-04-16 23:00:00+07:00,"4807.08,4810.23,4785.17,4791.97"
2026-04-17 00:00:00+07:00,"4791.98,4795.52,4781.29,4789.38"
2026-04-17 01:00:00+07:00,"4789.22,4794.35,4785.54,4789.8"
2026-04-17 02:00:00+07:00,"4789.78,4798.73,4789.53,4793.54"
2026-04-17 03:00:00+07:00,"4793.68,4794.03,4786.13,4789.39"
2026-04-17 05:00:00+07:00,"4789.62,4798.21,4789.62,4795.13"
2026-04-17 06:00:00+07:00,"4795.12,4797.93,4791.5,4791.5"
2026-04-17 07:00:00+07:00,"4791.43,4801.34,4785.77,4795"
2026-04-17 08:00:00+07:00,"4795,4795.69,4767.68,4789.4"
2026-04-17 09:00:00+07:00,"4789.35,4794.76,4784.39,4784.72"
2026-04-17 10:00:00+07:00,"4784.82,4798.35,4784.76,4793.32"
2026-04-17 11:00:00+07:00,"4793.2,4804.6,4792.62,4802.97"
2026-04-17 12:00:00+07:00,"4802.97,4806.35,4793.66,4794.11"
2026-04-17 13:00:00+07:00,"4794.13,4795.34,4779.29,4785.03"
2026-04-17 14:00:00+07:00,"4785.02,4794.79,4778.71,4784.48"
2026-04-17 15:00:00+07:00,"4784.47,4797.08,4780.64,4795.96"
2026-04-17 16:00:00+07:00,"4795.97,4800.99,4789.87,4790.34"
2026-04-17 17:00:00+07:00,"4790.35,4794.05,4782.23,4787.5"
2026-04-17 18:00:00+07:00,"4787.54,4811.94,4783.48,4799.06"
2026-04-17 19:00:00+07:00,"4799.07,4848.05,4797.57,4846.56"
2026-04-17 20:00:00+07:00,"4846.53,4889.47,4834.75,4880.42"
2026-04-17 21:00:00+07:00,"4880.39,4885.61,4860.61,4873.09"
2026-04-17 22:00:00+07:00,"4873.2,4880.61,4854.48,4867.54"
2026-04-17 23:00:00+07:00,"4867.58,4873.67,4863.66,4867.18"
2026-04-18 00:00:00+07:00,"4867.15,4869.52,4853.5,4862.7"
2026-04-18 01:00:00+07:00,"4862.75,4868.2,4855.81,4858.16"
2026-04-18 02:00:00+07:00,"4858.13,4861.46,4852.79,4854.56"
2026-04-18 03:00:00+07:00,"4854.42,4855.36,4827.28,4828.82"
2026-04-20 05:00:00+07:00,"4791.5,4795.38,4756.43,4779.4"
2026-04-20 06:00:00+07:00,"4779.42,4779.62,4736.64,4755.23"
2026-04-20 07:00:00+07:00,"4755.24,4774.66,4744.38,4772.39"
2026-04-20 08:00:00+07:00,"4772.41,4814.42,4771.22,4807.89"
2026-04-20 09:00:00+07:00,"4807.9,4809.14,4793.09,4797.15"
2026-04-20 10:00:00+07:00,"4797.12,4798.44,4788.65,4791.01"
2026-04-20 11:00:00+07:00,"4791.02,4795.94,4787.28,4788.88"
2026-04-20 12:00:00+07:00,"4788.88,4796.09,4779.18,4790.89"
2026-04-20 13:00:00+07:00,"4790.74,4795.51,4783.84,4795.51"
2026-04-20 14:00:00+07:00,"4795.65,4805.8,4786.88,4789.82"
2026-04-20 15:00:00+07:00,"4789.81,4796.43,4785.9,4796.36"
2026-04-20 16:00:00+07:00,"4796.29,4798.11,4783.36,4791.64"
2026-04-20 17:00:00+07:00,"4791.63,4800.95,4789.76,4795.91"
2026-04-20 18:00:00+07:00,"4795.78,4811,4786.64,4810.49"
2026-04-20 19:00:00+07:00,"4810.5,4822.36,4799.07,4803.36"
2026-04-20 20:00:00+07:00,"4803.37,4826.52,4799.74,4817.85"
2026-04-20 21:00:00+07:00,"4817.89,4827.71,4792.08,4805.36"
2026-04-20 22:00:00+07:00,"4805.44,4809.83,4792.76,4799.73"
2026-04-20 23:00:00+07:00,"4799.76,4806.52,4792.77,4805.64"
2026-04-21 00:00:00+07:00,"4805.57,4812.41,4803.81,4806.99"
2026-04-21 01:00:00+07:00,"4806.9,4816.58,4806.9,4813.99"
2026-04-21 02:00:00+07:00,"4813.98,4821.48,4810.3,4814.36"
2026-04-21 03:00:00+07:00,"4814.46,4822.1,4811.99,4820.21"
2026-04-21 05:00:00+07:00,"4822.05,4833.59,4820.43,4827.86"
2026-04-21 06:00:00+07:00,"4827.82,4831.98,4819.76,4821.92"
2026-04-21 07:00:00+07:00,"4822.06,4830.82,4816.84,4824.03"
2026-04-21 08:00:00+07:00,"4823.98,4824.65,4805.58,4810.16"
2026-04-21 09:00:00+07:00,"4810.17,4810.58,4802.4,4806.83"
2026-04-21 10:00:00+07:00,"4806.83,4807.91,4792.55,4797"
2026-04-21 11:00:00+07:00,"4797.01,4798.02,4788.6,4789.33"
2026-04-21 12:00:00+07:00,"4789.34,4797.06,4783.1,4784.18"
2026-04-21 13:00:00+07:00,"4784.18,4790.81,4774.57,4778.5"
2026-04-21 14:00:00+07:00,"4778.44,4792.82,4772.66,4786.13"
2026-04-21 15:00:00+07:00,"4786.06,4793.1,4774.7,4785.9"
2026-04-21 16:00:00+07:00,"4785.97,4789.64,4781.06,4783.76"
2026-04-21 17:00:00+07:00,"4783.77,4790.59,4780.68,4789.73"
2026-04-21 18:00:00+07:00,"4789.74,4797.89,4775.65,4794.64"
2026-04-21 19:00:00+07:00,"4794.65,4797.1,4766.38,4778.77"
2026-04-21 20:00:00+07:00,"4778.76,4794.38,4760.46,4779.16"
2026-04-21 21:00:00+07:00,"4779.02,4782.79,4723.11,4739.04"
2026-04-21 22:00:00+07:00,"4738.87,4757.84,4727.72,4741.56"
2026-04-21 23:00:00+07:00,"4741.59,4747.14,4708.23,4710.99"
2026-04-22 00:00:00+07:00,"4711,4722.45,4697.05,4711.12"
2026-04-22 01:00:00+07:00,"4711.11,4714.79,4692.47,4709.26"
2026-04-22 02:00:00+07:00,"4709.27,4715.26,4668,4679.28"
2026-04-22 03:00:00+07:00,"4679.13,4720.83,4668.83,4719.44"
2026-04-22 05:00:00+07:00,"4719.25,4729.64,4715.4,4719.51"
2026-04-22 06:00:00+07:00,"4719.5,4740.56,4717.89,4738.15"
2026-04-22 07:00:00+07:00,"4738.22,4747.45,4738.22,4740.03"
2026-04-22 08:00:00+07:00,"4740.03,4754.81,4735.77,4752.11"
2026-04-22 09:00:00+07:00,"4752.12,4758.63,4750.02,4755.81"
2026-04-22 10:00:00+07:00,"4755.78,4765.08,4753.01,4758.15"
2026-04-22 11:00:00+07:00,"4758.29,4759.6,4752.15,4754.51"
2026-04-22 12:00:00+07:00,"4754.52,4772.25,4752.06,4767.79"
2026-04-22 13:00:00+07:00,"4767.77,4767.97,4758.88,4767.84"
2026-04-22 14:00:00+07:00,"4767.83,4772.52,4759.49,4760.54"
2026-04-22 15:00:00+07:00,"4760.53,4762.4,4751.7,4756.96"
2026-04-22 16:00:00+07:00,"4756.97,4762.57,4752.47,4755.27"
2026-04-22 17:00:00+07:00,"4755.29,4760.1,4745.79,4759.28"
2026-04-22 18:00:00+07:00,"4759.45,4760.81,4747.83,4750.39"
2026-04-22 19:00:00+07:00,"4750.35,4759.85,4742.81,4744.46"
2026-04-22 20:00:00+07:00,"4744.47,4760.89,4736.23,4752.96"
2026-04-22 21:00:00+07:00,"4752.95,4757.72,4729.79,4736.08"
2026-04-22 22:00:00+07:00,"4736.17,4740.38,4724.85,4727.75"
2026-04-22 23:00:00+07:00,"4727.65,4735.17,4723.97,4728.77"
2026-04-23 00:00:00+07:00,"4728.78,4739.7,4728.57,4737.31"
2026-04-23 01:00:00+07:00,"4737.32,4749.43,4729.81,4741.85"
2026-04-23 02:00:00+07:00,"4741.87,4745.6,4736.99,4740.32"
2026-04-23 03:00:00+07:00,"4740.27,4740.81,4734.27,4738.93"
2026-04-23 05:00:00+07:00,"4740.63,4746.2,4725.58,4725.95"
2026-04-23 06:00:00+07:00,"4725.95,4729.97,4723.34,4727.82"
2026-04-23 07:00:00+07:00,"4727.87,4754.12,4694.12,4747.62"
2026-04-23 08:00:00+07:00,"4747.58,4749.99,4722.39,4723.21"
2026-04-23 09:00:00+07:00,"4723.18,4724.92,4698.16,4698.98"
2026-04-23 10:00:00+07:00,"4698.97,4708.82,4698.2,4704.06"
2026-04-23 11:00:00+07:00,"4704.06,4707.09,4698.76,4704.39"
2026-04-23 12:00:00+07:00,"4704.4,4715.1,4691.8,4713.28"
2026-04-23 13:00:00+07:00,"4713.4,4721.72,4708.51,4712.98"
2026-04-23 14:00:00+07:00,"4712.97,4720.63,4703.02,4719"
2026-04-23 15:00:00+07:00,"4718.94,4725.15,4701.64,4703.33"
2026-04-23 16:00:00+07:00,"4703.32,4703.82,4694.73,4697.7"
2026-04-23 17:00:00+07:00,"4697.71,4701.86,4684.19,4696.7"
2026-04-23 18:00:00+07:00,"4696.76,4720.89,4695.32,4720.88"
2026-04-23 19:00:00+07:00,"4720.89,4743.33,4719.74,4740.06"
2026-04-23 20:00:00+07:00,"4740.06,4741.46,4723.58,4724.26"
2026-04-23 21:00:00+07:00,"4724.25,4736.79,4716.83,4733.67"
2026-04-23 22:00:00+07:00,"4733.66,4740.88,4716.09,4720.56"
2026-04-23 23:00:00+07:00,"4720.58,4737.18,4715.51,4732.83"
2026-04-24 00:00:00+07:00,"4732.86,4734.6,4664.05,4709.27"
2026-04-24 01:00:00+07:00,"4709.4,4722.75,4699.41,4701.05"
2026-04-24 02:00:00+07:00,"4700.9,4704.59,4688.97,4696.1"
2026-04-24 03:00:00+07:00,"4696.04,4698.19,4686.3,4692.33"
2026-04-24 05:00:00+07:00,"4696.06,4702.91,4689.87,4693.2"
2026-04-24 06:00:00+07:00,"4693.21,4700.86,4686.77,4695.41"
2026-04-24 07:00:00+07:00,"4695.46,4707.96,4690.95,4704.67"
2026-04-24 08:00:00+07:00,"4704.67,4711.23,4690.2,4699.22"
2026-04-24 09:00:00+07:00,"4699.24,4700.81,4672.99,4676.7"
2026-04-24 10:00:00+07:00,"4676.68,4678.46,4668.76,4672.08"
2026-04-24 11:00:00+07:00,"4672.05,4677.1,4657.37,4674.54"
2026-04-24 12:00:00+07:00,"4674.55,4687.27,4669.23,4686.36"
2026-04-24 13:00:00+07:00,"4686.37,4688.35,4666.49,4672.09"
2026-04-24 14:00:00+07:00,"4672.05,4695.33,4670.86,4694.49"
2026-04-24 15:00:00+07:00,"4694.39,4697.6,4685,4690.94"
2026-04-24 16:00:00+07:00,"4690.95,4696.87,4679.23,4682.07"
2026-04-24 17:00:00+07:00,"4682.06,4686.37,4674.52,4677.81"
2026-04-24 18:00:00+07:00,"4677.76,4717.36,4677.66,4706.75"
2026-04-24 19:00:00+07:00,"4706.76,4711.93,4690.23,4700.49"
2026-04-24 20:00:00+07:00,"4700.5,4717.45,4689.56,4711.77"
2026-04-24 21:00:00+07:00,"4711.78,4740.37,4706.65,4726.31"
2026-04-24 22:00:00+07:00,"4726.31,4733.63,4714.71,4727.2"
2026-04-24 23:00:00+07:00,"4726.81,4729.63,4719.06,4726.76"
2026-04-25 00:00:00+07:00,"4726.77,4730.33,4718.94,4723.35"
2026-04-25 01:00:00+07:00,"4723.32,4724.85,4716.84,4722.84"
2026-04-25 02:00:00+07:00,"4722.89,4726.01,4713.62,4716.14"
2026-04-25 03:00:00+07:00,"4716.13,4717.54,4705.17,4709.17"
2026-04-27 05:00:00+07:00,"4697.76,4704.75,4680.12,4684.54"
2026-04-27 06:00:00+07:00,"4684.39,4684.93,4674.83,4680.23"
2026-04-27 07:00:00+07:00,"4680.22,4698.15,4672.06,4697.79"
2026-04-27 08:00:00+07:00,"4697.66,4709.79,4690.89,4702.6"
2026-04-27 09:00:00+07:00,"4702.58,4723.53,4696.08,4718.28"
2026-04-27 10:00:00+07:00,"4718.31,4729.42,4714.39,4724.26"
2026-04-27 11:00:00+07:00,"4724.27,4730.1,4722.59,4724.87"
2026-04-27 12:00:00+07:00,"4724.89,4725.52,4708.58,4710.19"
2026-04-27 13:00:00+07:00,"4710.18,4715.8,4709.35,4712.71"
2026-04-27 14:00:00+07:00,"4712.72,4718.32,4709.86,4713.52"
2026-04-27 15:00:00+07:00,"4713.53,4714.67,4705.36,4706.87"
2026-04-27 16:00:00+07:00,"4706.87,4708.35,4699.16,4703.59"
2026-04-27 17:00:00+07:00,"4703.6,4711,4699.52,4708.85"
2026-04-27 18:00:00+07:00,"4708.87,4709.09,4700.25,4704.97"
2026-04-27 19:00:00+07:00,"4705.06,4712.6,4696.87,4699.32"
2026-04-27 20:00:00+07:00,"4699.3,4703.46,4689.09,4696.29"
2026-04-27 21:00:00+07:00,"4696.32,4697.04,4676.47,4678.35"
2026-04-27 22:00:00+07:00,"4678.36,4682.57,4667.03,4670.02"
2026-04-27 23:00:00+07:00,"4670.02,4679.57,4667.36,4676.86"
2026-04-28 00:00:00+07:00,"4676.89,4686.14,4668.19,4682.18"
2026-04-28 01:00:00+07:00,"4682.2,4685.66,4678.76,4680.73"
2026-04-28 02:00:00+07:00,"4680.73,4682.86,4676.63,4680.91"
2026-04-28 03:00:00+07:00,"4680.92,4682.42,4677.49,4681.97"
2026-04-28 05:00:00+07:00,"4681.76,4691.28,4681.76,4687.76"
2026-04-28 06:00:00+07:00,"4687.83,4695.09,4687.15,4691.81"
2026-04-28 07:00:00+07:00,"4691.83,4701.71,4690.42,4690.54"
2026-04-28 08:00:00+07:00,"4690.53,4691.55,4669.1,4670.84"
2026-04-28 09:00:00+07:00,"4670.82,4679.8,4666.31,4669.17"
2026-04-28 10:00:00+07:00,"4669.14,4676.08,4668.52,4670.96"
2026-04-28 11:00:00+07:00,"4670.94,4671.21,4666.63,4667.74"
2026-04-28 12:00:00+07:00,"4667.94,4668.14,4623.72,4632.31"
2026-04-28 13:00:00+07:00,"4632.32,4643.07,4622.96,4628.91"
2026-04-28 14:00:00+07:00,"4628.93,4639.51,4620.36,4633.04"
2026-04-28 15:00:00+07:00,"4633.04,4635.53,4614.05,4629.84"
2026-04-28 16:00:00+07:00,"4629.83,4630.21,4604.6,4604.69"
2026-04-28 17:00:00+07:00,"4604.68,4616.57,4603.18,4603.18"
2026-04-28 18:00:00+07:00,"4603.03,4608.92,4554.9,4562.67"
2026-04-28 19:00:00+07:00,"4562.66,4600.66,4554.77,4593.76"
2026-04-28 20:00:00+07:00,"4593.7,4594.69,4570.75,4580.23"
2026-04-28 21:00:00+07:00,"4580.28,4580.91,4557.17,4574.61"
2026-04-28 22:00:00+07:00,"4574.59,4586.61,4566.99,4586.57"
2026-04-28 23:00:00+07:00,"4586.35,4595.03,4577.79,4592.33"
2026-04-29 00:00:00+07:00,"4592.36,4601.6,4587.26,4594.87"
2026-04-29 01:00:00+07:00,"4594.88,4600.96,4592.12,4594.39"
2026-04-29 02:00:00+07:00,"4594.38,4600,4593.35,4595.49"
2026-04-29 03:00:00+07:00,"4595.45,4598.62,4591.02,4594.88"
2026-04-29 05:00:00+07:00,"4595.27,4599.9,4592.47,4594"
2026-04-29 06:00:00+07:00,"4594.15,4596.28,4587.75,4595.81"
2026-04-29 07:00:00+07:00,"4595.8,4610.5,4595.03,4600.38"
2026-04-29 08:00:00+07:00,"4600.32,4600.57,4575.54,4584.99"
2026-04-29 09:00:00+07:00,"4585,4604.25,4585,4593.64"
2026-04-29 10:00:00+07:00,"4593.65,4603.36,4592.16,4595.66"
2026-04-29 11:00:00+07:00,"4595.75,4605.76,4595.4,4604.77"
2026-04-29 12:00:00+07:00,"4604.77,4607.93,4590.7,4590.99"
2026-04-29 13:00:00+07:00,"4591.01,4598.97,4580.76,4584.61"
2026-04-29 14:00:00+07:00,"4584.63,4589.21,4567.33,4567.97"
2026-04-29 15:00:00+07:00,"4567.99,4576.86,4557.24,4573.29"
2026-04-29 16:00:00+07:00,"4573.44,4580.95,4550.4,4555.76"
2026-04-29 17:00:00+07:00,"4555.77,4576.59,4555.05,4569.81"
2026-04-29 18:00:00+07:00,"4569.77,4572.21,4559.21,4561.66"
2026-04-29 19:00:00+07:00,"4561.67,4569.04,4541.62,4544.94"
2026-04-29 20:00:00+07:00,"4544.98,4553.28,4510.11,4521.83"
2026-04-29 21:00:00+07:00,"4521.89,4542.77,4517.63,4539.51"
2026-04-29 22:00:00+07:00,"4539.5,4558.99,4536.11,4547.78"
2026-04-29 23:00:00+07:00,"4547.74,4565.07,4543.38,4545.46"
2026-04-30 00:00:00+07:00,"4545.48,4554.56,4541.63,4547.54"
2026-04-30 01:00:00+07:00,"4547.6,4552.84,4518.24,4538.23"
2026-04-30 02:00:00+07:00,"4538.24,4550.74,4533.11,4546.83"
2026-04-30 03:00:00+07:00,"4546.93,4553.8,4541.19,4543.77"
2026-04-30 05:00:00+07:00,"4544.16,4552.71,4539.14,4552.04"
2026-04-30 06:00:00+07:00,"4552.08,4562.17,4549.56,4561.62"
2026-04-30 07:00:00+07:00,"4561.67,4574.41,4556.3,4569.99"
2026-04-30 08:00:00+07:00,"4570.13,4582.58,4564.58,4578.95"
2026-04-30 09:00:00+07:00,"4579.08,4581.94,4559.73,4565.03"
2026-04-30 10:00:00+07:00,"4564.68,4569.29,4555.67,4556.04"
2026-04-30 11:00:00+07:00,"4555.96,4557.15,4540.76,4542.12"
2026-04-30 12:00:00+07:00,"4542.11,4569.73,4541.99,4562.71"
2026-04-30 13:00:00+07:00,"4562.72,4591.78,4560.09,4589.47"
2026-04-30 14:00:00+07:00,"4589.48,4605.73,4584.86,4598.43"
2026-04-30 15:00:00+07:00,"4598.46,4629.96,4597.21,4616.43"
2026-04-30 16:00:00+07:00,"4616.47,4631.84,4614.11,4625.24"
2026-04-30 17:00:00+07:00,"4625.22,4647.41,4623.58,4640.13"
2026-04-30 18:00:00+07:00,"4640.17,4645.41,4626.75,4630.36"
2026-04-30 19:00:00+07:00,"4630.38,4640.12,4623.98,4639.76"
2026-04-30 20:00:00+07:00,"4639.77,4646.3,4610.39,4610.86"
2026-04-30 21:00:00+07:00,"4610.91,4626.19,4609.2,4619.67"
2026-04-30 22:00:00+07:00,"4619.66,4625.67,4611.08,4615.37"
2026-04-30 23:00:00+07:00,"4615.37,4618.1,4605.37,4607.77"
2026-05-01 00:00:00+07:00,"4607.75,4621.55,4607.51,4616.81"
2026-05-01 01:00:00+07:00,"4616.95,4625.27,4616.73,4622.59"
2026-05-01 02:00:00+07:00,"4622.58,4627.54,4614.42,4617.04"
2026-05-01 03:00:00+07:00,"4617.1,4622.83,4615.24,4621.29"
2026-05-01 05:00:00+07:00,"4624.92,4635.54,4624.92,4630.32"
2026-05-01 06:00:00+07:00,"4630.35,4634.06,4626.25,4626.38"
2026-05-01 07:00:00+07:00,"4626.38,4631.1,4618.37,4619.92"
2026-05-01 08:00:00+07:00,"4619.97,4622.31,4613.87,4621"
2026-05-01 09:00:00+07:00,"4620.99,4636,4616.57,4619.1"
2026-05-01 10:00:00+07:00,"4619.07,4631.99,4617.75,4626.73"
2026-05-01 11:00:00+07:00,"4626.82,4628.79,4609.09,4609.09"
2026-05-01 12:00:00+07:00,"4609.08,4616.31,4602.8,4604.98"
2026-05-01 13:00:00+07:00,"4604.99,4607.95,4590.73,4594.59"
2026-05-01 14:00:00+07:00,"4594.57,4598.22,4575.91,4578.21"
2026-05-01 15:00:00+07:00,"4578.28,4582.65,4565.04,4569.21"
2026-05-01 16:00:00+07:00,"4569.19,4573.07,4560.08,4562.93"
2026-05-01 17:00:00+07:00,"4562.92,4576.15,4561.39,4566.89"
2026-05-01 18:00:00+07:00,"4566.84,4579.64,4562.37,4578.75"
2026-05-01 19:00:00+07:00,"4578.74,4607.78,4575.02,4591"
2026-05-01 20:00:00+07:00,"4591.05,4629.1,4586.4,4625.49"
2026-05-01 21:00:00+07:00,"4625.45,4660.76,4624.8,4632.26"
2026-05-01 22:00:00+07:00,"4632.35,4648.31,4619.1,4643.22"
2026-05-01 23:00:00+07:00,"4643.2,4649.93,4633.94,4638.67"
2026-05-02 00:00:00+07:00,"4638.67,4642.9,4626.66,4629.53"
2026-05-02 01:00:00+07:00,"4629.54,4630.94,4613.83,4624.49"
2026-05-02 02:00:00+07:00,"4624.57,4627.83,4608.85,4611.08"
2026-05-02 03:00:00+07:00,"4610.84,4617.1,4606.98,4613.55"
2026-05-04 05:00:00+07:00,"4631.02,4637.66,4612.5,4619.04"
2026-05-04 06:00:00+07:00,"4619.1,4620.88,4611.32,4613.9"
2026-05-04 07:00:00+07:00,"4613.91,4616.53,4601.65,4613.12"
2026-05-04 08:00:00+07:00,"4613.03,4614.02,4592.38,4612.98"
2026-05-04 09:00:00+07:00,"4613,4618.69,4590.84,4605.8"
2026-05-04 10:00:00+07:00,"4605.77,4617.13,4598.43,4615.01"
2026-05-04 11:00:00+07:00,"4615.04,4615.47,4605.17,4606.02"
2026-05-04 12:00:00+07:00,"4606.12,4613.51,4592.33,4598.85"
2026-05-04 13:00:00+07:00,"4598.83,4600.74,4583.67,4588.9"
2026-05-04 14:00:00+07:00,"4588.86,4593.44,4577.88,4578.97"
2026-05-04 15:00:00+07:00,"4578.96,4581.6,4573.77,4577.25"
2026-05-04 16:00:00+07:00,"4577.26,4584.7,4572.04,4575.6"
2026-05-04 17:00:00+07:00,"4575.58,4576.1,4525.5,4562.54"
2026-05-04 18:00:00+07:00,"4562.58,4571.06,4551.23,4560.14"
2026-05-04 19:00:00+07:00,"4560.12,4579.27,4559.28,4568.47"
2026-05-04 20:00:00+07:00,"4568.59,4576.01,4555.72,4563.87"
2026-05-04 21:00:00+07:00,"4563.86,4583.19,4553.55,4561.72"
2026-05-04 22:00:00+07:00,"4561.79,4566.4,4512.17,4521.64"
2026-05-04 23:00:00+07:00,"4521.49,4527.35,4500.23,4510.74"
2026-05-05 00:00:00+07:00,"4510.76,4531.93,4510.76,4522.28"
2026-05-05 01:00:00+07:00,"4522.31,4525.67,4509.41,4516.2"
2026-05-05 02:00:00+07:00,"4516.22,4527.26,4511.26,4517.75"
2026-05-05 03:00:00+07:00,"4517.76,4523.92,4511.61,4521.43"
2026-05-05 05:00:00+07:00,"4521.63,4525.19,4515.47,4517.28"
2026-05-05 06:00:00+07:00,"4517.3,4521.71,4516.02,4519.04"
2026-05-05 07:00:00+07:00,"4519.04,4530.54,4513.34,4529.8"
2026-05-05 08:00:00+07:00,"4529.78,4542.04,4525.46,4540.81"
2026-05-05 09:00:00+07:00,"4540.88,4546.78,4534.67,4539.15"
2026-05-05 10:00:00+07:00,"4539.08,4542.86,4532.13,4534.57"
2026-05-05 11:00:00+07:00,"4534.58,4536.9,4527.74,4533.6"
2026-05-05 12:00:00+07:00,"4533.57,4551.72,4531.35,4545.78"
2026-05-05 13:00:00+07:00,"4545.94,4552.33,4533.92,4548.27"
2026-05-05 14:00:00+07:00,"4548.26,4558.49,4543.3,4545.67"
2026-05-05 15:00:00+07:00,"4545.66,4559.78,4545.21,4558.55"
2026-05-05 16:00:00+07:00,"4558.51,4560.66,4550.89,4556.34"
2026-05-05 17:00:00+07:00,"4556.42,4557.02,4540.06,4543.67"
2026-05-05 18:00:00+07:00,"4543.7,4565.06,4539.92,4562.91"
2026-05-05 19:00:00+07:00,"4562.9,4574.72,4554,4564.41"
2026-05-05 20:00:00+07:00,"4564.38,4585.12,4564.37,4579.2"
2026-05-05 21:00:00+07:00,"4579.39,4586.82,4565.63,4582.52"
2026-05-05 22:00:00+07:00,"4582.55,4583.93,4568.24,4568.45"
2026-05-05 23:00:00+07:00,"4568.44,4569.13,4553.56,4561.27"
2026-05-06 00:00:00+07:00,"4561.28,4562.84,4553.14,4559.88"
2026-05-06 01:00:00+07:00,"4559.89,4565.81,4557.49,4561.09"
2026-05-06 02:00:00+07:00,"4561.07,4561.69,4551.51,4555.23"
2026-05-06 03:00:00+07:00,"4555.32,4560.05,4553.83,4554.75"
2026-05-06 05:00:00+07:00,"4556.08,4577.3,4546.29,4573.15"
2026-05-06 06:00:00+07:00,"4573.23,4596.11,4569.28,4594.04"
2026-05-06 07:00:00+07:00,"4593.72,4620.39,4588.04,4618.84"
2026-05-06 08:00:00+07:00,"4618.65,4629.06,4609.45,4626.06"
2026-05-06 09:00:00+07:00,"4626.05,4641.96,4625.23,4640.85"
2026-05-06 10:00:00+07:00,"4640.83,4652.1,4638.54,4643.71"
2026-05-06 11:00:00+07:00,"4643.73,4653.7,4643.45,4648.91"
2026-05-06 12:00:00+07:00,"4648.98,4664,4644.61,4663.01"
2026-05-06 13:00:00+07:00,"4663,4669.95,4656.72,4669.51"
2026-05-06 14:00:00+07:00,"4669.43,4681.96,4657.43,4681.66"
2026-05-06 15:00:00+07:00,"4681.34,4702.82,4671.34,4700.34"
2026-05-06 16:00:00+07:00,"4700.42,4708.94,4689.15,4701.86"
2026-05-06 17:00:00+07:00,"4701.87,4723.43,4695.55,4718.04"
2026-05-06 18:00:00+07:00,"4718.02,4721.47,4690.84,4692.02"
2026-05-06 19:00:00+07:00,"4692.05,4693.15,4660.13,4683.39"
2026-05-06 20:00:00+07:00,"4683.41,4708.08,4668.82,4702.18"
2026-05-06 21:00:00+07:00,"4702.11,4717.59,4697.81,4703.17"
2026-05-06 22:00:00+07:00,"4703.15,4705.8,4687.71,4687.87"
2026-05-06 23:00:00+07:00,"4687.86,4692.36,4678.87,4683.03"
2026-05-07 00:00:00+07:00,"4683.02,4688.14,4678.84,4684.23"
2026-05-07 01:00:00+07:00,"4684.15,4690.66,4681.95,4686.09"
2026-05-07 02:00:00+07:00,"4686.13,4700.32,4686.07,4692.48"
2026-05-07 03:00:00+07:00,"4692.45,4699.66,4685.02,4690.83"
2026-05-07 05:00:00+07:00,"4688.18,4699.85,4687.95,4694.74"
2026-05-07 06:00:00+07:00,"4694.84,4699.68,4690.21,4698.82"
2026-05-07 07:00:00+07:00,"4698.86,4701.4,4685.49,4688.72"
2026-05-07 08:00:00+07:00,"4688.74,4721.17,4685.11,4714.81"
2026-05-07 09:00:00+07:00,"4714.82,4718.65,4699.8,4707.35"
2026-05-07 10:00:00+07:00,"4707.34,4709.89,4698.93,4699.07"
2026-05-07 11:00:00+07:00,"4699.02,4701.27,4692.4,4696.38"
2026-05-07 12:00:00+07:00,"4696.33,4706.75,4694.53,4701.25"
2026-05-07 13:00:00+07:00,"4701.31,4749.99,4701.1,4739.24"
2026-05-07 14:00:00+07:00,"4739.25,4750.71,4731.59,4743.3"
2026-05-07 15:00:00+07:00,"4743.29,4753.51,4730.88,4731.04"
2026-05-07 16:00:00+07:00,"4731.04,4739.57,4721.8,4729.17"
2026-05-07 17:00:00+07:00,"4729.17,4739.96,4726.51,4735.74"
2026-05-07 18:00:00+07:00,"4735.93,4743.89,4727.17,4742.65"
2026-05-07 19:00:00+07:00,"4743,4752.67,4733,4749.97"
2026-05-07 20:00:00+07:00,"4749.96,4758.32,4730.9,4746.44"
2026-05-07 21:00:00+07:00,"4746.01,4763.51,4740.72,4762.82"
2026-05-07 22:00:00+07:00,"4762.81,4764.8,4726.42,4729.23"
2026-05-07 23:00:00+07:00,"4729.24,4729.93,4704.08,4715.06"
2026-05-08 00:00:00+07:00,"4715.05,4719.66,4687.74,4711.52"
2026-05-08 01:00:00+07:00,"4711.59,4716.09,4695.47,4709.65"
2026-05-08 02:00:00+07:00,"4709.66,4712.99,4697.71,4702.63"
2026-05-08 03:00:00+07:00,"4702.65,4718.98,4684.63,4685.13"
2026-05-08 05:00:00+07:00,"4677.9,4699.5,4676.79,4685.93"
2026-05-08 06:00:00+07:00,"4685.77,4705.75,4684.61,4704.3"
2026-05-08 07:00:00+07:00,"4704.31,4709.54,4693.72,4701.51"
2026-05-08 08:00:00+07:00,"4701.49,4725.55,4700.38,4722.94"
2026-05-08 09:00:00+07:00,"4722.94,4732.81,4706.56,4713.46"
2026-05-08 10:00:00+07:00,"4713.41,4731.15,4711.15,4719.45"
2026-05-08 11:00:00+07:00,"4719.44,4723.36,4708.89,4710.89"
2026-05-08 12:00:00+07:00,"4710.96,4731.42,4709.46,4727.59"
2026-05-08 13:00:00+07:00,"4727.59,4734.76,4712.25,4725.59"
2026-05-08 14:00:00+07:00,"4725.6,4726.7,4696.69,4707.87"
2026-05-08 15:00:00+07:00,"4707.86,4723.65,4706.53,4715.83"
2026-05-08 16:00:00+07:00,"4715.86,4722.83,4707.41,4711.97"
2026-05-08 17:00:00+07:00,"4711.96,4728.14,4711.14,4719.78"
2026-05-08 18:00:00+07:00,"4719.98,4727.49,4713.68,4717.82"
2026-05-08 19:00:00+07:00,"4717.84,4732.22,4701.74,4724.53"
2026-05-08 20:00:00+07:00,"4724.52,4748.08,4715.96,4748.08"
2026-05-08 21:00:00+07:00,"4748,4749.68,4713.33,4715.9"
2026-05-08 22:00:00+07:00,"4715.89,4721.13,4701.89,4707.06"
2026-05-08 23:00:00+07:00,"4706.79,4720.33,4705.5,4712.55"
2026-05-09 00:00:00+07:00,"4712.55,4722.78,4712.19,4720.71"
2026-05-09 01:00:00+07:00,"4720.77,4729.02,4719.83,4721.92"
2026-05-09 02:00:00+07:00,"4721.82,4727.08,4721.05,4723.92"
2026-05-09 03:00:00+07:00,"4723.84,4724.17,4713.62,4713.86"
2026-05-11 05:00:00+07:00,"4682.55,4700.86,4678.73,4691.95"
2026-05-11 06:00:00+07:00,"4691.74,4698.68,4688.65,4691.59"
2026-05-11 07:00:00+07:00,"4691.54,4693.37,4670.03,4683.29"
2026-05-11 08:00:00+07:00,"4683.26,4705.6,4674.2,4685.84"
2026-05-11 09:00:00+07:00,"4685.83,4700.35,4676.52,4681.77"
2026-05-11 10:00:00+07:00,"4681.76,4690.54,4675.31,4678.81"
2026-05-11 11:00:00+07:00,"4678.76,4680.04,4668.37,4671.97"
2026-05-11 12:00:00+07:00,"4671.97,4680.8,4647.76,4652.42"
2026-05-11 13:00:00+07:00,"4652.41,4680.63,4649.09,4678.46"
2026-05-11 14:00:00+07:00,"4678.44,4680.44,4664.37,4667.91"
2026-05-11 15:00:00+07:00,"4667.89,4678.85,4664.24,4667.82"
2026-05-11 16:00:00+07:00,"4667.81,4670.05,4650.37,4656.75"
2026-05-11 17:00:00+07:00,"4656.74,4667.67,4656.05,4663.9"
2026-05-11 18:00:00+07:00,"4663.94,4677.42,4663.94,4674.52"
2026-05-11 19:00:00+07:00,"4674.54,4701.09,4667.47,4700.26"
2026-05-11 20:00:00+07:00,"4700.27,4748.63,4698.38,4735.94"
2026-05-11 21:00:00+07:00,"4735.93,4738.8,4715.17,4725.62"
2026-05-11 22:00:00+07:00,"4725.62,4738.43,4722.84,4732.08"
2026-05-11 23:00:00+07:00,"4732.13,4733.69,4707.97,4716.62"
2026-05-12 00:00:00+07:00,"4716.62,4724.76,4715.9,4723.82"
2026-05-12 01:00:00+07:00,"4723.81,4729.46,4720.35,4725"
2026-05-12 02:00:00+07:00,"4725.06,4736.23,4722.32,4733.65"
2026-05-12 03:00:00+07:00,"4733.72,4738.47,4729.75,4735.61"
2026-05-12 05:00:00+07:00,"4734.96,4755.25,4733.99,4750.88"
2026-05-12 06:00:00+07:00,"4751.68,4769.99,4746.06,4767.46"
2026-05-12 07:00:00+07:00,"4767.47,4773.52,4748.54,4749.29"
2026-05-12 08:00:00+07:00,"4749.31,4755.68,4720.23,4727.1"
2026-05-12 09:00:00+07:00,"4727.09,4734.05,4722.05,4730.15"
2026-05-12 10:00:00+07:00,"4730.14,4733.28,4718.07,4720.19"
2026-05-12 11:00:00+07:00,"4720.25,4730.54,4711.07,4714.35"
2026-05-12 12:00:00+07:00,"4714.34,4722.28,4708.84,4714.23"
2026-05-12 13:00:00+07:00,"4714.08,4714.49,4694.35,4697.12"
2026-05-12 14:00:00+07:00,"4697.11,4703.96,4686.55,4699.78"
2026-05-12 15:00:00+07:00,"4699.79,4706.98,4696.91,4703.48"
2026-05-12 16:00:00+07:00,"4703.54,4705.45,4693.98,4699.51"
2026-05-12 17:00:00+07:00,"4699.5,4708.67,4684.99,4694.64"
2026-05-12 18:00:00+07:00,"4694.66,4709.49,4686.52,4706.77"
2026-05-12 19:00:00+07:00,"4706.78,4711.97,4689.58,4705.8"
2026-05-12 20:00:00+07:00,"4705.79,4709,4676.82,4679.32"
2026-05-12 21:00:00+07:00,"4679.33,4695.26,4669.58,4672.96"
2026-05-12 22:00:00+07:00,"4672.95,4676.12,4637.94,4666.15"
2026-05-12 23:00:00+07:00,"4666.2,4675.24,4664.01,4671.06"
2026-05-13 00:00:00+07:00,"4671.05,4682.77,4671.05,4678.79"
2026-05-13 01:00:00+07:00,"4678.8,4698.27,4676.01,4696.02"
2026-05-13 02:00:00+07:00,"4696.05,4715.99,4696.05,4715.76"
2026-05-13 03:00:00+07:00,"4715.71,4719.31,4712.1,4713.46"
2026-05-13 05:00:00+07:00,"4714.73,4722.56,4712.17,4716.97"
2026-05-13 06:00:00+07:00,"4716.95,4723.85,4715.24,4717.04"
2026-05-13 07:00:00+07:00,"4717.13,4727.11,4713.6,4714.8"
2026-05-13 08:00:00+07:00,"4714.86,4717.63,4700.95,4702.39"
2026-05-13 09:00:00+07:00,"4702.39,4707.61,4687.52,4691.93"
2026-05-13 10:00:00+07:00,"4691.91,4706.08,4688.8,4696.16"
2026-05-13 11:00:00+07:00,"4696.15,4703.43,4695.4,4699.45"
2026-05-13 12:00:00+07:00,"4699.44,4707.26,4693.34,4704.22"
2026-05-13 13:00:00+07:00,"4704.21,4715.45,4699.06,4701.8"
2026-05-13 14:00:00+07:00,"4701.81,4708.88,4696.61,4702.78"
2026-05-13 15:00:00+07:00,"4702.77,4704.36,4694.1,4700.63"
2026-05-13 16:00:00+07:00,"4700.67,4701.86,4685.77,4700.85"
2026-05-13 17:00:00+07:00,"4700.89,4710.88,4693.75,4694.1"
2026-05-13 18:00:00+07:00,"4694.09,4705.68,4691.42,4697.41"
2026-05-13 19:00:00+07:00,"4697.4,4701.71,4674.88,4683.85"
2026-05-13 20:00:00+07:00,"4683.82,4694.68,4669.31,4679.44"
2026-05-13 21:00:00+07:00,"4679.43,4691.16,4672.8,4679.86"
2026-05-13 22:00:00+07:00,"4679.92,4700.41,4678.76,4695.51"
2026-05-13 23:00:00+07:00,"4695.48,4710.24,4694.96,4695.75"
2026-05-14 00:00:00+07:00,"4695.76,4701.36,4684.44,4685.51"
2026-05-14 01:00:00+07:00,"4685.52,4694.08,4677.54,4685.09"
2026-05-14 02:00:00+07:00,"4685.08,4690.58,4683.37,4688.21"
2026-05-14 03:00:00+07:00,"4687.99,4693.53,4685.81,4686.76"
2026-05-14 05:00:00+07:00,"4691.1,4700.68,4687.5,4700.08"
2026-05-14 06:00:00+07:00,"4700.06,4702.24,4693.08,4696.73"
2026-05-14 07:00:00+07:00,"4696.72,4706.85,4689.36,4704.89"
2026-05-14 08:00:00+07:00,"4704.84,4707.06,4682.82,4688.85"
2026-05-14 09:00:00+07:00,"4688.86,4699.93,4679.82,4686.36"
2026-05-14 10:00:00+07:00,"4686.38,4693.51,4673.81,4674.96"
2026-05-14 11:00:00+07:00,"4674.99,4712.88,4667.78,4702.49"
2026-05-14 12:00:00+07:00,"4702.49,4704.32,4688.71,4689.71"
2026-05-14 13:00:00+07:00,"4689.77,4702.46,4685.9,4700.24"
2026-05-14 14:00:00+07:00,"4700.25,4719.35,4690.98,4693.36"
2026-05-14 15:00:00+07:00,"4693.32,4706.76,4692.18,4693.25"
2026-05-14 16:00:00+07:00,"4693.27,4702.71,4688.43,4699.49"
2026-05-14 17:00:00+07:00,"4699.65,4705.92,4691.14,4697.11"
2026-05-14 18:00:00+07:00,"4696.99,4705.01,4689.23,4694.05"
2026-05-14 19:00:00+07:00,"4694.03,4710.22,4692.31,4704.88"
2026-05-14 20:00:00+07:00,"4704.92,4707.9,4666.36,4679.48"
2026-05-14 21:00:00+07:00,"4679.5,4700.97,4677.4,4679.66"
2026-05-14 22:00:00+07:00,"4679.78,4689.61,4676.43,4685.93"
2026-05-14 23:00:00+07:00,"4685.85,4687.02,4670.29,4678.38"
2026-05-15 00:00:00+07:00,"4678.4,4683.04,4676.22,4678.2"
2026-05-15 01:00:00+07:00,"4678.21,4678.55,4666.73,4671.72"
2026-05-15 02:00:00+07:00,"4671.77,4671.91,4652.94,4654.1"
2026-05-15 03:00:00+07:00,"4654.01,4657.06,4644.25,4649.29"
2026-05-15 05:00:00+07:00,"4652.2,4662.72,4646.09,4662.11"
2026-05-15 06:00:00+07:00,"4662.31,4665.39,4646.88,4652.12"
2026-05-15 07:00:00+07:00,"4652.16,4658.27,4613.51,4630.43"
2026-05-15 08:00:00+07:00,"4630.42,4631.85,4607.4,4614.41"
2026-05-15 09:00:00+07:00,"4614.43,4623.6,4609.18,4618.05"
2026-05-15 10:00:00+07:00,"4618.02,4622.41,4607.41,4615.44"
2026-05-15 11:00:00+07:00,"4615.47,4621.81,4604.32,4606.21"
2026-05-15 12:00:00+07:00,"4606.21,4606.64,4555.92,4559.01"
2026-05-15 13:00:00+07:00,"4558.93,4580.68,4556.31,4569.97"
2026-05-15 14:00:00+07:00,"4569.89,4588.82,4565.81,4570.83"
2026-05-15 15:00:00+07:00,"4570.79,4572.38,4549.31,4554.68"
2026-05-15 16:00:00+07:00,"4554.71,4564.13,4531.52,4545.79"
2026-05-15 17:00:00+07:00,"4545.77,4573.05,4544.03,4566.1"
2026-05-15 18:00:00+07:00,"4565.98,4570.25,4549.73,4552.06"
2026-05-15 19:00:00+07:00,"4552.07,4559.21,4543.35,4545.79"
2026-05-15 20:00:00+07:00,"4545.78,4557.76,4511.37,4533.46"
2026-05-15 21:00:00+07:00,"4533.43,4566.99,4525.42,4562.74"
2026-05-15 22:00:00+07:00,"4562.75,4563.8,4533.63,4539.85"
2026-05-15 23:00:00+07:00,"4539.81,4548.12,4529.4,4544.17"
2026-05-16 00:00:00+07:00,"4544.19,4564.65,4543.09,4559.57"
2026-05-16 01:00:00+07:00,"4559.56,4563.27,4552.25,4559.29"
2026-05-16 02:00:00+07:00,"4559.39,4560.41,4544.74,4545.82"
2026-05-16 03:00:00+07:00,"4545.86,4546.26,4532.87,4538.69"
2026-05-18 05:00:00+07:00,"4532.19,4555.06,4528.27,4545.98"
2026-05-18 06:00:00+07:00,"4545.91,4548.13,4531.81,4537.19"
2026-05-18 07:00:00+07:00,"4537.18,4542.66,4480.11,4514.9"
2026-05-18 08:00:00+07:00,"4514.89,4535.73,4489.13,4525.53"
2026-05-18 09:00:00+07:00,"4525.52,4542.74,4521.88,4533.68"
2026-05-18 10:00:00+07:00,"4533.67,4548.61,4525.11,4541.37"
2026-05-18 11:00:00+07:00,"4541.37,4550.36,4530.21,4540.65"
2026-05-18 12:00:00+07:00,"4540.66,4552.01,4530.01,4531.01"
2026-05-18 13:00:00+07:00,"4531,4548.22,4529.56,4546.88"
2026-05-18 14:00:00+07:00,"4546.85,4560.14,4538.08,4546.34"
2026-05-18 15:00:00+07:00,"4546.36,4557.03,4542.5,4549.92"
2026-05-18 16:00:00+07:00,"4549.93,4552.15,4540.22,4542.92"
2026-05-18 17:00:00+07:00,"4542.94,4547.75,4531.95,4540.27"
2026-05-18 18:00:00+07:00,"4540.28,4567.26,4529.64,4550.81"
2026-05-18 19:00:00+07:00,"4550.82,4574.9,4545.53,4571.29"
2026-05-18 20:00:00+07:00,"4571.25,4584.5,4562.06,4575.78"
2026-05-18 21:00:00+07:00,"4575.75,4575.75,4537.69,4546.55"
2026-05-18 22:00:00+07:00,"4546.67,4548,4531.81,4543.47"
2026-05-18 23:00:00+07:00,"4543.5,4554.83,4533.68,4550.16"
2026-05-19 00:00:00+07:00,"4550.15,4558.34,4545.58,4546.98"
2026-05-19 01:00:00+07:00,"4546.99,4547.83,4534.13,4535.58"
2026-05-19 02:00:00+07:00,"4535.95,4565.21,4535.4,4558.55"
2026-05-19 03:00:00+07:00,"4558.64,4566.95,4557.75,4566.14"
2026-05-19 05:00:00+07:00,"4564.92,4578.31,4564.92,4573.96"
2026-05-19 06:00:00+07:00,"4573.87,4589.28,4573.55,4581.78"
2026-05-19 07:00:00+07:00,"4581.83,4589.78,4561.07,4562.93"
2026-05-19 08:00:00+07:00,"4562.92,4572.53,4554.01,4563.95"
2026-05-19 09:00:00+07:00,"4563.85,4563.85,4546.09,4547.22"
2026-05-19 10:00:00+07:00,"4547.24,4555.14,4542.31,4545.18"
2026-05-19 11:00:00+07:00,"4545.21,4545.71,4537.85,4542.44"
2026-05-19 12:00:00+07:00,"4542.47,4546.56,4530.77,4540.79"
2026-05-19 13:00:00+07:00,"4540.89,4553.96,4533.21,4548.28"
2026-05-19 14:00:00+07:00,"4548.2,4559.52,4541.32,4557.1"
2026-05-19 15:00:00+07:00,"4557.15,4559.23,4536.18,4542.9"
2026-05-19 16:00:00+07:00,"4542.89,4547.03,4535.78,4541.88"
2026-05-19 17:00:00+07:00,"4541.87,4544.81,4525.21,4544.81"
2026-05-19 18:00:00+07:00,"4544.8,4548.27,4529.74,4530.79"
2026-05-19 19:00:00+07:00,"4530.8,4547.35,4527.41,4536.93"
2026-05-19 20:00:00+07:00,"4536.88,4537.54,4464.48,4504.1"
2026-05-19 21:00:00+07:00,"4504.62,4514.31,4484.52,4494.14"
2026-05-19 22:00:00+07:00,"4494.12,4509.5,4489.9,4508.34"
2026-05-19 23:00:00+07:00,"4508.45,4512.59,4495.92,4507.65"
2026-05-20 00:00:00+07:00,"4507.66,4511.07,4499.07,4500.87"
2026-05-20 01:00:00+07:00,"4500.93,4503.72,4490.37,4493.46"
2026-05-20 02:00:00+07:00,"4493.44,4497.62,4481.22,4483.41"
2026-05-20 03:00:00+07:00,"4483.31,4488.18,4480.75,4481.7"
2026-05-20 05:00:00+07:00,"4481.51,4485.96,4477.3,4484.2"
2026-05-20 06:00:00+07:00,"4484.32,4496.48,4479.71,4489.26"
2026-05-20 07:00:00+07:00,"4489.21,4509.49,4479.44,4500.83"
2026-05-20 08:00:00+07:00,"4500.82,4506.21,4455.78,4481.39"
2026-05-20 09:00:00+07:00,"4481.4,4487.21,4458.3,4465.29"
2026-05-20 10:00:00+07:00,"4465.28,4467.32,4453.07,4463.79"
2026-05-20 11:00:00+07:00,"4463.71,4470.8,4456.47,4462.1"
2026-05-20 12:00:00+07:00,"4462.11,4479.31,4461.78,4472.67"
2026-05-20 13:00:00+07:00,"4472.72,4478.52,4461.57,4474.16"
2026-05-20 14:00:00+07:00,"4474.13,4486.15,4472.02,4478.56"
2026-05-20 15:00:00+07:00,"4478.61,4490.38,4476.81,4484.26"
2026-05-20 16:00:00+07:00,"4484.2,4491.31,4472.46,4485"
2026-05-20 17:00:00+07:00,"4484.98,4497.18,4484.63,4494.69"
2026-05-20 18:00:00+07:00,"4494.67,4501.75,4490.9,4499.09"
2026-05-20 19:00:00+07:00,"4499.04,4505.39,4492.81,4496.17"
2026-05-20 20:00:00+07:00,"4496.15,4506.23,4481.94,4483.15"
2026-05-20 21:00:00+07:00,"4483.14,4537.36,4467.06,4531.35"
2026-05-20 22:00:00+07:00,"4531.58,4553.48,4522.82,4529.27"
2026-05-20 23:00:00+07:00,"4529.32,4535.67,4524.12,4534.45"
2026-05-21 00:00:00+07:00,"4534.46,4538.59,4529.74,4531.33"
2026-05-21 01:00:00+07:00,"4531.45,4545.14,4528.97,4542.47"
2026-05-21 02:00:00+07:00,"4542.49,4550.59,4541.56,4545.68"
2026-05-21 03:00:00+07:00,"4545.63,4550.51,4541.94,4542.29"
2026-05-21 05:00:00+07:00,"4541.93,4548.49,4535.12,4540.03"
2026-05-21 06:00:00+07:00,"4540.12,4547.29,4534.5,4546.45"
2026-05-21 07:00:00+07:00,"4546.58,4553.52,4537.19,4545.33"
2026-05-21 08:00:00+07:00,"4545.3,4570.72,4539.75,4561.04"
2026-05-21 09:00:00+07:00,"4561.03,4565.02,4531.44,4533.3"
2026-05-21 10:00:00+07:00,"4533.28,4540.42,4526.79,4528.21"
2026-05-21 11:00:00+07:00,"4528.01,4540.54,4527.07,4538.46"
2026-05-21 12:00:00+07:00,"4538.48,4540.41,4517.96,4527.95"
2026-05-21 13:00:00+07:00,"4527.96,4539.94,4518.71,4521.58"
2026-05-21 14:00:00+07:00,"4521.59,4524.31,4511.82,4519.63"
2026-05-21 15:00:00+07:00,"4519.64,4537.18,4518.29,4532.55"
2026-05-21 16:00:00+07:00,"4532.56,4542.79,4527.84,4530.74"
2026-05-21 17:00:00+07:00,"4530.71,4535.51,4504.47,4511.72"
2026-05-21 18:00:00+07:00,"4511.94,4521.47,4508.16,4514.05"
2026-05-21 19:00:00+07:00,"4514.06,4519.28,4501.41,4504.09"
2026-05-21 20:00:00+07:00,"4504.1,4521.11,4488.95,4513.6"
2026-05-21 21:00:00+07:00,"4513.59,4515.64,4498.07,4508.96"
2026-05-21 22:00:00+07:00,"4508.97,4515.23,4496.27,4511.92"
2026-05-21 23:00:00+07:00,"4512.12,4520.78,4512.12,4519.45"
2026-05-22 00:00:00+07:00,"4519.44,4559.55,4514.19,4551.57"
2026-05-22 01:00:00+07:00,"4551.62,4556.28,4527.25,4531.94"
2026-05-22 02:00:00+07:00,"4531.93,4544.24,4529.63,4542.89"
2026-05-22 03:00:00+07:00,"4542.8,4544.74,4539.67,4543.02"
2026-05-22 05:00:00+07:00,"4540.46,4546.16,4539.55,4543.11"
2026-05-22 06:00:00+07:00,"4543.08,4545.31,4531.86,4535.46"
2026-05-22 07:00:00+07:00,"4535.47,4541.26,4525.43,4526.73"
2026-05-22 08:00:00+07:00,"4526.72,4536.54,4520.85,4526.52"
2026-05-22 09:00:00+07:00,"4526.44,4529.5,4518.37,4523.15"
2026-05-22 10:00:00+07:00,"4523.17,4530.12,4519.14,4529.4"
2026-05-22 11:00:00+07:00,"4529.37,4533.15,4525.44,4527.33"
2026-05-22 12:00:00+07:00,"4527.24,4534.42,4506.62,4511.24"
2026-05-22 13:00:00+07:00,"4511.4,4529.04,4509.67,4526.86"
2026-05-22 14:00:00+07:00,"4526.88,4527.57,4516.06,4521.73"
2026-05-22 15:00:00+07:00,"4521.81,4531.38,4517.03,4522"
2026-05-22 16:00:00+07:00,"4521.98,4536.5,4514.75,4532.17"
2026-05-22 17:00:00+07:00,"4532.2,4537.16,4510.06,4514.57"
2026-05-22 18:00:00+07:00,"4514.56,4525.21,4511.3,4520.67"
2026-05-22 19:00:00+07:00,"4520.69,4536.53,4515.03,4528.18"
2026-05-22 20:00:00+07:00,"4528.15,4534.96,4509.98,4513.69"
2026-05-22 21:00:00+07:00,"4513.91,4513.91,4491.42,4500.49"
2026-05-22 22:00:00+07:00,"4500.5,4522.43,4500.38,4520.01"
2026-05-22 23:00:00+07:00,"4520.09,4526.94,4512.38,4514.88"
2026-05-23 00:00:00+07:00,"4514.91,4528,4512.88,4519.32"
2026-05-23 01:00:00+07:00,"4519.34,4520.5,4511.29,4515.09"
2026-05-23 02:00:00+07:00,"4515.07,4515.93,4504.16,4508.14"
2026-05-23 03:00:00+07:00,"4508.11,4510.47,4504.01,4508.51"
