Date,Message
2026-03-04 16:10:00+07:00,"5165.65,5171.27,5163.06,5164.2"
2026-03-04 16:15:00+07:00,"5164.25,5175.28,5162.22,5174.98"
2026-03-04 16:20:00+07:00,"5174.97,5178.52,5173.38,5176.97"
2026-03-04 16:25:00+07:00,"5176.95,5177.25,5169.88,5170.76"
2026-03-04 16:30:00+07:00,"5170.82,5174.71,5169.06,5173.43"
2026-03-04 16:35:00+07:00,"5173.51,5185.11,5173.35,5183.66"
2026-03-04 16:40:00+07:00,"5183.59,5183.79,5178.84,5182.53"
2026-03-04 16:45:00+07:00,"5182.59,5184.98,5179.35,5182.44"
2026-03-04 16:50:00+07:00,"5182.33,5183.76,5178.76,5179.51"
2026-03-04 16:55:00+07:00,"5179.52,5182.46,5175.98,5182.35"
2026-03-04 17:00:00+07:00,"5182.37,5186.61,5182.3,5185.3"
2026-03-04 17:05:00+07:00,"5185.3,5195.04,5185.27,5194.97"
2026-03-04 17:10:00+07:00,"5194.94,5198.45,5189.27,5198.45"
2026-03-04 17:15:00+07:00,"5198.46,5202.44,5191.31,5192.76"
2026-03-04 17:20:00+07:00,"5192.73,5193.36,5186.82,5188.89"
2026-03-04 17:25:00+07:00,"5188.88,5192.42,5186.97,5188.09"
2026-03-04 17:30:00+07:00,"5188.1,5190.37,5181.65,5187.18"
2026-03-04 17:35:00+07:00,"5187.2,5188.32,5179.26,5187.96"
2026-03-04 17:40:00+07:00,"5187.95,5191.55,5184.23,5185.56"
2026-03-04 17:45:00+07:00,"5185.57,5187.47,5181.61,5187.39"
2026-03-04 17:50:00+07:00,"5187.38,5188.47,5183.78,5188.02"
2026-03-04 17:55:00+07:00,"5187.92,5193.96,5186.14,5189.98"
2026-03-04 18:00:00+07:00,"5190.08,5193.18,5189.16,5191.33"
2026-03-04 18:05:00+07:00,"5191.32,5192.16,5187.82,5191.33"
2026-03-04 18:10:00+07:00,"5191.25,5196.55,5190.91,5195.05"
2026-03-04 18:15:00+07:00,"5195.03,5195.79,5190.16,5191.63"
2026-03-04 18:20:00+07:00,"5191.64,5197.46,5190.4,5196.5"
2026-03-04 18:25:00+07:00,"5196.49,5197.69,5193.91,5195.01"
2026-03-04 18:30:00+07:00,"5195.03,5198.39,5193.98,5198.16"
2026-03-04 18:35:00+07:00,"5198.16,5201,5196.1,5197.08"
2026-03-04 18:40:00+07:00,"5197.09,5197.2,5191.05,5192.94"
2026-03-04 18:45:00+07:00,"5192.95,5194.4,5190.44,5192.06"
2026-03-04 18:50:00+07:00,"5192.08,5193.14,5187.55,5191.25"
2026-03-04 18:55:00+07:00,"5191.24,5194.54,5189.81,5192.11"
2026-03-04 19:00:00+07:00,"5192.15,5206.23,5192.12,5201.56"
2026-03-04 19:05:00+07:00,"5201.56,5202.15,5198.48,5199.92"
2026-03-04 19:10:00+07:00,"5199.93,5200.62,5196.84,5197.55"
2026-03-04 19:15:00+07:00,"5197.51,5197.8,5177.48,5183.94"
2026-03-04 19:20:00+07:00,"5183.94,5184.52,5179.21,5179.22"
2026-03-04 19:25:00+07:00,"5179.12,5182.44,5174.34,5178.25"
2026-03-04 19:30:00+07:00,"5178.24,5178.4,5168.36,5172.09"
2026-03-04 19:35:00+07:00,"5172.08,5174.97,5165.37,5167.19"
2026-03-04 19:40:00+07:00,"5167.18,5167.84,5156.24,5166.91"
2026-03-04 19:45:00+07:00,"5166.73,5173.12,5163.55,5171.86"
2026-03-04 19:50:00+07:00,"5171.93,5173.3,5168.02,5168.16"
2026-03-04 19:55:00+07:00,"5168.15,5171.74,5159.4,5171.22"
2026-03-04 20:00:00+07:00,"5171.26,5181.79,5170.94,5176.07"
2026-03-04 20:05:00+07:00,"5176.07,5188.65,5175.08,5188.31"
2026-03-04 20:10:00+07:00,"5188.38,5196.43,5187,5193.65"
2026-03-04 20:15:00+07:00,"5193.81,5195.46,5186.71,5188.21"
2026-03-04 20:20:00+07:00,"5188.22,5189.82,5179.14,5186.19"
2026-03-04 20:25:00+07:00,"5186.19,5195.35,5186.19,5192.31"
2026-03-04 20:30:00+07:00,"5192.35,5193.01,5184.02,5188.32"
2026-03-04 20:35:00+07:00,"5188.3,5191.01,5184.97,5185.92"
2026-03-04 20:40:00+07:00,"5185.93,5190.44,5181.34,5188.4"
2026-03-04 20:45:00+07:00,"5188.4,5192.47,5187.88,5189.6"
2026-03-04 20:50:00+07:00,"5189.62,5189.89,5179.48,5182.2"
2026-03-04 20:55:00+07:00,"5182.2,5182.62,5167.33,5168.08"
2026-03-04 21:00:00+07:00,"5168.08,5180.69,5167.22,5173.5"
2026-03-04 21:05:00+07:00,"5173.51,5179.57,5171.09,5174.08"
2026-03-04 21:10:00+07:00,"5174.03,5174.13,5164.15,5165.21"
2026-03-04 21:15:00+07:00,"5165.23,5174.09,5162.87,5173.82"
2026-03-04 21:20:00+07:00,"5173.81,5175.18,5161.73,5163.18"
2026-03-04 21:25:00+07:00,"5163.23,5169.46,5160.02,5166.23"
2026-03-04 21:30:00+07:00,"5166.27,5184.88,5163.02,5179.56"
2026-03-04 21:35:00+07:00,"5179.5,5184.6,5168.01,5173.3"
2026-03-04 21:40:00+07:00,"5173.29,5181,5167.39,5171.75"
2026-03-04 21:45:00+07:00,"5171.76,5179.88,5142.14,5155.54"
2026-03-04 21:50:00+07:00,"5155.52,5161.56,5144.57,5152.35"
2026-03-04 21:55:00+07:00,"5152.34,5152.35,5137.61,5146.85"
2026-03-04 22:00:00+07:00,"5145.71,5162.86,5143.3,5159.4"
2026-03-04 22:05:00+07:00,"5159.39,5161.6,5140.33,5150.97"
2026-03-04 22:10:00+07:00,"5150.96,5153.73,5130.95,5134.34"
2026-03-04 22:15:00+07:00,"5134.38,5146.25,5132.37,5141.85"
2026-03-04 22:20:00+07:00,"5141.86,5151.96,5141.31,5148.86"
2026-03-04 22:25:00+07:00,"5148.9,5159.81,5148.47,5156.25"
2026-03-04 22:30:00+07:00,"5156.27,5162.5,5156.19,5161.49"
2026-03-04 22:35:00+07:00,"5161.51,5167.22,5152.29,5153.13"
2026-03-04 22:40:00+07:00,"5153.12,5154.87,5137.48,5143.89"
2026-03-04 22:45:00+07:00,"5143.89,5144.23,5134.11,5140.99"
2026-03-04 22:50:00+07:00,"5140.99,5152.18,5138.15,5148.9"
2026-03-04 22:55:00+07:00,"5148.82,5153.11,5146.49,5151.37"
2026-03-04 23:00:00+07:00,"5151.35,5162.92,5151.35,5157.58"
2026-03-04 23:05:00+07:00,"5157.73,5158.99,5148.86,5149.54"
2026-03-04 23:10:00+07:00,"5149.55,5153.38,5143.54,5148.42"
2026-03-04 23:15:00+07:00,"5148.54,5149.71,5142.94,5147.73"
2026-03-04 23:20:00+07:00,"5147.7,5156.26,5138.28,5141.05"
2026-03-04 23:25:00+07:00,"5141.04,5153.53,5140.69,5145.91"
2026-03-04 23:30:00+07:00,"5145.94,5155.31,5143.87,5153.3"
2026-03-04 23:35:00+07:00,"5153.39,5156.25,5149.19,5151.03"
2026-03-04 23:40:00+07:00,"5151.04,5159.29,5146.41,5146.87"
2026-03-04 23:45:00+07:00,"5146.86,5153.04,5142.84,5148.07"
2026-03-04 23:50:00+07:00,"5148.08,5151.43,5144.27,5148.1"
2026-03-04 23:55:00+07:00,"5148.12,5150.27,5145.6,5149.7"
2026-03-05 00:00:00+07:00,"5149.73,5152.2,5144.81,5149.7"
2026-03-05 00:05:00+07:00,"5149.69,5153.14,5146.74,5147.37"
2026-03-05 00:10:00+07:00,"5147.38,5149.78,5142.89,5147.24"
2026-03-05 00:15:00+07:00,"5147.24,5149.98,5145.76,5147.05"
2026-03-05 00:20:00+07:00,"5147.04,5147.42,5120.17,5128.33"
2026-03-05 00:25:00+07:00,"5128.48,5139.96,5128.27,5133.69"
2026-03-05 00:30:00+07:00,"5133.73,5138.62,5128.36,5136.3"
2026-03-05 00:35:00+07:00,"5136.4,5138.26,5132.53,5134.44"
2026-03-05 00:40:00+07:00,"5134.44,5139.18,5132.32,5137.61"
2026-03-05 00:45:00+07:00,"5137.62,5141.5,5135.48,5140.43"
2026-03-05 00:50:00+07:00,"5140.42,5145.66,5139,5143.05"
2026-03-05 00:55:00+07:00,"5143.04,5147.95,5139.11,5141.09"
2026-03-05 01:00:00+07:00,"5141.06,5143.58,5132.34,5133.86"
2026-03-05 01:05:00+07:00,"5133.8,5137.12,5129.18,5131.27"
2026-03-05 01:10:00+07:00,"5131.19,5131.19,5116.73,5124.56"
2026-03-05 01:15:00+07:00,"5124.63,5126.26,5117.45,5118.73"
2026-03-05 01:20:00+07:00,"5118.89,5127.93,5109.47,5125.46"
2026-03-05 01:25:00+07:00,"5125.47,5128.48,5120.64,5123.95"
2026-03-05 01:30:00+07:00,"5123.96,5129.76,5120.29,5125.78"
2026-03-05 01:35:00+07:00,"5125.74,5129.87,5117.31,5118.25"
2026-03-05 01:40:00+07:00,"5118.26,5126.66,5109.15,5125.25"
2026-03-05 01:45:00+07:00,"5125.25,5132.77,5122.92,5132.23"
2026-03-05 01:50:00+07:00,"5132.22,5134.15,5130.02,5130.45"
2026-03-05 01:55:00+07:00,"5130.44,5134.85,5129.17,5133.52"
2026-03-05 02:00:00+07:00,"5133.71,5136.71,5128.72,5130.67"
2026-03-05 02:05:00+07:00,"5130.66,5133.89,5130.11,5133.11"
2026-03-05 02:10:00+07:00,"5133.13,5133.45,5126.26,5131.43"
2026-03-05 02:15:00+07:00,"5131.43,5133.22,5126.68,5127.1"
2026-03-05 02:20:00+07:00,"5127.06,5129.29,5125.98,5126.94"
2026-03-05 02:25:00+07:00,"5126.93,5128.46,5124.63,5124.69"
2026-03-05 02:30:00+07:00,"5124.71,5130.62,5123.37,5127.44"
2026-03-05 02:35:00+07:00,"5127.45,5129.96,5125.39,5127.31"
2026-03-05 02:40:00+07:00,"5127.14,5132.24,5126.84,5130.91"
2026-03-05 02:45:00+07:00,"5130.9,5135.55,5129.67,5133.34"
2026-03-05 02:50:00+07:00,"5133.33,5136.55,5132,5135.56"
2026-03-05 02:55:00+07:00,"5135.53,5139.69,5134.98,5137.78"
2026-03-05 03:00:00+07:00,"5137.74,5138.84,5133.7,5134.34"
2026-03-05 03:05:00+07:00,"5134.34,5135.17,5129.53,5130.57"
2026-03-05 03:10:00+07:00,"5130.49,5131.92,5126.83,5129.93"
2026-03-05 03:15:00+07:00,"5129.93,5129.97,5123.56,5128.11"
2026-03-05 03:20:00+07:00,"5128.1,5132.7,5127.61,5131.69"
2026-03-05 03:25:00+07:00,"5131.68,5138.48,5131.67,5137.3"
2026-03-05 03:30:00+07:00,"5137.31,5140.5,5137.31,5137.86"
2026-03-05 03:35:00+07:00,"5137.85,5142.86,5136.96,5141"
2026-03-05 03:40:00+07:00,"5141,5147.02,5140.56,5143.97"
2026-03-05 03:45:00+07:00,"5144.04,5144.61,5135.76,5139.88"
2026-03-05 03:50:00+07:00,"5139.85,5139.88,5132.91,5134.86"
2026-03-05 03:55:00+07:00,"5134.87,5138.17,5132.94,5134.66"
2026-03-05 04:00:00+07:00,"5134.63,5141.66,5133.78,5140.63"
2026-03-05 04:05:00+07:00,"5140.57,5141.94,5137.85,5140.74"
2026-03-05 04:10:00+07:00,"5140.5,5143.7,5138.01,5140.46"
2026-03-05 04:15:00+07:00,"5140.42,5141.13,5139.68,5140.97"
2026-03-05 04:20:00+07:00,"5140.83,5141.73,5136.3,5137.71"
2026-03-05 04:25:00+07:00,"5137.72,5141.65,5136.34,5141.38"
2026-03-05 04:30:00+07:00,"5141.39,5142.04,5129.57,5129.86"
2026-03-05 04:35:00+07:00,"5129.87,5137.83,5129.87,5137.47"
2026-03-05 04:40:00+07:00,"5137.26,5137.26,5134.84,5135.95"
2026-03-05 04:45:00+07:00,"5135.96,5137.87,5134.98,5135.93"
2026-03-05 04:50:00+07:00,"5135.95,5142.31,5135.11,5142.17"
2026-03-05 04:55:00+07:00,"5142.14,5142.23,5138.99,5139.3"
2026-03-05 06:00:00+07:00,"5150.23,5155.25,5144.1,5152.9"
2026-03-05 06:05:00+07:00,"5152.88,5155.28,5147.54,5152.98"
2026-03-05 06:10:00+07:00,"5153.01,5155.03,5144.56,5146.78"
2026-03-05 06:15:00+07:00,"5146.77,5155.77,5146.08,5153.96"
2026-03-05 06:20:00+07:00,"5153.89,5155.9,5151.38,5155.16"
2026-03-05 06:25:00+07:00,"5155.4,5156.82,5151.47,5154.67"
2026-03-05 06:30:00+07:00,"5154.59,5156.24,5152.78,5153.47"
2026-03-05 06:35:00+07:00,"5153.48,5153.99,5148.48,5152.23"
2026-03-05 06:40:00+07:00,"5151.99,5156.35,5151.78,5155.83"
2026-03-05 06:45:00+07:00,"5155.96,5163.05,5154.92,5159.25"
2026-03-05 06:50:00+07:00,"5159.26,5162.05,5156.69,5160.13"
2026-03-05 06:55:00+07:00,"5160.21,5166.26,5160.12,5165.19"
2026-03-05 07:00:00+07:00,"5165.23,5166.39,5159.42,5165.04"
2026-03-05 07:05:00+07:00,"5164.86,5168.23,5163.62,5167.21"
2026-03-05 07:10:00+07:00,"5167.22,5172.85,5167.22,5171.22"
2026-03-05 07:15:00+07:00,"5171.21,5178.08,5170.64,5177.87"
2026-03-05 07:20:00+07:00,"5177.86,5179.96,5175.97,5177.12"
2026-03-05 07:25:00+07:00,"5177.12,5178.02,5172.27,5173.49"
2026-03-05 07:30:00+07:00,"5173.55,5173.65,5170.08,5171.93"
2026-03-05 07:35:00+07:00,"5171.92,5171.96,5168.47,5170.34"
2026-03-05 07:40:00+07:00,"5170.35,5177.01,5170.35,5171.52"
2026-03-05 07:45:00+07:00,"5171.53,5177.34,5165.86,5176.54"
2026-03-05 07:50:00+07:00,"5176.53,5177.46,5170.13,5170.29"
2026-03-05 07:55:00+07:00,"5170.29,5172.82,5166.48,5172.72"
2026-03-05 08:00:00+07:00,"5172.74,5178.8,5169.68,5173.85"
2026-03-05 08:05:00+07:00,"5173.89,5181.54,5173.89,5180.92"
2026-03-05 08:10:00+07:00,"5180.91,5186.99,5176.15,5176.49"
2026-03-05 08:15:00+07:00,"5176.5,5182.66,5175.53,5179.68"
2026-03-05 08:20:00+07:00,"5179.69,5179.69,5173.5,5174.11"
2026-03-05 08:25:00+07:00,"5174.15,5179.07,5172.41,5177.46"
2026-03-05 08:30:00+07:00,"5177.48,5179.07,5172.7,5176.06"
2026-03-05 08:35:00+07:00,"5176.04,5176.08,5170.25,5174.68"
2026-03-05 08:40:00+07:00,"5174.67,5177.37,5167.15,5172.63"
2026-03-05 08:45:00+07:00,"5172.66,5176.74,5169.74,5175.49"
2026-03-05 08:50:00+07:00,"5175.53,5180.03,5173.63,5174.27"
2026-03-05 08:55:00+07:00,"5174.23,5174.89,5169.42,5172.57"
2026-03-05 09:00:00+07:00,"5172.48,5178.33,5171.56,5176.92"
2026-03-05 09:05:00+07:00,"5177.01,5181.7,5172.87,5174.71"
2026-03-05 09:10:00+07:00,"5174.7,5179.33,5172.61,5178.68"
2026-03-05 09:15:00+07:00,"5178.67,5183.01,5176.51,5181.83"
2026-03-05 09:20:00+07:00,"5181.7,5188.79,5178.2,5181.66"
2026-03-05 09:25:00+07:00,"5181.69,5185.63,5180.81,5184.1"
2026-03-05 09:30:00+07:00,"5184.09,5187.38,5181.35,5184.34"
2026-03-05 09:35:00+07:00,"5184.32,5184.53,5176.59,5179.63"
2026-03-05 09:40:00+07:00,"5179.64,5182.76,5174.61,5175.47"
2026-03-05 09:45:00+07:00,"5175.48,5181.45,5174.37,5180.91"
2026-03-05 09:50:00+07:00,"5180.96,5190.02,5180.15,5187.55"
2026-03-05 09:55:00+07:00,"5187.57,5192.47,5186.36,5191.92"
2026-03-05 10:00:00+07:00,"5191.91,5193.74,5189.55,5192.77"
2026-03-05 10:05:00+07:00,"5192.77,5195.16,5187.98,5188.3"
2026-03-05 10:10:00+07:00,"5188.3,5189.01,5183.86,5185.83"
2026-03-05 10:15:00+07:00,"5185.82,5191.17,5185.25,5188.25"
2026-03-05 10:20:00+07:00,"5188.23,5189.52,5185.66,5187.08"
2026-03-05 10:25:00+07:00,"5187.07,5187.39,5184.67,5185.15"
2026-03-05 10:30:00+07:00,"5185.14,5188.52,5181.32,5187.14"
2026-03-05 10:35:00+07:00,"5187.15,5190.87,5184.87,5187.54"
2026-03-05 10:40:00+07:00,"5187.54,5189.7,5187.48,5188.6"
2026-03-05 10:45:00+07:00,"5188.62,5190.94,5183.74,5183.94"
2026-03-05 10:50:00+07:00,"5183.95,5186.27,5182.88,5183.35"
2026-03-05 10:55:00+07:00,"5183.36,5184.62,5178.32,5180.13"
2026-03-05 11:00:00+07:00,"5180.14,5183.7,5176.85,5182.32"
2026-03-05 11:05:00+07:00,"5182.32,5185.61,5182.15,5183.89"
2026-03-05 11:10:00+07:00,"5183.98,5185.81,5181.93,5183.73"
2026-03-05 11:15:00+07:00,"5183.73,5186.73,5180.73,5182.38"
2026-03-05 11:20:00+07:00,"5182.37,5184.93,5181.95,5183.05"
2026-03-05 11:25:00+07:00,"5183.02,5183.51,5174.75,5178.32"
2026-03-05 11:30:00+07:00,"5178.32,5180.12,5177.17,5177.57"
2026-03-05 11:35:00+07:00,"5177.58,5179.16,5176.32,5177.04"
2026-03-05 11:40:00+07:00,"5177.07,5177.48,5173.73,5174.43"
2026-03-05 11:45:00+07:00,"5174.41,5175.69,5168.42,5170.1"
2026-03-05 11:50:00+07:00,"5170.1,5170.69,5166.48,5168.37"
2026-03-05 11:55:00+07:00,"5168.42,5172.98,5166.29,5171.52"
2026-03-05 12:00:00+07:00,"5171.65,5175.25,5169.32,5173.94"
2026-03-05 12:05:00+07:00,"5173.92,5176.3,5173.74,5175.55"
2026-03-05 12:10:00+07:00,"5175.57,5176.88,5173.72,5175.59"
2026-03-05 12:15:00+07:00,"5175.58,5176.69,5170.46,5171.09"
2026-03-05 12:20:00+07:00,"5171.08,5172.9,5169.91,5172.55"
2026-03-05 12:25:00+07:00,"5172.47,5174.01,5172.09,5172.54"
2026-03-05 12:30:00+07:00,"5172.54,5174.38,5164.23,5167.71"
2026-03-05 12:35:00+07:00,"5167.71,5170.81,5161.83,5164.78"
2026-03-05 12:40:00+07:00,"5164.76,5168.34,5164.19,5166.37"
2026-03-05 12:45:00+07:00,"5166.38,5169.45,5161.92,5166.19"
2026-03-05 12:50:00+07:00,"5166.18,5166.18,5156.08,5158.13"
2026-03-05 12:55:00+07:00,"5158.11,5160.08,5148.15,5148.7"
2026-03-05 13:00:00+07:00,"5148.87,5155.34,5144.69,5154.67"
2026-03-05 13:05:00+07:00,"5154.62,5155.34,5132.58,5139.89"
2026-03-05 13:10:00+07:00,"5139.71,5139.71,5120.6,5132.73"
2026-03-05 13:15:00+07:00,"5132.76,5136.33,5124.05,5135.27"
2026-03-05 13:20:00+07:00,"5135.3,5143.19,5133.57,5142.1"
2026-03-05 13:25:00+07:00,"5142.09,5143.89,5139.87,5143.05"
2026-03-05 13:30:00+07:00,"5143.04,5148.31,5140.31,5147.36"
2026-03-05 13:35:00+07:00,"5147.38,5153.85,5142.14,5151.26"
2026-03-05 13:40:00+07:00,"5151.26,5156.81,5146.81,5150.75"
2026-03-05 13:45:00+07:00,"5150.74,5158.84,5149.01,5158.68"
2026-03-05 13:50:00+07:00,"5158.66,5160.42,5155.92,5156.26"
2026-03-05 13:55:00+07:00,"5156.15,5168.88,5156.15,5167.66"
2026-03-05 14:00:00+07:00,"5167.65,5172.76,5164.91,5170.62"
2026-03-05 14:05:00+07:00,"5170.61,5172.47,5162.58,5164.93"
2026-03-05 14:10:00+07:00,"5164.85,5167.82,5161.36,5161.81"
2026-03-05 14:15:00+07:00,"5161.82,5168.04,5159.78,5165.17"
2026-03-05 14:20:00+07:00,"5165.29,5166.79,5162.54,5165.36"
2026-03-05 14:25:00+07:00,"5165.37,5166.83,5163.05,5166.2"
2026-03-05 14:30:00+07:00,"5166.21,5167.11,5160.83,5161.36"
2026-03-05 14:35:00+07:00,"5161.34,5163.87,5159.54,5160.95"
2026-03-05 14:40:00+07:00,"5160.94,5165.7,5160.09,5160.24"
2026-03-05 14:45:00+07:00,"5160.27,5166.36,5159.11,5163.48"
2026-03-05 14:50:00+07:00,"5163.47,5164.56,5159.31,5159.77"
2026-03-05 14:55:00+07:00,"5159.77,5163.3,5158.96,5162.23"
2026-03-05 15:00:00+07:00,"5161.9,5162.58,5154.79,5156.42"
2026-03-05 15:05:00+07:00,"5156.43,5157.52,5147.16,5148.9"
2026-03-05 15:10:00+07:00,"5148.89,5150.36,5141.81,5141.98"
2026-03-05 15:15:00+07:00,"5141.96,5144.35,5139.13,5140"
2026-03-05 15:20:00+07:00,"5140.01,5148.47,5137.36,5145.49"
2026-03-05 15:25:00+07:00,"5145.48,5147.17,5142.07,5144.6"
2026-03-05 15:30:00+07:00,"5144.54,5153.47,5143.7,5150.2"
2026-03-05 15:35:00+07:00,"5150.19,5162.6,5150.01,5160.24"
2026-03-05 15:40:00+07:00,"5160.24,5163.26,5158.44,5161.05"
2026-03-05 15:45:00+07:00,"5161.05,5168.79,5161.04,5168.2"
2026-03-05 15:50:00+07:00,"5168.21,5168.35,5163.57,5167.78"
2026-03-05 15:55:00+07:00,"5167.77,5170.25,5162.99,5165.58"
2026-03-05 16:00:00+07:00,"5165.58,5167.8,5161.26,5164.37"
2026-03-05 16:05:00+07:00,"5164.37,5180.22,5163.28,5176.75"
2026-03-05 16:10:00+07:00,"5176.81,5180.51,5172.89,5179.68"
2026-03-05 16:15:00+07:00,"5179.73,5180.61,5171.93,5174.55"
2026-03-05 16:20:00+07:00,"5174.54,5177.51,5171.23,5171.92"
2026-03-05 16:25:00+07:00,"5171.93,5173.27,5167.01,5169.64"
2026-03-05 16:30:00+07:00,"5169.67,5169.85,5162.66,5165.94"
2026-03-05 16:35:00+07:00,"5165.97,5168.42,5151.74,5156.64"
2026-03-05 16:40:00+07:00,"5156.7,5166.91,5153.1,5162.59"
2026-03-05 16:45:00+07:00,"5162.59,5165.52,5157.28,5164.57"
2026-03-05 16:50:00+07:00,"5164.53,5164.73,5161.25,5162.05"
2026-03-05 16:55:00+07:00,"5162.04,5163.47,5160.16,5161.09"
2026-03-05 17:00:00+07:00,"5161.08,5161.08,5149.01,5150.09"
2026-03-05 17:05:00+07:00,"5150.1,5152.47,5146.21,5151.14"
2026-03-05 17:10:00+07:00,"5151.17,5155.19,5150.07,5154.35"
2026-03-05 17:15:00+07:00,"5154.37,5156.09,5153.42,5154.06"
2026-03-05 17:20:00+07:00,"5153.98,5155.09,5151.75,5154.14"
2026-03-05 17:25:00+07:00,"5154.16,5158.53,5152.4,5156.27"
2026-03-05 17:30:00+07:00,"5156.26,5159.03,5152.99,5153.66"
2026-03-05 17:35:00+07:00,"5153.67,5158.15,5147.59,5156.24"
2026-03-05 17:40:00+07:00,"5156.15,5157.94,5154.69,5157.06"
2026-03-05 17:45:00+07:00,"5157.06,5161.98,5156.48,5160.12"
2026-03-05 17:50:00+07:00,"5160.13,5166.7,5160.13,5166.05"
2026-03-05 17:55:00+07:00,"5166.07,5167.6,5164.46,5164.53"
2026-03-05 18:00:00+07:00,"5164.61,5168.12,5163.98,5165.23"
2026-03-05 18:05:00+07:00,"5165.31,5167.23,5161.43,5163.56"
2026-03-05 18:10:00+07:00,"5163.55,5164.84,5162.39,5164.6"
2026-03-05 18:15:00+07:00,"5164.63,5166.98,5163.45,5164.58"
2026-03-05 18:20:00+07:00,"5164.67,5166.03,5162.39,5164.53"
2026-03-05 18:25:00+07:00,"5164.54,5165.33,5161.11,5163.11"
2026-03-05 18:30:00+07:00,"5163.11,5164.92,5160.5,5162.3"
2026-03-05 18:35:00+07:00,"5162.29,5162.9,5157.21,5157.4"
2026-03-05 18:40:00+07:00,"5157.39,5161.73,5156.92,5160.99"
2026-03-05 18:45:00+07:00,"5161,5163.22,5160.39,5163.1"
2026-03-05 18:50:00+07:00,"5163.11,5165.36,5162.04,5162.79"
2026-03-05 18:55:00+07:00,"5162.8,5164.37,5160.3,5163.92"
2026-03-05 19:00:00+07:00,"5163.94,5166.83,5163.23,5166.8"
2026-03-05 19:05:00+07:00,"5166.85,5170.88,5165.85,5168.76"
2026-03-05 19:10:00+07:00,"5168.77,5171.72,5167.42,5168.58"
2026-03-05 19:15:00+07:00,"5168.6,5170.33,5164.13,5170.26"
2026-03-05 19:20:00+07:00,"5170.25,5170.41,5163.66,5164.52"
2026-03-05 19:25:00+07:00,"5164.51,5167.31,5161.73,5162.01"
2026-03-05 19:30:00+07:00,"5162,5166.45,5160.59,5166.22"
2026-03-05 19:35:00+07:00,"5166.21,5167.91,5164.29,5165.7"
2026-03-05 19:40:00+07:00,"5165.71,5166.74,5162.43,5162.43"
2026-03-05 19:45:00+07:00,"5162.42,5164.69,5160.82,5162.19"
2026-03-05 19:50:00+07:00,"5162.27,5166.16,5161.78,5164.85"
2026-03-05 19:55:00+07:00,"5164.86,5165.63,5161.6,5162.61"
2026-03-05 20:00:00+07:00,"5162.63,5164.09,5151.59,5154.46"
2026-03-05 20:05:00+07:00,"5154.4,5160.02,5148.95,5148.98"
2026-03-05 20:10:00+07:00,"5148.96,5156.34,5146.17,5155.92"
2026-03-05 20:15:00+07:00,"5155.97,5160.18,5127.17,5131.79"
2026-03-05 20:20:00+07:00,"5131.91,5133.19,5080.38,5105.13"
2026-03-05 20:25:00+07:00,"5105.09,5128.01,5099.6,5122.21"
2026-03-05 20:30:00+07:00,"5121.91,5130.91,5114.76,5129.58"
2026-03-05 20:35:00+07:00,"5129.53,5135.54,5125.94,5128.18"
2026-03-05 20:40:00+07:00,"5128.17,5138.36,5125.4,5131.59"
2026-03-05 20:45:00+07:00,"5131.58,5132.03,5115.06,5119.72"
2026-03-05 20:50:00+07:00,"5119.71,5128.8,5119.23,5121.98"
2026-03-05 20:55:00+07:00,"5122.01,5122.44,5109.61,5118.18"
2026-03-05 21:00:00+07:00,"5118.14,5129.72,5109.77,5128.56"
2026-03-05 21:05:00+07:00,"5128.57,5130.12,5118.92,5120.95"
2026-03-05 21:10:00+07:00,"5120.94,5124.13,5111.71,5112.93"
2026-03-05 21:15:00+07:00,"5112.91,5116.15,5102.8,5108.61"
2026-03-05 21:20:00+07:00,"5108.8,5114.84,5103.05,5112.45"
2026-03-05 21:25:00+07:00,"5112.46,5120.93,5111.04,5120.23"
2026-03-05 21:30:00+07:00,"5120.25,5123.47,5105.15,5122.52"
2026-03-05 21:35:00+07:00,"5122.5,5123.98,5090.6,5097.94"
2026-03-05 21:40:00+07:00,"5097.93,5109.5,5090.82,5097.23"
2026-03-05 21:45:00+07:00,"5097.23,5107.28,5091.04,5097.47"
2026-03-05 21:50:00+07:00,"5097.47,5106.05,5094.63,5102.59"
2026-03-05 21:55:00+07:00,"5102.53,5111.45,5097.72,5101.78"
2026-03-05 22:00:00+07:00,"5101.74,5120.16,5096.05,5097.02"
2026-03-05 22:05:00+07:00,"5097.05,5105.64,5059.22,5070.38"
2026-03-05 22:10:00+07:00,"5070.37,5088.2,5063.71,5085.2"
2026-03-05 22:15:00+07:00,"5085.08,5094.25,5081.53,5087.25"
2026-03-05 22:20:00+07:00,"5087.26,5088.91,5078.49,5078.97"
2026-03-05 22:25:00+07:00,"5078.89,5087.11,5071.81,5086.48"
2026-03-05 22:30:00+07:00,"5086.57,5092.85,5082.09,5092.78"
2026-03-05 22:35:00+07:00,"5092.79,5093.65,5079.16,5083.63"
2026-03-05 22:40:00+07:00,"5083.64,5088.94,5077.41,5080.39"
2026-03-05 22:45:00+07:00,"5080.37,5092.1,5079.55,5088.17"
2026-03-05 22:50:00+07:00,"5088.05,5098.35,5086.85,5097.67"
2026-03-05 22:55:00+07:00,"5097.75,5103.23,5091.99,5102.52"
2026-03-05 23:00:00+07:00,"5102.53,5104.59,5093.81,5094.02"
2026-03-05 23:05:00+07:00,"5094.01,5094.62,5076.06,5076.99"
2026-03-05 23:10:00+07:00,"5076.97,5083.82,5074.27,5083.2"
2026-03-05 23:15:00+07:00,"5083.15,5085.5,5072.01,5077.77"
2026-03-05 23:20:00+07:00,"5077.78,5079.67,5063.45,5064.22"
2026-03-05 23:25:00+07:00,"5064.22,5074.2,5060.25,5063.74"
2026-03-05 23:30:00+07:00,"5063.74,5068.8,5053.58,5063.68"
2026-03-05 23:35:00+07:00,"5063.68,5070.06,5057.87,5066.6"
2026-03-05 23:40:00+07:00,"5066.59,5073.13,5061.45,5070.9"
2026-03-05 23:45:00+07:00,"5070.87,5079.28,5070.87,5079.04"
2026-03-05 23:50:00+07:00,"5079.03,5081.38,5070.17,5078.44"
2026-03-05 23:55:00+07:00,"5078.41,5080.47,5073.51,5077.7"
2026-03-06 00:00:00+07:00,"5077.71,5086.35,5074.09,5086.34"
2026-03-06 00:05:00+07:00,"5086.32,5088.48,5081.82,5086.68"
2026-03-06 00:10:00+07:00,"5086.67,5089.53,5082.86,5086.37"
2026-03-06 00:15:00+07:00,"5086.38,5088.89,5081.99,5084.58"
2026-03-06 00:20:00+07:00,"5084.58,5086.04,5079.48,5084.25"
2026-03-06 00:25:00+07:00,"5084.24,5086.37,5074.71,5074.93"
2026-03-06 00:30:00+07:00,"5074.89,5077.49,5066.85,5068.92"
2026-03-06 00:35:00+07:00,"5069.05,5069.17,5054.87,5067.43"
2026-03-06 00:40:00+07:00,"5067.42,5070.3,5058.42,5063.53"
2026-03-06 00:45:00+07:00,"5063.54,5069.17,5059.68,5066.68"
2026-03-06 00:50:00+07:00,"5066.67,5068.48,5058.38,5059.16"
2026-03-06 00:55:00+07:00,"5059.31,5065.26,5055.36,5062.88"
2026-03-06 01:00:00+07:00,"5062.53,5065.83,5050.42,5065.67"
2026-03-06 01:05:00+07:00,"5065.68,5071.55,5063.11,5068.84"
2026-03-06 01:10:00+07:00,"5068.83,5073.82,5068.31,5071.83"
2026-03-06 01:15:00+07:00,"5071.87,5075.96,5070.2,5071"
2026-03-06 01:20:00+07:00,"5071.01,5075.9,5064.35,5066.2"
2026-03-06 01:25:00+07:00,"5066.21,5072.17,5061.5,5071.32"
2026-03-06 01:30:00+07:00,"5071.31,5079.34,5070.35,5074.74"
2026-03-06 01:35:00+07:00,"5074.75,5081.76,5071.05,5080.82"
2026-03-06 01:40:00+07:00,"5080.79,5085.5,5080.06,5083.09"
2026-03-06 01:45:00+07:00,"5083.2,5083.63,5077.14,5079.07"
2026-03-06 01:50:00+07:00,"5079.06,5079.06,5067.23,5072.66"
2026-03-06 01:55:00+07:00,"5072.64,5074.21,5067.88,5069.39"
2026-03-06 02:00:00+07:00,"5069.47,5078.82,5067.44,5078.45"
2026-03-06 02:05:00+07:00,"5078.45,5081.41,5075.12,5076.6"
2026-03-06 02:10:00+07:00,"5076.59,5077.5,5072.94,5073.46"
2026-03-06 02:15:00+07:00,"5073.54,5073.66,5062.2,5070.13"
2026-03-06 02:20:00+07:00,"5070.14,5072.19,5063.77,5070.13"
2026-03-06 02:25:00+07:00,"5070.09,5070.88,5063.5,5066.93"
2026-03-06 02:30:00+07:00,"5066.88,5066.95,5057.83,5060.76"
2026-03-06 02:35:00+07:00,"5060.8,5063.75,5055.72,5060.6"
2026-03-06 02:40:00+07:00,"5060.67,5067.22,5060.2,5065.81"
2026-03-06 02:45:00+07:00,"5065.81,5070.02,5063.64,5067.35"
2026-03-06 02:50:00+07:00,"5067.31,5070.64,5063.61,5065.76"
2026-03-06 02:55:00+07:00,"5065.78,5067.97,5062.04,5066.02"
2026-03-06 03:00:00+07:00,"5066.03,5069.53,5063.29,5068.04"
2026-03-06 03:05:00+07:00,"5068.02,5070.53,5061.56,5067.25"
2026-03-06 03:10:00+07:00,"5067.27,5079.83,5066.83,5079.01"
2026-03-06 03:15:00+07:00,"5079,5095,5078.89,5090.78"
2026-03-06 03:20:00+07:00,"5090.77,5092.19,5078.13,5080.66"
2026-03-06 03:25:00+07:00,"5080.63,5086.52,5076.2,5080.65"
2026-03-06 03:30:00+07:00,"5080.63,5082.47,5075.59,5076.71"
2026-03-06 03:35:00+07:00,"5076.72,5081.42,5074.3,5078.46"
2026-03-06 03:40:00+07:00,"5078.47,5082.24,5075.75,5080.77"
2026-03-06 03:45:00+07:00,"5080.9,5081.81,5072.59,5079.67"
2026-03-06 03:50:00+07:00,"5079.68,5081.43,5073.76,5076.67"
2026-03-06 03:55:00+07:00,"5076.71,5081.27,5075.44,5076.62"
2026-03-06 04:00:00+07:00,"5076.64,5080.56,5075.66,5079.52"
2026-03-06 04:05:00+07:00,"5079.5,5084.03,5077.46,5078.23"
2026-03-06 04:10:00+07:00,"5078.22,5078.48,5071.83,5076.35"
2026-03-06 04:15:00+07:00,"5076.23,5080.31,5075.42,5077.77"
2026-03-06 04:20:00+07:00,"5077.78,5080.05,5077.73,5079.92"
2026-03-06 04:25:00+07:00,"5079.91,5081.41,5077.87,5080.75"
2026-03-06 04:30:00+07:00,"5080.79,5082.63,5078.81,5082.16"
2026-03-06 04:35:00+07:00,"5082.17,5082.17,5072.66,5076.49"
2026-03-06 04:40:00+07:00,"5076.39,5076.42,5072.56,5075.53"
2026-03-06 04:45:00+07:00,"5075.43,5078.01,5073.97,5077.43"
2026-03-06 04:50:00+07:00,"5077.42,5085.2,5076.97,5084.78"
2026-03-06 04:55:00+07:00,"5084.79,5084.98,5080.4,5083.64"
2026-03-06 06:00:00+07:00,"5084.41,5091.91,5081.82,5090.54"
2026-03-06 06:05:00+07:00,"5090.82,5091.93,5082.5,5085.77"
2026-03-06 06:10:00+07:00,"5085.78,5088.95,5082.1,5086.32"
2026-03-06 06:15:00+07:00,"5086.33,5096.87,5082.92,5096.32"
2026-03-06 06:20:00+07:00,"5096.3,5096.64,5092.02,5092.23"
2026-03-06 06:25:00+07:00,"5092.47,5096.03,5089.89,5091.22"
2026-03-06 06:30:00+07:00,"5091.2,5092.79,5087.08,5088.2"
2026-03-06 06:35:00+07:00,"5088.19,5095.93,5087.47,5095.62"
2026-03-06 06:40:00+07:00,"5095.86,5101.89,5094.97,5100.74"
2026-03-06 06:45:00+07:00,"5100.73,5101.19,5096.18,5099.11"
2026-03-06 06:50:00+07:00,"5099.1,5099.68,5085.38,5089.58"
2026-03-06 06:55:00+07:00,"5089.6,5092.12,5084.35,5086.45"
2026-03-06 07:00:00+07:00,"5086.34,5086.86,5073.69,5084.17"
2026-03-06 07:05:00+07:00,"5084.17,5091.6,5083.05,5090.55"
2026-03-06 07:10:00+07:00,"5090.54,5090.84,5083.6,5085.22"
2026-03-06 07:15:00+07:00,"5085.2,5090.41,5078.34,5090.33"
2026-03-06 07:20:00+07:00,"5090.36,5091.63,5087,5087.68"
2026-03-06 07:25:00+07:00,"5087.67,5092.3,5086.24,5090.72"
2026-03-06 07:30:00+07:00,"5090.66,5092.23,5087.71,5088.28"
2026-03-06 07:35:00+07:00,"5088.27,5088.58,5083.52,5083.52"
2026-03-06 07:40:00+07:00,"5083.53,5084.21,5075.25,5083.61"
2026-03-06 07:45:00+07:00,"5083.56,5088.31,5079.77,5080.23"
2026-03-06 07:50:00+07:00,"5080.22,5089.98,5076.68,5089.47"
2026-03-06 07:55:00+07:00,"5089.48,5089.61,5081.97,5084.51"
2026-03-06 08:00:00+07:00,"5084.51,5084.91,5065.41,5075.51"
2026-03-06 08:05:00+07:00,"5075.41,5081.93,5074.53,5079.21"
2026-03-06 08:10:00+07:00,"5079.2,5086.37,5072.82,5077.06"
2026-03-06 08:15:00+07:00,"5077.05,5085.11,5074.86,5084.9"
2026-03-06 08:20:00+07:00,"5084.91,5089.09,5079.72,5080.32"
2026-03-06 08:25:00+07:00,"5080.33,5088.83,5079.59,5085.74"
2026-03-06 08:30:00+07:00,"5085.79,5099.76,5085.6,5099.31"
2026-03-06 08:35:00+07:00,"5099.31,5109.7,5097.57,5108.48"
2026-03-06 08:40:00+07:00,"5108.48,5120.15,5108.12,5118.47"
2026-03-06 08:45:00+07:00,"5118.36,5121.33,5117.35,5121.08"
2026-03-06 08:50:00+07:00,"5121.05,5141.31,5121.01,5139.92"
2026-03-06 08:55:00+07:00,"5139.88,5144.72,5134.41,5134.68"
2026-03-06 09:00:00+07:00,"5134.68,5138.73,5129.4,5131.08"
2026-03-06 09:05:00+07:00,"5131.08,5133.23,5126.21,5129.75"
2026-03-06 09:10:00+07:00,"5129.77,5135.29,5125.59,5130.64"
2026-03-06 09:15:00+07:00,"5130.66,5134.48,5127.72,5129.81"
2026-03-06 09:20:00+07:00,"5129.73,5132.9,5128.1,5129.34"
2026-03-06 09:25:00+07:00,"5129.34,5132.64,5127.9,5128.75"
2026-03-06 09:30:00+07:00,"5128.81,5131.87,5125.81,5127.21"
2026-03-06 09:35:00+07:00,"5127.2,5130.41,5125.05,5128.19"
2026-03-06 09:40:00+07:00,"5128.19,5128.46,5122.01,5124.32"
2026-03-06 09:45:00+07:00,"5124.34,5129.48,5123.22,5124.14"
2026-03-06 09:50:00+07:00,"5124.14,5128.81,5123.04,5124.77"
2026-03-06 09:55:00+07:00,"5124.79,5127.62,5123.78,5126.37"
2026-03-06 10:00:00+07:00,"5126.35,5130.78,5124.41,5129.73"
2026-03-06 10:05:00+07:00,"5129.77,5133.12,5126.5,5131.05"
2026-03-06 10:10:00+07:00,"5131.06,5134.99,5129.78,5133.01"
2026-03-06 10:15:00+07:00,"5133.01,5139.16,5130.74,5138.69"
2026-03-06 10:20:00+07:00,"5138.68,5142.01,5134.68,5140.67"
2026-03-06 10:25:00+07:00,"5140.67,5141.47,5134.61,5136.6"
2026-03-06 10:30:00+07:00,"5136.59,5138.08,5132.23,5132.82"
2026-03-06 10:35:00+07:00,"5132.77,5136.25,5129.59,5129.95"
2026-03-06 10:40:00+07:00,"5129.87,5132.75,5129.03,5132.46"
2026-03-06 10:45:00+07:00,"5132.44,5134.69,5130.37,5133.77"
2026-03-06 10:50:00+07:00,"5133.75,5133.75,5131.09,5131.35"
2026-03-06 10:55:00+07:00,"5131.44,5132.37,5129.95,5131.09"
2026-03-06 11:00:00+07:00,"5131.08,5134.7,5130.5,5134.22"
2026-03-06 11:05:00+07:00,"5134.25,5135.67,5131.48,5134.36"
2026-03-06 11:10:00+07:00,"5134.39,5136.09,5132.89,5135.17"
2026-03-06 11:15:00+07:00,"5135.18,5136.51,5132.91,5133.28"
2026-03-06 11:20:00+07:00,"5133.3,5133.46,5130.73,5130.76"
2026-03-06 11:25:00+07:00,"5130.75,5130.75,5127.57,5129.67"
2026-03-06 11:30:00+07:00,"5129.67,5133.58,5129.65,5129.87"
2026-03-06 11:35:00+07:00,"5129.86,5130.95,5128.41,5130.4"
2026-03-06 11:40:00+07:00,"5130.48,5133.17,5129.93,5132.53"
2026-03-06 11:45:00+07:00,"5132.55,5133.79,5131.02,5133.57"
2026-03-06 11:50:00+07:00,"5133.9,5135.95,5133.11,5133.12"
2026-03-06 11:55:00+07:00,"5133.13,5133.25,5126.35,5127.64"
2026-03-06 12:00:00+07:00,"5127.55,5130.12,5123.77,5128.75"
2026-03-06 12:05:00+07:00,"5128.74,5129.96,5122.65,5122.81"
2026-03-06 12:10:00+07:00,"5122.98,5127.83,5122.79,5126.66"
2026-03-06 12:15:00+07:00,"5126.67,5129.28,5125.63,5128.56"
2026-03-06 12:20:00+07:00,"5128.55,5128.82,5122.88,5127.77"
2026-03-06 12:25:00+07:00,"5127.86,5130.1,5125.93,5129.74"
2026-03-06 12:30:00+07:00,"5129.73,5130.1,5121.54,5124.81"
2026-03-06 12:35:00+07:00,"5124.76,5127.82,5119.03,5121.5"
2026-03-06 12:40:00+07:00,"5121.51,5123.07,5119.1,5121.11"
2026-03-06 12:45:00+07:00,"5121.12,5123.75,5115.06,5115.99"
2026-03-06 12:50:00+07:00,"5115.99,5120.63,5114.2,5118.29"
2026-03-06 12:55:00+07:00,"5118.28,5120.2,5114.84,5117.26"
2026-03-06 13:00:00+07:00,"5117.33,5117.53,5109.17,5113.71"
2026-03-06 13:05:00+07:00,"5113.72,5121.62,5113.22,5117.36"
2026-03-06 13:10:00+07:00,"5117.34,5117.96,5112.35,5116.44"
2026-03-06 13:15:00+07:00,"5116.45,5119.42,5114.46,5118.8"
2026-03-06 13:20:00+07:00,"5118.79,5122.83,5118.3,5122.82"
2026-03-06 13:25:00+07:00,"5122.8,5122.96,5118.63,5120.32"
2026-03-06 13:30:00+07:00,"5120.34,5122,5118.13,5118.55"
2026-03-06 13:35:00+07:00,"5118.56,5121.89,5116.51,5118.49"
2026-03-06 13:40:00+07:00,"5118.5,5122.87,5118.01,5121.27"
2026-03-06 13:45:00+07:00,"5121.27,5121.4,5117.89,5118.7"
2026-03-06 13:50:00+07:00,"5118.68,5122.44,5116.42,5120.37"
2026-03-06 13:55:00+07:00,"5120.38,5120.79,5115.04,5115.84"
2026-03-06 14:00:00+07:00,"5115.86,5117.86,5111.94,5112.2"
2026-03-06 14:05:00+07:00,"5112.19,5112.35,5105.76,5108.43"
2026-03-06 14:10:00+07:00,"5108.42,5113.05,5107.37,5111.44"
2026-03-06 14:15:00+07:00,"5111.43,5114.85,5110.77,5114.5"
2026-03-06 14:20:00+07:00,"5114.49,5117.47,5111.54,5114.91"
2026-03-06 14:25:00+07:00,"5114.89,5119.28,5112.49,5114.69"
2026-03-06 14:30:00+07:00,"5114.7,5114.86,5107.8,5113.72"
2026-03-06 14:35:00+07:00,"5113.71,5114.31,5110.47,5112.44"
2026-03-06 14:40:00+07:00,"5112.43,5116.64,5112.06,5114.14"
2026-03-06 14:45:00+07:00,"5114.22,5116.96,5112.5,5116.57"
2026-03-06 14:50:00+07:00,"5116.56,5118.95,5115.79,5117.6"
2026-03-06 14:55:00+07:00,"5117.64,5120.77,5117.19,5119.67"
2026-03-06 15:00:00+07:00,"5119.69,5121.84,5115.36,5118.28"
2026-03-06 15:05:00+07:00,"5118.24,5123.19,5115.82,5116.6"
2026-03-06 15:10:00+07:00,"5116.58,5117.21,5110.97,5115.58"
2026-03-06 15:15:00+07:00,"5115.57,5117.72,5112.38,5115.29"
2026-03-06 15:20:00+07:00,"5115.28,5115.38,5106.16,5110.36"
2026-03-06 15:25:00+07:00,"5110.35,5110.38,5099.31,5100.61"
2026-03-06 15:30:00+07:00,"5100.57,5106.14,5096.21,5105.95"
2026-03-06 15:35:00+07:00,"5105.95,5108.37,5103.57,5108.14"
2026-03-06 15:40:00+07:00,"5107.92,5108.74,5105.51,5107.61"
2026-03-06 15:45:00+07:00,"5107.58,5113.67,5106.76,5108.68"
2026-03-06 15:50:00+07:00,"5108.69,5111.71,5108.39,5111.37"
2026-03-06 15:55:00+07:00,"5111.37,5111.81,5107.53,5108.7"
2026-03-06 16:00:00+07:00,"5108.77,5109.6,5101.94,5102.61"
2026-03-06 16:05:00+07:00,"5102.6,5106.42,5097.82,5100"
2026-03-06 16:10:00+07:00,"5099.98,5102.26,5094.53,5095.76"
2026-03-06 16:15:00+07:00,"5095.75,5102.08,5094.03,5101.26"
2026-03-06 16:20:00+07:00,"5101.43,5102.51,5091.76,5095.74"
2026-03-06 16:25:00+07:00,"5095.76,5099.92,5095.14,5099.11"
2026-03-06 16:30:00+07:00,"5099.09,5103.91,5097.3,5100.91"
2026-03-06 16:35:00+07:00,"5100.9,5101.87,5087.12,5091.43"
2026-03-06 16:40:00+07:00,"5091.48,5097.52,5091.27,5096.27"
2026-03-06 16:45:00+07:00,"5096.28,5097.38,5087.98,5091.3"
2026-03-06 16:50:00+07:00,"5091.31,5093.31,5084.71,5089.98"
2026-03-06 16:55:00+07:00,"5089.9,5093.45,5083.25,5085.76"
2026-03-06 17:00:00+07:00,"5085.77,5087.67,5077.99,5081.28"
2026-03-06 17:05:00+07:00,"5081.29,5086.43,5075.75,5086.15"
2026-03-06 17:10:00+07:00,"5086.17,5090.67,5082.09,5082.68"
2026-03-06 17:15:00+07:00,"5082.67,5085.3,5080.88,5082.39"
2026-03-06 17:20:00+07:00,"5082.38,5086.28,5079.82,5084.88"
2026-03-06 17:25:00+07:00,"5084.87,5093.88,5083.09,5087.51"
2026-03-06 17:30:00+07:00,"5087.49,5091.62,5085.6,5085.83"
2026-03-06 17:35:00+07:00,"5085.84,5089.32,5085.06,5088.75"
2026-03-06 17:40:00+07:00,"5088.7,5089.16,5080.91,5081.68"
2026-03-06 17:45:00+07:00,"5081.63,5090.52,5081.63,5088.75"
2026-03-06 17:50:00+07:00,"5088.83,5090.86,5085.89,5090.6"
2026-03-06 17:55:00+07:00,"5090.59,5092.91,5086.03,5091.17"
2026-03-06 18:00:00+07:00,"5091.2,5091.59,5083.97,5085.09"
2026-03-06 18:05:00+07:00,"5085.1,5088.22,5081.37,5087.64"
2026-03-06 18:10:00+07:00,"5087.64,5088.02,5080.47,5086.09"
2026-03-06 18:15:00+07:00,"5086.25,5090.58,5085.55,5089.28"
2026-03-06 18:20:00+07:00,"5089.3,5098.19,5089.27,5095.76"
2026-03-06 18:25:00+07:00,"5095.75,5096.48,5094.08,5094.49"
2026-03-06 18:30:00+07:00,"5094.48,5100.12,5090.11,5093.47"
2026-03-06 18:35:00+07:00,"5093.3,5093.4,5089.78,5092.4"
2026-03-06 18:40:00+07:00,"5092.32,5092.53,5080.95,5081.23"
2026-03-06 18:45:00+07:00,"5081.23,5087.3,5080.8,5084.74"
2026-03-06 18:50:00+07:00,"5084.75,5086.39,5077.32,5078.69"
2026-03-06 18:55:00+07:00,"5078.68,5080.94,5061.73,5077.05"
2026-03-06 19:00:00+07:00,"5077.06,5085.33,5076.21,5082.32"
2026-03-06 19:05:00+07:00,"5082.27,5087.28,5079.61,5086.56"
2026-03-06 19:10:00+07:00,"5086.57,5091.22,5086.24,5089.96"
2026-03-06 19:15:00+07:00,"5089.9,5096.51,5088.52,5095.82"
2026-03-06 19:20:00+07:00,"5095.81,5096.78,5088.83,5089.49"
2026-03-06 19:25:00+07:00,"5089.5,5090.91,5086.09,5088.52"
2026-03-06 19:30:00+07:00,"5088.55,5092.57,5085.33,5091.1"
2026-03-06 19:35:00+07:00,"5091.12,5095.9,5088.01,5095.9"
2026-03-06 19:40:00+07:00,"5095.91,5096.67,5090.48,5096.29"
2026-03-06 19:45:00+07:00,"5096.3,5096.64,5088.44,5089.69"
2026-03-06 19:50:00+07:00,"5089.68,5091.95,5084.84,5085.57"
2026-03-06 19:55:00+07:00,"5085.58,5091.79,5081.24,5083.33"
2026-03-06 20:00:00+07:00,"5083.31,5083.67,5071.25,5075.97"
2026-03-06 20:05:00+07:00,"5075.85,5076.02,5065.34,5070.37"
2026-03-06 20:10:00+07:00,"5070.38,5075.66,5067.05,5073.21"
2026-03-06 20:15:00+07:00,"5073.16,5078.07,5072.53,5077.14"
2026-03-06 20:20:00+07:00,"5077.19,5084.95,5074.82,5084.52"
2026-03-06 20:25:00+07:00,"5084.5,5089.02,5080.19,5083.19"
2026-03-06 20:30:00+07:00,"5083.07,5126.89,5082.98,5123.79"
2026-03-06 20:35:00+07:00,"5123.71,5131.58,5118.91,5124.27"
2026-03-06 20:40:00+07:00,"5124.3,5125.52,5113.03,5122.04"
2026-03-06 20:45:00+07:00,"5122.05,5122.27,5111.67,5117.43"
2026-03-06 20:50:00+07:00,"5117.5,5121.6,5101.31,5102.11"
2026-03-06 20:55:00+07:00,"5102.12,5102.19,5073.77,5085.2"
2026-03-06 21:00:00+07:00,"5085.26,5102.96,5081.4,5089.55"
2026-03-06 21:05:00+07:00,"5089.53,5091.52,5084.58,5088.2"
2026-03-06 21:10:00+07:00,"5088.22,5099.81,5084.54,5096.92"
2026-03-06 21:15:00+07:00,"5096.95,5098.4,5088.12,5097.91"
2026-03-06 21:20:00+07:00,"5097.9,5107.22,5092.49,5107.2"
2026-03-06 21:25:00+07:00,"5107.17,5109.37,5102.59,5104.45"
2026-03-06 21:30:00+07:00,"5104.48,5115.94,5100.34,5107.38"
2026-03-06 21:35:00+07:00,"5107.42,5108.44,5086.63,5088.63"
2026-03-06 21:40:00+07:00,"5088.61,5096.22,5084.16,5089.47"
2026-03-06 21:45:00+07:00,"5089.46,5100.35,5087.38,5090.56"
2026-03-06 21:50:00+07:00,"5090.52,5105.95,5090.52,5103.84"
2026-03-06 21:55:00+07:00,"5103.85,5132.3,5102.5,5130.4"
2026-03-06 22:00:00+07:00,"5130.4,5158.97,5127.27,5147.87"
2026-03-06 22:05:00+07:00,"5147.86,5159.23,5144.95,5151.04"
2026-03-06 22:10:00+07:00,"5151.05,5157.16,5137.31,5149.15"
2026-03-06 22:15:00+07:00,"5149.16,5152.68,5144.43,5149.94"
2026-03-06 22:20:00+07:00,"5149.91,5168.31,5149.91,5165.93"
2026-03-06 22:25:00+07:00,"5165.94,5171.94,5156.68,5161.71"
2026-03-06 22:30:00+07:00,"5161.72,5166.47,5153.59,5154.71"
2026-03-06 22:35:00+07:00,"5154.77,5163.24,5153.42,5156.71"
2026-03-06 22:40:00+07:00,"5156.69,5160.62,5149.67,5154.05"
2026-03-06 22:45:00+07:00,"5154.04,5157.51,5144.22,5146.75"
2026-03-06 22:50:00+07:00,"5146.76,5147.41,5134.09,5142.3"
2026-03-06 22:55:00+07:00,"5142.38,5148.31,5138.59,5141.83"
2026-03-06 23:00:00+07:00,"5141.85,5150.76,5140.52,5149.78"
2026-03-06 23:05:00+07:00,"5149.76,5150.02,5142.25,5145.1"
2026-03-06 23:10:00+07:00,"5145.19,5145.45,5135.79,5143.8"
2026-03-06 23:15:00+07:00,"5143.72,5153.23,5143.21,5149.74"
2026-03-06 23:20:00+07:00,"5149.72,5151.36,5138.9,5140.5"
2026-03-06 23:25:00+07:00,"5140.46,5142.79,5136.32,5142.25"
2026-03-06 23:30:00+07:00,"5142.26,5146.24,5133.04,5137.13"
2026-03-06 23:35:00+07:00,"5137.12,5140.96,5129.98,5130.37"
2026-03-06 23:40:00+07:00,"5130.39,5142.43,5125.15,5142.05"
2026-03-06 23:45:00+07:00,"5142.08,5148.23,5141.12,5141.28"
2026-03-06 23:50:00+07:00,"5142.49,5147.69,5140.27,5140.33"
2026-03-06 23:55:00+07:00,"5140.34,5143.75,5128.46,5139.8"
2026-03-07 00:00:00+07:00,"5139.87,5142.42,5133.23,5133.29"
2026-03-07 00:05:00+07:00,"5133.3,5136.99,5128.94,5135.95"
2026-03-07 00:10:00+07:00,"5135.94,5139.81,5134.71,5136.72"
2026-03-07 00:15:00+07:00,"5136.71,5143.48,5133.1,5143.28"
2026-03-07 00:20:00+07:00,"5143.31,5145.61,5137.9,5143.9"
2026-03-07 00:25:00+07:00,"5143.89,5144.68,5136.8,5142.18"
2026-03-07 00:30:00+07:00,"5142.19,5151.45,5140.4,5150.76"
2026-03-07 00:35:00+07:00,"5150.77,5152.47,5143.99,5145.23"
2026-03-07 00:40:00+07:00,"5145.24,5145.77,5136.69,5137.5"
2026-03-07 00:45:00+07:00,"5137.51,5140.57,5134.3,5138.08"
2026-03-07 00:50:00+07:00,"5138.08,5140.71,5133.29,5134.33"
2026-03-07 00:55:00+07:00,"5134.31,5140.92,5132.87,5140.71"
2026-03-07 01:00:00+07:00,"5140.7,5145.62,5138.75,5141.72"
2026-03-07 01:05:00+07:00,"5141.76,5147.47,5140.46,5144.3"
2026-03-07 01:10:00+07:00,"5144.28,5147.2,5141.83,5145.52"
2026-03-07 01:15:00+07:00,"5145.53,5145.87,5143.08,5143.63"
2026-03-07 01:20:00+07:00,"5143.64,5149.25,5143.64,5147.41"
2026-03-07 01:25:00+07:00,"5147.43,5151.25,5147.17,5150.28"
2026-03-07 01:30:00+07:00,"5150.29,5152.65,5148.77,5152.16"
2026-03-07 01:35:00+07:00,"5152.2,5157.83,5149.56,5156.42"
2026-03-07 01:40:00+07:00,"5156.41,5165.45,5153.57,5165.35"
2026-03-07 01:45:00+07:00,"5165.36,5167.79,5160.7,5161.7"
2026-03-07 01:50:00+07:00,"5161.68,5162.44,5156.74,5157.52"
2026-03-07 01:55:00+07:00,"5157.51,5163.99,5157.34,5160.99"
2026-03-07 02:00:00+07:00,"5161.07,5166.22,5160.66,5164.6"
2026-03-07 02:05:00+07:00,"5164.55,5168.63,5160.61,5167.65"
2026-03-07 02:10:00+07:00,"5167.63,5171.3,5166.34,5171.29"
2026-03-07 02:15:00+07:00,"5171.28,5174.77,5170.14,5174.19"
2026-03-07 02:20:00+07:00,"5174.19,5174.45,5165.3,5168.05"
2026-03-07 02:25:00+07:00,"5168.06,5169.3,5164.37,5165.28"
2026-03-07 02:30:00+07:00,"5165.27,5167.86,5163.57,5165.31"
2026-03-07 02:35:00+07:00,"5165.32,5166.58,5157.72,5159.36"
2026-03-07 02:40:00+07:00,"5159.41,5162.75,5157.85,5158.11"
2026-03-07 02:45:00+07:00,"5158.1,5161.15,5156.73,5160.4"
2026-03-07 02:50:00+07:00,"5160.42,5163.87,5160.06,5162.4"
2026-03-07 02:55:00+07:00,"5162.42,5162.84,5159.21,5159.8"
2026-03-07 03:00:00+07:00,"5159.75,5162.53,5155.76,5156.44"
2026-03-07 03:05:00+07:00,"5156.43,5161.44,5156.33,5159.15"
2026-03-07 03:10:00+07:00,"5159.11,5159.18,5153.6,5155.37"
2026-03-07 03:15:00+07:00,"5155.35,5158.29,5154.4,5154.98"
2026-03-07 03:20:00+07:00,"5154.97,5159.08,5152.52,5158.47"
2026-03-07 03:25:00+07:00,"5158.46,5160.63,5153.07,5153.81"
2026-03-07 03:30:00+07:00,"5153.81,5156.61,5150.99,5151.26"
2026-03-07 03:35:00+07:00,"5151.22,5155.88,5149.42,5155.4"
2026-03-07 03:40:00+07:00,"5155.37,5161.64,5153.11,5157.75"
2026-03-07 03:45:00+07:00,"5157.74,5159.68,5156.21,5159.42"
2026-03-07 03:50:00+07:00,"5159.45,5160.59,5153.55,5156.45"
2026-03-07 03:55:00+07:00,"5156.28,5156.29,5150.7,5153.45"
2026-03-07 04:00:00+07:00,"5152.99,5161.62,5150.84,5160.92"
2026-03-07 04:05:00+07:00,"5160.91,5167.43,5160.83,5162.62"
2026-03-07 04:10:00+07:00,"5162.6,5167.52,5162.25,5165.25"
2026-03-07 04:15:00+07:00,"5165.29,5170.3,5164.9,5169.8"
2026-03-07 04:20:00+07:00,"5169.79,5170.49,5168.44,5168.48"
2026-03-07 04:25:00+07:00,"5168.45,5170.25,5165.46,5168.22"
2026-03-07 04:30:00+07:00,"5168.23,5171.53,5166.34,5171.49"
2026-03-07 04:35:00+07:00,"5171.51,5172.12,5169.07,5170.77"
2026-03-07 04:40:00+07:00,"5170.78,5171.39,5168.55,5170.44"
2026-03-07 04:45:00+07:00,"5170.43,5171.59,5169.23,5171.06"
2026-03-07 04:50:00+07:00,"5171.05,5172.38,5169.86,5171.16"
2026-03-07 04:55:00+07:00,"5171.15,5176.46,5170.19,5171.49"
2026-03-09 05:00:00+07:00,"5190.59,5192.82,5164.04,5165.38"
2026-03-09 05:05:00+07:00,"5165.52,5166.06,5118.38,5157.35"
2026-03-09 05:10:00+07:00,"5157.34,5174.79,5152.43,5159"
2026-03-09 05:15:00+07:00,"5158.97,5159.77,5127.15,5133.95"
2026-03-09 05:20:00+07:00,"5133.95,5157.23,5132.36,5150.45"
2026-03-09 05:25:00+07:00,"5150.47,5159.71,5143.18,5155.42"
2026-03-09 05:30:00+07:00,"5155.38,5164.35,5148.68,5149.05"
2026-03-09 05:35:00+07:00,"5149.06,5153.8,5133.22,5133.24"
2026-03-09 05:40:00+07:00,"5133.56,5136.46,5105.7,5126.04"
2026-03-09 05:45:00+07:00,"5126.04,5135.3,5107.38,5107.38"
2026-03-09 05:50:00+07:00,"5107.4,5124.51,5103.79,5123.16"
2026-03-09 05:55:00+07:00,"5123.17,5131.85,5121.95,5130.21"
2026-03-09 06:00:00+07:00,"5130.21,5136.25,5109.46,5118.31"
2026-03-09 06:05:00+07:00,"5118.33,5121.33,5108,5114.6"
2026-03-09 06:10:00+07:00,"5114.55,5115.36,5093.8,5101.9"
2026-03-09 06:15:00+07:00,"5101.91,5107.08,5097.56,5098.58"
2026-03-09 06:20:00+07:00,"5098.66,5105.75,5094.96,5099.91"
2026-03-09 06:25:00+07:00,"5099.76,5104.76,5095.38,5104.63"
2026-03-09 06:30:00+07:00,"5104.62,5105.38,5094.55,5094.93"
2026-03-09 06:35:00+07:00,"5095.14,5095.14,5065.42,5070.03"
2026-03-09 06:40:00+07:00,"5070.05,5075.55,5044.37,5073.23"
2026-03-09 06:45:00+07:00,"5072.85,5077.43,5054.35,5065.85"
2026-03-09 06:50:00+07:00,"5066.14,5074.54,5059.56,5065.33"
2026-03-09 06:55:00+07:00,"5065.32,5080.18,5061.87,5076.49"
2026-03-09 07:00:00+07:00,"5076.38,5081.22,5058.9,5066.2"
2026-03-09 07:05:00+07:00,"5066.2,5066.36,5049.57,5053.16"
2026-03-09 07:10:00+07:00,"5053.13,5055.09,5028.67,5036.28"
2026-03-09 07:15:00+07:00,"5036.27,5043.55,5032.9,5037.09"
2026-03-09 07:20:00+07:00,"5037.08,5053.31,5033.74,5047.58"
2026-03-09 07:25:00+07:00,"5047.6,5048.44,5041.13,5046.08"
2026-03-09 07:30:00+07:00,"5046.06,5058.47,5043.78,5051.35"
2026-03-09 07:35:00+07:00,"5051.36,5060.47,5050.56,5056.3"
2026-03-09 07:40:00+07:00,"5056.4,5056.43,5048.08,5052.11"
2026-03-09 07:45:00+07:00,"5052.17,5058.18,5033.65,5043.17"
2026-03-09 07:50:00+07:00,"5043.32,5046.24,5037.58,5043.27"
2026-03-09 07:55:00+07:00,"5043.28,5050.83,5038.65,5049.86"
2026-03-09 08:00:00+07:00,"5049.78,5049.78,5014.98,5034.04"
2026-03-09 08:05:00+07:00,"5034.17,5059.71,5031.22,5052.15"
2026-03-09 08:10:00+07:00,"5052.34,5074.89,5047.67,5072.32"
2026-03-09 08:15:00+07:00,"5072.3,5086.07,5069.87,5078.54"
2026-03-09 08:20:00+07:00,"5078.53,5087.92,5075.33,5084.62"
2026-03-09 08:25:00+07:00,"5084.64,5085.61,5070.29,5071.88"
2026-03-09 08:30:00+07:00,"5071.93,5086.52,5071.43,5081.29"
2026-03-09 08:35:00+07:00,"5081.22,5082.26,5072.35,5073.53"
2026-03-09 08:40:00+07:00,"5073.45,5082.03,5071.43,5079.89"
2026-03-09 08:45:00+07:00,"5079.88,5082.71,5072.36,5081.22"
2026-03-09 08:50:00+07:00,"5081.28,5082.4,5064.71,5074.19"
2026-03-09 08:55:00+07:00,"5074.2,5077.01,5070.01,5070.2"
2026-03-09 09:00:00+07:00,"5070.22,5070.81,5055.25,5064.13"
2026-03-09 09:05:00+07:00,"5064.14,5082.34,5063.19,5080.59"
2026-03-09 09:10:00+07:00,"5080.59,5095.48,5080.42,5094.46"
2026-03-09 09:15:00+07:00,"5094.49,5094.65,5077.65,5078.69"
2026-03-09 09:20:00+07:00,"5078.65,5081.24,5072.71,5079.31"
2026-03-09 09:25:00+07:00,"5079.3,5079.8,5074.31,5077.67"
2026-03-09 09:30:00+07:00,"5077.66,5089.23,5076.22,5081.72"
2026-03-09 09:35:00+07:00,"5081.71,5091.54,5080.81,5090.92"
2026-03-09 09:40:00+07:00,"5090.93,5094.05,5085.76,5092.72"
2026-03-09 09:45:00+07:00,"5092.73,5094.98,5088.6,5092.5"
2026-03-09 09:50:00+07:00,"5092.58,5093.88,5086.01,5092.67"
2026-03-09 09:55:00+07:00,"5092.72,5099.28,5091.08,5094.69"
2026-03-09 10:00:00+07:00,"5094.7,5099.26,5090.92,5092.43"
2026-03-09 10:05:00+07:00,"5092.44,5094.79,5088.69,5090.49"
2026-03-09 10:10:00+07:00,"5090.32,5092.23,5083.65,5087.18"
2026-03-09 10:15:00+07:00,"5087.17,5096.41,5086.27,5093.68"
2026-03-09 10:20:00+07:00,"5093.76,5097.81,5092.15,5093.13"
2026-03-09 10:25:00+07:00,"5093.12,5102.58,5084.09,5084.66"
2026-03-09 10:30:00+07:00,"5084.65,5092.47,5084.36,5090.84"
2026-03-09 10:35:00+07:00,"5090.78,5093.78,5084.08,5085.67"
2026-03-09 10:40:00+07:00,"5085.69,5088.06,5081.34,5087.04"
2026-03-09 10:45:00+07:00,"5087.12,5093.52,5086.88,5092.21"
2026-03-09 10:50:00+07:00,"5092.29,5093.59,5090.5,5091.43"
2026-03-09 10:55:00+07:00,"5091.34,5093.12,5089.75,5091.36"
2026-03-09 11:00:00+07:00,"5091.37,5091.85,5087.24,5089.62"
2026-03-09 11:05:00+07:00,"5089.62,5097.24,5086.72,5093.64"
2026-03-09 11:10:00+07:00,"5093.63,5095.86,5090.69,5090.97"
2026-03-09 11:15:00+07:00,"5090.99,5093.12,5089.52,5091.13"
2026-03-09 11:20:00+07:00,"5091.14,5093.34,5089.23,5089.84"
2026-03-09 11:25:00+07:00,"5089.86,5094.66,5088.21,5089.42"
2026-03-09 11:30:00+07:00,"5089.43,5092.74,5087.48,5092.52"
2026-03-09 11:35:00+07:00,"5092.55,5093.12,5089.96,5090.88"
2026-03-09 11:40:00+07:00,"5090.88,5091.57,5087.94,5090.17"
2026-03-09 11:45:00+07:00,"5090.25,5090.29,5085.5,5089.53"
2026-03-09 11:50:00+07:00,"5089.45,5090.58,5085.37,5085.46"
2026-03-09 11:55:00+07:00,"5085.45,5091.38,5085.44,5090.12"
2026-03-09 12:00:00+07:00,"5090.13,5095.9,5080.83,5095.06"
2026-03-09 12:05:00+07:00,"5095.07,5102.07,5092.94,5096.05"
2026-03-09 12:10:00+07:00,"5096.06,5099.57,5093.99,5096.46"
2026-03-09 12:15:00+07:00,"5096.53,5097.94,5087.47,5088.54"
2026-03-09 12:20:00+07:00,"5088.55,5104.6,5087.72,5094.94"
2026-03-09 12:25:00+07:00,"5095.1,5099.6,5092.65,5095.55"
2026-03-09 12:30:00+07:00,"5095.75,5108.59,5091.65,5106.16"
2026-03-09 12:35:00+07:00,"5106.18,5113.44,5104.47,5105.82"
2026-03-09 12:40:00+07:00,"5105.83,5121.58,5105.44,5120.79"
2026-03-09 12:45:00+07:00,"5120.81,5140.55,5119.17,5136.61"
2026-03-09 12:50:00+07:00,"5136.59,5140.13,5125.95,5126.48"
2026-03-09 12:55:00+07:00,"5126.41,5127.21,5119.44,5124.34"
2026-03-09 13:00:00+07:00,"5124.31,5130.27,5119.11,5123.48"
2026-03-09 13:05:00+07:00,"5123.57,5133.6,5122.82,5130.01"
2026-03-09 13:10:00+07:00,"5129.84,5133.96,5126.29,5127.66"
2026-03-09 13:15:00+07:00,"5127.64,5131.74,5126.57,5127.62"
2026-03-09 13:20:00+07:00,"5127.64,5130.01,5124.52,5126.13"
2026-03-09 13:25:00+07:00,"5126.1,5129.12,5123.08,5126.44"
2026-03-09 13:30:00+07:00,"5126.67,5129.83,5124.16,5124.64"
2026-03-09 13:35:00+07:00,"5124.63,5125.53,5114.43,5118.11"
2026-03-09 13:40:00+07:00,"5118.12,5118.98,5104.66,5107.02"
2026-03-09 13:45:00+07:00,"5106.91,5111.42,5101.53,5106.11"
2026-03-09 13:50:00+07:00,"5106.12,5108.85,5096.89,5100.55"
2026-03-09 13:55:00+07:00,"5100.55,5104.75,5097.46,5098"
2026-03-09 14:00:00+07:00,"5097.99,5098.63,5088.16,5093.93"
2026-03-09 14:05:00+07:00,"5093.86,5098.52,5089.04,5097.96"
2026-03-09 14:10:00+07:00,"5097.97,5102.18,5096.15,5096.99"
2026-03-09 14:15:00+07:00,"5096.99,5101.78,5095.44,5098.54"
2026-03-09 14:20:00+07:00,"5098.24,5105.85,5096.84,5105.17"
2026-03-09 14:25:00+07:00,"5105.15,5107.06,5101.36,5106.79"
2026-03-09 14:30:00+07:00,"5106.77,5107.89,5099.79,5102.88"
2026-03-09 14:35:00+07:00,"5102.87,5105.6,5100.98,5103.76"
2026-03-09 14:40:00+07:00,"5103.77,5107.63,5101.11,5101.24"
2026-03-09 14:45:00+07:00,"5101.24,5101.41,5093.53,5097.1"
2026-03-09 14:50:00+07:00,"5097.1,5100.61,5094.12,5096.63"
2026-03-09 14:55:00+07:00,"5096.62,5100.64,5094.41,5099.07"
2026-03-09 15:00:00+07:00,"5099.06,5110.85,5098.76,5109.32"
2026-03-09 15:05:00+07:00,"5109.37,5109.83,5099.7,5102.64"
2026-03-09 15:10:00+07:00,"5102.65,5104.64,5099.11,5099.9"
2026-03-09 15:15:00+07:00,"5099.89,5106.74,5094.42,5100.83"
2026-03-09 15:20:00+07:00,"5100.84,5101.19,5095.09,5098.2"
2026-03-09 15:25:00+07:00,"5098.21,5099.54,5090.85,5091.66"
2026-03-09 15:30:00+07:00,"5091.65,5096.58,5087.18,5095.97"
2026-03-09 15:35:00+07:00,"5095.88,5096.93,5091.43,5094.52"
2026-03-09 15:40:00+07:00,"5094.57,5096.09,5088.97,5090.27"
2026-03-09 15:45:00+07:00,"5090.26,5100.67,5087.02,5100.63"
2026-03-09 15:50:00+07:00,"5100.67,5102.68,5095.3,5096.43"
2026-03-09 15:55:00+07:00,"5096.44,5099.94,5092.54,5096.49"
2026-03-09 16:00:00+07:00,"5096.48,5104.44,5095.19,5096.57"
2026-03-09 16:05:00+07:00,"5096.56,5111.44,5095.11,5109.37"
2026-03-09 16:10:00+07:00,"5109.38,5116.74,5109.21,5112.76"
2026-03-09 16:15:00+07:00,"5112.75,5119.62,5112.15,5117.58"
2026-03-09 16:20:00+07:00,"5117.61,5122.48,5114.69,5118.47"
2026-03-09 16:25:00+07:00,"5118.42,5127.05,5116.21,5125.31"
2026-03-09 16:30:00+07:00,"5125.33,5132.5,5124.31,5128.8"
2026-03-09 16:35:00+07:00,"5128.81,5130.84,5117.83,5118.2"
2026-03-09 16:40:00+07:00,"5118.2,5120.11,5102.8,5103.03"
2026-03-09 16:45:00+07:00,"5103,5106.08,5096.31,5100.97"
2026-03-09 16:50:00+07:00,"5100.91,5107.53,5100.62,5105.16"
2026-03-09 16:55:00+07:00,"5105.2,5106.18,5101.58,5105.22"
2026-03-09 17:00:00+07:00,"5105.21,5108.67,5102.78,5106.95"
2026-03-09 17:05:00+07:00,"5106.94,5109.71,5105.03,5108.85"
2026-03-09 17:10:00+07:00,"5108.86,5111.14,5107.74,5109.09"
2026-03-09 17:15:00+07:00,"5109.08,5110.39,5104.04,5104.13"
2026-03-09 17:20:00+07:00,"5104.14,5105.84,5101.65,5102.4"
2026-03-09 17:25:00+07:00,"5102.39,5105.79,5097.92,5099.55"
2026-03-09 17:30:00+07:00,"5099.36,5099.47,5090.36,5093.43"
2026-03-09 17:35:00+07:00,"5093.26,5095.35,5088.95,5093.84"
2026-03-09 17:40:00+07:00,"5093.87,5100.19,5093.55,5095.73"
2026-03-09 17:45:00+07:00,"5095.71,5096.52,5089.56,5091.35"
2026-03-09 17:50:00+07:00,"5091.33,5096.34,5084.3,5096.15"
2026-03-09 17:55:00+07:00,"5096.17,5096.59,5086.87,5087.29"
2026-03-09 18:00:00+07:00,"5087.28,5096.97,5087.28,5096.22"
2026-03-09 18:05:00+07:00,"5096.23,5097.3,5091.12,5093.02"
2026-03-09 18:10:00+07:00,"5093,5094.68,5090.5,5090.6"
2026-03-09 18:15:00+07:00,"5090.42,5092.61,5086.41,5088.32"
2026-03-09 18:20:00+07:00,"5088.3,5089.49,5079.63,5084.43"
2026-03-09 18:25:00+07:00,"5084.29,5087.6,5079.95,5085.67"
2026-03-09 18:30:00+07:00,"5085.68,5090.28,5082.21,5086.13"
2026-03-09 18:35:00+07:00,"5086.14,5093.45,5085.28,5091.21"
2026-03-09 18:40:00+07:00,"5091.21,5091.44,5083.87,5085.84"
2026-03-09 18:45:00+07:00,"5085.78,5090.36,5084.36,5085.91"
2026-03-09 18:50:00+07:00,"5085.9,5092.99,5084.24,5092.4"
2026-03-09 18:55:00+07:00,"5092.41,5094.92,5087.87,5088.07"
2026-03-09 19:00:00+07:00,"5088.19,5098.76,5088.19,5097.28"
2026-03-09 19:05:00+07:00,"5097.27,5099.42,5094.37,5098.16"
2026-03-09 19:10:00+07:00,"5098.17,5099.96,5094.27,5096.3"
2026-03-09 19:15:00+07:00,"5096.37,5099.88,5094.43,5098.68"
2026-03-09 19:20:00+07:00,"5098.68,5106.47,5097.89,5104.29"
2026-03-09 19:25:00+07:00,"5104.28,5110.25,5101.84,5109.38"
2026-03-09 19:30:00+07:00,"5109.39,5112.28,5108.48,5109.29"
2026-03-09 19:35:00+07:00,"5109.27,5110.43,5107.16,5109.62"
2026-03-09 19:40:00+07:00,"5109.65,5111.02,5103.72,5106.96"
2026-03-09 19:45:00+07:00,"5106.97,5107.1,5100.29,5100.52"
2026-03-09 19:50:00+07:00,"5100.53,5101,5094.68,5095.44"
2026-03-09 19:55:00+07:00,"5095.43,5098.45,5093.3,5094.9"
2026-03-09 20:00:00+07:00,"5094.91,5099.39,5088.62,5097.89"
2026-03-09 20:05:00+07:00,"5097.98,5098.78,5087.93,5091.75"
2026-03-09 20:10:00+07:00,"5091.77,5095.56,5090.03,5092.62"
2026-03-09 20:15:00+07:00,"5092.57,5098.41,5090.71,5093.41"
2026-03-09 20:20:00+07:00,"5093.4,5093.4,5084.46,5087.11"
2026-03-09 20:25:00+07:00,"5087.1,5096.12,5086.96,5094.83"
2026-03-09 20:30:00+07:00,"5094.81,5109.12,5091.36,5108.81"
2026-03-09 20:35:00+07:00,"5108.74,5111.5,5096.33,5098.4"
2026-03-09 20:40:00+07:00,"5098.41,5098.44,5074.3,5076.11"
2026-03-09 20:45:00+07:00,"5076.09,5084.9,5068.8,5081.87"
2026-03-09 20:50:00+07:00,"5081.88,5082.85,5070.57,5074.16"
2026-03-09 20:55:00+07:00,"5074.17,5081.19,5067.28,5074.24"
2026-03-09 21:00:00+07:00,"5074.22,5088.5,5073.46,5086.27"
2026-03-09 21:05:00+07:00,"5086.19,5088.21,5068.48,5074.63"
2026-03-09 21:10:00+07:00,"5074.61,5076.72,5060.61,5071.29"
2026-03-09 21:15:00+07:00,"5071.25,5079.14,5063.64,5076.04"
2026-03-09 21:20:00+07:00,"5076.02,5080.54,5070.77,5080.19"
2026-03-09 21:25:00+07:00,"5080.2,5084.46,5076.93,5081.85"
2026-03-09 21:30:00+07:00,"5081.81,5091.21,5079.55,5088.59"
2026-03-09 21:35:00+07:00,"5088.6,5096.82,5086.63,5094.45"
2026-03-09 21:40:00+07:00,"5094.44,5115.49,5093.96,5112.57"
2026-03-09 21:45:00+07:00,"5112.58,5116.24,5099.2,5099.5"
2026-03-09 21:50:00+07:00,"5099.5,5104.08,5089.58,5092.42"
2026-03-09 21:55:00+07:00,"5092.39,5096.45,5085.83,5093.95"
2026-03-09 22:00:00+07:00,"5093.93,5095.15,5084.12,5086.95"
2026-03-09 22:05:00+07:00,"5086.86,5088.71,5079.1,5081.4"
2026-03-09 22:10:00+07:00,"5081.43,5091.93,5079.73,5091.86"
2026-03-09 22:15:00+07:00,"5091.87,5094.19,5081.94,5083.65"
2026-03-09 22:20:00+07:00,"5083.57,5097.86,5083.09,5097.6"
2026-03-09 22:25:00+07:00,"5097.64,5100.34,5095.88,5099.57"
2026-03-09 22:30:00+07:00,"5099.57,5102.59,5096.6,5099.2"
2026-03-09 22:35:00+07:00,"5099.23,5100.62,5093.35,5094.4"
2026-03-09 22:40:00+07:00,"5094.32,5099.14,5092.97,5095.14"
2026-03-09 22:45:00+07:00,"5095.15,5098.22,5094.18,5096.12"
2026-03-09 22:50:00+07:00,"5096.13,5103.03,5095.8,5100.35"
2026-03-09 22:55:00+07:00,"5100.34,5103.52,5099.55,5099.55"
2026-03-09 23:00:00+07:00,"5099.58,5106.89,5096.89,5106.49"
2026-03-09 23:05:00+07:00,"5106.41,5107.89,5102.72,5106"
2026-03-09 23:10:00+07:00,"5105.99,5109.53,5103.02,5103.54"
2026-03-09 23:15:00+07:00,"5103.53,5104.27,5095.75,5096.02"
2026-03-09 23:20:00+07:00,"5096.03,5098.73,5094.73,5098.54"
2026-03-09 23:25:00+07:00,"5098.46,5105.39,5098.35,5103.88"
2026-03-09 23:30:00+07:00,"5103.89,5108.97,5103.86,5104.33"
2026-03-09 23:35:00+07:00,"5104.32,5106.9,5102.75,5106.75"
2026-03-09 23:40:00+07:00,"5106.79,5110.71,5106.09,5107.44"
2026-03-09 23:45:00+07:00,"5107.45,5108.81,5104.68,5105.26"
2026-03-09 23:50:00+07:00,"5105.25,5108.01,5103.82,5105.01"
2026-03-09 23:55:00+07:00,"5105,5106.75,5103.1,5104.79"
2026-03-10 00:00:00+07:00,"5104.81,5106.94,5102.83,5104.87"
2026-03-10 00:05:00+07:00,"5104.88,5104.94,5099.9,5102.71"
2026-03-10 00:10:00+07:00,"5102.72,5103.69,5098.3,5099.71"
2026-03-10 00:15:00+07:00,"5099.67,5102.37,5097.52,5097.71"
2026-03-10 00:20:00+07:00,"5097.69,5098.38,5091.02,5093.7"
2026-03-10 00:25:00+07:00,"5093.69,5097.43,5091.67,5095.18"
2026-03-10 00:30:00+07:00,"5095.23,5097.97,5089.35,5093.61"
2026-03-10 00:35:00+07:00,"5093.62,5096.39,5092.96,5093.51"
2026-03-10 00:40:00+07:00,"5093.42,5093.77,5088.94,5090.88"
2026-03-10 00:45:00+07:00,"5090.9,5096.48,5090.72,5093.52"
2026-03-10 00:50:00+07:00,"5093.51,5099.34,5092.2,5098.98"
2026-03-10 00:55:00+07:00,"5098.99,5099.71,5095.63,5095.98"
2026-03-10 01:00:00+07:00,"5095.95,5098.19,5092.93,5093.03"
2026-03-10 01:05:00+07:00,"5093.02,5095.65,5092.52,5093.14"
2026-03-10 01:10:00+07:00,"5093.14,5097.77,5092.56,5097.6"
2026-03-10 01:15:00+07:00,"5097.61,5103.82,5096.64,5103.73"
2026-03-10 01:20:00+07:00,"5103.75,5106.91,5101.98,5105.92"
2026-03-10 01:25:00+07:00,"5105.89,5107.1,5104.36,5105.16"
2026-03-10 01:30:00+07:00,"5105.17,5110.03,5104.37,5109.82"
2026-03-10 01:35:00+07:00,"5109.83,5117.05,5109.48,5114.71"
2026-03-10 01:40:00+07:00,"5114.7,5120.25,5114.47,5118.03"
2026-03-10 01:45:00+07:00,"5118.02,5118.69,5115.42,5116.08"
2026-03-10 01:50:00+07:00,"5116.09,5125.52,5115.89,5124.68"
2026-03-10 01:55:00+07:00,"5124.66,5126.5,5122.44,5123.27"
2026-03-10 02:00:00+07:00,"5123.3,5130.63,5122.86,5126.5"
2026-03-10 02:05:00+07:00,"5126.52,5126.73,5118.62,5121.42"
2026-03-10 02:10:00+07:00,"5121.45,5124.74,5121.1,5122.88"
2026-03-10 02:15:00+07:00,"5122.89,5134.36,5118.43,5134.03"
2026-03-10 02:20:00+07:00,"5134.19,5144.81,5133.94,5139.6"
2026-03-10 02:25:00+07:00,"5139.62,5141.56,5136.4,5139.95"
2026-03-10 02:30:00+07:00,"5139.99,5140.16,5129.28,5131.25"
2026-03-10 02:35:00+07:00,"5131.24,5133.33,5124.82,5130.08"
2026-03-10 02:40:00+07:00,"5130.07,5137.61,5128.78,5135.44"
2026-03-10 02:45:00+07:00,"5135.43,5136.77,5129.17,5134.09"
2026-03-10 02:50:00+07:00,"5134.1,5137.19,5132.39,5136.47"
2026-03-10 02:55:00+07:00,"5136.47,5144.11,5133.89,5141.15"
2026-03-10 03:00:00+07:00,"5141.33,5145.64,5138.14,5139.7"
2026-03-10 03:05:00+07:00,"5139.69,5148.17,5139.66,5142.25"
2026-03-10 03:10:00+07:00,"5142.26,5143.6,5137.63,5139.59"
2026-03-10 03:15:00+07:00,"5139.58,5140.42,5137.55,5139.61"
2026-03-10 03:20:00+07:00,"5139.63,5139.93,5136.56,5137.15"
2026-03-10 03:25:00+07:00,"5137.17,5139.69,5134.16,5139.36"
2026-03-10 03:30:00+07:00,"5139.37,5139.37,5136.19,5137.1"
2026-03-10 03:35:00+07:00,"5137.13,5138.86,5135.84,5137.69"
2026-03-10 03:40:00+07:00,"5137.68,5139.78,5134.47,5139.46"
2026-03-10 03:45:00+07:00,"5139.42,5140.72,5136.73,5138.67"
2026-03-10 03:50:00+07:00,"5138.66,5140.55,5134.85,5135.44"
2026-03-10 03:55:00+07:00,"5135.36,5139.23,5134.26,5138.56"
2026-03-10 05:00:00+07:00,"5149.54,5152.63,5120.52,5128.72"
2026-03-10 05:05:00+07:00,"5128.66,5135.34,5124.22,5131.41"
2026-03-10 05:10:00+07:00,"5131.44,5137.18,5128.39,5132.78"
2026-03-10 05:15:00+07:00,"5132.81,5136.32,5126.2,5127.68"
2026-03-10 05:20:00+07:00,"5127.69,5129.69,5117.31,5124.57"
2026-03-10 05:25:00+07:00,"5124.59,5133.74,5122.36,5132.2"
2026-03-10 05:30:00+07:00,"5132.13,5136.08,5128.21,5129.83"
2026-03-10 05:35:00+07:00,"5129.85,5133.62,5128.49,5128.96"
2026-03-10 05:40:00+07:00,"5128.98,5140.1,5128.63,5136.61"
2026-03-10 05:45:00+07:00,"5136.13,5143.35,5135.94,5141.97"
2026-03-10 05:50:00+07:00,"5141.98,5146.45,5141.39,5145.21"
2026-03-10 05:55:00+07:00,"5145.22,5153.48,5143.26,5152.57"
2026-03-10 06:00:00+07:00,"5152.76,5154.81,5139.75,5142.51"
2026-03-10 06:05:00+07:00,"5142.51,5145.96,5138.15,5145.55"
2026-03-10 06:10:00+07:00,"5145.46,5150.15,5145.29,5146.07"
2026-03-10 06:15:00+07:00,"5146.05,5156.22,5144.71,5154.34"
2026-03-10 06:20:00+07:00,"5154.42,5155.93,5145.23,5146.14"
2026-03-10 06:25:00+07:00,"5146.13,5149.91,5142.73,5144.87"
2026-03-10 06:30:00+07:00,"5144.86,5146.85,5141.58,5143.06"
2026-03-10 06:35:00+07:00,"5143.06,5148.43,5141.51,5148.16"
2026-03-10 06:40:00+07:00,"5148.16,5149.57,5135.14,5137.15"
2026-03-10 06:45:00+07:00,"5137.5,5141.97,5137.3,5141.47"
2026-03-10 06:50:00+07:00,"5141.6,5143.36,5137.84,5141.71"
2026-03-10 06:55:00+07:00,"5141.7,5143.18,5138.53,5139.63"
2026-03-10 07:00:00+07:00,"5139.55,5141.27,5130.8,5133.94"
2026-03-10 07:05:00+07:00,"5133.86,5140.29,5133.22,5139.23"
2026-03-10 07:10:00+07:00,"5139.22,5141.23,5136.59,5136.79"
2026-03-10 07:15:00+07:00,"5136.79,5137.71,5132.19,5133.32"
2026-03-10 07:20:00+07:00,"5133.33,5137.9,5129.05,5131.24"
2026-03-10 07:25:00+07:00,"5131.25,5133.87,5129.15,5130.59"
2026-03-10 07:30:00+07:00,"5130.59,5132.87,5124.98,5129.08"
2026-03-10 07:35:00+07:00,"5129.74,5137.27,5128.34,5133.03"
2026-03-10 07:40:00+07:00,"5133.04,5138.06,5132.82,5137.24"
2026-03-10 07:45:00+07:00,"5137.28,5139.22,5131.19,5131.22"
2026-03-10 07:50:00+07:00,"5131.14,5133.38,5130.26,5130.68"
2026-03-10 07:55:00+07:00,"5130.63,5134.33,5128.25,5131.27"
2026-03-10 08:00:00+07:00,"5131.27,5146.27,5124.29,5145.1"
2026-03-10 08:05:00+07:00,"5145.14,5153.65,5139.53,5144.09"
2026-03-10 08:10:00+07:00,"5143.81,5149.49,5139.25,5143.53"
2026-03-10 08:15:00+07:00,"5143.54,5151.21,5141.98,5150.76"
2026-03-10 08:20:00+07:00,"5150.82,5161.64,5149.8,5158.89"
2026-03-10 08:25:00+07:00,"5158.88,5167.67,5156.86,5158.06"
2026-03-10 08:30:00+07:00,"5158.21,5163.66,5152.92,5163.16"
2026-03-10 08:35:00+07:00,"5163.16,5166.9,5160.08,5161.19"
2026-03-10 08:40:00+07:00,"5161.17,5168.99,5160.43,5166.07"
2026-03-10 08:45:00+07:00,"5166.07,5171.34,5164.18,5170.66"
2026-03-10 08:50:00+07:00,"5170.63,5175.07,5165.62,5174.18"
2026-03-10 08:55:00+07:00,"5174.19,5186.44,5173.34,5184.24"
2026-03-10 09:00:00+07:00,"5184.24,5187.05,5176.52,5176.62"
2026-03-10 09:05:00+07:00,"5176.6,5177.76,5170.78,5174.32"
2026-03-10 09:10:00+07:00,"5174.24,5175.63,5171.08,5175.48"
2026-03-10 09:15:00+07:00,"5175.49,5180.02,5172.45,5177.77"
2026-03-10 09:20:00+07:00,"5177.76,5179.46,5176.02,5176.85"
2026-03-10 09:25:00+07:00,"5176.79,5181.04,5174.94,5179.7"
2026-03-10 09:30:00+07:00,"5179.72,5183.44,5178.1,5178.85"
2026-03-10 09:35:00+07:00,"5178.81,5181.1,5175.77,5179.2"
2026-03-10 09:40:00+07:00,"5179.21,5184.74,5178.07,5182.44"
2026-03-10 09:45:00+07:00,"5182.45,5185.72,5178.47,5179.4"
2026-03-10 09:50:00+07:00,"5179.38,5179.77,5172.08,5174.54"
2026-03-10 09:55:00+07:00,"5174.55,5175.01,5163.71,5166.08"
2026-03-10 10:00:00+07:00,"5166.07,5172.97,5165.18,5169.65"
2026-03-10 10:05:00+07:00,"5169.67,5173.53,5167.9,5170.04"
2026-03-10 10:10:00+07:00,"5170.02,5172.63,5165.09,5166.63"
2026-03-10 10:15:00+07:00,"5166.64,5170.48,5164.48,5165.53"
2026-03-10 10:20:00+07:00,"5165.54,5170.13,5165.2,5166.89"
2026-03-10 10:25:00+07:00,"5166.88,5169.05,5161.55,5166.87"
2026-03-10 10:30:00+07:00,"5166.86,5168,5162.42,5163.6"
2026-03-10 10:35:00+07:00,"5163.62,5165.17,5159.87,5162.97"
2026-03-10 10:40:00+07:00,"5163.01,5163.6,5160.86,5162.53"
2026-03-10 10:45:00+07:00,"5162.51,5163.01,5156.67,5158.74"
2026-03-10 10:50:00+07:00,"5158.73,5159.82,5155.69,5159.28"
2026-03-10 10:55:00+07:00,"5159.29,5160.75,5156.78,5157.68"
2026-03-10 11:00:00+07:00,"5157.67,5159.56,5154.54,5155.66"
2026-03-10 11:05:00+07:00,"5155.68,5159.6,5154.43,5157.84"
2026-03-10 11:10:00+07:00,"5157.83,5165.22,5156.35,5164.29"
2026-03-10 11:15:00+07:00,"5164.29,5165.78,5161.39,5163.12"
2026-03-10 11:20:00+07:00,"5163.14,5166.59,5162.31,5162.42"
2026-03-10 11:25:00+07:00,"5162.43,5163.79,5161.37,5162.47"
2026-03-10 11:30:00+07:00,"5162.48,5163.91,5161.46,5163.91"
2026-03-10 11:35:00+07:00,"5163.91,5165.6,5162.97,5164.05"
2026-03-10 11:40:00+07:00,"5164.05,5164.61,5161.41,5161.91"
2026-03-10 11:45:00+07:00,"5161.9,5164.42,5161.45,5164.42"
2026-03-10 11:50:00+07:00,"5164.41,5165.52,5162.94,5163.93"
2026-03-10 11:55:00+07:00,"5163.93,5164.2,5163.34,5163.87"
2026-03-10 12:00:00+07:00,"5163.86,5170.33,5163.84,5168.77"
2026-03-10 12:05:00+07:00,"5168.76,5171.04,5167.56,5167.7"
2026-03-10 12:10:00+07:00,"5167.71,5173.49,5166.44,5173.06"
2026-03-10 12:15:00+07:00,"5172.89,5174.41,5169.65,5170.29"
2026-03-10 12:20:00+07:00,"5170.27,5170.99,5169.1,5169.26"
2026-03-10 12:25:00+07:00,"5169.26,5171.73,5168.91,5171.71"
2026-03-10 12:30:00+07:00,"5171.72,5174.23,5167.35,5168.49"
2026-03-10 12:35:00+07:00,"5168.51,5169.96,5167.47,5169.19"
2026-03-10 12:40:00+07:00,"5169.19,5171.95,5168.72,5168.8"
2026-03-10 12:45:00+07:00,"5168.79,5173.82,5166.96,5173.15"
2026-03-10 12:50:00+07:00,"5173.14,5176.56,5172.9,5175.6"
2026-03-10 12:55:00+07:00,"5175.59,5179.38,5174.8,5177.99"
2026-03-10 13:00:00+07:00,"5177.97,5180.77,5176.32,5177.73"
2026-03-10 13:05:00+07:00,"5177.76,5178.49,5174.14,5175.65"
2026-03-10 13:10:00+07:00,"5175.67,5180.84,5174.84,5179.49"
2026-03-10 13:15:00+07:00,"5179.51,5179.59,5176.25,5177.16"
2026-03-10 13:20:00+07:00,"5177.15,5177.82,5174.88,5177.21"
2026-03-10 13:25:00+07:00,"5177.29,5177.65,5171.85,5176.19"
2026-03-10 13:30:00+07:00,"5176.19,5178.94,5174.28,5175.64"
2026-03-10 13:35:00+07:00,"5175.62,5178.57,5173.59,5178.39"
2026-03-10 13:40:00+07:00,"5178.34,5178.62,5174.16,5175.85"
2026-03-10 13:45:00+07:00,"5175.83,5177.3,5174.13,5175.85"
2026-03-10 13:50:00+07:00,"5175.89,5177.05,5175.1,5176.15"
2026-03-10 13:55:00+07:00,"5176.18,5176.76,5173.25,5175.22"
2026-03-10 14:00:00+07:00,"5175.2,5178.09,5170.76,5177.35"
2026-03-10 14:05:00+07:00,"5177.35,5178.81,5171.48,5172.7"
2026-03-10 14:10:00+07:00,"5172.69,5176.89,5171.76,5174.73"
2026-03-10 14:15:00+07:00,"5174.72,5177.72,5168.55,5168.98"
2026-03-10 14:20:00+07:00,"5168.99,5169.26,5158.49,5159.72"
2026-03-10 14:25:00+07:00,"5159.71,5169.61,5159.71,5169.36"
2026-03-10 14:30:00+07:00,"5169.34,5169.95,5165.57,5167.79"
2026-03-10 14:35:00+07:00,"5167.8,5174.2,5167.8,5172.96"
2026-03-10 14:40:00+07:00,"5172.95,5178.43,5172.79,5176.12"
2026-03-10 14:45:00+07:00,"5176.13,5179.21,5174.97,5178.59"
2026-03-10 14:50:00+07:00,"5178.58,5179.51,5175.99,5177.76"
2026-03-10 14:55:00+07:00,"5177.8,5181.87,5177.46,5181.16"
2026-03-10 15:00:00+07:00,"5181.16,5185.46,5177.49,5177.65"
2026-03-10 15:05:00+07:00,"5177.62,5182.64,5175.04,5182.44"
2026-03-10 15:10:00+07:00,"5182.27,5184.29,5179.61,5179.82"
2026-03-10 15:15:00+07:00,"5179.82,5180.91,5177.88,5179.98"
2026-03-10 15:20:00+07:00,"5179.99,5181.04,5175.3,5178.65"
2026-03-10 15:25:00+07:00,"5178.64,5184.2,5178.35,5184.09"
2026-03-10 15:30:00+07:00,"5184.13,5189.27,5183.11,5184.96"
2026-03-10 15:35:00+07:00,"5184.97,5190.69,5183.07,5190.56"
2026-03-10 15:40:00+07:00,"5190.52,5194.45,5188.85,5189.97"
2026-03-10 15:45:00+07:00,"5190.01,5195.22,5189.39,5194.48"
2026-03-10 15:50:00+07:00,"5194.47,5195.02,5187.25,5188.65"
2026-03-10 15:55:00+07:00,"5188.64,5189.55,5182.83,5183.46"
2026-03-10 16:00:00+07:00,"5183.48,5186.56,5180.56,5185.9"
2026-03-10 16:05:00+07:00,"5185.89,5187.81,5184.04,5184.16"
2026-03-10 16:10:00+07:00,"5184.17,5189.55,5184.02,5187.98"
2026-03-10 16:15:00+07:00,"5188.04,5189.43,5181.68,5181.81"
2026-03-10 16:20:00+07:00,"5181.81,5184.94,5180.79,5184.08"
2026-03-10 16:25:00+07:00,"5184.16,5187.72,5182.69,5186.7"
2026-03-10 16:30:00+07:00,"5186.71,5188.4,5183.78,5186.23"
2026-03-10 16:35:00+07:00,"5186.22,5186.38,5181.84,5183.74"
2026-03-10 16:40:00+07:00,"5183.76,5187.81,5182.7,5187.54"
2026-03-10 16:45:00+07:00,"5187.53,5189.18,5184.79,5185.24"
2026-03-10 16:50:00+07:00,"5185.25,5186.45,5183.29,5184.55"
2026-03-10 16:55:00+07:00,"5184.59,5186.66,5182.51,5182.7"
2026-03-10 17:00:00+07:00,"5182.69,5183.05,5177.54,5178.46"
2026-03-10 17:05:00+07:00,"5178.45,5182.61,5175.64,5182.35"
2026-03-10 17:10:00+07:00,"5182.34,5184.07,5177.76,5181.62"
2026-03-10 17:15:00+07:00,"5181.57,5182.14,5174.61,5178.23"
2026-03-10 17:20:00+07:00,"5178.24,5182.1,5178.12,5179.71"
2026-03-10 17:25:00+07:00,"5179.75,5180.07,5173.1,5173.81"
2026-03-10 17:30:00+07:00,"5173.82,5176.81,5165.75,5169.94"
2026-03-10 17:35:00+07:00,"5169.93,5170.4,5156.39,5157.82"
2026-03-10 17:40:00+07:00,"5157.81,5169.22,5156.8,5168.95"
2026-03-10 17:45:00+07:00,"5168.93,5172.66,5168.86,5172.34"
2026-03-10 17:50:00+07:00,"5172.33,5177.17,5171.36,5173.17"
2026-03-10 17:55:00+07:00,"5173.16,5178.28,5172.4,5177.25"
2026-03-10 18:00:00+07:00,"5177.23,5184.66,5176.55,5181.86"
2026-03-10 18:05:00+07:00,"5181.84,5190.67,5181.3,5190.61"
2026-03-10 18:10:00+07:00,"5190.6,5192,5186.87,5187.36"
2026-03-10 18:15:00+07:00,"5187.35,5187.61,5180.59,5184.61"
2026-03-10 18:20:00+07:00,"5184.62,5189.92,5182.7,5184.48"
2026-03-10 18:25:00+07:00,"5184.49,5186.24,5179.47,5183.11"
2026-03-10 18:30:00+07:00,"5183.12,5184.08,5176.54,5180.64"
2026-03-10 18:35:00+07:00,"5180.64,5185.2,5179.54,5180.85"
2026-03-10 18:40:00+07:00,"5180.81,5181.33,5173.57,5174.27"
2026-03-10 18:45:00+07:00,"5174.32,5174.83,5171.91,5172.55"
2026-03-10 18:50:00+07:00,"5172.58,5179.74,5172.58,5177.68"
2026-03-10 18:55:00+07:00,"5177.71,5178.77,5172.44,5175.19"
2026-03-10 19:00:00+07:00,"5175.21,5176.88,5167.24,5167.76"
2026-03-10 19:05:00+07:00,"5167.64,5169.47,5162.3,5165.99"
2026-03-10 19:10:00+07:00,"5165.99,5172.04,5165.47,5171.45"
2026-03-10 19:15:00+07:00,"5171.47,5173.25,5165.64,5173.01"
2026-03-10 19:20:00+07:00,"5173.04,5177.84,5171.77,5176.65"
2026-03-10 19:25:00+07:00,"5176.68,5180.7,5176.21,5179.82"
2026-03-10 19:30:00+07:00,"5179.84,5181.69,5178.54,5180.38"
2026-03-10 19:35:00+07:00,"5180.37,5183.12,5179.01,5180.58"
2026-03-10 19:40:00+07:00,"5180.56,5185.57,5180.09,5185.37"
2026-03-10 19:45:00+07:00,"5185.38,5189.57,5185.29,5186.44"
2026-03-10 19:50:00+07:00,"5186.43,5187.55,5180.44,5182.58"
2026-03-10 19:55:00+07:00,"5182.61,5187.15,5181.96,5186.93"
2026-03-10 20:00:00+07:00,"5186.91,5200.81,5185.84,5195.74"
2026-03-10 20:05:00+07:00,"5195.75,5201.7,5192.79,5200.57"
2026-03-10 20:10:00+07:00,"5200.58,5202.66,5198.66,5200.59"
2026-03-10 20:15:00+07:00,"5200.6,5215.8,5199.02,5214.25"
2026-03-10 20:20:00+07:00,"5214.24,5223.21,5212.6,5221.69"
2026-03-10 20:25:00+07:00,"5221.74,5228.94,5220.2,5221.59"
2026-03-10 20:30:00+07:00,"5221.64,5222.28,5209.3,5212.91"
2026-03-10 20:35:00+07:00,"5212.93,5214.55,5207.19,5213.27"
2026-03-10 20:40:00+07:00,"5213.23,5217.4,5209.34,5209.34"
2026-03-10 20:45:00+07:00,"5209.32,5210.11,5196.42,5205.34"
2026-03-10 20:50:00+07:00,"5205.17,5210.45,5202.97,5209.13"
2026-03-10 20:55:00+07:00,"5209.16,5215.67,5203.01,5205.67"
2026-03-10 21:00:00+07:00,"5205.68,5208.71,5200.58,5201.56"
2026-03-10 21:05:00+07:00,"5201.57,5205.55,5188.02,5193.27"
2026-03-10 21:10:00+07:00,"5193.27,5197.03,5184,5195.23"
2026-03-10 21:15:00+07:00,"5195.25,5212.56,5194.52,5212.5"
2026-03-10 21:20:00+07:00,"5212.48,5214.47,5209.4,5211.2"
2026-03-10 21:25:00+07:00,"5211.23,5211.32,5207.32,5209.18"
2026-03-10 21:30:00+07:00,"5209.06,5213.88,5206.28,5207.22"
2026-03-10 21:35:00+07:00,"5207.25,5213.27,5202.79,5210.77"
2026-03-10 21:40:00+07:00,"5210.78,5211.12,5203.43,5206.18"
2026-03-10 21:45:00+07:00,"5206.19,5210.7,5204.63,5206.94"
2026-03-10 21:50:00+07:00,"5207.02,5212.16,5204.99,5211.25"
2026-03-10 21:55:00+07:00,"5211.25,5212.09,5206.02,5206.77"
2026-03-10 22:00:00+07:00,"5206.74,5216.08,5203.21,5213.5"
2026-03-10 22:05:00+07:00,"5213.3,5217.35,5210.2,5216.88"
2026-03-10 22:10:00+07:00,"5216.82,5226.58,5216.6,5223.44"
2026-03-10 22:15:00+07:00,"5223.43,5226.65,5221.67,5226.25"
2026-03-10 22:20:00+07:00,"5226.26,5228.75,5224.77,5225.41"
2026-03-10 22:25:00+07:00,"5225.41,5227.58,5223.45,5225.75"
2026-03-10 22:30:00+07:00,"5225.78,5236.71,5225.3,5233.77"
2026-03-10 22:35:00+07:00,"5233.78,5236.12,5228.56,5234.16"
2026-03-10 22:40:00+07:00,"5234.14,5235.92,5228.61,5235.92"
2026-03-10 22:45:00+07:00,"5235.96,5238.72,5230.56,5232.61"
2026-03-10 22:50:00+07:00,"5232.62,5234.97,5227.01,5228.12"
2026-03-10 22:55:00+07:00,"5228.13,5231.39,5227.2,5228.59"
2026-03-10 23:00:00+07:00,"5228.6,5230.39,5223.51,5226.59"
2026-03-10 23:05:00+07:00,"5226.6,5228.68,5224.17,5226.57"
2026-03-10 23:10:00+07:00,"5226.58,5228.53,5222.51,5223.71"
2026-03-10 23:15:00+07:00,"5223.7,5230.34,5222.69,5228.2"
2026-03-10 23:20:00+07:00,"5228.18,5233.22,5227.42,5233.14"
2026-03-10 23:25:00+07:00,"5232.97,5235.79,5231.42,5232.37"
2026-03-10 23:30:00+07:00,"5232.39,5233.85,5230.19,5233.24"
2026-03-10 23:35:00+07:00,"5233.08,5234.56,5230.56,5232.17"
2026-03-10 23:40:00+07:00,"5232.18,5232.74,5227.46,5228.57"
2026-03-10 23:45:00+07:00,"5228.47,5231.94,5227.7,5227.7"
2026-03-10 23:50:00+07:00,"5227.72,5229.83,5225.76,5227.73"
2026-03-10 23:55:00+07:00,"5227.72,5229.61,5226.34,5227.59"
2026-03-11 00:00:00+07:00,"5227.58,5229.71,5227,5229.28"
2026-03-11 00:05:00+07:00,"5229.27,5233.68,5228.79,5232.56"
2026-03-11 00:10:00+07:00,"5232.51,5235.57,5230.45,5234.15"
2026-03-11 00:15:00+07:00,"5234.16,5234.52,5223.4,5226.11"
2026-03-11 00:20:00+07:00,"5225.84,5229.31,5224.45,5228.55"
2026-03-11 00:25:00+07:00,"5228.53,5234.32,5226.78,5233.26"
2026-03-11 00:30:00+07:00,"5233.25,5234.88,5229.63,5231.08"
2026-03-11 00:35:00+07:00,"5231.09,5232.43,5227.75,5230.04"
2026-03-11 00:40:00+07:00,"5230.02,5231.62,5227.47,5228.12"
2026-03-11 00:45:00+07:00,"5228.14,5230.91,5226.51,5229.31"
2026-03-11 00:50:00+07:00,"5229.32,5232.94,5228.47,5230.37"
2026-03-11 00:55:00+07:00,"5230.38,5230.4,5227.07,5227.68"
2026-03-11 01:00:00+07:00,"5227.69,5228.16,5217.41,5221.53"
2026-03-11 01:05:00+07:00,"5221.54,5224.95,5218.48,5221.52"
2026-03-11 01:10:00+07:00,"5221.5,5227.32,5215.02,5215.87"
2026-03-11 01:15:00+07:00,"5215.75,5218.74,5161.01,5172.71"
2026-03-11 01:20:00+07:00,"5172.11,5195.26,5170.68,5192.6"
2026-03-11 01:25:00+07:00,"5192.63,5206.22,5190.83,5202.86"
2026-03-11 01:30:00+07:00,"5202.88,5207.86,5196.56,5201.51"
2026-03-11 01:35:00+07:00,"5201.52,5203.19,5189.43,5190.61"
2026-03-11 01:40:00+07:00,"5190.78,5198.51,5190.34,5195.33"
2026-03-11 01:45:00+07:00,"5195.32,5205.13,5193.47,5201.24"
2026-03-11 01:50:00+07:00,"5201.25,5204.74,5199.26,5201.32"
2026-03-11 01:55:00+07:00,"5201.33,5202.84,5190.98,5191.85"
2026-03-11 02:00:00+07:00,"5191.87,5197.22,5184.29,5195.49"
2026-03-11 02:05:00+07:00,"5195.46,5199.8,5193.41,5197.02"
2026-03-11 02:10:00+07:00,"5196.94,5199.3,5193.14,5198.2"
2026-03-11 02:15:00+07:00,"5198.11,5204.65,5197.96,5204.36"
2026-03-11 02:20:00+07:00,"5204.33,5207.69,5202.33,5205.92"
2026-03-11 02:25:00+07:00,"5205.93,5205.93,5200.46,5200.9"
2026-03-11 02:30:00+07:00,"5200.82,5200.89,5181.35,5186.25"
2026-03-11 02:35:00+07:00,"5186.3,5194.7,5179.53,5192.87"
2026-03-11 02:40:00+07:00,"5192.86,5195.13,5183.47,5187.81"
2026-03-11 02:45:00+07:00,"5187.83,5192.93,5187.36,5189.54"
2026-03-11 02:50:00+07:00,"5189.52,5196.77,5188.4,5196.71"
2026-03-11 02:55:00+07:00,"5196.72,5199.8,5195.47,5198.69"
2026-03-11 03:00:00+07:00,"5197.98,5198.94,5193.43,5196.69"
2026-03-11 03:05:00+07:00,"5196.7,5198.97,5195.94,5196.62"
2026-03-11 03:10:00+07:00,"5196.62,5198.6,5195.08,5197.8"
2026-03-11 03:15:00+07:00,"5197.81,5198.6,5193.25,5193.58"
2026-03-11 03:20:00+07:00,"5193.59,5197.96,5191.48,5197.53"
2026-03-11 03:25:00+07:00,"5197.49,5198.62,5194.45,5194.91"
2026-03-11 03:30:00+07:00,"5194.93,5195.18,5193.64,5194.32"
2026-03-11 03:35:00+07:00,"5194.33,5196.11,5193.23,5195.68"
2026-03-11 03:40:00+07:00,"5195.63,5198.09,5194.55,5197.95"
2026-03-11 03:45:00+07:00,"5197.94,5199.16,5193.98,5195.74"
2026-03-11 03:50:00+07:00,"5195.76,5196.51,5192.99,5194.46"
2026-03-11 03:55:00+07:00,"5194.45,5195.37,5188.85,5189"
2026-03-11 05:00:00+07:00,"5189.7,5195.14,5184.81,5192.37"
2026-03-11 05:05:00+07:00,"5191.94,5194.34,5185.37,5188.21"
2026-03-11 05:10:00+07:00,"5188.36,5192.5,5183.25,5190.24"
2026-03-11 05:15:00+07:00,"5190.09,5197.65,5188.33,5196.59"
2026-03-11 05:20:00+07:00,"5196.6,5197.05,5189.79,5196.19"
2026-03-11 05:25:00+07:00,"5196.51,5197.1,5190.56,5190.8"
2026-03-11 05:30:00+07:00,"5190.81,5194.42,5187.55,5190.22"
2026-03-11 05:35:00+07:00,"5190.23,5192.84,5189.32,5191.44"
2026-03-11 05:40:00+07:00,"5191.42,5195.22,5189.42,5193.61"
2026-03-11 05:45:00+07:00,"5193.6,5195.01,5189.42,5190.16"
2026-03-11 05:50:00+07:00,"5190.18,5193.84,5185.51,5193.38"
2026-03-11 05:55:00+07:00,"5193.42,5193.76,5187.86,5189.28"
2026-03-11 06:00:00+07:00,"5189.2,5193.3,5188.63,5190.68"
2026-03-11 06:05:00+07:00,"5190.59,5196.72,5190.59,5195.89"
2026-03-11 06:10:00+07:00,"5195.91,5196.69,5191.03,5191.7"
2026-03-11 06:15:00+07:00,"5191.68,5192.76,5187.72,5192.5"
2026-03-11 06:20:00+07:00,"5192.52,5197.61,5192.35,5193.7"
2026-03-11 06:25:00+07:00,"5193.69,5194.31,5191.48,5193.59"
2026-03-11 06:30:00+07:00,"5193.59,5195.38,5192.88,5195.38"
2026-03-11 06:35:00+07:00,"5195.38,5196,5192.96,5193.05"
2026-03-11 06:40:00+07:00,"5192.96,5193.5,5190.4,5191.16"
2026-03-11 06:45:00+07:00,"5191.07,5191.93,5188.04,5190.67"
2026-03-11 06:50:00+07:00,"5190.67,5193.69,5189.22,5193.69"
2026-03-11 06:55:00+07:00,"5193.62,5197.34,5192.73,5197.27"
2026-03-11 07:00:00+07:00,"5197.28,5198.2,5188.86,5190.34"
2026-03-11 07:05:00+07:00,"5190.43,5192.11,5186.67,5188.02"
2026-03-11 07:10:00+07:00,"5188.04,5192.81,5186.84,5192.56"
2026-03-11 07:15:00+07:00,"5192.54,5203.79,5191.55,5202.84"
2026-03-11 07:20:00+07:00,"5202.84,5211.33,5202.17,5210.3"
2026-03-11 07:25:00+07:00,"5210.3,5215.76,5208.65,5212.42"
2026-03-11 07:30:00+07:00,"5212.4,5212.51,5205.89,5209.59"
2026-03-11 07:35:00+07:00,"5209.58,5212.18,5209.35,5209.97"
2026-03-11 07:40:00+07:00,"5210.01,5211.84,5207.39,5211.47"
2026-03-11 07:45:00+07:00,"5211.47,5217.54,5211.26,5215.8"
2026-03-11 07:50:00+07:00,"5215.78,5219.39,5213.1,5218.2"
2026-03-11 07:55:00+07:00,"5218.17,5219.36,5215.4,5215.51"
2026-03-11 08:00:00+07:00,"5215.38,5223.48,5213.59,5218.21"
2026-03-11 08:05:00+07:00,"5218.22,5219.94,5212.48,5213.61"
2026-03-11 08:10:00+07:00,"5213.6,5219.56,5212.03,5215.47"
2026-03-11 08:15:00+07:00,"5215.48,5220.44,5213.87,5219.95"
2026-03-11 08:20:00+07:00,"5219.96,5223.14,5212.25,5214.78"
2026-03-11 08:25:00+07:00,"5214.77,5217.63,5210.6,5214.94"
2026-03-11 08:30:00+07:00,"5214.93,5219.65,5214.67,5219.46"
2026-03-11 08:35:00+07:00,"5219.5,5219.98,5214.53,5216.07"
2026-03-11 08:40:00+07:00,"5216.1,5216.1,5212.72,5214.5"
2026-03-11 08:45:00+07:00,"5214.49,5217.97,5214.39,5214.72"
2026-03-11 08:50:00+07:00,"5214.71,5216.09,5210.18,5212.65"
2026-03-11 08:55:00+07:00,"5212.66,5214.4,5208.29,5208.53"
2026-03-11 09:00:00+07:00,"5208.44,5209.84,5198.97,5202.39"
2026-03-11 09:05:00+07:00,"5202.38,5203.11,5196.58,5197.66"
2026-03-11 09:10:00+07:00,"5197.67,5202.01,5194.16,5201.62"
2026-03-11 09:15:00+07:00,"5201.64,5204.93,5200.47,5204.69"
2026-03-11 09:20:00+07:00,"5204.69,5205.97,5202.18,5204.33"
2026-03-11 09:25:00+07:00,"5204.36,5206.78,5202.28,5204.33"
2026-03-11 09:30:00+07:00,"5204.32,5206.91,5201.9,5206.17"
2026-03-11 09:35:00+07:00,"5206.18,5207.26,5205.06,5205.2"
2026-03-11 09:40:00+07:00,"5205.22,5209.84,5204.8,5207.53"
2026-03-11 09:45:00+07:00,"5207.53,5213.55,5207.53,5213.26"
2026-03-11 09:50:00+07:00,"5213.24,5220.59,5212.96,5219.83"
2026-03-11 09:55:00+07:00,"5219.75,5219.78,5214.81,5217.39"
2026-03-11 10:00:00+07:00,"5217.39,5220.44,5216.94,5218.68"
2026-03-11 10:05:00+07:00,"5218.67,5219.13,5213.39,5213.45"
2026-03-11 10:10:00+07:00,"5213.44,5215.43,5211.84,5213.85"
2026-03-11 10:15:00+07:00,"5213.94,5214.9,5212.64,5213.37"
2026-03-11 10:20:00+07:00,"5213.38,5213.83,5207.98,5208.87"
2026-03-11 10:25:00+07:00,"5208.85,5209.69,5204.66,5204.79"
2026-03-11 10:30:00+07:00,"5204.77,5208.76,5203.6,5208.56"
2026-03-11 10:35:00+07:00,"5208.55,5209.65,5207.47,5207.84"
2026-03-11 10:40:00+07:00,"5207.8,5209.25,5206.13,5207.96"
2026-03-11 10:45:00+07:00,"5208,5208.72,5202.75,5202.92"
2026-03-11 10:50:00+07:00,"5202.91,5203.68,5199.44,5200.58"
2026-03-11 10:55:00+07:00,"5200.58,5203.98,5199.54,5203.47"
2026-03-11 11:00:00+07:00,"5203.41,5204.69,5199.44,5203.11"
2026-03-11 11:05:00+07:00,"5203.13,5205.31,5202.88,5205.24"
2026-03-11 11:10:00+07:00,"5205.25,5206.5,5203.05,5206.01"
2026-03-11 11:15:00+07:00,"5206.01,5208.65,5204.65,5205.46"
2026-03-11 11:20:00+07:00,"5205.46,5207.61,5205.08,5207.61"
2026-03-11 11:25:00+07:00,"5207.62,5208.16,5206.98,5207.36"
2026-03-11 11:30:00+07:00,"5207.4,5207.79,5204.19,5205.81"
2026-03-11 11:35:00+07:00,"5205.82,5208.46,5205.79,5207.68"
2026-03-11 11:40:00+07:00,"5207.68,5208.45,5206.23,5206.7"
2026-03-11 11:45:00+07:00,"5206.7,5206.7,5202.78,5204.48"
2026-03-11 11:50:00+07:00,"5204.64,5205.58,5201.93,5203.86"
2026-03-11 11:55:00+07:00,"5203.86,5205.27,5201.92,5204.48"
2026-03-11 12:00:00+07:00,"5204.5,5206.1,5203.49,5205.18"
2026-03-11 12:05:00+07:00,"5205.18,5208.28,5204.37,5206.77"
2026-03-11 12:10:00+07:00,"5206.76,5207.64,5203.52,5204.41"
2026-03-11 12:15:00+07:00,"5204.39,5206.31,5203.2,5205.35"
2026-03-11 12:20:00+07:00,"5205.34,5205.5,5200.4,5202.66"
2026-03-11 12:25:00+07:00,"5202.74,5203.81,5200.35,5200.62"
2026-03-11 12:30:00+07:00,"5200.57,5200.67,5190.59,5198.07"
2026-03-11 12:35:00+07:00,"5198.06,5202.77,5197.52,5200.59"
2026-03-11 12:40:00+07:00,"5200.72,5204.94,5197.45,5200.8"
2026-03-11 12:45:00+07:00,"5200.79,5201.03,5195.51,5197.89"
2026-03-11 12:50:00+07:00,"5197.84,5201.65,5197.83,5199.29"
2026-03-11 12:55:00+07:00,"5199.28,5200.17,5197.75,5199.71"
2026-03-11 13:00:00+07:00,"5199.72,5200.67,5196.4,5199.49"
2026-03-11 13:05:00+07:00,"5199.5,5204.21,5198.91,5203.36"
2026-03-11 13:10:00+07:00,"5203.42,5210.28,5202.48,5209.35"
2026-03-11 13:15:00+07:00,"5209.33,5210.75,5204.1,5204.76"
2026-03-11 13:20:00+07:00,"5204.8,5207.1,5203.06,5203.66"
2026-03-11 13:25:00+07:00,"5203.67,5207.37,5203.09,5206.64"
2026-03-11 13:30:00+07:00,"5206.67,5206.79,5202.02,5202.09"
2026-03-11 13:35:00+07:00,"5202.06,5204.17,5200.64,5202.59"
2026-03-11 13:40:00+07:00,"5202.51,5202.57,5191.38,5194.79"
2026-03-11 13:45:00+07:00,"5194.8,5195.77,5192.43,5195.14"
2026-03-11 13:50:00+07:00,"5195.15,5198.44,5194.52,5197.61"
2026-03-11 13:55:00+07:00,"5197.6,5199.21,5195.73,5197.49"
2026-03-11 14:00:00+07:00,"5197.5,5201.62,5195.28,5200.34"
2026-03-11 14:05:00+07:00,"5200.32,5202.28,5196.14,5197.92"
2026-03-11 14:10:00+07:00,"5197.93,5199.18,5197.04,5198.86"
2026-03-11 14:15:00+07:00,"5198.87,5200.09,5195.38,5196.72"
2026-03-11 14:20:00+07:00,"5196.8,5198.28,5195.6,5198.25"
2026-03-11 14:25:00+07:00,"5198.24,5198.49,5195.64,5197.97"
2026-03-11 14:30:00+07:00,"5197.96,5198.43,5190.06,5191.92"
2026-03-11 14:35:00+07:00,"5191.97,5194.14,5185.18,5186.62"
2026-03-11 14:40:00+07:00,"5186.61,5192.01,5184.46,5191.51"
2026-03-11 14:45:00+07:00,"5191.46,5194.77,5190.07,5194.74"
2026-03-11 14:50:00+07:00,"5194.75,5197.82,5193.55,5195.6"
2026-03-11 14:55:00+07:00,"5195.67,5196.22,5193.45,5195.77"
2026-03-11 15:00:00+07:00,"5195.75,5196.63,5187.93,5195.12"
2026-03-11 15:05:00+07:00,"5195.14,5197.15,5193.51,5195.17"
2026-03-11 15:10:00+07:00,"5195.18,5198.77,5193.25,5198.52"
2026-03-11 15:15:00+07:00,"5198.5,5198.5,5189.87,5192.27"
2026-03-11 15:20:00+07:00,"5192.28,5192.5,5186.16,5186.91"
2026-03-11 15:25:00+07:00,"5186.92,5188.74,5181.08,5184.93"
2026-03-11 15:30:00+07:00,"5184.91,5187.64,5182.33,5185.12"
2026-03-11 15:35:00+07:00,"5185.2,5186.65,5174.89,5183.6"
2026-03-11 15:40:00+07:00,"5183.59,5186.63,5180.53,5181.62"
2026-03-11 15:45:00+07:00,"5181.61,5185.92,5179.42,5185.1"
2026-03-11 15:50:00+07:00,"5185.09,5188.38,5183.59,5185.89"
2026-03-11 15:55:00+07:00,"5185.89,5188.7,5184.37,5187.64"
2026-03-11 16:00:00+07:00,"5187.61,5188.29,5183.22,5183.73"
2026-03-11 16:05:00+07:00,"5183.74,5184.56,5179.63,5184.56"
2026-03-11 16:10:00+07:00,"5184.57,5188.17,5183.87,5184.13"
2026-03-11 16:15:00+07:00,"5184.11,5188.14,5183.72,5186.27"
2026-03-11 16:20:00+07:00,"5186.28,5190.65,5185.18,5187.74"
2026-03-11 16:25:00+07:00,"5187.75,5189.04,5186.84,5187.59"
2026-03-11 16:30:00+07:00,"5187.61,5195.36,5187.1,5193.94"
2026-03-11 16:35:00+07:00,"5193.96,5196.63,5193.39,5195.98"
2026-03-11 16:40:00+07:00,"5195.96,5197.18,5191.8,5191.82"
2026-03-11 16:45:00+07:00,"5191.89,5194.51,5191.29,5192.19"
2026-03-11 16:50:00+07:00,"5192.06,5192.12,5187.78,5191.52"
2026-03-11 16:55:00+07:00,"5191.48,5192.33,5186.37,5187.71"
2026-03-11 17:00:00+07:00,"5187.71,5189.99,5186.37,5189.1"
2026-03-11 17:05:00+07:00,"5189.09,5193.81,5188.02,5193.27"
2026-03-11 17:10:00+07:00,"5193.25,5195.31,5192.3,5193.54"
2026-03-11 17:15:00+07:00,"5193.55,5195.29,5192.38,5194.08"
2026-03-11 17:20:00+07:00,"5194.07,5195.37,5190.6,5190.82"
2026-03-11 17:25:00+07:00,"5190.83,5192.91,5189.4,5191.59"
2026-03-11 17:30:00+07:00,"5191.58,5191.83,5183.41,5184.35"
2026-03-11 17:35:00+07:00,"5184.36,5185.3,5181.16,5184.31"
2026-03-11 17:40:00+07:00,"5184.14,5184.94,5177.08,5179.39"
2026-03-11 17:45:00+07:00,"5179.4,5187.72,5177.48,5187.46"
2026-03-11 17:50:00+07:00,"5187.45,5191.08,5187.22,5188.88"
2026-03-11 17:55:00+07:00,"5188.89,5189.89,5184.87,5186.08"
2026-03-11 18:00:00+07:00,"5186.07,5193.25,5186.02,5192.92"
2026-03-11 18:05:00+07:00,"5192.93,5193.69,5187.28,5187.31"
2026-03-11 18:10:00+07:00,"5187.33,5188.14,5184.38,5187.55"
2026-03-11 18:15:00+07:00,"5187.55,5190.14,5181.61,5181.73"
2026-03-11 18:20:00+07:00,"5181.72,5184.13,5180.15,5181.56"
2026-03-11 18:25:00+07:00,"5181.57,5184.08,5179.72,5181.06"
2026-03-11 18:30:00+07:00,"5181.04,5186.04,5179.84,5185.35"
2026-03-11 18:35:00+07:00,"5185.34,5189.6,5184.08,5185.69"
2026-03-11 18:40:00+07:00,"5185.77,5190.71,5184.65,5184.94"
2026-03-11 18:45:00+07:00,"5184.93,5188.24,5182.67,5185.11"
2026-03-11 18:50:00+07:00,"5184.93,5189.05,5182.31,5183.26"
2026-03-11 18:55:00+07:00,"5183.25,5183.25,5176.17,5181.19"
2026-03-11 19:00:00+07:00,"5181.14,5186.08,5177.7,5185.51"
2026-03-11 19:05:00+07:00,"5185.52,5189.26,5184.65,5187.42"
2026-03-11 19:10:00+07:00,"5187.41,5193.42,5187.41,5191.38"
2026-03-11 19:15:00+07:00,"5191.41,5195.23,5190.35,5194.23"
2026-03-11 19:20:00+07:00,"5194.22,5195.32,5189.96,5190.8"
2026-03-11 19:25:00+07:00,"5190.79,5192.73,5187.69,5191.49"
2026-03-11 19:30:00+07:00,"5191.56,5197.29,5178.93,5181.78"
2026-03-11 19:35:00+07:00,"5181.79,5181.85,5173.21,5177.71"
2026-03-11 19:40:00+07:00,"5177.72,5182.3,5174.96,5179.95"
2026-03-11 19:45:00+07:00,"5179.93,5180.77,5168.04,5176.94"
2026-03-11 19:50:00+07:00,"5176.93,5180.2,5172.45,5175.65"
2026-03-11 19:55:00+07:00,"5175.5,5177.18,5166.77,5167.46"
2026-03-11 20:00:00+07:00,"5167.47,5177.34,5162.02,5176.52"
2026-03-11 20:05:00+07:00,"5176.51,5181.8,5174.38,5175.32"
2026-03-11 20:10:00+07:00,"5175.27,5181.92,5175.1,5177.78"
2026-03-11 20:15:00+07:00,"5177.68,5179.76,5175.93,5177.51"
2026-03-11 20:20:00+07:00,"5177.5,5183.16,5176.98,5180.02"
2026-03-11 20:25:00+07:00,"5180.03,5181.55,5176.64,5181.38"
2026-03-11 20:30:00+07:00,"5181.46,5181.55,5168.98,5175.83"
2026-03-11 20:35:00+07:00,"5175.81,5177.52,5168.17,5172.31"
2026-03-11 20:40:00+07:00,"5172.31,5176.42,5165.14,5165.59"
2026-03-11 20:45:00+07:00,"5165.58,5167.83,5158.54,5160.08"
2026-03-11 20:50:00+07:00,"5160.07,5169.37,5148.84,5168.34"
2026-03-11 20:55:00+07:00,"5168.37,5177.23,5167.03,5176.91"
2026-03-11 21:00:00+07:00,"5176.9,5186.75,5175.11,5185.21"
2026-03-11 21:05:00+07:00,"5185.23,5189.08,5178.64,5185.74"
2026-03-11 21:10:00+07:00,"5185.73,5190.29,5180.58,5189.91"
2026-03-11 21:15:00+07:00,"5189.89,5191.44,5186.65,5188.35"
2026-03-11 21:20:00+07:00,"5188.34,5189.42,5185.98,5188.86"
2026-03-11 21:25:00+07:00,"5188.86,5195.57,5181.47,5194.12"
2026-03-11 21:30:00+07:00,"5194.11,5196.39,5184.48,5185.83"
2026-03-11 21:35:00+07:00,"5185.79,5190.2,5182.67,5185.72"
2026-03-11 21:40:00+07:00,"5185.76,5185.93,5174.28,5183.36"
2026-03-11 21:45:00+07:00,"5183.38,5189.66,5180.48,5188.63"
2026-03-11 21:50:00+07:00,"5188.64,5193.59,5186.31,5190.53"
2026-03-11 21:55:00+07:00,"5190.46,5191.09,5181.78,5183.27"
2026-03-11 22:00:00+07:00,"5183.27,5185.93,5178.26,5180.31"
2026-03-11 22:05:00+07:00,"5180.32,5181.71,5173.74,5181.17"
2026-03-11 22:10:00+07:00,"5181.16,5181.41,5170.59,5170.86"
2026-03-11 22:15:00+07:00,"5170.81,5175.6,5168.53,5174.7"
2026-03-11 22:20:00+07:00,"5174.73,5178.97,5174.28,5178.38"
2026-03-11 22:25:00+07:00,"5178.36,5179.59,5171.57,5172.78"
2026-03-11 22:30:00+07:00,"5172.81,5172.85,5167.56,5169.07"
2026-03-11 22:35:00+07:00,"5169.08,5174.1,5167.15,5169.94"
2026-03-11 22:40:00+07:00,"5169.96,5173.86,5166.39,5169.57"
2026-03-11 22:45:00+07:00,"5169.58,5171.36,5164.28,5170.47"
2026-03-11 22:50:00+07:00,"5170.43,5175.26,5168.48,5171.91"
2026-03-11 22:55:00+07:00,"5171.9,5172.73,5166.04,5166.37"
2026-03-11 23:00:00+07:00,"5166.36,5171.5,5164.55,5166.33"
2026-03-11 23:05:00+07:00,"5166.36,5168.66,5163.63,5166.03"
2026-03-11 23:10:00+07:00,"5166.05,5172.57,5165.27,5172.4"
2026-03-11 23:15:00+07:00,"5172.39,5172.75,5165.32,5167.55"
2026-03-11 23:20:00+07:00,"5167.54,5170.3,5165.42,5169.24"
2026-03-11 23:25:00+07:00,"5169.23,5170.51,5164.23,5166.95"
2026-03-11 23:30:00+07:00,"5166.94,5172.59,5166,5171.68"
2026-03-11 23:35:00+07:00,"5171.69,5175.52,5170.16,5175.11"
2026-03-11 23:40:00+07:00,"5175.12,5176.75,5173.49,5174.37"
2026-03-11 23:45:00+07:00,"5174.39,5178.15,5171.2,5171.57"
2026-03-11 23:50:00+07:00,"5171.56,5174.01,5170.36,5173.45"
2026-03-11 23:55:00+07:00,"5173.46,5177.11,5171.06,5175.52"
2026-03-12 00:00:00+07:00,"5175.53,5179.42,5174.69,5178.34"
2026-03-12 00:05:00+07:00,"5178.33,5181.06,5177.85,5180.52"
2026-03-12 00:10:00+07:00,"5180.5,5180.5,5174.62,5175.92"
2026-03-12 00:15:00+07:00,"5175.9,5178.27,5170.06,5171.79"
2026-03-12 00:20:00+07:00,"5171.79,5174.21,5169.89,5172.32"
2026-03-12 00:25:00+07:00,"5172.31,5174.19,5169.81,5172.12"
2026-03-12 00:30:00+07:00,"5172.14,5172.6,5165.84,5168.01"
2026-03-12 00:35:00+07:00,"5168.02,5168.77,5158.39,5159"
2026-03-12 00:40:00+07:00,"5159,5163.39,5154.12,5163.15"
2026-03-12 00:45:00+07:00,"5163.16,5166.4,5161.4,5166.35"
2026-03-12 00:50:00+07:00,"5166.34,5168.61,5165.92,5167.62"
2026-03-12 00:55:00+07:00,"5167.58,5170.08,5164.62,5169.76"
2026-03-12 01:00:00+07:00,"5169.69,5171.7,5169.26,5171.13"
2026-03-12 01:05:00+07:00,"5171.14,5175.34,5169.93,5172.72"
2026-03-12 01:10:00+07:00,"5172.65,5173.83,5170.8,5172.06"
2026-03-12 01:15:00+07:00,"5172,5177.49,5171.96,5176.82"
2026-03-12 01:20:00+07:00,"5176.83,5177.65,5174.69,5177.17"
2026-03-12 01:25:00+07:00,"5177.16,5178.48,5176.39,5177.72"
2026-03-12 01:30:00+07:00,"5177.71,5178.34,5176.6,5177.19"
2026-03-12 01:35:00+07:00,"5177.19,5178.04,5176.89,5177.44"
2026-03-12 01:40:00+07:00,"5177.43,5178.26,5176.38,5177.12"
2026-03-12 01:45:00+07:00,"5177.18,5178,5175.86,5176.35"
2026-03-12 01:50:00+07:00,"5176.36,5177.69,5174.21,5174.45"
2026-03-12 01:55:00+07:00,"5174.44,5175.09,5170.31,5172.59"
2026-03-12 02:00:00+07:00,"5172.58,5173.11,5169.14,5171.69"
2026-03-12 02:05:00+07:00,"5171.68,5173.76,5170.99,5173.38"
2026-03-12 02:10:00+07:00,"5173.37,5174.5,5171.82,5172.44"
2026-03-12 02:15:00+07:00,"5172.43,5176.13,5171.85,5175.87"
2026-03-12 02:20:00+07:00,"5175.88,5177.16,5173.01,5174.92"
2026-03-12 02:25:00+07:00,"5174.91,5177.82,5174.71,5177.22"
2026-03-12 02:30:00+07:00,"5177.2,5178.4,5176.21,5178.22"
2026-03-12 02:35:00+07:00,"5178.23,5178.58,5176.72,5177.99"
2026-03-12 02:40:00+07:00,"5177.98,5180.14,5177.31,5179.74"
2026-03-12 02:45:00+07:00,"5179.75,5179.9,5176.81,5178.02"
2026-03-12 02:50:00+07:00,"5178.03,5182.45,5177.54,5181.26"
2026-03-12 02:55:00+07:00,"5181.24,5183.66,5179.05,5183.31"
2026-03-12 03:00:00+07:00,"5183.16,5183.75,5177.61,5179.78"
2026-03-12 03:05:00+07:00,"5179.68,5180.52,5177.9,5178.63"
2026-03-12 03:10:00+07:00,"5178.6,5179.17,5176.65,5177.97"
2026-03-12 03:15:00+07:00,"5178.01,5178.02,5175.58,5175.96"
2026-03-12 03:20:00+07:00,"5175.92,5179.08,5175.02,5178.6"
2026-03-12 03:25:00+07:00,"5178.61,5179.11,5177.52,5177.8"
2026-03-12 03:30:00+07:00,"5177.79,5178.1,5176.36,5176.59"
2026-03-12 03:35:00+07:00,"5176.58,5178.06,5175.73,5177.02"
2026-03-12 03:40:00+07:00,"5177.06,5177.72,5176.02,5176.34"
2026-03-12 03:45:00+07:00,"5176.33,5177.94,5175.57,5176.39"
2026-03-12 03:50:00+07:00,"5176.4,5178.38,5176.21,5177.72"
2026-03-12 03:55:00+07:00,"5177.73,5177.8,5175.32,5176.11"
2026-03-12 05:00:00+07:00,"5181.94,5183.66,5174.97,5178.11"
2026-03-12 05:05:00+07:00,"5178.12,5178.58,5167.38,5172.97"
2026-03-12 05:10:00+07:00,"5172.99,5176.13,5172.02,5175.29"
2026-03-12 05:15:00+07:00,"5175.28,5175.8,5173.88,5174.91"
2026-03-12 05:20:00+07:00,"5174.83,5177.18,5172.69,5172.76"
2026-03-12 05:25:00+07:00,"5172.78,5174.7,5165.44,5170.16"
2026-03-12 05:30:00+07:00,"5170.17,5170.21,5165.05,5165.28"
2026-03-12 05:35:00+07:00,"5165.29,5166.54,5158.23,5160.69"
2026-03-12 05:40:00+07:00,"5160.68,5162.48,5152.67,5158.66"
2026-03-12 05:45:00+07:00,"5158.67,5168.63,5158.67,5167.78"
2026-03-12 05:50:00+07:00,"5167.77,5169.38,5155.07,5156.17"
2026-03-12 05:55:00+07:00,"5156.18,5158.55,5129.42,5139.06"
2026-03-12 06:00:00+07:00,"5139.1,5149.24,5134.69,5147.65"
2026-03-12 06:05:00+07:00,"5147.66,5151.4,5146.16,5147.93"
2026-03-12 06:10:00+07:00,"5147.93,5154,5146.82,5152.02"
2026-03-12 06:15:00+07:00,"5152.01,5155.6,5150.13,5153.55"
2026-03-12 06:20:00+07:00,"5153.56,5155.34,5151.05,5152.96"
2026-03-12 06:25:00+07:00,"5152.95,5157.03,5152.7,5155.94"
2026-03-12 06:30:00+07:00,"5155.95,5158.03,5150.29,5150.3"
2026-03-12 06:35:00+07:00,"5150.29,5153.02,5145.87,5149.97"
2026-03-12 06:40:00+07:00,"5150.04,5153.01,5145.71,5146.62"
2026-03-12 06:45:00+07:00,"5146.63,5147.21,5138.04,5143.2"
2026-03-12 06:50:00+07:00,"5143.21,5143.78,5138.89,5141.73"
2026-03-12 06:55:00+07:00,"5141.73,5145.03,5133.11,5134.27"
2026-03-12 07:00:00+07:00,"5134.26,5135.89,5125.54,5130.97"
2026-03-12 07:05:00+07:00,"5131.08,5138.45,5125.65,5137.75"
2026-03-12 07:10:00+07:00,"5137.61,5142.24,5135.58,5138.93"
2026-03-12 07:15:00+07:00,"5138.93,5144.61,5138.91,5141.8"
2026-03-12 07:20:00+07:00,"5141.85,5149,5140.69,5148.97"
2026-03-12 07:25:00+07:00,"5148.97,5158.24,5148.88,5152.8"
2026-03-12 07:30:00+07:00,"5152.79,5155.57,5151.27,5152.83"
2026-03-12 07:35:00+07:00,"5152.89,5161.74,5152.11,5157.69"
2026-03-12 07:40:00+07:00,"5157.68,5158.91,5154.01,5154.32"
2026-03-12 07:45:00+07:00,"5154.3,5155.28,5150.06,5153.34"
2026-03-12 07:50:00+07:00,"5153.26,5156.08,5152.64,5155"
2026-03-12 07:55:00+07:00,"5155.01,5155.04,5151.75,5153.07"
2026-03-12 08:00:00+07:00,"5153.07,5167.07,5151.71,5158.81"
2026-03-12 08:05:00+07:00,"5158.86,5159.42,5152.19,5156.36"
2026-03-12 08:10:00+07:00,"5156.36,5159.35,5153.89,5157.22"
2026-03-12 08:15:00+07:00,"5157.25,5159.64,5151.21,5159.03"
2026-03-12 08:20:00+07:00,"5159.02,5161.13,5155.35,5159.67"
2026-03-12 08:25:00+07:00,"5159.66,5160.72,5154.73,5157.52"
2026-03-12 08:30:00+07:00,"5157.48,5159.3,5154.61,5158.28"
2026-03-12 08:35:00+07:00,"5158.28,5164.91,5156.05,5163"
2026-03-12 08:40:00+07:00,"5163.01,5170.53,5161.48,5169.9"
2026-03-12 08:45:00+07:00,"5169.91,5172.97,5167.6,5171.96"
2026-03-12 08:50:00+07:00,"5171.96,5172.06,5166.84,5167.38"
2026-03-12 08:55:00+07:00,"5167.34,5168.87,5164.33,5168.49"
2026-03-12 09:00:00+07:00,"5168.48,5173.14,5167.02,5171.79"
2026-03-12 09:05:00+07:00,"5171.88,5173.87,5169.09,5173.55"
2026-03-12 09:10:00+07:00,"5173.53,5174.74,5171.12,5174.13"
2026-03-12 09:15:00+07:00,"5174.21,5174.47,5170.64,5174.06"
2026-03-12 09:20:00+07:00,"5174.06,5175.25,5168.62,5169.42"
2026-03-12 09:25:00+07:00,"5169.41,5172.18,5167.15,5167.95"
2026-03-12 09:30:00+07:00,"5167.95,5171.55,5164.05,5165.48"
2026-03-12 09:35:00+07:00,"5165.48,5165.96,5159.65,5160.59"
2026-03-12 09:40:00+07:00,"5160.69,5161.71,5155.46,5157.54"
2026-03-12 09:45:00+07:00,"5157.55,5158.32,5148.54,5150.8"
2026-03-12 09:50:00+07:00,"5150.77,5154.36,5145.64,5151.41"
2026-03-12 09:55:00+07:00,"5151.4,5154.63,5150.37,5150.77"
2026-03-12 10:00:00+07:00,"5150.76,5155.58,5148.26,5152.72"
2026-03-12 10:05:00+07:00,"5152.7,5154.75,5150.43,5153.05"
2026-03-12 10:10:00+07:00,"5152.98,5155.55,5152.05,5153.94"
2026-03-12 10:15:00+07:00,"5153.97,5154.22,5147.24,5152.55"
2026-03-12 10:20:00+07:00,"5152.56,5154.96,5151.25,5151.5"
2026-03-12 10:25:00+07:00,"5151.51,5153.26,5149.13,5151.89"
2026-03-12 10:30:00+07:00,"5151.88,5153.56,5148.06,5149.6"
2026-03-12 10:35:00+07:00,"5149.6,5152.56,5147.99,5148.75"
2026-03-12 10:40:00+07:00,"5148.74,5153.72,5148.71,5152.35"
2026-03-12 10:45:00+07:00,"5152.36,5153.71,5151.16,5153.55"
2026-03-12 10:50:00+07:00,"5153.56,5154.18,5152.24,5152.75"
2026-03-12 10:55:00+07:00,"5152.75,5154.56,5152.14,5153.12"
2026-03-12 11:00:00+07:00,"5153.13,5153.33,5150.04,5152.84"
2026-03-12 11:05:00+07:00,"5152.83,5153.23,5151.99,5152.89"
2026-03-12 11:10:00+07:00,"5152.88,5153.12,5151.7,5152.22"
2026-03-12 11:15:00+07:00,"5152.21,5154.03,5151.69,5153.78"
2026-03-12 11:20:00+07:00,"5153.79,5153.84,5150.69,5150.78"
2026-03-12 11:25:00+07:00,"5150.9,5153.29,5150.23,5152.65"
2026-03-12 11:30:00+07:00,"5152.64,5152.64,5148.11,5148.43"
2026-03-12 11:35:00+07:00,"5148.43,5149.86,5144.43,5145.41"
2026-03-12 11:40:00+07:00,"5145.4,5146.99,5143.57,5144.01"
2026-03-12 11:45:00+07:00,"5144.02,5146.6,5142.8,5145.43"
2026-03-12 11:50:00+07:00,"5145.42,5146.16,5142.14,5142.9"
2026-03-12 11:55:00+07:00,"5142.9,5143.28,5140.34,5142.5"
2026-03-12 12:00:00+07:00,"5142.51,5146.08,5142.42,5145.08"
2026-03-12 12:05:00+07:00,"5145.08,5147.23,5141.56,5146.78"
2026-03-12 12:10:00+07:00,"5146.78,5149.17,5145.39,5146.28"
2026-03-12 12:15:00+07:00,"5146.29,5148.97,5145.23,5147.21"
2026-03-12 12:20:00+07:00,"5147.21,5147.21,5141.28,5141.55"
2026-03-12 12:25:00+07:00,"5141.5,5143.33,5137.04,5143.01"
2026-03-12 12:30:00+07:00,"5143.02,5150.01,5141.27,5147.38"
2026-03-12 12:35:00+07:00,"5147.39,5152.82,5146.87,5149.28"
2026-03-12 12:40:00+07:00,"5149.45,5154.57,5148.53,5153.48"
2026-03-12 12:45:00+07:00,"5153.49,5156.83,5152.88,5156.69"
2026-03-12 12:50:00+07:00,"5156.7,5156.8,5151.61,5153.24"
2026-03-12 12:55:00+07:00,"5153.24,5157.76,5151.8,5154.53"
2026-03-12 13:00:00+07:00,"5154.52,5157.74,5154.43,5155.19"
2026-03-12 13:05:00+07:00,"5155.19,5155.64,5152.21,5154.45"
2026-03-12 13:10:00+07:00,"5154.46,5155.82,5151.73,5154.43"
2026-03-12 13:15:00+07:00,"5154.45,5154.54,5150.51,5150.83"
2026-03-12 13:20:00+07:00,"5150.77,5156.22,5147.31,5155.74"
2026-03-12 13:25:00+07:00,"5155.73,5157.83,5155.61,5156.4"
2026-03-12 13:30:00+07:00,"5156.53,5162.37,5155.99,5161.37"
2026-03-12 13:35:00+07:00,"5161.31,5164.78,5159.82,5164.65"
2026-03-12 13:40:00+07:00,"5164.67,5170.02,5163.4,5168.65"
2026-03-12 13:45:00+07:00,"5168.65,5170.17,5167.33,5168.19"
2026-03-12 13:50:00+07:00,"5168.2,5170.48,5166.47,5168.34"
2026-03-12 13:55:00+07:00,"5168.35,5168.64,5165.32,5166.24"
2026-03-12 14:00:00+07:00,"5166.25,5167.66,5164.29,5166.54"
2026-03-12 14:05:00+07:00,"5166.55,5168.25,5165.48,5166.39"
2026-03-12 14:10:00+07:00,"5166.41,5170.53,5166.21,5170.15"
2026-03-12 14:15:00+07:00,"5170.14,5170.64,5166.58,5167.55"
2026-03-12 14:20:00+07:00,"5167.56,5168.79,5165.91,5168.68"
2026-03-12 14:25:00+07:00,"5168.67,5169.54,5166.31,5169.05"
2026-03-12 14:30:00+07:00,"5169.04,5173.3,5168.3,5170.24"
2026-03-12 14:35:00+07:00,"5170.32,5170.98,5168.05,5168.29"
2026-03-12 14:40:00+07:00,"5168.3,5179.9,5168.05,5178.74"
2026-03-12 14:45:00+07:00,"5178.74,5185.4,5178.68,5179.29"
2026-03-12 14:50:00+07:00,"5179.3,5180.45,5176.02,5178.87"
2026-03-12 14:55:00+07:00,"5178.89,5182.77,5177.11,5182.33"
2026-03-12 15:00:00+07:00,"5182.33,5190.15,5181.52,5184.84"
2026-03-12 15:05:00+07:00,"5184.82,5185.81,5181.98,5183.83"
2026-03-12 15:10:00+07:00,"5183.83,5189.53,5180.78,5181.66"
2026-03-12 15:15:00+07:00,"5181.65,5184.61,5181.01,5181.93"
2026-03-12 15:20:00+07:00,"5181.92,5182.02,5178.36,5178.36"
2026-03-12 15:25:00+07:00,"5178.35,5180.51,5177.14,5177.47"
2026-03-12 15:30:00+07:00,"5177.46,5181.42,5177.45,5180.73"
2026-03-12 15:35:00+07:00,"5180.76,5181.84,5179.86,5180.24"
2026-03-12 15:40:00+07:00,"5180.25,5181.97,5178.15,5181.37"
2026-03-12 15:45:00+07:00,"5181.35,5182.99,5176.06,5179.65"
2026-03-12 15:50:00+07:00,"5179.64,5180.56,5175.76,5179.03"
2026-03-12 15:55:00+07:00,"5179.04,5180.53,5177.9,5178.17"
2026-03-12 16:00:00+07:00,"5178.16,5180.48,5177.14,5177.48"
2026-03-12 16:05:00+07:00,"5177.49,5181.45,5175.66,5179.78"
2026-03-12 16:10:00+07:00,"5179.77,5179.92,5175.72,5176.53"
2026-03-12 16:15:00+07:00,"5176.52,5179.14,5175.59,5176.96"
2026-03-12 16:20:00+07:00,"5176.97,5177.42,5174.44,5176.08"
2026-03-12 16:25:00+07:00,"5176.04,5181.42,5175.81,5180.17"
2026-03-12 16:30:00+07:00,"5180.24,5185.82,5180.17,5184.14"
2026-03-12 16:35:00+07:00,"5184.12,5186.82,5182.45,5184.96"
2026-03-12 16:40:00+07:00,"5185.04,5187.68,5183.47,5184.73"
2026-03-12 16:45:00+07:00,"5184.66,5186.56,5183.48,5183.92"
2026-03-12 16:50:00+07:00,"5183.91,5186.67,5183.27,5183.84"
2026-03-12 16:55:00+07:00,"5183.87,5190.47,5182.72,5188.33"
2026-03-12 17:00:00+07:00,"5188.32,5191.67,5186.56,5188.34"
2026-03-12 17:05:00+07:00,"5188.33,5191.79,5187.82,5188.08"
2026-03-12 17:10:00+07:00,"5188.08,5190.82,5186.88,5187.16"
2026-03-12 17:15:00+07:00,"5187.15,5187.39,5183.13,5185.07"
2026-03-12 17:20:00+07:00,"5185.15,5186.1,5183.36,5184.99"
2026-03-12 17:25:00+07:00,"5184.97,5185.03,5179.74,5180.34"
2026-03-12 17:30:00+07:00,"5180.34,5182.99,5178.69,5181.52"
2026-03-12 17:35:00+07:00,"5181.53,5181.78,5176.09,5179.76"
2026-03-12 17:40:00+07:00,"5179.77,5183.16,5178.91,5182.01"
2026-03-12 17:45:00+07:00,"5182.01,5184.09,5181.2,5182.67"
2026-03-12 17:50:00+07:00,"5182.67,5183.16,5178.58,5180.15"
2026-03-12 17:55:00+07:00,"5180.14,5182.61,5179.91,5182.41"
2026-03-12 18:00:00+07:00,"5182.4,5183.79,5180.05,5181.07"
2026-03-12 18:05:00+07:00,"5181.09,5182.32,5180.53,5181.76"
2026-03-12 18:10:00+07:00,"5181.77,5182.1,5178.77,5178.89"
2026-03-12 18:15:00+07:00,"5178.79,5179.41,5174.29,5174.55"
2026-03-12 18:20:00+07:00,"5174.57,5179.2,5172.6,5178.87"
2026-03-12 18:25:00+07:00,"5178.91,5179.61,5176.36,5176.44"
2026-03-12 18:30:00+07:00,"5176.45,5179.94,5176.45,5177.32"
2026-03-12 18:35:00+07:00,"5177.33,5180.33,5175.4,5179.55"
2026-03-12 18:40:00+07:00,"5179.56,5180.93,5177.44,5180.93"
2026-03-12 18:45:00+07:00,"5180.95,5181.56,5177.63,5178.24"
2026-03-12 18:50:00+07:00,"5178.27,5179.37,5176.66,5176.93"
2026-03-12 18:55:00+07:00,"5176.94,5181.47,5176.51,5179.03"
2026-03-12 19:00:00+07:00,"5179.17,5180.61,5174.29,5174.54"
2026-03-12 19:05:00+07:00,"5174.52,5175.03,5167.46,5169.66"
2026-03-12 19:10:00+07:00,"5169.65,5172.17,5167.44,5168.81"
2026-03-12 19:15:00+07:00,"5168.8,5170.95,5165.47,5168.38"
2026-03-12 19:20:00+07:00,"5168.66,5171.1,5163.6,5170.95"
2026-03-12 19:25:00+07:00,"5170.92,5172.97,5169,5172.31"
2026-03-12 19:30:00+07:00,"5172.3,5176.51,5169.99,5172.68"
2026-03-12 19:35:00+07:00,"5172.65,5175.35,5169.85,5170.2"
2026-03-12 19:40:00+07:00,"5170.22,5174.62,5168.51,5174"
2026-03-12 19:45:00+07:00,"5173.99,5181.66,5173.88,5181.48"
2026-03-12 19:50:00+07:00,"5181.47,5185.41,5181.28,5183.91"
2026-03-12 19:55:00+07:00,"5183.92,5185.71,5178.45,5181.46"
2026-03-12 20:00:00+07:00,"5181.46,5186.22,5179.6,5179.8"
2026-03-12 20:05:00+07:00,"5179.79,5186.01,5178.96,5182.99"
2026-03-12 20:10:00+07:00,"5182.99,5184.85,5181.68,5184.45"
2026-03-12 20:15:00+07:00,"5184.41,5184.5,5172.25,5173.99"
2026-03-12 20:20:00+07:00,"5174,5174.68,5158.46,5172.14"
2026-03-12 20:25:00+07:00,"5172.14,5173.34,5168.01,5171.23"
2026-03-12 20:30:00+07:00,"5170.77,5171.15,5160.5,5166.49"
2026-03-12 20:35:00+07:00,"5166.53,5168.3,5158.33,5161.82"
2026-03-12 20:40:00+07:00,"5161.8,5162.54,5155.8,5159.16"
2026-03-12 20:45:00+07:00,"5159.15,5159.15,5151.81,5151.89"
2026-03-12 20:50:00+07:00,"5151.87,5160.09,5147.81,5151.01"
2026-03-12 20:55:00+07:00,"5151.03,5154.55,5145.9,5151.31"
2026-03-12 21:00:00+07:00,"5151.32,5163.56,5150.17,5162.28"
2026-03-12 21:05:00+07:00,"5162.35,5163.05,5155.86,5156.95"
2026-03-12 21:10:00+07:00,"5156.97,5161.47,5154.81,5161.15"
2026-03-12 21:15:00+07:00,"5161.2,5163.37,5152.5,5154.61"
2026-03-12 21:20:00+07:00,"5154.59,5157.45,5149.71,5153.12"
2026-03-12 21:25:00+07:00,"5153.11,5155.31,5150.34,5152"
2026-03-12 21:30:00+07:00,"5151.99,5153.73,5143.28,5146.75"
2026-03-12 21:35:00+07:00,"5146.67,5151.59,5139.63,5144.94"
2026-03-12 21:40:00+07:00,"5144.95,5148.68,5140.01,5148.62"
2026-03-12 21:45:00+07:00,"5148.6,5153.6,5138.28,5142.41"
2026-03-12 21:50:00+07:00,"5142.41,5144.09,5139.4,5141.94"
2026-03-12 21:55:00+07:00,"5141.95,5144.74,5139.49,5142.99"
2026-03-12 22:00:00+07:00,"5142.71,5144.54,5130.37,5132.02"
2026-03-12 22:05:00+07:00,"5132.04,5136.63,5127.24,5130.34"
2026-03-12 22:10:00+07:00,"5130.34,5130.88,5109.88,5124.78"
2026-03-12 22:15:00+07:00,"5124.77,5127.93,5117.76,5125.97"
2026-03-12 22:20:00+07:00,"5125.95,5130.56,5125.44,5129.31"
2026-03-12 22:25:00+07:00,"5129.3,5132.46,5127.61,5129.15"
2026-03-12 22:30:00+07:00,"5129.14,5129.42,5122.98,5124.97"
2026-03-12 22:35:00+07:00,"5124.96,5132.56,5118.2,5131.99"
2026-03-12 22:40:00+07:00,"5131.99,5134.54,5125.57,5130.89"
2026-03-12 22:45:00+07:00,"5130.92,5131.91,5125.61,5130.46"
2026-03-12 22:50:00+07:00,"5130.48,5135.51,5127.52,5133.27"
2026-03-12 22:55:00+07:00,"5133.3,5134.18,5128.81,5132.41"
2026-03-12 23:00:00+07:00,"5132.04,5134.98,5130.93,5133.9"
2026-03-12 23:05:00+07:00,"5133.91,5134.99,5122.34,5124.63"
2026-03-12 23:10:00+07:00,"5124.62,5129.11,5121.1,5128.51"
2026-03-12 23:15:00+07:00,"5128.48,5131.92,5127.8,5131.54"
2026-03-12 23:20:00+07:00,"5131.49,5138.17,5131,5133.87"
2026-03-12 23:25:00+07:00,"5133.84,5135.47,5131.21,5131.77"
2026-03-12 23:30:00+07:00,"5131.76,5131.77,5124.97,5128.68"
2026-03-12 23:35:00+07:00,"5128.68,5133.82,5127.91,5131.42"
2026-03-12 23:40:00+07:00,"5131.47,5137.63,5130.89,5135"
2026-03-12 23:45:00+07:00,"5134.98,5135.57,5128.65,5133.78"
2026-03-12 23:50:00+07:00,"5133.79,5133.92,5124.54,5125.39"
2026-03-12 23:55:00+07:00,"5125.37,5126.45,5121.65,5123.39"
2026-03-13 00:00:00+07:00,"5123.38,5126.94,5122.75,5126.52"
2026-03-13 00:05:00+07:00,"5126.54,5129.7,5123.67,5125.05"
2026-03-13 00:10:00+07:00,"5125.02,5126.02,5120.67,5121.63"
2026-03-13 00:15:00+07:00,"5121.64,5121.95,5113.45,5118.23"
2026-03-13 00:20:00+07:00,"5118.21,5122.74,5117.04,5120.39"
2026-03-13 00:25:00+07:00,"5120.39,5122.08,5117.38,5119.01"
2026-03-13 00:30:00+07:00,"5119.01,5120.12,5111.15,5111.93"
2026-03-13 00:35:00+07:00,"5111.96,5115.77,5109.08,5112.9"
2026-03-13 00:40:00+07:00,"5112.92,5113.6,5104.72,5110.62"
2026-03-13 00:45:00+07:00,"5110.6,5112.29,5106.35,5107.58"
2026-03-13 00:50:00+07:00,"5107.57,5109.58,5105.65,5107.25"
2026-03-13 00:55:00+07:00,"5107.16,5108.51,5102.45,5105.15"
2026-03-13 01:00:00+07:00,"5105.14,5112.68,5104.93,5108.55"
2026-03-13 01:05:00+07:00,"5108.56,5112.68,5105.19,5107.17"
2026-03-13 01:10:00+07:00,"5107.14,5109.63,5105.28,5107.31"
2026-03-13 01:15:00+07:00,"5107.32,5110.5,5106.13,5106.64"
2026-03-13 01:20:00+07:00,"5106.66,5107.12,5101.17,5103.01"
2026-03-13 01:25:00+07:00,"5103.02,5106.25,5102.41,5104.49"
2026-03-13 01:30:00+07:00,"5104.5,5104.54,5099.76,5100.37"
2026-03-13 01:35:00+07:00,"5100.4,5103.64,5098.89,5100.31"
2026-03-13 01:40:00+07:00,"5100.3,5100.69,5098.65,5098.72"
2026-03-13 01:45:00+07:00,"5098.74,5099.15,5092.08,5092.41"
2026-03-13 01:50:00+07:00,"5092.42,5099.49,5090.53,5098.5"
2026-03-13 01:55:00+07:00,"5098.57,5099.3,5093.73,5094.32"
2026-03-13 02:00:00+07:00,"5094.31,5095.16,5078.98,5087.41"
2026-03-13 02:05:00+07:00,"5087.37,5093.7,5087.33,5092.7"
2026-03-13 02:10:00+07:00,"5092.75,5092.88,5083.19,5084.88"
2026-03-13 02:15:00+07:00,"5084.89,5088.57,5080.76,5086.63"
2026-03-13 02:20:00+07:00,"5086.62,5093.6,5084.42,5092.83"
2026-03-13 02:25:00+07:00,"5092.85,5095.6,5089.07,5093.61"
2026-03-13 02:30:00+07:00,"5093.6,5096.9,5093.16,5094.6"
2026-03-13 02:35:00+07:00,"5094.61,5096.35,5091.98,5094.89"
2026-03-13 02:40:00+07:00,"5094.88,5095.72,5090.38,5091.94"
2026-03-13 02:45:00+07:00,"5091.95,5095.78,5089.61,5094.79"
2026-03-13 02:50:00+07:00,"5094.8,5096.31,5092.04,5094.24"
2026-03-13 02:55:00+07:00,"5094.24,5094.27,5081.29,5084.85"
2026-03-13 03:00:00+07:00,"5084.78,5090.33,5083.29,5088.93"
2026-03-13 03:05:00+07:00,"5088.92,5090.68,5087.1,5088.96"
2026-03-13 03:10:00+07:00,"5088.95,5089.97,5084.81,5085.29"
2026-03-13 03:15:00+07:00,"5085.32,5089.03,5083.5,5085.12"
2026-03-13 03:20:00+07:00,"5084.88,5085.03,5076.71,5081.62"
2026-03-13 03:25:00+07:00,"5081.66,5082.05,5070.74,5071.63"
2026-03-13 03:30:00+07:00,"5071.6,5071.94,5054.52,5070.97"
2026-03-13 03:35:00+07:00,"5070.98,5073.12,5065.98,5070.14"
2026-03-13 03:40:00+07:00,"5070.13,5073.15,5067.45,5072.33"
2026-03-13 03:45:00+07:00,"5072.34,5081.75,5072.06,5080.84"
2026-03-13 03:50:00+07:00,"5080.86,5081.31,5076.12,5078.48"
2026-03-13 03:55:00+07:00,"5078.47,5080.76,5076.96,5078.45"
2026-03-13 05:00:00+07:00,"5075.61,5084.09,5072.32,5083.84"
2026-03-13 05:05:00+07:00,"5083.62,5086.77,5077.61,5081.48"
2026-03-13 05:10:00+07:00,"5081.48,5086.18,5079.35,5081.64"
2026-03-13 05:15:00+07:00,"5081.65,5091.38,5080.96,5089.88"
2026-03-13 05:20:00+07:00,"5089.89,5095.13,5088.35,5093.58"
2026-03-13 05:25:00+07:00,"5093.62,5095.41,5089.79,5092.6"
2026-03-13 05:30:00+07:00,"5092.58,5092.65,5089.87,5090.16"
2026-03-13 05:35:00+07:00,"5090.18,5090.18,5085.25,5086.7"
2026-03-13 05:40:00+07:00,"5086.69,5090.83,5085.67,5089.44"
2026-03-13 05:45:00+07:00,"5089.5,5093.07,5087.84,5088.18"
2026-03-13 05:50:00+07:00,"5088.16,5092.89,5088.13,5092.12"
2026-03-13 05:55:00+07:00,"5092.13,5096.41,5092.12,5096.08"
2026-03-13 06:00:00+07:00,"5095.99,5096.05,5088.86,5093.01"
2026-03-13 06:05:00+07:00,"5093,5096.12,5092.79,5093.96"
2026-03-13 06:10:00+07:00,"5093.94,5095.23,5089.79,5090.63"
2026-03-13 06:15:00+07:00,"5090.69,5095.42,5090.46,5094.23"
2026-03-13 06:20:00+07:00,"5094.24,5099.06,5093.06,5096.71"
2026-03-13 06:25:00+07:00,"5096.7,5099.5,5093.21,5094.1"
2026-03-13 06:30:00+07:00,"5094.1,5098,5092.03,5095.26"
2026-03-13 06:35:00+07:00,"5095.25,5097.54,5092.97,5097.48"
2026-03-13 06:40:00+07:00,"5097.48,5098.41,5094.13,5094.79"
2026-03-13 06:45:00+07:00,"5094.79,5099.41,5094.74,5098.71"
2026-03-13 06:50:00+07:00,"5098.72,5100.92,5097.21,5099.53"
2026-03-13 06:55:00+07:00,"5099.51,5101.2,5097.95,5097.99"
2026-03-13 07:00:00+07:00,"5098.01,5103.92,5097.38,5099.11"
2026-03-13 07:05:00+07:00,"5099.1,5104.37,5099,5103.59"
2026-03-13 07:10:00+07:00,"5103.58,5108.3,5102.46,5106.03"
2026-03-13 07:15:00+07:00,"5106.04,5108.13,5104.97,5104.97"
2026-03-13 07:20:00+07:00,"5105,5108.45,5104.68,5106.06"
2026-03-13 07:25:00+07:00,"5106.05,5106.76,5104.28,5106.38"
2026-03-13 07:30:00+07:00,"5106.39,5110.56,5105.99,5109.12"
2026-03-13 07:35:00+07:00,"5109.13,5109.81,5107.71,5108.48"
2026-03-13 07:40:00+07:00,"5108.44,5109.71,5106.89,5107.84"
2026-03-13 07:45:00+07:00,"5107.84,5109.77,5107.22,5107.91"
2026-03-13 07:50:00+07:00,"5107.82,5113.03,5107.46,5111.54"
2026-03-13 07:55:00+07:00,"5111.56,5115.37,5110.72,5113.76"
2026-03-13 08:00:00+07:00,"5113.75,5120.66,5113.56,5118.85"
2026-03-13 08:05:00+07:00,"5118.86,5120.7,5116.82,5118.79"
2026-03-13 08:10:00+07:00,"5118.78,5121.15,5115.5,5119.59"
2026-03-13 08:15:00+07:00,"5119.51,5120.54,5114,5116.1"
2026-03-13 08:20:00+07:00,"5116.01,5120.22,5114.37,5116.54"
2026-03-13 08:25:00+07:00,"5116.55,5120.76,5116.22,5118.92"
2026-03-13 08:30:00+07:00,"5118.93,5121.55,5118.35,5120.96"
2026-03-13 08:35:00+07:00,"5120.97,5121.61,5114.95,5118.44"
2026-03-13 08:40:00+07:00,"5118.52,5118.95,5111.66,5112.41"
2026-03-13 08:45:00+07:00,"5112.42,5114.94,5108.8,5112.28"
2026-03-13 08:50:00+07:00,"5112.29,5115.96,5110.08,5113.69"
2026-03-13 08:55:00+07:00,"5113.73,5124.45,5113.69,5124.27"
2026-03-13 09:00:00+07:00,"5124.27,5128.43,5123.57,5126.79"
2026-03-13 09:05:00+07:00,"5126.79,5127.55,5122.5,5124.83"
2026-03-13 09:10:00+07:00,"5124.84,5126.56,5122.93,5123.17"
2026-03-13 09:15:00+07:00,"5123.2,5123.3,5119.79,5120.69"
2026-03-13 09:20:00+07:00,"5120.68,5123.15,5114.86,5118.33"
2026-03-13 09:25:00+07:00,"5118.34,5122.39,5118.26,5121.64"
2026-03-13 09:30:00+07:00,"5121.63,5121.95,5118.67,5119.98"
2026-03-13 09:35:00+07:00,"5119.94,5121.29,5117.22,5117.67"
2026-03-13 09:40:00+07:00,"5117.67,5120.91,5115.53,5118.03"
2026-03-13 09:45:00+07:00,"5118.03,5118.61,5112.53,5113.73"
2026-03-13 09:50:00+07:00,"5113.76,5115.29,5111.66,5115.21"
2026-03-13 09:55:00+07:00,"5115.19,5116.02,5110.41,5112.01"
2026-03-13 10:00:00+07:00,"5111.99,5114.28,5109.17,5112.28"
2026-03-13 10:05:00+07:00,"5112.29,5115.85,5111.78,5113.49"
2026-03-13 10:10:00+07:00,"5113.58,5115.64,5109.93,5110.8"
2026-03-13 10:15:00+07:00,"5110.77,5112.95,5109.61,5110.7"
2026-03-13 10:20:00+07:00,"5110.71,5113.97,5109.99,5112.43"
2026-03-13 10:25:00+07:00,"5112.42,5113.77,5108.21,5110.4"
2026-03-13 10:30:00+07:00,"5110.41,5112.29,5108.72,5110.57"
2026-03-13 10:35:00+07:00,"5110.58,5111.77,5106.05,5109.15"
2026-03-13 10:40:00+07:00,"5109.13,5111.67,5108.56,5110.78"
2026-03-13 10:45:00+07:00,"5110.79,5116.75,5110.42,5115.34"
2026-03-13 10:50:00+07:00,"5115.34,5115.74,5113.76,5114.61"
2026-03-13 10:55:00+07:00,"5114.63,5116.49,5114.43,5115.59"
2026-03-13 11:00:00+07:00,"5115.58,5117.96,5115.29,5115.77"
2026-03-13 11:05:00+07:00,"5115.85,5117.39,5113.23,5115.34"
2026-03-13 11:10:00+07:00,"5115.31,5116.21,5112.37,5114.41"
2026-03-13 11:15:00+07:00,"5114.44,5114.56,5110.86,5111.4"
2026-03-13 11:20:00+07:00,"5111.39,5112.05,5103.3,5105.01"
2026-03-13 11:25:00+07:00,"5105.01,5107.86,5104.96,5105.53"
2026-03-13 11:30:00+07:00,"5105.54,5107.21,5104.7,5105.44"
2026-03-13 11:35:00+07:00,"5105.45,5106.2,5102.73,5104.62"
2026-03-13 11:40:00+07:00,"5104.64,5105.91,5103.49,5104.41"
2026-03-13 11:45:00+07:00,"5104.4,5106.32,5103.12,5105.64"
2026-03-13 11:50:00+07:00,"5105.65,5106.85,5104.58,5105.25"
2026-03-13 11:55:00+07:00,"5105.26,5105.58,5103.14,5104.23"
2026-03-13 12:00:00+07:00,"5104.23,5106.59,5103.79,5104.32"
2026-03-13 12:05:00+07:00,"5104.33,5106.62,5102.61,5105.76"
2026-03-13 12:10:00+07:00,"5105.77,5109.51,5105.28,5109.07"
2026-03-13 12:15:00+07:00,"5109.12,5110.25,5108.11,5108.91"
2026-03-13 12:20:00+07:00,"5108.92,5109.82,5107.35,5108.45"
2026-03-13 12:25:00+07:00,"5108.37,5109.95,5104.77,5105.97"
2026-03-13 12:30:00+07:00,"5105.96,5111.43,5103.81,5108.52"
2026-03-13 12:35:00+07:00,"5108.46,5109.34,5105.42,5107.7"
2026-03-13 12:40:00+07:00,"5107.7,5109.22,5099.96,5100.68"
2026-03-13 12:45:00+07:00,"5100.7,5104.12,5098.47,5103.36"
2026-03-13 12:50:00+07:00,"5103.27,5105.3,5098.53,5099.34"
2026-03-13 12:55:00+07:00,"5099.34,5105.55,5098.07,5103.08"
2026-03-13 13:00:00+07:00,"5103.09,5107.33,5101.45,5106.06"
2026-03-13 13:05:00+07:00,"5106.05,5108.19,5104.51,5105.52"
2026-03-13 13:10:00+07:00,"5105.51,5107.11,5102.92,5103.87"
2026-03-13 13:15:00+07:00,"5103.86,5104.09,5098.65,5099.81"
2026-03-13 13:20:00+07:00,"5099.82,5100.68,5094.46,5096.54"
2026-03-13 13:25:00+07:00,"5096.54,5097.36,5088.78,5095.57"
2026-03-13 13:30:00+07:00,"5095.59,5098.34,5091.77,5092.98"
2026-03-13 13:35:00+07:00,"5092.99,5097.32,5087.79,5093.74"
2026-03-13 13:40:00+07:00,"5093.74,5094.68,5089.5,5091.66"
2026-03-13 13:45:00+07:00,"5091.67,5094.87,5088.52,5091.74"
2026-03-13 13:50:00+07:00,"5091.74,5092.48,5085.66,5088.38"
2026-03-13 13:55:00+07:00,"5088.37,5090.71,5086.64,5088.3"
2026-03-13 14:00:00+07:00,"5088.27,5090.44,5083.71,5089.81"
2026-03-13 14:05:00+07:00,"5089.89,5093.37,5088.44,5090.74"
2026-03-13 14:10:00+07:00,"5090.73,5094.35,5089.71,5090.38"
2026-03-13 14:15:00+07:00,"5090.35,5090.53,5075.16,5078.17"
2026-03-13 14:20:00+07:00,"5078.19,5078.78,5071.72,5077.1"
2026-03-13 14:25:00+07:00,"5077.27,5085.39,5076.15,5084.91"
2026-03-13 14:30:00+07:00,"5084.9,5091,5083.74,5090.91"
2026-03-13 14:35:00+07:00,"5090.92,5093.01,5087.97,5088.15"
2026-03-13 14:40:00+07:00,"5088.1,5092.7,5087.27,5089.45"
2026-03-13 14:45:00+07:00,"5089.47,5092.83,5084.31,5085.4"
2026-03-13 14:50:00+07:00,"5085.41,5086.91,5083.87,5084.3"
2026-03-13 14:55:00+07:00,"5084.31,5085.5,5082.22,5085.21"
2026-03-13 15:00:00+07:00,"5085.22,5085.22,5068.33,5068.33"
2026-03-13 15:05:00+07:00,"5068.3,5075.25,5066.73,5072.57"
2026-03-13 15:10:00+07:00,"5072.56,5078.57,5071.1,5077.9"
2026-03-13 15:15:00+07:00,"5077.91,5079.13,5072.22,5073.82"
2026-03-13 15:20:00+07:00,"5073.81,5074.17,5061.38,5067.03"
2026-03-13 15:25:00+07:00,"5067.03,5071.57,5065.83,5070.82"
2026-03-13 15:30:00+07:00,"5070.78,5078.7,5070.34,5077.72"
2026-03-13 15:35:00+07:00,"5077.73,5082.98,5076.61,5081.4"
2026-03-13 15:40:00+07:00,"5081.39,5084.41,5076,5076.26"
2026-03-13 15:45:00+07:00,"5076.08,5083.89,5075.9,5083.71"
2026-03-13 15:50:00+07:00,"5083.7,5087.12,5081.98,5082.27"
2026-03-13 15:55:00+07:00,"5082.28,5088.04,5081.92,5087.47"
2026-03-13 16:00:00+07:00,"5087.46,5093.78,5086.02,5093.74"
2026-03-13 16:05:00+07:00,"5093.75,5097.07,5091.98,5092.32"
2026-03-13 16:10:00+07:00,"5092.31,5096.55,5090.3,5092.35"
2026-03-13 16:15:00+07:00,"5092.38,5093.09,5086.3,5089.69"
2026-03-13 16:20:00+07:00,"5089.62,5090.03,5084.08,5085.32"
2026-03-13 16:25:00+07:00,"5085.34,5092.37,5085.25,5091.89"
2026-03-13 16:30:00+07:00,"5091.88,5092.9,5088.7,5089.73"
2026-03-13 16:35:00+07:00,"5089.78,5090.95,5086.87,5088.82"
2026-03-13 16:40:00+07:00,"5088.76,5089.05,5083.17,5085.51"
2026-03-13 16:45:00+07:00,"5085.52,5089.41,5084.97,5089.04"
2026-03-13 16:50:00+07:00,"5089.03,5094.35,5088.82,5090.06"
2026-03-13 16:55:00+07:00,"5090.08,5093.55,5089.45,5089.66"
2026-03-13 17:00:00+07:00,"5089.65,5089.91,5085.99,5088.21"
2026-03-13 17:05:00+07:00,"5088.2,5091.43,5087.07,5088.9"
2026-03-13 17:10:00+07:00,"5088.91,5093.53,5087.08,5093.35"
2026-03-13 17:15:00+07:00,"5093.36,5096.93,5091.56,5092.55"
2026-03-13 17:20:00+07:00,"5092.46,5093.96,5090.61,5092.11"
2026-03-13 17:25:00+07:00,"5092.12,5093.3,5088.7,5089.01"
2026-03-13 17:30:00+07:00,"5089.19,5089.65,5079.66,5082.63"
2026-03-13 17:35:00+07:00,"5082.66,5088.02,5082.17,5088.02"
2026-03-13 17:40:00+07:00,"5088.03,5089.05,5086.56,5087.61"
2026-03-13 17:45:00+07:00,"5087.62,5094.68,5084.48,5094.68"
2026-03-13 17:50:00+07:00,"5094.67,5098.26,5094.41,5096.6"
2026-03-13 17:55:00+07:00,"5096.59,5097.6,5093.37,5094.87"
2026-03-13 18:00:00+07:00,"5094.86,5097.58,5091.32,5094.9"
2026-03-13 18:05:00+07:00,"5094.89,5095.63,5087.72,5089.43"
2026-03-13 18:10:00+07:00,"5089.44,5091.38,5086.3,5090.43"
2026-03-13 18:15:00+07:00,"5090.44,5096.21,5088.83,5094.79"
2026-03-13 18:20:00+07:00,"5094.78,5095.11,5092.63,5094.7"
2026-03-13 18:25:00+07:00,"5094.72,5097.46,5093.68,5095.46"
2026-03-13 18:30:00+07:00,"5095.45,5095.62,5092.07,5093.71"
2026-03-13 18:35:00+07:00,"5093.63,5095.79,5092.12,5094.82"
2026-03-13 18:40:00+07:00,"5094.83,5096.6,5093.26,5094.84"
2026-03-13 18:45:00+07:00,"5094.84,5097.92,5092.28,5094.21"
2026-03-13 18:50:00+07:00,"5094.19,5096.37,5093.66,5095.23"
2026-03-13 18:55:00+07:00,"5095.24,5108,5095.08,5107.5"
2026-03-13 19:00:00+07:00,"5107.5,5118.93,5107.2,5114.15"
2026-03-13 19:05:00+07:00,"5114.15,5117.27,5109.66,5110.11"
2026-03-13 19:10:00+07:00,"5110.12,5111.61,5107.53,5108.55"
2026-03-13 19:15:00+07:00,"5108.56,5109.25,5104.17,5106.97"
2026-03-13 19:20:00+07:00,"5106.97,5114.25,5105.09,5113.58"
2026-03-13 19:25:00+07:00,"5113.61,5115.51,5111.16,5113.88"
2026-03-13 19:30:00+07:00,"5113.74,5116.37,5112.19,5114.49"
2026-03-13 19:35:00+07:00,"5114.51,5116.11,5111.11,5113.68"
2026-03-13 19:40:00+07:00,"5113.67,5116.22,5108.11,5112.12"
2026-03-13 19:45:00+07:00,"5112.13,5121.78,5110.88,5121.29"
2026-03-13 19:50:00+07:00,"5121.28,5121.48,5115.23,5117.65"
2026-03-13 19:55:00+07:00,"5117.69,5120.77,5116.13,5118.3"
2026-03-13 20:00:00+07:00,"5118.31,5121.01,5113.69,5120.4"
2026-03-13 20:05:00+07:00,"5120.4,5121.26,5113.52,5114.56"
2026-03-13 20:10:00+07:00,"5114.55,5114.87,5110.19,5112.87"
2026-03-13 20:15:00+07:00,"5112.83,5115.07,5109.51,5112.11"
2026-03-13 20:20:00+07:00,"5112.12,5115.44,5111.69,5113.59"
2026-03-13 20:25:00+07:00,"5113.48,5113.99,5107.31,5108.9"
2026-03-13 20:30:00+07:00,"5108.8,5109.61,5100.35,5102.19"
2026-03-13 20:35:00+07:00,"5102.18,5108.79,5096.57,5106.87"
2026-03-13 20:40:00+07:00,"5106.81,5112.59,5103.17,5112.18"
2026-03-13 20:45:00+07:00,"5112.16,5116.86,5109.79,5110.92"
2026-03-13 20:50:00+07:00,"5110.9,5111.65,5106.22,5108.69"
2026-03-13 20:55:00+07:00,"5108.7,5108.73,5099.36,5101.69"
2026-03-13 21:00:00+07:00,"5101.67,5106.16,5094.24,5105.52"
2026-03-13 21:05:00+07:00,"5105.53,5108,5099.44,5100.47"
2026-03-13 21:10:00+07:00,"5100.48,5101.42,5090.65,5090.65"
2026-03-13 21:15:00+07:00,"5090.63,5094.57,5082.78,5089.61"
2026-03-13 21:20:00+07:00,"5089.6,5092.36,5087.3,5090.96"
2026-03-13 21:25:00+07:00,"5090.97,5093.02,5085.53,5089.09"
2026-03-13 21:30:00+07:00,"5089.12,5092.02,5084.2,5090.27"
2026-03-13 21:35:00+07:00,"5090.1,5090.33,5082.59,5083.16"
2026-03-13 21:40:00+07:00,"5083.17,5083.35,5074.46,5079.31"
2026-03-13 21:45:00+07:00,"5079.3,5079.36,5072.31,5077.88"
2026-03-13 21:50:00+07:00,"5077.87,5078.48,5058.04,5064.21"
2026-03-13 21:55:00+07:00,"5064.2,5064.2,5035.59,5041.83"
2026-03-13 22:00:00+07:00,"5041.84,5051,5037.82,5049.71"
2026-03-13 22:05:00+07:00,"5049.7,5064.8,5048.89,5064.62"
2026-03-13 22:10:00+07:00,"5064.64,5071.55,5059.77,5069.23"
2026-03-13 22:15:00+07:00,"5069.22,5071.4,5062.38,5062.78"
2026-03-13 22:20:00+07:00,"5062.77,5069.35,5058.25,5059.37"
2026-03-13 22:25:00+07:00,"5059.38,5067.09,5056.8,5063.2"
2026-03-13 22:30:00+07:00,"5063.16,5068.46,5059.61,5064.65"
2026-03-13 22:35:00+07:00,"5064.65,5066.17,5056.55,5056.83"
2026-03-13 22:40:00+07:00,"5057,5059.12,5041.86,5046.62"
2026-03-13 22:45:00+07:00,"5046.61,5057.49,5042.46,5049.26"
2026-03-13 22:50:00+07:00,"5049.32,5054.28,5036.14,5037.04"
2026-03-13 22:55:00+07:00,"5037.03,5044.87,5029.59,5035.01"
2026-03-13 23:00:00+07:00,"5035.01,5038.13,5024.5,5027.81"
2026-03-13 23:05:00+07:00,"5027.84,5037.41,5018.48,5037.2"
2026-03-13 23:10:00+07:00,"5037.19,5040.89,5024.56,5032.01"
2026-03-13 23:15:00+07:00,"5031.97,5037.9,5030.33,5031.23"
2026-03-13 23:20:00+07:00,"5031.15,5039.65,5030.48,5039.34"
2026-03-13 23:25:00+07:00,"5039.35,5041.79,5034.11,5040.97"
2026-03-13 23:30:00+07:00,"5040.96,5049.56,5040.19,5044.5"
2026-03-13 23:35:00+07:00,"5044.51,5053.1,5044.45,5045.43"
2026-03-13 23:40:00+07:00,"5045.45,5049.72,5043.37,5044.67"
2026-03-13 23:45:00+07:00,"5044.75,5045.58,5041.6,5043.57"
2026-03-13 23:50:00+07:00,"5043.55,5051.74,5042.6,5049.22"
2026-03-13 23:55:00+07:00,"5049.21,5051.01,5044.53,5045.97"
2026-03-14 00:00:00+07:00,"5045.96,5050.48,5043.43,5045.22"
2026-03-14 00:05:00+07:00,"5045.3,5050.64,5044,5049.05"
2026-03-14 00:10:00+07:00,"5049.04,5057.1,5047.03,5057.1"
2026-03-14 00:15:00+07:00,"5057.11,5062.1,5055.99,5061.28"
2026-03-14 00:20:00+07:00,"5061.28,5061.4,5054.79,5055.11"
2026-03-14 00:25:00+07:00,"5055.11,5059.83,5052.24,5056.26"
2026-03-14 00:30:00+07:00,"5056.34,5059.28,5053.4,5058.95"
2026-03-14 00:35:00+07:00,"5058.96,5063.94,5058.05,5059.54"
2026-03-14 00:40:00+07:00,"5059.54,5059.65,5051.05,5053.51"
2026-03-14 00:45:00+07:00,"5053.51,5055.42,5045.75,5046.29"
2026-03-14 00:50:00+07:00,"5046.3,5048.56,5044.53,5045.87"
2026-03-14 00:55:00+07:00,"5045.86,5047.57,5043.41,5046.25"
2026-03-14 01:00:00+07:00,"5046.27,5049.62,5044.76,5049.02"
2026-03-14 01:05:00+07:00,"5049.1,5051.64,5046.85,5047.69"
2026-03-14 01:10:00+07:00,"5047.67,5048.69,5040.61,5042.45"
2026-03-14 01:15:00+07:00,"5042.48,5046.33,5040.58,5043.34"
2026-03-14 01:20:00+07:00,"5043.31,5044.9,5037.06,5040.53"
2026-03-14 01:25:00+07:00,"5040.54,5042.4,5036.12,5041.66"
2026-03-14 01:30:00+07:00,"5041.66,5049.51,5040.41,5045.36"
2026-03-14 01:35:00+07:00,"5045.29,5047.49,5042.1,5042.13"
2026-03-14 01:40:00+07:00,"5042.14,5046.91,5041.66,5044.19"
2026-03-14 01:45:00+07:00,"5044.16,5045.62,5041.13,5042.06"
2026-03-14 01:50:00+07:00,"5042.06,5045.02,5041.4,5044.33"
2026-03-14 01:55:00+07:00,"5044.35,5046.53,5043.32,5046.49"
2026-03-14 02:00:00+07:00,"5046.5,5049.93,5046.5,5047.54"
2026-03-14 02:05:00+07:00,"5047.55,5048.03,5040.07,5043.63"
2026-03-14 02:10:00+07:00,"5043.64,5044.3,5033.31,5040"
2026-03-14 02:15:00+07:00,"5040.02,5040.37,5032.52,5036.16"
2026-03-14 02:20:00+07:00,"5036.14,5040.38,5035.37,5040.38"
2026-03-14 02:25:00+07:00,"5040.37,5040.37,5032.26,5035.03"
2026-03-14 02:30:00+07:00,"5035.02,5036.99,5031.6,5032.31"
2026-03-14 02:35:00+07:00,"5032.32,5034.08,5028.97,5029.49"
2026-03-14 02:40:00+07:00,"5029.51,5030,5022.93,5025.39"
2026-03-14 02:45:00+07:00,"5025.4,5026,5012.18,5015.59"
2026-03-14 02:50:00+07:00,"5015.61,5017.18,5009.62,5016.15"
2026-03-14 02:55:00+07:00,"5016.21,5023.46,5013.74,5016.64"
2026-03-14 03:00:00+07:00,"5016.62,5021.39,5016.06,5020.25"
2026-03-14 03:05:00+07:00,"5020.17,5020.52,5012.36,5016.5"
2026-03-14 03:10:00+07:00,"5016.47,5018.02,5014.18,5016.63"
2026-03-14 03:15:00+07:00,"5016.61,5021.43,5015.08,5015.59"
2026-03-14 03:20:00+07:00,"5015.54,5016.22,5012.37,5014.12"
2026-03-14 03:25:00+07:00,"5014.11,5015.8,5013.15,5013.75"
2026-03-14 03:30:00+07:00,"5013.74,5018.82,5012.89,5015.54"
2026-03-14 03:35:00+07:00,"5015.51,5020.06,5014.88,5018.85"
2026-03-14 03:40:00+07:00,"5018.77,5025.64,5016.53,5024.79"
2026-03-14 03:45:00+07:00,"5024.78,5024.78,5018.25,5018.8"
2026-03-14 03:50:00+07:00,"5018.89,5022.07,5016.84,5021.58"
2026-03-14 03:55:00+07:00,"5021.54,5021.55,5016.89,5018.57"
2026-03-16 05:00:00+07:00,"5011.83,5022.51,5008.44,5015.85"
2026-03-16 05:05:00+07:00,"5015.84,5030.99,5015.84,5025.08"
2026-03-16 05:10:00+07:00,"5025.15,5026.21,5019.29,5023.61"
2026-03-16 05:15:00+07:00,"5023.62,5023.62,5006.75,5008.37"
2026-03-16 05:20:00+07:00,"5008.36,5015.04,5000.42,5009.36"
2026-03-16 05:25:00+07:00,"5009.37,5014.07,5007.63,5013.03"
2026-03-16 05:30:00+07:00,"5013.03,5018.33,5010.25,5015.91"
2026-03-16 05:35:00+07:00,"5015.9,5017.64,5011.2,5013.13"
2026-03-16 05:40:00+07:00,"5013.12,5014.46,5008.11,5010.7"
2026-03-16 05:45:00+07:00,"5010.69,5021.18,5010.03,5020.61"
2026-03-16 05:50:00+07:00,"5020.6,5023.96,5017.93,5022.09"
2026-03-16 05:55:00+07:00,"5022.08,5025.97,5021.59,5025.11"
2026-03-16 06:00:00+07:00,"5025,5026.26,5005.42,5005.61"
2026-03-16 06:05:00+07:00,"5005.62,5011.99,5002.03,5007.21"
2026-03-16 06:10:00+07:00,"5007.17,5009.65,5003.99,5007.23"
2026-03-16 06:15:00+07:00,"5007.22,5008.02,5002.12,5002.13"
2026-03-16 06:20:00+07:00,"5002.13,5003.08,4967.1,4985.36"
2026-03-16 06:25:00+07:00,"4985.36,4990.5,4982.61,4989.54"
2026-03-16 06:30:00+07:00,"4989.53,4992.36,4978.74,4981.71"
2026-03-16 06:35:00+07:00,"4981.72,4989.6,4981.72,4986.36"
2026-03-16 06:40:00+07:00,"4986.31,4987.36,4979.81,4983.67"
2026-03-16 06:45:00+07:00,"4983.67,4984.41,4972.16,4974.74"
2026-03-16 06:50:00+07:00,"4974.75,4987.26,4974.71,4985.74"
2026-03-16 06:55:00+07:00,"4985.73,4999.06,4985.65,4997.54"
2026-03-16 07:00:00+07:00,"4997.53,5023.34,4996.44,5022.17"
2026-03-16 07:05:00+07:00,"5022.16,5028.83,5019.51,5020.05"
2026-03-16 07:10:00+07:00,"5020.03,5026.31,5017.58,5022.46"
2026-03-16 07:15:00+07:00,"5022.47,5023.89,5015.08,5018.84"
2026-03-16 07:20:00+07:00,"5018.84,5021.38,5016.91,5021.34"
2026-03-16 07:25:00+07:00,"5021.31,5022.11,5015.08,5016.65"
2026-03-16 07:30:00+07:00,"5016.65,5030.95,5015.03,5030.47"
2026-03-16 07:35:00+07:00,"5030.42,5030.77,5021.99,5026.68"
2026-03-16 07:40:00+07:00,"5026.66,5028.73,5022.9,5027.9"
2026-03-16 07:45:00+07:00,"5027.72,5030.15,5025.06,5027.41"
2026-03-16 07:50:00+07:00,"5027.33,5027.39,5017.08,5022.31"
2026-03-16 07:55:00+07:00,"5022.2,5028.64,5020.07,5025.77"
2026-03-16 08:00:00+07:00,"5025.73,5026.63,5011.3,5017.4"
2026-03-16 08:05:00+07:00,"5017.38,5022.94,5012.37,5013.96"
2026-03-16 08:10:00+07:00,"5013.95,5018.3,4986.65,4986.8"
2026-03-16 08:15:00+07:00,"4986.8,5005.51,4983.48,5002"
2026-03-16 08:20:00+07:00,"5001.98,5005.56,4990.68,4995.18"
2026-03-16 08:25:00+07:00,"4995.18,4997.56,4985.98,4987.93"
2026-03-16 08:30:00+07:00,"4987.92,4991.79,4982.48,4989.62"
2026-03-16 08:35:00+07:00,"4989.62,4997.71,4984.71,4996.83"
2026-03-16 08:40:00+07:00,"4996.82,5004.51,4996.12,5004.2"
2026-03-16 08:45:00+07:00,"5004.21,5009.23,5002.81,5003.8"
2026-03-16 08:50:00+07:00,"5003.8,5009.97,5002.55,5009.32"
2026-03-16 08:55:00+07:00,"5009.32,5016.38,5009.31,5016.11"
2026-03-16 09:00:00+07:00,"5016.1,5018.96,5012.13,5014.5"
2026-03-16 09:05:00+07:00,"5014.49,5016.76,5010.58,5013.66"
2026-03-16 09:10:00+07:00,"5013.61,5015.55,5010.76,5015.19"
2026-03-16 09:15:00+07:00,"5015.18,5017.95,5012.36,5017.38"
2026-03-16 09:20:00+07:00,"5017.39,5018.66,5012.72,5012.72"
2026-03-16 09:25:00+07:00,"5012.73,5014.07,5010.2,5012.86"
2026-03-16 09:30:00+07:00,"5012.85,5014.47,5005.64,5009.16"
2026-03-16 09:35:00+07:00,"5009.08,5010.3,5002.48,5003.71"
2026-03-16 09:40:00+07:00,"5003.72,5008.64,5002.99,5006.24"
2026-03-16 09:45:00+07:00,"5006.23,5008.81,4997.72,5000.99"
2026-03-16 09:50:00+07:00,"5000.98,5003.31,4999.3,5002.64"
2026-03-16 09:55:00+07:00,"5002.6,5006.3,5001.54,5003.61"
2026-03-16 10:00:00+07:00,"5003.62,5005.36,5000.69,5003.25"
2026-03-16 10:05:00+07:00,"5003.24,5005.34,5001.36,5003.12"
2026-03-16 10:10:00+07:00,"5003.13,5006.94,4997.85,4999.59"
2026-03-16 10:15:00+07:00,"4999.59,5001.53,4998.49,5000.57"
2026-03-16 10:20:00+07:00,"5000.57,5004.47,4999.87,5003.87"
2026-03-16 10:25:00+07:00,"5003.88,5011.79,5003.79,5011.04"
2026-03-16 10:30:00+07:00,"5011.05,5014.16,5010.28,5013.57"
2026-03-16 10:35:00+07:00,"5013.56,5015.81,5011.67,5013.6"
2026-03-16 10:40:00+07:00,"5013.59,5019.12,5011.48,5018.74"
2026-03-16 10:45:00+07:00,"5018.72,5020.34,5015.84,5019.27"
2026-03-16 10:50:00+07:00,"5019.27,5020.57,5017.03,5020.13"
2026-03-16 10:55:00+07:00,"5020.11,5020.82,5018.27,5019.04"
2026-03-16 11:00:00+07:00,"5019.01,5026.17,5018.93,5023.78"
2026-03-16 11:05:00+07:00,"5023.76,5023.99,5019.93,5023.52"
2026-03-16 11:10:00+07:00,"5023.53,5025.34,5022.2,5024.2"
2026-03-16 11:15:00+07:00,"5024.22,5026.27,5023.21,5023.84"
2026-03-16 11:20:00+07:00,"5023.84,5026.29,5021.34,5021.49"
2026-03-16 11:25:00+07:00,"5021.48,5023.52,5020.59,5021.62"
2026-03-16 11:30:00+07:00,"5021.63,5025.04,5019.09,5022.3"
2026-03-16 11:35:00+07:00,"5022.3,5022.47,5018.16,5018.64"
2026-03-16 11:40:00+07:00,"5018.64,5018.88,5014.74,5017.05"
2026-03-16 11:45:00+07:00,"5017.04,5017.05,5014.53,5014.61"
2026-03-16 11:50:00+07:00,"5014.61,5016.51,5013.84,5014.99"
2026-03-16 11:55:00+07:00,"5014.99,5015.24,5012.4,5012.89"
2026-03-16 12:00:00+07:00,"5012.85,5015.85,5012.34,5013.63"
2026-03-16 12:05:00+07:00,"5013.61,5015.38,5011.16,5012.84"
2026-03-16 12:10:00+07:00,"5012.83,5014.88,5011.77,5012.69"
2026-03-16 12:15:00+07:00,"5012.68,5013.23,5007.91,5010.05"
2026-03-16 12:20:00+07:00,"5010.04,5012.84,5008.69,5011.93"
2026-03-16 12:25:00+07:00,"5011.95,5013.09,5008.83,5010.93"
2026-03-16 12:30:00+07:00,"5010.94,5010.94,5003.77,5004.17"
2026-03-16 12:35:00+07:00,"5004.16,5012.02,5003.23,5011.95"
2026-03-16 12:40:00+07:00,"5011.96,5017.52,5010.86,5016.27"
2026-03-16 12:45:00+07:00,"5016.25,5017.91,5015.85,5016.33"
2026-03-16 12:50:00+07:00,"5016.34,5020.03,5015.46,5019.93"
2026-03-16 12:55:00+07:00,"5019.94,5020.16,5015.66,5017.48"
2026-03-16 13:00:00+07:00,"5017.5,5018.82,5012.93,5016.53"
2026-03-16 13:05:00+07:00,"5016.51,5022.33,5015.92,5021.82"
2026-03-16 13:10:00+07:00,"5021.83,5027.86,5020.65,5027.3"
2026-03-16 13:15:00+07:00,"5027.25,5036.2,5025.99,5033.74"
2026-03-16 13:20:00+07:00,"5033.73,5034.79,5027.69,5028"
2026-03-16 13:25:00+07:00,"5028.01,5030.32,5025.47,5027.73"
2026-03-16 13:30:00+07:00,"5027.69,5029.66,5024.79,5025.24"
2026-03-16 13:35:00+07:00,"5025.23,5026.76,5023.6,5025.42"
2026-03-16 13:40:00+07:00,"5025.41,5025.51,5020.97,5022.61"
2026-03-16 13:45:00+07:00,"5022.59,5022.93,5009.39,5012.61"
2026-03-16 13:50:00+07:00,"5012.6,5013.78,5005.23,5009.36"
2026-03-16 13:55:00+07:00,"5009.37,5015.05,5008.82,5012.15"
2026-03-16 14:00:00+07:00,"5012.35,5015.79,5009.98,5015.41"
2026-03-16 14:05:00+07:00,"5015.42,5016.44,5009.56,5015.34"
2026-03-16 14:10:00+07:00,"5015.35,5015.44,5009.48,5009.93"
2026-03-16 14:15:00+07:00,"5009.9,5009.91,5000.66,5007.16"
2026-03-16 14:20:00+07:00,"5007.17,5007.99,5001.71,5003.45"
2026-03-16 14:25:00+07:00,"5003.43,5005.81,4998.14,5002.37"
2026-03-16 14:30:00+07:00,"5002.36,5007.32,5002.35,5004.59"
2026-03-16 14:35:00+07:00,"5004.53,5005.31,4992.05,4998.43"
2026-03-16 14:40:00+07:00,"4998.42,4998.42,4991.83,4992.74"
2026-03-16 14:45:00+07:00,"4992.76,5000.1,4992.76,4996.36"
2026-03-16 14:50:00+07:00,"4996.37,4999.58,4993.61,4993.75"
2026-03-16 14:55:00+07:00,"4993.73,4998,4993.32,4995.65"
2026-03-16 15:00:00+07:00,"4995.62,4999.49,4991.8,4996.82"
2026-03-16 15:05:00+07:00,"4996.81,4999.23,4993.41,4996.64"
2026-03-16 15:10:00+07:00,"4996.63,5000.49,4988.47,4988.71"
2026-03-16 15:15:00+07:00,"4988.72,4993.66,4987.74,4990.6"
2026-03-16 15:20:00+07:00,"4990.61,5003.19,4989.31,5001.86"
2026-03-16 15:25:00+07:00,"5001.9,5003.63,4994.67,4996.99"
2026-03-16 15:30:00+07:00,"4997,4998.69,4991.89,4993.23"
2026-03-16 15:35:00+07:00,"4993.02,4995.32,4985.36,4989.44"
2026-03-16 15:40:00+07:00,"4989.45,4990.54,4984.86,4987.31"
2026-03-16 15:45:00+07:00,"4987.22,4993.69,4985.58,4993.01"
2026-03-16 15:50:00+07:00,"4993.02,4997.87,4991.26,4995.58"
2026-03-16 15:55:00+07:00,"4995.57,4996.02,4989.87,4991.14"
2026-03-16 16:00:00+07:00,"4991.19,4991.5,4983.58,4985.93"
2026-03-16 16:05:00+07:00,"4985.94,4986.5,4979.84,4984.61"
2026-03-16 16:10:00+07:00,"4984.6,4987.06,4983.54,4985.29"
2026-03-16 16:15:00+07:00,"4985.3,4988.76,4984.59,4987.69"
2026-03-16 16:20:00+07:00,"4987.71,4988.61,4986.13,4986.34"
2026-03-16 16:25:00+07:00,"4986.37,4990.79,4983.74,4989.01"
2026-03-16 16:30:00+07:00,"4989.03,4991.76,4984.57,4988.46"
2026-03-16 16:35:00+07:00,"4988.47,4989.69,4982.75,4983.89"
2026-03-16 16:40:00+07:00,"4983.9,4986.6,4981.21,4981.48"
2026-03-16 16:45:00+07:00,"4981.48,4983.71,4972.09,4979.99"
2026-03-16 16:50:00+07:00,"4980.01,4985.4,4976.83,4977.14"
2026-03-16 16:55:00+07:00,"4977.13,4980.05,4971.9,4975.41"
2026-03-16 17:00:00+07:00,"4975.39,4976.29,4970.26,4974.49"
2026-03-16 17:05:00+07:00,"4974.5,4980.22,4973.24,4979.7"
2026-03-16 17:10:00+07:00,"4979.69,4980.16,4975.35,4976.9"
2026-03-16 17:15:00+07:00,"4976.89,4981.37,4976.67,4979.38"
2026-03-16 17:20:00+07:00,"4979.47,4985.93,4979.09,4984.51"
2026-03-16 17:25:00+07:00,"4984.52,4991.18,4983.95,4986.7"
2026-03-16 17:30:00+07:00,"4986.7,4988.28,4984.69,4986.36"
2026-03-16 17:35:00+07:00,"4986.35,4987.78,4980.82,4981.83"
2026-03-16 17:40:00+07:00,"4981.84,4985.59,4980.39,4985.52"
2026-03-16 17:45:00+07:00,"4985.48,4994.84,4983.96,4994.66"
2026-03-16 17:50:00+07:00,"4994.75,4999.05,4992.19,4995.81"
2026-03-16 17:55:00+07:00,"4995.8,4999.51,4995.56,4998.53"
2026-03-16 18:00:00+07:00,"4998.54,5000.98,4995.53,4996.31"
2026-03-16 18:05:00+07:00,"4996.32,4999.62,4995.51,4998.68"
2026-03-16 18:10:00+07:00,"4998.7,5006.38,4998.39,5002.25"
2026-03-16 18:15:00+07:00,"5002.29,5013.74,5002.29,5012.89"
2026-03-16 18:20:00+07:00,"5012.9,5020.56,5011.65,5020.09"
2026-03-16 18:25:00+07:00,"5020.1,5022.77,5017.29,5019.15"
2026-03-16 18:30:00+07:00,"5019.16,5020.26,5016.43,5018.14"
2026-03-16 18:35:00+07:00,"5018.15,5019.61,5015.55,5018.59"
2026-03-16 18:40:00+07:00,"5018.6,5019.5,5013.84,5015.61"
2026-03-16 18:45:00+07:00,"5015.63,5018.2,5010.39,5011.49"
2026-03-16 18:50:00+07:00,"5011.47,5011.77,4996.04,4999.11"
2026-03-16 18:55:00+07:00,"4999.09,5000.06,4992.77,4997.03"
2026-03-16 19:00:00+07:00,"4997.04,5001.71,4994.44,5000.49"
2026-03-16 19:05:00+07:00,"5000.5,5004.78,4998.61,4998.68"
2026-03-16 19:10:00+07:00,"4998.7,5006.83,4998.68,5005.56"
2026-03-16 19:15:00+07:00,"5005.55,5014.03,5002.9,5013.45"
2026-03-16 19:20:00+07:00,"5013.44,5019.32,5012.13,5013.84"
2026-03-16 19:25:00+07:00,"5013.86,5024.82,5013.66,5022.84"
2026-03-16 19:30:00+07:00,"5022.84,5025.31,5018.99,5022.46"
2026-03-16 19:35:00+07:00,"5022.47,5024.29,5018.89,5023.49"
2026-03-16 19:40:00+07:00,"5023.5,5024.63,5019.17,5021.91"
2026-03-16 19:45:00+07:00,"5021.95,5022.28,5016.59,5017.65"
2026-03-16 19:50:00+07:00,"5017.66,5019.51,5011.99,5018.55"
2026-03-16 19:55:00+07:00,"5018.54,5021.55,5015.39,5019.91"
2026-03-16 20:00:00+07:00,"5019.95,5021.57,5013.71,5015.67"
2026-03-16 20:05:00+07:00,"5015.75,5021.06,5015.71,5020.71"
2026-03-16 20:10:00+07:00,"5020.72,5023.71,5019.55,5022.51"
2026-03-16 20:15:00+07:00,"5022.55,5030.22,5022.23,5026.66"
2026-03-16 20:20:00+07:00,"5026.65,5027.13,5023.24,5026.44"
2026-03-16 20:25:00+07:00,"5026.43,5028.32,5018.3,5020.98"
2026-03-16 20:30:00+07:00,"5020.91,5029.9,5018.1,5028.59"
2026-03-16 20:35:00+07:00,"5028.59,5034.65,5026.5,5027.69"
2026-03-16 20:40:00+07:00,"5027.69,5033.53,5022.3,5031.46"
2026-03-16 20:45:00+07:00,"5031.47,5033.65,5023.75,5028.55"
2026-03-16 20:50:00+07:00,"5028.56,5029.67,5023.71,5028.76"
2026-03-16 20:55:00+07:00,"5028.71,5030.98,5023.09,5029.67"
2026-03-16 21:00:00+07:00,"5029.66,5034.4,5026.98,5030.76"
2026-03-16 21:05:00+07:00,"5030.76,5038.95,5030.06,5032.87"
2026-03-16 21:10:00+07:00,"5032.88,5037.62,5027.47,5028.26"
2026-03-16 21:15:00+07:00,"5028.27,5030.02,5024.04,5024.47"
2026-03-16 21:20:00+07:00,"5024.48,5028.16,5019.58,5021.65"
2026-03-16 21:25:00+07:00,"5021.66,5021.91,5014.55,5014.76"
2026-03-16 21:30:00+07:00,"5014.74,5015.1,5007.02,5011.01"
2026-03-16 21:35:00+07:00,"5011,5013.48,5006.19,5006.44"
2026-03-16 21:40:00+07:00,"5006.45,5009.68,5000.39,5001.01"
2026-03-16 21:45:00+07:00,"5001,5002.58,4987.65,4999.24"
2026-03-16 21:50:00+07:00,"4999.21,4999.87,4991.43,4995.74"
2026-03-16 21:55:00+07:00,"4995.74,5001.42,4991.56,4995.84"
2026-03-16 22:00:00+07:00,"4995.85,5002.3,4991.84,4999.03"
2026-03-16 22:05:00+07:00,"4999,4999.42,4993,4997.17"
2026-03-16 22:10:00+07:00,"4997.16,4998.78,4990.15,4998.58"
2026-03-16 22:15:00+07:00,"4998.59,5004.78,4997.88,5004.75"
2026-03-16 22:20:00+07:00,"5004.74,5005.79,5001,5001.24"
2026-03-16 22:25:00+07:00,"5001.23,5001.57,4983.74,4991.99"
2026-03-16 22:30:00+07:00,"4991.99,4995.92,4990.39,4995.25"
2026-03-16 22:35:00+07:00,"4995.3,5002.36,4995.21,5000.15"
2026-03-16 22:40:00+07:00,"5000.13,5003.49,4996.53,4996.73"
2026-03-16 22:45:00+07:00,"4996.76,4999.32,4993.02,4995.26"
2026-03-16 22:50:00+07:00,"4995.25,4995.25,4986.06,4988.79"
2026-03-16 22:55:00+07:00,"4988.8,4990.33,4983.82,4987.14"
2026-03-16 23:00:00+07:00,"4987.12,4992.56,4985.18,4988.37"
2026-03-16 23:05:00+07:00,"4988.36,4996.55,4987.99,4992.8"
2026-03-16 23:10:00+07:00,"4992.81,4998.8,4992.78,4996.46"
2026-03-16 23:15:00+07:00,"4996.43,4998.13,4992.5,4993.02"
2026-03-16 23:20:00+07:00,"4993.01,4994.12,4987.25,4987.42"
2026-03-16 23:25:00+07:00,"4987.38,4988.08,4977.83,4979.89"
2026-03-16 23:30:00+07:00,"4979.9,4982.39,4975.53,4976.41"
2026-03-16 23:35:00+07:00,"4976.42,4984.36,4973.97,4983.88"
2026-03-16 23:40:00+07:00,"4983.85,4989.79,4983.43,4987.11"
2026-03-16 23:45:00+07:00,"4987.12,4990.56,4983.14,4989.72"
2026-03-16 23:50:00+07:00,"4989.71,4992.91,4989.44,4992.11"
2026-03-16 23:55:00+07:00,"4992.15,4992.82,4989.01,4990.6"
2026-03-17 00:00:00+07:00,"4992.59,4997.13,4990.38,4993.52"
2026-03-17 00:05:00+07:00,"4993.53,4997.16,4993.53,4996.4"
2026-03-17 00:10:00+07:00,"4996.39,5003.88,4996.11,5002.04"
2026-03-17 00:15:00+07:00,"5002.03,5003.09,4999.84,5001.17"
2026-03-17 00:20:00+07:00,"5001.16,5001.8,4996.42,4997.51"
2026-03-17 00:25:00+07:00,"4997.53,5001.83,4994.63,4996.02"
2026-03-17 00:30:00+07:00,"4996.01,4996.68,4988.84,4989.95"
2026-03-17 00:35:00+07:00,"4989.96,4990.36,4986.22,4986.41"
2026-03-17 00:40:00+07:00,"4986.44,4989.19,4985.69,4987.7"
2026-03-17 00:45:00+07:00,"4987.68,4992.77,4984.89,4986.22"
2026-03-17 00:50:00+07:00,"4986.13,4989.41,4984.06,4988.22"
2026-03-17 00:55:00+07:00,"4988.21,4991.78,4987.48,4991.26"
2026-03-17 01:00:00+07:00,"4991.25,4996.03,4991.25,4992.96"
2026-03-17 01:05:00+07:00,"4992.94,5000.21,4990.02,4999.78"
2026-03-17 01:10:00+07:00,"4999.77,5001,4997.71,4999"
2026-03-17 01:15:00+07:00,"4998.99,5000.57,4997.32,4997.4"
2026-03-17 01:20:00+07:00,"4997.39,5000.87,4997.17,4999.35"
2026-03-17 01:25:00+07:00,"4999.34,5008.12,4998.99,5006.36"
2026-03-17 01:30:00+07:00,"5006.37,5011.44,5005.36,5010.71"
2026-03-17 01:35:00+07:00,"5010.72,5014.46,5008.6,5014.1"
2026-03-17 01:40:00+07:00,"5014.08,5015.79,5011.79,5014.58"
2026-03-17 01:45:00+07:00,"5014.59,5017.73,5013.77,5015.56"
2026-03-17 01:50:00+07:00,"5015.57,5017.97,5013.55,5014.2"
2026-03-17 01:55:00+07:00,"5014.22,5014.24,5011.81,5012.82"
2026-03-17 02:00:00+07:00,"5012.78,5017.25,5011.21,5012.33"
2026-03-17 02:05:00+07:00,"5012.3,5017.38,5008.87,5017.33"
2026-03-17 02:10:00+07:00,"5017.34,5020.49,5010.73,5011.82"
2026-03-17 02:15:00+07:00,"5011.81,5015.66,5011.11,5012.38"
2026-03-17 02:20:00+07:00,"5012.39,5014.75,5011.04,5012.64"
2026-03-17 02:25:00+07:00,"5012.65,5012.65,5009.66,5010.47"
2026-03-17 02:30:00+07:00,"5010.46,5011.47,5008.08,5009.35"
2026-03-17 02:35:00+07:00,"5009.36,5014.49,5008.9,5013.15"
2026-03-17 02:40:00+07:00,"5013.17,5014.77,5009.61,5010.2"
2026-03-17 02:45:00+07:00,"5010.19,5011.77,5008.53,5010.94"
2026-03-17 02:50:00+07:00,"5010.98,5016.17,5009.87,5013.86"
2026-03-17 02:55:00+07:00,"5013.84,5015.98,5011.74,5012.97"
2026-03-17 03:00:00+07:00,"5012.96,5014.27,5008.2,5011.03"
2026-03-17 03:05:00+07:00,"5011.07,5020.84,5010.83,5018.55"
2026-03-17 03:10:00+07:00,"5018.54,5021.83,5016.56,5016.84"
2026-03-17 03:15:00+07:00,"5016.83,5017.64,5014.58,5015"
2026-03-17 03:20:00+07:00,"5014.99,5016.55,5014.56,5016.03"
2026-03-17 03:25:00+07:00,"5016.03,5017.13,5013.87,5014.15"
2026-03-17 03:30:00+07:00,"5014.16,5014.4,5008.79,5010.38"
2026-03-17 03:35:00+07:00,"5010.39,5010.93,5007.66,5009.21"
2026-03-17 03:40:00+07:00,"5009.2,5010.62,5007.89,5008.85"
2026-03-17 03:45:00+07:00,"5008.84,5010.41,5006.94,5009.36"
2026-03-17 03:50:00+07:00,"5009.37,5009.88,5004.44,5006.31"
2026-03-17 03:55:00+07:00,"5006.32,5008.91,5004.76,5004.76"
2026-03-17 05:00:00+07:00,"5010.81,5015.9,5009.1,5011.32"
2026-03-17 05:05:00+07:00,"5011.66,5016.34,5006.04,5006.23"
2026-03-17 05:10:00+07:00,"5006.24,5008.92,5000.46,5003.99"
2026-03-17 05:15:00+07:00,"5004,5008.2,5004,5006.42"
2026-03-17 05:20:00+07:00,"5006.43,5006.43,4998.58,4999.84"
2026-03-17 05:25:00+07:00,"4999.86,5002.16,4999.21,5001.74"
2026-03-17 05:30:00+07:00,"5001.73,5004.73,4998.52,5003.77"
2026-03-17 05:35:00+07:00,"5003.78,5005.08,5001.26,5001.74"
2026-03-17 05:40:00+07:00,"5001.83,5002.92,5000.15,5001.66"
2026-03-17 05:45:00+07:00,"5001.64,5006.23,5000.66,5005.57"
2026-03-17 05:50:00+07:00,"5005.56,5006.35,5003.34,5004.28"
2026-03-17 05:55:00+07:00,"5004.26,5004.3,5000.29,5002.31"
2026-03-17 06:00:00+07:00,"5002.36,5006.18,5001.95,5005.34"
2026-03-17 06:05:00+07:00,"5005.34,5006.26,5002.81,5005.75"
2026-03-17 06:10:00+07:00,"5005.75,5006.33,5004.7,5006.04"
2026-03-17 06:15:00+07:00,"5006.06,5006.58,5005.56,5005.94"
2026-03-17 06:20:00+07:00,"5005.94,5009.19,5005.32,5007.76"
2026-03-17 06:25:00+07:00,"5007.75,5010.14,5007.7,5009.45"
2026-03-17 06:30:00+07:00,"5009.43,5012.97,5009.16,5012.79"
2026-03-17 06:35:00+07:00,"5012.78,5013.9,5009.92,5012"
2026-03-17 06:40:00+07:00,"5012.02,5014.45,5008.61,5008.61"
2026-03-17 06:45:00+07:00,"5008.62,5010.56,5006.83,5010.43"
2026-03-17 06:50:00+07:00,"5010.41,5014.27,5010.38,5014"
2026-03-17 06:55:00+07:00,"5014.02,5015.66,5011.41,5012.96"
2026-03-17 07:00:00+07:00,"5012.95,5014.15,5005.29,5006.9"
2026-03-17 07:05:00+07:00,"5006.85,5011.63,5002.21,5004.6"
2026-03-17 07:10:00+07:00,"5004.61,5007.69,5003.98,5006.67"
2026-03-17 07:15:00+07:00,"5006.65,5010.56,5005.65,5007.61"
2026-03-17 07:20:00+07:00,"5007.59,5007.9,5004.42,5004.66"
2026-03-17 07:25:00+07:00,"5004.6,5005.68,5000.23,5003.49"
2026-03-17 07:30:00+07:00,"5003.48,5005.95,5001.66,5002.27"
2026-03-17 07:35:00+07:00,"5002.26,5007.13,5002.21,5003.31"
2026-03-17 07:40:00+07:00,"5003.31,5004.17,4998.39,5001.83"
2026-03-17 07:45:00+07:00,"5001.75,5004.04,4999.82,5000.33"
2026-03-17 07:50:00+07:00,"5000.32,5004.49,4998.24,5004.41"
2026-03-17 07:55:00+07:00,"5004.42,5006.28,5002.27,5002.94"
2026-03-17 08:00:00+07:00,"5002.94,5006.99,4994.5,5002.8"
2026-03-17 08:05:00+07:00,"5002.8,5009.41,5001.47,5009.29"
2026-03-17 08:10:00+07:00,"5009.29,5012.48,5006.37,5010.13"
2026-03-17 08:15:00+07:00,"5010.15,5014.07,5008.54,5008.68"
2026-03-17 08:20:00+07:00,"5008.72,5009.82,5007.64,5008.89"
2026-03-17 08:25:00+07:00,"5008.87,5014.71,5007.32,5013.58"
2026-03-17 08:30:00+07:00,"5013.57,5016.33,5011.21,5012.74"
2026-03-17 08:35:00+07:00,"5012.66,5019.87,5012.41,5016.45"
2026-03-17 08:40:00+07:00,"5016.46,5019.88,5016.36,5017.85"
2026-03-17 08:45:00+07:00,"5017.85,5021.37,5016.62,5020.62"
2026-03-17 08:50:00+07:00,"5020.72,5026.55,5020.32,5025.55"
2026-03-17 08:55:00+07:00,"5025.56,5028,5024.89,5027.83"
2026-03-17 09:00:00+07:00,"5027.82,5029.73,5023.12,5023.48"
2026-03-17 09:05:00+07:00,"5023.49,5026.54,5021.41,5022.24"
2026-03-17 09:10:00+07:00,"5022.23,5024.38,5020.93,5021.52"
2026-03-17 09:15:00+07:00,"5021.53,5023.56,5020.57,5021.08"
2026-03-17 09:20:00+07:00,"5021.08,5023.5,5019.81,5021.96"
2026-03-17 09:25:00+07:00,"5021.95,5025.65,5021.91,5025.27"
2026-03-17 09:30:00+07:00,"5025.29,5027.57,5023.69,5024.07"
2026-03-17 09:35:00+07:00,"5024.07,5025.5,5021.87,5025.28"
2026-03-17 09:40:00+07:00,"5025.25,5029.41,5024.75,5029.13"
2026-03-17 09:45:00+07:00,"5029.13,5029.51,5024.19,5024.73"
2026-03-17 09:50:00+07:00,"5024.73,5026.63,5021.49,5026.41"
2026-03-17 09:55:00+07:00,"5026.41,5026.84,5022.02,5022.59"
2026-03-17 10:00:00+07:00,"5022.6,5025.47,5020.49,5024.54"
2026-03-17 10:05:00+07:00,"5024.53,5025.6,5022.01,5022.24"
2026-03-17 10:10:00+07:00,"5022.24,5023.41,5021.9,5022.82"
2026-03-17 10:15:00+07:00,"5022.81,5027.2,5022.62,5027.14"
2026-03-17 10:20:00+07:00,"5027.13,5030.66,5027.1,5030.34"
2026-03-17 10:25:00+07:00,"5030.33,5032.88,5029.46,5032.5"
2026-03-17 10:30:00+07:00,"5032.51,5033.64,5029.57,5029.95"
2026-03-17 10:35:00+07:00,"5029.92,5031.4,5027.49,5027.95"
2026-03-17 10:40:00+07:00,"5027.96,5029.07,5027.54,5028.7"
2026-03-17 10:45:00+07:00,"5028.7,5028.75,5025.91,5026.78"
2026-03-17 10:50:00+07:00,"5026.77,5030.17,5026.69,5028.88"
2026-03-17 10:55:00+07:00,"5028.86,5029.03,5026.13,5027.62"
2026-03-17 11:00:00+07:00,"5027.61,5029.34,5026.35,5028.11"
2026-03-17 11:05:00+07:00,"5028.11,5029.96,5027.54,5029.75"
2026-03-17 11:10:00+07:00,"5029.76,5030.61,5027.97,5029.14"
2026-03-17 11:15:00+07:00,"5029.13,5029.54,5026.79,5027.62"
2026-03-17 11:20:00+07:00,"5027.59,5030.31,5026.65,5029.66"
2026-03-17 11:25:00+07:00,"5029.63,5032.81,5026.33,5032.46"
2026-03-17 11:30:00+07:00,"5032.55,5034.24,5032.16,5033.33"
2026-03-17 11:35:00+07:00,"5033.33,5034.43,5033.16,5033.72"
2026-03-17 11:40:00+07:00,"5033.73,5042.21,5033.7,5040.01"
2026-03-17 11:45:00+07:00,"5040.01,5042,5037.73,5039.09"
2026-03-17 11:50:00+07:00,"5039.07,5042.19,5037.49,5037.87"
2026-03-17 11:55:00+07:00,"5037.88,5039.69,5036.85,5037.88"
2026-03-17 12:00:00+07:00,"5037.89,5038.45,5034.51,5035.73"
2026-03-17 12:05:00+07:00,"5035.72,5037.61,5033.77,5034.41"
2026-03-17 12:10:00+07:00,"5034.41,5040.95,5032.26,5040.55"
2026-03-17 12:15:00+07:00,"5040.56,5044.64,5037.3,5037.58"
2026-03-17 12:20:00+07:00,"5037.56,5038.17,5035.77,5036.27"
2026-03-17 12:25:00+07:00,"5036.26,5037.04,5033.3,5035.45"
2026-03-17 12:30:00+07:00,"5035.48,5039.4,5034.39,5035.8"
2026-03-17 12:35:00+07:00,"5035.8,5036.78,5033.69,5034.55"
2026-03-17 12:40:00+07:00,"5034.54,5035.65,5031.68,5032.16"
2026-03-17 12:45:00+07:00,"5032.17,5033.28,5027.21,5030.44"
2026-03-17 12:50:00+07:00,"5030.47,5030.65,5022.67,5026.85"
2026-03-17 12:55:00+07:00,"5026.86,5028.26,5020.11,5020.78"
2026-03-17 13:00:00+07:00,"5020.75,5022.91,5009.28,5018.57"
2026-03-17 13:05:00+07:00,"5018.55,5019.29,5007.2,5008.28"
2026-03-17 13:10:00+07:00,"5008.09,5013.65,5006.77,5012.76"
2026-03-17 13:15:00+07:00,"5012.71,5013.72,5007.16,5012.35"
2026-03-17 13:20:00+07:00,"5012.34,5014.37,5004.63,5007.51"
2026-03-17 13:25:00+07:00,"5007.55,5013.23,5006.83,5011.92"
2026-03-17 13:30:00+07:00,"5011.93,5015.39,5010.22,5013.8"
2026-03-17 13:35:00+07:00,"5013.79,5015.39,5011.95,5013.96"
2026-03-17 13:40:00+07:00,"5013.97,5017.24,5013.13,5014.91"
2026-03-17 13:45:00+07:00,"5014.92,5015.74,5009.94,5011.13"
2026-03-17 13:50:00+07:00,"5011.04,5011.95,5009.46,5010.09"
2026-03-17 13:55:00+07:00,"5010.13,5012.12,5008.4,5009.95"
2026-03-17 14:00:00+07:00,"5009.92,5014.87,5009.46,5013.21"
2026-03-17 14:05:00+07:00,"5013.24,5017.05,5012.3,5012.3"
2026-03-17 14:10:00+07:00,"5012.29,5015.29,5011.27,5014.4"
2026-03-17 14:15:00+07:00,"5014.34,5014.91,5010.3,5011.91"
2026-03-17 14:20:00+07:00,"5011.92,5014.13,5008.86,5014.04"
2026-03-17 14:25:00+07:00,"5014.06,5018.82,5013.2,5015.9"
2026-03-17 14:30:00+07:00,"5015.92,5024.47,5015.82,5024.26"
2026-03-17 14:35:00+07:00,"5024.43,5027.5,5023.23,5026.75"
2026-03-17 14:40:00+07:00,"5026.67,5028.15,5021.49,5023.15"
2026-03-17 14:45:00+07:00,"5023.14,5025.49,5021.89,5023.1"
2026-03-17 14:50:00+07:00,"5023.1,5023.42,5017.15,5020.08"
2026-03-17 14:55:00+07:00,"5020.08,5023.21,5019.65,5021.23"
2026-03-17 15:00:00+07:00,"5021.24,5025.25,5020.13,5024.16"
2026-03-17 15:05:00+07:00,"5024.16,5026.35,5019.08,5021.77"
2026-03-17 15:10:00+07:00,"5021.73,5024.34,5019.83,5021.99"
2026-03-17 15:15:00+07:00,"5021.98,5026.5,5021.16,5026.1"
2026-03-17 15:20:00+07:00,"5026.09,5029.65,5020.23,5021.18"
2026-03-17 15:25:00+07:00,"5021.17,5025.05,5019.1,5021.27"
2026-03-17 15:30:00+07:00,"5021.23,5023.2,5019.18,5022.21"
2026-03-17 15:35:00+07:00,"5022.21,5022.93,5018.97,5022.39"
2026-03-17 15:40:00+07:00,"5022.4,5025.36,5019.79,5022.04"
2026-03-17 15:45:00+07:00,"5022.05,5024.22,5018.37,5023.3"
2026-03-17 15:50:00+07:00,"5023.35,5024.59,5020.83,5023.64"
2026-03-17 15:55:00+07:00,"5023.63,5025.52,5021.28,5024.7"
2026-03-17 16:00:00+07:00,"5024.69,5025.84,5019.11,5020.01"
2026-03-17 16:05:00+07:00,"5019.99,5021.03,5015.95,5018.45"
2026-03-17 16:10:00+07:00,"5018.47,5019.07,5013.17,5013.9"
2026-03-17 16:15:00+07:00,"5013.88,5017.59,5012.84,5014.6"
2026-03-17 16:20:00+07:00,"5014.59,5018.33,5013.73,5015.69"
2026-03-17 16:25:00+07:00,"5015.7,5019.65,5015.32,5017.63"
2026-03-17 16:30:00+07:00,"5017.66,5018.2,5013.38,5015.02"
2026-03-17 16:35:00+07:00,"5014.92,5016.67,5012.34,5014.82"
2026-03-17 16:40:00+07:00,"5014.82,5015.2,5011.14,5014.22"
2026-03-17 16:45:00+07:00,"5014.21,5015.91,5013.1,5013.69"
2026-03-17 16:50:00+07:00,"5013.73,5014.09,5012.54,5013.46"
2026-03-17 16:55:00+07:00,"5013.47,5014.01,5009.63,5010.44"
2026-03-17 17:00:00+07:00,"5010.44,5016.36,5007.22,5009.19"
2026-03-17 17:05:00+07:00,"5009.18,5010.81,5000.9,5001.57"
2026-03-17 17:10:00+07:00,"5001.58,5005.99,5001.58,5004.3"
2026-03-17 17:15:00+07:00,"5004.32,5007.06,5003.41,5005.81"
2026-03-17 17:20:00+07:00,"5005.81,5008.08,5004.75,5007.83"
2026-03-17 17:25:00+07:00,"5007.87,5009.27,5001.59,5003.76"
2026-03-17 17:30:00+07:00,"5003.74,5009.56,5001.92,5004.4"
2026-03-17 17:35:00+07:00,"5004.39,5005.51,4998.81,4998.83"
2026-03-17 17:40:00+07:00,"4998.84,5000.67,4990.98,4999.1"
2026-03-17 17:45:00+07:00,"4999.03,5001.42,4996.4,4998.08"
2026-03-17 17:50:00+07:00,"4998.11,5004.68,4998.03,5003.43"
2026-03-17 17:55:00+07:00,"5003.42,5004.22,4998.99,5000.26"
2026-03-17 18:00:00+07:00,"5000.26,5002.17,4996.64,5001.59"
2026-03-17 18:05:00+07:00,"5001.6,5004.42,4999.63,5003.43"
2026-03-17 18:10:00+07:00,"5003.44,5006.16,5002.67,5004.82"
2026-03-17 18:15:00+07:00,"5004.83,5010.27,5004.83,5007.71"
2026-03-17 18:20:00+07:00,"5007.7,5009.58,5006.22,5009.47"
2026-03-17 18:25:00+07:00,"5009.48,5009.57,5006.7,5007.07"
2026-03-17 18:30:00+07:00,"5007.09,5008.29,5004.03,5004.57"
2026-03-17 18:35:00+07:00,"5004.58,5008.83,5004.28,5008.35"
2026-03-17 18:40:00+07:00,"5008.36,5010.03,5007.19,5009.31"
2026-03-17 18:45:00+07:00,"5009.34,5011.55,5009.04,5009.71"
2026-03-17 18:50:00+07:00,"5009.7,5009.87,5006.31,5006.57"
2026-03-17 18:55:00+07:00,"5006.58,5007.41,5002,5003.35"
2026-03-17 19:00:00+07:00,"5003.36,5004.92,4999.23,5004.51"
2026-03-17 19:05:00+07:00,"5004.5,5008.13,5001.36,5007.39"
2026-03-17 19:10:00+07:00,"5007.37,5010.38,5007.28,5008.44"
2026-03-17 19:15:00+07:00,"5008.43,5013.46,5008.36,5013.12"
2026-03-17 19:20:00+07:00,"5013.15,5017.83,5012.46,5016.03"
2026-03-17 19:25:00+07:00,"5016.02,5020.67,5015.4,5020"
2026-03-17 19:30:00+07:00,"5020.04,5022.82,5019.08,5021.37"
2026-03-17 19:35:00+07:00,"5021.38,5023.96,5015.76,5017.44"
2026-03-17 19:40:00+07:00,"5017.42,5018.57,5016.5,5017.65"
2026-03-17 19:45:00+07:00,"5017.66,5017.68,5009.64,5011.81"
2026-03-17 19:50:00+07:00,"5011.82,5014.1,5009.68,5012.42"
2026-03-17 19:55:00+07:00,"5012.41,5013.49,5011,5011.82"
2026-03-17 20:00:00+07:00,"5011.8,5017.16,5010,5016.97"
2026-03-17 20:05:00+07:00,"5016.96,5017.76,5013.34,5014.17"
2026-03-17 20:10:00+07:00,"5014.16,5018.16,5012.23,5016.78"
2026-03-17 20:15:00+07:00,"5016.8,5019.34,5013.93,5017.87"
2026-03-17 20:20:00+07:00,"5017.89,5018.32,5012.47,5013.56"
2026-03-17 20:25:00+07:00,"5013.6,5014.8,5010.46,5012.89"
2026-03-17 20:30:00+07:00,"5012.9,5026.94,5010.81,5024.31"
2026-03-17 20:35:00+07:00,"5024.32,5025.87,5017.86,5025.39"
2026-03-17 20:40:00+07:00,"5025.39,5031.56,5022.67,5027.02"
2026-03-17 20:45:00+07:00,"5027.02,5027.63,5022.65,5024.48"
2026-03-17 20:50:00+07:00,"5024.49,5024.58,5005.43,5012.56"
2026-03-17 20:55:00+07:00,"5012.56,5017.9,5012.22,5016.53"
2026-03-17 21:00:00+07:00,"5016.63,5017.74,5009.43,5010.71"
2026-03-17 21:05:00+07:00,"5010.74,5020.65,5010.07,5017"
2026-03-17 21:10:00+07:00,"5016.99,5020.33,5015.01,5017.98"
2026-03-17 21:15:00+07:00,"5017.96,5018.32,5011.37,5012.79"
2026-03-17 21:20:00+07:00,"5012.78,5014.74,5009.05,5009.43"
2026-03-17 21:25:00+07:00,"5009.4,5011.85,5006.7,5008.26"
2026-03-17 21:30:00+07:00,"5008.27,5009.82,5002.73,5008.97"
2026-03-17 21:35:00+07:00,"5008.96,5013.16,5007.18,5009.7"
2026-03-17 21:40:00+07:00,"5009.69,5014.66,5008.12,5013.3"
2026-03-17 21:45:00+07:00,"5013.32,5019.15,5012.52,5018.42"
2026-03-17 21:50:00+07:00,"5018.39,5019.52,5008.68,5010.62"
2026-03-17 21:55:00+07:00,"5010.62,5011.57,5007.04,5007.55"
2026-03-17 22:00:00+07:00,"5007.53,5017.4,5006.2,5015.4"
2026-03-17 22:05:00+07:00,"5015.4,5017.56,5007.55,5009.99"
2026-03-17 22:10:00+07:00,"5010.02,5011.88,5007.78,5008.4"
2026-03-17 22:15:00+07:00,"5008.42,5015.02,5008.21,5011.65"
2026-03-17 22:20:00+07:00,"5011.64,5014.58,5005.44,5007.59"
2026-03-17 22:25:00+07:00,"5007.58,5009.63,4993.57,4994.81"
2026-03-17 22:30:00+07:00,"4994.79,5000.55,4992.18,4993.81"
2026-03-17 22:35:00+07:00,"4993.8,4995.72,4981.46,4982.29"
2026-03-17 22:40:00+07:00,"4982.28,4985.37,4972.96,4984.5"
2026-03-17 22:45:00+07:00,"4984.52,4994.27,4983.91,4991.11"
2026-03-17 22:50:00+07:00,"4991.1,4997.58,4991.05,4995.2"
2026-03-17 22:55:00+07:00,"4995.18,4999.14,4994.15,4997.85"
2026-03-17 23:00:00+07:00,"4997.9,4999.45,4992.62,4994.11"
2026-03-17 23:05:00+07:00,"4994.13,4998.14,4991.65,4993.48"
2026-03-17 23:10:00+07:00,"4993.56,4998.84,4993.25,4994.47"
2026-03-17 23:15:00+07:00,"4994.4,5002.98,4992.97,5000.77"
2026-03-17 23:20:00+07:00,"5000.78,5002.47,4998.45,5002.13"
2026-03-17 23:25:00+07:00,"5002.14,5005.38,5001.78,5004.17"
2026-03-17 23:30:00+07:00,"5004.17,5005.88,5001.64,5003.1"
2026-03-17 23:35:00+07:00,"5003.09,5004.05,5000.46,5001.17"
2026-03-17 23:40:00+07:00,"5001.19,5002.35,4999.72,5002.21"
2026-03-17 23:45:00+07:00,"5002.21,5003.17,4998.68,4999.15"
2026-03-17 23:50:00+07:00,"4999.18,5001.76,4997.55,5000.48"
2026-03-17 23:55:00+07:00,"5000.49,5003.67,4999.81,5001.89"
2026-03-18 00:00:00+07:00,"5001.88,5006.64,5001.33,5004.87"
2026-03-18 00:05:00+07:00,"5004.89,5006.05,5002.86,5005.51"
2026-03-18 00:10:00+07:00,"5005.52,5006.05,5002.87,5003.29"
2026-03-18 00:15:00+07:00,"5003.29,5004.29,5002.07,5004.2"
2026-03-18 00:20:00+07:00,"5004.2,5008.64,5003.68,5006.26"
2026-03-18 00:25:00+07:00,"5006.26,5008.37,5000.9,5002.65"
2026-03-18 00:30:00+07:00,"5002.64,5004.87,5001.62,5004.08"
2026-03-18 00:35:00+07:00,"5004.09,5006.43,5003.04,5003.07"
2026-03-18 00:40:00+07:00,"5003.06,5004.33,4997.54,4997.68"
2026-03-18 00:45:00+07:00,"4997.71,4999.96,4996.38,4999.85"
2026-03-18 00:50:00+07:00,"4999.85,5002.49,4999.4,5001.67"
2026-03-18 00:55:00+07:00,"5001.69,5003.68,5001.22,5002.38"
2026-03-18 01:00:00+07:00,"5002.39,5006.27,5000.8,5006.11"
2026-03-18 01:05:00+07:00,"5006.11,5007.49,5005.19,5005.68"
2026-03-18 01:10:00+07:00,"5005.67,5007.92,5004.99,5006.39"
2026-03-18 01:15:00+07:00,"5006.4,5008.39,5006.04,5007.58"
2026-03-18 01:20:00+07:00,"5007.58,5009.15,5006.2,5006.55"
2026-03-18 01:25:00+07:00,"5006.57,5007.19,5003.85,5003.96"
2026-03-18 01:30:00+07:00,"5003.97,5004.04,4999.82,5003.19"
2026-03-18 01:35:00+07:00,"5003.18,5004.68,5002.11,5002.15"
2026-03-18 01:40:00+07:00,"5002.17,5003.78,5001.46,5003.42"
2026-03-18 01:45:00+07:00,"5003.43,5007.84,5002.88,5007.05"
2026-03-18 01:50:00+07:00,"5006.99,5008.38,5005.88,5007.17"
2026-03-18 01:55:00+07:00,"5007.16,5007.17,5003.43,5003.8"
2026-03-18 02:00:00+07:00,"5003.82,5005.62,5000.88,5005.52"
2026-03-18 02:05:00+07:00,"5005.48,5005.56,5002.1,5003.75"
2026-03-18 02:10:00+07:00,"5003.76,5003.94,5000.44,5001.69"
2026-03-18 02:15:00+07:00,"5001.7,5002.56,5000.19,5000.6"
2026-03-18 02:20:00+07:00,"5000.59,5001.12,4998.93,5000.59"
2026-03-18 02:25:00+07:00,"5000.6,5001.08,4998.04,4999.84"
2026-03-18 02:30:00+07:00,"4999.83,5000.75,4996.46,4999.13"
2026-03-18 02:35:00+07:00,"4999.16,5001.86,4999.13,5000.54"
2026-03-18 02:40:00+07:00,"5000.58,5003.59,4999.99,5001.92"
2026-03-18 02:45:00+07:00,"5001.93,5003.22,4998.91,5001.67"
2026-03-18 02:50:00+07:00,"5001.68,5002.18,4999.22,5001.61"
2026-03-18 02:55:00+07:00,"5001.62,5001.67,4998.07,5000.29"
2026-03-18 03:00:00+07:00,"5000.23,5003.97,4999.61,5003.97"
2026-03-18 03:05:00+07:00,"5003.96,5006.39,5002.96,5005.56"
2026-03-18 03:10:00+07:00,"5005.54,5005.89,5003.27,5003.63"
2026-03-18 03:15:00+07:00,"5003.66,5004.86,5002.74,5004.59"
2026-03-18 03:20:00+07:00,"5004.61,5004.61,5001.81,5002.35"
2026-03-18 03:25:00+07:00,"5002.34,5003.95,5001.8,5003.81"
2026-03-18 03:30:00+07:00,"5003.82,5005.2,5003.78,5004.8"
2026-03-18 03:35:00+07:00,"5004.63,5004.67,5002.75,5003.89"
2026-03-18 03:40:00+07:00,"5003.88,5004.23,5003.09,5003.93"
2026-03-18 03:45:00+07:00,"5003.94,5005.51,5002.67,5003.16"
2026-03-18 03:50:00+07:00,"5003.15,5004.04,5001.25,5001.92"
2026-03-18 03:55:00+07:00,"5001.87,5006.66,5001.47,5005.88"
2026-03-18 05:00:00+07:00,"5005.48,5005.76,5000.24,5001.08"
2026-03-18 05:05:00+07:00,"5001.05,5002.35,4997.35,5001.23"
2026-03-18 05:10:00+07:00,"5001.24,5003.97,5000.46,5002.64"
2026-03-18 05:15:00+07:00,"5002.65,5005.19,5000.03,5000.86"
2026-03-18 05:20:00+07:00,"5000.87,5002.64,5000.62,5001.56"
2026-03-18 05:25:00+07:00,"5001.57,5002.57,5001.18,5001.83"
2026-03-18 05:30:00+07:00,"5001.85,5001.86,4997.19,4997.62"
2026-03-18 05:35:00+07:00,"4997.64,5000.11,4996.97,4999.19"
2026-03-18 05:40:00+07:00,"4999.13,4999.97,4995.4,4996.19"
2026-03-18 05:45:00+07:00,"4996.26,5000.85,4993.06,4999.93"
2026-03-18 05:50:00+07:00,"4999.94,5003.58,4998.52,4998.99"
2026-03-18 05:55:00+07:00,"4999.01,5000.49,4998.08,4999.83"
2026-03-18 06:00:00+07:00,"4999.88,5002.59,4999.27,5001.78"
2026-03-18 06:05:00+07:00,"5001.76,5002.97,4999.17,5000.52"
2026-03-18 06:10:00+07:00,"5000.43,5001.03,4998.86,4999.28"
2026-03-18 06:15:00+07:00,"4999.25,5001.68,4999.21,5000.73"
2026-03-18 06:20:00+07:00,"5000.72,5001.55,5000.3,5000.34"
2026-03-18 06:25:00+07:00,"5000.34,5001.31,4999.18,5000.14"
2026-03-18 06:30:00+07:00,"5000.15,5003.97,4999.99,5002.75"
2026-03-18 06:35:00+07:00,"5002.73,5002.76,5001.51,5001.65"
2026-03-18 06:40:00+07:00,"5001.56,5003.26,5001.55,5002.35"
2026-03-18 06:45:00+07:00,"5002.34,5002.68,5001.42,5001.91"
2026-03-18 06:50:00+07:00,"5001.94,5003.15,5001.7,5002.89"
2026-03-18 06:55:00+07:00,"5002.87,5003,5002.14,5002.89"
2026-03-18 07:00:00+07:00,"5002.89,5007.63,5001.24,5006.61"
2026-03-18 07:05:00+07:00,"5006.62,5012.47,5006.48,5012.46"
2026-03-18 07:10:00+07:00,"5012.47,5012.52,5009.39,5009.9"
2026-03-18 07:15:00+07:00,"5009.89,5011.98,5005.82,5006.05"
2026-03-18 07:20:00+07:00,"5006.05,5007.44,5004.4,5005.79"
2026-03-18 07:25:00+07:00,"5005.78,5005.82,5002.75,5002.85"
2026-03-18 07:30:00+07:00,"5002.85,5003.55,5000.67,5001.18"
2026-03-18 07:35:00+07:00,"5001.19,5002.04,5000.34,5001.13"
2026-03-18 07:40:00+07:00,"5001.07,5004.61,5000.17,5004.29"
2026-03-18 07:45:00+07:00,"5004.29,5005.95,5001.25,5005.13"
2026-03-18 07:50:00+07:00,"5005.14,5008.29,5004.63,5005.66"
2026-03-18 07:55:00+07:00,"5005.65,5005.65,5003.09,5004.32"
2026-03-18 08:00:00+07:00,"5004.28,5008.76,4997.83,5008.46"
2026-03-18 08:05:00+07:00,"5008.47,5012.46,5007.8,5012.05"
2026-03-18 08:10:00+07:00,"5012.06,5016.45,5011.18,5011.67"
2026-03-18 08:15:00+07:00,"5011.68,5014.91,5011.19,5012.8"
2026-03-18 08:20:00+07:00,"5012.81,5015.82,5011.68,5012.21"
2026-03-18 08:25:00+07:00,"5012.22,5012.23,5007.76,5008.11"
2026-03-18 08:30:00+07:00,"5008.1,5009.48,5005.73,5006.01"
2026-03-18 08:35:00+07:00,"5006,5006.34,5001.47,5005.58"
2026-03-18 08:40:00+07:00,"5005.59,5005.71,5001.64,5001.83"
2026-03-18 08:45:00+07:00,"5001.8,5001.84,4996.36,4998.95"
2026-03-18 08:50:00+07:00,"4998.96,4999.29,4991.22,4998.67"
2026-03-18 08:55:00+07:00,"4998.7,5000.18,4995.15,4998.62"
2026-03-18 09:00:00+07:00,"4998.72,5002.21,4998.06,4998.38"
2026-03-18 09:05:00+07:00,"4998.2,5000.85,4996.37,5000.18"
2026-03-18 09:10:00+07:00,"5000.19,5001.38,4998.62,4999.73"
2026-03-18 09:15:00+07:00,"4999.73,5004.41,4999.06,5003.19"
2026-03-18 09:20:00+07:00,"5003.2,5007,5001.97,5002.09"
2026-03-18 09:25:00+07:00,"5002.09,5004.36,5001.66,5002.33"
2026-03-18 09:30:00+07:00,"5002.32,5003.64,4999.82,5002.96"
2026-03-18 09:35:00+07:00,"5002.97,5003.89,5000.39,5001.53"
2026-03-18 09:40:00+07:00,"5001.54,5002.01,5000.55,5001.29"
2026-03-18 09:45:00+07:00,"5001.26,5004.11,5001.26,5001.84"
2026-03-18 09:50:00+07:00,"5001.85,5003.14,4994.6,4995.9"
2026-03-18 09:55:00+07:00,"4995.89,4996.01,4990.39,4991.79"
2026-03-18 10:00:00+07:00,"4991.79,4992.58,4986.08,4989.63"
2026-03-18 10:05:00+07:00,"4989.65,4993.54,4986.94,4991.8"
2026-03-18 10:10:00+07:00,"4991.77,4996.36,4991.28,4994.17"
2026-03-18 10:15:00+07:00,"4994.14,4995.95,4993.69,4995.61"
2026-03-18 10:20:00+07:00,"4995.62,4996.86,4994.83,4996.32"
2026-03-18 10:25:00+07:00,"4996.32,4996.76,4994.39,4996.27"
2026-03-18 10:30:00+07:00,"4996.28,4997.03,4995.03,4995.65"
2026-03-18 10:35:00+07:00,"4995.66,4997.66,4995.02,4995.75"
2026-03-18 10:40:00+07:00,"4995.78,4997.6,4993.86,4994.77"
2026-03-18 10:45:00+07:00,"4994.76,4995.5,4993.25,4994.08"
2026-03-18 10:50:00+07:00,"4994.07,4994.47,4992.3,4992.32"
2026-03-18 10:55:00+07:00,"4992.35,4992.9,4989.59,4991.27"
2026-03-18 11:00:00+07:00,"4991.28,4992.82,4989.59,4991.23"
2026-03-18 11:05:00+07:00,"4991.24,4992.62,4990.7,4991.53"
2026-03-18 11:10:00+07:00,"4991.53,4992.18,4989.61,4990.64"
2026-03-18 11:15:00+07:00,"4990.63,4992.63,4990.41,4992.23"
2026-03-18 11:20:00+07:00,"4992.24,4993.51,4990.87,4992.21"
2026-03-18 11:25:00+07:00,"4992.19,4992.7,4990.61,4990.76"
2026-03-18 11:30:00+07:00,"4990.75,4991.11,4986.05,4988.39"
2026-03-18 11:35:00+07:00,"4988.41,4988.73,4982.52,4983.06"
2026-03-18 11:40:00+07:00,"4983.07,4985.69,4981.69,4984.46"
2026-03-18 11:45:00+07:00,"4984.45,4986.58,4984.25,4985.27"
2026-03-18 11:50:00+07:00,"4985.26,4986.5,4983.24,4983.36"
2026-03-18 11:55:00+07:00,"4983.37,4987.26,4982.4,4987.14"
2026-03-18 12:00:00+07:00,"4987.13,4987.82,4984.7,4984.84"
2026-03-18 12:05:00+07:00,"4984.83,4991.09,4984.71,4990.5"
2026-03-18 12:10:00+07:00,"4990.5,4992.21,4989.52,4990.2"
2026-03-18 12:15:00+07:00,"4990.21,4990.6,4985.47,4986.32"
2026-03-18 12:20:00+07:00,"4986.33,4992.8,4985.98,4991.94"
2026-03-18 12:25:00+07:00,"4991.93,4992.18,4988.55,4990.96"
2026-03-18 12:30:00+07:00,"4990.98,4993.43,4987.45,4993.41"
2026-03-18 12:35:00+07:00,"4993.43,5001.3,4992.58,4997.29"
2026-03-18 12:40:00+07:00,"4997.28,5001.06,4995.83,4999.22"
2026-03-18 12:45:00+07:00,"4999.2,5002.51,4998.06,4998.15"
2026-03-18 12:50:00+07:00,"4998.16,5001.28,4997.5,5000.91"
2026-03-18 12:55:00+07:00,"5000.93,5001.14,4994.77,4997.68"
2026-03-18 13:00:00+07:00,"4997.58,5000.87,4997.37,4999.44"
2026-03-18 13:05:00+07:00,"4999.45,5002.97,4996.26,5002.86"
2026-03-18 13:10:00+07:00,"5002.86,5009.35,5001.68,5009.34"
2026-03-18 13:15:00+07:00,"5009.35,5011,5007.11,5009.1"
2026-03-18 13:20:00+07:00,"5009.08,5010.08,5006.55,5009.69"
2026-03-18 13:25:00+07:00,"5009.71,5010.03,5008.09,5008.76"
2026-03-18 13:30:00+07:00,"5008.77,5013.44,5008.62,5013.39"
2026-03-18 13:35:00+07:00,"5013.3,5016.31,5011.67,5012.09"
2026-03-18 13:40:00+07:00,"5012.07,5013.62,5010.76,5011.27"
2026-03-18 13:45:00+07:00,"5011.25,5014.68,5010.68,5013.09"
2026-03-18 13:50:00+07:00,"5013.11,5013.93,5008.43,5010.56"
2026-03-18 13:55:00+07:00,"5010.58,5011.46,5008.56,5009.46"
2026-03-18 14:00:00+07:00,"5009.48,5012.74,5009.48,5012.36"
2026-03-18 14:05:00+07:00,"5012.38,5014.85,5011.52,5011.53"
2026-03-18 14:10:00+07:00,"5011.48,5012.06,5009.66,5009.8"
2026-03-18 14:15:00+07:00,"5009.79,5010.14,5006.45,5006.74"
2026-03-18 14:20:00+07:00,"5006.73,5008.55,5006.24,5008.46"
2026-03-18 14:25:00+07:00,"5008.47,5009.24,5006.23,5009.15"
2026-03-18 14:30:00+07:00,"5009.14,5009.69,5007.22,5007.59"
2026-03-18 14:35:00+07:00,"5007.58,5007.58,5004.7,5006.5"
2026-03-18 14:40:00+07:00,"5006.47,5007.33,5001.17,5001.92"
2026-03-18 14:45:00+07:00,"5001.93,5002.37,4995.22,4995.73"
2026-03-18 14:50:00+07:00,"4995.72,4996.6,4990.34,4991.55"
2026-03-18 14:55:00+07:00,"4991.55,4996.25,4990.72,4995.11"
2026-03-18 15:00:00+07:00,"4995.1,4997.08,4992.41,4994.57"
2026-03-18 15:05:00+07:00,"4994.58,4994.98,4987.5,4991.97"
2026-03-18 15:10:00+07:00,"4991.98,4994.97,4991.65,4992.98"
2026-03-18 15:15:00+07:00,"4992.96,4995.66,4990.19,4990.72"
2026-03-18 15:20:00+07:00,"4990.71,4991.53,4983.61,4985.46"
2026-03-18 15:25:00+07:00,"4985.47,4989.17,4983.99,4989.17"
2026-03-18 15:30:00+07:00,"4989.15,4991.7,4988.51,4991.7"
2026-03-18 15:35:00+07:00,"4991.69,4992.19,4986.74,4987.58"
2026-03-18 15:40:00+07:00,"4987.59,4989.67,4984.22,4985.39"
2026-03-18 15:45:00+07:00,"4985.38,4990.39,4977.56,4988.56"
2026-03-18 15:50:00+07:00,"4988.57,4989.29,4986.35,4987.26"
2026-03-18 15:55:00+07:00,"4987.24,4989.04,4986.27,4987.56"
2026-03-18 16:00:00+07:00,"4987.56,4990.72,4986.4,4990.22"
2026-03-18 16:05:00+07:00,"4990.23,4991.1,4989.13,4989.96"
2026-03-18 16:10:00+07:00,"4989.92,4990.1,4986.29,4986.4"
2026-03-18 16:15:00+07:00,"4986.39,4989.08,4984.79,4988.45"
2026-03-18 16:20:00+07:00,"4988.45,4994.5,4988.37,4991.66"
2026-03-18 16:25:00+07:00,"4991.75,4994.44,4990.01,4992.41"
2026-03-18 16:30:00+07:00,"4992.41,4994.6,4991.91,4992.93"
2026-03-18 16:35:00+07:00,"4992.95,4995.64,4992.79,4993.55"
2026-03-18 16:40:00+07:00,"4993.57,4994.08,4992.15,4993.13"
2026-03-18 16:45:00+07:00,"4993.14,4993.66,4991.52,4991.67"
2026-03-18 16:50:00+07:00,"4991.68,4995.28,4991.63,4992.84"
2026-03-18 16:55:00+07:00,"4992.8,4993.52,4990.79,4992.18"
2026-03-18 17:00:00+07:00,"4992.2,4992.21,4989.01,4989.08"
2026-03-18 17:05:00+07:00,"4989.08,4991.63,4987.09,4990.17"
2026-03-18 17:10:00+07:00,"4990.17,4991.7,4988.33,4988.94"
2026-03-18 17:15:00+07:00,"4988.93,4990.19,4986.47,4989.59"
2026-03-18 17:20:00+07:00,"4989.6,4991.2,4987.87,4988.99"
2026-03-18 17:25:00+07:00,"4988.99,4988.99,4980.7,4982.62"
2026-03-18 17:30:00+07:00,"4982.63,4987.47,4979.08,4980.6"
2026-03-18 17:35:00+07:00,"4980.59,4980.8,4957.07,4977.06"
2026-03-18 17:40:00+07:00,"4977.14,4979.87,4973.2,4977.96"
2026-03-18 17:45:00+07:00,"4977.95,4980.29,4975.55,4976.91"
2026-03-18 17:50:00+07:00,"4976.88,4976.94,4972.16,4972.69"
2026-03-18 17:55:00+07:00,"4972.7,4973.2,4958.73,4967.76"
2026-03-18 18:00:00+07:00,"4967.75,4969.84,4957.13,4958.67"
2026-03-18 18:05:00+07:00,"4958.67,4959.15,4950.38,4957.55"
2026-03-18 18:10:00+07:00,"4957.53,4970.62,4955.59,4970.17"
2026-03-18 18:15:00+07:00,"4970.16,4972.54,4968.27,4971.93"
2026-03-18 18:20:00+07:00,"4971.93,4973.98,4964.92,4966.1"
2026-03-18 18:25:00+07:00,"4966.09,4966.2,4946.14,4948.36"
2026-03-18 18:30:00+07:00,"4948.35,4962.06,4945.84,4956.61"
2026-03-18 18:35:00+07:00,"4956.6,4957.02,4946.43,4947.45"
2026-03-18 18:40:00+07:00,"4947.46,4947.49,4933.67,4938.99"
2026-03-18 18:45:00+07:00,"4938.97,4944.85,4929.81,4939.11"
2026-03-18 18:50:00+07:00,"4939.1,4940.01,4931.27,4932.25"
2026-03-18 18:55:00+07:00,"4932.26,4934.73,4924.68,4930.12"
2026-03-18 19:00:00+07:00,"4930.15,4931.25,4920.9,4929.83"
2026-03-18 19:05:00+07:00,"4929.84,4932.58,4912.44,4913.68"
2026-03-18 19:10:00+07:00,"4913.6,4919.38,4905.25,4908.31"
2026-03-18 19:15:00+07:00,"4908.27,4912.43,4898.26,4905.36"
2026-03-18 19:20:00+07:00,"4905.37,4908.55,4896.76,4899.25"
2026-03-18 19:25:00+07:00,"4899.24,4905.15,4895.6,4901.7"
2026-03-18 19:30:00+07:00,"4901.71,4902.1,4884.84,4887.96"
2026-03-18 19:35:00+07:00,"4887.94,4889.47,4878.3,4883.48"
2026-03-18 19:40:00+07:00,"4883.47,4889.96,4873.76,4878.28"
2026-03-18 19:45:00+07:00,"4878.3,4880.11,4873.2,4874.1"
2026-03-18 19:50:00+07:00,"4874.09,4891.92,4870.51,4887.31"
2026-03-18 19:55:00+07:00,"4887.28,4888.31,4877.76,4881.64"
2026-03-18 20:00:00+07:00,"4881.6,4881.63,4852.71,4860.52"
2026-03-18 20:05:00+07:00,"4860.51,4867.72,4855.28,4861.83"
2026-03-18 20:10:00+07:00,"4861.92,4865.75,4848.69,4858.45"
2026-03-18 20:15:00+07:00,"4858.4,4858.64,4833.91,4850.98"
2026-03-18 20:20:00+07:00,"4851,4863.17,4849.83,4858.1"
2026-03-18 20:25:00+07:00,"4858.15,4865.98,4857.34,4861.46"
2026-03-18 20:30:00+07:00,"4861.42,4863.37,4850.53,4857.54"
2026-03-18 20:35:00+07:00,"4857.52,4869.8,4853.51,4868.17"
2026-03-18 20:40:00+07:00,"4868.21,4885.39,4865.98,4873.54"
2026-03-18 20:45:00+07:00,"4873.52,4879.7,4867.06,4871.3"
2026-03-18 20:50:00+07:00,"4871.27,4872.09,4860.37,4871.6"
2026-03-18 20:55:00+07:00,"4871.64,4880.86,4867.03,4878.08"
2026-03-18 21:00:00+07:00,"4878.09,4887.15,4872.06,4883.97"
2026-03-18 21:05:00+07:00,"4883.97,4895.06,4883.82,4893.04"
2026-03-18 21:10:00+07:00,"4893.06,4893.35,4880.06,4880.91"
2026-03-18 21:15:00+07:00,"4881,4883.33,4872.6,4872.89"
2026-03-18 21:20:00+07:00,"4872.88,4873.56,4863.91,4867.11"
2026-03-18 21:25:00+07:00,"4867.1,4867.11,4858.98,4860.87"
2026-03-18 21:30:00+07:00,"4860.86,4865.4,4856.43,4861.8"
2026-03-18 21:35:00+07:00,"4861.63,4865.1,4856.59,4859.7"
2026-03-18 21:40:00+07:00,"4859.72,4863.89,4857.54,4861.2"
2026-03-18 21:45:00+07:00,"4861.19,4871.3,4860.58,4865.82"
2026-03-18 21:50:00+07:00,"4865.82,4869.63,4860.82,4863.71"
2026-03-18 21:55:00+07:00,"4863.72,4872.59,4863.56,4869.61"
2026-03-18 22:00:00+07:00,"4869.59,4875.44,4865.43,4869.36"
2026-03-18 22:05:00+07:00,"4869.38,4878.28,4869.03,4877.86"
2026-03-18 22:10:00+07:00,"4877.83,4877.91,4869.7,4875.21"
2026-03-18 22:15:00+07:00,"4875.25,4880.09,4873.74,4875.84"
2026-03-18 22:20:00+07:00,"4875.8,4877.05,4867.07,4874.03"
2026-03-18 22:25:00+07:00,"4874.02,4874.49,4868.57,4872.03"
2026-03-18 22:30:00+07:00,"4871.96,4874.62,4870.69,4873.34"
2026-03-18 22:35:00+07:00,"4873.33,4875.38,4872.18,4873.23"
2026-03-18 22:40:00+07:00,"4873.22,4874.33,4864.37,4864.46"
2026-03-18 22:45:00+07:00,"4864.47,4866.73,4861.07,4863.13"
2026-03-18 22:50:00+07:00,"4863.13,4866.16,4861.76,4864.99"
2026-03-18 22:55:00+07:00,"4864.96,4866.35,4861.75,4862.54"
2026-03-18 23:00:00+07:00,"4862.49,4869.76,4860.84,4865.74"
2026-03-18 23:05:00+07:00,"4865.71,4870.74,4865.43,4868.98"
2026-03-18 23:10:00+07:00,"4869,4879.28,4869,4878.12"
2026-03-18 23:15:00+07:00,"4878.04,4878.34,4873.8,4876.86"
2026-03-18 23:20:00+07:00,"4876.85,4879.3,4875.05,4877.96"
2026-03-18 23:25:00+07:00,"4877.96,4883.21,4876.35,4882.35"
2026-03-18 23:30:00+07:00,"4882.36,4882.79,4875.66,4878.22"
2026-03-18 23:35:00+07:00,"4878.19,4879.97,4873.38,4879.92"
2026-03-18 23:40:00+07:00,"4879.93,4882.84,4877,4882.83"
2026-03-18 23:45:00+07:00,"4882.82,4885.27,4880.55,4882.13"
2026-03-18 23:50:00+07:00,"4882.15,4889.05,4879.95,4887.43"
2026-03-18 23:55:00+07:00,"4887.45,4890.37,4885.75,4887.04"
2026-03-19 00:00:00+07:00,"4887.05,4889.83,4884.46,4889.2"
2026-03-19 00:05:00+07:00,"4889.22,4890.13,4886.05,4887.56"
2026-03-19 00:10:00+07:00,"4887.57,4888.23,4883.7,4887.08"
2026-03-19 00:15:00+07:00,"4887.06,4890.11,4885.39,4889.61"
2026-03-19 00:20:00+07:00,"4889.62,4897.21,4887.42,4896.73"
2026-03-19 00:25:00+07:00,"4896.72,4898.11,4890.76,4891.02"
2026-03-19 00:30:00+07:00,"4891.04,4894.66,4887.23,4894.66"
2026-03-19 00:35:00+07:00,"4894.69,4899.01,4894.52,4898.31"
2026-03-19 00:40:00+07:00,"4898.39,4898.4,4890.04,4894.55"
2026-03-19 00:45:00+07:00,"4894.56,4895.88,4890.24,4891.48"
2026-03-19 00:50:00+07:00,"4891.49,4893.63,4888.9,4890.7"
2026-03-19 00:55:00+07:00,"4890.7,4892.77,4889.65,4890.67"
2026-03-19 01:00:00+07:00,"4890.74,4899.27,4883.16,4889.43"
2026-03-19 01:05:00+07:00,"4889.45,4889.51,4880.72,4883.38"
2026-03-19 01:10:00+07:00,"4883.39,4889.93,4881.26,4887.58"
2026-03-19 01:15:00+07:00,"4887.57,4889.61,4878.84,4884.77"
2026-03-19 01:20:00+07:00,"4884.76,4887.22,4879.73,4880.94"
2026-03-19 01:25:00+07:00,"4880.97,4886.56,4876.86,4885.5"
2026-03-19 01:30:00+07:00,"4885.52,4887.91,4871.97,4877.02"
2026-03-19 01:35:00+07:00,"4877.04,4887.48,4875.18,4876.1"
2026-03-19 01:40:00+07:00,"4876.07,4883.05,4875.56,4878.36"
2026-03-19 01:45:00+07:00,"4878.33,4878.85,4867.47,4868.75"
2026-03-19 01:50:00+07:00,"4868.7,4870.46,4862.39,4864.51"
2026-03-19 01:55:00+07:00,"4864.49,4866.17,4852.18,4852.92"
2026-03-19 02:00:00+07:00,"4852.9,4857.91,4843.23,4856.57"
2026-03-19 02:05:00+07:00,"4856.56,4858.95,4852.26,4857.36"
2026-03-19 02:10:00+07:00,"4857.36,4861.36,4850.06,4857.14"
2026-03-19 02:15:00+07:00,"4857.12,4865.33,4856.59,4861.81"
2026-03-19 02:20:00+07:00,"4861.79,4862.71,4844.58,4847.2"
2026-03-19 02:25:00+07:00,"4847.19,4850.53,4843.89,4848.73"
2026-03-19 02:30:00+07:00,"4848.72,4857.09,4848.43,4856.63"
2026-03-19 02:35:00+07:00,"4856.62,4860.34,4854.97,4856.58"
2026-03-19 02:40:00+07:00,"4856.57,4858.29,4846.24,4850.63"
2026-03-19 02:45:00+07:00,"4850.62,4851.29,4842.49,4844.36"
2026-03-19 02:50:00+07:00,"4844.37,4846.45,4838.32,4843.67"
2026-03-19 02:55:00+07:00,"4843.66,4845.97,4839.88,4843.03"
2026-03-19 03:00:00+07:00,"4843.05,4848.76,4841.85,4846.4"
2026-03-19 03:05:00+07:00,"4846.39,4847.15,4836.76,4837.29"
2026-03-19 03:10:00+07:00,"4837.3,4842.66,4823.52,4825.89"
2026-03-19 03:15:00+07:00,"4825.9,4825.94,4819.31,4822.26"
2026-03-19 03:20:00+07:00,"4822.25,4828.4,4819.81,4822"
2026-03-19 03:25:00+07:00,"4821.98,4825.58,4808.53,4811.15"
2026-03-19 03:30:00+07:00,"4811.14,4814.8,4806.64,4812.01"
2026-03-19 03:35:00+07:00,"4811.95,4820.24,4811.83,4815.94"
2026-03-19 03:40:00+07:00,"4815.98,4821.53,4815.97,4820.91"
2026-03-19 03:45:00+07:00,"4820.93,4826.83,4818.11,4825.55"
2026-03-19 03:50:00+07:00,"4825.51,4826.62,4816.67,4817.31"
2026-03-19 03:55:00+07:00,"4817.34,4820.08,4816.75,4818.16"
2026-03-19 05:00:00+07:00,"4825.05,4837.28,4817.75,4825.71"
2026-03-19 05:05:00+07:00,"4825.7,4831.9,4819.65,4826.86"
2026-03-19 05:10:00+07:00,"4826.85,4827.74,4814.65,4818.45"
2026-03-19 05:15:00+07:00,"4818.48,4821.42,4809.57,4821.2"
2026-03-19 05:20:00+07:00,"4821.09,4822.03,4803.61,4821.97"
2026-03-19 05:25:00+07:00,"4821.96,4825.53,4815.71,4815.79"
2026-03-19 05:30:00+07:00,"4815.72,4818.36,4808.58,4817.82"
2026-03-19 05:35:00+07:00,"4817.83,4829.54,4817.52,4823.64"
2026-03-19 05:40:00+07:00,"4823.65,4828.91,4823.63,4828.12"
2026-03-19 05:45:00+07:00,"4828.11,4838.9,4826.11,4833.6"
2026-03-19 05:50:00+07:00,"4833.6,4838.83,4830.22,4832.71"
2026-03-19 05:55:00+07:00,"4832.73,4834.77,4829.16,4834.76"
2026-03-19 06:00:00+07:00,"4834.7,4837,4829.23,4833.62"
2026-03-19 06:05:00+07:00,"4833.62,4836.26,4831.54,4834.13"
2026-03-19 06:10:00+07:00,"4834.13,4836.8,4832.42,4834.42"
2026-03-19 06:15:00+07:00,"4834.42,4835.92,4828.32,4830.2"
2026-03-19 06:20:00+07:00,"4830.21,4835.4,4830.08,4835.18"
2026-03-19 06:25:00+07:00,"4835.16,4841.09,4834.99,4837"
2026-03-19 06:30:00+07:00,"4836.91,4840.5,4834.09,4836.06"
2026-03-19 06:35:00+07:00,"4836.06,4838.59,4834.34,4838.51"
2026-03-19 06:40:00+07:00,"4838.52,4842.41,4833.62,4834.16"
2026-03-19 06:45:00+07:00,"4834.17,4837.76,4829.76,4836.49"
2026-03-19 06:50:00+07:00,"4836.55,4836.67,4829.96,4835.59"
2026-03-19 06:55:00+07:00,"4835.6,4838.32,4833.3,4836.9"
2026-03-19 07:00:00+07:00,"4836.91,4846.62,4835.45,4845.71"
2026-03-19 07:05:00+07:00,"4845.72,4848.24,4842.02,4842.33"
2026-03-19 07:10:00+07:00,"4842.33,4845.79,4836.3,4843.37"
2026-03-19 07:15:00+07:00,"4843.39,4844.37,4838.78,4840.37"
2026-03-19 07:20:00+07:00,"4840.37,4843.64,4838.95,4842.64"
2026-03-19 07:25:00+07:00,"4842.65,4843.05,4836.76,4842.34"
2026-03-19 07:30:00+07:00,"4842.32,4847.14,4839.48,4844.87"
2026-03-19 07:35:00+07:00,"4844.87,4848.76,4842.86,4843.89"
2026-03-19 07:40:00+07:00,"4843.89,4845.88,4838.38,4840.81"
2026-03-19 07:45:00+07:00,"4840.81,4846.3,4837.8,4843.93"
2026-03-19 07:50:00+07:00,"4843.96,4844.51,4838.63,4840.84"
2026-03-19 07:55:00+07:00,"4840.83,4843.25,4839.3,4841.34"
2026-03-19 08:00:00+07:00,"4841.35,4853.37,4840.14,4842.45"
2026-03-19 08:05:00+07:00,"4842.46,4842.46,4832.68,4841.3"
2026-03-19 08:10:00+07:00,"4841.25,4842.6,4835.05,4837.93"
2026-03-19 08:15:00+07:00,"4837.95,4841.09,4835.95,4837.71"
2026-03-19 08:20:00+07:00,"4837.71,4839.48,4833.78,4837.28"
2026-03-19 08:25:00+07:00,"4837.26,4845.84,4834.83,4845.66"
2026-03-19 08:30:00+07:00,"4845.67,4850.28,4842.91,4847.98"
2026-03-19 08:35:00+07:00,"4848,4862.22,4847.81,4862.11"
2026-03-19 08:40:00+07:00,"4862.1,4867.21,4861.24,4865.94"
2026-03-19 08:45:00+07:00,"4865.95,4865.95,4853.52,4857.66"
2026-03-19 08:50:00+07:00,"4857.66,4858.32,4851.69,4857.27"
2026-03-19 08:55:00+07:00,"4857.27,4859.11,4849.22,4849.95"
2026-03-19 09:00:00+07:00,"4849.96,4851.84,4845.73,4846.2"
2026-03-19 09:05:00+07:00,"4846.19,4848.85,4841.54,4847.26"
2026-03-19 09:10:00+07:00,"4847.25,4850.17,4846.24,4849.42"
2026-03-19 09:15:00+07:00,"4849.43,4853.65,4848.1,4850.7"
2026-03-19 09:20:00+07:00,"4850.71,4857.4,4850.35,4857.08"
2026-03-19 09:25:00+07:00,"4857.08,4858.36,4855.77,4857.29"
2026-03-19 09:30:00+07:00,"4857.31,4857.92,4854.02,4856.9"
2026-03-19 09:35:00+07:00,"4856.9,4860.22,4855.34,4856.46"
2026-03-19 09:40:00+07:00,"4856.47,4861.78,4855.85,4861.41"
2026-03-19 09:45:00+07:00,"4861.39,4861.76,4855.58,4857.64"
2026-03-19 09:50:00+07:00,"4857.64,4861.82,4853.44,4861.3"
2026-03-19 09:55:00+07:00,"4861.29,4862.07,4854.27,4858.77"
2026-03-19 10:00:00+07:00,"4858.76,4861.73,4855.05,4860.03"
2026-03-19 10:05:00+07:00,"4860.01,4863.99,4855.27,4863.44"
2026-03-19 10:10:00+07:00,"4863.44,4865,4861.1,4864.27"
2026-03-19 10:15:00+07:00,"4864.26,4865.95,4863.35,4864.74"
2026-03-19 10:20:00+07:00,"4864.76,4864.97,4857.36,4857.78"
2026-03-19 10:25:00+07:00,"4857.79,4860.46,4856.72,4860.05"
2026-03-19 10:30:00+07:00,"4860.05,4860.36,4854.27,4855.86"
2026-03-19 10:35:00+07:00,"4855.86,4855.96,4852.11,4855.17"
2026-03-19 10:40:00+07:00,"4855.18,4857.51,4854.32,4856.28"
2026-03-19 10:45:00+07:00,"4856.27,4857.38,4854.37,4855.7"
2026-03-19 10:50:00+07:00,"4855.6,4855.82,4851.39,4852.76"
2026-03-19 10:55:00+07:00,"4852.74,4852.87,4850.81,4850.89"
2026-03-19 11:00:00+07:00,"4850.89,4851.71,4848.8,4849.6"
2026-03-19 11:05:00+07:00,"4849.51,4850.27,4847.31,4849.64"
2026-03-19 11:10:00+07:00,"4849.65,4851.83,4848.21,4851.16"
2026-03-19 11:15:00+07:00,"4851.17,4851.68,4850.48,4851"
2026-03-19 11:20:00+07:00,"4851,4852.91,4849.65,4852.37"
2026-03-19 11:25:00+07:00,"4852.45,4853.8,4850.03,4850.37"
2026-03-19 11:30:00+07:00,"4850.36,4851.96,4848.37,4851.06"
2026-03-19 11:35:00+07:00,"4851.07,4852.81,4849.58,4849.92"
2026-03-19 11:40:00+07:00,"4849.91,4851.45,4849.37,4849.46"
2026-03-19 11:45:00+07:00,"4849.45,4849.72,4845.73,4846.42"
2026-03-19 11:50:00+07:00,"4846.42,4849.96,4846.16,4849.53"
2026-03-19 11:55:00+07:00,"4849.54,4850.42,4848.32,4849.88"
2026-03-19 12:00:00+07:00,"4849.89,4852.96,4847.08,4852.81"
2026-03-19 12:05:00+07:00,"4852.83,4853.87,4848.66,4848.69"
2026-03-19 12:10:00+07:00,"4848.7,4851.35,4846.54,4850.63"
2026-03-19 12:15:00+07:00,"4850.63,4853.58,4850.52,4853.15"
2026-03-19 12:20:00+07:00,"4853.16,4853.98,4849.22,4850.93"
2026-03-19 12:25:00+07:00,"4850.92,4851.35,4846.5,4846.83"
2026-03-19 12:30:00+07:00,"4846.82,4846.86,4839.19,4840.64"
2026-03-19 12:35:00+07:00,"4840.65,4841.9,4832.42,4833.05"
2026-03-19 12:40:00+07:00,"4833.03,4836.42,4832.65,4833.77"
2026-03-19 12:45:00+07:00,"4833.76,4839.02,4829.33,4837.59"
2026-03-19 12:50:00+07:00,"4837.6,4840.32,4834.77,4835.18"
2026-03-19 12:55:00+07:00,"4835.17,4835.43,4826.8,4827.5"
2026-03-19 13:00:00+07:00,"4827.51,4842.2,4827.19,4837.13"
2026-03-19 13:05:00+07:00,"4837.12,4840,4831.06,4833.61"
2026-03-19 13:10:00+07:00,"4833.57,4836.07,4831.52,4833.2"
2026-03-19 13:15:00+07:00,"4833.15,4833.79,4821.26,4821.89"
2026-03-19 13:20:00+07:00,"4821.88,4826.6,4816.12,4819.76"
2026-03-19 13:25:00+07:00,"4819.75,4823.76,4812.34,4813.49"
2026-03-19 13:30:00+07:00,"4813.49,4820.02,4807.38,4807.86"
2026-03-19 13:35:00+07:00,"4807.9,4808.68,4791.24,4795.99"
2026-03-19 13:40:00+07:00,"4795.99,4796.45,4779.88,4786.26"
2026-03-19 13:45:00+07:00,"4786.26,4789.01,4759.08,4767.12"
2026-03-19 13:50:00+07:00,"4767.1,4767.92,4747.41,4754.94"
2026-03-19 13:55:00+07:00,"4754.95,4770.77,4748.55,4763.7"
2026-03-19 14:00:00+07:00,"4763.77,4773.31,4762.34,4769.27"
2026-03-19 14:05:00+07:00,"4768.98,4783.14,4764.1,4780.72"
2026-03-19 14:10:00+07:00,"4780.74,4784.5,4776.25,4778"
2026-03-19 14:15:00+07:00,"4777.99,4781.86,4773.28,4774.3"
2026-03-19 14:20:00+07:00,"4774.35,4776.12,4762.36,4766.3"
2026-03-19 14:25:00+07:00,"4766.16,4771.38,4756.84,4770.74"
2026-03-19 14:30:00+07:00,"4770.65,4771.14,4757.04,4764.69"
2026-03-19 14:35:00+07:00,"4764.71,4771.57,4762.86,4767.07"
2026-03-19 14:40:00+07:00,"4767.06,4769.24,4735.61,4739.82"
2026-03-19 14:45:00+07:00,"4739.82,4752.77,4738.69,4750.77"
2026-03-19 14:50:00+07:00,"4750.75,4755.13,4746.1,4753.86"
2026-03-19 14:55:00+07:00,"4753.94,4754.36,4725.96,4727.73"
2026-03-19 15:00:00+07:00,"4727.74,4740.44,4727.08,4736.65"
2026-03-19 15:05:00+07:00,"4736.66,4737.75,4712.97,4714.95"
2026-03-19 15:10:00+07:00,"4714.94,4721.6,4701.47,4714.64"
2026-03-19 15:15:00+07:00,"4714.66,4733.38,4713.18,4729.51"
2026-03-19 15:20:00+07:00,"4729.56,4736.79,4727.13,4730.81"
2026-03-19 15:25:00+07:00,"4730.83,4731.93,4713.09,4719"
2026-03-19 15:30:00+07:00,"4719.02,4722.21,4695.72,4703.27"
2026-03-19 15:35:00+07:00,"4703.28,4720.81,4702.44,4710.9"
2026-03-19 15:40:00+07:00,"4710.85,4710.85,4686.7,4688.44"
2026-03-19 15:45:00+07:00,"4688.43,4719.83,4686.54,4711.1"
2026-03-19 15:50:00+07:00,"4711.08,4718.74,4706.34,4707.23"
2026-03-19 15:55:00+07:00,"4707.24,4711.11,4702.69,4709.23"
2026-03-19 16:00:00+07:00,"4709.23,4721.24,4708.97,4713.05"
2026-03-19 16:05:00+07:00,"4713.07,4717.91,4694.81,4702.4"
2026-03-19 16:10:00+07:00,"4702.41,4705.25,4687.71,4695.12"
2026-03-19 16:15:00+07:00,"4695.13,4716.04,4693.21,4713.33"
2026-03-19 16:20:00+07:00,"4713.36,4722.76,4709.59,4710.4"
2026-03-19 16:25:00+07:00,"4710.42,4716.3,4701.99,4709.29"
2026-03-19 16:30:00+07:00,"4709.28,4726.2,4708.16,4720.28"
2026-03-19 16:35:00+07:00,"4720.25,4721.85,4709.62,4712.19"
2026-03-19 16:40:00+07:00,"4712.26,4717.71,4702.45,4705.36"
2026-03-19 16:45:00+07:00,"4705.33,4716.96,4704.49,4714.35"
2026-03-19 16:50:00+07:00,"4714.47,4717.33,4697.58,4706.17"
2026-03-19 16:55:00+07:00,"4706.16,4710.06,4696.16,4699"
2026-03-19 17:00:00+07:00,"4699.04,4711.51,4697.8,4711.48"
2026-03-19 17:05:00+07:00,"4711.53,4720.1,4707.73,4712.72"
2026-03-19 17:10:00+07:00,"4712.73,4712.73,4699.09,4704.5"
2026-03-19 17:15:00+07:00,"4704.48,4705.64,4688.13,4693.67"
2026-03-19 17:20:00+07:00,"4693.6,4694.4,4670.1,4678.62"
2026-03-19 17:25:00+07:00,"4678.6,4690.25,4678.33,4683.55"
2026-03-19 17:30:00+07:00,"4683.53,4700.74,4673.56,4698.35"
2026-03-19 17:35:00+07:00,"4698.35,4698.71,4686.83,4690.32"
2026-03-19 17:40:00+07:00,"4690.35,4692.57,4681.87,4683.76"
2026-03-19 17:45:00+07:00,"4683.51,4684.67,4676.05,4682.94"
2026-03-19 17:50:00+07:00,"4682.93,4689.09,4668.84,4678.12"
2026-03-19 17:55:00+07:00,"4678.13,4680.76,4666.31,4679.05"
2026-03-19 18:00:00+07:00,"4679.04,4699.98,4678.7,4688.32"
2026-03-19 18:05:00+07:00,"4688.33,4691.46,4683.51,4687.26"
2026-03-19 18:10:00+07:00,"4687.21,4695.8,4685.1,4686.38"
2026-03-19 18:15:00+07:00,"4686.35,4688.72,4676.66,4686.9"
2026-03-19 18:20:00+07:00,"4686.91,4692.72,4685.84,4688.19"
2026-03-19 18:25:00+07:00,"4688.2,4689.7,4679.07,4686.42"
2026-03-19 18:30:00+07:00,"4686.39,4695.59,4681.24,4683.37"
2026-03-19 18:35:00+07:00,"4683.35,4683.9,4672.17,4680.14"
2026-03-19 18:40:00+07:00,"4680.17,4681.25,4657.76,4664.3"
2026-03-19 18:45:00+07:00,"4664.31,4668.57,4656.54,4661.18"
2026-03-19 18:50:00+07:00,"4661.22,4662.18,4650.73,4652.72"
2026-03-19 18:55:00+07:00,"4652.71,4660.23,4651.55,4651.72"
2026-03-19 19:00:00+07:00,"4651.73,4654.13,4625.85,4630.55"
2026-03-19 19:05:00+07:00,"4630.54,4640.28,4623.23,4629.21"
2026-03-19 19:10:00+07:00,"4629.2,4630.07,4609.91,4619.33"
2026-03-19 19:15:00+07:00,"4619.29,4631.44,4612.64,4616.66"
2026-03-19 19:20:00+07:00,"4616.64,4620.48,4603.63,4605.34"
2026-03-19 19:25:00+07:00,"4605.35,4609.42,4602.78,4607.13"
2026-03-19 19:30:00+07:00,"4607.11,4618.06,4599.47,4604.3"
2026-03-19 19:35:00+07:00,"4604.28,4617.98,4602.86,4605.95"
2026-03-19 19:40:00+07:00,"4605.93,4605.95,4559.53,4562.83"
2026-03-19 19:45:00+07:00,"4562.98,4565.1,4531.1,4557.79"
2026-03-19 19:50:00+07:00,"4557.8,4576.22,4553.13,4573.68"
2026-03-19 19:55:00+07:00,"4573.72,4585.82,4571.05,4574.49"
2026-03-19 20:00:00+07:00,"4574.53,4574.53,4502.35,4549.91"
2026-03-19 20:05:00+07:00,"4549.94,4566.31,4527.14,4536.04"
2026-03-19 20:10:00+07:00,"4536.03,4546.08,4523.51,4538.87"
2026-03-19 20:15:00+07:00,"4538.89,4569.75,4522.39,4562.6"
2026-03-19 20:20:00+07:00,"4562.63,4577.63,4560.07,4562.84"
2026-03-19 20:25:00+07:00,"4562.85,4581.17,4553.43,4576.54"
2026-03-19 20:30:00+07:00,"4576.62,4583.26,4557.27,4580.7"
2026-03-19 20:35:00+07:00,"4580.67,4581.24,4552.71,4563.69"
2026-03-19 20:40:00+07:00,"4563.73,4571.66,4545.8,4559.06"
2026-03-19 20:45:00+07:00,"4558.95,4569.53,4538.61,4560.96"
2026-03-19 20:50:00+07:00,"4560.98,4598.48,4560.28,4597.61"
2026-03-19 20:55:00+07:00,"4597.58,4622.42,4596.66,4622.17"
2026-03-19 21:00:00+07:00,"4622.13,4643.47,4621.28,4626.3"
2026-03-19 21:05:00+07:00,"4626.34,4639.85,4618.37,4625.67"
2026-03-19 21:10:00+07:00,"4625.66,4649.35,4622.1,4630.72"
2026-03-19 21:15:00+07:00,"4630.7,4635.72,4604.22,4614.31"
2026-03-19 21:20:00+07:00,"4614.3,4615.82,4600.66,4612.23"
2026-03-19 21:25:00+07:00,"4612.2,4616.55,4584,4585.22"
2026-03-19 21:30:00+07:00,"4585.22,4606.51,4580.62,4606.08"
2026-03-19 21:35:00+07:00,"4606.07,4621.62,4605.41,4618.46"
2026-03-19 21:40:00+07:00,"4618.47,4622.33,4608.86,4613.32"
2026-03-19 21:45:00+07:00,"4613.31,4617.99,4603.05,4614.89"
2026-03-19 21:50:00+07:00,"4614.9,4628.25,4610.69,4623.41"
2026-03-19 21:55:00+07:00,"4623.38,4623.41,4597.92,4601.68"
2026-03-19 22:00:00+07:00,"4601.69,4616.05,4592.93,4615.52"
2026-03-19 22:05:00+07:00,"4615.54,4638.68,4614.72,4617.39"
2026-03-19 22:10:00+07:00,"4617.08,4629.31,4610.31,4627.34"
2026-03-19 22:15:00+07:00,"4627.3,4629.64,4603.66,4609.58"
2026-03-19 22:20:00+07:00,"4609.59,4615.21,4603.63,4607.7"
2026-03-19 22:25:00+07:00,"4607.71,4611.36,4596.36,4602.97"
2026-03-19 22:30:00+07:00,"4602.97,4603.02,4573.4,4579.51"
2026-03-19 22:35:00+07:00,"4579.5,4584.29,4570.05,4577.47"
2026-03-19 22:40:00+07:00,"4577.45,4582.2,4569.81,4571.94"
2026-03-19 22:45:00+07:00,"4571.94,4586.02,4566.01,4583.7"
2026-03-19 22:50:00+07:00,"4583.68,4595.08,4581.77,4591.65"
2026-03-19 22:55:00+07:00,"4591.64,4611.57,4586.73,4596.44"
2026-03-19 23:00:00+07:00,"4596.43,4618.94,4592.77,4613.79"
2026-03-19 23:05:00+07:00,"4613.76,4627.18,4611.04,4616.68"
2026-03-19 23:10:00+07:00,"4616.65,4618.44,4602.94,4605.09"
2026-03-19 23:15:00+07:00,"4605.07,4609.07,4593.84,4607.92"
2026-03-19 23:20:00+07:00,"4607.93,4617.12,4605.76,4609.23"
2026-03-19 23:25:00+07:00,"4609.25,4612.59,4598.83,4599.39"
2026-03-19 23:30:00+07:00,"4599.56,4602.19,4588.29,4593.88"
2026-03-19 23:35:00+07:00,"4593.89,4595.97,4583.66,4594.2"
2026-03-19 23:40:00+07:00,"4594.19,4608.54,4592.59,4593.18"
2026-03-19 23:45:00+07:00,"4593.17,4598.74,4591,4592.54"
2026-03-19 23:50:00+07:00,"4592.52,4596.81,4576.66,4586.89"
2026-03-19 23:55:00+07:00,"4586.9,4592.13,4582.79,4584.85"
2026-03-20 00:00:00+07:00,"4584.84,4594.68,4581.29,4591.14"
2026-03-20 00:05:00+07:00,"4591.17,4596.26,4576.33,4578.2"
2026-03-20 00:10:00+07:00,"4578.21,4585.12,4573.7,4579.44"
2026-03-20 00:15:00+07:00,"4579.45,4598.94,4574.02,4597.41"
2026-03-20 00:20:00+07:00,"4597.35,4611.47,4596.81,4610.65"
2026-03-20 00:25:00+07:00,"4610.64,4613.73,4599.05,4603.64"
2026-03-20 00:30:00+07:00,"4603.59,4618.69,4603.09,4606.33"
2026-03-20 00:35:00+07:00,"4606.32,4608.16,4599.73,4605.93"
2026-03-20 00:40:00+07:00,"4605.93,4610.3,4602.64,4605.16"
2026-03-20 00:45:00+07:00,"4605.2,4613.29,4605.01,4610.71"
2026-03-20 00:50:00+07:00,"4610.76,4629.96,4609.47,4624.77"
2026-03-20 00:55:00+07:00,"4624.75,4625.31,4614.35,4616.16"
2026-03-20 01:00:00+07:00,"4616.18,4619.07,4604.64,4610.92"
2026-03-20 01:05:00+07:00,"4610.91,4612.87,4601.02,4610.67"
2026-03-20 01:10:00+07:00,"4610.66,4617.06,4609.79,4614.71"
2026-03-20 01:15:00+07:00,"4614.68,4617.5,4606.8,4608.99"
2026-03-20 01:20:00+07:00,"4609,4611.79,4604.43,4607.53"
2026-03-20 01:25:00+07:00,"4607.56,4614.75,4607.52,4609.58"
2026-03-20 01:30:00+07:00,"4609.59,4611.32,4601.59,4603.53"
2026-03-20 01:35:00+07:00,"4603.52,4606.69,4596.01,4606.32"
2026-03-20 01:40:00+07:00,"4606.31,4610.62,4604.95,4609.09"
2026-03-20 01:45:00+07:00,"4609.07,4614.46,4607.17,4607.69"
2026-03-20 01:50:00+07:00,"4607.77,4608.87,4604.55,4607.04"
2026-03-20 01:55:00+07:00,"4607.08,4623.18,4604.73,4622.99"
2026-03-20 02:00:00+07:00,"4623,4648.7,4622.88,4635.27"
2026-03-20 02:05:00+07:00,"4635.26,4658.21,4633.22,4650.08"
2026-03-20 02:10:00+07:00,"4650.1,4663.45,4642.01,4656.57"
2026-03-20 02:15:00+07:00,"4656.81,4661.91,4646.85,4657.86"
2026-03-20 02:20:00+07:00,"4657.81,4658.48,4643.16,4643.84"
2026-03-20 02:25:00+07:00,"4643.86,4646.49,4632.75,4643.92"
2026-03-20 02:30:00+07:00,"4643.94,4649.38,4636.88,4646.31"
2026-03-20 02:35:00+07:00,"4646.36,4647.34,4632.63,4640.53"
2026-03-20 02:40:00+07:00,"4640.57,4643.62,4636.89,4638.66"
2026-03-20 02:45:00+07:00,"4638.67,4639.98,4634.22,4635.58"
2026-03-20 02:50:00+07:00,"4635.56,4642.27,4631.88,4640.32"
2026-03-20 02:55:00+07:00,"4640.37,4650.45,4639.33,4643.84"
2026-03-20 03:00:00+07:00,"4643.85,4654.71,4642.84,4650.25"
2026-03-20 03:05:00+07:00,"4650.24,4657.31,4649.33,4655.74"
2026-03-20 03:10:00+07:00,"4655.76,4658.24,4652.29,4653.95"
2026-03-20 03:15:00+07:00,"4654.09,4659.13,4649.73,4655.64"
2026-03-20 03:20:00+07:00,"4655.58,4660.9,4654.96,4658.6"
2026-03-20 03:25:00+07:00,"4658.61,4660.4,4655.44,4657.21"
2026-03-20 03:30:00+07:00,"4657.31,4659.81,4654.73,4656.83"
2026-03-20 03:35:00+07:00,"4656.84,4659.49,4654.57,4657.27"
2026-03-20 03:40:00+07:00,"4657.34,4658.86,4653.58,4654.58"
2026-03-20 03:45:00+07:00,"4654.62,4657.97,4651.43,4657.78"
2026-03-20 03:50:00+07:00,"4657.8,4662.16,4652.69,4657.54"
2026-03-20 03:55:00+07:00,"4657.37,4659.1,4647.49,4649.28"
2026-03-20 05:00:00+07:00,"4650.73,4663.11,4649.91,4659.35"
2026-03-20 05:05:00+07:00,"4659.36,4667.1,4657.58,4665.76"
2026-03-20 05:10:00+07:00,"4665.75,4672.12,4663.47,4670.77"
2026-03-20 05:15:00+07:00,"4670.78,4677.21,4667.63,4671.6"
2026-03-20 05:20:00+07:00,"4671.58,4671.6,4660.39,4661.72"
2026-03-20 05:25:00+07:00,"4661.75,4670.83,4660.94,4666.39"
2026-03-20 05:30:00+07:00,"4666.35,4666.52,4649.18,4650.76"
2026-03-20 05:35:00+07:00,"4650.82,4658.7,4650.61,4656.78"
2026-03-20 05:40:00+07:00,"4656.79,4656.86,4646.04,4646.42"
2026-03-20 05:45:00+07:00,"4646.4,4650.39,4644.11,4646.24"
2026-03-20 05:50:00+07:00,"4646.22,4648.62,4640.7,4648.51"
2026-03-20 05:55:00+07:00,"4648.27,4649.66,4636.04,4636.39"
2026-03-20 06:00:00+07:00,"4636.49,4647.72,4636.47,4644.09"
2026-03-20 06:05:00+07:00,"4644.07,4644.78,4640.91,4643.92"
2026-03-20 06:10:00+07:00,"4643.87,4644.35,4638.51,4638.8"
2026-03-20 06:15:00+07:00,"4638.73,4646.05,4638.31,4645.51"
2026-03-20 06:20:00+07:00,"4645.5,4647.17,4640.27,4640.95"
2026-03-20 06:25:00+07:00,"4640.94,4645.44,4640.25,4644.07"
2026-03-20 06:30:00+07:00,"4644.11,4648,4638.48,4638.48"
2026-03-20 06:35:00+07:00,"4638.5,4640.9,4636.96,4639.95"
2026-03-20 06:40:00+07:00,"4639.95,4640.04,4633.9,4635.65"
2026-03-20 06:45:00+07:00,"4635.57,4645.03,4635.4,4644.38"
2026-03-20 06:50:00+07:00,"4644.32,4646.7,4643.1,4646.4"
2026-03-20 06:55:00+07:00,"4646.37,4646.83,4641.65,4643.68"
2026-03-20 07:00:00+07:00,"4643.66,4652.96,4642.74,4651.91"
2026-03-20 07:05:00+07:00,"4651.95,4658.31,4649.64,4657.05"
2026-03-20 07:10:00+07:00,"4657.1,4663.03,4654.37,4662.32"
2026-03-20 07:15:00+07:00,"4662.32,4665.1,4660.37,4660.98"
2026-03-20 07:20:00+07:00,"4660.97,4660.97,4641.74,4647.56"
2026-03-20 07:25:00+07:00,"4647.55,4650.26,4644.53,4649.39"
2026-03-20 07:30:00+07:00,"4649.38,4652.04,4644.72,4648.8"
2026-03-20 07:35:00+07:00,"4648.79,4653.42,4646.16,4653.35"
2026-03-20 07:40:00+07:00,"4653.38,4656.82,4653.35,4656.02"
2026-03-20 07:45:00+07:00,"4656.02,4659.19,4654.76,4657.74"
2026-03-20 07:50:00+07:00,"4657.75,4660.71,4654.29,4656.93"
2026-03-20 07:55:00+07:00,"4656.69,4656.73,4647.38,4648.75"
2026-03-20 08:00:00+07:00,"4648.7,4669.76,4639.61,4669.56"
2026-03-20 08:05:00+07:00,"4669.58,4680.35,4665.9,4666.66"
2026-03-20 08:10:00+07:00,"4666.65,4669.39,4651.07,4651.82"
2026-03-20 08:15:00+07:00,"4651.81,4659.88,4648.63,4652.62"
2026-03-20 08:20:00+07:00,"4652.64,4656.07,4648.61,4653.56"
2026-03-20 08:25:00+07:00,"4653.67,4662.04,4650.76,4662.03"
2026-03-20 08:30:00+07:00,"4662.01,4676.81,4661.08,4676.81"
2026-03-20 08:35:00+07:00,"4676.8,4678.35,4671.91,4675.74"
2026-03-20 08:40:00+07:00,"4675.73,4688.86,4674.26,4686.39"
2026-03-20 08:45:00+07:00,"4686.34,4699.48,4682.04,4685.04"
2026-03-20 08:50:00+07:00,"4684.96,4685.93,4677.99,4680.03"
2026-03-20 08:55:00+07:00,"4680.01,4680.24,4672.45,4677.16"
2026-03-20 09:00:00+07:00,"4677.18,4683.31,4672.21,4672.47"
2026-03-20 09:05:00+07:00,"4672.48,4685.02,4670.21,4684.89"
2026-03-20 09:10:00+07:00,"4684.93,4689.41,4684.61,4685.53"
2026-03-20 09:15:00+07:00,"4685.48,4690.3,4684.28,4688.36"
2026-03-20 09:20:00+07:00,"4688.44,4689.96,4682.72,4685.05"
2026-03-20 09:25:00+07:00,"4685.04,4686.26,4680.88,4683.74"
2026-03-20 09:30:00+07:00,"4683.74,4690.06,4679.58,4689.95"
2026-03-20 09:35:00+07:00,"4689.96,4691.5,4679.2,4684.33"
2026-03-20 09:40:00+07:00,"4684.25,4686.78,4681.6,4685.2"
2026-03-20 09:45:00+07:00,"4685.16,4700.55,4682.87,4699.66"
2026-03-20 09:50:00+07:00,"4699.67,4703.99,4694.17,4698.01"
2026-03-20 09:55:00+07:00,"4698.02,4701.94,4695.15,4697.92"
2026-03-20 10:00:00+07:00,"4697.94,4707.73,4693.18,4707.53"
2026-03-20 10:05:00+07:00,"4707.53,4718.88,4705.48,4716.04"
2026-03-20 10:10:00+07:00,"4716.03,4723.5,4714.35,4717.51"
2026-03-20 10:15:00+07:00,"4717.47,4735.57,4716.4,4732.67"
2026-03-20 10:20:00+07:00,"4732.96,4734.83,4728.18,4731.87"
2026-03-20 10:25:00+07:00,"4731.89,4736.07,4730.08,4733.52"
2026-03-20 10:30:00+07:00,"4733.54,4735.98,4728.1,4734.02"
2026-03-20 10:35:00+07:00,"4734.03,4734.06,4727.98,4731.88"
2026-03-20 10:40:00+07:00,"4731.88,4734.69,4729.11,4730.45"
2026-03-20 10:45:00+07:00,"4730.46,4730.54,4724.21,4724.68"
2026-03-20 10:50:00+07:00,"4724.65,4727.63,4721.59,4724.85"
2026-03-20 10:55:00+07:00,"4724.58,4727.97,4722.95,4725.44"
2026-03-20 11:00:00+07:00,"4725.45,4727.39,4722.94,4723.61"
2026-03-20 11:15:00+07:00,"4722.08,4722.08,4718.72,4719.12"
2026-03-20 11:20:00+07:00,"4719.12,4722.4,4718.43,4720.8"
2026-03-20 11:25:00+07:00,"4720.81,4724.28,4720.56,4723.44"
2026-03-20 11:30:00+07:00,"4723.44,4726.09,4722.85,4724.98"
2026-03-20 11:35:00+07:00,"4724.98,4726.75,4724,4726.2"
2026-03-20 11:40:00+07:00,"4726.21,4726.96,4718.3,4720.01"
2026-03-20 11:45:00+07:00,"4720.01,4720.04,4715.38,4718.26"
2026-03-20 11:50:00+07:00,"4718.26,4722.94,4717.91,4722.61"
2026-03-20 11:55:00+07:00,"4722.61,4722.78,4719.62,4721.66"
2026-03-20 12:00:00+07:00,"4721.65,4722.08,4710.61,4712.34"
2026-03-20 12:05:00+07:00,"4712.34,4714.25,4710.56,4713.05"
2026-03-20 12:10:00+07:00,"4713.05,4718.43,4711.85,4718.36"
2026-03-20 12:15:00+07:00,"4718.36,4722.31,4717.32,4720.56"
2026-03-20 12:20:00+07:00,"4720.56,4723.58,4719.34,4721.66"
2026-03-20 12:25:00+07:00,"4721.66,4722.29,4718.89,4719.62"
2026-03-20 12:30:00+07:00,"4719.62,4720.08,4702.03,4702.63"
2026-03-20 12:35:00+07:00,"4702.61,4714.39,4701.91,4713.08"
2026-03-20 12:40:00+07:00,"4713.08,4717.45,4705.59,4709.38"
2026-03-20 12:45:00+07:00,"4709.39,4710.56,4697.69,4700.94"
2026-03-20 12:50:00+07:00,"4700.94,4706.74,4694.11,4694.32"
2026-03-20 12:55:00+07:00,"4694.26,4698.99,4685.73,4688.42"
2026-03-20 13:00:00+07:00,"4688.41,4701.06,4687.16,4695.01"
2026-03-20 13:05:00+07:00,"4695.01,4697.26,4689.23,4689.48"
2026-03-20 13:10:00+07:00,"4689.48,4694.38,4684.91,4691.28"
2026-03-20 13:15:00+07:00,"4691.28,4695.73,4686.63,4688.2"
2026-03-20 13:20:00+07:00,"4688.2,4693.24,4684.14,4690.12"
2026-03-20 13:25:00+07:00,"4690.12,4690.97,4680,4687.95"
2026-03-20 13:30:00+07:00,"4687.95,4689.57,4677.62,4685.39"
2026-03-20 13:35:00+07:00,"4685.38,4685.62,4667.65,4668"
2026-03-20 13:40:00+07:00,"4668,4670.03,4661.37,4665.97"
2026-03-20 13:45:00+07:00,"4665.97,4676.06,4662.59,4668.21"
2026-03-20 13:50:00+07:00,"4668.17,4672.6,4667.13,4668.14"
2026-03-20 13:55:00+07:00,"4668.14,4669.95,4665.49,4669.21"
2026-03-20 14:00:00+07:00,"4669.21,4678.07,4668.05,4674.78"
2026-03-20 14:05:00+07:00,"4674.78,4684.14,4670.84,4682.04"
2026-03-20 14:10:00+07:00,"4682.04,4682.15,4675.77,4679.56"
2026-03-20 14:15:00+07:00,"4679.56,4682.19,4676.34,4680.08"
2026-03-20 14:20:00+07:00,"4680.08,4686.91,4679.82,4684.82"
2026-03-20 14:25:00+07:00,"4684.83,4688.7,4684.42,4688.28"
2026-03-20 14:30:00+07:00,"4688.28,4689.2,4685.32,4686.82"
2026-03-20 14:35:00+07:00,"4686.82,4694.64,4686.24,4693.31"
2026-03-20 14:40:00+07:00,"4693.31,4698.14,4693.05,4694.22"
2026-03-20 14:45:00+07:00,"4694.22,4699.76,4694.22,4697.87"
2026-03-20 14:50:00+07:00,"4697.87,4700.68,4696.06,4697.36"
2026-03-20 14:55:00+07:00,"4697.38,4707.86,4697.33,4706.32"
2026-03-20 15:00:00+07:00,"4706.33,4706.63,4701.95,4704.56"
2026-03-20 15:05:00+07:00,"4704.56,4710.54,4703.95,4708.36"
2026-03-20 15:10:00+07:00,"4708.36,4717.7,4708.13,4716.19"
2026-03-20 15:15:00+07:00,"4716.19,4725.79,4715.63,4724.93"
2026-03-20 15:20:00+07:00,"4724.95,4732.25,4723.29,4730.37"
2026-03-20 15:25:00+07:00,"4730.37,4734.76,4721.94,4722.72"
2026-03-20 15:30:00+07:00,"4722.72,4722.81,4701.01,4708.44"
2026-03-20 15:35:00+07:00,"4708.44,4709.35,4699.37,4704.06"
2026-03-20 15:40:00+07:00,"4704.07,4709.62,4702.93,4707.45"
2026-03-20 15:45:00+07:00,"4707.48,4708.31,4692.01,4695.84"
2026-03-20 15:50:00+07:00,"4695.84,4699.5,4687.67,4692.07"
2026-03-20 15:55:00+07:00,"4692.07,4695.39,4684.73,4693.63"
2026-03-20 16:00:00+07:00,"4693.63,4696.51,4685.5,4687.17"
2026-03-20 16:05:00+07:00,"4687.17,4695.48,4684.23,4693.49"
2026-03-20 16:10:00+07:00,"4693.49,4700.41,4693.49,4693.98"
2026-03-20 16:15:00+07:00,"4693.98,4697.37,4687.54,4687.55"
2026-03-20 16:20:00+07:00,"4687.55,4689.66,4684.27,4687.08"
2026-03-20 16:25:00+07:00,"4687.08,4693.14,4687.07,4691.93"
2026-03-20 16:30:00+07:00,"4691.93,4692.48,4677.65,4678.13"
2026-03-20 16:35:00+07:00,"4678.13,4683.73,4677.02,4681.14"
2026-03-20 16:40:00+07:00,"4681.14,4681.34,4670.9,4673.4"
2026-03-20 16:45:00+07:00,"4673.4,4674.64,4665.68,4672.76"
2026-03-20 16:50:00+07:00,"4672.76,4677.35,4662.87,4662.9"
2026-03-20 16:55:00+07:00,"4662.9,4669.54,4659.79,4667.59"
2026-03-20 17:00:00+07:00,"4667.59,4670.08,4652.07,4653.08"
2026-03-20 17:05:00+07:00,"4653.08,4667.65,4653.08,4655.04"
2026-03-20 17:10:00+07:00,"4655.04,4664.18,4650.26,4663.01"
2026-03-20 17:15:00+07:00,"4663.07,4666.69,4655.62,4655.98"
2026-03-20 17:20:00+07:00,"4655.98,4655.98,4646.05,4653.9"
2026-03-20 17:25:00+07:00,"4653.9,4660.61,4653.9,4658.09"
2026-03-20 17:30:00+07:00,"4658.09,4661.6,4649.35,4650.62"
2026-03-20 17:35:00+07:00,"4650.62,4669.55,4650.14,4668.79"
2026-03-20 17:40:00+07:00,"4668.79,4669.83,4656.04,4660.01"
2026-03-20 17:45:00+07:00,"4659.99,4660.55,4652.83,4654.82"
2026-03-20 17:50:00+07:00,"4654.78,4656.24,4644.88,4649.4"
2026-03-20 17:55:00+07:00,"4649.32,4650.58,4637.98,4645.35"
2026-03-20 18:00:00+07:00,"4645.42,4659.91,4636.98,4654.51"
2026-03-20 18:05:00+07:00,"4654.5,4665.4,4653.47,4664.08"
2026-03-20 18:10:00+07:00,"4664.09,4666.58,4654.8,4662.64"
2026-03-20 18:15:00+07:00,"4662.63,4666.31,4658.88,4665.19"
2026-03-20 18:20:00+07:00,"4665.2,4668.67,4660.13,4662.78"
2026-03-20 18:25:00+07:00,"4662.8,4665.8,4659.26,4665.28"
2026-03-20 18:30:00+07:00,"4665.27,4671.25,4663.4,4666.9"
2026-03-20 18:35:00+07:00,"4666.91,4667.96,4661.5,4666.8"
2026-03-20 18:40:00+07:00,"4666.81,4674.37,4666.45,4669.37"
2026-03-20 18:45:00+07:00,"4669.38,4672.41,4665.03,4665.66"
2026-03-20 18:50:00+07:00,"4665.68,4666.06,4657.74,4662.81"
2026-03-20 18:55:00+07:00,"4662.8,4672.49,4662.11,4671.78"
2026-03-20 19:00:00+07:00,"4671.85,4683.06,4671.82,4679.62"
2026-03-20 19:05:00+07:00,"4679.6,4688.43,4679.33,4688.01"
2026-03-20 19:10:00+07:00,"4687.9,4695.88,4683.08,4685.63"
2026-03-20 19:15:00+07:00,"4685.62,4692.03,4678.24,4691.25"
2026-03-20 19:20:00+07:00,"4691.07,4692.32,4679.53,4681.3"
2026-03-20 19:25:00+07:00,"4681.31,4683.05,4677.79,4678.33"
2026-03-20 19:30:00+07:00,"4678.32,4682.44,4670.15,4673.49"
2026-03-20 19:35:00+07:00,"4673.51,4678.1,4663.42,4665.79"
2026-03-20 19:40:00+07:00,"4665.77,4670.89,4661.76,4670.16"
2026-03-20 19:45:00+07:00,"4670.12,4675.46,4665.76,4671.24"
2026-03-20 19:50:00+07:00,"4671.25,4681.85,4670.71,4677.34"
2026-03-20 19:55:00+07:00,"4677.24,4680.75,4677.09,4678.29"
2026-03-20 20:00:00+07:00,"4678.26,4679.33,4667.26,4670.55"
2026-03-20 20:05:00+07:00,"4670.33,4672.98,4658.51,4664.81"
2026-03-20 20:10:00+07:00,"4664.82,4666.55,4653.55,4662.04"
2026-03-20 20:15:00+07:00,"4662.07,4665.63,4655.6,4664.82"
2026-03-20 20:20:00+07:00,"4664.83,4670.37,4661.33,4662.48"
2026-03-20 20:25:00+07:00,"4662.49,4665.43,4658.99,4659.71"
2026-03-20 20:30:00+07:00,"4659.7,4666.49,4641.77,4645.25"
2026-03-20 20:35:00+07:00,"4645.26,4660.71,4636.09,4654.6"
2026-03-20 20:40:00+07:00,"4654.48,4665.46,4647.14,4662.72"
2026-03-20 20:45:00+07:00,"4662.71,4665.52,4651.06,4652.16"
2026-03-20 20:50:00+07:00,"4652.22,4653.09,4619.58,4621.94"
2026-03-20 20:55:00+07:00,"4621.97,4627.73,4612.44,4616.45"
2026-03-20 21:00:00+07:00,"4616.43,4622.52,4608.01,4615.54"
2026-03-20 21:05:00+07:00,"4615.55,4622.79,4600.43,4609.01"
2026-03-20 21:10:00+07:00,"4609.07,4618.46,4585.93,4587.23"
2026-03-20 21:15:00+07:00,"4587.25,4588.74,4562.58,4575.24"
2026-03-20 21:20:00+07:00,"4575.07,4579.58,4559.63,4568.98"
2026-03-20 21:25:00+07:00,"4568.96,4569.5,4550.44,4558.4"
2026-03-20 21:30:00+07:00,"4558.39,4580.5,4557.36,4580.07"
2026-03-20 21:35:00+07:00,"4580.14,4586.06,4572.41,4574.52"
2026-03-20 21:40:00+07:00,"4574.5,4579.06,4569.95,4575.83"
2026-03-20 21:45:00+07:00,"4575.85,4582.93,4562.83,4565.27"
2026-03-20 21:50:00+07:00,"4565.28,4571.64,4551.77,4554.72"
2026-03-20 21:55:00+07:00,"4554.7,4570.66,4547.59,4563.89"
2026-03-20 22:00:00+07:00,"4564.07,4580.48,4562.91,4571.6"
2026-03-20 22:05:00+07:00,"4571.61,4576.37,4560.21,4564.13"
2026-03-20 22:10:00+07:00,"4564.1,4578.55,4562.8,4576.72"
2026-03-20 22:15:00+07:00,"4576.71,4576.93,4557.87,4562.67"
2026-03-20 22:20:00+07:00,"4562.64,4575.58,4557.59,4560.94"
2026-03-20 22:25:00+07:00,"4560.81,4564.74,4539.95,4563.21"
2026-03-20 22:30:00+07:00,"4563.24,4575.87,4557.49,4568.17"
2026-03-20 22:35:00+07:00,"4568.18,4568.6,4560.31,4561.09"
2026-03-20 22:40:00+07:00,"4561.16,4566.42,4556.59,4562.68"
2026-03-20 22:45:00+07:00,"4562.66,4562.79,4544.49,4549.4"
2026-03-20 22:50:00+07:00,"4548.8,4560.39,4544.85,4558.36"
2026-03-20 22:55:00+07:00,"4558.33,4558.34,4551.39,4553.3"
2026-03-20 23:00:00+07:00,"4553.07,4576.76,4551.63,4574.37"
2026-03-20 23:05:00+07:00,"4574.34,4581.16,4569.87,4571.73"
2026-03-20 23:10:00+07:00,"4571.72,4588.66,4568.62,4588.13"
2026-03-20 23:15:00+07:00,"4588.13,4602.06,4583.49,4602.05"
2026-03-20 23:20:00+07:00,"4602.07,4614.04,4595.31,4596.41"
2026-03-20 23:25:00+07:00,"4596.36,4596.46,4583.75,4584.84"
2026-03-20 23:30:00+07:00,"4585.24,4585.8,4570.27,4581.09"
2026-03-20 23:35:00+07:00,"4581.08,4592.89,4581.08,4590.09"
2026-03-20 23:40:00+07:00,"4590.08,4592.4,4579.11,4581.16"
2026-03-20 23:45:00+07:00,"4581.13,4581.83,4567.81,4576.86"
2026-03-20 23:50:00+07:00,"4576.85,4581.82,4571.69,4581.45"
2026-03-20 23:55:00+07:00,"4581.52,4588.88,4580.7,4583.05"
2026-03-21 00:00:00+07:00,"4583.01,4591.83,4580.37,4589.36"
2026-03-21 00:05:00+07:00,"4589.31,4600.52,4572.96,4591.08"
2026-03-21 00:10:00+07:00,"4591.09,4593.44,4581.14,4582.04"
2026-03-21 00:15:00+07:00,"4581.98,4582.89,4572.81,4574.46"
2026-03-21 00:20:00+07:00,"4574.56,4579.61,4568.57,4570.13"
2026-03-21 00:25:00+07:00,"4570.13,4576.57,4569.21,4571.98"
2026-03-21 00:30:00+07:00,"4572,4574.52,4558.84,4561.9"
2026-03-21 00:35:00+07:00,"4561.85,4565.93,4554.16,4562.19"
2026-03-21 00:40:00+07:00,"4562.17,4566.37,4558.9,4566.05"
2026-03-21 00:45:00+07:00,"4566.06,4569.13,4562.54,4564.12"
2026-03-21 00:50:00+07:00,"4564.17,4576.78,4562.91,4576.53"
2026-03-21 00:55:00+07:00,"4576.54,4577.09,4571.37,4573.36"
2026-03-21 01:00:00+07:00,"4573.44,4578.75,4569.97,4570.1"
2026-03-21 01:05:00+07:00,"4570.25,4576.05,4566.72,4567.34"
2026-03-21 01:10:00+07:00,"4567.35,4575.38,4561.21,4563.2"
2026-03-21 01:15:00+07:00,"4563.2,4566.01,4559.58,4565.77"
2026-03-21 01:20:00+07:00,"4565.78,4568.29,4535.76,4546.98"
2026-03-21 01:25:00+07:00,"4547.01,4559.05,4546.71,4554.62"
2026-03-21 01:30:00+07:00,"4554.63,4557.41,4543.93,4546.04"
2026-03-21 01:35:00+07:00,"4546.05,4548.24,4538.37,4544.28"
2026-03-21 01:40:00+07:00,"4544.31,4546.37,4524.4,4526.02"
2026-03-21 01:45:00+07:00,"4526.01,4529.55,4510.61,4511.08"
2026-03-21 01:50:00+07:00,"4511.07,4518.35,4500.32,4502.66"
2026-03-21 01:55:00+07:00,"4502.65,4503.23,4476.3,4499.86"
2026-03-21 02:00:00+07:00,"4499.88,4516.42,4498.99,4500.22"
2026-03-21 02:05:00+07:00,"4500.18,4503.64,4485.29,4502.54"
2026-03-21 02:10:00+07:00,"4502.58,4505.84,4487.23,4500.42"
2026-03-21 02:15:00+07:00,"4500.41,4508.02,4493.2,4501.42"
2026-03-21 02:20:00+07:00,"4501.42,4501.43,4485.68,4487.78"
2026-03-21 02:25:00+07:00,"4487.8,4499.2,4485.45,4498.51"
2026-03-21 02:30:00+07:00,"4498.53,4509.98,4496.54,4498.05"
2026-03-21 02:35:00+07:00,"4498.13,4510.02,4492.17,4509.3"
2026-03-21 02:40:00+07:00,"4509.32,4517.18,4503.59,4514.45"
2026-03-21 02:45:00+07:00,"4514.43,4514.6,4506.92,4508.04"
2026-03-21 02:50:00+07:00,"4508.11,4516.34,4506.03,4515.61"
2026-03-21 02:55:00+07:00,"4515.53,4515.53,4496.94,4501.49"
2026-03-21 03:00:00+07:00,"4501.33,4507.14,4496.8,4502.89"
2026-03-21 03:05:00+07:00,"4502.86,4503.04,4493.38,4501.52"
2026-03-21 03:10:00+07:00,"4501.49,4507.19,4501.09,4504.82"
2026-03-21 03:15:00+07:00,"4504.8,4513.33,4500.67,4510.02"
2026-03-21 03:20:00+07:00,"4509.98,4514.66,4507.45,4509.77"
2026-03-21 03:25:00+07:00,"4509.75,4510.88,4500.81,4501.45"
2026-03-21 03:30:00+07:00,"4501.35,4504.53,4499.7,4500.36"
2026-03-21 03:35:00+07:00,"4500.35,4504.1,4497.51,4502.94"
2026-03-21 03:40:00+07:00,"4502.93,4504.49,4496.78,4503.18"
2026-03-21 03:45:00+07:00,"4503.19,4503.82,4493.8,4497.2"
2026-03-21 03:50:00+07:00,"4497.21,4504.22,4496.21,4497.75"
2026-03-21 03:55:00+07:00,"4497.48,4500.24,4487.64,4490.88"
2026-03-23 05:00:00+07:00,"4448.16,4488.91,4421.62,4476.09"
2026-03-23 05:05:00+07:00,"4475.81,4516.55,4472.59,4511.06"
2026-03-23 05:10:00+07:00,"4511.24,4515.12,4489.78,4506.9"
2026-03-23 05:15:00+07:00,"4506.91,4521.25,4502.56,4514.62"
2026-03-23 05:20:00+07:00,"4514.89,4532.77,4512.67,4527.91"
2026-03-23 05:25:00+07:00,"4527.86,4535.89,4520.16,4524.22"
2026-03-23 05:30:00+07:00,"4524.19,4526.87,4507.55,4512.89"
2026-03-23 05:35:00+07:00,"4513.04,4517.34,4505.14,4515.31"
2026-03-23 05:40:00+07:00,"4515.46,4515.98,4505.01,4506.94"
2026-03-23 05:45:00+07:00,"4506.91,4515.68,4504.35,4506.56"
2026-03-23 05:50:00+07:00,"4506.61,4511.36,4505.62,4505.63"
2026-03-23 05:55:00+07:00,"4505.49,4505.49,4489.64,4497.97"
2026-03-23 06:00:00+07:00,"4498.39,4510.65,4493.8,4499.4"
2026-03-23 06:05:00+07:00,"4499.56,4505.84,4488.1,4495.42"
2026-03-23 06:10:00+07:00,"4495.43,4499.33,4485,4490.62"
2026-03-23 06:15:00+07:00,"4490.63,4499.92,4489.79,4490.91"
2026-03-23 06:20:00+07:00,"4490.85,4493.31,4485.1,4489.65"
2026-03-23 06:25:00+07:00,"4489.66,4492.33,4482.24,4485.14"
2026-03-23 06:30:00+07:00,"4485.13,4488.79,4480.26,4482.4"
2026-03-23 06:35:00+07:00,"4482.39,4485.53,4472.37,4478.92"
2026-03-23 06:40:00+07:00,"4478.91,4490.77,4477.89,4488.68"
2026-03-23 06:45:00+07:00,"4488.82,4493.67,4459.31,4462.92"
2026-03-23 06:50:00+07:00,"4463.04,4470.56,4452.57,4458.67"
2026-03-23 06:55:00+07:00,"4458.68,4470.1,4458.09,4464.79"
2026-03-23 07:00:00+07:00,"4464.79,4473.25,4434.83,4439.63"
2026-03-23 07:05:00+07:00,"4439.63,4453.48,4425.38,4439.8"
2026-03-23 07:10:00+07:00,"4439.74,4449,4434.98,4436.73"
2026-03-23 07:15:00+07:00,"4436.74,4437.43,4404.18,4424.99"
2026-03-23 07:20:00+07:00,"4425,4441.27,4419.61,4440.06"
2026-03-23 07:25:00+07:00,"4440.16,4445.28,4424.13,4427.49"
2026-03-23 07:30:00+07:00,"4427.46,4436.77,4398.37,4401.21"
2026-03-23 07:35:00+07:00,"4401.21,4401.66,4330.28,4349.99"
2026-03-23 07:40:00+07:00,"4349.99,4365.72,4343.65,4363.21"
2026-03-23 07:45:00+07:00,"4363.21,4367.18,4344.75,4345.56"
2026-03-23 07:50:00+07:00,"4345.55,4360.52,4318.93,4335.51"
2026-03-23 07:55:00+07:00,"4335.48,4372.41,4328.51,4354.36"
2026-03-23 08:00:00+07:00,"4354.26,4380.75,4329.32,4377.07"
2026-03-23 08:05:00+07:00,"4377.12,4416.87,4375.8,4401.29"
2026-03-23 08:10:00+07:00,"4401.3,4423,4394.65,4408.48"
2026-03-23 08:15:00+07:00,"4408.36,4437.09,4407.02,4429.39"
2026-03-23 08:20:00+07:00,"4429.38,4443.84,4421.58,4432.62"
2026-03-23 08:25:00+07:00,"4432.59,4434.82,4420.28,4422"
2026-03-23 08:30:00+07:00,"4422.02,4453.95,4416.13,4441.73"
2026-03-23 08:35:00+07:00,"4441.71,4450.18,4432.25,4444.56"
2026-03-23 08:40:00+07:00,"4444.57,4444.97,4427.92,4435.7"
2026-03-23 08:45:00+07:00,"4435.72,4436.7,4410.73,4412.76"
2026-03-23 08:50:00+07:00,"4412.75,4415.07,4403.95,4407.27"
2026-03-23 08:55:00+07:00,"4407.27,4411.32,4380.76,4387.7"
2026-03-23 09:00:00+07:00,"4387.69,4420.32,4382.81,4417.2"
2026-03-23 09:05:00+07:00,"4417.2,4422.31,4406.04,4406.18"
2026-03-23 09:10:00+07:00,"4406.2,4414.02,4390.17,4395.91"
2026-03-23 09:15:00+07:00,"4396,4416.88,4393.91,4403.8"
2026-03-23 09:20:00+07:00,"4403.77,4413.94,4403.27,4404.33"
2026-03-23 09:25:00+07:00,"4404.31,4413.86,4396.91,4399.23"
2026-03-23 09:30:00+07:00,"4399.24,4401.25,4380.75,4388.53"
2026-03-23 09:35:00+07:00,"4388.52,4391.97,4370.06,4374.56"
2026-03-23 09:40:00+07:00,"4374.53,4385.75,4368.81,4384.47"
2026-03-23 09:45:00+07:00,"4384.55,4384.59,4369.07,4373.19"
2026-03-23 09:50:00+07:00,"4373.17,4379.9,4354.75,4360.04"
2026-03-23 09:55:00+07:00,"4360.05,4370.24,4357.2,4360.7"
2026-03-23 10:00:00+07:00,"4360.68,4378.14,4360.03,4367.23"
2026-03-23 10:05:00+07:00,"4367.19,4374.09,4354.23,4355.8"
2026-03-23 10:10:00+07:00,"4355.83,4357.31,4347.82,4349.69"
2026-03-23 10:15:00+07:00,"4349.65,4361.81,4349.22,4353.73"
2026-03-23 10:20:00+07:00,"4353.72,4365.78,4351.78,4355.33"
2026-03-23 10:25:00+07:00,"4355.34,4357.86,4346.73,4351.04"
2026-03-23 10:30:00+07:00,"4351.03,4364.7,4350.69,4359.42"
2026-03-23 10:35:00+07:00,"4359.3,4360.36,4344.84,4345.98"
2026-03-23 10:40:00+07:00,"4345.95,4348.01,4335.02,4341.93"
2026-03-23 10:45:00+07:00,"4341.85,4351.76,4337.09,4351.65"
2026-03-23 10:50:00+07:00,"4351.66,4360.66,4347.87,4350.84"
2026-03-23 10:55:00+07:00,"4350.63,4354.87,4348.3,4353.08"
2026-03-23 11:00:00+07:00,"4353.04,4370.49,4353.04,4362.55"
2026-03-23 11:05:00+07:00,"4362.49,4371.26,4361.72,4369.06"
2026-03-23 11:10:00+07:00,"4369.07,4370,4361.59,4363.87"
2026-03-23 11:15:00+07:00,"4363.92,4370.94,4361.22,4368.91"
2026-03-23 11:20:00+07:00,"4368.89,4370.45,4366.16,4370.41"
2026-03-23 11:25:00+07:00,"4370.14,4370.84,4365.95,4368.49"
2026-03-23 11:30:00+07:00,"4368.4,4368.9,4360.42,4366.3"
2026-03-23 11:35:00+07:00,"4366.19,4382.18,4365.64,4373.83"
2026-03-23 11:40:00+07:00,"4373.87,4378.1,4370.28,4375.5"
2026-03-23 11:45:00+07:00,"4375.52,4376.75,4367.7,4368.96"
2026-03-23 11:50:00+07:00,"4368.98,4369.34,4349.65,4354.16"
2026-03-23 11:55:00+07:00,"4354.17,4367.73,4352.52,4367.35"
2026-03-23 12:00:00+07:00,"4367.37,4380.77,4366.06,4372.84"
2026-03-23 12:05:00+07:00,"4372.81,4379.26,4371.48,4374.84"
2026-03-23 12:10:00+07:00,"4374.83,4376.78,4369.28,4372.55"
2026-03-23 12:15:00+07:00,"4372.56,4374.28,4363.44,4368.74"
2026-03-23 12:20:00+07:00,"4368.65,4368.68,4354.06,4354.56"
2026-03-23 12:25:00+07:00,"4354.56,4359.37,4351.94,4356.27"
2026-03-23 12:30:00+07:00,"4356.28,4356.28,4321.34,4332.79"
2026-03-23 12:35:00+07:00,"4332.73,4340.21,4321.79,4326.31"
2026-03-23 12:40:00+07:00,"4326.3,4329.76,4320.14,4322.23"
2026-03-23 12:45:00+07:00,"4322.2,4327,4318.74,4320.55"
2026-03-23 12:50:00+07:00,"4320.52,4324.74,4303.64,4303.75"
2026-03-23 12:55:00+07:00,"4303.76,4322.09,4302.34,4310.09"
2026-03-23 13:00:00+07:00,"4310.13,4310.44,4285.82,4286.4"
2026-03-23 13:05:00+07:00,"4286.59,4286.59,4269.91,4275.85"
2026-03-23 13:10:00+07:00,"4275.78,4296.53,4272.05,4294.75"
2026-03-23 13:15:00+07:00,"4294.74,4311.09,4277.44,4285.77"
2026-03-23 13:20:00+07:00,"4285.75,4285.82,4271.21,4275.59"
2026-03-23 13:25:00+07:00,"4275.61,4283.23,4238.13,4244.03"
2026-03-23 13:30:00+07:00,"4244.01,4250.15,4222.58,4237.47"
2026-03-23 13:35:00+07:00,"4237.65,4243.22,4215.44,4234.35"
2026-03-23 13:40:00+07:00,"4234.39,4244.01,4182.14,4182.57"
2026-03-23 13:45:00+07:00,"4182.5,4206.96,4161.64,4206.8"
2026-03-23 13:50:00+07:00,"4206.74,4231.07,4203.42,4212.26"
2026-03-23 13:55:00+07:00,"4212.27,4228.9,4207.21,4220.43"
2026-03-23 14:00:00+07:00,"4220.39,4222.39,4179.53,4180.02"
2026-03-23 14:05:00+07:00,"4180.63,4181.05,4131.22,4157.22"
2026-03-23 14:10:00+07:00,"4157.41,4170.86,4126.67,4131.08"
2026-03-23 14:15:00+07:00,"4131.03,4160.57,4113.43,4117.12"
2026-03-23 14:20:00+07:00,"4117.11,4145.7,4097.96,4130.81"
2026-03-23 14:25:00+07:00,"4130.89,4139.63,4112.17,4136.62"
2026-03-23 14:30:00+07:00,"4136.44,4165.81,4129.66,4156.01"
2026-03-23 14:35:00+07:00,"4156.02,4200.68,4151.49,4180.56"
2026-03-23 14:40:00+07:00,"4180.54,4215.83,4172.15,4214.69"
2026-03-23 14:45:00+07:00,"4214.42,4232.15,4205.5,4214.31"
2026-03-23 14:50:00+07:00,"4214.33,4221.84,4188.67,4198.59"
2026-03-23 14:55:00+07:00,"4198.64,4205.68,4186.13,4204.38"
2026-03-23 15:00:00+07:00,"4204.43,4229.65,4202.32,4220.33"
2026-03-23 15:05:00+07:00,"4220.29,4242.66,4213.72,4233.47"
2026-03-23 15:10:00+07:00,"4233.63,4256.04,4223.78,4253.21"
2026-03-23 15:15:00+07:00,"4253.22,4256.05,4211.49,4220.49"
2026-03-23 15:20:00+07:00,"4220.59,4230.02,4210.25,4220.71"
2026-03-23 15:25:00+07:00,"4220.66,4234.71,4212.44,4226.79"
2026-03-23 15:30:00+07:00,"4226.77,4264.2,4222.13,4263.15"
2026-03-23 15:35:00+07:00,"4263.07,4270.72,4234.36,4238.12"
2026-03-23 15:40:00+07:00,"4238.12,4259.05,4237.39,4257.74"
2026-03-23 15:45:00+07:00,"4257.75,4269.65,4240.82,4241.59"
2026-03-23 15:50:00+07:00,"4241.61,4241.64,4225.69,4229.24"
2026-03-23 15:55:00+07:00,"4228.61,4253.36,4218.96,4251.16"
2026-03-23 16:00:00+07:00,"4251.22,4260.27,4245.96,4253.61"
2026-03-23 16:05:00+07:00,"4253.59,4257.56,4249.4,4254.39"
2026-03-23 16:10:00+07:00,"4254.24,4269.49,4252.45,4268.89"
2026-03-23 16:15:00+07:00,"4268.89,4292.37,4267.66,4288.83"
2026-03-23 16:20:00+07:00,"4288.84,4302.49,4283.71,4288.86"
2026-03-23 16:25:00+07:00,"4288.87,4304.51,4287.69,4303.99"
2026-03-23 16:30:00+07:00,"4304.04,4308.41,4280.38,4281.81"
2026-03-23 16:35:00+07:00,"4281.86,4284.94,4238.74,4241.01"
2026-03-23 16:40:00+07:00,"4241.02,4249.81,4224.95,4225.35"
2026-03-23 16:45:00+07:00,"4224.94,4245.94,4223.68,4237.26"
2026-03-23 16:50:00+07:00,"4237.21,4248.8,4234.93,4238.38"
2026-03-23 16:55:00+07:00,"4238.2,4257.25,4236.54,4253.7"
2026-03-23 17:00:00+07:00,"4253.95,4261.77,4243.51,4256.97"
2026-03-23 17:05:00+07:00,"4256.98,4264.91,4253.5,4261.75"
2026-03-23 17:10:00+07:00,"4261.79,4273.12,4254.29,4264.06"
2026-03-23 17:15:00+07:00,"4264.15,4274.85,4262.26,4269.31"
2026-03-23 17:20:00+07:00,"4269.28,4275.15,4256.08,4273.26"
2026-03-23 17:25:00+07:00,"4273.31,4274.35,4265.36,4268.71"
2026-03-23 17:30:00+07:00,"4268.81,4269.71,4261.32,4262.29"
2026-03-23 17:35:00+07:00,"4262.31,4268.99,4241.13,4246.66"
2026-03-23 17:40:00+07:00,"4246.67,4262.39,4242.86,4256.86"
2026-03-23 17:45:00+07:00,"4256.6,4261.33,4249.65,4260.83"
2026-03-23 17:50:00+07:00,"4260.91,4282.29,4259.74,4262.51"
2026-03-23 17:55:00+07:00,"4262.52,4270.69,4250.74,4269.17"
2026-03-23 18:00:00+07:00,"4269.12,4295.74,4269.11,4282.49"
2026-03-23 18:05:00+07:00,"4282.88,4421.33,4281.47,4406.34"
2026-03-23 18:10:00+07:00,"4406.16,4463.08,4394.94,4457.56"
2026-03-23 18:15:00+07:00,"4457.44,4462.4,4378.71,4396.32"
2026-03-23 18:20:00+07:00,"4396.33,4407.14,4354.9,4377.45"
2026-03-23 18:25:00+07:00,"4377.4,4404.01,4372.27,4399.62"
2026-03-23 18:30:00+07:00,"4399.63,4427,4394.8,4421.89"
2026-03-23 18:35:00+07:00,"4421.85,4432.25,4392,4405.29"
2026-03-23 18:40:00+07:00,"4405.3,4415.57,4383.72,4412.15"
2026-03-23 18:45:00+07:00,"4412.14,4417.76,4375.11,4394.05"
2026-03-23 18:50:00+07:00,"4394.04,4415.96,4377.87,4403.89"
2026-03-23 18:55:00+07:00,"4403.79,4403.79,4361.43,4379.29"
2026-03-23 19:00:00+07:00,"4379.31,4380.55,4351.25,4357.64"
2026-03-23 19:05:00+07:00,"4357.64,4369.73,4336.22,4369.73"
2026-03-23 19:10:00+07:00,"4369.7,4375.55,4349.08,4352.64"
2026-03-23 19:15:00+07:00,"4352.64,4399.84,4352.28,4399.84"
2026-03-23 19:20:00+07:00,"4399.69,4405.48,4388.43,4390.04"
2026-03-23 19:25:00+07:00,"4389.93,4400.9,4386.96,4390.09"
2026-03-23 19:30:00+07:00,"4390.15,4411.01,4374.12,4406.97"
2026-03-23 19:35:00+07:00,"4406.98,4416.37,4400.51,4410.07"
2026-03-23 19:40:00+07:00,"4410.01,4442.3,4403.96,4441.55"
2026-03-23 19:45:00+07:00,"4441.5,4463.78,4433.12,4461.33"
2026-03-23 19:50:00+07:00,"4461.39,4482.41,4458.25,4468.05"
2026-03-23 19:55:00+07:00,"4468.04,4492.71,4463.84,4478.64"
2026-03-23 20:00:00+07:00,"4478.66,4487.01,4437.91,4453.93"
2026-03-23 20:05:00+07:00,"4453.94,4456.45,4431.14,4447.6"
2026-03-23 20:10:00+07:00,"4447.56,4460.48,4439.96,4446.22"
2026-03-23 20:15:00+07:00,"4446.31,4452.8,4423.45,4423.68"
2026-03-23 20:20:00+07:00,"4423.67,4435.82,4415.8,4419.19"
2026-03-23 20:25:00+07:00,"4419.2,4426.17,4404.58,4409.75"
2026-03-23 20:30:00+07:00,"4409.9,4421.74,4401.51,4416.83"
2026-03-23 20:35:00+07:00,"4416.82,4440.45,4415.71,4431.82"
2026-03-23 20:40:00+07:00,"4431.72,4450.88,4421.89,4421.99"
2026-03-23 20:45:00+07:00,"4421.93,4449.19,4419.52,4442.5"
2026-03-23 20:50:00+07:00,"4442.71,4467.25,4440.17,4451.69"
2026-03-23 20:55:00+07:00,"4451.46,4455.5,4438.03,4454.24"
2026-03-23 21:00:00+07:00,"4454.22,4479.48,4454.05,4464.4"
2026-03-23 21:05:00+07:00,"4464.43,4471.11,4453.59,4461.72"
2026-03-23 21:10:00+07:00,"4461.67,4471.49,4453.49,4464.35"
2026-03-23 21:15:00+07:00,"4464.36,4495.75,4460.89,4490.18"
2026-03-23 21:20:00+07:00,"4490.28,4505.05,4484.78,4504.33"
2026-03-23 21:25:00+07:00,"4504.48,4513.16,4480.71,4486.12"
2026-03-23 21:30:00+07:00,"4486.17,4504.84,4474.06,4493.76"
2026-03-23 21:35:00+07:00,"4493.96,4501.79,4476.87,4481.27"
2026-03-23 21:40:00+07:00,"4481.02,4486.86,4469.97,4479.81"
2026-03-23 21:45:00+07:00,"4479.76,4486.33,4468.15,4479.36"
2026-03-23 21:50:00+07:00,"4479.3,4479.46,4456.97,4464.36"
2026-03-23 21:55:00+07:00,"4464.24,4476.84,4461.1,4461.72"
2026-03-23 22:00:00+07:00,"4461.74,4478.01,4454.21,4469.49"
2026-03-23 22:05:00+07:00,"4469.5,4487.03,4469.14,4485.58"
2026-03-23 22:10:00+07:00,"4485.59,4485.59,4462,4465.08"
2026-03-23 22:15:00+07:00,"4464.98,4468.65,4427.27,4441.14"
2026-03-23 22:20:00+07:00,"4441.13,4459.48,4431.71,4456.75"
2026-03-23 22:25:00+07:00,"4456.77,4457.77,4440.17,4447.65"
2026-03-23 22:30:00+07:00,"4447.33,4456.28,4431.29,4433.58"
2026-03-23 22:35:00+07:00,"4433.44,4433.56,4416.02,4420.47"
2026-03-23 22:40:00+07:00,"4420.42,4423.49,4405.39,4407.83"
2026-03-23 22:45:00+07:00,"4408.09,4414.55,4395.52,4402.42"
2026-03-23 22:50:00+07:00,"4401.93,4407.19,4384.47,4396.42"
2026-03-23 22:55:00+07:00,"4396.43,4398.18,4350.89,4363.75"
2026-03-23 23:00:00+07:00,"4363.65,4380.28,4359.23,4362.67"
2026-03-23 23:05:00+07:00,"4362.68,4380,4352.62,4372.51"
2026-03-23 23:10:00+07:00,"4372.33,4390.67,4366.52,4383.95"
2026-03-23 23:15:00+07:00,"4384,4389.66,4365.11,4370.37"
2026-03-23 23:20:00+07:00,"4370.47,4381.66,4360.64,4371.97"
2026-03-23 23:25:00+07:00,"4372.01,4372.13,4352.18,4354.74"
2026-03-23 23:30:00+07:00,"4354.77,4377.38,4353.48,4375.76"
2026-03-23 23:35:00+07:00,"4375.83,4387.9,4374.69,4376.08"
2026-03-23 23:40:00+07:00,"4376.07,4387.7,4372.44,4386.22"
2026-03-23 23:45:00+07:00,"4386.21,4391.42,4373.18,4384"
2026-03-23 23:50:00+07:00,"4384.09,4391.61,4378.57,4388.27"
2026-03-23 23:55:00+07:00,"4388.25,4389.91,4371.41,4375.43"
2026-03-24 00:00:00+07:00,"4375.66,4387.3,4374.38,4375.78"
2026-03-24 00:05:00+07:00,"4375.88,4402.58,4370.48,4396.67"
2026-03-24 00:10:00+07:00,"4396.68,4405.96,4393.71,4397.34"
2026-03-24 00:15:00+07:00,"4397.37,4400.94,4389.13,4397.9"
2026-03-24 00:20:00+07:00,"4397.95,4402.69,4388.35,4399.29"
2026-03-24 00:25:00+07:00,"4399.28,4413.79,4398.43,4405.13"
2026-03-24 00:30:00+07:00,"4405.14,4431.36,4404.33,4428.77"
2026-03-24 00:35:00+07:00,"4428.82,4439.29,4427.9,4430.96"
2026-03-24 00:40:00+07:00,"4430.98,4431.28,4419.07,4420.27"
2026-03-24 00:45:00+07:00,"4420.09,4422.33,4404.79,4408.87"
2026-03-24 00:50:00+07:00,"4408.9,4424.87,4406.79,4424.52"
2026-03-24 00:55:00+07:00,"4424.51,4429.8,4419.44,4426.25"
2026-03-24 01:00:00+07:00,"4426.3,4427.2,4417.9,4424.15"
2026-03-24 01:05:00+07:00,"4424.34,4429.23,4401.84,4417.24"
2026-03-24 01:10:00+07:00,"4417.29,4429.04,4416.82,4421.29"
2026-03-24 01:15:00+07:00,"4421.22,4422.21,4409.63,4415.05"
2026-03-24 01:20:00+07:00,"4415.04,4417.03,4410.27,4414.62"
2026-03-24 01:25:00+07:00,"4414.58,4430.73,4414.18,4425.81"
2026-03-24 01:30:00+07:00,"4425.85,4444.66,4425.54,4443.61"
2026-03-24 01:35:00+07:00,"4443.67,4454.82,4442.02,4447.87"
2026-03-24 01:40:00+07:00,"4447.72,4462.21,4445.91,4461.77"
2026-03-24 01:45:00+07:00,"4461.69,4467,4456.94,4466.48"
2026-03-24 01:50:00+07:00,"4466.47,4466.47,4446.52,4454.47"
2026-03-24 01:55:00+07:00,"4454.48,4457.23,4448.45,4448.99"
2026-03-24 02:00:00+07:00,"4448.8,4450.6,4435.69,4436.62"
2026-03-24 02:05:00+07:00,"4436.56,4440.18,4429.53,4437.53"
2026-03-24 02:10:00+07:00,"4437.58,4437.93,4403.04,4406.83"
2026-03-24 02:15:00+07:00,"4406.9,4411.5,4395.88,4405.13"
2026-03-24 02:20:00+07:00,"4405.14,4405.44,4392.88,4402.61"
2026-03-24 02:25:00+07:00,"4402.55,4415.15,4400.18,4410.52"
2026-03-24 02:30:00+07:00,"4410.37,4415.65,4403.07,4409.75"
2026-03-24 02:35:00+07:00,"4409.77,4414,4405.12,4410.07"
2026-03-24 02:40:00+07:00,"4410.09,4416.61,4401.4,4416.59"
2026-03-24 02:45:00+07:00,"4416.8,4427.6,4415.28,4418.76"
2026-03-24 02:50:00+07:00,"4418.83,4419.06,4403.46,4409.08"
2026-03-24 02:55:00+07:00,"4409.09,4409.5,4396.6,4397.75"
2026-03-24 03:00:00+07:00,"4398.58,4400.36,4382.79,4392.88"
2026-03-24 03:05:00+07:00,"4392.87,4399.6,4390.83,4399.4"
2026-03-24 03:10:00+07:00,"4399.37,4408.73,4397.02,4403.8"
2026-03-24 03:15:00+07:00,"4403.81,4413.38,4403.68,4405.12"
2026-03-24 03:20:00+07:00,"4405.16,4409.27,4405.16,4408"
2026-03-24 03:25:00+07:00,"4408.01,4409.59,4403.37,4407.13"
2026-03-24 03:30:00+07:00,"4407.12,4407.52,4400.78,4403.34"
2026-03-24 03:35:00+07:00,"4403.3,4406.39,4395.8,4404.84"
2026-03-24 03:40:00+07:00,"4404.83,4411.4,4400.8,4410.87"
2026-03-24 03:45:00+07:00,"4410.85,4412.91,4410.21,4412.41"
2026-03-24 03:50:00+07:00,"4412.42,4412.77,4405.65,4407.96"
2026-03-24 03:55:00+07:00,"4407.91,4408.49,4404.94,4406.72"
2026-03-24 05:00:00+07:00,"4412.89,4420.92,4380.76,4380.76"
2026-03-24 05:05:00+07:00,"4380.74,4387.98,4361.24,4383.97"
2026-03-24 05:10:00+07:00,"4383.96,4403.03,4377.31,4398.2"
2026-03-24 05:15:00+07:00,"4398.36,4405.2,4389.12,4403.26"
2026-03-24 05:20:00+07:00,"4403.29,4408.14,4395.45,4398.99"
2026-03-24 05:25:00+07:00,"4399,4416,4398.25,4414.38"
2026-03-24 05:30:00+07:00,"4414.37,4416.04,4398.37,4403.43"
2026-03-24 05:35:00+07:00,"4403.4,4417.15,4403.13,4412.01"
2026-03-24 05:40:00+07:00,"4411.87,4412.05,4405.46,4408.98"
2026-03-24 05:45:00+07:00,"4408.93,4414.34,4406.18,4413.37"
2026-03-24 05:50:00+07:00,"4413.38,4431.62,4412.09,4429.49"
2026-03-24 05:55:00+07:00,"4429.46,4430.09,4421.02,4426.68"
2026-03-24 06:00:00+07:00,"4426.73,4430.3,4423.41,4426.41"
2026-03-24 06:05:00+07:00,"4426.34,4437.77,4425.18,4432.76"
2026-03-24 06:10:00+07:00,"4432.77,4437.64,4429.64,4435.7"
2026-03-24 06:15:00+07:00,"4435.69,4445.2,4435.5,4436.88"
2026-03-24 06:20:00+07:00,"4436.87,4444.4,4433.51,4444.09"
2026-03-24 06:25:00+07:00,"4444.08,4448.53,4440.57,4441.9"
2026-03-24 06:30:00+07:00,"4441.89,4444.61,4437.82,4443.97"
2026-03-24 06:35:00+07:00,"4444.03,4444.57,4426.85,4428.48"
2026-03-24 06:40:00+07:00,"4428.5,4432.14,4421.88,4430.71"
2026-03-24 06:45:00+07:00,"4430.69,4440.42,4421.94,4439.72"
2026-03-24 06:50:00+07:00,"4439.68,4446.3,4438.15,4444.04"
2026-03-24 06:55:00+07:00,"4444.1,4444.47,4434.73,4441.03"
2026-03-24 07:00:00+07:00,"4441.01,4446.82,4427.3,4430.58"
2026-03-24 07:05:00+07:00,"4430.43,4436.57,4428.24,4433.57"
2026-03-24 07:10:00+07:00,"4433.54,4436.52,4419.88,4422.24"
2026-03-24 07:15:00+07:00,"4422.37,4423.86,4401.64,4411.75"
2026-03-24 07:20:00+07:00,"4411.74,4412.22,4402.62,4406.12"
2026-03-24 07:25:00+07:00,"4406.08,4409.21,4367.38,4378.41"
2026-03-24 07:30:00+07:00,"4378.41,4387.65,4354.76,4371.79"
2026-03-24 07:35:00+07:00,"4371.84,4377.23,4336.5,4351.96"
2026-03-24 07:40:00+07:00,"4352.37,4354.26,4330.87,4344.55"
2026-03-24 07:45:00+07:00,"4344.54,4370.74,4343.3,4366.7"
2026-03-24 07:50:00+07:00,"4366.61,4386.71,4365.59,4381.73"
2026-03-24 07:55:00+07:00,"4381.74,4385.99,4362.83,4364.56"
2026-03-24 08:00:00+07:00,"4364.63,4374.84,4353.44,4356.15"
2026-03-24 08:05:00+07:00,"4356.16,4365.27,4341.86,4343.29"
2026-03-24 08:10:00+07:00,"4343.3,4362.68,4328.35,4330.8"
2026-03-24 08:15:00+07:00,"4330.79,4349.51,4330.78,4346.52"
2026-03-24 08:20:00+07:00,"4346.51,4362.48,4346.45,4360.74"
2026-03-24 08:25:00+07:00,"4360.75,4369.18,4353.21,4354.72"
2026-03-24 08:30:00+07:00,"4354.74,4361.86,4349.52,4360.56"
2026-03-24 08:35:00+07:00,"4360.57,4368.49,4350.31,4351.08"
2026-03-24 08:40:00+07:00,"4351.08,4353.25,4321.24,4322.07"
2026-03-24 08:45:00+07:00,"4321.43,4328.43,4308.36,4314.6"
2026-03-24 08:50:00+07:00,"4314.62,4332.22,4313.82,4326.15"
2026-03-24 08:55:00+07:00,"4326.16,4331.21,4320.06,4322.32"
2026-03-24 09:00:00+07:00,"4322.33,4336.49,4314.35,4332.82"
2026-03-24 09:05:00+07:00,"4332.91,4333.08,4318.87,4322.18"
2026-03-24 09:10:00+07:00,"4322.18,4323.79,4305.99,4312.37"
2026-03-24 09:15:00+07:00,"4312.36,4321.33,4309.13,4313.95"
2026-03-24 09:20:00+07:00,"4313.95,4349.24,4312.51,4335.78"
2026-03-24 09:25:00+07:00,"4335.77,4354.1,4334.52,4352.21"
2026-03-24 09:30:00+07:00,"4352.33,4371.19,4344.14,4370.32"
2026-03-24 09:35:00+07:00,"4370.31,4373.61,4359.6,4361.37"
2026-03-24 09:40:00+07:00,"4361.38,4369.41,4352.81,4366.63"
2026-03-24 09:45:00+07:00,"4366.62,4379.32,4363.42,4363.81"
2026-03-24 09:50:00+07:00,"4363.79,4363.94,4351.86,4359.61"
2026-03-24 09:55:00+07:00,"4359.6,4367.04,4355.86,4366.2"
2026-03-24 10:00:00+07:00,"4366.19,4367.88,4350.01,4352.01"
2026-03-24 10:05:00+07:00,"4352,4361.82,4350.19,4352.34"
2026-03-24 10:10:00+07:00,"4352.35,4362.05,4352.14,4358.42"
2026-03-24 10:15:00+07:00,"4358.41,4366.21,4357.73,4358.39"
2026-03-24 10:20:00+07:00,"4358.43,4368.04,4357.88,4362.12"
2026-03-24 10:25:00+07:00,"4362.17,4367.11,4355.61,4364.47"
2026-03-24 10:30:00+07:00,"4364.47,4365.08,4346.59,4346.82"
2026-03-24 10:35:00+07:00,"4346.81,4352.48,4338.36,4342.15"
2026-03-24 10:40:00+07:00,"4342.16,4346.71,4338.49,4341.64"
2026-03-24 10:45:00+07:00,"4341.55,4343.41,4335.34,4340.21"
2026-03-24 10:50:00+07:00,"4340.2,4344.17,4336.69,4341.62"
2026-03-24 10:55:00+07:00,"4341.73,4349.79,4337.16,4347.24"
2026-03-24 11:00:00+07:00,"4347.25,4353.74,4346.45,4352.35"
2026-03-24 11:05:00+07:00,"4352.63,4357.34,4347.64,4351.97"
2026-03-24 11:10:00+07:00,"4351.98,4353.14,4347.47,4349.94"
2026-03-24 11:15:00+07:00,"4349.94,4350.44,4329.59,4330.38"
2026-03-24 11:20:00+07:00,"4330.39,4335.51,4326.05,4331.94"
2026-03-24 11:25:00+07:00,"4331.85,4341.94,4331.21,4339.58"
2026-03-24 11:30:00+07:00,"4339.58,4344.12,4335.84,4342.97"
2026-03-24 11:35:00+07:00,"4342.96,4345.78,4338.59,4343.25"
2026-03-24 11:40:00+07:00,"4343.27,4348.27,4340.83,4340.99"
2026-03-24 11:45:00+07:00,"4340.94,4349.3,4339.87,4346.4"
2026-03-24 11:50:00+07:00,"4346.4,4348.53,4343.66,4348.13"
2026-03-24 11:55:00+07:00,"4348.19,4348.25,4331.74,4333.54"
2026-03-24 12:00:00+07:00,"4333.5,4338.39,4327.65,4328.04"
2026-03-24 12:05:00+07:00,"4327.88,4327.88,4319.69,4326.23"
2026-03-24 12:10:00+07:00,"4326.28,4345.85,4324.64,4335.31"
2026-03-24 12:15:00+07:00,"4335.36,4346.87,4334.81,4342.01"
2026-03-24 12:20:00+07:00,"4341.96,4346.38,4338.81,4339.93"
2026-03-24 12:25:00+07:00,"4339.93,4342.88,4333.8,4335.01"
2026-03-24 12:30:00+07:00,"4334.99,4337.01,4320.96,4332.55"
2026-03-24 12:35:00+07:00,"4332.56,4344.85,4330.78,4338.37"
2026-03-24 12:40:00+07:00,"4338.45,4374.79,4338.23,4358.57"
2026-03-24 12:45:00+07:00,"4358.52,4368.82,4353.92,4363.45"
2026-03-24 12:50:00+07:00,"4363.47,4369.38,4351.75,4351.76"
2026-03-24 12:55:00+07:00,"4351.66,4355.88,4343.62,4347.44"
2026-03-24 13:00:00+07:00,"4347.29,4362.04,4343.2,4357.78"
2026-03-24 13:05:00+07:00,"4357.69,4371.16,4354.35,4369.49"
2026-03-24 13:10:00+07:00,"4369.44,4375.98,4362.66,4366.58"
2026-03-24 13:15:00+07:00,"4366.61,4375.69,4358.96,4373.66"
2026-03-24 13:20:00+07:00,"4373.71,4392.15,4366.24,4385.65"
2026-03-24 13:25:00+07:00,"4385.64,4397.18,4382.1,4386.55"
2026-03-24 13:30:00+07:00,"4386.3,4393.95,4381.34,4385.13"
2026-03-24 13:35:00+07:00,"4385.14,4392.42,4378.2,4392.38"
2026-03-24 13:40:00+07:00,"4392.36,4397.37,4374.77,4377.68"
2026-03-24 13:45:00+07:00,"4377.7,4381.5,4373.39,4378.22"
2026-03-24 13:50:00+07:00,"4378.24,4391.39,4376.98,4390.05"
2026-03-24 13:55:00+07:00,"4390.15,4405.32,4388.05,4401.87"
2026-03-24 14:00:00+07:00,"4401.86,4414.79,4399.61,4408.09"
2026-03-24 14:05:00+07:00,"4408.14,4415.62,4406.69,4415.39"
2026-03-24 14:10:00+07:00,"4415.46,4425.87,4415.12,4424.77"
2026-03-24 14:15:00+07:00,"4424.65,4425.71,4419.72,4422.8"
2026-03-24 14:20:00+07:00,"4422.92,4425.03,4408.67,4411.95"
2026-03-24 14:25:00+07:00,"4411.73,4416.68,4405.89,4412.54"
2026-03-24 14:30:00+07:00,"4412.45,4412.45,4401.98,4410.06"
2026-03-24 14:35:00+07:00,"4409.96,4412.04,4401.34,4408.96"
2026-03-24 14:40:00+07:00,"4408.93,4411.57,4399.73,4408.33"
2026-03-24 14:45:00+07:00,"4408.37,4425.98,4401.55,4422.14"
2026-03-24 14:50:00+07:00,"4422.16,4433.27,4419.27,4421.43"
2026-03-24 14:55:00+07:00,"4421.44,4425.84,4414.75,4417.49"
2026-03-24 15:00:00+07:00,"4417.47,4417.61,4402.03,4407.27"
2026-03-24 15:05:00+07:00,"4407.57,4418.46,4405.96,4412.63"
2026-03-24 15:10:00+07:00,"4412.6,4421.08,4409.67,4414.55"
2026-03-24 15:15:00+07:00,"4414.56,4417.75,4401.86,4405.11"
2026-03-24 15:20:00+07:00,"4405.1,4406.89,4393.84,4394.42"
2026-03-24 15:25:00+07:00,"4394.43,4398.11,4390.87,4396.49"
2026-03-24 15:30:00+07:00,"4396.51,4404.75,4391.2,4398.59"
2026-03-24 15:35:00+07:00,"4398.53,4405.1,4396.41,4397.52"
2026-03-24 15:40:00+07:00,"4397.47,4405.86,4395.94,4400.65"
2026-03-24 15:45:00+07:00,"4400.25,4411,4398.3,4409.39"
2026-03-24 15:50:00+07:00,"4409.28,4414.36,4400.5,4412.21"
2026-03-24 15:55:00+07:00,"4412.22,4414.64,4403.61,4412.12"
2026-03-24 16:00:00+07:00,"4412.17,4419.49,4407.7,4413.1"
2026-03-24 16:05:00+07:00,"4413.02,4414.67,4402.23,4404.83"
2026-03-24 16:10:00+07:00,"4404.93,4408.8,4397.42,4399.02"
2026-03-24 16:15:00+07:00,"4399.03,4415.09,4395.78,4413.74"
2026-03-24 16:20:00+07:00,"4413.66,4415.39,4407.89,4409.52"
2026-03-24 16:25:00+07:00,"4409.48,4410.76,4406.18,4407.29"
2026-03-24 16:30:00+07:00,"4407.24,4413.43,4405.05,4411.33"
2026-03-24 16:35:00+07:00,"4411.34,4418.1,4410.32,4418.1"
2026-03-24 16:40:00+07:00,"4418.15,4421.38,4414.94,4415.98"
2026-03-24 16:45:00+07:00,"4416,4420.85,4414.73,4417.25"
2026-03-24 16:50:00+07:00,"4417.26,4418.37,4412.19,4417.77"
2026-03-24 16:55:00+07:00,"4417.77,4430.94,4416.83,4426.44"
2026-03-24 17:00:00+07:00,"4426.41,4429.26,4415.22,4421.81"
2026-03-24 17:05:00+07:00,"4421.82,4429.11,4418.22,4428.06"
2026-03-24 17:10:00+07:00,"4428.05,4431.34,4423.54,4426.07"
2026-03-24 17:15:00+07:00,"4426.04,4432.95,4425.48,4429.72"
2026-03-24 17:20:00+07:00,"4429.71,4431.89,4424.35,4426.28"
2026-03-24 17:25:00+07:00,"4426.3,4427.14,4421.45,4422.33"
2026-03-24 17:30:00+07:00,"4421.92,4422.4,4414.83,4416.56"
2026-03-24 17:35:00+07:00,"4416.64,4425.73,4414.58,4424.38"
2026-03-24 17:40:00+07:00,"4424.43,4428.13,4421.79,4427.76"
2026-03-24 17:45:00+07:00,"4427.78,4429.65,4418.99,4419.75"
2026-03-24 17:50:00+07:00,"4419.85,4432.54,4419.43,4428.94"
2026-03-24 17:55:00+07:00,"4429.24,4441.82,4425.91,4438.76"
2026-03-24 18:00:00+07:00,"4438.71,4442.18,4372.94,4409.15"
2026-03-24 18:05:00+07:00,"4409.29,4419.64,4399.52,4413.3"
2026-03-24 18:10:00+07:00,"4413.45,4422.09,4406.59,4419.56"
2026-03-24 18:15:00+07:00,"4419.55,4420.42,4402.98,4415.12"
2026-03-24 18:20:00+07:00,"4415.14,4420.89,4411.96,4416.05"
2026-03-24 18:25:00+07:00,"4416.01,4416.05,4407.56,4413.04"
2026-03-24 18:30:00+07:00,"4413.01,4428.02,4411.31,4427.95"
2026-03-24 18:35:00+07:00,"4427.73,4431.79,4422.79,4425.21"
2026-03-24 18:40:00+07:00,"4425.2,4426.83,4421.01,4422.36"
2026-03-24 18:45:00+07:00,"4422.26,4427.87,4418.63,4424.48"
2026-03-24 18:50:00+07:00,"4424.41,4424.68,4390.66,4400.38"
2026-03-24 18:55:00+07:00,"4400.39,4409.19,4396.98,4408.12"
2026-03-24 19:00:00+07:00,"4408.16,4417.67,4404.51,4406.82"
2026-03-24 19:05:00+07:00,"4406.97,4413.25,4404.74,4412.59"
2026-03-24 19:10:00+07:00,"4412.57,4422.63,4408.59,4420.45"
2026-03-24 19:15:00+07:00,"4420.43,4427.5,4417.42,4425.09"
2026-03-24 19:20:00+07:00,"4424.8,4424.83,4397.8,4401.27"
2026-03-24 19:25:00+07:00,"4401.28,4409.49,4395.41,4402.39"
2026-03-24 19:30:00+07:00,"4402.34,4406.76,4374.09,4383.12"
2026-03-24 19:35:00+07:00,"4383.17,4389.81,4362.66,4365.28"
2026-03-24 19:40:00+07:00,"4365.28,4376.03,4361.99,4369.53"
2026-03-24 19:45:00+07:00,"4369.43,4387.62,4368.83,4383.37"
2026-03-24 19:50:00+07:00,"4383.41,4390.79,4376.68,4383.4"
2026-03-24 19:55:00+07:00,"4383.28,4389.11,4377.85,4379.1"
2026-03-24 20:00:00+07:00,"4379.05,4389.97,4370.21,4382.25"
2026-03-24 20:05:00+07:00,"4382.22,4385.29,4363.67,4368.11"
2026-03-24 20:10:00+07:00,"4368.12,4382.34,4363.35,4378.19"
2026-03-24 20:15:00+07:00,"4378.21,4384.19,4370.18,4373.01"
2026-03-24 20:20:00+07:00,"4373.08,4380.22,4370.48,4372.6"
2026-03-24 20:25:00+07:00,"4372.57,4379.45,4356.26,4356.34"
2026-03-24 20:30:00+07:00,"4356.17,4370.49,4352.8,4359.79"
2026-03-24 20:35:00+07:00,"4359.8,4364.5,4351.86,4355.81"
2026-03-24 20:40:00+07:00,"4355.86,4362.87,4351.53,4356.75"
2026-03-24 20:45:00+07:00,"4356.8,4366.36,4350.6,4354.95"
2026-03-24 20:50:00+07:00,"4354.96,4378.71,4353.68,4366.98"
2026-03-24 20:55:00+07:00,"4367,4383.83,4366.95,4381.85"
2026-03-24 21:00:00+07:00,"4381.77,4396.7,4380.35,4396.59"
2026-03-24 21:05:00+07:00,"4396.65,4398.03,4386.09,4398.03"
2026-03-24 21:10:00+07:00,"4398.05,4404.92,4384.32,4395.11"
2026-03-24 21:15:00+07:00,"4395.09,4400.54,4388.73,4398.4"
2026-03-24 21:20:00+07:00,"4398.41,4408.74,4397.32,4406.98"
2026-03-24 21:25:00+07:00,"4407.08,4415.2,4402.04,4409.08"
2026-03-24 21:30:00+07:00,"4409.07,4417.55,4400.18,4415.69"
2026-03-24 21:35:00+07:00,"4415.68,4417.62,4404.43,4407.53"
2026-03-24 21:40:00+07:00,"4407.58,4420.81,4406.48,4412.26"
2026-03-24 21:45:00+07:00,"4412.22,4421.05,4403.52,4404.1"
2026-03-24 21:50:00+07:00,"4404.03,4434.48,4401.12,4425.33"
2026-03-24 21:55:00+07:00,"4425.35,4428.7,4405.9,4416.28"
2026-03-24 22:00:00+07:00,"4416.19,4421.41,4403.91,4411.23"
2026-03-24 22:05:00+07:00,"4411.22,4414.19,4401.53,4403.11"
2026-03-24 22:10:00+07:00,"4403.05,4413.01,4396.13,4411.6"
2026-03-24 22:15:00+07:00,"4411.57,4415.26,4405.83,4409.11"
2026-03-24 22:20:00+07:00,"4409.06,4415.73,4403.2,4414.37"
2026-03-24 22:25:00+07:00,"4414.48,4420.49,4411.62,4412.86"
2026-03-24 22:30:00+07:00,"4412.85,4419.01,4409.88,4416.39"
2026-03-24 22:35:00+07:00,"4416.4,4427.84,4414.73,4423.46"
2026-03-24 22:40:00+07:00,"4423.45,4429.24,4421.9,4424.67"
2026-03-24 22:45:00+07:00,"4424.66,4430.65,4420.08,4429.07"
2026-03-24 22:50:00+07:00,"4429.03,4430.59,4418.76,4419.2"
2026-03-24 22:55:00+07:00,"4419.19,4419.71,4409.38,4411.54"
2026-03-24 23:00:00+07:00,"4411.64,4413.74,4404.48,4406.83"
2026-03-24 23:05:00+07:00,"4406.78,4413.62,4402.45,4412.65"
2026-03-24 23:10:00+07:00,"4412.64,4414.76,4407.73,4414.65"
2026-03-24 23:15:00+07:00,"4414.66,4425.58,4411.79,4424.6"
2026-03-24 23:20:00+07:00,"4424.58,4424.87,4419.44,4423.61"
2026-03-24 23:25:00+07:00,"4423.62,4425.54,4419.2,4421.17"
2026-03-24 23:30:00+07:00,"4421.19,4424.28,4415.97,4418.96"
2026-03-24 23:35:00+07:00,"4418.94,4419.5,4408.8,4409.74"
2026-03-24 23:40:00+07:00,"4409.75,4424.59,4408.41,4424.56"
2026-03-24 23:45:00+07:00,"4424.44,4428.01,4418.64,4423.14"
2026-03-24 23:50:00+07:00,"4423.1,4426.73,4420.28,4420.64"
2026-03-24 23:55:00+07:00,"4420.59,4424.41,4418.44,4421.33"
2026-03-25 00:00:00+07:00,"4421.33,4426.5,4408.01,4408.44"
2026-03-25 00:05:00+07:00,"4408.49,4408.54,4390.44,4392.01"
2026-03-25 00:10:00+07:00,"4392.09,4399.14,4388.11,4397.55"
2026-03-25 00:15:00+07:00,"4397.58,4402.44,4393.98,4399.75"
2026-03-25 00:20:00+07:00,"4400,4405.41,4397.92,4401.15"
2026-03-25 00:25:00+07:00,"4401.1,4406.26,4398.56,4400.01"
2026-03-25 00:30:00+07:00,"4398.48,4399.43,4381.88,4382.99"
2026-03-25 00:35:00+07:00,"4382.91,4386.09,4374.95,4382.67"
2026-03-25 00:40:00+07:00,"4382.83,4387.66,4374.91,4378.24"
2026-03-25 00:45:00+07:00,"4378.24,4387.69,4372.17,4384.9"
2026-03-25 00:50:00+07:00,"4384.89,4389.03,4381.17,4385.3"
2026-03-25 00:55:00+07:00,"4385.25,4395.19,4382.67,4388.59"
2026-03-25 01:00:00+07:00,"4388.56,4392.85,4383.91,4389.55"
2026-03-25 01:05:00+07:00,"4389.6,4392.68,4385.73,4386.08"
2026-03-25 01:10:00+07:00,"4386.09,4394.37,4384.28,4389.67"
2026-03-25 01:15:00+07:00,"4389.72,4399.65,4387.32,4398.39"
2026-03-25 01:20:00+07:00,"4398.37,4406.2,4397.11,4406.18"
2026-03-25 01:25:00+07:00,"4406.17,4410.04,4404.9,4407.51"
2026-03-25 01:30:00+07:00,"4407.46,4423.44,4407.25,4414.47"
2026-03-25 01:35:00+07:00,"4414.52,4423.13,4413.78,4420.21"
2026-03-25 01:40:00+07:00,"4420.16,4420.96,4394.47,4400.4"
2026-03-25 01:45:00+07:00,"4400.39,4401.46,4391.23,4396.5"
2026-03-25 01:50:00+07:00,"4396.46,4401.9,4395.04,4399.68"
2026-03-25 01:55:00+07:00,"4399.65,4399.65,4384.4,4389.75"
2026-03-25 02:00:00+07:00,"4389.56,4400.2,4388.58,4399.25"
2026-03-25 02:05:00+07:00,"4399.2,4405.25,4396.24,4404.53"
2026-03-25 02:10:00+07:00,"4404.68,4406.28,4402.8,4404.54"
2026-03-25 02:15:00+07:00,"4404.59,4408.57,4399.38,4407.96"
2026-03-25 02:20:00+07:00,"4407.98,4409.19,4405.16,4408.29"
2026-03-25 02:25:00+07:00,"4408.34,4411.53,4406.73,4407.41"
2026-03-25 02:30:00+07:00,"4407.3,4407.56,4401.38,4402.74"
2026-03-25 02:35:00+07:00,"4402.73,4403.58,4396.49,4397.69"
2026-03-25 02:40:00+07:00,"4397.74,4403.9,4395.05,4401.34"
2026-03-25 02:45:00+07:00,"4401.41,4401.88,4397.76,4399.79"
2026-03-25 02:50:00+07:00,"4400.03,4404.46,4396.45,4402.03"
2026-03-25 02:55:00+07:00,"4402.05,4403.63,4397.7,4400.37"
2026-03-25 03:00:00+07:00,"4399.76,4404.48,4398.75,4399.71"
2026-03-25 03:05:00+07:00,"4399.72,4401.17,4397.32,4399.03"
2026-03-25 03:10:00+07:00,"4399.03,4401.95,4397.5,4400.8"
2026-03-25 03:15:00+07:00,"4400.82,4410.53,4399.06,4409.72"
2026-03-25 03:20:00+07:00,"4409.73,4466.9,4408.28,4463.36"
2026-03-25 03:25:00+07:00,"4463.36,4484.37,4448.61,4455.81"
2026-03-25 03:30:00+07:00,"4455.76,4466.46,4447.61,4458.76"
2026-03-25 03:35:00+07:00,"4458.86,4473.09,4454.56,4472.32"
2026-03-25 03:40:00+07:00,"4472.43,4472.96,4447.23,4460.05"
2026-03-25 03:45:00+07:00,"4460.09,4467.57,4456.14,4466.02"
2026-03-25 03:50:00+07:00,"4466.01,4482.04,4464.56,4480.83"
2026-03-25 03:55:00+07:00,"4480.84,4481.17,4471.09,4471.13"
2026-03-25 05:00:00+07:00,"4472,4481.73,4467.97,4479.44"
2026-03-25 05:05:00+07:00,"4479.21,4487.11,4473.44,4484.57"
2026-03-25 05:10:00+07:00,"4484.65,4485.51,4478.29,4483.45"
2026-03-25 05:15:00+07:00,"4483.44,4484.71,4475.7,4483.76"
2026-03-25 05:20:00+07:00,"4483.65,4485.09,4477.46,4478.23"
2026-03-25 05:25:00+07:00,"4478.05,4478.87,4467.98,4470.01"
2026-03-25 05:30:00+07:00,"4470.02,4470.26,4455.63,4462.96"
2026-03-25 05:35:00+07:00,"4463.05,4470.32,4462.22,4464.56"
2026-03-25 05:40:00+07:00,"4464.53,4471.36,4464.53,4468.81"
2026-03-25 05:45:00+07:00,"4468.8,4479.72,4466.69,4476.19"
2026-03-25 05:50:00+07:00,"4476.22,4476.32,4469.15,4471.74"
2026-03-25 05:55:00+07:00,"4471.76,4484.94,4470.57,4484.54"
2026-03-25 06:00:00+07:00,"4484.47,4485.07,4472.57,4474.97"
2026-03-25 06:05:00+07:00,"4474.97,4484.74,4474.91,4480.46"
2026-03-25 06:10:00+07:00,"4480.44,4485.86,4479.72,4484.71"
2026-03-25 06:15:00+07:00,"4484.67,4499.52,4483.25,4498.26"
2026-03-25 06:20:00+07:00,"4498.18,4503.19,4495.43,4502.19"
2026-03-25 06:25:00+07:00,"4502.18,4510.31,4499.42,4510.16"
2026-03-25 06:30:00+07:00,"4510.15,4512.19,4505.19,4506.16"
2026-03-25 06:35:00+07:00,"4506.14,4546.93,4504.53,4546.08"
2026-03-25 06:40:00+07:00,"4546.15,4546.28,4531.72,4539.84"
2026-03-25 06:45:00+07:00,"4539.83,4550.43,4531.74,4550.01"
2026-03-25 06:50:00+07:00,"4550,4551.98,4536.27,4543.66"
2026-03-25 06:55:00+07:00,"4543.65,4550.72,4542.33,4546.76"
2026-03-25 07:00:00+07:00,"4546.75,4554.14,4537.54,4553.16"
2026-03-25 07:05:00+07:00,"4553.46,4555.07,4541.45,4548.74"
2026-03-25 07:10:00+07:00,"4548.75,4554.94,4548.34,4550.28"
2026-03-25 07:15:00+07:00,"4550.49,4551.93,4538.42,4546.14"
2026-03-25 07:20:00+07:00,"4546.14,4547.63,4540.63,4542.81"
2026-03-25 07:25:00+07:00,"4542.77,4557.06,4541.76,4553.55"
2026-03-25 07:30:00+07:00,"4553.67,4561.5,4546.92,4559.97"
2026-03-25 07:35:00+07:00,"4560.01,4567.35,4559.38,4566.4"
2026-03-25 07:40:00+07:00,"4566.45,4570.11,4564.73,4567.79"
2026-03-25 07:45:00+07:00,"4567.8,4572.03,4563.31,4565.79"
2026-03-25 07:50:00+07:00,"4565.79,4569.76,4561.83,4569.12"
2026-03-25 07:55:00+07:00,"4569.12,4569.55,4561.96,4563.43"
2026-03-25 08:00:00+07:00,"4563.53,4570.71,4552.17,4563.68"
2026-03-25 08:05:00+07:00,"4563.73,4576.51,4563.32,4576.17"
2026-03-25 08:10:00+07:00,"4576.18,4578.83,4569.63,4570.64"
2026-03-25 08:15:00+07:00,"4570.65,4575.77,4567.86,4575.65"
2026-03-25 08:20:00+07:00,"4575.66,4578.8,4571.72,4574.22"
2026-03-25 08:25:00+07:00,"4574.3,4578.57,4572.37,4575.42"
2026-03-25 08:30:00+07:00,"4575.43,4585.44,4573.95,4584.49"
2026-03-25 08:35:00+07:00,"4584.47,4590.34,4583.86,4588.45"
2026-03-25 08:40:00+07:00,"4588.43,4591.33,4583.8,4584.92"
2026-03-25 08:45:00+07:00,"4584.95,4597.07,4583.57,4596.16"
2026-03-25 08:50:00+07:00,"4596.27,4601.28,4593.7,4598.46"
2026-03-25 08:55:00+07:00,"4598.41,4600.79,4594.46,4594.91"
2026-03-25 09:00:00+07:00,"4594.94,4596.24,4585.44,4589.21"
2026-03-25 09:05:00+07:00,"4589.16,4593.28,4581.61,4581.71"
2026-03-25 09:10:00+07:00,"4581.76,4588.25,4579.69,4585.4"
2026-03-25 09:15:00+07:00,"4585.38,4588.53,4584.36,4587.31"
2026-03-25 09:20:00+07:00,"4587.3,4591.85,4584.94,4586.73"
2026-03-25 09:25:00+07:00,"4586.73,4592.79,4585.43,4587.27"
2026-03-25 09:30:00+07:00,"4587.5,4588.34,4581.23,4587.17"
2026-03-25 09:35:00+07:00,"4587.2,4597.42,4585.66,4592.32"
2026-03-25 09:40:00+07:00,"4592.42,4597.5,4590.99,4593.34"
2026-03-25 09:45:00+07:00,"4593.35,4602.91,4589.65,4590.29"
2026-03-25 09:50:00+07:00,"4590.3,4593.25,4584.06,4586.85"
2026-03-25 09:55:00+07:00,"4586.72,4587.44,4581.59,4583.91"
2026-03-25 10:00:00+07:00,"4583.85,4586.38,4573.34,4575.63"
2026-03-25 10:05:00+07:00,"4575.63,4582.68,4574.16,4575.6"
2026-03-25 10:10:00+07:00,"4575.61,4580.76,4573.28,4576.65"
2026-03-25 10:15:00+07:00,"4576.64,4578.68,4571.8,4576.13"
2026-03-25 10:20:00+07:00,"4576.2,4577.81,4572.68,4577.45"
2026-03-25 10:25:00+07:00,"4577.37,4579.99,4575.1,4575.54"
2026-03-25 10:30:00+07:00,"4575.53,4577,4570.89,4573.65"
2026-03-25 10:35:00+07:00,"4573.61,4578.04,4571.73,4573.97"
2026-03-25 10:40:00+07:00,"4573.84,4573.99,4569.6,4569.79"
2026-03-25 10:45:00+07:00,"4569.83,4573.75,4568.11,4569.28"
2026-03-25 10:50:00+07:00,"4569.27,4574.33,4567.64,4573.2"
2026-03-25 10:55:00+07:00,"4573.25,4573.81,4567.59,4570.19"
2026-03-25 11:00:00+07:00,"4570.18,4574.31,4565.69,4573.37"
2026-03-25 11:05:00+07:00,"4573.36,4574.63,4568.47,4571.48"
2026-03-25 11:10:00+07:00,"4571.49,4574.25,4569.56,4573.88"
2026-03-25 11:15:00+07:00,"4574.04,4574.58,4572.87,4573.87"
2026-03-25 11:20:00+07:00,"4573.75,4574.57,4570.8,4572.64"
2026-03-25 11:25:00+07:00,"4572.66,4574.63,4572.03,4574.17"
2026-03-25 11:30:00+07:00,"4574.13,4574.51,4570.97,4571.37"
2026-03-25 11:35:00+07:00,"4571.42,4574.4,4566.04,4571.97"
2026-03-25 11:40:00+07:00,"4571.96,4573.48,4569.22,4569.69"
2026-03-25 11:45:00+07:00,"4569.68,4571.27,4567.88,4570.03"
2026-03-25 11:50:00+07:00,"4570.04,4572.1,4569.45,4570.44"
2026-03-25 11:55:00+07:00,"4570.45,4574.03,4570.31,4573.03"
2026-03-25 12:00:00+07:00,"4573.02,4573.17,4567.48,4569.4"
2026-03-25 12:05:00+07:00,"4569.39,4573.49,4566.78,4571.76"
2026-03-25 12:10:00+07:00,"4571.75,4572.32,4568.16,4571.67"
2026-03-25 12:15:00+07:00,"4571.58,4571.92,4563.89,4564.6"
2026-03-25 12:20:00+07:00,"4564.59,4565.57,4560.57,4562.97"
2026-03-25 12:25:00+07:00,"4562.98,4563.05,4553.85,4554.68"
2026-03-25 12:30:00+07:00,"4554.73,4559.3,4549.33,4553.15"
2026-03-25 12:35:00+07:00,"4553.23,4560.15,4551.53,4559.23"
2026-03-25 12:40:00+07:00,"4559.22,4566.97,4557.03,4566.45"
2026-03-25 12:45:00+07:00,"4566.47,4566.97,4559.38,4559.38"
2026-03-25 12:50:00+07:00,"4559.38,4564.92,4555.53,4559.08"
2026-03-25 12:55:00+07:00,"4559.12,4559.26,4553.53,4555.83"
2026-03-25 13:00:00+07:00,"4555.84,4557.09,4546.22,4550.29"
2026-03-25 13:05:00+07:00,"4550.28,4552.02,4539.06,4540.68"
2026-03-25 13:10:00+07:00,"4540.66,4547.09,4532.83,4534.3"
2026-03-25 13:15:00+07:00,"4534.28,4550.2,4534.28,4549.24"
2026-03-25 13:20:00+07:00,"4549.26,4552.81,4547.54,4551.33"
2026-03-25 13:25:00+07:00,"4551.33,4552.35,4548.04,4550.48"
2026-03-25 13:30:00+07:00,"4550.61,4556.99,4550.28,4553.52"
2026-03-25 13:35:00+07:00,"4553.54,4553.8,4546.3,4546.57"
2026-03-25 13:40:00+07:00,"4546.55,4549.06,4544.28,4546.67"
2026-03-25 13:45:00+07:00,"4546.66,4550.88,4543.76,4548"
2026-03-25 13:50:00+07:00,"4547.96,4550.25,4546.49,4548.18"
2026-03-25 13:55:00+07:00,"4548.14,4549.78,4543.03,4545.68"
2026-03-25 14:00:00+07:00,"4545.29,4550.47,4544.75,4548.68"
2026-03-25 14:05:00+07:00,"4548.72,4552.48,4548.08,4551.17"
2026-03-25 14:10:00+07:00,"4551.19,4559.25,4549.56,4556.72"
2026-03-25 14:15:00+07:00,"4556.71,4562.48,4556.31,4562.11"
2026-03-25 14:20:00+07:00,"4562.1,4563.25,4555.82,4557.08"
2026-03-25 14:25:00+07:00,"4557.16,4562.89,4556.35,4561.2"
2026-03-25 14:30:00+07:00,"4561.24,4561.24,4553.67,4555.16"
2026-03-25 14:35:00+07:00,"4555.19,4555.25,4542.57,4547.02"
2026-03-25 14:40:00+07:00,"4547.03,4552.65,4545.79,4547.09"
2026-03-25 14:45:00+07:00,"4547.08,4550.18,4539.55,4544.54"
2026-03-25 14:50:00+07:00,"4544.52,4546.41,4542.44,4544.79"
2026-03-25 14:55:00+07:00,"4544.69,4545.42,4537.01,4539.55"
2026-03-25 15:00:00+07:00,"4539.74,4549.7,4535.78,4545.61"
2026-03-25 15:05:00+07:00,"4545.6,4555.03,4543.88,4551.86"
2026-03-25 15:10:00+07:00,"4551.86,4559.15,4549.85,4558.65"
2026-03-25 15:15:00+07:00,"4558.63,4564.63,4557.3,4563.31"
2026-03-25 15:20:00+07:00,"4563.38,4567.87,4561.66,4562.53"
2026-03-25 15:25:00+07:00,"4562.54,4567.45,4561.2,4565.57"
2026-03-25 15:30:00+07:00,"4565.42,4567.43,4563.15,4566.41"
2026-03-25 15:35:00+07:00,"4566.26,4566.43,4552.93,4563.5"
2026-03-25 15:40:00+07:00,"4563.43,4568.01,4562.43,4565.28"
2026-03-25 15:45:00+07:00,"4565.23,4567.47,4562.29,4565.09"
2026-03-25 15:50:00+07:00,"4565.06,4567.1,4558.82,4558.98"
2026-03-25 15:55:00+07:00,"4559.02,4561.53,4555.12,4556.04"
2026-03-25 16:00:00+07:00,"4556.05,4565.33,4554.25,4563.21"
2026-03-25 16:05:00+07:00,"4563.17,4567.6,4560.55,4562.59"
2026-03-25 16:10:00+07:00,"4562.58,4566.12,4558.87,4562.28"
2026-03-25 16:15:00+07:00,"4562.27,4565.77,4561.59,4563.61"
2026-03-25 16:20:00+07:00,"4563.7,4566.23,4554.81,4555.78"
2026-03-25 16:25:00+07:00,"4555.84,4560.79,4554.72,4558.67"
2026-03-25 16:30:00+07:00,"4558.6,4560.49,4555.16,4556.53"
2026-03-25 16:35:00+07:00,"4556.52,4559.46,4550.71,4555.47"
2026-03-25 16:40:00+07:00,"4555.48,4557.85,4549.17,4550.77"
2026-03-25 16:45:00+07:00,"4550.76,4551.4,4527.22,4537.9"
2026-03-25 16:50:00+07:00,"4537.91,4548.42,4537.41,4548.32"
2026-03-25 16:55:00+07:00,"4548.35,4555.56,4545.14,4551.95"
2026-03-25 17:00:00+07:00,"4551.96,4560.98,4551.28,4558.98"
2026-03-25 17:05:00+07:00,"4559.06,4560.21,4556.53,4557.23"
2026-03-25 17:10:00+07:00,"4557.07,4558.87,4553.95,4555.2"
2026-03-25 17:15:00+07:00,"4554.58,4558.16,4551.43,4556.68"
2026-03-25 17:20:00+07:00,"4556.67,4558.33,4553.16,4553.99"
2026-03-25 17:25:00+07:00,"4553.99,4558.26,4552.9,4555.44"
2026-03-25 17:30:00+07:00,"4555.43,4557.3,4552.8,4553.55"
2026-03-25 17:35:00+07:00,"4553.51,4559.09,4551.05,4556.14"
2026-03-25 17:40:00+07:00,"4556.25,4558.31,4551.63,4552.19"
2026-03-25 17:45:00+07:00,"4552.25,4558.06,4551.75,4557.59"
2026-03-25 17:50:00+07:00,"4557.63,4562.67,4556.59,4561.36"
2026-03-25 17:55:00+07:00,"4561.37,4561.71,4557.98,4558.69"
2026-03-25 18:00:00+07:00,"4558.7,4566.23,4555.99,4566.12"
2026-03-25 18:05:00+07:00,"4566.11,4569.3,4565.93,4567.85"
2026-03-25 18:10:00+07:00,"4567.83,4568.98,4562.24,4567.68"
2026-03-25 18:15:00+07:00,"4567.65,4568.77,4564.39,4567.65"
2026-03-25 18:20:00+07:00,"4567.7,4582.9,4566.49,4582.08"
2026-03-25 18:25:00+07:00,"4582.09,4582.92,4576.79,4579.8"
2026-03-25 18:30:00+07:00,"4579.82,4584.69,4579.82,4582.9"
2026-03-25 18:35:00+07:00,"4582.88,4586,4581.52,4583.31"
2026-03-25 18:40:00+07:00,"4583.29,4585.05,4581.02,4583.41"
2026-03-25 18:45:00+07:00,"4583.42,4583.87,4573.01,4577.6"
2026-03-25 18:50:00+07:00,"4577.69,4578.51,4572.31,4577.61"
2026-03-25 18:55:00+07:00,"4577.6,4579.53,4575.54,4578.74"
2026-03-25 19:00:00+07:00,"4578.77,4583.63,4578.34,4578.47"
2026-03-25 19:05:00+07:00,"4578.46,4583.76,4572.87,4580.87"
2026-03-25 19:10:00+07:00,"4580.76,4583.49,4577.22,4577.69"
2026-03-25 19:15:00+07:00,"4577.76,4579.28,4562.45,4563.05"
2026-03-25 19:20:00+07:00,"4562.95,4568.42,4552.9,4556.16"
2026-03-25 19:25:00+07:00,"4556.19,4560.47,4540.13,4544.83"
2026-03-25 19:30:00+07:00,"4544.43,4548.15,4521.86,4538.13"
2026-03-25 19:35:00+07:00,"4538.08,4554.8,4538.08,4553.82"
2026-03-25 19:40:00+07:00,"4553.87,4554.47,4547.14,4547.47"
2026-03-25 19:45:00+07:00,"4547.62,4547.62,4536.1,4543.68"
2026-03-25 19:50:00+07:00,"4543.48,4548.28,4539.55,4546.76"
2026-03-25 19:55:00+07:00,"4546.81,4552.66,4543.78,4543.94"
2026-03-25 20:00:00+07:00,"4543.93,4571.25,4541.18,4567.59"
2026-03-25 20:05:00+07:00,"4567.54,4568.55,4559.62,4561.21"
2026-03-25 20:10:00+07:00,"4561.17,4565.88,4557.19,4559.39"
2026-03-25 20:15:00+07:00,"4559.54,4563.82,4555.25,4559.99"
2026-03-25 20:20:00+07:00,"4559.98,4561.71,4551.48,4558.6"
2026-03-25 20:25:00+07:00,"4558.75,4570.59,4556.91,4569.14"
2026-03-25 20:30:00+07:00,"4569.21,4576.71,4562.23,4568.62"
2026-03-25 20:35:00+07:00,"4568.71,4570.81,4557.63,4558.55"
2026-03-25 20:40:00+07:00,"4558.94,4569.81,4556.37,4561.32"
2026-03-25 20:45:00+07:00,"4561.49,4564.08,4551.57,4552.19"
2026-03-25 20:50:00+07:00,"4552.18,4552.27,4540.95,4546.54"
2026-03-25 20:55:00+07:00,"4546.94,4553.61,4540.89,4544.93"
2026-03-25 21:00:00+07:00,"4545.03,4550.26,4533.19,4545.35"
2026-03-25 21:05:00+07:00,"4545.5,4552.08,4539.84,4551.03"
2026-03-25 21:10:00+07:00,"4551.06,4555.29,4548.22,4553.68"
2026-03-25 21:15:00+07:00,"4553.65,4562.35,4553.42,4557.28"
2026-03-25 21:20:00+07:00,"4557.33,4559.78,4545.92,4548.08"
2026-03-25 21:25:00+07:00,"4548.09,4562.8,4547.01,4562.77"
2026-03-25 21:30:00+07:00,"4562.78,4566.54,4557.37,4565.8"
2026-03-25 21:35:00+07:00,"4565.82,4566.82,4561.73,4565.08"
2026-03-25 21:40:00+07:00,"4565.1,4569.34,4561.74,4565.57"
2026-03-25 21:45:00+07:00,"4565.58,4574.36,4565.58,4572.69"
2026-03-25 21:50:00+07:00,"4572.68,4579.54,4567.14,4568.25"
2026-03-25 21:55:00+07:00,"4568.23,4570.2,4563.87,4567.03"
2026-03-25 22:00:00+07:00,"4567.02,4569.37,4561.85,4564.46"
2026-03-25 22:05:00+07:00,"4564.42,4565.55,4549.53,4549.86"
2026-03-25 22:10:00+07:00,"4550.03,4556.09,4549.57,4549.78"
2026-03-25 22:15:00+07:00,"4549.86,4551.75,4524.9,4546.25"
2026-03-25 22:20:00+07:00,"4546.27,4561.78,4545.62,4556.4"
2026-03-25 22:25:00+07:00,"4556.55,4560.84,4552.89,4560.71"
2026-03-25 22:30:00+07:00,"4560.78,4565.21,4560.59,4562.66"
2026-03-25 22:35:00+07:00,"4562.81,4565.13,4558.18,4558.39"
2026-03-25 22:40:00+07:00,"4558.42,4561.16,4555.23,4557.21"
2026-03-25 22:45:00+07:00,"4557.22,4558.6,4553.46,4557.38"
2026-03-25 22:50:00+07:00,"4557.42,4563.43,4557.22,4561.81"
2026-03-25 22:55:00+07:00,"4561.91,4566.07,4558.78,4559.09"
2026-03-25 23:00:00+07:00,"4559.1,4565.11,4556.91,4558.78"
2026-03-25 23:05:00+07:00,"4558.74,4562.28,4553.16,4560.38"
2026-03-25 23:10:00+07:00,"4560.39,4561.11,4552.53,4553.9"
2026-03-25 23:15:00+07:00,"4553.88,4555.3,4546.17,4549.49"
2026-03-25 23:20:00+07:00,"4549.56,4556.8,4545.14,4556.5"
2026-03-25 23:25:00+07:00,"4556.03,4560.82,4552.53,4555.67"
2026-03-25 23:30:00+07:00,"4555.65,4556.9,4551.32,4553.09"
2026-03-25 23:35:00+07:00,"4553.04,4560.59,4551.17,4559.58"
2026-03-25 23:40:00+07:00,"4559.61,4561.11,4554.37,4556.14"
2026-03-25 23:45:00+07:00,"4556.1,4556.38,4551.16,4552.27"
2026-03-25 23:50:00+07:00,"4552.22,4559.39,4549.78,4558.23"
2026-03-25 23:55:00+07:00,"4558.22,4558.55,4555.11,4555.2"
2026-03-26 00:00:00+07:00,"4555.1,4557.94,4551.05,4553.1"
2026-03-26 00:05:00+07:00,"4553.36,4554.2,4545.46,4545.72"
2026-03-26 00:10:00+07:00,"4545.74,4554.25,4543.44,4551.01"
2026-03-26 00:15:00+07:00,"4551.03,4552.26,4542.55,4545.93"
2026-03-26 00:20:00+07:00,"4546.01,4556,4545.59,4551.94"
2026-03-26 00:25:00+07:00,"4551.93,4558.52,4551.47,4553.52"
2026-03-26 00:30:00+07:00,"4553.62,4563.41,4550.22,4562.69"
2026-03-26 00:35:00+07:00,"4562.75,4564.06,4560.28,4561.8"
2026-03-26 00:40:00+07:00,"4561.86,4561.86,4557.46,4560.46"
2026-03-26 00:45:00+07:00,"4560.43,4562.15,4557.86,4559.08"
2026-03-26 00:50:00+07:00,"4559.07,4559.08,4546.77,4547.65"
2026-03-26 00:55:00+07:00,"4547.69,4555.78,4545.74,4550.68"
2026-03-26 01:00:00+07:00,"4550.68,4569.13,4545.3,4552.43"
2026-03-26 01:05:00+07:00,"4552.42,4560.46,4550.93,4551.66"
2026-03-26 01:10:00+07:00,"4551.55,4553.37,4547.86,4551.53"
2026-03-26 01:15:00+07:00,"4551.48,4552.3,4546.11,4549.1"
2026-03-26 01:20:00+07:00,"4549.05,4555.45,4549.05,4555.4"
2026-03-26 01:25:00+07:00,"4555.41,4556.73,4551.26,4551.88"
2026-03-26 01:30:00+07:00,"4551.92,4557.92,4551.74,4556.6"
2026-03-26 01:35:00+07:00,"4556.62,4557.38,4549.68,4550.24"
2026-03-26 01:40:00+07:00,"4550.26,4550.9,4546.97,4549.27"
2026-03-26 01:45:00+07:00,"4549.29,4549.81,4543,4544.36"
2026-03-26 01:50:00+07:00,"4544.63,4545.86,4538.78,4541.82"
2026-03-26 01:55:00+07:00,"4541.86,4541.94,4530.5,4538.3"
2026-03-26 02:00:00+07:00,"4538.35,4539.69,4529.68,4533.5"
2026-03-26 02:05:00+07:00,"4533.51,4535.8,4502.61,4503.61"
2026-03-26 02:10:00+07:00,"4503.56,4510.42,4486.31,4509.3"
2026-03-26 02:15:00+07:00,"4509.29,4516.48,4502.25,4510.36"
2026-03-26 02:20:00+07:00,"4510.29,4514.66,4505.32,4514.17"
2026-03-26 02:25:00+07:00,"4514.22,4519.06,4510.49,4513.06"
2026-03-26 02:30:00+07:00,"4513.1,4518.55,4512.08,4516.28"
2026-03-26 02:35:00+07:00,"4516.33,4517.95,4506.21,4511.84"
2026-03-26 02:40:00+07:00,"4511.83,4527.4,4511.23,4522.49"
2026-03-26 02:45:00+07:00,"4522.46,4523.88,4513.56,4514.86"
2026-03-26 02:50:00+07:00,"4514.91,4520.46,4513.88,4518.21"
2026-03-26 02:55:00+07:00,"4518.2,4533.75,4517.18,4530.98"
2026-03-26 03:00:00+07:00,"4530.89,4542.23,4529.69,4535.74"
2026-03-26 03:05:00+07:00,"4535.42,4537.04,4526.16,4526.69"
2026-03-26 03:10:00+07:00,"4526.72,4529.96,4522.8,4529.53"
2026-03-26 03:15:00+07:00,"4529.51,4534.27,4529.38,4531.08"
2026-03-26 03:20:00+07:00,"4531.07,4531.25,4522.11,4524.13"
2026-03-26 03:25:00+07:00,"4524.12,4526.44,4522.3,4523.69"
2026-03-26 03:30:00+07:00,"4523.71,4525.12,4518.96,4521.12"
2026-03-26 03:35:00+07:00,"4521.11,4521.33,4502.85,4503.97"
2026-03-26 03:40:00+07:00,"4504.43,4506.69,4494.61,4504.41"
2026-03-26 03:45:00+07:00,"4504.26,4507.19,4501.59,4506.1"
2026-03-26 03:50:00+07:00,"4506.14,4507.63,4501.38,4503.93"
2026-03-26 03:55:00+07:00,"4504.02,4508.27,4502.59,4508.17"
2026-03-26 05:00:00+07:00,"4512.69,4525.14,4511.2,4520.72"
2026-03-26 05:05:00+07:00,"4520.85,4532.22,4508.36,4509.4"
2026-03-26 05:10:00+07:00,"4509.42,4517.5,4508.9,4512.58"
2026-03-26 05:15:00+07:00,"4512.55,4514.39,4505.44,4508.35"
2026-03-26 05:20:00+07:00,"4508.36,4517.86,4507.14,4517.23"
2026-03-26 05:25:00+07:00,"4517.24,4520.18,4509.45,4511.93"
2026-03-26 05:30:00+07:00,"4511.95,4521.64,4507.83,4520.49"
2026-03-26 05:35:00+07:00,"4520.21,4527.34,4516.71,4525.93"
2026-03-26 05:40:00+07:00,"4525.92,4534.96,4521.97,4531.94"
2026-03-26 05:45:00+07:00,"4531.96,4533.38,4517.3,4518.65"
2026-03-26 05:50:00+07:00,"4518.46,4524.77,4515,4516.8"
2026-03-26 05:55:00+07:00,"4516.79,4520.26,4512,4517.64"
2026-03-26 06:00:00+07:00,"4517.61,4518.74,4503.51,4504.34"
2026-03-26 06:05:00+07:00,"4504.28,4513.41,4497.51,4507.39"
2026-03-26 06:10:00+07:00,"4507.38,4514.75,4505.99,4508.87"
2026-03-26 06:15:00+07:00,"4508.86,4513.08,4506.07,4506.68"
2026-03-26 06:20:00+07:00,"4506.68,4506.86,4498.48,4503.13"
2026-03-26 06:25:00+07:00,"4503.13,4506.28,4496.83,4505.46"
2026-03-26 06:30:00+07:00,"4505.56,4511.27,4503.98,4505.91"
2026-03-26 06:35:00+07:00,"4505.96,4506.37,4489.62,4494.21"
2026-03-26 06:40:00+07:00,"4494.15,4498.01,4488.79,4494.65"
2026-03-26 06:45:00+07:00,"4494.57,4498.64,4491.19,4492.2"
2026-03-26 06:50:00+07:00,"4492.19,4498.42,4491.23,4495.57"
2026-03-26 06:55:00+07:00,"4495.56,4500,4494,4498.27"
2026-03-26 07:00:00+07:00,"4498.24,4513.38,4498.18,4510.09"
2026-03-26 07:05:00+07:00,"4510.06,4521.24,4508.28,4514.05"
2026-03-26 07:10:00+07:00,"4514.1,4527.82,4508.8,4527.75"
2026-03-26 07:15:00+07:00,"4527.74,4536.04,4524.22,4527.55"
2026-03-26 07:20:00+07:00,"4527.4,4532.88,4523.86,4527.17"
2026-03-26 07:25:00+07:00,"4527.27,4530.5,4524.22,4525.63"
2026-03-26 07:30:00+07:00,"4525.62,4532.1,4524.82,4525.27"
2026-03-26 07:35:00+07:00,"4525.26,4530.21,4524.75,4527.05"
2026-03-26 07:40:00+07:00,"4527.06,4532.85,4526.86,4528.13"
2026-03-26 07:45:00+07:00,"4528.23,4536.75,4527.33,4534.76"
2026-03-26 07:50:00+07:00,"4534.8,4539.5,4527.83,4528.21"
2026-03-26 07:55:00+07:00,"4528.27,4536.19,4528.03,4535.55"
2026-03-26 08:00:00+07:00,"4535.6,4544.44,4531.06,4538.34"
2026-03-26 08:05:00+07:00,"4538.3,4540.89,4533.7,4538.88"
2026-03-26 08:10:00+07:00,"4538.88,4540.25,4533.32,4538.42"
2026-03-26 08:15:00+07:00,"4538.43,4538.65,4526.71,4530.13"
2026-03-26 08:20:00+07:00,"4530.24,4537.6,4528.96,4531.75"
2026-03-26 08:25:00+07:00,"4531.73,4536.76,4528.8,4534.56"
2026-03-26 08:30:00+07:00,"4534.56,4538,4529.07,4530.62"
2026-03-26 08:35:00+07:00,"4530.62,4533.46,4525.93,4530.82"
2026-03-26 08:40:00+07:00,"4530.8,4536.56,4527.44,4530.35"
2026-03-26 08:45:00+07:00,"4530.31,4531.95,4523.6,4524.51"
2026-03-26 08:50:00+07:00,"4524.61,4534.82,4522.06,4530.26"
2026-03-26 08:55:00+07:00,"4530.31,4536.44,4528.83,4535.46"
2026-03-26 09:00:00+07:00,"4535.55,4535.94,4527.52,4533.76"
2026-03-26 09:05:00+07:00,"4533.72,4534.2,4528.29,4529.39"
2026-03-26 09:10:00+07:00,"4529.38,4534.35,4528.86,4531.49"
2026-03-26 09:15:00+07:00,"4531.43,4533.26,4524.96,4528.32"
2026-03-26 09:20:00+07:00,"4528.31,4531.44,4524.59,4525.01"
2026-03-26 09:25:00+07:00,"4525.16,4529.99,4525.16,4528.22"
2026-03-26 09:30:00+07:00,"4528.22,4530.71,4520.07,4523.56"
2026-03-26 09:35:00+07:00,"4523.61,4524.1,4511.85,4514.52"
2026-03-26 09:40:00+07:00,"4514.47,4521.49,4514.07,4519.54"
2026-03-26 09:45:00+07:00,"4519.49,4521.26,4515.11,4516.68"
2026-03-26 09:50:00+07:00,"4516.73,4517.99,4512.3,4515.62"
2026-03-26 09:55:00+07:00,"4515.6,4515.94,4505.52,4509"
2026-03-26 10:00:00+07:00,"4508.98,4509.97,4501.85,4504.9"
2026-03-26 10:05:00+07:00,"4504.69,4509.92,4503.98,4504.37"
2026-03-26 10:10:00+07:00,"4504.37,4511.96,4503.11,4511.46"
2026-03-26 10:15:00+07:00,"4511.46,4513.86,4505.75,4507.41"
2026-03-26 10:20:00+07:00,"4507.4,4508.04,4499.46,4504.41"
2026-03-26 10:25:00+07:00,"4504.41,4509.49,4503.77,4506.77"
2026-03-26 10:30:00+07:00,"4506.85,4517.02,4506.5,4516.34"
2026-03-26 10:35:00+07:00,"4516.33,4518.3,4514.95,4517.5"
2026-03-26 10:40:00+07:00,"4517.5,4518.93,4514.97,4515.73"
2026-03-26 10:45:00+07:00,"4515.7,4516.28,4513.81,4515.37"
2026-03-26 10:50:00+07:00,"4515.38,4515.48,4510.46,4510.92"
2026-03-26 10:55:00+07:00,"4510.91,4517.13,4510.43,4516.93"
2026-03-26 11:00:00+07:00,"4516.95,4518.15,4512.63,4513.18"
2026-03-26 11:05:00+07:00,"4513.19,4517.43,4511.52,4517.28"
2026-03-26 11:10:00+07:00,"4517.18,4519.36,4516.45,4518.45"
2026-03-26 11:15:00+07:00,"4518.44,4519.94,4516.38,4517.05"
2026-03-26 11:20:00+07:00,"4517.06,4520.47,4516.08,4518.81"
2026-03-26 11:25:00+07:00,"4518.77,4522.15,4518.72,4520.84"
2026-03-26 11:30:00+07:00,"4520.82,4522.48,4519.2,4519.92"
2026-03-26 11:35:00+07:00,"4519.91,4520.13,4517.06,4517.23"
2026-03-26 11:40:00+07:00,"4517.24,4519.85,4516.47,4517.92"
2026-03-26 11:45:00+07:00,"4517.92,4524.42,4517.87,4522.01"
2026-03-26 11:50:00+07:00,"4522.03,4522.41,4518.97,4520.38"
2026-03-26 11:55:00+07:00,"4520.39,4521.81,4519.44,4520.5"
2026-03-26 12:00:00+07:00,"4520.5,4522.39,4517.76,4518.33"
2026-03-26 12:05:00+07:00,"4518.33,4519.02,4511.72,4511.91"
2026-03-26 12:10:00+07:00,"4511.85,4512.63,4507.64,4508.7"
2026-03-26 12:15:00+07:00,"4508.67,4510.76,4505.95,4510.72"
2026-03-26 12:20:00+07:00,"4510.7,4511.51,4501.6,4505.33"
2026-03-26 12:25:00+07:00,"4505.33,4505.44,4488.8,4493.49"
2026-03-26 12:30:00+07:00,"4493.5,4494.54,4479.78,4493.84"
2026-03-26 12:35:00+07:00,"4493.79,4495.81,4485.5,4490.12"
2026-03-26 12:40:00+07:00,"4490.11,4495.47,4482.75,4482.75"
2026-03-26 12:45:00+07:00,"4482.75,4484.42,4468,4472.85"
2026-03-26 12:50:00+07:00,"4472.86,4476.34,4459.56,4462.43"
2026-03-26 12:55:00+07:00,"4462.48,4463.64,4438.99,4439.08"
2026-03-26 13:00:00+07:00,"4439.09,4450.73,4427.76,4442.19"
2026-03-26 13:05:00+07:00,"4442.38,4443.83,4423.35,4438.35"
2026-03-26 13:10:00+07:00,"4438.36,4442.12,4418.27,4421.29"
2026-03-26 13:15:00+07:00,"4421.3,4435.5,4415.52,4429.89"
2026-03-26 13:20:00+07:00,"4429.68,4436.3,4428.53,4432.12"
2026-03-26 13:25:00+07:00,"4432.07,4441.53,4427.84,4440.26"
2026-03-26 13:30:00+07:00,"4440.25,4440.8,4435.4,4436.8"
2026-03-26 13:35:00+07:00,"4436.79,4444.07,4430.14,4442.85"
2026-03-26 13:40:00+07:00,"4442.86,4447.93,4439.36,4447.87"
2026-03-26 13:45:00+07:00,"4447.72,4457.48,4445.82,4449.33"
2026-03-26 13:50:00+07:00,"4449.34,4455.83,4443.98,4453.95"
2026-03-26 13:55:00+07:00,"4453.96,4459.59,4451.85,4456.37"
2026-03-26 14:00:00+07:00,"4456.41,4460.74,4451.4,4455.38"
2026-03-26 14:05:00+07:00,"4455.4,4455.49,4444.98,4450.94"
2026-03-26 14:10:00+07:00,"4450.92,4451.24,4442.85,4447.88"
2026-03-26 14:15:00+07:00,"4447.83,4449.67,4444.38,4448.19"
2026-03-26 14:20:00+07:00,"4448.09,4452.13,4438.47,4447.05"
2026-03-26 14:25:00+07:00,"4447.06,4449.38,4442.95,4448.32"
2026-03-26 14:30:00+07:00,"4448.44,4460.16,4447.73,4457.36"
2026-03-26 14:35:00+07:00,"4457.37,4459.29,4448.85,4458.31"
2026-03-26 14:40:00+07:00,"4458.33,4464.01,4452.12,4460.42"
2026-03-26 14:45:00+07:00,"4460.47,4463.26,4453.27,4458.57"
2026-03-26 14:50:00+07:00,"4458.55,4460.15,4451.92,4453.5"
2026-03-26 14:55:00+07:00,"4453.91,4458.3,4450.15,4452.65"
2026-03-26 15:00:00+07:00,"4452.6,4459.38,4449.46,4454.54"
2026-03-26 15:05:00+07:00,"4454.59,4457.56,4449.52,4452.65"
2026-03-26 15:10:00+07:00,"4452.6,4457.38,4440.23,4445.28"
2026-03-26 15:15:00+07:00,"4445.29,4447.6,4434.37,4445.1"
2026-03-26 15:20:00+07:00,"4445.25,4446.87,4429.78,4432.2"
2026-03-26 15:25:00+07:00,"4432.19,4441.73,4424.54,4428.49"
2026-03-26 15:30:00+07:00,"4428.48,4438.35,4424.91,4438.19"
2026-03-26 15:35:00+07:00,"4438.11,4438.14,4427.13,4433.74"
2026-03-26 15:40:00+07:00,"4433.67,4437.59,4412.83,4419.9"
2026-03-26 15:45:00+07:00,"4419.9,4432.84,4418.37,4424"
2026-03-26 15:50:00+07:00,"4424.04,4437.52,4423.77,4436.75"
2026-03-26 15:55:00+07:00,"4436.78,4440.53,4427.33,4427.95"
2026-03-26 16:00:00+07:00,"4427.81,4434.98,4422.45,4423.46"
2026-03-26 16:05:00+07:00,"4423.48,4433.25,4418.09,4427.92"
2026-03-26 16:10:00+07:00,"4427.87,4432.62,4423.85,4431.15"
2026-03-26 16:15:00+07:00,"4430.81,4431.99,4424.92,4427.87"
2026-03-26 16:20:00+07:00,"4427.86,4437.07,4426.59,4431"
2026-03-26 16:25:00+07:00,"4430.94,4432.84,4427.4,4432.51"
2026-03-26 16:30:00+07:00,"4432.49,4432.49,4414.68,4422.6"
2026-03-26 16:35:00+07:00,"4422.64,4427.98,4417.67,4427.77"
2026-03-26 16:40:00+07:00,"4427.72,4431.72,4423.99,4424.33"
2026-03-26 16:45:00+07:00,"4424.27,4426.69,4418.23,4419.16"
2026-03-26 16:50:00+07:00,"4419.11,4427.41,4416.84,4425.34"
2026-03-26 16:55:00+07:00,"4425.34,4428.03,4419.96,4423.69"
2026-03-26 17:00:00+07:00,"4423.8,4425.56,4417.04,4421.05"
2026-03-26 17:05:00+07:00,"4421.06,4429,4418.18,4422.54"
2026-03-26 17:10:00+07:00,"4422.56,4426.54,4421.32,4424.99"
2026-03-26 17:15:00+07:00,"4425.02,4436.27,4424.66,4434.6"
2026-03-26 17:20:00+07:00,"4434.51,4443.88,4431.54,4441.43"
2026-03-26 17:25:00+07:00,"4441.46,4448.36,4439.13,4441.97"
2026-03-26 17:30:00+07:00,"4441.62,4444.07,4437.36,4439.75"
2026-03-26 17:35:00+07:00,"4439.74,4444.59,4428.87,4430.98"
2026-03-26 17:40:00+07:00,"4430.99,4437.51,4423.15,4428.44"
2026-03-26 17:45:00+07:00,"4428.56,4441.14,4425.25,4441.04"
2026-03-26 17:50:00+07:00,"4440.99,4447.74,4437.67,4440.08"
2026-03-26 17:55:00+07:00,"4440.1,4447.28,4438.11,4443.66"
2026-03-26 18:00:00+07:00,"4443.75,4448.94,4440.02,4445.94"
2026-03-26 18:05:00+07:00,"4446.03,4447.13,4441.2,4442.45"
2026-03-26 18:10:00+07:00,"4442.46,4444.91,4440.17,4442.03"
2026-03-26 18:15:00+07:00,"4442.04,4448.94,4439.36,4447.12"
2026-03-26 18:20:00+07:00,"4447.14,4456.86,4445.81,4447.66"
2026-03-26 18:25:00+07:00,"4447.68,4448.74,4440.62,4443.36"
2026-03-26 18:30:00+07:00,"4443.37,4451.22,4442.08,4448.25"
2026-03-26 18:35:00+07:00,"4448.24,4449.63,4444.82,4449.22"
2026-03-26 18:40:00+07:00,"4449.23,4452.19,4437.95,4440.73"
2026-03-26 18:45:00+07:00,"4440.74,4442.71,4425.26,4426.51"
2026-03-26 18:50:00+07:00,"4426.23,4428.79,4420.42,4427.46"
2026-03-26 18:55:00+07:00,"4427.56,4432.6,4418.9,4423.26"
2026-03-26 19:00:00+07:00,"4423.59,4428.55,4416.3,4425.57"
2026-03-26 19:05:00+07:00,"4425.65,4440.32,4422.98,4439.66"
2026-03-26 19:10:00+07:00,"4439.67,4445.91,4437.91,4442.21"
2026-03-26 19:15:00+07:00,"4442.32,4445.43,4434.03,4436"
2026-03-26 19:20:00+07:00,"4435.93,4441.75,4433.75,4438.48"
2026-03-26 19:25:00+07:00,"4438.49,4443.62,4434.9,4437.72"
2026-03-26 19:30:00+07:00,"4437.8,4444.6,4431.71,4435.63"
2026-03-26 19:35:00+07:00,"4435.64,4444.96,4432.95,4444.96"
2026-03-26 19:40:00+07:00,"4444.95,4444.97,4435.52,4436.75"
2026-03-26 19:45:00+07:00,"4436.76,4443.56,4432.39,4434.92"
2026-03-26 19:50:00+07:00,"4434.77,4438.29,4431.94,4432.69"
2026-03-26 19:55:00+07:00,"4432.6,4434.36,4428,4429.28"
2026-03-26 20:00:00+07:00,"4429.2,4439.69,4420.17,4437.97"
2026-03-26 20:05:00+07:00,"4437.99,4441.95,4435.43,4439.85"
2026-03-26 20:10:00+07:00,"4439.7,4445.55,4437.91,4438.52"
2026-03-26 20:15:00+07:00,"4438.57,4442.65,4434.26,4440.57"
2026-03-26 20:20:00+07:00,"4440.52,4453.84,4439.66,4450.74"
2026-03-26 20:25:00+07:00,"4450.75,4452.29,4443.59,4448.05"
2026-03-26 20:30:00+07:00,"4448.07,4451.62,4434.63,4442.72"
2026-03-26 20:35:00+07:00,"4442.27,4447.27,4433.97,4434.72"
2026-03-26 20:40:00+07:00,"4434.77,4453.71,4428.9,4453.71"
2026-03-26 20:45:00+07:00,"4453.72,4460.61,4450.19,4452.42"
2026-03-26 20:50:00+07:00,"4452.44,4460.1,4448.59,4456.54"
2026-03-26 20:55:00+07:00,"4456.56,4457.26,4436.3,4452.52"
2026-03-26 21:00:00+07:00,"4452.92,4456.39,4445.71,4449.99"
2026-03-26 21:05:00+07:00,"4449.95,4450.55,4442.92,4447.43"
2026-03-26 21:10:00+07:00,"4447.28,4449.34,4436.96,4446.55"
2026-03-26 21:15:00+07:00,"4446.57,4460.83,4443.96,4455.2"
2026-03-26 21:20:00+07:00,"4455.18,4470.09,4452.01,4458.52"
2026-03-26 21:25:00+07:00,"4458.53,4465.84,4451.2,4459.16"
2026-03-26 21:30:00+07:00,"4459.17,4476.57,4458.22,4475.24"
2026-03-26 21:35:00+07:00,"4475.25,4478.86,4463.53,4468.56"
2026-03-26 21:40:00+07:00,"4468.24,4479.49,4458.6,4459.93"
2026-03-26 21:45:00+07:00,"4459.74,4469.58,4456.54,4461.88"
2026-03-26 21:50:00+07:00,"4461.97,4468.45,4448.78,4449.45"
2026-03-26 21:55:00+07:00,"4449.76,4467.68,4445.78,4464.8"
2026-03-26 22:00:00+07:00,"4464.82,4469.02,4458.11,4459.63"
2026-03-26 22:05:00+07:00,"4459.62,4464.41,4450.24,4454.43"
2026-03-26 22:10:00+07:00,"4454.53,4461.38,4454.17,4455.52"
2026-03-26 22:15:00+07:00,"4455.52,4458.38,4448.76,4455.63"
2026-03-26 22:20:00+07:00,"4455.55,4458.04,4449.2,4453.77"
2026-03-26 22:25:00+07:00,"4453.69,4458.44,4450.54,4454.51"
2026-03-26 22:30:00+07:00,"4454.34,4454.42,4438.17,4442.61"
2026-03-26 22:35:00+07:00,"4442.72,4446.18,4436.36,4440.02"
2026-03-26 22:40:00+07:00,"4439.97,4444.32,4437.79,4440.25"
2026-03-26 22:45:00+07:00,"4440.2,4446.63,4439.05,4443.48"
2026-03-26 22:50:00+07:00,"4443.4,4446.67,4442.19,4445.74"
2026-03-26 22:55:00+07:00,"4445.68,4445.82,4433.74,4438.35"
2026-03-26 23:00:00+07:00,"4438.26,4438.98,4425.42,4436.84"
2026-03-26 23:05:00+07:00,"4436.88,4442.22,4434.52,4439.59"
2026-03-26 23:10:00+07:00,"4439.53,4442.78,4434.26,4439.98"
2026-03-26 23:15:00+07:00,"4439.9,4439.9,4420.46,4426.7"
2026-03-26 23:20:00+07:00,"4426.64,4428.92,4389.69,4400.93"
2026-03-26 23:25:00+07:00,"4400.98,4401.09,4386.4,4396.41"
2026-03-26 23:30:00+07:00,"4396.46,4396.46,4376.06,4392.63"
2026-03-26 23:35:00+07:00,"4392.62,4393.59,4366.89,4375.99"
2026-03-26 23:40:00+07:00,"4375.83,4387.7,4373.33,4381.3"
2026-03-26 23:45:00+07:00,"4381.01,4391.03,4378.45,4385.87"
2026-03-26 23:50:00+07:00,"4385.97,4390.61,4380.57,4388.52"
2026-03-26 23:55:00+07:00,"4388.64,4392.85,4386.82,4389.3"
2026-03-27 00:00:00+07:00,"4389.14,4397.61,4385,4391.09"
2026-03-27 00:05:00+07:00,"4391.02,4402.5,4390.72,4398.2"
2026-03-27 00:10:00+07:00,"4398.21,4399.69,4388.43,4394.86"
2026-03-27 00:15:00+07:00,"4395.01,4397.3,4385.94,4396.06"
2026-03-27 00:20:00+07:00,"4396.11,4397.36,4383.5,4386.21"
2026-03-27 00:25:00+07:00,"4386.06,4386.45,4376.98,4383.31"
2026-03-27 00:30:00+07:00,"4383.96,4388.52,4377.49,4386.1"
2026-03-27 00:35:00+07:00,"4386.16,4393.26,4383.32,4388.23"
2026-03-27 00:40:00+07:00,"4388.24,4388.24,4380.87,4385.78"
2026-03-27 00:45:00+07:00,"4385.73,4391.22,4383.11,4385.88"
2026-03-27 00:50:00+07:00,"4385.84,4388.59,4381.12,4384.38"
2026-03-27 00:55:00+07:00,"4384.41,4386.3,4379.28,4381.41"
2026-03-27 01:00:00+07:00,"4381.42,4386.64,4380.12,4381.32"
2026-03-27 01:05:00+07:00,"4381.34,4390.58,4380.36,4387.03"
2026-03-27 01:10:00+07:00,"4387.05,4389.8,4381.38,4388.43"
2026-03-27 01:15:00+07:00,"4388.43,4388.57,4378.36,4381.95"
2026-03-27 01:20:00+07:00,"4381.82,4382.08,4367.63,4376.59"
2026-03-27 01:25:00+07:00,"4376.54,4378.66,4369.13,4374.35"
2026-03-27 01:30:00+07:00,"4374.41,4383.2,4373.36,4382.08"
2026-03-27 01:35:00+07:00,"4381.94,4390.22,4380.41,4389.52"
2026-03-27 01:40:00+07:00,"4389.5,4395.93,4389.5,4393.4"
2026-03-27 01:45:00+07:00,"4393.38,4398,4390.69,4395.39"
2026-03-27 01:50:00+07:00,"4395.38,4397.88,4393.04,4394.28"
2026-03-27 01:55:00+07:00,"4394.26,4396.57,4391.52,4394.53"
2026-03-27 02:00:00+07:00,"4394.58,4399.66,4389.94,4390.07"
2026-03-27 02:05:00+07:00,"4390.02,4393.98,4384.69,4385.99"
2026-03-27 02:10:00+07:00,"4386.06,4388.95,4381.96,4387.98"
2026-03-27 02:15:00+07:00,"4387.85,4392.04,4386.62,4390.46"
2026-03-27 02:20:00+07:00,"4390.45,4392.47,4387.92,4389.07"
2026-03-27 02:25:00+07:00,"4389.02,4390.45,4378.3,4380.84"
2026-03-27 02:30:00+07:00,"4380.89,4385,4375,4381.6"
2026-03-27 02:35:00+07:00,"4381.57,4388.55,4379.94,4383.15"
2026-03-27 02:40:00+07:00,"4383.14,4384.81,4377.99,4378.79"
2026-03-27 02:45:00+07:00,"4378.89,4380.14,4373.15,4375.68"
2026-03-27 02:50:00+07:00,"4375.63,4375.78,4363.63,4364.38"
2026-03-27 02:55:00+07:00,"4364.42,4367.43,4359.08,4363.77"
2026-03-27 03:00:00+07:00,"4363.45,4364.99,4353.03,4353.85"
2026-03-27 03:05:00+07:00,"4353.86,4357.74,4350.87,4356.04"
2026-03-27 03:10:00+07:00,"4356.02,4409.61,4354.67,4397.03"
2026-03-27 03:15:00+07:00,"4397.04,4404.58,4379.88,4396.97"
2026-03-27 03:20:00+07:00,"4397.18,4416.43,4391.27,4399.81"
2026-03-27 03:25:00+07:00,"4399.8,4406.03,4393.39,4404.33"
2026-03-27 03:30:00+07:00,"4404.31,4409.11,4398.88,4401.34"
2026-03-27 03:35:00+07:00,"4401.33,4421.27,4397.15,4420.27"
2026-03-27 03:40:00+07:00,"4420.03,4420.03,4405.02,4405.99"
2026-03-27 03:45:00+07:00,"4406,4410.37,4397.46,4401.65"
2026-03-27 03:50:00+07:00,"4401.66,4403.66,4372.94,4375.9"
2026-03-27 03:55:00+07:00,"4375.87,4383.79,4373.45,4382.28"
2026-03-27 05:00:00+07:00,"4377.35,4396.24,4377.35,4387.56"
2026-03-27 05:05:00+07:00,"4387.61,4402.05,4385.68,4394.81"
2026-03-27 05:10:00+07:00,"4394.8,4404.58,4391.63,4400.95"
2026-03-27 05:15:00+07:00,"4400.92,4408.6,4400.54,4406.75"
2026-03-27 05:20:00+07:00,"4406.78,4406.88,4398.48,4400.64"
2026-03-27 05:25:00+07:00,"4400.49,4400.77,4394.42,4398.31"
2026-03-27 05:30:00+07:00,"4398.33,4411.25,4394.82,4406.56"
2026-03-27 05:35:00+07:00,"4406.66,4410.19,4405.26,4408.84"
2026-03-27 05:40:00+07:00,"4408.84,4415.47,4406.92,4406.96"
2026-03-27 05:45:00+07:00,"4406.95,4408.54,4400.01,4408.24"
2026-03-27 05:50:00+07:00,"4408.26,4412.55,4406.49,4407.01"
2026-03-27 05:55:00+07:00,"4406.84,4413.15,4404.43,4410.77"
2026-03-27 06:00:00+07:00,"4411.25,4414.59,4402.04,4402.31"
2026-03-27 06:05:00+07:00,"4402.43,4403.54,4391.25,4392.13"
2026-03-27 06:10:00+07:00,"4392.12,4397.25,4389.99,4393.14"
2026-03-27 06:15:00+07:00,"4393.11,4401.6,4391.56,4400.78"
2026-03-27 06:20:00+07:00,"4400.76,4401.07,4393.66,4397.46"
2026-03-27 06:25:00+07:00,"4397.46,4399.6,4394.09,4399.52"
2026-03-27 06:30:00+07:00,"4399.41,4402.88,4396.16,4400.05"
2026-03-27 06:35:00+07:00,"4399.93,4408.02,4399.67,4405.53"
2026-03-27 06:40:00+07:00,"4405.57,4406.56,4396,4400.13"
2026-03-27 06:45:00+07:00,"4400.29,4403.43,4396.35,4397.44"
2026-03-27 06:50:00+07:00,"4397.46,4405.78,4397.28,4405.34"
2026-03-27 06:55:00+07:00,"4405.9,4405.9,4402.33,4404.81"
2026-03-27 07:00:00+07:00,"4404.87,4411.25,4404.87,4408.86"
2026-03-27 07:05:00+07:00,"4408.78,4409.8,4404.02,4408.6"
2026-03-27 07:10:00+07:00,"4408.4,4409.01,4403.12,4404.12"
2026-03-27 07:15:00+07:00,"4404.1,4404.92,4395.79,4397.19"
2026-03-27 07:20:00+07:00,"4397.2,4397.78,4382.63,4389.88"
2026-03-27 07:25:00+07:00,"4389.8,4391.97,4385.77,4391.14"
2026-03-27 07:30:00+07:00,"4391.03,4396.44,4391,4395.48"
2026-03-27 07:35:00+07:00,"4395.37,4395.37,4387.26,4390.2"
2026-03-27 07:40:00+07:00,"4390.24,4392.18,4387.51,4390.95"
2026-03-27 07:45:00+07:00,"4390.96,4391.28,4384.14,4384.53"
2026-03-27 07:50:00+07:00,"4384.52,4385.43,4378.51,4382.27"
2026-03-27 07:55:00+07:00,"4382.28,4383.59,4375.26,4378.74"
2026-03-27 08:00:00+07:00,"4378.78,4389.77,4376.91,4388.4"
2026-03-27 08:05:00+07:00,"4388.41,4393.27,4387.39,4392.69"
2026-03-27 08:10:00+07:00,"4392.7,4399.52,4391.53,4394.03"
2026-03-27 08:15:00+07:00,"4394.18,4399.02,4391.35,4391.42"
2026-03-27 08:20:00+07:00,"4391.47,4402.98,4391.28,4402.26"
2026-03-27 08:25:00+07:00,"4402.22,4406.56,4398.55,4406.22"
2026-03-27 08:30:00+07:00,"4406.27,4417.58,4403.65,4411.39"
2026-03-27 08:35:00+07:00,"4411.33,4417.28,4409.82,4417.17"
2026-03-27 08:40:00+07:00,"4417.23,4420.66,4416.52,4419.45"
2026-03-27 08:45:00+07:00,"4419.43,4419.59,4411.79,4412.88"
2026-03-27 08:50:00+07:00,"4412.88,4415.92,4411.86,4414.47"
2026-03-27 08:55:00+07:00,"4414.46,4420.82,4413.73,4417.4"
2026-03-27 09:00:00+07:00,"4417.58,4434.26,4417.09,4430.4"
2026-03-27 09:05:00+07:00,"4430.3,4437.71,4425.4,4435.91"
2026-03-27 09:10:00+07:00,"4435.93,4439.8,4430.93,4434.91"
2026-03-27 09:15:00+07:00,"4434.93,4436.41,4428.75,4429.55"
2026-03-27 09:20:00+07:00,"4429.54,4431.81,4426.18,4429.06"
2026-03-27 09:25:00+07:00,"4429.07,4434.1,4426.92,4430.95"
2026-03-27 09:30:00+07:00,"4430.96,4434.34,4424.37,4431.69"
2026-03-27 09:35:00+07:00,"4431.82,4433.45,4426.49,4429.93"
2026-03-27 09:40:00+07:00,"4429.94,4431.82,4426.36,4429.73"
2026-03-27 09:45:00+07:00,"4429.73,4440.69,4428.06,4430.06"
2026-03-27 09:50:00+07:00,"4430.09,4435.08,4429.02,4430.74"
2026-03-27 09:55:00+07:00,"4430.79,4432.38,4429.43,4432.1"
2026-03-27 10:00:00+07:00,"4431.95,4435.79,4425.68,4426.12"
2026-03-27 10:05:00+07:00,"4426.1,4430.14,4421.13,4424.88"
2026-03-27 10:10:00+07:00,"4425.02,4431.25,4422.32,4429.56"
2026-03-27 10:15:00+07:00,"4429.55,4431.42,4427.98,4429.84"
2026-03-27 10:20:00+07:00,"4429.84,4434.47,4429.1,4430.47"
2026-03-27 10:25:00+07:00,"4430.47,4437.08,4428.11,4435.35"
2026-03-27 10:30:00+07:00,"4435.24,4438.7,4430.78,4433.96"
2026-03-27 10:35:00+07:00,"4433.81,4444.51,4433.28,4444.25"
2026-03-27 10:40:00+07:00,"4444.33,4446.5,4436.01,4436.03"
2026-03-27 10:45:00+07:00,"4436.05,4436.38,4433.19,4434.86"
2026-03-27 10:50:00+07:00,"4434.89,4438.75,4432.74,4437.77"
2026-03-27 10:55:00+07:00,"4437.78,4438.03,4436.24,4437.68"
2026-03-27 11:00:00+07:00,"4437.69,4439.96,4435.48,4437.48"
2026-03-27 11:05:00+07:00,"4437.43,4437.59,4432.37,4434.22"
2026-03-27 11:10:00+07:00,"4434.23,4436.41,4433.65,4433.72"
2026-03-27 11:15:00+07:00,"4433.8,4434.48,4431.48,4433.15"
2026-03-27 11:20:00+07:00,"4433.3,4437.32,4433.1,4435.54"
2026-03-27 11:25:00+07:00,"4435.49,4436.27,4432.9,4434.26"
2026-03-27 11:30:00+07:00,"4434.27,4440.47,4433.99,4439.51"
2026-03-27 11:35:00+07:00,"4439.93,4442.3,4437.25,4440.13"
2026-03-27 11:40:00+07:00,"4439.97,4441.74,4438.84,4441.5"
2026-03-27 11:45:00+07:00,"4441.5,4443.55,4440.47,4442.85"
2026-03-27 11:50:00+07:00,"4442.85,4445.86,4441.96,4445.63"
2026-03-27 11:55:00+07:00,"4445.54,4449.58,4444.89,4445.85"
2026-03-27 12:00:00+07:00,"4445.6,4446.55,4442.3,4442.94"
2026-03-27 12:05:00+07:00,"4442.92,4447.72,4442.22,4444.38"
2026-03-27 12:10:00+07:00,"4444.36,4446.45,4442.05,4444.09"
2026-03-27 12:15:00+07:00,"4443.97,4446.95,4443.44,4445.31"
2026-03-27 12:20:00+07:00,"4445.16,4445.8,4442.5,4443.97"
2026-03-27 12:25:00+07:00,"4443.99,4444.93,4440.36,4443.43"
2026-03-27 12:30:00+07:00,"4443.42,4460.12,4442.58,4459.4"
2026-03-27 12:35:00+07:00,"4459.41,4474.68,4458.27,4473.85"
2026-03-27 12:40:00+07:00,"4473.84,4475.4,4465.6,4465.82"
2026-03-27 12:45:00+07:00,"4465.8,4468.67,4462.39,4462.55"
2026-03-27 12:50:00+07:00,"4462.39,4463.99,4458.18,4461.52"
2026-03-27 12:55:00+07:00,"4461.49,4461.67,4453.32,4454.49"
2026-03-27 13:00:00+07:00,"4454.24,4461.25,4453.71,4455.37"
2026-03-27 13:05:00+07:00,"4455.39,4463.26,4451.73,4461.87"
2026-03-27 13:10:00+07:00,"4461.79,4472.95,4459.63,4471.27"
2026-03-27 13:15:00+07:00,"4471.1,4471.53,4463.2,4465.28"
2026-03-27 13:20:00+07:00,"4465.29,4465.29,4456.74,4462.44"
2026-03-27 13:25:00+07:00,"4462.44,4465.65,4460.7,4463.52"
2026-03-27 13:30:00+07:00,"4463.48,4468.26,4460.4,4463.15"
2026-03-27 13:35:00+07:00,"4463.14,4468.7,4462.54,4466.41"
2026-03-27 13:40:00+07:00,"4466.51,4468.71,4464.41,4464.98"
2026-03-27 13:45:00+07:00,"4464.93,4465.51,4459.62,4460.66"
2026-03-27 13:50:00+07:00,"4460.69,4464.41,4454.49,4462.95"
2026-03-27 13:55:00+07:00,"4462.93,4465.05,4457.1,4459.64"
2026-03-27 14:00:00+07:00,"4459.65,4463.17,4450.38,4451.47"
2026-03-27 14:05:00+07:00,"4451.39,4456.62,4447.89,4455"
2026-03-27 14:10:00+07:00,"4455.02,4458.41,4452.67,4454.88"
2026-03-27 14:15:00+07:00,"4454.95,4455.17,4451.26,4452.94"
2026-03-27 14:20:00+07:00,"4452.95,4457.03,4452.68,4454.93"
2026-03-27 14:25:00+07:00,"4454.91,4457.24,4450.07,4452.08"
2026-03-27 14:30:00+07:00,"4452.41,4452.41,4448.29,4451.58"
2026-03-27 14:35:00+07:00,"4451.55,4455.98,4450.9,4453.38"
2026-03-27 14:40:00+07:00,"4453.34,4453.35,4446.61,4448.46"
2026-03-27 14:45:00+07:00,"4448.4,4453.52,4447.6,4451.26"
2026-03-27 14:50:00+07:00,"4451.27,4451.46,4442.82,4444.04"
2026-03-27 14:55:00+07:00,"4444.03,4448.48,4443.99,4447.76"
2026-03-27 15:00:00+07:00,"4447.81,4451.27,4442.79,4444.19"
2026-03-27 15:05:00+07:00,"4444.18,4449.74,4443.21,4446.1"
2026-03-27 15:10:00+07:00,"4446.09,4447.94,4443.5,4447.19"
2026-03-27 15:15:00+07:00,"4447.17,4447.51,4438.78,4440.5"
2026-03-27 15:20:00+07:00,"4440.62,4443.71,4436.2,4437.11"
2026-03-27 15:25:00+07:00,"4437.07,4437.59,4430.62,4433.93"
2026-03-27 15:30:00+07:00,"4434,4437.35,4430.15,4431.18"
2026-03-27 15:35:00+07:00,"4431.16,4435.97,4428.69,4433.66"
2026-03-27 15:40:00+07:00,"4433.67,4440.08,4433.28,4435.11"
2026-03-27 15:45:00+07:00,"4435.09,4438.82,4432.1,4434.34"
2026-03-27 15:50:00+07:00,"4434.32,4438.44,4427.26,4432.13"
2026-03-27 15:55:00+07:00,"4432.02,4432.66,4423.73,4424.19"
2026-03-27 16:00:00+07:00,"4424.01,4431.09,4423.89,4426.6"
2026-03-27 16:05:00+07:00,"4426.59,4429.76,4422.41,4423.1"
2026-03-27 16:10:00+07:00,"4423.09,4431.13,4420.67,4429.78"
2026-03-27 16:15:00+07:00,"4429.81,4435.82,4428.55,4433.01"
2026-03-27 16:20:00+07:00,"4433,4434.63,4430.03,4431.79"
2026-03-27 16:25:00+07:00,"4431.9,4436.26,4430.83,4434.4"
2026-03-27 16:30:00+07:00,"4434.72,4438.55,4432.96,4433.74"
2026-03-27 16:35:00+07:00,"4433.76,4436.63,4431.21,4433.49"
2026-03-27 16:40:00+07:00,"4433.52,4433.86,4430.04,4432.79"
2026-03-27 16:45:00+07:00,"4432.77,4432.77,4428.48,4430.87"
2026-03-27 16:50:00+07:00,"4430.9,4432.86,4428.46,4429.41"
2026-03-27 16:55:00+07:00,"4429.43,4430.52,4427.02,4428.77"
2026-03-27 17:00:00+07:00,"4428.94,4433.09,4426.07,4427.47"
2026-03-27 17:05:00+07:00,"4427.49,4432.22,4426.74,4429.71"
2026-03-27 17:10:00+07:00,"4429.7,4429.73,4423.95,4425.92"
2026-03-27 17:15:00+07:00,"4425.93,4428.96,4423.9,4427.07"
2026-03-27 17:20:00+07:00,"4427.06,4429.5,4423.75,4428.58"
2026-03-27 17:25:00+07:00,"4428.59,4431.56,4427.02,4429.01"
2026-03-27 17:30:00+07:00,"4429,4430.44,4424.77,4427.07"
2026-03-27 17:35:00+07:00,"4427.04,4428.01,4420.94,4422.06"
2026-03-27 17:40:00+07:00,"4422.07,4423.12,4412.49,4416.14"
2026-03-27 17:45:00+07:00,"4416.13,4417.56,4411.35,4415.91"
2026-03-27 17:50:00+07:00,"4415.92,4418.78,4410.55,4417.71"
2026-03-27 17:55:00+07:00,"4417.7,4417.73,4411.38,4414.94"
2026-03-27 18:00:00+07:00,"4415.09,4417.46,4409.4,4409.73"
2026-03-27 18:05:00+07:00,"4409.7,4412.11,4404.28,4410.22"
2026-03-27 18:10:00+07:00,"4410.23,4414.83,4409.1,4412.99"
2026-03-27 18:15:00+07:00,"4413,4417.39,4407.6,4410.53"
2026-03-27 18:20:00+07:00,"4410.52,4413.82,4408.74,4411.69"
2026-03-27 18:25:00+07:00,"4411.7,4416.4,4410.75,4415.43"
2026-03-27 18:30:00+07:00,"4415.55,4416.12,4413.73,4415.94"
2026-03-27 18:35:00+07:00,"4415.95,4419.97,4413.6,4416.58"
2026-03-27 18:40:00+07:00,"4416.56,4422.09,4413.82,4421.89"
2026-03-27 18:45:00+07:00,"4421.88,4425.11,4418.7,4423.38"
2026-03-27 18:50:00+07:00,"4423.37,4425.8,4418.28,4424.89"
2026-03-27 18:55:00+07:00,"4425.06,4426.4,4415.67,4420"
2026-03-27 19:00:00+07:00,"4419.81,4424.3,4418.99,4422.63"
2026-03-27 19:05:00+07:00,"4422.51,4422.89,4412.34,4418.39"
2026-03-27 19:10:00+07:00,"4418.41,4427.03,4417.36,4424.82"
2026-03-27 19:15:00+07:00,"4424.83,4434.19,4424.76,4425.34"
2026-03-27 19:20:00+07:00,"4425.08,4425.08,4416.89,4422.68"
2026-03-27 19:25:00+07:00,"4422.69,4430.02,4422.22,4429.63"
2026-03-27 19:30:00+07:00,"4429.68,4430.65,4424.52,4426.55"
2026-03-27 19:35:00+07:00,"4426.65,4436.49,4424.52,4433.79"
2026-03-27 19:40:00+07:00,"4433.86,4437.42,4432.56,4433.81"
2026-03-27 19:45:00+07:00,"4434.21,4439.82,4434.21,4439.82"
2026-03-27 19:50:00+07:00,"4439.81,4445.41,4439.27,4439.53"
2026-03-27 19:55:00+07:00,"4439.54,4442.08,4437.17,4437.96"
2026-03-27 20:00:00+07:00,"4437.98,4444.03,4431.16,4433.61"
2026-03-27 20:05:00+07:00,"4433.6,4435.98,4428.76,4429.2"
2026-03-27 20:10:00+07:00,"4429.18,4431.49,4423.81,4428.77"
2026-03-27 20:15:00+07:00,"4428.76,4441.03,4428.45,4438.99"
2026-03-27 20:20:00+07:00,"4438.94,4442.06,4426.26,4427.05"
2026-03-27 20:25:00+07:00,"4427.02,4432.73,4418.4,4422.08"
2026-03-27 20:30:00+07:00,"4422.17,4426.81,4413.16,4418.48"
2026-03-27 20:35:00+07:00,"4418.49,4428.13,4414.91,4427.37"
2026-03-27 20:40:00+07:00,"4427.36,4431.36,4424.16,4428.74"
2026-03-27 20:45:00+07:00,"4428.71,4441.73,4428.71,4433.89"
2026-03-27 20:50:00+07:00,"4433.89,4434.61,4425.37,4426.54"
2026-03-27 20:55:00+07:00,"4426.53,4434.04,4420.99,4430.98"
2026-03-27 21:00:00+07:00,"4431.03,4458.51,4430.46,4457.95"
2026-03-27 21:05:00+07:00,"4458.05,4463.64,4448.41,4449.45"
2026-03-27 21:10:00+07:00,"4449.44,4462.81,4444.78,4459.99"
2026-03-27 21:15:00+07:00,"4459.87,4470.05,4457.52,4466.12"
2026-03-27 21:20:00+07:00,"4466.11,4469.86,4456.97,4463.64"
2026-03-27 21:25:00+07:00,"4463.63,4465.96,4451.96,4455.37"
2026-03-27 21:30:00+07:00,"4455.44,4464.02,4451.81,4463.26"
2026-03-27 21:35:00+07:00,"4463.28,4464.05,4455.04,4460.02"
2026-03-27 21:40:00+07:00,"4460.03,4464.27,4456.59,4464.09"
2026-03-27 21:45:00+07:00,"4464.11,4476.54,4463.69,4473.55"
2026-03-27 21:50:00+07:00,"4473.57,4499.91,4472.63,4489.27"
2026-03-27 21:55:00+07:00,"4489.37,4515.41,4489.26,4509.66"
2026-03-27 22:00:00+07:00,"4509.65,4516.8,4501.16,4515.28"
2026-03-27 22:05:00+07:00,"4515.27,4516.35,4504.63,4514.54"
2026-03-27 22:10:00+07:00,"4514.43,4533.97,4509.34,4525.44"
2026-03-27 22:15:00+07:00,"4525.42,4538.4,4520.77,4532.77"
2026-03-27 22:20:00+07:00,"4532.75,4556.28,4531.98,4545.13"
2026-03-27 22:25:00+07:00,"4544.98,4550.47,4541.99,4543.83"
2026-03-27 22:30:00+07:00,"4543.85,4552.89,4537.85,4543.9"
2026-03-27 22:35:00+07:00,"4543.92,4544.84,4533.19,4534.89"
2026-03-27 22:40:00+07:00,"4534.9,4535.55,4526.03,4531.6"
2026-03-27 22:45:00+07:00,"4531.61,4536.48,4525.12,4533.89"
2026-03-27 22:50:00+07:00,"4533.89,4534.99,4525.59,4526.72"
2026-03-27 22:55:00+07:00,"4526.74,4529.46,4520.49,4524.17"
2026-03-27 23:00:00+07:00,"4524.37,4530.97,4518.03,4530.15"
2026-03-27 23:05:00+07:00,"4530.16,4531.99,4525.83,4530.69"
2026-03-27 23:10:00+07:00,"4530.68,4533.15,4522.53,4528.36"
2026-03-27 23:15:00+07:00,"4528.37,4532.93,4524.68,4527.87"
2026-03-27 23:20:00+07:00,"4527.98,4533.89,4527.42,4531.04"
2026-03-27 23:25:00+07:00,"4531.08,4531.18,4525.45,4528.55"
2026-03-27 23:30:00+07:00,"4528.57,4529.03,4511.74,4518.3"
2026-03-27 23:35:00+07:00,"4518.25,4518.27,4510.84,4511.39"
2026-03-27 23:40:00+07:00,"4511.31,4512.7,4505.54,4511.24"
2026-03-27 23:45:00+07:00,"4511.23,4520.97,4507.11,4520.26"
2026-03-27 23:50:00+07:00,"4520.24,4521.55,4510.79,4512.28"
2026-03-27 23:55:00+07:00,"4512.25,4517.22,4510.78,4516.3"
2026-03-28 00:00:00+07:00,"4516.33,4516.33,4506.17,4511.22"
2026-03-28 00:05:00+07:00,"4511.24,4522.68,4508.8,4513.66"
2026-03-28 00:10:00+07:00,"4513.65,4514.95,4509.92,4511"
2026-03-28 00:15:00+07:00,"4511.01,4511.71,4497.82,4501.1"
2026-03-28 00:20:00+07:00,"4501.15,4501.95,4494.63,4497.82"
2026-03-28 00:25:00+07:00,"4497.51,4498.52,4486.66,4494.02"
2026-03-28 00:30:00+07:00,"4494.1,4497.96,4489.04,4497.74"
2026-03-28 00:35:00+07:00,"4497.72,4500.2,4489.25,4491.03"
2026-03-28 00:40:00+07:00,"4491.05,4493.39,4486.12,4490.45"
2026-03-28 00:45:00+07:00,"4490.34,4497.46,4488.49,4495.08"
2026-03-28 00:50:00+07:00,"4495.06,4499.67,4492.38,4494.66"
2026-03-28 00:55:00+07:00,"4494.62,4495.15,4486.27,4486.5"
2026-03-28 01:00:00+07:00,"4486.49,4498.25,4486.43,4493.82"
2026-03-28 01:05:00+07:00,"4493.93,4496.66,4488.8,4495.43"
2026-03-28 01:10:00+07:00,"4495.4,4499.04,4490.9,4498.76"
2026-03-28 01:15:00+07:00,"4498.78,4510.76,4498.73,4509.5"
2026-03-28 01:20:00+07:00,"4509.51,4511.56,4503.58,4504.23"
2026-03-28 01:25:00+07:00,"4504.18,4510.53,4503.54,4509.4"
2026-03-28 01:30:00+07:00,"4509.41,4515.48,4508.55,4514.15"
2026-03-28 01:35:00+07:00,"4514.04,4529.03,4512.73,4518.42"
2026-03-28 01:40:00+07:00,"4518.54,4527.5,4515.4,4525.65"
2026-03-28 01:45:00+07:00,"4525.66,4526.01,4517.38,4519.24"
2026-03-28 01:50:00+07:00,"4519.23,4521.54,4517.03,4517.72"
2026-03-28 01:55:00+07:00,"4517.71,4517.75,4513.52,4516.77"
2026-03-28 02:00:00+07:00,"4516.79,4519.3,4508.85,4508.85"
2026-03-28 02:05:00+07:00,"4508.8,4512.14,4507.11,4509.24"
2026-03-28 02:10:00+07:00,"4509.26,4514.61,4507.57,4511.12"
2026-03-28 02:15:00+07:00,"4511.11,4522.04,4510.1,4521.25"
2026-03-28 02:20:00+07:00,"4521.24,4524.13,4519.7,4521.43"
2026-03-28 02:25:00+07:00,"4521.44,4523.11,4517.88,4523.09"
2026-03-28 02:30:00+07:00,"4523.11,4526.35,4519.76,4521.63"
2026-03-28 02:35:00+07:00,"4521.64,4522.05,4511.13,4511.75"
2026-03-28 02:40:00+07:00,"4511.55,4512.09,4500.68,4510.17"
2026-03-28 02:45:00+07:00,"4510.18,4510.55,4503.41,4509.6"
2026-03-28 02:50:00+07:00,"4509.51,4516.37,4506.61,4515.64"
2026-03-28 02:55:00+07:00,"4515.63,4522.77,4511.73,4514.55"
2026-03-28 03:00:00+07:00,"4514.7,4521.42,4512.02,4513.24"
2026-03-28 03:05:00+07:00,"4513.56,4513.56,4505.97,4510.91"
2026-03-28 03:10:00+07:00,"4510.92,4512.49,4508.37,4509.96"
2026-03-28 03:15:00+07:00,"4509.99,4510.81,4504.83,4507.95"
2026-03-28 03:20:00+07:00,"4507.97,4509.33,4504.44,4506.92"
2026-03-28 03:25:00+07:00,"4506.93,4508.41,4504.08,4506.42"
2026-03-28 03:30:00+07:00,"4506.4,4508.69,4502.17,4506.36"
2026-03-28 03:35:00+07:00,"4506.12,4510.5,4502.64,4510.15"
2026-03-28 03:40:00+07:00,"4510.13,4512.93,4498.22,4505.53"
2026-03-28 03:45:00+07:00,"4505.54,4505.64,4497.05,4498.58"
2026-03-28 03:50:00+07:00,"4498.61,4499.49,4490.95,4495.78"
2026-03-28 03:55:00+07:00,"4495.67,4498.09,4491.63,4492.09"
2026-03-30 05:00:00+07:00,"4493.7,4515.54,4465.74,4513.05"
2026-03-30 05:05:00+07:00,"4513.06,4513.96,4479.88,4484.98"
2026-03-30 05:10:00+07:00,"4484.97,4501.49,4480.13,4497.05"
2026-03-30 05:15:00+07:00,"4497.02,4506.34,4489.43,4505.75"
2026-03-30 05:20:00+07:00,"4505.51,4512.32,4501.39,4506.15"
2026-03-30 05:25:00+07:00,"4506.16,4512.14,4501.01,4509.22"
2026-03-30 05:30:00+07:00,"4509.12,4513.5,4503.81,4507.68"
2026-03-30 05:35:00+07:00,"4508.07,4512.98,4501.17,4502.67"
2026-03-30 05:40:00+07:00,"4502.35,4506.1,4490.38,4493.11"
2026-03-30 05:45:00+07:00,"4493.06,4497.08,4487.28,4489.92"
2026-03-30 05:50:00+07:00,"4489.9,4495.77,4486.63,4489.56"
2026-03-30 05:55:00+07:00,"4489.58,4490.87,4480.75,4484.8"
2026-03-30 06:00:00+07:00,"4484.85,4492.87,4483.27,4488.43"
2026-03-30 06:05:00+07:00,"4488.44,4489.42,4464.8,4478.92"
2026-03-30 06:10:00+07:00,"4478.95,4479.91,4472.03,4478.47"
2026-03-30 06:15:00+07:00,"4478.47,4484.63,4475.03,4475.6"
2026-03-30 06:20:00+07:00,"4475.62,4479.7,4471.65,4474.28"
2026-03-30 06:25:00+07:00,"4474.31,4481.61,4472.14,4472.18"
2026-03-30 06:30:00+07:00,"4472.2,4472.61,4450.93,4459.15"
2026-03-30 06:35:00+07:00,"4459.13,4460.42,4444.96,4451.99"
2026-03-30 06:40:00+07:00,"4451.96,4455.79,4450.44,4452.29"
2026-03-30 06:45:00+07:00,"4452.47,4455.99,4443.93,4444.8"
2026-03-30 06:50:00+07:00,"4444.85,4452.47,4443.6,4449.6"
2026-03-30 06:55:00+07:00,"4449.61,4452.68,4444.25,4449.24"
2026-03-30 07:00:00+07:00,"4449.18,4452.36,4430.14,4435.41"
2026-03-30 07:05:00+07:00,"4435.4,4441.19,4424.39,4428.81"
2026-03-30 07:10:00+07:00,"4428.8,4432.25,4417.45,4425.78"
2026-03-30 07:15:00+07:00,"4425.77,4445.64,4422.83,4445.63"
2026-03-30 07:20:00+07:00,"4445.58,4464.98,4442.56,4461.97"
2026-03-30 07:25:00+07:00,"4461.96,4467.09,4445.49,4449.66"
2026-03-30 07:30:00+07:00,"4449.55,4459.55,4445.86,4452.25"
2026-03-30 07:35:00+07:00,"4452.26,4452.98,4445.4,4447.48"
2026-03-30 07:40:00+07:00,"4447.46,4449.23,4435.01,4438.59"
2026-03-30 07:45:00+07:00,"4438.55,4441.51,4433,4440.95"
2026-03-30 07:50:00+07:00,"4440.94,4442.85,4432.04,4434.55"
2026-03-30 07:55:00+07:00,"4434.56,4437.41,4430.42,4432.39"
2026-03-30 08:00:00+07:00,"4432.27,4452.04,4431.79,4442.18"
2026-03-30 08:05:00+07:00,"4442.17,4457.75,4440.43,4457.1"
2026-03-30 08:10:00+07:00,"4457,4461.73,4454.21,4460.1"
2026-03-30 08:15:00+07:00,"4460.1,4460.11,4449.91,4455.61"
2026-03-30 08:20:00+07:00,"4455.61,4466.78,4453.89,4454.1"
2026-03-30 08:25:00+07:00,"4454.12,4459.83,4445.36,4448.55"
2026-03-30 08:30:00+07:00,"4448.64,4469.64,4445.01,4467.55"
2026-03-30 08:35:00+07:00,"4467.63,4475.86,4465.64,4467.37"
2026-03-30 08:40:00+07:00,"4467.37,4474.59,4462.39,4471.48"
2026-03-30 08:45:00+07:00,"4471.57,4475.58,4470.7,4474.15"
2026-03-30 08:50:00+07:00,"4474.3,4474.3,4461.71,4464.05"
2026-03-30 08:55:00+07:00,"4464.06,4472.18,4464.05,4469.49"
2026-03-30 09:00:00+07:00,"4469.48,4474.64,4467.11,4468.99"
2026-03-30 09:05:00+07:00,"4469.03,4474.48,4465.77,4468.76"
2026-03-30 09:10:00+07:00,"4468.63,4473.37,4465.2,4472.58"
2026-03-30 09:15:00+07:00,"4472.59,4474.45,4466.35,4468.04"
2026-03-30 09:20:00+07:00,"4468.06,4473.97,4466.51,4470.98"
2026-03-30 09:25:00+07:00,"4470.97,4473.53,4469.14,4472.94"
2026-03-30 09:30:00+07:00,"4472.91,4475.96,4458.79,4464.32"
2026-03-30 09:35:00+07:00,"4464.35,4471.24,4461.21,4470.61"
2026-03-30 09:40:00+07:00,"4470.64,4499.09,4470.35,4494.51"
2026-03-30 09:45:00+07:00,"4494.52,4496.33,4489.17,4491.65"
2026-03-30 09:50:00+07:00,"4491.63,4492.96,4483.63,4483.97"
2026-03-30 09:55:00+07:00,"4483.99,4486.14,4478.78,4481.41"
2026-03-30 10:00:00+07:00,"4481.42,4495.54,4478.91,4494.51"
2026-03-30 10:05:00+07:00,"4494.52,4507.46,4493.4,4506.5"
2026-03-30 10:10:00+07:00,"4506.44,4508.96,4501.9,4504.62"
2026-03-30 10:15:00+07:00,"4504.63,4509.84,4503.7,4506.46"
2026-03-30 10:20:00+07:00,"4506.48,4518.25,4505.89,4511.52"
2026-03-30 10:25:00+07:00,"4511.51,4512.66,4505.83,4507.05"
2026-03-30 10:30:00+07:00,"4507.06,4507.79,4503.58,4505.35"
2026-03-30 10:35:00+07:00,"4505.35,4506.04,4502.31,4503.34"
2026-03-30 10:40:00+07:00,"4503.33,4505.37,4499.75,4503.48"
2026-03-30 10:45:00+07:00,"4503.52,4507.72,4500.26,4505.58"
2026-03-30 10:50:00+07:00,"4505.58,4506.7,4502.54,4504.06"
2026-03-30 10:55:00+07:00,"4504.16,4504.2,4493.83,4496.1"
2026-03-30 11:00:00+07:00,"4496.2,4498.85,4494.21,4494.48"
2026-03-30 11:05:00+07:00,"4494.34,4494.95,4489.21,4490.6"
2026-03-30 11:10:00+07:00,"4490.61,4491.96,4486.42,4487.78"
2026-03-30 11:15:00+07:00,"4487.55,4491.42,4487.54,4488.14"
2026-03-30 11:20:00+07:00,"4488.22,4495.65,4487.11,4494.39"
2026-03-30 11:25:00+07:00,"4494.4,4494.51,4490.34,4490.75"
2026-03-30 11:30:00+07:00,"4490.73,4491.39,4487.08,4488"
2026-03-30 11:35:00+07:00,"4487.99,4490.35,4485.85,4487.87"
2026-03-30 11:40:00+07:00,"4487.89,4490.07,4486.04,4488.45"
2026-03-30 11:45:00+07:00,"4488.46,4491.6,4486.76,4488.98"
2026-03-30 11:50:00+07:00,"4488.95,4492.21,4488.16,4492.2"
2026-03-30 11:55:00+07:00,"4492.36,4498.88,4491.92,4496.85"
2026-03-30 12:00:00+07:00,"4496.67,4501.23,4496.67,4499.2"
2026-03-30 12:05:00+07:00,"4499.25,4505.25,4498.3,4504.52"
2026-03-30 12:10:00+07:00,"4504.51,4508.11,4503.57,4504.82"
2026-03-30 12:15:00+07:00,"4504.79,4513.42,4504.69,4511.66"
2026-03-30 12:20:00+07:00,"4511.66,4516.02,4510.67,4514.52"
2026-03-30 12:25:00+07:00,"4514.53,4514.63,4503.65,4505.5"
2026-03-30 12:30:00+07:00,"4505.38,4512.7,4503.24,4511.58"
2026-03-30 12:35:00+07:00,"4511.68,4515.42,4506.09,4506.16"
2026-03-30 12:40:00+07:00,"4506.16,4510.79,4504.02,4510.37"
2026-03-30 12:45:00+07:00,"4510.31,4521.78,4510.08,4520.56"
2026-03-30 12:50:00+07:00,"4520.56,4528.71,4518.09,4526.24"
2026-03-30 12:55:00+07:00,"4526.14,4527.4,4521.42,4522.32"
2026-03-30 13:00:00+07:00,"4522.4,4527.03,4516.93,4526.61"
2026-03-30 13:05:00+07:00,"4526.6,4533.61,4523.1,4528.84"
2026-03-30 13:10:00+07:00,"4528.99,4534.42,4526.65,4530.54"
2026-03-30 13:15:00+07:00,"4530.5,4535.52,4526.77,4532.45"
2026-03-30 13:20:00+07:00,"4532.44,4533.34,4527.1,4532.75"
2026-03-30 13:25:00+07:00,"4532.75,4533.75,4527.86,4528.65"
2026-03-30 13:30:00+07:00,"4528.69,4536.62,4526.08,4534.96"
2026-03-30 13:35:00+07:00,"4534.97,4541.62,4532.03,4536.48"
2026-03-30 13:40:00+07:00,"4536.54,4542.04,4535.73,4539.93"
2026-03-30 13:45:00+07:00,"4539.96,4550.86,4539.59,4546.27"
2026-03-30 13:50:00+07:00,"4546.32,4546.67,4535.91,4536.09"
2026-03-30 13:55:00+07:00,"4536.2,4538,4531,4532.41"
2026-03-30 14:00:00+07:00,"4532.36,4533.73,4523.78,4524.33"
2026-03-30 14:05:00+07:00,"4524.58,4533.78,4523.65,4532.52"
2026-03-30 14:10:00+07:00,"4532.51,4534.78,4529.24,4534.37"
2026-03-30 14:15:00+07:00,"4534.45,4534.97,4526.69,4529.89"
2026-03-30 14:20:00+07:00,"4529.88,4532.68,4525.91,4528.36"
2026-03-30 14:25:00+07:00,"4528.35,4528.52,4520.39,4522.83"
2026-03-30 14:30:00+07:00,"4522.61,4526.26,4516.15,4517.52"
2026-03-30 14:35:00+07:00,"4517.41,4524.18,4515.83,4523.37"
2026-03-30 14:40:00+07:00,"4523.36,4524.65,4517.47,4521.38"
2026-03-30 14:45:00+07:00,"4521.39,4522.27,4519.21,4520.59"
2026-03-30 14:50:00+07:00,"4520.57,4526.74,4519.17,4524.83"
2026-03-30 14:55:00+07:00,"4524.81,4528.2,4524.34,4527.36"
2026-03-30 15:00:00+07:00,"4527.33,4530.97,4524.9,4527.87"
2026-03-30 15:05:00+07:00,"4527.86,4536,4526.66,4535.19"
2026-03-30 15:10:00+07:00,"4535.2,4537.14,4531.49,4534.01"
2026-03-30 15:15:00+07:00,"4534.03,4534.27,4531.55,4532.69"
2026-03-30 15:20:00+07:00,"4532.64,4535.9,4525.59,4530.3"
2026-03-30 15:25:00+07:00,"4530.34,4532.63,4526.27,4528.94"
2026-03-30 15:30:00+07:00,"4528.93,4538.26,4528.58,4532.96"
2026-03-30 15:35:00+07:00,"4532.98,4537.46,4530.44,4536.99"
2026-03-30 15:40:00+07:00,"4536.98,4537.06,4531.5,4532.92"
2026-03-30 15:45:00+07:00,"4533.04,4537.43,4532.42,4536.04"
2026-03-30 15:50:00+07:00,"4535.99,4540.56,4534.07,4538.75"
2026-03-30 15:55:00+07:00,"4538.75,4540.38,4534.71,4538.33"
2026-03-30 16:00:00+07:00,"4538.34,4540.85,4536.08,4539.56"
2026-03-30 16:05:00+07:00,"4539.57,4540.57,4530.58,4533.58"
2026-03-30 16:10:00+07:00,"4533.59,4534.61,4528,4529.71"
2026-03-30 16:15:00+07:00,"4529.68,4530.45,4523.04,4528.55"
2026-03-30 16:20:00+07:00,"4528.54,4537.02,4527.67,4531.24"
2026-03-30 16:25:00+07:00,"4531.23,4532.5,4527.1,4527.73"
2026-03-30 16:30:00+07:00,"4527.72,4529.84,4523.76,4526.23"
2026-03-30 16:35:00+07:00,"4526.24,4534.98,4525.71,4533.77"
2026-03-30 16:40:00+07:00,"4533.76,4538.29,4532.74,4537.35"
2026-03-30 16:45:00+07:00,"4537.54,4538.72,4533.16,4533.5"
2026-03-30 16:50:00+07:00,"4533.55,4535.09,4528.6,4532.99"
2026-03-30 16:55:00+07:00,"4532.97,4533.57,4529.41,4533.27"
2026-03-30 17:00:00+07:00,"4533.37,4534.36,4529.22,4534"
2026-03-30 17:05:00+07:00,"4534.01,4535.59,4532.33,4533.29"
2026-03-30 17:10:00+07:00,"4533.48,4536.26,4531.66,4532.89"
2026-03-30 17:15:00+07:00,"4532.88,4538.94,4530.5,4537.23"
2026-03-30 17:20:00+07:00,"4537.22,4540.1,4531.33,4531.68"
2026-03-30 17:25:00+07:00,"4531.67,4532.96,4527.79,4531.29"
2026-03-30 17:30:00+07:00,"4531.27,4533.52,4528.08,4530.18"
2026-03-30 17:35:00+07:00,"4530.17,4533.86,4530.09,4531.24"
2026-03-30 17:40:00+07:00,"4531.14,4534.13,4529.59,4533.39"
2026-03-30 17:45:00+07:00,"4533.4,4534.76,4528.63,4532.07"
2026-03-30 17:50:00+07:00,"4532.06,4535.75,4529.75,4533.77"
2026-03-30 17:55:00+07:00,"4533.82,4533.89,4528.89,4532.5"
2026-03-30 18:00:00+07:00,"4532.51,4534.05,4525.3,4527.39"
2026-03-30 18:05:00+07:00,"4527.36,4536.37,4527.22,4534.86"
2026-03-30 18:10:00+07:00,"4534.87,4540.73,4534.62,4538.5"
2026-03-30 18:15:00+07:00,"4538.48,4545.98,4537.87,4544.59"
2026-03-30 18:20:00+07:00,"4544.7,4544.89,4534.8,4542.73"
2026-03-30 18:25:00+07:00,"4542.62,4549.01,4535.27,4543.43"
2026-03-30 18:30:00+07:00,"4543.58,4546.41,4540.13,4543.05"
2026-03-30 18:35:00+07:00,"4543.06,4545.94,4538.5,4541.59"
2026-03-30 18:40:00+07:00,"4541.48,4566.01,4540.49,4565.82"
2026-03-30 18:45:00+07:00,"4565.58,4573.63,4564.2,4570.66"
2026-03-30 18:50:00+07:00,"4570.83,4581.91,4569.06,4569.53"
2026-03-30 18:55:00+07:00,"4569.54,4570.15,4555.78,4559.77"
2026-03-30 19:00:00+07:00,"4559.75,4560.29,4545.01,4555.33"
2026-03-30 19:05:00+07:00,"4555.32,4560.53,4555.15,4557.6"
2026-03-30 19:10:00+07:00,"4557.62,4561.46,4555.86,4556.64"
2026-03-30 19:15:00+07:00,"4556.65,4567.61,4555.94,4566.8"
2026-03-30 19:20:00+07:00,"4566.74,4568.28,4562.8,4563.94"
2026-03-30 19:25:00+07:00,"4563.95,4568.32,4560.6,4566"
2026-03-30 19:30:00+07:00,"4565.97,4573.84,4564.09,4571.06"
2026-03-30 19:35:00+07:00,"4571.07,4575.59,4568.9,4572.17"
2026-03-30 19:40:00+07:00,"4572.15,4578.3,4571.82,4573.79"
2026-03-30 19:45:00+07:00,"4573.77,4574.06,4564.51,4570.72"
2026-03-30 19:50:00+07:00,"4570.73,4570.83,4563.66,4567.96"
2026-03-30 19:55:00+07:00,"4567.97,4573.79,4566.63,4569.48"
2026-03-30 20:00:00+07:00,"4569.6,4578.75,4569.14,4570.7"
2026-03-30 20:05:00+07:00,"4570.63,4572.85,4561.15,4568.13"
2026-03-30 20:10:00+07:00,"4568.12,4570.19,4564.05,4565.96"
2026-03-30 20:15:00+07:00,"4565.91,4568.5,4564.24,4567.99"
2026-03-30 20:20:00+07:00,"4567.91,4569.61,4559.01,4564.18"
2026-03-30 20:25:00+07:00,"4564.32,4571.55,4561.85,4567.43"
2026-03-30 20:30:00+07:00,"4567.83,4573.94,4556.51,4558.02"
2026-03-30 20:35:00+07:00,"4558.01,4561.2,4549.83,4559.87"
2026-03-30 20:40:00+07:00,"4559.78,4560.57,4543.13,4544.14"
2026-03-30 20:45:00+07:00,"4544.2,4548.41,4531.48,4534.86"
2026-03-30 20:50:00+07:00,"4534.81,4537.98,4529.11,4533.16"
2026-03-30 20:55:00+07:00,"4533.41,4534.5,4516.31,4523.33"
2026-03-30 21:00:00+07:00,"4523.27,4536.29,4522.5,4529.44"
2026-03-30 21:05:00+07:00,"4529.33,4530.72,4517.41,4526.31"
2026-03-30 21:10:00+07:00,"4526.18,4535.46,4521.65,4533.67"
2026-03-30 21:15:00+07:00,"4533.65,4534.86,4519.79,4523.57"
2026-03-30 21:20:00+07:00,"4523.56,4526.06,4511.97,4522.69"
2026-03-30 21:25:00+07:00,"4522.65,4523.5,4517.06,4519"
2026-03-30 21:30:00+07:00,"4519.01,4526.15,4517.52,4525.33"
2026-03-30 21:35:00+07:00,"4525.37,4532.76,4521.69,4528.29"
2026-03-30 21:40:00+07:00,"4528.28,4534.14,4520.83,4522.9"
2026-03-30 21:45:00+07:00,"4522.89,4540.91,4521.22,4531.55"
2026-03-30 21:50:00+07:00,"4531.55,4541.22,4530.21,4538.31"
2026-03-30 21:55:00+07:00,"4538.25,4541.35,4533.37,4538.9"
2026-03-30 22:00:00+07:00,"4538.89,4543.55,4535.15,4539.47"
2026-03-30 22:05:00+07:00,"4539.48,4541.1,4531.87,4534.24"
2026-03-30 22:10:00+07:00,"4534.25,4538.91,4532.75,4532.75"
2026-03-30 22:15:00+07:00,"4532.85,4534.29,4525.79,4530.13"
2026-03-30 22:20:00+07:00,"4530.21,4533.94,4524.37,4530.11"
2026-03-30 22:25:00+07:00,"4530.12,4533.87,4529.05,4531.47"
2026-03-30 22:30:00+07:00,"4531.48,4542.09,4527.36,4541.56"
2026-03-30 22:35:00+07:00,"4541.55,4549.84,4541.3,4549"
2026-03-30 22:40:00+07:00,"4549.01,4554,4548.04,4551.88"
2026-03-30 22:45:00+07:00,"4552.02,4556.4,4550.22,4552.5"
2026-03-30 22:50:00+07:00,"4552.5,4555.45,4545.02,4554.31"
2026-03-30 22:55:00+07:00,"4554.32,4556.89,4547.15,4548.2"
2026-03-30 23:00:00+07:00,"4548.24,4549.81,4538.86,4539.79"
2026-03-30 23:05:00+07:00,"4539.87,4544.6,4537.92,4541.03"
2026-03-30 23:10:00+07:00,"4541.02,4547.01,4540.5,4544.5"
2026-03-30 23:15:00+07:00,"4544.48,4549.03,4541.74,4545.18"
2026-03-30 23:20:00+07:00,"4545.19,4547.72,4542.35,4543.44"
2026-03-30 23:25:00+07:00,"4543.43,4543.43,4536.72,4537.07"
2026-03-30 23:30:00+07:00,"4537.05,4542.04,4532.28,4538.93"
2026-03-30 23:35:00+07:00,"4538.95,4543.43,4538.85,4541.95"
2026-03-30 23:40:00+07:00,"4541.94,4548.31,4541.72,4548.18"
2026-03-30 23:45:00+07:00,"4548.19,4548.86,4540.62,4541.79"
2026-03-30 23:50:00+07:00,"4541.78,4544.18,4539.98,4542.33"
2026-03-30 23:55:00+07:00,"4542.37,4543.13,4536.5,4539.81"
2026-03-31 00:00:00+07:00,"4539.79,4542.5,4532.58,4532.78"
2026-03-31 00:05:00+07:00,"4532.81,4535.73,4531.75,4534.92"
2026-03-31 00:10:00+07:00,"4534.98,4535.69,4519.07,4522.57"
2026-03-31 00:15:00+07:00,"4522.52,4526.07,4520.27,4523.72"
2026-03-31 00:20:00+07:00,"4523.71,4529.32,4522.3,4529.3"
2026-03-31 00:25:00+07:00,"4529.29,4530.6,4526.86,4527.58"
2026-03-31 00:30:00+07:00,"4527.59,4527.59,4514.98,4516.8"
2026-03-31 00:35:00+07:00,"4516.77,4520.16,4514.83,4517.09"
2026-03-31 00:40:00+07:00,"4517.11,4525.64,4516.11,4524.15"
2026-03-31 00:45:00+07:00,"4524.14,4529.22,4517.04,4517.23"
2026-03-31 00:50:00+07:00,"4517.24,4520.71,4513.95,4516.95"
2026-03-31 00:55:00+07:00,"4517.08,4518.02,4511.29,4514.91"
2026-03-31 01:00:00+07:00,"4514.88,4523.33,4514.38,4517.87"
2026-03-31 01:05:00+07:00,"4517.86,4520.1,4512.98,4518.08"
2026-03-31 01:10:00+07:00,"4518.05,4521.49,4515.73,4518.73"
2026-03-31 01:15:00+07:00,"4518.74,4519.9,4515.36,4519.58"
2026-03-31 01:20:00+07:00,"4519.57,4521.63,4514.62,4515.69"
2026-03-31 01:25:00+07:00,"4515.58,4516.24,4511.45,4513.9"
2026-03-31 01:30:00+07:00,"4513.91,4517.96,4512.26,4513.67"
2026-03-31 01:35:00+07:00,"4513.61,4519.52,4513.31,4513.33"
2026-03-31 01:40:00+07:00,"4513.3,4517.09,4512.99,4515.38"
2026-03-31 01:45:00+07:00,"4515.42,4518.87,4515.37,4517.74"
2026-03-31 01:50:00+07:00,"4517.73,4518.52,4506.92,4507.02"
2026-03-31 01:55:00+07:00,"4507.01,4508.36,4498.35,4499.26"
2026-03-31 02:00:00+07:00,"4499.06,4503.25,4495.23,4500.1"
2026-03-31 02:05:00+07:00,"4500.1,4505.08,4497.72,4499.82"
2026-03-31 02:10:00+07:00,"4499.84,4500.17,4493.47,4497.85"
2026-03-31 02:15:00+07:00,"4497.86,4502.12,4495.53,4495.91"
2026-03-31 02:20:00+07:00,"4495.88,4501.45,4493.04,4498.24"
2026-03-31 02:25:00+07:00,"4498.29,4504.34,4497.02,4501.82"
2026-03-31 02:30:00+07:00,"4501.81,4510.5,4498.11,4508.91"
2026-03-31 02:35:00+07:00,"4508.9,4513.02,4504.1,4505.15"
2026-03-31 02:40:00+07:00,"4505.2,4506.41,4501.47,4505.04"
2026-03-31 02:45:00+07:00,"4505.05,4510.4,4503.79,4507.24"
2026-03-31 02:50:00+07:00,"4507.25,4509.54,4504.45,4505.8"
2026-03-31 02:55:00+07:00,"4505.82,4518.46,4505.82,4513.4"
2026-03-31 03:00:00+07:00,"4512.91,4516.64,4508.88,4509.59"
2026-03-31 03:05:00+07:00,"4509.58,4512.04,4508.88,4509.01"
2026-03-31 03:10:00+07:00,"4508.97,4509.44,4505.28,4508.29"
2026-03-31 03:15:00+07:00,"4508.28,4510.07,4507.46,4508.31"
2026-03-31 03:20:00+07:00,"4508.29,4508.64,4502.34,4502.82"
2026-03-31 03:25:00+07:00,"4503.13,4506.58,4501.88,4505.84"
2026-03-31 03:30:00+07:00,"4505.86,4507.02,4502.73,4504.28"
2026-03-31 03:35:00+07:00,"4504.3,4504.59,4500.59,4502.54"
2026-03-31 03:40:00+07:00,"4502.56,4505.44,4502.27,4503.46"
2026-03-31 03:45:00+07:00,"4503.07,4506.73,4502.3,4504.85"
2026-03-31 03:50:00+07:00,"4504.82,4508.58,4503.96,4507.93"
2026-03-31 03:55:00+07:00,"4507.92,4511.57,4507.92,4510.95"
2026-03-31 05:00:00+07:00,"4511.85,4525.01,4510.62,4517.51"
2026-03-31 05:05:00+07:00,"4517.49,4518.11,4509.58,4512.08"
2026-03-31 05:10:00+07:00,"4512.1,4515.81,4507.44,4508.61"
2026-03-31 05:15:00+07:00,"4508.62,4512.04,4504.73,4506.44"
2026-03-31 05:20:00+07:00,"4506.43,4507.23,4505.38,4506.78"
2026-03-31 05:25:00+07:00,"4506.79,4515.18,4502.05,4514.41"
2026-03-31 05:30:00+07:00,"4514.33,4519.32,4511.67,4513.04"
2026-03-31 05:35:00+07:00,"4513.01,4514.49,4510.85,4511.7"
2026-03-31 05:40:00+07:00,"4511.71,4512.5,4507.48,4509.03"
2026-03-31 05:45:00+07:00,"4509.01,4512.82,4508.24,4512.25"
2026-03-31 05:50:00+07:00,"4512.24,4514.05,4511.48,4512.8"
2026-03-31 05:55:00+07:00,"4512.79,4515.44,4510.14,4510.35"
2026-03-31 06:00:00+07:00,"4510.32,4510.36,4498.69,4502.93"
2026-03-31 06:05:00+07:00,"4502.92,4506.91,4494.54,4494.92"
2026-03-31 06:10:00+07:00,"4494.91,4500.23,4492.54,4499.12"
2026-03-31 06:15:00+07:00,"4499.07,4507.5,4497.92,4506.85"
2026-03-31 06:20:00+07:00,"4506.73,4510.22,4505.57,4507.42"
2026-03-31 06:25:00+07:00,"4507.41,4507.41,4504.3,4505.49"
2026-03-31 06:30:00+07:00,"4505.6,4509.21,4503.78,4507.06"
2026-03-31 06:35:00+07:00,"4507.05,4515.54,4504.26,4511.22"
2026-03-31 06:40:00+07:00,"4511.2,4519.98,4509.69,4518.57"
2026-03-31 06:45:00+07:00,"4518.32,4519.75,4514.96,4518.42"
2026-03-31 06:50:00+07:00,"4518.4,4521.59,4513.49,4513.52"
2026-03-31 06:55:00+07:00,"4513.53,4514.03,4507.49,4513.65"
2026-03-31 07:00:00+07:00,"4513.67,4528.54,4510.08,4528.46"
2026-03-31 07:05:00+07:00,"4528.5,4528.62,4519.54,4519.54"
2026-03-31 07:10:00+07:00,"4519.51,4523.52,4514.12,4516.21"
2026-03-31 07:15:00+07:00,"4516.19,4518.54,4495.3,4496.45"
2026-03-31 07:20:00+07:00,"4496.46,4498.18,4482.5,4494.1"
2026-03-31 07:25:00+07:00,"4494.14,4513.58,4490.02,4512.21"
2026-03-31 07:30:00+07:00,"4512.24,4516.17,4506.54,4511.34"
2026-03-31 07:35:00+07:00,"4511.33,4531.96,4511.31,4530.48"
2026-03-31 07:40:00+07:00,"4530.49,4537.55,4524.42,4536.17"
2026-03-31 07:45:00+07:00,"4536.16,4547.37,4535.3,4538.32"
2026-03-31 07:50:00+07:00,"4538.31,4542.79,4535.06,4542.51"
2026-03-31 07:55:00+07:00,"4542.54,4548.46,4539.4,4547.74"
2026-03-31 08:00:00+07:00,"4547.76,4550.82,4540.13,4541.34"
2026-03-31 08:05:00+07:00,"4541.26,4541.73,4532.09,4539.23"
2026-03-31 08:10:00+07:00,"4539.22,4545.66,4533.23,4543.92"
2026-03-31 08:15:00+07:00,"4543.93,4571.03,4543.42,4568.9"
2026-03-31 08:20:00+07:00,"4568.92,4586.98,4565.05,4585.03"
2026-03-31 08:25:00+07:00,"4585.07,4586,4575.72,4581.35"
2026-03-31 08:30:00+07:00,"4581.36,4592.47,4579.89,4581.82"
2026-03-31 08:35:00+07:00,"4581.83,4589.16,4577.39,4588.32"
2026-03-31 08:40:00+07:00,"4588.32,4619.29,4588.32,4617.63"
2026-03-31 08:45:00+07:00,"4617.67,4619.38,4599.56,4603.16"
2026-03-31 08:50:00+07:00,"4603.2,4615.33,4595.91,4610.35"
2026-03-31 08:55:00+07:00,"4610.34,4615.09,4600.24,4605.01"
2026-03-31 09:00:00+07:00,"4605.02,4607.77,4588.34,4593.99"
2026-03-31 09:05:00+07:00,"4593.98,4600.39,4590.4,4596.94"
2026-03-31 09:10:00+07:00,"4596.97,4599.8,4588.84,4589.9"
2026-03-31 09:15:00+07:00,"4589.9,4593.06,4583.96,4587.86"
2026-03-31 09:20:00+07:00,"4587.85,4589.17,4582.48,4585.04"
2026-03-31 09:25:00+07:00,"4585.02,4585.61,4578.49,4582.76"
2026-03-31 09:30:00+07:00,"4582.67,4587.23,4579.42,4581.19"
2026-03-31 09:35:00+07:00,"4581.14,4588.66,4578.95,4586.18"
2026-03-31 09:40:00+07:00,"4586.29,4587.37,4578.75,4587.21"
2026-03-31 09:45:00+07:00,"4587.21,4588.28,4568.84,4571.02"
2026-03-31 09:50:00+07:00,"4571.02,4579.9,4568.82,4570.79"
2026-03-31 09:55:00+07:00,"4570.85,4574.41,4565.31,4567.89"
2026-03-31 10:00:00+07:00,"4567.86,4573.26,4565.76,4570.08"
2026-03-31 10:05:00+07:00,"4570.09,4577.09,4566.58,4569.84"
2026-03-31 10:10:00+07:00,"4569.84,4574.37,4567.61,4570.2"
2026-03-31 10:15:00+07:00,"4570.18,4571.67,4563.6,4563.75"
2026-03-31 10:20:00+07:00,"4563.73,4567.3,4555.81,4557.69"
2026-03-31 10:25:00+07:00,"4557.68,4563.76,4556.81,4561.58"
2026-03-31 10:30:00+07:00,"4561.57,4565.95,4560.71,4565.19"
2026-03-31 10:35:00+07:00,"4565.2,4565.8,4556.66,4557.58"
2026-03-31 10:40:00+07:00,"4557.55,4559.26,4550.35,4551.82"
2026-03-31 10:45:00+07:00,"4551.78,4553.95,4549.92,4552.84"
2026-03-31 10:50:00+07:00,"4552.84,4557.64,4551.77,4555.16"
2026-03-31 10:55:00+07:00,"4555.26,4557.38,4553.57,4557.33"
2026-03-31 11:00:00+07:00,"4557.32,4561.35,4557.15,4559.98"
2026-03-31 11:05:00+07:00,"4559.99,4566.39,4557.16,4559.77"
2026-03-31 11:10:00+07:00,"4559.75,4563.49,4557.24,4557.56"
2026-03-31 11:15:00+07:00,"4557.55,4565.74,4557.18,4563.44"
2026-03-31 11:20:00+07:00,"4563.43,4570.05,4558.85,4559.55"
2026-03-31 11:25:00+07:00,"4559.53,4562.61,4558.72,4561.36"
2026-03-31 11:30:00+07:00,"4561.35,4565.36,4561.07,4564.05"
2026-03-31 11:35:00+07:00,"4563.96,4563.96,4560.06,4562.23"
2026-03-31 11:40:00+07:00,"4562.23,4564.38,4560.16,4563.96"
2026-03-31 11:45:00+07:00,"4563.97,4565.53,4561.11,4561.45"
2026-03-31 11:50:00+07:00,"4561.47,4566.5,4560.92,4565.46"
2026-03-31 11:55:00+07:00,"4565.45,4569.27,4564.5,4564.88"
2026-03-31 12:00:00+07:00,"4564.77,4569.28,4563.86,4569.1"
2026-03-31 12:05:00+07:00,"4569.09,4570.81,4561.51,4561.68"
2026-03-31 12:10:00+07:00,"4561.67,4562.31,4547.37,4550.4"
2026-03-31 12:15:00+07:00,"4550.51,4559.16,4549.96,4557.94"
2026-03-31 12:20:00+07:00,"4557.95,4563.61,4556.27,4563.4"
2026-03-31 12:25:00+07:00,"4563.41,4568.29,4560.35,4561.48"
2026-03-31 12:30:00+07:00,"4561.43,4576.19,4558.62,4575.53"
2026-03-31 12:35:00+07:00,"4575.49,4580.03,4574.03,4577.49"
2026-03-31 12:40:00+07:00,"4577.46,4579.37,4572.42,4576.91"
2026-03-31 12:45:00+07:00,"4576.91,4582.08,4576.48,4579.79"
2026-03-31 12:50:00+07:00,"4579.8,4580.71,4573.02,4574.17"
2026-03-31 12:55:00+07:00,"4574.09,4574.83,4567.11,4568.83"
2026-03-31 13:00:00+07:00,"4568.86,4569.08,4558.66,4564.1"
2026-03-31 13:05:00+07:00,"4564.09,4565.57,4558.62,4558.8"
2026-03-31 13:10:00+07:00,"4558.9,4562.05,4556.14,4559.77"
2026-03-31 13:15:00+07:00,"4559.78,4561.41,4553.94,4555.01"
2026-03-31 13:20:00+07:00,"4554.98,4562.97,4553.07,4560.39"
2026-03-31 13:25:00+07:00,"4560.5,4564.77,4559.02,4560.73"
2026-03-31 13:30:00+07:00,"4560.76,4565.86,4559.17,4564.64"
2026-03-31 13:35:00+07:00,"4564.51,4565.11,4559.72,4561.24"
2026-03-31 13:40:00+07:00,"4561.25,4561.82,4556.17,4558.94"
2026-03-31 13:45:00+07:00,"4559.01,4561.94,4554.32,4556.27"
2026-03-31 13:50:00+07:00,"4556.28,4559.7,4556.13,4558.46"
2026-03-31 13:55:00+07:00,"4558.47,4561.88,4556.83,4557.36"
2026-03-31 14:00:00+07:00,"4557.37,4564.01,4554.83,4559.47"
2026-03-31 14:05:00+07:00,"4559.48,4561.88,4556.42,4556.7"
2026-03-31 14:10:00+07:00,"4556.68,4557.36,4550.27,4552.5"
2026-03-31 14:15:00+07:00,"4552.51,4554.69,4542.93,4546.9"
2026-03-31 14:20:00+07:00,"4546.87,4554.25,4546.77,4550.89"
2026-03-31 14:25:00+07:00,"4550.63,4557.14,4549.59,4552.37"
2026-03-31 14:30:00+07:00,"4552.34,4557.91,4552,4557.02"
2026-03-31 14:35:00+07:00,"4557.01,4561.5,4554.36,4554.37"
2026-03-31 14:40:00+07:00,"4554.45,4560.95,4553.99,4559.91"
2026-03-31 14:45:00+07:00,"4559.96,4563.04,4557.58,4558.56"
2026-03-31 14:50:00+07:00,"4558.49,4562.42,4556.81,4559.45"
2026-03-31 14:55:00+07:00,"4559.46,4565.79,4558.08,4564.48"
2026-03-31 15:00:00+07:00,"4564.43,4568.44,4560.51,4568.28"
2026-03-31 15:05:00+07:00,"4568.29,4573.53,4566.48,4567.55"
2026-03-31 15:10:00+07:00,"4567.54,4569.12,4563.91,4566.12"
2026-03-31 15:15:00+07:00,"4566.11,4569.31,4564.53,4568.75"
2026-03-31 15:20:00+07:00,"4568.81,4571.01,4565.26,4568.89"
2026-03-31 15:25:00+07:00,"4568.94,4572.72,4566.58,4572.27"
2026-03-31 15:30:00+07:00,"4572.26,4573.06,4567.67,4569.07"
2026-03-31 15:35:00+07:00,"4569.1,4575.36,4569.05,4570.33"
2026-03-31 15:40:00+07:00,"4570.35,4573.64,4568.82,4571.5"
2026-03-31 15:45:00+07:00,"4571.62,4574.46,4569.42,4572.08"
2026-03-31 15:50:00+07:00,"4572.13,4573.24,4567.54,4571.35"
2026-03-31 15:55:00+07:00,"4571.34,4571.74,4567.13,4568.58"
2026-03-31 16:00:00+07:00,"4568.57,4572.52,4563.11,4571.26"
2026-03-31 16:05:00+07:00,"4571.24,4572.32,4566.5,4569.13"
2026-03-31 16:10:00+07:00,"4569.15,4570.82,4566.93,4567.71"
2026-03-31 16:15:00+07:00,"4567.72,4570.89,4564.2,4567.4"
2026-03-31 16:20:00+07:00,"4567.39,4569.26,4565.04,4567.37"
2026-03-31 16:25:00+07:00,"4567.38,4568.02,4561.38,4562.35"
2026-03-31 16:30:00+07:00,"4562.36,4562.62,4553.46,4557.16"
2026-03-31 16:35:00+07:00,"4557.15,4559.1,4550.97,4551.05"
2026-03-31 16:40:00+07:00,"4551.04,4555.86,4550.13,4555.85"
2026-03-31 16:45:00+07:00,"4555.86,4559.53,4555.54,4558.76"
2026-03-31 16:50:00+07:00,"4558.75,4562.69,4556.55,4556.61"
2026-03-31 16:55:00+07:00,"4556.62,4556.8,4551.5,4555.44"
2026-03-31 17:00:00+07:00,"4555.42,4560.57,4555.13,4560.35"
2026-03-31 17:05:00+07:00,"4560.36,4561.51,4558.73,4560.51"
2026-03-31 17:10:00+07:00,"4560.5,4562.06,4556.73,4557.01"
2026-03-31 17:15:00+07:00,"4557.02,4559.52,4555.63,4558.44"
2026-03-31 17:20:00+07:00,"4558.46,4560.58,4555.99,4558.65"
2026-03-31 17:25:00+07:00,"4558.7,4561.23,4557.54,4560.5"
2026-03-31 17:30:00+07:00,"4560.51,4560.93,4554.54,4554.95"
2026-03-31 17:35:00+07:00,"4554.94,4556.49,4532.71,4534.17"
2026-03-31 17:40:00+07:00,"4534.16,4545.09,4528.52,4541.25"
2026-03-31 17:45:00+07:00,"4541.26,4543.65,4540.06,4541.77"
2026-03-31 17:50:00+07:00,"4541.76,4548.98,4541.6,4548.55"
2026-03-31 17:55:00+07:00,"4548.54,4552.9,4544.25,4547.1"
2026-03-31 18:00:00+07:00,"4547.13,4550.35,4544.01,4547.34"
2026-03-31 18:05:00+07:00,"4547.41,4548.92,4543.26,4545.35"
2026-03-31 18:10:00+07:00,"4545.31,4564.87,4540.83,4551.51"
2026-03-31 18:15:00+07:00,"4551.49,4569.13,4549.65,4566.38"
2026-03-31 18:20:00+07:00,"4566.39,4577.6,4564.63,4575.77"
2026-03-31 18:25:00+07:00,"4575.72,4583.3,4574.97,4575.19"
2026-03-31 18:30:00+07:00,"4575.2,4579.05,4568.79,4577.85"
2026-03-31 18:35:00+07:00,"4577.92,4593.39,4574.1,4589.58"
2026-03-31 18:40:00+07:00,"4589.57,4593.07,4583.22,4591.96"
2026-03-31 18:45:00+07:00,"4592,4593.13,4582.31,4584.93"
2026-03-31 18:50:00+07:00,"4584.96,4586.72,4578.74,4581.25"
2026-03-31 18:55:00+07:00,"4581.28,4582.74,4576.73,4582.39"
2026-03-31 19:00:00+07:00,"4582.4,4588.25,4581.09,4585.41"
2026-03-31 19:05:00+07:00,"4585.39,4597.96,4584.67,4591.84"
2026-03-31 19:10:00+07:00,"4591.85,4592.13,4574.11,4575.72"
2026-03-31 19:15:00+07:00,"4575.71,4581.46,4571.27,4580.83"
2026-03-31 19:20:00+07:00,"4580.45,4582.52,4574.56,4577.91"
2026-03-31 19:25:00+07:00,"4577.92,4583.55,4572.23,4579.35"
2026-03-31 19:30:00+07:00,"4579.36,4583.27,4577.49,4582.99"
2026-03-31 19:35:00+07:00,"4582.94,4589.95,4582.39,4584.73"
2026-03-31 19:40:00+07:00,"4584.54,4586.32,4577.68,4579.11"
2026-03-31 19:45:00+07:00,"4579.1,4581.53,4568.91,4573.19"
2026-03-31 19:50:00+07:00,"4573.2,4575.63,4569.41,4574.37"
2026-03-31 19:55:00+07:00,"4574.38,4578.03,4571.19,4574.72"
2026-03-31 20:00:00+07:00,"4574.82,4579.64,4567.76,4570.2"
2026-03-31 20:05:00+07:00,"4570.19,4581.47,4567.78,4581.37"
2026-03-31 20:10:00+07:00,"4581.35,4583.7,4576.98,4581.41"
2026-03-31 20:15:00+07:00,"4581.42,4586.8,4580.61,4583.47"
2026-03-31 20:20:00+07:00,"4583.33,4588.08,4582.29,4583.82"
2026-03-31 20:25:00+07:00,"4583.81,4583.88,4573.08,4573.19"
2026-03-31 20:30:00+07:00,"4573.17,4580.06,4568.24,4578.43"
2026-03-31 20:35:00+07:00,"4578.4,4585.72,4572.55,4583.61"
2026-03-31 20:40:00+07:00,"4583.6,4589.56,4583.25,4587.97"
2026-03-31 20:45:00+07:00,"4587.98,4590.01,4585.09,4589.66"
2026-03-31 20:50:00+07:00,"4589.64,4609.88,4585.14,4606.64"
2026-03-31 20:55:00+07:00,"4606.55,4609.71,4592.68,4607.34"
2026-03-31 21:00:00+07:00,"4607.35,4625.54,4604.58,4614.04"
2026-03-31 21:05:00+07:00,"4614.07,4616.17,4604.32,4605.52"
2026-03-31 21:10:00+07:00,"4605.49,4615.87,4603.68,4615"
2026-03-31 21:15:00+07:00,"4615.09,4615.2,4606.93,4611.86"
2026-03-31 21:20:00+07:00,"4611.81,4615.62,4602.75,4612.87"
2026-03-31 21:25:00+07:00,"4612.88,4620.02,4605.96,4619.01"
2026-03-31 21:30:00+07:00,"4619.23,4630.1,4614.88,4620.67"
2026-03-31 21:35:00+07:00,"4620.66,4622.64,4608.02,4609.1"
2026-03-31 21:40:00+07:00,"4609.14,4612.19,4603.93,4608.12"
2026-03-31 21:45:00+07:00,"4608.11,4611.21,4600.32,4601.81"
2026-03-31 21:50:00+07:00,"4601.77,4607.78,4600.85,4605.74"
2026-03-31 21:55:00+07:00,"4605.72,4605.72,4594.78,4599.22"
2026-03-31 22:00:00+07:00,"4599.2,4615.26,4599.05,4613.52"
2026-03-31 22:05:00+07:00,"4613.51,4618.97,4611.98,4614.5"
2026-03-31 22:10:00+07:00,"4614.49,4624.24,4613.59,4622.87"
2026-03-31 22:15:00+07:00,"4622.95,4625.7,4615.36,4619.81"
2026-03-31 22:20:00+07:00,"4619.8,4619.81,4613.18,4619.42"
2026-03-31 22:25:00+07:00,"4619.41,4619.46,4608.02,4610.29"
2026-03-31 22:30:00+07:00,"4610.32,4614.47,4607.15,4614.27"
2026-03-31 22:35:00+07:00,"4614.17,4619.72,4613.71,4619.53"
2026-03-31 22:40:00+07:00,"4619.52,4621.6,4616.29,4620.99"
2026-03-31 22:45:00+07:00,"4621.03,4622.45,4615.63,4615.67"
2026-03-31 22:50:00+07:00,"4615.59,4623.87,4614.97,4618.24"
2026-03-31 22:55:00+07:00,"4618.25,4619.29,4607.93,4609.48"
2026-03-31 23:00:00+07:00,"4609.53,4618.64,4607.78,4614.18"
2026-03-31 23:05:00+07:00,"4614.14,4619.9,4613.13,4619.66"
2026-03-31 23:10:00+07:00,"4619.57,4620.18,4606.88,4612.21"
2026-03-31 23:15:00+07:00,"4611.94,4619.04,4611.93,4614.94"
2026-03-31 23:20:00+07:00,"4614.88,4618.65,4609.24,4618.33"
2026-03-31 23:25:00+07:00,"4618.34,4618.75,4614.51,4617.92"
2026-03-31 23:30:00+07:00,"4617.93,4619.32,4615.88,4617.04"
2026-03-31 23:35:00+07:00,"4617.05,4633.93,4614.96,4632.64"
2026-03-31 23:40:00+07:00,"4632.47,4651.88,4632.1,4641.73"
2026-03-31 23:45:00+07:00,"4641.69,4646.74,4631.02,4641.24"
2026-03-31 23:50:00+07:00,"4641.23,4650.99,4634.46,4637.69"
2026-03-31 23:55:00+07:00,"4637.49,4643.72,4635.46,4638.14"
2026-04-01 00:00:00+07:00,"4638.19,4655.98,4638.09,4647.94"
2026-04-01 00:05:00+07:00,"4647.9,4649.65,4636.46,4639.48"
2026-04-01 00:10:00+07:00,"4639.49,4645.5,4636.05,4642.85"
2026-04-01 00:15:00+07:00,"4642.65,4649.25,4640.74,4648.08"
2026-04-01 00:20:00+07:00,"4648.05,4658.37,4644.13,4650.29"
2026-04-01 00:25:00+07:00,"4650.34,4651.99,4642.57,4648.71"
2026-04-01 00:30:00+07:00,"4648.63,4659.13,4648.07,4658.87"
2026-04-01 00:35:00+07:00,"4658.98,4661.17,4645.21,4651.21"
2026-04-01 00:40:00+07:00,"4651.14,4664.55,4650.72,4660.35"
2026-04-01 00:45:00+07:00,"4660.36,4666.39,4658.05,4662.63"
2026-04-01 00:50:00+07:00,"4662.65,4667.4,4660.15,4661.99"
2026-04-01 00:55:00+07:00,"4661.86,4662.1,4653.28,4654.54"
2026-04-01 01:00:00+07:00,"4654.61,4661.04,4653.44,4654.71"
2026-04-01 01:05:00+07:00,"4654.69,4668.46,4653.61,4665.25"
2026-04-01 01:10:00+07:00,"4665.04,4669.39,4660.05,4665.79"
2026-04-01 01:15:00+07:00,"4665.78,4668.93,4663.76,4666.71"
2026-04-01 01:20:00+07:00,"4666.77,4668.62,4662.85,4664.2"
2026-04-01 01:25:00+07:00,"4664.19,4667.05,4659.82,4664.48"
2026-04-01 01:30:00+07:00,"4664.03,4666.9,4661.31,4661.56"
2026-04-01 01:35:00+07:00,"4661.52,4671.38,4659.9,4670.34"
2026-04-01 01:40:00+07:00,"4670.32,4670.6,4664.23,4667.73"
2026-04-01 01:45:00+07:00,"4667.75,4670.55,4663.62,4665.69"
2026-04-01 01:50:00+07:00,"4665.83,4670.06,4665.42,4668.5"
2026-04-01 01:55:00+07:00,"4668.45,4670.66,4666.67,4667.46"
2026-04-01 02:00:00+07:00,"4667.47,4676.32,4667.29,4670.71"
2026-04-01 02:05:00+07:00,"4670.68,4672.87,4661.62,4662.02"
2026-04-01 02:10:00+07:00,"4662.01,4672.15,4661.79,4671.21"
2026-04-01 02:15:00+07:00,"4671.22,4675.41,4668.73,4672.87"
2026-04-01 02:20:00+07:00,"4672.88,4681.32,4672.87,4675.19"
2026-04-01 02:25:00+07:00,"4675.42,4677.12,4670.54,4672.84"
2026-04-01 02:30:00+07:00,"4672.84,4679.54,4672.3,4677.08"
2026-04-01 02:35:00+07:00,"4677.07,4683.01,4676.88,4682.62"
2026-04-01 02:40:00+07:00,"4682.58,4683.79,4676.35,4681.07"
2026-04-01 02:45:00+07:00,"4681.12,4684.16,4679.8,4683.16"
2026-04-01 02:50:00+07:00,"4683.18,4685.87,4679.56,4684.42"
2026-04-01 02:55:00+07:00,"4684.4,4685.7,4680.86,4683.08"
2026-04-01 03:00:00+07:00,"4683.12,4687.37,4679.14,4681.45"
2026-04-01 03:05:00+07:00,"4681.46,4683.63,4676.79,4677.24"
2026-04-01 03:10:00+07:00,"4677.57,4680.77,4676.2,4679.48"
2026-04-01 03:15:00+07:00,"4679.49,4682.25,4676.29,4677.39"
2026-04-01 03:20:00+07:00,"4677.45,4678.47,4672.24,4672.55"
2026-04-01 03:25:00+07:00,"4672.56,4674.08,4668.59,4669.21"
2026-04-01 03:30:00+07:00,"4669.79,4675.63,4668.86,4675.55"
2026-04-01 03:35:00+07:00,"4675.55,4675.62,4666.82,4670.59"
2026-04-01 03:40:00+07:00,"4670.6,4673.36,4667.47,4668.28"
2026-04-01 03:45:00+07:00,"4668.27,4670.53,4666.46,4668.33"
2026-04-01 03:50:00+07:00,"4668.28,4669.2,4665.26,4665.68"
2026-04-01 03:55:00+07:00,"4665.67,4669.94,4664.65,4669.86"
2026-04-01 05:00:00+07:00,"4670.07,4682.21,4670.07,4674.65"
2026-04-01 05:05:00+07:00,"4674.63,4678.12,4664.34,4669.93"
2026-04-01 05:10:00+07:00,"4669.83,4674.13,4662.17,4669.06"
2026-04-01 05:15:00+07:00,"4669.09,4674.26,4665.9,4667.1"
2026-04-01 05:20:00+07:00,"4667.06,4681.69,4663.13,4681.23"
2026-04-01 05:25:00+07:00,"4681.2,4686.72,4670.54,4674.72"
2026-04-01 05:30:00+07:00,"4674.71,4676.81,4671.14,4673.07"
2026-04-01 05:35:00+07:00,"4673.08,4695.7,4671.57,4694.72"
2026-04-01 05:40:00+07:00,"4694.43,4697.04,4682.84,4684.84"
2026-04-01 05:45:00+07:00,"4684.82,4687.21,4661.24,4670.94"
2026-04-01 05:50:00+07:00,"4671.26,4679.31,4667.61,4671.29"
2026-04-01 05:55:00+07:00,"4671.27,4684.2,4664.28,4681.05"
2026-04-01 06:00:00+07:00,"4681.37,4682.85,4675.89,4676.93"
2026-04-01 06:05:00+07:00,"4676.93,4678,4673.84,4674.72"
2026-04-01 06:10:00+07:00,"4674.85,4680.71,4672.79,4676.38"
2026-04-01 06:15:00+07:00,"4676.34,4680.1,4673.76,4673.8"
2026-04-01 06:20:00+07:00,"4673.79,4677.77,4672,4677.18"
2026-04-01 06:25:00+07:00,"4677.18,4684.88,4677.1,4682.2"
2026-04-01 06:30:00+07:00,"4682.22,4688.55,4681.56,4687.21"
2026-04-01 06:35:00+07:00,"4687.27,4692.62,4686.66,4692.03"
2026-04-01 06:40:00+07:00,"4692.04,4695.25,4689.14,4690.91"
2026-04-01 06:45:00+07:00,"4690.93,4693.42,4688.39,4689.1"
2026-04-01 06:50:00+07:00,"4689.11,4692.95,4689.11,4691.74"
2026-04-01 06:55:00+07:00,"4691.76,4700.21,4691.54,4696.41"
2026-04-01 07:00:00+07:00,"4696.38,4700.43,4692.86,4698.82"
2026-04-01 07:05:00+07:00,"4698.81,4704.97,4697.36,4700.99"
2026-04-01 07:10:00+07:00,"4700.99,4705.22,4694.15,4703.3"
2026-04-01 07:15:00+07:00,"4703.31,4712.88,4702.53,4707.4"
2026-04-01 07:20:00+07:00,"4707.41,4714.61,4705.78,4714.47"
2026-04-01 07:25:00+07:00,"4714.46,4722.22,4713.45,4721.85"
2026-04-01 07:30:00+07:00,"4721.86,4722.59,4703.33,4705.29"
2026-04-01 07:35:00+07:00,"4705.36,4707.07,4699.94,4704.22"
2026-04-01 07:40:00+07:00,"4704.23,4707.03,4703.59,4706.67"
2026-04-01 07:45:00+07:00,"4706.67,4710.76,4704.72,4706.95"
2026-04-01 07:50:00+07:00,"4706.94,4719.24,4706.94,4711.4"
2026-04-01 07:55:00+07:00,"4711.5,4714.61,4704.35,4710.81"
2026-04-01 08:00:00+07:00,"4710.82,4724.36,4701.21,4703.72"
2026-04-01 08:05:00+07:00,"4703.74,4707.36,4689.1,4706.14"
2026-04-01 08:10:00+07:00,"4706.14,4710.14,4701.65,4708.06"
2026-04-01 08:15:00+07:00,"4708.03,4708.48,4696.45,4698.17"
2026-04-01 08:20:00+07:00,"4698.17,4701.71,4692.27,4695.12"
2026-04-01 08:25:00+07:00,"4695.11,4708.39,4693.5,4708.24"
2026-04-01 08:30:00+07:00,"4708.24,4708.36,4690.69,4693.16"
2026-04-01 08:35:00+07:00,"4693.17,4698.56,4685.42,4686.29"
2026-04-01 08:40:00+07:00,"4686.3,4688.34,4681.3,4687.94"
2026-04-01 08:45:00+07:00,"4687.93,4694.1,4686.54,4691.47"
2026-04-01 08:50:00+07:00,"4691.46,4697.14,4685.9,4695.36"
2026-04-01 08:55:00+07:00,"4695.25,4697.14,4687.18,4692.77"
2026-04-01 09:00:00+07:00,"4692.85,4695.94,4686.84,4695.31"
2026-04-01 09:05:00+07:00,"4695.39,4700.63,4690.61,4695.52"
2026-04-01 09:10:00+07:00,"4695.55,4696.98,4690.17,4693.76"
2026-04-01 09:15:00+07:00,"4693.75,4698.02,4692.61,4696.03"
2026-04-01 09:20:00+07:00,"4696.03,4697,4683.84,4687.12"
2026-04-01 09:25:00+07:00,"4687.21,4688.16,4683.47,4687.28"
2026-04-01 09:30:00+07:00,"4687.29,4690.32,4682.55,4685.44"
2026-04-01 09:35:00+07:00,"4685.42,4685.65,4678.55,4680.64"
2026-04-01 09:40:00+07:00,"4680.63,4682.88,4677.89,4681.78"
2026-04-01 09:45:00+07:00,"4681.77,4683.66,4678.27,4679.82"
2026-04-01 09:50:00+07:00,"4679.81,4687.65,4679.48,4687.18"
2026-04-01 09:55:00+07:00,"4687.08,4689.85,4683.45,4684.64"
2026-04-01 10:00:00+07:00,"4684.64,4690.37,4682.63,4684.7"
2026-04-01 10:05:00+07:00,"4684.71,4688.91,4684.18,4687.11"
2026-04-01 10:10:00+07:00,"4687.12,4692.78,4685.62,4689.53"
2026-04-01 10:15:00+07:00,"4689.52,4694.32,4687.02,4690.17"
2026-04-01 10:20:00+07:00,"4690.17,4691.4,4688.44,4689.81"
2026-04-01 10:25:00+07:00,"4689.82,4691.64,4684.3,4687.26"
2026-04-01 10:30:00+07:00,"4687.26,4688.45,4684.47,4687.48"
2026-04-01 10:35:00+07:00,"4687.46,4688.84,4685.59,4687.56"
2026-04-01 10:40:00+07:00,"4687.55,4687.7,4682.95,4687.07"
2026-04-01 10:45:00+07:00,"4687.09,4688.69,4684.11,4684.15"
2026-04-01 10:50:00+07:00,"4684.17,4685.14,4681.22,4683.16"
2026-04-01 10:55:00+07:00,"4683.18,4686.63,4679.61,4682.03"
2026-04-01 11:00:00+07:00,"4682.04,4682.17,4675.4,4676.63"
2026-04-01 11:05:00+07:00,"4676.64,4680.52,4674.48,4675"
2026-04-01 11:10:00+07:00,"4674.99,4675.88,4673.01,4673.76"
2026-04-01 11:15:00+07:00,"4673.75,4674.21,4667,4668.97"
2026-04-01 11:20:00+07:00,"4668.96,4673.1,4668.44,4672.34"
2026-04-01 11:25:00+07:00,"4672.34,4673.48,4671.11,4672.35"
2026-04-01 11:30:00+07:00,"4672.36,4674.72,4671.55,4671.92"
2026-04-01 11:35:00+07:00,"4671.91,4675.84,4669.04,4675.43"
2026-04-01 11:40:00+07:00,"4675.42,4677.26,4674.72,4677.18"
2026-04-01 11:45:00+07:00,"4677.13,4678.8,4676.06,4677.99"
2026-04-01 11:50:00+07:00,"4677.95,4681.7,4676.75,4676.83"
2026-04-01 11:55:00+07:00,"4676.87,4677.3,4672.78,4676.53"
2026-04-01 12:00:00+07:00,"4676.58,4678.68,4674.78,4676.11"
2026-04-01 12:05:00+07:00,"4676.13,4681.06,4675.51,4680.68"
2026-04-01 12:10:00+07:00,"4680.66,4684.88,4679.87,4682.82"
2026-04-01 12:15:00+07:00,"4682.98,4688.08,4682.02,4685.52"
2026-04-01 12:20:00+07:00,"4685.39,4686.63,4680.35,4684.24"
2026-04-01 12:25:00+07:00,"4684.24,4690.11,4682.1,4686.39"
2026-04-01 12:30:00+07:00,"4686.37,4695.36,4686.37,4693.28"
2026-04-01 12:35:00+07:00,"4693.3,4700.59,4692.03,4700.53"
2026-04-01 12:40:00+07:00,"4700.65,4703.55,4699.16,4702.24"
2026-04-01 12:45:00+07:00,"4702.26,4703.81,4695.7,4699.41"
2026-04-01 12:50:00+07:00,"4699.4,4699.48,4694.43,4695.67"
2026-04-01 12:55:00+07:00,"4695.62,4695.81,4683.82,4684.35"
2026-04-01 13:00:00+07:00,"4684.43,4689.62,4682.39,4685.06"
2026-04-01 13:05:00+07:00,"4685.05,4688.09,4683.8,4686.68"
2026-04-01 13:10:00+07:00,"4686.71,4697.75,4686.64,4697.73"
2026-04-01 13:15:00+07:00,"4697.74,4699.42,4692.44,4695.99"
2026-04-01 13:20:00+07:00,"4695.98,4709.67,4695.6,4709.07"
2026-04-01 13:25:00+07:00,"4709.09,4711.64,4704.93,4709.28"
2026-04-01 13:30:00+07:00,"4709.42,4712.92,4707.68,4709.12"
2026-04-01 13:35:00+07:00,"4709.1,4709.23,4702.26,4702.52"
2026-04-01 13:40:00+07:00,"4702.53,4709.2,4702.2,4708.74"
2026-04-01 13:45:00+07:00,"4708.76,4728.05,4708.43,4724.15"
2026-04-01 13:50:00+07:00,"4724.11,4728.25,4720.25,4726.98"
2026-04-01 13:55:00+07:00,"4727.07,4733.74,4726.27,4730.53"
2026-04-01 14:00:00+07:00,"4730.52,4732.99,4720.16,4722.56"
2026-04-01 14:05:00+07:00,"4722.55,4723.48,4714.31,4720.9"
2026-04-01 14:10:00+07:00,"4720.92,4721.72,4714.11,4715.41"
2026-04-01 14:15:00+07:00,"4715.43,4717.1,4713.05,4716.3"
2026-04-01 14:20:00+07:00,"4716.31,4725.95,4715.42,4719.82"
2026-04-01 14:25:00+07:00,"4719.71,4724.05,4718.28,4723.09"
2026-04-01 14:30:00+07:00,"4723.1,4736.2,4722.13,4731.49"
2026-04-01 14:35:00+07:00,"4731.46,4747.76,4730.82,4741.92"
2026-04-01 14:40:00+07:00,"4741.86,4741.88,4730.55,4730.79"
2026-04-01 14:45:00+07:00,"4730.78,4733.04,4719.67,4722.7"
2026-04-01 14:50:00+07:00,"4722.69,4725.01,4710.5,4713.6"
2026-04-01 14:55:00+07:00,"4713.58,4716.69,4709.5,4712.92"
2026-04-01 15:00:00+07:00,"4712.94,4726.73,4710.18,4721.67"
2026-04-01 15:05:00+07:00,"4721.68,4726.1,4716.77,4720.07"
2026-04-01 15:10:00+07:00,"4719.97,4720.91,4715.38,4719.38"
2026-04-01 15:15:00+07:00,"4719.41,4728.22,4717.15,4726.83"
2026-04-01 15:20:00+07:00,"4726.81,4731.18,4725.23,4728.86"
2026-04-01 15:25:00+07:00,"4728.76,4736.01,4727.91,4730.66"
2026-04-01 15:30:00+07:00,"4730.66,4734.75,4726.31,4732.59"
2026-04-01 15:35:00+07:00,"4732.6,4740.59,4731.01,4737.96"
2026-04-01 15:40:00+07:00,"4737.95,4738.37,4730.92,4731.99"
2026-04-01 15:45:00+07:00,"4732.01,4732.14,4728.9,4731.33"
2026-04-01 15:50:00+07:00,"4731.32,4732.69,4727.97,4730.17"
2026-04-01 15:55:00+07:00,"4730.16,4730.9,4726.02,4728.75"
2026-04-01 16:00:00+07:00,"4728.76,4730.31,4724.94,4726.24"
2026-04-01 16:05:00+07:00,"4726.2,4728.02,4720.16,4720.36"
2026-04-01 16:10:00+07:00,"4720.38,4722.44,4717.88,4718.32"
2026-04-01 16:15:00+07:00,"4718.31,4719.53,4715.19,4717.32"
2026-04-01 16:20:00+07:00,"4717.3,4721.28,4713.9,4721.09"
2026-04-01 16:25:00+07:00,"4720.94,4724.04,4717.87,4719.62"
2026-04-01 16:30:00+07:00,"4719.61,4722.32,4712.96,4714.22"
2026-04-01 16:35:00+07:00,"4714.25,4722.93,4713.88,4718.77"
2026-04-01 16:40:00+07:00,"4718.75,4722.94,4718,4719.33"
2026-04-01 16:45:00+07:00,"4719.29,4727.45,4719.28,4726.57"
2026-04-01 16:50:00+07:00,"4726.66,4728.01,4722.19,4723.25"
2026-04-01 16:55:00+07:00,"4723.27,4725.23,4719.17,4723.24"
2026-04-01 17:00:00+07:00,"4723.18,4724.78,4718.44,4719.01"
2026-04-01 17:05:00+07:00,"4719.03,4721.67,4717.53,4718.16"
2026-04-01 17:10:00+07:00,"4718.14,4719.61,4715.46,4715.91"
2026-04-01 17:15:00+07:00,"4715.89,4721.29,4715.28,4720.05"
2026-04-01 17:20:00+07:00,"4720.04,4729.45,4719.47,4725.22"
2026-04-01 17:25:00+07:00,"4725.13,4728.99,4721.52,4728.38"
2026-04-01 17:30:00+07:00,"4728.37,4732.11,4726.05,4727.03"
2026-04-01 17:35:00+07:00,"4727.02,4731.98,4726.23,4730.2"
2026-04-01 17:40:00+07:00,"4730.13,4736.38,4730.11,4734.78"
2026-04-01 17:45:00+07:00,"4734.79,4738.86,4734.73,4737.19"
2026-04-01 17:50:00+07:00,"4737.2,4737.2,4727.83,4732.13"
2026-04-01 17:55:00+07:00,"4732.16,4732.4,4727.88,4731.22"
2026-04-01 18:00:00+07:00,"4731.21,4738.2,4728.12,4737.44"
2026-04-01 18:05:00+07:00,"4737.46,4740.56,4736.19,4739.73"
2026-04-01 18:10:00+07:00,"4739.74,4740.5,4734.4,4736.85"
2026-04-01 18:15:00+07:00,"4737.13,4744.71,4736.35,4743.81"
2026-04-01 18:20:00+07:00,"4743.82,4744.48,4736.39,4740.04"
2026-04-01 18:25:00+07:00,"4740.03,4746.44,4740.03,4745.05"
2026-04-01 18:30:00+07:00,"4745.1,4750.56,4744.82,4746.14"
2026-04-01 18:35:00+07:00,"4746.13,4758.76,4745.96,4756.86"
2026-04-01 18:40:00+07:00,"4756.88,4763.18,4755.21,4760.51"
2026-04-01 18:45:00+07:00,"4760.5,4760.9,4752.83,4758.54"
2026-04-01 18:50:00+07:00,"4758.49,4761.55,4756.66,4759.69"
2026-04-01 18:55:00+07:00,"4759.71,4760.25,4752.3,4752.36"
2026-04-01 19:00:00+07:00,"4752.37,4754.18,4747.11,4748.06"
2026-04-01 19:05:00+07:00,"4748.07,4749.41,4739.27,4743.01"
2026-04-01 19:10:00+07:00,"4743.05,4745.67,4741.6,4743.46"
2026-04-01 19:15:00+07:00,"4743.17,4745.71,4736.37,4739.38"
2026-04-01 19:20:00+07:00,"4739.39,4742.17,4730.61,4732.62"
2026-04-01 19:25:00+07:00,"4732.6,4736.35,4724.43,4734.92"
2026-04-01 19:30:00+07:00,"4734.98,4745.71,4729.98,4744.6"
2026-04-01 19:35:00+07:00,"4744.63,4749.2,4733.83,4736.03"
2026-04-01 19:40:00+07:00,"4736.01,4754.93,4733.19,4747.7"
2026-04-01 19:45:00+07:00,"4747.57,4754.44,4730.92,4734.2"
2026-04-01 19:50:00+07:00,"4734.12,4737.17,4726.32,4731.58"
2026-04-01 19:55:00+07:00,"4731.71,4733.7,4724.33,4724.79"
2026-04-01 20:00:00+07:00,"4724.82,4726.67,4716,4720.5"
2026-04-01 20:05:00+07:00,"4720.49,4729.65,4717.97,4729.07"
2026-04-01 20:10:00+07:00,"4729.08,4733.72,4728.17,4731.77"
2026-04-01 20:15:00+07:00,"4731.76,4740.52,4730.71,4739.34"
2026-04-01 20:20:00+07:00,"4739.33,4739.76,4730.74,4738.18"
2026-04-01 20:25:00+07:00,"4738.16,4742.3,4735.33,4735.94"
2026-04-01 20:30:00+07:00,"4735.93,4741.84,4730.53,4738.75"
2026-04-01 20:35:00+07:00,"4738.76,4749.72,4737.51,4746.1"
2026-04-01 20:40:00+07:00,"4746.12,4749.21,4735.06,4743.48"
2026-04-01 20:45:00+07:00,"4743.47,4747.44,4737.78,4743.32"
2026-04-01 20:50:00+07:00,"4743.3,4748.8,4733.72,4741.41"
2026-04-01 20:55:00+07:00,"4741.35,4741.47,4734.13,4738.24"
2026-04-01 21:00:00+07:00,"4735.26,4744.31,4723.54,4744.29"
2026-04-01 21:05:00+07:00,"4744.3,4747.06,4736.22,4742.87"
2026-04-01 21:10:00+07:00,"4742.82,4747.21,4737.31,4744.57"
2026-04-01 21:15:00+07:00,"4744.55,4749.1,4740.56,4747.19"
2026-04-01 21:20:00+07:00,"4747.18,4755.12,4736.65,4739.75"
2026-04-01 21:25:00+07:00,"4739.74,4742.76,4729.67,4742.23"
2026-04-01 21:30:00+07:00,"4742.24,4745.67,4739.38,4743.54"
2026-04-01 21:35:00+07:00,"4743.53,4753.26,4734.82,4750.22"
2026-04-01 21:40:00+07:00,"4750.23,4756.62,4743.78,4754.1"
2026-04-01 21:45:00+07:00,"4754.13,4760.15,4752.59,4758.8"
2026-04-01 21:50:00+07:00,"4758.79,4768.53,4756.27,4768.06"
2026-04-01 21:55:00+07:00,"4768.13,4769.01,4759.42,4760.82"
2026-04-01 22:00:00+07:00,"4760.81,4771.03,4758.3,4766.95"
2026-04-01 22:05:00+07:00,"4766.84,4773.79,4765.72,4773.15"
2026-04-01 22:10:00+07:00,"4773.18,4775.23,4761.79,4765.05"
2026-04-01 22:15:00+07:00,"4765.06,4770.86,4762.37,4770.61"
2026-04-01 22:20:00+07:00,"4770.6,4776.6,4767.74,4770.19"
2026-04-01 22:25:00+07:00,"4770.2,4774.31,4768.26,4773.27"
2026-04-01 22:30:00+07:00,"4773.36,4780.55,4769.9,4780.05"
2026-04-01 22:35:00+07:00,"4780.04,4784.09,4779.02,4781.93"
2026-04-01 22:40:00+07:00,"4781.93,4787.24,4779.43,4785.59"
2026-04-01 22:45:00+07:00,"4785.57,4787.27,4783.03,4784.71"
2026-04-01 22:50:00+07:00,"4784.7,4788.26,4784.15,4785.5"
2026-04-01 22:55:00+07:00,"4785.51,4787.89,4782.39,4786.53"
2026-04-01 23:00:00+07:00,"4786.54,4791.03,4782.64,4785.85"
2026-04-01 23:05:00+07:00,"4785.87,4788.1,4781.96,4785.31"
2026-04-01 23:10:00+07:00,"4785.32,4785.42,4774.36,4774.95"
2026-04-01 23:15:00+07:00,"4774.96,4782.47,4774.58,4782.47"
2026-04-01 23:20:00+07:00,"4782.48,4783.6,4779.63,4779.95"
2026-04-01 23:25:00+07:00,"4779.96,4780.02,4774.65,4776.53"
2026-04-01 23:30:00+07:00,"4776.56,4783.41,4775.3,4782.49"
2026-04-01 23:35:00+07:00,"4782.44,4785.12,4780.47,4780.8"
2026-04-01 23:40:00+07:00,"4780.85,4784.66,4780.52,4784.43"
2026-04-01 23:45:00+07:00,"4784.43,4785.2,4783.06,4784.01"
2026-04-01 23:50:00+07:00,"4784.02,4785,4781.7,4783.72"
2026-04-01 23:55:00+07:00,"4783.7,4788.76,4782.81,4787.22"
2026-04-02 00:00:00+07:00,"4787.21,4792.11,4786.61,4789.03"
2026-04-02 00:05:00+07:00,"4789.05,4793.28,4788.62,4790.97"
2026-04-02 00:10:00+07:00,"4790.92,4791.58,4787.96,4788.54"
2026-04-02 00:15:00+07:00,"4788.65,4789.35,4782.15,4785.55"
2026-04-02 00:20:00+07:00,"4785.63,4788.39,4784.14,4787.46"
2026-04-02 00:25:00+07:00,"4787.38,4790.29,4784.29,4785.25"
2026-04-02 00:30:00+07:00,"4785.24,4786.32,4779.28,4779.68"
2026-04-02 00:35:00+07:00,"4779.73,4783.06,4775.72,4782.53"
2026-04-02 00:40:00+07:00,"4782.53,4784.81,4781.53,4782.01"
2026-04-02 00:45:00+07:00,"4782,4783.43,4779.23,4780.13"
2026-04-02 00:50:00+07:00,"4780.12,4781.55,4778.13,4779.66"
2026-04-02 00:55:00+07:00,"4779.67,4780.29,4773.74,4774.53"
2026-04-02 01:00:00+07:00,"4774.55,4775.38,4759.5,4764.31"
2026-04-02 01:05:00+07:00,"4764.35,4774.34,4763.46,4767.02"
2026-04-02 01:10:00+07:00,"4767.06,4772.91,4767.06,4771.26"
2026-04-02 01:15:00+07:00,"4771.25,4771.73,4759.45,4762.37"
2026-04-02 01:20:00+07:00,"4762.36,4764.68,4752.92,4755.63"
2026-04-02 01:25:00+07:00,"4755.69,4760.2,4753.62,4753.99"
2026-04-02 01:30:00+07:00,"4754.01,4761.46,4754.01,4755.77"
2026-04-02 01:35:00+07:00,"4755.84,4756.1,4741.97,4749.03"
2026-04-02 01:40:00+07:00,"4749.28,4768,4748.31,4756.96"
2026-04-02 01:45:00+07:00,"4756.91,4758.54,4751.93,4756.18"
2026-04-02 01:50:00+07:00,"4756.08,4757.61,4751.59,4755.04"
2026-04-02 01:55:00+07:00,"4755.03,4756.19,4751.92,4753.16"
2026-04-02 02:00:00+07:00,"4753.15,4758.49,4751.05,4758.13"
2026-04-02 02:05:00+07:00,"4758.18,4765.33,4757.74,4758.11"
2026-04-02 02:10:00+07:00,"4758.1,4760.71,4755.78,4760.06"
2026-04-02 02:15:00+07:00,"4759.95,4762.35,4758.62,4761.01"
2026-04-02 02:20:00+07:00,"4760.96,4763.06,4758.53,4760.87"
2026-04-02 02:25:00+07:00,"4760.57,4769.42,4760.41,4765.51"
2026-04-02 02:30:00+07:00,"4765.51,4767.61,4763.08,4767.26"
2026-04-02 02:35:00+07:00,"4767.24,4775.47,4766.92,4775.01"
2026-04-02 02:40:00+07:00,"4775.02,4778.43,4768.54,4769.41"
2026-04-02 02:45:00+07:00,"4769.37,4770.42,4765.75,4768.04"
2026-04-02 02:50:00+07:00,"4768.06,4769.12,4758.02,4765.28"
2026-04-02 02:55:00+07:00,"4765.29,4772.37,4764.43,4766.29"
2026-04-02 03:00:00+07:00,"4766.11,4769.86,4762.51,4765.62"
2026-04-02 03:05:00+07:00,"4765.63,4768.26,4763.75,4767.66"
2026-04-02 03:10:00+07:00,"4767.68,4769.72,4767.16,4768.58"
2026-04-02 03:15:00+07:00,"4768.56,4771.29,4768.45,4770.68"
2026-04-02 03:20:00+07:00,"4770.69,4771.22,4762.6,4762.6"
2026-04-02 03:25:00+07:00,"4762.59,4765.53,4760.84,4762.07"
2026-04-02 03:30:00+07:00,"4762.39,4763.96,4757.68,4760.22"
2026-04-02 03:35:00+07:00,"4760.37,4762.79,4757.53,4758.56"
2026-04-02 03:40:00+07:00,"4758.54,4760.72,4753.93,4759.68"
2026-04-02 03:45:00+07:00,"4758.82,4763.66,4758.07,4762.6"
2026-04-02 03:50:00+07:00,"4762.62,4763.28,4756.67,4757.62"
2026-04-02 03:55:00+07:00,"4757.64,4759,4756.36,4758.38"
2026-04-02 05:00:00+07:00,"4760.17,4763.32,4756.9,4759.16"
2026-04-02 05:05:00+07:00,"4759.14,4761.14,4752.87,4757.73"
2026-04-02 05:10:00+07:00,"4757.66,4760.47,4755.97,4758.7"
2026-04-02 05:15:00+07:00,"4758.69,4765.32,4756.64,4762.29"
2026-04-02 05:20:00+07:00,"4762.39,4768.69,4759.85,4766.9"
2026-04-02 05:25:00+07:00,"4767.23,4774.83,4767.01,4772.67"
2026-04-02 05:30:00+07:00,"4772.65,4778.45,4771.08,4776.61"
2026-04-02 05:35:00+07:00,"4776.6,4781.44,4773.53,4774.39"
2026-04-02 05:40:00+07:00,"4774.55,4779.68,4770.61,4775.77"
2026-04-02 05:45:00+07:00,"4775.8,4780.99,4775.67,4780.05"
2026-04-02 05:50:00+07:00,"4780.06,4782.51,4774.83,4779.31"
2026-04-02 05:55:00+07:00,"4779.07,4779.79,4775.05,4776.61"
2026-04-02 06:00:00+07:00,"4776.59,4778.98,4773.43,4778.53"
2026-04-02 06:05:00+07:00,"4778.51,4789.13,4778.43,4787.17"
2026-04-02 06:10:00+07:00,"4787.25,4791.63,4787.25,4791.15"
2026-04-02 06:15:00+07:00,"4791.16,4799.13,4788.59,4796.01"
2026-04-02 06:20:00+07:00,"4795.98,4798.22,4791.6,4793.11"
2026-04-02 06:25:00+07:00,"4793.09,4796.74,4792.36,4795.13"
2026-04-02 06:30:00+07:00,"4795.13,4800.61,4791.56,4793.26"
2026-04-02 06:35:00+07:00,"4793.16,4793.79,4787.98,4792.02"
2026-04-02 06:40:00+07:00,"4791.89,4793.99,4789.53,4789.71"
2026-04-02 06:45:00+07:00,"4789.79,4790.04,4780.3,4784.08"
2026-04-02 06:50:00+07:00,"4784.23,4786.02,4778.1,4785.69"
2026-04-02 06:55:00+07:00,"4785.4,4786.29,4782.3,4784.02"
2026-04-02 07:00:00+07:00,"4784.01,4784.07,4775.05,4781.68"
2026-04-02 07:05:00+07:00,"4781.67,4791.43,4780.86,4790.33"
2026-04-02 07:10:00+07:00,"4790.32,4793.63,4789.26,4792.67"
2026-04-02 07:15:00+07:00,"4792.69,4798.88,4790.87,4795.66"
2026-04-02 07:20:00+07:00,"4795.76,4798.05,4791.2,4794.27"
2026-04-02 07:25:00+07:00,"4794.26,4794.82,4788.38,4789.68"
2026-04-02 07:30:00+07:00,"4789.69,4791.5,4785.29,4790.46"
2026-04-02 07:35:00+07:00,"4790.44,4791.63,4784.12,4791.46"
2026-04-02 07:40:00+07:00,"4791.41,4796.35,4786.61,4787.51"
2026-04-02 07:45:00+07:00,"4787.52,4792.17,4783.9,4787.68"
2026-04-02 07:50:00+07:00,"4787.58,4789.85,4785.41,4787.64"
2026-04-02 07:55:00+07:00,"4787.63,4788.89,4783.58,4784.48"
2026-04-02 08:00:00+07:00,"4784.46,4786.74,4731.78,4743.68"
2026-04-02 08:05:00+07:00,"4743.67,4748.7,4724.22,4747.08"
2026-04-02 08:10:00+07:00,"4747.23,4766.4,4745.12,4750.53"
2026-04-02 08:15:00+07:00,"4750.52,4753.56,4723.94,4727.83"
2026-04-02 08:20:00+07:00,"4727.17,4734.99,4710.52,4713.96"
2026-04-02 08:25:00+07:00,"4713.91,4717.07,4686.61,4695.88"
2026-04-02 08:30:00+07:00,"4695.83,4699.68,4649.25,4681.22"
2026-04-02 08:35:00+07:00,"4681.22,4698.03,4673.75,4697.49"
2026-04-02 08:40:00+07:00,"4697.48,4708.76,4689.2,4689.97"
2026-04-02 08:45:00+07:00,"4689.96,4700.38,4684.87,4696.79"
2026-04-02 08:50:00+07:00,"4696.77,4712.02,4693,4700.87"
2026-04-02 08:55:00+07:00,"4700.83,4705.3,4689.2,4696.44"
2026-04-02 09:00:00+07:00,"4696.18,4698.96,4688.65,4697.84"
2026-04-02 09:05:00+07:00,"4697.86,4704.3,4688.77,4691.4"
2026-04-02 09:10:00+07:00,"4691.21,4696.15,4677.69,4689.26"
2026-04-02 09:15:00+07:00,"4689.26,4703.29,4687.97,4691.01"
2026-04-02 09:20:00+07:00,"4690.98,4700.24,4688.1,4698.32"
2026-04-02 09:25:00+07:00,"4698.33,4699.56,4688.18,4689.78"
2026-04-02 09:30:00+07:00,"4689.97,4691.3,4666.05,4670.34"
2026-04-02 09:35:00+07:00,"4670.42,4671.35,4655.21,4660.01"
2026-04-02 09:40:00+07:00,"4660.02,4682.7,4659.8,4676.01"
2026-04-02 09:45:00+07:00,"4675.96,4685.61,4675.05,4676.32"
2026-04-02 09:50:00+07:00,"4676.34,4681.29,4673.14,4680.31"
2026-04-02 09:55:00+07:00,"4680.32,4689.82,4677.34,4687.14"
2026-04-02 10:00:00+07:00,"4687.12,4687.19,4679.06,4679.72"
2026-04-02 10:05:00+07:00,"4679.69,4685.62,4677.87,4682.21"
2026-04-02 10:10:00+07:00,"4682.31,4692.06,4680.31,4690.11"
2026-04-02 10:15:00+07:00,"4690.11,4694.95,4688.29,4691.07"
2026-04-02 10:20:00+07:00,"4690.97,4698.44,4688.14,4697.55"
2026-04-02 10:25:00+07:00,"4697.53,4699.54,4691.6,4691.72"
2026-04-02 10:30:00+07:00,"4691.75,4693.33,4686.58,4691.95"
2026-04-02 10:35:00+07:00,"4691.93,4693,4685.32,4687.14"
2026-04-02 10:40:00+07:00,"4687.09,4690.24,4683.59,4686"
2026-04-02 10:45:00+07:00,"4686.05,4687.93,4677.92,4678.14"
2026-04-02 10:50:00+07:00,"4678.2,4681.37,4675.86,4677.91"
2026-04-02 10:55:00+07:00,"4677.9,4680.27,4675.76,4676.38"
2026-04-02 11:00:00+07:00,"4676.38,4681.87,4675.44,4677.27"
2026-04-02 11:05:00+07:00,"4677.28,4677.35,4664.72,4670.93"
2026-04-02 11:10:00+07:00,"4671,4672.44,4666.09,4668.27"
2026-04-02 11:15:00+07:00,"4668.31,4672.62,4667.53,4668.22"
2026-04-02 11:20:00+07:00,"4668.2,4668.32,4662.53,4666.48"
2026-04-02 11:25:00+07:00,"4666.57,4672.5,4664.52,4666.53"
2026-04-02 11:30:00+07:00,"4666.3,4669.98,4663.9,4666.77"
2026-04-02 11:35:00+07:00,"4666.57,4669.49,4664.01,4665.1"
2026-04-02 11:40:00+07:00,"4665.09,4665.21,4658.05,4661.76"
2026-04-02 11:45:00+07:00,"4661.76,4665.67,4657.17,4665.16"
2026-04-02 11:50:00+07:00,"4665.28,4669.97,4665.11,4666.3"
2026-04-02 11:55:00+07:00,"4666.29,4673.47,4664.88,4672.57"
2026-04-02 12:00:00+07:00,"4672.56,4675.3,4671.26,4672.59"
2026-04-02 12:05:00+07:00,"4672.58,4673.12,4666.25,4668.8"
2026-04-02 12:10:00+07:00,"4668.74,4673.83,4668.11,4670.24"
2026-04-02 12:15:00+07:00,"4670.26,4673.83,4669.46,4672.24"
2026-04-02 12:20:00+07:00,"4672.22,4675.25,4669.03,4674.04"
2026-04-02 12:25:00+07:00,"4674,4680.85,4673.38,4677.19"
2026-04-02 12:30:00+07:00,"4677.24,4679.7,4636.7,4651.75"
2026-04-02 12:35:00+07:00,"4651.92,4653.27,4642.33,4646.46"
2026-04-02 12:40:00+07:00,"4646,4647.89,4628.89,4634.02"
2026-04-02 12:45:00+07:00,"4634.88,4635.63,4591,4591.33"
2026-04-02 12:50:00+07:00,"4591.32,4609.2,4585.52,4604.27"
2026-04-02 12:55:00+07:00,"4604.28,4608.35,4590.46,4594.08"
2026-04-02 13:00:00+07:00,"4594.23,4597.08,4576.82,4585.18"
2026-04-02 13:05:00+07:00,"4585.19,4589.93,4561.05,4568.03"
2026-04-02 13:10:00+07:00,"4567.93,4581.56,4553.44,4580.94"
2026-04-02 13:15:00+07:00,"4580.93,4591.74,4573.92,4590.5"
2026-04-02 13:20:00+07:00,"4590.56,4599.11,4584.86,4587.58"
2026-04-02 13:25:00+07:00,"4587.62,4592.07,4580.44,4591.28"
2026-04-02 13:30:00+07:00,"4591.02,4598.7,4585.94,4591.91"
2026-04-02 13:35:00+07:00,"4592,4597.72,4583.17,4594.72"
2026-04-02 13:40:00+07:00,"4594.82,4596.01,4581.34,4588.32"
2026-04-02 13:45:00+07:00,"4588.25,4600.68,4583.73,4599.46"
2026-04-02 13:50:00+07:00,"4599.15,4608.95,4597.21,4598.59"
2026-04-02 13:55:00+07:00,"4598.57,4600.55,4591.66,4598.6"
2026-04-02 14:00:00+07:00,"4598.62,4606.7,4597,4603"
2026-04-02 14:05:00+07:00,"4603.02,4612.2,4597.79,4608.02"
2026-04-02 14:10:00+07:00,"4607.97,4622.27,4607.97,4621.08"
2026-04-02 14:15:00+07:00,"4620.98,4625.69,4617.39,4623.94"
2026-04-02 14:20:00+07:00,"4623.85,4627.7,4618.34,4619.28"
2026-04-02 14:25:00+07:00,"4619.22,4624,4617.18,4620.62"
2026-04-02 14:30:00+07:00,"4620.76,4634.24,4619.17,4631.88"
2026-04-02 14:35:00+07:00,"4631.94,4638.24,4626.81,4634.76"
2026-04-02 14:40:00+07:00,"4634.57,4641.95,4633,4637.22"
2026-04-02 14:45:00+07:00,"4637.37,4651.34,4635.83,4648.63"
2026-04-02 14:50:00+07:00,"4648.39,4648.94,4642.51,4644.71"
2026-04-02 14:55:00+07:00,"4644.74,4646.1,4640.75,4642.75"
2026-04-02 15:00:00+07:00,"4642.74,4649.05,4637.29,4641.91"
2026-04-02 15:05:00+07:00,"4641.89,4641.94,4630.19,4633.04"
2026-04-02 15:10:00+07:00,"4633.06,4641.99,4628.68,4641.17"
2026-04-02 15:15:00+07:00,"4641.19,4645.11,4637.22,4642.01"
2026-04-02 15:20:00+07:00,"4641.92,4642.48,4631.77,4636.28"
2026-04-02 15:25:00+07:00,"4636.28,4637.47,4631.2,4634.33"
2026-04-02 15:30:00+07:00,"4634.31,4638.86,4631.71,4638"
2026-04-02 15:35:00+07:00,"4637.98,4644.07,4636.32,4639.33"
2026-04-02 15:40:00+07:00,"4639.36,4641.69,4630.26,4630.85"
2026-04-02 15:45:00+07:00,"4630.86,4634.74,4625.03,4627.69"
2026-04-02 15:50:00+07:00,"4627.67,4629.73,4624.8,4627.17"
2026-04-02 15:55:00+07:00,"4627.14,4628.86,4616.62,4620.82"
2026-04-02 16:00:00+07:00,"4620.81,4624.96,4612.92,4618.62"
2026-04-02 16:05:00+07:00,"4618.54,4621.34,4613.07,4617.53"
2026-04-02 16:10:00+07:00,"4617.57,4625.58,4614.85,4623.72"
2026-04-02 16:15:00+07:00,"4623.73,4632.06,4621.75,4625.71"
2026-04-02 16:20:00+07:00,"4625.7,4632.08,4624.97,4626.57"
2026-04-02 16:25:00+07:00,"4626.56,4629.59,4617.2,4621.15"
2026-04-02 16:30:00+07:00,"4621.15,4625.87,4615.5,4621.94"
2026-04-02 16:35:00+07:00,"4621.99,4624.73,4615.52,4622.57"
2026-04-02 16:40:00+07:00,"4622.56,4625.34,4619.75,4621.56"
2026-04-02 16:45:00+07:00,"4621.57,4623.05,4617.48,4620.26"
2026-04-02 16:50:00+07:00,"4620.11,4627.33,4618.36,4625.74"
2026-04-02 16:55:00+07:00,"4625.77,4628.5,4620.69,4621.74"
2026-04-02 17:00:00+07:00,"4621.73,4628.3,4618.38,4626.55"
2026-04-02 17:05:00+07:00,"4626.56,4635.28,4626.56,4630.73"
2026-04-02 17:10:00+07:00,"4630.62,4632.76,4624.32,4625.04"
2026-04-02 17:15:00+07:00,"4625.06,4626.98,4612.28,4614.92"
2026-04-02 17:20:00+07:00,"4614.95,4617.55,4603.24,4615.89"
2026-04-02 17:25:00+07:00,"4615.9,4620.98,4615.52,4618.64"
2026-04-02 17:30:00+07:00,"4618.62,4620.29,4613.45,4614.4"
2026-04-02 17:35:00+07:00,"4614.45,4618.87,4613.71,4614.33"
2026-04-02 17:40:00+07:00,"4614.32,4631.52,4614.32,4624.48"
2026-04-02 17:45:00+07:00,"4624.44,4629.52,4621.93,4628.49"
2026-04-02 17:50:00+07:00,"4628.48,4628.77,4619.44,4620.65"
2026-04-02 17:55:00+07:00,"4620.63,4626.17,4619.9,4620.59"
2026-04-02 18:00:00+07:00,"4620.6,4627.44,4616.63,4626.47"
2026-04-02 18:05:00+07:00,"4626.46,4628,4622.92,4625.74"
2026-04-02 18:10:00+07:00,"4625.72,4630.12,4624.48,4627.67"
2026-04-02 18:15:00+07:00,"4627.66,4628.79,4623.19,4624.32"
2026-04-02 18:20:00+07:00,"4624.35,4629.2,4623.45,4625.55"
2026-04-02 18:25:00+07:00,"4625.44,4630.63,4614.1,4614.91"
2026-04-02 18:30:00+07:00,"4614.91,4617.29,4608.21,4613.75"
2026-04-02 18:35:00+07:00,"4613.71,4617.91,4608.44,4608.51"
2026-04-02 18:40:00+07:00,"4608.53,4608.83,4592.47,4599.95"
2026-04-02 18:45:00+07:00,"4599.96,4604.98,4596.07,4604.15"
2026-04-02 18:50:00+07:00,"4604.14,4612.15,4600.19,4601.27"
2026-04-02 18:55:00+07:00,"4601.29,4603.78,4598.24,4600.1"
2026-04-02 19:00:00+07:00,"4600.11,4607.58,4594.53,4607.58"
2026-04-02 19:05:00+07:00,"4607.57,4610.92,4602.05,4603.58"
2026-04-02 19:10:00+07:00,"4603.56,4613.05,4598.7,4612.46"
2026-04-02 19:15:00+07:00,"4612.45,4616.86,4609.5,4613.73"
2026-04-02 19:20:00+07:00,"4613.53,4629.44,4611.62,4628.11"
2026-04-02 19:25:00+07:00,"4628.03,4630.58,4623.73,4626.92"
2026-04-02 19:30:00+07:00,"4626.92,4627.22,4619.23,4622.03"
2026-04-02 19:35:00+07:00,"4622.08,4624.77,4620.07,4621.47"
2026-04-02 19:40:00+07:00,"4621.45,4622.27,4615.57,4618.12"
2026-04-02 19:45:00+07:00,"4618.32,4624.58,4613.56,4619.54"
2026-04-02 19:50:00+07:00,"4619.53,4626.75,4618.42,4620.23"
2026-04-02 19:55:00+07:00,"4620.27,4621.89,4600.19,4601.97"
2026-04-02 20:00:00+07:00,"4601.98,4603.22,4580.11,4594.85"
2026-04-02 20:05:00+07:00,"4594.84,4614.45,4592.08,4600.31"
2026-04-02 20:10:00+07:00,"4600.29,4602.35,4585.36,4587.54"
2026-04-02 20:15:00+07:00,"4587.55,4595.28,4584.65,4591.19"
2026-04-02 20:20:00+07:00,"4591.2,4597.88,4580.74,4582.91"
2026-04-02 20:25:00+07:00,"4582.92,4600.6,4582.36,4597.57"
2026-04-02 20:30:00+07:00,"4597.65,4608.43,4593.42,4600.13"
2026-04-02 20:35:00+07:00,"4600.11,4601.51,4589.56,4589.94"
2026-04-02 20:40:00+07:00,"4589.93,4602.93,4585.63,4602.18"
2026-04-02 20:45:00+07:00,"4602.25,4637.25,4600.3,4634.25"
2026-04-02 20:50:00+07:00,"4634.3,4643.86,4629.33,4635.45"
2026-04-02 20:55:00+07:00,"4635.4,4651.71,4632.29,4646.5"
2026-04-02 21:00:00+07:00,"4646.39,4650.68,4632.99,4642.05"
2026-04-02 21:05:00+07:00,"4642.06,4651.75,4637.21,4647.75"
2026-04-02 21:10:00+07:00,"4647.73,4659.76,4646.25,4647.85"
2026-04-02 21:15:00+07:00,"4647.84,4663.91,4645.81,4660.3"
2026-04-02 21:20:00+07:00,"4660.29,4676.25,4658.92,4675.14"
2026-04-02 21:25:00+07:00,"4675.08,4675.99,4660.39,4665.36"
2026-04-02 21:30:00+07:00,"4665.34,4673.95,4658.65,4669.86"
2026-04-02 21:35:00+07:00,"4669.83,4695.72,4668.57,4687.22"
2026-04-02 21:40:00+07:00,"4687.15,4700.11,4679.61,4692.74"
2026-04-02 21:45:00+07:00,"4692.71,4693.62,4679.62,4681.03"
2026-04-02 21:50:00+07:00,"4681.15,4685.25,4671.89,4684.14"
2026-04-02 21:55:00+07:00,"4684.24,4690.2,4680.35,4681.69"
2026-04-02 22:00:00+07:00,"4681.71,4684.18,4669.48,4681.47"
2026-04-02 22:05:00+07:00,"4681.48,4682.4,4667.23,4670.76"
2026-04-02 22:10:00+07:00,"4670.75,4680.99,4668.66,4672.3"
2026-04-02 22:15:00+07:00,"4672.32,4682.16,4671.51,4672.58"
2026-04-02 22:20:00+07:00,"4672.57,4672.66,4659.38,4662.13"
2026-04-02 22:25:00+07:00,"4662.17,4676.83,4658.17,4672.54"
2026-04-02 22:30:00+07:00,"4672.53,4675.42,4667.92,4675.32"
2026-04-02 22:35:00+07:00,"4675.31,4676.19,4667.77,4670.21"
2026-04-02 22:40:00+07:00,"4670.23,4670.6,4662.04,4666.24"
2026-04-02 22:45:00+07:00,"4666.06,4666.78,4658.7,4659.11"
2026-04-02 22:50:00+07:00,"4659.12,4662.77,4652.63,4661.99"
2026-04-02 22:55:00+07:00,"4661.89,4664.43,4653.02,4661.15"
2026-04-02 23:00:00+07:00,"4661.15,4668.67,4659.59,4661.87"
2026-04-02 23:05:00+07:00,"4661.86,4665.64,4648.14,4658.22"
2026-04-02 23:10:00+07:00,"4658.2,4659.05,4650.94,4654.93"
2026-04-02 23:15:00+07:00,"4654.94,4656.93,4645.93,4646.56"
2026-04-02 23:20:00+07:00,"4646.57,4656.12,4642.62,4651.37"
2026-04-02 23:25:00+07:00,"4651.38,4656.19,4650.21,4650.76"
2026-04-02 23:30:00+07:00,"4650.54,4664.16,4650.35,4658.14"
2026-04-02 23:35:00+07:00,"4658.13,4668.37,4658.11,4664.11"
2026-04-02 23:40:00+07:00,"4664.01,4670.48,4658.49,4658.97"
2026-04-02 23:45:00+07:00,"4658.73,4662.88,4656.79,4660.6"
2026-04-02 23:50:00+07:00,"4660.59,4670.98,4659.27,4664.25"
2026-04-02 23:55:00+07:00,"4664.17,4664.74,4659.09,4659.12"
2026-04-03 00:00:00+07:00,"4659.14,4665.12,4656.17,4663.49"
2026-04-03 00:05:00+07:00,"4663.47,4668.53,4660.2,4663.14"
2026-04-03 00:10:00+07:00,"4663.18,4664.19,4657.7,4664.14"
2026-04-03 00:15:00+07:00,"4664.13,4666.16,4659.7,4662.29"
2026-04-03 00:20:00+07:00,"4662.3,4666.02,4659.36,4664.23"
2026-04-03 00:25:00+07:00,"4664.24,4664.36,4650.96,4652.22"
2026-04-03 00:30:00+07:00,"4652.23,4654.26,4646.16,4651.65"
2026-04-03 00:35:00+07:00,"4651.71,4653.8,4648.31,4653.55"
2026-04-03 00:40:00+07:00,"4653.54,4658.28,4652.52,4657.86"
2026-04-03 00:45:00+07:00,"4657.84,4658.76,4646.37,4647.75"
2026-04-03 00:50:00+07:00,"4647.7,4652.15,4645.61,4650.31"
2026-04-03 00:55:00+07:00,"4650.41,4652.54,4647.05,4648.98"
2026-04-03 01:00:00+07:00,"4648.92,4653.69,4647.24,4653.68"
2026-04-03 01:05:00+07:00,"4653.84,4658.79,4652.97,4656.17"
2026-04-03 01:10:00+07:00,"4656.18,4659.06,4652.94,4653.6"
2026-04-03 01:15:00+07:00,"4653.61,4656.56,4651.96,4653.92"
2026-04-03 01:20:00+07:00,"4653.9,4656.95,4651.65,4651.69"
2026-04-03 01:25:00+07:00,"4651.66,4653.43,4649.82,4651.72"
2026-04-03 01:30:00+07:00,"4651.55,4659.5,4651.55,4658.93"
2026-04-03 01:35:00+07:00,"4658.92,4660.09,4654.29,4655.34"
2026-04-03 01:40:00+07:00,"4655.27,4663.58,4655.1,4662.66"
2026-04-03 01:45:00+07:00,"4662.68,4669.33,4661.98,4669.03"
2026-04-03 01:50:00+07:00,"4669.02,4670.51,4662.37,4668.34"
2026-04-03 01:55:00+07:00,"4668.32,4672.21,4666.94,4668.61"
2026-04-03 02:00:00+07:00,"4668.49,4676.01,4668.49,4672.39"
2026-04-03 02:05:00+07:00,"4672.34,4680.31,4672.18,4679.81"
2026-04-03 02:10:00+07:00,"4679.76,4682.01,4673.67,4674.56"
2026-04-03 02:15:00+07:00,"4674.61,4674.94,4668.91,4670.2"
2026-04-03 02:20:00+07:00,"4670.17,4678.48,4666.74,4672.99"
2026-04-03 02:25:00+07:00,"4672.93,4673.93,4664.23,4665.28"
2026-04-03 02:30:00+07:00,"4664.93,4667.41,4661.83,4663.8"
2026-04-03 02:35:00+07:00,"4663.96,4666.58,4661.55,4664.43"
2026-04-03 02:40:00+07:00,"4664.45,4668.48,4663.72,4666.06"
2026-04-03 02:45:00+07:00,"4666.04,4670.23,4665.47,4668.7"
2026-04-03 02:50:00+07:00,"4668.71,4675.73,4668.71,4675.51"
2026-04-03 02:55:00+07:00,"4675.48,4676.76,4671.73,4672.07"
2026-04-03 03:00:00+07:00,"4672.14,4676.79,4671.46,4675.22"
2026-04-03 03:05:00+07:00,"4675.25,4676.34,4673.29,4673.99"
2026-04-03 03:10:00+07:00,"4674,4676.91,4672.14,4673.78"
2026-04-03 03:15:00+07:00,"4673.75,4674.54,4667.05,4667.57"
2026-04-03 03:20:00+07:00,"4667.56,4667.77,4664.2,4666.36"
2026-04-03 03:25:00+07:00,"4666.67,4670.61,4666.23,4668.08"
2026-04-03 03:30:00+07:00,"4668.09,4672.64,4667.76,4672.04"
2026-04-03 03:35:00+07:00,"4672.02,4673.53,4670.8,4671.66"
2026-04-03 03:40:00+07:00,"4671.63,4671.82,4667.73,4669.15"
2026-04-03 03:45:00+07:00,"4669.14,4673.45,4667.44,4671.03"
2026-04-03 03:50:00+07:00,"4670.71,4673.49,4666.31,4671.97"
2026-04-03 03:55:00+07:00,"4671.95,4678.11,4671.23,4676.41"
2026-04-06 05:00:00+07:00,"4661.7,4672.77,4628.85,4637.32"
2026-04-06 05:05:00+07:00,"4637.3,4641.38,4629.62,4634.3"
2026-04-06 05:10:00+07:00,"4634.35,4635.82,4613.66,4630.48"
2026-04-06 05:15:00+07:00,"4630.53,4641.24,4629.42,4636.07"
2026-04-06 05:20:00+07:00,"4635.88,4642.31,4632.72,4641.19"
2026-04-06 05:25:00+07:00,"4641.37,4642.48,4633.86,4636.37"
2026-04-06 05:30:00+07:00,"4636.36,4641.76,4631.89,4635.44"
2026-04-06 05:35:00+07:00,"4635.46,4642.09,4633.84,4641.94"
2026-04-06 05:40:00+07:00,"4642.04,4646.19,4637.69,4642.49"
2026-04-06 05:45:00+07:00,"4642.48,4650.85,4585.54,4643.02"
2026-04-06 05:50:00+07:00,"4643.01,4649.12,4616.24,4629.62"
2026-04-06 05:55:00+07:00,"4629.67,4656.29,4629.42,4645.79"
2026-04-06 06:00:00+07:00,"4645.96,4651.26,4634.38,4636.65"
2026-04-06 06:05:00+07:00,"4636.69,4641.2,4629.12,4630.28"
2026-04-06 06:10:00+07:00,"4630.76,4634.66,4626.51,4632.61"
2026-04-06 06:15:00+07:00,"4632.66,4634.38,4624.74,4624.93"
2026-04-06 06:20:00+07:00,"4625.28,4626.36,4618.48,4619.75"
2026-04-06 06:25:00+07:00,"4619.81,4620.78,4608.75,4609.8"
2026-04-06 06:30:00+07:00,"4609.8,4616.25,4604.51,4615.09"
2026-04-06 06:35:00+07:00,"4615.21,4617.71,4611.78,4614.38"
2026-04-06 06:40:00+07:00,"4614.4,4614.4,4605.32,4607.25"
2026-04-06 06:45:00+07:00,"4607.25,4616.03,4607.25,4613.76"
2026-04-06 06:50:00+07:00,"4613.77,4619.83,4612.99,4617.14"
2026-04-06 06:55:00+07:00,"4617.19,4617.19,4610.13,4610.43"
2026-04-06 07:00:00+07:00,"4610.44,4623.82,4606.64,4623.4"
2026-04-06 07:05:00+07:00,"4623.4,4626.53,4617.26,4623.26"
2026-04-06 07:10:00+07:00,"4623.28,4626.99,4620.18,4626.18"
2026-04-06 07:15:00+07:00,"4626.07,4629.66,4613.81,4614.79"
2026-04-06 07:20:00+07:00,"4614.73,4621.73,4613.14,4616.94"
2026-04-06 07:25:00+07:00,"4616.77,4618.23,4599.95,4603.42"
2026-04-06 07:30:00+07:00,"4603.4,4610.92,4602.83,4609.11"
2026-04-06 07:35:00+07:00,"4609.17,4613.1,4605.5,4610.54"
2026-04-06 07:40:00+07:00,"4610.44,4621.88,4610.24,4619.13"
2026-04-06 07:45:00+07:00,"4619.17,4621.76,4616.88,4617.81"
2026-04-06 07:50:00+07:00,"4617.72,4621.86,4615.67,4621.79"
2026-04-06 07:55:00+07:00,"4621.89,4626.46,4619.43,4622.54"
2026-04-06 08:00:00+07:00,"4622.59,4632.73,4622.59,4631"
2026-04-06 08:05:00+07:00,"4630.99,4640.63,4627.21,4637.65"
2026-04-06 08:10:00+07:00,"4638.17,4642.87,4637.81,4641.68"
2026-04-06 08:15:00+07:00,"4641.63,4643.39,4624.9,4625.01"
2026-04-06 08:20:00+07:00,"4624.86,4635.95,4620.32,4632.7"
2026-04-06 08:25:00+07:00,"4632.75,4641.43,4632.67,4641.04"
2026-04-06 08:30:00+07:00,"4641.05,4641.32,4626.89,4628.88"
2026-04-06 08:35:00+07:00,"4628.99,4635.85,4626.19,4635.09"
2026-04-06 08:40:00+07:00,"4635.01,4635.11,4623.13,4627.71"
2026-04-06 08:45:00+07:00,"4627.77,4629.7,4623,4623.38"
2026-04-06 08:50:00+07:00,"4623.38,4626.68,4621.6,4626.16"
2026-04-06 08:55:00+07:00,"4626.18,4627.96,4622.34,4625.84"
2026-04-06 09:00:00+07:00,"4625.94,4631.53,4623.66,4629.39"
2026-04-06 09:05:00+07:00,"4629.44,4633.51,4626.38,4632.22"
2026-04-06 09:10:00+07:00,"4632.21,4640.23,4630.77,4636.12"
2026-04-06 09:15:00+07:00,"4636.11,4665.52,4636.11,4663.57"
2026-04-06 09:20:00+07:00,"4663.72,4671.77,4662.66,4665.17"
2026-04-06 09:25:00+07:00,"4665.03,4667.94,4659.25,4661.16"
2026-04-06 09:30:00+07:00,"4661.04,4666.71,4653.93,4654.48"
2026-04-06 09:35:00+07:00,"4654.43,4654.82,4643.68,4651.24"
2026-04-06 09:40:00+07:00,"4651.26,4654.72,4648.79,4651.27"
2026-04-06 09:45:00+07:00,"4651.35,4654.95,4650.58,4652.16"
2026-04-06 09:50:00+07:00,"4652.37,4656.44,4647.6,4650.61"
2026-04-06 09:55:00+07:00,"4650.6,4652.21,4646.97,4648.02"
2026-04-06 10:00:00+07:00,"4647.97,4648,4630.49,4634.67"
2026-04-06 10:05:00+07:00,"4634.55,4635.91,4629.24,4631.12"
2026-04-06 10:10:00+07:00,"4630.6,4638.3,4628.52,4633.39"
2026-04-06 10:15:00+07:00,"4633.54,4636.29,4626.51,4626.61"
2026-04-06 10:20:00+07:00,"4626.69,4632.05,4625.35,4631.1"
2026-04-06 10:25:00+07:00,"4631.05,4634.1,4629.86,4630.42"
2026-04-06 10:30:00+07:00,"4630.47,4632.77,4626,4631.74"
2026-04-06 10:35:00+07:00,"4631.77,4633.73,4628.98,4629.09"
2026-04-06 10:40:00+07:00,"4629.08,4633.18,4625.3,4632.79"
2026-04-06 10:45:00+07:00,"4632.72,4634.92,4630.56,4634.66"
2026-04-06 10:50:00+07:00,"4634.67,4638.5,4633.35,4635.62"
2026-04-06 10:55:00+07:00,"4635.68,4642.27,4635.37,4640.48"
2026-04-06 11:00:00+07:00,"4640.49,4648.22,4639.83,4647.85"
2026-04-06 11:05:00+07:00,"4647.9,4648.16,4642.5,4646.68"
2026-04-06 11:10:00+07:00,"4646.53,4648.61,4642.59,4643.45"
2026-04-06 11:15:00+07:00,"4643.45,4645.38,4642.9,4643.35"
2026-04-06 11:20:00+07:00,"4643.43,4644.95,4641.18,4642.19"
2026-04-06 11:25:00+07:00,"4642.22,4647.09,4641.55,4647"
2026-04-06 11:30:00+07:00,"4646.99,4648.71,4642.93,4648.6"
2026-04-06 11:35:00+07:00,"4648.56,4651.37,4648.36,4648.37"
2026-04-06 11:40:00+07:00,"4648.38,4650.53,4647.3,4649.05"
2026-04-06 11:45:00+07:00,"4649.07,4652,4646.66,4651.9"
2026-04-06 11:50:00+07:00,"4651.92,4656.22,4651.86,4656.17"
2026-04-06 11:55:00+07:00,"4656.16,4660.05,4654.57,4659.05"
2026-04-06 12:00:00+07:00,"4659.04,4664.22,4657.83,4663.05"
2026-04-06 12:05:00+07:00,"4663.04,4671.17,4662.23,4670.77"
2026-04-06 12:10:00+07:00,"4670.79,4677.01,4669.58,4673.68"
2026-04-06 12:15:00+07:00,"4673.68,4678.11,4673.26,4677.42"
2026-04-06 12:20:00+07:00,"4677.31,4679.02,4668.04,4673.54"
2026-04-06 12:25:00+07:00,"4673.35,4673.91,4666.57,4667.47"
2026-04-06 12:30:00+07:00,"4667.48,4669.23,4664.78,4667.57"
2026-04-06 12:35:00+07:00,"4667.56,4668.34,4665.52,4665.77"
2026-04-06 12:40:00+07:00,"4665.72,4667.25,4660.92,4661.46"
2026-04-06 12:45:00+07:00,"4661.45,4663.33,4659.21,4659.88"
2026-04-06 12:50:00+07:00,"4659.86,4667.24,4658.62,4667.05"
2026-04-06 12:55:00+07:00,"4666.97,4667.64,4651.13,4652.65"
2026-04-06 13:00:00+07:00,"4652.62,4653.31,4642.81,4652.84"
2026-04-06 13:05:00+07:00,"4652.84,4659.67,4652.84,4658.18"
2026-04-06 13:10:00+07:00,"4658.19,4662.05,4656.85,4661"
2026-04-06 13:15:00+07:00,"4661.01,4662.28,4658.09,4658.76"
2026-04-06 13:20:00+07:00,"4658.81,4660.61,4653.33,4655.33"
2026-04-06 13:25:00+07:00,"4655.35,4658.2,4652.54,4657.38"
2026-04-06 13:30:00+07:00,"4657.37,4660.21,4655.37,4658.09"
2026-04-06 13:35:00+07:00,"4658.25,4659.15,4651.75,4654.89"
2026-04-06 13:40:00+07:00,"4654.88,4658.48,4653.17,4655.45"
2026-04-06 13:45:00+07:00,"4655.47,4657.24,4653.6,4656.73"
2026-04-06 13:50:00+07:00,"4656.68,4667.86,4655.45,4662.52"
2026-04-06 13:55:00+07:00,"4662.43,4666.2,4658.51,4666.02"
2026-04-06 14:00:00+07:00,"4666.05,4666.74,4658.17,4658.83"
2026-04-06 14:05:00+07:00,"4658.57,4660.06,4655.46,4656.92"
2026-04-06 14:10:00+07:00,"4657.03,4657.04,4647.87,4652.09"
2026-04-06 14:15:00+07:00,"4652.2,4655.85,4646.46,4649.54"
2026-04-06 14:20:00+07:00,"4649.65,4650.42,4644.56,4645.15"
2026-04-06 14:25:00+07:00,"4645.31,4650.96,4644.94,4650.96"
2026-04-06 14:30:00+07:00,"4650.94,4653.99,4650.24,4653.24"
2026-04-06 14:35:00+07:00,"4653.23,4657.71,4652.99,4656.84"
2026-04-06 14:40:00+07:00,"4656.89,4665.9,4656.46,4664.46"
2026-04-06 14:45:00+07:00,"4664.38,4672.15,4662.26,4672.14"
2026-04-06 14:50:00+07:00,"4672.16,4685.81,4672.13,4681.17"
2026-04-06 14:55:00+07:00,"4681.18,4688.81,4680.47,4684.95"
2026-04-06 15:00:00+07:00,"4684.96,4695.05,4680.86,4693.3"
2026-04-06 15:05:00+07:00,"4693.14,4693.59,4682.08,4684.64"
2026-04-06 15:10:00+07:00,"4684.63,4692.25,4683.81,4689.67"
2026-04-06 15:15:00+07:00,"4689.57,4692.77,4685.06,4686.81"
2026-04-06 15:20:00+07:00,"4686.85,4693.69,4684.31,4693"
2026-04-06 15:25:00+07:00,"4693,4695.71,4689.91,4691.06"
2026-04-06 15:30:00+07:00,"4691.04,4694.87,4689.78,4694.43"
2026-04-06 15:35:00+07:00,"4694.29,4695.82,4690.19,4690.3"
2026-04-06 15:40:00+07:00,"4690.28,4693.89,4689.67,4693.3"
2026-04-06 15:45:00+07:00,"4693.19,4697.13,4692.74,4696.9"
2026-04-06 15:50:00+07:00,"4696.86,4697.55,4691.6,4694.19"
2026-04-06 15:55:00+07:00,"4694.18,4698.62,4693.18,4695.86"
2026-04-06 16:00:00+07:00,"4695.84,4703.06,4695.84,4699.05"
2026-04-06 16:05:00+07:00,"4699.05,4703.39,4698.04,4699.2"
2026-04-06 16:10:00+07:00,"4699.33,4701.43,4697.21,4701.29"
2026-04-06 16:15:00+07:00,"4701.27,4703.91,4698.42,4700.37"
2026-04-06 16:20:00+07:00,"4700.42,4702.9,4697.06,4701.4"
2026-04-06 16:25:00+07:00,"4701.37,4703.17,4699.76,4702.45"
2026-04-06 16:30:00+07:00,"4702.41,4704.91,4700.68,4703.72"
2026-04-06 16:35:00+07:00,"4703.71,4704.56,4701.78,4702.72"
2026-04-06 16:40:00+07:00,"4702.73,4706.67,4702.1,4703.53"
2026-04-06 16:45:00+07:00,"4703.54,4705.35,4699.52,4700.63"
2026-04-06 16:50:00+07:00,"4700.69,4700.84,4691.03,4693.73"
2026-04-06 16:55:00+07:00,"4693.74,4695.46,4690.89,4693.62"
2026-04-06 17:00:00+07:00,"4693.73,4697.85,4692.98,4697.64"
2026-04-06 17:05:00+07:00,"4697.65,4697.75,4691.54,4693.73"
2026-04-06 17:10:00+07:00,"4693.75,4697,4685.88,4686.91"
2026-04-06 17:15:00+07:00,"4686.88,4691,4686.12,4690.57"
2026-04-06 17:20:00+07:00,"4690.58,4693.22,4689.2,4689.51"
2026-04-06 17:25:00+07:00,"4689.49,4690.18,4686.66,4689.9"
2026-04-06 17:30:00+07:00,"4689.89,4693.99,4688.83,4689.64"
2026-04-06 17:35:00+07:00,"4689.75,4692.43,4687.62,4692.27"
2026-04-06 17:40:00+07:00,"4692,4696.97,4692,4695.42"
2026-04-06 17:45:00+07:00,"4695.31,4695.84,4683.61,4692.73"
2026-04-06 17:50:00+07:00,"4692.69,4694.69,4690.92,4691.07"
2026-04-06 17:55:00+07:00,"4691.11,4692.8,4688.79,4689.72"
2026-04-06 18:00:00+07:00,"4689.8,4696.09,4689.12,4692.74"
2026-04-06 18:05:00+07:00,"4692.85,4696.96,4691.7,4692.74"
2026-04-06 18:10:00+07:00,"4692.74,4693.78,4688.73,4689.86"
2026-04-06 18:15:00+07:00,"4690.07,4692.05,4687.96,4691.65"
2026-04-06 18:20:00+07:00,"4691.64,4692.51,4685.23,4688"
2026-04-06 18:25:00+07:00,"4688.01,4690.67,4686.26,4688.48"
2026-04-06 18:30:00+07:00,"4688.61,4691.29,4687.16,4689.58"
2026-04-06 18:35:00+07:00,"4689.45,4695.75,4685.4,4689.63"
2026-04-06 18:40:00+07:00,"4689.62,4694.73,4685.28,4685.28"
2026-04-06 18:45:00+07:00,"4685.3,4686.05,4681.19,4682.76"
2026-04-06 18:50:00+07:00,"4682.77,4683.79,4678.74,4683.36"
2026-04-06 18:55:00+07:00,"4683.37,4684.7,4676.97,4678.07"
2026-04-06 19:00:00+07:00,"4678.02,4683.95,4678.02,4681.93"
2026-04-06 19:05:00+07:00,"4681.99,4686.93,4678.15,4679.5"
2026-04-06 19:10:00+07:00,"4679.51,4679.94,4671.6,4672.54"
2026-04-06 19:15:00+07:00,"4672.5,4674.22,4668.9,4673.25"
2026-04-06 19:20:00+07:00,"4673.26,4673.33,4661.57,4664.19"
2026-04-06 19:25:00+07:00,"4664.11,4667.92,4659.57,4666.08"
2026-04-06 19:30:00+07:00,"4666.06,4675.77,4665.54,4673.5"
2026-04-06 19:35:00+07:00,"4673.51,4677.71,4669.97,4676.49"
2026-04-06 19:40:00+07:00,"4676.5,4678.83,4673.53,4677.01"
2026-04-06 19:45:00+07:00,"4677.02,4681.36,4676.15,4678.66"
2026-04-06 19:50:00+07:00,"4678.65,4679.02,4674.03,4677.15"
2026-04-06 19:55:00+07:00,"4677.11,4678.62,4674.23,4675.96"
2026-04-06 20:00:00+07:00,"4675.97,4677.75,4671.08,4671.87"
2026-04-06 20:05:00+07:00,"4671.85,4672.65,4661.78,4669.92"
2026-04-06 20:10:00+07:00,"4669.98,4671.38,4667.09,4668.62"
2026-04-06 20:15:00+07:00,"4668.59,4669.98,4663.85,4663.99"
2026-04-06 20:20:00+07:00,"4664,4673.3,4659.73,4672.83"
2026-04-06 20:25:00+07:00,"4672.78,4673.49,4667.27,4668.76"
2026-04-06 20:30:00+07:00,"4668.93,4676.66,4660.73,4671.52"
2026-04-06 20:35:00+07:00,"4671.56,4675.22,4663.09,4673.91"
2026-04-06 20:40:00+07:00,"4673.92,4679.16,4664.77,4665.53"
2026-04-06 20:45:00+07:00,"4665.51,4676.99,4661.27,4664.09"
2026-04-06 20:50:00+07:00,"4664.1,4680.26,4663.29,4678.8"
2026-04-06 20:55:00+07:00,"4678.79,4682.02,4674.93,4679.96"
2026-04-06 21:00:00+07:00,"4680.16,4691.32,4668.77,4669.8"
2026-04-06 21:05:00+07:00,"4669.84,4674.26,4665.88,4671.32"
2026-04-06 21:10:00+07:00,"4671.17,4672.81,4660.06,4672.74"
2026-04-06 21:15:00+07:00,"4672.79,4683.39,4670.4,4683.39"
2026-04-06 21:20:00+07:00,"4683.41,4686.57,4675.93,4685.91"
2026-04-06 21:25:00+07:00,"4685.85,4688.45,4683.73,4686.07"
2026-04-06 21:30:00+07:00,"4686.34,4692.12,4683,4691.91"
2026-04-06 21:35:00+07:00,"4691.9,4697.96,4678.24,4684.31"
2026-04-06 21:40:00+07:00,"4684.34,4692.14,4682.18,4684.59"
2026-04-06 21:45:00+07:00,"4684.62,4684.65,4677.31,4678.77"
2026-04-06 21:50:00+07:00,"4678.78,4686.55,4675.02,4684.78"
2026-04-06 21:55:00+07:00,"4684.9,4688.4,4679.56,4682.69"
2026-04-06 22:00:00+07:00,"4682.7,4683.98,4669,4671.99"
2026-04-06 22:05:00+07:00,"4672.03,4672.71,4663.91,4667.37"
2026-04-06 22:10:00+07:00,"4667.45,4670.37,4661.08,4662.13"
2026-04-06 22:15:00+07:00,"4662.08,4667.2,4655.05,4666.52"
2026-04-06 22:20:00+07:00,"4666.54,4670.12,4664.46,4665.94"
2026-04-06 22:25:00+07:00,"4665.97,4668.85,4661.78,4667.46"
2026-04-06 22:30:00+07:00,"4667.47,4671.34,4666.56,4667.46"
2026-04-06 22:35:00+07:00,"4667.45,4667.99,4651.9,4655.11"
2026-04-06 22:40:00+07:00,"4655.12,4661.35,4653.29,4660.71"
2026-04-06 22:45:00+07:00,"4660.73,4666.25,4659.6,4664.13"
2026-04-06 22:50:00+07:00,"4664.08,4668.24,4662.34,4665.43"
2026-04-06 22:55:00+07:00,"4665.38,4669.51,4662.9,4667.95"
2026-04-06 23:00:00+07:00,"4668.1,4670.69,4664.6,4666.58"
2026-04-06 23:05:00+07:00,"4666.6,4667.4,4662.86,4663.19"
2026-04-06 23:10:00+07:00,"4663.09,4671.7,4662.29,4670.37"
2026-04-06 23:15:00+07:00,"4670.33,4672.66,4663.72,4668.83"
2026-04-06 23:20:00+07:00,"4668.85,4671.11,4664.89,4668.72"
2026-04-06 23:25:00+07:00,"4668.73,4670.33,4665.34,4665.39"
2026-04-06 23:30:00+07:00,"4665.34,4668.04,4664.31,4666.83"
2026-04-06 23:35:00+07:00,"4666.82,4671.2,4664.22,4664.26"
2026-04-06 23:40:00+07:00,"4664.27,4666.4,4662.55,4663.31"
2026-04-06 23:45:00+07:00,"4663.38,4665.47,4661.34,4664.57"
2026-04-06 23:50:00+07:00,"4664.65,4667.02,4661.91,4662.96"
2026-04-06 23:55:00+07:00,"4662.97,4663.31,4657.15,4660.41"
2026-04-07 00:00:00+07:00,"4660.43,4661.24,4654.83,4659.45"
2026-04-07 00:05:00+07:00,"4659.44,4660.21,4655.78,4658.22"
2026-04-07 00:10:00+07:00,"4658.18,4659.93,4645.32,4654.01"
2026-04-07 00:15:00+07:00,"4653.75,4660.07,4649.77,4659.69"
2026-04-07 00:20:00+07:00,"4659.73,4660.57,4657.65,4659.76"
2026-04-07 00:25:00+07:00,"4659.84,4660.7,4654.56,4656.31"
2026-04-07 00:30:00+07:00,"4656.3,4660.99,4652.34,4659.01"
2026-04-07 00:35:00+07:00,"4659.02,4660.19,4658.07,4659.77"
2026-04-07 00:40:00+07:00,"4659.79,4660.17,4654.77,4656.49"
2026-04-07 00:45:00+07:00,"4656.38,4657.5,4651.66,4652.66"
2026-04-07 00:50:00+07:00,"4652.58,4656.73,4651.87,4655.94"
2026-04-07 00:55:00+07:00,"4656,4656.41,4653.23,4653.64"
2026-04-07 01:00:00+07:00,"4653.67,4655.52,4650.82,4652.8"
2026-04-07 01:05:00+07:00,"4652.68,4659.17,4652.13,4658.26"
2026-04-07 01:10:00+07:00,"4658.3,4666.56,4657.13,4659.6"
2026-04-07 01:15:00+07:00,"4659.65,4664.08,4659.12,4662.78"
2026-04-07 01:20:00+07:00,"4662.8,4663.86,4660.7,4662.35"
2026-04-07 01:25:00+07:00,"4662.37,4664.68,4659.93,4660.27"
2026-04-07 01:30:00+07:00,"4660.26,4663.77,4657.16,4659.24"
2026-04-07 01:35:00+07:00,"4659.25,4660.57,4649.37,4649.7"
2026-04-07 01:40:00+07:00,"4649.65,4652.71,4648.97,4650.31"
2026-04-07 01:45:00+07:00,"4650.3,4652.22,4649.08,4651"
2026-04-07 01:50:00+07:00,"4650.98,4652.67,4648.93,4651.4"
2026-04-07 01:55:00+07:00,"4651.41,4659.25,4648.74,4658.34"
2026-04-07 02:00:00+07:00,"4658.36,4659.61,4655.91,4658.4"
2026-04-07 02:05:00+07:00,"4658.42,4659.68,4649.72,4651.32"
2026-04-07 02:10:00+07:00,"4651.17,4653.84,4650.36,4650.95"
2026-04-07 02:15:00+07:00,"4650.97,4651.62,4645.33,4647.79"
2026-04-07 02:20:00+07:00,"4647.96,4649.4,4646.52,4647.48"
2026-04-07 02:25:00+07:00,"4647.48,4650.68,4646.1,4650.21"
2026-04-07 02:30:00+07:00,"4650.22,4654.15,4649.94,4651.61"
2026-04-07 02:35:00+07:00,"4651.66,4653.37,4650.62,4650.94"
2026-04-07 02:40:00+07:00,"4650.95,4652.54,4648.59,4651.83"
2026-04-07 02:45:00+07:00,"4651.76,4655.71,4651.53,4655.6"
2026-04-07 02:50:00+07:00,"4655.62,4656.54,4653.68,4654.4"
2026-04-07 02:55:00+07:00,"4654.65,4658.38,4653.78,4655.68"
2026-04-07 03:00:00+07:00,"4655.97,4657.39,4652.6,4655.61"
2026-04-07 03:05:00+07:00,"4655.6,4655.61,4652.16,4653.41"
2026-04-07 03:10:00+07:00,"4653.45,4657.58,4653.12,4657.01"
2026-04-07 03:15:00+07:00,"4657.33,4657.82,4655.98,4656.55"
2026-04-07 03:20:00+07:00,"4656.57,4658.23,4655.27,4656.21"
2026-04-07 03:25:00+07:00,"4656.13,4657.73,4655.5,4656.13"
2026-04-07 03:30:00+07:00,"4656.14,4658.73,4656.14,4656.71"
2026-04-07 03:35:00+07:00,"4656.7,4657.15,4652.01,4652.67"
2026-04-07 03:40:00+07:00,"4652.61,4654.26,4651.02,4653.32"
2026-04-07 03:45:00+07:00,"4653.35,4654.66,4650.02,4650.62"
2026-04-07 03:50:00+07:00,"4650.35,4652.44,4649.43,4652.35"
2026-04-07 03:55:00+07:00,"4652.34,4652.39,4647.19,4648.67"
2026-04-07 05:00:00+07:00,"4650.64,4667.17,4649.33,4661.66"
2026-04-07 05:05:00+07:00,"4661.67,4668.07,4661.09,4667.47"
2026-04-07 05:10:00+07:00,"4667.46,4667.84,4663.48,4663.95"
2026-04-07 05:15:00+07:00,"4663.63,4666.55,4661.54,4664.83"
2026-04-07 05:20:00+07:00,"4664.86,4665.77,4658.99,4661.76"
2026-04-07 05:25:00+07:00,"4661.75,4663.58,4660.67,4662.45"
2026-04-07 05:30:00+07:00,"4661.88,4663.24,4658.85,4660.77"
2026-04-07 05:35:00+07:00,"4661.09,4662.48,4659,4661.21"
2026-04-07 05:40:00+07:00,"4661.26,4662.12,4659.06,4659.07"
2026-04-07 05:45:00+07:00,"4659.04,4662.54,4657.93,4661.07"
2026-04-07 05:50:00+07:00,"4661.09,4661.94,4656.74,4657.93"
2026-04-07 05:55:00+07:00,"4657.95,4658.58,4656.54,4658.56"
2026-04-07 06:00:00+07:00,"4658.6,4659.61,4657.09,4659.6"
2026-04-07 06:05:00+07:00,"4659.56,4661.44,4658.15,4660.41"
2026-04-07 06:10:00+07:00,"4660.39,4661.38,4659.06,4660.23"
2026-04-07 06:15:00+07:00,"4660.24,4661.07,4657.81,4658.47"
2026-04-07 06:20:00+07:00,"4658.46,4658.65,4653.28,4653.56"
2026-04-07 06:25:00+07:00,"4653.57,4655.71,4653.32,4654.52"
2026-04-07 06:30:00+07:00,"4654.36,4655.27,4653.59,4653.87"
2026-04-07 06:35:00+07:00,"4653.82,4655.64,4651.34,4655.04"
2026-04-07 06:40:00+07:00,"4655.12,4656.5,4652.36,4655.19"
2026-04-07 06:45:00+07:00,"4655.18,4657.47,4654.21,4656.52"
2026-04-07 06:50:00+07:00,"4656.47,4659.99,4655.03,4659.93"
2026-04-07 06:55:00+07:00,"4659.83,4660.52,4657.57,4658.78"
2026-04-07 07:00:00+07:00,"4658.79,4659.3,4649.05,4655.1"
2026-04-07 07:05:00+07:00,"4655.05,4655.83,4650.66,4653.8"
2026-04-07 07:10:00+07:00,"4653.79,4660.93,4652.67,4657.71"
2026-04-07 07:15:00+07:00,"4657.72,4661.38,4657.54,4658.54"
2026-04-07 07:20:00+07:00,"4658.54,4659.91,4656.19,4659.15"
2026-04-07 07:25:00+07:00,"4659.2,4660.77,4657.56,4659.12"
2026-04-07 07:30:00+07:00,"4659.11,4661.54,4657.39,4660.66"
2026-04-07 07:35:00+07:00,"4660.8,4661.27,4659.59,4660.29"
2026-04-07 07:40:00+07:00,"4660.13,4661.45,4658.53,4660.7"
2026-04-07 07:45:00+07:00,"4660.68,4662.1,4657.87,4658.74"
2026-04-07 07:50:00+07:00,"4658.93,4659.5,4655.22,4657.62"
2026-04-07 07:55:00+07:00,"4657.56,4657.96,4654.5,4655.13"
2026-04-07 08:00:00+07:00,"4655.11,4662.86,4624.59,4661.77"
2026-04-07 08:05:00+07:00,"4661.83,4664.91,4636.74,4644.29"
2026-04-07 08:10:00+07:00,"4644.14,4646.27,4628.69,4640.76"
2026-04-07 08:15:00+07:00,"4640.72,4651.36,4637.03,4651.03"
2026-04-07 08:20:00+07:00,"4651.23,4657.84,4648.78,4650.11"
2026-04-07 08:25:00+07:00,"4650.13,4655.33,4645.61,4654.69"
2026-04-07 08:30:00+07:00,"4654.68,4662.89,4650.58,4657.56"
2026-04-07 08:35:00+07:00,"4657.64,4659.52,4628.39,4639.28"
2026-04-07 08:40:00+07:00,"4639.33,4647.73,4634.91,4641.66"
2026-04-07 08:45:00+07:00,"4641.67,4647.46,4633.53,4634.21"
2026-04-07 08:50:00+07:00,"4634.16,4636.88,4619.69,4627.1"
2026-04-07 08:55:00+07:00,"4627.11,4627.62,4615.87,4627.06"
2026-04-07 09:00:00+07:00,"4627.11,4632.95,4623.59,4628.23"
2026-04-07 09:05:00+07:00,"4628.25,4632.24,4619.83,4631.48"
2026-04-07 09:10:00+07:00,"4631.62,4634.56,4623.81,4626.68"
2026-04-07 09:15:00+07:00,"4626.79,4632.08,4622.75,4630.73"
2026-04-07 09:20:00+07:00,"4630.65,4632.06,4626.42,4630.25"
2026-04-07 09:25:00+07:00,"4630.24,4635.44,4628.85,4634.33"
2026-04-07 09:30:00+07:00,"4634.32,4640.77,4633.57,4637.59"
2026-04-07 09:35:00+07:00,"4637.67,4643.14,4635.37,4642.42"
2026-04-07 09:40:00+07:00,"4642.26,4647.27,4641.05,4646.28"
2026-04-07 09:45:00+07:00,"4646.18,4654.12,4645.03,4651.3"
2026-04-07 09:50:00+07:00,"4651.35,4653.76,4649.45,4650.36"
2026-04-07 09:55:00+07:00,"4650.33,4650.91,4645.77,4650.42"
2026-04-07 10:00:00+07:00,"4650.35,4654.08,4647.74,4648.32"
2026-04-07 10:05:00+07:00,"4648.3,4648.42,4641.4,4646.19"
2026-04-07 10:10:00+07:00,"4646.24,4648.25,4642.53,4645.1"
2026-04-07 10:15:00+07:00,"4645.11,4647.85,4640.97,4641.52"
2026-04-07 10:20:00+07:00,"4641.42,4644.81,4639.46,4642.31"
2026-04-07 10:25:00+07:00,"4642.3,4644.52,4639.46,4642.51"
2026-04-07 10:30:00+07:00,"4642.48,4648.76,4642.04,4645.8"
2026-04-07 10:35:00+07:00,"4645.74,4646.34,4643.01,4645.29"
2026-04-07 10:40:00+07:00,"4645.3,4648.43,4643.57,4648.04"
2026-04-07 10:45:00+07:00,"4648.2,4649.78,4647.13,4647.63"
2026-04-07 10:50:00+07:00,"4647.65,4649.76,4647.18,4647.92"
2026-04-07 10:55:00+07:00,"4647.91,4651.14,4647.65,4649.72"
2026-04-07 11:00:00+07:00,"4649.67,4651.35,4648.3,4649.7"
2026-04-07 11:05:00+07:00,"4649.69,4649.96,4647.61,4648.86"
2026-04-07 11:10:00+07:00,"4648.67,4649.91,4645.65,4646.27"
2026-04-07 11:15:00+07:00,"4646.53,4649.93,4645.49,4649.4"
2026-04-07 11:20:00+07:00,"4649.35,4649.8,4647.74,4649.8"
2026-04-07 11:25:00+07:00,"4649.77,4651.41,4649.09,4650.19"
2026-04-07 11:30:00+07:00,"4650.29,4658.86,4649.53,4658.86"
2026-04-07 11:35:00+07:00,"4658.75,4660.91,4657.17,4658.54"
2026-04-07 11:40:00+07:00,"4658.53,4664.38,4658.37,4662.22"
2026-04-07 11:45:00+07:00,"4662.23,4663.7,4660.2,4661.45"
2026-04-07 11:50:00+07:00,"4661.44,4664.1,4660.89,4662.16"
2026-04-07 11:55:00+07:00,"4662.25,4663.26,4659.09,4660.19"
2026-04-07 12:00:00+07:00,"4660.34,4661.7,4655.65,4656.86"
2026-04-07 12:05:00+07:00,"4656.84,4658.51,4654.36,4655.51"
2026-04-07 12:10:00+07:00,"4655.5,4656.68,4654.32,4655.72"
2026-04-07 12:15:00+07:00,"4655.6,4658.3,4653.69,4654.84"
2026-04-07 12:20:00+07:00,"4654.8,4654.86,4647.18,4647.18"
2026-04-07 12:25:00+07:00,"4647.17,4647.85,4630.51,4632.64"
2026-04-07 12:30:00+07:00,"4632.66,4639.44,4623.06,4631.74"
2026-04-07 12:35:00+07:00,"4631.65,4641.67,4629.77,4639.55"
2026-04-07 12:40:00+07:00,"4639.59,4641.12,4630.17,4631.4"
2026-04-07 12:45:00+07:00,"4631.39,4638.52,4629.26,4635.41"
2026-04-07 12:50:00+07:00,"4635.39,4641.16,4635.38,4639.35"
2026-04-07 12:55:00+07:00,"4639.36,4646.77,4638.38,4642.91"
2026-04-07 13:00:00+07:00,"4642.97,4646.39,4637.57,4645.48"
2026-04-07 13:05:00+07:00,"4645.4,4646.58,4642.26,4644.04"
2026-04-07 13:10:00+07:00,"4644.06,4648.2,4641.9,4646.91"
2026-04-07 13:15:00+07:00,"4647.07,4649.04,4641.75,4643.12"
2026-04-07 13:20:00+07:00,"4643.13,4643.94,4637.79,4642.55"
2026-04-07 13:25:00+07:00,"4642.55,4645.02,4639.28,4640.75"
2026-04-07 13:30:00+07:00,"4640.83,4646.16,4640.75,4643.73"
2026-04-07 13:35:00+07:00,"4643.71,4647.66,4642.43,4645.8"
2026-04-07 13:40:00+07:00,"4645.76,4653.87,4643.27,4652.34"
2026-04-07 13:45:00+07:00,"4652.42,4652.79,4648.31,4650.74"
2026-04-07 13:50:00+07:00,"4650.82,4655.62,4650.23,4653.63"
2026-04-07 13:55:00+07:00,"4653.58,4656.75,4652.68,4653.28"
2026-04-07 14:00:00+07:00,"4653.27,4655.54,4649.96,4652.08"
2026-04-07 14:05:00+07:00,"4652.1,4656.27,4649.3,4654.14"
2026-04-07 14:10:00+07:00,"4654.16,4657.13,4648.97,4651.48"
2026-04-07 14:15:00+07:00,"4651.58,4654.21,4648.48,4651.74"
2026-04-07 14:20:00+07:00,"4651.75,4654.08,4645.65,4648.31"
2026-04-07 14:25:00+07:00,"4648.32,4649.4,4638.19,4639.66"
2026-04-07 14:30:00+07:00,"4639.77,4644.27,4636.59,4642.94"
2026-04-07 14:35:00+07:00,"4642.85,4646.69,4642.85,4646.29"
2026-04-07 14:40:00+07:00,"4646.18,4646.18,4640.18,4643.83"
2026-04-07 14:45:00+07:00,"4643.98,4644.12,4641.48,4643.05"
2026-04-07 14:50:00+07:00,"4643.11,4644.98,4638.96,4639.45"
2026-04-07 14:55:00+07:00,"4639.47,4647.32,4638.83,4646.04"
2026-04-07 15:00:00+07:00,"4646.03,4660.46,4644.17,4650.47"
2026-04-07 15:05:00+07:00,"4650.43,4653.91,4648.44,4651.46"
2026-04-07 15:10:00+07:00,"4651.6,4665.64,4650.64,4663.51"
2026-04-07 15:15:00+07:00,"4663.49,4664.64,4657.07,4661.76"
2026-04-07 15:20:00+07:00,"4661.75,4691.3,4659.89,4684.37"
2026-04-07 15:25:00+07:00,"4684.36,4687.7,4677.43,4678.55"
2026-04-07 15:30:00+07:00,"4678.56,4686.98,4676.78,4685.08"
2026-04-07 15:35:00+07:00,"4685.09,4687.9,4680.9,4681.77"
2026-04-07 15:40:00+07:00,"4681.75,4684.02,4679.15,4683.2"
2026-04-07 15:45:00+07:00,"4683.19,4687.77,4679.04,4682.09"
2026-04-07 15:50:00+07:00,"4682.19,4685.47,4680.21,4684.66"
2026-04-07 15:55:00+07:00,"4684.65,4686.98,4680.82,4682.88"
2026-04-07 16:00:00+07:00,"4682.81,4688.63,4682.27,4683.09"
2026-04-07 16:05:00+07:00,"4683.04,4686.96,4680.88,4686.2"
2026-04-07 16:10:00+07:00,"4686.19,4693.73,4684.94,4685.52"
2026-04-07 16:15:00+07:00,"4685.6,4694.06,4682.64,4690.43"
2026-04-07 16:20:00+07:00,"4690.42,4694.53,4689.53,4694.16"
2026-04-07 16:25:00+07:00,"4694.15,4694.64,4684.1,4686.66"
2026-04-07 16:30:00+07:00,"4686.67,4686.99,4679.6,4683.02"
2026-04-07 16:35:00+07:00,"4683.04,4684.39,4674.72,4676.6"
2026-04-07 16:40:00+07:00,"4676.58,4676.59,4664.73,4667.15"
2026-04-07 16:45:00+07:00,"4667.15,4667.61,4658.59,4666.93"
2026-04-07 16:50:00+07:00,"4666.94,4671.62,4662.5,4670.44"
2026-04-07 16:55:00+07:00,"4670.45,4675.95,4670.45,4670.89"
2026-04-07 17:00:00+07:00,"4670.9,4675.79,4666.78,4674.74"
2026-04-07 17:05:00+07:00,"4674.76,4680.24,4661.79,4674.81"
2026-04-07 17:10:00+07:00,"4674.81,4679.27,4671.5,4676.81"
2026-04-07 17:15:00+07:00,"4676.82,4681.09,4673.98,4677.25"
2026-04-07 17:20:00+07:00,"4677.24,4678.69,4669.71,4672.33"
2026-04-07 17:25:00+07:00,"4672.38,4674.67,4657.41,4668.29"
2026-04-07 17:30:00+07:00,"4668.28,4672.15,4666.12,4667.56"
2026-04-07 17:35:00+07:00,"4667.55,4670.55,4661.88,4663.45"
2026-04-07 17:40:00+07:00,"4663.43,4666.56,4653.66,4662.32"
2026-04-07 17:45:00+07:00,"4662.31,4662.6,4649.27,4650.56"
2026-04-07 17:50:00+07:00,"4650.55,4658.85,4650.32,4655.73"
2026-04-07 17:55:00+07:00,"4655.72,4658.2,4649.18,4652.15"
2026-04-07 18:00:00+07:00,"4652.16,4655.48,4645.92,4654.39"
2026-04-07 18:05:00+07:00,"4654.4,4656.58,4646.48,4651.36"
2026-04-07 18:10:00+07:00,"4651.34,4651.34,4628.52,4635.51"
2026-04-07 18:15:00+07:00,"4635.57,4642.44,4632.9,4639.76"
2026-04-07 18:20:00+07:00,"4639.81,4646.94,4637.63,4644.85"
2026-04-07 18:25:00+07:00,"4644.83,4652.21,4644.5,4647.89"
2026-04-07 18:30:00+07:00,"4647.88,4652.85,4646.98,4649.68"
2026-04-07 18:35:00+07:00,"4649.71,4658.42,4647.21,4654.86"
2026-04-07 18:40:00+07:00,"4654.85,4663.25,4652.76,4662.86"
2026-04-07 18:45:00+07:00,"4662.89,4664.1,4655.88,4660.59"
2026-04-07 18:50:00+07:00,"4660.56,4661.49,4657.65,4658.51"
2026-04-07 18:55:00+07:00,"4658.53,4662.36,4657.87,4659.75"
2026-04-07 19:00:00+07:00,"4659.76,4661.91,4654.95,4657.97"
2026-04-07 19:05:00+07:00,"4657.98,4665.58,4650.88,4656.06"
2026-04-07 19:10:00+07:00,"4656.2,4657.07,4651.93,4654.82"
2026-04-07 19:15:00+07:00,"4654.86,4663.24,4651.21,4658.06"
2026-04-07 19:20:00+07:00,"4658.05,4671.28,4656.87,4666.53"
2026-04-07 19:25:00+07:00,"4666.54,4668.59,4664.32,4665.88"
2026-04-07 19:30:00+07:00,"4665.89,4667.64,4659.82,4661.13"
2026-04-07 19:35:00+07:00,"4661.15,4664.89,4657.94,4663.28"
2026-04-07 19:40:00+07:00,"4663.27,4665.07,4655.9,4656.69"
2026-04-07 19:45:00+07:00,"4656.63,4656.91,4647.45,4649.01"
2026-04-07 19:50:00+07:00,"4649.04,4656.41,4646.64,4654.48"
2026-04-07 19:55:00+07:00,"4654.33,4662.83,4650.98,4651.42"
2026-04-07 20:00:00+07:00,"4651.45,4657.91,4648.18,4655.72"
2026-04-07 20:05:00+07:00,"4655.74,4660.23,4652.64,4655.81"
2026-04-07 20:10:00+07:00,"4655.85,4657.33,4650.96,4656.87"
2026-04-07 20:15:00+07:00,"4656.86,4657.55,4650.33,4650.8"
2026-04-07 20:20:00+07:00,"4650.7,4659.74,4650.42,4659.62"
2026-04-07 20:25:00+07:00,"4659.61,4663.22,4656.97,4658.18"
2026-04-07 20:30:00+07:00,"4658.2,4663.69,4646.87,4647.94"
2026-04-07 20:35:00+07:00,"4647.94,4652.12,4644.48,4647.32"
2026-04-07 20:40:00+07:00,"4647.31,4651.97,4635.24,4639.52"
2026-04-07 20:45:00+07:00,"4639.59,4647.94,4637.15,4647.28"
2026-04-07 20:50:00+07:00,"4647.26,4652.96,4643.92,4652.41"
2026-04-07 20:55:00+07:00,"4652.42,4654.36,4642.96,4644.09"
2026-04-07 21:00:00+07:00,"4644.23,4646.1,4622.29,4624.57"
2026-04-07 21:05:00+07:00,"4624.58,4627.63,4607.33,4611.98"
2026-04-07 21:10:00+07:00,"4611.96,4625.89,4611.46,4621.92"
2026-04-07 21:15:00+07:00,"4621.93,4624.36,4609.37,4615.73"
2026-04-07 21:20:00+07:00,"4615.71,4645.69,4615.57,4641.96"
2026-04-07 21:25:00+07:00,"4641.96,4649.94,4640.2,4645.6"
2026-04-07 21:30:00+07:00,"4645.43,4655.36,4642.4,4652.89"
2026-04-07 21:35:00+07:00,"4652.9,4661.86,4651.14,4654.77"
2026-04-07 21:40:00+07:00,"4654.78,4656.17,4646.7,4646.94"
2026-04-07 21:45:00+07:00,"4646.98,4657.39,4646.44,4648.78"
2026-04-07 21:50:00+07:00,"4648.81,4649.41,4639.69,4639.8"
2026-04-07 21:55:00+07:00,"4639.76,4641.4,4630.12,4633.55"
2026-04-07 22:00:00+07:00,"4633.52,4636.77,4627.59,4627.99"
2026-04-07 22:05:00+07:00,"4627.97,4634.44,4624.56,4634.07"
2026-04-07 22:10:00+07:00,"4633.99,4643.36,4631.31,4643.04"
2026-04-07 22:15:00+07:00,"4643.06,4653.1,4640.54,4650.15"
2026-04-07 22:20:00+07:00,"4650.14,4653.12,4645.33,4645.77"
2026-04-07 22:25:00+07:00,"4645.88,4653.39,4645.69,4653.07"
2026-04-07 22:30:00+07:00,"4653.1,4656.83,4642.38,4646.43"
2026-04-07 22:35:00+07:00,"4646.41,4650.85,4643.25,4644.12"
2026-04-07 22:40:00+07:00,"4644.14,4648.85,4640.45,4645.59"
2026-04-07 22:45:00+07:00,"4645.6,4652.52,4645.13,4651.48"
2026-04-07 22:50:00+07:00,"4651.47,4654.28,4648.34,4653.63"
2026-04-07 22:55:00+07:00,"4653.58,4659.82,4650.91,4655.61"
2026-04-07 23:00:00+07:00,"4655.72,4668.91,4652.87,4662.26"
2026-04-07 23:05:00+07:00,"4662.16,4662.95,4653.1,4653.91"
2026-04-07 23:10:00+07:00,"4653.82,4660.55,4652.55,4659.08"
2026-04-07 23:15:00+07:00,"4659.08,4660.51,4655.7,4657.81"
2026-04-07 23:20:00+07:00,"4657.82,4668,4653.99,4658.04"
2026-04-07 23:25:00+07:00,"4657.98,4663.88,4656.24,4662.88"
2026-04-07 23:30:00+07:00,"4662.89,4664.38,4654.72,4659.77"
2026-04-07 23:35:00+07:00,"4659.76,4661.35,4656.59,4658.12"
2026-04-07 23:40:00+07:00,"4658.14,4661.34,4656.03,4661.25"
2026-04-07 23:45:00+07:00,"4661.24,4663.12,4658.13,4658.28"
2026-04-07 23:50:00+07:00,"4658.22,4662.38,4657.24,4660.24"
2026-04-07 23:55:00+07:00,"4660.29,4660.29,4656.3,4657.13"
2026-04-08 00:00:00+07:00,"4657.12,4666.37,4656.34,4665.72"
2026-04-08 00:05:00+07:00,"4665.73,4673.49,4664.11,4667.42"
2026-04-08 00:10:00+07:00,"4667.43,4668.65,4665.17,4668.14"
2026-04-08 00:15:00+07:00,"4668.13,4668.13,4655.13,4656.59"
2026-04-08 00:20:00+07:00,"4656.6,4659.14,4653.8,4658.48"
2026-04-08 00:25:00+07:00,"4658.5,4661.02,4655.71,4660.17"
2026-04-08 00:30:00+07:00,"4660.18,4672.86,4660.18,4672.16"
2026-04-08 00:35:00+07:00,"4672.18,4686.83,4671.89,4679.25"
2026-04-08 00:40:00+07:00,"4679.2,4681.79,4671.45,4672.19"
2026-04-08 00:45:00+07:00,"4672.16,4678.53,4671.18,4678.11"
2026-04-08 00:50:00+07:00,"4678.12,4680.38,4676.42,4676.81"
2026-04-08 00:55:00+07:00,"4676.77,4678.85,4675,4675.92"
2026-04-08 01:00:00+07:00,"4675.91,4681.05,4675.75,4678.25"
2026-04-08 01:05:00+07:00,"4678.24,4679.95,4676,4678.66"
2026-04-08 01:10:00+07:00,"4678.69,4684.71,4677.24,4684.05"
2026-04-08 01:15:00+07:00,"4683.9,4686.18,4680.4,4684.69"
2026-04-08 01:20:00+07:00,"4684.68,4686.02,4676.97,4678.28"
2026-04-08 01:25:00+07:00,"4678.32,4681.66,4677.03,4680.32"
2026-04-08 01:30:00+07:00,"4680.35,4686.32,4680.35,4683.11"
2026-04-08 01:35:00+07:00,"4683.08,4684.15,4679.41,4679.96"
2026-04-08 01:40:00+07:00,"4679.97,4681.06,4677.36,4679.77"
2026-04-08 01:45:00+07:00,"4679.66,4680.33,4672.11,4674.39"
2026-04-08 01:50:00+07:00,"4674.32,4674.44,4664.38,4664.97"
2026-04-08 01:55:00+07:00,"4664.96,4665.11,4657.34,4662.29"
2026-04-08 02:00:00+07:00,"4662.31,4666.95,4660.73,4665.48"
2026-04-08 02:05:00+07:00,"4665.4,4669.23,4660.56,4662.16"
2026-04-08 02:10:00+07:00,"4662.15,4669.01,4662.11,4667.91"
2026-04-08 02:15:00+07:00,"4667.88,4691.93,4666.21,4689.88"
2026-04-08 02:20:00+07:00,"4690.05,4703.06,4685.23,4689.4"
2026-04-08 02:25:00+07:00,"4689.39,4691.97,4686.04,4687.61"
2026-04-08 02:30:00+07:00,"4687.8,4688.93,4682.67,4686.18"
2026-04-08 02:35:00+07:00,"4686.16,4691.44,4682.47,4685.94"
2026-04-08 02:40:00+07:00,"4685.84,4691.69,4681.75,4687.07"
2026-04-08 02:45:00+07:00,"4687.16,4719.34,4685.58,4706.1"
2026-04-08 02:50:00+07:00,"4706.14,4712.3,4695.01,4699.92"
2026-04-08 02:55:00+07:00,"4699.89,4702.31,4696.53,4700.74"
2026-04-08 03:00:00+07:00,"4700.68,4711.02,4697.45,4705.9"
2026-04-08 03:05:00+07:00,"4705.89,4708.83,4697.21,4707.58"
2026-04-08 03:10:00+07:00,"4707.57,4710.35,4705.08,4708.19"
2026-04-08 03:15:00+07:00,"4708.34,4713.58,4704.97,4707.75"
2026-04-08 03:20:00+07:00,"4707.7,4708.87,4703.76,4707.53"
2026-04-08 03:25:00+07:00,"4707.55,4712.87,4703.54,4710.83"
2026-04-08 03:30:00+07:00,"4711.43,4715.5,4708.87,4710.6"
2026-04-08 03:35:00+07:00,"4710.67,4715.46,4703.17,4708.27"
2026-04-08 03:40:00+07:00,"4707.95,4717.33,4706.74,4707.96"
2026-04-08 03:45:00+07:00,"4708.04,4713.13,4707.34,4712.45"
2026-04-08 03:50:00+07:00,"4712.44,4712.45,4707.46,4708.52"
2026-04-08 03:55:00+07:00,"4708.53,4713.86,4703.69,4704.68"
2026-04-08 05:00:00+07:00,"4709.53,4747.92,4709,4744.61"
2026-04-08 05:05:00+07:00,"4744.56,4751.87,4741.2,4744.08"
2026-04-08 05:10:00+07:00,"4744.09,4744.81,4730.99,4732.1"
2026-04-08 05:15:00+07:00,"4732.08,4734.69,4725.26,4730.42"
2026-04-08 05:20:00+07:00,"4730.44,4731.72,4725.78,4728.29"
2026-04-08 05:25:00+07:00,"4728.33,4736.44,4727.07,4735.68"
2026-04-08 05:30:00+07:00,"4735.69,4764.93,4713.69,4760.78"
2026-04-08 05:35:00+07:00,"4760.52,4780.04,4751.48,4774.78"
2026-04-08 05:40:00+07:00,"4774.79,4779.94,4769.44,4769.73"
2026-04-08 05:45:00+07:00,"4769.75,4774.37,4761.4,4772.41"
2026-04-08 05:50:00+07:00,"4772.42,4802.56,4770.33,4793.51"
2026-04-08 05:55:00+07:00,"4793.43,4819.86,4793.14,4818.04"
2026-04-08 06:00:00+07:00,"4818.06,4824.87,4800.53,4811.35"
2026-04-08 06:05:00+07:00,"4811.32,4818.08,4805.38,4814.5"
2026-04-08 06:10:00+07:00,"4814.48,4822.3,4806.17,4819.13"
2026-04-08 06:15:00+07:00,"4818.97,4825.27,4810.03,4824.44"
2026-04-08 06:20:00+07:00,"4824.52,4829.08,4817.32,4818.59"
2026-04-08 06:25:00+07:00,"4818.59,4819.08,4807.53,4815.14"
2026-04-08 06:30:00+07:00,"4815.13,4818.21,4807.79,4808.77"
2026-04-08 06:35:00+07:00,"4808.74,4815.89,4804.23,4811.15"
2026-04-08 06:40:00+07:00,"4811.16,4813.53,4808.05,4812.9"
2026-04-08 06:45:00+07:00,"4812.96,4817.12,4810.73,4812.29"
2026-04-08 06:50:00+07:00,"4812.31,4824.43,4810.27,4818.77"
2026-04-08 06:55:00+07:00,"4818.8,4836.44,4814.55,4833.16"
2026-04-08 07:00:00+07:00,"4833.15,4852.91,4830.18,4845.78"
2026-04-08 07:05:00+07:00,"4845.76,4858.68,4836.92,4839.31"
2026-04-08 07:10:00+07:00,"4839.3,4844.09,4830.76,4835.23"
2026-04-08 07:15:00+07:00,"4835.27,4839.15,4829.21,4833.2"
2026-04-08 07:20:00+07:00,"4833.31,4834.5,4826.69,4827.71"
2026-04-08 07:25:00+07:00,"4827.79,4828.97,4818.73,4822.92"
2026-04-08 07:30:00+07:00,"4822.89,4825.03,4814.55,4815.52"
2026-04-08 07:35:00+07:00,"4815.51,4822.95,4811.74,4820.77"
2026-04-08 07:40:00+07:00,"4820.78,4822.69,4811.67,4813.75"
2026-04-08 07:45:00+07:00,"4813.73,4816.41,4808.8,4815.12"
2026-04-08 07:50:00+07:00,"4815.13,4827.57,4815.13,4821.82"
2026-04-08 07:55:00+07:00,"4821.81,4823.85,4810.29,4817.7"
2026-04-08 08:00:00+07:00,"4817.71,4825.52,4806.09,4806.92"
2026-04-08 08:05:00+07:00,"4806.92,4820.57,4806.88,4818.56"
2026-04-08 08:10:00+07:00,"4818.55,4822.87,4815.23,4820.11"
2026-04-08 08:15:00+07:00,"4820.12,4822.53,4800.4,4802.79"
2026-04-08 08:20:00+07:00,"4802.77,4808.18,4793.28,4801.5"
2026-04-08 08:25:00+07:00,"4801.51,4805.21,4792.05,4793.86"
2026-04-08 08:30:00+07:00,"4793.81,4799.75,4787.9,4799.43"
2026-04-08 08:35:00+07:00,"4799.44,4804.56,4797.78,4798.61"
2026-04-08 08:40:00+07:00,"4798.57,4803.41,4796.59,4800.14"
2026-04-08 08:45:00+07:00,"4800.11,4808.21,4797.96,4808.09"
2026-04-08 08:50:00+07:00,"4808.14,4814.39,4807.48,4809.57"
2026-04-08 08:55:00+07:00,"4809.76,4812.42,4807.13,4810.11"
2026-04-08 09:00:00+07:00,"4810.25,4826.3,4809.65,4817.05"
2026-04-08 09:05:00+07:00,"4817.05,4819,4815.41,4816.43"
2026-04-08 09:10:00+07:00,"4816.42,4819.52,4813.53,4813.91"
2026-04-08 09:15:00+07:00,"4813.9,4814.08,4811.23,4812.4"
2026-04-08 09:20:00+07:00,"4812.39,4813.87,4809.77,4809.86"
2026-04-08 09:25:00+07:00,"4809.87,4813.52,4807.86,4811.61"
2026-04-08 09:30:00+07:00,"4811.64,4816.11,4809.54,4814.95"
2026-04-08 09:35:00+07:00,"4814.96,4820.86,4812.14,4813.98"
2026-04-08 09:40:00+07:00,"4813.99,4814.45,4806.04,4806.75"
2026-04-08 09:45:00+07:00,"4806.72,4809.09,4804.55,4806.28"
2026-04-08 09:50:00+07:00,"4806.29,4809.49,4802.84,4803.97"
2026-04-08 09:55:00+07:00,"4803.95,4804.51,4798.63,4804.11"
2026-04-08 10:00:00+07:00,"4804.09,4806.18,4803.09,4803.51"
2026-04-08 10:05:00+07:00,"4803.5,4804.21,4800.42,4802.33"
2026-04-08 10:10:00+07:00,"4802.32,4803.22,4797.84,4798.94"
2026-04-08 10:15:00+07:00,"4798.86,4799.95,4796.38,4798.02"
2026-04-08 10:20:00+07:00,"4798.01,4802.03,4796.84,4800.56"
2026-04-08 10:25:00+07:00,"4800.48,4805.7,4799.04,4803.08"
2026-04-08 10:30:00+07:00,"4803.07,4803.92,4794.95,4800.2"
2026-04-08 10:35:00+07:00,"4800.15,4801.83,4796.73,4797.64"
2026-04-08 10:40:00+07:00,"4797.61,4805.41,4797.48,4800.44"
2026-04-08 10:45:00+07:00,"4800.41,4801.74,4797.87,4798.87"
2026-04-08 10:50:00+07:00,"4798.88,4804.6,4798.44,4800.35"
2026-04-08 10:55:00+07:00,"4800.41,4802.07,4796.54,4797.8"
2026-04-08 11:00:00+07:00,"4797.74,4801.46,4796.9,4797.59"
2026-04-08 11:05:00+07:00,"4797.57,4799.16,4793.6,4794.64"
2026-04-08 11:10:00+07:00,"4794.61,4798.33,4794.24,4797.55"
2026-04-08 11:15:00+07:00,"4797.54,4798.16,4791.8,4794.75"
2026-04-08 11:20:00+07:00,"4794.76,4794.9,4790.41,4791.33"
2026-04-08 11:25:00+07:00,"4791.39,4804.39,4790.81,4802.39"
2026-04-08 11:30:00+07:00,"4802.38,4805.06,4800.58,4801.09"
2026-04-08 11:35:00+07:00,"4801.07,4805.69,4800.76,4804.51"
2026-04-08 11:40:00+07:00,"4804.52,4806.93,4802.48,4802.92"
2026-04-08 11:45:00+07:00,"4802.93,4804.21,4797.73,4798.78"
2026-04-08 11:50:00+07:00,"4798.74,4802.44,4797.8,4800.05"
2026-04-08 11:55:00+07:00,"4800.04,4803.96,4798.81,4803.63"
2026-04-08 12:00:00+07:00,"4803.64,4807.11,4800.47,4806.07"
2026-04-08 12:05:00+07:00,"4806.08,4810.63,4805.44,4808.42"
2026-04-08 12:10:00+07:00,"4808.41,4811.04,4805.13,4809.43"
2026-04-08 12:15:00+07:00,"4809.42,4810.68,4806.5,4809.92"
2026-04-08 12:20:00+07:00,"4809.94,4812.51,4808.27,4811.34"
2026-04-08 12:25:00+07:00,"4811.34,4816.65,4810.37,4815.78"
2026-04-08 12:30:00+07:00,"4815.76,4823.61,4813.64,4821.79"
2026-04-08 12:35:00+07:00,"4822.08,4823.07,4817.07,4820.09"
2026-04-08 12:40:00+07:00,"4820.1,4825.36,4820.07,4822.56"
2026-04-08 12:45:00+07:00,"4822.58,4831.77,4820.69,4831.6"
2026-04-08 12:50:00+07:00,"4831.61,4843.96,4830.7,4836.67"
2026-04-08 12:55:00+07:00,"4836.72,4836.73,4825.14,4827.49"
2026-04-08 13:00:00+07:00,"4827.45,4835.27,4827.09,4830.59"
2026-04-08 13:05:00+07:00,"4830.58,4831.9,4821.02,4824.51"
2026-04-08 13:10:00+07:00,"4824.61,4827.93,4823.86,4826.25"
2026-04-08 13:15:00+07:00,"4826.54,4831.43,4824.35,4830.33"
2026-04-08 13:20:00+07:00,"4830.32,4835.8,4829.13,4833.67"
2026-04-08 13:25:00+07:00,"4833.65,4836.85,4831.2,4836.54"
2026-04-08 13:30:00+07:00,"4836.59,4837.01,4828.95,4833.01"
2026-04-08 13:35:00+07:00,"4832.95,4840.15,4830.19,4831.51"
2026-04-08 13:40:00+07:00,"4831.5,4837.35,4830.71,4835.82"
2026-04-08 13:45:00+07:00,"4835.82,4839.77,4832.31,4832.33"
2026-04-08 13:50:00+07:00,"4832.29,4833.07,4820.87,4823.25"
2026-04-08 13:55:00+07:00,"4823.3,4824.14,4819.86,4819.87"
2026-04-08 14:00:00+07:00,"4819.98,4821.02,4809.21,4812.9"
2026-04-08 14:05:00+07:00,"4812.91,4817.74,4812,4815.18"
2026-04-08 14:10:00+07:00,"4815.16,4815.76,4808.91,4812.21"
2026-04-08 14:15:00+07:00,"4812.2,4815.34,4810.72,4812.62"
2026-04-08 14:20:00+07:00,"4812.62,4816.39,4809.3,4815.97"
2026-04-08 14:25:00+07:00,"4815.96,4821.49,4815.15,4818.52"
2026-04-08 14:30:00+07:00,"4818.54,4818.61,4807.94,4809.86"
2026-04-08 14:35:00+07:00,"4809.85,4814.52,4806.82,4810.65"
2026-04-08 14:40:00+07:00,"4810.67,4811.28,4805.21,4809.12"
2026-04-08 14:45:00+07:00,"4809.11,4815.02,4808.4,4814.63"
2026-04-08 14:50:00+07:00,"4814.64,4820.12,4813.5,4819.4"
2026-04-08 14:55:00+07:00,"4819.41,4820.54,4813.12,4813.35"
2026-04-08 15:00:00+07:00,"4813.34,4816.87,4807.7,4816.81"
2026-04-08 15:05:00+07:00,"4816.8,4819.55,4815.07,4816.1"
2026-04-08 15:10:00+07:00,"4816.26,4816.9,4811.43,4815.43"
2026-04-08 15:15:00+07:00,"4815.3,4820.08,4814.8,4818.83"
2026-04-08 15:20:00+07:00,"4819.03,4819.26,4807.4,4808.5"
2026-04-08 15:25:00+07:00,"4808.51,4809.9,4798.38,4808.68"
2026-04-08 15:30:00+07:00,"4808.66,4808.73,4802.67,4803.03"
2026-04-08 15:35:00+07:00,"4803.01,4807.6,4801.68,4802.82"
2026-04-08 15:40:00+07:00,"4802.81,4805.03,4790.13,4793.6"
2026-04-08 15:45:00+07:00,"4793.49,4799.11,4790.64,4795.1"
2026-04-08 15:50:00+07:00,"4795.32,4803.8,4793.37,4796.59"
2026-04-08 15:55:00+07:00,"4796.45,4798.52,4793.77,4793.88"
2026-04-08 16:00:00+07:00,"4793.87,4798.83,4793.14,4796.65"
2026-04-08 16:05:00+07:00,"4796.55,4799.59,4795.13,4797.23"
2026-04-08 16:10:00+07:00,"4797.22,4801.57,4795.03,4800.77"
2026-04-08 16:15:00+07:00,"4800.77,4800.77,4795.18,4797.21"
2026-04-08 16:20:00+07:00,"4797.2,4803.62,4795.05,4802.2"
2026-04-08 16:25:00+07:00,"4802.2,4807.28,4796.07,4798.42"
2026-04-08 16:30:00+07:00,"4798.38,4803.8,4796.15,4797.76"
2026-04-08 16:35:00+07:00,"4797.76,4801.65,4793.58,4794.78"
2026-04-08 16:40:00+07:00,"4794.72,4795.61,4776.93,4782.38"
2026-04-08 16:45:00+07:00,"4782.46,4786.64,4776.07,4785.46"
2026-04-08 16:50:00+07:00,"4785.43,4788.71,4783.42,4784.76"
2026-04-08 16:55:00+07:00,"4784.77,4785.76,4778.76,4783.03"
2026-04-08 17:00:00+07:00,"4783.01,4790.43,4781.71,4788.75"
2026-04-08 17:05:00+07:00,"4788.74,4789.56,4785.86,4788.11"
2026-04-08 17:10:00+07:00,"4788.08,4788.64,4782.62,4782.62"
2026-04-08 17:15:00+07:00,"4782.71,4783.32,4769.99,4776.18"
2026-04-08 17:20:00+07:00,"4776.21,4781.24,4771.77,4778.8"
2026-04-08 17:25:00+07:00,"4778.78,4784.12,4778.51,4782.72"
2026-04-08 17:30:00+07:00,"4782.71,4785.38,4779.64,4783.35"
2026-04-08 17:35:00+07:00,"4783.34,4789.71,4781.96,4787.77"
2026-04-08 17:40:00+07:00,"4787.76,4792.3,4785.17,4791.83"
2026-04-08 17:45:00+07:00,"4791.81,4795.4,4791.52,4793.3"
2026-04-08 17:50:00+07:00,"4793.29,4796.35,4790.34,4790.8"
2026-04-08 17:55:00+07:00,"4791.13,4791.41,4782.38,4782.62"
2026-04-08 18:00:00+07:00,"4782.6,4787.13,4779.59,4782.33"
2026-04-08 18:05:00+07:00,"4782.32,4790.94,4779.84,4790.53"
2026-04-08 18:10:00+07:00,"4790.52,4790.59,4786.49,4787.2"
2026-04-08 18:15:00+07:00,"4787.19,4787.86,4782.76,4784.75"
2026-04-08 18:20:00+07:00,"4784.73,4787.62,4782.55,4785.77"
2026-04-08 18:25:00+07:00,"4785.78,4797.29,4784.52,4789.36"
2026-04-08 18:30:00+07:00,"4789.37,4792.57,4784.82,4788.08"
2026-04-08 18:35:00+07:00,"4788.06,4788.17,4777.71,4783.36"
2026-04-08 18:40:00+07:00,"4783.35,4791.38,4780.62,4790.13"
2026-04-08 18:45:00+07:00,"4790.36,4796.69,4789.46,4796.33"
2026-04-08 18:50:00+07:00,"4796.22,4801.04,4793.94,4796.68"
2026-04-08 18:55:00+07:00,"4796.59,4802.95,4796.5,4798.49"
2026-04-08 19:00:00+07:00,"4798.59,4804.3,4798.27,4803.83"
2026-04-08 19:05:00+07:00,"4803.82,4806.15,4800.16,4800.61"
2026-04-08 19:10:00+07:00,"4800.56,4807.35,4797.59,4805.23"
2026-04-08 19:15:00+07:00,"4805.25,4805.55,4791.98,4792.85"
2026-04-08 19:20:00+07:00,"4792.92,4794.7,4766.48,4769.43"
2026-04-08 19:25:00+07:00,"4769.94,4784.71,4769.92,4784.22"
2026-04-08 19:30:00+07:00,"4784.23,4793.86,4783.22,4793.26"
2026-04-08 19:35:00+07:00,"4793.27,4798.19,4791.46,4796.66"
2026-04-08 19:40:00+07:00,"4796.63,4798.02,4794.02,4794.68"
2026-04-08 19:45:00+07:00,"4794.69,4801.68,4794.69,4797.45"
2026-04-08 19:50:00+07:00,"4797.42,4802.13,4794.5,4801.39"
2026-04-08 19:55:00+07:00,"4801.35,4802.75,4798.55,4799.54"
2026-04-08 20:00:00+07:00,"4799.55,4806.85,4798.82,4802.24"
2026-04-08 20:05:00+07:00,"4802.25,4802.73,4795.86,4797.72"
2026-04-08 20:10:00+07:00,"4797.74,4798.28,4790.64,4793.19"
2026-04-08 20:15:00+07:00,"4793.17,4797.37,4791.1,4792.96"
2026-04-08 20:20:00+07:00,"4792.95,4798.31,4789.24,4797.78"
2026-04-08 20:25:00+07:00,"4797.77,4799.48,4789.17,4790.62"
2026-04-08 20:30:00+07:00,"4790.64,4795.2,4774.12,4782.79"
2026-04-08 20:35:00+07:00,"4782.81,4787.97,4774.06,4777.76"
2026-04-08 20:40:00+07:00,"4777.62,4780.79,4773.36,4774.05"
2026-04-08 20:45:00+07:00,"4774.08,4788.48,4773.74,4788.25"
2026-04-08 20:50:00+07:00,"4788.18,4788.9,4771.22,4772.41"
2026-04-08 20:55:00+07:00,"4772.42,4780.78,4767.33,4777.56"
2026-04-08 21:00:00+07:00,"4777.09,4791.78,4776.22,4785.76"
2026-04-08 21:05:00+07:00,"4785.78,4792.14,4776.26,4786.62"
2026-04-08 21:10:00+07:00,"4786.64,4787.57,4778.88,4780.13"
2026-04-08 21:15:00+07:00,"4780.22,4785.61,4772.6,4773.2"
2026-04-08 21:20:00+07:00,"4773.21,4780.58,4771.69,4774.23"
2026-04-08 21:25:00+07:00,"4774.33,4774.75,4760.84,4767.91"
2026-04-08 21:30:00+07:00,"4767.91,4768.63,4749.77,4754.2"
2026-04-08 21:35:00+07:00,"4754.21,4766.76,4750.74,4760.92"
2026-04-08 21:40:00+07:00,"4761.07,4770.21,4758.03,4760.23"
2026-04-08 21:45:00+07:00,"4760.24,4765.27,4749.39,4756.14"
2026-04-08 21:50:00+07:00,"4756.19,4756.92,4744.38,4753.09"
2026-04-08 21:55:00+07:00,"4752.98,4753.64,4732.12,4736.31"
2026-04-08 22:00:00+07:00,"4736.33,4748.61,4735.5,4747.13"
2026-04-08 22:05:00+07:00,"4747.14,4749.92,4741.44,4742.72"
2026-04-08 22:10:00+07:00,"4742.71,4747.86,4734.09,4743.56"
2026-04-08 22:15:00+07:00,"4743.54,4754.59,4742.79,4754.23"
2026-04-08 22:20:00+07:00,"4754.29,4757.85,4752.85,4754.78"
2026-04-08 22:25:00+07:00,"4754.9,4757.65,4749.68,4750.95"
2026-04-08 22:30:00+07:00,"4750.93,4757.23,4750.51,4757"
2026-04-08 22:35:00+07:00,"4756.98,4761.46,4756.31,4760.21"
2026-04-08 22:40:00+07:00,"4760.19,4761.66,4754.22,4755.82"
2026-04-08 22:45:00+07:00,"4755.83,4759.83,4754.6,4758.84"
2026-04-08 22:50:00+07:00,"4758.89,4763.31,4757.36,4757.44"
2026-04-08 22:55:00+07:00,"4757.36,4759.58,4755.1,4756.49"
2026-04-08 23:00:00+07:00,"4756.58,4762.79,4755.44,4757.63"
2026-04-08 23:05:00+07:00,"4757.69,4759.11,4755.04,4757.81"
2026-04-08 23:10:00+07:00,"4757.89,4760.91,4753.81,4754.03"
2026-04-08 23:15:00+07:00,"4754.05,4755.26,4745.41,4748.17"
2026-04-08 23:20:00+07:00,"4748.16,4753.36,4747.1,4752.43"
2026-04-08 23:25:00+07:00,"4752.42,4754.09,4748.64,4750.28"
2026-04-08 23:30:00+07:00,"4750.35,4757.65,4747.95,4755.79"
2026-04-08 23:35:00+07:00,"4755.81,4759.35,4753.44,4759.31"
2026-04-08 23:40:00+07:00,"4759.32,4760.55,4757.14,4758.66"
2026-04-08 23:45:00+07:00,"4758.58,4762.38,4756.43,4760.92"
2026-04-08 23:50:00+07:00,"4760.93,4765.89,4760.22,4761"
2026-04-08 23:55:00+07:00,"4761.01,4762.89,4759.77,4760.54"
2026-04-09 00:00:00+07:00,"4760.5,4764.57,4759.24,4760.21"
2026-04-09 00:05:00+07:00,"4760.2,4760.61,4756.34,4757.91"
2026-04-09 00:10:00+07:00,"4757.84,4762.24,4757.55,4760.89"
2026-04-09 00:15:00+07:00,"4760.89,4762.94,4754.64,4755.54"
2026-04-09 00:20:00+07:00,"4755.55,4757.08,4746.54,4748.93"
2026-04-09 00:25:00+07:00,"4748.91,4753.92,4745.54,4751.09"
2026-04-09 00:30:00+07:00,"4751.07,4754.66,4742.47,4744.95"
2026-04-09 00:35:00+07:00,"4744.97,4745.38,4736.45,4736.95"
2026-04-09 00:40:00+07:00,"4736.96,4742.72,4736.1,4740.56"
2026-04-09 00:45:00+07:00,"4740.55,4741.41,4735.82,4738.4"
2026-04-09 00:50:00+07:00,"4738.41,4741.7,4736.04,4736.44"
2026-04-09 00:55:00+07:00,"4736.46,4737.96,4730.77,4734.05"
2026-04-09 01:00:00+07:00,"4734.08,4740.71,4727.45,4740.14"
2026-04-09 01:05:00+07:00,"4740.2,4743.97,4739.25,4743.27"
2026-04-09 01:10:00+07:00,"4743.29,4744.7,4740.57,4743.66"
2026-04-09 01:15:00+07:00,"4743.63,4744.74,4716.12,4729.61"
2026-04-09 01:20:00+07:00,"4729.55,4732.22,4721.41,4723.53"
2026-04-09 01:25:00+07:00,"4723.52,4727.14,4717.61,4722.57"
2026-04-09 01:30:00+07:00,"4722.66,4725.37,4720.54,4722.84"
2026-04-09 01:35:00+07:00,"4722.85,4723.59,4713.21,4714.94"
2026-04-09 01:40:00+07:00,"4714.95,4716.99,4708.32,4709.5"
2026-04-09 01:45:00+07:00,"4709.51,4717.12,4708.28,4710.28"
2026-04-09 01:50:00+07:00,"4710.26,4712.16,4704.14,4707.77"
2026-04-09 01:55:00+07:00,"4707.69,4708.21,4703.35,4705.12"
2026-04-09 02:00:00+07:00,"4705.07,4708.73,4701.17,4702"
2026-04-09 02:05:00+07:00,"4702.12,4709.22,4699.31,4708.12"
2026-04-09 02:10:00+07:00,"4708.14,4716.58,4706.45,4715.43"
2026-04-09 02:15:00+07:00,"4715.42,4718.73,4709.99,4711.39"
2026-04-09 02:20:00+07:00,"4711.37,4712.34,4708.31,4710.69"
2026-04-09 02:25:00+07:00,"4710.67,4714.72,4707.4,4708.57"
2026-04-09 02:30:00+07:00,"4708.55,4719.12,4707.92,4716.87"
2026-04-09 02:35:00+07:00,"4716.88,4724.79,4716.16,4723.75"
2026-04-09 02:40:00+07:00,"4723.57,4724.98,4720.52,4721.79"
2026-04-09 02:45:00+07:00,"4721.63,4726.94,4721.49,4725.81"
2026-04-09 02:50:00+07:00,"4725.78,4730.76,4725.67,4729.81"
2026-04-09 02:55:00+07:00,"4729.79,4731.96,4727.78,4730.65"
2026-04-09 03:00:00+07:00,"4730.28,4732.45,4728.8,4731.53"
2026-04-09 03:05:00+07:00,"4731.46,4732.34,4727.37,4727.8"
2026-04-09 03:10:00+07:00,"4727.79,4728.59,4726.18,4727.68"
2026-04-09 03:15:00+07:00,"4727.67,4730.16,4723.77,4724.57"
2026-04-09 03:20:00+07:00,"4724.56,4725.17,4722.3,4725.03"
2026-04-09 03:25:00+07:00,"4725.02,4725.04,4721.63,4723.29"
2026-04-09 03:30:00+07:00,"4723.28,4724.33,4720.81,4723.94"
2026-04-09 03:35:00+07:00,"4723.93,4724.17,4720.91,4722.94"
2026-04-09 03:40:00+07:00,"4722.92,4724.01,4721.73,4722.04"
2026-04-09 03:45:00+07:00,"4722.06,4724.6,4719.66,4719.86"
2026-04-09 03:50:00+07:00,"4719.87,4721.39,4716.95,4719.24"
2026-04-09 03:55:00+07:00,"4718.91,4721.07,4717.86,4719.4"
2026-04-09 05:00:00+07:00,"4721.06,4733.34,4717.15,4727.66"
2026-04-09 05:05:00+07:00,"4727.73,4729.95,4720.43,4722.55"
2026-04-09 05:10:00+07:00,"4722.44,4723.93,4709.05,4712.25"
2026-04-09 05:15:00+07:00,"4712.23,4717.6,4707.93,4712.38"
2026-04-09 05:20:00+07:00,"4712.3,4713.88,4704.43,4712.45"
2026-04-09 05:25:00+07:00,"4712.46,4713.76,4708.67,4713.4"
2026-04-09 05:30:00+07:00,"4713.48,4717.4,4705.73,4717.15"
2026-04-09 05:35:00+07:00,"4717.16,4719.78,4712.82,4713.58"
2026-04-09 05:40:00+07:00,"4713.59,4717.94,4710.69,4712.85"
2026-04-09 05:45:00+07:00,"4712.83,4716.46,4711.27,4715.46"
2026-04-09 05:50:00+07:00,"4715.45,4718.78,4713.9,4716.69"
2026-04-09 05:55:00+07:00,"4716.72,4720.3,4714.49,4717.41"
2026-04-09 06:00:00+07:00,"4717.27,4717.57,4709.3,4714.36"
2026-04-09 06:05:00+07:00,"4714.36,4717.83,4707.28,4707.3"
2026-04-09 06:10:00+07:00,"4707.31,4711.59,4705.25,4708.49"
2026-04-09 06:15:00+07:00,"4708.5,4713.49,4705.67,4712.86"
2026-04-09 06:20:00+07:00,"4712.87,4716.22,4710.37,4713.25"
2026-04-09 06:25:00+07:00,"4713.26,4713.35,4709.79,4710.03"
2026-04-09 06:30:00+07:00,"4710.03,4711.36,4707.05,4710.54"
2026-04-09 06:35:00+07:00,"4710.57,4713.58,4709.62,4712.87"
2026-04-09 06:40:00+07:00,"4712.74,4715.81,4712.16,4713.45"
2026-04-09 06:45:00+07:00,"4713.43,4717.93,4712.52,4717.49"
2026-04-09 06:50:00+07:00,"4717.47,4720.26,4714.75,4714.85"
2026-04-09 06:55:00+07:00,"4714.86,4716.75,4712.24,4715.74"
2026-04-09 07:00:00+07:00,"4715.73,4715.87,4702.83,4705.34"
2026-04-09 07:05:00+07:00,"4705.38,4705.5,4698.34,4700.41"
2026-04-09 07:10:00+07:00,"4700.39,4703.83,4698.84,4702.33"
2026-04-09 07:15:00+07:00,"4702.32,4705.4,4700.87,4704.09"
2026-04-09 07:20:00+07:00,"4704.28,4712.46,4701.5,4710.77"
2026-04-09 07:25:00+07:00,"4710.78,4712.5,4706.19,4706.42"
2026-04-09 07:30:00+07:00,"4706.41,4714.27,4705.53,4712.25"
2026-04-09 07:35:00+07:00,"4712.21,4715.58,4711.58,4713.13"
2026-04-09 07:40:00+07:00,"4713.17,4718.5,4713.17,4718.4"
2026-04-09 07:45:00+07:00,"4718.41,4719.32,4713.43,4715.81"
2026-04-09 07:50:00+07:00,"4715.52,4717.21,4708.05,4709.71"
2026-04-09 07:55:00+07:00,"4709.7,4710.76,4705.85,4706.96"
2026-04-09 08:00:00+07:00,"4706.95,4716.74,4698.97,4712.67"
2026-04-09 08:05:00+07:00,"4712.65,4717.44,4708.47,4715.99"
2026-04-09 08:10:00+07:00,"4716.05,4722.12,4711.36,4720.57"
2026-04-09 08:15:00+07:00,"4720.61,4723.81,4716.35,4721.08"
2026-04-09 08:20:00+07:00,"4721.07,4721.07,4708.92,4711.71"
2026-04-09 08:25:00+07:00,"4711.69,4712.07,4702.65,4704.96"
2026-04-09 08:30:00+07:00,"4704.93,4719.78,4703.89,4718.42"
2026-04-09 08:35:00+07:00,"4718.61,4719.45,4715.06,4718.88"
2026-04-09 08:40:00+07:00,"4719.19,4721.65,4715.56,4718.24"
2026-04-09 08:45:00+07:00,"4718.26,4723.21,4717.84,4722.25"
2026-04-09 08:50:00+07:00,"4722.27,4724.77,4721.58,4723.45"
2026-04-09 08:55:00+07:00,"4723.47,4728.36,4721.42,4727.34"
2026-04-09 09:00:00+07:00,"4727.35,4729.33,4720.84,4721.98"
2026-04-09 09:05:00+07:00,"4721.99,4726.13,4721.93,4722.2"
2026-04-09 09:10:00+07:00,"4722.16,4724.34,4720.91,4722.98"
2026-04-09 09:15:00+07:00,"4723,4728.19,4722.56,4726.85"
2026-04-09 09:20:00+07:00,"4726.74,4728.15,4724.81,4726.56"
2026-04-09 09:25:00+07:00,"4726.55,4726.96,4723.7,4725.58"
2026-04-09 09:30:00+07:00,"4725.76,4730.15,4725.18,4726.03"
2026-04-09 09:35:00+07:00,"4726.02,4733.02,4725.78,4731.12"
2026-04-09 09:40:00+07:00,"4731.05,4732.74,4729.21,4732.47"
2026-04-09 09:45:00+07:00,"4732.46,4733.02,4725.55,4726.32"
2026-04-09 09:50:00+07:00,"4726.25,4728.63,4722.98,4723.19"
2026-04-09 09:55:00+07:00,"4723.18,4724.36,4717.2,4719.05"
2026-04-09 10:00:00+07:00,"4718.92,4720.37,4715.49,4719.25"
2026-04-09 10:05:00+07:00,"4719.23,4720.08,4715.37,4718.17"
2026-04-09 10:10:00+07:00,"4718.14,4718.26,4711.34,4712.89"
2026-04-09 10:15:00+07:00,"4712.9,4713.61,4705.82,4707.96"
2026-04-09 10:20:00+07:00,"4707.85,4710.65,4705.15,4708.75"
2026-04-09 10:25:00+07:00,"4708.72,4713.18,4708.45,4712.58"
2026-04-09 10:30:00+07:00,"4712.59,4715.11,4712.11,4713.79"
2026-04-09 10:35:00+07:00,"4713.79,4714.45,4711.84,4714.38"
2026-04-09 10:40:00+07:00,"4714.43,4714.99,4713.13,4714.84"
2026-04-09 10:45:00+07:00,"4714.91,4714.93,4706.07,4711.07"
2026-04-09 10:50:00+07:00,"4711.08,4714.12,4707.75,4711.46"
2026-04-09 10:55:00+07:00,"4711.42,4714.19,4710.62,4711.61"
2026-04-09 11:00:00+07:00,"4711.56,4715.88,4709.66,4715.2"
2026-04-09 11:05:00+07:00,"4715.16,4721.15,4714.82,4720.55"
2026-04-09 11:10:00+07:00,"4720.53,4722.52,4720.35,4721.9"
2026-04-09 11:15:00+07:00,"4721.89,4723.27,4719.73,4720.3"
2026-04-09 11:20:00+07:00,"4719.98,4720.67,4717.93,4718.39"
2026-04-09 11:25:00+07:00,"4718.4,4719.86,4716.84,4716.9"
2026-04-09 11:30:00+07:00,"4716.87,4718.11,4714.27,4715.94"
2026-04-09 11:35:00+07:00,"4715.92,4721.41,4715.32,4718.1"
2026-04-09 11:40:00+07:00,"4718.18,4723.73,4717.87,4721.01"
2026-04-09 11:45:00+07:00,"4721.03,4722.67,4719.88,4721.27"
2026-04-09 11:50:00+07:00,"4721.28,4725.49,4720.91,4724.29"
2026-04-09 11:55:00+07:00,"4724.28,4724.29,4720.68,4720.78"
2026-04-09 12:00:00+07:00,"4720.82,4723.84,4719.46,4719.53"
2026-04-09 12:05:00+07:00,"4719.51,4720.06,4715.21,4716.51"
2026-04-09 12:10:00+07:00,"4716.48,4716.48,4710.63,4713.84"
2026-04-09 12:15:00+07:00,"4713.82,4720.5,4713.02,4720.49"
2026-04-09 12:20:00+07:00,"4720.48,4724.01,4719.81,4720.93"
2026-04-09 12:25:00+07:00,"4720.82,4726.8,4720.4,4726.16"
2026-04-09 12:30:00+07:00,"4726.27,4726.81,4716.8,4719.87"
2026-04-09 12:35:00+07:00,"4719.84,4722.54,4716.11,4719.9"
2026-04-09 12:40:00+07:00,"4719.89,4724.6,4718.84,4723.66"
2026-04-09 12:45:00+07:00,"4723.65,4724.22,4714.58,4714.58"
2026-04-09 12:50:00+07:00,"4714.59,4715.09,4705.57,4708.51"
2026-04-09 12:55:00+07:00,"4708.51,4715.83,4707.02,4713.26"
2026-04-09 13:00:00+07:00,"4713.22,4722.99,4711.07,4721.88"
2026-04-09 13:05:00+07:00,"4721.91,4725.43,4720.43,4720.45"
2026-04-09 13:10:00+07:00,"4720.47,4723.98,4717.73,4719.35"
2026-04-09 13:15:00+07:00,"4719.34,4722.06,4716.33,4716.38"
2026-04-09 13:20:00+07:00,"4716.4,4721.6,4714.21,4715.21"
2026-04-09 13:25:00+07:00,"4715.19,4718.77,4712.41,4718.69"
2026-04-09 13:30:00+07:00,"4718.67,4723.27,4716.58,4719"
2026-04-09 13:35:00+07:00,"4718.95,4719.16,4711.53,4715"
2026-04-09 13:40:00+07:00,"4714.99,4719.22,4712.42,4713.78"
2026-04-09 13:45:00+07:00,"4713.77,4715.2,4711.14,4711.6"
2026-04-09 13:50:00+07:00,"4711.67,4713.42,4703.37,4708.19"
2026-04-09 13:55:00+07:00,"4708.17,4714.43,4708.08,4712.79"
2026-04-09 14:00:00+07:00,"4712.57,4716.93,4708.54,4715.48"
2026-04-09 14:05:00+07:00,"4715.47,4728.99,4714.72,4725.44"
2026-04-09 14:10:00+07:00,"4725.43,4730.57,4721.93,4724.37"
2026-04-09 14:15:00+07:00,"4724.33,4724.8,4714.93,4715.83"
2026-04-09 14:20:00+07:00,"4715.82,4716.31,4710.07,4713.71"
2026-04-09 14:25:00+07:00,"4713.7,4714.87,4705.5,4708.64"
2026-04-09 14:30:00+07:00,"4708.65,4722.63,4708.65,4719.01"
2026-04-09 14:35:00+07:00,"4718.97,4731.58,4718.38,4729.37"
2026-04-09 14:40:00+07:00,"4729.38,4729.45,4722.24,4722.64"
2026-04-09 14:45:00+07:00,"4722.63,4724.08,4716.71,4718.07"
2026-04-09 14:50:00+07:00,"4718.06,4718.31,4711.55,4717.79"
2026-04-09 14:55:00+07:00,"4717.8,4724.93,4716.71,4724.3"
2026-04-09 15:00:00+07:00,"4724.29,4726.63,4720.6,4721.71"
2026-04-09 15:05:00+07:00,"4721.77,4723.92,4719.8,4723.03"
2026-04-09 15:10:00+07:00,"4723.02,4725.65,4721.57,4724.05"
2026-04-09 15:15:00+07:00,"4724.03,4725.39,4721.35,4723.2"
2026-04-09 15:20:00+07:00,"4723.21,4728.06,4722.86,4726.26"
2026-04-09 15:25:00+07:00,"4726.24,4726.52,4720.89,4721.3"
2026-04-09 15:30:00+07:00,"4721.3,4727.71,4720.11,4725.9"
2026-04-09 15:35:00+07:00,"4725.93,4730.31,4724.22,4728.96"
2026-04-09 15:40:00+07:00,"4728.97,4733.17,4726.87,4729.68"
2026-04-09 15:45:00+07:00,"4729.68,4733.46,4729.12,4731.08"
2026-04-09 15:50:00+07:00,"4731.09,4731.39,4726.81,4729.28"
2026-04-09 15:55:00+07:00,"4729.27,4729.52,4725.81,4726.26"
2026-04-09 16:00:00+07:00,"4726.23,4728.12,4723.77,4725.71"
2026-04-09 16:05:00+07:00,"4725.72,4732.25,4722.97,4731.57"
2026-04-09 16:10:00+07:00,"4731.58,4733.24,4729.65,4731"
2026-04-09 16:15:00+07:00,"4731.04,4733.08,4729.17,4730.57"
2026-04-09 16:20:00+07:00,"4730.53,4732.67,4729.39,4731.53"
2026-04-09 16:25:00+07:00,"4732.04,4733.5,4728.53,4729.8"
2026-04-09 16:30:00+07:00,"4729.76,4731.29,4727.36,4729.87"
2026-04-09 16:35:00+07:00,"4729.91,4732.7,4727.77,4732.63"
2026-04-09 16:40:00+07:00,"4732.53,4732.62,4726.66,4726.66"
2026-04-09 16:45:00+07:00,"4726.67,4729.59,4723.58,4728.82"
2026-04-09 16:50:00+07:00,"4728.75,4730.71,4726.52,4728.51"
2026-04-09 16:55:00+07:00,"4728.49,4730.7,4726.63,4729.16"
2026-04-09 17:00:00+07:00,"4729.15,4732.85,4728.07,4728.8"
2026-04-09 17:05:00+07:00,"4728.79,4729.61,4725.59,4728.99"
2026-04-09 17:10:00+07:00,"4729.23,4730.19,4725.85,4727.28"
2026-04-09 17:15:00+07:00,"4727.29,4729.97,4723.54,4729.05"
2026-04-09 17:20:00+07:00,"4729.03,4739.04,4728.71,4738.27"
2026-04-09 17:25:00+07:00,"4738.26,4739.99,4736.09,4738.17"
2026-04-09 17:30:00+07:00,"4738.2,4741.44,4737.89,4738.75"
2026-04-09 17:35:00+07:00,"4738.74,4740.39,4737.23,4740.04"
2026-04-09 17:40:00+07:00,"4740.05,4741.36,4736.45,4740.87"
2026-04-09 17:45:00+07:00,"4740.85,4744.45,4739.15,4744.15"
2026-04-09 17:50:00+07:00,"4744.15,4746.4,4741.59,4744.81"
2026-04-09 17:55:00+07:00,"4744.8,4746.84,4739.77,4740.95"
2026-04-09 18:00:00+07:00,"4741,4744.25,4738.33,4740.64"
2026-04-09 18:05:00+07:00,"4740.63,4741.84,4738.33,4740.16"
2026-04-09 18:10:00+07:00,"4740.12,4741.43,4739.04,4739.25"
2026-04-09 18:15:00+07:00,"4739.4,4743.33,4738.63,4743.32"
2026-04-09 18:20:00+07:00,"4743.32,4746.2,4742.73,4743.61"
2026-04-09 18:25:00+07:00,"4743.63,4747.7,4741.91,4745.84"
2026-04-09 18:30:00+07:00,"4745.85,4748.09,4742.98,4744.97"
2026-04-09 18:35:00+07:00,"4745.11,4749.1,4743.19,4748.97"
2026-04-09 18:40:00+07:00,"4748.98,4751.45,4748.36,4751.17"
2026-04-09 18:45:00+07:00,"4751.19,4757.23,4750.66,4756.4"
2026-04-09 18:50:00+07:00,"4756.3,4757.23,4755.28,4756.14"
2026-04-09 18:55:00+07:00,"4756.17,4757.72,4753.15,4756.66"
2026-04-09 19:00:00+07:00,"4756.84,4760.29,4748.77,4750.9"
2026-04-09 19:05:00+07:00,"4750.91,4751.05,4744.51,4745.06"
2026-04-09 19:10:00+07:00,"4745.06,4747.65,4741.79,4742.26"
2026-04-09 19:15:00+07:00,"4742.27,4744.4,4739.19,4739.5"
2026-04-09 19:20:00+07:00,"4739.54,4741.95,4736.39,4739.49"
2026-04-09 19:25:00+07:00,"4739.62,4741.92,4734.88,4737.95"
2026-04-09 19:30:00+07:00,"4737.7,4744.02,4735.17,4742.33"
2026-04-09 19:35:00+07:00,"4742.31,4745.37,4739.85,4742.02"
2026-04-09 19:40:00+07:00,"4741.97,4748.55,4740.23,4743.81"
2026-04-09 19:45:00+07:00,"4743.83,4744.74,4737.45,4742.65"
2026-04-09 19:50:00+07:00,"4742.69,4746.32,4740.58,4741.5"
2026-04-09 19:55:00+07:00,"4741.46,4747.44,4741.44,4746.1"
2026-04-09 20:00:00+07:00,"4746.11,4747.52,4738.65,4743.18"
2026-04-09 20:05:00+07:00,"4743.17,4749.94,4742.59,4749.62"
2026-04-09 20:10:00+07:00,"4749.64,4756.84,4748.72,4754.73"
2026-04-09 20:15:00+07:00,"4754.74,4758.79,4752.79,4753.28"
2026-04-09 20:20:00+07:00,"4753.23,4758.55,4752.48,4754.01"
2026-04-09 20:25:00+07:00,"4753.91,4756.55,4751.61,4752.67"
2026-04-09 20:30:00+07:00,"4752.69,4757.73,4750.22,4756.99"
2026-04-09 20:35:00+07:00,"4757,4771.97,4756.91,4770.23"
2026-04-09 20:40:00+07:00,"4770.23,4777.38,4769.64,4775.85"
2026-04-09 20:45:00+07:00,"4775.86,4776.88,4768.66,4771.71"
2026-04-09 20:50:00+07:00,"4771.72,4772.05,4759.7,4763.46"
2026-04-09 20:55:00+07:00,"4763.51,4769.26,4762.53,4764.34"
2026-04-09 21:00:00+07:00,"4764.41,4776.25,4761.72,4772.57"
2026-04-09 21:05:00+07:00,"4772.58,4773.53,4765.61,4767.1"
2026-04-09 21:10:00+07:00,"4767.09,4776.34,4765.79,4770.9"
2026-04-09 21:15:00+07:00,"4770.89,4773.37,4759.94,4761.63"
2026-04-09 21:20:00+07:00,"4761.74,4771.17,4761.08,4770.7"
2026-04-09 21:25:00+07:00,"4770.68,4773.05,4763.42,4765.7"
2026-04-09 21:30:00+07:00,"4765.74,4767.8,4755.28,4755.98"
2026-04-09 21:35:00+07:00,"4755.99,4759.61,4747.06,4759.5"
2026-04-09 21:40:00+07:00,"4759.46,4761.69,4751.28,4756.11"
2026-04-09 21:45:00+07:00,"4756.1,4763.37,4755.07,4761.54"
2026-04-09 21:50:00+07:00,"4761.55,4766.1,4761.44,4763.81"
2026-04-09 21:55:00+07:00,"4763.8,4769.24,4762.96,4768.77"
2026-04-09 22:00:00+07:00,"4768.79,4769.36,4760.86,4763.84"
2026-04-09 22:05:00+07:00,"4763.85,4766.55,4761.29,4762.44"
2026-04-09 22:10:00+07:00,"4762.43,4770.66,4761.72,4769.2"
2026-04-09 22:15:00+07:00,"4769.09,4783.9,4769.09,4783.46"
2026-04-09 22:20:00+07:00,"4783.47,4786.48,4779.57,4784.68"
2026-04-09 22:25:00+07:00,"4784.69,4784.73,4777.68,4778.9"
2026-04-09 22:30:00+07:00,"4778.88,4792.46,4778.22,4792.29"
2026-04-09 22:35:00+07:00,"4792.05,4798.25,4787.73,4791.45"
2026-04-09 22:40:00+07:00,"4791.42,4796.49,4790.05,4790.19"
2026-04-09 22:45:00+07:00,"4790.2,4794.36,4784.35,4784.73"
2026-04-09 22:50:00+07:00,"4784.7,4790.84,4784.17,4788.01"
2026-04-09 22:55:00+07:00,"4788.16,4794.24,4784.48,4792.77"
2026-04-09 23:00:00+07:00,"4792.79,4801.17,4791.31,4797"
2026-04-09 23:05:00+07:00,"4797.02,4797.86,4792.21,4792.24"
2026-04-09 23:10:00+07:00,"4792.23,4794.51,4787.88,4788.18"
2026-04-09 23:15:00+07:00,"4788.13,4798,4787.61,4795.76"
2026-04-09 23:20:00+07:00,"4795.77,4797.17,4791.76,4794.93"
2026-04-09 23:25:00+07:00,"4794.87,4794.87,4791.04,4792.92"
2026-04-09 23:30:00+07:00,"4792.91,4795.57,4790.76,4794.45"
2026-04-09 23:35:00+07:00,"4794.42,4794.87,4788.07,4792.63"
2026-04-09 23:40:00+07:00,"4792.61,4792.61,4785.86,4787.56"
2026-04-09 23:45:00+07:00,"4787.55,4789.4,4784.33,4784.45"
2026-04-09 23:50:00+07:00,"4784.5,4791.5,4784.5,4788.42"
2026-04-09 23:55:00+07:00,"4788.4,4789.71,4786.56,4788.98"
2026-04-10 00:00:00+07:00,"4788.99,4791.09,4786.62,4789.09"
2026-04-10 00:05:00+07:00,"4789.14,4794.22,4788.43,4792.77"
2026-04-10 00:10:00+07:00,"4792.78,4794.01,4789.97,4793.2"
2026-04-10 00:15:00+07:00,"4793.18,4798.41,4792.68,4797.65"
2026-04-10 00:20:00+07:00,"4797.66,4797.86,4792,4792.6"
2026-04-10 00:25:00+07:00,"4792.33,4796,4790.03,4792.94"
2026-04-10 00:30:00+07:00,"4792.95,4794.73,4787.58,4793.17"
2026-04-10 00:35:00+07:00,"4793.16,4800.92,4792.27,4799"
2026-04-10 00:40:00+07:00,"4798.99,4801.43,4794.44,4795.43"
2026-04-10 00:45:00+07:00,"4795.42,4801.08,4795.25,4800.58"
2026-04-10 00:50:00+07:00,"4800.6,4800.71,4796.33,4798.11"
2026-04-10 00:55:00+07:00,"4798.1,4799.89,4797.32,4797.85"
2026-04-10 01:00:00+07:00,"4797.79,4798.16,4781.69,4785.91"
2026-04-10 01:05:00+07:00,"4785.86,4790.58,4781.33,4785.92"
2026-04-10 01:10:00+07:00,"4785.91,4788.6,4780.45,4784.06"
2026-04-10 01:15:00+07:00,"4784.07,4788.49,4782.34,4785.72"
2026-04-10 01:20:00+07:00,"4785.73,4787.24,4777.76,4780.34"
2026-04-10 01:25:00+07:00,"4780.33,4783.47,4778.63,4782.11"
2026-04-10 01:30:00+07:00,"4782.02,4782.47,4772.18,4776.92"
2026-04-10 01:35:00+07:00,"4776.94,4779.89,4773.6,4776.72"
2026-04-10 01:40:00+07:00,"4776.73,4776.74,4768.43,4770.79"
2026-04-10 01:45:00+07:00,"4770.73,4773.32,4767.48,4772.75"
2026-04-10 01:50:00+07:00,"4772.74,4773.07,4769.25,4769.98"
2026-04-10 01:55:00+07:00,"4769.96,4774.62,4769.39,4772.24"
2026-04-10 02:00:00+07:00,"4772.25,4776.82,4769.01,4776.49"
2026-04-10 02:05:00+07:00,"4776.5,4782,4774.62,4781.76"
2026-04-10 02:10:00+07:00,"4781.78,4782.81,4778.26,4779.79"
2026-04-10 02:15:00+07:00,"4779.78,4780.82,4773.19,4773.98"
2026-04-10 02:20:00+07:00,"4773.99,4776.51,4772.45,4776.08"
2026-04-10 02:25:00+07:00,"4776.09,4778.52,4773.38,4773.78"
2026-04-10 02:30:00+07:00,"4773.77,4778.25,4769.51,4771.74"
2026-04-10 02:35:00+07:00,"4771.76,4773.33,4770.49,4771.44"
2026-04-10 02:40:00+07:00,"4771.46,4775.85,4769.53,4772.28"
2026-04-10 02:45:00+07:00,"4772.27,4772.86,4768.91,4769.85"
2026-04-10 02:50:00+07:00,"4769.84,4774.1,4769.68,4772.05"
2026-04-10 02:55:00+07:00,"4772.04,4772.05,4766.76,4768.82"
2026-04-10 03:00:00+07:00,"4768.83,4771.68,4766.85,4770.79"
2026-04-10 03:05:00+07:00,"4770.6,4771.21,4768.71,4770.5"
2026-04-10 03:10:00+07:00,"4770.51,4771.55,4769.23,4769.69"
2026-04-10 03:15:00+07:00,"4769.68,4771.16,4765.96,4770.9"
2026-04-10 03:20:00+07:00,"4770.89,4773.62,4770.36,4772.14"
2026-04-10 03:25:00+07:00,"4772.15,4773.23,4769.51,4770.15"
2026-04-10 03:30:00+07:00,"4770.14,4771.78,4769.08,4769.52"
2026-04-10 03:35:00+07:00,"4769.6,4769.75,4763.2,4764.61"
2026-04-10 03:40:00+07:00,"4764.6,4765.02,4760.8,4764.65"
2026-04-10 03:45:00+07:00,"4764.61,4767.2,4763.56,4764.99"
2026-04-10 03:50:00+07:00,"4764.81,4768.98,4764.43,4767.72"
2026-04-10 03:55:00+07:00,"4767.61,4781.32,4764.42,4764.55"
2026-04-10 05:00:00+07:00,"4769.14,4780.54,4762.72,4772.41"
2026-04-10 05:05:00+07:00,"4772.09,4772.64,4766.86,4770.58"
2026-04-10 05:10:00+07:00,"4770.6,4771.9,4767.47,4769.96"
2026-04-10 05:15:00+07:00,"4769.98,4771.32,4765.12,4766.31"
2026-04-10 05:20:00+07:00,"4766.32,4770.6,4764.68,4767.52"
2026-04-10 05:25:00+07:00,"4767.48,4769.42,4763.51,4764.73"
2026-04-10 05:30:00+07:00,"4764.74,4767.42,4762.25,4764.9"
2026-04-10 05:35:00+07:00,"4764.89,4766.16,4759.13,4759.86"
2026-04-10 05:40:00+07:00,"4759.85,4762.75,4759.13,4761.4"
2026-04-10 05:45:00+07:00,"4761.38,4762.55,4758.89,4760.78"
2026-04-10 05:50:00+07:00,"4760.8,4763.32,4758.62,4762.09"
2026-04-10 05:55:00+07:00,"4761.74,4764.84,4760.26,4764.1"
2026-04-10 06:00:00+07:00,"4764.28,4764.46,4759.09,4762.69"
2026-04-10 06:05:00+07:00,"4762.69,4763.36,4757.49,4762.19"
2026-04-10 06:10:00+07:00,"4762.19,4762.3,4757.14,4759.65"
2026-04-10 06:15:00+07:00,"4759.67,4761.8,4759.6,4760.44"
2026-04-10 06:20:00+07:00,"4760.41,4760.88,4757.14,4758"
2026-04-10 06:25:00+07:00,"4757.99,4758.53,4756.83,4758.45"
2026-04-10 06:30:00+07:00,"4758.46,4762.04,4758.13,4761.74"
2026-04-10 06:35:00+07:00,"4761.76,4763.32,4760.16,4760.91"
2026-04-10 06:40:00+07:00,"4761.01,4761.02,4758.32,4759.97"
2026-04-10 06:45:00+07:00,"4759.98,4764.42,4758.45,4762.23"
2026-04-10 06:50:00+07:00,"4762.2,4763.05,4760.21,4762.14"
2026-04-10 06:55:00+07:00,"4762.4,4764.13,4761.18,4763.7"
2026-04-10 07:00:00+07:00,"4763.71,4763.84,4753.5,4757.37"
2026-04-10 07:05:00+07:00,"4757.14,4757.98,4750.48,4754.35"
2026-04-10 07:10:00+07:00,"4754.33,4755.24,4750.71,4754.29"
2026-04-10 07:15:00+07:00,"4753.99,4757.63,4751.04,4755.45"
2026-04-10 07:20:00+07:00,"4755.46,4758.54,4752.77,4753.96"
2026-04-10 07:25:00+07:00,"4753.84,4755.32,4750.81,4753.88"
2026-04-10 07:30:00+07:00,"4753.87,4759.27,4753.76,4758.99"
2026-04-10 07:35:00+07:00,"4758.99,4761.22,4757.51,4759.57"
2026-04-10 07:40:00+07:00,"4759.55,4760.38,4754.62,4755.53"
2026-04-10 07:45:00+07:00,"4755.52,4756.33,4754.67,4755.72"
2026-04-10 07:50:00+07:00,"4755.72,4758.84,4755.72,4756.2"
2026-04-10 07:55:00+07:00,"4756.24,4763.23,4755.71,4762.99"
2026-04-10 08:00:00+07:00,"4763,4767.34,4760.33,4760.74"
2026-04-10 08:05:00+07:00,"4760.72,4764.98,4758.46,4759.14"
2026-04-10 08:10:00+07:00,"4759.13,4762.55,4757.98,4760.86"
2026-04-10 08:15:00+07:00,"4760.87,4765.58,4758,4763.6"
2026-04-10 08:20:00+07:00,"4763.61,4764.5,4758.51,4758.9"
2026-04-10 08:25:00+07:00,"4758.9,4763.66,4758.5,4762.75"
2026-04-10 08:30:00+07:00,"4762.76,4771.56,4760.23,4771.41"
2026-04-10 08:35:00+07:00,"4771.41,4777.14,4769.57,4773.39"
2026-04-10 08:40:00+07:00,"4773.38,4775.63,4769.53,4771.82"
2026-04-10 08:45:00+07:00,"4771.71,4773.62,4764.93,4766.62"
2026-04-10 08:50:00+07:00,"4766.57,4766.57,4760.2,4765.47"
2026-04-10 08:55:00+07:00,"4766.21,4767.52,4761.54,4764.5"
2026-04-10 09:00:00+07:00,"4764.5,4765.61,4754.45,4755.26"
2026-04-10 09:05:00+07:00,"4755.27,4760.47,4754.83,4759.58"
2026-04-10 09:10:00+07:00,"4759.57,4759.6,4748.35,4752.51"
2026-04-10 09:15:00+07:00,"4752.4,4754.32,4745.97,4747.87"
2026-04-10 09:20:00+07:00,"4747.88,4750.46,4742.13,4745.14"
2026-04-10 09:25:00+07:00,"4745.1,4749.45,4743.42,4744.71"
2026-04-10 09:30:00+07:00,"4744.72,4746.05,4737.88,4743.98"
2026-04-10 09:35:00+07:00,"4744.03,4749.17,4742.91,4747.95"
2026-04-10 09:40:00+07:00,"4747.93,4750.08,4746.36,4749.58"
2026-04-10 09:45:00+07:00,"4749.62,4751.52,4747.31,4749.36"
2026-04-10 09:50:00+07:00,"4749.35,4752.15,4747.46,4749.41"
2026-04-10 09:55:00+07:00,"4749.4,4753.77,4748.15,4752.87"
2026-04-10 10:00:00+07:00,"4752.87,4756.65,4752.69,4754.84"
2026-04-10 10:05:00+07:00,"4754.8,4758.35,4753.68,4758.09"
2026-04-10 10:10:00+07:00,"4758.08,4761.98,4757.32,4759.97"
2026-04-10 10:15:00+07:00,"4759.97,4762.2,4758.74,4761.64"
2026-04-10 10:20:00+07:00,"4761.75,4762.09,4757.52,4758.42"
2026-04-10 10:25:00+07:00,"4758.43,4758.63,4754.94,4756.17"
2026-04-10 10:30:00+07:00,"4756.15,4762.7,4755.95,4762.49"
2026-04-10 10:35:00+07:00,"4762.51,4768.72,4762.09,4764.87"
2026-04-10 10:40:00+07:00,"4764.96,4766.36,4762.96,4765.17"
2026-04-10 10:45:00+07:00,"4765.28,4769.59,4764.72,4767.13"
2026-04-10 10:50:00+07:00,"4767.15,4767.34,4764.04,4764.7"
2026-04-10 10:55:00+07:00,"4764.67,4767.19,4763.76,4766.63"
2026-04-10 11:00:00+07:00,"4766.65,4768.23,4766,4767.41"
2026-04-10 11:05:00+07:00,"4767.39,4767.7,4765.04,4765.85"
2026-04-10 11:10:00+07:00,"4765.85,4767.58,4764.42,4767.33"
2026-04-10 11:15:00+07:00,"4767.37,4770.95,4765.84,4770.71"
2026-04-10 11:20:00+07:00,"4770.72,4770.77,4766.27,4766.84"
2026-04-10 11:25:00+07:00,"4766.78,4767.82,4765.31,4765.62"
2026-04-10 11:30:00+07:00,"4765.61,4765.74,4763.37,4763.66"
2026-04-10 11:35:00+07:00,"4763.67,4764.66,4762.3,4763.13"
2026-04-10 11:40:00+07:00,"4763.14,4763.98,4761.56,4762.41"
2026-04-10 11:45:00+07:00,"4762.33,4763.52,4761.53,4763.39"
2026-04-10 11:50:00+07:00,"4763.5,4765.62,4761.03,4762.56"
2026-04-10 11:55:00+07:00,"4762.55,4762.8,4757.92,4758.47"
2026-04-10 12:00:00+07:00,"4758.46,4762.51,4757.27,4762.33"
2026-04-10 12:05:00+07:00,"4762.31,4763.31,4760.07,4761.95"
2026-04-10 12:10:00+07:00,"4761.93,4762.21,4758.83,4759.89"
2026-04-10 12:15:00+07:00,"4759.9,4760.91,4758.44,4760.12"
2026-04-10 12:20:00+07:00,"4760.14,4764.08,4760.05,4761.11"
2026-04-10 12:25:00+07:00,"4761.23,4764,4759.35,4760.15"
2026-04-10 12:30:00+07:00,"4760.11,4765.59,4759.29,4764.99"
2026-04-10 12:35:00+07:00,"4764.98,4768.5,4763.76,4765.2"
2026-04-10 12:40:00+07:00,"4765.22,4766.94,4761.38,4764.93"
2026-04-10 12:45:00+07:00,"4764.94,4767.43,4764.81,4766.38"
2026-04-10 12:50:00+07:00,"4766.38,4769.41,4765.52,4767.08"
2026-04-10 12:55:00+07:00,"4766.93,4768.01,4765.38,4765.92"
2026-04-10 13:00:00+07:00,"4765.93,4766.02,4760.12,4761.85"
2026-04-10 13:05:00+07:00,"4761.86,4764.21,4758.99,4759.28"
2026-04-10 13:10:00+07:00,"4759.39,4761.44,4755.36,4756.3"
2026-04-10 13:15:00+07:00,"4756.32,4757.82,4752,4752.8"
2026-04-10 13:20:00+07:00,"4752.73,4754.91,4751.53,4753.78"
2026-04-10 13:25:00+07:00,"4753.79,4756.11,4752.68,4755.41"
2026-04-10 13:30:00+07:00,"4755.45,4758.79,4754.09,4758.22"
2026-04-10 13:35:00+07:00,"4758.25,4758.61,4749.48,4752.47"
2026-04-10 13:40:00+07:00,"4752.48,4754.19,4749.83,4750.84"
2026-04-10 13:45:00+07:00,"4750.93,4754.33,4743.68,4743.74"
2026-04-10 13:50:00+07:00,"4743.73,4747.46,4742.67,4744.6"
2026-04-10 13:55:00+07:00,"4744.67,4748.32,4744.22,4746.04"
2026-04-10 14:00:00+07:00,"4745.95,4750.93,4741.01,4750.5"
2026-04-10 14:05:00+07:00,"4750.48,4752.27,4748.77,4751.71"
2026-04-10 14:10:00+07:00,"4751.69,4753.54,4745.53,4747.24"
2026-04-10 14:15:00+07:00,"4747.25,4753.4,4746.14,4752.51"
2026-04-10 14:20:00+07:00,"4752.51,4754.97,4751.25,4754.21"
2026-04-10 14:25:00+07:00,"4754.22,4756.16,4752.92,4753.72"
2026-04-10 14:30:00+07:00,"4753.83,4756.2,4751.52,4755.75"
2026-04-10 14:35:00+07:00,"4755.73,4757.27,4754.48,4755.66"
2026-04-10 14:40:00+07:00,"4755.68,4757.67,4752.63,4754.15"
2026-04-10 14:45:00+07:00,"4754.12,4755.15,4751.74,4754.06"
2026-04-10 14:50:00+07:00,"4753.82,4753.85,4749.78,4750.82"
2026-04-10 14:55:00+07:00,"4750.81,4752.33,4748.22,4749.72"
2026-04-10 15:00:00+07:00,"4749.73,4753.41,4747.41,4747.51"
2026-04-10 15:05:00+07:00,"4747.52,4750.99,4747.04,4750.03"
2026-04-10 15:10:00+07:00,"4750,4752.29,4748.76,4749.89"
2026-04-10 15:15:00+07:00,"4749.88,4750.18,4742.25,4745.57"
2026-04-10 15:20:00+07:00,"4745.58,4747.16,4744.07,4746"
2026-04-10 15:25:00+07:00,"4745.98,4748.08,4745.08,4746.76"
2026-04-10 15:30:00+07:00,"4746.72,4752.38,4746.25,4749.94"
2026-04-10 15:35:00+07:00,"4749.95,4752.33,4748.08,4749.62"
2026-04-10 15:40:00+07:00,"4749.57,4750.01,4741,4742.38"
2026-04-10 15:45:00+07:00,"4742.38,4743.95,4732.46,4735.27"
2026-04-10 15:50:00+07:00,"4735.28,4736.79,4730.75,4736.32"
2026-04-10 15:55:00+07:00,"4736.31,4742.49,4734.43,4740.81"
2026-04-10 16:00:00+07:00,"4740.85,4745.4,4740.68,4744.47"
2026-04-10 16:05:00+07:00,"4744.45,4746.21,4741.45,4742.23"
2026-04-10 16:10:00+07:00,"4742.24,4746.98,4741.64,4746.93"
2026-04-10 16:15:00+07:00,"4746.92,4761.02,4744.48,4759.45"
2026-04-10 16:20:00+07:00,"4759.44,4759.5,4752.78,4752.85"
2026-04-10 16:25:00+07:00,"4752.86,4753.55,4748.54,4748.59"
2026-04-10 16:30:00+07:00,"4748.67,4750.68,4746.19,4747.73"
2026-04-10 16:35:00+07:00,"4747.72,4750.5,4747.22,4748.75"
2026-04-10 16:40:00+07:00,"4748.76,4751.21,4747.69,4750.5"
2026-04-10 16:45:00+07:00,"4750.49,4750.62,4748,4749.94"
2026-04-10 16:50:00+07:00,"4749.93,4752.84,4748.78,4751.59"
2026-04-10 16:55:00+07:00,"4751.57,4753.28,4750.34,4751.53"
2026-04-10 17:00:00+07:00,"4751.54,4753.51,4747.07,4747.49"
2026-04-10 17:05:00+07:00,"4747.48,4747.58,4742.03,4746.02"
2026-04-10 17:10:00+07:00,"4746.03,4747.74,4743.16,4747.17"
2026-04-10 17:15:00+07:00,"4747.18,4752.54,4746.49,4752.35"
2026-04-10 17:20:00+07:00,"4752.36,4758.99,4751.88,4758.56"
2026-04-10 17:25:00+07:00,"4758.55,4760.77,4757.7,4758.3"
2026-04-10 17:30:00+07:00,"4758.29,4759.9,4756.85,4759.64"
2026-04-10 17:35:00+07:00,"4759.63,4759.76,4753.76,4754.34"
2026-04-10 17:40:00+07:00,"4754.43,4756.43,4754.07,4755.16"
2026-04-10 17:45:00+07:00,"4755.23,4757.96,4754.05,4757.96"
2026-04-10 17:50:00+07:00,"4757.97,4759.92,4756.18,4757.09"
2026-04-10 17:55:00+07:00,"4757.07,4758.69,4755.56,4757.15"
2026-04-10 18:00:00+07:00,"4757.17,4759.76,4756.61,4759.57"
2026-04-10 18:05:00+07:00,"4759.58,4759.58,4755.02,4755.8"
2026-04-10 18:10:00+07:00,"4755.81,4756.87,4753.23,4755.82"
2026-04-10 18:15:00+07:00,"4755.81,4758.64,4754.32,4758.52"
2026-04-10 18:20:00+07:00,"4758.53,4762.58,4757.79,4761.22"
2026-04-10 18:25:00+07:00,"4761.22,4762.59,4758.07,4761.81"
2026-04-10 18:30:00+07:00,"4761.82,4763.35,4758.63,4759.23"
2026-04-10 18:35:00+07:00,"4759.25,4762.85,4759.02,4761.48"
2026-04-10 18:40:00+07:00,"4761.17,4767.3,4760.18,4767.3"
2026-04-10 18:45:00+07:00,"4767.28,4767.42,4763.21,4763.42"
2026-04-10 18:50:00+07:00,"4763.53,4766.47,4762.81,4764.52"
2026-04-10 18:55:00+07:00,"4764.53,4768.85,4763.37,4768.03"
2026-04-10 19:00:00+07:00,"4768.18,4770.14,4763.98,4766.81"
2026-04-10 19:05:00+07:00,"4766.8,4768.28,4763.66,4764.77"
2026-04-10 19:10:00+07:00,"4764.78,4767.51,4764.14,4766.99"
2026-04-10 19:15:00+07:00,"4767.01,4771.44,4765.6,4768.38"
2026-04-10 19:20:00+07:00,"4768.33,4768.64,4759.9,4760.35"
2026-04-10 19:25:00+07:00,"4760.36,4763.06,4759.81,4762.73"
2026-04-10 19:30:00+07:00,"4762.83,4782.35,4761.49,4780.54"
2026-04-10 19:35:00+07:00,"4780.53,4782.56,4769.29,4776.26"
2026-04-10 19:40:00+07:00,"4776.28,4778.71,4767.66,4772.58"
2026-04-10 19:45:00+07:00,"4772.66,4774.34,4763.58,4767.63"
2026-04-10 19:50:00+07:00,"4767.62,4771.32,4764.85,4764.99"
2026-04-10 19:55:00+07:00,"4764.98,4772.51,4764.74,4771.84"
2026-04-10 20:00:00+07:00,"4771.85,4773.58,4767.89,4771.11"
2026-04-10 20:05:00+07:00,"4771.09,4777.93,4769.3,4774.27"
2026-04-10 20:10:00+07:00,"4774.23,4774.51,4770.25,4772.56"
2026-04-10 20:15:00+07:00,"4772.55,4773.77,4766.03,4772.56"
2026-04-10 20:20:00+07:00,"4772.55,4780.08,4770.56,4775.89"
2026-04-10 20:25:00+07:00,"4775.9,4780.34,4772.96,4775.94"
2026-04-10 20:30:00+07:00,"4775.91,4778.99,4769.16,4770.17"
2026-04-10 20:35:00+07:00,"4770.18,4777.63,4764.8,4775.72"
2026-04-10 20:40:00+07:00,"4775.65,4776.06,4766.69,4769.31"
2026-04-10 20:45:00+07:00,"4769.32,4774.29,4766.02,4773.6"
2026-04-10 20:50:00+07:00,"4773.57,4777.49,4768.73,4777.36"
2026-04-10 20:55:00+07:00,"4777.37,4777.93,4773.89,4774.85"
2026-04-10 21:00:00+07:00,"4774.82,4780.68,4769.87,4776.77"
2026-04-10 21:05:00+07:00,"4776.84,4780.87,4774.77,4775.8"
2026-04-10 21:10:00+07:00,"4775.81,4780.68,4767.21,4780.41"
2026-04-10 21:15:00+07:00,"4780.4,4788.81,4778.92,4788.2"
2026-04-10 21:20:00+07:00,"4788.19,4791.1,4785.2,4790.46"
2026-04-10 21:25:00+07:00,"4790.47,4793.01,4787.38,4790.54"
2026-04-10 21:30:00+07:00,"4790.53,4795.29,4787.56,4787.98"
2026-04-10 21:35:00+07:00,"4788.03,4791.4,4786.75,4786.85"
2026-04-10 21:40:00+07:00,"4786.91,4789.14,4772.44,4780.9"
2026-04-10 21:45:00+07:00,"4780.9,4783.36,4771.61,4772.52"
2026-04-10 21:50:00+07:00,"4772.56,4782.05,4770.91,4774.47"
2026-04-10 21:55:00+07:00,"4774.49,4779.77,4770.75,4774.97"
2026-04-10 22:00:00+07:00,"4774.96,4779.12,4773.49,4774.53"
2026-04-10 22:05:00+07:00,"4774.54,4780.27,4769.43,4779.71"
2026-04-10 22:10:00+07:00,"4779.74,4784,4779.13,4781.78"
2026-04-10 22:15:00+07:00,"4781.77,4786.73,4781.7,4781.96"
2026-04-10 22:20:00+07:00,"4781.97,4787.48,4781.82,4786.37"
2026-04-10 22:25:00+07:00,"4786.36,4786.36,4775.74,4776.1"
2026-04-10 22:30:00+07:00,"4776.12,4778.55,4772.52,4774.72"
2026-04-10 22:35:00+07:00,"4774.79,4775.33,4755.06,4760.63"
2026-04-10 22:40:00+07:00,"4760.66,4768.06,4759.95,4766.04"
2026-04-10 22:45:00+07:00,"4766.03,4769.85,4762.96,4766.32"
2026-04-10 22:50:00+07:00,"4766.31,4770.1,4765.03,4766.44"
2026-04-10 22:55:00+07:00,"4766.45,4766.65,4758.41,4762.4"
2026-04-10 23:00:00+07:00,"4762.25,4763.51,4753.22,4754.05"
2026-04-10 23:05:00+07:00,"4754.06,4756.92,4747.66,4756.71"
2026-04-10 23:10:00+07:00,"4756.74,4763.65,4756.35,4763.37"
2026-04-10 23:15:00+07:00,"4763.4,4765.35,4760.93,4761.8"
2026-04-10 23:20:00+07:00,"4761.75,4762.28,4754.17,4761.09"
2026-04-10 23:25:00+07:00,"4761.08,4762.43,4756.77,4758.64"
2026-04-10 23:30:00+07:00,"4758.65,4764.59,4756.45,4761.23"
2026-04-10 23:35:00+07:00,"4761.24,4765.38,4760.74,4762.35"
2026-04-10 23:40:00+07:00,"4762.29,4763.02,4756.38,4756.93"
2026-04-10 23:45:00+07:00,"4756.76,4762.41,4755.99,4761.36"
2026-04-10 23:50:00+07:00,"4761.39,4766.28,4760.79,4765.57"
2026-04-10 23:55:00+07:00,"4765.6,4765.73,4762.24,4763.88"
2026-04-11 00:00:00+07:00,"4763.92,4764.81,4759.18,4760.11"
2026-04-11 00:05:00+07:00,"4760.05,4763.61,4758.06,4762.04"
2026-04-11 00:10:00+07:00,"4762.03,4766.4,4760.22,4764.56"
2026-04-11 00:15:00+07:00,"4764.5,4768.76,4763.45,4766.96"
2026-04-11 00:20:00+07:00,"4766.98,4768.64,4760.85,4764.4"
2026-04-11 00:25:00+07:00,"4764.39,4768.89,4761.36,4763.05"
2026-04-11 00:30:00+07:00,"4763.08,4765.8,4758.99,4760.73"
2026-04-11 00:35:00+07:00,"4760.67,4763.06,4758.3,4761.57"
2026-04-11 00:40:00+07:00,"4761.54,4762.42,4758.8,4759.08"
2026-04-11 00:45:00+07:00,"4758.9,4764.51,4758.69,4763.63"
2026-04-11 00:50:00+07:00,"4763.62,4765.08,4760.35,4761.18"
2026-04-11 00:55:00+07:00,"4761.17,4762.13,4758.86,4760.22"
2026-04-11 01:00:00+07:00,"4760.2,4760.88,4753.11,4753.29"
2026-04-11 01:05:00+07:00,"4753.32,4758.39,4750.77,4756.35"
2026-04-11 01:10:00+07:00,"4756.49,4763.96,4756.15,4763.65"
2026-04-11 01:15:00+07:00,"4763.64,4768.14,4762.78,4767.77"
2026-04-11 01:20:00+07:00,"4767.79,4769.66,4764.01,4764.56"
2026-04-11 01:25:00+07:00,"4764.54,4767.09,4763.58,4766.04"
2026-04-11 01:30:00+07:00,"4766.05,4771.82,4765.91,4771.18"
2026-04-11 01:35:00+07:00,"4771.07,4773.57,4768.36,4771.66"
2026-04-11 01:40:00+07:00,"4771.63,4773.13,4768.04,4768.14"
2026-04-11 01:45:00+07:00,"4768.09,4768.41,4763.09,4763.86"
2026-04-11 01:50:00+07:00,"4763.85,4768.04,4763.78,4768.02"
2026-04-11 01:55:00+07:00,"4768.03,4768.19,4764.48,4765.26"
2026-04-11 02:00:00+07:00,"4765.29,4767.5,4764.47,4767.14"
2026-04-11 02:05:00+07:00,"4767.17,4768.18,4765.11,4765.42"
2026-04-11 02:10:00+07:00,"4765.43,4767.46,4765,4766.98"
2026-04-11 02:15:00+07:00,"4766.95,4770.03,4765.68,4769.35"
2026-04-11 02:20:00+07:00,"4769.36,4770.67,4766.67,4767.55"
2026-04-11 02:25:00+07:00,"4767.52,4768.7,4763.01,4763.66"
2026-04-11 02:30:00+07:00,"4763.67,4765.61,4761.24,4764.7"
2026-04-11 02:35:00+07:00,"4764.71,4765.12,4761.78,4762.86"
2026-04-11 02:40:00+07:00,"4762.82,4764.28,4760.78,4763.77"
2026-04-11 02:45:00+07:00,"4763.7,4764.66,4758.84,4759.94"
2026-04-11 02:50:00+07:00,"4759.92,4762.19,4758.11,4759.07"
2026-04-11 02:55:00+07:00,"4759.13,4760.64,4758.37,4759.73"
2026-04-11 03:00:00+07:00,"4759.88,4760.14,4752.68,4752.68"
2026-04-11 03:05:00+07:00,"4752.69,4754.68,4751.07,4753.66"
2026-04-11 03:10:00+07:00,"4753.67,4755.6,4752.66,4753.35"
2026-04-11 03:15:00+07:00,"4753.36,4753.73,4750.47,4751.28"
2026-04-11 03:20:00+07:00,"4751.21,4751.49,4748.11,4748.45"
2026-04-11 03:25:00+07:00,"4748.77,4749.19,4741.22,4745.69"
2026-04-11 03:30:00+07:00,"4745.68,4749.63,4744.92,4746.85"
2026-04-11 03:35:00+07:00,"4746.86,4750.25,4746.26,4750.25"
2026-04-11 03:40:00+07:00,"4750.26,4752.65,4749.51,4751"
2026-04-11 03:45:00+07:00,"4750.99,4751.91,4749.18,4750.75"
2026-04-11 03:50:00+07:00,"4750.74,4781.34,4717.22,4748.93"
2026-04-11 03:55:00+07:00,"4749.25,4751,4746.08,4746.28"
2026-04-13 05:00:00+07:00,"4705.56,4801.63,4629.45,4669.72"
2026-04-13 05:05:00+07:00,"4669.7,4683.32,4666.23,4666.54"
2026-04-13 05:10:00+07:00,"4666.55,4684.88,4666.23,4676.1"
2026-04-13 05:15:00+07:00,"4676.12,4683.4,4669.27,4669.43"
2026-04-13 05:20:00+07:00,"4669.5,4673.05,4654.22,4657.82"
2026-04-13 05:25:00+07:00,"4657.92,4659.33,4643.64,4647.54"
2026-04-13 05:30:00+07:00,"4647.55,4655.86,4645.17,4653.73"
2026-04-13 05:35:00+07:00,"4654.12,4657.21,4650.28,4657.21"
2026-04-13 05:40:00+07:00,"4656.76,4659.48,4650.81,4657.67"
2026-04-13 05:45:00+07:00,"4657.68,4659.73,4650.8,4659.36"
2026-04-13 05:50:00+07:00,"4659.24,4660.15,4654.29,4655.86"
2026-04-13 05:55:00+07:00,"4655.85,4660.59,4654.36,4658.85"
2026-04-13 06:00:00+07:00,"4659.01,4660.87,4653.05,4659.19"
2026-04-13 06:05:00+07:00,"4659.26,4659.65,4651.64,4657"
2026-04-13 06:10:00+07:00,"4656.93,4659.81,4654.79,4659.43"
2026-04-13 06:15:00+07:00,"4659.44,4660,4648.39,4652.23"
2026-04-13 06:20:00+07:00,"4652.26,4652.43,4643.84,4647.11"
2026-04-13 06:25:00+07:00,"4647.08,4654.28,4647.06,4653.36"
2026-04-13 06:30:00+07:00,"4653.35,4656.33,4649.79,4654.82"
2026-04-13 06:35:00+07:00,"4654.84,4660.25,4654.22,4657.78"
2026-04-13 06:40:00+07:00,"4657.67,4659.56,4654.02,4655.67"
2026-04-13 06:45:00+07:00,"4655.56,4661.24,4655.5,4660.14"
2026-04-13 06:50:00+07:00,"4660.15,4671.57,4660.11,4666.5"
2026-04-13 06:55:00+07:00,"4666.61,4672.06,4666.09,4671.22"
2026-04-13 07:00:00+07:00,"4671.29,4672.61,4664.47,4668.43"
2026-04-13 07:05:00+07:00,"4668.44,4672.41,4667.12,4671.35"
2026-04-13 07:10:00+07:00,"4671.36,4673.33,4669.19,4672.31"
2026-04-13 07:15:00+07:00,"4672.31,4676.31,4671.93,4673.46"
2026-04-13 07:20:00+07:00,"4673.47,4675.2,4668.99,4673.04"
2026-04-13 07:25:00+07:00,"4673.05,4676,4669.93,4672.7"
2026-04-13 07:30:00+07:00,"4672.68,4681.12,4670.82,4680.23"
2026-04-13 07:35:00+07:00,"4680.22,4683.27,4675.4,4677.41"
2026-04-13 07:40:00+07:00,"4677.41,4682.15,4676.7,4678.48"
2026-04-13 07:45:00+07:00,"4678.59,4687.2,4677.94,4687.15"
2026-04-13 07:50:00+07:00,"4687.17,4691.4,4684.82,4689.63"
2026-04-13 07:55:00+07:00,"4689.68,4698.87,4686.45,4695.49"
2026-04-13 08:00:00+07:00,"4695.44,4709.31,4693.42,4704.75"
2026-04-13 08:05:00+07:00,"4704.67,4708.78,4700.11,4707.89"
2026-04-13 08:10:00+07:00,"4707.87,4719.85,4705.65,4715.67"
2026-04-13 08:15:00+07:00,"4715.62,4718.26,4711.34,4716.86"
2026-04-13 08:20:00+07:00,"4716.87,4721.94,4714.39,4715.58"
2026-04-13 08:25:00+07:00,"4715.58,4720.65,4714.05,4717.67"
2026-04-13 08:30:00+07:00,"4717.43,4721.76,4710.66,4721.59"
2026-04-13 08:35:00+07:00,"4721.63,4721.84,4713.08,4716.95"
2026-04-13 08:40:00+07:00,"4716.88,4718.92,4712.21,4714.36"
2026-04-13 08:45:00+07:00,"4714.36,4718.3,4709.92,4714.99"
2026-04-13 08:50:00+07:00,"4715.15,4723.99,4714.7,4722.36"
2026-04-13 08:55:00+07:00,"4722.35,4728.29,4720.7,4721.28"
2026-04-13 09:00:00+07:00,"4721.26,4725.66,4718.87,4722.71"
2026-04-13 09:05:00+07:00,"4722.76,4726.17,4719.03,4722.99"
2026-04-13 09:10:00+07:00,"4723.11,4724.37,4720.71,4722.48"
2026-04-13 09:15:00+07:00,"4722.49,4724.37,4719.51,4722.35"
2026-04-13 09:20:00+07:00,"4722.5,4722.5,4719.2,4720.88"
2026-04-13 09:25:00+07:00,"4720.89,4724.89,4718.94,4719.83"
2026-04-13 09:30:00+07:00,"4719.84,4728.07,4719.3,4725.41"
2026-04-13 09:35:00+07:00,"4725.42,4725.53,4715.84,4715.84"
2026-04-13 09:40:00+07:00,"4715.94,4719.82,4715.1,4715.43"
2026-04-13 09:45:00+07:00,"4715.39,4718.24,4711.02,4712.44"
2026-04-13 09:50:00+07:00,"4712.43,4719.18,4711.31,4718.99"
2026-04-13 09:55:00+07:00,"4719.04,4721.54,4718.86,4720.35"
2026-04-13 10:00:00+07:00,"4720.3,4721.85,4714.94,4715.61"
2026-04-13 10:05:00+07:00,"4715.62,4715.62,4712.34,4714.59"
2026-04-13 10:10:00+07:00,"4714.6,4715.59,4712.18,4714.05"
2026-04-13 10:15:00+07:00,"4714.05,4717.43,4712.94,4715.46"
2026-04-13 10:20:00+07:00,"4715.51,4717.94,4713.37,4717"
2026-04-13 10:25:00+07:00,"4717.11,4721.19,4716.19,4718.83"
2026-04-13 10:30:00+07:00,"4718.82,4722.05,4718.26,4721.3"
2026-04-13 10:35:00+07:00,"4721.29,4721.68,4717.32,4718.86"
2026-04-13 10:40:00+07:00,"4718.97,4723.9,4718.66,4722.11"
2026-04-13 10:45:00+07:00,"4722.12,4722.57,4718.69,4720.94"
2026-04-13 10:50:00+07:00,"4720.89,4720.99,4717.82,4718.44"
2026-04-13 10:55:00+07:00,"4718.44,4720.63,4717.23,4717.94"
2026-04-13 11:00:00+07:00,"4717.94,4718.44,4712.9,4714.93"
2026-04-13 11:05:00+07:00,"4715.03,4715.63,4707.62,4712.71"
2026-04-13 11:10:00+07:00,"4712.72,4715.1,4710.91,4714.79"
2026-04-13 11:15:00+07:00,"4714.81,4715.87,4710.69,4712.31"
2026-04-13 11:20:00+07:00,"4712.46,4712.59,4709.36,4712.53"
2026-04-13 11:25:00+07:00,"4712.72,4715.69,4712.18,4712.6"
2026-04-13 11:30:00+07:00,"4712.59,4714.14,4708.79,4713.04"
2026-04-13 11:35:00+07:00,"4713.09,4713.15,4710.04,4712.17"
2026-04-13 11:40:00+07:00,"4712.22,4719.89,4712.22,4718.55"
2026-04-13 11:45:00+07:00,"4718.5,4719.32,4715.96,4718.83"
2026-04-13 11:50:00+07:00,"4718.77,4723.93,4718.22,4723.32"
2026-04-13 11:55:00+07:00,"4723.38,4725.35,4721.61,4723.24"
2026-04-13 12:00:00+07:00,"4723.34,4726.54,4720.61,4721.27"
2026-04-13 12:05:00+07:00,"4721.42,4723.62,4719.86,4721.09"
2026-04-13 12:10:00+07:00,"4721.09,4723.05,4718.06,4719.21"
2026-04-13 12:15:00+07:00,"4719.32,4721.39,4716.87,4716.89"
2026-04-13 12:20:00+07:00,"4716.87,4719.21,4716.15,4716.52"
2026-04-13 12:25:00+07:00,"4716.51,4721.78,4716.51,4720.56"
2026-04-13 12:30:00+07:00,"4720.57,4722.61,4717.93,4722.42"
2026-04-13 12:35:00+07:00,"4722.27,4724.82,4719.85,4722.77"
2026-04-13 12:40:00+07:00,"4722.82,4723.99,4719.81,4721.16"
2026-04-13 12:45:00+07:00,"4721.22,4726.01,4720.58,4722.85"
2026-04-13 12:50:00+07:00,"4722.72,4724.88,4720.5,4720.78"
2026-04-13 12:55:00+07:00,"4720.73,4730.97,4720.36,4729.51"
2026-04-13 13:00:00+07:00,"4729.5,4729.78,4722.69,4726.21"
2026-04-13 13:05:00+07:00,"4726.11,4729.57,4724.45,4727.97"
2026-04-13 13:10:00+07:00,"4727.91,4729.45,4724.3,4726.26"
2026-04-13 13:15:00+07:00,"4726.21,4732.01,4726.17,4728.63"
2026-04-13 13:20:00+07:00,"4728.58,4728.94,4725.05,4727.08"
2026-04-13 13:25:00+07:00,"4726.93,4732.07,4725.52,4731.59"
2026-04-13 13:30:00+07:00,"4731.89,4732.83,4728.49,4729.44"
2026-04-13 13:35:00+07:00,"4729.54,4731.28,4725.35,4726.95"
2026-04-13 13:40:00+07:00,"4726.9,4728.21,4725.24,4726.29"
2026-04-13 13:45:00+07:00,"4726.34,4726.5,4720.51,4721.52"
2026-04-13 13:50:00+07:00,"4721.57,4725.71,4721.05,4725.05"
2026-04-13 13:55:00+07:00,"4725,4725.81,4722.78,4725.6"
2026-04-13 14:00:00+07:00,"4725.66,4738.69,4725.54,4737.14"
2026-04-13 14:05:00+07:00,"4737.03,4737.69,4726.42,4726.48"
2026-04-13 14:10:00+07:00,"4726.56,4730.53,4724.61,4728.13"
2026-04-13 14:15:00+07:00,"4728.14,4732.91,4726.43,4731.2"
2026-04-13 14:20:00+07:00,"4731.19,4732.24,4729.29,4730.19"
2026-04-13 14:25:00+07:00,"4730.2,4731.8,4727.05,4730.82"
2026-04-13 14:30:00+07:00,"4730.84,4733.8,4730.31,4731.56"
2026-04-13 14:35:00+07:00,"4731.72,4732.37,4727.38,4729.78"
2026-04-13 14:40:00+07:00,"4729.77,4732.74,4728.41,4732.35"
2026-04-13 14:45:00+07:00,"4732.33,4739.26,4731.99,4738.96"
2026-04-13 14:50:00+07:00,"4739.09,4740.16,4734.05,4734.52"
2026-04-13 14:55:00+07:00,"4734.51,4736.62,4728.07,4733.79"
2026-04-13 15:00:00+07:00,"4733.83,4738.79,4733.15,4736.41"
2026-04-13 15:05:00+07:00,"4736.4,4737.38,4732.4,4734.07"
2026-04-13 15:10:00+07:00,"4734.05,4736.02,4732.55,4732.8"
2026-04-13 15:15:00+07:00,"4732.79,4733.61,4730.14,4732.97"
2026-04-13 15:20:00+07:00,"4732.98,4734.15,4730.21,4733.15"
2026-04-13 15:25:00+07:00,"4733.17,4734.44,4731.96,4732.1"
2026-04-13 15:30:00+07:00,"4732.09,4736.46,4730.59,4732.73"
2026-04-13 15:35:00+07:00,"4732.58,4734.79,4729.18,4730.03"
2026-04-13 15:40:00+07:00,"4730,4730.2,4720.64,4721.46"
2026-04-13 15:45:00+07:00,"4721.34,4729.93,4720.13,4728.64"
2026-04-13 15:50:00+07:00,"4728.62,4728.84,4724.04,4725.09"
2026-04-13 15:55:00+07:00,"4725.04,4726.89,4723.35,4723.41"
2026-04-13 16:00:00+07:00,"4723.42,4728.92,4722.66,4726.94"
2026-04-13 16:05:00+07:00,"4726.95,4727.48,4717.35,4717.61"
2026-04-13 16:10:00+07:00,"4717.6,4722.08,4715.82,4719.19"
2026-04-13 16:15:00+07:00,"4719.2,4720.92,4716.45,4720.16"
2026-04-13 16:20:00+07:00,"4720.12,4721.47,4716.72,4720.97"
2026-04-13 16:25:00+07:00,"4720.81,4720.81,4714.18,4715.59"
2026-04-13 16:30:00+07:00,"4715.57,4720.41,4714,4714.15"
2026-04-13 16:35:00+07:00,"4714.14,4716.08,4710.74,4716.08"
2026-04-13 16:40:00+07:00,"4716.09,4716.29,4710.49,4714.35"
2026-04-13 16:45:00+07:00,"4714.32,4716.65,4710.9,4713.8"
2026-04-13 16:50:00+07:00,"4713.79,4716.64,4712.11,4715.28"
2026-04-13 16:55:00+07:00,"4715.3,4716.89,4714.1,4714.74"
2026-04-13 17:00:00+07:00,"4714.79,4717.05,4714.56,4715.77"
2026-04-13 17:05:00+07:00,"4715.78,4718.94,4713.72,4718.36"
2026-04-13 17:10:00+07:00,"4718.34,4719.09,4714.48,4718.01"
2026-04-13 17:15:00+07:00,"4718.02,4718.44,4712.38,4713.18"
2026-04-13 17:20:00+07:00,"4713.17,4714.88,4711.18,4711.78"
2026-04-13 17:25:00+07:00,"4711.76,4712.58,4708.33,4712.56"
2026-04-13 17:30:00+07:00,"4712.6,4716.33,4711.55,4715.98"
2026-04-13 17:35:00+07:00,"4716,4717.56,4714.94,4717.55"
2026-04-13 17:40:00+07:00,"4717.54,4718.71,4714.53,4718.17"
2026-04-13 17:45:00+07:00,"4718.15,4722.19,4717.38,4721.69"
2026-04-13 17:50:00+07:00,"4721.72,4723.98,4720.01,4720.2"
2026-04-13 17:55:00+07:00,"4720.19,4722.39,4719.18,4722.14"
2026-04-13 18:00:00+07:00,"4722.24,4726.99,4720.96,4725.1"
2026-04-13 18:05:00+07:00,"4725.03,4729.13,4722.63,4722.86"
2026-04-13 18:10:00+07:00,"4722.85,4724.02,4720.02,4721.46"
2026-04-13 18:15:00+07:00,"4721.49,4723.09,4719.95,4720.03"
2026-04-13 18:20:00+07:00,"4720.02,4723.66,4718.82,4720.08"
2026-04-13 18:25:00+07:00,"4720.08,4721.36,4718.5,4720.99"
2026-04-13 18:30:00+07:00,"4720.98,4722.45,4719.43,4719.88"
2026-04-13 18:35:00+07:00,"4719.94,4719.97,4710.53,4712.12"
2026-04-13 18:40:00+07:00,"4712.01,4712.83,4703.9,4707.73"
2026-04-13 18:45:00+07:00,"4707.72,4711.53,4703.63,4708.58"
2026-04-13 18:50:00+07:00,"4708.59,4712.27,4705.23,4707.75"
2026-04-13 18:55:00+07:00,"4707.72,4711.2,4704.83,4706.9"
2026-04-13 19:00:00+07:00,"4706.93,4712.98,4703.59,4709.63"
2026-04-13 19:05:00+07:00,"4709.69,4715.42,4709.49,4714.18"
2026-04-13 19:10:00+07:00,"4714.17,4720.43,4714.08,4717.27"
2026-04-13 19:15:00+07:00,"4717.29,4718.04,4713.36,4714.09"
2026-04-13 19:20:00+07:00,"4714.11,4714.77,4705.79,4707.43"
2026-04-13 19:25:00+07:00,"4707.42,4711.44,4703.47,4710.61"
2026-04-13 19:30:00+07:00,"4710.6,4716.01,4709.48,4713.86"
2026-04-13 19:35:00+07:00,"4713.85,4716.08,4708.66,4711.43"
2026-04-13 19:40:00+07:00,"4711.43,4716.58,4710.68,4715.76"
2026-04-13 19:45:00+07:00,"4715.77,4722.47,4715.46,4721.18"
2026-04-13 19:50:00+07:00,"4721.19,4725.41,4719.36,4723.83"
2026-04-13 19:55:00+07:00,"4723.82,4725.23,4720.59,4723.68"
2026-04-13 20:00:00+07:00,"4723.51,4730.33,4722.45,4727.13"
2026-04-13 20:05:00+07:00,"4727.15,4730.65,4726.66,4728.37"
2026-04-13 20:10:00+07:00,"4728.38,4736.27,4725.79,4734.35"
2026-04-13 20:15:00+07:00,"4734.38,4737.49,4731.94,4735.25"
2026-04-13 20:20:00+07:00,"4735.28,4735.83,4728.82,4731.05"
2026-04-13 20:25:00+07:00,"4731.02,4734.49,4729.81,4733.35"
2026-04-13 20:30:00+07:00,"4733.47,4737.77,4730.69,4733.82"
2026-04-13 20:35:00+07:00,"4733.8,4735.11,4726.98,4727.34"
2026-04-13 20:40:00+07:00,"4727.29,4730.87,4724.52,4726.93"
2026-04-13 20:45:00+07:00,"4726.92,4740.44,4722.51,4739.42"
2026-04-13 20:50:00+07:00,"4739.78,4745.25,4720.74,4726.58"
2026-04-13 20:55:00+07:00,"4726.61,4732.25,4722.49,4730.49"
2026-04-13 21:00:00+07:00,"4730.46,4731.41,4720.38,4724.39"
2026-04-13 21:05:00+07:00,"4724.37,4727.96,4720.88,4725.2"
2026-04-13 21:10:00+07:00,"4725.19,4728.94,4723.67,4727.47"
2026-04-13 21:15:00+07:00,"4727.46,4728.27,4716.9,4718.44"
2026-04-13 21:20:00+07:00,"4718.47,4721.8,4709.04,4717.52"
2026-04-13 21:25:00+07:00,"4717.5,4717.86,4712.77,4715.53"
2026-04-13 21:30:00+07:00,"4715.44,4720.37,4708.68,4719.82"
2026-04-13 21:35:00+07:00,"4719.83,4720.64,4714.99,4719.17"
2026-04-13 21:40:00+07:00,"4719.21,4723.38,4717.18,4721.88"
2026-04-13 21:45:00+07:00,"4721.89,4723.64,4714.62,4715.27"
2026-04-13 21:50:00+07:00,"4715.28,4715.8,4709.88,4714.25"
2026-04-13 21:55:00+07:00,"4714.23,4720.37,4711.28,4719.08"
2026-04-13 22:00:00+07:00,"4719.12,4719.92,4705.2,4707.73"
2026-04-13 22:05:00+07:00,"4707.73,4708.9,4699.67,4705.42"
2026-04-13 22:10:00+07:00,"4705.44,4710.29,4703.34,4707.75"
2026-04-13 22:15:00+07:00,"4707.72,4711.65,4706.23,4706.87"
2026-04-13 22:20:00+07:00,"4706.95,4710.45,4704.47,4704.57"
2026-04-13 22:25:00+07:00,"4704.58,4706.29,4702.99,4703.86"
2026-04-13 22:30:00+07:00,"4703.71,4709.53,4702.06,4709.25"
2026-04-13 22:35:00+07:00,"4709.24,4718.25,4709.22,4716.04"
2026-04-13 22:40:00+07:00,"4716.06,4716.61,4710.91,4712.48"
2026-04-13 22:45:00+07:00,"4712.39,4715.57,4710.71,4715.24"
2026-04-13 22:50:00+07:00,"4715.17,4715.91,4712.22,4712.28"
2026-04-13 22:55:00+07:00,"4712.29,4715,4711.97,4714.49"
2026-04-13 23:00:00+07:00,"4714.57,4716.11,4710.16,4711.77"
2026-04-13 23:05:00+07:00,"4711.76,4719.86,4709.15,4716.75"
2026-04-13 23:10:00+07:00,"4716.76,4720.86,4715.1,4719.99"
2026-04-13 23:15:00+07:00,"4719.92,4729.85,4718.83,4725.97"
2026-04-13 23:20:00+07:00,"4725.86,4731.78,4722.31,4726.3"
2026-04-13 23:25:00+07:00,"4726.35,4734.19,4726.2,4730.25"
2026-04-13 23:30:00+07:00,"4730.24,4736.95,4728.62,4733.89"
2026-04-13 23:35:00+07:00,"4733.48,4737.49,4732.27,4735.72"
2026-04-13 23:40:00+07:00,"4735.74,4740.65,4729.88,4740.39"
2026-04-13 23:45:00+07:00,"4740.4,4746.59,4736.3,4737.75"
2026-04-13 23:50:00+07:00,"4737.83,4743.75,4735.06,4737.38"
2026-04-13 23:55:00+07:00,"4737.39,4738.21,4732.17,4733.07"
2026-04-14 00:00:00+07:00,"4733.23,4738.76,4732.94,4738.75"
2026-04-14 00:05:00+07:00,"4738.7,4738.7,4725.58,4728.86"
2026-04-14 00:10:00+07:00,"4728.87,4732.1,4728.52,4731.04"
2026-04-14 00:15:00+07:00,"4731.07,4745.02,4729.72,4744.48"
2026-04-14 00:20:00+07:00,"4744.6,4748.01,4741.33,4744.58"
2026-04-14 00:25:00+07:00,"4744.56,4750.18,4742.67,4743"
2026-04-14 00:30:00+07:00,"4743.02,4747.72,4742.73,4743.48"
2026-04-14 00:35:00+07:00,"4743.47,4746.97,4743.16,4746.28"
2026-04-14 00:40:00+07:00,"4746.33,4746.96,4742.58,4744.15"
2026-04-14 00:45:00+07:00,"4744.14,4744.27,4735.91,4738.79"
2026-04-14 00:50:00+07:00,"4738.8,4740.53,4727.28,4730.5"
2026-04-14 00:55:00+07:00,"4730.32,4731.92,4728.8,4730.03"
2026-04-14 01:00:00+07:00,"4730.02,4733.04,4729.08,4731.83"
2026-04-14 01:05:00+07:00,"4731.81,4732.77,4728.97,4729.71"
2026-04-14 01:10:00+07:00,"4729.6,4732.54,4729.32,4730.22"
2026-04-14 01:15:00+07:00,"4730.21,4731.35,4724.65,4724.69"
2026-04-14 01:20:00+07:00,"4724.67,4730.4,4724.56,4728.87"
2026-04-14 01:25:00+07:00,"4728.92,4728.93,4723.18,4727.39"
2026-04-14 01:30:00+07:00,"4727.56,4734.03,4726.86,4733.37"
2026-04-14 01:35:00+07:00,"4733.29,4735.42,4731.13,4731.86"
2026-04-14 01:40:00+07:00,"4731.92,4733.72,4730.69,4733.58"
2026-04-14 01:45:00+07:00,"4733.6,4736.68,4733.6,4735.75"
2026-04-14 01:50:00+07:00,"4735.8,4740.51,4734.06,4739.37"
2026-04-14 01:55:00+07:00,"4739.34,4740.95,4737.25,4738.3"
2026-04-14 02:00:00+07:00,"4738.23,4739.66,4735.25,4735.67"
2026-04-14 02:05:00+07:00,"4735.63,4735.93,4730.66,4734.61"
2026-04-14 02:10:00+07:00,"4734.45,4735.18,4732.32,4734.82"
2026-04-14 02:15:00+07:00,"4734.81,4738.25,4734.81,4737.41"
2026-04-14 02:20:00+07:00,"4737.42,4741.58,4737.01,4741.43"
2026-04-14 02:25:00+07:00,"4741.42,4744.07,4741.24,4743.29"
2026-04-14 02:30:00+07:00,"4743.3,4747.57,4742.57,4743.51"
2026-04-14 02:35:00+07:00,"4743.55,4745.82,4741.5,4741.5"
2026-04-14 02:40:00+07:00,"4741.49,4742.6,4738.92,4741.79"
2026-04-14 02:45:00+07:00,"4741.78,4742.07,4739.33,4741.2"
2026-04-14 02:50:00+07:00,"4741.31,4746.03,4741.31,4744.55"
2026-04-14 02:55:00+07:00,"4744.54,4745.76,4739.5,4741.09"
2026-04-14 03:00:00+07:00,"4741.08,4743.46,4739.58,4742.49"
2026-04-14 03:05:00+07:00,"4742.47,4743.81,4741.6,4742.38"
2026-04-14 03:10:00+07:00,"4742.39,4744.27,4741.71,4742.21"
2026-04-14 03:15:00+07:00,"4742.23,4742.94,4741.14,4742.01"
2026-04-14 03:20:00+07:00,"4742,4743.96,4740.2,4740.4"
2026-04-14 03:25:00+07:00,"4740.42,4740.98,4738.26,4739.21"
2026-04-14 03:30:00+07:00,"4739.2,4740.8,4738.29,4739.3"
2026-04-14 03:35:00+07:00,"4739.28,4740.31,4738.3,4738.36"
2026-04-14 03:40:00+07:00,"4738.33,4740.31,4738.22,4740.07"
2026-04-14 03:45:00+07:00,"4740.11,4741.19,4738.35,4739.28"
2026-04-14 03:50:00+07:00,"4739.27,4741.76,4738.04,4740.61"
2026-04-14 03:55:00+07:00,"4740.6,4742.49,4739.84,4742.04"
2026-04-14 05:00:00+07:00,"4744.25,4756.73,4744.06,4746.56"
2026-04-14 05:05:00+07:00,"4746.57,4750.96,4746.1,4748.31"
2026-04-14 05:10:00+07:00,"4748.32,4752.07,4747.25,4748.64"
2026-04-14 05:15:00+07:00,"4748.85,4749.89,4746.3,4748.06"
2026-04-14 05:20:00+07:00,"4748.09,4748.92,4745.75,4747.31"
2026-04-14 05:25:00+07:00,"4747.29,4749,4745.55,4748.83"
2026-04-14 05:30:00+07:00,"4748.75,4749.89,4746.5,4747.38"
2026-04-14 05:35:00+07:00,"4747.37,4749.89,4745.9,4747.69"
2026-04-14 05:40:00+07:00,"4747.66,4750.52,4747.59,4750.52"
2026-04-14 05:45:00+07:00,"4750.97,4753.37,4748.76,4751.08"
2026-04-14 05:50:00+07:00,"4751.1,4755.98,4751.1,4755.75"
2026-04-14 05:55:00+07:00,"4755.77,4759.79,4755.25,4757.83"
2026-04-14 06:00:00+07:00,"4757.95,4765.45,4757.95,4764.25"
2026-04-14 06:05:00+07:00,"4764.25,4765.67,4762.77,4764.98"
2026-04-14 06:10:00+07:00,"4764.93,4765.96,4762.38,4762.93"
2026-04-14 06:15:00+07:00,"4762.94,4763.63,4759.46,4760.51"
2026-04-14 06:20:00+07:00,"4760.54,4760.55,4757.46,4758.79"
2026-04-14 06:25:00+07:00,"4758.83,4758.86,4754.72,4755.42"
2026-04-14 06:30:00+07:00,"4755.53,4758.02,4754.37,4755.32"
2026-04-14 06:35:00+07:00,"4755.34,4760.2,4754.44,4759.75"
2026-04-14 06:40:00+07:00,"4759.86,4761.65,4759.3,4759.37"
2026-04-14 06:45:00+07:00,"4759.37,4761.77,4758.39,4758.39"
2026-04-14 06:50:00+07:00,"4758.38,4760.74,4756.49,4758.68"
2026-04-14 06:55:00+07:00,"4758.68,4758.87,4756.84,4757.66"
2026-04-14 07:00:00+07:00,"4757.65,4758.15,4751.28,4754.81"
2026-04-14 07:05:00+07:00,"4754.69,4757.91,4753.43,4756.24"
2026-04-14 07:10:00+07:00,"4756.26,4760.63,4755.3,4759.65"
2026-04-14 07:15:00+07:00,"4759.66,4764.8,4759.54,4763.73"
2026-04-14 07:20:00+07:00,"4763.84,4765.06,4761.47,4763.04"
2026-04-14 07:25:00+07:00,"4763.03,4768.02,4759.48,4762.42"
2026-04-14 07:30:00+07:00,"4762.43,4768.44,4761.12,4766.11"
2026-04-14 07:35:00+07:00,"4766.11,4771.75,4765.41,4771.68"
2026-04-14 07:40:00+07:00,"4771.7,4775.95,4769.55,4770.41"
2026-04-14 07:45:00+07:00,"4770.4,4772.12,4768.35,4770.73"
2026-04-14 07:50:00+07:00,"4770.71,4772.04,4768.92,4770.13"
2026-04-14 07:55:00+07:00,"4770.18,4772.05,4768.8,4769.9"
2026-04-14 08:00:00+07:00,"4769.9,4771.27,4761.91,4767.9"
2026-04-14 08:05:00+07:00,"4767.9,4777.07,4767.41,4775.37"
2026-04-14 08:10:00+07:00,"4775.22,4777.17,4770.41,4776.25"
2026-04-14 08:15:00+07:00,"4776.31,4777.03,4770.91,4771.71"
2026-04-14 08:20:00+07:00,"4771.6,4773.91,4769.53,4770.67"
2026-04-14 08:25:00+07:00,"4770.65,4774.94,4770.16,4770.37"
2026-04-14 08:30:00+07:00,"4770.23,4771.33,4764.33,4766.07"
2026-04-14 08:35:00+07:00,"4766.08,4770.02,4765,4768.42"
2026-04-14 08:40:00+07:00,"4768.4,4773.36,4768.15,4772.97"
2026-04-14 08:45:00+07:00,"4772.96,4773.86,4767.27,4768.16"
2026-04-14 08:50:00+07:00,"4768.16,4768.96,4764.04,4765.05"
2026-04-14 08:55:00+07:00,"4765.06,4767.18,4761.7,4765.04"
2026-04-14 09:00:00+07:00,"4764.99,4766.92,4762.73,4765.96"
2026-04-14 09:05:00+07:00,"4765.93,4771.3,4765.83,4769.17"
2026-04-14 09:10:00+07:00,"4769.18,4770.6,4767.54,4768.14"
2026-04-14 09:15:00+07:00,"4768.13,4772.71,4767.48,4771.46"
2026-04-14 09:20:00+07:00,"4771.48,4771.54,4768.29,4769.56"
2026-04-14 09:25:00+07:00,"4769.53,4769.98,4768.6,4768.78"
2026-04-14 09:30:00+07:00,"4768.77,4769.13,4761.92,4767.34"
2026-04-14 09:35:00+07:00,"4767.35,4769.92,4765.9,4768"
2026-04-14 09:40:00+07:00,"4768,4772.94,4766.67,4772.33"
2026-04-14 09:45:00+07:00,"4772.38,4777.06,4772.25,4775.78"
2026-04-14 09:50:00+07:00,"4775.81,4777.37,4774.59,4774.64"
2026-04-14 09:55:00+07:00,"4774.64,4776.4,4773.25,4775"
2026-04-14 10:00:00+07:00,"4775.01,4775.55,4771.49,4772.27"
2026-04-14 10:05:00+07:00,"4772.25,4773.36,4768.85,4768.88"
2026-04-14 10:10:00+07:00,"4768.89,4771.05,4768.41,4769"
2026-04-14 10:15:00+07:00,"4769.01,4770,4766.37,4769.85"
2026-04-14 10:20:00+07:00,"4769.89,4771.5,4768.37,4768.51"
2026-04-14 10:25:00+07:00,"4768.62,4768.92,4765.97,4768.46"
2026-04-14 10:30:00+07:00,"4768.4,4769.72,4765.73,4767.66"
2026-04-14 10:35:00+07:00,"4767.66,4767.8,4766.44,4766.75"
2026-04-14 10:40:00+07:00,"4766.77,4768.75,4765.49,4767.61"
2026-04-14 10:45:00+07:00,"4767.58,4771.5,4767.38,4771.5"
2026-04-14 10:50:00+07:00,"4771.49,4772.05,4770.03,4771.48"
2026-04-14 10:55:00+07:00,"4771.47,4771.88,4767.42,4768.2"
2026-04-14 11:00:00+07:00,"4768.23,4770.7,4766.81,4768.12"
2026-04-14 11:05:00+07:00,"4768.12,4768.43,4767.5,4768.08"
2026-04-14 11:10:00+07:00,"4768.09,4769.19,4767.87,4768.79"
2026-04-14 11:15:00+07:00,"4768.79,4773.78,4768.46,4773.76"
2026-04-14 11:20:00+07:00,"4773.76,4775.5,4773.56,4774.41"
2026-04-14 11:25:00+07:00,"4774.44,4777.14,4774.19,4775.91"
2026-04-14 11:30:00+07:00,"4775.96,4776.45,4773.73,4774.04"
2026-04-14 11:35:00+07:00,"4774.04,4775.39,4771.34,4773.2"
2026-04-14 11:40:00+07:00,"4773.05,4773.64,4771.95,4773.54"
2026-04-14 11:45:00+07:00,"4773.54,4775.99,4772.54,4775.47"
2026-04-14 11:50:00+07:00,"4775.59,4775.94,4773.58,4774.58"
2026-04-14 11:55:00+07:00,"4774.58,4774.83,4773.57,4774.26"
2026-04-14 12:00:00+07:00,"4774.27,4774.35,4770.35,4772.51"
2026-04-14 12:05:00+07:00,"4772.5,4772.67,4767.02,4767.42"
2026-04-14 12:10:00+07:00,"4767.45,4768.25,4763.24,4765.59"
2026-04-14 12:15:00+07:00,"4765.61,4767.82,4764.8,4766.72"
2026-04-14 12:20:00+07:00,"4766.72,4768.19,4764.55,4764.63"
2026-04-14 12:25:00+07:00,"4764.62,4764.93,4761.5,4764.84"
2026-04-14 12:30:00+07:00,"4764.85,4767.39,4760.27,4761.98"
2026-04-14 12:35:00+07:00,"4761.91,4763.41,4758.21,4759.11"
2026-04-14 12:40:00+07:00,"4759.14,4762.68,4757.86,4760.87"
2026-04-14 12:45:00+07:00,"4760.99,4766.9,4759.14,4764.08"
2026-04-14 12:50:00+07:00,"4764.06,4766.98,4761.33,4761.7"
2026-04-14 12:55:00+07:00,"4761.68,4763.34,4759.73,4760.07"
2026-04-14 13:00:00+07:00,"4760.05,4767.14,4760.02,4764.47"
2026-04-14 13:05:00+07:00,"4764.5,4769.95,4764.1,4769.65"
2026-04-14 13:10:00+07:00,"4769.64,4769.64,4765.01,4765.97"
2026-04-14 13:15:00+07:00,"4765.98,4765.99,4763.41,4763.86"
2026-04-14 13:20:00+07:00,"4763.83,4767.33,4763.76,4764.95"
2026-04-14 13:25:00+07:00,"4764.92,4768.09,4764.41,4767.57"
2026-04-14 13:30:00+07:00,"4767.62,4768.06,4764.47,4765.11"
2026-04-14 13:35:00+07:00,"4765.12,4767.88,4764.16,4767.6"
2026-04-14 13:40:00+07:00,"4767.58,4770.66,4767.2,4769.62"
2026-04-14 13:45:00+07:00,"4769.63,4774.41,4768.79,4772.9"
2026-04-14 13:50:00+07:00,"4772.92,4781.71,4770.82,4779.18"
2026-04-14 13:55:00+07:00,"4779.04,4783.15,4778.6,4782.24"
2026-04-14 14:00:00+07:00,"4782.28,4790.03,4780.93,4786.9"
2026-04-14 14:05:00+07:00,"4786.85,4796.91,4786.44,4793.72"
2026-04-14 14:10:00+07:00,"4793.69,4793.69,4785.93,4790.25"
2026-04-14 14:15:00+07:00,"4790.27,4791.83,4784.37,4785.01"
2026-04-14 14:20:00+07:00,"4784.9,4787.19,4771.4,4772.64"
2026-04-14 14:25:00+07:00,"4772.72,4774.97,4767.75,4772.82"
2026-04-14 14:30:00+07:00,"4772.85,4776.01,4772.31,4772.4"
2026-04-14 14:35:00+07:00,"4772.41,4777.99,4771.81,4777.97"
2026-04-14 14:40:00+07:00,"4778.04,4779.8,4774.09,4778.01"
2026-04-14 14:45:00+07:00,"4778,4780.79,4777.17,4777.76"
2026-04-14 14:50:00+07:00,"4777.77,4778.68,4774.06,4775.34"
2026-04-14 14:55:00+07:00,"4775.33,4779.75,4773.74,4777.05"
2026-04-14 15:00:00+07:00,"4777.05,4778.16,4774.13,4777.93"
2026-04-14 15:05:00+07:00,"4777.93,4782.66,4777.72,4780.5"
2026-04-14 15:10:00+07:00,"4780.49,4783.48,4777.88,4780.54"
2026-04-14 15:15:00+07:00,"4780.55,4781.18,4777.62,4779.81"
2026-04-14 15:20:00+07:00,"4779.77,4782.16,4775.67,4777.45"
2026-04-14 15:25:00+07:00,"4777.46,4786.66,4777.46,4785.95"
2026-04-14 15:30:00+07:00,"4785.94,4789.48,4784.99,4788.79"
2026-04-14 15:35:00+07:00,"4788.8,4790.02,4785.86,4787.93"
2026-04-14 15:40:00+07:00,"4787.9,4787.9,4782.68,4784.89"
2026-04-14 15:45:00+07:00,"4784.98,4785.93,4783.43,4784.74"
2026-04-14 15:50:00+07:00,"4784.73,4785.42,4781.89,4784.4"
2026-04-14 15:55:00+07:00,"4784.39,4786.93,4781.41,4786.93"
2026-04-14 16:00:00+07:00,"4787.06,4788.14,4783.59,4785.88"
2026-04-14 16:05:00+07:00,"4785.91,4786.18,4780.14,4785.57"
2026-04-14 16:10:00+07:00,"4785.56,4786.38,4783.73,4785.63"
2026-04-14 16:15:00+07:00,"4785.76,4787.46,4784.57,4785.32"
2026-04-14 16:20:00+07:00,"4785.35,4789.44,4782.97,4787.03"
2026-04-14 16:25:00+07:00,"4787.02,4787.02,4778.6,4778.62"
2026-04-14 16:30:00+07:00,"4778.58,4779.24,4771.58,4774.5"
2026-04-14 16:35:00+07:00,"4774.49,4779.94,4773.72,4779.04"
2026-04-14 16:40:00+07:00,"4779.03,4779.5,4775.85,4778.35"
2026-04-14 16:45:00+07:00,"4778.34,4779.07,4772.93,4776.02"
2026-04-14 16:50:00+07:00,"4776.03,4778.72,4775.94,4777.43"
2026-04-14 16:55:00+07:00,"4777.44,4782.58,4777.32,4778.32"
2026-04-14 17:00:00+07:00,"4778.33,4782.31,4778.33,4779.89"
2026-04-14 17:05:00+07:00,"4780.03,4784.93,4779.97,4784.52"
2026-04-14 17:10:00+07:00,"4784.54,4784.96,4780.29,4782.28"
2026-04-14 17:15:00+07:00,"4782.29,4787.42,4781.53,4787.28"
2026-04-14 17:20:00+07:00,"4787.27,4788.15,4783.08,4784.11"
2026-04-14 17:25:00+07:00,"4784.09,4785.3,4780.28,4783.88"
2026-04-14 17:30:00+07:00,"4783.87,4784.71,4782.03,4784.44"
2026-04-14 17:35:00+07:00,"4784.43,4784.48,4753.12,4763.06"
2026-04-14 17:40:00+07:00,"4763.05,4769.02,4756.61,4767.59"
2026-04-14 17:45:00+07:00,"4767.57,4770.16,4766.83,4769.69"
2026-04-14 17:50:00+07:00,"4769.85,4772.46,4768.79,4770.5"
2026-04-14 17:55:00+07:00,"4770.63,4772.53,4768.24,4768.33"
2026-04-14 18:00:00+07:00,"4768.32,4771.97,4766.92,4771.21"
2026-04-14 18:05:00+07:00,"4771.2,4777.08,4770.45,4776.14"
2026-04-14 18:10:00+07:00,"4776.18,4777.06,4775.16,4776.69"
2026-04-14 18:15:00+07:00,"4776.71,4778.25,4775.05,4777.13"
2026-04-14 18:20:00+07:00,"4777.02,4779.4,4776.62,4778.51"
2026-04-14 18:25:00+07:00,"4778.5,4783.2,4777.3,4778.13"
2026-04-14 18:30:00+07:00,"4778.17,4778.56,4773.12,4774.02"
2026-04-14 18:35:00+07:00,"4774,4778.11,4773.34,4777.9"
2026-04-14 18:40:00+07:00,"4777.89,4780.04,4776.66,4778.19"
2026-04-14 18:45:00+07:00,"4778.21,4779.06,4775.27,4775.5"
2026-04-14 18:50:00+07:00,"4775.49,4775.97,4770.06,4773.41"
2026-04-14 18:55:00+07:00,"4773.45,4782.99,4770.53,4775.15"
2026-04-14 19:00:00+07:00,"4775.16,4777.53,4773.53,4774.77"
2026-04-14 19:05:00+07:00,"4774.78,4777.69,4774.18,4774.79"
2026-04-14 19:10:00+07:00,"4774.78,4775.23,4768.82,4769.88"
2026-04-14 19:15:00+07:00,"4769.89,4772.78,4765.82,4770.75"
2026-04-14 19:20:00+07:00,"4770.78,4770.8,4762.49,4766.08"
2026-04-14 19:25:00+07:00,"4766.07,4770.71,4765.22,4769.24"
2026-04-14 19:30:00+07:00,"4769.08,4776.5,4768.22,4775.53"
2026-04-14 19:35:00+07:00,"4775.42,4776.44,4769.35,4773.54"
2026-04-14 19:40:00+07:00,"4773.57,4776.41,4768.1,4769.12"
2026-04-14 19:45:00+07:00,"4769.14,4773.81,4765.84,4772.69"
2026-04-14 19:50:00+07:00,"4772.7,4773.37,4762.15,4764.53"
2026-04-14 19:55:00+07:00,"4764.53,4771.7,4764,4771.39"
2026-04-14 20:00:00+07:00,"4771.4,4778.28,4771.16,4777.49"
2026-04-14 20:05:00+07:00,"4777.5,4778.09,4773.56,4776.86"
2026-04-14 20:10:00+07:00,"4776.87,4782.25,4776.81,4782.21"
2026-04-14 20:15:00+07:00,"4782.19,4787.81,4781.09,4787.54"
2026-04-14 20:20:00+07:00,"4787.58,4792.64,4786.48,4791.66"
2026-04-14 20:25:00+07:00,"4791.67,4791.7,4781.78,4782.53"
2026-04-14 20:30:00+07:00,"4782.45,4794.26,4780.35,4794.11"
2026-04-14 20:35:00+07:00,"4793.96,4804.35,4788.28,4789.48"
2026-04-14 20:40:00+07:00,"4789.47,4793.57,4786.54,4793.25"
2026-04-14 20:45:00+07:00,"4793.24,4794.92,4790.26,4794.11"
2026-04-14 20:50:00+07:00,"4794.14,4796.02,4788.83,4793.02"
2026-04-14 20:55:00+07:00,"4793.01,4797.09,4790.23,4794.63"
2026-04-14 21:00:00+07:00,"4794.65,4803.77,4794.65,4795.56"
2026-04-14 21:05:00+07:00,"4795.61,4802.58,4792.83,4802.18"
2026-04-14 21:10:00+07:00,"4802.21,4802.71,4794.07,4794.96"
2026-04-14 21:15:00+07:00,"4794.97,4806.25,4794.97,4804.82"
2026-04-14 21:20:00+07:00,"4804.85,4805.45,4797.95,4801.06"
2026-04-14 21:25:00+07:00,"4801.08,4810.91,4799.75,4809.48"
2026-04-14 21:30:00+07:00,"4809.49,4816.94,4806.43,4813.77"
2026-04-14 21:35:00+07:00,"4813.74,4818.11,4801.61,4804.09"
2026-04-14 21:40:00+07:00,"4804.1,4804.61,4798.3,4798.62"
2026-04-14 21:45:00+07:00,"4798.61,4801.16,4795.28,4799.65"
2026-04-14 21:50:00+07:00,"4799.63,4802.04,4796.57,4802.02"
2026-04-14 21:55:00+07:00,"4802.01,4806.92,4801.38,4803.96"
2026-04-14 22:00:00+07:00,"4803.95,4804.11,4795.84,4796.27"
2026-04-14 22:05:00+07:00,"4796.15,4798.45,4791.76,4792.76"
2026-04-14 22:10:00+07:00,"4792.77,4797.97,4790.97,4794.72"
2026-04-14 22:15:00+07:00,"4794.73,4801.12,4793.12,4800.79"
2026-04-14 22:20:00+07:00,"4800.79,4806.01,4799.42,4803.58"
2026-04-14 22:25:00+07:00,"4803.61,4805.08,4800.73,4802.47"
2026-04-14 22:30:00+07:00,"4802.47,4810.43,4802.46,4807.26"
2026-04-14 22:35:00+07:00,"4807.26,4813.8,4807.26,4812.13"
2026-04-14 22:40:00+07:00,"4811.89,4812.16,4806.97,4809.34"
2026-04-14 22:45:00+07:00,"4809.41,4811.59,4807.27,4808.66"
2026-04-14 22:50:00+07:00,"4808.65,4816.68,4808.05,4810.21"
2026-04-14 22:55:00+07:00,"4810.12,4811.29,4806.48,4808.3"
2026-04-14 23:00:00+07:00,"4808.33,4813.2,4804.95,4811.77"
2026-04-14 23:05:00+07:00,"4811.79,4814.67,4808.79,4810.94"
2026-04-14 23:10:00+07:00,"4810.95,4811.23,4807.29,4809.41"
2026-04-14 23:15:00+07:00,"4809.42,4817.02,4807.14,4816.04"
2026-04-14 23:20:00+07:00,"4816.05,4817.47,4810.23,4816.81"
2026-04-14 23:25:00+07:00,"4816.86,4819.47,4815.27,4816.34"
2026-04-14 23:30:00+07:00,"4816.37,4820.48,4814.9,4815.71"
2026-04-14 23:35:00+07:00,"4815.64,4817.05,4813.48,4816.16"
2026-04-14 23:40:00+07:00,"4816.23,4817.88,4814.24,4815.17"
2026-04-14 23:45:00+07:00,"4815.18,4815.5,4810.94,4814.9"
2026-04-14 23:50:00+07:00,"4814.91,4819.62,4812.59,4813.59"
2026-04-14 23:55:00+07:00,"4813.61,4813.98,4809.08,4810.01"
2026-04-15 00:00:00+07:00,"4810.02,4818.58,4809.3,4815.3"
2026-04-15 00:05:00+07:00,"4815.29,4833.09,4815.1,4829.36"
2026-04-15 00:10:00+07:00,"4829.37,4834.12,4826.96,4827.02"
2026-04-15 00:15:00+07:00,"4827.05,4828.29,4825.22,4827.58"
2026-04-15 00:20:00+07:00,"4827.59,4831.34,4826.3,4831.03"
2026-04-15 00:25:00+07:00,"4831.04,4832.01,4824.7,4825.78"
2026-04-15 00:30:00+07:00,"4825.77,4834.25,4825.14,4831.77"
2026-04-15 00:35:00+07:00,"4831.62,4839.94,4830.59,4838.01"
2026-04-15 00:40:00+07:00,"4838.03,4842.17,4836.71,4837.36"
2026-04-15 00:45:00+07:00,"4837.33,4839.43,4835.98,4838.18"
2026-04-15 00:50:00+07:00,"4838.17,4839.91,4836.1,4836.59"
2026-04-15 00:55:00+07:00,"4836.6,4837.57,4834.39,4835.2"
2026-04-15 01:00:00+07:00,"4835.18,4837.52,4834.47,4837.26"
2026-04-15 01:05:00+07:00,"4837.24,4843.21,4836.18,4842.88"
2026-04-15 01:10:00+07:00,"4842.93,4843.61,4835.92,4838.93"
2026-04-15 01:15:00+07:00,"4838.92,4840.12,4835.01,4835.88"
2026-04-15 01:20:00+07:00,"4835.87,4837.29,4833.22,4835.44"
2026-04-15 01:25:00+07:00,"4835.47,4839.92,4834.38,4838"
2026-04-15 01:30:00+07:00,"4837.97,4838.77,4836.17,4836.72"
2026-04-15 01:35:00+07:00,"4836.73,4839.29,4836.72,4837.69"
2026-04-15 01:40:00+07:00,"4837.68,4838.53,4833.99,4834.64"
2026-04-15 01:45:00+07:00,"4834.53,4835.81,4832.92,4833.56"
2026-04-15 01:50:00+07:00,"4833.57,4834.56,4830.91,4834.04"
2026-04-15 01:55:00+07:00,"4834.07,4836.63,4834.07,4835.63"
2026-04-15 02:00:00+07:00,"4835.73,4841.69,4835.67,4841.19"
2026-04-15 02:05:00+07:00,"4841.1,4841.72,4839.49,4841.71"
2026-04-15 02:10:00+07:00,"4841.73,4842.73,4840.69,4840.97"
2026-04-15 02:15:00+07:00,"4840.99,4842.48,4838.62,4839.58"
2026-04-15 02:20:00+07:00,"4839.56,4842.1,4839.42,4839.92"
2026-04-15 02:25:00+07:00,"4839.91,4841.31,4838.37,4840.86"
2026-04-15 02:30:00+07:00,"4840.91,4843.86,4839.35,4839.97"
2026-04-15 02:35:00+07:00,"4839.96,4842.58,4838.53,4842.13"
2026-04-15 02:40:00+07:00,"4842.15,4842.86,4840.12,4841.02"
2026-04-15 02:45:00+07:00,"4841.11,4843.31,4839.91,4843.1"
2026-04-15 02:50:00+07:00,"4843.16,4844.39,4841.02,4841.14"
2026-04-15 02:55:00+07:00,"4841.16,4846.34,4841,4844.97"
2026-04-15 03:00:00+07:00,"4844.77,4846.37,4842.4,4843.37"
2026-04-15 03:05:00+07:00,"4843.39,4844.64,4841.92,4843.86"
2026-04-15 03:10:00+07:00,"4843.85,4844.07,4841.79,4842.92"
2026-04-15 03:15:00+07:00,"4843.01,4843.48,4839.34,4841.09"
2026-04-15 03:20:00+07:00,"4841.1,4841.86,4839.51,4841.41"
2026-04-15 03:25:00+07:00,"4841.38,4841.46,4839.51,4840.59"
2026-04-15 03:30:00+07:00,"4840.58,4841.36,4839.87,4840.02"
2026-04-15 03:35:00+07:00,"4840.34,4841.4,4839.88,4839.89"
2026-04-15 03:40:00+07:00,"4839.88,4843.25,4839.68,4842.33"
2026-04-15 03:45:00+07:00,"4842.19,4843.58,4841,4841.46"
2026-04-15 03:50:00+07:00,"4841.44,4842.3,4840.02,4841.91"
2026-04-15 03:55:00+07:00,"4841.9,4842.28,4840.13,4840.73"
2026-04-15 05:00:00+07:00,"4838.96,4850.92,4837.61,4849.03"
2026-04-15 05:05:00+07:00,"4849.83,4850.86,4845.64,4847.73"
2026-04-15 05:10:00+07:00,"4847.7,4848.01,4842.21,4844.82"
2026-04-15 05:15:00+07:00,"4844.81,4847.06,4837.07,4837.07"
2026-04-15 05:20:00+07:00,"4837.05,4842.95,4835.61,4842.68"
2026-04-15 05:25:00+07:00,"4842.64,4843.32,4839.71,4839.83"
2026-04-15 05:30:00+07:00,"4839.87,4843.69,4837.11,4838.57"
2026-04-15 05:35:00+07:00,"4838.44,4841.3,4838.14,4839.81"
2026-04-15 05:40:00+07:00,"4839.83,4841.77,4838.96,4840.02"
2026-04-15 05:45:00+07:00,"4840.01,4840.46,4837.55,4837.69"
2026-04-15 05:50:00+07:00,"4837.68,4838.97,4834.82,4836.39"
2026-04-15 05:55:00+07:00,"4836.4,4836.79,4833.17,4834.9"
2026-04-15 06:00:00+07:00,"4835.07,4838.61,4833.47,4837.4"
2026-04-15 06:05:00+07:00,"4837.4,4844.12,4837.18,4839.62"
2026-04-15 06:10:00+07:00,"4839.6,4840.2,4835.76,4837.27"
2026-04-15 06:15:00+07:00,"4837.26,4839.55,4835,4838.18"
2026-04-15 06:20:00+07:00,"4838.16,4839.23,4836.55,4838.46"
2026-04-15 06:25:00+07:00,"4838.47,4838.72,4834.82,4836.17"
2026-04-15 06:30:00+07:00,"4836.15,4842.03,4835.22,4841.22"
2026-04-15 06:35:00+07:00,"4841.24,4843.07,4838.47,4842.53"
2026-04-15 06:40:00+07:00,"4842.52,4842.58,4837.73,4842.51"
2026-04-15 06:45:00+07:00,"4842.55,4844.31,4841.16,4841.71"
2026-04-15 06:50:00+07:00,"4841.69,4842.19,4837.93,4838.97"
2026-04-15 06:55:00+07:00,"4838.92,4840.1,4836.24,4837.11"
2026-04-15 07:00:00+07:00,"4837.1,4839.27,4832.69,4838.34"
2026-04-15 07:05:00+07:00,"4838.39,4840.38,4834.03,4834.77"
2026-04-15 07:10:00+07:00,"4834.74,4835.62,4831.5,4833.84"
2026-04-15 07:15:00+07:00,"4833.81,4833.92,4828.75,4833.07"
2026-04-15 07:20:00+07:00,"4833.01,4836.36,4832.5,4835.85"
2026-04-15 07:25:00+07:00,"4835.83,4836.69,4828.72,4833.73"
2026-04-15 07:30:00+07:00,"4833.73,4833.81,4828.36,4830.77"
2026-04-15 07:35:00+07:00,"4830.77,4831.37,4827.14,4829.34"
2026-04-15 07:40:00+07:00,"4829.36,4830.47,4828.16,4830.23"
2026-04-15 07:45:00+07:00,"4830.12,4832.44,4829.24,4830.1"
2026-04-15 07:50:00+07:00,"4830.12,4831.91,4829.11,4831.04"
2026-04-15 07:55:00+07:00,"4831.1,4837.68,4830.86,4835.52"
2026-04-15 08:00:00+07:00,"4835.42,4838.09,4828.1,4834.24"
2026-04-15 08:05:00+07:00,"4834.25,4840.87,4831.39,4840.56"
2026-04-15 08:10:00+07:00,"4840.67,4853.6,4839.33,4850.4"
2026-04-15 08:15:00+07:00,"4850.34,4871.52,4847.73,4864.5"
2026-04-15 08:20:00+07:00,"4864.39,4865.75,4842.06,4843.41"
2026-04-15 08:25:00+07:00,"4843.46,4854.49,4843.46,4851.08"
2026-04-15 08:30:00+07:00,"4851.07,4851.11,4845.19,4848.27"
2026-04-15 08:35:00+07:00,"4848.28,4849.38,4843.81,4845.7"
2026-04-15 08:40:00+07:00,"4845.74,4851.69,4842.35,4843.77"
2026-04-15 08:45:00+07:00,"4843.79,4846.46,4839.68,4844.37"
2026-04-15 08:50:00+07:00,"4844.34,4848.17,4843.57,4844.7"
2026-04-15 08:55:00+07:00,"4844.71,4849.13,4842.83,4847.05"
2026-04-15 09:00:00+07:00,"4847.05,4849.41,4842.85,4848.12"
2026-04-15 09:05:00+07:00,"4847.91,4853.45,4845.02,4851.03"
2026-04-15 09:10:00+07:00,"4850.97,4851.43,4842.95,4845.18"
2026-04-15 09:15:00+07:00,"4845.18,4846.24,4838.95,4842.67"
2026-04-15 09:20:00+07:00,"4842.77,4843.47,4832.97,4837.22"
2026-04-15 09:25:00+07:00,"4837.21,4837.39,4829.77,4834.78"
2026-04-15 09:30:00+07:00,"4834.78,4835.65,4823.91,4827.28"
2026-04-15 09:35:00+07:00,"4827.31,4829.95,4821.47,4829.36"
2026-04-15 09:40:00+07:00,"4829.36,4830.87,4825.32,4828.25"
2026-04-15 09:45:00+07:00,"4828.22,4830.54,4825.13,4827.46"
2026-04-15 09:50:00+07:00,"4827.68,4830.1,4822.23,4824.13"
2026-04-15 09:55:00+07:00,"4824.14,4826.15,4820.4,4824.02"
2026-04-15 10:00:00+07:00,"4824,4825.19,4816.29,4817.42"
2026-04-15 10:05:00+07:00,"4817.42,4821.14,4816.57,4819.02"
2026-04-15 10:10:00+07:00,"4819.09,4823.24,4818.21,4820.8"
2026-04-15 10:15:00+07:00,"4820.88,4826.57,4820.41,4825.88"
2026-04-15 10:20:00+07:00,"4825.88,4826.09,4822.17,4822.7"
2026-04-15 10:25:00+07:00,"4822.69,4828.1,4822.48,4826.48"
2026-04-15 10:30:00+07:00,"4826.41,4828.59,4825.94,4826.21"
2026-04-15 10:35:00+07:00,"4826.05,4828.89,4825.88,4827.94"
2026-04-15 10:40:00+07:00,"4827.92,4828.82,4825.37,4828.54"
2026-04-15 10:45:00+07:00,"4828.52,4829.78,4825.99,4826.78"
2026-04-15 10:50:00+07:00,"4826.76,4828.86,4825.9,4826.64"
2026-04-15 10:55:00+07:00,"4826.63,4828.19,4823.79,4823.91"
2026-04-15 11:00:00+07:00,"4824.04,4824.04,4820.23,4821.33"
2026-04-15 11:05:00+07:00,"4821.17,4823.94,4820.37,4823.38"
2026-04-15 11:10:00+07:00,"4823.36,4826.64,4823.36,4825.58"
2026-04-15 11:15:00+07:00,"4825.53,4826.83,4822.53,4823.12"
2026-04-15 11:20:00+07:00,"4823.07,4824.84,4821.18,4824.1"
2026-04-15 11:25:00+07:00,"4824.12,4825.68,4822.69,4824.58"
2026-04-15 11:30:00+07:00,"4824.57,4827.11,4824.19,4826.97"
2026-04-15 11:35:00+07:00,"4826.86,4828.04,4824.23,4825.72"
2026-04-15 11:40:00+07:00,"4825.67,4825.78,4823.19,4823.45"
2026-04-15 11:45:00+07:00,"4823.39,4825.91,4821.4,4825.91"
2026-04-15 11:50:00+07:00,"4825.89,4826.03,4824.07,4825.2"
2026-04-15 11:55:00+07:00,"4825.2,4826.27,4823.64,4825.08"
2026-04-15 12:00:00+07:00,"4825.09,4828.71,4824.01,4824.88"
2026-04-15 12:05:00+07:00,"4824.86,4827.75,4822.47,4825.33"
2026-04-15 12:10:00+07:00,"4825.44,4828.08,4824.68,4826.86"
2026-04-15 12:15:00+07:00,"4826.85,4830.6,4826.21,4830.01"
2026-04-15 12:20:00+07:00,"4830.01,4830.02,4824.41,4825.33"
2026-04-15 12:25:00+07:00,"4825.13,4828.8,4824.46,4826.43"
2026-04-15 12:30:00+07:00,"4826.38,4828.03,4822.16,4827.1"
2026-04-15 12:35:00+07:00,"4826.95,4827.05,4813.29,4819.98"
2026-04-15 12:40:00+07:00,"4820.03,4821.39,4812.36,4816.95"
2026-04-15 12:45:00+07:00,"4816.96,4819.8,4814.19,4817.44"
2026-04-15 12:50:00+07:00,"4817.45,4822.2,4815.22,4821.41"
2026-04-15 12:55:00+07:00,"4821.37,4823.65,4819.35,4819.64"
2026-04-15 13:00:00+07:00,"4819.65,4825.12,4819.39,4821.24"
2026-04-15 13:05:00+07:00,"4821.25,4821.53,4816.52,4817.68"
2026-04-15 13:10:00+07:00,"4817.74,4820.91,4816.55,4819.09"
2026-04-15 13:15:00+07:00,"4819.12,4819.84,4815.98,4816.59"
2026-04-15 13:20:00+07:00,"4816.55,4817.55,4813.5,4814.93"
2026-04-15 13:25:00+07:00,"4814.96,4817.17,4813.62,4814.69"
2026-04-15 13:30:00+07:00,"4814.65,4817.52,4811.14,4814.01"
2026-04-15 13:35:00+07:00,"4813.96,4817.95,4812.16,4815.88"
2026-04-15 13:40:00+07:00,"4815.97,4816.53,4813.54,4816"
2026-04-15 13:45:00+07:00,"4815.98,4822.32,4815.22,4820.25"
2026-04-15 13:50:00+07:00,"4820.24,4820.5,4813.45,4814.79"
2026-04-15 13:55:00+07:00,"4814.8,4815,4811.08,4811.55"
2026-04-15 14:00:00+07:00,"4811.54,4813.77,4803.66,4808.95"
2026-04-15 14:05:00+07:00,"4808.96,4812.36,4806.49,4809.28"
2026-04-15 14:10:00+07:00,"4809.29,4816.96,4808.21,4815.73"
2026-04-15 14:15:00+07:00,"4815.71,4816.18,4809.82,4812.41"
2026-04-15 14:20:00+07:00,"4812.42,4814.25,4809.79,4810.06"
2026-04-15 14:25:00+07:00,"4810.07,4812.94,4805.58,4812.8"
2026-04-15 14:30:00+07:00,"4812.91,4814.7,4808.64,4811.64"
2026-04-15 14:35:00+07:00,"4811.65,4816.19,4811.64,4813.3"
2026-04-15 14:40:00+07:00,"4813.31,4814.47,4809.12,4810.43"
2026-04-15 14:45:00+07:00,"4810.33,4810.46,4805.83,4807.95"
2026-04-15 14:50:00+07:00,"4807.92,4810.76,4806.85,4810.24"
2026-04-15 14:55:00+07:00,"4810.17,4812.93,4808.82,4811.24"
2026-04-15 15:00:00+07:00,"4811.23,4811.86,4806.55,4811.49"
2026-04-15 15:05:00+07:00,"4811.5,4812.83,4807.95,4808.53"
2026-04-15 15:10:00+07:00,"4808.52,4812.2,4804.46,4811.63"
2026-04-15 15:15:00+07:00,"4811.81,4813.26,4810.4,4811.94"
2026-04-15 15:20:00+07:00,"4811.93,4812.24,4808.11,4810.29"
2026-04-15 15:25:00+07:00,"4810.3,4814.64,4805.99,4809.86"
2026-04-15 15:30:00+07:00,"4809.85,4812.1,4805.36,4809.81"
2026-04-15 15:35:00+07:00,"4809.83,4811.59,4807.29,4809.83"
2026-04-15 15:40:00+07:00,"4809.84,4813.21,4808.78,4810.51"
2026-04-15 15:45:00+07:00,"4810.39,4812.38,4809.77,4811.71"
2026-04-15 15:50:00+07:00,"4811.7,4815.33,4810.78,4814.6"
2026-04-15 15:55:00+07:00,"4814.63,4822.1,4814.12,4818.54"
2026-04-15 16:00:00+07:00,"4818.55,4819.85,4812.3,4815.21"
2026-04-15 16:05:00+07:00,"4815.14,4815.3,4805.11,4806.13"
2026-04-15 16:10:00+07:00,"4806.24,4809.53,4792.37,4804.94"
2026-04-15 16:15:00+07:00,"4804.96,4806.61,4801.45,4806.31"
2026-04-15 16:20:00+07:00,"4806.32,4807.6,4803.13,4804.38"
2026-04-15 16:25:00+07:00,"4804.39,4804.56,4797.27,4797.39"
2026-04-15 16:30:00+07:00,"4797.32,4804.02,4796.75,4798.47"
2026-04-15 16:35:00+07:00,"4798.41,4800.94,4795.26,4796.59"
2026-04-15 16:40:00+07:00,"4796.58,4800.49,4796.09,4796.14"
2026-04-15 16:45:00+07:00,"4796.12,4796.6,4785.66,4795.25"
2026-04-15 16:50:00+07:00,"4795.24,4798.77,4792.36,4798.47"
2026-04-15 16:55:00+07:00,"4798.46,4800.56,4794.33,4798.31"
2026-04-15 17:00:00+07:00,"4798.15,4799.06,4795.41,4795.75"
2026-04-15 17:05:00+07:00,"4795.7,4802.61,4795.56,4801.64"
2026-04-15 17:10:00+07:00,"4801.77,4803.38,4800.65,4801.33"
2026-04-15 17:15:00+07:00,"4801.33,4801.43,4793.43,4794.96"
2026-04-15 17:20:00+07:00,"4794.95,4798.34,4792.21,4794.36"
2026-04-15 17:25:00+07:00,"4794.38,4795.55,4790.14,4795.1"
2026-04-15 17:30:00+07:00,"4795.11,4799.15,4793.11,4794.48"
2026-04-15 17:35:00+07:00,"4794.37,4796.86,4793.39,4796.11"
2026-04-15 17:40:00+07:00,"4796.12,4801.05,4795.4,4800.14"
2026-04-15 17:45:00+07:00,"4800.26,4805.38,4799.41,4801.1"
2026-04-15 17:50:00+07:00,"4801.09,4804.58,4800.22,4803.32"
2026-04-15 17:55:00+07:00,"4803.31,4804.19,4799.83,4800.15"
2026-04-15 18:00:00+07:00,"4800.2,4800.21,4795.4,4798.23"
2026-04-15 18:05:00+07:00,"4798.22,4801.17,4798.09,4799.18"
2026-04-15 18:10:00+07:00,"4799.01,4804.53,4798.97,4802.52"
2026-04-15 18:15:00+07:00,"4802.41,4804.59,4799.69,4804.25"
2026-04-15 18:20:00+07:00,"4804.28,4806.8,4803.4,4806.3"
2026-04-15 18:25:00+07:00,"4806.41,4807.23,4804.78,4805.05"
2026-04-15 18:30:00+07:00,"4805.06,4808.78,4802.6,4803.24"
2026-04-15 18:35:00+07:00,"4803.26,4806.51,4802.95,4804.1"
2026-04-15 18:40:00+07:00,"4804.08,4806.31,4802.68,4805.93"
2026-04-15 18:45:00+07:00,"4806.05,4812.07,4804.08,4809.25"
2026-04-15 18:50:00+07:00,"4809.26,4814.3,4808.79,4814.16"
2026-04-15 18:55:00+07:00,"4814.17,4815.18,4810.4,4812.58"
2026-04-15 19:00:00+07:00,"4812.6,4814.37,4807.53,4809.53"
2026-04-15 19:05:00+07:00,"4809.41,4813.38,4806.89,4813.08"
2026-04-15 19:10:00+07:00,"4813.09,4814.19,4810.54,4814.05"
2026-04-15 19:15:00+07:00,"4814.12,4816.3,4812.62,4814.18"
2026-04-15 19:20:00+07:00,"4814.18,4814.52,4809.87,4813.16"
2026-04-15 19:25:00+07:00,"4813.16,4815.29,4810.54,4812.81"
2026-04-15 19:30:00+07:00,"4812.44,4816.17,4811.15,4813.46"
2026-04-15 19:35:00+07:00,"4813.47,4814.7,4810.46,4813.29"
2026-04-15 19:40:00+07:00,"4813.25,4814.55,4810.3,4811.64"
2026-04-15 19:45:00+07:00,"4811.64,4812.55,4808.3,4811.02"
2026-04-15 19:50:00+07:00,"4811,4813.97,4809.94,4812.75"
2026-04-15 19:55:00+07:00,"4812.76,4815.66,4810.93,4811.76"
2026-04-15 20:00:00+07:00,"4811.74,4816.41,4808.34,4811.98"
2026-04-15 20:05:00+07:00,"4811.97,4816.21,4809.89,4814.2"
2026-04-15 20:10:00+07:00,"4814.18,4815.33,4811.19,4814.02"
2026-04-15 20:15:00+07:00,"4814.06,4814.84,4810.03,4813.63"
2026-04-15 20:20:00+07:00,"4813.61,4819.81,4812.71,4816.99"
2026-04-15 20:25:00+07:00,"4817,4822.19,4817,4821.89"
2026-04-15 20:30:00+07:00,"4821.88,4822.39,4816.26,4818.9"
2026-04-15 20:35:00+07:00,"4818.9,4825.54,4815.68,4823.64"
2026-04-15 20:40:00+07:00,"4823.65,4825.24,4817.69,4820.41"
2026-04-15 20:45:00+07:00,"4820.46,4826.04,4819.75,4825.49"
2026-04-15 20:50:00+07:00,"4825.5,4827.65,4821.81,4825.62"
2026-04-15 20:55:00+07:00,"4825.64,4830.26,4824.16,4828.86"
2026-04-15 21:00:00+07:00,"4828.81,4829.91,4818.51,4826.11"
2026-04-15 21:05:00+07:00,"4826.12,4827.68,4824.13,4824.73"
2026-04-15 21:10:00+07:00,"4824.75,4829.13,4824.16,4828.86"
2026-04-15 21:15:00+07:00,"4828.84,4830.79,4824.3,4824.81"
2026-04-15 21:20:00+07:00,"4824.56,4827.58,4822.96,4825.83"
2026-04-15 21:25:00+07:00,"4825.84,4827.41,4822.15,4825.31"
2026-04-15 21:30:00+07:00,"4825.32,4825.85,4817.27,4819.07"
2026-04-15 21:35:00+07:00,"4819.08,4822.21,4815.48,4816.38"
2026-04-15 21:40:00+07:00,"4816.39,4821.54,4816.39,4819.38"
2026-04-15 21:45:00+07:00,"4819.39,4819.57,4815.4,4816.3"
2026-04-15 21:50:00+07:00,"4816.41,4819.05,4813.36,4814.73"
2026-04-15 21:55:00+07:00,"4814.75,4818.56,4814.43,4815.72"
2026-04-15 22:00:00+07:00,"4815.71,4816.33,4809.67,4810.21"
2026-04-15 22:05:00+07:00,"4810.33,4810.91,4800.07,4807.09"
2026-04-15 22:10:00+07:00,"4807.08,4812.74,4804.62,4810.16"
2026-04-15 22:15:00+07:00,"4810.15,4810.89,4803.66,4809.18"
2026-04-15 22:20:00+07:00,"4809.15,4809.73,4802.62,4805.21"
2026-04-15 22:25:00+07:00,"4805.2,4806.47,4797.21,4798.21"
2026-04-15 22:30:00+07:00,"4798.2,4800.05,4786.69,4795.35"
2026-04-15 22:35:00+07:00,"4795.38,4804.35,4795.25,4801.05"
2026-04-15 22:40:00+07:00,"4801.02,4806.59,4800.92,4803.53"
2026-04-15 22:45:00+07:00,"4803.35,4807.59,4802.26,4802.69"
2026-04-15 22:50:00+07:00,"4802.71,4806.62,4802.65,4805.18"
2026-04-15 22:55:00+07:00,"4805.17,4805.78,4799.28,4801.67"
2026-04-15 23:00:00+07:00,"4801.68,4807.75,4800.2,4804.39"
2026-04-15 23:05:00+07:00,"4804.38,4808.28,4803.45,4807.17"
2026-04-15 23:10:00+07:00,"4807.18,4810.49,4806.04,4808.36"
2026-04-15 23:15:00+07:00,"4808.35,4810.73,4805.11,4806.96"
2026-04-15 23:20:00+07:00,"4806.98,4810.66,4806.81,4807.96"
2026-04-15 23:25:00+07:00,"4807.98,4812.86,4807.18,4811.33"
2026-04-15 23:30:00+07:00,"4811.4,4811.94,4807.53,4809.67"
2026-04-15 23:35:00+07:00,"4809.57,4811.95,4806.44,4807.01"
2026-04-15 23:40:00+07:00,"4807.01,4809.58,4802.78,4804.47"
2026-04-15 23:45:00+07:00,"4804.52,4807.28,4803.07,4805.65"
2026-04-15 23:50:00+07:00,"4805.66,4807.44,4800.14,4801.81"
2026-04-15 23:55:00+07:00,"4801.83,4805.96,4801.44,4803.81"
2026-04-16 00:00:00+07:00,"4803.83,4805.14,4800.63,4800.75"
2026-04-16 00:05:00+07:00,"4800.76,4803,4799.49,4802.67"
2026-04-16 00:10:00+07:00,"4802.66,4803.26,4797.87,4798.1"
2026-04-16 00:15:00+07:00,"4798.23,4802.68,4798.12,4801.31"
2026-04-16 00:20:00+07:00,"4801.3,4807.33,4801.17,4806.24"
2026-04-16 00:25:00+07:00,"4806.25,4808.76,4800.06,4801.89"
2026-04-16 00:30:00+07:00,"4801.89,4802.8,4797.23,4800.54"
2026-04-16 00:35:00+07:00,"4800.53,4802.41,4797.05,4797.05"
2026-04-16 00:40:00+07:00,"4797.04,4797.91,4792.03,4793.58"
2026-04-16 00:45:00+07:00,"4793.59,4795.92,4793.28,4794.96"
2026-04-16 00:50:00+07:00,"4794.91,4795.41,4790.81,4793.3"
2026-04-16 00:55:00+07:00,"4793.31,4795.75,4791.65,4792.6"
2026-04-16 01:00:00+07:00,"4792.61,4801.26,4789.93,4796.14"
2026-04-16 01:05:00+07:00,"4796.13,4798.41,4792.12,4793.87"
2026-04-16 01:10:00+07:00,"4793.86,4797.53,4792.37,4796.97"
2026-04-16 01:15:00+07:00,"4796.98,4798.84,4794.5,4795.47"
2026-04-16 01:20:00+07:00,"4795.49,4796.78,4793.97,4794.51"
2026-04-16 01:25:00+07:00,"4794.54,4795.33,4792.84,4794.76"
2026-04-16 01:30:00+07:00,"4794.78,4798.56,4794.78,4797.9"
2026-04-16 01:35:00+07:00,"4797.92,4797.93,4795.05,4796.82"
2026-04-16 01:40:00+07:00,"4796.81,4797.18,4794.5,4797.08"
2026-04-16 01:45:00+07:00,"4797.07,4799.25,4796.88,4798.77"
2026-04-16 01:50:00+07:00,"4798.8,4802.23,4796.69,4797.36"
2026-04-16 01:55:00+07:00,"4797.37,4802.94,4796.87,4799.6"
2026-04-16 02:00:00+07:00,"4799.65,4801.67,4797.92,4801.37"
2026-04-16 02:05:00+07:00,"4801.38,4803.59,4799.64,4802.21"
2026-04-16 02:10:00+07:00,"4802.22,4803.25,4798.64,4798.73"
2026-04-16 02:15:00+07:00,"4798.74,4801.48,4797.76,4801.4"
2026-04-16 02:20:00+07:00,"4801.42,4802.64,4799.97,4801.43"
2026-04-16 02:25:00+07:00,"4801.42,4803.31,4801.05,4803.1"
2026-04-16 02:30:00+07:00,"4803.06,4803.07,4800.77,4801.46"
2026-04-16 02:35:00+07:00,"4801.41,4801.78,4798.21,4798.37"
2026-04-16 02:40:00+07:00,"4798.36,4799.06,4795.28,4797.13"
2026-04-16 02:45:00+07:00,"4797.18,4799.77,4796.28,4799.15"
2026-04-16 02:50:00+07:00,"4799.26,4801.7,4797.79,4798.95"
2026-04-16 02:55:00+07:00,"4798.93,4800.15,4794.44,4795.82"
2026-04-16 03:00:00+07:00,"4795.71,4796.76,4793.3,4793.89"
2026-04-16 03:05:00+07:00,"4793.9,4795.15,4792.5,4793.96"
2026-04-16 03:10:00+07:00,"4793.94,4795.42,4792.53,4793.61"
2026-04-16 03:15:00+07:00,"4793.6,4794.73,4793.11,4794.38"
2026-04-16 03:20:00+07:00,"4794.4,4796.16,4793.88,4794.04"
2026-04-16 03:25:00+07:00,"4794.06,4794.95,4793.46,4794.04"
2026-04-16 03:30:00+07:00,"4794.03,4794.03,4790.69,4792.29"
2026-04-16 03:35:00+07:00,"4791.97,4792.34,4789.94,4791.23"
2026-04-16 03:40:00+07:00,"4791.21,4791.77,4790.26,4790.58"
2026-04-16 03:45:00+07:00,"4790.57,4793.3,4787.96,4789.93"
2026-04-16 03:50:00+07:00,"4789.91,4790.69,4787.6,4788.48"
2026-04-16 03:55:00+07:00,"4788.15,4791.47,4787.72,4790.68"
2026-04-16 05:00:00+07:00,"4789.79,4799.72,4789.79,4798.19"
2026-04-16 05:05:00+07:00,"4798.18,4799.13,4794.55,4795.92"
2026-04-16 05:10:00+07:00,"4795.89,4796,4790.44,4792.18"
2026-04-16 05:15:00+07:00,"4792.17,4798.45,4791.63,4796.98"
2026-04-16 05:20:00+07:00,"4796.97,4802.29,4796.34,4800.52"
2026-04-16 05:25:00+07:00,"4800.53,4801.44,4798.28,4801.44"
2026-04-16 05:30:00+07:00,"4801.46,4803.58,4800.44,4800.74"
2026-04-16 05:35:00+07:00,"4800.75,4802.45,4798.82,4802.25"
2026-04-16 05:40:00+07:00,"4802.21,4802.27,4800.29,4801.61"
2026-04-16 05:45:00+07:00,"4801.62,4805.67,4801.25,4803.87"
2026-04-16 05:50:00+07:00,"4803.83,4811.26,4803.25,4810.58"
2026-04-16 05:55:00+07:00,"4810.57,4812.11,4807.26,4807.26"
2026-04-16 06:00:00+07:00,"4807.45,4810.24,4807.39,4809.63"
2026-04-16 06:05:00+07:00,"4809.61,4811.11,4808.14,4810.13"
2026-04-16 06:10:00+07:00,"4810.12,4813.41,4808.92,4812.56"
2026-04-16 06:15:00+07:00,"4812.63,4814.15,4812.22,4812.64"
2026-04-16 06:20:00+07:00,"4812.65,4815.78,4812.57,4815.32"
2026-04-16 06:25:00+07:00,"4815.31,4815.85,4814.04,4815.01"
2026-04-16 06:30:00+07:00,"4815.02,4821.11,4814.49,4820.17"
2026-04-16 06:35:00+07:00,"4820.16,4822.92,4819.54,4821.5"
2026-04-16 06:40:00+07:00,"4821.47,4824.36,4820.97,4823.28"
2026-04-16 06:45:00+07:00,"4823.12,4826.69,4822.99,4824.79"
2026-04-16 06:50:00+07:00,"4824.78,4826.82,4823.3,4823.4"
2026-04-16 06:55:00+07:00,"4823.4,4824.3,4822.03,4823.46"
2026-04-16 07:00:00+07:00,"4823.21,4831.38,4823.13,4828.84"
2026-04-16 07:05:00+07:00,"4828.79,4831.44,4828.77,4830.57"
2026-04-16 07:10:00+07:00,"4830.58,4831.27,4829.15,4829.75"
2026-04-16 07:15:00+07:00,"4829.74,4831.28,4828.47,4829.8"
2026-04-16 07:20:00+07:00,"4829.8,4830.11,4824.62,4827.28"
2026-04-16 07:25:00+07:00,"4827.33,4829.09,4821.39,4824.94"
2026-04-16 07:30:00+07:00,"4824.93,4827.4,4820.04,4822.43"
2026-04-16 07:35:00+07:00,"4822.43,4829.51,4821.01,4827.85"
2026-04-16 07:40:00+07:00,"4827.84,4837.79,4827.69,4832.65"
2026-04-16 07:45:00+07:00,"4832.67,4836.27,4830.75,4835.73"
2026-04-16 07:50:00+07:00,"4835.79,4837.49,4832.75,4833.42"
2026-04-16 07:55:00+07:00,"4833.47,4834.99,4831.54,4833.09"
2026-04-16 08:00:00+07:00,"4833.1,4836.4,4828.94,4829.34"
2026-04-16 08:05:00+07:00,"4829.29,4831.92,4828.47,4830.69"
2026-04-16 08:10:00+07:00,"4830.63,4832.49,4829.47,4829.76"
2026-04-16 08:15:00+07:00,"4829.71,4830.56,4824.92,4826.28"
2026-04-16 08:20:00+07:00,"4826.28,4829.19,4825.09,4825.19"
2026-04-16 08:25:00+07:00,"4825.14,4826.59,4822.5,4823.74"
2026-04-16 08:30:00+07:00,"4823.64,4825.66,4821.01,4821.7"
2026-04-16 08:35:00+07:00,"4821.71,4821.89,4812.87,4812.9"
2026-04-16 08:40:00+07:00,"4812.89,4818.53,4811.07,4815.93"
2026-04-16 08:45:00+07:00,"4815.93,4821.28,4815.4,4820.06"
2026-04-16 08:50:00+07:00,"4819.95,4822.2,4818.52,4820.57"
2026-04-16 08:55:00+07:00,"4820.52,4820.54,4817.36,4817.97"
2026-04-16 09:00:00+07:00,"4818,4822.16,4817.21,4821.21"
2026-04-16 09:05:00+07:00,"4821.2,4823.51,4820.15,4822.62"
2026-04-16 09:10:00+07:00,"4822.64,4825.11,4821.21,4821.3"
2026-04-16 09:15:00+07:00,"4821.26,4822.95,4820.06,4822.55"
2026-04-16 09:20:00+07:00,"4822.55,4823.59,4820.77,4822.09"
2026-04-16 09:25:00+07:00,"4822.09,4822.26,4818.81,4819.03"
2026-04-16 09:30:00+07:00,"4819.03,4821.57,4813.91,4814.12"
2026-04-16 09:35:00+07:00,"4814.17,4817.15,4812.35,4817.15"
2026-04-16 09:40:00+07:00,"4817.2,4819.72,4816.51,4817.27"
2026-04-16 09:45:00+07:00,"4817.28,4820.96,4815.32,4817.12"
2026-04-16 09:50:00+07:00,"4817.11,4821.2,4816.8,4818.27"
2026-04-16 09:55:00+07:00,"4818.3,4820.81,4818.3,4819.8"
2026-04-16 10:00:00+07:00,"4819.71,4823.55,4819.08,4822.31"
2026-04-16 10:05:00+07:00,"4822.38,4826.57,4822.2,4825.97"
2026-04-16 10:10:00+07:00,"4825.86,4827.21,4825.3,4826.62"
2026-04-16 10:15:00+07:00,"4826.57,4826.77,4823.23,4823.83"
2026-04-16 10:20:00+07:00,"4823.82,4824.87,4822.63,4824.44"
2026-04-16 10:25:00+07:00,"4824.27,4824.91,4822.62,4823.98"
2026-04-16 10:30:00+07:00,"4823.93,4826.13,4822.73,4823.05"
2026-04-16 10:35:00+07:00,"4823.02,4823.32,4819.08,4819.51"
2026-04-16 10:40:00+07:00,"4819.52,4821.2,4818.91,4820.6"
2026-04-16 10:45:00+07:00,"4820.49,4825.28,4820.47,4824.67"
2026-04-16 10:50:00+07:00,"4824.66,4826.56,4823.87,4826.51"
2026-04-16 10:55:00+07:00,"4826.36,4826.82,4824,4824.21"
2026-04-16 11:00:00+07:00,"4824.1,4825.39,4823.43,4825.07"
2026-04-16 11:05:00+07:00,"4825.09,4826.26,4823.22,4824.33"
2026-04-16 11:10:00+07:00,"4824.35,4827.42,4822.75,4826.91"
2026-04-16 11:15:00+07:00,"4826.9,4830.19,4826.77,4827.26"
2026-04-16 11:20:00+07:00,"4827.25,4828.02,4826.27,4826.76"
2026-04-16 11:25:00+07:00,"4826.73,4828.05,4825.71,4826.45"
2026-04-16 11:30:00+07:00,"4826.43,4827.91,4824.79,4827.68"
2026-04-16 11:35:00+07:00,"4827.67,4831.54,4827.41,4829.59"
2026-04-16 11:40:00+07:00,"4829.58,4831,4829.32,4830.63"
2026-04-16 11:45:00+07:00,"4830.52,4831.29,4829.69,4830.58"
2026-04-16 11:50:00+07:00,"4830.61,4830.95,4829.57,4830.84"
2026-04-16 11:55:00+07:00,"4830.87,4833.62,4830.73,4833.02"
2026-04-16 12:00:00+07:00,"4833.04,4836.68,4832.67,4836.48"
2026-04-16 12:05:00+07:00,"4836.43,4838.58,4833.91,4835.53"
2026-04-16 12:10:00+07:00,"4835.52,4836.64,4833.49,4834.12"
2026-04-16 12:15:00+07:00,"4834.14,4836.28,4834.11,4835.63"
2026-04-16 12:20:00+07:00,"4835.54,4835.67,4832.51,4832.51"
2026-04-16 12:25:00+07:00,"4832.71,4834.15,4831.62,4833.39"
2026-04-16 12:30:00+07:00,"4833.36,4833.96,4826.27,4826.58"
2026-04-16 12:35:00+07:00,"4826.59,4828.51,4825.34,4828.02"
2026-04-16 12:40:00+07:00,"4828.01,4829.74,4824.53,4825.21"
2026-04-16 12:45:00+07:00,"4825.2,4829.01,4824.85,4827.71"
2026-04-16 12:50:00+07:00,"4827.7,4829.59,4823.97,4826.29"
2026-04-16 12:55:00+07:00,"4826.27,4826.3,4820.97,4821.32"
2026-04-16 13:00:00+07:00,"4821.27,4828.13,4821.27,4824.06"
2026-04-16 13:05:00+07:00,"4824.01,4825.99,4822.33,4824.28"
2026-04-16 13:10:00+07:00,"4824.23,4826.68,4822.16,4822.68"
2026-04-16 13:15:00+07:00,"4822.79,4825.44,4820.68,4824.59"
2026-04-16 13:20:00+07:00,"4824.49,4824.81,4817.44,4820.08"
2026-04-16 13:25:00+07:00,"4820.09,4822.98,4814.38,4816.19"
2026-04-16 13:30:00+07:00,"4816.42,4820.71,4814.86,4817.04"
2026-04-16 13:35:00+07:00,"4817,4820.32,4816.72,4819.95"
2026-04-16 13:40:00+07:00,"4819.92,4824.98,4818.23,4824.29"
2026-04-16 13:45:00+07:00,"4824.28,4829.87,4822.32,4828.69"
2026-04-16 13:50:00+07:00,"4828.68,4830.7,4824.85,4828.33"
2026-04-16 13:55:00+07:00,"4828.33,4829.89,4825.94,4826.08"
2026-04-16 14:00:00+07:00,"4826.11,4830.09,4822.88,4828.91"
2026-04-16 14:05:00+07:00,"4828.94,4830.37,4824.78,4830.14"
2026-04-16 14:10:00+07:00,"4830.15,4831.03,4823.22,4825.12"
2026-04-16 14:15:00+07:00,"4825.2,4829.83,4820.53,4821.16"
2026-04-16 14:20:00+07:00,"4821.22,4824.87,4816.77,4824.3"
2026-04-16 14:25:00+07:00,"4824.41,4829.1,4824.14,4828.2"
2026-04-16 14:30:00+07:00,"4828.21,4828.78,4824.08,4827.6"
2026-04-16 14:35:00+07:00,"4827.6,4830.36,4826.69,4829.13"
2026-04-16 14:40:00+07:00,"4829.12,4830.22,4826.27,4827.6"
2026-04-16 14:45:00+07:00,"4827.49,4828.32,4823.01,4824.48"
2026-04-16 14:50:00+07:00,"4824.44,4826.05,4823.01,4824.17"
2026-04-16 14:55:00+07:00,"4824.12,4824.17,4819.1,4820.99"
2026-04-16 15:00:00+07:00,"4821.03,4822.02,4813.05,4814.29"
2026-04-16 15:05:00+07:00,"4814.18,4814.18,4806.39,4810.99"
2026-04-16 15:10:00+07:00,"4811,4814.69,4809.39,4811.84"
2026-04-16 15:15:00+07:00,"4811.85,4814.88,4811.17,4811.33"
2026-04-16 15:20:00+07:00,"4811.36,4813.99,4810.59,4811.26"
2026-04-16 15:25:00+07:00,"4811.27,4812.88,4809.51,4811.55"
2026-04-16 15:30:00+07:00,"4811.54,4811.87,4806.51,4807.99"
2026-04-16 15:35:00+07:00,"4808,4811.24,4807.33,4810.46"
2026-04-16 15:40:00+07:00,"4810.5,4813.66,4808.06,4812.14"
2026-04-16 15:45:00+07:00,"4812.11,4813.74,4810.28,4811.08"
2026-04-16 15:50:00+07:00,"4811.07,4811.71,4808.31,4811.48"
2026-04-16 15:55:00+07:00,"4811.49,4815.03,4809.27,4813.72"
2026-04-16 16:00:00+07:00,"4813.71,4815.6,4811.76,4815.27"
2026-04-16 16:05:00+07:00,"4815.16,4818.19,4815.04,4817.99"
2026-04-16 16:10:00+07:00,"4817.98,4818.23,4815.25,4816.2"
2026-04-16 16:15:00+07:00,"4816.27,4816.35,4813.45,4815.75"
2026-04-16 16:20:00+07:00,"4815.78,4817.09,4815.28,4815.59"
2026-04-16 16:25:00+07:00,"4815.58,4816.51,4811.1,4813.25"
2026-04-16 16:30:00+07:00,"4813.21,4813.38,4806.83,4811.31"
2026-04-16 16:35:00+07:00,"4811.29,4813.31,4809.35,4812.33"
2026-04-16 16:40:00+07:00,"4812.35,4815.1,4810.54,4814.82"
2026-04-16 16:45:00+07:00,"4814.84,4815.56,4812.25,4813.83"
2026-04-16 16:50:00+07:00,"4813.81,4814.48,4810.09,4812.27"
2026-04-16 16:55:00+07:00,"4812.28,4813.55,4810.11,4812.89"
2026-04-16 17:00:00+07:00,"4812.94,4815.72,4810.16,4812.54"
2026-04-16 17:05:00+07:00,"4812.52,4814.42,4811.13,4811.79"
2026-04-16 17:10:00+07:00,"4811.95,4812.06,4806.87,4806.94"
2026-04-16 17:15:00+07:00,"4806.93,4808.54,4805.09,4807.77"
2026-04-16 17:20:00+07:00,"4807.72,4809.63,4807.71,4808.51"
2026-04-16 17:25:00+07:00,"4808.52,4810.38,4806.58,4807.08"
2026-04-16 17:30:00+07:00,"4807.09,4808.59,4805.01,4808.19"
2026-04-16 17:35:00+07:00,"4808.18,4810.52,4807.65,4810.14"
2026-04-16 17:40:00+07:00,"4810.13,4812.39,4808.1,4808.32"
2026-04-16 17:45:00+07:00,"4808.33,4810.2,4806.64,4809.47"
2026-04-16 17:50:00+07:00,"4809.46,4811.25,4808.62,4811.23"
2026-04-16 17:55:00+07:00,"4811.22,4817.45,4811.19,4817.37"
2026-04-16 18:00:00+07:00,"4817.39,4820.35,4816.3,4819.98"
2026-04-16 18:05:00+07:00,"4819.97,4820.7,4816.51,4818.25"
2026-04-16 18:10:00+07:00,"4818.4,4819.79,4816.97,4817.56"
2026-04-16 18:15:00+07:00,"4817.57,4820.09,4816.93,4817.85"
2026-04-16 18:20:00+07:00,"4817.84,4819.36,4816.48,4817.52"
2026-04-16 18:25:00+07:00,"4817.53,4817.75,4815.39,4816.08"
2026-04-16 18:30:00+07:00,"4816.17,4820.06,4816.17,4818.93"
2026-04-16 18:35:00+07:00,"4818.94,4820.04,4817.27,4818.31"
2026-04-16 18:40:00+07:00,"4818.3,4818.32,4815.82,4817.87"
2026-04-16 18:45:00+07:00,"4817.87,4819.17,4815.92,4816.4"
2026-04-16 18:50:00+07:00,"4816.45,4820.17,4816.45,4818.25"
2026-04-16 18:55:00+07:00,"4818.23,4822.61,4816.93,4822.34"
2026-04-16 19:00:00+07:00,"4822.38,4823.28,4819.18,4819.6"
2026-04-16 19:05:00+07:00,"4819.61,4821.23,4815.56,4816.53"
2026-04-16 19:10:00+07:00,"4816.39,4817.5,4811.55,4817.35"
2026-04-16 19:15:00+07:00,"4817.37,4818.72,4815.75,4817.97"
2026-04-16 19:20:00+07:00,"4818.02,4818.78,4814.12,4816.58"
2026-04-16 19:25:00+07:00,"4816.59,4818.3,4813.97,4815.22"
2026-04-16 19:30:00+07:00,"4815.31,4820.39,4811.73,4819.21"
2026-04-16 19:35:00+07:00,"4819.17,4820.81,4813.33,4815.27"
2026-04-16 19:40:00+07:00,"4815.26,4817.15,4813.61,4816.94"
2026-04-16 19:45:00+07:00,"4816.89,4817.91,4813.7,4814.81"
2026-04-16 19:50:00+07:00,"4814.82,4817.68,4814.61,4816.58"
2026-04-16 19:55:00+07:00,"4816.57,4819.19,4816.09,4816.09"
2026-04-16 20:00:00+07:00,"4816.1,4823.11,4816.1,4819.51"
2026-04-16 20:05:00+07:00,"4819.53,4822.14,4814.61,4815.89"
2026-04-16 20:10:00+07:00,"4815.88,4819.16,4813.99,4817.31"
2026-04-16 20:15:00+07:00,"4817.45,4819.97,4816.52,4818.15"
2026-04-16 20:20:00+07:00,"4818.11,4821.38,4815.61,4816.77"
2026-04-16 20:25:00+07:00,"4816.7,4818.99,4815.1,4815.71"
2026-04-16 20:30:00+07:00,"4815.69,4822.23,4812.37,4821.56"
2026-04-16 20:35:00+07:00,"4821.61,4824.23,4817.31,4821.66"
2026-04-16 20:40:00+07:00,"4821.67,4823.95,4813.17,4816.3"
2026-04-16 20:45:00+07:00,"4816.32,4819.71,4808.96,4814.12"
2026-04-16 20:50:00+07:00,"4814,4815.71,4789.98,4794.39"
2026-04-16 20:55:00+07:00,"4794.31,4798.68,4784.01,4794.76"
2026-04-16 21:00:00+07:00,"4794.72,4798.55,4788.1,4792.27"
2026-04-16 21:05:00+07:00,"4792.28,4800.29,4785.11,4799.59"
2026-04-16 21:10:00+07:00,"4799.6,4805.74,4798.8,4801.11"
2026-04-16 21:15:00+07:00,"4801.13,4803.18,4793.8,4794.67"
2026-04-16 21:20:00+07:00,"4794.68,4797.49,4790.9,4795.8"
2026-04-16 21:25:00+07:00,"4795.81,4799.58,4793.6,4799.24"
2026-04-16 21:30:00+07:00,"4799.24,4801.03,4793.62,4796.48"
2026-04-16 21:35:00+07:00,"4796.5,4797.66,4790.03,4790.03"
2026-04-16 21:40:00+07:00,"4790.04,4790.77,4770.96,4787.23"
2026-04-16 21:45:00+07:00,"4787.3,4792.4,4785.33,4791.08"
2026-04-16 21:50:00+07:00,"4791.07,4793.66,4786.96,4791.59"
2026-04-16 21:55:00+07:00,"4791.58,4791.68,4785.46,4788.67"
2026-04-16 22:00:00+07:00,"4788.71,4802.52,4788.16,4800.76"
2026-04-16 22:05:00+07:00,"4800.75,4811.76,4799.12,4808.44"
2026-04-16 22:10:00+07:00,"4808.42,4813.22,4805.67,4806.64"
2026-04-16 22:15:00+07:00,"4806.65,4809.71,4802.66,4803.56"
2026-04-16 22:20:00+07:00,"4803.57,4806.78,4802.95,4804.39"
2026-04-16 22:25:00+07:00,"4804.41,4807.46,4801.41,4801.41"
2026-04-16 22:30:00+07:00,"4801.46,4805.98,4800.01,4801.26"
2026-04-16 22:35:00+07:00,"4801.25,4811.19,4797.84,4806.44"
2026-04-16 22:40:00+07:00,"4806.48,4807.61,4799.82,4802.87"
2026-04-16 22:45:00+07:00,"4802.88,4807.22,4800.84,4803.54"
2026-04-16 22:50:00+07:00,"4803.53,4807.34,4803.31,4805.07"
2026-04-16 22:55:00+07:00,"4805.06,4808.72,4803.75,4806.99"
2026-04-16 23:00:00+07:00,"4807.08,4810.23,4805.93,4808.44"
2026-04-16 23:05:00+07:00,"4808.42,4808.95,4805.85,4806.06"
2026-04-16 23:10:00+07:00,"4806.05,4807.47,4803.29,4805.03"
2026-04-16 23:15:00+07:00,"4805.04,4806,4802.39,4804.25"
2026-04-16 23:20:00+07:00,"4804.24,4804.58,4797.79,4798.51"
2026-04-16 23:25:00+07:00,"4798.5,4800.73,4796.76,4799.37"
2026-04-16 23:30:00+07:00,"4799.35,4800.12,4786.22,4792.47"
2026-04-16 23:35:00+07:00,"4792.46,4797.48,4791.33,4796.38"
2026-04-16 23:40:00+07:00,"4796.39,4796.47,4788.19,4790.24"
2026-04-16 23:45:00+07:00,"4790.23,4790.89,4785.17,4787.85"
2026-04-16 23:50:00+07:00,"4787.86,4793.44,4787.11,4789.97"
2026-04-16 23:55:00+07:00,"4789.96,4793.78,4789.76,4791.97"
2026-04-17 00:00:00+07:00,"4791.98,4795.15,4789.81,4792.24"
2026-04-17 00:05:00+07:00,"4792.27,4795.02,4790.76,4794.49"
2026-04-17 00:10:00+07:00,"4794.5,4795.52,4789.73,4791.51"
2026-04-17 00:15:00+07:00,"4791.51,4792.17,4788.58,4790.74"
2026-04-17 00:20:00+07:00,"4790.82,4793.62,4789.56,4792.83"
2026-04-17 00:25:00+07:00,"4792.83,4794.32,4784.64,4785.23"
2026-04-17 00:30:00+07:00,"4785.5,4789.52,4783.04,4784.18"
2026-04-17 00:35:00+07:00,"4784.17,4786.58,4781.29,4782.32"
2026-04-17 00:40:00+07:00,"4782.34,4787.56,4781.85,4787.06"
2026-04-17 00:45:00+07:00,"4787.05,4789.08,4784.73,4788.8"
2026-04-17 00:50:00+07:00,"4788.78,4789.15,4786.45,4786.97"
2026-04-17 00:55:00+07:00,"4786.96,4792.41,4782.43,4789.38"
2026-04-17 01:00:00+07:00,"4789.22,4794.35,4785.54,4790.62"
2026-04-17 01:05:00+07:00,"4790.63,4793.84,4789.11,4789.89"
2026-04-17 01:10:00+07:00,"4789.79,4790.56,4787.56,4790.25"
2026-04-17 01:15:00+07:00,"4790.24,4791.33,4788.54,4790.21"
2026-04-17 01:20:00+07:00,"4790.22,4793.34,4789.48,4790.37"
2026-04-17 01:25:00+07:00,"4790.39,4791.62,4786.76,4787.19"
2026-04-17 01:30:00+07:00,"4787.2,4790.35,4786.68,4788.85"
2026-04-17 01:35:00+07:00,"4788.84,4790.15,4787.74,4789.59"
2026-04-17 01:40:00+07:00,"4789.55,4791.49,4788.59,4790.5"
2026-04-17 01:45:00+07:00,"4790.38,4791.61,4788.98,4790.25"
2026-04-17 01:50:00+07:00,"4790.26,4792.81,4788.69,4790.36"
2026-04-17 01:55:00+07:00,"4790.37,4790.84,4788.2,4789.8"
2026-04-17 02:00:00+07:00,"4789.78,4795.16,4789.74,4792.69"
2026-04-17 02:05:00+07:00,"4792.66,4794.42,4791.48,4793.56"
2026-04-17 02:10:00+07:00,"4793.57,4793.93,4789.53,4790.21"
2026-04-17 02:15:00+07:00,"4790.2,4793.76,4790.02,4793.07"
2026-04-17 02:20:00+07:00,"4793.08,4794.02,4791.36,4792.77"
2026-04-17 02:25:00+07:00,"4792.78,4792.93,4790.66,4790.91"
2026-04-17 02:30:00+07:00,"4790.93,4793.99,4790.9,4791.96"
2026-04-17 02:35:00+07:00,"4791.97,4793.81,4790.64,4793.58"
2026-04-17 02:40:00+07:00,"4793.6,4798.06,4793.23,4797.82"
2026-04-17 02:45:00+07:00,"4797.78,4798.73,4793.7,4794.03"
2026-04-17 02:50:00+07:00,"4794.04,4795.56,4792.41,4794.83"
2026-04-17 02:55:00+07:00,"4794.84,4796.1,4792.57,4793.54"
2026-04-17 03:00:00+07:00,"4793.68,4794.03,4791.68,4792.23"
2026-04-17 03:05:00+07:00,"4792.22,4792.39,4789.69,4790.93"
2026-04-17 03:10:00+07:00,"4790.94,4791.61,4789.98,4790.25"
2026-04-17 03:15:00+07:00,"4790.24,4791.92,4790.04,4791.29"
2026-04-17 03:20:00+07:00,"4791.28,4791.66,4788.28,4788.85"
2026-04-17 03:25:00+07:00,"4788.53,4789.67,4788.04,4788.83"
2026-04-17 03:30:00+07:00,"4788.82,4790.01,4786.13,4786.63"
2026-04-17 03:35:00+07:00,"4786.6,4790.58,4786.6,4789.8"
2026-04-17 03:40:00+07:00,"4789.79,4789.8,4788.02,4788.82"
2026-04-17 03:45:00+07:00,"4788.92,4790.78,4788.7,4790.5"
2026-04-17 03:50:00+07:00,"4790.47,4790.5,4787.61,4789.6"
2026-04-17 03:55:00+07:00,"4789.59,4791.06,4786.5,4789.39"
2026-04-17 05:00:00+07:00,"4789.62,4797.23,4789.62,4795.24"
2026-04-17 05:05:00+07:00,"4795.62,4798.21,4793.92,4796.64"
2026-04-17 05:10:00+07:00,"4796.58,4797.29,4794.61,4795.45"
2026-04-17 05:15:00+07:00,"4795.5,4796.31,4792.26,4792.91"
2026-04-17 05:20:00+07:00,"4792.92,4793.89,4792.37,4793.8"
2026-04-17 05:25:00+07:00,"4793.81,4795.61,4793.45,4794.07"
2026-04-17 05:30:00+07:00,"4794.08,4795.26,4790.15,4794.64"
2026-04-17 05:35:00+07:00,"4794.63,4796.47,4793.6,4793.71"
2026-04-17 05:40:00+07:00,"4793.7,4796.22,4793.04,4795.53"
2026-04-17 05:45:00+07:00,"4795.52,4797.01,4794.45,4795.25"
2026-04-17 05:50:00+07:00,"4795.26,4796.88,4794.79,4795.92"
2026-04-17 05:55:00+07:00,"4795.9,4796.89,4795.09,4795.13"
2026-04-17 06:00:00+07:00,"4795.12,4795.13,4792.68,4793.87"
2026-04-17 06:05:00+07:00,"4793.87,4795.73,4793.22,4793.84"
2026-04-17 06:10:00+07:00,"4793.84,4794.71,4792.13,4793.12"
2026-04-17 06:15:00+07:00,"4793.36,4796.72,4792.39,4796.54"
2026-04-17 06:20:00+07:00,"4796.53,4797.93,4795.49,4796.69"
2026-04-17 06:25:00+07:00,"4796.75,4797.17,4793.93,4794.35"
2026-04-17 06:30:00+07:00,"4794.35,4795.93,4792.32,4795.06"
2026-04-17 06:35:00+07:00,"4795.07,4796.14,4794.69,4795.22"
2026-04-17 06:40:00+07:00,"4795.19,4796.39,4794.86,4795.97"
2026-04-17 06:45:00+07:00,"4795.81,4796.84,4793.12,4793.99"
2026-04-17 06:50:00+07:00,"4794,4795.96,4793.41,4794.09"
2026-04-17 06:55:00+07:00,"4794.06,4794.92,4791.5,4791.5"
2026-04-17 07:00:00+07:00,"4791.43,4791.68,4787.59,4788.28"
2026-04-17 07:05:00+07:00,"4788.29,4791.18,4785.77,4790.5"
2026-04-17 07:10:00+07:00,"4790.51,4791.95,4787.69,4790.2"
2026-04-17 07:15:00+07:00,"4790.19,4792.37,4787.49,4791.51"
2026-04-17 07:20:00+07:00,"4791.51,4792.03,4789.54,4789.77"
2026-04-17 07:25:00+07:00,"4789.72,4793.08,4789.33,4793.05"
2026-04-17 07:30:00+07:00,"4793.06,4798.43,4792.52,4796.33"
2026-04-17 07:35:00+07:00,"4796.36,4797.42,4794.85,4796.19"
2026-04-17 07:40:00+07:00,"4796.18,4798.81,4794.64,4798.66"
2026-04-17 07:45:00+07:00,"4798.5,4801.34,4798.03,4799.4"
2026-04-17 07:50:00+07:00,"4799.39,4799.45,4794.6,4795.16"
2026-04-17 07:55:00+07:00,"4795.15,4795.96,4793.82,4795"
2026-04-17 08:00:00+07:00,"4795,4795.69,4786.79,4789.59"
2026-04-17 08:05:00+07:00,"4789.55,4790.99,4782.94,4783.39"
2026-04-17 08:10:00+07:00,"4783.4,4784.71,4768.09,4778.79"
2026-04-17 08:15:00+07:00,"4778.74,4785.32,4778.49,4782.61"
2026-04-17 08:20:00+07:00,"4782.59,4783.64,4771.6,4774.44"
2026-04-17 08:25:00+07:00,"4774.49,4777.22,4767.74,4768.73"
2026-04-17 08:30:00+07:00,"4768.76,4776.39,4767.68,4774.12"
2026-04-17 08:35:00+07:00,"4774.09,4777.84,4773.58,4773.81"
2026-04-17 08:40:00+07:00,"4773.8,4778.04,4772.09,4777.82"
2026-04-17 08:45:00+07:00,"4777.81,4779.65,4775.28,4778.73"
2026-04-17 08:50:00+07:00,"4778.71,4787.06,4777.97,4786.6"
2026-04-17 08:55:00+07:00,"4786.6,4791.44,4786.29,4789.4"
2026-04-17 09:00:00+07:00,"4789.35,4792.61,4788.3,4791.98"
2026-04-17 09:05:00+07:00,"4792.03,4794.4,4789.45,4789.92"
2026-04-17 09:10:00+07:00,"4789.93,4791.48,4788.24,4791.39"
2026-04-17 09:15:00+07:00,"4791.41,4792.03,4788.33,4789.34"
2026-04-17 09:20:00+07:00,"4789.28,4791.95,4788.38,4789.75"
2026-04-17 09:25:00+07:00,"4789.75,4791.39,4788.8,4789.1"
2026-04-17 09:30:00+07:00,"4789.11,4793.35,4788.46,4791.54"
2026-04-17 09:35:00+07:00,"4791.59,4794.71,4790.17,4793.17"
2026-04-17 09:40:00+07:00,"4793.16,4794.76,4791.29,4791.53"
2026-04-17 09:45:00+07:00,"4791.56,4793.62,4789.56,4789.77"
2026-04-17 09:50:00+07:00,"4789.76,4790.03,4788.24,4788.41"
2026-04-17 09:55:00+07:00,"4788.41,4788.99,4784.39,4784.72"
2026-04-17 10:00:00+07:00,"4784.82,4792.08,4784.76,4791.94"
2026-04-17 10:05:00+07:00,"4791.95,4797.74,4791.82,4795.68"
2026-04-17 10:10:00+07:00,"4795.67,4796.71,4792.59,4796"
2026-04-17 10:15:00+07:00,"4795.98,4798.35,4794.28,4797.08"
2026-04-17 10:20:00+07:00,"4797.13,4797.62,4794.62,4795.75"
2026-04-17 10:25:00+07:00,"4795.73,4796.1,4792.89,4794.19"
2026-04-17 10:30:00+07:00,"4794.16,4795.2,4792.87,4794.13"
2026-04-17 10:35:00+07:00,"4794.14,4794.54,4791.88,4793.08"
2026-04-17 10:40:00+07:00,"4793.08,4795.18,4792.24,4794.25"
2026-04-17 10:45:00+07:00,"4794.23,4796.48,4794.12,4796.32"
2026-04-17 10:50:00+07:00,"4796.26,4796.8,4794.03,4794.2"
2026-04-17 10:55:00+07:00,"4794.21,4794.35,4792.73,4793.32"
2026-04-17 11:00:00+07:00,"4793.2,4794.51,4792.62,4794.22"
2026-04-17 11:05:00+07:00,"4794.23,4795.53,4793.4,4793.93"
2026-04-17 11:10:00+07:00,"4793.92,4796.34,4793.7,4795.48"
2026-04-17 11:15:00+07:00,"4795.47,4796.26,4793.59,4795.68"
2026-04-17 11:20:00+07:00,"4795.63,4796.08,4793.84,4795.28"
2026-04-17 11:25:00+07:00,"4795.27,4796.23,4794.24,4795.82"
2026-04-17 11:30:00+07:00,"4795.83,4797.45,4795.31,4797.12"
2026-04-17 11:35:00+07:00,"4797.11,4799.71,4797.06,4799.57"
2026-04-17 11:40:00+07:00,"4799.52,4801.63,4798.79,4800.91"
2026-04-17 11:45:00+07:00,"4800.99,4801.4,4798.41,4798.88"
2026-04-17 11:50:00+07:00,"4798.77,4801.26,4798.5,4799.38"
2026-04-17 11:55:00+07:00,"4799.4,4804.6,4798.76,4802.97"
2026-04-17 12:00:00+07:00,"4802.97,4805.55,4800.34,4801.27"
2026-04-17 12:05:00+07:00,"4801.23,4805.64,4799.72,4804.55"
2026-04-17 12:10:00+07:00,"4804.57,4806.35,4804.05,4804.87"
2026-04-17 12:15:00+07:00,"4804.83,4805,4801.32,4803.49"
2026-04-17 12:20:00+07:00,"4803.49,4805.35,4802.36,4804.78"
2026-04-17 12:25:00+07:00,"4804.73,4805.03,4802.54,4803.52"
2026-04-17 12:30:00+07:00,"4803.47,4805.48,4797.91,4798.52"
2026-04-17 12:35:00+07:00,"4798.54,4803.02,4798,4799.32"
2026-04-17 12:40:00+07:00,"4799.28,4801.31,4795.46,4796.39"
2026-04-17 12:45:00+07:00,"4796.44,4798.4,4794.63,4797.54"
2026-04-17 12:50:00+07:00,"4797.33,4800.63,4796.56,4797.13"
2026-04-17 12:55:00+07:00,"4797.12,4798.15,4793.66,4794.11"
2026-04-17 13:00:00+07:00,"4794.13,4794.56,4789.89,4793.55"
2026-04-17 13:05:00+07:00,"4793.51,4795.34,4789.69,4790.53"
2026-04-17 13:10:00+07:00,"4790.42,4791.47,4786.75,4787.78"
2026-04-17 13:15:00+07:00,"4787.8,4789.92,4784.9,4785.79"
2026-04-17 13:20:00+07:00,"4785.79,4788.42,4784.3,4787.61"
2026-04-17 13:25:00+07:00,"4787.59,4788.64,4783.22,4783.86"
2026-04-17 13:30:00+07:00,"4783.75,4785.97,4781.39,4782.9"
2026-04-17 13:35:00+07:00,"4782.92,4786.68,4779.29,4785.91"
2026-04-17 13:40:00+07:00,"4785.9,4787.23,4784.59,4785.49"
2026-04-17 13:45:00+07:00,"4785.52,4786.72,4783.97,4785.81"
2026-04-17 13:50:00+07:00,"4785.82,4787.31,4783.93,4784.85"
2026-04-17 13:55:00+07:00,"4784.84,4787.34,4784.25,4785.03"
2026-04-17 14:00:00+07:00,"4785.02,4789.04,4784.11,4789.04"
2026-04-17 14:05:00+07:00,"4789.04,4791.12,4787.41,4789.59"
2026-04-17 14:10:00+07:00,"4789.66,4789.8,4786.72,4787.32"
2026-04-17 14:15:00+07:00,"4787.33,4789.77,4784.76,4789.11"
2026-04-17 14:20:00+07:00,"4789.18,4790.14,4785.21,4788.88"
2026-04-17 14:25:00+07:00,"4788.87,4793.15,4788.83,4791.71"
2026-04-17 14:30:00+07:00,"4791.75,4794.79,4790.34,4794.54"
2026-04-17 14:35:00+07:00,"4794.51,4794.55,4786.08,4786.86"
2026-04-17 14:40:00+07:00,"4786.85,4787.81,4782.4,4786.03"
2026-04-17 14:45:00+07:00,"4785.99,4786.27,4780.01,4780.02"
2026-04-17 14:50:00+07:00,"4780.01,4785.9,4778.71,4785.35"
2026-04-17 14:55:00+07:00,"4785.3,4785.49,4783.21,4784.48"
2026-04-17 15:00:00+07:00,"4784.47,4790.64,4784.39,4790.55"
2026-04-17 15:05:00+07:00,"4790.56,4791.14,4783.22,4784.46"
2026-04-17 15:10:00+07:00,"4784.48,4785.62,4780.64,4783.74"
2026-04-17 15:15:00+07:00,"4783.56,4785.54,4782.53,4785.52"
2026-04-17 15:20:00+07:00,"4785.46,4787.34,4783.07,4784.25"
2026-04-17 15:25:00+07:00,"4784.23,4785.98,4783.01,4784.57"
2026-04-17 15:30:00+07:00,"4784.52,4788.45,4784.24,4786.51"
2026-04-17 15:35:00+07:00,"4786.52,4789.76,4785.63,4789.51"
2026-04-17 15:40:00+07:00,"4789.52,4797.06,4788.16,4796.94"
2026-04-17 15:45:00+07:00,"4797.05,4797.08,4791.5,4793.66"
2026-04-17 15:50:00+07:00,"4793.65,4795.14,4791.01,4793.65"
2026-04-17 15:55:00+07:00,"4793.65,4796.54,4792.11,4795.96"
2026-04-17 16:00:00+07:00,"4795.97,4800.99,4795.88,4799.09"
2026-04-17 16:05:00+07:00,"4799.1,4799.11,4794.69,4796.18"
2026-04-17 16:10:00+07:00,"4796.16,4796.24,4792.7,4793.2"
2026-04-17 16:15:00+07:00,"4793.33,4795.8,4792.08,4795.79"
2026-04-17 16:20:00+07:00,"4795.81,4798.38,4794.54,4794.58"
2026-04-17 16:25:00+07:00,"4794.56,4798.54,4794.52,4795.86"
2026-04-17 16:30:00+07:00,"4795.89,4797.33,4794.26,4797.14"
2026-04-17 16:35:00+07:00,"4797.16,4799.33,4794.79,4795.54"
2026-04-17 16:40:00+07:00,"4795.53,4796.63,4794.06,4794.69"
2026-04-17 16:45:00+07:00,"4794.7,4795.31,4790.45,4792"
2026-04-17 16:50:00+07:00,"4792.03,4793.18,4790.87,4791.75"
2026-04-17 16:55:00+07:00,"4791.81,4792.65,4789.87,4790.34"
2026-04-17 17:00:00+07:00,"4790.35,4792.3,4788.9,4791.16"
2026-04-17 17:05:00+07:00,"4791.16,4791.65,4788.79,4789"
2026-04-17 17:10:00+07:00,"4788.99,4792.08,4786.99,4791.34"
2026-04-17 17:15:00+07:00,"4791.32,4794.05,4790.63,4791.37"
2026-04-17 17:20:00+07:00,"4791.38,4793.82,4790.95,4792.75"
2026-04-17 17:25:00+07:00,"4792.73,4792.92,4788.62,4789.66"
2026-04-17 17:30:00+07:00,"4789.67,4789.96,4786.27,4788.21"
2026-04-17 17:35:00+07:00,"4788.22,4789.29,4785.4,4785.63"
2026-04-17 17:40:00+07:00,"4785.61,4785.88,4782.25,4785.08"
2026-04-17 17:45:00+07:00,"4785.06,4788.1,4783.82,4787.95"
2026-04-17 17:50:00+07:00,"4787.84,4788.42,4782.23,4786.27"
2026-04-17 17:55:00+07:00,"4786.25,4787.93,4784.11,4787.5"
2026-04-17 18:00:00+07:00,"4787.54,4789.89,4783.48,4785.21"
2026-04-17 18:05:00+07:00,"4785.32,4787.31,4783.81,4787.24"
2026-04-17 18:10:00+07:00,"4787.25,4788.39,4785.38,4786.29"
2026-04-17 18:15:00+07:00,"4786.26,4787.2,4784.44,4785.53"
2026-04-17 18:20:00+07:00,"4785.53,4791.04,4784.98,4790.69"
2026-04-17 18:25:00+07:00,"4790.68,4793.49,4789.9,4793.04"
2026-04-17 18:30:00+07:00,"4793.03,4794.15,4789.67,4793.28"
2026-04-17 18:35:00+07:00,"4793.29,4794.57,4790.32,4792.52"
2026-04-17 18:40:00+07:00,"4792.52,4798.79,4792.3,4798.74"
2026-04-17 18:45:00+07:00,"4798.77,4811.94,4798.77,4805.66"
2026-04-17 18:50:00+07:00,"4805.67,4806.9,4801.36,4801.46"
2026-04-17 18:55:00+07:00,"4801.45,4801.82,4798.62,4799.06"
2026-04-17 19:00:00+07:00,"4799.07,4805.67,4797.57,4804"
2026-04-17 19:05:00+07:00,"4804.01,4805.56,4802.18,4804.19"
2026-04-17 19:10:00+07:00,"4804.18,4804.79,4800.74,4803.88"
2026-04-17 19:15:00+07:00,"4803.89,4806.05,4803.1,4805.95"
2026-04-17 19:20:00+07:00,"4806.17,4812.48,4804.39,4812.35"
2026-04-17 19:25:00+07:00,"4812.36,4819.79,4811.33,4816.95"
2026-04-17 19:30:00+07:00,"4817.17,4822.1,4815.22,4817.73"
2026-04-17 19:35:00+07:00,"4817.72,4823.7,4817.4,4822.54"
2026-04-17 19:40:00+07:00,"4822.55,4825.23,4821.49,4823.47"
2026-04-17 19:45:00+07:00,"4823.49,4843.05,4821.62,4836.77"
2026-04-17 19:50:00+07:00,"4836.64,4845.69,4833.16,4843.08"
2026-04-17 19:55:00+07:00,"4843.07,4848.05,4838.42,4846.56"
2026-04-17 20:00:00+07:00,"4846.53,4847.39,4834.75,4844.26"
2026-04-17 20:05:00+07:00,"4844.23,4863.71,4840.2,4862.81"
2026-04-17 20:10:00+07:00,"4862.74,4889.47,4861.87,4883.38"
2026-04-17 20:15:00+07:00,"4883.4,4884.22,4862.29,4864.25"
2026-04-17 20:20:00+07:00,"4864.24,4864.41,4851.33,4861.62"
2026-04-17 20:25:00+07:00,"4861.51,4864.15,4850.26,4851.35"
2026-04-17 20:30:00+07:00,"4851.53,4857.23,4848.22,4855.87"
2026-04-17 20:35:00+07:00,"4855.87,4869.38,4855.11,4867.4"
2026-04-17 20:40:00+07:00,"4867.43,4873.83,4862.98,4864.5"
2026-04-17 20:45:00+07:00,"4864.51,4868.03,4851.78,4865.06"
2026-04-17 20:50:00+07:00,"4865.08,4879.46,4862.44,4877.25"
2026-04-17 20:55:00+07:00,"4877.31,4882.22,4874.71,4880.42"
2026-04-17 21:00:00+07:00,"4880.39,4885.61,4874.95,4875.81"
2026-04-17 21:05:00+07:00,"4875.79,4877.76,4868.69,4872.21"
2026-04-17 21:10:00+07:00,"4872.34,4872.7,4860.61,4867.16"
2026-04-17 21:15:00+07:00,"4867.01,4874.24,4866.98,4870.56"
2026-04-17 21:20:00+07:00,"4870.55,4879.67,4865.02,4878.56"
2026-04-17 21:25:00+07:00,"4878.55,4880.53,4871.15,4871.74"
2026-04-17 21:30:00+07:00,"4871.73,4878.28,4869.34,4877.56"
2026-04-17 21:35:00+07:00,"4877.55,4880.46,4871.14,4875.69"
2026-04-17 21:40:00+07:00,"4875.7,4883.21,4874.72,4877.46"
2026-04-17 21:45:00+07:00,"4877.48,4881.47,4873.72,4880.18"
2026-04-17 21:50:00+07:00,"4880.16,4880.16,4869.61,4876.63"
2026-04-17 21:55:00+07:00,"4876.65,4877.9,4872.62,4873.09"
2026-04-17 22:00:00+07:00,"4873.2,4873.81,4862.13,4868.33"
2026-04-17 22:05:00+07:00,"4868.57,4880.61,4867.83,4872.74"
2026-04-17 22:10:00+07:00,"4872.67,4873.58,4865.86,4868.27"
2026-04-17 22:15:00+07:00,"4868.25,4874.71,4863.45,4864.94"
2026-04-17 22:20:00+07:00,"4864.93,4873.55,4863.1,4870.13"
2026-04-17 22:25:00+07:00,"4870.12,4871.33,4865.27,4866.16"
2026-04-17 22:30:00+07:00,"4866.24,4874.14,4864.73,4874.1"
2026-04-17 22:35:00+07:00,"4874.09,4874.09,4868.22,4869.7"
2026-04-17 22:40:00+07:00,"4869.71,4870.41,4854.48,4858.94"
2026-04-17 22:45:00+07:00,"4858.93,4864.69,4858.04,4863.55"
2026-04-17 22:50:00+07:00,"4863.51,4870.41,4863.46,4869.29"
2026-04-17 22:55:00+07:00,"4869.27,4872.02,4866.64,4867.54"
2026-04-17 23:00:00+07:00,"4867.58,4870.7,4863.66,4866.81"
2026-04-17 23:05:00+07:00,"4866.89,4873.67,4865.42,4871.39"
2026-04-17 23:10:00+07:00,"4871.4,4873.44,4870.4,4871.56"
2026-04-17 23:15:00+07:00,"4871.61,4873.67,4869.9,4870.82"
2026-04-17 23:20:00+07:00,"4870.83,4873.04,4869.81,4870.44"
2026-04-17 23:25:00+07:00,"4870.42,4871.52,4867.46,4867.76"
2026-04-17 23:30:00+07:00,"4867.77,4871.93,4867.59,4871.55"
2026-04-17 23:35:00+07:00,"4871.56,4873.02,4870.07,4871.5"
2026-04-17 23:40:00+07:00,"4871.53,4872.64,4867.44,4868.35"
2026-04-17 23:45:00+07:00,"4868.34,4869.19,4865.31,4866.29"
2026-04-17 23:50:00+07:00,"4866.29,4867.73,4864.97,4866.35"
2026-04-17 23:55:00+07:00,"4866.34,4867.71,4865.26,4867.18"
2026-04-18 00:00:00+07:00,"4867.15,4869.52,4864.98,4866.89"
2026-04-18 00:05:00+07:00,"4866.7,4868.61,4857.87,4861.45"
2026-04-18 00:10:00+07:00,"4861.44,4864.39,4857.7,4862.77"
2026-04-18 00:15:00+07:00,"4862.78,4865.22,4862.46,4863.3"
2026-04-18 00:20:00+07:00,"4863.29,4863.95,4853.5,4854.31"
2026-04-18 00:25:00+07:00,"4854.29,4859.3,4853.92,4858.52"
2026-04-18 00:30:00+07:00,"4858.53,4863.2,4857.06,4861.79"
2026-04-18 00:35:00+07:00,"4861.87,4862.25,4855.47,4857.7"
2026-04-18 00:40:00+07:00,"4857.69,4858.72,4854.03,4855.05"
2026-04-18 00:45:00+07:00,"4855.03,4861.22,4854.89,4860.45"
2026-04-18 00:50:00+07:00,"4860.44,4863.07,4859.84,4861.9"
2026-04-18 00:55:00+07:00,"4861.91,4863.57,4861.05,4862.7"
2026-04-18 01:00:00+07:00,"4862.75,4864.91,4861.77,4862.35"
2026-04-18 01:05:00+07:00,"4862.22,4866.51,4861.98,4863.37"
2026-04-18 01:10:00+07:00,"4863.36,4863.94,4860.19,4861.19"
2026-04-18 01:15:00+07:00,"4861.2,4864.47,4860.9,4861.86"
2026-04-18 01:20:00+07:00,"4861.81,4866.19,4858.81,4865.23"
2026-04-18 01:25:00+07:00,"4865.2,4868.2,4860.65,4860.72"
2026-04-18 01:30:00+07:00,"4860.82,4866.88,4860.42,4866.14"
2026-04-18 01:35:00+07:00,"4866.03,4866.19,4862.1,4863.24"
2026-04-18 01:40:00+07:00,"4863.14,4863.7,4860.34,4862.37"
2026-04-18 01:45:00+07:00,"4862.38,4863.17,4860,4860.68"
2026-04-18 01:50:00+07:00,"4860.69,4861.33,4855.81,4856.81"
2026-04-18 01:55:00+07:00,"4856.75,4859.93,4856.11,4858.16"
2026-04-18 02:00:00+07:00,"4858.13,4859.12,4855.67,4858.48"
2026-04-18 02:05:00+07:00,"4858.43,4858.48,4854.52,4854.97"
2026-04-18 02:10:00+07:00,"4854.96,4857.47,4853.79,4856.55"
2026-04-18 02:15:00+07:00,"4856.57,4858.24,4855.54,4855.74"
2026-04-18 02:20:00+07:00,"4855.75,4857.95,4854.19,4855.34"
2026-04-18 02:25:00+07:00,"4855.35,4857.1,4854.6,4856.95"
2026-04-18 02:30:00+07:00,"4856.96,4858.72,4855.86,4857.73"
2026-04-18 02:35:00+07:00,"4857.67,4860.88,4856.07,4859.87"
2026-04-18 02:40:00+07:00,"4859.84,4861.46,4858.14,4860.32"
2026-04-18 02:45:00+07:00,"4860.32,4860.32,4857.55,4858.64"
2026-04-18 02:50:00+07:00,"4858.63,4859.51,4854.61,4855.15"
2026-04-18 02:55:00+07:00,"4855.14,4855.56,4852.79,4854.56"
2026-04-18 03:00:00+07:00,"4854.42,4855.36,4849.7,4849.98"
2026-04-18 03:05:00+07:00,"4849.99,4851.33,4845.82,4847.15"
2026-04-18 03:10:00+07:00,"4847.16,4848,4844.46,4846.22"
2026-04-18 03:15:00+07:00,"4846.11,4852.2,4844.94,4851.74"
2026-04-18 03:20:00+07:00,"4851.75,4851.75,4848.18,4848.39"
2026-04-18 03:25:00+07:00,"4848.41,4848.71,4844.46,4845.72"
2026-04-18 03:30:00+07:00,"4845.71,4847.24,4844.42,4846.77"
2026-04-18 03:35:00+07:00,"4846.78,4846.78,4840.34,4841.83"
2026-04-18 03:40:00+07:00,"4841.85,4842.38,4833.71,4835.64"
2026-04-18 03:45:00+07:00,"4835.65,4837.68,4832.87,4833.09"
2026-04-18 03:50:00+07:00,"4833.35,4836.09,4831.16,4834.21"
2026-04-18 03:55:00+07:00,"4834.19,4834.91,4827.28,4828.82"
2026-04-20 05:00:00+07:00,"4791.5,4791.89,4756.43,4774.4"
2026-04-20 05:05:00+07:00,"4774.71,4793.97,4770.49,4791.37"
2026-04-20 05:10:00+07:00,"4791.23,4795.38,4782.74,4790.51"
2026-04-20 05:15:00+07:00,"4790.49,4795.2,4788.48,4791.27"
2026-04-20 05:20:00+07:00,"4791.25,4793.83,4784.01,4784.46"
2026-04-20 05:25:00+07:00,"4784.48,4789.17,4783.71,4785.27"
2026-04-20 05:30:00+07:00,"4785.26,4790.86,4784.21,4785.43"
2026-04-20 05:35:00+07:00,"4785.44,4787.22,4782.72,4784.35"
2026-04-20 05:40:00+07:00,"4784.34,4784.71,4779.04,4780.54"
2026-04-20 05:45:00+07:00,"4780.5,4785.83,4780.28,4785.17"
2026-04-20 05:50:00+07:00,"4785.49,4786.96,4781.91,4781.96"
2026-04-20 05:55:00+07:00,"4782.28,4783.33,4777.72,4779.4"
2026-04-20 06:00:00+07:00,"4779.42,4779.62,4772.79,4776.28"
2026-04-20 06:05:00+07:00,"4776.33,4777.33,4771.94,4775.78"
2026-04-20 06:10:00+07:00,"4775.77,4779.25,4772.16,4772.6"
2026-04-20 06:15:00+07:00,"4772.59,4776.02,4770.66,4772.94"
2026-04-20 06:20:00+07:00,"4772.98,4773.04,4768.51,4770.78"
2026-04-20 06:25:00+07:00,"4770.79,4772.27,4768.11,4769.3"
2026-04-20 06:30:00+07:00,"4769.25,4773.6,4768.14,4771.45"
2026-04-20 06:35:00+07:00,"4771.44,4771.66,4758.74,4764.09"
2026-04-20 06:40:00+07:00,"4764.11,4769.37,4738.58,4752.07"
2026-04-20 06:45:00+07:00,"4752.38,4752.52,4736.64,4743.99"
2026-04-20 06:50:00+07:00,"4743.99,4752.67,4743.69,4752.5"
2026-04-20 06:55:00+07:00,"4752.49,4755.5,4749.95,4755.23"
2026-04-20 07:00:00+07:00,"4755.24,4755.24,4744.38,4749.83"
2026-04-20 07:05:00+07:00,"4749.84,4754.43,4746.82,4752.45"
2026-04-20 07:10:00+07:00,"4752.5,4755.48,4749.48,4752.28"
2026-04-20 07:15:00+07:00,"4752.3,4759.18,4751.87,4758.22"
2026-04-20 07:20:00+07:00,"4758.22,4762.95,4756.51,4762.61"
2026-04-20 07:25:00+07:00,"4762.62,4765.85,4761.95,4765.34"
2026-04-20 07:30:00+07:00,"4765.33,4768.22,4761.73,4766.07"
2026-04-20 07:35:00+07:00,"4766.06,4766.62,4761.06,4764.98"
2026-04-20 07:40:00+07:00,"4764.93,4765.89,4763.45,4764.33"
2026-04-20 07:45:00+07:00,"4764.35,4768.11,4762.58,4764.45"
2026-04-20 07:50:00+07:00,"4764.47,4765.19,4759.52,4763.68"
2026-04-20 07:55:00+07:00,"4763.68,4774.66,4761.44,4772.39"
2026-04-20 08:00:00+07:00,"4772.41,4788.71,4771.22,4787.82"
2026-04-20 08:05:00+07:00,"4787.82,4789.57,4781.33,4788.45"
2026-04-20 08:10:00+07:00,"4788.35,4794.62,4786.15,4793.84"
2026-04-20 08:15:00+07:00,"4793.84,4795.09,4788.46,4792.64"
2026-04-20 08:20:00+07:00,"4792.65,4798.58,4791.64,4797.25"
2026-04-20 08:25:00+07:00,"4797.27,4803.87,4795.96,4802.93"
2026-04-20 08:30:00+07:00,"4802.82,4812.32,4801.32,4807.73"
2026-04-20 08:35:00+07:00,"4807.72,4810,4803.13,4808.05"
2026-04-20 08:40:00+07:00,"4807.81,4810.3,4805.66,4806.56"
2026-04-20 08:45:00+07:00,"4806.51,4813.53,4805.59,4810.17"
2026-04-20 08:50:00+07:00,"4810.3,4814.42,4808.15,4813.04"
2026-04-20 08:55:00+07:00,"4813.08,4813.65,4807.44,4807.89"
2026-04-20 09:00:00+07:00,"4807.9,4809.14,4803.91,4804.32"
2026-04-20 09:05:00+07:00,"4804.35,4805.74,4802.65,4803.02"
2026-04-20 09:10:00+07:00,"4803.02,4804.8,4800.69,4801.04"
2026-04-20 09:15:00+07:00,"4800.99,4802.47,4799.76,4800.88"
2026-04-20 09:20:00+07:00,"4800.8,4804.29,4798.39,4803.39"
2026-04-20 09:25:00+07:00,"4803.41,4803.66,4798.78,4800.39"
2026-04-20 09:30:00+07:00,"4800.41,4802.12,4798.32,4801.77"
2026-04-20 09:35:00+07:00,"4801.76,4802.12,4795.81,4796.85"
2026-04-20 09:40:00+07:00,"4796.85,4798.19,4794.39,4796.29"
2026-04-20 09:45:00+07:00,"4796.3,4797.64,4793.11,4795.25"
2026-04-20 09:50:00+07:00,"4795.24,4797.59,4793.3,4795.82"
2026-04-20 09:55:00+07:00,"4795.8,4797.56,4793.09,4797.15"
2026-04-20 10:00:00+07:00,"4797.12,4798.44,4794.06,4795.05"
2026-04-20 10:05:00+07:00,"4795,4797.8,4793.58,4793.61"
2026-04-20 10:10:00+07:00,"4793.58,4793.6,4790.39,4791.48"
2026-04-20 10:15:00+07:00,"4791.48,4792.79,4788.65,4791.66"
2026-04-20 10:20:00+07:00,"4791.64,4795.32,4791.64,4794.99"
2026-04-20 10:25:00+07:00,"4795.02,4795.96,4793.18,4795.14"
2026-04-20 10:30:00+07:00,"4795.13,4796.84,4790.05,4792.33"
2026-04-20 10:35:00+07:00,"4792.34,4794.73,4790.61,4794.23"
2026-04-20 10:40:00+07:00,"4794.22,4795.2,4792.05,4793.51"
2026-04-20 10:45:00+07:00,"4793.49,4793.67,4791.44,4792.4"
2026-04-20 10:50:00+07:00,"4792.38,4794.7,4790.76,4791.5"
2026-04-20 10:55:00+07:00,"4791.53,4792.08,4789.15,4791.01"
2026-04-20 11:00:00+07:00,"4791.02,4793.85,4790.86,4793.49"
2026-04-20 11:05:00+07:00,"4793.51,4795.86,4792.36,4794.45"
2026-04-20 11:10:00+07:00,"4794.44,4795.23,4792.28,4792.95"
2026-04-20 11:15:00+07:00,"4792.94,4794.91,4791.76,4793.18"
2026-04-20 11:20:00+07:00,"4793.19,4794.37,4791.68,4794.02"
2026-04-20 11:25:00+07:00,"4794.03,4795.94,4792.87,4794.63"
2026-04-20 11:30:00+07:00,"4794.64,4794.78,4788.18,4789.26"
2026-04-20 11:35:00+07:00,"4789.26,4790.94,4788.26,4790.67"
2026-04-20 11:40:00+07:00,"4790.68,4791.47,4787.28,4787.37"
2026-04-20 11:45:00+07:00,"4787.41,4793.35,4787.41,4792.68"
2026-04-20 11:50:00+07:00,"4792.7,4793.26,4788.64,4788.77"
2026-04-20 11:55:00+07:00,"4788.75,4790.05,4787.41,4788.88"
2026-04-20 12:00:00+07:00,"4788.88,4793.18,4787.42,4789.94"
2026-04-20 12:05:00+07:00,"4789.9,4791.39,4786.36,4787.13"
2026-04-20 12:10:00+07:00,"4787.12,4788.71,4784.33,4786.5"
2026-04-20 12:15:00+07:00,"4786.49,4789.6,4786.33,4787.86"
2026-04-20 12:20:00+07:00,"4787.85,4788.78,4786.33,4787.45"
2026-04-20 12:25:00+07:00,"4787.18,4788.96,4785.14,4787.81"
2026-04-20 12:30:00+07:00,"4787.8,4796.09,4787.58,4794.55"
2026-04-20 12:35:00+07:00,"4794.53,4795.82,4791.94,4792.52"
2026-04-20 12:40:00+07:00,"4792.5,4794.24,4779.18,4780.78"
2026-04-20 12:45:00+07:00,"4780.86,4785.89,4780.76,4785.83"
2026-04-20 12:50:00+07:00,"4785.86,4791.6,4782.55,4790.66"
2026-04-20 12:55:00+07:00,"4790.68,4793.39,4789.44,4790.89"
2026-04-20 13:00:00+07:00,"4790.74,4794.29,4785.46,4790.52"
2026-04-20 13:05:00+07:00,"4790.55,4792.18,4788.35,4791.65"
2026-04-20 13:10:00+07:00,"4791.67,4793.88,4789.43,4790.51"
2026-04-20 13:15:00+07:00,"4790.49,4790.89,4787.03,4787.36"
2026-04-20 13:20:00+07:00,"4787.37,4788.57,4783.84,4787.31"
2026-04-20 13:25:00+07:00,"4787.32,4788.12,4783.91,4786.13"
2026-04-20 13:30:00+07:00,"4786.31,4792.22,4785.5,4787.22"
2026-04-20 13:35:00+07:00,"4787.25,4790.62,4786.1,4790.35"
2026-04-20 13:40:00+07:00,"4790.35,4791.17,4787.04,4790.06"
2026-04-20 13:45:00+07:00,"4790.07,4790.21,4785.86,4787.56"
2026-04-20 13:50:00+07:00,"4787.54,4789.1,4785.39,4786.99"
2026-04-20 13:55:00+07:00,"4787,4795.51,4786.43,4795.51"
2026-04-20 14:00:00+07:00,"4795.65,4802.11,4794.71,4797.58"
2026-04-20 14:05:00+07:00,"4797.5,4798.96,4794.05,4796.08"
2026-04-20 14:10:00+07:00,"4796,4797.8,4793.85,4797.6"
2026-04-20 14:15:00+07:00,"4797.59,4804.15,4794.15,4802.75"
2026-04-20 14:20:00+07:00,"4802.75,4805.8,4801.29,4801.87"
2026-04-20 14:25:00+07:00,"4801.92,4802.12,4796.67,4797.96"
2026-04-20 14:30:00+07:00,"4797.93,4798.72,4790.38,4794.53"
2026-04-20 14:35:00+07:00,"4794.55,4796.51,4789.84,4796.31"
2026-04-20 14:40:00+07:00,"4796.3,4798.83,4794.83,4797.53"
2026-04-20 14:45:00+07:00,"4797.52,4797.63,4792.4,4792.62"
2026-04-20 14:50:00+07:00,"4792.61,4794.08,4788.15,4788.35"
2026-04-20 14:55:00+07:00,"4788.22,4791.28,4786.88,4789.82"
2026-04-20 15:00:00+07:00,"4789.81,4791.08,4785.9,4788.75"
2026-04-20 15:05:00+07:00,"4788.76,4791.36,4786.82,4788.44"
2026-04-20 15:10:00+07:00,"4788.41,4791.92,4787.74,4788.98"
2026-04-20 15:15:00+07:00,"4788.96,4789.5,4786.36,4788.72"
2026-04-20 15:20:00+07:00,"4788.69,4791.7,4787.11,4788.7"
2026-04-20 15:25:00+07:00,"4788.69,4792.61,4788.36,4792"
2026-04-20 15:30:00+07:00,"4792.01,4792.59,4788.87,4790.22"
2026-04-20 15:35:00+07:00,"4790.14,4791,4788.59,4789.57"
2026-04-20 15:40:00+07:00,"4789.58,4792.57,4788.92,4792.49"
2026-04-20 15:45:00+07:00,"4792.48,4795.34,4792.08,4794.58"
2026-04-20 15:50:00+07:00,"4794.59,4796.31,4793.25,4793.76"
2026-04-20 15:55:00+07:00,"4793.77,4796.43,4792.55,4796.36"
2026-04-20 16:00:00+07:00,"4796.29,4797.83,4793.45,4795.47"
2026-04-20 16:05:00+07:00,"4795.42,4798.11,4793.46,4795.11"
2026-04-20 16:10:00+07:00,"4795.13,4797.46,4793.98,4795.74"
2026-04-20 16:15:00+07:00,"4795.74,4795.91,4791.7,4794.2"
2026-04-20 16:20:00+07:00,"4794.28,4795.84,4793.34,4793.58"
2026-04-20 16:25:00+07:00,"4793.56,4793.98,4791.59,4792.22"
2026-04-20 16:30:00+07:00,"4792.08,4794.45,4783.36,4786.15"
2026-04-20 16:35:00+07:00,"4786.14,4789.45,4784.7,4788.63"
2026-04-20 16:40:00+07:00,"4788.61,4792.59,4787.64,4792"
2026-04-20 16:45:00+07:00,"4792,4796.33,4791.25,4795.3"
2026-04-20 16:50:00+07:00,"4795.29,4797.29,4791.42,4792"
2026-04-20 16:55:00+07:00,"4792.01,4794.05,4789.16,4791.64"
2026-04-20 17:00:00+07:00,"4791.63,4793.73,4789.76,4791.29"
2026-04-20 17:05:00+07:00,"4791.3,4799.41,4790.96,4797.77"
2026-04-20 17:10:00+07:00,"4797.77,4799.67,4795.05,4795.78"
2026-04-20 17:15:00+07:00,"4795.76,4800.44,4795.13,4799.95"
2026-04-20 17:20:00+07:00,"4799.94,4800.95,4797.73,4798.15"
2026-04-20 17:25:00+07:00,"4798.14,4799.19,4796.67,4798.32"
2026-04-20 17:30:00+07:00,"4798.36,4800.22,4796.95,4797.17"
2026-04-20 17:35:00+07:00,"4797.18,4797.76,4795.99,4796.67"
2026-04-20 17:40:00+07:00,"4796.69,4797.31,4795.04,4795.04"
2026-04-20 17:45:00+07:00,"4795.05,4796.92,4794.78,4796.4"
2026-04-20 17:50:00+07:00,"4796.39,4796.7,4794.42,4796.12"
2026-04-20 17:55:00+07:00,"4796.02,4797.28,4795.29,4795.91"
2026-04-20 18:00:00+07:00,"4795.78,4796.42,4790.33,4790.76"
2026-04-20 18:05:00+07:00,"4790.76,4793.99,4790.48,4792.56"
2026-04-20 18:10:00+07:00,"4792.53,4793.17,4786.96,4789.62"
2026-04-20 18:15:00+07:00,"4789.69,4791.09,4786.79,4788.02"
2026-04-20 18:20:00+07:00,"4788.01,4789.53,4786.64,4789.26"
2026-04-20 18:25:00+07:00,"4789.27,4790.47,4787.66,4788.39"
2026-04-20 18:30:00+07:00,"4788.4,4792.37,4787.69,4790.21"
2026-04-20 18:35:00+07:00,"4790.23,4792,4788.99,4791.09"
2026-04-20 18:40:00+07:00,"4791.13,4794.96,4790.02,4794.95"
2026-04-20 18:45:00+07:00,"4795,4802.25,4794.71,4801.94"
2026-04-20 18:50:00+07:00,"4801.93,4809,4801.47,4806.47"
2026-04-20 18:55:00+07:00,"4806.46,4811,4806.4,4810.49"
2026-04-20 19:00:00+07:00,"4810.5,4812.26,4806.08,4809.34"
2026-04-20 19:05:00+07:00,"4809.35,4812.71,4802.8,4807.64"
2026-04-20 19:10:00+07:00,"4807.65,4813.26,4807.6,4811.17"
2026-04-20 19:15:00+07:00,"4811.21,4815.88,4807.69,4814.91"
2026-04-20 19:20:00+07:00,"4814.94,4822.36,4813.57,4813.88"
2026-04-20 19:25:00+07:00,"4813.89,4814.24,4803.79,4805.61"
2026-04-20 19:30:00+07:00,"4805.57,4809.69,4804.29,4806.37"
2026-04-20 19:35:00+07:00,"4806.32,4806.47,4799.07,4803.85"
2026-04-20 19:40:00+07:00,"4803.86,4807.81,4803.14,4806.05"
2026-04-20 19:45:00+07:00,"4806.08,4808.59,4804,4806.33"
2026-04-20 19:50:00+07:00,"4806.22,4807.66,4801.66,4803.43"
2026-04-20 19:55:00+07:00,"4803.43,4804.34,4801.03,4803.36"
2026-04-20 20:00:00+07:00,"4803.37,4805.32,4799.74,4803.54"
2026-04-20 20:05:00+07:00,"4803.55,4814.7,4802.64,4811.1"
2026-04-20 20:10:00+07:00,"4811.11,4817.06,4809.81,4815.49"
2026-04-20 20:15:00+07:00,"4815.48,4817.46,4811.9,4815.88"
2026-04-20 20:20:00+07:00,"4815.89,4820,4815.07,4816.22"
2026-04-20 20:25:00+07:00,"4816.21,4826.16,4814.86,4824.34"
2026-04-20 20:30:00+07:00,"4824.36,4826.52,4816.15,4821.96"
2026-04-20 20:35:00+07:00,"4821.95,4825.65,4815.71,4818.14"
2026-04-20 20:40:00+07:00,"4818.19,4824.17,4816.55,4822.57"
2026-04-20 20:45:00+07:00,"4822.56,4824.66,4818.73,4820.32"
2026-04-20 20:50:00+07:00,"4820.33,4822.22,4817.41,4821.26"
2026-04-20 20:55:00+07:00,"4821.29,4823.21,4816.89,4817.85"
2026-04-20 21:00:00+07:00,"4817.89,4818.64,4810.75,4817.79"
2026-04-20 21:05:00+07:00,"4817.83,4818.21,4811.54,4812.66"
2026-04-20 21:10:00+07:00,"4812.65,4817.05,4806.77,4816.09"
2026-04-20 21:15:00+07:00,"4816.08,4819.06,4814.36,4816.74"
2026-04-20 21:20:00+07:00,"4816.97,4825.92,4815.91,4825.76"
2026-04-20 21:25:00+07:00,"4825.72,4826.95,4821.61,4823.54"
2026-04-20 21:30:00+07:00,"4823.49,4827.71,4817.1,4818.26"
2026-04-20 21:35:00+07:00,"4818.25,4818.78,4812.95,4814.35"
2026-04-20 21:40:00+07:00,"4814.33,4815.24,4810.31,4814.18"
2026-04-20 21:45:00+07:00,"4814.22,4815.02,4810.13,4813.28"
2026-04-20 21:50:00+07:00,"4813.3,4814.24,4792.08,4809.11"
2026-04-20 21:55:00+07:00,"4809.1,4809.37,4799.47,4805.36"
2026-04-20 22:00:00+07:00,"4805.44,4807.83,4796.36,4798.05"
2026-04-20 22:05:00+07:00,"4798.04,4801.16,4794.85,4797.46"
2026-04-20 22:10:00+07:00,"4797.39,4802.72,4792.76,4798.41"
2026-04-20 22:15:00+07:00,"4798.42,4800.38,4794.08,4797.98"
2026-04-20 22:20:00+07:00,"4797.99,4804.97,4796.14,4803.79"
2026-04-20 22:25:00+07:00,"4803.78,4809.83,4802.66,4808.19"
2026-04-20 22:30:00+07:00,"4808.24,4809.53,4803.48,4804.31"
2026-04-20 22:35:00+07:00,"4804.29,4804.74,4800.62,4802.19"
2026-04-20 22:40:00+07:00,"4802.2,4804.67,4799.51,4800.37"
2026-04-20 22:45:00+07:00,"4800.38,4801.74,4797.69,4800.11"
2026-04-20 22:50:00+07:00,"4800.08,4800.43,4795.38,4795.38"
2026-04-20 22:55:00+07:00,"4795.38,4801.23,4795.38,4799.73"
2026-04-20 23:00:00+07:00,"4799.76,4801.66,4794.22,4794.93"
2026-04-20 23:05:00+07:00,"4794.95,4798.39,4794.39,4797.83"
2026-04-20 23:10:00+07:00,"4797.82,4799.87,4797.81,4798.47"
2026-04-20 23:15:00+07:00,"4798.48,4800.06,4792.77,4796.96"
2026-04-20 23:20:00+07:00,"4796.96,4799.81,4796.68,4797.85"
2026-04-20 23:25:00+07:00,"4797.84,4801.93,4797.53,4801.3"
2026-04-20 23:30:00+07:00,"4801.31,4804.49,4800.07,4800.23"
2026-04-20 23:35:00+07:00,"4800.31,4800.91,4798.8,4800.16"
2026-04-20 23:40:00+07:00,"4800.14,4804.96,4798.88,4802.03"
2026-04-20 23:45:00+07:00,"4802.04,4804.87,4801.73,4803.92"
2026-04-20 23:50:00+07:00,"4803.9,4806.52,4803.33,4805.11"
2026-04-20 23:55:00+07:00,"4805.1,4805.99,4803.64,4805.64"
2026-04-21 00:00:00+07:00,"4805.57,4808.82,4803.81,4807.54"
2026-04-21 00:05:00+07:00,"4807.53,4809.87,4806.61,4809.33"
2026-04-21 00:10:00+07:00,"4809.3,4810.67,4808.37,4808.87"
2026-04-21 00:15:00+07:00,"4808.88,4810.43,4807.52,4809.02"
2026-04-21 00:20:00+07:00,"4809.05,4811.45,4807.09,4807.95"
2026-04-21 00:25:00+07:00,"4807.96,4810.34,4806.22,4810.03"
2026-04-21 00:30:00+07:00,"4810.04,4812.18,4805.02,4805.14"
2026-04-21 00:35:00+07:00,"4805.15,4810.87,4805.06,4809.89"
2026-04-21 00:40:00+07:00,"4809.93,4812.41,4808.15,4809.46"
2026-04-21 00:45:00+07:00,"4809.58,4809.63,4807.84,4809.28"
2026-04-21 00:50:00+07:00,"4809.16,4810.02,4807.47,4809.37"
2026-04-21 00:55:00+07:00,"4809.33,4809.67,4805.69,4806.99"
2026-04-21 01:00:00+07:00,"4806.9,4811.98,4806.9,4811.34"
2026-04-21 01:05:00+07:00,"4811.32,4815.16,4810.83,4814.02"
2026-04-21 01:10:00+07:00,"4813.95,4815.87,4810.52,4815.48"
2026-04-21 01:15:00+07:00,"4815.5,4815.5,4812.84,4813.69"
2026-04-21 01:20:00+07:00,"4813.61,4815.41,4812.43,4813.39"
2026-04-21 01:25:00+07:00,"4813.4,4814.78,4811.72,4813.52"
2026-04-21 01:30:00+07:00,"4813.49,4815.62,4812.02,4814.98"
2026-04-21 01:35:00+07:00,"4814.95,4815.46,4810.88,4812.12"
2026-04-21 01:40:00+07:00,"4812.11,4815.43,4812.08,4814.59"
2026-04-21 01:45:00+07:00,"4814.6,4816.04,4813.95,4814.99"
2026-04-21 01:50:00+07:00,"4814.86,4816.58,4814.67,4815.06"
2026-04-21 01:55:00+07:00,"4815.1,4816.45,4813.14,4813.99"
2026-04-21 02:00:00+07:00,"4813.98,4818.87,4813.84,4817.72"
2026-04-21 02:05:00+07:00,"4817.72,4820.15,4817.36,4819.92"
2026-04-21 02:10:00+07:00,"4819.92,4821.48,4818.73,4820.32"
2026-04-21 02:15:00+07:00,"4820.33,4820.57,4817.93,4818.73"
2026-04-21 02:20:00+07:00,"4818.76,4819.33,4816.88,4818.57"
2026-04-21 02:25:00+07:00,"4818.56,4818.85,4816.08,4817.01"
2026-04-21 02:30:00+07:00,"4817,4817.34,4813.83,4814.76"
2026-04-21 02:35:00+07:00,"4814.78,4814.98,4810.3,4811.07"
2026-04-21 02:40:00+07:00,"4810.99,4812.92,4810.34,4811.51"
2026-04-21 02:45:00+07:00,"4811.52,4813.37,4811.52,4812.57"
2026-04-21 02:50:00+07:00,"4812.56,4813.47,4811.29,4811.29"
2026-04-21 02:55:00+07:00,"4811.32,4814.44,4811.07,4814.36"
2026-04-21 03:00:00+07:00,"4814.46,4817.05,4813.8,4815.38"
2026-04-21 03:05:00+07:00,"4815.37,4816.11,4814.03,4814.16"
2026-04-21 03:10:00+07:00,"4814.17,4814.95,4812.59,4813.68"
2026-04-21 03:15:00+07:00,"4813.69,4814.56,4811.99,4813.13"
2026-04-21 03:20:00+07:00,"4813.12,4815.89,4812.66,4815.42"
2026-04-21 03:25:00+07:00,"4815.4,4817.16,4814.8,4816.03"
2026-04-21 03:30:00+07:00,"4816.02,4817.04,4812.97,4814.31"
2026-04-21 03:35:00+07:00,"4814.3,4816.03,4812.83,4815.28"
2026-04-21 03:40:00+07:00,"4815.27,4817.57,4814.64,4816.48"
2026-04-21 03:45:00+07:00,"4816.47,4817.88,4816.14,4817.41"
2026-04-21 03:50:00+07:00,"4817.42,4821.19,4817.19,4819.76"
2026-04-21 03:55:00+07:00,"4819.68,4822.1,4819.6,4820.21"
2026-04-21 05:00:00+07:00,"4822.05,4831.51,4820.43,4825.2"
2026-04-21 05:05:00+07:00,"4825.19,4832.02,4823.08,4829.59"
2026-04-21 05:10:00+07:00,"4829.6,4832.52,4827.5,4828.84"
2026-04-21 05:15:00+07:00,"4828.83,4833.16,4828.77,4831.34"
2026-04-21 05:20:00+07:00,"4831.42,4833.59,4829.96,4830.96"
2026-04-21 05:25:00+07:00,"4830.95,4832.68,4828.41,4829.02"
2026-04-21 05:30:00+07:00,"4829,4829.2,4824.87,4827.71"
2026-04-21 05:35:00+07:00,"4827.77,4830.86,4827.7,4828.78"
2026-04-21 05:40:00+07:00,"4828.81,4831.04,4828.81,4830.91"
2026-04-21 05:45:00+07:00,"4830.86,4831.96,4829.16,4829.85"
2026-04-21 05:50:00+07:00,"4829.87,4830.12,4826.69,4827.3"
2026-04-21 05:55:00+07:00,"4827.37,4828.03,4825.08,4827.86"
2026-04-21 06:00:00+07:00,"4827.82,4831.98,4825.54,4826.68"
2026-04-21 06:05:00+07:00,"4826.69,4827.43,4824.03,4824.7"
2026-04-21 06:10:00+07:00,"4824.72,4826.77,4824.65,4825.82"
2026-04-21 06:15:00+07:00,"4825.81,4825.9,4823.84,4824.76"
2026-04-21 06:20:00+07:00,"4824.79,4826.46,4824.54,4826.01"
2026-04-21 06:25:00+07:00,"4826,4827,4825.09,4825.8"
2026-04-21 06:30:00+07:00,"4825.8,4825.8,4822.86,4823.94"
2026-04-21 06:35:00+07:00,"4823.95,4825.21,4822.89,4824.81"
2026-04-21 06:40:00+07:00,"4824.68,4824.89,4823.09,4824.14"
2026-04-21 06:45:00+07:00,"4824.15,4824.81,4820.24,4821.31"
2026-04-21 06:50:00+07:00,"4821.32,4822.13,4820.06,4820.89"
2026-04-21 06:55:00+07:00,"4820.88,4822.13,4819.76,4821.92"
2026-04-21 07:00:00+07:00,"4822.06,4825.96,4820.22,4824.56"
2026-04-21 07:05:00+07:00,"4824.55,4828.51,4824.08,4828.47"
2026-04-21 07:10:00+07:00,"4828.31,4830.82,4827.62,4828.28"
2026-04-21 07:15:00+07:00,"4828.29,4829.35,4826.09,4827.91"
2026-04-21 07:20:00+07:00,"4827.9,4828.92,4825.12,4825.6"
2026-04-21 07:25:00+07:00,"4825.61,4825.69,4819.49,4819.89"
2026-04-21 07:30:00+07:00,"4819.94,4820.98,4817.08,4818.16"
2026-04-21 07:35:00+07:00,"4818.09,4820.44,4816.84,4819.72"
2026-04-21 07:40:00+07:00,"4819.72,4824.84,4819.49,4822.45"
2026-04-21 07:45:00+07:00,"4822.46,4825.99,4821.37,4825.02"
2026-04-21 07:50:00+07:00,"4825.02,4825.35,4822.52,4823.94"
2026-04-21 07:55:00+07:00,"4823.93,4826.2,4823.2,4824.03"
2026-04-21 08:00:00+07:00,"4823.98,4824.65,4816.45,4818.43"
2026-04-21 08:05:00+07:00,"4818.44,4820.49,4816.56,4818.47"
2026-04-21 08:10:00+07:00,"4818.46,4818.74,4813.02,4814.7"
2026-04-21 08:15:00+07:00,"4814.71,4818.01,4814.44,4817.58"
2026-04-21 08:20:00+07:00,"4817.5,4818.24,4814.96,4817.04"
2026-04-21 08:25:00+07:00,"4817.04,4818.76,4814.66,4818.63"
2026-04-21 08:30:00+07:00,"4818.51,4819.01,4815.81,4818"
2026-04-21 08:35:00+07:00,"4818,4819.02,4812.74,4813.4"
2026-04-21 08:40:00+07:00,"4813.39,4813.93,4809.2,4813.32"
2026-04-21 08:45:00+07:00,"4813.3,4814.19,4810.18,4812.36"
2026-04-21 08:50:00+07:00,"4812.35,4813.1,4808.65,4809.46"
2026-04-21 08:55:00+07:00,"4809.52,4810.68,4805.58,4810.16"
2026-04-21 09:00:00+07:00,"4810.17,4810.58,4806.57,4807.18"
2026-04-21 09:05:00+07:00,"4807.17,4810.46,4806.62,4808.26"
2026-04-21 09:10:00+07:00,"4808.27,4809.76,4805.76,4807.36"
2026-04-21 09:15:00+07:00,"4807.35,4808.82,4806.24,4806.86"
2026-04-21 09:20:00+07:00,"4807.01,4807.27,4803.58,4806.15"
2026-04-21 09:25:00+07:00,"4806.14,4808.65,4805.54,4807.77"
2026-04-21 09:30:00+07:00,"4807.77,4807.88,4802.4,4803.71"
2026-04-21 09:35:00+07:00,"4803.72,4806.35,4802.71,4806.17"
2026-04-21 09:40:00+07:00,"4806.18,4807.25,4805.26,4806.49"
2026-04-21 09:45:00+07:00,"4806.59,4807.3,4802.5,4803.99"
2026-04-21 09:50:00+07:00,"4803.99,4807.31,4803.51,4806.65"
2026-04-21 09:55:00+07:00,"4806.56,4808.23,4806.18,4806.83"
2026-04-21 10:00:00+07:00,"4806.83,4807.91,4805.07,4807.55"
2026-04-21 10:05:00+07:00,"4807.54,4807.8,4802.06,4803.55"
2026-04-21 10:10:00+07:00,"4803.52,4804.33,4800.39,4800.61"
2026-04-21 10:15:00+07:00,"4800.62,4802.35,4796.54,4797.55"
2026-04-21 10:20:00+07:00,"4797.58,4799.65,4794.2,4794.2"
2026-04-21 10:25:00+07:00,"4794.22,4799.16,4793.51,4798.8"
2026-04-21 10:30:00+07:00,"4798.79,4800.08,4797.69,4798.69"
2026-04-21 10:35:00+07:00,"4798.72,4799.15,4793.93,4794.71"
2026-04-21 10:40:00+07:00,"4794.79,4795.14,4792.55,4795.11"
2026-04-21 10:45:00+07:00,"4795.11,4795.68,4793.73,4795.31"
2026-04-21 10:50:00+07:00,"4795.29,4797.18,4794.51,4795.39"
2026-04-21 10:55:00+07:00,"4795.39,4797.86,4794.85,4797"
2026-04-21 11:00:00+07:00,"4797.01,4798.02,4796.52,4797.61"
2026-04-21 11:05:00+07:00,"4797.61,4797.99,4794,4794.39"
2026-04-21 11:10:00+07:00,"4794.39,4795.86,4793.57,4794.11"
2026-04-21 11:15:00+07:00,"4794.22,4796.66,4791.94,4793.12"
2026-04-21 11:20:00+07:00,"4793.12,4795.31,4791.14,4792.34"
2026-04-21 11:25:00+07:00,"4792.35,4795.45,4791.67,4792.23"
2026-04-21 11:30:00+07:00,"4792.24,4792.94,4789.54,4792.05"
2026-04-21 11:35:00+07:00,"4792.06,4793.58,4791.92,4792.97"
2026-04-21 11:40:00+07:00,"4792.97,4794.33,4791.08,4791.82"
2026-04-21 11:45:00+07:00,"4791.83,4793.52,4789.59,4789.9"
2026-04-21 11:50:00+07:00,"4789.92,4791.15,4789.12,4789.83"
2026-04-21 11:55:00+07:00,"4789.83,4791.93,4788.6,4789.33"
2026-04-21 12:00:00+07:00,"4789.34,4791.22,4785.78,4791.04"
2026-04-21 12:05:00+07:00,"4791.04,4793.25,4789.59,4790.03"
2026-04-21 12:10:00+07:00,"4790.04,4790.72,4787.57,4789.55"
2026-04-21 12:15:00+07:00,"4789.54,4791.49,4788.87,4789.19"
2026-04-21 12:20:00+07:00,"4789.2,4790.18,4786.47,4789.59"
2026-04-21 12:25:00+07:00,"4789.59,4790.91,4785.77,4787.46"
2026-04-21 12:30:00+07:00,"4787.45,4793.03,4786.37,4792.23"
2026-04-21 12:35:00+07:00,"4792.2,4796.76,4791.04,4795.84"
2026-04-21 12:40:00+07:00,"4795.85,4797.06,4794.83,4796.33"
2026-04-21 12:45:00+07:00,"4796.34,4796.67,4790.43,4790.67"
2026-04-21 12:50:00+07:00,"4790.66,4790.87,4783.1,4787.77"
2026-04-21 12:55:00+07:00,"4787.71,4788.34,4783.75,4784.18"
2026-04-21 13:00:00+07:00,"4784.18,4785.66,4775.49,4782.66"
2026-04-21 13:05:00+07:00,"4782.68,4787.68,4779.62,4787.68"
2026-04-21 13:10:00+07:00,"4787.57,4790.81,4784.15,4785.09"
2026-04-21 13:15:00+07:00,"4785.08,4786.11,4779.31,4780.62"
2026-04-21 13:20:00+07:00,"4780.63,4783.56,4776.99,4781.5"
2026-04-21 13:25:00+07:00,"4781.49,4781.49,4775.1,4778.88"
2026-04-21 13:30:00+07:00,"4778.88,4782.57,4776.94,4778.65"
2026-04-21 13:35:00+07:00,"4778.67,4780.19,4776.03,4778.26"
2026-04-21 13:40:00+07:00,"4778.25,4781.3,4776.51,4780.37"
2026-04-21 13:45:00+07:00,"4780.38,4783.74,4776.57,4777.79"
2026-04-21 13:50:00+07:00,"4777.77,4778.87,4774.57,4776.57"
2026-04-21 13:55:00+07:00,"4776.54,4779.96,4776.16,4778.5"
2026-04-21 14:00:00+07:00,"4778.44,4779.82,4772.66,4774.67"
2026-04-21 14:05:00+07:00,"4774.68,4781.38,4774.35,4781.22"
2026-04-21 14:10:00+07:00,"4781.22,4785.86,4780.65,4782.89"
2026-04-21 14:15:00+07:00,"4782.91,4787.67,4782.91,4784.46"
2026-04-21 14:20:00+07:00,"4784.43,4784.53,4780.29,4783.82"
2026-04-21 14:25:00+07:00,"4783.84,4785.74,4782.38,4783.37"
2026-04-21 14:30:00+07:00,"4783.36,4784.9,4781.17,4781.87"
2026-04-21 14:35:00+07:00,"4781.86,4784.8,4781.62,4781.98"
2026-04-21 14:40:00+07:00,"4781.99,4787.44,4780.91,4786.61"
2026-04-21 14:45:00+07:00,"4786.57,4790.96,4786.24,4790.5"
2026-04-21 14:50:00+07:00,"4790.48,4792.82,4787.97,4788.8"
2026-04-21 14:55:00+07:00,"4788.79,4789.97,4784.4,4786.13"
2026-04-21 15:00:00+07:00,"4786.06,4787.75,4784.3,4785.68"
2026-04-21 15:05:00+07:00,"4785.68,4786.19,4777.87,4780.55"
2026-04-21 15:10:00+07:00,"4780.57,4781.74,4774.7,4775.91"
2026-04-21 15:15:00+07:00,"4775.92,4783.92,4775.18,4783.29"
2026-04-21 15:20:00+07:00,"4783.3,4789.37,4782.95,4786.87"
2026-04-21 15:25:00+07:00,"4786.88,4788.43,4784.44,4787.12"
2026-04-21 15:30:00+07:00,"4787.11,4789.49,4784.66,4787.95"
2026-04-21 15:35:00+07:00,"4787.95,4788.75,4785.85,4788.39"
2026-04-21 15:40:00+07:00,"4788.25,4793.1,4786.9,4791.63"
2026-04-21 15:45:00+07:00,"4791.64,4792.92,4789.61,4789.8"
2026-04-21 15:50:00+07:00,"4789.83,4789.97,4786.07,4788.62"
2026-04-21 15:55:00+07:00,"4788.63,4788.7,4785.89,4785.9"
2026-04-21 16:00:00+07:00,"4785.97,4786.36,4781.24,4785.29"
2026-04-21 16:05:00+07:00,"4785.27,4787,4783.88,4786"
2026-04-21 16:10:00+07:00,"4786.03,4787.08,4784.04,4784.31"
2026-04-21 16:15:00+07:00,"4784.3,4787.52,4783.34,4787.06"
2026-04-21 16:20:00+07:00,"4787.01,4788.04,4784.61,4785.42"
2026-04-21 16:25:00+07:00,"4785.44,4786.48,4781.06,4782.08"
2026-04-21 16:30:00+07:00,"4782.07,4785.11,4781.91,4784.76"
2026-04-21 16:35:00+07:00,"4784.77,4785.92,4782.06,4783.65"
2026-04-21 16:40:00+07:00,"4783.63,4787.68,4783.02,4787.28"
2026-04-21 16:45:00+07:00,"4787.29,4788.09,4783.2,4785.08"
2026-04-21 16:50:00+07:00,"4785.12,4788.43,4784.62,4787.61"
2026-04-21 16:55:00+07:00,"4787.6,4789.64,4783.53,4783.76"
2026-04-21 17:00:00+07:00,"4783.77,4785.86,4782.42,4783.17"
2026-04-21 17:05:00+07:00,"4783.16,4786.08,4782.99,4785.31"
2026-04-21 17:10:00+07:00,"4785.32,4785.65,4782.11,4782.97"
2026-04-21 17:15:00+07:00,"4783.09,4784.03,4780.68,4782.92"
2026-04-21 17:20:00+07:00,"4782.9,4785.1,4782.15,4782.69"
2026-04-21 17:25:00+07:00,"4782.67,4784.59,4781.93,4782.94"
2026-04-21 17:30:00+07:00,"4783,4786.11,4782.57,4784.57"
2026-04-21 17:35:00+07:00,"4784.55,4788.01,4784.37,4787.28"
2026-04-21 17:40:00+07:00,"4787.29,4787.51,4785.42,4786.26"
2026-04-21 17:45:00+07:00,"4786.25,4787.98,4786.09,4786.8"
2026-04-21 17:50:00+07:00,"4786.81,4790.35,4786.81,4789.94"
2026-04-21 17:55:00+07:00,"4790.02,4790.59,4788.76,4789.73"
2026-04-21 18:00:00+07:00,"4789.74,4790.29,4786.96,4787.26"
2026-04-21 18:05:00+07:00,"4787.25,4789.04,4775.65,4780.48"
2026-04-21 18:10:00+07:00,"4780.49,4782.94,4779.09,4782"
2026-04-21 18:15:00+07:00,"4782.01,4783.12,4780.84,4781.86"
2026-04-21 18:20:00+07:00,"4782.01,4784.71,4781.49,4781.73"
2026-04-21 18:25:00+07:00,"4781.72,4784.17,4779.12,4783.72"
2026-04-21 18:30:00+07:00,"4783.72,4790.52,4783.16,4787.44"
2026-04-21 18:35:00+07:00,"4787.45,4791.03,4787.44,4789.8"
2026-04-21 18:40:00+07:00,"4789.79,4794.95,4789.17,4793.16"
2026-04-21 18:45:00+07:00,"4793.25,4797.89,4791.65,4795.81"
2026-04-21 18:50:00+07:00,"4795.84,4797.17,4792.7,4793.92"
2026-04-21 18:55:00+07:00,"4793.91,4796.38,4793.44,4794.64"
2026-04-21 19:00:00+07:00,"4794.65,4797.1,4793.39,4793.39"
2026-04-21 19:05:00+07:00,"4793.38,4796.1,4791.45,4795.58"
2026-04-21 19:10:00+07:00,"4795.59,4795.96,4790.92,4791.08"
2026-04-21 19:15:00+07:00,"4791.09,4791.79,4783.48,4783.75"
2026-04-21 19:20:00+07:00,"4783.77,4785.3,4779.03,4782.79"
2026-04-21 19:25:00+07:00,"4782.81,4784.56,4779.95,4780.46"
2026-04-21 19:30:00+07:00,"4780.47,4787.78,4766.38,4787.07"
2026-04-21 19:35:00+07:00,"4787.08,4790.68,4780,4780.53"
2026-04-21 19:40:00+07:00,"4780.52,4782.94,4776.06,4778.83"
2026-04-21 19:45:00+07:00,"4778.86,4783.08,4777.51,4777.98"
2026-04-21 19:50:00+07:00,"4777.94,4781.66,4776.81,4780.18"
2026-04-21 19:55:00+07:00,"4780.18,4782.55,4776.15,4778.77"
2026-04-21 20:00:00+07:00,"4778.76,4783.94,4778.19,4779.28"
2026-04-21 20:05:00+07:00,"4779.27,4779.77,4767.48,4767.98"
2026-04-21 20:10:00+07:00,"4767.99,4771.23,4764.51,4765.31"
2026-04-21 20:15:00+07:00,"4765.34,4772.31,4760.46,4768.44"
2026-04-21 20:20:00+07:00,"4768.45,4772.46,4766.79,4770.21"
2026-04-21 20:25:00+07:00,"4770.25,4775.72,4769.33,4774.93"
2026-04-21 20:30:00+07:00,"4774.91,4781.38,4773.96,4775.76"
2026-04-21 20:35:00+07:00,"4775.77,4786.14,4770.1,4784.37"
2026-04-21 20:40:00+07:00,"4784.36,4792.74,4784.23,4789.13"
2026-04-21 20:45:00+07:00,"4789.12,4794.38,4785.68,4788.91"
2026-04-21 20:50:00+07:00,"4788.9,4793.61,4786.77,4789.21"
2026-04-21 20:55:00+07:00,"4789.19,4789.52,4777.09,4779.16"
2026-04-21 21:00:00+07:00,"4779.02,4781.51,4772.88,4780.57"
2026-04-21 21:05:00+07:00,"4780.56,4782.79,4779.07,4780.54"
2026-04-21 21:10:00+07:00,"4780.42,4780.95,4776.02,4778.39"
2026-04-21 21:15:00+07:00,"4778.37,4780.54,4776.86,4777.83"
2026-04-21 21:20:00+07:00,"4777.89,4778.57,4771.88,4772.57"
2026-04-21 21:25:00+07:00,"4772.67,4775.35,4769.57,4774.21"
2026-04-21 21:30:00+07:00,"4774.2,4775.21,4761.93,4768.36"
2026-04-21 21:35:00+07:00,"4768.37,4769.64,4760.79,4761.41"
2026-04-21 21:40:00+07:00,"4761.33,4763.55,4743.38,4744.69"
2026-04-21 21:45:00+07:00,"4744.59,4745.91,4723.46,4727.63"
2026-04-21 21:50:00+07:00,"4727.62,4739.38,4723.11,4738.91"
2026-04-21 21:55:00+07:00,"4738.88,4742.07,4733.54,4739.04"
2026-04-21 22:00:00+07:00,"4738.87,4741.15,4730.31,4734.23"
2026-04-21 22:05:00+07:00,"4734.18,4740.79,4727.72,4740.66"
2026-04-21 22:10:00+07:00,"4740.68,4750.93,4740.11,4748.04"
2026-04-21 22:15:00+07:00,"4748.05,4756.87,4745.19,4755.27"
2026-04-21 22:20:00+07:00,"4755.27,4757.84,4748.42,4750.24"
2026-04-21 22:25:00+07:00,"4750.24,4750.41,4741.86,4742.66"
2026-04-21 22:30:00+07:00,"4742.68,4745.82,4741.23,4744.13"
2026-04-21 22:35:00+07:00,"4744.05,4745.07,4736.72,4743.07"
2026-04-21 22:40:00+07:00,"4743.06,4747.85,4738.86,4745.71"
2026-04-21 22:45:00+07:00,"4745.7,4750.25,4743.89,4746.21"
2026-04-21 22:50:00+07:00,"4746.19,4746.4,4739.64,4741.16"
2026-04-21 22:55:00+07:00,"4741.18,4741.97,4738.88,4741.56"
2026-04-21 23:00:00+07:00,"4741.59,4747.14,4739.92,4740.17"
2026-04-21 23:05:00+07:00,"4740.16,4741.54,4734.44,4735.19"
2026-04-21 23:10:00+07:00,"4735.18,4735.34,4726.67,4730.54"
2026-04-21 23:15:00+07:00,"4730.48,4734.31,4728.32,4732.36"
2026-04-21 23:20:00+07:00,"4732.35,4732.55,4727.81,4730.69"
2026-04-21 23:25:00+07:00,"4730.7,4730.73,4718.56,4720.76"
2026-04-21 23:30:00+07:00,"4720.71,4726.11,4719.54,4724.27"
2026-04-21 23:35:00+07:00,"4724.26,4727.77,4719.97,4723.73"
2026-04-21 23:40:00+07:00,"4723.72,4725.83,4720.52,4720.94"
2026-04-21 23:45:00+07:00,"4720.99,4722.88,4718.41,4721.57"
2026-04-21 23:50:00+07:00,"4721.56,4721.7,4708.23,4709.51"
2026-04-21 23:55:00+07:00,"4709.48,4713.01,4708.72,4710.99"
2026-04-22 00:00:00+07:00,"4711,4718.44,4710.24,4712.65"
2026-04-22 00:05:00+07:00,"4712.64,4712.65,4707.44,4710.27"
2026-04-22 00:10:00+07:00,"4710.33,4711.75,4700.72,4706.47"
2026-04-22 00:15:00+07:00,"4706.46,4708.77,4699.76,4700.96"
2026-04-22 00:20:00+07:00,"4700.94,4705.84,4699.86,4703.5"
2026-04-22 00:25:00+07:00,"4703.49,4705.75,4697.46,4699.92"
2026-04-22 00:30:00+07:00,"4699.91,4706.38,4697.05,4705.46"
2026-04-22 00:35:00+07:00,"4705.46,4711.2,4703.8,4709.07"
2026-04-22 00:40:00+07:00,"4709.04,4722.45,4706.25,4717.77"
2026-04-22 00:45:00+07:00,"4717.78,4718.88,4711.21,4712"
2026-04-22 00:50:00+07:00,"4711.99,4712.67,4706.76,4707.01"
2026-04-22 00:55:00+07:00,"4707,4711.55,4705.93,4711.12"
2026-04-22 01:00:00+07:00,"4711.11,4714.79,4710.26,4710.81"
2026-04-22 01:05:00+07:00,"4710.82,4713.54,4708.13,4708.3"
2026-04-22 01:10:00+07:00,"4708.29,4708.56,4703.75,4704.71"
2026-04-22 01:15:00+07:00,"4704.7,4705.01,4694.58,4696.15"
2026-04-22 01:20:00+07:00,"4696.14,4697.94,4692.99,4695.21"
2026-04-22 01:25:00+07:00,"4695.18,4696.54,4692.47,4696.54"
2026-04-22 01:30:00+07:00,"4696.53,4703.14,4696.53,4702.18"
2026-04-22 01:35:00+07:00,"4702.2,4703.69,4699.98,4701.45"
2026-04-22 01:40:00+07:00,"4701.48,4703.88,4699.39,4702.98"
2026-04-22 01:45:00+07:00,"4702.98,4704.26,4701.09,4702.11"
2026-04-22 01:50:00+07:00,"4702,4710.95,4699.01,4709.45"
2026-04-22 01:55:00+07:00,"4709.42,4713.76,4704.17,4709.26"
2026-04-22 02:00:00+07:00,"4709.27,4712.47,4707.2,4709.75"
2026-04-22 02:05:00+07:00,"4709.75,4711.38,4707.94,4709.85"
2026-04-22 02:10:00+07:00,"4709.83,4713.07,4703.74,4707.4"
2026-04-22 02:15:00+07:00,"4707.44,4710.59,4704.65,4706.61"
2026-04-22 02:20:00+07:00,"4706.6,4714.48,4705.56,4714.43"
2026-04-22 02:25:00+07:00,"4714.39,4715.26,4710.24,4714.05"
2026-04-22 02:30:00+07:00,"4714.04,4714.88,4710.11,4710.67"
2026-04-22 02:35:00+07:00,"4710.66,4710.66,4699.01,4701.3"
2026-04-22 02:40:00+07:00,"4701.38,4701.5,4668,4671.91"
2026-04-22 02:45:00+07:00,"4672.06,4684.85,4671.28,4681.91"
2026-04-22 02:50:00+07:00,"4681.93,4685.66,4676.42,4680.07"
2026-04-22 02:55:00+07:00,"4680.03,4684.5,4676.5,4679.28"
2026-04-22 03:00:00+07:00,"4679.13,4679.65,4674.2,4676.59"
2026-04-22 03:05:00+07:00,"4676.61,4683.05,4668.83,4680.58"
2026-04-22 03:10:00+07:00,"4681.31,4702.31,4679.03,4697.2"
2026-04-22 03:15:00+07:00,"4697.27,4710.06,4694.63,4703.21"
2026-04-22 03:20:00+07:00,"4703.2,4711.32,4702.15,4709.87"
2026-04-22 03:25:00+07:00,"4709.88,4710.64,4704.99,4705.45"
2026-04-22 03:30:00+07:00,"4705.71,4710.45,4705.08,4710.15"
2026-04-22 03:35:00+07:00,"4710.19,4713.81,4709.61,4712.34"
2026-04-22 03:40:00+07:00,"4712.33,4712.92,4710.21,4711.5"
2026-04-22 03:45:00+07:00,"4711.51,4714.12,4709.26,4713.17"
2026-04-22 03:50:00+07:00,"4713.23,4718.78,4711.5,4717.14"
2026-04-22 03:55:00+07:00,"4717.13,4720.83,4716.43,4719.44"
2026-04-22 05:00:00+07:00,"4719.25,4729.64,4716.93,4725.53"
2026-04-22 05:05:00+07:00,"4725.69,4726.08,4717.94,4720.87"
2026-04-22 05:10:00+07:00,"4720.89,4723.6,4718.37,4721.63"
2026-04-22 05:15:00+07:00,"4721.63,4721.76,4719.25,4720.81"
2026-04-22 05:20:00+07:00,"4720.75,4720.76,4716.38,4718.26"
2026-04-22 05:25:00+07:00,"4718.25,4720.32,4716.71,4719.04"
2026-04-22 05:30:00+07:00,"4719.02,4719.44,4716.34,4717.64"
2026-04-22 05:35:00+07:00,"4717.65,4719.75,4717.33,4718.61"
2026-04-22 05:40:00+07:00,"4718.65,4718.97,4715.96,4716.85"
2026-04-22 05:45:00+07:00,"4716.8,4718.98,4716.04,4716.79"
2026-04-22 05:50:00+07:00,"4716.73,4719.31,4715.4,4718.73"
2026-04-22 05:55:00+07:00,"4718.75,4720.19,4717.41,4719.51"
2026-04-22 06:00:00+07:00,"4719.5,4722.81,4717.89,4721.92"
2026-04-22 06:05:00+07:00,"4721.91,4725.97,4721.56,4724.98"
2026-04-22 06:10:00+07:00,"4724.9,4729.86,4724.7,4727.46"
2026-04-22 06:15:00+07:00,"4727.45,4733.13,4726.08,4731.54"
2026-04-22 06:20:00+07:00,"4731.51,4733.03,4730.55,4732.63"
2026-04-22 06:25:00+07:00,"4732.64,4733.22,4729.83,4729.9"
2026-04-22 06:30:00+07:00,"4729.92,4733.66,4729.45,4732.59"
2026-04-22 06:35:00+07:00,"4732.58,4733.9,4728.52,4730.43"
2026-04-22 06:40:00+07:00,"4730.45,4732.97,4729.29,4731.63"
2026-04-22 06:45:00+07:00,"4731.69,4738.61,4731.36,4738.29"
2026-04-22 06:50:00+07:00,"4738.24,4740.56,4736.71,4739.08"
2026-04-22 06:55:00+07:00,"4739.08,4739.75,4737.15,4738.15"
2026-04-22 07:00:00+07:00,"4738.22,4745.48,4738.22,4743.09"
2026-04-22 07:05:00+07:00,"4743.17,4747.45,4740.88,4744.32"
2026-04-22 07:10:00+07:00,"4744.33,4746.45,4742.7,4742.99"
2026-04-22 07:15:00+07:00,"4743,4745.58,4741.09,4743.43"
2026-04-22 07:20:00+07:00,"4743.44,4745.75,4741.3,4741.47"
2026-04-22 07:25:00+07:00,"4741.55,4744.93,4740.28,4742.56"
2026-04-22 07:30:00+07:00,"4742.49,4747.11,4742.17,4745.2"
2026-04-22 07:35:00+07:00,"4745.11,4745.6,4743.28,4745.04"
2026-04-22 07:40:00+07:00,"4745,4745.3,4741.46,4742.23"
2026-04-22 07:45:00+07:00,"4742.24,4746.75,4741.27,4743.76"
2026-04-22 07:50:00+07:00,"4743.72,4744.55,4739.6,4740.18"
2026-04-22 07:55:00+07:00,"4740.18,4741.99,4738.63,4740.03"
2026-04-22 08:00:00+07:00,"4740.03,4745.42,4737.38,4740.83"
2026-04-22 08:05:00+07:00,"4740.86,4741.89,4735.77,4739.13"
2026-04-22 08:10:00+07:00,"4739.14,4740.26,4736.15,4738.49"
2026-04-22 08:15:00+07:00,"4738.44,4743.66,4737.76,4740.37"
2026-04-22 08:20:00+07:00,"4740.35,4749.27,4740.35,4745.94"
2026-04-22 08:25:00+07:00,"4745.95,4747.72,4743.79,4746.49"
2026-04-22 08:30:00+07:00,"4746.54,4750.54,4746.2,4748.41"
2026-04-22 08:35:00+07:00,"4748.41,4753.59,4747.84,4751.71"
2026-04-22 08:40:00+07:00,"4751.67,4753.85,4749.18,4749.6"
2026-04-22 08:45:00+07:00,"4749.59,4754.49,4747.94,4752.77"
2026-04-22 08:50:00+07:00,"4752.74,4754.81,4750.92,4754.15"
2026-04-22 08:55:00+07:00,"4754.21,4754.78,4752.03,4752.11"
2026-04-22 09:00:00+07:00,"4752.12,4753.52,4750.02,4752.73"
2026-04-22 09:05:00+07:00,"4752.72,4753.8,4751.12,4753.24"
2026-04-22 09:10:00+07:00,"4753.22,4756.2,4753.2,4755.61"
2026-04-22 09:15:00+07:00,"4755.6,4757.79,4753.57,4757.66"
2026-04-22 09:20:00+07:00,"4757.68,4758.26,4755.27,4755.46"
2026-04-22 09:25:00+07:00,"4755.53,4756.52,4754.76,4755.73"
2026-04-22 09:30:00+07:00,"4755.73,4758.63,4755.5,4756.66"
2026-04-22 09:35:00+07:00,"4756.67,4757.14,4753.35,4753.47"
2026-04-22 09:40:00+07:00,"4753.41,4753.56,4751.47,4751.58"
2026-04-22 09:45:00+07:00,"4751.58,4754.59,4751.01,4751.52"
2026-04-22 09:50:00+07:00,"4751.54,4755.75,4751.42,4755.33"
2026-04-22 09:55:00+07:00,"4755.27,4757.22,4753.21,4755.81"
2026-04-22 10:00:00+07:00,"4755.78,4759.21,4753.01,4758.98"
2026-04-22 10:05:00+07:00,"4758.97,4761.24,4758.38,4759.47"
2026-04-22 10:10:00+07:00,"4759.42,4760.13,4756.69,4757.54"
2026-04-22 10:15:00+07:00,"4757.52,4759.91,4756.98,4758.69"
2026-04-22 10:20:00+07:00,"4758.69,4760.62,4756.6,4759.54"
2026-04-22 10:25:00+07:00,"4759.56,4763.51,4759.06,4763.45"
2026-04-22 10:30:00+07:00,"4763.32,4765.08,4760.68,4761.12"
2026-04-22 10:35:00+07:00,"4761.11,4761.57,4756.9,4758.24"
2026-04-22 10:40:00+07:00,"4758.27,4759.96,4757.18,4759.24"
2026-04-22 10:45:00+07:00,"4759.27,4760.54,4758.21,4758.97"
2026-04-22 10:50:00+07:00,"4759.04,4760.88,4757.75,4757.85"
2026-04-22 10:55:00+07:00,"4757.77,4759.97,4757.06,4758.15"
2026-04-22 11:00:00+07:00,"4758.29,4759.6,4757.54,4759.07"
2026-04-22 11:05:00+07:00,"4759.07,4759.59,4758.34,4758.34"
2026-04-22 11:10:00+07:00,"4758.43,4758.8,4756.24,4757.65"
2026-04-22 11:15:00+07:00,"4757.59,4757.92,4755.39,4756.47"
2026-04-22 11:20:00+07:00,"4756.47,4757.42,4755.81,4756.31"
2026-04-22 11:25:00+07:00,"4756.29,4756.61,4754.58,4755.85"
2026-04-22 11:30:00+07:00,"4755.86,4757.5,4755.01,4755.06"
2026-04-22 11:35:00+07:00,"4754.95,4755.99,4753.35,4753.91"
2026-04-22 11:40:00+07:00,"4753.9,4756.77,4752.81,4756.47"
2026-04-22 11:45:00+07:00,"4756.49,4759.54,4756.23,4757.74"
2026-04-22 11:50:00+07:00,"4757.74,4757.87,4753.53,4754.8"
2026-04-22 11:55:00+07:00,"4754.78,4755.43,4752.15,4754.51"
2026-04-22 12:00:00+07:00,"4754.52,4755.1,4752.06,4753.05"
2026-04-22 12:05:00+07:00,"4753,4756,4752.49,4755.73"
2026-04-22 12:10:00+07:00,"4755.78,4757.07,4754.32,4756.87"
2026-04-22 12:15:00+07:00,"4756.99,4769.33,4756.35,4768.46"
2026-04-22 12:20:00+07:00,"4768.52,4771.6,4768.45,4768.65"
2026-04-22 12:25:00+07:00,"4768.73,4771.22,4764.81,4766.24"
2026-04-22 12:30:00+07:00,"4766.19,4767.19,4763.79,4765.74"
2026-04-22 12:35:00+07:00,"4765.56,4768.52,4765.33,4766.52"
2026-04-22 12:40:00+07:00,"4766.51,4769.56,4764.9,4767.36"
2026-04-22 12:45:00+07:00,"4767.3,4770.97,4765.91,4769.16"
2026-04-22 12:50:00+07:00,"4769.15,4772.25,4767.52,4767.93"
2026-04-22 12:55:00+07:00,"4767.92,4768.9,4764.15,4767.79"
2026-04-22 13:00:00+07:00,"4767.77,4767.97,4759.18,4759.3"
2026-04-22 13:05:00+07:00,"4759.28,4763.33,4758.88,4760.75"
2026-04-22 13:10:00+07:00,"4760.73,4763.26,4760.6,4762.69"
2026-04-22 13:15:00+07:00,"4762.75,4764.09,4760.55,4763.65"
2026-04-22 13:20:00+07:00,"4763.64,4765.28,4762.91,4763.5"
2026-04-22 13:25:00+07:00,"4763.51,4767.27,4762.59,4766.98"
2026-04-22 13:30:00+07:00,"4766.84,4767.85,4765.02,4765.91"
2026-04-22 13:35:00+07:00,"4765.94,4766.41,4764.28,4764.98"
2026-04-22 13:40:00+07:00,"4764.76,4766.37,4763.71,4763.81"
2026-04-22 13:45:00+07:00,"4763.8,4766.6,4763.25,4766.13"
2026-04-22 13:50:00+07:00,"4766.12,4767.82,4765.58,4766.61"
2026-04-22 13:55:00+07:00,"4766.56,4767.91,4766.16,4767.84"
2026-04-22 14:00:00+07:00,"4767.83,4770.58,4766.74,4768.82"
2026-04-22 14:05:00+07:00,"4768.81,4772.52,4767.17,4770.09"
2026-04-22 14:10:00+07:00,"4770.15,4770.15,4765.22,4765.59"
2026-04-22 14:15:00+07:00,"4765.58,4765.77,4762.34,4763.86"
2026-04-22 14:20:00+07:00,"4763.87,4767.93,4763.59,4766.41"
2026-04-22 14:25:00+07:00,"4766.44,4767.87,4763.34,4766.1"
2026-04-22 14:30:00+07:00,"4766.09,4766.59,4763.74,4764.4"
2026-04-22 14:35:00+07:00,"4764.39,4766.66,4764.37,4764.72"
2026-04-22 14:40:00+07:00,"4764.71,4764.72,4762.03,4763.94"
2026-04-22 14:45:00+07:00,"4763.78,4764.39,4760.91,4761.37"
2026-04-22 14:50:00+07:00,"4761.36,4762.49,4759.49,4760.26"
2026-04-22 14:55:00+07:00,"4760.27,4763.53,4760.21,4760.54"
2026-04-22 15:00:00+07:00,"4760.53,4761.79,4758.69,4759.52"
2026-04-22 15:05:00+07:00,"4759.51,4761.66,4758.79,4760.12"
2026-04-22 15:10:00+07:00,"4760.11,4762.4,4757.72,4758.08"
2026-04-22 15:15:00+07:00,"4757.91,4760.14,4756.03,4758.86"
2026-04-22 15:20:00+07:00,"4758.87,4759.25,4754.14,4754.77"
2026-04-22 15:25:00+07:00,"4754.78,4756.49,4754.02,4754.27"
2026-04-22 15:30:00+07:00,"4754.28,4757.13,4752.48,4753.07"
2026-04-22 15:35:00+07:00,"4753.06,4754.17,4751.7,4753.17"
2026-04-22 15:40:00+07:00,"4753.18,4756.43,4751.89,4756.16"
2026-04-22 15:45:00+07:00,"4756.11,4756.83,4753.98,4755.3"
2026-04-22 15:50:00+07:00,"4755.29,4757.69,4753.75,4757.46"
2026-04-22 15:55:00+07:00,"4757.45,4758.48,4756.74,4756.96"
2026-04-22 16:00:00+07:00,"4756.97,4760.95,4756.65,4759.76"
2026-04-22 16:05:00+07:00,"4759.79,4761.91,4759.52,4760.78"
2026-04-22 16:10:00+07:00,"4760.79,4761.18,4759.46,4760.73"
2026-04-22 16:15:00+07:00,"4760.74,4761.89,4760.05,4760.26"
2026-04-22 16:20:00+07:00,"4760.25,4761.92,4759.35,4760.8"
2026-04-22 16:25:00+07:00,"4760.96,4761.23,4756.4,4756.42"
2026-04-22 16:30:00+07:00,"4756.43,4757.2,4755,4755.97"
2026-04-22 16:35:00+07:00,"4756.08,4759.01,4755.71,4758.57"
2026-04-22 16:40:00+07:00,"4758.57,4762.57,4758.01,4758.46"
2026-04-22 16:45:00+07:00,"4758.42,4759.21,4755.92,4757.87"
2026-04-22 16:50:00+07:00,"4757.82,4758.43,4753.68,4754.7"
2026-04-22 16:55:00+07:00,"4754.81,4756.81,4752.47,4755.27"
2026-04-22 17:00:00+07:00,"4755.29,4757.82,4747.78,4748.8"
2026-04-22 17:05:00+07:00,"4748.8,4752.22,4747.28,4748.61"
2026-04-22 17:10:00+07:00,"4748.56,4749.73,4745.79,4748.45"
2026-04-22 17:15:00+07:00,"4748.43,4754.42,4748.28,4753.62"
2026-04-22 17:20:00+07:00,"4753.61,4756.18,4749.65,4750.64"
2026-04-22 17:25:00+07:00,"4750.64,4754.9,4750.01,4754.6"
2026-04-22 17:30:00+07:00,"4754.78,4758.62,4753.53,4758.02"
2026-04-22 17:35:00+07:00,"4758.02,4759.54,4756.07,4757.56"
2026-04-22 17:40:00+07:00,"4757.54,4757.54,4754.26,4756.5"
2026-04-22 17:45:00+07:00,"4756.49,4757.92,4755.1,4756.94"
2026-04-22 17:50:00+07:00,"4756.92,4758.38,4756.36,4757.24"
2026-04-22 17:55:00+07:00,"4757.22,4760.1,4756.07,4759.28"
2026-04-22 18:00:00+07:00,"4759.45,4760.51,4756.61,4757.87"
2026-04-22 18:05:00+07:00,"4757.89,4759.12,4756.52,4756.65"
2026-04-22 18:10:00+07:00,"4756.62,4758.89,4756.54,4757.12"
2026-04-22 18:15:00+07:00,"4757.11,4760.75,4757.06,4759.86"
2026-04-22 18:20:00+07:00,"4759.96,4760.81,4757.09,4757.23"
2026-04-22 18:25:00+07:00,"4757.25,4759.1,4756.38,4757.45"
2026-04-22 18:30:00+07:00,"4757.45,4759.89,4756.78,4757.34"
2026-04-22 18:35:00+07:00,"4757.33,4758.55,4754.66,4754.84"
2026-04-22 18:40:00+07:00,"4754.83,4755.39,4748.43,4748.75"
2026-04-22 18:45:00+07:00,"4748.74,4753.26,4747.83,4752.03"
2026-04-22 18:50:00+07:00,"4752.01,4753.29,4750.23,4750.71"
2026-04-22 18:55:00+07:00,"4750.71,4751.41,4749.25,4750.39"
2026-04-22 19:00:00+07:00,"4750.35,4757.88,4750.35,4756.65"
2026-04-22 19:05:00+07:00,"4756.72,4756.93,4751.09,4752.85"
2026-04-22 19:10:00+07:00,"4752.87,4752.91,4749.52,4752.2"
2026-04-22 19:15:00+07:00,"4752.22,4752.78,4747.69,4747.7"
2026-04-22 19:20:00+07:00,"4747.69,4752.7,4747.34,4751.63"
2026-04-22 19:25:00+07:00,"4751.63,4759.85,4751.63,4753.3"
2026-04-22 19:30:00+07:00,"4753.31,4754.29,4749.08,4753.27"
2026-04-22 19:35:00+07:00,"4753.26,4753.26,4746.89,4750.45"
2026-04-22 19:40:00+07:00,"4750.44,4750.46,4745.73,4746.79"
2026-04-22 19:45:00+07:00,"4746.92,4748.51,4742.81,4744.32"
2026-04-22 19:50:00+07:00,"4744.33,4747.14,4743.02,4746.62"
2026-04-22 19:55:00+07:00,"4746.63,4746.87,4743.63,4744.46"
2026-04-22 20:00:00+07:00,"4744.47,4747.42,4740.33,4741.49"
2026-04-22 20:05:00+07:00,"4741.4,4751.08,4739.21,4744.96"
2026-04-22 20:10:00+07:00,"4744.92,4744.93,4739.92,4742.52"
2026-04-22 20:15:00+07:00,"4742.51,4744.75,4736.23,4743.51"
2026-04-22 20:20:00+07:00,"4743.71,4749.14,4740.29,4746.94"
2026-04-22 20:25:00+07:00,"4746.83,4750.39,4745.65,4750.3"
2026-04-22 20:30:00+07:00,"4750.22,4751.17,4741.95,4745.18"
2026-04-22 20:35:00+07:00,"4745.13,4753.18,4743.21,4748.68"
2026-04-22 20:40:00+07:00,"4748.67,4756.93,4747.01,4755.44"
2026-04-22 20:45:00+07:00,"4755.51,4760.89,4755.03,4756.79"
2026-04-22 20:50:00+07:00,"4756.78,4758.29,4750.82,4755.16"
2026-04-22 20:55:00+07:00,"4755.18,4755.26,4751.29,4752.96"
2026-04-22 21:00:00+07:00,"4752.95,4757.72,4745.01,4745.38"
2026-04-22 21:05:00+07:00,"4745.39,4747.52,4742.43,4746.32"
2026-04-22 21:10:00+07:00,"4746.36,4747.97,4742.49,4745.47"
2026-04-22 21:15:00+07:00,"4745.49,4749.58,4745.19,4746.89"
2026-04-22 21:20:00+07:00,"4746.9,4750.72,4743.38,4745.7"
2026-04-22 21:25:00+07:00,"4745.71,4748.84,4743.23,4743.88"
2026-04-22 21:30:00+07:00,"4743.87,4744.73,4732.12,4736.09"
2026-04-22 21:35:00+07:00,"4736.14,4738.78,4729.79,4737.24"
2026-04-22 21:40:00+07:00,"4737.24,4740.91,4732.52,4733.32"
2026-04-22 21:45:00+07:00,"4733.31,4739.82,4732.44,4737.93"
2026-04-22 21:50:00+07:00,"4737.93,4738.5,4732.64,4737.97"
2026-04-22 21:55:00+07:00,"4737.98,4738.56,4733.32,4736.08"
2026-04-22 22:00:00+07:00,"4736.17,4738.25,4734.35,4735.56"
2026-04-22 22:05:00+07:00,"4735.47,4739.85,4734.53,4736.21"
2026-04-22 22:10:00+07:00,"4736.17,4740.38,4736.04,4737.58"
2026-04-22 22:15:00+07:00,"4737.59,4737.73,4729.76,4733.46"
2026-04-22 22:20:00+07:00,"4733.45,4734.46,4730.59,4733.77"
2026-04-22 22:25:00+07:00,"4733.79,4736.47,4730.81,4734.94"
2026-04-22 22:30:00+07:00,"4734.91,4735.59,4731.21,4733.1"
2026-04-22 22:35:00+07:00,"4733.09,4733.67,4726.66,4728.08"
2026-04-22 22:40:00+07:00,"4728.11,4730.68,4725.84,4727.25"
2026-04-22 22:45:00+07:00,"4727.24,4730.42,4726.67,4728.46"
2026-04-22 22:50:00+07:00,"4728.45,4728.51,4724.85,4727.7"
2026-04-22 22:55:00+07:00,"4727.69,4731.53,4727.38,4727.75"
2026-04-22 23:00:00+07:00,"4727.65,4731.1,4725.8,4730.64"
2026-04-22 23:05:00+07:00,"4730.63,4735.17,4730.55,4733.49"
2026-04-22 23:10:00+07:00,"4733.53,4733.59,4729.45,4730.35"
2026-04-22 23:15:00+07:00,"4730.34,4730.56,4724.53,4724.86"
2026-04-22 23:20:00+07:00,"4724.87,4728.15,4724.24,4725.41"
2026-04-22 23:25:00+07:00,"4725.39,4728.22,4724.16,4727.01"
2026-04-22 23:30:00+07:00,"4727.02,4728.89,4723.97,4728.52"
2026-04-22 23:35:00+07:00,"4728.54,4731.49,4728.46,4730.88"
2026-04-22 23:40:00+07:00,"4730.93,4732.19,4727.92,4727.98"
2026-04-22 23:45:00+07:00,"4728,4730.45,4726.29,4730.05"
2026-04-22 23:50:00+07:00,"4730.01,4730.97,4727.41,4730.09"
2026-04-22 23:55:00+07:00,"4730.1,4730.22,4726.31,4728.77"
2026-04-23 00:00:00+07:00,"4728.78,4736.63,4728.57,4735.54"
2026-04-23 00:05:00+07:00,"4735.53,4736.82,4733.77,4736.57"
2026-04-23 00:10:00+07:00,"4736.56,4739.7,4735.02,4735.26"
2026-04-23 00:15:00+07:00,"4735.24,4737.22,4733.12,4733.61"
2026-04-23 00:20:00+07:00,"4733.57,4737.82,4733.33,4735.6"
2026-04-23 00:25:00+07:00,"4735.59,4736.72,4732.87,4735.25"
2026-04-23 00:30:00+07:00,"4735.27,4738.25,4734.95,4736.9"
2026-04-23 00:35:00+07:00,"4736.9,4738.35,4735.07,4735.07"
2026-04-23 00:40:00+07:00,"4735.08,4736.98,4734.4,4736.26"
2026-04-23 00:45:00+07:00,"4736.27,4738.4,4733.64,4736.61"
2026-04-23 00:50:00+07:00,"4736.62,4738.58,4735.11,4736.95"
2026-04-23 00:55:00+07:00,"4736.96,4738.05,4735.95,4737.31"
2026-04-23 01:00:00+07:00,"4737.32,4737.7,4735.14,4736.89"
2026-04-23 01:05:00+07:00,"4736.88,4738.71,4736.6,4737.34"
2026-04-23 01:10:00+07:00,"4737.26,4737.33,4735.53,4735.65"
2026-04-23 01:15:00+07:00,"4735.61,4736.05,4732.04,4732.86"
2026-04-23 01:20:00+07:00,"4732.92,4732.92,4729.81,4732.32"
2026-04-23 01:25:00+07:00,"4732.33,4733.68,4730.1,4730.32"
2026-04-23 01:30:00+07:00,"4730.31,4734.97,4730.08,4733.32"
2026-04-23 01:35:00+07:00,"4733.31,4738.37,4732.36,4738.19"
2026-04-23 01:40:00+07:00,"4738.18,4739.68,4735.47,4739.36"
2026-04-23 01:45:00+07:00,"4739.38,4749.43,4738.7,4746.67"
2026-04-23 01:50:00+07:00,"4746.64,4747.4,4741.98,4742.08"
2026-04-23 01:55:00+07:00,"4742.09,4742.36,4739.56,4741.85"
2026-04-23 02:00:00+07:00,"4741.87,4743.7,4739.09,4741.84"
2026-04-23 02:05:00+07:00,"4741.83,4743.57,4739.76,4740.37"
2026-04-23 02:10:00+07:00,"4740.34,4740.38,4736.99,4738.6"
2026-04-23 02:15:00+07:00,"4738.61,4742.02,4738.24,4741.41"
2026-04-23 02:20:00+07:00,"4741.42,4742.7,4740.56,4741.96"
2026-04-23 02:25:00+07:00,"4741.94,4745.6,4741.84,4744.5"
2026-04-23 02:30:00+07:00,"4744.51,4744.86,4740.83,4742"
2026-04-23 02:35:00+07:00,"4742.02,4742.06,4739.29,4739.69"
2026-04-23 02:40:00+07:00,"4739.71,4740.81,4738.36,4739.41"
2026-04-23 02:45:00+07:00,"4739.42,4740.21,4737.25,4738.69"
2026-04-23 02:50:00+07:00,"4738.64,4741.86,4737.18,4740.42"
2026-04-23 02:55:00+07:00,"4740.43,4742.03,4739.33,4740.32"
2026-04-23 03:00:00+07:00,"4740.27,4740.49,4737.46,4738.91"
2026-04-23 03:05:00+07:00,"4738.89,4740.24,4737.7,4738.04"
2026-04-23 03:10:00+07:00,"4738.05,4738.08,4734.97,4736.11"
2026-04-23 03:15:00+07:00,"4735.96,4737.73,4735.9,4736.63"
2026-04-23 03:20:00+07:00,"4736.73,4737.31,4734.83,4735.67"
2026-04-23 03:25:00+07:00,"4735.68,4737.31,4734.27,4736.77"
2026-04-23 03:30:00+07:00,"4736.8,4739.51,4736.79,4738.78"
2026-04-23 03:35:00+07:00,"4738.77,4738.8,4736.26,4737.89"
2026-04-23 03:40:00+07:00,"4737.85,4738.12,4736.2,4737.6"
2026-04-23 03:45:00+07:00,"4737.59,4739.8,4737.15,4738.85"
2026-04-23 03:50:00+07:00,"4738.87,4739.9,4737.85,4738.9"
2026-04-23 03:55:00+07:00,"4738.85,4740.81,4737.47,4738.93"
2026-04-23 05:00:00+07:00,"4740.63,4746.2,4739.16,4742.05"
2026-04-23 05:05:00+07:00,"4741.94,4741.94,4736.7,4738.91"
2026-04-23 05:10:00+07:00,"4738.87,4739.2,4736.06,4736.25"
2026-04-23 05:15:00+07:00,"4736.26,4738.3,4735.07,4736.43"
2026-04-23 05:20:00+07:00,"4736.44,4737.93,4735.29,4735.41"
2026-04-23 05:25:00+07:00,"4735.4,4736.13,4732.44,4732.95"
2026-04-23 05:30:00+07:00,"4732.94,4735.27,4732.44,4734.31"
2026-04-23 05:35:00+07:00,"4734.32,4734.38,4730.08,4731.01"
2026-04-23 05:40:00+07:00,"4731,4731.77,4729.87,4730.04"
2026-04-23 05:45:00+07:00,"4730.06,4731.99,4728.84,4730.16"
2026-04-23 05:50:00+07:00,"4730.17,4732,4729.83,4731"
2026-04-23 05:55:00+07:00,"4731.01,4731.06,4725.58,4725.95"
2026-04-23 06:00:00+07:00,"4725.95,4726.83,4723.34,4724.4"
2026-04-23 06:05:00+07:00,"4724.41,4726.39,4723.64,4726.17"
2026-04-23 06:10:00+07:00,"4726.2,4728.43,4725.54,4725.9"
2026-04-23 06:15:00+07:00,"4725.9,4729.19,4725.9,4728.87"
2026-04-23 06:20:00+07:00,"4728.87,4729.97,4726.21,4726.51"
2026-04-23 06:25:00+07:00,"4726.53,4728.44,4725.21,4728.25"
2026-04-23 06:30:00+07:00,"4728.12,4728.29,4726.17,4727.4"
2026-04-23 06:35:00+07:00,"4727.48,4727.99,4724.46,4725"
2026-04-23 06:40:00+07:00,"4725.03,4725.59,4723.77,4724.48"
2026-04-23 06:45:00+07:00,"4724.49,4728.57,4724.48,4728.22"
2026-04-23 06:50:00+07:00,"4728.19,4728.19,4725.58,4727.59"
2026-04-23 06:55:00+07:00,"4727.6,4729.17,4726.71,4727.82"
2026-04-23 07:00:00+07:00,"4727.87,4728.3,4720.1,4721.31"
2026-04-23 07:05:00+07:00,"4721.31,4722.53,4713.59,4715.42"
2026-04-23 07:10:00+07:00,"4715.4,4715.81,4698.5,4699.33"
2026-04-23 07:15:00+07:00,"4699.31,4724.07,4694.12,4722.59"
2026-04-23 07:20:00+07:00,"4722.79,4734.15,4722.37,4727.16"
2026-04-23 07:25:00+07:00,"4727.26,4742.47,4726.96,4741.64"
2026-04-23 07:30:00+07:00,"4741.63,4751.81,4740.96,4746.77"
2026-04-23 07:35:00+07:00,"4746.79,4748.27,4742.85,4745.7"
2026-04-23 07:40:00+07:00,"4745.66,4747.54,4742.21,4744.72"
2026-04-23 07:45:00+07:00,"4744.66,4750.24,4743.49,4747.42"
2026-04-23 07:50:00+07:00,"4747.42,4754.12,4747.27,4748.33"
2026-04-23 07:55:00+07:00,"4748.25,4748.31,4744.8,4747.62"
2026-04-23 08:00:00+07:00,"4747.58,4749.99,4742.92,4744.15"
2026-04-23 08:05:00+07:00,"4744.13,4746.27,4742.24,4744.07"
2026-04-23 08:10:00+07:00,"4744.01,4744.02,4736,4736.83"
2026-04-23 08:15:00+07:00,"4736.78,4738.58,4732.96,4734.39"
2026-04-23 08:20:00+07:00,"4734.35,4735.38,4728.28,4733.81"
2026-04-23 08:25:00+07:00,"4733.82,4735.6,4726.89,4728.29"
2026-04-23 08:30:00+07:00,"4728.32,4733.26,4725.96,4729.29"
2026-04-23 08:35:00+07:00,"4729.29,4732.88,4729.01,4732.64"
2026-04-23 08:40:00+07:00,"4732.64,4735.81,4731.86,4733.76"
2026-04-23 08:45:00+07:00,"4733.81,4737.01,4733.23,4734.11"
2026-04-23 08:50:00+07:00,"4734.12,4736.53,4724.28,4724.78"
2026-04-23 08:55:00+07:00,"4724.79,4728.14,4722.39,4723.21"
2026-04-23 09:00:00+07:00,"4723.18,4724.92,4720,4720.6"
2026-04-23 09:05:00+07:00,"4720.58,4722.08,4711.81,4714.41"
2026-04-23 09:10:00+07:00,"4714.38,4714.84,4706.45,4707.38"
2026-04-23 09:15:00+07:00,"4707.33,4711.81,4704.72,4710.43"
2026-04-23 09:20:00+07:00,"4710.42,4718.17,4710.42,4715.58"
2026-04-23 09:25:00+07:00,"4715.54,4717.97,4713.63,4714.01"
2026-04-23 09:30:00+07:00,"4714.01,4715.13,4708.25,4712.68"
2026-04-23 09:35:00+07:00,"4712.66,4715.92,4706.73,4711.71"
2026-04-23 09:40:00+07:00,"4711.72,4713.22,4700.44,4701.26"
2026-04-23 09:45:00+07:00,"4701.28,4706.7,4698.99,4706.45"
2026-04-23 09:50:00+07:00,"4706.44,4707.47,4702.54,4703.54"
2026-04-23 09:55:00+07:00,"4703.25,4703.96,4698.16,4698.98"
2026-04-23 10:00:00+07:00,"4698.97,4708.61,4698.81,4708.44"
2026-04-23 10:05:00+07:00,"4708.39,4708.82,4701.76,4703.73"
2026-04-23 10:10:00+07:00,"4703.74,4703.88,4698.37,4702.09"
2026-04-23 10:15:00+07:00,"4702.07,4704.88,4698.2,4700.66"
2026-04-23 10:20:00+07:00,"4700.69,4705.79,4699.05,4704.41"
2026-04-23 10:25:00+07:00,"4704.26,4706.07,4701.64,4703.23"
2026-04-23 10:30:00+07:00,"4703.22,4705.47,4701.32,4703.23"
2026-04-23 10:35:00+07:00,"4703.21,4704.37,4701.85,4702.69"
2026-04-23 10:40:00+07:00,"4702.69,4707.14,4701.2,4704.9"
2026-04-23 10:45:00+07:00,"4704.91,4707.37,4703.67,4706.61"
2026-04-23 10:50:00+07:00,"4706.62,4707.39,4704.68,4705.55"
2026-04-23 10:55:00+07:00,"4705.56,4706.08,4702.45,4704.06"
2026-04-23 11:00:00+07:00,"4704.06,4704.14,4701.36,4702.66"
2026-04-23 11:05:00+07:00,"4702.77,4706.37,4700.8,4704.46"
2026-04-23 11:10:00+07:00,"4704.47,4706.6,4704.08,4706.33"
2026-04-23 11:15:00+07:00,"4706.34,4706.51,4703.78,4704.63"
2026-04-23 11:20:00+07:00,"4704.64,4707.03,4703.68,4703.91"
2026-04-23 11:25:00+07:00,"4703.9,4706.21,4702.76,4705.65"
2026-04-23 11:30:00+07:00,"4705.64,4706.96,4704.69,4705.95"
2026-04-23 11:35:00+07:00,"4705.89,4707.09,4702.08,4703.28"
2026-04-23 11:40:00+07:00,"4703.29,4703.81,4701.66,4701.87"
2026-04-23 11:45:00+07:00,"4701.86,4702.95,4698.76,4702.14"
2026-04-23 11:50:00+07:00,"4702.1,4703.99,4701.96,4702.55"
2026-04-23 11:55:00+07:00,"4702.54,4704.67,4701.1,4704.39"
2026-04-23 12:00:00+07:00,"4704.4,4708.76,4703.22,4707.27"
2026-04-23 12:05:00+07:00,"4707.26,4709.99,4706.2,4709.93"
2026-04-23 12:10:00+07:00,"4709.95,4710.3,4707.54,4707.84"
2026-04-23 12:15:00+07:00,"4707.85,4708.11,4705.75,4707.04"
2026-04-23 12:20:00+07:00,"4707.02,4709.49,4706.17,4706.48"
2026-04-23 12:25:00+07:00,"4706.47,4707.6,4705.24,4705.93"
2026-04-23 12:30:00+07:00,"4705.99,4707.3,4691.8,4706.18"
2026-04-23 12:35:00+07:00,"4706.16,4706.58,4701.92,4703.1"
2026-04-23 12:40:00+07:00,"4703.03,4703.93,4700.97,4701.69"
2026-04-23 12:45:00+07:00,"4701.7,4710.66,4701.56,4710.62"
2026-04-23 12:50:00+07:00,"4710.51,4715.1,4710.42,4712.05"
2026-04-23 12:55:00+07:00,"4712.05,4715.03,4710.81,4713.28"
2026-04-23 13:00:00+07:00,"4713.4,4718.3,4713.05,4714.68"
2026-04-23 13:05:00+07:00,"4714.75,4717.26,4711.32,4713.27"
2026-04-23 13:10:00+07:00,"4713.28,4715.85,4710.62,4711.84"
2026-04-23 13:15:00+07:00,"4711.83,4712.6,4709.4,4710.37"
2026-04-23 13:20:00+07:00,"4710.36,4712.66,4708.51,4712.39"
2026-04-23 13:25:00+07:00,"4712.41,4714.46,4711,4712.29"
2026-04-23 13:30:00+07:00,"4712.24,4713.36,4710.43,4712.11"
2026-04-23 13:35:00+07:00,"4712.04,4714.35,4709.15,4713.39"
2026-04-23 13:40:00+07:00,"4713.37,4717.38,4713.18,4715.21"
2026-04-23 13:45:00+07:00,"4715.23,4720.31,4713.69,4716.24"
2026-04-23 13:50:00+07:00,"4716.3,4721.72,4714.43,4714.49"
2026-04-23 13:55:00+07:00,"4714.48,4717.01,4712.07,4712.98"
2026-04-23 14:00:00+07:00,"4712.97,4713.52,4707.33,4712.61"
2026-04-23 14:05:00+07:00,"4712.6,4715.53,4709.57,4710.32"
2026-04-23 14:10:00+07:00,"4710.33,4716.95,4708.95,4712.35"
2026-04-23 14:15:00+07:00,"4712.33,4713.97,4709.25,4712.5"
2026-04-23 14:20:00+07:00,"4712.47,4713.14,4703.02,4705.54"
2026-04-23 14:25:00+07:00,"4705.5,4710.02,4704.74,4706.07"
2026-04-23 14:30:00+07:00,"4706.08,4712.01,4703.3,4710.87"
2026-04-23 14:35:00+07:00,"4710.83,4713.45,4708.89,4709.32"
2026-04-23 14:40:00+07:00,"4709.4,4713.81,4708.28,4713.67"
2026-04-23 14:45:00+07:00,"4713.66,4720.63,4713.49,4720.48"
2026-04-23 14:50:00+07:00,"4720.47,4720.57,4715.52,4715.94"
2026-04-23 14:55:00+07:00,"4715.89,4720.25,4715.89,4719"
2026-04-23 15:00:00+07:00,"4718.94,4725.15,4718.78,4721.36"
2026-04-23 15:05:00+07:00,"4721.35,4723.13,4718.04,4718.83"
2026-04-23 15:10:00+07:00,"4718.84,4720.93,4717.44,4718.25"
2026-04-23 15:15:00+07:00,"4718.19,4721.23,4717.47,4720.26"
2026-04-23 15:20:00+07:00,"4720.28,4722.03,4716.78,4718.38"
2026-04-23 15:25:00+07:00,"4718.41,4720.95,4715.03,4715.39"
2026-04-23 15:30:00+07:00,"4715.4,4716.37,4708.41,4709.89"
2026-04-23 15:35:00+07:00,"4709.89,4711.03,4704.86,4707.71"
2026-04-23 15:40:00+07:00,"4707.73,4709.35,4703.42,4703.9"
2026-04-23 15:45:00+07:00,"4703.88,4706.57,4701.64,4705.84"
2026-04-23 15:50:00+07:00,"4705.83,4707.56,4703.89,4704.73"
2026-04-23 15:55:00+07:00,"4704.72,4706.65,4703.04,4703.33"
2026-04-23 16:00:00+07:00,"4703.32,4703.82,4695.09,4697.03"
2026-04-23 16:05:00+07:00,"4697.09,4700.55,4694.73,4695.38"
2026-04-23 16:10:00+07:00,"4695.38,4701.06,4695.37,4697.03"
2026-04-23 16:15:00+07:00,"4697,4702.77,4695.65,4699.92"
2026-04-23 16:20:00+07:00,"4699.97,4702.91,4699.11,4702.18"
2026-04-23 16:25:00+07:00,"4702.23,4703.16,4699.69,4700.9"
2026-04-23 16:30:00+07:00,"4700.88,4703.26,4700.4,4701.46"
2026-04-23 16:35:00+07:00,"4701.47,4703.16,4699.45,4700.61"
2026-04-23 16:40:00+07:00,"4700.59,4701.87,4699.09,4701"
2026-04-23 16:45:00+07:00,"4700.98,4702.21,4698.31,4699.05"
2026-04-23 16:50:00+07:00,"4699.06,4701.45,4694.79,4697.23"
2026-04-23 16:55:00+07:00,"4697.25,4700.02,4695.62,4697.7"
2026-04-23 17:00:00+07:00,"4697.71,4701.46,4696.24,4700.8"
2026-04-23 17:05:00+07:00,"4700.77,4701.86,4691.16,4691.42"
2026-04-23 17:10:00+07:00,"4691.4,4692.84,4685.04,4689.02"
2026-04-23 17:15:00+07:00,"4689.03,4692.72,4688.13,4688.13"
2026-04-23 17:20:00+07:00,"4688.16,4690.63,4684.45,4687.4"
2026-04-23 17:25:00+07:00,"4687.4,4692.27,4686.3,4686.66"
2026-04-23 17:30:00+07:00,"4686.69,4693.65,4684.19,4692.64"
2026-04-23 17:35:00+07:00,"4692.73,4694.12,4689.65,4694.01"
2026-04-23 17:40:00+07:00,"4693.99,4697.04,4689.85,4690.89"
2026-04-23 17:45:00+07:00,"4690.88,4693.92,4689.4,4690.17"
2026-04-23 17:50:00+07:00,"4690.16,4692.09,4689.77,4691.29"
2026-04-23 17:55:00+07:00,"4691.3,4697.49,4691.29,4696.7"
2026-04-23 18:00:00+07:00,"4696.76,4700.16,4695.74,4698.53"
2026-04-23 18:05:00+07:00,"4698.52,4700.2,4695.32,4697.82"
2026-04-23 18:10:00+07:00,"4697.86,4700.25,4696.2,4697.88"
2026-04-23 18:15:00+07:00,"4697.89,4702.64,4696.38,4702.41"
2026-04-23 18:20:00+07:00,"4702.25,4703.52,4700.09,4701.34"
2026-04-23 18:25:00+07:00,"4701.37,4702.1,4696.69,4699.33"
2026-04-23 18:30:00+07:00,"4699.34,4701.49,4696.39,4697.69"
2026-04-23 18:35:00+07:00,"4697.71,4703.36,4697.19,4702.34"
2026-04-23 18:40:00+07:00,"4702.33,4706.1,4701.92,4705.33"
2026-04-23 18:45:00+07:00,"4705.31,4711.06,4704.88,4706.22"
2026-04-23 18:50:00+07:00,"4706.26,4715.24,4705.16,4714.84"
2026-04-23 18:55:00+07:00,"4714.83,4720.89,4713.79,4720.88"
2026-04-23 19:00:00+07:00,"4720.89,4732.66,4719.74,4730.56"
2026-04-23 19:05:00+07:00,"4730.54,4739,4729.09,4729.73"
2026-04-23 19:10:00+07:00,"4729.74,4735.8,4727.7,4729.06"
2026-04-23 19:15:00+07:00,"4729.05,4734.55,4725.8,4731.44"
2026-04-23 19:20:00+07:00,"4731.48,4734.02,4728.08,4732.74"
2026-04-23 19:25:00+07:00,"4732.75,4735.17,4730.6,4733.23"
2026-04-23 19:30:00+07:00,"4733.29,4742.19,4733.13,4738.64"
2026-04-23 19:35:00+07:00,"4738.65,4740,4735.68,4736.66"
2026-04-23 19:40:00+07:00,"4736.64,4742.6,4736.29,4739.45"
2026-04-23 19:45:00+07:00,"4739.46,4742.44,4731.33,4735.79"
2026-04-23 19:50:00+07:00,"4735.8,4738.6,4733.41,4737.47"
2026-04-23 19:55:00+07:00,"4737.44,4743.33,4736.43,4740.06"
2026-04-23 20:00:00+07:00,"4740.06,4741,4729.85,4733.42"
2026-04-23 20:05:00+07:00,"4733.39,4734.14,4726.99,4727.31"
2026-04-23 20:10:00+07:00,"4727.33,4729.51,4723.58,4725.64"
2026-04-23 20:15:00+07:00,"4725.66,4730.63,4725.33,4726.51"
2026-04-23 20:20:00+07:00,"4726.52,4730.86,4726.27,4729.69"
2026-04-23 20:25:00+07:00,"4729.65,4729.8,4725.9,4727.63"
2026-04-23 20:30:00+07:00,"4727.67,4732.83,4724.59,4725.18"
2026-04-23 20:35:00+07:00,"4725.21,4731.23,4725.21,4730.93"
2026-04-23 20:40:00+07:00,"4730.86,4735.86,4729.61,4734.51"
2026-04-23 20:45:00+07:00,"4734.4,4738.5,4729.98,4737.54"
2026-04-23 20:50:00+07:00,"4737.53,4741.46,4734.44,4735.59"
2026-04-23 20:55:00+07:00,"4735.58,4735.84,4724.17,4724.26"
2026-04-23 21:00:00+07:00,"4724.25,4725.46,4716.83,4723.41"
2026-04-23 21:05:00+07:00,"4723.22,4729.03,4718.81,4721.25"
2026-04-23 21:10:00+07:00,"4721.27,4724.67,4718.88,4724.19"
2026-04-23 21:15:00+07:00,"4724.18,4728.32,4723.57,4724.35"
2026-04-23 21:20:00+07:00,"4724.25,4731.29,4723.23,4730.55"
2026-04-23 21:25:00+07:00,"4730.56,4736.09,4729.72,4731.28"
2026-04-23 21:30:00+07:00,"4731.28,4734.6,4729.15,4729.37"
2026-04-23 21:35:00+07:00,"4729.37,4734.85,4725.74,4728.1"
2026-04-23 21:40:00+07:00,"4728.01,4731.85,4727.16,4730.91"
2026-04-23 21:45:00+07:00,"4730.92,4733.72,4727.81,4730.86"
2026-04-23 21:50:00+07:00,"4730.85,4736.23,4728.63,4735.32"
2026-04-23 21:55:00+07:00,"4735.34,4736.79,4732.96,4733.67"
2026-04-23 22:00:00+07:00,"4733.66,4734.82,4731.25,4733.53"
2026-04-23 22:05:00+07:00,"4733.54,4733.79,4726.63,4728.64"
2026-04-23 22:10:00+07:00,"4728.68,4732.97,4728.64,4730.93"
2026-04-23 22:15:00+07:00,"4730.94,4740.88,4729.82,4738.3"
2026-04-23 22:20:00+07:00,"4738.29,4739.81,4735.89,4736.99"
2026-04-23 22:25:00+07:00,"4737,4738.15,4733.09,4733.46"
2026-04-23 22:30:00+07:00,"4733.53,4734.83,4729.6,4733.17"
2026-04-23 22:35:00+07:00,"4733.11,4733.53,4730.41,4731.38"
2026-04-23 22:40:00+07:00,"4731.4,4733.76,4727.86,4727.92"
2026-04-23 22:45:00+07:00,"4727.91,4728.57,4719.71,4724.99"
2026-04-23 22:50:00+07:00,"4725.01,4725.24,4716.74,4717.4"
2026-04-23 22:55:00+07:00,"4717.42,4722.14,4716.09,4720.56"
2026-04-23 23:00:00+07:00,"4720.58,4721.85,4717.11,4717.66"
2026-04-23 23:05:00+07:00,"4717.65,4720.53,4715.51,4720.45"
2026-04-23 23:10:00+07:00,"4720.44,4722.67,4718.1,4719.37"
2026-04-23 23:15:00+07:00,"4719.35,4723.25,4718.92,4722.91"
2026-04-23 23:20:00+07:00,"4722.88,4724.75,4720.93,4723.05"
2026-04-23 23:25:00+07:00,"4723.04,4725.18,4722.47,4723.26"
2026-04-23 23:30:00+07:00,"4723.29,4729.28,4722.55,4728.4"
2026-04-23 23:35:00+07:00,"4728.5,4730.39,4726.65,4728.15"
2026-04-23 23:40:00+07:00,"4728.13,4734.64,4727.45,4734"
2026-04-23 23:45:00+07:00,"4734.06,4736.34,4732.76,4734.99"
2026-04-23 23:50:00+07:00,"4734.97,4737.18,4733.63,4733.71"
2026-04-23 23:55:00+07:00,"4733.77,4735.84,4730.29,4732.83"
2026-04-24 00:00:00+07:00,"4732.86,4734.6,4722.79,4725.46"
2026-04-24 00:05:00+07:00,"4725.49,4725.61,4708.76,4710.63"
2026-04-24 00:10:00+07:00,"4710.54,4716.96,4705.62,4716.02"
2026-04-24 00:15:00+07:00,"4716.01,4717.85,4704.36,4708.93"
2026-04-24 00:20:00+07:00,"4709.03,4712.8,4704.59,4707.56"
2026-04-24 00:25:00+07:00,"4707.58,4717.98,4704.97,4706.25"
2026-04-24 00:30:00+07:00,"4706.26,4712.61,4702.57,4711.86"
2026-04-24 00:35:00+07:00,"4711.85,4714.34,4698.12,4698.83"
2026-04-24 00:40:00+07:00,"4698.95,4699.37,4672.91,4677.63"
2026-04-24 00:45:00+07:00,"4677.59,4685.84,4664.05,4683.25"
2026-04-24 00:50:00+07:00,"4683.24,4709.56,4678.5,4696.19"
2026-04-24 00:55:00+07:00,"4696.2,4711.38,4694.18,4709.27"
2026-04-24 01:00:00+07:00,"4709.4,4722.75,4707.68,4714.32"
2026-04-24 01:05:00+07:00,"4714.37,4717.33,4710.23,4710.47"
2026-04-24 01:10:00+07:00,"4710.58,4719.7,4709.65,4713.88"
2026-04-24 01:15:00+07:00,"4713.83,4716.96,4711.1,4713.68"
2026-04-24 01:20:00+07:00,"4713.74,4717.38,4710.6,4712.92"
2026-04-24 01:25:00+07:00,"4712.95,4716.62,4711.64,4716.46"
2026-04-24 01:30:00+07:00,"4716.45,4720.22,4716.08,4718.69"
2026-04-24 01:35:00+07:00,"4718.7,4720.52,4713.55,4713.99"
2026-04-24 01:40:00+07:00,"4713.98,4714.98,4707,4711.28"
2026-04-24 01:45:00+07:00,"4711.29,4712.13,4705.95,4706.5"
2026-04-24 01:50:00+07:00,"4706.48,4711.87,4705.39,4709.76"
2026-04-24 01:55:00+07:00,"4709.79,4709.81,4699.41,4701.05"
2026-04-24 02:00:00+07:00,"4700.9,4704.59,4693.42,4695.75"
2026-04-24 02:05:00+07:00,"4695.67,4699.77,4695.67,4695.96"
2026-04-24 02:10:00+07:00,"4696.11,4697.8,4692.57,4696.3"
2026-04-24 02:15:00+07:00,"4696.28,4699.36,4695.4,4699.24"
2026-04-24 02:20:00+07:00,"4699.25,4702.4,4696.73,4701.55"
2026-04-24 02:25:00+07:00,"4701.57,4702.57,4697.73,4700.18"
2026-04-24 02:30:00+07:00,"4700.2,4701.36,4693.3,4694.32"
2026-04-24 02:35:00+07:00,"4694.31,4695.89,4688.97,4692.88"
2026-04-24 02:40:00+07:00,"4692.91,4695.84,4691.44,4692.42"
2026-04-24 02:45:00+07:00,"4692.37,4697.59,4692.07,4696.82"
2026-04-24 02:50:00+07:00,"4696.92,4700.18,4693.25,4699.08"
2026-04-24 02:55:00+07:00,"4699.16,4700.01,4695.03,4696.1"
2026-04-24 03:00:00+07:00,"4696.04,4697.49,4693.58,4697.15"
2026-04-24 03:05:00+07:00,"4697.11,4698.19,4694.9,4696.56"
2026-04-24 03:10:00+07:00,"4696.55,4697.2,4690.51,4690.71"
2026-04-24 03:15:00+07:00,"4690.7,4692.11,4686.3,4691.29"
2026-04-24 03:20:00+07:00,"4691.3,4692.56,4689.93,4692.42"
2026-04-24 03:25:00+07:00,"4692.43,4692.7,4688.81,4689.32"
2026-04-24 03:30:00+07:00,"4689.33,4691.23,4689.21,4689.95"
2026-04-24 03:35:00+07:00,"4689.94,4690.55,4688.22,4690.08"
2026-04-24 03:40:00+07:00,"4690.1,4691.6,4689.02,4691.32"
2026-04-24 03:45:00+07:00,"4691.31,4692.16,4690.4,4690.75"
2026-04-24 03:50:00+07:00,"4690.81,4691.18,4688.52,4690.29"
2026-04-24 03:55:00+07:00,"4690.38,4694.35,4690.35,4692.33"
2026-04-24 05:00:00+07:00,"4696.06,4702.91,4694.37,4695.08"
2026-04-24 05:05:00+07:00,"4695.06,4699.18,4694.77,4697.3"
2026-04-24 05:10:00+07:00,"4697.28,4699.19,4695.17,4697.21"
2026-04-24 05:15:00+07:00,"4697.18,4697.48,4693.07,4693.82"
2026-04-24 05:20:00+07:00,"4693.81,4696.34,4692.04,4694.14"
2026-04-24 05:25:00+07:00,"4694.13,4695.14,4692.56,4692.57"
2026-04-24 05:30:00+07:00,"4692.59,4695.31,4692.5,4693.36"
2026-04-24 05:35:00+07:00,"4693.37,4696.78,4691.73,4691.94"
2026-04-24 05:40:00+07:00,"4691.95,4693.82,4690.57,4693.65"
2026-04-24 05:45:00+07:00,"4693.62,4694.64,4691.98,4692.4"
2026-04-24 05:50:00+07:00,"4692.41,4693.11,4689.87,4690.86"
2026-04-24 05:55:00+07:00,"4690.87,4693.3,4690.44,4693.2"
2026-04-24 06:00:00+07:00,"4693.21,4695.59,4691.84,4693.96"
2026-04-24 06:05:00+07:00,"4694.01,4694.53,4690.25,4690.28"
2026-04-24 06:10:00+07:00,"4690.29,4692.71,4689.53,4689.73"
2026-04-24 06:15:00+07:00,"4689.58,4690.33,4686.77,4688.49"
2026-04-24 06:20:00+07:00,"4688.56,4692.01,4688.3,4688.98"
2026-04-24 06:25:00+07:00,"4688.99,4694.77,4688.52,4694.35"
2026-04-24 06:30:00+07:00,"4694.66,4699.39,4693.45,4699.24"
2026-04-24 06:35:00+07:00,"4699.22,4700.86,4696.61,4696.71"
2026-04-24 06:40:00+07:00,"4696.71,4698.65,4696.57,4697.48"
2026-04-24 06:45:00+07:00,"4697.47,4699.76,4696.15,4696.86"
2026-04-24 06:50:00+07:00,"4696.85,4697.65,4695.28,4697.38"
2026-04-24 06:55:00+07:00,"4697.48,4697.83,4692.13,4695.41"
2026-04-24 07:00:00+07:00,"4695.46,4700.3,4690.95,4691.87"
2026-04-24 07:05:00+07:00,"4691.9,4698.04,4691.9,4696.3"
2026-04-24 07:10:00+07:00,"4696.48,4698.66,4693.47,4698"
2026-04-24 07:15:00+07:00,"4698.02,4700.62,4696.8,4697.06"
2026-04-24 07:20:00+07:00,"4697.19,4701.17,4696.43,4700.75"
2026-04-24 07:25:00+07:00,"4700.81,4705.82,4699.27,4705.6"
2026-04-24 07:30:00+07:00,"4705.6,4707.96,4702.8,4704.49"
2026-04-24 07:35:00+07:00,"4704.49,4707.58,4703.42,4704.09"
2026-04-24 07:40:00+07:00,"4704.14,4704.52,4701.12,4701.65"
2026-04-24 07:45:00+07:00,"4701.6,4703.37,4697.31,4699.28"
2026-04-24 07:50:00+07:00,"4699.33,4703.3,4697.89,4703.18"
2026-04-24 07:55:00+07:00,"4703.14,4705.98,4700.49,4704.67"
2026-04-24 08:00:00+07:00,"4704.67,4708.29,4697.65,4698.87"
2026-04-24 08:05:00+07:00,"4698.85,4704.72,4696.03,4703.95"
2026-04-24 08:10:00+07:00,"4704.12,4710.23,4703.2,4709.35"
2026-04-24 08:15:00+07:00,"4709.45,4711.23,4705.04,4705.53"
2026-04-24 08:20:00+07:00,"4705.5,4705.68,4701.68,4704.03"
2026-04-24 08:25:00+07:00,"4704.2,4704.29,4698.44,4698.44"
2026-04-24 08:30:00+07:00,"4698.43,4702.44,4691.04,4693.81"
2026-04-24 08:35:00+07:00,"4693.96,4697.86,4692.46,4695.94"
2026-04-24 08:40:00+07:00,"4695.89,4697.91,4690.31,4690.8"
2026-04-24 08:45:00+07:00,"4690.76,4697.19,4690.2,4697"
2026-04-24 08:50:00+07:00,"4697.03,4697.26,4693.43,4695.63"
2026-04-24 08:55:00+07:00,"4695.68,4700.78,4693.71,4699.22"
2026-04-24 09:00:00+07:00,"4699.24,4700.81,4694.77,4696.97"
2026-04-24 09:05:00+07:00,"4696.93,4699.06,4694.68,4694.68"
2026-04-24 09:10:00+07:00,"4694.71,4694.72,4690.11,4693"
2026-04-24 09:15:00+07:00,"4693.06,4696.23,4690.16,4691.85"
2026-04-24 09:20:00+07:00,"4691.87,4692.59,4684.7,4685.1"
2026-04-24 09:25:00+07:00,"4685.11,4686.78,4681.59,4683.61"
2026-04-24 09:30:00+07:00,"4683.62,4691.03,4683.62,4689.26"
2026-04-24 09:35:00+07:00,"4689.24,4689.53,4682.95,4683.62"
2026-04-24 09:40:00+07:00,"4683.67,4683.92,4679.92,4683.53"
2026-04-24 09:45:00+07:00,"4683.53,4684.27,4675.39,4675.93"
2026-04-24 09:50:00+07:00,"4675.94,4678.97,4675.02,4678.46"
2026-04-24 09:55:00+07:00,"4678.46,4679.19,4672.99,4676.7"
2026-04-24 10:00:00+07:00,"4676.68,4678.46,4671.36,4672.57"
2026-04-24 10:05:00+07:00,"4672.56,4674.7,4669.62,4670.41"
2026-04-24 10:10:00+07:00,"4670.42,4671.97,4668.76,4670.45"
2026-04-24 10:15:00+07:00,"4670.53,4674.39,4670.24,4673.63"
2026-04-24 10:20:00+07:00,"4673.63,4677.47,4673.63,4674.62"
2026-04-24 10:25:00+07:00,"4674.73,4678.29,4673.16,4674.66"
2026-04-24 10:30:00+07:00,"4674.67,4677.3,4672.87,4676.44"
2026-04-24 10:35:00+07:00,"4676.5,4677.86,4674.26,4676.96"
2026-04-24 10:40:00+07:00,"4676.96,4678.24,4674.84,4675.3"
2026-04-24 10:45:00+07:00,"4675.29,4676.9,4673.93,4675.21"
2026-04-24 10:50:00+07:00,"4675.23,4676.1,4673.83,4674.06"
2026-04-24 10:55:00+07:00,"4673.98,4674.1,4671.39,4672.08"
2026-04-24 11:00:00+07:00,"4672.05,4672.16,4667.46,4670.83"
2026-04-24 11:05:00+07:00,"4670.86,4674.51,4669.27,4674.11"
2026-04-24 11:10:00+07:00,"4674.12,4674.67,4669.98,4670.18"
2026-04-24 11:15:00+07:00,"4670.12,4670.84,4668.06,4669.36"
2026-04-24 11:20:00+07:00,"4669.29,4669.29,4661.37,4661.38"
2026-04-24 11:25:00+07:00,"4661.4,4662.72,4658.11,4659.3"
2026-04-24 11:30:00+07:00,"4659.31,4661.81,4657.37,4661.68"
2026-04-24 11:35:00+07:00,"4661.76,4666.25,4660.55,4666.15"
2026-04-24 11:40:00+07:00,"4666.1,4668.57,4664.74,4668.12"
2026-04-24 11:45:00+07:00,"4668.11,4677.1,4668,4676.02"
2026-04-24 11:50:00+07:00,"4675.91,4676.27,4673.36,4674.32"
2026-04-24 11:55:00+07:00,"4674.29,4675.79,4673.37,4674.54"
2026-04-24 12:00:00+07:00,"4674.55,4676.88,4673.32,4673.55"
2026-04-24 12:05:00+07:00,"4673.62,4674.3,4670.4,4670.72"
2026-04-24 12:10:00+07:00,"4670.75,4674.09,4669.23,4673.64"
2026-04-24 12:15:00+07:00,"4673.59,4675.78,4671.89,4674.75"
2026-04-24 12:20:00+07:00,"4674.76,4676.58,4673.36,4676.33"
2026-04-24 12:25:00+07:00,"4676.33,4678.62,4676.03,4676.64"
2026-04-24 12:30:00+07:00,"4676.6,4684.88,4676.6,4684.4"
2026-04-24 12:35:00+07:00,"4684.4,4685.39,4681.8,4684.46"
2026-04-24 12:40:00+07:00,"4684.47,4687.27,4680.95,4682.73"
2026-04-24 12:45:00+07:00,"4682.74,4684.49,4680.24,4680.69"
2026-04-24 12:50:00+07:00,"4680.69,4684.82,4680.27,4684.33"
2026-04-24 12:55:00+07:00,"4684.21,4686.93,4682.98,4686.36"
2026-04-24 13:00:00+07:00,"4686.37,4688.35,4683.14,4683.22"
2026-04-24 13:05:00+07:00,"4683.23,4685.24,4682.12,4683.35"
2026-04-24 13:10:00+07:00,"4683.3,4684.03,4680.62,4681.86"
2026-04-24 13:15:00+07:00,"4681.85,4682.17,4676.7,4678.34"
2026-04-24 13:20:00+07:00,"4678.33,4678.49,4673.48,4673.89"
2026-04-24 13:25:00+07:00,"4673.9,4674.61,4669.92,4671.62"
2026-04-24 13:30:00+07:00,"4671.46,4675.67,4671.45,4672.23"
2026-04-24 13:35:00+07:00,"4672.22,4675.33,4671.97,4675.29"
2026-04-24 13:40:00+07:00,"4675.28,4676.18,4669.97,4673.9"
2026-04-24 13:45:00+07:00,"4673.93,4674.12,4668.84,4669.61"
2026-04-24 13:50:00+07:00,"4669.58,4675.17,4666.49,4675"
2026-04-24 13:55:00+07:00,"4675.01,4676.57,4671.6,4672.09"
2026-04-24 14:00:00+07:00,"4672.05,4676.42,4670.86,4674.42"
2026-04-24 14:05:00+07:00,"4674.42,4678.57,4673.98,4677.49"
2026-04-24 14:10:00+07:00,"4677.5,4681.53,4676.72,4680.5"
2026-04-24 14:15:00+07:00,"4680.52,4682.37,4677.7,4681.32"
2026-04-24 14:20:00+07:00,"4681.3,4684.35,4679.97,4681.89"
2026-04-24 14:25:00+07:00,"4681.94,4684.95,4681.76,4684.44"
2026-04-24 14:30:00+07:00,"4684.43,4684.43,4682.33,4684.11"
2026-04-24 14:35:00+07:00,"4684.12,4685.88,4683.18,4683.48"
2026-04-24 14:40:00+07:00,"4683.49,4686.24,4682.82,4685.49"
2026-04-24 14:45:00+07:00,"4685.56,4691.91,4685.18,4690.88"
2026-04-24 14:50:00+07:00,"4690.88,4692.76,4690.21,4690.78"
2026-04-24 14:55:00+07:00,"4690.77,4695.33,4690.04,4694.49"
2026-04-24 15:00:00+07:00,"4694.39,4694.52,4686.51,4688.39"
2026-04-24 15:05:00+07:00,"4688.45,4690.2,4686.25,4688.2"
2026-04-24 15:10:00+07:00,"4688.19,4690.22,4686.63,4687.49"
2026-04-24 15:15:00+07:00,"4687.5,4694.39,4687.42,4693.12"
2026-04-24 15:20:00+07:00,"4693.1,4697.6,4691.82,4692.17"
2026-04-24 15:25:00+07:00,"4692.16,4692.33,4686.69,4688.04"
2026-04-24 15:30:00+07:00,"4687.9,4688.72,4685.73,4686.13"
2026-04-24 15:35:00+07:00,"4686.17,4689.26,4685,4688.21"
2026-04-24 15:40:00+07:00,"4688.19,4690.29,4687.33,4688.27"
2026-04-24 15:45:00+07:00,"4688.21,4692.82,4687.63,4691.91"
2026-04-24 15:50:00+07:00,"4691.77,4692.03,4689.48,4690.48"
2026-04-24 15:55:00+07:00,"4690.46,4691.38,4688.65,4690.94"
2026-04-24 16:00:00+07:00,"4690.95,4693.23,4689.51,4691.72"
2026-04-24 16:05:00+07:00,"4691.72,4694.23,4689.94,4691.4"
2026-04-24 16:10:00+07:00,"4691.39,4695.52,4691.07,4695.37"
2026-04-24 16:15:00+07:00,"4695.36,4696.87,4692.74,4694.6"
2026-04-24 16:20:00+07:00,"4694.6,4694.92,4686.1,4686.55"
2026-04-24 16:25:00+07:00,"4686.52,4687.63,4682.16,4683.43"
2026-04-24 16:30:00+07:00,"4683.44,4684.77,4679.23,4682.75"
2026-04-24 16:35:00+07:00,"4682.67,4684.24,4680.8,4682.85"
2026-04-24 16:40:00+07:00,"4682.81,4688.57,4682.14,4686.02"
2026-04-24 16:45:00+07:00,"4686.03,4686.89,4684.35,4685.34"
2026-04-24 16:50:00+07:00,"4685.33,4685.41,4679.26,4682.2"
2026-04-24 16:55:00+07:00,"4682.23,4684.52,4680.04,4682.07"
2026-04-24 17:00:00+07:00,"4682.06,4684.75,4681.52,4683.85"
2026-04-24 17:05:00+07:00,"4683.71,4685.12,4680.82,4683.59"
2026-04-24 17:10:00+07:00,"4683.6,4683.69,4681.07,4682.41"
2026-04-24 17:15:00+07:00,"4682.42,4683.73,4681.49,4683.25"
2026-04-24 17:20:00+07:00,"4683.24,4684.62,4680.3,4683.56"
2026-04-24 17:25:00+07:00,"4683.56,4686.37,4682.3,4682.31"
2026-04-24 17:30:00+07:00,"4682.2,4682.51,4675.16,4675.42"
2026-04-24 17:35:00+07:00,"4675.42,4678.86,4674.52,4677.44"
2026-04-24 17:40:00+07:00,"4677.46,4681.13,4677,4679.14"
2026-04-24 17:45:00+07:00,"4679.1,4679.88,4677.5,4679.67"
2026-04-24 17:50:00+07:00,"4679.68,4680.83,4676.61,4677.3"
2026-04-24 17:55:00+07:00,"4677.29,4680.53,4676.7,4677.81"
2026-04-24 18:00:00+07:00,"4677.76,4690.94,4677.66,4689.44"
2026-04-24 18:05:00+07:00,"4689.49,4703.42,4687,4695.88"
2026-04-24 18:10:00+07:00,"4695.88,4701.84,4695.63,4697.26"
2026-04-24 18:15:00+07:00,"4697.32,4700.78,4692.24,4695.25"
2026-04-24 18:20:00+07:00,"4695.24,4712.09,4692.43,4709.08"
2026-04-24 18:25:00+07:00,"4709.28,4717.31,4706.49,4715.5"
2026-04-24 18:30:00+07:00,"4715.46,4717.36,4710.11,4712.84"
2026-04-24 18:35:00+07:00,"4712.83,4713.58,4706.14,4707.22"
2026-04-24 18:40:00+07:00,"4707.23,4709.6,4705.12,4705.46"
2026-04-24 18:45:00+07:00,"4705.45,4705.91,4702.82,4704.59"
2026-04-24 18:50:00+07:00,"4704.58,4707.44,4703.23,4706.48"
2026-04-24 18:55:00+07:00,"4706.47,4708.36,4705.19,4706.75"
2026-04-24 19:00:00+07:00,"4706.76,4709.87,4704.98,4707.39"
2026-04-24 19:05:00+07:00,"4707.38,4707.88,4703.26,4705.68"
2026-04-24 19:10:00+07:00,"4705.64,4710.08,4705.25,4708.61"
2026-04-24 19:15:00+07:00,"4708.66,4711.93,4701.52,4705.98"
2026-04-24 19:20:00+07:00,"4706.04,4711.73,4703.17,4708.98"
2026-04-24 19:25:00+07:00,"4708.92,4710.94,4707.17,4710.25"
2026-04-24 19:30:00+07:00,"4710.24,4711.67,4705.91,4706.07"
2026-04-24 19:35:00+07:00,"4706.04,4707.48,4703.6,4705.68"
2026-04-24 19:40:00+07:00,"4705.69,4706.99,4698.53,4698.69"
2026-04-24 19:45:00+07:00,"4698.7,4699.38,4690.31,4692.14"
2026-04-24 19:50:00+07:00,"4692.13,4695.52,4690.23,4693.64"
2026-04-24 19:55:00+07:00,"4693.65,4701.13,4693.36,4700.49"
2026-04-24 20:00:00+07:00,"4700.5,4703.08,4696.12,4697.71"
2026-04-24 20:05:00+07:00,"4697.72,4703.08,4696.04,4700.36"
2026-04-24 20:10:00+07:00,"4700.38,4705.95,4699.36,4702.96"
2026-04-24 20:15:00+07:00,"4702.94,4705.45,4699.59,4702.45"
2026-04-24 20:20:00+07:00,"4702.49,4704.29,4695.7,4696.22"
2026-04-24 20:25:00+07:00,"4696.19,4697.52,4693.38,4697.1"
2026-04-24 20:30:00+07:00,"4697.08,4699.6,4689.56,4692.24"
2026-04-24 20:35:00+07:00,"4692.23,4704.71,4691.63,4703.8"
2026-04-24 20:40:00+07:00,"4703.81,4710,4702.18,4708.37"
2026-04-24 20:45:00+07:00,"4708.38,4717.45,4706.28,4712.11"
2026-04-24 20:50:00+07:00,"4712.1,4712.77,4705.11,4706.28"
2026-04-24 20:55:00+07:00,"4706.27,4713.07,4704.64,4711.77"
2026-04-24 21:00:00+07:00,"4711.78,4716.02,4706.65,4713.11"
2026-04-24 21:05:00+07:00,"4713.1,4731.39,4712.86,4728.02"
2026-04-24 21:10:00+07:00,"4727.99,4740.37,4725.48,4731.24"
2026-04-24 21:15:00+07:00,"4731.22,4733.99,4727.03,4731.33"
2026-04-24 21:20:00+07:00,"4731.32,4734.06,4726.22,4728.09"
2026-04-24 21:25:00+07:00,"4728.1,4728.61,4721.53,4725.7"
2026-04-24 21:30:00+07:00,"4725.75,4731.76,4723.71,4728.85"
2026-04-24 21:35:00+07:00,"4728.86,4732.2,4726.02,4729.92"
2026-04-24 21:40:00+07:00,"4729.94,4732.94,4727.76,4730.49"
2026-04-24 21:45:00+07:00,"4730.52,4731.24,4725.09,4727.8"
2026-04-24 21:50:00+07:00,"4727.87,4729.33,4724.75,4725.68"
2026-04-24 21:55:00+07:00,"4725.75,4727.32,4723.97,4726.31"
2026-04-24 22:00:00+07:00,"4726.31,4727.27,4721.72,4722.32"
2026-04-24 22:05:00+07:00,"4722.29,4724.82,4718.94,4724.22"
2026-04-24 22:10:00+07:00,"4724.23,4725.21,4719.72,4721.92"
2026-04-24 22:15:00+07:00,"4721.92,4723.18,4719.7,4721.7"
2026-04-24 22:20:00+07:00,"4721.7,4726.58,4720.57,4721.69"
2026-04-24 22:25:00+07:00,"4721.7,4722.91,4718.61,4722.14"
2026-04-24 22:30:00+07:00,"4722.15,4724.84,4718.15,4718.32"
2026-04-24 22:35:00+07:00,"4718.34,4720.3,4717.15,4719"
2026-04-24 22:40:00+07:00,"4719.04,4729.94,4714.71,4727.3"
2026-04-24 22:45:00+07:00,"4727.01,4733.63,4724.16,4724.16"
2026-04-24 22:50:00+07:00,"4724.17,4730.83,4723.97,4729.31"
2026-04-24 22:55:00+07:00,"4729.41,4730.18,4725.45,4727.2"
2026-04-24 23:00:00+07:00,"4726.81,4729.63,4723.88,4725.89"
2026-04-24 23:05:00+07:00,"4725.88,4726.95,4720.56,4721.65"
2026-04-24 23:10:00+07:00,"4721.67,4723.88,4720.23,4720.52"
2026-04-24 23:15:00+07:00,"4720.57,4721.33,4719.06,4720.63"
2026-04-24 23:20:00+07:00,"4720.65,4724.65,4720.48,4724.08"
2026-04-24 23:25:00+07:00,"4724.07,4725.89,4722.65,4723.39"
2026-04-24 23:30:00+07:00,"4723.38,4727.33,4723.34,4725.76"
2026-04-24 23:35:00+07:00,"4725.71,4725.8,4723.65,4724.3"
2026-04-24 23:40:00+07:00,"4724.26,4724.32,4719.19,4722.44"
2026-04-24 23:45:00+07:00,"4722.52,4724.76,4720.31,4721.85"
2026-04-24 23:50:00+07:00,"4721.86,4724.83,4721.86,4724.25"
2026-04-24 23:55:00+07:00,"4724.24,4727.86,4723.45,4726.76"
2026-04-25 00:00:00+07:00,"4726.77,4730.33,4726.77,4728.32"
2026-04-25 00:05:00+07:00,"4728.17,4729,4725.59,4727.72"
2026-04-25 00:10:00+07:00,"4727.71,4728.19,4726.08,4727.73"
2026-04-25 00:15:00+07:00,"4727.74,4729.52,4726.11,4728.86"
2026-04-25 00:20:00+07:00,"4728.85,4729.13,4723.04,4726.76"
2026-04-25 00:25:00+07:00,"4726.74,4728.1,4722.34,4722.95"
2026-04-25 00:30:00+07:00,"4722.94,4723.59,4718.94,4721"
2026-04-25 00:35:00+07:00,"4720.99,4725.73,4720.6,4721.91"
2026-04-25 00:40:00+07:00,"4721.88,4723.42,4721.44,4722.65"
2026-04-25 00:45:00+07:00,"4722.66,4723.32,4721.51,4722.22"
2026-04-25 00:50:00+07:00,"4722.2,4727.74,4720.56,4724.88"
2026-04-25 00:55:00+07:00,"4724.86,4726.56,4723.11,4723.35"
2026-04-25 01:00:00+07:00,"4723.32,4724.82,4722.36,4722.57"
2026-04-25 01:05:00+07:00,"4722.59,4722.87,4719.78,4722.59"
2026-04-25 01:10:00+07:00,"4722.61,4724.85,4722.31,4723.74"
2026-04-25 01:15:00+07:00,"4723.69,4724.32,4720.76,4721.4"
2026-04-25 01:20:00+07:00,"4721.42,4722.72,4719.69,4721.07"
2026-04-25 01:25:00+07:00,"4721.08,4721.13,4716.9,4716.91"
2026-04-25 01:30:00+07:00,"4716.89,4720.56,4716.84,4719.64"
2026-04-25 01:35:00+07:00,"4719.62,4720.55,4718.7,4720.01"
2026-04-25 01:40:00+07:00,"4720.02,4720.65,4718.01,4718.9"
2026-04-25 01:45:00+07:00,"4718.93,4719.75,4717.82,4718.68"
2026-04-25 01:50:00+07:00,"4718.69,4721.19,4718.12,4720.27"
2026-04-25 01:55:00+07:00,"4720.1,4723.26,4719.62,4722.84"
2026-04-25 02:00:00+07:00,"4722.89,4726.01,4721.6,4723.52"
2026-04-25 02:05:00+07:00,"4723.49,4724.21,4721.98,4722.09"
2026-04-25 02:10:00+07:00,"4722.1,4722.88,4721.01,4722.38"
2026-04-25 02:15:00+07:00,"4722.41,4723.41,4720.08,4721.31"
2026-04-25 02:20:00+07:00,"4721.25,4721.25,4717.39,4717.96"
2026-04-25 02:25:00+07:00,"4717.95,4719.27,4717.61,4719.04"
2026-04-25 02:30:00+07:00,"4719.05,4720.78,4718.25,4718.43"
2026-04-25 02:35:00+07:00,"4718.49,4718.63,4715.83,4717.31"
2026-04-25 02:40:00+07:00,"4717.33,4718.05,4716.09,4716.8"
2026-04-25 02:45:00+07:00,"4716.79,4718.69,4715.81,4716.39"
2026-04-25 02:50:00+07:00,"4716.41,4717.55,4715.72,4716.83"
2026-04-25 02:55:00+07:00,"4716.8,4717.78,4713.62,4716.14"
2026-04-25 03:00:00+07:00,"4716.13,4717.54,4710.98,4711.25"
2026-04-25 03:05:00+07:00,"4711.45,4712.44,4708.75,4709.19"
2026-04-25 03:10:00+07:00,"4709.18,4710.52,4705.32,4706.64"
2026-04-25 03:15:00+07:00,"4706.61,4707.55,4705.31,4706.07"
2026-04-25 03:20:00+07:00,"4706,4708.33,4705.76,4707.17"
2026-04-25 03:25:00+07:00,"4707.18,4709.66,4706.19,4708.15"
2026-04-25 03:30:00+07:00,"4708.14,4708.65,4705.31,4705.35"
2026-04-25 03:35:00+07:00,"4705.34,4708.87,4705.17,4707.41"
2026-04-25 03:40:00+07:00,"4707.38,4707.71,4705.41,4707.51"
2026-04-25 03:45:00+07:00,"4707.5,4709.04,4706.73,4706.75"
2026-04-25 03:50:00+07:00,"4706.73,4709.32,4706.54,4708.37"
2026-04-25 03:55:00+07:00,"4708.35,4710.65,4706.78,4709.17"
2026-04-27 05:00:00+07:00,"4697.76,4704.75,4692.32,4696.86"
2026-04-27 05:05:00+07:00,"4697.26,4697.42,4681.44,4681.92"
2026-04-27 05:10:00+07:00,"4682.04,4685.83,4680.12,4685.5"
2026-04-27 05:15:00+07:00,"4685.61,4688.62,4683.83,4688.45"
2026-04-27 05:20:00+07:00,"4688.51,4688.51,4683.19,4684.86"
2026-04-27 05:25:00+07:00,"4684.85,4687.53,4682.85,4686.62"
2026-04-27 05:30:00+07:00,"4686.66,4686.96,4682.1,4683.51"
2026-04-27 05:35:00+07:00,"4683.49,4686.3,4683.11,4685.9"
2026-04-27 05:40:00+07:00,"4686,4686.03,4683.84,4684.58"
2026-04-27 05:45:00+07:00,"4684.59,4685.58,4683.48,4684.82"
2026-04-27 05:50:00+07:00,"4684.84,4685.49,4681.8,4684.17"
2026-04-27 05:55:00+07:00,"4684.27,4686.04,4683.6,4684.54"
2026-04-27 06:00:00+07:00,"4684.39,4684.39,4677.53,4681.55"
2026-04-27 06:05:00+07:00,"4681.54,4684.51,4681.3,4683.36"
2026-04-27 06:10:00+07:00,"4683.28,4684.93,4682.85,4683.78"
2026-04-27 06:15:00+07:00,"4683.73,4684.56,4683.32,4683.59"
2026-04-27 06:20:00+07:00,"4683.57,4683.91,4681.18,4682.72"
2026-04-27 06:25:00+07:00,"4682.7,4682.88,4677.07,4677.29"
2026-04-27 06:30:00+07:00,"4677.24,4679.86,4676.48,4679.01"
2026-04-27 06:35:00+07:00,"4679.07,4680.14,4675.02,4676.72"
2026-04-27 06:40:00+07:00,"4676.76,4678.35,4674.83,4676.83"
2026-04-27 06:45:00+07:00,"4676.83,4682.33,4676.83,4680.74"
2026-04-27 06:50:00+07:00,"4680.8,4681.92,4678.91,4681.2"
2026-04-27 06:55:00+07:00,"4681.27,4682.07,4679.66,4680.23"
2026-04-27 07:00:00+07:00,"4680.22,4681.36,4674.89,4678.96"
2026-04-27 07:05:00+07:00,"4678.91,4679.72,4672.06,4676.09"
2026-04-27 07:10:00+07:00,"4675.86,4680.03,4675.79,4679.91"
2026-04-27 07:15:00+07:00,"4679.93,4681.58,4677.66,4678.86"
2026-04-27 07:20:00+07:00,"4678.86,4680.53,4677.63,4679"
2026-04-27 07:25:00+07:00,"4679.01,4682.44,4677.64,4680.88"
2026-04-27 07:30:00+07:00,"4680.89,4681.57,4677.17,4678.31"
2026-04-27 07:35:00+07:00,"4678.23,4679.62,4676.78,4679.33"
2026-04-27 07:40:00+07:00,"4679.32,4681.14,4678.04,4680.65"
2026-04-27 07:45:00+07:00,"4680.72,4683.24,4680.68,4682.47"
2026-04-27 07:50:00+07:00,"4682.43,4689.18,4682.43,4688.75"
2026-04-27 07:55:00+07:00,"4688.91,4698.15,4688.67,4697.79"
2026-04-27 08:00:00+07:00,"4697.66,4709.79,4694.42,4707.99"
2026-04-27 08:05:00+07:00,"4707.97,4708.72,4696.89,4698.35"
2026-04-27 08:10:00+07:00,"4698.43,4702.35,4692.12,4692.75"
2026-04-27 08:15:00+07:00,"4692.73,4696.62,4690.89,4696.02"
2026-04-27 08:20:00+07:00,"4695.99,4698.72,4694.47,4697.2"
2026-04-27 08:25:00+07:00,"4697.21,4698.45,4692.89,4698.25"
2026-04-27 08:30:00+07:00,"4698.26,4700.87,4695.7,4697.46"
2026-04-27 08:35:00+07:00,"4697.41,4699.97,4696.34,4699.97"
2026-04-27 08:40:00+07:00,"4699.95,4700.53,4696.78,4697.92"
2026-04-27 08:45:00+07:00,"4697.93,4702.02,4697.65,4701.55"
2026-04-27 08:50:00+07:00,"4701.56,4706.56,4701.2,4702.93"
2026-04-27 08:55:00+07:00,"4703.03,4704.41,4699.94,4702.6"
2026-04-27 09:00:00+07:00,"4702.58,4706.65,4700.87,4702.11"
2026-04-27 09:05:00+07:00,"4702.19,4702.52,4696.36,4698.53"
2026-04-27 09:10:00+07:00,"4698.52,4700.4,4696.08,4699.7"
2026-04-27 09:15:00+07:00,"4699.69,4708.24,4698.92,4705.26"
2026-04-27 09:20:00+07:00,"4705.2,4707.29,4704.26,4705.17"
2026-04-27 09:25:00+07:00,"4705.16,4706.66,4704.77,4705.94"
2026-04-27 09:30:00+07:00,"4705.92,4707.83,4704.46,4705.64"
2026-04-27 09:35:00+07:00,"4705.63,4714.6,4705.63,4712.25"
2026-04-27 09:40:00+07:00,"4712.25,4713.96,4710.24,4713.36"
2026-04-27 09:45:00+07:00,"4713.36,4720.03,4712.16,4718.35"
2026-04-27 09:50:00+07:00,"4718.37,4722.9,4717.53,4721.31"
2026-04-27 09:55:00+07:00,"4721.39,4723.53,4718.21,4718.28"
2026-04-27 10:00:00+07:00,"4718.31,4722.25,4717.98,4720.4"
2026-04-27 10:05:00+07:00,"4720.38,4721.3,4718.9,4720.34"
2026-04-27 10:10:00+07:00,"4720.34,4721.88,4716.35,4717.96"
2026-04-27 10:15:00+07:00,"4717.95,4718.67,4716.52,4716.88"
2026-04-27 10:20:00+07:00,"4716.9,4718.42,4716.11,4716.34"
2026-04-27 10:25:00+07:00,"4716.37,4716.65,4714.39,4715.7"
2026-04-27 10:30:00+07:00,"4715.72,4722.24,4715.29,4721.88"
2026-04-27 10:35:00+07:00,"4721.85,4725.34,4720.98,4723.76"
2026-04-27 10:40:00+07:00,"4723.73,4729.42,4723.53,4728.26"
2026-04-27 10:45:00+07:00,"4728.27,4728.71,4723.03,4724.38"
2026-04-27 10:50:00+07:00,"4724.39,4726.41,4722.54,4725.05"
2026-04-27 10:55:00+07:00,"4725.05,4726.3,4724.06,4724.26"
2026-04-27 11:00:00+07:00,"4724.27,4726.85,4723.57,4726.25"
2026-04-27 11:05:00+07:00,"4726.27,4727.61,4726.15,4727.07"
2026-04-27 11:10:00+07:00,"4727.19,4728.14,4725.8,4727.49"
2026-04-27 11:15:00+07:00,"4727.49,4728.06,4725,4726.41"
2026-04-27 11:20:00+07:00,"4726.42,4727.61,4726.13,4726.59"
2026-04-27 11:25:00+07:00,"4726.6,4727.14,4725.02,4726.81"
2026-04-27 11:30:00+07:00,"4726.82,4730.1,4726.75,4727.14"
2026-04-27 11:35:00+07:00,"4727.13,4728.07,4725.23,4727.79"
2026-04-27 11:40:00+07:00,"4727.8,4728.15,4725.93,4726.18"
2026-04-27 11:45:00+07:00,"4726.24,4726.65,4723.85,4724.31"
2026-04-27 11:50:00+07:00,"4724.32,4724.83,4723.25,4724.64"
2026-04-27 11:55:00+07:00,"4724.63,4726.22,4722.59,4724.87"
2026-04-27 12:00:00+07:00,"4724.89,4725.52,4720.79,4721.35"
2026-04-27 12:05:00+07:00,"4721.31,4722.29,4719.51,4719.63"
2026-04-27 12:10:00+07:00,"4719.71,4720.33,4717.95,4718.42"
2026-04-27 12:15:00+07:00,"4718.42,4718.8,4716.05,4718.04"
2026-04-27 12:20:00+07:00,"4718.04,4719.27,4717.76,4719.23"
2026-04-27 12:25:00+07:00,"4719.2,4720.06,4717.57,4718.25"
2026-04-27 12:30:00+07:00,"4718.26,4718.56,4711.47,4712.72"
2026-04-27 12:35:00+07:00,"4712.69,4712.86,4709.51,4710.73"
2026-04-27 12:40:00+07:00,"4710.71,4712.26,4708.94,4711.8"
2026-04-27 12:45:00+07:00,"4711.78,4713.71,4711.33,4711.45"
2026-04-27 12:50:00+07:00,"4711.41,4712.1,4708.58,4711.29"
2026-04-27 12:55:00+07:00,"4711.28,4713.26,4709.74,4710.19"
2026-04-27 13:00:00+07:00,"4710.18,4713.4,4709.54,4711.21"
2026-04-27 13:05:00+07:00,"4711.2,4713.6,4709.46,4713.3"
2026-04-27 13:10:00+07:00,"4713.33,4715.79,4713.2,4714.65"
2026-04-27 13:15:00+07:00,"4714.62,4714.66,4711.63,4712.33"
2026-04-27 13:20:00+07:00,"4712.31,4715.38,4711.47,4714.86"
2026-04-27 13:25:00+07:00,"4714.88,4715.8,4712.37,4714.42"
2026-04-27 13:30:00+07:00,"4714.4,4714.48,4709.35,4710.44"
2026-04-27 13:35:00+07:00,"4710.45,4714.22,4709.76,4712"
2026-04-27 13:40:00+07:00,"4712.03,4712.99,4710.41,4710.9"
2026-04-27 13:45:00+07:00,"4710.88,4714.48,4710.11,4714.21"
2026-04-27 13:50:00+07:00,"4714.2,4715.7,4713.2,4713.5"
2026-04-27 13:55:00+07:00,"4713.53,4714.79,4712.07,4712.71"
2026-04-27 14:00:00+07:00,"4712.72,4717.71,4711.01,4717.42"
2026-04-27 14:05:00+07:00,"4717.29,4718.32,4714.72,4717.02"
2026-04-27 14:10:00+07:00,"4717,4717.64,4714.09,4717.06"
2026-04-27 14:15:00+07:00,"4717.07,4717.37,4712.43,4715.09"
2026-04-27 14:20:00+07:00,"4715.06,4718.3,4713.7,4717.79"
2026-04-27 14:25:00+07:00,"4717.78,4718.26,4714.25,4716.27"
2026-04-27 14:30:00+07:00,"4716.26,4717.51,4713.46,4716.68"
2026-04-27 14:35:00+07:00,"4716.67,4716.67,4713.52,4715.98"
2026-04-27 14:40:00+07:00,"4715.92,4716.95,4714.42,4714.92"
2026-04-27 14:45:00+07:00,"4714.94,4716.9,4712.99,4714.24"
2026-04-27 14:50:00+07:00,"4714.26,4714.78,4709.86,4712.33"
2026-04-27 14:55:00+07:00,"4712.38,4714.48,4711.53,4713.52"
2026-04-27 15:00:00+07:00,"4713.53,4714.45,4710.4,4712.25"
2026-04-27 15:05:00+07:00,"4712.24,4713.56,4710.35,4711.88"
2026-04-27 15:10:00+07:00,"4712.07,4713.74,4710.33,4711.09"
2026-04-27 15:15:00+07:00,"4710.98,4714.08,4710.51,4710.68"
2026-04-27 15:20:00+07:00,"4710.67,4712.54,4709.45,4711.1"
2026-04-27 15:25:00+07:00,"4711.11,4712.02,4709.5,4710.9"
2026-04-27 15:30:00+07:00,"4710.91,4710.95,4706.86,4709.49"
2026-04-27 15:35:00+07:00,"4709.51,4709.97,4706.93,4707.46"
2026-04-27 15:40:00+07:00,"4707.44,4711.93,4705.36,4711.83"
2026-04-27 15:45:00+07:00,"4711.82,4714.67,4711.39,4712.33"
2026-04-27 15:50:00+07:00,"4712.35,4712.56,4706.91,4707.07"
2026-04-27 15:55:00+07:00,"4707.06,4708.73,4705.49,4706.87"
2026-04-27 16:00:00+07:00,"4706.87,4708.23,4705.69,4706.45"
2026-04-27 16:05:00+07:00,"4706.53,4708.35,4704.21,4704.48"
2026-04-27 16:10:00+07:00,"4704.46,4706.16,4702.59,4705"
2026-04-27 16:15:00+07:00,"4704.99,4706.06,4703.43,4705.28"
2026-04-27 16:20:00+07:00,"4705.32,4706.2,4704.19,4705.83"
2026-04-27 16:25:00+07:00,"4705.8,4706.55,4701.38,4702.32"
2026-04-27 16:30:00+07:00,"4702.27,4703.97,4699.16,4703.15"
2026-04-27 16:35:00+07:00,"4703.13,4704.42,4700.57,4704.35"
2026-04-27 16:40:00+07:00,"4704.34,4705.39,4703.27,4704.55"
2026-04-27 16:45:00+07:00,"4704.54,4704.58,4700.06,4700.42"
2026-04-27 16:50:00+07:00,"4700.4,4702.66,4699.49,4700.51"
2026-04-27 16:55:00+07:00,"4700.56,4704.51,4700.44,4703.59"
2026-04-27 17:00:00+07:00,"4703.6,4706.25,4702.76,4705.35"
2026-04-27 17:05:00+07:00,"4705.36,4707,4703.49,4703.96"
2026-04-27 17:10:00+07:00,"4703.85,4704.41,4701.58,4702.04"
2026-04-27 17:15:00+07:00,"4702.1,4703.18,4699.52,4702.38"
2026-04-27 17:20:00+07:00,"4702.4,4706.09,4702.39,4704.43"
2026-04-27 17:25:00+07:00,"4704.45,4705.66,4703.49,4705.09"
2026-04-27 17:30:00+07:00,"4705.1,4708.28,4704.51,4707.48"
2026-04-27 17:35:00+07:00,"4707.47,4709.68,4705.33,4708.27"
2026-04-27 17:40:00+07:00,"4708.26,4710.76,4708.26,4709.03"
2026-04-27 17:45:00+07:00,"4709.05,4710.76,4707.8,4708.42"
2026-04-27 17:50:00+07:00,"4708.45,4710.37,4707.07,4709.35"
2026-04-27 17:55:00+07:00,"4709.34,4711,4708.33,4708.85"
2026-04-27 18:00:00+07:00,"4708.87,4709.09,4705.32,4705.97"
2026-04-27 18:05:00+07:00,"4706.01,4708.04,4705.33,4706.93"
2026-04-27 18:10:00+07:00,"4706.92,4707.11,4703.88,4704.11"
2026-04-27 18:15:00+07:00,"4704.12,4704.95,4700.6,4703.95"
2026-04-27 18:20:00+07:00,"4703.96,4704.72,4700.33,4704.12"
2026-04-27 18:25:00+07:00,"4704.14,4707.04,4703.03,4705.33"
2026-04-27 18:30:00+07:00,"4705.34,4708.56,4704.55,4705.42"
2026-04-27 18:35:00+07:00,"4705.44,4705.76,4700.25,4702.15"
2026-04-27 18:40:00+07:00,"4702.08,4704.29,4700.29,4702.77"
2026-04-27 18:45:00+07:00,"4702.79,4705.32,4702.77,4702.87"
2026-04-27 18:50:00+07:00,"4702.82,4703.4,4701.08,4703.24"
2026-04-27 18:55:00+07:00,"4703.3,4705.21,4701,4704.97"
2026-04-27 19:00:00+07:00,"4705.06,4706.24,4702.41,4705.11"
2026-04-27 19:05:00+07:00,"4705.12,4706.28,4702.58,4706.06"
2026-04-27 19:10:00+07:00,"4706.09,4709.38,4704.15,4708.8"
2026-04-27 19:15:00+07:00,"4708.84,4711.92,4707.34,4710.94"
2026-04-27 19:20:00+07:00,"4710.94,4712.6,4708.01,4709.29"
2026-04-27 19:25:00+07:00,"4709.3,4709.96,4701.59,4707.06"
2026-04-27 19:30:00+07:00,"4707.03,4707.98,4703.93,4704.64"
2026-04-27 19:35:00+07:00,"4704.66,4705.38,4700.49,4701.68"
2026-04-27 19:40:00+07:00,"4701.6,4702.57,4696.87,4698.99"
2026-04-27 19:45:00+07:00,"4698.99,4703.6,4697.62,4703.36"
2026-04-27 19:50:00+07:00,"4703.16,4704.51,4701.55,4702.84"
2026-04-27 19:55:00+07:00,"4702.78,4702.87,4696.9,4699.32"
2026-04-27 20:00:00+07:00,"4699.3,4700.86,4693.17,4696"
2026-04-27 20:05:00+07:00,"4695.99,4696.96,4693.35,4696.09"
2026-04-27 20:10:00+07:00,"4696.1,4699.58,4693.79,4696"
2026-04-27 20:15:00+07:00,"4695.99,4703.46,4695.43,4700.75"
2026-04-27 20:20:00+07:00,"4700.77,4703.2,4698.99,4699.55"
2026-04-27 20:25:00+07:00,"4699.54,4700.29,4697.65,4699.85"
2026-04-27 20:30:00+07:00,"4699.84,4702.67,4693.56,4694.76"
2026-04-27 20:35:00+07:00,"4694.7,4695.65,4689.09,4692.45"
2026-04-27 20:40:00+07:00,"4692.48,4694.73,4691.1,4693.55"
2026-04-27 20:45:00+07:00,"4693.58,4695.7,4689.46,4689.8"
2026-04-27 20:50:00+07:00,"4689.77,4695.91,4689.14,4694.61"
2026-04-27 20:55:00+07:00,"4694.53,4697.49,4692.86,4696.29"
2026-04-27 21:00:00+07:00,"4696.32,4696.4,4692,4694"
2026-04-27 21:05:00+07:00,"4694.01,4696.41,4688.56,4688.91"
2026-04-27 21:10:00+07:00,"4688.89,4693.2,4687.54,4692.51"
2026-04-27 21:15:00+07:00,"4692.5,4696.68,4690.91,4695.16"
2026-04-27 21:20:00+07:00,"4695.17,4696.26,4691.79,4693.21"
2026-04-27 21:25:00+07:00,"4693.22,4694.43,4686.11,4688.98"
2026-04-27 21:30:00+07:00,"4688.96,4689.07,4683.46,4685.73"
2026-04-27 21:35:00+07:00,"4685.68,4697.04,4685.48,4693.34"
2026-04-27 21:40:00+07:00,"4693.35,4694.88,4690.02,4693.38"
2026-04-27 21:45:00+07:00,"4693.39,4694.13,4690.46,4690.92"
2026-04-27 21:50:00+07:00,"4690.91,4691.99,4679.81,4680.64"
2026-04-27 21:55:00+07:00,"4680.59,4681.14,4676.47,4678.35"
2026-04-27 22:00:00+07:00,"4678.36,4679.56,4667.99,4668.87"
2026-04-27 22:05:00+07:00,"4668.95,4673.64,4667.03,4670.51"
2026-04-27 22:10:00+07:00,"4670.53,4677.01,4670.51,4674.66"
2026-04-27 22:15:00+07:00,"4674.71,4678.05,4672.87,4677.67"
2026-04-27 22:20:00+07:00,"4677.66,4678.55,4671.97,4673.9"
2026-04-27 22:25:00+07:00,"4673.81,4681.35,4671.99,4681.32"
2026-04-27 22:30:00+07:00,"4681.33,4682.57,4677.01,4678.8"
2026-04-27 22:35:00+07:00,"4678.77,4679.58,4677.16,4679.17"
2026-04-27 22:40:00+07:00,"4679.18,4681.2,4677.37,4677.37"
2026-04-27 22:45:00+07:00,"4677.36,4678.39,4674.13,4674.43"
2026-04-27 22:50:00+07:00,"4674.35,4676.41,4670.63,4671.53"
2026-04-27 22:55:00+07:00,"4671.42,4673,4667.64,4670.02"
2026-04-27 23:00:00+07:00,"4670.02,4671.04,4667.36,4670.75"
2026-04-27 23:05:00+07:00,"4670.76,4674.62,4670.46,4673.01"
2026-04-27 23:10:00+07:00,"4673,4675.15,4672.68,4674.69"
2026-04-27 23:15:00+07:00,"4674.68,4677.8,4674.11,4676.97"
2026-04-27 23:20:00+07:00,"4677.12,4677.6,4674.73,4675.82"
2026-04-27 23:25:00+07:00,"4675.83,4676.52,4673.61,4676.3"
2026-04-27 23:30:00+07:00,"4676.37,4679,4675.79,4678.03"
2026-04-27 23:35:00+07:00,"4678.04,4679.57,4677.05,4677.68"
2026-04-27 23:40:00+07:00,"4677.67,4677.74,4674.47,4675.04"
2026-04-27 23:45:00+07:00,"4675.05,4678.14,4674.79,4676.06"
2026-04-27 23:50:00+07:00,"4676.05,4677.76,4675.1,4676.7"
2026-04-27 23:55:00+07:00,"4676.59,4677.56,4675.83,4676.86"
2026-04-28 00:00:00+07:00,"4676.89,4678.59,4674,4674.27"
2026-04-28 00:05:00+07:00,"4674.28,4675.6,4672.97,4673.55"
2026-04-28 00:10:00+07:00,"4673.57,4674.81,4671.59,4673.74"
2026-04-28 00:15:00+07:00,"4673.75,4674.69,4668.19,4671.39"
2026-04-28 00:20:00+07:00,"4671.36,4677.02,4669.96,4674.37"
2026-04-28 00:25:00+07:00,"4674.38,4680.24,4674.37,4680.02"
2026-04-28 00:30:00+07:00,"4679.95,4685.55,4679.33,4685.02"
2026-04-28 00:35:00+07:00,"4685.03,4686.14,4680.03,4680.59"
2026-04-28 00:40:00+07:00,"4680.6,4683.15,4680.37,4683.07"
2026-04-28 00:45:00+07:00,"4683.09,4684.66,4681.05,4682.24"
2026-04-28 00:50:00+07:00,"4682.22,4683.44,4681.38,4681.93"
2026-04-28 00:55:00+07:00,"4681.94,4683.85,4681.92,4682.18"
2026-04-28 01:00:00+07:00,"4682.2,4682.29,4679.97,4680.36"
2026-04-28 01:05:00+07:00,"4680.37,4682.25,4678.76,4681.96"
2026-04-28 01:10:00+07:00,"4681.86,4682.72,4680.66,4681.24"
2026-04-28 01:15:00+07:00,"4681.23,4682.73,4680.57,4681.84"
2026-04-28 01:20:00+07:00,"4681.84,4684.57,4681.64,4684.12"
2026-04-28 01:25:00+07:00,"4684.11,4685.66,4683.26,4684.02"
2026-04-28 01:30:00+07:00,"4684.01,4684.32,4682.95,4683.27"
2026-04-28 01:35:00+07:00,"4683.28,4684.15,4682.56,4683.23"
2026-04-28 01:40:00+07:00,"4683.24,4685.47,4682.58,4682.79"
2026-04-28 01:45:00+07:00,"4682.78,4684.11,4681.64,4683.6"
2026-04-28 01:50:00+07:00,"4683.63,4685.13,4683.2,4683.48"
2026-04-28 01:55:00+07:00,"4683.46,4683.86,4680.69,4680.73"
2026-04-28 02:00:00+07:00,"4680.73,4681.23,4678.5,4679.15"
2026-04-28 02:05:00+07:00,"4679.16,4680.47,4678.92,4679.54"
2026-04-28 02:10:00+07:00,"4679.52,4681.14,4678.92,4680.28"
2026-04-28 02:15:00+07:00,"4680.27,4681.89,4679.85,4681.61"
2026-04-28 02:20:00+07:00,"4681.6,4682.86,4681.17,4682.64"
2026-04-28 02:25:00+07:00,"4682.65,4682.79,4680.96,4682.27"
2026-04-28 02:30:00+07:00,"4682.29,4682.48,4678.37,4679"
2026-04-28 02:35:00+07:00,"4679.01,4679.24,4676.63,4677.52"
2026-04-28 02:40:00+07:00,"4677.51,4680.24,4677.35,4679.96"
2026-04-28 02:45:00+07:00,"4679.94,4681.51,4678.48,4681.07"
2026-04-28 02:50:00+07:00,"4681.1,4681.31,4679.11,4679.9"
2026-04-28 02:55:00+07:00,"4679.92,4681.23,4679.09,4680.91"
2026-04-28 03:00:00+07:00,"4680.92,4681.36,4678.52,4679.15"
2026-04-28 03:05:00+07:00,"4679.16,4679.28,4677.49,4678.96"
2026-04-28 03:10:00+07:00,"4678.97,4679.46,4678.58,4679.17"
2026-04-28 03:15:00+07:00,"4679.2,4679.76,4679.04,4679.32"
2026-04-28 03:20:00+07:00,"4679.33,4679.65,4678.51,4679.14"
2026-04-28 03:25:00+07:00,"4679.13,4680.74,4678.91,4679.69"
2026-04-28 03:30:00+07:00,"4679.68,4680.5,4678.66,4679.2"
2026-04-28 03:35:00+07:00,"4679.25,4680.37,4679.09,4679.77"
2026-04-28 03:40:00+07:00,"4679.74,4680.3,4679.06,4680.26"
2026-04-28 03:45:00+07:00,"4680.25,4680.54,4679.13,4679.9"
2026-04-28 03:50:00+07:00,"4679.88,4680.12,4678.38,4679.05"
2026-04-28 03:55:00+07:00,"4679,4682.42,4678.82,4681.97"
2026-04-28 05:00:00+07:00,"4681.76,4686.85,4681.76,4682.28"
2026-04-28 05:05:00+07:00,"4682.34,4689.49,4682.25,4688.76"
2026-04-28 05:10:00+07:00,"4688.75,4691.28,4688.55,4689.3"
2026-04-28 05:15:00+07:00,"4689.31,4689.92,4687.24,4688.35"
2026-04-28 05:20:00+07:00,"4688.34,4688.54,4686.78,4687.58"
2026-04-28 05:25:00+07:00,"4687.57,4689.39,4687.56,4689.03"
2026-04-28 05:30:00+07:00,"4689.06,4689.7,4688.43,4688.75"
2026-04-28 05:35:00+07:00,"4688.76,4688.8,4686.87,4688.14"
2026-04-28 05:40:00+07:00,"4688.1,4688.92,4686.38,4687.42"
2026-04-28 05:45:00+07:00,"4687.41,4687.7,4686.35,4686.91"
2026-04-28 05:50:00+07:00,"4686.89,4687.74,4686.08,4687.49"
2026-04-28 05:55:00+07:00,"4687.39,4688.13,4686.94,4687.76"
2026-04-28 06:00:00+07:00,"4687.83,4689.45,4687.15,4688.52"
2026-04-28 06:05:00+07:00,"4688.56,4688.75,4687.33,4688.15"
2026-04-28 06:10:00+07:00,"4688.12,4690.02,4687.33,4689.75"
2026-04-28 06:15:00+07:00,"4689.75,4691.39,4689.44,4690.94"
2026-04-28 06:20:00+07:00,"4690.97,4691.38,4689.93,4690.84"
2026-04-28 06:25:00+07:00,"4690.84,4691.82,4690.1,4690.77"
2026-04-28 06:30:00+07:00,"4690.76,4692.32,4690.39,4692.13"
2026-04-28 06:35:00+07:00,"4692.13,4694.5,4691.98,4693.43"
2026-04-28 06:40:00+07:00,"4693.45,4694.56,4691.75,4694.26"
2026-04-28 06:45:00+07:00,"4694.26,4695.09,4693.3,4694.48"
2026-04-28 06:50:00+07:00,"4694.46,4695.06,4693.72,4694.69"
2026-04-28 06:55:00+07:00,"4694.66,4694.75,4691.81,4691.81"
2026-04-28 07:00:00+07:00,"4691.83,4697.66,4691.83,4697.03"
2026-04-28 07:05:00+07:00,"4697.02,4701.71,4696.67,4700.05"
2026-04-28 07:10:00+07:00,"4700.06,4701.27,4697.64,4697.85"
2026-04-28 07:15:00+07:00,"4697.82,4699.53,4696.52,4697.15"
2026-04-28 07:20:00+07:00,"4697.13,4697.55,4695.55,4696.92"
2026-04-28 07:25:00+07:00,"4696.94,4697.88,4692.13,4694.91"
2026-04-28 07:30:00+07:00,"4695.04,4695.38,4692.41,4693.25"
2026-04-28 07:35:00+07:00,"4693.27,4694.86,4691.75,4691.75"
2026-04-28 07:40:00+07:00,"4691.84,4694.73,4691.65,4693.7"
2026-04-28 07:45:00+07:00,"4693.71,4694.83,4692.57,4693.88"
2026-04-28 07:50:00+07:00,"4693.87,4694.3,4692.4,4693.03"
2026-04-28 07:55:00+07:00,"4692.94,4693.57,4690.42,4690.54"
2026-04-28 08:00:00+07:00,"4690.53,4690.96,4684.52,4689.57"
2026-04-28 08:05:00+07:00,"4689.59,4690.69,4686.59,4689.07"
2026-04-28 08:10:00+07:00,"4689.08,4691,4687.31,4687.95"
2026-04-28 08:15:00+07:00,"4687.96,4689.63,4685.75,4689.29"
2026-04-28 08:20:00+07:00,"4689.23,4690.73,4686.71,4689.56"
2026-04-28 08:25:00+07:00,"4689.54,4689.93,4687,4687.69"
2026-04-28 08:30:00+07:00,"4687.74,4688.08,4683.96,4684.4"
2026-04-28 08:35:00+07:00,"4684.47,4690.49,4684.47,4690.28"
2026-04-28 08:40:00+07:00,"4690.38,4691.55,4686.92,4687.34"
2026-04-28 08:45:00+07:00,"4687.36,4687.85,4684.95,4685.01"
2026-04-28 08:50:00+07:00,"4684.98,4685.59,4680.74,4680.99"
2026-04-28 08:55:00+07:00,"4681.05,4681.22,4669.1,4670.84"
2026-04-28 09:00:00+07:00,"4670.82,4673.45,4666.31,4672.81"
2026-04-28 09:05:00+07:00,"4672.75,4676.57,4672.25,4675.25"
2026-04-28 09:10:00+07:00,"4675.26,4678.16,4674.17,4677.26"
2026-04-28 09:15:00+07:00,"4677.21,4679.8,4677.04,4678.18"
2026-04-28 09:20:00+07:00,"4678.19,4679.64,4675.29,4675.61"
2026-04-28 09:25:00+07:00,"4675.6,4677.6,4674.47,4675.66"
2026-04-28 09:30:00+07:00,"4675.68,4675.7,4671.47,4673.66"
2026-04-28 09:35:00+07:00,"4673.67,4673.98,4670.81,4671.21"
2026-04-28 09:40:00+07:00,"4671.19,4673.43,4670.68,4671.09"
2026-04-28 09:45:00+07:00,"4671.07,4671.55,4668.63,4670.29"
2026-04-28 09:50:00+07:00,"4670.37,4671.02,4668.43,4670.82"
2026-04-28 09:55:00+07:00,"4670.8,4670.8,4666.56,4669.17"
2026-04-28 10:00:00+07:00,"4669.14,4671.98,4668.52,4671.08"
2026-04-28 10:05:00+07:00,"4671.09,4673.23,4670.55,4672.77"
2026-04-28 10:10:00+07:00,"4672.74,4674.2,4672.29,4672.89"
2026-04-28 10:15:00+07:00,"4672.87,4673.95,4671.3,4673.2"
2026-04-28 10:20:00+07:00,"4673.18,4675.25,4672.21,4672.77"
2026-04-28 10:25:00+07:00,"4672.78,4676.08,4671.44,4674.77"
2026-04-28 10:30:00+07:00,"4674.81,4675.49,4671.65,4672.47"
2026-04-28 10:35:00+07:00,"4672.46,4674.14,4671.83,4673.33"
2026-04-28 10:40:00+07:00,"4673.3,4673.94,4671.72,4672.1"
2026-04-28 10:45:00+07:00,"4672.08,4672.64,4671.29,4671.58"
2026-04-28 10:50:00+07:00,"4671.58,4671.97,4669.53,4669.64"
2026-04-28 10:55:00+07:00,"4669.67,4671.78,4669.37,4670.96"
2026-04-28 11:00:00+07:00,"4670.94,4671.21,4666.73,4668.1"
2026-04-28 11:05:00+07:00,"4667.99,4669.1,4667.25,4667.8"
2026-04-28 11:10:00+07:00,"4667.81,4670.05,4667.32,4669.75"
2026-04-28 11:15:00+07:00,"4669.74,4669.89,4668.33,4668.73"
2026-04-28 11:20:00+07:00,"4668.72,4668.72,4666.66,4666.93"
2026-04-28 11:25:00+07:00,"4666.94,4667.87,4666.74,4667.44"
2026-04-28 11:30:00+07:00,"4667.45,4669.06,4666.63,4668.65"
2026-04-28 11:35:00+07:00,"4668.66,4669.12,4667.41,4669.12"
2026-04-28 11:40:00+07:00,"4669.12,4669.85,4667.56,4669.79"
2026-04-28 11:45:00+07:00,"4669.78,4670,4667.39,4667.59"
2026-04-28 11:50:00+07:00,"4667.58,4669.78,4667.14,4667.86"
2026-04-28 11:55:00+07:00,"4667.85,4668.55,4667.29,4667.74"
2026-04-28 12:00:00+07:00,"4667.94,4668.14,4661.57,4663.29"
2026-04-28 12:05:00+07:00,"4663.27,4663.51,4646.73,4653.88"
2026-04-28 12:10:00+07:00,"4653.87,4655.08,4648.79,4652.55"
2026-04-28 12:15:00+07:00,"4652.53,4655.46,4651.2,4655.25"
2026-04-28 12:20:00+07:00,"4655.16,4659.6,4655.07,4658.79"
2026-04-28 12:25:00+07:00,"4658.77,4659.33,4656.93,4658.36"
2026-04-28 12:30:00+07:00,"4658.35,4658.66,4642.67,4644.62"
2026-04-28 12:35:00+07:00,"4644.63,4644.7,4637.22,4637.4"
2026-04-28 12:40:00+07:00,"4637.4,4637.53,4624.38,4624.84"
2026-04-28 12:45:00+07:00,"4624.85,4630.75,4623.72,4627.93"
2026-04-28 12:50:00+07:00,"4628.1,4632.19,4626.64,4631.93"
2026-04-28 12:55:00+07:00,"4631.94,4634.42,4631.44,4632.31"
2026-04-28 13:00:00+07:00,"4632.32,4634.29,4625.83,4634.14"
2026-04-28 13:05:00+07:00,"4634.16,4643.07,4634.14,4640.21"
2026-04-28 13:10:00+07:00,"4640.19,4641.86,4637.64,4640.68"
2026-04-28 13:15:00+07:00,"4640.67,4641.3,4632.95,4633.98"
2026-04-28 13:20:00+07:00,"4633.99,4633.99,4622.96,4626.03"
2026-04-28 13:25:00+07:00,"4625.99,4632.58,4623.82,4631.58"
2026-04-28 13:30:00+07:00,"4631.51,4634.48,4628.28,4629.73"
2026-04-28 13:35:00+07:00,"4629.74,4631.92,4625.14,4631.9"
2026-04-28 13:40:00+07:00,"4631.89,4634.68,4628.27,4629.82"
2026-04-28 13:45:00+07:00,"4629.81,4631.89,4623.79,4625.65"
2026-04-28 13:50:00+07:00,"4625.65,4631.92,4623.1,4626.41"
2026-04-28 13:55:00+07:00,"4626.4,4631.92,4625.48,4628.91"
2026-04-28 14:00:00+07:00,"4628.93,4639.51,4627.35,4639.23"
2026-04-28 14:05:00+07:00,"4639.23,4639.51,4632.31,4633.94"
2026-04-28 14:10:00+07:00,"4634.05,4636.41,4632.05,4634.17"
2026-04-28 14:15:00+07:00,"4634.16,4634.81,4630.47,4632.67"
2026-04-28 14:20:00+07:00,"4632.68,4634.09,4628.15,4629.84"
2026-04-28 14:25:00+07:00,"4629.85,4631.1,4627.17,4629.77"
2026-04-28 14:30:00+07:00,"4629.72,4635.34,4626.03,4626.81"
2026-04-28 14:35:00+07:00,"4626.82,4630.5,4625.97,4627.88"
2026-04-28 14:40:00+07:00,"4627.87,4633.46,4626.93,4629.45"
2026-04-28 14:45:00+07:00,"4629.45,4629.61,4625.94,4628.43"
2026-04-28 14:50:00+07:00,"4628.42,4628.42,4623.26,4626.36"
2026-04-28 14:55:00+07:00,"4626.38,4633.84,4620.36,4633.04"
2026-04-28 15:00:00+07:00,"4633.04,4633.52,4617.27,4620.37"
2026-04-28 15:05:00+07:00,"4620.29,4624.84,4615.97,4621.74"
2026-04-28 15:10:00+07:00,"4621.77,4623.25,4614.05,4620.25"
2026-04-28 15:15:00+07:00,"4620.3,4623.8,4619.11,4621.85"
2026-04-28 15:20:00+07:00,"4622.19,4623.44,4619.74,4621.46"
2026-04-28 15:25:00+07:00,"4621.56,4627.37,4620.54,4626.92"
2026-04-28 15:30:00+07:00,"4626.94,4635.53,4626.43,4632.65"
2026-04-28 15:35:00+07:00,"4632.66,4632.84,4628.8,4629.21"
2026-04-28 15:40:00+07:00,"4629.2,4630.77,4626.82,4628.23"
2026-04-28 15:45:00+07:00,"4628.22,4629.53,4625.05,4626.06"
2026-04-28 15:50:00+07:00,"4626.07,4629.36,4625.48,4627.65"
2026-04-28 15:55:00+07:00,"4627.66,4630.76,4626.89,4629.84"
2026-04-28 16:00:00+07:00,"4629.83,4630.21,4621.64,4622.86"
2026-04-28 16:05:00+07:00,"4622.85,4627.72,4621.55,4627.22"
2026-04-28 16:10:00+07:00,"4627.23,4628,4624.16,4625.36"
2026-04-28 16:15:00+07:00,"4625.35,4625.72,4621.78,4622.1"
2026-04-28 16:20:00+07:00,"4622.1,4622.35,4613.56,4616.14"
2026-04-28 16:25:00+07:00,"4616.28,4618.76,4612.84,4618.32"
2026-04-28 16:30:00+07:00,"4618.34,4619.28,4611,4611.91"
2026-04-28 16:35:00+07:00,"4611.92,4614.47,4609.73,4610.64"
2026-04-28 16:40:00+07:00,"4610.63,4613.68,4607.99,4613.63"
2026-04-28 16:45:00+07:00,"4613.61,4615.12,4608.1,4610.58"
2026-04-28 16:50:00+07:00,"4610.4,4613.04,4609.84,4611.18"
2026-04-28 16:55:00+07:00,"4611.17,4611.95,4604.6,4604.69"
2026-04-28 17:00:00+07:00,"4604.68,4612.25,4604.29,4607.59"
2026-04-28 17:05:00+07:00,"4607.6,4611.77,4605.89,4609.99"
2026-04-28 17:10:00+07:00,"4610.02,4613.82,4609.03,4612.62"
2026-04-28 17:15:00+07:00,"4612.61,4615.9,4610.89,4614.52"
2026-04-28 17:20:00+07:00,"4614.53,4616.57,4611.66,4612.65"
2026-04-28 17:25:00+07:00,"4612.64,4613.96,4610.85,4611.37"
2026-04-28 17:30:00+07:00,"4611.37,4615.06,4610.84,4612.35"
2026-04-28 17:35:00+07:00,"4612.34,4615.31,4611.9,4614.77"
2026-04-28 17:40:00+07:00,"4614.72,4615.94,4612.79,4613.12"
2026-04-28 17:45:00+07:00,"4613.16,4615.55,4610.82,4613.47"
2026-04-28 17:50:00+07:00,"4613.4,4614.32,4608.11,4609.75"
2026-04-28 17:55:00+07:00,"4609.74,4610.1,4603.18,4603.18"
2026-04-28 18:00:00+07:00,"4603.03,4608.92,4601.73,4605.35"
2026-04-28 18:05:00+07:00,"4605.34,4606.43,4600.76,4601.95"
2026-04-28 18:10:00+07:00,"4601.97,4602.54,4597.66,4598.68"
2026-04-28 18:15:00+07:00,"4598.66,4601.02,4595.67,4597.29"
2026-04-28 18:20:00+07:00,"4597.3,4604.08,4593.84,4601.78"
2026-04-28 18:25:00+07:00,"4601.76,4603.45,4598.19,4599.55"
2026-04-28 18:30:00+07:00,"4599.54,4599.84,4588.91,4590.95"
2026-04-28 18:35:00+07:00,"4590.92,4591.81,4568.68,4569.83"
2026-04-28 18:40:00+07:00,"4569.84,4575,4568.1,4572.23"
2026-04-28 18:45:00+07:00,"4572.09,4574.31,4558.25,4559.15"
2026-04-28 18:50:00+07:00,"4559.08,4563.32,4554.9,4559.57"
2026-04-28 18:55:00+07:00,"4559.58,4564.38,4558.14,4562.67"
2026-04-28 19:00:00+07:00,"4562.66,4570.26,4554.77,4569.04"
2026-04-28 19:05:00+07:00,"4569,4573.93,4567.39,4570.04"
2026-04-28 19:10:00+07:00,"4569.88,4581.81,4569.59,4581.47"
2026-04-28 19:15:00+07:00,"4581.48,4587.12,4577.63,4579.38"
2026-04-28 19:20:00+07:00,"4579.37,4598.03,4576.53,4577.87"
2026-04-28 19:25:00+07:00,"4577.88,4581.64,4573.65,4580.29"
2026-04-28 19:30:00+07:00,"4580.11,4582.4,4570.28,4579.01"
2026-04-28 19:35:00+07:00,"4579.01,4585.89,4578.9,4583.81"
2026-04-28 19:40:00+07:00,"4583.79,4588.84,4582.75,4587.05"
2026-04-28 19:45:00+07:00,"4587.05,4599.63,4583.81,4599.08"
2026-04-28 19:50:00+07:00,"4599.07,4600.19,4593.2,4594.72"
2026-04-28 19:55:00+07:00,"4595.05,4600.66,4591.83,4593.76"
2026-04-28 20:00:00+07:00,"4593.7,4594.69,4584.14,4584.22"
2026-04-28 20:05:00+07:00,"4584.28,4584.54,4571.26,4572.98"
2026-04-28 20:10:00+07:00,"4572.99,4581.75,4571.34,4576.2"
2026-04-28 20:15:00+07:00,"4576.19,4579.85,4573.26,4577.66"
2026-04-28 20:20:00+07:00,"4577.67,4581.29,4575.53,4576.43"
2026-04-28 20:25:00+07:00,"4576.43,4584.56,4571.91,4581.48"
2026-04-28 20:30:00+07:00,"4581.35,4581.99,4570.75,4577.79"
2026-04-28 20:35:00+07:00,"4577.78,4582.84,4575.34,4579.62"
2026-04-28 20:40:00+07:00,"4579.62,4591.75,4573.66,4581.89"
2026-04-28 20:45:00+07:00,"4581.91,4592.92,4580.56,4586.43"
2026-04-28 20:50:00+07:00,"4586.48,4590.97,4579.6,4581.19"
2026-04-28 20:55:00+07:00,"4581.12,4582.65,4574.72,4580.23"
2026-04-28 21:00:00+07:00,"4580.28,4580.91,4565.36,4566.35"
2026-04-28 21:05:00+07:00,"4566.37,4575.14,4564.78,4569.59"
2026-04-28 21:10:00+07:00,"4569.65,4572.65,4565.94,4568.38"
2026-04-28 21:15:00+07:00,"4568.39,4578,4564,4571.59"
2026-04-28 21:20:00+07:00,"4571.64,4574.58,4565.2,4567.94"
2026-04-28 21:25:00+07:00,"4567.93,4573.54,4567.39,4571.67"
2026-04-28 21:30:00+07:00,"4571.68,4578.32,4569.13,4570.07"
2026-04-28 21:35:00+07:00,"4570.08,4570.78,4559.92,4560.38"
2026-04-28 21:40:00+07:00,"4560.36,4566.07,4557.21,4564.08"
2026-04-28 21:45:00+07:00,"4564.1,4567.97,4560.88,4563.18"
2026-04-28 21:50:00+07:00,"4563.09,4565.52,4557.17,4563.81"
2026-04-28 21:55:00+07:00,"4563.81,4574.99,4560.28,4574.61"
2026-04-28 22:00:00+07:00,"4574.59,4581.72,4573.96,4575.92"
2026-04-28 22:05:00+07:00,"4575.94,4580.08,4570.64,4572.85"
2026-04-28 22:10:00+07:00,"4572.84,4574.91,4570.33,4572.75"
2026-04-28 22:15:00+07:00,"4572.76,4576.11,4569.78,4572.76"
2026-04-28 22:20:00+07:00,"4572.8,4573.3,4566.99,4571.82"
2026-04-28 22:25:00+07:00,"4571.84,4577.53,4570.32,4577.09"
2026-04-28 22:30:00+07:00,"4577.08,4577.85,4571.16,4571.62"
2026-04-28 22:35:00+07:00,"4571.73,4581.37,4571.19,4578.65"
2026-04-28 22:40:00+07:00,"4578.66,4581.1,4576.86,4577.92"
2026-04-28 22:45:00+07:00,"4577.9,4583.32,4576.38,4581.93"
2026-04-28 22:50:00+07:00,"4581.94,4586.36,4581.4,4583.79"
2026-04-28 22:55:00+07:00,"4583.81,4586.61,4581.68,4586.57"
2026-04-28 23:00:00+07:00,"4586.35,4587.01,4582.22,4583.8"
2026-04-28 23:05:00+07:00,"4583.77,4586.3,4582.83,4585.06"
2026-04-28 23:10:00+07:00,"4585.04,4586.06,4582.78,4585.14"
2026-04-28 23:15:00+07:00,"4585.15,4585.69,4577.79,4580.68"
2026-04-28 23:20:00+07:00,"4580.64,4583.36,4580.58,4581.98"
2026-04-28 23:25:00+07:00,"4581.98,4585.66,4581.83,4582.86"
2026-04-28 23:30:00+07:00,"4582.86,4585.17,4580.9,4581.15"
2026-04-28 23:35:00+07:00,"4581.21,4586.77,4580.54,4584.79"
2026-04-28 23:40:00+07:00,"4584.8,4585.76,4582.75,4584.93"
2026-04-28 23:45:00+07:00,"4584.92,4588.69,4583.74,4586.6"
2026-04-28 23:50:00+07:00,"4586.59,4594.59,4586.59,4593.37"
2026-04-28 23:55:00+07:00,"4593.38,4595.03,4591.58,4592.33"
2026-04-29 00:00:00+07:00,"4592.36,4594.3,4589.61,4589.94"
2026-04-29 00:05:00+07:00,"4589.95,4591.74,4588.41,4591.41"
2026-04-29 00:10:00+07:00,"4591.4,4594.95,4590.17,4593.63"
2026-04-29 00:15:00+07:00,"4593.63,4594.18,4587.35,4588.55"
2026-04-29 00:20:00+07:00,"4588.71,4595.44,4587.26,4595.11"
2026-04-29 00:25:00+07:00,"4595.1,4597.36,4592.59,4593.81"
2026-04-29 00:30:00+07:00,"4593.83,4597.21,4593.83,4595.7"
2026-04-29 00:35:00+07:00,"4595.72,4599.39,4595.72,4598.44"
2026-04-29 00:40:00+07:00,"4598.5,4601.6,4598.32,4599.13"
2026-04-29 00:45:00+07:00,"4599.12,4600.66,4597.73,4598.2"
2026-04-29 00:50:00+07:00,"4598.21,4598.51,4596.27,4597.32"
2026-04-29 00:55:00+07:00,"4597.33,4598.16,4594.12,4594.87"
2026-04-29 01:00:00+07:00,"4594.88,4598.62,4592.12,4593.82"
2026-04-29 01:05:00+07:00,"4593.81,4597.8,4593.46,4596.4"
2026-04-29 01:10:00+07:00,"4596.38,4597.02,4594.74,4596.16"
2026-04-29 01:15:00+07:00,"4596.17,4599.38,4596.1,4597.73"
2026-04-29 01:20:00+07:00,"4597.81,4600.15,4596.98,4599.28"
2026-04-29 01:25:00+07:00,"4599.24,4600.96,4597.94,4598.98"
2026-04-29 01:30:00+07:00,"4598.99,4599.68,4594.71,4595.12"
2026-04-29 01:35:00+07:00,"4595.13,4596.84,4593.39,4596.39"
2026-04-29 01:40:00+07:00,"4596.4,4598.19,4596.08,4597.67"
2026-04-29 01:45:00+07:00,"4597.67,4599.02,4597.06,4598.12"
2026-04-29 01:50:00+07:00,"4598.06,4598.74,4594.95,4595.37"
2026-04-29 01:55:00+07:00,"4595.39,4595.69,4593.01,4594.39"
2026-04-29 02:00:00+07:00,"4594.38,4597.61,4593.77,4595.9"
2026-04-29 02:05:00+07:00,"4595.94,4598.9,4595.8,4596.73"
2026-04-29 02:10:00+07:00,"4596.76,4597.61,4595.69,4595.78"
2026-04-29 02:15:00+07:00,"4595.74,4595.92,4594.23,4594.86"
2026-04-29 02:20:00+07:00,"4594.82,4596.53,4593.79,4596.04"
2026-04-29 02:25:00+07:00,"4596.14,4597.16,4595.42,4596.36"
2026-04-29 02:30:00+07:00,"4596.36,4596.82,4594.68,4596.48"
2026-04-29 02:35:00+07:00,"4596.51,4598.76,4596.41,4598.47"
2026-04-29 02:40:00+07:00,"4598.46,4600,4597.81,4598.55"
2026-04-29 02:45:00+07:00,"4598.58,4599.39,4596.47,4597.96"
2026-04-29 02:50:00+07:00,"4598.01,4598.55,4593.35,4595.33"
2026-04-29 02:55:00+07:00,"4595.42,4596.62,4594.25,4595.49"
2026-04-29 03:00:00+07:00,"4595.45,4596.93,4594.86,4596.76"
2026-04-29 03:05:00+07:00,"4596.78,4598.43,4595.92,4597.74"
2026-04-29 03:10:00+07:00,"4597.73,4598.62,4596.85,4597.26"
2026-04-29 03:15:00+07:00,"4597.27,4598.17,4594.09,4594.28"
2026-04-29 03:20:00+07:00,"4594.3,4594.4,4591.41,4592.87"
2026-04-29 03:25:00+07:00,"4592.88,4594.06,4591.02,4592.94"
2026-04-29 03:30:00+07:00,"4592.93,4595.5,4592.71,4593.98"
2026-04-29 03:35:00+07:00,"4594,4595.35,4592.86,4594.39"
2026-04-29 03:40:00+07:00,"4594.36,4594.9,4592.41,4593.47"
2026-04-29 03:45:00+07:00,"4593.48,4593.84,4592.81,4593.25"
2026-04-29 03:50:00+07:00,"4593.24,4595.89,4592.82,4595.83"
2026-04-29 03:55:00+07:00,"4595.83,4597.41,4594.82,4594.88"
2026-04-29 05:00:00+07:00,"4595.27,4599.9,4595.27,4598.34"
2026-04-29 05:05:00+07:00,"4598.34,4598.61,4594.1,4595.5"
2026-04-29 05:10:00+07:00,"4595.52,4597.16,4595.01,4596.45"
2026-04-29 05:15:00+07:00,"4596.46,4597.38,4595.16,4596.59"
2026-04-29 05:20:00+07:00,"4596.58,4597.25,4596.1,4596.78"
2026-04-29 05:25:00+07:00,"4596.72,4596.72,4594.99,4595.84"
2026-04-29 05:30:00+07:00,"4595.87,4597.13,4595.83,4597.01"
2026-04-29 05:35:00+07:00,"4597.02,4597.2,4593.8,4594.19"
2026-04-29 05:40:00+07:00,"4594.2,4595.33,4592.91,4593.61"
2026-04-29 05:45:00+07:00,"4593.62,4595.32,4592.92,4594.07"
2026-04-29 05:50:00+07:00,"4593.97,4595.34,4592.74,4594.99"
2026-04-29 05:55:00+07:00,"4595,4595.2,4592.47,4594"
2026-04-29 06:00:00+07:00,"4594.15,4594.66,4592.31,4593.4"
2026-04-29 06:05:00+07:00,"4593.5,4593.74,4590.77,4590.92"
2026-04-29 06:10:00+07:00,"4590.91,4591.43,4589.32,4590.92"
2026-04-29 06:15:00+07:00,"4590.89,4592.96,4590.31,4592.11"
2026-04-29 06:20:00+07:00,"4592.13,4592.45,4591.31,4592.16"
2026-04-29 06:25:00+07:00,"4592.16,4592.44,4590.33,4592.17"
2026-04-29 06:30:00+07:00,"4591.82,4593.56,4590.69,4591.35"
2026-04-29 06:35:00+07:00,"4591.5,4591.58,4587.75,4588.51"
2026-04-29 06:40:00+07:00,"4588.54,4590.61,4587.9,4589.79"
2026-04-29 06:45:00+07:00,"4589.81,4593.07,4588.94,4589.11"
2026-04-29 06:50:00+07:00,"4589.22,4592.57,4589.18,4592.32"
2026-04-29 06:55:00+07:00,"4592.31,4596.28,4592.29,4595.81"
2026-04-29 07:00:00+07:00,"4595.8,4606.99,4595.03,4606.34"
2026-04-29 07:05:00+07:00,"4606.35,4608.61,4605.13,4608.4"
2026-04-29 07:10:00+07:00,"4608.45,4610.5,4606.74,4607.51"
2026-04-29 07:15:00+07:00,"4607.51,4607.96,4600.46,4600.82"
2026-04-29 07:20:00+07:00,"4600.84,4603.29,4599.71,4602.69"
2026-04-29 07:25:00+07:00,"4602.69,4604.73,4598.52,4600.13"
2026-04-29 07:30:00+07:00,"4600.2,4602.7,4599.77,4601.76"
2026-04-29 07:35:00+07:00,"4601.74,4603.08,4599.51,4602.92"
2026-04-29 07:40:00+07:00,"4602.94,4604.99,4602.61,4603.78"
2026-04-29 07:45:00+07:00,"4603.83,4604.17,4599.58,4599.98"
2026-04-29 07:50:00+07:00,"4599.79,4600.35,4596.34,4598.19"
2026-04-29 07:55:00+07:00,"4598.18,4601.95,4597.67,4600.38"
2026-04-29 08:00:00+07:00,"4600.32,4600.57,4579.99,4582.62"
2026-04-29 08:05:00+07:00,"4582.66,4586.88,4575.54,4581.17"
2026-04-29 08:10:00+07:00,"4581.05,4585.79,4581.05,4582.34"
2026-04-29 08:15:00+07:00,"4582.35,4586.1,4579.13,4585.67"
2026-04-29 08:20:00+07:00,"4585.63,4586.78,4582.29,4585.18"
2026-04-29 08:25:00+07:00,"4585.16,4585.93,4580.28,4580.39"
2026-04-29 08:30:00+07:00,"4580.42,4586.52,4578.62,4586.26"
2026-04-29 08:35:00+07:00,"4586.23,4589.35,4584.12,4585.06"
2026-04-29 08:40:00+07:00,"4585.05,4591.82,4582.65,4590.65"
2026-04-29 08:45:00+07:00,"4590.54,4591.62,4582.14,4583.82"
2026-04-29 08:50:00+07:00,"4583.83,4584.45,4580.49,4581.96"
2026-04-29 08:55:00+07:00,"4582.01,4585.52,4580.79,4584.99"
2026-04-29 09:00:00+07:00,"4585,4595.65,4585,4592.48"
2026-04-29 09:05:00+07:00,"4592.46,4601.41,4591.84,4598.92"
2026-04-29 09:10:00+07:00,"4598.96,4602.51,4598.75,4600.87"
2026-04-29 09:15:00+07:00,"4600.88,4604.25,4599.93,4601.35"
2026-04-29 09:20:00+07:00,"4601.36,4601.6,4598.43,4598.72"
2026-04-29 09:25:00+07:00,"4598.73,4603.22,4598.25,4599.25"
2026-04-29 09:30:00+07:00,"4599.24,4602.02,4598.27,4599.61"
2026-04-29 09:35:00+07:00,"4599.6,4599.62,4595.53,4596.04"
2026-04-29 09:40:00+07:00,"4596.06,4598.72,4595.32,4596.76"
2026-04-29 09:45:00+07:00,"4596.77,4601.38,4596.46,4599.32"
2026-04-29 09:50:00+07:00,"4599.61,4600.61,4592.89,4593.15"
2026-04-29 09:55:00+07:00,"4593.14,4594.76,4592.15,4593.64"
2026-04-29 10:00:00+07:00,"4593.65,4597.95,4592.64,4597.02"
2026-04-29 10:05:00+07:00,"4597.1,4600.48,4596.27,4599.71"
2026-04-29 10:10:00+07:00,"4599.7,4603.13,4598.47,4601.97"
2026-04-29 10:15:00+07:00,"4601.99,4603.36,4599.67,4600.08"
2026-04-29 10:20:00+07:00,"4600.09,4601.09,4598.84,4599.54"
2026-04-29 10:25:00+07:00,"4599.55,4600.88,4597.22,4598.72"
2026-04-29 10:30:00+07:00,"4598.65,4598.77,4595.93,4596.89"
2026-04-29 10:35:00+07:00,"4596.9,4597.55,4594.68,4595.1"
2026-04-29 10:40:00+07:00,"4595.08,4595.26,4592.23,4593.94"
2026-04-29 10:45:00+07:00,"4593.93,4595.11,4592.16,4592.89"
2026-04-29 10:50:00+07:00,"4592.9,4596.04,4592.86,4595.14"
2026-04-29 10:55:00+07:00,"4595.14,4596.66,4593.39,4595.66"
2026-04-29 11:00:00+07:00,"4595.75,4598.79,4595.4,4597.95"
2026-04-29 11:05:00+07:00,"4597.95,4600.09,4596.78,4599.84"
2026-04-29 11:10:00+07:00,"4599.85,4603.46,4599.58,4600.85"
2026-04-29 11:15:00+07:00,"4600.86,4602,4598.86,4599.8"
2026-04-29 11:20:00+07:00,"4599.86,4600.38,4599.05,4599.17"
2026-04-29 11:25:00+07:00,"4599.18,4602,4597.28,4601.71"
2026-04-29 11:30:00+07:00,"4601.72,4603.81,4601.67,4602.57"
2026-04-29 11:35:00+07:00,"4602.58,4605.76,4601.82,4603.05"
2026-04-29 11:40:00+07:00,"4603.05,4603.95,4601.64,4602.2"
2026-04-29 11:45:00+07:00,"4602.19,4604.19,4602.12,4603.99"
2026-04-29 11:50:00+07:00,"4603.98,4604.71,4602.75,4604.39"
2026-04-29 11:55:00+07:00,"4604.37,4605.63,4603.59,4604.77"
2026-04-29 12:00:00+07:00,"4604.77,4607.93,4602.76,4604.68"
2026-04-29 12:05:00+07:00,"4604.68,4606.21,4601.86,4602.18"
2026-04-29 12:10:00+07:00,"4602.19,4603.33,4600.36,4601.17"
2026-04-29 12:15:00+07:00,"4601.18,4602.89,4600.52,4600.99"
2026-04-29 12:20:00+07:00,"4601,4601.97,4598.61,4600.09"
2026-04-29 12:25:00+07:00,"4600.04,4601.34,4599.33,4600.9"
2026-04-29 12:30:00+07:00,"4600.92,4601.68,4594.96,4595.33"
2026-04-29 12:35:00+07:00,"4595.39,4596.97,4594,4595.32"
2026-04-29 12:40:00+07:00,"4595.34,4599.28,4595.16,4599.12"
2026-04-29 12:45:00+07:00,"4599.13,4601.51,4598.58,4599.43"
2026-04-29 12:50:00+07:00,"4599.42,4603.3,4597.02,4597.5"
2026-04-29 12:55:00+07:00,"4597.51,4597.74,4590.7,4590.99"
2026-04-29 13:00:00+07:00,"4591.01,4598.97,4590.32,4597.14"
2026-04-29 13:05:00+07:00,"4597.15,4598.68,4591.88,4592.77"
2026-04-29 13:10:00+07:00,"4592.76,4593.11,4587.01,4588.53"
2026-04-29 13:15:00+07:00,"4588.51,4589.54,4583.74,4585.93"
2026-04-29 13:20:00+07:00,"4585.92,4586.8,4581.16,4584.83"
2026-04-29 13:25:00+07:00,"4584.83,4588.18,4584.73,4584.96"
2026-04-29 13:30:00+07:00,"4584.87,4586.92,4582.3,4583.5"
2026-04-29 13:35:00+07:00,"4583.56,4585.54,4580.76,4585.09"
2026-04-29 13:40:00+07:00,"4585.08,4587.76,4584.74,4585.1"
2026-04-29 13:45:00+07:00,"4585.11,4587.06,4584.27,4585.1"
2026-04-29 13:50:00+07:00,"4585.08,4585.08,4581.24,4583.54"
2026-04-29 13:55:00+07:00,"4583.46,4585.19,4582.96,4584.61"
2026-04-29 14:00:00+07:00,"4584.63,4589.21,4583.17,4588.25"
2026-04-29 14:05:00+07:00,"4588.24,4588.56,4579.16,4579.7"
2026-04-29 14:10:00+07:00,"4579.68,4581.57,4576.65,4578.82"
2026-04-29 14:15:00+07:00,"4578.81,4581.44,4575.82,4576.76"
2026-04-29 14:20:00+07:00,"4576.77,4579.82,4574.08,4575.65"
2026-04-29 14:25:00+07:00,"4575.6,4576.99,4569.65,4575.25"
2026-04-29 14:30:00+07:00,"4575.28,4579,4573.36,4577.87"
2026-04-29 14:35:00+07:00,"4577.88,4578.15,4570.72,4571.88"
2026-04-29 14:40:00+07:00,"4571.83,4575.34,4569.12,4570.39"
2026-04-29 14:45:00+07:00,"4570.47,4572.47,4567.52,4570.59"
2026-04-29 14:50:00+07:00,"4570.6,4572.52,4569.19,4570.4"
2026-04-29 14:55:00+07:00,"4570.43,4571.19,4567.33,4567.97"
2026-04-29 15:00:00+07:00,"4567.99,4573.61,4567.5,4569.08"
2026-04-29 15:05:00+07:00,"4569.09,4570.35,4564.47,4567.55"
2026-04-29 15:10:00+07:00,"4567.56,4569.69,4564.3,4565.19"
2026-04-29 15:15:00+07:00,"4565.2,4570.24,4565.19,4569.64"
2026-04-29 15:20:00+07:00,"4569.67,4571.32,4566.02,4568.68"
2026-04-29 15:25:00+07:00,"4568.69,4571.49,4565.95,4566.2"
2026-04-29 15:30:00+07:00,"4566.24,4568.36,4562.02,4562.52"
2026-04-29 15:35:00+07:00,"4562.56,4563.47,4557.24,4561.93"
2026-04-29 15:40:00+07:00,"4561.99,4569.04,4561.26,4568.53"
2026-04-29 15:45:00+07:00,"4568.52,4573.11,4568.26,4571.02"
2026-04-29 15:50:00+07:00,"4571.03,4575.53,4570.61,4574.82"
2026-04-29 15:55:00+07:00,"4574.85,4576.86,4573.17,4573.29"
2026-04-29 16:00:00+07:00,"4573.44,4575.08,4570.21,4574.51"
2026-04-29 16:05:00+07:00,"4574.5,4575.67,4572.16,4572.41"
2026-04-29 16:10:00+07:00,"4572.26,4575.23,4571.46,4573.77"
2026-04-29 16:15:00+07:00,"4573.75,4580.71,4573.34,4579.56"
2026-04-29 16:20:00+07:00,"4579.55,4580.95,4572.02,4572.02"
2026-04-29 16:25:00+07:00,"4572.01,4572.03,4565.59,4566.01"
2026-04-29 16:30:00+07:00,"4566.01,4567.55,4563.65,4567.44"
2026-04-29 16:35:00+07:00,"4567.43,4569.68,4562.99,4564.47"
2026-04-29 16:40:00+07:00,"4564.42,4565.85,4558.83,4558.94"
2026-04-29 16:45:00+07:00,"4558.95,4562.07,4557.97,4559.39"
2026-04-29 16:50:00+07:00,"4559.47,4559.58,4550.4,4555.32"
2026-04-29 16:55:00+07:00,"4555.33,4557.05,4551.56,4555.76"
2026-04-29 17:00:00+07:00,"4555.77,4563.27,4555.05,4562.26"
2026-04-29 17:05:00+07:00,"4562.28,4565.52,4561.26,4565.31"
2026-04-29 17:10:00+07:00,"4565.37,4568.26,4563.81,4567.89"
2026-04-29 17:15:00+07:00,"4567.93,4573.26,4567.93,4571.26"
2026-04-29 17:20:00+07:00,"4571.27,4571.63,4568.25,4571.62"
2026-04-29 17:25:00+07:00,"4571.61,4573.37,4570.67,4571.76"
2026-04-29 17:30:00+07:00,"4571.78,4576.59,4571.78,4573.46"
2026-04-29 17:35:00+07:00,"4573.4,4574.58,4569.71,4570.58"
2026-04-29 17:40:00+07:00,"4570.59,4570.76,4565.97,4566.51"
2026-04-29 17:45:00+07:00,"4566.55,4568.61,4564.93,4568.04"
2026-04-29 17:50:00+07:00,"4568.1,4570.79,4564.93,4566.57"
2026-04-29 17:55:00+07:00,"4566.57,4569.9,4563.96,4569.81"
2026-04-29 18:00:00+07:00,"4569.77,4572.21,4566.56,4568.25"
2026-04-29 18:05:00+07:00,"4568.24,4569.7,4565.49,4567.06"
2026-04-29 18:10:00+07:00,"4567.03,4571.14,4566.24,4568.03"
2026-04-29 18:15:00+07:00,"4568.05,4570.44,4567.27,4568.07"
2026-04-29 18:20:00+07:00,"4567.99,4568.48,4564.59,4566.25"
2026-04-29 18:25:00+07:00,"4566.23,4569.22,4564.1,4564.77"
2026-04-29 18:30:00+07:00,"4564.73,4567.83,4563.59,4567.7"
2026-04-29 18:35:00+07:00,"4567.68,4571.86,4566.94,4567.14"
2026-04-29 18:40:00+07:00,"4567.15,4568.2,4564.04,4566.8"
2026-04-29 18:45:00+07:00,"4566.81,4566.81,4561.84,4563.57"
2026-04-29 18:50:00+07:00,"4563.56,4564.75,4559.75,4560.41"
2026-04-29 18:55:00+07:00,"4560.4,4563.3,4559.21,4561.66"
2026-04-29 19:00:00+07:00,"4561.67,4565.06,4560.5,4563.54"
2026-04-29 19:05:00+07:00,"4563.55,4568.31,4562.67,4562.74"
2026-04-29 19:10:00+07:00,"4562.86,4566.67,4560.54,4564.56"
2026-04-29 19:15:00+07:00,"4564.62,4569.04,4564.29,4565.79"
2026-04-29 19:20:00+07:00,"4565.79,4567.7,4561.89,4562.27"
2026-04-29 19:25:00+07:00,"4562.3,4564.53,4559.23,4559.38"
2026-04-29 19:30:00+07:00,"4559.4,4559.65,4550.76,4554.97"
2026-04-29 19:35:00+07:00,"4554.96,4558.06,4551.77,4555.76"
2026-04-29 19:40:00+07:00,"4555.81,4559.97,4554.13,4557.78"
2026-04-29 19:45:00+07:00,"4557.66,4560.11,4554.85,4555.91"
2026-04-29 19:50:00+07:00,"4555.9,4555.93,4544.76,4545.25"
2026-04-29 19:55:00+07:00,"4545.26,4548.89,4541.62,4544.94"
2026-04-29 20:00:00+07:00,"4544.98,4553.28,4544.98,4547.89"
2026-04-29 20:05:00+07:00,"4547.91,4550,4545.4,4546.56"
2026-04-29 20:10:00+07:00,"4546.38,4550.86,4545.34,4549.86"
2026-04-29 20:15:00+07:00,"4549.81,4551.93,4543.1,4543.44"
2026-04-29 20:20:00+07:00,"4543.72,4544.07,4534.32,4538.3"
2026-04-29 20:25:00+07:00,"4538.3,4539.53,4534.26,4537.7"
2026-04-29 20:30:00+07:00,"4537.69,4539.65,4529.94,4533"
2026-04-29 20:35:00+07:00,"4532.89,4534.3,4524.14,4525.66"
2026-04-29 20:40:00+07:00,"4525.63,4526.38,4513.51,4514.72"
2026-04-29 20:45:00+07:00,"4514.75,4517.52,4510.11,4514.22"
2026-04-29 20:50:00+07:00,"4514.21,4521.58,4514.14,4520.59"
2026-04-29 20:55:00+07:00,"4520.57,4530.15,4519.35,4521.83"
2026-04-29 21:00:00+07:00,"4521.89,4525.48,4517.63,4525.43"
2026-04-29 21:05:00+07:00,"4525.12,4526.88,4517.85,4520.03"
2026-04-29 21:10:00+07:00,"4520.04,4528.38,4519.25,4526.05"
2026-04-29 21:15:00+07:00,"4526.04,4535.1,4524.18,4534.3"
2026-04-29 21:20:00+07:00,"4534.27,4537.28,4532.04,4536.65"
2026-04-29 21:25:00+07:00,"4536.63,4537.96,4531.42,4533.25"
2026-04-29 21:30:00+07:00,"4533.25,4542.35,4530.86,4539.46"
2026-04-29 21:35:00+07:00,"4539.48,4542.77,4538.06,4540.9"
2026-04-29 21:40:00+07:00,"4540.9,4540.91,4537.51,4538.84"
2026-04-29 21:45:00+07:00,"4538.78,4539.01,4532.62,4532.78"
2026-04-29 21:50:00+07:00,"4532.84,4539.66,4532.21,4538.99"
2026-04-29 21:55:00+07:00,"4539.01,4540.7,4536.32,4539.51"
2026-04-29 22:00:00+07:00,"4539.5,4546.22,4538.71,4543.15"
2026-04-29 22:05:00+07:00,"4543.14,4547.05,4539.91,4539.91"
2026-04-29 22:10:00+07:00,"4539.9,4542.98,4536.23,4538"
2026-04-29 22:15:00+07:00,"4538.03,4543.71,4536.11,4541.81"
2026-04-29 22:20:00+07:00,"4541.82,4544.68,4540.58,4544.2"
2026-04-29 22:25:00+07:00,"4544.24,4546.63,4541.34,4543.43"
2026-04-29 22:30:00+07:00,"4543.44,4545.01,4540.57,4543.95"
2026-04-29 22:35:00+07:00,"4543.96,4552.75,4543.96,4551.12"
2026-04-29 22:40:00+07:00,"4551.09,4556.41,4550.28,4553.1"
2026-04-29 22:45:00+07:00,"4553.1,4558.99,4552.97,4554.37"
2026-04-29 22:50:00+07:00,"4554.38,4556.86,4542.39,4547.01"
2026-04-29 22:55:00+07:00,"4546.95,4548.58,4543.24,4547.78"
2026-04-29 23:00:00+07:00,"4547.74,4564.29,4547.07,4562"
2026-04-29 23:05:00+07:00,"4561.98,4565.07,4559.3,4561.15"
2026-04-29 23:10:00+07:00,"4561.14,4563.8,4557.18,4559.22"
2026-04-29 23:15:00+07:00,"4559.21,4560.7,4557.62,4560.27"
2026-04-29 23:20:00+07:00,"4560.3,4563.13,4557.05,4562.13"
2026-04-29 23:25:00+07:00,"4562.11,4564.21,4560.1,4560.1"
2026-04-29 23:30:00+07:00,"4560.08,4560.08,4549.46,4550.64"
2026-04-29 23:35:00+07:00,"4550.68,4552.91,4545.57,4550.27"
2026-04-29 23:40:00+07:00,"4550.32,4552.1,4548.75,4550.37"
2026-04-29 23:45:00+07:00,"4550.38,4551.56,4546.14,4546.25"
2026-04-29 23:50:00+07:00,"4546.24,4548.65,4544.03,4544.57"
2026-04-29 23:55:00+07:00,"4544.56,4546.18,4543.38,4545.46"
2026-04-30 00:00:00+07:00,"4545.48,4546.72,4542.86,4545.22"
2026-04-30 00:05:00+07:00,"4545.21,4551.11,4543.54,4550.73"
2026-04-30 00:10:00+07:00,"4550.74,4552.4,4550.08,4550.73"
2026-04-30 00:15:00+07:00,"4550.74,4550.76,4547.97,4549.62"
2026-04-30 00:20:00+07:00,"4549.64,4554.56,4549.45,4553.22"
2026-04-30 00:25:00+07:00,"4553.23,4553.83,4545.92,4547.31"
2026-04-30 00:30:00+07:00,"4547.33,4548.65,4543.79,4544.48"
2026-04-30 00:35:00+07:00,"4544.47,4546.62,4542.69,4545.25"
2026-04-30 00:40:00+07:00,"4545.21,4545.63,4543.12,4544.8"
2026-04-30 00:45:00+07:00,"4544.79,4546.32,4541.63,4543.52"
2026-04-30 00:50:00+07:00,"4543.57,4547.74,4542.87,4543.73"
2026-04-30 00:55:00+07:00,"4543.74,4547.54,4542.55,4547.54"
2026-04-30 01:00:00+07:00,"4547.6,4552.84,4538.2,4541.33"
2026-04-30 01:05:00+07:00,"4541.32,4542.09,4531.67,4533.31"
2026-04-30 01:10:00+07:00,"4533.2,4535.61,4525.24,4525.6"
2026-04-30 01:15:00+07:00,"4525.61,4540.4,4525.05,4531.72"
2026-04-30 01:20:00+07:00,"4531.73,4537.54,4531.66,4535.55"
2026-04-30 01:25:00+07:00,"4535.56,4535.59,4529.3,4532.73"
2026-04-30 01:30:00+07:00,"4532.76,4533.9,4520.41,4521.65"
2026-04-30 01:35:00+07:00,"4521.71,4541.32,4521.18,4529.1"
2026-04-30 01:40:00+07:00,"4529.07,4529.07,4520.37,4520.57"
2026-04-30 01:45:00+07:00,"4520.35,4530.7,4518.24,4528.73"
2026-04-30 01:50:00+07:00,"4528.74,4535.58,4528.63,4532.25"
2026-04-30 01:55:00+07:00,"4532.26,4542.04,4531.66,4538.23"
2026-04-30 02:00:00+07:00,"4538.24,4545.47,4537.18,4537.31"
2026-04-30 02:05:00+07:00,"4537.32,4542.05,4533.11,4539.11"
2026-04-30 02:10:00+07:00,"4539.21,4549.22,4538.25,4547.87"
2026-04-30 02:15:00+07:00,"4547.88,4550.74,4545.18,4547.5"
2026-04-30 02:20:00+07:00,"4547.51,4547.92,4542.12,4544.99"
2026-04-30 02:25:00+07:00,"4544.97,4545.85,4541.15,4542.96"
2026-04-30 02:30:00+07:00,"4542.98,4545.17,4537.55,4539.26"
2026-04-30 02:35:00+07:00,"4539.24,4541.99,4537.63,4540.84"
2026-04-30 02:40:00+07:00,"4540.86,4542.58,4537.77,4539.71"
2026-04-30 02:45:00+07:00,"4539.7,4548.2,4539.42,4548.09"
2026-04-30 02:50:00+07:00,"4548.02,4549.96,4546.38,4548.09"
2026-04-30 02:55:00+07:00,"4548.17,4549.37,4544,4546.83"
2026-04-30 03:00:00+07:00,"4546.93,4548.54,4542.59,4547.24"
2026-04-30 03:05:00+07:00,"4547.23,4553.8,4543.88,4552.32"
2026-04-30 03:10:00+07:00,"4552.31,4553.3,4545.15,4546.69"
2026-04-30 03:15:00+07:00,"4546.53,4548.19,4541.19,4544.75"
2026-04-30 03:20:00+07:00,"4544.79,4546.99,4543.87,4544.08"
2026-04-30 03:25:00+07:00,"4544.09,4545.7,4542.5,4543.26"
2026-04-30 03:30:00+07:00,"4543.27,4545.96,4542.4,4543.99"
2026-04-30 03:35:00+07:00,"4543.98,4546.67,4543.38,4546.41"
2026-04-30 03:40:00+07:00,"4546.4,4546.55,4543.6,4543.69"
2026-04-30 03:45:00+07:00,"4543.68,4544.74,4541.88,4542.06"
2026-04-30 03:50:00+07:00,"4542.07,4543.84,4541.36,4542.49"
2026-04-30 03:55:00+07:00,"4542.47,4544.33,4542.12,4543.77"
2026-04-30 05:00:00+07:00,"4544.16,4545.86,4539.14,4539.62"
2026-04-30 05:05:00+07:00,"4539.64,4546.82,4539.61,4546.12"
2026-04-30 05:10:00+07:00,"4546.13,4548.93,4545.15,4546.25"
2026-04-30 05:15:00+07:00,"4546.65,4550.63,4546.25,4549.94"
2026-04-30 05:20:00+07:00,"4549.95,4550.91,4548.32,4549.33"
2026-04-30 05:25:00+07:00,"4549.34,4549.95,4548.08,4548.89"
2026-04-30 05:30:00+07:00,"4548.88,4552.19,4547.83,4549.74"
2026-04-30 05:35:00+07:00,"4549.76,4550.22,4547.72,4548.61"
2026-04-30 05:40:00+07:00,"4548.62,4549.52,4547.31,4548.51"
2026-04-30 05:45:00+07:00,"4548.39,4551.77,4547.68,4551.34"
2026-04-30 05:50:00+07:00,"4551.33,4552.37,4550.24,4550.51"
2026-04-30 05:55:00+07:00,"4550.53,4552.71,4549.45,4552.04"
2026-04-30 06:00:00+07:00,"4552.08,4554.03,4551.92,4553.16"
2026-04-30 06:05:00+07:00,"4553.17,4553.17,4550.63,4551.74"
2026-04-30 06:10:00+07:00,"4551.79,4553.34,4551.27,4553.15"
2026-04-30 06:15:00+07:00,"4553.07,4555.15,4549.56,4551.43"
2026-04-30 06:20:00+07:00,"4551.51,4552.23,4550.71,4551.01"
2026-04-30 06:25:00+07:00,"4550.98,4552.59,4550.76,4551.63"
2026-04-30 06:30:00+07:00,"4551.62,4553.72,4551.24,4552.61"
2026-04-30 06:35:00+07:00,"4552.69,4554.74,4552.16,4554.58"
2026-04-30 06:40:00+07:00,"4554.59,4554.91,4553.57,4554.44"
2026-04-30 06:45:00+07:00,"4554.45,4558.38,4553.91,4557.93"
2026-04-30 06:50:00+07:00,"4557.92,4559.7,4557.19,4557.86"
2026-04-30 06:55:00+07:00,"4557.81,4562.17,4557.13,4561.62"
2026-04-30 07:00:00+07:00,"4561.67,4569.15,4557.88,4559.32"
2026-04-30 07:05:00+07:00,"4559.31,4564.93,4557.95,4562.09"
2026-04-30 07:10:00+07:00,"4562.1,4563.3,4557.54,4557.82"
2026-04-30 07:15:00+07:00,"4557.83,4564.71,4556.3,4561.83"
2026-04-30 07:20:00+07:00,"4561.84,4561.93,4558.47,4561.19"
2026-04-30 07:25:00+07:00,"4561.17,4564.08,4560.13,4563.57"
2026-04-30 07:30:00+07:00,"4563.53,4566.52,4562.55,4564.54"
2026-04-30 07:35:00+07:00,"4564.56,4565.38,4562.22,4565.31"
2026-04-30 07:40:00+07:00,"4565.26,4567.07,4563.76,4566.92"
2026-04-30 07:45:00+07:00,"4566.94,4574.41,4566.4,4573.4"
2026-04-30 07:50:00+07:00,"4573.39,4573.9,4570.46,4573.22"
2026-04-30 07:55:00+07:00,"4573.2,4573.74,4568.88,4569.99"
2026-04-30 08:00:00+07:00,"4570.13,4571.49,4567,4567.84"
2026-04-30 08:05:00+07:00,"4568.04,4568.74,4565.41,4565.72"
2026-04-30 08:10:00+07:00,"4565.79,4568.87,4564.58,4568.53"
2026-04-30 08:15:00+07:00,"4568.54,4571.22,4568.54,4571"
2026-04-30 08:20:00+07:00,"4571.07,4571.56,4565.94,4569.14"
2026-04-30 08:25:00+07:00,"4569.12,4581.07,4568.38,4580"
2026-04-30 08:30:00+07:00,"4580.03,4581.51,4577.03,4577.34"
2026-04-30 08:35:00+07:00,"4577.35,4577.58,4570.84,4575.48"
2026-04-30 08:40:00+07:00,"4575.5,4579.1,4575.11,4576.41"
2026-04-30 08:45:00+07:00,"4576.34,4578.97,4573.89,4578.79"
2026-04-30 08:50:00+07:00,"4578.81,4582.58,4577.09,4582.21"
2026-04-30 08:55:00+07:00,"4582.23,4582.29,4578.42,4578.95"
2026-04-30 09:00:00+07:00,"4579.08,4581.94,4576.13,4577.45"
2026-04-30 09:05:00+07:00,"4577.46,4578.99,4576.29,4576.7"
2026-04-30 09:10:00+07:00,"4576.64,4580.27,4574.72,4579.73"
2026-04-30 09:15:00+07:00,"4579.72,4580.85,4574.58,4575.38"
2026-04-30 09:20:00+07:00,"4575.45,4577.07,4573.83,4575.38"
2026-04-30 09:25:00+07:00,"4575.41,4576.2,4571.77,4573.29"
2026-04-30 09:30:00+07:00,"4573.29,4573.92,4566.75,4567.57"
2026-04-30 09:35:00+07:00,"4567.59,4569.59,4561.78,4563.91"
2026-04-30 09:40:00+07:00,"4563.9,4565.2,4560.24,4562.5"
2026-04-30 09:45:00+07:00,"4562.45,4564.52,4559.73,4562.04"
2026-04-30 09:50:00+07:00,"4562.06,4564.27,4560.73,4563.85"
2026-04-30 09:55:00+07:00,"4563.86,4565.37,4562.07,4565.03"
2026-04-30 10:00:00+07:00,"4564.68,4569.29,4563.95,4567.18"
2026-04-30 10:05:00+07:00,"4567.09,4568.74,4564.81,4567.2"
2026-04-30 10:10:00+07:00,"4567.26,4568.4,4562.3,4565.09"
2026-04-30 10:15:00+07:00,"4565.06,4566.84,4563.1,4565.6"
2026-04-30 10:20:00+07:00,"4565.57,4565.62,4563.16,4564.9"
2026-04-30 10:25:00+07:00,"4564.91,4567.07,4562.74,4563.4"
2026-04-30 10:30:00+07:00,"4563.4,4564.07,4559.96,4560.68"
2026-04-30 10:35:00+07:00,"4560.69,4560.89,4557.69,4558.83"
2026-04-30 10:40:00+07:00,"4558.81,4562.55,4557.55,4561.52"
2026-04-30 10:45:00+07:00,"4561.52,4561.68,4558.19,4558.5"
2026-04-30 10:50:00+07:00,"4558.52,4558.99,4556.22,4557.49"
2026-04-30 10:55:00+07:00,"4557.49,4557.75,4555.67,4556.04"
2026-04-30 11:00:00+07:00,"4555.96,4556.67,4550.71,4553.56"
2026-04-30 11:05:00+07:00,"4553.54,4555.87,4551.92,4553.8"
2026-04-30 11:10:00+07:00,"4553.74,4556.6,4553.08,4555.45"
2026-04-30 11:15:00+07:00,"4555.44,4557.15,4551.93,4552.73"
2026-04-30 11:20:00+07:00,"4552.74,4553.23,4549.41,4550.11"
2026-04-30 11:25:00+07:00,"4550.1,4551.07,4545.6,4547.23"
2026-04-30 11:30:00+07:00,"4547.24,4547.77,4540.76,4540.89"
2026-04-30 11:35:00+07:00,"4540.93,4543.33,4540.77,4542.42"
2026-04-30 11:40:00+07:00,"4542.44,4545.05,4541.7,4544.85"
2026-04-30 11:45:00+07:00,"4544.8,4549.52,4544.78,4546.88"
2026-04-30 11:50:00+07:00,"4546.93,4548.27,4545.38,4547.24"
2026-04-30 11:55:00+07:00,"4547.26,4548.08,4541.94,4542.12"
2026-04-30 12:00:00+07:00,"4542.11,4549.04,4541.99,4546.86"
2026-04-30 12:05:00+07:00,"4546.85,4553.5,4546.23,4552.75"
2026-04-30 12:10:00+07:00,"4552.71,4553.65,4551.27,4553.22"
2026-04-30 12:15:00+07:00,"4553.23,4554.22,4551.89,4553.75"
2026-04-30 12:20:00+07:00,"4553.75,4559.53,4552.18,4557.14"
2026-04-30 12:25:00+07:00,"4557.03,4557.17,4553.93,4555.6"
2026-04-30 12:30:00+07:00,"4555.6,4562.56,4553.77,4562.22"
2026-04-30 12:35:00+07:00,"4562.17,4566.74,4561.98,4565.68"
2026-04-30 12:40:00+07:00,"4565.66,4566.69,4561.95,4563.9"
2026-04-30 12:45:00+07:00,"4563.89,4567.92,4563.6,4566.98"
2026-04-30 12:50:00+07:00,"4566.99,4569.73,4565.46,4565.58"
2026-04-30 12:55:00+07:00,"4565.57,4566.08,4562.23,4562.71"
2026-04-30 13:00:00+07:00,"4562.72,4568.05,4560.09,4562.1"
2026-04-30 13:05:00+07:00,"4562.09,4566.14,4562.09,4565.32"
2026-04-30 13:10:00+07:00,"4565.31,4567.55,4562.77,4565.99"
2026-04-30 13:15:00+07:00,"4566,4568.25,4563.55,4567.01"
2026-04-30 13:20:00+07:00,"4567,4571.11,4565.76,4570.8"
2026-04-30 13:25:00+07:00,"4570.83,4571.02,4566.86,4569.65"
2026-04-30 13:30:00+07:00,"4569.66,4578.15,4569.66,4577"
2026-04-30 13:35:00+07:00,"4577.05,4578.59,4575.21,4575.35"
2026-04-30 13:40:00+07:00,"4575.38,4575.69,4572.03,4575.22"
2026-04-30 13:45:00+07:00,"4575.23,4579.26,4574.66,4578.23"
2026-04-30 13:50:00+07:00,"4578.25,4584.09,4577.95,4583.74"
2026-04-30 13:55:00+07:00,"4583.73,4591.78,4583.59,4589.47"
2026-04-30 14:00:00+07:00,"4589.48,4591.14,4586.11,4586.17"
2026-04-30 14:05:00+07:00,"4586.19,4594.89,4586.16,4594.82"
2026-04-30 14:10:00+07:00,"4594.83,4595.75,4589.97,4591.69"
2026-04-30 14:15:00+07:00,"4591.64,4593.72,4587.47,4588.02"
2026-04-30 14:20:00+07:00,"4588.04,4588.95,4584.86,4588.12"
2026-04-30 14:25:00+07:00,"4588.15,4591.55,4586.79,4591.42"
2026-04-30 14:30:00+07:00,"4591.36,4592.94,4588.45,4588.88"
2026-04-30 14:35:00+07:00,"4588.85,4592.51,4587.9,4590.08"
2026-04-30 14:40:00+07:00,"4590.08,4598.05,4589.89,4596.8"
2026-04-30 14:45:00+07:00,"4596.79,4600.93,4593.39,4600.6"
2026-04-30 14:50:00+07:00,"4600.61,4601.37,4596.47,4600.56"
2026-04-30 14:55:00+07:00,"4600.49,4605.73,4596.51,4598.43"
2026-04-30 15:00:00+07:00,"4598.46,4627.56,4597.21,4627.42"
2026-04-30 15:05:00+07:00,"4627.5,4629.96,4616.84,4619.88"
2026-04-30 15:10:00+07:00,"4619.71,4621.99,4615.39,4618.75"
2026-04-30 15:15:00+07:00,"4618.73,4620.55,4613.31,4614.34"
2026-04-30 15:20:00+07:00,"4614.32,4616.43,4612.09,4615.23"
2026-04-30 15:25:00+07:00,"4615.19,4620.51,4614.84,4617.35"
2026-04-30 15:30:00+07:00,"4617.37,4620.88,4615.18,4616.82"
2026-04-30 15:35:00+07:00,"4616.87,4621.12,4614.16,4616.19"
2026-04-30 15:40:00+07:00,"4616.28,4616.48,4613.72,4615.16"
2026-04-30 15:45:00+07:00,"4615.17,4619.45,4614.2,4617.57"
2026-04-30 15:50:00+07:00,"4617.52,4618.63,4615.45,4616.81"
2026-04-30 15:55:00+07:00,"4616.8,4617.56,4615.59,4616.43"
2026-04-30 16:00:00+07:00,"4616.47,4617.82,4614.9,4617"
2026-04-30 16:05:00+07:00,"4617.08,4620.25,4614.11,4619.77"
2026-04-30 16:10:00+07:00,"4619.76,4619.88,4615.05,4618.79"
2026-04-30 16:15:00+07:00,"4618.76,4620.73,4615.92,4616.62"
2026-04-30 16:20:00+07:00,"4616.55,4620.42,4615.38,4619.26"
2026-04-30 16:25:00+07:00,"4619.25,4626.83,4617.76,4625.54"
2026-04-30 16:30:00+07:00,"4625.62,4631.84,4622.83,4624.51"
2026-04-30 16:35:00+07:00,"4624.55,4626.68,4620.77,4624.11"
2026-04-30 16:40:00+07:00,"4624.09,4624.69,4618.43,4619.43"
2026-04-30 16:45:00+07:00,"4619.58,4624.4,4618.17,4623.69"
2026-04-30 16:50:00+07:00,"4623.7,4627.43,4621.46,4626.75"
2026-04-30 16:55:00+07:00,"4626.74,4626.78,4623.56,4625.24"
2026-04-30 17:00:00+07:00,"4625.22,4629.15,4623.62,4624.14"
2026-04-30 17:05:00+07:00,"4624.16,4629.23,4623.58,4625.94"
2026-04-30 17:10:00+07:00,"4625.96,4628.33,4625.12,4626.8"
2026-04-30 17:15:00+07:00,"4626.88,4632.19,4625.98,4629.14"
2026-04-30 17:20:00+07:00,"4629.2,4635.8,4628.56,4634.13"
2026-04-30 17:25:00+07:00,"4634.16,4644.62,4633.27,4643.58"
2026-04-30 17:30:00+07:00,"4643.64,4647.41,4635.77,4635.97"
2026-04-30 17:35:00+07:00,"4635.95,4639.73,4634.02,4637.9"
2026-04-30 17:40:00+07:00,"4637.89,4641.29,4636.41,4636.84"
2026-04-30 17:45:00+07:00,"4636.83,4638.51,4634.12,4637.13"
2026-04-30 17:50:00+07:00,"4637.14,4638.43,4635.57,4637.02"
2026-04-30 17:55:00+07:00,"4636.99,4640.19,4633.88,4640.13"
2026-04-30 18:00:00+07:00,"4640.17,4643.05,4638.05,4641.82"
2026-04-30 18:05:00+07:00,"4641.87,4645.41,4638.7,4644.63"
2026-04-30 18:10:00+07:00,"4644.62,4644.94,4635.86,4636.03"
2026-04-30 18:15:00+07:00,"4636.04,4638.69,4633.54,4635.91"
2026-04-30 18:20:00+07:00,"4635.89,4643.89,4633.87,4636.85"
2026-04-30 18:25:00+07:00,"4636.81,4638.03,4629.87,4637.84"
2026-04-30 18:30:00+07:00,"4637.86,4638.02,4628.06,4629.97"
2026-04-30 18:35:00+07:00,"4629.98,4632.77,4628.72,4629.45"
2026-04-30 18:40:00+07:00,"4629.38,4631.19,4626.75,4629.93"
2026-04-30 18:45:00+07:00,"4629.94,4635.43,4628.65,4635.14"
2026-04-30 18:50:00+07:00,"4635.14,4635.34,4628.03,4630.5"
2026-04-30 18:55:00+07:00,"4630.52,4631.62,4628.18,4630.36"
2026-04-30 19:00:00+07:00,"4630.38,4637.07,4629.53,4635.74"
2026-04-30 19:05:00+07:00,"4635.75,4637.74,4630.5,4631.33"
2026-04-30 19:10:00+07:00,"4631.4,4636.05,4631.28,4635.72"
2026-04-30 19:15:00+07:00,"4635.72,4636.81,4628.44,4631.35"
2026-04-30 19:20:00+07:00,"4631.4,4637.68,4631.17,4633.38"
2026-04-30 19:25:00+07:00,"4633.34,4635.23,4629.08,4629.71"
2026-04-30 19:30:00+07:00,"4629.84,4636.61,4623.98,4627.73"
2026-04-30 19:35:00+07:00,"4627.74,4633.83,4626.48,4631.84"
2026-04-30 19:40:00+07:00,"4631.82,4632.05,4625.43,4625.88"
2026-04-30 19:45:00+07:00,"4625.89,4631.57,4624.66,4626.96"
2026-04-30 19:50:00+07:00,"4626.95,4635.76,4625.93,4635.2"
2026-04-30 19:55:00+07:00,"4635.19,4640.12,4632.92,4639.76"
2026-04-30 20:00:00+07:00,"4639.77,4644.25,4638.28,4640.1"
2026-04-30 20:05:00+07:00,"4640.11,4640.81,4634.51,4640"
2026-04-30 20:10:00+07:00,"4640.01,4642.65,4636.73,4640.95"
2026-04-30 20:15:00+07:00,"4640.95,4646.3,4635.24,4638.33"
2026-04-30 20:20:00+07:00,"4638.32,4639.07,4634.08,4635.55"
2026-04-30 20:25:00+07:00,"4635.56,4638.58,4632.79,4633.58"
2026-04-30 20:30:00+07:00,"4633.55,4634.73,4628.15,4628.69"
2026-04-30 20:35:00+07:00,"4628.87,4629.75,4623.52,4624.36"
2026-04-30 20:40:00+07:00,"4624.37,4626.6,4620.17,4625.38"
2026-04-30 20:45:00+07:00,"4625.38,4625.49,4613.66,4618.49"
2026-04-30 20:50:00+07:00,"4618.56,4620.05,4611.48,4613.82"
2026-04-30 20:55:00+07:00,"4613.84,4614.56,4610.39,4610.86"
2026-04-30 21:00:00+07:00,"4610.91,4625.11,4609.2,4620.34"
2026-04-30 21:05:00+07:00,"4620.37,4625.71,4617.23,4620.97"
2026-04-30 21:10:00+07:00,"4620.97,4622.67,4616.32,4620.39"
2026-04-30 21:15:00+07:00,"4620.35,4624.91,4616.13,4622.2"
2026-04-30 21:20:00+07:00,"4622.19,4626.19,4619.59,4623.82"
2026-04-30 21:25:00+07:00,"4623.83,4624.43,4618.84,4622.94"
2026-04-30 21:30:00+07:00,"4622.76,4622.87,4612.98,4617.05"
2026-04-30 21:35:00+07:00,"4617.02,4617.18,4610.83,4612.51"
2026-04-30 21:40:00+07:00,"4612.51,4620.95,4612.5,4617.74"
2026-04-30 21:45:00+07:00,"4617.78,4623,4617.21,4619.29"
2026-04-30 21:50:00+07:00,"4619.28,4623.79,4618.56,4621.7"
2026-04-30 21:55:00+07:00,"4621.62,4622.72,4617.86,4619.67"
2026-04-30 22:00:00+07:00,"4619.66,4623.06,4615.62,4617.13"
2026-04-30 22:05:00+07:00,"4616.96,4623.97,4614.81,4623.32"
2026-04-30 22:10:00+07:00,"4623.31,4624.21,4616.42,4620.13"
2026-04-30 22:15:00+07:00,"4620.15,4623.33,4617.01,4619.6"
2026-04-30 22:20:00+07:00,"4619.61,4621.19,4615.56,4620.62"
2026-04-30 22:25:00+07:00,"4620.63,4624.71,4619.54,4623.05"
2026-04-30 22:30:00+07:00,"4623,4625.67,4621.53,4623.36"
2026-04-30 22:35:00+07:00,"4623.12,4624.32,4615.15,4615.3"
2026-04-30 22:40:00+07:00,"4615.31,4617.91,4613.44,4615.67"
2026-04-30 22:45:00+07:00,"4615.62,4615.66,4612.64,4614.35"
2026-04-30 22:50:00+07:00,"4614.36,4615.8,4611.08,4614.65"
2026-04-30 22:55:00+07:00,"4614.7,4617.23,4613.88,4615.37"
2026-04-30 23:00:00+07:00,"4615.37,4616.06,4609.81,4614.54"
2026-04-30 23:05:00+07:00,"4614.54,4617.66,4613.76,4613.9"
2026-04-30 23:10:00+07:00,"4613.87,4615.48,4611.57,4611.76"
2026-04-30 23:15:00+07:00,"4611.76,4611.9,4605.57,4607.65"
2026-04-30 23:20:00+07:00,"4607.67,4611.43,4606.72,4610.92"
2026-04-30 23:25:00+07:00,"4610.79,4611.75,4606.75,4608.11"
2026-04-30 23:30:00+07:00,"4608.1,4613.86,4607.14,4612.84"
2026-04-30 23:35:00+07:00,"4612.85,4612.95,4609.48,4610.84"
2026-04-30 23:40:00+07:00,"4610.83,4611.48,4608.54,4609.22"
2026-04-30 23:45:00+07:00,"4609.14,4613.81,4608.66,4613.28"
2026-04-30 23:50:00+07:00,"4613.26,4618.1,4612.14,4616.66"
2026-04-30 23:55:00+07:00,"4616.63,4616.63,4605.37,4607.77"
2026-05-01 00:00:00+07:00,"4607.75,4617.17,4607.51,4617.13"
2026-05-01 00:05:00+07:00,"4617.14,4618.42,4614.22,4617.78"
2026-05-01 00:10:00+07:00,"4617.85,4620.27,4615.71,4615.71"
2026-05-01 00:15:00+07:00,"4615.72,4617.98,4612.77,4617.93"
2026-05-01 00:20:00+07:00,"4617.94,4620.8,4616.38,4619.53"
2026-05-01 00:25:00+07:00,"4619.54,4620.35,4614.85,4617.64"
2026-05-01 00:30:00+07:00,"4617.49,4621.55,4616.24,4617.58"
2026-05-01 00:35:00+07:00,"4617.59,4620.61,4615.58,4617.16"
2026-05-01 00:40:00+07:00,"4617.04,4618.51,4614.88,4617.81"
2026-05-01 00:45:00+07:00,"4617.82,4619.99,4615.88,4616.08"
2026-05-01 00:50:00+07:00,"4616.16,4617.06,4615.13,4616.07"
2026-05-01 00:55:00+07:00,"4616.06,4617.71,4615.25,4616.81"
2026-05-01 01:00:00+07:00,"4616.95,4624.56,4616.73,4623.65"
2026-05-01 01:05:00+07:00,"4623.66,4624.56,4621.76,4622.32"
2026-05-01 01:10:00+07:00,"4622.37,4623.57,4620.4,4620.71"
2026-05-01 01:15:00+07:00,"4620.78,4625.27,4619.97,4624.03"
2026-05-01 01:20:00+07:00,"4624.01,4624.47,4621.27,4621.76"
2026-05-01 01:25:00+07:00,"4621.77,4623.4,4619.98,4620.92"
2026-05-01 01:30:00+07:00,"4621,4623.46,4619.4,4620.04"
2026-05-01 01:35:00+07:00,"4620.02,4621.56,4619.2,4620.68"
2026-05-01 01:40:00+07:00,"4620.66,4621.51,4619.15,4620.67"
2026-05-01 01:45:00+07:00,"4620.66,4622.91,4620.06,4621.53"
2026-05-01 01:50:00+07:00,"4621.54,4624.48,4620.9,4623.55"
2026-05-01 01:55:00+07:00,"4623.56,4625.06,4621.91,4622.59"
2026-05-01 02:00:00+07:00,"4622.58,4626.13,4622.08,4624.34"
2026-05-01 02:05:00+07:00,"4624.34,4627.54,4623.61,4625.59"
2026-05-01 02:10:00+07:00,"4625.6,4627.08,4623.75,4624.28"
2026-05-01 02:15:00+07:00,"4624.24,4625.49,4621.69,4621.72"
2026-05-01 02:20:00+07:00,"4621.73,4621.75,4617.5,4620.02"
2026-05-01 02:25:00+07:00,"4620.01,4620.01,4616.84,4617.71"
2026-05-01 02:30:00+07:00,"4617.69,4618.91,4615.19,4618.12"
2026-05-01 02:35:00+07:00,"4618.13,4621.67,4616.87,4621.28"
2026-05-01 02:40:00+07:00,"4621.27,4623.12,4619.65,4622.55"
2026-05-01 02:45:00+07:00,"4622.57,4623.25,4620.6,4620.81"
2026-05-01 02:50:00+07:00,"4620.83,4621.32,4614.42,4617.23"
2026-05-01 02:55:00+07:00,"4617.21,4618.12,4615.12,4617.04"
2026-05-01 03:00:00+07:00,"4617.1,4620.54,4615.67,4616.51"
2026-05-01 03:05:00+07:00,"4616.53,4618.37,4615.77,4616.74"
2026-05-01 03:10:00+07:00,"4616.75,4617.54,4616.06,4616.24"
2026-05-01 03:15:00+07:00,"4616.2,4619.46,4615.91,4618.31"
2026-05-01 03:20:00+07:00,"4618.33,4619.18,4616.27,4617.38"
2026-05-01 03:25:00+07:00,"4617.35,4617.42,4615.81,4616.69"
2026-05-01 03:30:00+07:00,"4616.7,4618.62,4615.24,4618.11"
2026-05-01 03:35:00+07:00,"4618.13,4618.45,4616.96,4617.53"
2026-05-01 03:40:00+07:00,"4617.45,4617.91,4616.54,4617.36"
2026-05-01 03:45:00+07:00,"4617.4,4618.7,4616.83,4618.6"
2026-05-01 03:50:00+07:00,"4618.59,4621.22,4618.37,4621.22"
2026-05-01 03:55:00+07:00,"4621.21,4622.83,4620.22,4621.29"
2026-05-01 05:00:00+07:00,"4624.92,4635.54,4624.92,4628.94"
2026-05-01 05:05:00+07:00,"4628.91,4632.15,4626.33,4630.99"
2026-05-01 05:10:00+07:00,"4631,4632.85,4629.69,4631.46"
2026-05-01 05:15:00+07:00,"4631.47,4631.59,4628.67,4630.22"
2026-05-01 05:20:00+07:00,"4630.21,4631.18,4629.69,4630.49"
2026-05-01 05:25:00+07:00,"4630.59,4631.2,4629.1,4631.03"
2026-05-01 05:30:00+07:00,"4631.06,4631.91,4628.14,4628.14"
2026-05-01 05:35:00+07:00,"4628.13,4630.76,4626.69,4630.2"
2026-05-01 05:40:00+07:00,"4630.13,4632.32,4630.03,4632.32"
2026-05-01 05:45:00+07:00,"4632.29,4632.41,4628.55,4631.72"
2026-05-01 05:50:00+07:00,"4631.73,4631.73,4629.07,4629.61"
2026-05-01 05:55:00+07:00,"4629.65,4631.71,4629.26,4630.32"
2026-05-01 06:00:00+07:00,"4630.35,4630.79,4628.48,4629.18"
2026-05-01 06:05:00+07:00,"4629.17,4631.81,4628.75,4629.34"
2026-05-01 06:10:00+07:00,"4629.54,4631.66,4628.97,4630.25"
2026-05-01 06:15:00+07:00,"4630.26,4631.36,4629.09,4629.96"
2026-05-01 06:20:00+07:00,"4629.96,4630.9,4629.93,4630.22"
2026-05-01 06:25:00+07:00,"4630.11,4632.31,4630.11,4630.8"
2026-05-01 06:30:00+07:00,"4630.78,4633.96,4630.54,4632.86"
2026-05-01 06:35:00+07:00,"4632.86,4634.06,4631.77,4633.18"
2026-05-01 06:40:00+07:00,"4633.23,4634.04,4631.06,4631.15"
2026-05-01 06:45:00+07:00,"4631.05,4633.27,4630.5,4631.49"
2026-05-01 06:50:00+07:00,"4631.55,4632.25,4629.83,4631.68"
2026-05-01 06:55:00+07:00,"4631.72,4632.74,4626.25,4626.38"
2026-05-01 07:00:00+07:00,"4626.38,4628.89,4623.2,4627.83"
2026-05-01 07:05:00+07:00,"4627.81,4631.1,4625.23,4627.1"
2026-05-01 07:10:00+07:00,"4627.08,4627.81,4620.6,4622.64"
2026-05-01 07:15:00+07:00,"4622.65,4627.51,4620.74,4626.2"
2026-05-01 07:20:00+07:00,"4626.21,4628.53,4623.37,4623.38"
2026-05-01 07:25:00+07:00,"4623.42,4625.81,4623.19,4623.77"
2026-05-01 07:30:00+07:00,"4623.76,4625.18,4621.33,4621.59"
2026-05-01 07:35:00+07:00,"4621.56,4622.48,4618.37,4621.15"
2026-05-01 07:40:00+07:00,"4621.14,4622.24,4618.88,4620.78"
2026-05-01 07:45:00+07:00,"4620.8,4623.6,4620.53,4622.43"
2026-05-01 07:50:00+07:00,"4622.41,4624.37,4620.93,4624.25"
2026-05-01 07:55:00+07:00,"4624.26,4625.05,4619.54,4619.92"
2026-05-01 08:00:00+07:00,"4619.97,4621.28,4617,4617.56"
2026-05-01 08:05:00+07:00,"4617.57,4619.65,4616.16,4618.15"
2026-05-01 08:10:00+07:00,"4618.16,4619.57,4615.65,4618.42"
2026-05-01 08:15:00+07:00,"4618.44,4619.24,4614.39,4614.71"
2026-05-01 08:20:00+07:00,"4614.74,4616.8,4613.87,4614.97"
2026-05-01 08:25:00+07:00,"4614.99,4616.68,4614.68,4616.41"
2026-05-01 08:30:00+07:00,"4616.44,4620.96,4616.05,4619.58"
2026-05-01 08:35:00+07:00,"4619.59,4621.34,4618.95,4621.23"
2026-05-01 08:40:00+07:00,"4621.25,4622.09,4619.04,4620.2"
2026-05-01 08:45:00+07:00,"4620.24,4620.88,4618.8,4620"
2026-05-01 08:50:00+07:00,"4619.91,4621.82,4618.63,4619.22"
2026-05-01 08:55:00+07:00,"4619.23,4622.31,4618.75,4621"
2026-05-01 09:00:00+07:00,"4620.99,4625.47,4619.72,4624.72"
2026-05-01 09:05:00+07:00,"4624.69,4626.29,4623.4,4626.13"
2026-05-01 09:10:00+07:00,"4626.11,4634.57,4626.06,4630.74"
2026-05-01 09:15:00+07:00,"4630.74,4636,4630.36,4633.8"
2026-05-01 09:20:00+07:00,"4633.79,4634.1,4628.9,4629.98"
2026-05-01 09:25:00+07:00,"4629.96,4631.23,4628.61,4629.36"
2026-05-01 09:30:00+07:00,"4629.37,4631.08,4628.35,4628.86"
2026-05-01 09:35:00+07:00,"4628.88,4630.8,4627.72,4628.34"
2026-05-01 09:40:00+07:00,"4628.4,4628.74,4623.75,4624.27"
2026-05-01 09:45:00+07:00,"4624.25,4624.62,4619.4,4620.95"
2026-05-01 09:50:00+07:00,"4620.78,4621.01,4618.19,4620.09"
2026-05-01 09:55:00+07:00,"4620.08,4620.08,4616.57,4619.1"
2026-05-01 10:00:00+07:00,"4619.07,4620.62,4617.75,4618.73"
2026-05-01 10:05:00+07:00,"4618.72,4619.85,4617.77,4619.01"
2026-05-01 10:10:00+07:00,"4619.03,4621.34,4618.89,4620.64"
2026-05-01 10:15:00+07:00,"4620.6,4622.79,4620.55,4620.96"
2026-05-01 10:20:00+07:00,"4620.98,4624.68,4620.67,4623.45"
2026-05-01 10:25:00+07:00,"4623.46,4626.79,4623.15,4626.24"
2026-05-01 10:30:00+07:00,"4626.27,4630.62,4626.27,4630.2"
2026-05-01 10:35:00+07:00,"4630.19,4631.99,4629.77,4630.33"
2026-05-01 10:40:00+07:00,"4630.3,4630.53,4625.29,4626.3"
2026-05-01 10:45:00+07:00,"4626.3,4628.2,4625.78,4626.52"
2026-05-01 10:50:00+07:00,"4626.53,4628.12,4625.51,4625.78"
2026-05-01 10:55:00+07:00,"4625.68,4628.09,4625.68,4626.73"
2026-05-01 11:00:00+07:00,"4626.82,4628.79,4623.85,4625"
2026-05-01 11:05:00+07:00,"4624.99,4626.57,4619.49,4620.97"
2026-05-01 11:10:00+07:00,"4620.98,4623.46,4620.08,4621.68"
2026-05-01 11:15:00+07:00,"4621.67,4623.31,4621.06,4622.98"
2026-05-01 11:20:00+07:00,"4622.91,4623.47,4620.99,4621.49"
2026-05-01 11:25:00+07:00,"4621.5,4622.16,4617.12,4617.72"
2026-05-01 11:30:00+07:00,"4617.71,4618.03,4612.38,4614.19"
2026-05-01 11:35:00+07:00,"4614.19,4617.28,4613.84,4615.97"
2026-05-01 11:40:00+07:00,"4615.96,4616.1,4612.2,4613.38"
2026-05-01 11:45:00+07:00,"4613.37,4614.85,4610.59,4610.88"
2026-05-01 11:50:00+07:00,"4610.87,4611.04,4609.22,4610.36"
2026-05-01 11:55:00+07:00,"4610.37,4611.77,4609.09,4609.09"
2026-05-01 12:00:00+07:00,"4609.08,4609.78,4607.23,4609.15"
2026-05-01 12:05:00+07:00,"4609.17,4614.24,4608.95,4612.68"
2026-05-01 12:10:00+07:00,"4612.69,4614.81,4612.69,4614.36"
2026-05-01 12:15:00+07:00,"4614.38,4614.68,4611.51,4613.84"
2026-05-01 12:20:00+07:00,"4613.87,4615.33,4613.8,4614.58"
2026-05-01 12:25:00+07:00,"4614.6,4616.31,4612.65,4614.7"
2026-05-01 12:30:00+07:00,"4614.76,4615.47,4612.48,4614.87"
2026-05-01 12:35:00+07:00,"4614.81,4614.82,4609.36,4610.77"
2026-05-01 12:40:00+07:00,"4610.77,4611.8,4609.67,4610.01"
2026-05-01 12:45:00+07:00,"4609.99,4613.75,4607.19,4611.84"
2026-05-01 12:50:00+07:00,"4611.83,4612.39,4608.29,4608.59"
2026-05-01 12:55:00+07:00,"4608.58,4608.58,4602.8,4604.98"
2026-05-01 13:00:00+07:00,"4604.99,4607.95,4603.66,4605.18"
2026-05-01 13:05:00+07:00,"4605.19,4607.13,4601.47,4602.87"
2026-05-01 13:10:00+07:00,"4602.92,4603.59,4600.9,4601.63"
2026-05-01 13:15:00+07:00,"4601.62,4602.19,4595.41,4596.93"
2026-05-01 13:20:00+07:00,"4596.92,4599.5,4595.38,4598.82"
2026-05-01 13:25:00+07:00,"4598.77,4599.04,4593.16,4593.36"
2026-05-01 13:30:00+07:00,"4593.38,4595.77,4591.99,4595.09"
2026-05-01 13:35:00+07:00,"4595.04,4597.59,4591.05,4592.54"
2026-05-01 13:40:00+07:00,"4592.55,4593.88,4590.73,4593.36"
2026-05-01 13:45:00+07:00,"4593.38,4596.02,4591.95,4592.32"
2026-05-01 13:50:00+07:00,"4592.29,4594.57,4591.17,4592.64"
2026-05-01 13:55:00+07:00,"4592.6,4595.33,4592.02,4594.59"
2026-05-01 14:00:00+07:00,"4594.57,4596.35,4592.52,4592.68"
2026-05-01 14:05:00+07:00,"4592.72,4596.3,4589.23,4593.08"
2026-05-01 14:10:00+07:00,"4593.07,4596.34,4592.79,4595.98"
2026-05-01 14:15:00+07:00,"4596,4598.22,4594.57,4596.11"
2026-05-01 14:20:00+07:00,"4596.13,4596.65,4585.08,4591.3"
2026-05-01 14:25:00+07:00,"4591.15,4593.38,4587.8,4592.32"
2026-05-01 14:30:00+07:00,"4592.33,4592.6,4583.74,4585.93"
2026-05-01 14:35:00+07:00,"4586.02,4590.06,4584.28,4584.88"
2026-05-01 14:40:00+07:00,"4584.95,4587.29,4584.38,4585.55"
2026-05-01 14:45:00+07:00,"4585.53,4586.14,4582.29,4583.44"
2026-05-01 14:50:00+07:00,"4583.46,4585.11,4579.8,4579.9"
2026-05-01 14:55:00+07:00,"4579.84,4581.12,4575.91,4578.21"
2026-05-01 15:00:00+07:00,"4578.28,4582.41,4577.23,4581.8"
2026-05-01 15:05:00+07:00,"4581.79,4582.65,4579.63,4579.83"
2026-05-01 15:10:00+07:00,"4579.8,4580.02,4573.25,4573.93"
2026-05-01 15:15:00+07:00,"4573.98,4577.16,4570.96,4571.81"
2026-05-01 15:20:00+07:00,"4571.91,4572.91,4568.13,4568.75"
2026-05-01 15:25:00+07:00,"4568.72,4569.35,4566.46,4567.42"
2026-05-01 15:30:00+07:00,"4567.41,4572.16,4566.08,4572"
2026-05-01 15:35:00+07:00,"4571.96,4572.36,4566.31,4570.46"
2026-05-01 15:40:00+07:00,"4570.45,4571.61,4568.79,4571.09"
2026-05-01 15:45:00+07:00,"4571.07,4572.76,4568.53,4571.24"
2026-05-01 15:50:00+07:00,"4571.25,4571.25,4565.04,4568.24"
2026-05-01 15:55:00+07:00,"4568.32,4569.81,4567.02,4569.21"
2026-05-01 16:00:00+07:00,"4569.19,4569.52,4564.55,4565.94"
2026-05-01 16:05:00+07:00,"4565.95,4567.71,4564.47,4566.42"
2026-05-01 16:10:00+07:00,"4566.43,4567.83,4564.24,4565.77"
2026-05-01 16:15:00+07:00,"4565.73,4568.36,4564.61,4568.05"
2026-05-01 16:20:00+07:00,"4568.2,4571.4,4568.13,4569.97"
2026-05-01 16:25:00+07:00,"4569.91,4571.12,4567.54,4569.3"
2026-05-01 16:30:00+07:00,"4569.29,4572.05,4567.46,4571.5"
2026-05-01 16:35:00+07:00,"4571.52,4573.07,4569.53,4571.87"
2026-05-01 16:40:00+07:00,"4571.86,4572.59,4570.08,4570.49"
2026-05-01 16:45:00+07:00,"4570.47,4570.92,4567.75,4569.04"
2026-05-01 16:50:00+07:00,"4569,4570.31,4560.52,4560.81"
2026-05-01 16:55:00+07:00,"4560.81,4564.04,4560.08,4562.93"
2026-05-01 17:00:00+07:00,"4562.92,4564.54,4561.39,4563.42"
2026-05-01 17:05:00+07:00,"4563.41,4568.21,4563.24,4566.75"
2026-05-01 17:10:00+07:00,"4566.74,4567.98,4564.99,4566.69"
2026-05-01 17:15:00+07:00,"4566.72,4569.12,4566.72,4569.12"
2026-05-01 17:20:00+07:00,"4569.11,4572.12,4568.54,4571.7"
2026-05-01 17:25:00+07:00,"4571.66,4572.86,4570.63,4572.25"
2026-05-01 17:30:00+07:00,"4572.19,4576.15,4570.77,4571.01"
2026-05-01 17:35:00+07:00,"4571.1,4571.48,4567.53,4568.39"
2026-05-01 17:40:00+07:00,"4568.38,4570.89,4567.8,4570.36"
2026-05-01 17:45:00+07:00,"4570.37,4572.26,4568.81,4568.99"
2026-05-01 17:50:00+07:00,"4569,4569.34,4566.41,4567.19"
2026-05-01 17:55:00+07:00,"4567.2,4569.01,4566.27,4566.89"
2026-05-01 18:00:00+07:00,"4566.84,4568.09,4563.87,4567.47"
2026-05-01 18:05:00+07:00,"4567.46,4569.33,4565.18,4567.34"
2026-05-01 18:10:00+07:00,"4567.28,4567.43,4562.37,4565.92"
2026-05-01 18:15:00+07:00,"4565.77,4571.81,4564.55,4571.68"
2026-05-01 18:20:00+07:00,"4571.67,4574.35,4571.67,4573.28"
2026-05-01 18:25:00+07:00,"4573.28,4576.73,4571.55,4571.99"
2026-05-01 18:30:00+07:00,"4572.01,4575.44,4570.38,4574.96"
2026-05-01 18:35:00+07:00,"4574.97,4577.21,4574.07,4575.95"
2026-05-01 18:40:00+07:00,"4576.05,4577.9,4575.08,4575.61"
2026-05-01 18:45:00+07:00,"4575.63,4576.12,4573.02,4574.25"
2026-05-01 18:50:00+07:00,"4574.26,4578.18,4572.63,4577.82"
2026-05-01 18:55:00+07:00,"4577.84,4579.64,4576.72,4578.75"
2026-05-01 19:00:00+07:00,"4578.74,4578.78,4575.14,4578.21"
2026-05-01 19:05:00+07:00,"4578.18,4579.91,4576.13,4576.75"
2026-05-01 19:10:00+07:00,"4576.76,4590.58,4575.02,4584.84"
2026-05-01 19:15:00+07:00,"4584.81,4590.17,4582.69,4588.48"
2026-05-01 19:20:00+07:00,"4588.49,4598.09,4587.42,4597.34"
2026-05-01 19:25:00+07:00,"4597.32,4607.78,4597.32,4602.69"
2026-05-01 19:30:00+07:00,"4602.7,4603.22,4596.3,4597.83"
2026-05-01 19:35:00+07:00,"4597.75,4601.63,4595.56,4597.99"
2026-05-01 19:40:00+07:00,"4598.01,4600.06,4588.92,4592.13"
2026-05-01 19:45:00+07:00,"4592.09,4595.61,4590.7,4592.79"
2026-05-01 19:50:00+07:00,"4592.81,4595.4,4592.17,4592.96"
2026-05-01 19:55:00+07:00,"4592.97,4593.71,4589.72,4591"
2026-05-01 20:00:00+07:00,"4591.05,4596.12,4589.65,4592.69"
2026-05-01 20:05:00+07:00,"4592.7,4596.51,4591.77,4596.01"
2026-05-01 20:10:00+07:00,"4596,4597.3,4589.7,4591.2"
2026-05-01 20:15:00+07:00,"4591.21,4592.66,4587.47,4591.19"
2026-05-01 20:20:00+07:00,"4591.26,4592.93,4590.11,4592.84"
2026-05-01 20:25:00+07:00,"4592.85,4593.32,4586.49,4589.36"
2026-05-01 20:30:00+07:00,"4589.37,4601.62,4586.4,4598.72"
2026-05-01 20:35:00+07:00,"4598.73,4605.3,4598.71,4602.68"
2026-05-01 20:40:00+07:00,"4602.6,4609.15,4602.6,4607.66"
2026-05-01 20:45:00+07:00,"4607.78,4609.33,4598.76,4601.22"
2026-05-01 20:50:00+07:00,"4601.19,4621.06,4599.37,4617.14"
2026-05-01 20:55:00+07:00,"4617.15,4629.1,4616.27,4625.49"
2026-05-01 21:00:00+07:00,"4625.45,4642.22,4624.8,4634.94"
2026-05-01 21:05:00+07:00,"4634.96,4640.27,4632.31,4634.97"
2026-05-01 21:10:00+07:00,"4634.95,4660.4,4634.68,4656.1"
2026-05-01 21:15:00+07:00,"4656.03,4660.76,4649.34,4654.5"
2026-05-01 21:20:00+07:00,"4654.51,4657.97,4648.97,4649.4"
2026-05-01 21:25:00+07:00,"4649.39,4651.73,4643.8,4644.54"
2026-05-01 21:30:00+07:00,"4644.55,4646.53,4639,4643.28"
2026-05-01 21:35:00+07:00,"4643.27,4643.42,4635.8,4638.39"
2026-05-01 21:40:00+07:00,"4638.62,4640.27,4630.27,4633.29"
2026-05-01 21:45:00+07:00,"4633.3,4635.31,4629.01,4630.98"
2026-05-01 21:50:00+07:00,"4631,4634.26,4627.14,4630.73"
2026-05-01 21:55:00+07:00,"4630.72,4635.34,4629.98,4632.26"
2026-05-01 22:00:00+07:00,"4632.35,4633.48,4624.5,4626.69"
2026-05-01 22:05:00+07:00,"4626.65,4628.15,4619.1,4626.87"
2026-05-01 22:10:00+07:00,"4626.86,4636.23,4623.79,4636.12"
2026-05-01 22:15:00+07:00,"4636.15,4640.46,4635.18,4639.5"
2026-05-01 22:20:00+07:00,"4639.52,4640.62,4634.9,4635.88"
2026-05-01 22:25:00+07:00,"4635.9,4637.45,4633.89,4636.61"
2026-05-01 22:30:00+07:00,"4636.62,4641.39,4636.62,4638.18"
2026-05-01 22:35:00+07:00,"4638.18,4643.34,4635.53,4641.04"
2026-05-01 22:40:00+07:00,"4641.03,4644.85,4640.48,4643.54"
2026-05-01 22:45:00+07:00,"4643.55,4648.31,4643.26,4644.34"
2026-05-01 22:50:00+07:00,"4644.34,4647.04,4632,4645.59"
2026-05-01 22:55:00+07:00,"4645.63,4646.35,4642.27,4643.22"
2026-05-01 23:00:00+07:00,"4643.2,4645.69,4641.18,4644.03"
2026-05-01 23:05:00+07:00,"4644.05,4645.52,4639.42,4639.45"
2026-05-01 23:10:00+07:00,"4639.46,4643.7,4638.14,4642.68"
2026-05-01 23:15:00+07:00,"4642.85,4649.92,4642.78,4647.15"
2026-05-01 23:20:00+07:00,"4647.21,4649.93,4638.96,4643.7"
2026-05-01 23:25:00+07:00,"4643.65,4643.7,4637.76,4637.79"
2026-05-01 23:30:00+07:00,"4637.81,4640.67,4634.77,4637.14"
2026-05-01 23:35:00+07:00,"4637.19,4641.07,4633.94,4640.66"
2026-05-01 23:40:00+07:00,"4640.65,4641.45,4637.47,4638.92"
2026-05-01 23:45:00+07:00,"4638.91,4640.33,4637.04,4640.33"
2026-05-01 23:50:00+07:00,"4640.29,4642.99,4636.62,4640.98"
2026-05-01 23:55:00+07:00,"4640.97,4642.9,4638.62,4638.67"
2026-05-02 00:00:00+07:00,"4638.67,4642.9,4638.45,4638.48"
2026-05-02 00:05:00+07:00,"4638.49,4640.3,4637.55,4638.97"
2026-05-02 00:10:00+07:00,"4638.96,4640.11,4637.98,4639.85"
2026-05-02 00:15:00+07:00,"4639.87,4640.5,4636.6,4638.37"
2026-05-02 00:20:00+07:00,"4638.4,4639.04,4634.18,4635.16"
2026-05-02 00:25:00+07:00,"4635.15,4636.73,4631.01,4631.76"
2026-05-02 00:30:00+07:00,"4631.87,4632.55,4628.68,4630.35"
2026-05-02 00:35:00+07:00,"4630.36,4630.81,4628.1,4630.77"
2026-05-02 00:40:00+07:00,"4630.73,4632.07,4626.66,4628.05"
2026-05-02 00:45:00+07:00,"4627.97,4629.63,4627.2,4627.37"
2026-05-02 00:50:00+07:00,"4627.43,4635.29,4627.07,4630.02"
2026-05-02 00:55:00+07:00,"4630.07,4631.59,4628.75,4629.53"
2026-05-02 01:00:00+07:00,"4629.54,4630.94,4623.41,4624.66"
2026-05-02 01:05:00+07:00,"4624.71,4625.87,4622.43,4624.4"
2026-05-02 01:10:00+07:00,"4624.46,4624.59,4615.64,4616"
2026-05-02 01:15:00+07:00,"4615.9,4619.26,4613.83,4618.88"
2026-05-02 01:20:00+07:00,"4618.87,4622.64,4618.73,4622.29"
2026-05-02 01:25:00+07:00,"4622.28,4624.29,4618.79,4623.7"
2026-05-02 01:30:00+07:00,"4623.85,4624.58,4617.6,4617.76"
2026-05-02 01:35:00+07:00,"4617.71,4618.96,4616.18,4617.61"
2026-05-02 01:40:00+07:00,"4617.6,4622.62,4617.17,4622.45"
2026-05-02 01:45:00+07:00,"4622.44,4624.28,4619.9,4624.13"
2026-05-02 01:50:00+07:00,"4624.19,4626.13,4623.42,4624.17"
2026-05-02 01:55:00+07:00,"4624.26,4624.84,4623.1,4624.49"
2026-05-02 02:00:00+07:00,"4624.57,4625.4,4620.44,4620.9"
2026-05-02 02:05:00+07:00,"4620.88,4623.29,4620.77,4622.97"
2026-05-02 02:10:00+07:00,"4622.95,4626.72,4621.93,4626.28"
2026-05-02 02:15:00+07:00,"4626.27,4627.63,4625.86,4627.15"
2026-05-02 02:20:00+07:00,"4627.14,4627.65,4625.51,4626.73"
2026-05-02 02:25:00+07:00,"4626.74,4627.83,4624.32,4624.32"
2026-05-02 02:30:00+07:00,"4624.39,4624.67,4616.85,4618.24"
2026-05-02 02:35:00+07:00,"4618.24,4619.19,4615.04,4617.07"
2026-05-02 02:40:00+07:00,"4617.17,4617.25,4611.19,4612"
2026-05-02 02:45:00+07:00,"4612.01,4614.7,4611.05,4614.58"
2026-05-02 02:50:00+07:00,"4614.53,4615.43,4608.85,4611"
2026-05-02 02:55:00+07:00,"4610.94,4612.44,4608.95,4611.08"
2026-05-02 03:00:00+07:00,"4610.84,4612.73,4607.31,4609.25"
2026-05-02 03:05:00+07:00,"4609.26,4610.45,4606.98,4610.41"
2026-05-02 03:10:00+07:00,"4610.35,4611.87,4609,4611.33"
2026-05-02 03:15:00+07:00,"4611.51,4611.79,4610.08,4610.39"
2026-05-02 03:20:00+07:00,"4610.38,4612.52,4609.72,4611.58"
2026-05-02 03:25:00+07:00,"4611.57,4616.29,4611.34,4613.31"
2026-05-02 03:30:00+07:00,"4613.32,4615.2,4612.51,4614.62"
2026-05-02 03:35:00+07:00,"4614.61,4614.79,4610.23,4612"
2026-05-02 03:40:00+07:00,"4612.01,4614.72,4610.87,4613.83"
2026-05-02 03:45:00+07:00,"4613.9,4614.66,4612.41,4613.18"
2026-05-02 03:50:00+07:00,"4613.17,4617.1,4613.05,4616.26"
2026-05-02 03:55:00+07:00,"4616.24,4616.24,4612.51,4613.55"
2026-05-04 05:00:00+07:00,"4631.02,4637.66,4617.08,4625.48"
2026-05-04 05:05:00+07:00,"4625.47,4627.21,4621.24,4622"
2026-05-04 05:10:00+07:00,"4622.02,4623.78,4619.02,4623.3"
2026-05-04 05:15:00+07:00,"4623.29,4623.29,4617.43,4621.79"
2026-05-04 05:20:00+07:00,"4621.78,4621.78,4612.5,4617"
2026-05-04 05:25:00+07:00,"4617.1,4622.83,4616.78,4620.92"
2026-05-04 05:30:00+07:00,"4620.85,4623.91,4619.72,4623.36"
2026-05-04 05:35:00+07:00,"4623.35,4626.81,4622.68,4625.5"
2026-05-04 05:40:00+07:00,"4625.51,4629.41,4625.5,4628.08"
2026-05-04 05:45:00+07:00,"4628.06,4629.27,4625.58,4626.26"
2026-05-04 05:50:00+07:00,"4626.28,4627.41,4619.77,4619.81"
2026-05-04 05:55:00+07:00,"4619.83,4621.41,4618.21,4619.04"
2026-05-04 06:00:00+07:00,"4619.1,4620.88,4615.18,4619.32"
2026-05-04 06:05:00+07:00,"4619.3,4620.07,4612.93,4615.53"
2026-05-04 06:10:00+07:00,"4615.53,4615.94,4611.32,4615.02"
2026-05-04 06:15:00+07:00,"4615.05,4617.1,4613.04,4616.23"
2026-05-04 06:20:00+07:00,"4616.24,4616.4,4613.88,4615.86"
2026-05-04 06:25:00+07:00,"4615.71,4617.94,4614.65,4617.06"
2026-05-04 06:30:00+07:00,"4617.12,4618.34,4615.22,4617.5"
2026-05-04 06:35:00+07:00,"4617.52,4618.5,4614.56,4614.85"
2026-05-04 06:40:00+07:00,"4614.69,4615.02,4612.84,4613.59"
2026-05-04 06:45:00+07:00,"4613.64,4616.26,4611.52,4614.42"
2026-05-04 06:50:00+07:00,"4614.37,4616.92,4612.86,4616.19"
2026-05-04 06:55:00+07:00,"4616.09,4617.11,4612.33,4613.9"
2026-05-04 07:00:00+07:00,"4613.91,4613.91,4604.65,4608.36"
2026-05-04 07:05:00+07:00,"4608.31,4616.53,4607,4615.15"
2026-05-04 07:10:00+07:00,"4615.16,4615.92,4609.96,4612.14"
2026-05-04 07:15:00+07:00,"4612.19,4614.8,4604.9,4607.91"
2026-05-04 07:20:00+07:00,"4607.97,4609.78,4602.29,4604.46"
2026-05-04 07:25:00+07:00,"4604.45,4606.68,4601.65,4606.05"
2026-05-04 07:30:00+07:00,"4606.06,4610.14,4605.05,4608.36"
2026-05-04 07:35:00+07:00,"4608.39,4610.12,4605.43,4606.49"
2026-05-04 07:40:00+07:00,"4606.5,4608.89,4605.69,4605.71"
2026-05-04 07:45:00+07:00,"4605.74,4610.74,4604.81,4609.47"
2026-05-04 07:50:00+07:00,"4609.52,4609.98,4606.8,4609.49"
2026-05-04 07:55:00+07:00,"4609.5,4613.41,4609.3,4613.12"
2026-05-04 08:00:00+07:00,"4613.03,4614.02,4600.36,4601.37"
2026-05-04 08:05:00+07:00,"4601.38,4603.41,4597.38,4599.26"
2026-05-04 08:10:00+07:00,"4599.25,4601.9,4595.92,4600.66"
2026-05-04 08:15:00+07:00,"4600.71,4604.33,4598.52,4599.09"
2026-05-04 08:20:00+07:00,"4599.14,4600.35,4597.11,4597.98"
2026-05-04 08:25:00+07:00,"4598.03,4598.7,4594.23,4594.62"
2026-05-04 08:30:00+07:00,"4594.78,4599.61,4592.38,4599.18"
2026-05-04 08:35:00+07:00,"4599.08,4600.67,4598.09,4600.25"
2026-05-04 08:40:00+07:00,"4600.25,4601.65,4599.1,4601.45"
2026-05-04 08:45:00+07:00,"4601.5,4603.46,4600.94,4601.31"
2026-05-04 08:50:00+07:00,"4601.36,4606.85,4601.2,4606.23"
2026-05-04 08:55:00+07:00,"4606.22,4613.88,4605.66,4612.98"
2026-05-04 09:00:00+07:00,"4613,4618.69,4612.15,4613.14"
2026-05-04 09:05:00+07:00,"4613.12,4613.67,4607.7,4609.12"
2026-05-04 09:10:00+07:00,"4608.97,4610.33,4603.45,4608.45"
2026-05-04 09:15:00+07:00,"4608.33,4608.33,4602.39,4605.1"
2026-05-04 09:20:00+07:00,"4605.1,4605.25,4597.52,4598.53"
2026-05-04 09:25:00+07:00,"4598.48,4599.13,4591.38,4593.24"
2026-05-04 09:30:00+07:00,"4593.19,4596.4,4590.84,4595.5"
2026-05-04 09:35:00+07:00,"4595.44,4601.8,4595.2,4600.7"
2026-05-04 09:40:00+07:00,"4600.74,4604.04,4599.36,4603.99"
2026-05-04 09:45:00+07:00,"4603.93,4605.36,4601.16,4604.79"
2026-05-04 09:50:00+07:00,"4604.77,4610.28,4602.58,4609.47"
2026-05-04 09:55:00+07:00,"4609.47,4611.03,4605.61,4605.8"
2026-05-04 10:00:00+07:00,"4605.77,4607.35,4604.23,4605.37"
2026-05-04 10:05:00+07:00,"4605.38,4609.09,4605,4608.26"
2026-05-04 10:10:00+07:00,"4608.15,4611.82,4606.06,4610.13"
2026-05-04 10:15:00+07:00,"4610.13,4610.8,4608.23,4608.95"
2026-05-04 10:20:00+07:00,"4609.08,4610.39,4608.36,4609.93"
2026-05-04 10:25:00+07:00,"4609.93,4610.99,4608.23,4609.53"
2026-05-04 10:30:00+07:00,"4609.45,4611.41,4607.43,4608.03"
2026-05-04 10:35:00+07:00,"4608.14,4608.15,4601.19,4601.52"
2026-05-04 10:40:00+07:00,"4601.51,4605.27,4598.43,4604.97"
2026-05-04 10:45:00+07:00,"4604.97,4612.84,4604.97,4610.22"
2026-05-04 10:50:00+07:00,"4610.28,4614.24,4609.24,4613.4"
2026-05-04 10:55:00+07:00,"4613.4,4617.13,4612.31,4615.01"
2026-05-04 11:00:00+07:00,"4615.04,4615.47,4607.68,4610.55"
2026-05-04 11:05:00+07:00,"4610.42,4612.45,4609.32,4610.85"
2026-05-04 11:10:00+07:00,"4610.86,4612.39,4610.19,4611.4"
2026-05-04 11:15:00+07:00,"4611.39,4613.26,4610.36,4611.23"
2026-05-04 11:20:00+07:00,"4611.17,4611.94,4608.19,4609.48"
2026-05-04 11:25:00+07:00,"4609.46,4610.74,4607.18,4608.15"
2026-05-04 11:30:00+07:00,"4608.14,4612.51,4607.28,4611.09"
2026-05-04 11:35:00+07:00,"4610.94,4613.14,4610.22,4610.34"
2026-05-04 11:40:00+07:00,"4610.39,4611.15,4607.18,4609.33"
2026-05-04 11:45:00+07:00,"4609.34,4609.67,4607.15,4607.74"
2026-05-04 11:50:00+07:00,"4607.75,4610.65,4607.36,4607.64"
2026-05-04 11:55:00+07:00,"4607.59,4607.75,4605.17,4606.02"
2026-05-04 12:00:00+07:00,"4606.12,4606.74,4603.44,4604.52"
2026-05-04 12:05:00+07:00,"4604.46,4606.95,4603.52,4606.16"
2026-05-04 12:10:00+07:00,"4606.26,4606.95,4601.97,4603.93"
2026-05-04 12:15:00+07:00,"4603.94,4613.51,4600.98,4611.02"
2026-05-04 12:20:00+07:00,"4610.99,4612.68,4604.38,4604.77"
2026-05-04 12:25:00+07:00,"4604.52,4605.33,4595.8,4596.73"
2026-05-04 12:30:00+07:00,"4596.81,4599.04,4592.33,4595.58"
2026-05-04 12:35:00+07:00,"4595.59,4597.07,4593.08,4596.08"
2026-05-04 12:40:00+07:00,"4596.04,4599.06,4593.2,4598.96"
2026-05-04 12:45:00+07:00,"4599.01,4601.97,4596.96,4597.67"
2026-05-04 12:50:00+07:00,"4597.66,4598.91,4594.27,4598.48"
2026-05-04 12:55:00+07:00,"4598.52,4601.79,4597.21,4598.85"
2026-05-04 13:00:00+07:00,"4598.83,4600.74,4591.38,4594.04"
2026-05-04 13:05:00+07:00,"4594.06,4598.7,4587.6,4596.96"
2026-05-04 13:10:00+07:00,"4596.94,4598.69,4593.38,4597.49"
2026-05-04 13:15:00+07:00,"4597.46,4598,4591.44,4596.75"
2026-05-04 13:20:00+07:00,"4596.74,4596.74,4590.01,4592.64"
2026-05-04 13:25:00+07:00,"4592.7,4594.44,4589.07,4593.94"
2026-05-04 13:30:00+07:00,"4593.99,4595.72,4587.21,4590.15"
2026-05-04 13:35:00+07:00,"4590.07,4591.8,4585,4586.65"
2026-05-04 13:40:00+07:00,"4586.58,4588.28,4584.42,4585.51"
2026-05-04 13:45:00+07:00,"4585.62,4590.09,4583.67,4590"
2026-05-04 13:50:00+07:00,"4590.01,4592.77,4588.5,4588.86"
2026-05-04 13:55:00+07:00,"4588.78,4590.94,4587.11,4588.9"
2026-05-04 14:00:00+07:00,"4588.86,4591.51,4585.5,4588.15"
2026-05-04 14:05:00+07:00,"4588.21,4591.82,4587.6,4591.13"
2026-05-04 14:10:00+07:00,"4591.14,4593.44,4588.12,4592.01"
2026-05-04 14:15:00+07:00,"4592.02,4592.78,4586.83,4588.24"
2026-05-04 14:20:00+07:00,"4588.25,4591.38,4587.47,4588.19"
2026-05-04 14:25:00+07:00,"4588.2,4589.28,4583.13,4586.03"
2026-05-04 14:30:00+07:00,"4585.95,4587.2,4582.89,4586.26"
2026-05-04 14:35:00+07:00,"4586.18,4588.28,4582.76,4585"
2026-05-04 14:40:00+07:00,"4584.99,4588.16,4582.72,4587.96"
2026-05-04 14:45:00+07:00,"4587.97,4590.81,4586.78,4587.73"
2026-05-04 14:50:00+07:00,"4587.74,4587.81,4581.21,4582.33"
2026-05-04 14:55:00+07:00,"4582.25,4583.43,4577.88,4578.97"
2026-05-04 15:00:00+07:00,"4578.96,4581.14,4575.33,4575.56"
2026-05-04 15:05:00+07:00,"4575.55,4578.86,4573.93,4578.68"
2026-05-04 15:10:00+07:00,"4578.74,4580.45,4577.04,4580.15"
2026-05-04 15:15:00+07:00,"4580.15,4581.23,4574.25,4575.94"
2026-05-04 15:20:00+07:00,"4575.91,4578.8,4575.61,4577.24"
2026-05-04 15:25:00+07:00,"4577.25,4579.2,4574.1,4575.03"
2026-05-04 15:30:00+07:00,"4575.01,4578.49,4573.77,4577.5"
2026-05-04 15:35:00+07:00,"4577.52,4579.54,4575.67,4579.08"
2026-05-04 15:40:00+07:00,"4579.09,4581.6,4577.94,4578.21"
2026-05-04 15:45:00+07:00,"4578.2,4579.13,4576.73,4577.56"
2026-05-04 15:50:00+07:00,"4577.55,4579.67,4576.65,4577.62"
2026-05-04 15:55:00+07:00,"4577.61,4579.94,4575.59,4577.25"
2026-05-04 16:00:00+07:00,"4577.26,4580.79,4576.38,4580.69"
2026-05-04 16:05:00+07:00,"4580.7,4581.56,4579.65,4580.32"
2026-05-04 16:10:00+07:00,"4580.32,4584.43,4579.12,4584.02"
2026-05-04 16:15:00+07:00,"4584.01,4584.7,4581.23,4582.61"
2026-05-04 16:20:00+07:00,"4582.67,4583.41,4580.73,4580.74"
2026-05-04 16:25:00+07:00,"4580.73,4582.37,4580.48,4581.31"
2026-05-04 16:30:00+07:00,"4581.33,4582.81,4580.37,4582.54"
2026-05-04 16:35:00+07:00,"4582.55,4584.51,4582.54,4583.95"
2026-05-04 16:40:00+07:00,"4583.96,4584.43,4581.06,4581.41"
2026-05-04 16:45:00+07:00,"4581.35,4582.45,4579.33,4582.14"
2026-05-04 16:50:00+07:00,"4581.95,4582.14,4577.63,4579.24"
2026-05-04 16:55:00+07:00,"4579.23,4579.57,4572.04,4575.6"
2026-05-04 17:00:00+07:00,"4575.58,4576.1,4550.98,4560.35"
2026-05-04 17:05:00+07:00,"4560.3,4560.3,4542.61,4547.3"
2026-05-04 17:10:00+07:00,"4547.29,4549.19,4537.32,4541.9"
2026-05-04 17:15:00+07:00,"4541.87,4544.13,4533.99,4538"
2026-05-04 17:20:00+07:00,"4537.99,4539.72,4525.5,4536.25"
2026-05-04 17:25:00+07:00,"4536.27,4545.41,4536.25,4545.03"
2026-05-04 17:30:00+07:00,"4545.04,4558.5,4542.95,4557.65"
2026-05-04 17:35:00+07:00,"4557.55,4562.88,4555.81,4561.16"
2026-05-04 17:40:00+07:00,"4561.15,4564.13,4557.99,4558.7"
2026-05-04 17:45:00+07:00,"4558.6,4567.01,4558.13,4566.67"
2026-05-04 17:50:00+07:00,"4566.61,4566.69,4561.56,4561.81"
2026-05-04 17:55:00+07:00,"4561.82,4564.84,4560.39,4562.54"
2026-05-04 18:00:00+07:00,"4562.58,4571.06,4562.23,4562.75"
2026-05-04 18:05:00+07:00,"4562.74,4567.78,4561.18,4566.77"
2026-05-04 18:10:00+07:00,"4566.79,4568.01,4563.66,4565.41"
2026-05-04 18:15:00+07:00,"4565.42,4570.06,4565.42,4568.73"
2026-05-04 18:20:00+07:00,"4568.74,4569.29,4563.82,4564.17"
2026-05-04 18:25:00+07:00,"4564.22,4565.21,4561.57,4562.04"
2026-05-04 18:30:00+07:00,"4562.05,4562.6,4556.72,4556.99"
2026-05-04 18:35:00+07:00,"4557.01,4560.45,4551.23,4553.9"
2026-05-04 18:40:00+07:00,"4553.92,4557.4,4553.16,4553.53"
2026-05-04 18:45:00+07:00,"4553.55,4558.09,4553.03,4555.76"
2026-05-04 18:50:00+07:00,"4555.79,4559.86,4555.44,4558.83"
2026-05-04 18:55:00+07:00,"4558.81,4563.15,4557.84,4560.14"
2026-05-04 19:00:00+07:00,"4560.12,4563.98,4559.28,4563.19"
2026-05-04 19:05:00+07:00,"4563.17,4563.49,4559.47,4560.68"
2026-05-04 19:10:00+07:00,"4560.69,4565.84,4559.97,4563.63"
2026-05-04 19:15:00+07:00,"4563.64,4574.77,4563.26,4573.56"
2026-05-04 19:20:00+07:00,"4573.55,4579.27,4571.97,4572.34"
2026-05-04 19:25:00+07:00,"4572.32,4573.03,4565.52,4568.77"
2026-05-04 19:30:00+07:00,"4568.8,4570.47,4565.02,4566.23"
2026-05-04 19:35:00+07:00,"4565.95,4570,4561.21,4568.35"
2026-05-04 19:40:00+07:00,"4568.43,4571.8,4567.74,4570.11"
2026-05-04 19:45:00+07:00,"4570.12,4573.04,4566.51,4570.52"
2026-05-04 19:50:00+07:00,"4570.55,4575.98,4570.1,4571.91"
2026-05-04 19:55:00+07:00,"4571.92,4573.79,4567.82,4568.47"
2026-05-04 20:00:00+07:00,"4568.59,4568.59,4557.21,4565.8"
2026-05-04 20:05:00+07:00,"4565.79,4573.42,4563.85,4572.29"
2026-05-04 20:10:00+07:00,"4572.58,4576.01,4563.06,4565.97"
2026-05-04 20:15:00+07:00,"4565.98,4567.81,4563.58,4564.73"
2026-05-04 20:20:00+07:00,"4564.77,4567.2,4561.73,4562.61"
2026-05-04 20:25:00+07:00,"4562.62,4565.4,4560.94,4560.97"
2026-05-04 20:30:00+07:00,"4561.07,4570.82,4555.72,4570.04"
2026-05-04 20:35:00+07:00,"4570.02,4570.83,4563.81,4566.82"
2026-05-04 20:40:00+07:00,"4566.81,4570.89,4562.6,4565.44"
2026-05-04 20:45:00+07:00,"4565.38,4566.99,4561.22,4561.55"
2026-05-04 20:50:00+07:00,"4561.66,4565.68,4557.41,4563.1"
2026-05-04 20:55:00+07:00,"4563.12,4566.17,4560.23,4563.87"
2026-05-04 21:00:00+07:00,"4563.86,4565.69,4559.19,4560.28"
2026-05-04 21:05:00+07:00,"4560.29,4561.33,4553.6,4555.16"
2026-05-04 21:10:00+07:00,"4555.24,4563.31,4553.55,4560.15"
2026-05-04 21:15:00+07:00,"4560.21,4574.18,4559.68,4572.99"
2026-05-04 21:20:00+07:00,"4572.93,4582.41,4572.36,4576.89"
2026-05-04 21:25:00+07:00,"4576.87,4577.62,4570.5,4571.29"
2026-05-04 21:30:00+07:00,"4571.33,4579.72,4569.98,4575.97"
2026-05-04 21:35:00+07:00,"4575.96,4581.52,4575.38,4579.54"
2026-05-04 21:40:00+07:00,"4579.55,4583.19,4574.39,4574.5"
2026-05-04 21:45:00+07:00,"4574.51,4577.06,4569.09,4570.87"
2026-05-04 21:50:00+07:00,"4570.87,4571.45,4567.24,4570.31"
2026-05-04 21:55:00+07:00,"4570.3,4572.42,4559.52,4561.72"
2026-05-04 22:00:00+07:00,"4561.79,4566.4,4554.63,4561.38"
2026-05-04 22:05:00+07:00,"4561.39,4562.01,4555.49,4558"
2026-05-04 22:10:00+07:00,"4558.01,4560.07,4548.02,4548.68"
2026-05-04 22:15:00+07:00,"4548.67,4555.63,4537.3,4539.77"
2026-05-04 22:20:00+07:00,"4539.49,4541.22,4514.21,4521.99"
2026-05-04 22:25:00+07:00,"4521.98,4539.85,4514.88,4538.2"
2026-05-04 22:30:00+07:00,"4538.28,4539.14,4527.4,4534.8"
2026-05-04 22:35:00+07:00,"4534.84,4543.3,4529.95,4534.62"
2026-05-04 22:40:00+07:00,"4534.7,4537.7,4531.61,4534.86"
2026-05-04 22:45:00+07:00,"4534.96,4535.04,4522.81,4523.23"
2026-05-04 22:50:00+07:00,"4523.18,4530.87,4512.17,4528.5"
2026-05-04 22:55:00+07:00,"4528.61,4530.44,4520.76,4521.64"
2026-05-04 23:00:00+07:00,"4521.49,4525.74,4516.47,4522.09"
2026-05-04 23:05:00+07:00,"4522.21,4523.78,4504.18,4510.75"
2026-05-04 23:10:00+07:00,"4510.77,4516.61,4500.23,4509.74"
2026-05-04 23:15:00+07:00,"4509.76,4527.35,4508.48,4522.6"
2026-05-04 23:20:00+07:00,"4522.63,4527.27,4520.46,4521.54"
2026-05-04 23:25:00+07:00,"4521.47,4524,4513.04,4514.75"
2026-05-04 23:30:00+07:00,"4514.79,4519,4513.24,4517.8"
2026-05-04 23:35:00+07:00,"4517.82,4518.98,4511.53,4513.4"
2026-05-04 23:40:00+07:00,"4513.39,4516.91,4511.48,4512.66"
2026-05-04 23:45:00+07:00,"4512.64,4516.18,4508.21,4509.92"
2026-05-04 23:50:00+07:00,"4509.9,4512.56,4507.11,4509.18"
2026-05-04 23:55:00+07:00,"4509.13,4511.78,4507.26,4510.74"
2026-05-05 00:00:00+07:00,"4510.76,4521.57,4510.76,4520.95"
2026-05-05 00:05:00+07:00,"4520.98,4526.14,4520.49,4523.9"
2026-05-05 00:10:00+07:00,"4523.91,4526.26,4521.82,4522.53"
2026-05-05 00:15:00+07:00,"4522.5,4531.93,4521.78,4529.14"
2026-05-05 00:20:00+07:00,"4529.15,4530.82,4525.61,4525.76"
2026-05-05 00:25:00+07:00,"4525.77,4527.05,4521.57,4524.43"
2026-05-05 00:30:00+07:00,"4524.4,4527.56,4523.55,4525.76"
2026-05-05 00:35:00+07:00,"4525.74,4526.54,4521.49,4525.22"
2026-05-05 00:40:00+07:00,"4525.17,4526.32,4522.98,4526.08"
2026-05-05 00:45:00+07:00,"4526.09,4526.77,4522.24,4522.26"
2026-05-05 00:50:00+07:00,"4522.25,4525.83,4522.04,4522.92"
2026-05-05 00:55:00+07:00,"4522.91,4523.9,4521.55,4522.28"
2026-05-05 01:00:00+07:00,"4522.31,4525.67,4520.9,4523.43"
2026-05-05 01:05:00+07:00,"4523.45,4524.5,4518.48,4519.36"
2026-05-05 01:10:00+07:00,"4519.35,4521.87,4518.94,4519.93"
2026-05-05 01:15:00+07:00,"4519.92,4520.26,4516.6,4517.86"
2026-05-05 01:20:00+07:00,"4517.9,4518.01,4513.88,4513.95"
2026-05-05 01:25:00+07:00,"4513.99,4515.46,4509.41,4511.91"
2026-05-05 01:30:00+07:00,"4511.9,4514.84,4510.73,4514.59"
2026-05-05 01:35:00+07:00,"4514.59,4515.48,4511.47,4515.06"
2026-05-05 01:40:00+07:00,"4515.02,4515.12,4510.44,4511.84"
2026-05-05 01:45:00+07:00,"4511.85,4515.34,4510.79,4515.03"
2026-05-05 01:50:00+07:00,"4515.05,4516.04,4511.54,4513.76"
2026-05-05 01:55:00+07:00,"4513.71,4516.44,4512.61,4516.2"
2026-05-05 02:00:00+07:00,"4516.22,4517.09,4511.26,4511.54"
2026-05-05 02:05:00+07:00,"4511.53,4523.63,4511.5,4517.68"
2026-05-05 02:10:00+07:00,"4517.67,4520.2,4516.57,4519.03"
2026-05-05 02:15:00+07:00,"4519.02,4522.01,4517.44,4520.72"
2026-05-05 02:20:00+07:00,"4520.78,4524.85,4519.62,4524.85"
2026-05-05 02:25:00+07:00,"4524.85,4526.09,4519.86,4522.5"
2026-05-05 02:30:00+07:00,"4522.51,4524.01,4521.02,4522.75"
2026-05-05 02:35:00+07:00,"4522.76,4527.26,4522.71,4524.25"
2026-05-05 02:40:00+07:00,"4524.24,4525.9,4520.42,4521.24"
2026-05-05 02:45:00+07:00,"4521.05,4523.51,4519.52,4521.18"
2026-05-05 02:50:00+07:00,"4521.18,4521.18,4518.61,4519.36"
2026-05-05 02:55:00+07:00,"4519.28,4520.44,4515.28,4517.75"
2026-05-05 03:00:00+07:00,"4517.76,4518.26,4513.99,4515.33"
2026-05-05 03:05:00+07:00,"4515.35,4516.05,4513.4,4514.12"
2026-05-05 03:10:00+07:00,"4514.09,4515.06,4511.61,4514.76"
2026-05-05 03:15:00+07:00,"4514.74,4514.86,4512.25,4512.97"
2026-05-05 03:20:00+07:00,"4512.96,4513.89,4511.77,4512.99"
2026-05-05 03:25:00+07:00,"4512.97,4515.64,4512.91,4515.15"
2026-05-05 03:30:00+07:00,"4515.17,4517.42,4515.12,4517.16"
2026-05-05 03:35:00+07:00,"4517.04,4517.7,4516.15,4516.94"
2026-05-05 03:40:00+07:00,"4516.88,4518.99,4514.64,4518.28"
2026-05-05 03:45:00+07:00,"4518.29,4522.6,4518.23,4521.39"
2026-05-05 03:50:00+07:00,"4521.4,4521.5,4519.69,4521.37"
2026-05-05 03:55:00+07:00,"4521.4,4523.92,4521.35,4521.43"
2026-05-05 05:00:00+07:00,"4521.63,4525.19,4520.22,4520.34"
2026-05-05 05:05:00+07:00,"4520.39,4522.69,4517.76,4522.44"
2026-05-05 05:10:00+07:00,"4522.42,4522.97,4520.66,4521.17"
2026-05-05 05:15:00+07:00,"4521.18,4522.69,4519.62,4520.14"
2026-05-05 05:20:00+07:00,"4520.13,4522.39,4519.68,4519.68"
2026-05-05 05:25:00+07:00,"4519.67,4520.94,4519.25,4519.77"
2026-05-05 05:30:00+07:00,"4519.8,4522.18,4519.54,4521.14"
2026-05-05 05:35:00+07:00,"4521.13,4521.29,4519.43,4519.56"
2026-05-05 05:40:00+07:00,"4519.58,4520.79,4518.85,4519.19"
2026-05-05 05:45:00+07:00,"4519.21,4519.26,4516.61,4518.27"
2026-05-05 05:50:00+07:00,"4518.25,4518.25,4515.47,4516.48"
2026-05-05 05:55:00+07:00,"4516.46,4518.06,4515.56,4517.28"
2026-05-05 06:00:00+07:00,"4517.3,4518.71,4516.02,4518.08"
2026-05-05 06:05:00+07:00,"4518.06,4520.36,4517.82,4519.42"
2026-05-05 06:10:00+07:00,"4519.37,4521.09,4518.1,4520.37"
2026-05-05 06:15:00+07:00,"4520.48,4521.03,4518.95,4519.82"
2026-05-05 06:20:00+07:00,"4519.88,4521.71,4519.88,4521.43"
2026-05-05 06:25:00+07:00,"4521.42,4521.67,4520.39,4521.1"
2026-05-05 06:30:00+07:00,"4521.04,4521.39,4519.72,4520.98"
2026-05-05 06:35:00+07:00,"4520.97,4521.09,4519.7,4520.45"
2026-05-05 06:40:00+07:00,"4520.62,4521.55,4518.16,4518.44"
2026-05-05 06:45:00+07:00,"4518.42,4520.79,4517.77,4520.16"
2026-05-05 06:50:00+07:00,"4520.14,4520.14,4517.02,4519.05"
2026-05-05 06:55:00+07:00,"4519.04,4520.44,4518.28,4519.04"
2026-05-05 07:00:00+07:00,"4519.04,4524.15,4517.58,4522.95"
2026-05-05 07:05:00+07:00,"4522.94,4526.8,4522.36,4526.27"
2026-05-05 07:10:00+07:00,"4526.25,4528.64,4525.18,4527.9"
2026-05-05 07:15:00+07:00,"4527.85,4527.85,4522.63,4523.46"
2026-05-05 07:20:00+07:00,"4523.45,4523.93,4516.77,4519.35"
2026-05-05 07:25:00+07:00,"4519.36,4519.81,4513.34,4516.92"
2026-05-05 07:30:00+07:00,"4516.9,4518.64,4515.89,4518.09"
2026-05-05 07:35:00+07:00,"4518.1,4521.49,4517.61,4520.96"
2026-05-05 07:40:00+07:00,"4520.98,4524.33,4519.61,4523.76"
2026-05-05 07:45:00+07:00,"4523.78,4527.89,4523.78,4526.76"
2026-05-05 07:50:00+07:00,"4526.74,4529.59,4525.67,4528.68"
2026-05-05 07:55:00+07:00,"4528.69,4530.54,4526.99,4529.8"
2026-05-05 08:00:00+07:00,"4529.78,4534.72,4525.46,4534.72"
2026-05-05 08:05:00+07:00,"4534.76,4535.89,4533.2,4534.64"
2026-05-05 08:10:00+07:00,"4534.65,4539.58,4533.87,4538.77"
2026-05-05 08:15:00+07:00,"4538.68,4540.21,4535.86,4536.95"
2026-05-05 08:20:00+07:00,"4536.95,4539.92,4536.52,4537.84"
2026-05-05 08:25:00+07:00,"4537.88,4538.49,4535.25,4537.66"
2026-05-05 08:30:00+07:00,"4537.64,4538.4,4533.99,4534.78"
2026-05-05 08:35:00+07:00,"4534.77,4542.04,4534.26,4537.24"
2026-05-05 08:40:00+07:00,"4537.24,4539.33,4535.79,4536.81"
2026-05-05 08:45:00+07:00,"4536.8,4540.8,4536.12,4539.77"
2026-05-05 08:50:00+07:00,"4539.79,4540.53,4537.79,4538.12"
2026-05-05 08:55:00+07:00,"4538.1,4541.29,4537.14,4540.81"
2026-05-05 09:00:00+07:00,"4540.88,4542.5,4539.19,4539.29"
2026-05-05 09:05:00+07:00,"4539.28,4539.85,4537.36,4538.24"
2026-05-05 09:10:00+07:00,"4538.25,4540.17,4537.36,4538.52"
2026-05-05 09:15:00+07:00,"4538.53,4539.46,4535.52,4535.6"
2026-05-05 09:20:00+07:00,"4535.56,4538.41,4534.67,4538.23"
2026-05-05 09:25:00+07:00,"4538.21,4541.77,4537.51,4541.5"
2026-05-05 09:30:00+07:00,"4541.52,4543.68,4540.19,4541.44"
2026-05-05 09:35:00+07:00,"4541.42,4542.92,4540.47,4542.32"
2026-05-05 09:40:00+07:00,"4542.31,4546.08,4541.93,4544.5"
2026-05-05 09:45:00+07:00,"4544.62,4546.78,4542.95,4544.39"
2026-05-05 09:50:00+07:00,"4544.34,4544.7,4541.47,4541.92"
2026-05-05 09:55:00+07:00,"4541.9,4542.13,4538.76,4539.15"
2026-05-05 10:00:00+07:00,"4539.08,4541.02,4537.49,4540.94"
2026-05-05 10:05:00+07:00,"4540.9,4542.28,4540.01,4540.98"
2026-05-05 10:10:00+07:00,"4540.97,4542.39,4539.74,4542.17"
2026-05-05 10:15:00+07:00,"4542.13,4542.86,4539.82,4540.68"
2026-05-05 10:20:00+07:00,"4540.66,4542.06,4537.43,4538.27"
2026-05-05 10:25:00+07:00,"4538.28,4539.56,4537.05,4538.04"
2026-05-05 10:30:00+07:00,"4538.1,4538.54,4536.77,4538.27"
2026-05-05 10:35:00+07:00,"4538.28,4539.39,4537.46,4538.63"
2026-05-05 10:40:00+07:00,"4538.57,4538.68,4535.59,4536.24"
2026-05-05 10:45:00+07:00,"4536.14,4537.32,4535.71,4536.4"
2026-05-05 10:50:00+07:00,"4536.39,4536.8,4534.98,4535.35"
2026-05-05 10:55:00+07:00,"4535.36,4536.16,4532.13,4534.57"
2026-05-05 11:00:00+07:00,"4534.58,4535.98,4533.26,4535.13"
2026-05-05 11:05:00+07:00,"4535.12,4535.85,4533.17,4533.76"
2026-05-05 11:10:00+07:00,"4533.77,4534.37,4532.45,4533.01"
2026-05-05 11:15:00+07:00,"4533,4534.1,4530.62,4530.8"
2026-05-05 11:20:00+07:00,"4530.81,4532.96,4529.77,4530.78"
2026-05-05 11:25:00+07:00,"4530.85,4531.28,4529.41,4529.49"
2026-05-05 11:30:00+07:00,"4529.5,4533.88,4527.74,4532.89"
2026-05-05 11:35:00+07:00,"4532.91,4533.54,4531.34,4532.02"
2026-05-05 11:40:00+07:00,"4532.03,4532.31,4531.24,4531.59"
2026-05-05 11:45:00+07:00,"4531.57,4534.72,4531.21,4534.68"
2026-05-05 11:50:00+07:00,"4534.71,4536.9,4533.59,4534.96"
2026-05-05 11:55:00+07:00,"4534.98,4535.02,4531.35,4533.6"
2026-05-05 12:00:00+07:00,"4533.57,4537.13,4531.35,4536.92"
2026-05-05 12:05:00+07:00,"4536.93,4545.61,4536.23,4543.04"
2026-05-05 12:10:00+07:00,"4543.24,4544.32,4539.57,4540.16"
2026-05-05 12:15:00+07:00,"4540.15,4540.55,4535.67,4536.58"
2026-05-05 12:20:00+07:00,"4536.63,4539.66,4536.55,4539.46"
2026-05-05 12:25:00+07:00,"4539.46,4540.21,4537.61,4539.87"
2026-05-05 12:30:00+07:00,"4539.96,4547.44,4539.78,4547.25"
2026-05-05 12:35:00+07:00,"4547.19,4551.09,4546.58,4548.25"
2026-05-05 12:40:00+07:00,"4548.35,4551.72,4545.64,4545.89"
2026-05-05 12:45:00+07:00,"4545.87,4548.1,4545.11,4547.36"
2026-05-05 12:50:00+07:00,"4547.38,4549.01,4544.69,4545.66"
2026-05-05 12:55:00+07:00,"4545.66,4547.32,4543.43,4545.78"
2026-05-05 13:00:00+07:00,"4545.94,4552.33,4543.7,4544.1"
2026-05-05 13:05:00+07:00,"4544.12,4545.78,4541.27,4544.09"
2026-05-05 13:10:00+07:00,"4544.05,4546.07,4541.98,4543.6"
2026-05-05 13:15:00+07:00,"4543.61,4544.86,4538.74,4538.98"
2026-05-05 13:20:00+07:00,"4539.01,4539.88,4533.92,4535.06"
2026-05-05 13:25:00+07:00,"4535.08,4538.04,4534.25,4536.83"
2026-05-05 13:30:00+07:00,"4536.66,4544.31,4536.21,4542.87"
2026-05-05 13:35:00+07:00,"4542.84,4549.41,4542.26,4547.81"
2026-05-05 13:40:00+07:00,"4547.8,4548.73,4544.73,4546.41"
2026-05-05 13:45:00+07:00,"4546.37,4548.61,4545.54,4548.6"
2026-05-05 13:50:00+07:00,"4548.61,4551.03,4547.65,4550.15"
2026-05-05 13:55:00+07:00,"4550.14,4551.1,4546.49,4548.27"
2026-05-05 14:00:00+07:00,"4548.26,4554.39,4547.46,4552.89"
2026-05-05 14:05:00+07:00,"4552.85,4554.8,4551.2,4552.41"
2026-05-05 14:10:00+07:00,"4552.47,4555.16,4550.69,4553.97"
2026-05-05 14:15:00+07:00,"4553.94,4555.81,4552.56,4554.81"
2026-05-05 14:20:00+07:00,"4554.83,4555.66,4551.04,4551.18"
2026-05-05 14:25:00+07:00,"4551.15,4551.74,4548.45,4548.89"
2026-05-05 14:30:00+07:00,"4548.9,4552.64,4548.9,4552.54"
2026-05-05 14:35:00+07:00,"4552.56,4558.49,4551.81,4554.52"
2026-05-05 14:40:00+07:00,"4554.5,4556.28,4550.98,4551.37"
2026-05-05 14:45:00+07:00,"4551.21,4552.01,4545.55,4545.57"
2026-05-05 14:50:00+07:00,"4545.58,4548.2,4544.28,4545.8"
2026-05-05 14:55:00+07:00,"4545.77,4545.96,4543.3,4545.67"
2026-05-05 15:00:00+07:00,"4545.66,4550.13,4545.21,4550"
2026-05-05 15:05:00+07:00,"4550.07,4551.74,4546.76,4547.95"
2026-05-05 15:10:00+07:00,"4547.96,4553.53,4546.54,4551.04"
2026-05-05 15:15:00+07:00,"4551.06,4552.93,4549.11,4550.9"
2026-05-05 15:20:00+07:00,"4551.02,4554.01,4549.61,4552.09"
2026-05-05 15:25:00+07:00,"4552.07,4554.75,4551.25,4551.25"
2026-05-05 15:30:00+07:00,"4551.18,4553.22,4550.31,4551.38"
2026-05-05 15:35:00+07:00,"4551.26,4553.25,4547.81,4550.17"
2026-05-05 15:40:00+07:00,"4550.18,4551.63,4548.16,4549.77"
2026-05-05 15:45:00+07:00,"4549.75,4552.44,4548.05,4551.78"
2026-05-05 15:50:00+07:00,"4551.79,4557.85,4551.79,4557.24"
2026-05-05 15:55:00+07:00,"4557.17,4559.78,4555.57,4558.55"
2026-05-05 16:00:00+07:00,"4558.51,4559.12,4553.55,4555.26"
2026-05-05 16:05:00+07:00,"4555.27,4560.66,4555.09,4559.15"
2026-05-05 16:10:00+07:00,"4559.16,4560.29,4556.91,4557.72"
2026-05-05 16:15:00+07:00,"4557.63,4557.94,4553.92,4554.25"
2026-05-05 16:20:00+07:00,"4554.26,4556.92,4553.18,4554.93"
2026-05-05 16:25:00+07:00,"4554.92,4555.98,4552.09,4552.32"
2026-05-05 16:30:00+07:00,"4552.37,4558.39,4550.89,4553.57"
2026-05-05 16:35:00+07:00,"4553.41,4556.89,4552.65,4555.12"
2026-05-05 16:40:00+07:00,"4555.16,4556.45,4553.64,4555.57"
2026-05-05 16:45:00+07:00,"4555.59,4557.57,4553.21,4554"
2026-05-05 16:50:00+07:00,"4554.01,4554.95,4552.73,4554.29"
2026-05-05 16:55:00+07:00,"4554.32,4556.63,4553.36,4556.34"
2026-05-05 17:00:00+07:00,"4556.42,4557.02,4554.44,4555.81"
2026-05-05 17:05:00+07:00,"4555.83,4556.6,4552.14,4552.31"
2026-05-05 17:10:00+07:00,"4552.34,4554.82,4550.58,4553.03"
2026-05-05 17:15:00+07:00,"4553.03,4555.17,4551.27,4552.63"
2026-05-05 17:20:00+07:00,"4552.64,4553.88,4552.23,4552.78"
2026-05-05 17:25:00+07:00,"4552.79,4552.81,4546.66,4548.05"
2026-05-05 17:30:00+07:00,"4548.05,4554.3,4546.78,4553.4"
2026-05-05 17:35:00+07:00,"4553.45,4554.11,4550.95,4551.01"
2026-05-05 17:40:00+07:00,"4550.99,4550.99,4544.2,4545.11"
2026-05-05 17:45:00+07:00,"4545.12,4546.1,4544.12,4544.51"
2026-05-05 17:50:00+07:00,"4544.5,4545.1,4540.06,4541.12"
2026-05-05 17:55:00+07:00,"4541.11,4544.9,4540.99,4543.67"
2026-05-05 18:00:00+07:00,"4543.7,4544.8,4539.92,4543.32"
2026-05-05 18:05:00+07:00,"4543.38,4550.23,4542.78,4549.99"
2026-05-05 18:10:00+07:00,"4549.99,4553.21,4549.38,4552.67"
2026-05-05 18:15:00+07:00,"4552.66,4556.06,4549.82,4550.2"
2026-05-05 18:20:00+07:00,"4550.19,4556.61,4550,4554.21"
2026-05-05 18:25:00+07:00,"4554.48,4557.9,4553.49,4555.97"
2026-05-05 18:30:00+07:00,"4555.98,4558.94,4554.99,4556.95"
2026-05-05 18:35:00+07:00,"4556.94,4560.71,4556.48,4556.81"
2026-05-05 18:40:00+07:00,"4556.82,4564.75,4556.06,4563.39"
2026-05-05 18:45:00+07:00,"4563.4,4565.06,4560.47,4562.26"
2026-05-05 18:50:00+07:00,"4562.27,4562.37,4559.41,4560.77"
2026-05-05 18:55:00+07:00,"4560.78,4562.91,4559.13,4562.91"
2026-05-05 19:00:00+07:00,"4562.9,4563.41,4554,4556.75"
2026-05-05 19:05:00+07:00,"4556.92,4564.17,4555.7,4558.37"
2026-05-05 19:10:00+07:00,"4558.35,4567.32,4557.95,4565.13"
2026-05-05 19:15:00+07:00,"4565.13,4566.69,4561.28,4561.9"
2026-05-05 19:20:00+07:00,"4561.92,4572.31,4561.81,4572.07"
2026-05-05 19:25:00+07:00,"4572.06,4574.44,4571.15,4573.75"
2026-05-05 19:30:00+07:00,"4573.75,4574.72,4566.78,4569.13"
2026-05-05 19:35:00+07:00,"4569.12,4571.09,4566.74,4570.1"
2026-05-05 19:40:00+07:00,"4570.1,4570.33,4566.94,4567.26"
2026-05-05 19:45:00+07:00,"4567.27,4568.63,4562.95,4563.76"
2026-05-05 19:50:00+07:00,"4563.77,4564.84,4561.69,4562.99"
2026-05-05 19:55:00+07:00,"4563.01,4565.93,4562.57,4564.41"
2026-05-05 20:00:00+07:00,"4564.38,4575.31,4564.37,4574.06"
2026-05-05 20:05:00+07:00,"4574.04,4580.78,4574.02,4576.01"
2026-05-05 20:10:00+07:00,"4576.06,4581.28,4574.59,4578.78"
2026-05-05 20:15:00+07:00,"4578.91,4585.12,4578.26,4580.97"
2026-05-05 20:20:00+07:00,"4580.96,4581.82,4576.17,4576.7"
2026-05-05 20:25:00+07:00,"4576.67,4581.72,4576.21,4576.78"
2026-05-05 20:30:00+07:00,"4576.69,4582.28,4576.26,4580.44"
2026-05-05 20:35:00+07:00,"4580.45,4581.56,4572.58,4574.46"
2026-05-05 20:40:00+07:00,"4574.52,4577.33,4571.53,4574.03"
2026-05-05 20:45:00+07:00,"4574.01,4577.23,4572.89,4575.86"
2026-05-05 20:50:00+07:00,"4575.87,4583,4575.23,4580.86"
2026-05-05 20:55:00+07:00,"4580.72,4581.28,4577.45,4579.2"
2026-05-05 21:00:00+07:00,"4579.39,4584.2,4575.78,4578.78"
2026-05-05 21:05:00+07:00,"4578.88,4584.47,4577.39,4583.66"
2026-05-05 21:10:00+07:00,"4583.6,4584.07,4570.68,4573.81"
2026-05-05 21:15:00+07:00,"4573.82,4573.84,4565.63,4570.46"
2026-05-05 21:20:00+07:00,"4570.47,4579.74,4568.41,4579.02"
2026-05-05 21:25:00+07:00,"4579.03,4586.82,4578.95,4584.12"
2026-05-05 21:30:00+07:00,"4584.16,4585.79,4580.24,4582.02"
2026-05-05 21:35:00+07:00,"4582,4582.81,4577.39,4581.27"
2026-05-05 21:40:00+07:00,"4581.3,4585.61,4580.68,4583"
2026-05-05 21:45:00+07:00,"4582.99,4583.05,4575.62,4577.6"
2026-05-05 21:50:00+07:00,"4577.61,4579.46,4575.36,4578.45"
2026-05-05 21:55:00+07:00,"4578.46,4582.69,4578.13,4582.52"
2026-05-05 22:00:00+07:00,"4582.55,4583.93,4577.74,4583.61"
2026-05-05 22:05:00+07:00,"4583.6,4583.66,4580.2,4580.33"
2026-05-05 22:10:00+07:00,"4580.34,4581.91,4579.23,4580.87"
2026-05-05 22:15:00+07:00,"4580.91,4581.66,4577.94,4578.39"
2026-05-05 22:20:00+07:00,"4578.4,4580.16,4575.62,4576.72"
2026-05-05 22:25:00+07:00,"4576.73,4579.65,4575.44,4579.16"
2026-05-05 22:30:00+07:00,"4579.1,4580.97,4576.57,4577.59"
2026-05-05 22:35:00+07:00,"4577.6,4579.24,4575.07,4576.08"
2026-05-05 22:40:00+07:00,"4576.07,4576.3,4572.58,4572.99"
2026-05-05 22:45:00+07:00,"4573,4575.56,4572.22,4574.25"
2026-05-05 22:50:00+07:00,"4574.24,4575.82,4569.92,4570.99"
2026-05-05 22:55:00+07:00,"4571,4571.42,4568.24,4568.45"
2026-05-05 23:00:00+07:00,"4568.44,4569.13,4564.55,4567"
2026-05-05 23:05:00+07:00,"4566.98,4568.17,4562.61,4564.37"
2026-05-05 23:10:00+07:00,"4564.36,4566.74,4562.16,4566.36"
2026-05-05 23:15:00+07:00,"4566.34,4566.37,4563.49,4564.68"
2026-05-05 23:20:00+07:00,"4564.67,4565.78,4561.56,4561.62"
2026-05-05 23:25:00+07:00,"4561.67,4562.01,4555.98,4559.9"
2026-05-05 23:30:00+07:00,"4559.91,4560.26,4553.56,4557.89"
2026-05-05 23:35:00+07:00,"4557.86,4559.52,4555.75,4556.07"
2026-05-05 23:40:00+07:00,"4556.06,4558.81,4555.77,4556.8"
2026-05-05 23:45:00+07:00,"4556.85,4558.16,4555.67,4557.34"
2026-05-05 23:50:00+07:00,"4557.32,4560.53,4557.29,4560.21"
2026-05-05 23:55:00+07:00,"4560.21,4562.96,4559.76,4561.27"
2026-05-06 00:00:00+07:00,"4561.28,4562.65,4558.73,4559.17"
2026-05-06 00:05:00+07:00,"4559.21,4559.92,4553.32,4554.74"
2026-05-06 00:10:00+07:00,"4554.72,4556.21,4553.14,4556.19"
2026-05-06 00:15:00+07:00,"4556.21,4560.96,4556.07,4560.82"
2026-05-06 00:20:00+07:00,"4560.84,4561.69,4559.19,4559.27"
2026-05-06 00:25:00+07:00,"4559.26,4560.3,4557.48,4558.59"
2026-05-06 00:30:00+07:00,"4558.62,4561.76,4556.1,4561.27"
2026-05-06 00:35:00+07:00,"4561.25,4562.84,4559.76,4560.83"
2026-05-06 00:40:00+07:00,"4560.82,4562.39,4560.42,4560.47"
2026-05-06 00:45:00+07:00,"4560.57,4562.4,4559.6,4562.2"
2026-05-06 00:50:00+07:00,"4562.02,4562.02,4558.09,4558.84"
2026-05-06 00:55:00+07:00,"4558.88,4560.35,4558.42,4559.88"
2026-05-06 01:00:00+07:00,"4559.89,4561.5,4558.62,4559.73"
2026-05-06 01:05:00+07:00,"4559.85,4562.17,4559.77,4561.07"
2026-05-06 01:10:00+07:00,"4561,4565.04,4559.92,4564.37"
2026-05-06 01:15:00+07:00,"4564.35,4565.49,4562.47,4562.54"
2026-05-06 01:20:00+07:00,"4562.54,4563.72,4561.1,4562.1"
2026-05-06 01:25:00+07:00,"4562.08,4563.36,4561.23,4562.25"
2026-05-06 01:30:00+07:00,"4562.27,4562.62,4558.93,4558.93"
2026-05-06 01:35:00+07:00,"4558.92,4560.15,4558.48,4559.89"
2026-05-06 01:40:00+07:00,"4559.86,4562.71,4557.49,4561.63"
2026-05-06 01:45:00+07:00,"4561.64,4565.81,4561.51,4562.98"
2026-05-06 01:50:00+07:00,"4562.97,4563.57,4560.48,4560.75"
2026-05-06 01:55:00+07:00,"4560.73,4561.48,4559.68,4561.09"
2026-05-06 02:00:00+07:00,"4561.07,4561.69,4558.3,4558.69"
2026-05-06 02:05:00+07:00,"4558.71,4560.4,4557.57,4557.97"
2026-05-06 02:10:00+07:00,"4557.95,4558.94,4556.91,4557.21"
2026-05-06 02:15:00+07:00,"4557.2,4558.48,4555.06,4558.18"
2026-05-06 02:20:00+07:00,"4558.19,4558.89,4556.74,4557.06"
2026-05-06 02:25:00+07:00,"4557.07,4557.4,4555.45,4556.35"
2026-05-06 02:30:00+07:00,"4556.34,4557.71,4556.1,4556.59"
2026-05-06 02:35:00+07:00,"4556.6,4558.3,4555.73,4556.86"
2026-05-06 02:40:00+07:00,"4556.89,4557.14,4555.51,4555.81"
2026-05-06 02:45:00+07:00,"4555.82,4558.87,4554.88,4558.8"
2026-05-06 02:50:00+07:00,"4558.8,4558.8,4554.14,4554.95"
2026-05-06 02:55:00+07:00,"4554.95,4555.84,4551.51,4555.23"
2026-05-06 03:00:00+07:00,"4555.32,4555.93,4553.83,4554.52"
2026-05-06 03:05:00+07:00,"4554.55,4556.45,4554.18,4555.73"
2026-05-06 03:10:00+07:00,"4555.74,4557.31,4555.54,4557.02"
2026-05-06 03:15:00+07:00,"4556.8,4557.71,4555.97,4556.53"
2026-05-06 03:20:00+07:00,"4556.51,4556.77,4555.44,4556.35"
2026-05-06 03:25:00+07:00,"4556.36,4559.93,4556.29,4559.15"
2026-05-06 03:30:00+07:00,"4559.17,4560.05,4557.45,4557.91"
2026-05-06 03:35:00+07:00,"4557.92,4557.92,4555.72,4555.91"
2026-05-06 03:40:00+07:00,"4555.85,4556.62,4554.72,4555.57"
2026-05-06 03:45:00+07:00,"4555.5,4556.63,4554.74,4555.95"
2026-05-06 03:50:00+07:00,"4555.96,4556.67,4554.33,4555.14"
2026-05-06 03:55:00+07:00,"4554.96,4557.79,4554.75,4554.75"
2026-05-06 05:00:00+07:00,"4556.08,4559.93,4550.21,4552.44"
2026-05-06 05:05:00+07:00,"4552.44,4552.61,4549.01,4551.63"
2026-05-06 05:10:00+07:00,"4551.64,4552.31,4549.73,4550.64"
2026-05-06 05:15:00+07:00,"4550.65,4551.01,4548.45,4548.79"
2026-05-06 05:20:00+07:00,"4548.8,4550.12,4547.51,4549.86"
2026-05-06 05:25:00+07:00,"4549.85,4549.97,4546.51,4546.71"
2026-05-06 05:30:00+07:00,"4546.72,4549.53,4546.29,4549.02"
2026-05-06 05:35:00+07:00,"4549,4550.97,4548.9,4549.98"
2026-05-06 05:40:00+07:00,"4549.99,4550.96,4548.58,4548.74"
2026-05-06 05:45:00+07:00,"4548.73,4548.73,4546.93,4547.81"
2026-05-06 05:50:00+07:00,"4547.8,4558.85,4547.39,4558.85"
2026-05-06 05:55:00+07:00,"4559.12,4577.3,4558.84,4573.15"
2026-05-06 06:00:00+07:00,"4573.23,4575.48,4569.28,4575.07"
2026-05-06 06:05:00+07:00,"4575.02,4580.71,4572.76,4579.37"
2026-05-06 06:10:00+07:00,"4579.38,4590.63,4577.64,4588.75"
2026-05-06 06:15:00+07:00,"4588.64,4589.4,4583.25,4585.88"
2026-05-06 06:20:00+07:00,"4585.83,4589.05,4583.15,4584.58"
2026-05-06 06:25:00+07:00,"4584.46,4585.33,4581.85,4582.01"
2026-05-06 06:30:00+07:00,"4581.97,4585.86,4579.51,4584.26"
2026-05-06 06:35:00+07:00,"4584.31,4587.63,4583.56,4586.76"
2026-05-06 06:40:00+07:00,"4586.71,4588.74,4584.81,4585.13"
2026-05-06 06:45:00+07:00,"4585.34,4594.24,4584.47,4593.95"
2026-05-06 06:50:00+07:00,"4593.95,4595.15,4591.81,4592.11"
2026-05-06 06:55:00+07:00,"4592.11,4596.11,4591.15,4594.04"
2026-05-06 07:00:00+07:00,"4593.72,4598.37,4591.57,4595.52"
2026-05-06 07:05:00+07:00,"4595.53,4596.17,4591.05,4592.5"
2026-05-06 07:10:00+07:00,"4592.55,4593.01,4589.41,4591.72"
2026-05-06 07:15:00+07:00,"4591.72,4597.43,4588.04,4596.18"
2026-05-06 07:20:00+07:00,"4596.19,4602.97,4596.08,4602.28"
2026-05-06 07:25:00+07:00,"4602.29,4604.32,4599.92,4602.42"
2026-05-06 07:30:00+07:00,"4602.46,4609.18,4602.06,4608.93"
2026-05-06 07:35:00+07:00,"4609.04,4610.49,4607.63,4608.4"
2026-05-06 07:40:00+07:00,"4608.4,4611.05,4607.76,4610.32"
2026-05-06 07:45:00+07:00,"4610.33,4611.2,4609.39,4610.01"
2026-05-06 07:50:00+07:00,"4610.04,4611.39,4610.04,4610.96"
2026-05-06 07:55:00+07:00,"4610.88,4620.39,4610.79,4618.84"
2026-05-06 08:00:00+07:00,"4618.65,4623.13,4612.93,4615.46"
2026-05-06 08:05:00+07:00,"4615.45,4615.8,4610.85,4612.53"
2026-05-06 08:10:00+07:00,"4612.52,4612.99,4609.45,4611.57"
2026-05-06 08:15:00+07:00,"4611.56,4618.77,4609.82,4617.81"
2026-05-06 08:20:00+07:00,"4617.82,4624.19,4616.16,4623.59"
2026-05-06 08:25:00+07:00,"4623.6,4625.81,4621.25,4625.01"
2026-05-06 08:30:00+07:00,"4625,4626.35,4620.47,4622.85"
2026-05-06 08:35:00+07:00,"4622.86,4624.65,4620.64,4624.05"
2026-05-06 08:40:00+07:00,"4624.06,4625.13,4621.92,4623.97"
2026-05-06 08:45:00+07:00,"4623.96,4628.92,4623.62,4628.53"
2026-05-06 08:50:00+07:00,"4628.71,4629.06,4624.02,4624.78"
2026-05-06 08:55:00+07:00,"4624.74,4626.92,4623.98,4626.06"
2026-05-06 09:00:00+07:00,"4626.05,4629.29,4625.23,4627.88"
2026-05-06 09:05:00+07:00,"4627.87,4633.55,4627.53,4633.08"
2026-05-06 09:10:00+07:00,"4633.08,4634.46,4630.04,4633.34"
2026-05-06 09:15:00+07:00,"4633.33,4636.51,4632.3,4634.37"
2026-05-06 09:20:00+07:00,"4634.34,4635.9,4631.79,4633.63"
2026-05-06 09:25:00+07:00,"4633.64,4634.63,4629.59,4629.98"
2026-05-06 09:30:00+07:00,"4629.97,4632.2,4626.7,4631.31"
2026-05-06 09:35:00+07:00,"4631.31,4634.14,4630.55,4630.92"
2026-05-06 09:40:00+07:00,"4630.93,4635.31,4630.15,4634.6"
2026-05-06 09:45:00+07:00,"4634.58,4638.54,4633.82,4635.63"
2026-05-06 09:50:00+07:00,"4635.64,4638.93,4634.4,4638.66"
2026-05-06 09:55:00+07:00,"4638.65,4641.96,4638.46,4640.85"
2026-05-06 10:00:00+07:00,"4640.83,4642.7,4638.54,4641.02"
2026-05-06 10:05:00+07:00,"4641.03,4645.65,4640.48,4644.8"
2026-05-06 10:10:00+07:00,"4644.79,4650.44,4643.07,4647.77"
2026-05-06 10:15:00+07:00,"4647.75,4650.34,4646.21,4649.45"
2026-05-06 10:20:00+07:00,"4649.44,4651.36,4644.83,4645.79"
2026-05-06 10:25:00+07:00,"4645.8,4646.99,4644.44,4645.83"
2026-05-06 10:30:00+07:00,"4645.81,4645.82,4642.6,4644.06"
2026-05-06 10:35:00+07:00,"4643.8,4652.1,4643.6,4651.27"
2026-05-06 10:40:00+07:00,"4651.29,4651.5,4645.17,4647.69"
2026-05-06 10:45:00+07:00,"4647.69,4648.44,4644.32,4644.54"
2026-05-06 10:50:00+07:00,"4644.55,4646.66,4643.74,4644.1"
2026-05-06 10:55:00+07:00,"4644.11,4645.1,4642.95,4643.71"
2026-05-06 11:00:00+07:00,"4643.73,4645.76,4643.47,4644.49"
2026-05-06 11:05:00+07:00,"4644.49,4647.87,4643.45,4645.87"
2026-05-06 11:10:00+07:00,"4645.86,4647.7,4645.38,4647.69"
2026-05-06 11:15:00+07:00,"4647.7,4648.89,4645.68,4645.83"
2026-05-06 11:20:00+07:00,"4645.82,4646.5,4645.47,4646.48"
2026-05-06 11:25:00+07:00,"4646.49,4653.7,4645.48,4652.58"
2026-05-06 11:30:00+07:00,"4652.65,4652.76,4649.05,4649.6"
2026-05-06 11:35:00+07:00,"4649.58,4651.59,4648.42,4649.08"
2026-05-06 11:40:00+07:00,"4649.08,4650.53,4645.88,4647.77"
2026-05-06 11:45:00+07:00,"4647.88,4652.54,4647.17,4650.37"
2026-05-06 11:50:00+07:00,"4650.38,4651.92,4648.41,4649.17"
2026-05-06 11:55:00+07:00,"4649.1,4651.09,4648.79,4648.91"
2026-05-06 12:00:00+07:00,"4648.98,4653.67,4648.72,4652.04"
2026-05-06 12:05:00+07:00,"4651.93,4656.7,4650.48,4655.61"
2026-05-06 12:10:00+07:00,"4655.62,4656.32,4652.93,4654.94"
2026-05-06 12:15:00+07:00,"4654.87,4654.87,4649.54,4652"
2026-05-06 12:20:00+07:00,"4652.05,4654.1,4650.05,4653.92"
2026-05-06 12:25:00+07:00,"4653.92,4655.53,4650.35,4650.35"
2026-05-06 12:30:00+07:00,"4650.3,4651.9,4644.76,4646.93"
2026-05-06 12:35:00+07:00,"4646.93,4647.54,4644.61,4646.95"
2026-05-06 12:40:00+07:00,"4646.94,4651.34,4645.1,4650.18"
2026-05-06 12:45:00+07:00,"4650.12,4651.82,4649.35,4649.69"
2026-05-06 12:50:00+07:00,"4649.81,4653.36,4649.54,4653.03"
2026-05-06 12:55:00+07:00,"4653.03,4664,4652.23,4663.01"
2026-05-06 13:00:00+07:00,"4663,4665.65,4658.34,4658.43"
2026-05-06 13:05:00+07:00,"4658.49,4666.15,4656.72,4663.57"
2026-05-06 13:10:00+07:00,"4663.61,4664.45,4660.53,4660.56"
2026-05-06 13:15:00+07:00,"4660.67,4661.66,4658.31,4658.31"
2026-05-06 13:20:00+07:00,"4658.27,4664.88,4657.92,4662.99"
2026-05-06 13:25:00+07:00,"4663,4666.84,4661.95,4666.21"
2026-05-06 13:30:00+07:00,"4666.24,4668.44,4663.43,4664.03"
2026-05-06 13:35:00+07:00,"4664.03,4668.74,4662.13,4666.27"
2026-05-06 13:40:00+07:00,"4666.28,4667.87,4659.87,4664.25"
2026-05-06 13:45:00+07:00,"4664.28,4666.82,4663.47,4664.85"
2026-05-06 13:50:00+07:00,"4664.84,4665.74,4662.82,4664.82"
2026-05-06 13:55:00+07:00,"4664.8,4669.95,4664.33,4669.51"
2026-05-06 14:00:00+07:00,"4669.43,4670.24,4665.48,4667.79"
2026-05-06 14:05:00+07:00,"4667.82,4668.32,4665.92,4666.99"
2026-05-06 14:10:00+07:00,"4667.02,4668.06,4658.34,4658.42"
2026-05-06 14:15:00+07:00,"4658.4,4660.96,4657.43,4660.74"
2026-05-06 14:20:00+07:00,"4660.7,4665.92,4659.51,4664.64"
2026-05-06 14:25:00+07:00,"4664.56,4670.16,4663.19,4667.44"
2026-05-06 14:30:00+07:00,"4667.45,4668.39,4663.44,4665.96"
2026-05-06 14:35:00+07:00,"4665.97,4666.95,4662.99,4664.96"
2026-05-06 14:40:00+07:00,"4664.98,4670.67,4664.57,4670.52"
2026-05-06 14:45:00+07:00,"4670.5,4677.64,4669.8,4675.24"
2026-05-06 14:50:00+07:00,"4675.23,4678.45,4673.7,4674.52"
2026-05-06 14:55:00+07:00,"4674.54,4681.96,4674.11,4681.66"
2026-05-06 15:00:00+07:00,"4681.34,4682.63,4675.69,4677.78"
2026-05-06 15:05:00+07:00,"4677.79,4680.42,4675.12,4677.49"
2026-05-06 15:10:00+07:00,"4677.5,4682.32,4676.6,4679.54"
2026-05-06 15:15:00+07:00,"4679.46,4680.71,4677.44,4678.62"
2026-05-06 15:20:00+07:00,"4678.61,4679.72,4676.76,4678.56"
2026-05-06 15:25:00+07:00,"4678.58,4680.23,4676.72,4677.05"
2026-05-06 15:30:00+07:00,"4677.13,4678.28,4675.27,4675.82"
2026-05-06 15:35:00+07:00,"4675.98,4676.04,4671.34,4675.83"
2026-05-06 15:40:00+07:00,"4675.84,4678.98,4673.26,4677.57"
2026-05-06 15:45:00+07:00,"4677.58,4682.3,4677.31,4679.75"
2026-05-06 15:50:00+07:00,"4679.74,4702.82,4679.51,4697.42"
2026-05-06 15:55:00+07:00,"4697.78,4701.13,4692.88,4700.34"
2026-05-06 16:00:00+07:00,"4700.42,4708.94,4692.09,4692.09"
2026-05-06 16:05:00+07:00,"4692.08,4696.75,4689.15,4695.09"
2026-05-06 16:10:00+07:00,"4695.1,4698.96,4693.63,4695.6"
2026-05-06 16:15:00+07:00,"4695.68,4703.09,4694.72,4699.94"
2026-05-06 16:20:00+07:00,"4700.01,4700.27,4691.07,4695.94"
2026-05-06 16:25:00+07:00,"4695.9,4705.39,4694.3,4700.23"
2026-05-06 16:30:00+07:00,"4700.16,4704.28,4696.29,4703.74"
2026-05-06 16:35:00+07:00,"4703.76,4706,4701.65,4703.21"
2026-05-06 16:40:00+07:00,"4703.34,4705.07,4695.84,4695.92"
2026-05-06 16:45:00+07:00,"4695.93,4702.5,4694.29,4701.44"
2026-05-06 16:50:00+07:00,"4701.38,4701.44,4697.17,4700.43"
2026-05-06 16:55:00+07:00,"4700.42,4703.08,4700.28,4701.86"
2026-05-06 17:00:00+07:00,"4701.87,4706.05,4698.83,4700.65"
2026-05-06 17:05:00+07:00,"4700.63,4701.86,4695.87,4696.62"
2026-05-06 17:10:00+07:00,"4696.61,4700.39,4695.83,4698.19"
2026-05-06 17:15:00+07:00,"4698.11,4701.34,4695.55,4698.58"
2026-05-06 17:20:00+07:00,"4698.59,4702.1,4697.48,4701.34"
2026-05-06 17:25:00+07:00,"4701.37,4704.81,4701.06,4704.41"
2026-05-06 17:30:00+07:00,"4704.41,4712.07,4704.37,4709.63"
2026-05-06 17:35:00+07:00,"4709.65,4711.06,4707.9,4710.33"
2026-05-06 17:40:00+07:00,"4710.32,4716.17,4709.79,4714.09"
2026-05-06 17:45:00+07:00,"4714.16,4715.7,4707.82,4710.62"
2026-05-06 17:50:00+07:00,"4710.64,4723.43,4710.06,4721.68"
2026-05-06 17:55:00+07:00,"4721.66,4721.84,4715.85,4718.04"
2026-05-06 18:00:00+07:00,"4718.02,4720.55,4711.62,4713.72"
2026-05-06 18:05:00+07:00,"4713.78,4721.47,4713.26,4720.09"
2026-05-06 18:10:00+07:00,"4720.06,4720.71,4709.37,4711.98"
2026-05-06 18:15:00+07:00,"4711.97,4713.79,4709.29,4712.18"
2026-05-06 18:20:00+07:00,"4712.16,4712.9,4708.86,4710.07"
2026-05-06 18:25:00+07:00,"4710.11,4712.63,4705.54,4705.54"
2026-05-06 18:30:00+07:00,"4705.53,4715.58,4704.28,4713.68"
2026-05-06 18:35:00+07:00,"4713.64,4715.09,4709.75,4710.37"
2026-05-06 18:40:00+07:00,"4710.36,4711.61,4697.62,4699.61"
2026-05-06 18:45:00+07:00,"4699.62,4702.79,4697.02,4697.62"
2026-05-06 18:50:00+07:00,"4698.08,4700.56,4696.07,4698"
2026-05-06 18:55:00+07:00,"4697.98,4698.15,4690.84,4692.02"
2026-05-06 19:00:00+07:00,"4692.05,4693.15,4681.41,4685.51"
2026-05-06 19:05:00+07:00,"4685.5,4687.65,4679.76,4682.55"
2026-05-06 19:10:00+07:00,"4682.53,4682.59,4670.76,4672.88"
2026-05-06 19:15:00+07:00,"4673.02,4677.12,4660.13,4670.56"
2026-05-06 19:20:00+07:00,"4670.57,4683.94,4669.18,4682.56"
2026-05-06 19:25:00+07:00,"4682.64,4688.74,4682.13,4683.22"
2026-05-06 19:30:00+07:00,"4683.31,4685.62,4677.27,4683.58"
2026-05-06 19:35:00+07:00,"4683.59,4684.19,4678.84,4680.35"
2026-05-06 19:40:00+07:00,"4680.33,4683.75,4679.32,4682.73"
2026-05-06 19:45:00+07:00,"4682.75,4684.56,4678.84,4681.27"
2026-05-06 19:50:00+07:00,"4681.26,4681.67,4676.85,4677.62"
2026-05-06 19:55:00+07:00,"4677.64,4683.71,4676.82,4683.39"
2026-05-06 20:00:00+07:00,"4683.41,4692.84,4677.22,4682.78"
2026-05-06 20:05:00+07:00,"4682.92,4685.58,4668.82,4673.71"
2026-05-06 20:10:00+07:00,"4673.65,4683.72,4672,4683.72"
2026-05-06 20:15:00+07:00,"4683.71,4691.31,4682.77,4682.8"
2026-05-06 20:20:00+07:00,"4682.82,4685.92,4679.15,4685.45"
2026-05-06 20:25:00+07:00,"4685.46,4686.73,4682.44,4685.18"
2026-05-06 20:30:00+07:00,"4685.16,4699.1,4680.09,4697.66"
2026-05-06 20:35:00+07:00,"4697.65,4699.32,4693.15,4694.15"
2026-05-06 20:40:00+07:00,"4694.16,4698.71,4693.05,4695.27"
2026-05-06 20:45:00+07:00,"4695.31,4701.53,4692.4,4700.96"
2026-05-06 20:50:00+07:00,"4700.98,4708.08,4693.54,4703.79"
2026-05-06 20:55:00+07:00,"4703.78,4706.21,4701.56,4702.18"
2026-05-06 21:00:00+07:00,"4702.11,4710.24,4700.41,4705.95"
2026-05-06 21:05:00+07:00,"4706.01,4709.44,4697.81,4707.97"
2026-05-06 21:10:00+07:00,"4707.96,4712.66,4705.93,4710.97"
2026-05-06 21:15:00+07:00,"4710.96,4717.59,4710.96,4713.39"
2026-05-06 21:20:00+07:00,"4713.41,4715.51,4708.38,4709.44"
2026-05-06 21:25:00+07:00,"4709.43,4713.05,4704.71,4705.84"
2026-05-06 21:30:00+07:00,"4705.83,4709.87,4704.38,4706.89"
2026-05-06 21:35:00+07:00,"4706.88,4709.95,4704.84,4708.27"
2026-05-06 21:40:00+07:00,"4708.19,4714.67,4705.97,4713.42"
2026-05-06 21:45:00+07:00,"4713.36,4714.08,4704.93,4705.86"
2026-05-06 21:50:00+07:00,"4705.87,4707.03,4700.7,4701.22"
2026-05-06 21:55:00+07:00,"4701.27,4707.05,4701.27,4703.17"
2026-05-06 22:00:00+07:00,"4703.15,4705.74,4700.19,4705.61"
2026-05-06 22:05:00+07:00,"4705.53,4705.8,4697.32,4698.76"
2026-05-06 22:10:00+07:00,"4698.72,4700.72,4693.1,4696.57"
2026-05-06 22:15:00+07:00,"4696.55,4701.69,4694.32,4701.69"
2026-05-06 22:20:00+07:00,"4701.85,4703.39,4698.54,4699"
2026-05-06 22:25:00+07:00,"4698.99,4699,4695.04,4695.52"
2026-05-06 22:30:00+07:00,"4695.51,4698,4693.29,4694.53"
2026-05-06 22:35:00+07:00,"4694.51,4695.61,4691.59,4692.21"
2026-05-06 22:40:00+07:00,"4692.22,4694.82,4689.35,4692.88"
2026-05-06 22:45:00+07:00,"4692.92,4694.97,4690.78,4692.94"
2026-05-06 22:50:00+07:00,"4692.95,4694.1,4690.66,4692.35"
2026-05-06 22:55:00+07:00,"4692.36,4693.86,4687.71,4687.87"
2026-05-06 23:00:00+07:00,"4687.86,4687.96,4683.87,4686.23"
2026-05-06 23:05:00+07:00,"4686.21,4688.66,4681.13,4683.31"
2026-05-06 23:10:00+07:00,"4683.32,4685.57,4682.15,4683.84"
2026-05-06 23:15:00+07:00,"4683.85,4685.96,4682.6,4684.56"
2026-05-06 23:20:00+07:00,"4684.61,4685.24,4682.84,4683.42"
2026-05-06 23:25:00+07:00,"4683.4,4688.56,4683.23,4688.53"
2026-05-06 23:30:00+07:00,"4688.43,4690.4,4685.33,4687.26"
2026-05-06 23:35:00+07:00,"4687.23,4690.07,4686.13,4689.5"
2026-05-06 23:40:00+07:00,"4689.52,4692.36,4688.57,4688.74"
2026-05-06 23:45:00+07:00,"4688.74,4690.02,4686.29,4688.02"
2026-05-06 23:50:00+07:00,"4688.04,4688.73,4683.13,4684.35"
2026-05-06 23:55:00+07:00,"4684.4,4685.9,4678.87,4683.03"
2026-05-07 00:00:00+07:00,"4683.02,4686.14,4679.52,4685.87"
2026-05-07 00:05:00+07:00,"4685.84,4688.14,4684.53,4686.22"
2026-05-07 00:10:00+07:00,"4686.23,4687.12,4684.43,4685.6"
2026-05-07 00:15:00+07:00,"4685.58,4686.19,4681.35,4681.61"
2026-05-07 00:20:00+07:00,"4681.57,4683.44,4680.51,4681.38"
2026-05-07 00:25:00+07:00,"4681.39,4684.69,4680.26,4682.83"
2026-05-07 00:30:00+07:00,"4682.87,4683.54,4680.54,4682.75"
2026-05-07 00:35:00+07:00,"4682.74,4682.74,4679.34,4679.51"
2026-05-07 00:40:00+07:00,"4679.52,4681.34,4678.84,4680.62"
2026-05-07 00:45:00+07:00,"4680.61,4682.21,4680.45,4680.89"
2026-05-07 00:50:00+07:00,"4680.81,4682.15,4680.28,4681.68"
2026-05-07 00:55:00+07:00,"4681.69,4684.61,4681.63,4684.23"
2026-05-07 01:00:00+07:00,"4684.15,4685.59,4681.95,4682.81"
2026-05-07 01:05:00+07:00,"4682.83,4685.56,4682.77,4685.38"
2026-05-07 01:10:00+07:00,"4685.37,4687.64,4684.68,4686.81"
2026-05-07 01:15:00+07:00,"4686.86,4689.42,4686.41,4688.47"
2026-05-07 01:20:00+07:00,"4688.44,4690.66,4687.26,4687.81"
2026-05-07 01:25:00+07:00,"4687.86,4689.04,4687.36,4687.67"
2026-05-07 01:30:00+07:00,"4687.87,4689.66,4686.63,4689.16"
2026-05-07 01:35:00+07:00,"4689.15,4690.31,4687.76,4688.25"
2026-05-07 01:40:00+07:00,"4688.23,4688.23,4685.1,4686.28"
2026-05-07 01:45:00+07:00,"4686.29,4688.16,4685.6,4686.92"
2026-05-07 01:50:00+07:00,"4686.91,4687.73,4684.9,4686.5"
2026-05-07 01:55:00+07:00,"4686.52,4687.59,4685.49,4686.09"
2026-05-07 02:00:00+07:00,"4686.13,4692.87,4686.07,4691.33"
2026-05-07 02:05:00+07:00,"4691.28,4694.88,4690.7,4694.42"
2026-05-07 02:10:00+07:00,"4694.35,4695.78,4693.68,4695.26"
2026-05-07 02:15:00+07:00,"4695.25,4698.32,4695.02,4696.68"
2026-05-07 02:20:00+07:00,"4696.64,4700.32,4696.61,4699.71"
2026-05-07 02:25:00+07:00,"4699.71,4700.02,4697.75,4698.43"
2026-05-07 02:30:00+07:00,"4698.35,4699.18,4695.77,4697.24"
2026-05-07 02:35:00+07:00,"4697.2,4698.91,4696.1,4697.43"
2026-05-07 02:40:00+07:00,"4697.45,4697.61,4693.78,4695.44"
2026-05-07 02:45:00+07:00,"4695.43,4696.86,4694.51,4694.99"
2026-05-07 02:50:00+07:00,"4695.07,4698.41,4695.07,4697.41"
2026-05-07 02:55:00+07:00,"4697.39,4697.83,4692.43,4692.48"
2026-05-07 03:00:00+07:00,"4692.45,4695.33,4692.45,4695.33"
2026-05-07 03:05:00+07:00,"4695.4,4697.11,4694.47,4696.62"
2026-05-07 03:10:00+07:00,"4696.61,4699.66,4696.18,4698.89"
2026-05-07 03:15:00+07:00,"4698.91,4699.57,4697.07,4698.06"
2026-05-07 03:20:00+07:00,"4698.07,4698.47,4693.96,4694.55"
2026-05-07 03:25:00+07:00,"4694.56,4694.58,4691.91,4692.56"
2026-05-07 03:30:00+07:00,"4692.54,4693.05,4690.1,4690.22"
2026-05-07 03:35:00+07:00,"4690.24,4692.12,4689.75,4690.6"
2026-05-07 03:40:00+07:00,"4690.52,4690.74,4688.67,4688.68"
2026-05-07 03:45:00+07:00,"4688.67,4689.78,4685.02,4689.47"
2026-05-07 03:50:00+07:00,"4689.58,4691.13,4687.84,4690.91"
2026-05-07 03:55:00+07:00,"4690.98,4691.95,4689.98,4690.83"
2026-05-07 05:00:00+07:00,"4688.18,4696.78,4687.95,4690.6"
2026-05-07 05:05:00+07:00,"4690.5,4694.87,4690.38,4694.25"
2026-05-07 05:10:00+07:00,"4694.21,4698.14,4693.25,4697.33"
2026-05-07 05:15:00+07:00,"4697.07,4699.74,4696.21,4699.56"
2026-05-07 05:20:00+07:00,"4699.53,4699.85,4697,4697.76"
2026-05-07 05:25:00+07:00,"4697.78,4698.61,4693.22,4695.33"
2026-05-07 05:30:00+07:00,"4695.32,4698.31,4694.2,4698.28"
2026-05-07 05:35:00+07:00,"4698.29,4699.61,4696.27,4697.23"
2026-05-07 05:40:00+07:00,"4697.17,4699.76,4696.27,4698.68"
2026-05-07 05:45:00+07:00,"4698.65,4698.7,4695.76,4697.6"
2026-05-07 05:50:00+07:00,"4697.62,4698.48,4695.78,4696.13"
2026-05-07 05:55:00+07:00,"4696.14,4697.14,4694.19,4694.74"
2026-05-07 06:00:00+07:00,"4694.84,4697.13,4694.14,4696.72"
2026-05-07 06:05:00+07:00,"4696.73,4698.59,4695.74,4697.46"
2026-05-07 06:10:00+07:00,"4697.43,4697.43,4694,4694.44"
2026-05-07 06:15:00+07:00,"4694.43,4697.88,4693.91,4696.98"
2026-05-07 06:20:00+07:00,"4697.14,4697.35,4692.71,4693.93"
2026-05-07 06:25:00+07:00,"4693.83,4694.11,4690.21,4693.27"
2026-05-07 06:30:00+07:00,"4693.32,4693.93,4691.63,4693.01"
2026-05-07 06:35:00+07:00,"4693.05,4694.56,4692.64,4693.37"
2026-05-07 06:40:00+07:00,"4693.32,4693.94,4692.78,4693.63"
2026-05-07 06:45:00+07:00,"4693.68,4699.68,4693.48,4697.14"
2026-05-07 06:50:00+07:00,"4697.15,4697.85,4695.7,4696.8"
2026-05-07 06:55:00+07:00,"4696.76,4699.21,4696.41,4698.82"
2026-05-07 07:00:00+07:00,"4698.86,4700.94,4692.51,4693.36"
2026-05-07 07:05:00+07:00,"4693.41,4696.12,4689.85,4694.94"
2026-05-07 07:10:00+07:00,"4694.9,4700.85,4694.43,4699.89"
2026-05-07 07:15:00+07:00,"4699.88,4700.63,4694.86,4698.03"
2026-05-07 07:20:00+07:00,"4698.01,4701.4,4696.94,4698.92"
2026-05-07 07:25:00+07:00,"4698.58,4698.84,4691.86,4692.58"
2026-05-07 07:30:00+07:00,"4692.56,4693.24,4688.6,4692.13"
2026-05-07 07:35:00+07:00,"4692.12,4693.38,4690.56,4692.35"
2026-05-07 07:40:00+07:00,"4692.35,4692.84,4685.75,4688.45"
2026-05-07 07:45:00+07:00,"4688.43,4691.36,4686.36,4689.78"
2026-05-07 07:50:00+07:00,"4689.79,4691.77,4685.77,4685.97"
2026-05-07 07:55:00+07:00,"4685.96,4689.26,4685.49,4688.72"
2026-05-07 08:00:00+07:00,"4688.74,4694.01,4685.11,4692.66"
2026-05-07 08:05:00+07:00,"4692.64,4698.89,4691.74,4697.71"
2026-05-07 08:10:00+07:00,"4697.7,4711.3,4697.7,4709.7"
2026-05-07 08:15:00+07:00,"4709.71,4716.63,4707.72,4712.83"
2026-05-07 08:20:00+07:00,"4712.84,4713.17,4708.75,4710.13"
2026-05-07 08:25:00+07:00,"4710.08,4711.27,4703.39,4704.27"
2026-05-07 08:30:00+07:00,"4704.15,4707.74,4702.23,4705.41"
2026-05-07 08:35:00+07:00,"4705.44,4713.24,4705.02,4712.8"
2026-05-07 08:40:00+07:00,"4712.79,4718.56,4711.25,4712.8"
2026-05-07 08:45:00+07:00,"4712.77,4720.33,4712.61,4718.91"
2026-05-07 08:50:00+07:00,"4718.89,4721.17,4716.92,4716.93"
2026-05-07 08:55:00+07:00,"4716.95,4717.77,4713.32,4714.81"
2026-05-07 09:00:00+07:00,"4714.82,4718.65,4714.39,4714.93"
2026-05-07 09:05:00+07:00,"4714.93,4717.01,4712.92,4713.1"
2026-05-07 09:10:00+07:00,"4713.12,4713.66,4703.58,4704.14"
2026-05-07 09:15:00+07:00,"4704.14,4707.9,4702.74,4706.33"
2026-05-07 09:20:00+07:00,"4706.3,4707.67,4701.68,4703.46"
2026-05-07 09:25:00+07:00,"4703.47,4705.77,4701.72,4702.85"
2026-05-07 09:30:00+07:00,"4702.78,4703.28,4699.8,4701.34"
2026-05-07 09:35:00+07:00,"4701.32,4703.76,4700.85,4701.94"
2026-05-07 09:40:00+07:00,"4701.97,4705.51,4701.14,4704.27"
2026-05-07 09:45:00+07:00,"4704.27,4707.78,4704.27,4706.47"
2026-05-07 09:50:00+07:00,"4706.46,4707.32,4704.63,4706.71"
2026-05-07 09:55:00+07:00,"4706.63,4710.07,4705.63,4707.35"
2026-05-07 10:00:00+07:00,"4707.34,4709.7,4704.75,4709.64"
2026-05-07 10:05:00+07:00,"4709.62,4709.89,4707.37,4708.61"
2026-05-07 10:10:00+07:00,"4708.61,4709.1,4704.13,4705.88"
2026-05-07 10:15:00+07:00,"4705.85,4708.41,4704.97,4708.21"
2026-05-07 10:20:00+07:00,"4708.2,4708.67,4705.15,4706.05"
2026-05-07 10:25:00+07:00,"4706.02,4707.2,4704.3,4704.57"
2026-05-07 10:30:00+07:00,"4704.53,4705,4702.17,4704.31"
2026-05-07 10:35:00+07:00,"4704.32,4705.18,4702.53,4704.86"
2026-05-07 10:40:00+07:00,"4704.88,4705.06,4702.47,4703.94"
2026-05-07 10:45:00+07:00,"4703.95,4704.23,4701.55,4704.23"
2026-05-07 10:50:00+07:00,"4704.26,4704.89,4702.36,4704.13"
2026-05-07 10:55:00+07:00,"4704.1,4704.26,4698.93,4699.07"
2026-05-07 11:00:00+07:00,"4699.02,4701.27,4697.06,4698.61"
2026-05-07 11:05:00+07:00,"4698.62,4700.86,4698.06,4699.85"
2026-05-07 11:10:00+07:00,"4699.85,4700.55,4696.63,4696.7"
2026-05-07 11:15:00+07:00,"4696.87,4697.17,4694.78,4695.59"
2026-05-07 11:20:00+07:00,"4695.61,4698.36,4695.39,4697.71"
2026-05-07 11:25:00+07:00,"4697.82,4698.29,4695.39,4696.87"
2026-05-07 11:30:00+07:00,"4696.82,4697.53,4693.38,4693.73"
2026-05-07 11:35:00+07:00,"4693.72,4696.21,4692.4,4695.95"
2026-05-07 11:40:00+07:00,"4695.97,4699.17,4695.97,4697.93"
2026-05-07 11:45:00+07:00,"4697.91,4699.09,4694.43,4695.5"
2026-05-07 11:50:00+07:00,"4695.49,4696.62,4693.88,4695.57"
2026-05-07 11:55:00+07:00,"4695.56,4697.5,4694.23,4696.38"
2026-05-07 12:00:00+07:00,"4696.33,4701.49,4696.23,4699.9"
2026-05-07 12:05:00+07:00,"4699.84,4699.85,4698.11,4699.24"
2026-05-07 12:10:00+07:00,"4699.24,4700.91,4698.9,4700.33"
2026-05-07 12:15:00+07:00,"4700.35,4700.7,4695.78,4696.1"
2026-05-07 12:20:00+07:00,"4696.04,4697.91,4694.57,4695.33"
2026-05-07 12:25:00+07:00,"4695.48,4696.75,4694.64,4695.85"
2026-05-07 12:30:00+07:00,"4695.88,4705.81,4694.53,4703.33"
2026-05-07 12:35:00+07:00,"4703.18,4706.14,4702.4,4705.15"
2026-05-07 12:40:00+07:00,"4705.16,4705.92,4703.28,4703.51"
2026-05-07 12:45:00+07:00,"4703.48,4705.18,4702.42,4705.1"
2026-05-07 12:50:00+07:00,"4705.09,4706.75,4702.84,4704.79"
2026-05-07 12:55:00+07:00,"4704.78,4705.09,4700.76,4701.25"
2026-05-07 13:00:00+07:00,"4701.31,4707.64,4701.1,4706.01"
2026-05-07 13:05:00+07:00,"4706,4708.27,4704.66,4707.85"
2026-05-07 13:10:00+07:00,"4707.84,4710.39,4707.3,4708.24"
2026-05-07 13:15:00+07:00,"4708.23,4711.06,4707.2,4709.84"
2026-05-07 13:20:00+07:00,"4709.87,4714.11,4709.34,4713.59"
2026-05-07 13:25:00+07:00,"4713.48,4717.98,4711.46,4717.38"
2026-05-07 13:30:00+07:00,"4717.09,4734.22,4715.96,4732.86"
2026-05-07 13:35:00+07:00,"4733.18,4744.24,4733.1,4742.81"
2026-05-07 13:40:00+07:00,"4742.88,4749.99,4739.93,4745.86"
2026-05-07 13:45:00+07:00,"4745.85,4747.14,4737.88,4738.1"
2026-05-07 13:50:00+07:00,"4738.07,4740.14,4735.9,4736.51"
2026-05-07 13:55:00+07:00,"4736.5,4739.8,4735.65,4739.24"
2026-05-07 14:00:00+07:00,"4739.25,4741.39,4731.59,4734.54"
2026-05-07 14:05:00+07:00,"4734.53,4745.48,4732.93,4744.65"
2026-05-07 14:10:00+07:00,"4744.65,4750.43,4743.47,4749.38"
2026-05-07 14:15:00+07:00,"4749.39,4750.71,4741.94,4743.48"
2026-05-07 14:20:00+07:00,"4743.5,4744.91,4739.31,4739.62"
2026-05-07 14:25:00+07:00,"4739.65,4742.41,4737.54,4739.51"
2026-05-07 14:30:00+07:00,"4739.52,4743.15,4738.34,4741.98"
2026-05-07 14:35:00+07:00,"4741.95,4743.04,4739.45,4739.94"
2026-05-07 14:40:00+07:00,"4739.93,4744.27,4739.55,4743.11"
2026-05-07 14:45:00+07:00,"4743.12,4743.69,4737.19,4739.24"
2026-05-07 14:50:00+07:00,"4739.3,4744,4738.75,4741.02"
2026-05-07 14:55:00+07:00,"4740.98,4744.6,4739.13,4743.3"
2026-05-07 15:00:00+07:00,"4743.29,4751.65,4742.63,4749.81"
2026-05-07 15:05:00+07:00,"4749.82,4753.51,4745.97,4748.1"
2026-05-07 15:10:00+07:00,"4748.09,4748.54,4742.19,4742.73"
2026-05-07 15:15:00+07:00,"4742.71,4743.19,4735.48,4736.62"
2026-05-07 15:20:00+07:00,"4736.61,4740.25,4735.55,4739.84"
2026-05-07 15:25:00+07:00,"4739.82,4742.21,4733.6,4740.37"
2026-05-07 15:30:00+07:00,"4740.29,4742.04,4736.36,4737.49"
2026-05-07 15:35:00+07:00,"4737.51,4738.78,4733.75,4736.59"
2026-05-07 15:40:00+07:00,"4736.6,4738.73,4735.08,4735.28"
2026-05-07 15:45:00+07:00,"4735.22,4736.36,4733.22,4735.81"
2026-05-07 15:50:00+07:00,"4735.79,4737.34,4732.39,4734.14"
2026-05-07 15:55:00+07:00,"4734.29,4734.74,4730.88,4731.04"
2026-05-07 16:00:00+07:00,"4731.04,4731.19,4721.8,4726.27"
2026-05-07 16:05:00+07:00,"4726.28,4733.02,4726.16,4732.83"
2026-05-07 16:10:00+07:00,"4732.86,4736.47,4732.32,4734.09"
2026-05-07 16:15:00+07:00,"4734.08,4737.54,4731.13,4735.57"
2026-05-07 16:20:00+07:00,"4735.56,4737.95,4733.73,4736.86"
2026-05-07 16:25:00+07:00,"4736.91,4738.56,4733.95,4735.74"
2026-05-07 16:30:00+07:00,"4735.39,4736.56,4732.99,4736.07"
2026-05-07 16:35:00+07:00,"4736.06,4737.2,4733.7,4735.79"
2026-05-07 16:40:00+07:00,"4735.8,4739.57,4735.37,4737.99"
2026-05-07 16:45:00+07:00,"4737.98,4739.17,4735.19,4735.86"
2026-05-07 16:50:00+07:00,"4735.87,4736.71,4732.95,4733.96"
2026-05-07 16:55:00+07:00,"4733.97,4734.4,4725.65,4729.17"
2026-05-07 17:00:00+07:00,"4729.17,4731.87,4726.51,4729.65"
2026-05-07 17:05:00+07:00,"4729.66,4733.81,4728.41,4733.24"
2026-05-07 17:10:00+07:00,"4733.18,4735.18,4732.36,4734.88"
2026-05-07 17:15:00+07:00,"4734.82,4736.4,4730.87,4731.34"
2026-05-07 17:20:00+07:00,"4731.36,4733.88,4728.25,4732.91"
2026-05-07 17:25:00+07:00,"4732.92,4734.51,4731.59,4732.59"
2026-05-07 17:30:00+07:00,"4732.6,4732.6,4728.42,4730.54"
2026-05-07 17:35:00+07:00,"4730.46,4738.62,4729.8,4736.26"
2026-05-07 17:40:00+07:00,"4736.27,4739.96,4736.03,4738.98"
2026-05-07 17:45:00+07:00,"4738.99,4739.77,4735.68,4736.17"
2026-05-07 17:50:00+07:00,"4736.11,4738.05,4735.19,4737.05"
2026-05-07 17:55:00+07:00,"4737.03,4738.09,4734.86,4735.74"
2026-05-07 18:00:00+07:00,"4735.93,4737.19,4734.61,4735.66"
2026-05-07 18:05:00+07:00,"4735.67,4735.74,4732.28,4733.81"
2026-05-07 18:10:00+07:00,"4733.83,4734,4728.24,4730.29"
2026-05-07 18:15:00+07:00,"4730.37,4731.35,4727.17,4730.48"
2026-05-07 18:20:00+07:00,"4730.42,4735.45,4728.75,4734.46"
2026-05-07 18:25:00+07:00,"4734.47,4736.55,4730.67,4732.79"
2026-05-07 18:30:00+07:00,"4732.81,4735.28,4731.73,4733.99"
2026-05-07 18:35:00+07:00,"4734.04,4737.28,4732.93,4735.46"
2026-05-07 18:40:00+07:00,"4735.45,4738.29,4734.42,4736.91"
2026-05-07 18:45:00+07:00,"4736.97,4739.84,4735.23,4736.35"
2026-05-07 18:50:00+07:00,"4736.18,4739.65,4733.96,4739.55"
2026-05-07 18:55:00+07:00,"4739.56,4743.89,4738.44,4742.65"
2026-05-07 19:00:00+07:00,"4743,4745.94,4739.44,4741.13"
2026-05-07 19:05:00+07:00,"4741.18,4744.32,4739.59,4740.72"
2026-05-07 19:10:00+07:00,"4740.71,4746.43,4739.99,4743.94"
2026-05-07 19:15:00+07:00,"4743.93,4747.17,4742.38,4742.63"
2026-05-07 19:20:00+07:00,"4742.61,4743.81,4734.25,4735.7"
2026-05-07 19:25:00+07:00,"4735.75,4739.39,4733,4738.12"
2026-05-07 19:30:00+07:00,"4738.13,4749.46,4737.19,4747.22"
2026-05-07 19:35:00+07:00,"4747.21,4749.99,4743.7,4746.2"
2026-05-07 19:40:00+07:00,"4746.17,4751.83,4745.65,4751.14"
2026-05-07 19:45:00+07:00,"4751.15,4752.67,4747.8,4752.13"
2026-05-07 19:50:00+07:00,"4752.07,4752.62,4746.96,4747.89"
2026-05-07 19:55:00+07:00,"4747.9,4750.06,4744.74,4749.97"
2026-05-07 20:00:00+07:00,"4749.96,4750.31,4737.74,4738.92"
2026-05-07 20:05:00+07:00,"4738.93,4741.8,4736.7,4740.98"
2026-05-07 20:10:00+07:00,"4741.1,4741.24,4730.9,4733.41"
2026-05-07 20:15:00+07:00,"4733.4,4740.49,4731.31,4740.39"
2026-05-07 20:20:00+07:00,"4740.33,4744.87,4738.21,4744.68"
2026-05-07 20:25:00+07:00,"4744.67,4746.74,4742.36,4745.23"
2026-05-07 20:30:00+07:00,"4745.26,4758.32,4743.32,4756.2"
2026-05-07 20:35:00+07:00,"4756.18,4757,4750.82,4752.6"
2026-05-07 20:40:00+07:00,"4752.64,4752.93,4747.94,4748.55"
2026-05-07 20:45:00+07:00,"4748.58,4749.63,4739.37,4742.47"
2026-05-07 20:50:00+07:00,"4742.47,4745.13,4737.53,4744.02"
2026-05-07 20:55:00+07:00,"4744.03,4748.92,4743.6,4746.44"
2026-05-07 21:00:00+07:00,"4746.01,4749.65,4742.27,4745.79"
2026-05-07 21:05:00+07:00,"4745.87,4748.21,4743.84,4747.73"
2026-05-07 21:10:00+07:00,"4747.72,4754.06,4744.84,4751.85"
2026-05-07 21:15:00+07:00,"4751.83,4753.82,4740.72,4751.11"
2026-05-07 21:20:00+07:00,"4751.12,4758.14,4750.23,4757.25"
2026-05-07 21:25:00+07:00,"4757.2,4759.83,4755.96,4756.78"
2026-05-07 21:30:00+07:00,"4756.81,4759.12,4747.88,4749.29"
2026-05-07 21:35:00+07:00,"4749.28,4754.15,4747.2,4753.95"
2026-05-07 21:40:00+07:00,"4753.93,4757.09,4750.28,4751.99"
2026-05-07 21:45:00+07:00,"4752.03,4758.93,4751.03,4758.53"
2026-05-07 21:50:00+07:00,"4758.54,4761.95,4756.2,4760.67"
2026-05-07 21:55:00+07:00,"4760.68,4763.51,4760.14,4762.82"
2026-05-07 22:00:00+07:00,"4762.81,4764.8,4757.82,4759.5"
2026-05-07 22:05:00+07:00,"4759.51,4760.08,4755.98,4758.78"
2026-05-07 22:10:00+07:00,"4758.81,4761.21,4754.46,4754.94"
2026-05-07 22:15:00+07:00,"4754.95,4756.43,4753.09,4754.15"
2026-05-07 22:20:00+07:00,"4754.16,4756.44,4745.39,4747.27"
2026-05-07 22:25:00+07:00,"4747.25,4748.15,4736.33,4740.19"
2026-05-07 22:30:00+07:00,"4740.18,4747.23,4739.51,4744.68"
2026-05-07 22:35:00+07:00,"4744.65,4746.85,4741.23,4743.36"
2026-05-07 22:40:00+07:00,"4743.37,4743.75,4738.89,4738.99"
2026-05-07 22:45:00+07:00,"4739.05,4740,4734,4735.07"
2026-05-07 22:50:00+07:00,"4735.02,4737.19,4728.67,4732.46"
2026-05-07 22:55:00+07:00,"4732.47,4732.47,4726.42,4729.23"
2026-05-07 23:00:00+07:00,"4729.24,4729.93,4722.24,4724.15"
2026-05-07 23:05:00+07:00,"4724.14,4725.4,4716.25,4717.59"
2026-05-07 23:10:00+07:00,"4717.61,4720.33,4713.27,4715.45"
2026-05-07 23:15:00+07:00,"4715.43,4715.43,4704.08,4706.52"
2026-05-07 23:20:00+07:00,"4706.53,4717.96,4706.04,4717.75"
2026-05-07 23:25:00+07:00,"4717.73,4723.1,4717.73,4720.04"
2026-05-07 23:30:00+07:00,"4720.03,4720.81,4714.27,4719.57"
2026-05-07 23:35:00+07:00,"4719.59,4719.65,4711.54,4712.06"
2026-05-07 23:40:00+07:00,"4712.05,4714.64,4710.37,4711.23"
2026-05-07 23:45:00+07:00,"4710.99,4715.83,4710.29,4714.13"
2026-05-07 23:50:00+07:00,"4714.12,4717.44,4710.69,4717.39"
2026-05-07 23:55:00+07:00,"4717.42,4718.26,4712.08,4715.06"
2026-05-08 00:00:00+07:00,"4715.05,4717.82,4712.38,4716.57"
2026-05-08 00:05:00+07:00,"4716.52,4719.66,4714.87,4716.96"
2026-05-08 00:10:00+07:00,"4716.95,4718.66,4711.63,4714.56"
2026-05-08 00:15:00+07:00,"4714.57,4715.92,4705.74,4706.52"
2026-05-08 00:20:00+07:00,"4706.54,4716.65,4705.55,4715.51"
2026-05-08 00:25:00+07:00,"4715.46,4718.7,4687.74,4699.12"
2026-05-08 00:30:00+07:00,"4699.12,4703.81,4693.28,4699.4"
2026-05-08 00:35:00+07:00,"4699.41,4704.69,4695.69,4703.61"
2026-05-08 00:40:00+07:00,"4703.6,4706.16,4698.33,4699.68"
2026-05-08 00:45:00+07:00,"4699.69,4703.7,4698.21,4699.78"
2026-05-08 00:50:00+07:00,"4699.72,4704.43,4698.2,4704.39"
2026-05-08 00:55:00+07:00,"4704.4,4712.33,4703.03,4711.52"
2026-05-08 01:00:00+07:00,"4711.59,4712.64,4706.85,4707.64"
2026-05-08 01:05:00+07:00,"4707.62,4712.05,4706.4,4707.47"
2026-05-08 01:10:00+07:00,"4707.49,4710.01,4704.92,4708.18"
2026-05-08 01:15:00+07:00,"4708.16,4709.96,4706.65,4708.49"
2026-05-08 01:20:00+07:00,"4708.48,4711.01,4706.27,4706.54"
2026-05-08 01:25:00+07:00,"4706.59,4713.11,4705.44,4712.83"
2026-05-08 01:30:00+07:00,"4712.83,4715.43,4711.48,4713.77"
2026-05-08 01:35:00+07:00,"4713.8,4716.09,4706.71,4713.09"
2026-05-08 01:40:00+07:00,"4713.08,4714.81,4702.78,4706.08"
2026-05-08 01:45:00+07:00,"4706.14,4709.18,4698.7,4700.55"
2026-05-08 01:50:00+07:00,"4700.61,4705.21,4695.47,4703.38"
2026-05-08 01:55:00+07:00,"4703.33,4711.57,4702.11,4709.65"
2026-05-08 02:00:00+07:00,"4709.66,4712.99,4705.02,4705.93"
2026-05-08 02:05:00+07:00,"4705.91,4711.59,4705.81,4709.82"
2026-05-08 02:10:00+07:00,"4709.84,4711.62,4708.6,4710.05"
2026-05-08 02:15:00+07:00,"4710.04,4710.86,4699.65,4702.26"
2026-05-08 02:20:00+07:00,"4702.25,4705.62,4699.11,4700.51"
2026-05-08 02:25:00+07:00,"4700.59,4706.92,4697.71,4705.24"
2026-05-08 02:30:00+07:00,"4705.26,4708.4,4703.71,4707.93"
2026-05-08 02:35:00+07:00,"4707.9,4712.23,4706.99,4710.96"
2026-05-08 02:40:00+07:00,"4710.97,4711.91,4708.12,4709.63"
2026-05-08 02:45:00+07:00,"4709.63,4709.95,4705.2,4708.46"
2026-05-08 02:50:00+07:00,"4708.43,4710.87,4703.33,4706.4"
2026-05-08 02:55:00+07:00,"4706.41,4709.26,4702.44,4702.63"
2026-05-08 03:00:00+07:00,"4702.65,4718.98,4702.65,4716.25"
2026-05-08 03:05:00+07:00,"4716.26,4717.04,4710.75,4711.32"
2026-05-08 03:10:00+07:00,"4711.33,4713,4710.74,4711.6"
2026-05-08 03:15:00+07:00,"4711.74,4712.72,4709.26,4711.78"
2026-05-08 03:20:00+07:00,"4711.79,4714.05,4710.62,4713.11"
2026-05-08 03:25:00+07:00,"4713.1,4714.42,4712.31,4712.93"
2026-05-08 03:30:00+07:00,"4713,4715.84,4710.02,4713.42"
2026-05-08 03:35:00+07:00,"4713.4,4714.28,4698.07,4698.67"
2026-05-08 03:40:00+07:00,"4698.66,4706.56,4696.64,4703.93"
2026-05-08 03:45:00+07:00,"4703.9,4704.22,4699.21,4702.33"
2026-05-08 03:50:00+07:00,"4702.34,4702.72,4694.31,4695.57"
2026-05-08 03:55:00+07:00,"4695.55,4695.55,4684.63,4685.13"
2026-05-08 05:00:00+07:00,"4677.9,4694.37,4676.79,4694.09"
2026-05-08 05:05:00+07:00,"4694.08,4694.08,4686.33,4691.36"
2026-05-08 05:10:00+07:00,"4691.38,4698.05,4686.85,4691.43"
2026-05-08 05:15:00+07:00,"4691.19,4697.6,4689.31,4694.21"
2026-05-08 05:20:00+07:00,"4694.24,4699.5,4692.88,4696.36"
2026-05-08 05:25:00+07:00,"4696.37,4697.89,4693.23,4693.66"
2026-05-08 05:30:00+07:00,"4693.72,4695.16,4687.37,4688.73"
2026-05-08 05:35:00+07:00,"4688.72,4690.6,4686.53,4689.79"
2026-05-08 05:40:00+07:00,"4689.74,4691.45,4686.18,4686.9"
2026-05-08 05:45:00+07:00,"4686.86,4687.77,4682.63,4683.93"
2026-05-08 05:50:00+07:00,"4683.91,4688.87,4681.78,4686.27"
2026-05-08 05:55:00+07:00,"4686.28,4688.14,4684.73,4685.93"
2026-05-08 06:00:00+07:00,"4685.77,4689.98,4684.61,4689.34"
2026-05-08 06:05:00+07:00,"4689.35,4692.13,4686.49,4691.34"
2026-05-08 06:10:00+07:00,"4691.31,4694.13,4690.54,4691.79"
2026-05-08 06:15:00+07:00,"4691.8,4694.15,4691.8,4693.82"
2026-05-08 06:20:00+07:00,"4693.83,4698.2,4693.81,4696.67"
2026-05-08 06:25:00+07:00,"4696.68,4698.51,4695.78,4696.39"
2026-05-08 06:30:00+07:00,"4696.44,4698.1,4694.96,4697.21"
2026-05-08 06:35:00+07:00,"4697.1,4699.09,4696.55,4698.97"
2026-05-08 06:40:00+07:00,"4698.98,4699.1,4696.65,4697.86"
2026-05-08 06:45:00+07:00,"4697.74,4702.41,4697.74,4700.68"
2026-05-08 06:50:00+07:00,"4700.72,4704.79,4700.01,4703.53"
2026-05-08 06:55:00+07:00,"4703.55,4705.75,4703.23,4704.3"
2026-05-08 07:00:00+07:00,"4704.31,4706.84,4701.32,4702.89"
2026-05-08 07:05:00+07:00,"4702.87,4708.28,4702.6,4707.83"
2026-05-08 07:10:00+07:00,"4707.81,4709.54,4701.5,4702.9"
2026-05-08 07:15:00+07:00,"4702.9,4702.91,4693.72,4695.43"
2026-05-08 07:20:00+07:00,"4695.41,4705.05,4693.98,4703.89"
2026-05-08 07:25:00+07:00,"4703.88,4705.74,4696.38,4697.22"
2026-05-08 07:30:00+07:00,"4697.2,4704.13,4696.05,4703.18"
2026-05-08 07:35:00+07:00,"4703.17,4706.6,4701.53,4704.07"
2026-05-08 07:40:00+07:00,"4704.12,4708.23,4703.89,4705.17"
2026-05-08 07:45:00+07:00,"4705.18,4705.93,4699.84,4700.21"
2026-05-08 07:50:00+07:00,"4700.19,4701.35,4698.08,4698.44"
2026-05-08 07:55:00+07:00,"4698.41,4702.25,4696.92,4701.51"
2026-05-08 08:00:00+07:00,"4701.49,4715.56,4700.38,4713.06"
2026-05-08 08:05:00+07:00,"4713.07,4719.85,4712.83,4714.7"
2026-05-08 08:10:00+07:00,"4714.69,4718.33,4712.56,4714"
2026-05-08 08:15:00+07:00,"4713.99,4718.07,4711.5,4717.74"
2026-05-08 08:20:00+07:00,"4717.68,4718.95,4711.31,4712.43"
2026-05-08 08:25:00+07:00,"4712.4,4715.78,4711.95,4712.53"
2026-05-08 08:30:00+07:00,"4712.56,4715.21,4709.58,4712.46"
2026-05-08 08:35:00+07:00,"4712.47,4713.05,4705.01,4708.18"
2026-05-08 08:40:00+07:00,"4708.19,4711.65,4706.69,4711.02"
2026-05-08 08:45:00+07:00,"4711.02,4720.39,4711.02,4719.97"
2026-05-08 08:50:00+07:00,"4719.92,4723.57,4719.92,4722.16"
2026-05-08 08:55:00+07:00,"4722.17,4725.55,4721.63,4722.94"
2026-05-08 09:00:00+07:00,"4722.94,4732.81,4721.41,4731.62"
2026-05-08 09:05:00+07:00,"4731.6,4731.6,4727,4729.35"
2026-05-08 09:10:00+07:00,"4729.34,4730.02,4723.55,4723.97"
2026-05-08 09:15:00+07:00,"4723.95,4724.53,4717.79,4719.26"
2026-05-08 09:20:00+07:00,"4719.26,4723.24,4719.26,4722.23"
2026-05-08 09:25:00+07:00,"4722.29,4723.99,4720.28,4721.51"
2026-05-08 09:30:00+07:00,"4721.57,4723.48,4716.62,4719.42"
2026-05-08 09:35:00+07:00,"4719.47,4720.97,4706.56,4711.42"
2026-05-08 09:40:00+07:00,"4711.41,4715.26,4710.24,4710.24"
2026-05-08 09:45:00+07:00,"4710.23,4716.81,4708.59,4716.81"
2026-05-08 09:50:00+07:00,"4716.84,4717.76,4712.46,4716.47"
2026-05-08 09:55:00+07:00,"4716.48,4717.3,4712.49,4713.46"
2026-05-08 10:00:00+07:00,"4713.41,4717.64,4711.15,4717.45"
2026-05-08 10:05:00+07:00,"4717.46,4719.34,4715.07,4717.98"
2026-05-08 10:10:00+07:00,"4717.98,4720.38,4717.89,4719.99"
2026-05-08 10:15:00+07:00,"4719.93,4722.87,4719.44,4720.4"
2026-05-08 10:20:00+07:00,"4720.4,4720.41,4717.14,4718.95"
2026-05-08 10:25:00+07:00,"4719.01,4721.17,4717.53,4720.41"
2026-05-08 10:30:00+07:00,"4720.34,4730.8,4720.02,4730.79"
2026-05-08 10:35:00+07:00,"4730.95,4731.15,4722.83,4723.67"
2026-05-08 10:40:00+07:00,"4723.76,4726.45,4722.59,4724.91"
2026-05-08 10:45:00+07:00,"4724.92,4725.39,4719.98,4720.53"
2026-05-08 10:50:00+07:00,"4720.53,4721.22,4718.02,4718.87"
2026-05-08 10:55:00+07:00,"4718.82,4721.03,4718.67,4719.45"
2026-05-08 11:00:00+07:00,"4719.44,4723.36,4719.44,4719.67"
2026-05-08 11:05:00+07:00,"4719.66,4720.19,4715.73,4718.69"
2026-05-08 11:10:00+07:00,"4718.7,4719.5,4714.82,4714.86"
2026-05-08 11:15:00+07:00,"4714.86,4717.5,4713.38,4715.83"
2026-05-08 11:20:00+07:00,"4715.79,4718.01,4715.25,4717.72"
2026-05-08 11:25:00+07:00,"4717.66,4718.5,4715.23,4717.52"
2026-05-08 11:30:00+07:00,"4717.51,4718.58,4714.88,4715.21"
2026-05-08 11:35:00+07:00,"4715.18,4715.97,4713.57,4713.81"
2026-05-08 11:40:00+07:00,"4713.66,4714.02,4708.89,4712.21"
2026-05-08 11:45:00+07:00,"4712.1,4713.89,4709.96,4713.74"
2026-05-08 11:50:00+07:00,"4713.76,4716.51,4711.95,4716.17"
2026-05-08 11:55:00+07:00,"4716.16,4716.85,4709.66,4710.89"
2026-05-08 12:00:00+07:00,"4710.96,4713.86,4709.46,4712.95"
2026-05-08 12:05:00+07:00,"4712.91,4716.52,4712.22,4714.76"
2026-05-08 12:10:00+07:00,"4714.75,4716.29,4712.18,4712.27"
2026-05-08 12:15:00+07:00,"4712.27,4714.77,4710.53,4714.56"
2026-05-08 12:20:00+07:00,"4714.57,4715.87,4713.64,4714.74"
2026-05-08 12:25:00+07:00,"4714.76,4720.43,4712.22,4719.33"
2026-05-08 12:30:00+07:00,"4719.31,4727.39,4719.31,4724.08"
2026-05-08 12:35:00+07:00,"4724.12,4725.54,4720.71,4722.63"
2026-05-08 12:40:00+07:00,"4722.47,4726.11,4721.45,4724.69"
2026-05-08 12:45:00+07:00,"4724.72,4728.99,4723.21,4728.99"
2026-05-08 12:50:00+07:00,"4728.98,4730.58,4726.53,4728.07"
2026-05-08 12:55:00+07:00,"4728.08,4731.42,4726.56,4727.59"
2026-05-08 13:00:00+07:00,"4727.59,4730.59,4712.25,4728.34"
2026-05-08 13:05:00+07:00,"4728.36,4729.12,4722.11,4725.64"
2026-05-08 13:10:00+07:00,"4725.65,4727.44,4722.58,4722.91"
2026-05-08 13:15:00+07:00,"4722.92,4728.38,4721.6,4727.58"
2026-05-08 13:20:00+07:00,"4727.56,4728.99,4724.49,4727.7"
2026-05-08 13:25:00+07:00,"4727.68,4734.76,4726.14,4733.78"
2026-05-08 13:30:00+07:00,"4733.77,4734.71,4726.4,4726.61"
2026-05-08 13:35:00+07:00,"4726.45,4729.36,4725.49,4727.44"
2026-05-08 13:40:00+07:00,"4727.47,4732.68,4727.39,4729.05"
2026-05-08 13:45:00+07:00,"4728.89,4729.71,4721.16,4725.13"
2026-05-08 13:50:00+07:00,"4725.11,4727.4,4724.2,4726.18"
2026-05-08 13:55:00+07:00,"4726.17,4727.17,4724.4,4725.59"
2026-05-08 14:00:00+07:00,"4725.6,4726.7,4721.66,4723.95"
2026-05-08 14:05:00+07:00,"4723.79,4725.91,4720.38,4722.83"
2026-05-08 14:10:00+07:00,"4722.79,4722.83,4715.08,4715.4"
2026-05-08 14:15:00+07:00,"4715.35,4718.41,4712.65,4715.43"
2026-05-08 14:20:00+07:00,"4715.42,4717.46,4703.02,4705.86"
2026-05-08 14:25:00+07:00,"4705.9,4707.86,4696.69,4706.55"
2026-05-08 14:30:00+07:00,"4706.57,4711.21,4701.06,4709.44"
2026-05-08 14:35:00+07:00,"4709.43,4711.87,4708.27,4709.06"
2026-05-08 14:40:00+07:00,"4709.07,4710.32,4706.62,4708.07"
2026-05-08 14:45:00+07:00,"4708.11,4712.97,4707.71,4712.48"
2026-05-08 14:50:00+07:00,"4712.47,4713.77,4707.96,4711.12"
2026-05-08 14:55:00+07:00,"4711.15,4711.41,4706.88,4707.87"
2026-05-08 15:00:00+07:00,"4707.86,4710.26,4706.83,4709.82"
2026-05-08 15:05:00+07:00,"4709.88,4710.97,4706.53,4710.69"
2026-05-08 15:10:00+07:00,"4710.68,4713.32,4708.18,4711.56"
2026-05-08 15:15:00+07:00,"4711.55,4715.35,4711.39,4714.41"
2026-05-08 15:20:00+07:00,"4714.47,4722.21,4714.47,4719.96"
2026-05-08 15:25:00+07:00,"4719.98,4722.55,4716.29,4716.99"
2026-05-08 15:30:00+07:00,"4716.93,4720.19,4716.45,4719.28"
2026-05-08 15:35:00+07:00,"4719.29,4723.65,4719.2,4721.53"
2026-05-08 15:40:00+07:00,"4721.5,4721.54,4716.83,4716.9"
2026-05-08 15:45:00+07:00,"4716.89,4720.82,4715.93,4718.9"
2026-05-08 15:50:00+07:00,"4718.91,4719.29,4716.49,4716.51"
2026-05-08 15:55:00+07:00,"4716.27,4717.6,4715.07,4715.83"
2026-05-08 16:00:00+07:00,"4715.86,4720.35,4713.33,4719.29"
2026-05-08 16:05:00+07:00,"4719.28,4720.46,4715.88,4715.93"
2026-05-08 16:10:00+07:00,"4715.94,4718.73,4715.31,4718.55"
2026-05-08 16:15:00+07:00,"4718.56,4722.42,4718.34,4719.82"
2026-05-08 16:20:00+07:00,"4719.86,4722.71,4718.47,4720.73"
2026-05-08 16:25:00+07:00,"4720.72,4722.83,4717.66,4717.98"
2026-05-08 16:30:00+07:00,"4717.97,4718.9,4709.89,4714.7"
2026-05-08 16:35:00+07:00,"4714.72,4715.15,4709.49,4713.51"
2026-05-08 16:40:00+07:00,"4713.5,4714.67,4710.74,4713.42"
2026-05-08 16:45:00+07:00,"4713.43,4714.07,4709.58,4710.66"
2026-05-08 16:50:00+07:00,"4710.66,4711.38,4707.41,4709.75"
2026-05-08 16:55:00+07:00,"4709.72,4712.77,4707.51,4711.97"
2026-05-08 17:00:00+07:00,"4711.96,4714.48,4711.14,4712.75"
2026-05-08 17:05:00+07:00,"4712.74,4714.79,4711.76,4713.09"
2026-05-08 17:10:00+07:00,"4713.05,4719.07,4712.94,4718.86"
2026-05-08 17:15:00+07:00,"4718.86,4719.58,4717.02,4718"
2026-05-08 17:20:00+07:00,"4718.01,4723.32,4717.75,4721.38"
2026-05-08 17:25:00+07:00,"4721.38,4724.29,4720.5,4720.52"
2026-05-08 17:30:00+07:00,"4720.41,4723.49,4720.25,4722.23"
2026-05-08 17:35:00+07:00,"4722.24,4727.84,4721.95,4727.1"
2026-05-08 17:40:00+07:00,"4726.97,4728.14,4724.22,4724.5"
2026-05-08 17:45:00+07:00,"4724.49,4724.52,4719.09,4719.78"
2026-05-08 17:50:00+07:00,"4719.78,4721.8,4717.68,4721.21"
2026-05-08 17:55:00+07:00,"4721.22,4721.34,4715.45,4719.78"
2026-05-08 18:00:00+07:00,"4719.98,4727,4719.98,4725.73"
2026-05-08 18:05:00+07:00,"4725.76,4727.49,4723.16,4724.84"
2026-05-08 18:10:00+07:00,"4724.86,4725.25,4718.34,4722.11"
2026-05-08 18:15:00+07:00,"4722.12,4725.39,4721.63,4723.14"
2026-05-08 18:20:00+07:00,"4723.13,4723.84,4719.91,4723.26"
2026-05-08 18:25:00+07:00,"4723.24,4725.84,4722.79,4724.06"
2026-05-08 18:30:00+07:00,"4724.05,4725.21,4721.83,4722.42"
2026-05-08 18:35:00+07:00,"4722.44,4726.3,4722.06,4722.83"
2026-05-08 18:40:00+07:00,"4722.82,4723.98,4721.03,4721.04"
2026-05-08 18:45:00+07:00,"4721.02,4721.54,4716.96,4717.83"
2026-05-08 18:50:00+07:00,"4717.82,4717.92,4713.68,4716.92"
2026-05-08 18:55:00+07:00,"4716.86,4720.28,4716.11,4717.82"
2026-05-08 19:00:00+07:00,"4717.84,4720.02,4712.82,4713.16"
2026-05-08 19:05:00+07:00,"4713.17,4714.47,4708.57,4709.71"
2026-05-08 19:10:00+07:00,"4709.68,4709.97,4703.85,4704.76"
2026-05-08 19:15:00+07:00,"4704.75,4710.41,4702.7,4708.03"
2026-05-08 19:20:00+07:00,"4708.01,4710.35,4704.98,4706.35"
2026-05-08 19:25:00+07:00,"4706.36,4711.06,4705.38,4710.15"
2026-05-08 19:30:00+07:00,"4710.09,4725.19,4701.74,4723.2"
2026-05-08 19:35:00+07:00,"4723.2,4728.26,4721.35,4725.47"
2026-05-08 19:40:00+07:00,"4725.46,4730.76,4722.17,4724.01"
2026-05-08 19:45:00+07:00,"4724.04,4727.06,4719.15,4724.2"
2026-05-08 19:50:00+07:00,"4724.2,4731.76,4719.81,4730.97"
2026-05-08 19:55:00+07:00,"4730.92,4732.22,4720.54,4724.53"
2026-05-08 20:00:00+07:00,"4724.52,4729.19,4720.3,4723.03"
2026-05-08 20:05:00+07:00,"4723.08,4725.88,4718.26,4720.41"
2026-05-08 20:10:00+07:00,"4720.4,4722.02,4715.96,4720.34"
2026-05-08 20:15:00+07:00,"4720.4,4726.58,4719.29,4724.92"
2026-05-08 20:20:00+07:00,"4724.93,4727.42,4723.01,4724.82"
2026-05-08 20:25:00+07:00,"4724.81,4728.1,4724.62,4727.21"
2026-05-08 20:30:00+07:00,"4727.18,4744.31,4726.71,4739.16"
2026-05-08 20:35:00+07:00,"4739.17,4744.55,4738.27,4738.49"
2026-05-08 20:40:00+07:00,"4738.5,4741.38,4734.78,4738.25"
2026-05-08 20:45:00+07:00,"4738.23,4744.5,4734.85,4740.52"
2026-05-08 20:50:00+07:00,"4740.53,4745.75,4737.06,4740.64"
2026-05-08 20:55:00+07:00,"4740.73,4748.08,4739.97,4748.08"
2026-05-08 21:00:00+07:00,"4748,4749.68,4738.92,4740.28"
2026-05-08 21:05:00+07:00,"4740.29,4740.29,4725.51,4726.72"
2026-05-08 21:10:00+07:00,"4726.73,4732.34,4719.01,4731.59"
2026-05-08 21:15:00+07:00,"4731.6,4734.04,4725.34,4727.64"
2026-05-08 21:20:00+07:00,"4727.65,4728.72,4721.44,4725.88"
2026-05-08 21:25:00+07:00,"4725.84,4729.43,4717.19,4717.97"
2026-05-08 21:30:00+07:00,"4717.92,4723.15,4714.11,4722.38"
2026-05-08 21:35:00+07:00,"4722.37,4725.17,4719.12,4723.6"
2026-05-08 21:40:00+07:00,"4723.61,4725.73,4721.2,4722.69"
2026-05-08 21:45:00+07:00,"4722.54,4724.65,4714.71,4718.18"
2026-05-08 21:50:00+07:00,"4718.19,4719.57,4713.33,4718.26"
2026-05-08 21:55:00+07:00,"4718.28,4719.89,4715.5,4715.9"
2026-05-08 22:00:00+07:00,"4715.89,4717.73,4712.62,4713.99"
2026-05-08 22:05:00+07:00,"4713.97,4721.13,4713.8,4716.88"
2026-05-08 22:10:00+07:00,"4716.87,4719.85,4706.15,4707.97"
2026-05-08 22:15:00+07:00,"4707.98,4709.18,4704.43,4707.07"
2026-05-08 22:20:00+07:00,"4707.08,4711.81,4704.18,4707.87"
2026-05-08 22:25:00+07:00,"4707.87,4713.85,4705.71,4713.31"
2026-05-08 22:30:00+07:00,"4713.32,4714.5,4704.61,4709.82"
2026-05-08 22:35:00+07:00,"4709.83,4715.12,4709.55,4712.66"
2026-05-08 22:40:00+07:00,"4712.65,4712.73,4704.41,4706.15"
2026-05-08 22:45:00+07:00,"4706.16,4709.82,4701.89,4708.85"
2026-05-08 22:50:00+07:00,"4708.86,4711.29,4708.54,4709.59"
2026-05-08 22:55:00+07:00,"4709.57,4709.67,4704.37,4707.06"
2026-05-08 23:00:00+07:00,"4706.79,4710.16,4705.5,4706.15"
2026-05-08 23:05:00+07:00,"4706.16,4712.22,4706.13,4708.69"
2026-05-08 23:10:00+07:00,"4708.67,4712.62,4706.84,4711.64"
2026-05-08 23:15:00+07:00,"4711.63,4714.45,4711.45,4711.88"
2026-05-08 23:20:00+07:00,"4711.87,4715.97,4711.86,4714.66"
2026-05-08 23:25:00+07:00,"4714.68,4717.76,4714.41,4717.75"
2026-05-08 23:30:00+07:00,"4717.6,4720.33,4716.66,4717.24"
2026-05-08 23:35:00+07:00,"4717.25,4718.27,4715.62,4716.17"
2026-05-08 23:40:00+07:00,"4716.18,4717.46,4713.11,4713.53"
2026-05-08 23:45:00+07:00,"4713.54,4716.46,4712.65,4713.54"
2026-05-08 23:50:00+07:00,"4713.55,4713.98,4711.93,4713.12"
2026-05-08 23:55:00+07:00,"4713.13,4714.44,4711.24,4712.55"
2026-05-09 00:00:00+07:00,"4712.55,4716.2,4712.19,4715.21"
2026-05-09 00:05:00+07:00,"4715.2,4716.36,4713.6,4714.42"
2026-05-09 00:10:00+07:00,"4714.4,4715.35,4712.96,4715.26"
2026-05-09 00:15:00+07:00,"4715.29,4719.43,4715.26,4718.63"
2026-05-09 00:20:00+07:00,"4718.69,4720.83,4717.25,4718.75"
2026-05-09 00:25:00+07:00,"4718.74,4722.07,4718.51,4720.43"
2026-05-09 00:30:00+07:00,"4720.44,4721.88,4719.52,4720.35"
2026-05-09 00:35:00+07:00,"4720.36,4721.62,4719.83,4720.15"
2026-05-09 00:40:00+07:00,"4720.12,4721.65,4719.72,4720.78"
2026-05-09 00:45:00+07:00,"4720.77,4721.4,4719.79,4720.04"
2026-05-09 00:50:00+07:00,"4720.04,4722.05,4719.27,4721.85"
2026-05-09 00:55:00+07:00,"4721.89,4722.78,4719.7,4720.71"
2026-05-09 01:00:00+07:00,"4720.77,4727.69,4720.6,4726.54"
2026-05-09 01:05:00+07:00,"4726.53,4727.8,4725.53,4725.91"
2026-05-09 01:10:00+07:00,"4725.92,4728.77,4725.07,4727.8"
2026-05-09 01:15:00+07:00,"4727.81,4729.02,4725.51,4725.51"
2026-05-09 01:20:00+07:00,"4725.51,4727.69,4725.29,4726.62"
2026-05-09 01:25:00+07:00,"4726.68,4726.7,4723.85,4725.64"
2026-05-09 01:30:00+07:00,"4725.63,4726.68,4723.97,4725.28"
2026-05-09 01:35:00+07:00,"4725.32,4726.54,4724.84,4725.91"
2026-05-09 01:40:00+07:00,"4725.86,4726.21,4723.97,4724.82"
2026-05-09 01:45:00+07:00,"4724.77,4724.77,4721.93,4723.27"
2026-05-09 01:50:00+07:00,"4723.29,4724.18,4721.69,4722.37"
2026-05-09 01:55:00+07:00,"4722.32,4723.43,4719.83,4721.92"
2026-05-09 02:00:00+07:00,"4721.82,4724.76,4721.05,4723.13"
2026-05-09 02:05:00+07:00,"4723.12,4725.65,4722.56,4724.57"
2026-05-09 02:10:00+07:00,"4724.58,4725.74,4723.19,4723.59"
2026-05-09 02:15:00+07:00,"4723.55,4724.72,4723.53,4724.2"
2026-05-09 02:20:00+07:00,"4724.22,4725.27,4723.28,4724.71"
2026-05-09 02:25:00+07:00,"4724.71,4725.07,4723.46,4723.64"
2026-05-09 02:30:00+07:00,"4723.6,4723.9,4721.85,4723.02"
2026-05-09 02:35:00+07:00,"4723.04,4723.7,4721.81,4723.69"
2026-05-09 02:40:00+07:00,"4723.7,4727.08,4723.54,4725.37"
2026-05-09 02:45:00+07:00,"4725.35,4725.95,4723.29,4723.98"
2026-05-09 02:50:00+07:00,"4723.97,4725.72,4723.65,4725.01"
2026-05-09 02:55:00+07:00,"4724.99,4725.07,4722.85,4723.92"
2026-05-09 03:00:00+07:00,"4723.84,4724.17,4722.04,4723.03"
2026-05-09 03:05:00+07:00,"4723.02,4723.49,4721.67,4721.68"
2026-05-09 03:10:00+07:00,"4721.72,4721.91,4717.16,4718.83"
2026-05-09 03:15:00+07:00,"4718.84,4719.21,4715.04,4715.48"
2026-05-09 03:20:00+07:00,"4715.44,4717.71,4715.13,4716.71"
2026-05-09 03:25:00+07:00,"4716.72,4717.73,4715.71,4717.33"
2026-05-09 03:30:00+07:00,"4717.3,4719.17,4716.29,4717.3"
2026-05-09 03:35:00+07:00,"4717.26,4718.13,4716.63,4717.51"
2026-05-09 03:40:00+07:00,"4717.52,4718.08,4715.52,4716.28"
2026-05-09 03:45:00+07:00,"4716.31,4716.72,4714.7,4715.15"
2026-05-09 03:50:00+07:00,"4715.16,4716.47,4714.29,4715.29"
2026-05-09 03:55:00+07:00,"4715.28,4716.31,4713.62,4713.86"
2026-05-11 05:00:00+07:00,"4682.55,4700.86,4678.73,4686.85"
2026-05-11 05:05:00+07:00,"4686.84,4688.84,4679.83,4688.32"
2026-05-11 05:10:00+07:00,"4688.35,4694.96,4686.01,4687.16"
2026-05-11 05:15:00+07:00,"4687.18,4690.23,4681.74,4687.25"
2026-05-11 05:20:00+07:00,"4687.29,4689.85,4685.07,4689.52"
2026-05-11 05:25:00+07:00,"4689.53,4696.3,4688.59,4694.56"
2026-05-11 05:30:00+07:00,"4694.44,4694.44,4689.19,4693.07"
2026-05-11 05:35:00+07:00,"4693.09,4694.22,4687.21,4688.36"
2026-05-11 05:40:00+07:00,"4688.35,4691.76,4686.87,4691.35"
2026-05-11 05:45:00+07:00,"4691.38,4694.13,4689.83,4693.83"
2026-05-11 05:50:00+07:00,"4693.84,4693.84,4690.19,4691.65"
2026-05-11 05:55:00+07:00,"4691.66,4694.71,4691.15,4691.95"
2026-05-11 06:00:00+07:00,"4691.74,4697.14,4691.26,4696.71"
2026-05-11 06:05:00+07:00,"4696.71,4696.77,4692.61,4694.04"
2026-05-11 06:10:00+07:00,"4694.03,4694.51,4688.65,4690.3"
2026-05-11 06:15:00+07:00,"4690.25,4695.25,4689.1,4695.18"
2026-05-11 06:20:00+07:00,"4695.18,4696.77,4694.84,4696.54"
2026-05-11 06:25:00+07:00,"4696.83,4697.23,4693.97,4694.57"
2026-05-11 06:30:00+07:00,"4694.58,4697.51,4694.58,4696.27"
2026-05-11 06:35:00+07:00,"4696.21,4698.52,4695.24,4697.48"
2026-05-11 06:40:00+07:00,"4697.47,4698.48,4695.94,4697.63"
2026-05-11 06:45:00+07:00,"4697.59,4698.68,4694.38,4698.68"
2026-05-11 06:50:00+07:00,"4698.63,4698.63,4695.33,4695.68"
2026-05-11 06:55:00+07:00,"4695.6,4695.77,4690.06,4691.59"
2026-05-11 07:00:00+07:00,"4691.54,4691.67,4682.14,4687.36"
2026-05-11 07:05:00+07:00,"4687.36,4690.47,4684.86,4686.05"
2026-05-11 07:10:00+07:00,"4686.07,4687.11,4680.24,4682.87"
2026-05-11 07:15:00+07:00,"4682.97,4683.22,4676.32,4677.86"
2026-05-11 07:20:00+07:00,"4677.85,4685.92,4675.52,4684.25"
2026-05-11 07:25:00+07:00,"4684.24,4686.69,4681.66,4683.62"
2026-05-11 07:30:00+07:00,"4683.56,4693.29,4683.56,4693.02"
2026-05-11 07:35:00+07:00,"4692.96,4693.37,4685.49,4687.57"
2026-05-11 07:40:00+07:00,"4687.58,4691.5,4687.17,4689.01"
2026-05-11 07:45:00+07:00,"4689.02,4693.02,4687.82,4690.22"
2026-05-11 07:50:00+07:00,"4690.22,4692.16,4670.03,4682.47"
2026-05-11 07:55:00+07:00,"4682.51,4684.31,4673.63,4683.29"
2026-05-11 08:00:00+07:00,"4683.26,4692.89,4674.2,4691.39"
2026-05-11 08:05:00+07:00,"4691.4,4699.86,4689.38,4691.07"
2026-05-11 08:10:00+07:00,"4691.06,4695.46,4681.85,4692.09"
2026-05-11 08:15:00+07:00,"4692.1,4697.64,4689.63,4695.98"
2026-05-11 08:20:00+07:00,"4696.03,4705.53,4693.41,4702.97"
2026-05-11 08:25:00+07:00,"4702.96,4705.6,4698.74,4698.86"
2026-05-11 08:30:00+07:00,"4698.96,4702.17,4693.27,4698.25"
2026-05-11 08:35:00+07:00,"4698.23,4699,4693.78,4695.61"
2026-05-11 08:40:00+07:00,"4695.25,4695.89,4690.85,4694.56"
2026-05-11 08:45:00+07:00,"4694.55,4696.06,4692.68,4695.12"
2026-05-11 08:50:00+07:00,"4695.11,4695.12,4685.23,4686.72"
2026-05-11 08:55:00+07:00,"4686.77,4687.55,4679.82,4685.84"
2026-05-11 09:00:00+07:00,"4685.83,4693.04,4684.64,4689.04"
2026-05-11 09:05:00+07:00,"4689.1,4689.46,4678.7,4684.17"
2026-05-11 09:10:00+07:00,"4684.16,4689.74,4682.64,4686.16"
2026-05-11 09:15:00+07:00,"4686.2,4686.94,4682.83,4683.43"
2026-05-11 09:20:00+07:00,"4683.38,4686.7,4682.88,4686.08"
2026-05-11 09:25:00+07:00,"4685.98,4688.9,4685.05,4688.68"
2026-05-11 09:30:00+07:00,"4688.69,4695.49,4688.59,4692.08"
2026-05-11 09:35:00+07:00,"4692.19,4700.35,4690.81,4699.22"
2026-05-11 09:40:00+07:00,"4699.22,4699.25,4687.93,4688.68"
2026-05-11 09:45:00+07:00,"4688.66,4693.78,4684.37,4685.41"
2026-05-11 09:50:00+07:00,"4685.35,4685.68,4678.75,4680.94"
2026-05-11 09:55:00+07:00,"4680.96,4682.61,4676.52,4681.77"
2026-05-11 10:00:00+07:00,"4681.76,4684.88,4675.31,4683.7"
2026-05-11 10:05:00+07:00,"4683.69,4686.49,4681.75,4686.23"
2026-05-11 10:10:00+07:00,"4686.09,4689.8,4685.29,4687.15"
2026-05-11 10:15:00+07:00,"4687.09,4689.8,4683.91,4688.47"
2026-05-11 10:20:00+07:00,"4688.46,4689.03,4683.8,4688.43"
2026-05-11 10:25:00+07:00,"4688.48,4690.54,4686.84,4689.51"
2026-05-11 10:30:00+07:00,"4689.52,4690.49,4686.07,4686.94"
2026-05-11 10:35:00+07:00,"4686.99,4687.59,4681.99,4684.51"
2026-05-11 10:40:00+07:00,"4684.47,4688.05,4683.53,4687.79"
2026-05-11 10:45:00+07:00,"4687.79,4687.79,4681.14,4681.47"
2026-05-11 10:50:00+07:00,"4681.41,4682.58,4677.28,4677.62"
2026-05-11 10:55:00+07:00,"4677.63,4679.42,4677.05,4678.81"
2026-05-11 11:00:00+07:00,"4678.76,4680.04,4673.3,4677.72"
2026-05-11 11:05:00+07:00,"4677.73,4679.16,4675.72,4677.47"
2026-05-11 11:10:00+07:00,"4677.46,4678.21,4674.89,4677.58"
2026-05-11 11:15:00+07:00,"4677.59,4678.88,4673.96,4674.23"
2026-05-11 11:20:00+07:00,"4674.13,4675.05,4670.04,4673.65"
2026-05-11 11:25:00+07:00,"4673.6,4675.94,4671.54,4671.63"
2026-05-11 11:30:00+07:00,"4671.58,4673.76,4668.37,4672.92"
2026-05-11 11:35:00+07:00,"4672.96,4674.75,4671.11,4671.71"
2026-05-11 11:40:00+07:00,"4671.68,4673.74,4671.19,4672.97"
2026-05-11 11:45:00+07:00,"4672.98,4675.42,4672.69,4675.13"
2026-05-11 11:50:00+07:00,"4675.07,4676.06,4672.74,4675.33"
2026-05-11 11:55:00+07:00,"4675.28,4675.75,4671.7,4671.97"
2026-05-11 12:00:00+07:00,"4671.97,4676.07,4671.64,4675.66"
2026-05-11 12:05:00+07:00,"4675.66,4675.99,4670.46,4672.53"
2026-05-11 12:10:00+07:00,"4672.52,4673.77,4671.05,4673.3"
2026-05-11 12:15:00+07:00,"4673.27,4674.61,4671.7,4673.8"
2026-05-11 12:20:00+07:00,"4673.79,4675.3,4672.36,4675.02"
2026-05-11 12:25:00+07:00,"4675.03,4675.15,4670.57,4670.58"
2026-05-11 12:30:00+07:00,"4670.64,4679.32,4670.54,4678.84"
2026-05-11 12:35:00+07:00,"4678.79,4680.8,4672.61,4673.85"
2026-05-11 12:40:00+07:00,"4673.91,4674.47,4662.13,4663.7"
2026-05-11 12:45:00+07:00,"4663.7,4664.14,4658.64,4661"
2026-05-11 12:50:00+07:00,"4660.97,4661.78,4652.72,4654.61"
2026-05-11 12:55:00+07:00,"4654.62,4655.05,4647.76,4652.42"
2026-05-11 13:00:00+07:00,"4652.41,4659.94,4649.09,4659.92"
2026-05-11 13:05:00+07:00,"4660.01,4665.05,4657.35,4662.74"
2026-05-11 13:10:00+07:00,"4662.7,4667.23,4662.47,4665.48"
2026-05-11 13:15:00+07:00,"4665.37,4670.58,4665.04,4670.36"
2026-05-11 13:20:00+07:00,"4670.38,4670.7,4664.79,4667.22"
2026-05-11 13:25:00+07:00,"4667.27,4668.77,4664.35,4667.53"
2026-05-11 13:30:00+07:00,"4667.5,4672.22,4667.36,4669.77"
2026-05-11 13:35:00+07:00,"4669.83,4674.43,4668.78,4672.84"
2026-05-11 13:40:00+07:00,"4672.85,4675.83,4670.18,4674.3"
2026-05-11 13:45:00+07:00,"4674.24,4676.88,4672.84,4673.9"
2026-05-11 13:50:00+07:00,"4673.89,4680.63,4671.43,4678.96"
2026-05-11 13:55:00+07:00,"4678.97,4680.36,4676.09,4678.46"
2026-05-11 14:00:00+07:00,"4678.44,4680.44,4677.48,4678.86"
2026-05-11 14:05:00+07:00,"4678.84,4679.02,4674.03,4674.38"
2026-05-11 14:10:00+07:00,"4674.43,4676.73,4674.43,4676.02"
2026-05-11 14:15:00+07:00,"4676.04,4676.95,4672.12,4673.35"
2026-05-11 14:20:00+07:00,"4673.36,4677.43,4672.57,4676.05"
2026-05-11 14:25:00+07:00,"4676.06,4678.14,4674.78,4675.68"
2026-05-11 14:30:00+07:00,"4675.65,4678.07,4672.32,4674.3"
2026-05-11 14:35:00+07:00,"4674.36,4676.57,4673.01,4674.79"
2026-05-11 14:40:00+07:00,"4674.81,4676.57,4671.65,4671.87"
2026-05-11 14:45:00+07:00,"4671.88,4672.96,4666.67,4667.54"
2026-05-11 14:50:00+07:00,"4667.33,4670.93,4664.37,4669.05"
2026-05-11 14:55:00+07:00,"4669.04,4669.48,4665.66,4667.91"
2026-05-11 15:00:00+07:00,"4667.89,4669.4,4664.36,4668.53"
2026-05-11 15:05:00+07:00,"4668.51,4671.39,4664.44,4664.93"
2026-05-11 15:10:00+07:00,"4664.92,4674.03,4664.24,4672.15"
2026-05-11 15:15:00+07:00,"4672.16,4675.66,4671.91,4675.51"
2026-05-11 15:20:00+07:00,"4675.5,4678.85,4672.57,4676.67"
2026-05-11 15:25:00+07:00,"4676.56,4677.44,4671.5,4671.65"
2026-05-11 15:30:00+07:00,"4671.35,4675.33,4669.98,4671.99"
2026-05-11 15:35:00+07:00,"4671.98,4673.39,4669.68,4670.1"
2026-05-11 15:40:00+07:00,"4670.17,4671.39,4668.99,4670.56"
2026-05-11 15:45:00+07:00,"4670.57,4671.59,4669.42,4670.93"
2026-05-11 15:50:00+07:00,"4670.9,4671.32,4666.65,4668.85"
2026-05-11 15:55:00+07:00,"4668.84,4669.02,4666.82,4667.82"
2026-05-11 16:00:00+07:00,"4667.81,4669.87,4665.25,4669.4"
2026-05-11 16:05:00+07:00,"4669.39,4670.05,4666.72,4667.76"
2026-05-11 16:10:00+07:00,"4667.77,4668.57,4666.12,4667.57"
2026-05-11 16:15:00+07:00,"4667.56,4667.63,4664.49,4664.98"
2026-05-11 16:20:00+07:00,"4665,4665.81,4658.93,4659.12"
2026-05-11 16:25:00+07:00,"4659.02,4661.49,4656.85,4657.62"
2026-05-11 16:30:00+07:00,"4657.59,4658.79,4650.37,4654.67"
2026-05-11 16:35:00+07:00,"4654.61,4660.2,4654.51,4659.2"
2026-05-11 16:40:00+07:00,"4659.23,4663.75,4657.11,4662.88"
2026-05-11 16:45:00+07:00,"4662.87,4665.07,4660.98,4661.72"
2026-05-11 16:50:00+07:00,"4661.77,4663.3,4658.77,4661.6"
2026-05-11 16:55:00+07:00,"4661.63,4662.22,4656.07,4656.75"
2026-05-11 17:00:00+07:00,"4656.74,4661.26,4656.32,4657.57"
2026-05-11 17:05:00+07:00,"4657.57,4661.44,4656.05,4660.99"
2026-05-11 17:10:00+07:00,"4660.93,4663.05,4660.45,4662.45"
2026-05-11 17:15:00+07:00,"4662.46,4663.1,4660.33,4662.54"
2026-05-11 17:20:00+07:00,"4662.53,4665.34,4661.04,4665.32"
2026-05-11 17:25:00+07:00,"4665.35,4666.02,4662.83,4663.38"
2026-05-11 17:30:00+07:00,"4663.4,4666.76,4662.62,4665.84"
2026-05-11 17:35:00+07:00,"4665.86,4666.71,4660.19,4663.13"
2026-05-11 17:40:00+07:00,"4663.14,4663.51,4661.08,4663.51"
2026-05-11 17:45:00+07:00,"4663.57,4665.28,4661.33,4664.63"
2026-05-11 17:50:00+07:00,"4664.61,4667.67,4664.13,4665.18"
2026-05-11 17:55:00+07:00,"4665.04,4666.02,4663.67,4663.9"
2026-05-11 18:00:00+07:00,"4663.94,4672.63,4663.94,4671.07"
2026-05-11 18:05:00+07:00,"4671.08,4671.34,4667.29,4669.28"
2026-05-11 18:10:00+07:00,"4669.3,4670.14,4666.62,4669.55"
2026-05-11 18:15:00+07:00,"4669.54,4670.28,4667.91,4669.56"
2026-05-11 18:20:00+07:00,"4669.57,4670.44,4667.43,4669.07"
2026-05-11 18:25:00+07:00,"4669.08,4672.1,4667.52,4671.81"
2026-05-11 18:30:00+07:00,"4671.82,4673.43,4670.29,4671.71"
2026-05-11 18:35:00+07:00,"4671.78,4676.1,4669.74,4675.29"
2026-05-11 18:40:00+07:00,"4675.28,4677.42,4674.29,4674.34"
2026-05-11 18:45:00+07:00,"4674.36,4675.04,4672.9,4674.04"
2026-05-11 18:50:00+07:00,"4674.03,4674.34,4670.25,4673"
2026-05-11 18:55:00+07:00,"4672.98,4674.59,4670.39,4674.52"
2026-05-11 19:00:00+07:00,"4674.54,4676.11,4670.53,4671.13"
2026-05-11 19:05:00+07:00,"4671.12,4671.75,4669.05,4669.22"
2026-05-11 19:10:00+07:00,"4669.2,4669.63,4667.53,4668.4"
2026-05-11 19:15:00+07:00,"4668.32,4674.28,4667.47,4672.73"
2026-05-11 19:20:00+07:00,"4672.74,4695.46,4671.62,4692.45"
2026-05-11 19:25:00+07:00,"4692.43,4692.66,4685.39,4690.64"
2026-05-11 19:30:00+07:00,"4690.65,4696.59,4689.06,4693.22"
2026-05-11 19:35:00+07:00,"4693.21,4698.47,4693.21,4696.14"
2026-05-11 19:40:00+07:00,"4696.21,4697.21,4691.33,4692.06"
2026-05-11 19:45:00+07:00,"4692.07,4695.84,4686.03,4689.29"
2026-05-11 19:50:00+07:00,"4689.31,4694.14,4689.29,4692.9"
2026-05-11 19:55:00+07:00,"4692.89,4701.09,4691.56,4700.26"
2026-05-11 20:00:00+07:00,"4700.27,4710.18,4698.38,4709.77"
2026-05-11 20:05:00+07:00,"4709.75,4717.23,4708.39,4716.59"
2026-05-11 20:10:00+07:00,"4716.66,4722.21,4712.16,4720.86"
2026-05-11 20:15:00+07:00,"4720.87,4731.15,4720.49,4727.55"
2026-05-11 20:20:00+07:00,"4727.54,4735.98,4726.29,4731.35"
2026-05-11 20:25:00+07:00,"4731.32,4734.31,4727.4,4728.24"
2026-05-11 20:30:00+07:00,"4728.25,4737.11,4727.68,4734.88"
2026-05-11 20:35:00+07:00,"4734.87,4740.32,4733.04,4735.24"
2026-05-11 20:40:00+07:00,"4735.25,4745.8,4734.98,4743.88"
2026-05-11 20:45:00+07:00,"4743.87,4748.63,4736.25,4737.56"
2026-05-11 20:50:00+07:00,"4737.61,4742.29,4734.65,4739.89"
2026-05-11 20:55:00+07:00,"4739.88,4744.85,4735.93,4735.94"
2026-05-11 21:00:00+07:00,"4735.93,4738.8,4728.17,4730.87"
2026-05-11 21:05:00+07:00,"4730.86,4731.7,4718.16,4724.33"
2026-05-11 21:10:00+07:00,"4724.34,4732.45,4721.54,4730.85"
2026-05-11 21:15:00+07:00,"4730.86,4732.39,4725.32,4730.78"
2026-05-11 21:20:00+07:00,"4730.79,4733.93,4730.02,4733.56"
2026-05-11 21:25:00+07:00,"4733.55,4733.92,4724.28,4725.15"
2026-05-11 21:30:00+07:00,"4725.16,4727.95,4715.17,4721.38"
2026-05-11 21:35:00+07:00,"4721.36,4728.99,4717.54,4726.92"
2026-05-11 21:40:00+07:00,"4726.95,4733.64,4726.93,4732.47"
2026-05-11 21:45:00+07:00,"4732.42,4734.15,4727.17,4729.74"
2026-05-11 21:50:00+07:00,"4729.73,4730.32,4727.07,4728.03"
2026-05-11 21:55:00+07:00,"4728.02,4729.04,4723.72,4725.62"
2026-05-11 22:00:00+07:00,"4725.62,4728.39,4722.84,4725.93"
2026-05-11 22:05:00+07:00,"4725.9,4730.51,4724.76,4728.63"
2026-05-11 22:10:00+07:00,"4728.6,4731.87,4727.2,4728.4"
2026-05-11 22:15:00+07:00,"4728.48,4734.94,4727.13,4731.7"
2026-05-11 22:20:00+07:00,"4731.61,4738.43,4730.46,4736.69"
2026-05-11 22:25:00+07:00,"4736.74,4737.49,4732.05,4733.05"
2026-05-11 22:30:00+07:00,"4733.04,4735.1,4731.83,4732.15"
2026-05-11 22:35:00+07:00,"4732.14,4732.53,4729.59,4730.41"
2026-05-11 22:40:00+07:00,"4730.42,4731.63,4726.37,4727.41"
2026-05-11 22:45:00+07:00,"4727.52,4730.25,4725.04,4729.5"
2026-05-11 22:50:00+07:00,"4729.51,4732.37,4727.92,4731.92"
2026-05-11 22:55:00+07:00,"4731.91,4732.82,4730.63,4732.08"
2026-05-11 23:00:00+07:00,"4732.13,4733.69,4730.87,4731.96"
2026-05-11 23:05:00+07:00,"4732.02,4733.12,4729.4,4729.48"
2026-05-11 23:10:00+07:00,"4729.49,4730.15,4727.06,4727.92"
2026-05-11 23:15:00+07:00,"4727.93,4728.34,4724.2,4727.02"
2026-05-11 23:20:00+07:00,"4727.01,4727.16,4723.39,4724.53"
2026-05-11 23:25:00+07:00,"4724.52,4726.13,4722.37,4723.85"
2026-05-11 23:30:00+07:00,"4723.84,4726.23,4721.56,4722.27"
2026-05-11 23:35:00+07:00,"4722.25,4722.25,4717.66,4720.48"
2026-05-11 23:40:00+07:00,"4720.47,4721.22,4707.97,4711.31"
2026-05-11 23:45:00+07:00,"4711.32,4716.13,4708.78,4714.99"
2026-05-11 23:50:00+07:00,"4715.05,4716.81,4714.06,4715.3"
2026-05-11 23:55:00+07:00,"4715.18,4717.01,4713.2,4716.62"
2026-05-12 00:00:00+07:00,"4716.62,4719.58,4716.53,4718.14"
2026-05-12 00:05:00+07:00,"4718.12,4720.09,4717.7,4718.2"
2026-05-12 00:10:00+07:00,"4718.17,4719.07,4715.9,4718.3"
2026-05-12 00:15:00+07:00,"4718.3,4719.35,4717.37,4717.49"
2026-05-12 00:20:00+07:00,"4717.51,4721.11,4717.13,4719.82"
2026-05-12 00:25:00+07:00,"4719.83,4721.88,4717.4,4718.06"
2026-05-12 00:30:00+07:00,"4718.06,4724,4717.72,4722.9"
2026-05-12 00:35:00+07:00,"4722.89,4723.49,4721.64,4721.73"
2026-05-12 00:40:00+07:00,"4721.75,4724.57,4721.42,4723.84"
2026-05-12 00:45:00+07:00,"4723.83,4724.76,4722.22,4722.76"
2026-05-12 00:50:00+07:00,"4722.78,4723.88,4721.94,4722.11"
2026-05-12 00:55:00+07:00,"4722.12,4723.94,4722.04,4723.82"
2026-05-12 01:00:00+07:00,"4723.81,4725.08,4722.59,4724.43"
2026-05-12 01:05:00+07:00,"4724.38,4726.9,4723.91,4725.75"
2026-05-12 01:10:00+07:00,"4725.73,4726.5,4722.06,4723.46"
2026-05-12 01:15:00+07:00,"4723.43,4724.45,4721.96,4723.48"
2026-05-12 01:20:00+07:00,"4723.66,4724.59,4720.35,4723.76"
2026-05-12 01:25:00+07:00,"4723.84,4727.73,4723.52,4727.22"
2026-05-12 01:30:00+07:00,"4727.21,4727.87,4726.57,4726.83"
2026-05-12 01:35:00+07:00,"4726.84,4729.46,4726.7,4726.9"
2026-05-12 01:40:00+07:00,"4726.91,4727.91,4725.73,4727.04"
2026-05-12 01:45:00+07:00,"4727.03,4727.14,4725.41,4726.55"
2026-05-12 01:50:00+07:00,"4726.57,4727.9,4725.74,4726.64"
2026-05-12 01:55:00+07:00,"4726.61,4729.17,4724.71,4725"
2026-05-12 02:00:00+07:00,"4725.06,4727.21,4724.06,4724.23"
2026-05-12 02:05:00+07:00,"4724.25,4728.58,4724.11,4727.39"
2026-05-12 02:10:00+07:00,"4727.42,4728.25,4723.61,4724.96"
2026-05-12 02:15:00+07:00,"4724.98,4725.74,4723.92,4724.81"
2026-05-12 02:20:00+07:00,"4724.82,4725.46,4723.61,4723.92"
2026-05-12 02:25:00+07:00,"4723.87,4724.48,4722.94,4724.31"
2026-05-12 02:30:00+07:00,"4724.32,4725.59,4722.32,4724.5"
2026-05-12 02:35:00+07:00,"4724.49,4727.69,4724.45,4727.69"
2026-05-12 02:40:00+07:00,"4727.7,4728.79,4726.94,4727"
2026-05-12 02:45:00+07:00,"4727.02,4731.61,4726.97,4731.42"
2026-05-12 02:50:00+07:00,"4731.41,4734.41,4730.28,4734.05"
2026-05-12 02:55:00+07:00,"4733.97,4736.23,4732.81,4733.65"
2026-05-12 03:00:00+07:00,"4733.72,4737.98,4733.72,4737.04"
2026-05-12 03:05:00+07:00,"4737.02,4737.27,4733.39,4734.5"
2026-05-12 03:10:00+07:00,"4734.44,4737.06,4729.75,4735.17"
2026-05-12 03:15:00+07:00,"4735.11,4735.32,4734.01,4734.72"
2026-05-12 03:20:00+07:00,"4734.73,4734.85,4733.45,4734.63"
2026-05-12 03:25:00+07:00,"4734.61,4735.41,4733.61,4735.39"
2026-05-12 03:30:00+07:00,"4735.32,4738.47,4734.89,4737.76"
2026-05-12 03:35:00+07:00,"4737.73,4738.45,4737.27,4738.12"
2026-05-12 03:40:00+07:00,"4738.13,4738.14,4737.27,4737.52"
2026-05-12 03:45:00+07:00,"4737.51,4737.86,4736.58,4736.68"
2026-05-12 03:50:00+07:00,"4736.67,4736.67,4732.32,4734.79"
2026-05-12 03:55:00+07:00,"4734.88,4736.1,4734.2,4735.61"
2026-05-12 05:00:00+07:00,"4734.96,4743.16,4733.99,4740.95"
2026-05-12 05:05:00+07:00,"4740.99,4744.23,4739.04,4741.27"
2026-05-12 05:10:00+07:00,"4741.28,4741.64,4738.2,4739.13"
2026-05-12 05:15:00+07:00,"4739.18,4739.88,4737.69,4738.8"
2026-05-12 05:20:00+07:00,"4738.81,4739.98,4737.47,4739.67"
2026-05-12 05:25:00+07:00,"4739.65,4742.08,4739.24,4739.96"
2026-05-12 05:30:00+07:00,"4739.95,4742.39,4738.97,4741.51"
2026-05-12 05:35:00+07:00,"4741.52,4742.94,4740.8,4741.73"
2026-05-12 05:40:00+07:00,"4741.71,4745.38,4741.37,4744.57"
2026-05-12 05:45:00+07:00,"4744.54,4755.25,4744.16,4751.89"
2026-05-12 05:50:00+07:00,"4751.63,4753.98,4750.57,4753.21"
2026-05-12 05:55:00+07:00,"4753.23,4753.25,4749.76,4750.88"
2026-05-12 06:00:00+07:00,"4751.68,4754.7,4750.69,4751.04"
2026-05-12 06:05:00+07:00,"4751.03,4754.63,4750.8,4752.97"
2026-05-12 06:10:00+07:00,"4752.91,4753.62,4746.06,4751.17"
2026-05-12 06:15:00+07:00,"4751.19,4754.37,4750.93,4752.26"
2026-05-12 06:20:00+07:00,"4752.25,4754.24,4750.97,4752.17"
2026-05-12 06:25:00+07:00,"4752.17,4755.06,4750.78,4752.86"
2026-05-12 06:30:00+07:00,"4752.88,4758.16,4751.26,4755.69"
2026-05-12 06:35:00+07:00,"4755.7,4759.56,4753.47,4755.01"
2026-05-12 06:40:00+07:00,"4755.02,4757.17,4754.5,4756.1"
2026-05-12 06:45:00+07:00,"4756.11,4760.99,4755.42,4760.16"
2026-05-12 06:50:00+07:00,"4760.17,4769.99,4759.42,4765.94"
2026-05-12 06:55:00+07:00,"4765.93,4769.46,4765.6,4767.46"
2026-05-12 07:00:00+07:00,"4767.47,4767.5,4758.47,4764.76"
2026-05-12 07:05:00+07:00,"4764.71,4768.88,4760.2,4768.38"
2026-05-12 07:10:00+07:00,"4768.56,4770.09,4765.36,4767"
2026-05-12 07:15:00+07:00,"4766.99,4773.52,4766.47,4771.14"
2026-05-12 07:20:00+07:00,"4771.14,4773.16,4752.15,4759.96"
2026-05-12 07:25:00+07:00,"4760,4766.17,4759.25,4762.38"
2026-05-12 07:30:00+07:00,"4762.37,4764.12,4758.52,4758.76"
2026-05-12 07:35:00+07:00,"4758.76,4762.83,4758.08,4759.36"
2026-05-12 07:40:00+07:00,"4759.25,4761.1,4757.56,4757.94"
2026-05-12 07:45:00+07:00,"4757.96,4762.26,4757.93,4759.84"
2026-05-12 07:50:00+07:00,"4759.86,4760.84,4751.79,4752.95"
2026-05-12 07:55:00+07:00,"4752.9,4756.15,4748.54,4749.29"
2026-05-12 08:00:00+07:00,"4749.31,4755.68,4741.91,4743.8"
2026-05-12 08:05:00+07:00,"4744.19,4753.13,4743.42,4752.43"
2026-05-12 08:10:00+07:00,"4752.36,4753.14,4744.58,4746.31"
2026-05-12 08:15:00+07:00,"4746.33,4751.76,4743.21,4748.81"
2026-05-12 08:20:00+07:00,"4748.83,4750.4,4743.37,4744.71"
2026-05-12 08:25:00+07:00,"4744.68,4745.96,4733.67,4735.35"
2026-05-12 08:30:00+07:00,"4735.34,4739.03,4731.11,4732.42"
2026-05-12 08:35:00+07:00,"4732.4,4733.45,4723.46,4724.8"
2026-05-12 08:40:00+07:00,"4724.84,4729.7,4720.23,4729.22"
2026-05-12 08:45:00+07:00,"4729.28,4731.42,4726.11,4730.15"
2026-05-12 08:50:00+07:00,"4730.15,4730.68,4727.07,4727.94"
2026-05-12 08:55:00+07:00,"4727.92,4730,4723.82,4727.1"
2026-05-12 09:00:00+07:00,"4727.09,4731.03,4726.6,4728.9"
2026-05-12 09:05:00+07:00,"4728.82,4730.49,4725.35,4730.09"
2026-05-12 09:10:00+07:00,"4730.08,4734.05,4729.03,4731.49"
2026-05-12 09:15:00+07:00,"4731.54,4731.63,4725.82,4726.26"
2026-05-12 09:20:00+07:00,"4726.27,4729.93,4725.2,4729.81"
2026-05-12 09:25:00+07:00,"4729.79,4730.53,4724.29,4727.12"
2026-05-12 09:30:00+07:00,"4727.13,4729.56,4722.05,4726.56"
2026-05-12 09:35:00+07:00,"4726.55,4729.26,4724.77,4726.77"
2026-05-12 09:40:00+07:00,"4726.77,4732.01,4724.64,4731.73"
2026-05-12 09:45:00+07:00,"4731.75,4733.41,4726.9,4728.45"
2026-05-12 09:50:00+07:00,"4728.45,4733.69,4728.43,4732.33"
2026-05-12 09:55:00+07:00,"4732.32,4733.25,4730.1,4730.15"
2026-05-12 10:00:00+07:00,"4730.14,4733.28,4728.01,4729.71"
2026-05-12 10:05:00+07:00,"4729.69,4731.17,4727.07,4727.54"
2026-05-12 10:10:00+07:00,"4727.56,4732.17,4727.17,4731.16"
2026-05-12 10:15:00+07:00,"4731.15,4731.53,4725.47,4726.09"
2026-05-12 10:20:00+07:00,"4725.79,4727.56,4723.61,4723.8"
2026-05-12 10:25:00+07:00,"4723.82,4725.77,4722.8,4723.77"
2026-05-12 10:30:00+07:00,"4723.79,4726.3,4723.79,4725.59"
2026-05-12 10:35:00+07:00,"4725.61,4728.25,4724.96,4726.45"
2026-05-12 10:40:00+07:00,"4726.44,4727.28,4723.69,4723.69"
2026-05-12 10:45:00+07:00,"4724.05,4724.55,4718.71,4720.44"
2026-05-12 10:50:00+07:00,"4720.54,4722.82,4719,4719.75"
2026-05-12 10:55:00+07:00,"4719.76,4720.53,4718.07,4720.19"
2026-05-12 11:00:00+07:00,"4720.25,4722.44,4719.56,4722.4"
2026-05-12 11:05:00+07:00,"4722.41,4723.5,4721.02,4722.4"
2026-05-12 11:10:00+07:00,"4722.45,4722.73,4720.94,4721.95"
2026-05-12 11:15:00+07:00,"4721.95,4730.54,4721.83,4726.66"
2026-05-12 11:20:00+07:00,"4726.69,4729.46,4724.32,4725.21"
2026-05-12 11:25:00+07:00,"4725.22,4725.55,4721.33,4722.38"
2026-05-12 11:30:00+07:00,"4722.32,4724.49,4721.06,4723.27"
2026-05-12 11:35:00+07:00,"4723.3,4726.44,4723.16,4725.34"
2026-05-12 11:40:00+07:00,"4725.37,4725.89,4723.83,4724.73"
2026-05-12 11:45:00+07:00,"4724.76,4725.15,4718.35,4719.92"
2026-05-12 11:50:00+07:00,"4719.94,4720.66,4712.17,4713.45"
2026-05-12 11:55:00+07:00,"4713.44,4717.03,4711.07,4714.35"
2026-05-12 12:00:00+07:00,"4714.34,4718.69,4710.82,4718.44"
2026-05-12 12:05:00+07:00,"4718.36,4718.88,4709.59,4711.03"
2026-05-12 12:10:00+07:00,"4711.04,4713.02,4708.84,4712.66"
2026-05-12 12:15:00+07:00,"4712.67,4715.9,4712.65,4713.62"
2026-05-12 12:20:00+07:00,"4713.6,4717.03,4713.42,4714.31"
2026-05-12 12:25:00+07:00,"4714.32,4715.86,4713.08,4715.47"
2026-05-12 12:30:00+07:00,"4715.49,4722.28,4713.1,4715.11"
2026-05-12 12:35:00+07:00,"4715.12,4717.07,4713.2,4716.48"
2026-05-12 12:40:00+07:00,"4716.48,4716.86,4714,4715.02"
2026-05-12 12:45:00+07:00,"4715.06,4716.84,4713.35,4713.95"
2026-05-12 12:50:00+07:00,"4713.96,4716.33,4711.65,4713.99"
2026-05-12 12:55:00+07:00,"4713.94,4720.06,4709.87,4714.23"
2026-05-12 13:00:00+07:00,"4714.08,4714.49,4703.93,4706.8"
2026-05-12 13:05:00+07:00,"4706.77,4709.56,4702.95,4704.79"
2026-05-12 13:10:00+07:00,"4704.73,4706.54,4702.57,4705.27"
2026-05-12 13:15:00+07:00,"4705.32,4707.28,4700.3,4704.66"
2026-05-12 13:20:00+07:00,"4704.68,4705.38,4697.28,4698.67"
2026-05-12 13:25:00+07:00,"4698.66,4699.55,4695.24,4696.11"
2026-05-12 13:30:00+07:00,"4696.08,4703.92,4695.2,4702.75"
2026-05-12 13:35:00+07:00,"4702.75,4705.13,4698.96,4700.5"
2026-05-12 13:40:00+07:00,"4700.68,4702.84,4697.24,4702.52"
2026-05-12 13:45:00+07:00,"4702.58,4704.52,4696.11,4697.23"
2026-05-12 13:50:00+07:00,"4697.24,4699.86,4695.26,4699.04"
2026-05-12 13:55:00+07:00,"4699.07,4699.69,4694.35,4697.12"
2026-05-12 14:00:00+07:00,"4697.11,4698.67,4689.67,4691.18"
2026-05-12 14:05:00+07:00,"4691.12,4695.3,4686.55,4694.59"
2026-05-12 14:10:00+07:00,"4694.6,4698.06,4692.11,4695.83"
2026-05-12 14:15:00+07:00,"4695.84,4699.73,4693.56,4699.32"
2026-05-12 14:20:00+07:00,"4699.27,4699.59,4696.52,4696.99"
2026-05-12 14:25:00+07:00,"4696.91,4699.27,4696.25,4697.82"
2026-05-12 14:30:00+07:00,"4697.96,4699.87,4695.34,4699.86"
2026-05-12 14:35:00+07:00,"4699.69,4700.74,4696.73,4700.17"
2026-05-12 14:40:00+07:00,"4700.16,4702.58,4699.13,4700.53"
2026-05-12 14:45:00+07:00,"4700.55,4700.62,4697.64,4699.88"
2026-05-12 14:50:00+07:00,"4699.86,4702.75,4698.16,4701.47"
2026-05-12 14:55:00+07:00,"4701.49,4703.96,4698.84,4699.78"
2026-05-12 15:00:00+07:00,"4699.79,4706.98,4699.6,4704.71"
2026-05-12 15:05:00+07:00,"4704.72,4705.96,4701.8,4703.23"
2026-05-12 15:10:00+07:00,"4703.21,4703.7,4699.13,4699.93"
2026-05-12 15:15:00+07:00,"4699.99,4700.59,4696.91,4699.45"
2026-05-12 15:20:00+07:00,"4699.48,4704.24,4699.28,4701.98"
2026-05-12 15:25:00+07:00,"4701.97,4704.28,4701.53,4702.96"
2026-05-12 15:30:00+07:00,"4702.99,4704.47,4700.96,4701.15"
2026-05-12 15:35:00+07:00,"4701.19,4701.72,4697.99,4700.49"
2026-05-12 15:40:00+07:00,"4700.51,4701.06,4698.34,4700.03"
2026-05-12 15:45:00+07:00,"4700.02,4706.5,4698.74,4703.55"
2026-05-12 15:50:00+07:00,"4703.62,4705.57,4702.67,4703.57"
2026-05-12 15:55:00+07:00,"4703.55,4704.58,4702.31,4703.48"
2026-05-12 16:00:00+07:00,"4703.54,4703.54,4699.6,4701.39"
2026-05-12 16:05:00+07:00,"4701.47,4701.75,4698.7,4699.26"
2026-05-12 16:10:00+07:00,"4699.24,4701.91,4697.83,4697.83"
2026-05-12 16:15:00+07:00,"4697.98,4700.81,4697.91,4698.83"
2026-05-12 16:20:00+07:00,"4698.82,4702.35,4697.84,4701.5"
2026-05-12 16:25:00+07:00,"4701.48,4702.24,4697.48,4699.7"
2026-05-12 16:30:00+07:00,"4699.69,4705.45,4699.61,4702.16"
2026-05-12 16:35:00+07:00,"4702.15,4702.71,4698.29,4701.89"
2026-05-12 16:40:00+07:00,"4701.89,4702.54,4693.98,4695.38"
2026-05-12 16:45:00+07:00,"4695.47,4701.25,4694.21,4700.82"
2026-05-12 16:50:00+07:00,"4700.92,4701.71,4696.2,4697.35"
2026-05-12 16:55:00+07:00,"4697.38,4700.02,4696.35,4699.51"
2026-05-12 17:00:00+07:00,"4699.5,4704.28,4698.93,4703.63"
2026-05-12 17:05:00+07:00,"4703.46,4708.38,4702.47,4707.79"
2026-05-12 17:10:00+07:00,"4707.91,4708.67,4704.29,4705.17"
2026-05-12 17:15:00+07:00,"4705.19,4705.5,4698.3,4701.13"
2026-05-12 17:20:00+07:00,"4701.14,4703.4,4699.71,4701.4"
2026-05-12 17:25:00+07:00,"4701.47,4703.14,4699.43,4700.35"
2026-05-12 17:30:00+07:00,"4700.36,4700.45,4692.23,4695.54"
2026-05-12 17:35:00+07:00,"4695.53,4695.94,4685.5,4686.3"
2026-05-12 17:40:00+07:00,"4686.29,4692.58,4684.99,4690.81"
2026-05-12 17:45:00+07:00,"4690.83,4692.43,4689.83,4691.3"
2026-05-12 17:50:00+07:00,"4691.29,4694.29,4690.41,4692.86"
2026-05-12 17:55:00+07:00,"4692.87,4694.64,4691.36,4694.64"
2026-05-12 18:00:00+07:00,"4694.66,4695.53,4689.65,4691.08"
2026-05-12 18:05:00+07:00,"4691.09,4693.13,4686.52,4692.37"
2026-05-12 18:10:00+07:00,"4692.36,4698.25,4689.61,4691.73"
2026-05-12 18:15:00+07:00,"4691.74,4698,4691.61,4697.81"
2026-05-12 18:20:00+07:00,"4697.79,4697.79,4692.92,4693.79"
2026-05-12 18:25:00+07:00,"4693.77,4700.33,4692.85,4700.22"
2026-05-12 18:30:00+07:00,"4700.24,4702.39,4697.72,4698.79"
2026-05-12 18:35:00+07:00,"4698.76,4704.6,4698.48,4704.42"
2026-05-12 18:40:00+07:00,"4704.41,4706.06,4702.51,4704.2"
2026-05-12 18:45:00+07:00,"4704.21,4707.19,4702.57,4705.52"
2026-05-12 18:50:00+07:00,"4705.54,4708.08,4704.08,4707.5"
2026-05-12 18:55:00+07:00,"4707.49,4709.49,4706.3,4706.77"
2026-05-12 19:00:00+07:00,"4706.78,4708.17,4703.51,4704.56"
2026-05-12 19:05:00+07:00,"4704.55,4704.85,4698.3,4700.58"
2026-05-12 19:10:00+07:00,"4700.57,4706.27,4699.45,4705.54"
2026-05-12 19:15:00+07:00,"4705.56,4708.31,4702.42,4704.79"
2026-05-12 19:20:00+07:00,"4704.78,4708.22,4696.76,4697.07"
2026-05-12 19:25:00+07:00,"4696.92,4699.3,4694.95,4697.24"
2026-05-12 19:30:00+07:00,"4697.46,4700.26,4689.58,4692.57"
2026-05-12 19:35:00+07:00,"4692.55,4702.69,4690.63,4701.55"
2026-05-12 19:40:00+07:00,"4701.51,4708.69,4700.92,4702.71"
2026-05-12 19:45:00+07:00,"4702.73,4711.06,4702.66,4707.21"
2026-05-12 19:50:00+07:00,"4707.22,4711.97,4706.72,4709.92"
2026-05-12 19:55:00+07:00,"4709.72,4710.49,4700.52,4705.8"
2026-05-12 20:00:00+07:00,"4705.79,4709,4695.04,4696.34"
2026-05-12 20:05:00+07:00,"4696.3,4697.65,4692.46,4695.69"
2026-05-12 20:10:00+07:00,"4695.7,4696.06,4687.28,4688.98"
2026-05-12 20:15:00+07:00,"4689.11,4689.2,4679.41,4685.69"
2026-05-12 20:20:00+07:00,"4685.68,4695.36,4685.37,4691.06"
2026-05-12 20:25:00+07:00,"4691.07,4694.96,4688.91,4690.95"
2026-05-12 20:30:00+07:00,"4690.96,4693.26,4684.76,4688.55"
2026-05-12 20:35:00+07:00,"4688.54,4698.43,4683.58,4698.27"
2026-05-12 20:40:00+07:00,"4698.29,4702.08,4695.63,4699.33"
2026-05-12 20:45:00+07:00,"4699.32,4701.61,4689.7,4692.82"
2026-05-12 20:50:00+07:00,"4692.75,4694.19,4688.07,4691.45"
2026-05-12 20:55:00+07:00,"4691.44,4691.52,4676.82,4679.32"
2026-05-12 21:00:00+07:00,"4679.33,4692.83,4675.86,4690.48"
2026-05-12 21:05:00+07:00,"4690.45,4693.39,4687.44,4691.44"
2026-05-12 21:10:00+07:00,"4691.43,4695.26,4686.54,4692.84"
2026-05-12 21:15:00+07:00,"4692.78,4694.05,4685.91,4688.22"
2026-05-12 21:20:00+07:00,"4688.23,4691.15,4686.68,4687.64"
2026-05-12 21:25:00+07:00,"4687.6,4688.98,4682.21,4683.35"
2026-05-12 21:30:00+07:00,"4683.33,4685.74,4671.64,4684.52"
2026-05-12 21:35:00+07:00,"4684.5,4688.05,4678.99,4687.03"
2026-05-12 21:40:00+07:00,"4687.04,4687.17,4683.82,4685.96"
2026-05-12 21:45:00+07:00,"4685.91,4685.91,4678.21,4678.64"
2026-05-12 21:50:00+07:00,"4678.65,4679.12,4671.27,4676.9"
2026-05-12 21:55:00+07:00,"4676.73,4677.96,4669.58,4672.96"
2026-05-12 22:00:00+07:00,"4672.95,4676.12,4667,4669.72"
2026-05-12 22:05:00+07:00,"4669.73,4674.49,4667.52,4672.78"
2026-05-12 22:10:00+07:00,"4672.76,4672.76,4664.18,4664.4"
2026-05-12 22:15:00+07:00,"4664.39,4666.14,4658.97,4662.38"
2026-05-12 22:20:00+07:00,"4662.39,4662.79,4638.52,4643.13"
2026-05-12 22:25:00+07:00,"4643.11,4656.91,4637.94,4656.14"
2026-05-12 22:30:00+07:00,"4656.14,4664.36,4653.77,4662.93"
2026-05-12 22:35:00+07:00,"4662.94,4668.12,4659.31,4667.2"
2026-05-12 22:40:00+07:00,"4667.18,4668.03,4663.53,4665.78"
2026-05-12 22:45:00+07:00,"4665.77,4669.41,4664.28,4666.38"
2026-05-12 22:50:00+07:00,"4666.32,4668.97,4664.42,4667.95"
2026-05-12 22:55:00+07:00,"4667.94,4670.29,4665.36,4666.15"
2026-05-12 23:00:00+07:00,"4666.2,4671.78,4664.01,4670.91"
2026-05-12 23:05:00+07:00,"4670.92,4671.84,4668.41,4669.14"
2026-05-12 23:10:00+07:00,"4669.15,4673.49,4668.35,4671.93"
2026-05-12 23:15:00+07:00,"4671.91,4675.24,4670.63,4671.68"
2026-05-12 23:20:00+07:00,"4671.67,4673.07,4666.77,4667.62"
2026-05-12 23:25:00+07:00,"4667.64,4669.78,4666.27,4668.2"
2026-05-12 23:30:00+07:00,"4668.22,4668.93,4664.98,4668.6"
2026-05-12 23:35:00+07:00,"4668.59,4670.85,4667.47,4670.54"
2026-05-12 23:40:00+07:00,"4670.48,4671.77,4668.01,4669.72"
2026-05-12 23:45:00+07:00,"4669.76,4670.62,4666.78,4669.94"
2026-05-12 23:50:00+07:00,"4669.93,4672.44,4668.32,4670.24"
2026-05-12 23:55:00+07:00,"4670.23,4674.33,4669.54,4671.06"
2026-05-13 00:00:00+07:00,"4671.05,4677.81,4671.05,4676.2"
2026-05-13 00:05:00+07:00,"4676.21,4679.77,4675.93,4678.3"
2026-05-13 00:10:00+07:00,"4678.32,4679.13,4674.89,4677.29"
2026-05-13 00:15:00+07:00,"4677.28,4681.11,4677.1,4680.12"
2026-05-13 00:20:00+07:00,"4680.2,4681.29,4679.27,4680.5"
2026-05-13 00:25:00+07:00,"4680.47,4682.77,4678.81,4679.41"
2026-05-13 00:30:00+07:00,"4679.38,4680.24,4676.85,4678.75"
2026-05-13 00:35:00+07:00,"4678.77,4679.1,4675.98,4678.94"
2026-05-13 00:40:00+07:00,"4678.92,4680.94,4677.27,4679.78"
2026-05-13 00:45:00+07:00,"4679.79,4680.09,4677.83,4678.53"
2026-05-13 00:50:00+07:00,"4678.53,4679.97,4677.7,4679.68"
2026-05-13 00:55:00+07:00,"4679.72,4680.79,4678.05,4678.79"
2026-05-13 01:00:00+07:00,"4678.8,4683.69,4677.86,4678.78"
2026-05-13 01:05:00+07:00,"4678.83,4680.38,4676.01,4680.14"
2026-05-13 01:10:00+07:00,"4680.09,4681.87,4677.85,4681.3"
2026-05-13 01:15:00+07:00,"4681.25,4682.71,4680.1,4682.33"
2026-05-13 01:20:00+07:00,"4682.32,4684.75,4682.06,4682.53"
2026-05-13 01:25:00+07:00,"4682.54,4687.79,4682.54,4685.3"
2026-05-13 01:30:00+07:00,"4685.28,4690.56,4684.86,4690.27"
2026-05-13 01:35:00+07:00,"4690.26,4693.45,4689.18,4691.29"
2026-05-13 01:40:00+07:00,"4691.34,4697.86,4690.78,4695.22"
2026-05-13 01:45:00+07:00,"4695.21,4695.74,4690.76,4691.55"
2026-05-13 01:50:00+07:00,"4691.58,4698.27,4691.54,4697.07"
2026-05-13 01:55:00+07:00,"4697.04,4697.85,4695.45,4696.02"
2026-05-13 02:00:00+07:00,"4696.05,4699.49,4696.05,4697.29"
2026-05-13 02:05:00+07:00,"4697.27,4700.03,4696.32,4698.73"
2026-05-13 02:10:00+07:00,"4698.69,4702.79,4698.21,4700.04"
2026-05-13 02:15:00+07:00,"4700.05,4702.64,4699.06,4702.27"
2026-05-13 02:20:00+07:00,"4702.28,4704,4699.97,4702.94"
2026-05-13 02:25:00+07:00,"4702.92,4704.78,4702.63,4703.6"
2026-05-13 02:30:00+07:00,"4703.63,4709.44,4703.59,4708.84"
2026-05-13 02:35:00+07:00,"4708.87,4710.47,4708.2,4708.28"
2026-05-13 02:40:00+07:00,"4708.26,4710.12,4707.27,4709.51"
2026-05-13 02:45:00+07:00,"4709.5,4711.08,4709.09,4709.91"
2026-05-13 02:50:00+07:00,"4710,4713.72,4709.43,4712.74"
2026-05-13 02:55:00+07:00,"4712.71,4715.99,4712.28,4715.76"
2026-05-13 03:00:00+07:00,"4715.71,4719.31,4712.99,4713.61"
2026-05-13 03:05:00+07:00,"4713.63,4715.1,4712.1,4714.06"
2026-05-13 03:10:00+07:00,"4714.08,4714.77,4712.35,4713.38"
2026-05-13 03:15:00+07:00,"4713.4,4716.07,4713.35,4713.83"
2026-05-13 03:20:00+07:00,"4713.84,4714.11,4712.35,4714.06"
2026-05-13 03:25:00+07:00,"4714.04,4714.34,4712.65,4713.19"
2026-05-13 03:30:00+07:00,"4713.2,4714.9,4713.04,4713.84"
2026-05-13 03:35:00+07:00,"4713.85,4715.28,4712.73,4714.16"
2026-05-13 03:40:00+07:00,"4714.16,4715.5,4712.13,4714.77"
2026-05-13 03:45:00+07:00,"4714.78,4715.66,4713.09,4715.28"
2026-05-13 03:50:00+07:00,"4715.31,4715.8,4713.21,4713.66"
2026-05-13 03:55:00+07:00,"4713.68,4715.49,4713.28,4713.46"
2026-05-13 05:00:00+07:00,"4714.73,4721.71,4713.4,4720.01"
2026-05-13 05:05:00+07:00,"4719.98,4720.21,4712.53,4713.9"
2026-05-13 05:10:00+07:00,"4713.89,4715.43,4712.17,4714.38"
2026-05-13 05:15:00+07:00,"4714.46,4717.17,4713.57,4717.03"
2026-05-13 05:20:00+07:00,"4716.87,4719.26,4715.37,4716.24"
2026-05-13 05:25:00+07:00,"4716.17,4717.71,4714.66,4717.2"
2026-05-13 05:30:00+07:00,"4717.21,4720.67,4716.25,4718.59"
2026-05-13 05:35:00+07:00,"4718.6,4719.94,4716.45,4718.31"
2026-05-13 05:40:00+07:00,"4718.37,4718.84,4715.46,4716.44"
2026-05-13 05:45:00+07:00,"4716.43,4718.24,4716.31,4716.98"
2026-05-13 05:50:00+07:00,"4716.92,4722.56,4716.92,4720.91"
2026-05-13 05:55:00+07:00,"4721.07,4721.27,4716.75,4716.97"
2026-05-13 06:00:00+07:00,"4716.95,4720.89,4715.69,4720.19"
2026-05-13 06:05:00+07:00,"4720.23,4723.41,4717.54,4720.19"
2026-05-13 06:10:00+07:00,"4720.25,4721.76,4717.23,4717.65"
2026-05-13 06:15:00+07:00,"4717.66,4720.24,4717.37,4717.39"
2026-05-13 06:20:00+07:00,"4717.32,4722.55,4717.32,4722.49"
2026-05-13 06:25:00+07:00,"4722.53,4723.85,4719,4720.4"
2026-05-13 06:30:00+07:00,"4720.37,4721.57,4718.75,4719.27"
2026-05-13 06:35:00+07:00,"4719.18,4722.16,4716.2,4720.57"
2026-05-13 06:40:00+07:00,"4720.57,4721.56,4717.57,4721.34"
2026-05-13 06:45:00+07:00,"4721.44,4723.65,4715.24,4716.08"
2026-05-13 06:50:00+07:00,"4716.09,4719.95,4715.58,4717.69"
2026-05-13 06:55:00+07:00,"4717.71,4718.5,4715.61,4717.04"
2026-05-13 07:00:00+07:00,"4717.13,4725.45,4714.83,4724.98"
2026-05-13 07:05:00+07:00,"4724.97,4727.11,4720.61,4721.4"
2026-05-13 07:10:00+07:00,"4721.26,4724.15,4720.09,4720.24"
2026-05-13 07:15:00+07:00,"4720.25,4725.53,4720.14,4724.49"
2026-05-13 07:20:00+07:00,"4724.5,4726.48,4723.18,4724.66"
2026-05-13 07:25:00+07:00,"4724.65,4725.02,4720.5,4722.61"
2026-05-13 07:30:00+07:00,"4722.6,4724.34,4719.43,4720.63"
2026-05-13 07:35:00+07:00,"4720.61,4722.68,4716.97,4722.58"
2026-05-13 07:40:00+07:00,"4722.57,4725.4,4720.04,4720.26"
2026-05-13 07:45:00+07:00,"4720.25,4720.52,4716.34,4716.89"
2026-05-13 07:50:00+07:00,"4716.86,4720.2,4715.09,4716.78"
2026-05-13 07:55:00+07:00,"4716.73,4718.53,4713.6,4714.8"
2026-05-13 08:00:00+07:00,"4714.86,4717.63,4707.43,4711.85"
2026-05-13 08:05:00+07:00,"4711.83,4713.52,4707.24,4713.44"
2026-05-13 08:10:00+07:00,"4713.44,4716.34,4709.23,4709.69"
2026-05-13 08:15:00+07:00,"4709.76,4710.92,4704.82,4706.6"
2026-05-13 08:20:00+07:00,"4706.66,4710.01,4705,4707.69"
2026-05-13 08:25:00+07:00,"4707.7,4708.12,4702.79,4704.42"
2026-05-13 08:30:00+07:00,"4704.4,4705.74,4702.67,4704.96"
2026-05-13 08:35:00+07:00,"4704.97,4706.81,4701.58,4705.92"
2026-05-13 08:40:00+07:00,"4705.91,4710.56,4704.38,4708.86"
2026-05-13 08:45:00+07:00,"4708.85,4710.81,4706.53,4709.75"
2026-05-13 08:50:00+07:00,"4709.77,4710.11,4705.91,4706.16"
2026-05-13 08:55:00+07:00,"4706.15,4706.54,4700.95,4702.39"
2026-05-13 09:00:00+07:00,"4702.39,4707.61,4701.61,4706.23"
2026-05-13 09:05:00+07:00,"4706.22,4707.06,4698.84,4699.72"
2026-05-13 09:10:00+07:00,"4699.73,4703.78,4699.38,4701.64"
2026-05-13 09:15:00+07:00,"4701.58,4703.62,4698.92,4702.85"
2026-05-13 09:20:00+07:00,"4702.86,4704.15,4701.24,4703.19"
2026-05-13 09:25:00+07:00,"4703.16,4704.05,4697.93,4700.17"
2026-05-13 09:30:00+07:00,"4700.19,4700.53,4695.74,4696.2"
2026-05-13 09:35:00+07:00,"4696.19,4698.59,4694.67,4694.96"
2026-05-13 09:40:00+07:00,"4694.97,4697.69,4693.97,4694.34"
2026-05-13 09:45:00+07:00,"4694.35,4696.8,4692.73,4696.47"
2026-05-13 09:50:00+07:00,"4696.47,4697.22,4688.88,4688.9"
2026-05-13 09:55:00+07:00,"4688.91,4693.68,4687.52,4691.93"
2026-05-13 10:00:00+07:00,"4691.91,4693.93,4688.8,4692.87"
2026-05-13 10:05:00+07:00,"4692.88,4693.57,4688.82,4689.56"
2026-05-13 10:10:00+07:00,"4689.55,4694.4,4688.99,4692.38"
2026-05-13 10:15:00+07:00,"4692.39,4694.51,4691.21,4694.07"
2026-05-13 10:20:00+07:00,"4694.06,4696.33,4693.99,4695.25"
2026-05-13 10:25:00+07:00,"4695.24,4700.79,4695.13,4700.64"
2026-05-13 10:30:00+07:00,"4700.58,4704.32,4700.11,4703.58"
2026-05-13 10:35:00+07:00,"4703.56,4706.08,4702.94,4704.17"
2026-05-13 10:40:00+07:00,"4704.2,4705.58,4703.23,4703.88"
2026-05-13 10:45:00+07:00,"4703.96,4704.91,4702.17,4702.52"
2026-05-13 10:50:00+07:00,"4702.52,4702.61,4696.8,4697.27"
2026-05-13 10:55:00+07:00,"4697.26,4697.86,4694.3,4696.16"
2026-05-13 11:00:00+07:00,"4696.15,4698.33,4695.4,4697.47"
2026-05-13 11:05:00+07:00,"4697.48,4699.01,4695.79,4696.67"
2026-05-13 11:10:00+07:00,"4696.68,4698.61,4695.93,4698.28"
2026-05-13 11:15:00+07:00,"4698.29,4702.71,4697.99,4702.16"
2026-05-13 11:20:00+07:00,"4702.17,4703.36,4700.85,4701.47"
2026-05-13 11:25:00+07:00,"4701.5,4701.79,4700.09,4701.32"
2026-05-13 11:30:00+07:00,"4701.29,4703.43,4700.08,4700.25"
2026-05-13 11:35:00+07:00,"4700.26,4702.35,4697.92,4700.83"
2026-05-13 11:40:00+07:00,"4700.85,4700.85,4697.24,4698.5"
2026-05-13 11:45:00+07:00,"4698.48,4701.37,4698.21,4701.24"
2026-05-13 11:50:00+07:00,"4701.22,4701.68,4699.2,4701.43"
2026-05-13 11:55:00+07:00,"4701.45,4701.8,4698.45,4699.45"
2026-05-13 12:00:00+07:00,"4699.44,4706.69,4698.36,4706.46"
2026-05-13 12:05:00+07:00,"4706.49,4707.23,4703.51,4704.54"
2026-05-13 12:10:00+07:00,"4704.32,4707.26,4703.93,4705.54"
2026-05-13 12:15:00+07:00,"4705.52,4705.78,4700.83,4701.25"
2026-05-13 12:20:00+07:00,"4701.26,4703.87,4698.9,4699.45"
2026-05-13 12:25:00+07:00,"4699.51,4700.4,4697.77,4698.11"
2026-05-13 12:30:00+07:00,"4697.96,4702.74,4693.34,4700.34"
2026-05-13 12:35:00+07:00,"4700.35,4702.42,4699.02,4701.21"
2026-05-13 12:40:00+07:00,"4701.23,4702.48,4696.43,4696.73"
2026-05-13 12:45:00+07:00,"4696.74,4700.26,4696.74,4698.57"
2026-05-13 12:50:00+07:00,"4698.56,4701.6,4696.28,4699.46"
2026-05-13 12:55:00+07:00,"4699.47,4705.55,4699.4,4704.22"
2026-05-13 13:00:00+07:00,"4704.21,4710.02,4703.32,4709.62"
2026-05-13 13:05:00+07:00,"4709.69,4713.2,4707.3,4710.48"
2026-05-13 13:10:00+07:00,"4710.59,4712.12,4708.71,4710.64"
2026-05-13 13:15:00+07:00,"4710.62,4715.45,4710.6,4712.88"
2026-05-13 13:20:00+07:00,"4712.77,4713.16,4707.61,4708.7"
2026-05-13 13:25:00+07:00,"4708.68,4710.35,4706.84,4708.78"
2026-05-13 13:30:00+07:00,"4708.87,4711.29,4707.64,4710.09"
2026-05-13 13:35:00+07:00,"4710.08,4713.02,4709.29,4711.76"
2026-05-13 13:40:00+07:00,"4711.82,4713.7,4710.7,4711.5"
2026-05-13 13:45:00+07:00,"4711.51,4712.37,4707.2,4708.62"
2026-05-13 13:50:00+07:00,"4708.61,4709.14,4702.59,4702.69"
2026-05-13 13:55:00+07:00,"4702.7,4703.99,4699.06,4701.8"
2026-05-13 14:00:00+07:00,"4701.81,4705.53,4699.95,4700.87"
2026-05-13 14:05:00+07:00,"4700.86,4702.54,4696.61,4698.77"
2026-05-13 14:10:00+07:00,"4698.73,4703.59,4697.37,4702.2"
2026-05-13 14:15:00+07:00,"4702.19,4707.2,4702.19,4706.06"
2026-05-13 14:20:00+07:00,"4706.02,4708.48,4704.21,4705.4"
2026-05-13 14:25:00+07:00,"4705.37,4708.88,4705.07,4707.56"
2026-05-13 14:30:00+07:00,"4707.51,4707.93,4704.63,4706.33"
2026-05-13 14:35:00+07:00,"4706.32,4707.7,4703.1,4703.64"
2026-05-13 14:40:00+07:00,"4703.68,4705.32,4703.21,4703.68"
2026-05-13 14:45:00+07:00,"4703.79,4704.86,4701.29,4703.42"
2026-05-13 14:50:00+07:00,"4703.5,4704.27,4701.39,4702.74"
2026-05-13 14:55:00+07:00,"4702.72,4704.24,4701.96,4702.78"
2026-05-13 15:00:00+07:00,"4702.77,4704.36,4700.73,4701.19"
2026-05-13 15:05:00+07:00,"4701.17,4701.97,4698.58,4700.56"
2026-05-13 15:10:00+07:00,"4700.54,4701.96,4699.19,4700.13"
2026-05-13 15:15:00+07:00,"4700.3,4701.35,4698.23,4699.16"
2026-05-13 15:20:00+07:00,"4699.1,4701.06,4698.83,4699.08"
2026-05-13 15:25:00+07:00,"4699.08,4699.64,4694.59,4696.99"
2026-05-13 15:30:00+07:00,"4696.98,4698.36,4694.1,4698.18"
2026-05-13 15:35:00+07:00,"4698.19,4700.04,4697.18,4698.29"
2026-05-13 15:40:00+07:00,"4698.34,4699.28,4695.08,4696.11"
2026-05-13 15:45:00+07:00,"4696.13,4698.71,4694.73,4697.81"
2026-05-13 15:50:00+07:00,"4697.97,4700.73,4697.13,4700.69"
2026-05-13 15:55:00+07:00,"4700.72,4703,4699.28,4700.63"
2026-05-13 16:00:00+07:00,"4700.67,4701.86,4698.11,4700.5"
2026-05-13 16:05:00+07:00,"4700.49,4700.61,4697.75,4698.27"
2026-05-13 16:10:00+07:00,"4698.26,4699.32,4693.55,4694.64"
2026-05-13 16:15:00+07:00,"4694.64,4695.29,4690.37,4690.84"
2026-05-13 16:20:00+07:00,"4690.85,4692.61,4685.77,4686.9"
2026-05-13 16:25:00+07:00,"4686.81,4692.31,4686.42,4688.91"
2026-05-13 16:30:00+07:00,"4688.9,4691.87,4686.22,4688.33"
2026-05-13 16:35:00+07:00,"4688.32,4692.83,4688.12,4690.96"
2026-05-13 16:40:00+07:00,"4690.96,4694.82,4690.23,4694.08"
2026-05-13 16:45:00+07:00,"4694.19,4697.13,4693.05,4696.79"
2026-05-13 16:50:00+07:00,"4696.8,4698.33,4696.32,4698.15"
2026-05-13 16:55:00+07:00,"4698.18,4701.19,4697.85,4700.85"
2026-05-13 17:00:00+07:00,"4700.89,4701.64,4698.71,4699.1"
2026-05-13 17:05:00+07:00,"4699.07,4710.88,4698.8,4708.69"
2026-05-13 17:10:00+07:00,"4708.67,4709.23,4701.53,4702.33"
2026-05-13 17:15:00+07:00,"4702.25,4703.43,4700.17,4700.55"
2026-05-13 17:20:00+07:00,"4700.56,4706.14,4700.35,4703.24"
2026-05-13 17:25:00+07:00,"4703.25,4703.57,4698.56,4699.71"
2026-05-13 17:30:00+07:00,"4699.72,4700.01,4695.22,4696.37"
2026-05-13 17:35:00+07:00,"4696.37,4697.68,4695.26,4696.07"
2026-05-13 17:40:00+07:00,"4696.08,4697.41,4693.97,4695.85"
2026-05-13 17:45:00+07:00,"4695.84,4696.68,4693.9,4695.41"
2026-05-13 17:50:00+07:00,"4695.42,4696.93,4694.16,4695.11"
2026-05-13 17:55:00+07:00,"4695.23,4696.92,4693.75,4694.1"
2026-05-13 18:00:00+07:00,"4694.09,4695.79,4691.65,4693.13"
2026-05-13 18:05:00+07:00,"4693.14,4695.21,4691.42,4694.38"
2026-05-13 18:10:00+07:00,"4694.37,4699.32,4694.3,4699.16"
2026-05-13 18:15:00+07:00,"4699.12,4700.65,4695.85,4697.95"
2026-05-13 18:20:00+07:00,"4697.93,4700.8,4697.26,4698.5"
2026-05-13 18:25:00+07:00,"4698.58,4699.78,4697.05,4698.56"
2026-05-13 18:30:00+07:00,"4698.54,4703.28,4698.1,4702.41"
2026-05-13 18:35:00+07:00,"4702.38,4705.32,4702.34,4704.97"
2026-05-13 18:40:00+07:00,"4705,4705.12,4700.87,4703.32"
2026-05-13 18:45:00+07:00,"4703.31,4705.68,4702.24,4702.24"
2026-05-13 18:50:00+07:00,"4702.23,4702.37,4699.82,4701.21"
2026-05-13 18:55:00+07:00,"4701.22,4701.22,4697.35,4697.41"
2026-05-13 19:00:00+07:00,"4697.4,4700.2,4694.7,4699.44"
2026-05-13 19:05:00+07:00,"4699.44,4701.71,4697.74,4699.32"
2026-05-13 19:10:00+07:00,"4699.33,4699.37,4693.39,4693.89"
2026-05-13 19:15:00+07:00,"4693.88,4694.28,4689.12,4691.88"
2026-05-13 19:20:00+07:00,"4691.91,4693.35,4684.98,4687.64"
2026-05-13 19:25:00+07:00,"4687.66,4689.11,4683.14,4684.73"
2026-05-13 19:30:00+07:00,"4685.65,4688.25,4674.88,4682.38"
2026-05-13 19:35:00+07:00,"4682.37,4686.01,4677.23,4679.12"
2026-05-13 19:40:00+07:00,"4679.07,4683.97,4677.83,4683.02"
2026-05-13 19:45:00+07:00,"4683.61,4684.01,4677.6,4680.33"
2026-05-13 19:50:00+07:00,"4680.32,4685.59,4679.97,4681.34"
2026-05-13 19:55:00+07:00,"4681.37,4685.6,4678.65,4683.85"
2026-05-13 20:00:00+07:00,"4683.82,4690.64,4683.5,4687.78"
2026-05-13 20:05:00+07:00,"4687.79,4689.58,4685.3,4686.57"
2026-05-13 20:10:00+07:00,"4686.58,4691.31,4685.25,4689.84"
2026-05-13 20:15:00+07:00,"4689.85,4692.27,4686.54,4692.24"
2026-05-13 20:20:00+07:00,"4692.23,4694.68,4690.37,4694.21"
2026-05-13 20:25:00+07:00,"4694.22,4694.67,4688.19,4688.8"
2026-05-13 20:30:00+07:00,"4688.78,4690.98,4682.34,4684.01"
2026-05-13 20:35:00+07:00,"4684.02,4684.29,4673.12,4674.16"
2026-05-13 20:40:00+07:00,"4674.17,4683.72,4673.35,4678.71"
2026-05-13 20:45:00+07:00,"4678.69,4679.33,4669.31,4672.63"
2026-05-13 20:50:00+07:00,"4672.64,4683.07,4670.04,4683.07"
2026-05-13 20:55:00+07:00,"4683.11,4683.31,4677.48,4679.44"
2026-05-13 21:00:00+07:00,"4679.43,4680.57,4672.8,4676.89"
2026-05-13 21:05:00+07:00,"4676.88,4680.91,4673.95,4677.67"
2026-05-13 21:10:00+07:00,"4677.68,4683.3,4676.88,4681.37"
2026-05-13 21:15:00+07:00,"4681.37,4682.37,4673.48,4674.08"
2026-05-13 21:20:00+07:00,"4674.07,4682.1,4673.5,4681.83"
2026-05-13 21:25:00+07:00,"4681.82,4685.64,4681.11,4684.38"
2026-05-13 21:30:00+07:00,"4684.37,4690.61,4683.06,4690.12"
2026-05-13 21:35:00+07:00,"4690.12,4691.16,4684.95,4686.52"
2026-05-13 21:40:00+07:00,"4686.52,4688.64,4683.5,4683.76"
2026-05-13 21:45:00+07:00,"4683.78,4685.16,4677.06,4681.75"
2026-05-13 21:50:00+07:00,"4681.73,4682.53,4678.25,4681.16"
2026-05-13 21:55:00+07:00,"4681.16,4683.47,4678.9,4679.86"
2026-05-13 22:00:00+07:00,"4679.92,4686.16,4678.76,4684.41"
2026-05-13 22:05:00+07:00,"4684.33,4688.84,4681.82,4688.36"
2026-05-13 22:10:00+07:00,"4688.37,4691.02,4686.04,4687.51"
2026-05-13 22:15:00+07:00,"4687.52,4688.06,4685.43,4687.06"
2026-05-13 22:20:00+07:00,"4687.1,4690.15,4684.95,4687.99"
2026-05-13 22:25:00+07:00,"4687.95,4692.05,4687.43,4691.16"
2026-05-13 22:30:00+07:00,"4691.15,4695.8,4686.66,4695.53"
2026-05-13 22:35:00+07:00,"4695.51,4699.21,4694.48,4698.79"
2026-05-13 22:40:00+07:00,"4698.96,4700.41,4696.97,4699.26"
2026-05-13 22:45:00+07:00,"4699.27,4699.73,4696.46,4698.5"
2026-05-13 22:50:00+07:00,"4698.51,4698.74,4694.59,4695.78"
2026-05-13 22:55:00+07:00,"4695.77,4698.17,4694.49,4695.51"
2026-05-13 23:00:00+07:00,"4695.48,4699.67,4694.96,4697.72"
2026-05-13 23:05:00+07:00,"4697.73,4702.33,4696.42,4700.87"
2026-05-13 23:10:00+07:00,"4700.88,4703.04,4699.1,4702.07"
2026-05-13 23:15:00+07:00,"4702.08,4703.85,4698.66,4699.68"
2026-05-13 23:20:00+07:00,"4699.68,4709.91,4698.71,4706.06"
2026-05-13 23:25:00+07:00,"4706.02,4710.24,4703.59,4706.85"
2026-05-13 23:30:00+07:00,"4706.84,4707.83,4702.23,4704.09"
2026-05-13 23:35:00+07:00,"4704.08,4704.44,4701.63,4702.85"
2026-05-13 23:40:00+07:00,"4702.83,4703.05,4699.81,4700.09"
2026-05-13 23:45:00+07:00,"4700.08,4701.65,4698.34,4699.45"
2026-05-13 23:50:00+07:00,"4699.45,4699.75,4695.26,4696.5"
2026-05-13 23:55:00+07:00,"4696.48,4697.69,4695.06,4695.75"
2026-05-14 00:00:00+07:00,"4695.76,4699.36,4695.7,4696.66"
2026-05-14 00:05:00+07:00,"4696.66,4700.01,4696.38,4699.49"
2026-05-14 00:10:00+07:00,"4699.47,4701.13,4698.48,4699.68"
2026-05-14 00:15:00+07:00,"4699.67,4700,4696.81,4699.93"
2026-05-14 00:20:00+07:00,"4699.94,4701.36,4697.09,4697.78"
2026-05-14 00:25:00+07:00,"4697.76,4700.14,4696.61,4698.54"
2026-05-14 00:30:00+07:00,"4698.37,4698.55,4690.1,4690.56"
2026-05-14 00:35:00+07:00,"4690.57,4692.94,4690.08,4691.15"
2026-05-14 00:40:00+07:00,"4691.16,4693.81,4690.72,4691.26"
2026-05-14 00:45:00+07:00,"4691.27,4694.6,4690.43,4691.4"
2026-05-14 00:50:00+07:00,"4691.39,4692.66,4688.32,4688.93"
2026-05-14 00:55:00+07:00,"4688.92,4689.91,4684.44,4685.51"
2026-05-14 01:00:00+07:00,"4685.52,4689.63,4684.11,4687.96"
2026-05-14 01:05:00+07:00,"4687.94,4691.6,4687.77,4690.82"
2026-05-14 01:10:00+07:00,"4690.83,4692.81,4690.42,4692.36"
2026-05-14 01:15:00+07:00,"4692.35,4694.08,4690.27,4690.88"
2026-05-14 01:20:00+07:00,"4690.81,4691.16,4688.82,4690.3"
2026-05-14 01:25:00+07:00,"4690.29,4692.26,4690,4691.91"
2026-05-14 01:30:00+07:00,"4691.92,4692.88,4690.25,4691.09"
2026-05-14 01:35:00+07:00,"4691.12,4691.27,4687.29,4690.09"
2026-05-14 01:40:00+07:00,"4690.08,4691.42,4685.71,4686.19"
2026-05-14 01:45:00+07:00,"4686.23,4687.74,4677.54,4679.63"
2026-05-14 01:50:00+07:00,"4679.68,4687.21,4679.52,4687.17"
2026-05-14 01:55:00+07:00,"4687.19,4687.65,4684.31,4685.09"
2026-05-14 02:00:00+07:00,"4685.08,4686.16,4683.78,4684.37"
2026-05-14 02:05:00+07:00,"4684.36,4686.75,4683.37,4686.63"
2026-05-14 02:10:00+07:00,"4686.61,4689.33,4685.54,4689.31"
2026-05-14 02:15:00+07:00,"4689.3,4690.58,4687.04,4688.03"
2026-05-14 02:20:00+07:00,"4688.02,4690.09,4687.44,4687.97"
2026-05-14 02:25:00+07:00,"4687.96,4688.68,4686.66,4687.27"
2026-05-14 02:30:00+07:00,"4687.29,4688.69,4684.45,4685.12"
2026-05-14 02:35:00+07:00,"4685.13,4689.28,4684.61,4688.92"
2026-05-14 02:40:00+07:00,"4688.93,4689.08,4687.13,4688.48"
2026-05-14 02:45:00+07:00,"4688.47,4689.55,4687.35,4689.31"
2026-05-14 02:50:00+07:00,"4689.17,4689.17,4683.61,4685.79"
2026-05-14 02:55:00+07:00,"4685.79,4689.02,4685.69,4688.21"
2026-05-14 03:00:00+07:00,"4687.99,4688.63,4685.81,4686.87"
2026-05-14 03:05:00+07:00,"4686.88,4689.33,4686.88,4689.25"
2026-05-14 03:10:00+07:00,"4689.28,4691.12,4689.21,4691.1"
2026-05-14 03:15:00+07:00,"4691.09,4691.27,4690.11,4690.85"
2026-05-14 03:20:00+07:00,"4690.95,4693.31,4690.79,4692.82"
2026-05-14 03:25:00+07:00,"4692.83,4693.53,4691.09,4691.45"
2026-05-14 03:30:00+07:00,"4691.47,4692.8,4689.15,4689.76"
2026-05-14 03:35:00+07:00,"4689.77,4691.44,4689.28,4691.41"
2026-05-14 03:40:00+07:00,"4691.39,4691.87,4689.84,4690.77"
2026-05-14 03:45:00+07:00,"4690.71,4691.16,4688.49,4688.99"
2026-05-14 03:50:00+07:00,"4689,4689.39,4687.89,4688.16"
2026-05-14 03:55:00+07:00,"4688.15,4689.36,4686.76,4686.76"
2026-05-14 05:00:00+07:00,"4691.1,4694.35,4687.5,4693.56"
2026-05-14 05:05:00+07:00,"4693.55,4693.92,4689.82,4690.02"
2026-05-14 05:10:00+07:00,"4689.95,4691.54,4688.83,4691.02"
2026-05-14 05:15:00+07:00,"4691,4696.06,4690.95,4694.54"
2026-05-14 05:20:00+07:00,"4694.56,4696.59,4694.08,4695.82"
2026-05-14 05:25:00+07:00,"4695.81,4697.42,4695.58,4697"
2026-05-14 05:30:00+07:00,"4696.96,4698.63,4695.5,4697.05"
2026-05-14 05:35:00+07:00,"4697.06,4699.25,4696.45,4698.39"
2026-05-14 05:40:00+07:00,"4698.4,4700.38,4698.1,4698.88"
2026-05-14 05:45:00+07:00,"4698.87,4699.77,4696.47,4697.68"
2026-05-14 05:50:00+07:00,"4697.84,4700.68,4697.6,4700.07"
2026-05-14 05:55:00+07:00,"4700.03,4700.56,4699.22,4700.08"
2026-05-14 06:00:00+07:00,"4700.06,4701.14,4699.18,4699.26"
2026-05-14 06:05:00+07:00,"4699.39,4701.77,4699.21,4700.92"
2026-05-14 06:10:00+07:00,"4700.91,4702.24,4700.83,4701.15"
2026-05-14 06:15:00+07:00,"4701.09,4701.38,4700.24,4700.97"
2026-05-14 06:20:00+07:00,"4700.94,4701.23,4699.37,4699.63"
2026-05-14 06:25:00+07:00,"4699.58,4699.87,4696.69,4697.32"
2026-05-14 06:30:00+07:00,"4697.27,4697.67,4694.21,4695.32"
2026-05-14 06:35:00+07:00,"4695.33,4697.25,4695.02,4696.24"
2026-05-14 06:40:00+07:00,"4696.3,4697.75,4694.63,4694.88"
2026-05-14 06:45:00+07:00,"4694.89,4696.58,4693.08,4693.78"
2026-05-14 06:50:00+07:00,"4693.76,4695.97,4693.1,4695.9"
2026-05-14 06:55:00+07:00,"4695.91,4696.96,4694.43,4696.73"
2026-05-14 07:00:00+07:00,"4696.72,4699.58,4689.36,4692.02"
2026-05-14 07:05:00+07:00,"4691.85,4696.67,4690.74,4696.1"
2026-05-14 07:10:00+07:00,"4696.12,4698.21,4694.1,4697.62"
2026-05-14 07:15:00+07:00,"4697.61,4705.41,4697.39,4701.23"
2026-05-14 07:20:00+07:00,"4701.21,4702.92,4699.56,4701.78"
2026-05-14 07:25:00+07:00,"4701.76,4702.37,4699.34,4701.05"
2026-05-14 07:30:00+07:00,"4701.09,4703.87,4697.17,4697.59"
2026-05-14 07:35:00+07:00,"4697.55,4697.58,4694.37,4695.66"
2026-05-14 07:40:00+07:00,"4695.68,4700.95,4692.9,4700.27"
2026-05-14 07:45:00+07:00,"4700.19,4704.79,4700.03,4703.72"
2026-05-14 07:50:00+07:00,"4703.74,4703.92,4699.51,4700.89"
2026-05-14 07:55:00+07:00,"4700.9,4706.85,4700.55,4704.89"
2026-05-14 08:00:00+07:00,"4704.84,4707.06,4694.47,4698.7"
2026-05-14 08:05:00+07:00,"4698.67,4699.01,4686.57,4688.55"
2026-05-14 08:10:00+07:00,"4688.55,4692.62,4683.76,4688.94"
2026-05-14 08:15:00+07:00,"4688.95,4694.7,4687.2,4688.91"
2026-05-14 08:20:00+07:00,"4688.8,4693.05,4688.29,4692.51"
2026-05-14 08:25:00+07:00,"4692.52,4695.36,4691.28,4692.66"
2026-05-14 08:30:00+07:00,"4692.65,4694.86,4689.52,4692.82"
2026-05-14 08:35:00+07:00,"4692.83,4694.65,4686.82,4689.29"
2026-05-14 08:40:00+07:00,"4689.29,4690.3,4683.64,4688.91"
2026-05-14 08:45:00+07:00,"4688.94,4695.21,4687.04,4694.34"
2026-05-14 08:50:00+07:00,"4694.35,4694.65,4682.82,4685.62"
2026-05-14 08:55:00+07:00,"4685.63,4689.25,4683.89,4688.85"
2026-05-14 09:00:00+07:00,"4688.86,4694.1,4687.08,4693.66"
2026-05-14 09:05:00+07:00,"4693.67,4694.04,4688.91,4690.74"
2026-05-14 09:10:00+07:00,"4690.74,4690.97,4686.65,4688.43"
2026-05-14 09:15:00+07:00,"4688.44,4691.01,4686.96,4690.12"
2026-05-14 09:20:00+07:00,"4690.12,4691.73,4689.42,4691.05"
2026-05-14 09:25:00+07:00,"4691.06,4694.18,4690.15,4693.65"
2026-05-14 09:30:00+07:00,"4693.58,4698.09,4690.93,4697.94"
2026-05-14 09:35:00+07:00,"4697.94,4699.93,4695,4695.22"
2026-05-14 09:40:00+07:00,"4695.24,4696.47,4689.21,4691.66"
2026-05-14 09:45:00+07:00,"4691.64,4693.52,4680.51,4682.49"
2026-05-14 09:50:00+07:00,"4682.54,4688.02,4679.82,4687.13"
2026-05-14 09:55:00+07:00,"4687.14,4688.46,4684.83,4686.36"
2026-05-14 10:00:00+07:00,"4686.38,4690.33,4685.29,4687.58"
2026-05-14 10:05:00+07:00,"4687.59,4687.95,4682.04,4684.41"
2026-05-14 10:10:00+07:00,"4684.41,4685.95,4681.24,4682.96"
2026-05-14 10:15:00+07:00,"4682.97,4686.68,4682.51,4683.02"
2026-05-14 10:20:00+07:00,"4682.98,4688.54,4681.61,4688.37"
2026-05-14 10:25:00+07:00,"4688.38,4693.51,4688.3,4691.19"
2026-05-14 10:30:00+07:00,"4691.18,4691.63,4682.74,4684.84"
2026-05-14 10:35:00+07:00,"4684.84,4686.67,4679.06,4680.56"
2026-05-14 10:40:00+07:00,"4680.55,4681.53,4675.51,4676.33"
2026-05-14 10:45:00+07:00,"4676.35,4678.14,4674.49,4677.09"
2026-05-14 10:50:00+07:00,"4677.08,4677.52,4674.48,4675.59"
2026-05-14 10:55:00+07:00,"4675.57,4676.91,4673.81,4674.96"
2026-05-14 11:00:00+07:00,"4674.99,4675.43,4667.78,4672.78"
2026-05-14 11:05:00+07:00,"4672.8,4680.33,4672.28,4678.96"
2026-05-14 11:10:00+07:00,"4678.95,4682.67,4677.03,4682.16"
2026-05-14 11:15:00+07:00,"4682.28,4683.9,4681.81,4683.34"
2026-05-14 11:20:00+07:00,"4683.39,4692.48,4683.39,4691.43"
2026-05-14 11:25:00+07:00,"4691.4,4707.5,4691.3,4702.23"
2026-05-14 11:30:00+07:00,"4702.26,4710.54,4701.38,4709.16"
2026-05-14 11:35:00+07:00,"4709.15,4712.88,4706.46,4707.49"
2026-05-14 11:40:00+07:00,"4707.48,4707.97,4703.14,4704.98"
2026-05-14 11:45:00+07:00,"4704.97,4706.95,4703.02,4705.01"
2026-05-14 11:50:00+07:00,"4705.03,4705.96,4703.49,4705.44"
2026-05-14 11:55:00+07:00,"4705.47,4706.49,4702.31,4702.49"
2026-05-14 12:00:00+07:00,"4702.49,4703.23,4699.69,4700.89"
2026-05-14 12:05:00+07:00,"4700.88,4704.32,4700.37,4701.44"
2026-05-14 12:10:00+07:00,"4701.45,4703.94,4699.85,4700.06"
2026-05-14 12:15:00+07:00,"4700.05,4700.33,4697.18,4697.6"
2026-05-14 12:20:00+07:00,"4697.61,4698.81,4696.82,4697.3"
2026-05-14 12:25:00+07:00,"4697.36,4697.49,4693.25,4693.69"
2026-05-14 12:30:00+07:00,"4693.68,4701.63,4693.29,4698.97"
2026-05-14 12:35:00+07:00,"4698.96,4700.8,4696.67,4700.17"
2026-05-14 12:40:00+07:00,"4700.15,4701.11,4696.82,4697.44"
2026-05-14 12:45:00+07:00,"4697.42,4703.47,4697.37,4699.9"
2026-05-14 12:50:00+07:00,"4699.92,4701.51,4698.28,4698.53"
2026-05-14 12:55:00+07:00,"4698.52,4698.6,4688.71,4689.71"
2026-05-14 13:00:00+07:00,"4689.77,4693.48,4687.25,4693.01"
2026-05-14 13:05:00+07:00,"4693.02,4694.97,4687.19,4690.59"
2026-05-14 13:10:00+07:00,"4690.48,4691.91,4685.9,4687.92"
2026-05-14 13:15:00+07:00,"4687.91,4689.54,4686.32,4688.57"
2026-05-14 13:20:00+07:00,"4688.55,4691.13,4687.97,4690.6"
2026-05-14 13:25:00+07:00,"4690.59,4693.16,4689.95,4691.32"
2026-05-14 13:30:00+07:00,"4691.34,4694.92,4690.68,4694.03"
2026-05-14 13:35:00+07:00,"4694.04,4695.67,4691.38,4694.43"
2026-05-14 13:40:00+07:00,"4694.42,4699.78,4691.46,4698.74"
2026-05-14 13:45:00+07:00,"4698.73,4702.46,4694.76,4695.49"
2026-05-14 13:50:00+07:00,"4695.46,4701.56,4695.35,4699.64"
2026-05-14 13:55:00+07:00,"4699.65,4701.6,4698.2,4700.24"
2026-05-14 14:00:00+07:00,"4700.25,4702.24,4696.94,4698.71"
2026-05-14 14:05:00+07:00,"4698.72,4700.74,4696.04,4699.11"
2026-05-14 14:10:00+07:00,"4699.09,4700.3,4694.24,4695.44"
2026-05-14 14:15:00+07:00,"4695.45,4699.51,4694.87,4697.51"
2026-05-14 14:20:00+07:00,"4697.5,4700.5,4695.13,4699.63"
2026-05-14 14:25:00+07:00,"4699.62,4706.8,4699.17,4705.56"
2026-05-14 14:30:00+07:00,"4705.5,4710.65,4702.73,4710.22"
2026-05-14 14:35:00+07:00,"4710.22,4719.35,4710.07,4712.24"
2026-05-14 14:40:00+07:00,"4712.29,4714.76,4709.01,4709.14"
2026-05-14 14:45:00+07:00,"4709.15,4709.6,4703.27,4704.46"
2026-05-14 14:50:00+07:00,"4704.47,4704.47,4695,4700.27"
2026-05-14 14:55:00+07:00,"4700.26,4701.08,4690.98,4693.36"
2026-05-14 15:00:00+07:00,"4693.32,4701.1,4692.18,4697.51"
2026-05-14 15:05:00+07:00,"4697.5,4700.13,4696.46,4697.56"
2026-05-14 15:10:00+07:00,"4697.57,4700.92,4695.46,4699.02"
2026-05-14 15:15:00+07:00,"4698.99,4701.89,4698.99,4699.75"
2026-05-14 15:20:00+07:00,"4699.76,4701.79,4697.71,4701.03"
2026-05-14 15:25:00+07:00,"4701.08,4705.11,4700.76,4702.9"
2026-05-14 15:30:00+07:00,"4702.89,4706.3,4701.68,4702.52"
2026-05-14 15:35:00+07:00,"4702.51,4706.76,4701.72,4701.9"
2026-05-14 15:40:00+07:00,"4701.91,4702.85,4695.4,4697"
2026-05-14 15:45:00+07:00,"4696.99,4697.63,4694.33,4695.27"
2026-05-14 15:50:00+07:00,"4695.26,4696.61,4693.33,4694.68"
2026-05-14 15:55:00+07:00,"4694.69,4697.04,4693.05,4693.25"
2026-05-14 16:00:00+07:00,"4693.27,4694.38,4689.78,4692.75"
2026-05-14 16:05:00+07:00,"4692.74,4696.72,4690.88,4696.56"
2026-05-14 16:10:00+07:00,"4696.55,4698.03,4692.83,4694.59"
2026-05-14 16:15:00+07:00,"4694.58,4696.77,4693.9,4695.57"
2026-05-14 16:20:00+07:00,"4695.58,4696.76,4693.13,4693.42"
2026-05-14 16:25:00+07:00,"4693.38,4694.52,4690.77,4690.82"
2026-05-14 16:30:00+07:00,"4690.79,4694.98,4689.16,4694.7"
2026-05-14 16:35:00+07:00,"4694.69,4694.7,4688.43,4692.58"
2026-05-14 16:40:00+07:00,"4692.58,4697.38,4691.96,4695.76"
2026-05-14 16:45:00+07:00,"4695.75,4700.87,4695.75,4700.33"
2026-05-14 16:50:00+07:00,"4700.32,4702.71,4698.28,4698.91"
2026-05-14 16:55:00+07:00,"4698.95,4701.48,4698.2,4699.49"
2026-05-14 17:00:00+07:00,"4699.65,4700.24,4698.53,4699.34"
2026-05-14 17:05:00+07:00,"4699.37,4700.77,4698.08,4698.59"
2026-05-14 17:10:00+07:00,"4698.6,4705.92,4695.83,4697.27"
2026-05-14 17:15:00+07:00,"4697.28,4698.26,4695.08,4696.79"
2026-05-14 17:20:00+07:00,"4696.8,4697.65,4693.71,4694.48"
2026-05-14 17:25:00+07:00,"4694.47,4698.5,4694.01,4697.61"
2026-05-14 17:30:00+07:00,"4697.56,4698.17,4695.4,4696.95"
2026-05-14 17:35:00+07:00,"4696.93,4697.78,4694.6,4696.18"
2026-05-14 17:40:00+07:00,"4696.07,4696.2,4692.04,4693.61"
2026-05-14 17:45:00+07:00,"4693.63,4695.07,4691.93,4692.84"
2026-05-14 17:50:00+07:00,"4692.85,4697.9,4691.14,4696.73"
2026-05-14 17:55:00+07:00,"4696.75,4697.64,4695.36,4697.11"
2026-05-14 18:00:00+07:00,"4696.99,4698.85,4694.86,4695.24"
2026-05-14 18:05:00+07:00,"4695.25,4699.1,4692.64,4697.38"
2026-05-14 18:10:00+07:00,"4697.4,4698.04,4696.2,4697.39"
2026-05-14 18:15:00+07:00,"4697.45,4697.7,4694.63,4695.3"
2026-05-14 18:20:00+07:00,"4695.28,4696.96,4693.32,4693.79"
2026-05-14 18:25:00+07:00,"4693.77,4694.29,4689.23,4692.1"
2026-05-14 18:30:00+07:00,"4692.14,4695.07,4690.78,4694.02"
2026-05-14 18:35:00+07:00,"4694.01,4695.99,4693.02,4695.76"
2026-05-14 18:40:00+07:00,"4695.73,4697.5,4694.9,4695.41"
2026-05-14 18:45:00+07:00,"4695.43,4700.41,4694.84,4698.27"
2026-05-14 18:50:00+07:00,"4698.21,4704.74,4697.85,4704.23"
2026-05-14 18:55:00+07:00,"4704.19,4705.01,4694.05,4694.05"
2026-05-14 19:00:00+07:00,"4694.03,4698.18,4692.31,4696.44"
2026-05-14 19:05:00+07:00,"4696.46,4699.04,4693.98,4697.29"
2026-05-14 19:10:00+07:00,"4697.3,4703.74,4696.64,4703.7"
2026-05-14 19:15:00+07:00,"4703.7,4703.84,4698.79,4701.45"
2026-05-14 19:20:00+07:00,"4701.43,4707.66,4701.2,4705.48"
2026-05-14 19:25:00+07:00,"4705.47,4706.16,4702.25,4702.33"
2026-05-14 19:30:00+07:00,"4702.35,4708.2,4700.78,4705.95"
2026-05-14 19:35:00+07:00,"4705.9,4710.22,4703.11,4706.61"
2026-05-14 19:40:00+07:00,"4706.59,4707.39,4697.85,4698.06"
2026-05-14 19:45:00+07:00,"4698.07,4703.35,4695.9,4703.08"
2026-05-14 19:50:00+07:00,"4703.09,4705.33,4701.63,4703.69"
2026-05-14 19:55:00+07:00,"4703.73,4706.42,4702.88,4704.88"
2026-05-14 20:00:00+07:00,"4704.92,4707.9,4696.06,4697.43"
2026-05-14 20:05:00+07:00,"4697.44,4703.33,4696.62,4701.3"
2026-05-14 20:10:00+07:00,"4701.27,4705.02,4700.94,4704.07"
2026-05-14 20:15:00+07:00,"4704.08,4704.35,4691.63,4693.56"
2026-05-14 20:20:00+07:00,"4693.54,4695.27,4689.87,4694.75"
2026-05-14 20:25:00+07:00,"4694.73,4697.18,4687.79,4688.33"
2026-05-14 20:30:00+07:00,"4688.41,4689.75,4681.76,4684.44"
2026-05-14 20:35:00+07:00,"4684.46,4687.47,4680.37,4682.61"
2026-05-14 20:40:00+07:00,"4682.6,4683.35,4666.36,4676.86"
2026-05-14 20:45:00+07:00,"4676.91,4690.64,4675.84,4689.48"
2026-05-14 20:50:00+07:00,"4689.43,4691.12,4680.44,4685.27"
2026-05-14 20:55:00+07:00,"4685.29,4686.81,4678.9,4679.48"
2026-05-14 21:00:00+07:00,"4679.5,4689.57,4677.4,4685.83"
2026-05-14 21:05:00+07:00,"4685.88,4687.07,4680.48,4685.61"
2026-05-14 21:10:00+07:00,"4685.75,4690.62,4685.08,4687.68"
2026-05-14 21:15:00+07:00,"4687.64,4695.35,4686.64,4694.55"
2026-05-14 21:20:00+07:00,"4694.63,4700.97,4693.29,4695.13"
2026-05-14 21:25:00+07:00,"4695.12,4695.18,4688.59,4691.57"
2026-05-14 21:30:00+07:00,"4691.56,4692.24,4687.01,4688.28"
2026-05-14 21:35:00+07:00,"4688.3,4690.85,4686.12,4689.9"
2026-05-14 21:40:00+07:00,"4689.88,4692.52,4686.22,4687.13"
2026-05-14 21:45:00+07:00,"4687.01,4689.55,4684.83,4687.23"
2026-05-14 21:50:00+07:00,"4687.21,4690.47,4682.69,4685.32"
2026-05-14 21:55:00+07:00,"4685.31,4688.56,4679.07,4679.66"
2026-05-14 22:00:00+07:00,"4679.78,4682.94,4676.43,4678.6"
2026-05-14 22:05:00+07:00,"4678.58,4683.7,4677.94,4683.61"
2026-05-14 22:10:00+07:00,"4683.63,4687.01,4682.26,4684.9"
2026-05-14 22:15:00+07:00,"4684.89,4688.97,4684.36,4687.5"
2026-05-14 22:20:00+07:00,"4687.48,4687.74,4684.13,4685.87"
2026-05-14 22:25:00+07:00,"4685.87,4689.61,4685.38,4685.88"
2026-05-14 22:30:00+07:00,"4685.91,4688.85,4684.57,4688.83"
2026-05-14 22:35:00+07:00,"4688.85,4689.12,4685.07,4686.57"
2026-05-14 22:40:00+07:00,"4686.57,4687.37,4682.75,4683.54"
2026-05-14 22:45:00+07:00,"4683.52,4684.19,4682.8,4684.09"
2026-05-14 22:50:00+07:00,"4684.07,4685.22,4682.91,4684.54"
2026-05-14 22:55:00+07:00,"4684.54,4686.74,4682.7,4685.93"
2026-05-14 23:00:00+07:00,"4685.85,4687.02,4678.11,4679.13"
2026-05-14 23:05:00+07:00,"4679.13,4679.6,4674.64,4677.15"
2026-05-14 23:10:00+07:00,"4677.16,4679.56,4674.11,4678.53"
2026-05-14 23:15:00+07:00,"4678.54,4681.45,4678.39,4680.11"
2026-05-14 23:20:00+07:00,"4680.13,4680.78,4676.93,4677.71"
2026-05-14 23:25:00+07:00,"4677.73,4678.17,4675.3,4677.21"
2026-05-14 23:30:00+07:00,"4677.17,4678.37,4673.78,4674.42"
2026-05-14 23:35:00+07:00,"4674.43,4675.2,4670.29,4673.05"
2026-05-14 23:40:00+07:00,"4673.02,4676.07,4672.58,4675.23"
2026-05-14 23:45:00+07:00,"4675.22,4676.86,4672.27,4676.46"
2026-05-14 23:50:00+07:00,"4676.44,4678.75,4675.36,4677.42"
2026-05-14 23:55:00+07:00,"4677.46,4679.1,4675.23,4678.38"
2026-05-15 00:00:00+07:00,"4678.4,4682.15,4678.4,4681.24"
2026-05-15 00:05:00+07:00,"4681.26,4682.66,4679.79,4680.1"
2026-05-15 00:10:00+07:00,"4680.11,4681.35,4678.52,4678.81"
2026-05-15 00:15:00+07:00,"4678.82,4681.07,4678.21,4679.93"
2026-05-15 00:20:00+07:00,"4679.95,4683.04,4679.51,4680.96"
2026-05-15 00:25:00+07:00,"4680.95,4682.38,4676.92,4677.28"
2026-05-15 00:30:00+07:00,"4677.23,4679.33,4676.22,4679.01"
2026-05-15 00:35:00+07:00,"4679.11,4680.03,4678.35,4678.91"
2026-05-15 00:40:00+07:00,"4678.92,4681.73,4678.87,4681.54"
2026-05-15 00:45:00+07:00,"4681.55,4681.94,4679.82,4681"
2026-05-15 00:50:00+07:00,"4681.01,4681.31,4677.89,4678.12"
2026-05-15 00:55:00+07:00,"4678.13,4679.51,4677.68,4678.2"
2026-05-15 01:00:00+07:00,"4678.21,4678.55,4668.6,4670.26"
2026-05-15 01:05:00+07:00,"4670.28,4674.21,4669.07,4672.1"
2026-05-15 01:10:00+07:00,"4672.11,4674.8,4671.53,4674.64"
2026-05-15 01:15:00+07:00,"4674.65,4676.18,4673.94,4675.79"
2026-05-15 01:20:00+07:00,"4675.89,4676.51,4674.12,4674.84"
2026-05-15 01:25:00+07:00,"4674.85,4675.92,4672.87,4673.49"
2026-05-15 01:30:00+07:00,"4673.48,4675.1,4672.45,4673.17"
2026-05-15 01:35:00+07:00,"4673.18,4673.77,4670.13,4670.13"
2026-05-15 01:40:00+07:00,"4670.14,4671.91,4668.32,4668.68"
2026-05-15 01:45:00+07:00,"4668.81,4670.06,4666.73,4669.59"
2026-05-15 01:50:00+07:00,"4669.6,4670.43,4668.18,4668.18"
2026-05-15 01:55:00+07:00,"4668.19,4671.85,4668,4671.72"
2026-05-15 02:00:00+07:00,"4671.77,4671.91,4668.29,4669"
2026-05-15 02:05:00+07:00,"4668.99,4669.3,4666.81,4669.16"
2026-05-15 02:10:00+07:00,"4669.15,4669.36,4666.75,4667.42"
2026-05-15 02:15:00+07:00,"4667.41,4668.15,4665.86,4667.54"
2026-05-15 02:20:00+07:00,"4667.51,4669.47,4666.98,4667.93"
2026-05-15 02:25:00+07:00,"4667.94,4669.14,4662.56,4663.43"
2026-05-15 02:30:00+07:00,"4663.43,4665.46,4661.41,4664.61"
2026-05-15 02:35:00+07:00,"4664.6,4664.75,4658.54,4659.37"
2026-05-15 02:40:00+07:00,"4659.35,4660.66,4655.5,4656.48"
2026-05-15 02:45:00+07:00,"4656.5,4657.92,4652.94,4657.32"
2026-05-15 02:50:00+07:00,"4657.33,4659,4655.83,4658.24"
2026-05-15 02:55:00+07:00,"4658.23,4658.45,4653.31,4654.1"
2026-05-15 03:00:00+07:00,"4654.01,4657.06,4649.65,4649.8"
2026-05-15 03:05:00+07:00,"4649.81,4651.97,4649.04,4651.87"
2026-05-15 03:10:00+07:00,"4651.88,4652.8,4649.59,4649.75"
2026-05-15 03:15:00+07:00,"4649.76,4651,4648.34,4649.24"
2026-05-15 03:20:00+07:00,"4649.23,4650.64,4648.12,4648.64"
2026-05-15 03:25:00+07:00,"4648.62,4648.81,4646.68,4648.13"
2026-05-15 03:30:00+07:00,"4648.14,4648.5,4646.94,4647.69"
2026-05-15 03:35:00+07:00,"4647.68,4648.42,4644.25,4646.04"
2026-05-15 03:40:00+07:00,"4646.03,4652.92,4645.39,4650.78"
2026-05-15 03:45:00+07:00,"4650.86,4652.34,4650.14,4650.42"
2026-05-15 03:50:00+07:00,"4650.39,4651.43,4649.2,4651.25"
2026-05-15 03:55:00+07:00,"4651.24,4652.46,4649.29,4649.29"
2026-05-15 05:00:00+07:00,"4652.2,4654.11,4646.09,4653.03"
2026-05-15 05:05:00+07:00,"4653.09,4657.57,4651.87,4655.93"
2026-05-15 05:10:00+07:00,"4655.9,4658.13,4653.93,4655.51"
2026-05-15 05:15:00+07:00,"4655.52,4659.36,4655.24,4659.05"
2026-05-15 05:20:00+07:00,"4659.1,4659.29,4657.28,4657.98"
2026-05-15 05:25:00+07:00,"4657.99,4659.37,4657.24,4658.74"
2026-05-15 05:30:00+07:00,"4658.77,4662.42,4658.67,4660.53"
2026-05-15 05:35:00+07:00,"4660.52,4661.84,4658.79,4660.84"
2026-05-15 05:40:00+07:00,"4660.82,4662.56,4660.02,4661.79"
2026-05-15 05:45:00+07:00,"4661.78,4662.07,4660.77,4661.14"
2026-05-15 05:50:00+07:00,"4661.12,4662.64,4659.91,4662.48"
2026-05-15 05:55:00+07:00,"4662.46,4662.72,4661.92,4662.11"
2026-05-15 06:00:00+07:00,"4662.31,4663.35,4660.76,4663.04"
2026-05-15 06:05:00+07:00,"4662.98,4663.32,4661.01,4661.12"
2026-05-15 06:10:00+07:00,"4661.13,4663.12,4658.68,4659.11"
2026-05-15 06:15:00+07:00,"4659.11,4660.32,4655.96,4658.81"
2026-05-15 06:20:00+07:00,"4658.8,4659.36,4655.71,4658.1"
2026-05-15 06:25:00+07:00,"4658.08,4664.29,4657.89,4664.1"
2026-05-15 06:30:00+07:00,"4664.09,4665.39,4650.24,4651.22"
2026-05-15 06:35:00+07:00,"4651.21,4653.48,4646.88,4652.84"
2026-05-15 06:40:00+07:00,"4652.83,4657.53,4652.04,4657.4"
2026-05-15 06:45:00+07:00,"4657.41,4657.67,4652.4,4654.54"
2026-05-15 06:50:00+07:00,"4654.49,4655.62,4651.07,4652.14"
2026-05-15 06:55:00+07:00,"4652.13,4652.26,4648.19,4652.12"
2026-05-15 07:00:00+07:00,"4652.16,4653.77,4642.13,4649.6"
2026-05-15 07:05:00+07:00,"4649.61,4652.21,4646.43,4650.68"
2026-05-15 07:10:00+07:00,"4650.61,4651.25,4644.78,4650.52"
2026-05-15 07:15:00+07:00,"4650.53,4658.27,4649.06,4654.07"
2026-05-15 07:20:00+07:00,"4654.07,4654.82,4644.55,4644.74"
2026-05-15 07:25:00+07:00,"4644.72,4644.87,4628.28,4630.29"
2026-05-15 07:30:00+07:00,"4630.23,4630.82,4622.05,4624.05"
2026-05-15 07:35:00+07:00,"4624.04,4625.12,4618.37,4621.68"
2026-05-15 07:40:00+07:00,"4621.65,4622.07,4613.51,4619.42"
2026-05-15 07:45:00+07:00,"4619.44,4627.8,4619.16,4627.77"
2026-05-15 07:50:00+07:00,"4627.78,4627.79,4617.24,4620.24"
2026-05-15 07:55:00+07:00,"4620.25,4630.64,4617.53,4630.43"
2026-05-15 08:00:00+07:00,"4630.42,4631.85,4618.88,4622.78"
2026-05-15 08:05:00+07:00,"4622.8,4624.35,4609.26,4609.97"
2026-05-15 08:10:00+07:00,"4609.95,4615.45,4607.4,4614.68"
2026-05-15 08:15:00+07:00,"4614.69,4620.94,4608.66,4619.94"
2026-05-15 08:20:00+07:00,"4619.92,4626.02,4616.31,4620.88"
2026-05-15 08:25:00+07:00,"4620.96,4621.66,4608.3,4608.8"
2026-05-15 08:30:00+07:00,"4608.89,4617.12,4607.62,4616.37"
2026-05-15 08:35:00+07:00,"4616.35,4621.44,4613.85,4617.65"
2026-05-15 08:40:00+07:00,"4617.67,4623.18,4617.23,4623"
2026-05-15 08:45:00+07:00,"4622.99,4624.66,4614.32,4616.47"
2026-05-15 08:50:00+07:00,"4616.47,4618.2,4607.51,4610.31"
2026-05-15 08:55:00+07:00,"4610.23,4616.57,4610.16,4614.41"
2026-05-15 09:00:00+07:00,"4614.43,4615.89,4609.86,4614.12"
2026-05-15 09:05:00+07:00,"4614.13,4618.67,4612.73,4618.22"
2026-05-15 09:10:00+07:00,"4618.23,4619.21,4612.67,4613.17"
2026-05-15 09:15:00+07:00,"4613.16,4616.54,4609.18,4613.89"
2026-05-15 09:20:00+07:00,"4613.93,4616.17,4612.15,4613.94"
2026-05-15 09:25:00+07:00,"4613.93,4615.36,4611.58,4612.65"
2026-05-15 09:30:00+07:00,"4612.63,4615.01,4609.7,4612.54"
2026-05-15 09:35:00+07:00,"4612.52,4616.73,4611.91,4613.04"
2026-05-15 09:40:00+07:00,"4613.04,4618.06,4610.76,4617.84"
2026-05-15 09:45:00+07:00,"4617.85,4618.99,4611.56,4614.66"
2026-05-15 09:50:00+07:00,"4614.67,4621.49,4612.39,4620.95"
2026-05-15 09:55:00+07:00,"4621.01,4623.6,4617.45,4618.05"
2026-05-15 10:00:00+07:00,"4618.02,4620.79,4614.58,4619.36"
2026-05-15 10:05:00+07:00,"4619.35,4622.41,4616.66,4617.54"
2026-05-15 10:10:00+07:00,"4617.54,4620.18,4616.46,4617.5"
2026-05-15 10:15:00+07:00,"4617.67,4618.67,4614.38,4614.83"
2026-05-15 10:20:00+07:00,"4614.84,4615.15,4609.75,4614.36"
2026-05-15 10:25:00+07:00,"4614.28,4614.88,4611.84,4612.94"
2026-05-15 10:30:00+07:00,"4612.91,4614.23,4607.41,4609.2"
2026-05-15 10:35:00+07:00,"4609.2,4615.81,4608.64,4614.86"
2026-05-15 10:40:00+07:00,"4614.85,4617.32,4613.16,4613.54"
2026-05-15 10:45:00+07:00,"4613.52,4615.88,4612.58,4615.71"
2026-05-15 10:50:00+07:00,"4615.71,4617.6,4612.52,4612.98"
2026-05-15 10:55:00+07:00,"4612.97,4616.65,4610.39,4615.44"
2026-05-15 11:00:00+07:00,"4615.47,4616.67,4613.03,4614.32"
2026-05-15 11:05:00+07:00,"4614.33,4621.81,4614.33,4621.62"
2026-05-15 11:10:00+07:00,"4621.63,4621.71,4618.33,4620.11"
2026-05-15 11:15:00+07:00,"4620.13,4620.67,4614.02,4614.28"
2026-05-15 11:20:00+07:00,"4614.28,4614.38,4607.27,4610.83"
2026-05-15 11:25:00+07:00,"4610.82,4612.92,4609.38,4610.91"
2026-05-15 11:30:00+07:00,"4610.91,4615,4610.69,4614.3"
2026-05-15 11:35:00+07:00,"4614.31,4614.97,4610.43,4611.44"
2026-05-15 11:40:00+07:00,"4611.52,4613.45,4604.32,4605.75"
2026-05-15 11:45:00+07:00,"4605.78,4610.25,4604.87,4609.79"
2026-05-15 11:50:00+07:00,"4609.8,4612.52,4607.92,4608.07"
2026-05-15 11:55:00+07:00,"4608.08,4608.41,4604.76,4606.21"
2026-05-15 12:00:00+07:00,"4606.21,4606.64,4599.05,4599.96"
2026-05-15 12:05:00+07:00,"4599.97,4601.48,4592.25,4593.07"
2026-05-15 12:10:00+07:00,"4593.06,4593.88,4588.49,4592.03"
2026-05-15 12:15:00+07:00,"4592.02,4595.54,4581.31,4583.07"
2026-05-15 12:20:00+07:00,"4583.1,4589.72,4580.64,4584.78"
2026-05-15 12:25:00+07:00,"4584.77,4590.43,4583.33,4589.05"
2026-05-15 12:30:00+07:00,"4589.11,4590.35,4567.27,4569.74"
2026-05-15 12:35:00+07:00,"4569.68,4572.19,4563.61,4569.1"
2026-05-15 12:40:00+07:00,"4569.12,4575.81,4565.9,4568.85"
2026-05-15 12:45:00+07:00,"4568.86,4570.75,4562.36,4563.75"
2026-05-15 12:50:00+07:00,"4563.9,4573.52,4563.9,4569.25"
2026-05-15 12:55:00+07:00,"4569.26,4571.08,4555.92,4559.01"
2026-05-15 13:00:00+07:00,"4558.93,4565.53,4556.31,4563.91"
2026-05-15 13:05:00+07:00,"4563.9,4570.35,4561.77,4566.7"
2026-05-15 13:10:00+07:00,"4566.64,4573.39,4564.4,4571.21"
2026-05-15 13:15:00+07:00,"4571.19,4578.43,4570.14,4575.63"
2026-05-15 13:20:00+07:00,"4575.61,4578.53,4573.06,4575.27"
2026-05-15 13:25:00+07:00,"4575.22,4578.21,4572.41,4575.36"
2026-05-15 13:30:00+07:00,"4575.39,4580.68,4574.32,4574.97"
2026-05-15 13:35:00+07:00,"4575.06,4576.45,4570.73,4572.23"
2026-05-15 13:40:00+07:00,"4572.22,4573.41,4566.86,4567.52"
2026-05-15 13:45:00+07:00,"4567.52,4574.45,4564.08,4573"
2026-05-15 13:50:00+07:00,"4572.99,4574.52,4568.63,4569.16"
2026-05-15 13:55:00+07:00,"4569.18,4571.22,4566.24,4569.97"
2026-05-15 14:00:00+07:00,"4569.89,4572.53,4565.81,4570.14"
2026-05-15 14:05:00+07:00,"4570.12,4576.59,4569.13,4576.13"
2026-05-15 14:10:00+07:00,"4576.15,4586.24,4575.39,4585.91"
2026-05-15 14:15:00+07:00,"4585.93,4587.32,4582.11,4586.19"
2026-05-15 14:20:00+07:00,"4586.26,4588.82,4582.24,4582.32"
2026-05-15 14:25:00+07:00,"4582.33,4583.69,4579,4581.98"
2026-05-15 14:30:00+07:00,"4581.96,4582.72,4577.13,4579.09"
2026-05-15 14:35:00+07:00,"4579.08,4582.47,4574.62,4577.11"
2026-05-15 14:40:00+07:00,"4577.13,4578.96,4575.39,4577.69"
2026-05-15 14:45:00+07:00,"4577.67,4578.87,4574.09,4575.14"
2026-05-15 14:50:00+07:00,"4575.12,4575.12,4567.97,4570.77"
2026-05-15 14:55:00+07:00,"4570.76,4573.24,4568.63,4570.83"
2026-05-15 15:00:00+07:00,"4570.79,4572.38,4557.49,4561.37"
2026-05-15 15:05:00+07:00,"4561.3,4567.86,4559.79,4566.59"
2026-05-15 15:10:00+07:00,"4566.61,4567.62,4563.33,4565.31"
2026-05-15 15:15:00+07:00,"4565.32,4565.9,4552.73,4556.94"
2026-05-15 15:20:00+07:00,"4556.95,4561.38,4554.03,4560.27"
2026-05-15 15:25:00+07:00,"4560.26,4561.43,4555.76,4558.23"
2026-05-15 15:30:00+07:00,"4558.1,4558.1,4549.31,4555.19"
2026-05-15 15:35:00+07:00,"4555.21,4559.26,4553.21,4558.45"
2026-05-15 15:40:00+07:00,"4558.39,4562.87,4557.47,4562.46"
2026-05-15 15:45:00+07:00,"4562.47,4563.74,4558.09,4562.4"
2026-05-15 15:50:00+07:00,"4562.42,4562.69,4556.67,4557.86"
2026-05-15 15:55:00+07:00,"4557.83,4557.88,4552.3,4554.68"
2026-05-15 16:00:00+07:00,"4554.71,4558.81,4550.18,4558.01"
2026-05-15 16:05:00+07:00,"4558,4564.13,4553.02,4554.95"
2026-05-15 16:10:00+07:00,"4555.01,4555.34,4545.43,4547.34"
2026-05-15 16:15:00+07:00,"4547.32,4549.44,4538.4,4546.66"
2026-05-15 16:20:00+07:00,"4546.78,4552.49,4544.56,4551.9"
2026-05-15 16:25:00+07:00,"4551.84,4554.82,4550.09,4553.26"
2026-05-15 16:30:00+07:00,"4553.25,4555.85,4551.81,4553.54"
2026-05-15 16:35:00+07:00,"4553.55,4553.67,4544.59,4546.89"
2026-05-15 16:40:00+07:00,"4546.88,4549.45,4542.53,4543.56"
2026-05-15 16:45:00+07:00,"4543.57,4544.06,4537.47,4538.1"
2026-05-15 16:50:00+07:00,"4538.05,4543.33,4531.52,4542.38"
2026-05-15 16:55:00+07:00,"4542.41,4547.05,4537.81,4545.79"
2026-05-15 17:00:00+07:00,"4545.77,4549.55,4544.03,4546.52"
2026-05-15 17:05:00+07:00,"4546.47,4559.82,4546.08,4558.79"
2026-05-15 17:10:00+07:00,"4558.76,4562.77,4556.17,4561.01"
2026-05-15 17:15:00+07:00,"4561.02,4563.47,4556.79,4557.43"
2026-05-15 17:20:00+07:00,"4557.44,4562.07,4555.81,4556.08"
2026-05-15 17:25:00+07:00,"4555.91,4556.84,4551.47,4551.91"
2026-05-15 17:30:00+07:00,"4551.9,4557.02,4550.54,4554.81"
2026-05-15 17:35:00+07:00,"4554.79,4555.11,4551.06,4552.34"
2026-05-15 17:40:00+07:00,"4552.35,4555.65,4549.38,4555.63"
2026-05-15 17:45:00+07:00,"4555.61,4563.59,4554.08,4559.73"
2026-05-15 17:50:00+07:00,"4559.67,4573.05,4557.4,4569.12"
2026-05-15 17:55:00+07:00,"4569.07,4569.78,4564.21,4566.1"
2026-05-15 18:00:00+07:00,"4565.98,4570.25,4561.66,4561.8"
2026-05-15 18:05:00+07:00,"4561.8,4566.53,4560.8,4564.37"
2026-05-15 18:10:00+07:00,"4564.41,4569.09,4563.53,4566.34"
2026-05-15 18:15:00+07:00,"4566.37,4568.76,4563.5,4564.3"
2026-05-15 18:20:00+07:00,"4564.29,4565.76,4562.96,4564.99"
2026-05-15 18:25:00+07:00,"4564.98,4564.98,4558.94,4562.38"
2026-05-15 18:30:00+07:00,"4562.39,4562.63,4558.63,4559.3"
2026-05-15 18:35:00+07:00,"4559.29,4560.16,4553.62,4554.36"
2026-05-15 18:40:00+07:00,"4554.35,4554.91,4550.95,4551.43"
2026-05-15 18:45:00+07:00,"4551.44,4558.9,4551.15,4556.48"
2026-05-15 18:50:00+07:00,"4556.46,4558.89,4553.5,4554.08"
2026-05-15 18:55:00+07:00,"4554.04,4554.22,4549.73,4552.06"
2026-05-15 19:00:00+07:00,"4552.07,4552.18,4546.23,4550.31"
2026-05-15 19:05:00+07:00,"4550.33,4553.27,4548.75,4553.25"
2026-05-15 19:10:00+07:00,"4553.27,4555.45,4545.33,4545.87"
2026-05-15 19:15:00+07:00,"4545.87,4551.62,4544.86,4548.8"
2026-05-15 19:20:00+07:00,"4548.79,4559.21,4547.89,4555.41"
2026-05-15 19:25:00+07:00,"4555.54,4557.43,4552.7,4554.84"
2026-05-15 19:30:00+07:00,"4554.81,4554.92,4547.89,4549.39"
2026-05-15 19:35:00+07:00,"4549.39,4553.89,4547.59,4548.12"
2026-05-15 19:40:00+07:00,"4548.1,4550.06,4543.52,4545.87"
2026-05-15 19:45:00+07:00,"4545.81,4552,4543.35,4549.45"
2026-05-15 19:50:00+07:00,"4549.44,4555.78,4547.34,4554.79"
2026-05-15 19:55:00+07:00,"4554.7,4554.76,4545.78,4545.79"
2026-05-15 20:00:00+07:00,"4545.78,4549.45,4537.99,4544.28"
2026-05-15 20:05:00+07:00,"4544.29,4549.81,4535.76,4538.53"
2026-05-15 20:10:00+07:00,"4538.52,4546.86,4538.1,4546.49"
2026-05-15 20:15:00+07:00,"4546.48,4553.51,4540.61,4551.06"
2026-05-15 20:20:00+07:00,"4551.04,4554.83,4549.4,4554.6"
2026-05-15 20:25:00+07:00,"4554.68,4557.76,4546.45,4548.94"
2026-05-15 20:30:00+07:00,"4548.86,4551.48,4541.5,4542.62"
2026-05-15 20:35:00+07:00,"4542.66,4543.26,4526.61,4528.5"
2026-05-15 20:40:00+07:00,"4528.54,4531.43,4519.76,4519.91"
2026-05-15 20:45:00+07:00,"4519.88,4529.73,4511.37,4528.89"
2026-05-15 20:50:00+07:00,"4528.89,4537.25,4525.72,4534.7"
2026-05-15 20:55:00+07:00,"4534.71,4542.23,4531,4533.46"
2026-05-15 21:00:00+07:00,"4533.43,4535.37,4525.42,4533.63"
2026-05-15 21:05:00+07:00,"4533.34,4540.42,4533.34,4534.27"
2026-05-15 21:10:00+07:00,"4534.27,4550.43,4533.74,4543.41"
2026-05-15 21:15:00+07:00,"4543.4,4559,4540.6,4558.99"
2026-05-15 21:20:00+07:00,"4559,4562.82,4556.05,4558.33"
2026-05-15 21:25:00+07:00,"4558.34,4559.13,4552.36,4555.58"
2026-05-15 21:30:00+07:00,"4555.64,4559.74,4553.04,4557.46"
2026-05-15 21:35:00+07:00,"4557.43,4560.5,4554.37,4556"
2026-05-15 21:40:00+07:00,"4555.84,4557.7,4550.61,4557.06"
2026-05-15 21:45:00+07:00,"4557.05,4557.54,4550.18,4551.46"
2026-05-15 21:50:00+07:00,"4551.59,4557.37,4546.1,4557.08"
2026-05-15 21:55:00+07:00,"4557.02,4566.99,4554.98,4562.74"
2026-05-15 22:00:00+07:00,"4562.75,4563.8,4551.67,4553.5"
2026-05-15 22:05:00+07:00,"4553.48,4559.01,4551.71,4558.72"
2026-05-15 22:10:00+07:00,"4558.71,4560.39,4550.8,4552.39"
2026-05-15 22:15:00+07:00,"4552.41,4554.22,4546.36,4547.67"
2026-05-15 22:20:00+07:00,"4547.71,4552.37,4543.9,4545.73"
2026-05-15 22:25:00+07:00,"4545.72,4549.04,4542.8,4547.41"
2026-05-15 22:30:00+07:00,"4547.38,4550.62,4543.51,4543.86"
2026-05-15 22:35:00+07:00,"4543.85,4546.88,4541.76,4542.51"
2026-05-15 22:40:00+07:00,"4542.49,4544.94,4539.79,4541.34"
2026-05-15 22:45:00+07:00,"4541.4,4542.92,4539.08,4540.25"
2026-05-15 22:50:00+07:00,"4540.26,4543.65,4536.28,4538"
2026-05-15 22:55:00+07:00,"4537.98,4539.85,4533.63,4539.85"
2026-05-15 23:00:00+07:00,"4539.81,4542.49,4533.37,4535.75"
2026-05-15 23:05:00+07:00,"4535.77,4536.68,4529.4,4531.4"
2026-05-15 23:10:00+07:00,"4531.37,4533.68,4529.42,4532.75"
2026-05-15 23:15:00+07:00,"4532.74,4534.94,4531.37,4533.69"
2026-05-15 23:20:00+07:00,"4533.74,4540.58,4533.2,4540.57"
2026-05-15 23:25:00+07:00,"4540.56,4542.33,4537.01,4540.87"
2026-05-15 23:30:00+07:00,"4540.86,4544.22,4540.11,4544.17"
2026-05-15 23:35:00+07:00,"4544.17,4545.89,4542.69,4545.68"
2026-05-15 23:40:00+07:00,"4545.7,4547.63,4543.75,4547.34"
2026-05-15 23:45:00+07:00,"4547.35,4548.12,4544.95,4545.53"
2026-05-15 23:50:00+07:00,"4545.52,4547.35,4541.97,4542.63"
2026-05-15 23:55:00+07:00,"4542.68,4545.02,4541.92,4544.17"
2026-05-16 00:00:00+07:00,"4544.19,4552.44,4543.09,4550.03"
2026-05-16 00:05:00+07:00,"4550.28,4555.32,4549.64,4554.72"
2026-05-16 00:10:00+07:00,"4554.73,4558.18,4554.51,4557.03"
2026-05-16 00:15:00+07:00,"4557.05,4557.66,4554.33,4555.9"
2026-05-16 00:20:00+07:00,"4555.91,4563.78,4555.2,4562.07"
2026-05-16 00:25:00+07:00,"4562.08,4564.65,4556.41,4557.73"
2026-05-16 00:30:00+07:00,"4557.72,4563.27,4557.63,4562.5"
2026-05-16 00:35:00+07:00,"4562.49,4563.52,4559.93,4562.94"
2026-05-16 00:40:00+07:00,"4562.95,4563.61,4560.59,4560.78"
2026-05-16 00:45:00+07:00,"4560.81,4562.71,4559.78,4560.54"
2026-05-16 00:50:00+07:00,"4560.55,4560.55,4558.05,4558.28"
2026-05-16 00:55:00+07:00,"4558.29,4560.65,4557.29,4559.57"
2026-05-16 01:00:00+07:00,"4559.56,4561.4,4557.97,4559.18"
2026-05-16 01:05:00+07:00,"4559.19,4559.85,4555.86,4558.48"
2026-05-16 01:10:00+07:00,"4558.45,4562.01,4557.95,4561.76"
2026-05-16 01:15:00+07:00,"4561.77,4563.27,4552.87,4554.48"
2026-05-16 01:20:00+07:00,"4554.49,4560.03,4554.38,4558.7"
2026-05-16 01:25:00+07:00,"4558.56,4559.53,4556.33,4558.18"
2026-05-16 01:30:00+07:00,"4558.19,4559.23,4552.25,4555.34"
2026-05-16 01:35:00+07:00,"4555.35,4558.22,4554.61,4558.1"
2026-05-16 01:40:00+07:00,"4558.18,4558.6,4555.66,4557.72"
2026-05-16 01:45:00+07:00,"4557.73,4560.31,4556.7,4559.34"
2026-05-16 01:50:00+07:00,"4559.33,4562.89,4559.31,4561.05"
2026-05-16 01:55:00+07:00,"4561.06,4561.45,4558.45,4559.29"
2026-05-16 02:00:00+07:00,"4559.39,4560.41,4554.22,4554.45"
2026-05-16 02:05:00+07:00,"4554.46,4555.87,4551.55,4551.87"
2026-05-16 02:10:00+07:00,"4551.88,4552.31,4549.43,4550.51"
2026-05-16 02:15:00+07:00,"4550.5,4552.4,4548.81,4552.35"
2026-05-16 02:20:00+07:00,"4552.34,4552.86,4549.96,4550.06"
2026-05-16 02:25:00+07:00,"4550.09,4551.05,4548.49,4550.14"
2026-05-16 02:30:00+07:00,"4550.14,4553.89,4549.63,4550.61"
2026-05-16 02:35:00+07:00,"4550.61,4555.35,4549.47,4554.77"
2026-05-16 02:40:00+07:00,"4554.79,4555.37,4552.53,4553.56"
2026-05-16 02:45:00+07:00,"4553.57,4554.38,4551.5,4552.12"
2026-05-16 02:50:00+07:00,"4552.11,4552.11,4548.47,4549.22"
2026-05-16 02:55:00+07:00,"4548.96,4548.96,4544.74,4545.82"
2026-05-16 03:00:00+07:00,"4545.86,4546.26,4538.94,4540.02"
2026-05-16 03:05:00+07:00,"4540.1,4540.55,4536.1,4536.77"
2026-05-16 03:10:00+07:00,"4536.79,4540.63,4536.66,4538.32"
2026-05-16 03:15:00+07:00,"4538.33,4538.4,4535.25,4536.64"
2026-05-16 03:20:00+07:00,"4536.7,4537.97,4532.87,4537.46"
2026-05-16 03:25:00+07:00,"4537.48,4539.19,4536.4,4539.06"
2026-05-16 03:30:00+07:00,"4539.08,4543.93,4538.92,4541.13"
2026-05-16 03:35:00+07:00,"4541.12,4542.04,4539.12,4540.65"
2026-05-16 03:40:00+07:00,"4540.63,4541.37,4539.01,4540.39"
2026-05-16 03:45:00+07:00,"4540.36,4541.49,4537.85,4538.18"
2026-05-16 03:50:00+07:00,"4538.19,4538.53,4535.99,4538.44"
2026-05-16 03:55:00+07:00,"4538.43,4540.66,4537.71,4538.69"
2026-05-18 05:00:00+07:00,"4532.19,4545.54,4528.27,4545.01"
2026-05-18 05:05:00+07:00,"4545.02,4555.06,4544.97,4553.32"
2026-05-18 05:10:00+07:00,"4553.43,4554.59,4547.77,4548.46"
2026-05-18 05:15:00+07:00,"4548.47,4550.15,4543.79,4544.99"
2026-05-18 05:20:00+07:00,"4545.04,4546.69,4537.95,4545.17"
2026-05-18 05:25:00+07:00,"4545.16,4545.39,4538.59,4540.96"
2026-05-18 05:30:00+07:00,"4540.95,4551.08,4540.84,4544.49"
2026-05-18 05:35:00+07:00,"4544.67,4552.68,4544.67,4551.11"
2026-05-18 05:40:00+07:00,"4551.09,4553.9,4547.95,4549.84"
2026-05-18 05:45:00+07:00,"4549.9,4554.66,4549.25,4551.77"
2026-05-18 05:50:00+07:00,"4551.83,4552.1,4546.87,4547.24"
2026-05-18 05:55:00+07:00,"4547.25,4549.93,4543.47,4545.98"
2026-05-18 06:00:00+07:00,"4545.91,4548.13,4543.86,4545.46"
2026-05-18 06:05:00+07:00,"4545.28,4545.41,4539.45,4541.57"
2026-05-18 06:10:00+07:00,"4541.58,4545.88,4539.78,4541.65"
2026-05-18 06:15:00+07:00,"4541.62,4543.2,4538.68,4539.49"
2026-05-18 06:20:00+07:00,"4539.56,4544.58,4539.56,4541.71"
2026-05-18 06:25:00+07:00,"4541.73,4543.88,4537.89,4538.2"
2026-05-18 06:30:00+07:00,"4538.18,4539.64,4534.87,4538.94"
2026-05-18 06:35:00+07:00,"4538.95,4541.5,4536.68,4539.29"
2026-05-18 06:40:00+07:00,"4539.29,4541.13,4532.33,4539.12"
2026-05-18 06:45:00+07:00,"4539.13,4540.73,4531.81,4538.1"
2026-05-18 06:50:00+07:00,"4538.09,4544.22,4537.46,4540.9"
2026-05-18 06:55:00+07:00,"4540.91,4542.35,4535.37,4537.19"
2026-05-18 07:00:00+07:00,"4537.18,4542.66,4530.15,4531.16"
2026-05-18 07:05:00+07:00,"4531.17,4534,4523.17,4524.04"
2026-05-18 07:10:00+07:00,"4524.04,4529.89,4523.79,4526.41"
2026-05-18 07:15:00+07:00,"4526.43,4529.65,4522.92,4523.06"
2026-05-18 07:20:00+07:00,"4523.04,4533.7,4517.07,4517.61"
2026-05-18 07:25:00+07:00,"4517.59,4520.79,4514.2,4515.96"
2026-05-18 07:30:00+07:00,"4515.84,4519.13,4486.86,4492.16"
2026-05-18 07:35:00+07:00,"4492.2,4503.5,4489.04,4490.27"
2026-05-18 07:40:00+07:00,"4490.23,4493.51,4480.26,4481.77"
2026-05-18 07:45:00+07:00,"4481.75,4496.63,4480.11,4494.35"
2026-05-18 07:50:00+07:00,"4494.36,4496.07,4486.33,4491.52"
2026-05-18 07:55:00+07:00,"4491.51,4516.83,4491.34,4514.9"
2026-05-18 08:00:00+07:00,"4514.89,4516.35,4489.13,4497.78"
2026-05-18 08:05:00+07:00,"4497.76,4505.09,4491.99,4501.67"
2026-05-18 08:10:00+07:00,"4501.66,4505.53,4494.18,4496.25"
2026-05-18 08:15:00+07:00,"4496.24,4501.02,4492.78,4498.37"
2026-05-18 08:20:00+07:00,"4498.38,4508.35,4493.52,4506.87"
2026-05-18 08:25:00+07:00,"4506.86,4510.04,4498.41,4503.94"
2026-05-18 08:30:00+07:00,"4504.32,4511.32,4501.44,4510.21"
2026-05-18 08:35:00+07:00,"4510.2,4513.77,4499.2,4508.18"
2026-05-18 08:40:00+07:00,"4508.16,4512.85,4505.95,4512.58"
2026-05-18 08:45:00+07:00,"4512.61,4528.67,4510.97,4528.05"
2026-05-18 08:50:00+07:00,"4527.97,4535.73,4525.67,4530.41"
2026-05-18 08:55:00+07:00,"4530.45,4530.64,4524.78,4525.53"
2026-05-18 09:00:00+07:00,"4525.52,4536.48,4521.88,4532.11"
2026-05-18 09:05:00+07:00,"4532.12,4533.9,4525.64,4528.75"
2026-05-18 09:10:00+07:00,"4528.69,4538.55,4527.81,4536.39"
2026-05-18 09:15:00+07:00,"4536.38,4538.11,4531.97,4534.99"
2026-05-18 09:20:00+07:00,"4535,4540.88,4533.06,4537.29"
2026-05-18 09:25:00+07:00,"4537.42,4539.99,4533.45,4533.6"
2026-05-18 09:30:00+07:00,"4533.59,4538.04,4529.44,4532.27"
2026-05-18 09:35:00+07:00,"4532.29,4538.63,4530.66,4538.23"
2026-05-18 09:40:00+07:00,"4538.24,4541.32,4534.91,4536.35"
2026-05-18 09:45:00+07:00,"4536.36,4542.74,4530.31,4530.73"
2026-05-18 09:50:00+07:00,"4530.75,4535.64,4530.36,4534.04"
2026-05-18 09:55:00+07:00,"4534.02,4535.31,4530.86,4533.68"
2026-05-18 10:00:00+07:00,"4533.67,4535.81,4530.04,4531.08"
2026-05-18 10:05:00+07:00,"4531.07,4534.91,4527.52,4533.09"
2026-05-18 10:10:00+07:00,"4533.1,4535.74,4526.93,4529.72"
2026-05-18 10:15:00+07:00,"4529.71,4533.31,4528.36,4530.87"
2026-05-18 10:20:00+07:00,"4530.92,4536.66,4529.02,4533.63"
2026-05-18 10:25:00+07:00,"4533.6,4538.45,4529.46,4536.01"
2026-05-18 10:30:00+07:00,"4535.91,4537.97,4526.4,4527.2"
2026-05-18 10:35:00+07:00,"4527.25,4538,4525.11,4535.22"
2026-05-18 10:40:00+07:00,"4535.2,4548.61,4533.09,4545.72"
2026-05-18 10:45:00+07:00,"4545.73,4548.04,4539.25,4541.87"
2026-05-18 10:50:00+07:00,"4541.86,4547.81,4539.21,4541.06"
2026-05-18 10:55:00+07:00,"4541.07,4544.02,4540.57,4541.37"
2026-05-18 11:00:00+07:00,"4541.37,4548.69,4540.98,4545.89"
2026-05-18 11:05:00+07:00,"4545.84,4550.36,4543.2,4545.65"
2026-05-18 11:10:00+07:00,"4545.5,4547.84,4543.33,4544.32"
2026-05-18 11:15:00+07:00,"4544.39,4547.34,4543.88,4545.76"
2026-05-18 11:20:00+07:00,"4545.77,4546.01,4536.5,4537.26"
2026-05-18 11:25:00+07:00,"4537.24,4539.04,4530.21,4532.82"
2026-05-18 11:30:00+07:00,"4532.81,4541.54,4532.16,4540.21"
2026-05-18 11:35:00+07:00,"4540.18,4543.03,4538.44,4542.94"
2026-05-18 11:40:00+07:00,"4542.93,4544.37,4539.62,4541.68"
2026-05-18 11:45:00+07:00,"4541.77,4541.88,4538.51,4540.45"
2026-05-18 11:50:00+07:00,"4540.4,4545.73,4537.95,4543.31"
2026-05-18 11:55:00+07:00,"4543.28,4543.93,4535.07,4540.65"
2026-05-18 12:00:00+07:00,"4540.66,4543.15,4532.94,4535.75"
2026-05-18 12:05:00+07:00,"4535.8,4539.78,4533.79,4537.94"
2026-05-18 12:10:00+07:00,"4537.99,4539.09,4535.58,4538.26"
2026-05-18 12:15:00+07:00,"4538.23,4549.61,4534.72,4546.3"
2026-05-18 12:20:00+07:00,"4546.25,4549.59,4541.47,4546.15"
2026-05-18 12:25:00+07:00,"4546.1,4550.66,4544.8,4548.87"
2026-05-18 12:30:00+07:00,"4549.07,4552.01,4539.78,4542.69"
2026-05-18 12:35:00+07:00,"4542.64,4547.37,4540.55,4544.38"
2026-05-18 12:40:00+07:00,"4544.37,4544.91,4538.43,4539.83"
2026-05-18 12:45:00+07:00,"4539.83,4543.11,4537.12,4538.77"
2026-05-18 12:50:00+07:00,"4538.74,4539.82,4534.99,4536.2"
2026-05-18 12:55:00+07:00,"4536.28,4538.99,4530.01,4531.01"
2026-05-18 13:00:00+07:00,"4531,4539.59,4529.56,4535.41"
2026-05-18 13:05:00+07:00,"4535.39,4540.53,4533.29,4537.96"
2026-05-18 13:10:00+07:00,"4537.92,4538.18,4532.08,4537.47"
2026-05-18 13:15:00+07:00,"4537.34,4541.72,4534.45,4536.33"
2026-05-18 13:20:00+07:00,"4536.32,4544.22,4534.35,4543.42"
2026-05-18 13:25:00+07:00,"4543.4,4548.18,4537.3,4537.75"
2026-05-18 13:30:00+07:00,"4537.73,4548.22,4534.29,4540.06"
2026-05-18 13:35:00+07:00,"4540.04,4542.43,4537.7,4538.37"
2026-05-18 13:40:00+07:00,"4538.34,4541.06,4535.13,4540.65"
2026-05-18 13:45:00+07:00,"4540.69,4546.26,4538.46,4543.77"
2026-05-18 13:50:00+07:00,"4543.74,4545.99,4542.39,4545.9"
2026-05-18 13:55:00+07:00,"4545.91,4548.03,4544.59,4546.88"
2026-05-18 14:00:00+07:00,"4546.85,4549.57,4543.67,4544.13"
2026-05-18 14:05:00+07:00,"4544.12,4548.06,4543.26,4546.3"
2026-05-18 14:10:00+07:00,"4546.31,4546.5,4542.19,4543.75"
2026-05-18 14:15:00+07:00,"4543.68,4545.96,4541.69,4541.97"
2026-05-18 14:20:00+07:00,"4541.96,4542.13,4538.08,4539.3"
2026-05-18 14:25:00+07:00,"4539.26,4551.33,4539.09,4550.58"
2026-05-18 14:30:00+07:00,"4550.59,4560.14,4550.45,4554.77"
2026-05-18 14:35:00+07:00,"4554.8,4555.23,4551.6,4552.91"
2026-05-18 14:40:00+07:00,"4552.86,4554.67,4547.56,4549.21"
2026-05-18 14:45:00+07:00,"4549.15,4551.71,4543.67,4544.1"
2026-05-18 14:50:00+07:00,"4544.11,4546.32,4540.11,4544.74"
2026-05-18 14:55:00+07:00,"4544.73,4548.74,4542.88,4546.34"
2026-05-18 15:00:00+07:00,"4546.36,4549.17,4544.79,4546.56"
2026-05-18 15:05:00+07:00,"4546.57,4548.5,4543.84,4544.16"
2026-05-18 15:10:00+07:00,"4544.14,4547.28,4542.5,4546.66"
2026-05-18 15:15:00+07:00,"4546.65,4546.72,4542.97,4545.86"
2026-05-18 15:20:00+07:00,"4545.8,4549.96,4545.59,4549.85"
2026-05-18 15:25:00+07:00,"4549.86,4551.5,4546.81,4548.18"
2026-05-18 15:30:00+07:00,"4548.15,4553.12,4545.87,4551.63"
2026-05-18 15:35:00+07:00,"4551.64,4552.03,4548.06,4551.32"
2026-05-18 15:40:00+07:00,"4551.31,4551.41,4548.05,4548.16"
2026-05-18 15:45:00+07:00,"4548.13,4553.87,4548.04,4552.2"
2026-05-18 15:50:00+07:00,"4552.2,4557.03,4551.65,4556.03"
2026-05-18 15:55:00+07:00,"4556.02,4556.79,4549.76,4549.92"
2026-05-18 16:00:00+07:00,"4549.93,4552.15,4541.02,4542.63"
2026-05-18 16:05:00+07:00,"4542.62,4547.4,4541.38,4547.06"
2026-05-18 16:10:00+07:00,"4547.18,4547.99,4545.09,4546.62"
2026-05-18 16:15:00+07:00,"4546.65,4548.57,4545.44,4546.47"
2026-05-18 16:20:00+07:00,"4546.45,4549.01,4546,4546.49"
2026-05-18 16:25:00+07:00,"4546.48,4548.29,4544.68,4545.01"
2026-05-18 16:30:00+07:00,"4545.02,4545.72,4540.22,4543.55"
2026-05-18 16:35:00+07:00,"4543.5,4546.54,4543.44,4546.31"
2026-05-18 16:40:00+07:00,"4546.26,4546.26,4540.64,4543.04"
2026-05-18 16:45:00+07:00,"4543.03,4543.2,4540.54,4541.5"
2026-05-18 16:50:00+07:00,"4541.45,4543.96,4540.3,4543.23"
2026-05-18 16:55:00+07:00,"4543.22,4544.81,4542.59,4542.92"
2026-05-18 17:00:00+07:00,"4542.94,4545.16,4540.31,4540.6"
2026-05-18 17:05:00+07:00,"4540.59,4542.15,4537.12,4538.35"
2026-05-18 17:10:00+07:00,"4538.33,4540.85,4535.62,4539.34"
2026-05-18 17:15:00+07:00,"4539.39,4542.49,4538.56,4542.13"
2026-05-18 17:20:00+07:00,"4542.11,4542.54,4538.19,4539.35"
2026-05-18 17:25:00+07:00,"4539.36,4540.82,4538.52,4539.75"
2026-05-18 17:30:00+07:00,"4539.73,4540.77,4532.54,4532.87"
2026-05-18 17:35:00+07:00,"4532.97,4539.42,4531.95,4538.25"
2026-05-18 17:40:00+07:00,"4538.24,4544.04,4537.75,4543.62"
2026-05-18 17:45:00+07:00,"4543.63,4547.75,4542.24,4543.32"
2026-05-18 17:50:00+07:00,"4543.33,4543.65,4537.37,4539.47"
2026-05-18 17:55:00+07:00,"4539.51,4540.49,4536.7,4540.27"
2026-05-18 18:00:00+07:00,"4540.28,4542,4537.92,4538.33"
2026-05-18 18:05:00+07:00,"4538.32,4539.87,4532.19,4532.84"
2026-05-18 18:10:00+07:00,"4532.85,4539.52,4529.64,4539.4"
2026-05-18 18:15:00+07:00,"4539.39,4540.16,4536.61,4539.21"
2026-05-18 18:20:00+07:00,"4539.25,4539.82,4531.88,4535.96"
2026-05-18 18:25:00+07:00,"4535.94,4537.76,4534.43,4535.97"
2026-05-18 18:30:00+07:00,"4535.92,4545.42,4535.37,4541.8"
2026-05-18 18:35:00+07:00,"4541.79,4556.14,4541.77,4555.98"
2026-05-18 18:40:00+07:00,"4556.12,4567.26,4551.82,4561.96"
2026-05-18 18:45:00+07:00,"4562.17,4564.41,4554.94,4555.34"
2026-05-18 18:50:00+07:00,"4555.39,4555.7,4551.39,4551.44"
2026-05-18 18:55:00+07:00,"4551.52,4555.2,4549.48,4550.81"
2026-05-18 19:00:00+07:00,"4550.82,4552.91,4547.35,4550.87"
2026-05-18 19:05:00+07:00,"4550.89,4556.71,4550.89,4555.58"
2026-05-18 19:10:00+07:00,"4555.64,4556.15,4551.45,4553.44"
2026-05-18 19:15:00+07:00,"4553.42,4555.62,4547.2,4547.54"
2026-05-18 19:20:00+07:00,"4547.34,4553.82,4545.53,4551.59"
2026-05-18 19:25:00+07:00,"4551.6,4555.03,4549.69,4550.81"
2026-05-18 19:30:00+07:00,"4550.8,4563.09,4550.26,4562.33"
2026-05-18 19:35:00+07:00,"4562.31,4563.63,4557.96,4561.55"
2026-05-18 19:40:00+07:00,"4561.54,4570.08,4558.39,4569.55"
2026-05-18 19:45:00+07:00,"4569.52,4574.9,4567.91,4572.06"
2026-05-18 19:50:00+07:00,"4572.09,4574.33,4562.57,4563.33"
2026-05-18 19:55:00+07:00,"4563.33,4572.59,4562.56,4571.29"
2026-05-18 20:00:00+07:00,"4571.25,4577.13,4564.09,4565.22"
2026-05-18 20:05:00+07:00,"4565.24,4568.65,4562.63,4563.73"
2026-05-18 20:10:00+07:00,"4563.67,4569.45,4562.06,4567.61"
2026-05-18 20:15:00+07:00,"4567.6,4568.44,4563.75,4565.98"
2026-05-18 20:20:00+07:00,"4566.06,4573.18,4565.34,4572.69"
2026-05-18 20:25:00+07:00,"4572.7,4576.41,4570.94,4572.01"
2026-05-18 20:30:00+07:00,"4572.03,4579.82,4567.34,4578.73"
2026-05-18 20:35:00+07:00,"4578.77,4578.79,4570.88,4573.56"
2026-05-18 20:40:00+07:00,"4573.55,4575.7,4564.71,4566.49"
2026-05-18 20:45:00+07:00,"4566.5,4576.39,4563.74,4574.13"
2026-05-18 20:50:00+07:00,"4574.11,4584.23,4572.74,4583.35"
2026-05-18 20:55:00+07:00,"4583.46,4584.5,4574.71,4575.78"
2026-05-18 21:00:00+07:00,"4575.75,4575.75,4564.13,4565.26"
2026-05-18 21:05:00+07:00,"4565.3,4567.57,4559.69,4566.87"
2026-05-18 21:10:00+07:00,"4566.88,4569.95,4561.97,4564.22"
2026-05-18 21:15:00+07:00,"4564.2,4569.06,4562.32,4566.19"
2026-05-18 21:20:00+07:00,"4566.2,4567.3,4554.27,4559.62"
2026-05-18 21:25:00+07:00,"4559.67,4563.42,4557.66,4561.55"
2026-05-18 21:30:00+07:00,"4561.54,4562.98,4544.72,4549.52"
2026-05-18 21:35:00+07:00,"4549.42,4551.19,4542.97,4546.52"
2026-05-18 21:40:00+07:00,"4546.51,4549.51,4538.43,4547.73"
2026-05-18 21:45:00+07:00,"4547.71,4548.3,4537.69,4543.31"
2026-05-18 21:50:00+07:00,"4543.29,4548.5,4541.1,4542.06"
2026-05-18 21:55:00+07:00,"4542,4547.48,4541.1,4546.55"
2026-05-18 22:00:00+07:00,"4546.67,4548,4531.81,4537.32"
2026-05-18 22:05:00+07:00,"4537.31,4544.55,4533.74,4536.85"
2026-05-18 22:10:00+07:00,"4536.85,4542.85,4536.24,4540.62"
2026-05-18 22:15:00+07:00,"4540.63,4542.71,4534.5,4536.7"
2026-05-18 22:20:00+07:00,"4536.69,4540.83,4535.65,4539.07"
2026-05-18 22:25:00+07:00,"4539.07,4540.25,4534.34,4534.58"
2026-05-18 22:30:00+07:00,"4534.59,4541.45,4533.89,4540.65"
2026-05-18 22:35:00+07:00,"4540.66,4542.22,4537.89,4541.9"
2026-05-18 22:40:00+07:00,"4541.91,4544.58,4538.39,4538.7"
2026-05-18 22:45:00+07:00,"4538.53,4543.67,4537.94,4541.37"
2026-05-18 22:50:00+07:00,"4541.36,4544.62,4539.57,4544.15"
2026-05-18 22:55:00+07:00,"4544.14,4546.84,4542.27,4543.47"
2026-05-18 23:00:00+07:00,"4543.5,4544.67,4540.15,4541.66"
2026-05-18 23:05:00+07:00,"4541.69,4544.55,4541.02,4543.57"
2026-05-18 23:10:00+07:00,"4543.56,4549.09,4542.53,4548.57"
2026-05-18 23:15:00+07:00,"4548.51,4550.3,4546.54,4547.06"
2026-05-18 23:20:00+07:00,"4547.1,4550.83,4544.54,4545.87"
2026-05-18 23:25:00+07:00,"4545.88,4547.31,4533.68,4537.22"
2026-05-18 23:30:00+07:00,"4537.23,4542.14,4534.13,4539.73"
2026-05-18 23:35:00+07:00,"4539.72,4544.89,4539.44,4544.14"
2026-05-18 23:40:00+07:00,"4544.17,4545.1,4541.79,4543.43"
2026-05-18 23:45:00+07:00,"4543.42,4548.88,4542.81,4548.42"
2026-05-18 23:50:00+07:00,"4548.42,4554.17,4548.35,4553.19"
2026-05-18 23:55:00+07:00,"4553.15,4554.83,4549.42,4550.16"
2026-05-19 00:00:00+07:00,"4550.15,4557.33,4547.79,4556.71"
2026-05-19 00:05:00+07:00,"4556.75,4558.34,4554.64,4556.39"
2026-05-19 00:10:00+07:00,"4556.46,4556.9,4552.93,4553.15"
2026-05-19 00:15:00+07:00,"4553.14,4555.88,4551.91,4554.59"
2026-05-19 00:20:00+07:00,"4554.61,4555.35,4552.47,4553.94"
2026-05-19 00:25:00+07:00,"4553.93,4554.78,4551.69,4553.88"
2026-05-19 00:30:00+07:00,"4553.88,4554.17,4548.79,4548.82"
2026-05-19 00:35:00+07:00,"4548.85,4550.62,4547.3,4549.61"
2026-05-19 00:40:00+07:00,"4549.58,4551.3,4547.75,4548.23"
2026-05-19 00:45:00+07:00,"4548.22,4549.73,4546.54,4546.72"
2026-05-19 00:50:00+07:00,"4546.64,4549.21,4546.47,4547.7"
2026-05-19 00:55:00+07:00,"4547.71,4548.04,4545.58,4546.98"
2026-05-19 01:00:00+07:00,"4546.99,4547.01,4543.61,4545.77"
2026-05-19 01:05:00+07:00,"4545.79,4547.83,4543.71,4545.13"
2026-05-19 01:10:00+07:00,"4545.15,4546.81,4544.06,4545.28"
2026-05-19 01:15:00+07:00,"4545.29,4545.52,4541.42,4542.6"
2026-05-19 01:20:00+07:00,"4542.63,4542.71,4540.36,4541.06"
2026-05-19 01:25:00+07:00,"4541.11,4542.81,4536.65,4541.96"
2026-05-19 01:30:00+07:00,"4541.89,4544.06,4540.65,4542.74"
2026-05-19 01:35:00+07:00,"4542.72,4543.42,4539.31,4539.79"
2026-05-19 01:40:00+07:00,"4539.74,4541.81,4538.91,4541.68"
2026-05-19 01:45:00+07:00,"4541.61,4543.42,4540.75,4541.71"
2026-05-19 01:50:00+07:00,"4541.77,4542.32,4539.73,4540.41"
2026-05-19 01:55:00+07:00,"4540.39,4541.89,4534.13,4535.58"
2026-05-19 02:00:00+07:00,"4535.95,4565.21,4535.4,4553.58"
2026-05-19 02:05:00+07:00,"4553.59,4560.22,4551.01,4556.92"
2026-05-19 02:10:00+07:00,"4556.93,4558.48,4552.96,4554.41"
2026-05-19 02:15:00+07:00,"4554.45,4555.77,4551.03,4551.74"
2026-05-19 02:20:00+07:00,"4551.79,4555.85,4549.59,4550.19"
2026-05-19 02:25:00+07:00,"4550.2,4552,4546.65,4551.64"
2026-05-19 02:30:00+07:00,"4551.8,4557.41,4550.21,4556.41"
2026-05-19 02:35:00+07:00,"4556.43,4559.68,4555.75,4559.52"
2026-05-19 02:40:00+07:00,"4559.47,4561.51,4557.77,4558.29"
2026-05-19 02:45:00+07:00,"4558.32,4562.93,4557.77,4561.29"
2026-05-19 02:50:00+07:00,"4561.31,4562.73,4559.77,4562.62"
2026-05-19 02:55:00+07:00,"4562.63,4562.63,4557.34,4558.55"
2026-05-19 03:00:00+07:00,"4558.64,4561.19,4557.75,4560.1"
2026-05-19 03:05:00+07:00,"4560.02,4560.27,4558.39,4558.76"
2026-05-19 03:10:00+07:00,"4558.77,4563.07,4558.51,4562.19"
2026-05-19 03:15:00+07:00,"4562.2,4566.49,4562.11,4564.18"
2026-05-19 03:20:00+07:00,"4564.17,4566.57,4562.89,4566.29"
2026-05-19 03:25:00+07:00,"4566.28,4566.52,4562.78,4563.3"
2026-05-19 03:30:00+07:00,"4563.31,4564.81,4561.5,4562.85"
2026-05-19 03:35:00+07:00,"4562.87,4564.02,4562.44,4562.57"
2026-05-19 03:40:00+07:00,"4562.56,4565.06,4562.07,4564.47"
2026-05-19 03:45:00+07:00,"4564.48,4565,4563.78,4563.78"
2026-05-19 03:50:00+07:00,"4563.76,4565.63,4562.94,4563.12"
2026-05-19 03:55:00+07:00,"4563.14,4566.95,4562.43,4566.14"
2026-05-19 05:00:00+07:00,"4564.92,4571.36,4564.92,4570.33"
2026-05-19 05:05:00+07:00,"4570.52,4573.63,4569.49,4571.75"
2026-05-19 05:10:00+07:00,"4571.72,4573.4,4570.24,4573.25"
2026-05-19 05:15:00+07:00,"4573.41,4574.61,4572.51,4573.55"
2026-05-19 05:20:00+07:00,"4573.47,4574.75,4571.68,4572"
2026-05-19 05:25:00+07:00,"4572.08,4573.04,4571.08,4572.85"
2026-05-19 05:30:00+07:00,"4572.86,4573.94,4571.67,4573.14"
2026-05-19 05:35:00+07:00,"4573.13,4575.68,4572.53,4575.62"
2026-05-19 05:40:00+07:00,"4575.68,4578.31,4575.03,4576.57"
2026-05-19 05:45:00+07:00,"4576.58,4576.87,4574.52,4575.41"
2026-05-19 05:50:00+07:00,"4575.45,4575.96,4573.39,4573.74"
2026-05-19 05:55:00+07:00,"4573.77,4574.06,4572.53,4573.96"
2026-05-19 06:00:00+07:00,"4573.87,4581.38,4573.55,4581.15"
2026-05-19 06:05:00+07:00,"4581.05,4581.69,4579,4579.85"
2026-05-19 06:10:00+07:00,"4579.85,4587.21,4579.62,4585.8"
2026-05-19 06:15:00+07:00,"4585.61,4586.85,4583.34,4586.11"
2026-05-19 06:20:00+07:00,"4586.13,4589.28,4583.74,4586.38"
2026-05-19 06:25:00+07:00,"4586.43,4586.98,4585.11,4585.69"
2026-05-19 06:30:00+07:00,"4585.8,4586.91,4582.88,4586.09"
2026-05-19 06:35:00+07:00,"4586.15,4587.86,4583.71,4584.98"
2026-05-19 06:40:00+07:00,"4584.93,4586.59,4584.05,4585.4"
2026-05-19 06:45:00+07:00,"4585.51,4586.82,4582.98,4583.53"
2026-05-19 06:50:00+07:00,"4583.38,4583.63,4581.84,4582.38"
2026-05-19 06:55:00+07:00,"4582.43,4582.84,4578.98,4581.78"
2026-05-19 07:00:00+07:00,"4581.83,4589.78,4578.5,4579.17"
2026-05-19 07:05:00+07:00,"4579.22,4585.72,4576.73,4584.3"
2026-05-19 07:10:00+07:00,"4584.29,4584.68,4578.56,4578.93"
2026-05-19 07:15:00+07:00,"4578.93,4581.02,4574.87,4580.11"
2026-05-19 07:20:00+07:00,"4580.1,4586.3,4573.7,4574.75"
2026-05-19 07:25:00+07:00,"4574.73,4575.44,4568.81,4573.51"
2026-05-19 07:30:00+07:00,"4573.53,4576.22,4572.21,4575.08"
2026-05-19 07:35:00+07:00,"4575.05,4575.77,4568.53,4568.85"
2026-05-19 07:40:00+07:00,"4568.86,4574.14,4568.17,4570.87"
2026-05-19 07:45:00+07:00,"4570.74,4572.46,4569.66,4571.8"
2026-05-19 07:50:00+07:00,"4571.79,4571.91,4565.86,4566.29"
2026-05-19 07:55:00+07:00,"4566.33,4567.03,4561.07,4562.93"
2026-05-19 08:00:00+07:00,"4562.92,4567.41,4557.51,4564.48"
2026-05-19 08:05:00+07:00,"4564.41,4569.31,4560.13,4564.29"
2026-05-19 08:10:00+07:00,"4564.27,4568.83,4562.56,4565.98"
2026-05-19 08:15:00+07:00,"4566.01,4568.45,4557.59,4559.55"
2026-05-19 08:20:00+07:00,"4559.54,4559.89,4554.01,4555.72"
2026-05-19 08:25:00+07:00,"4555.69,4560.03,4555.69,4559.24"
2026-05-19 08:30:00+07:00,"4559.23,4561.89,4555.39,4561.42"
2026-05-19 08:35:00+07:00,"4561.49,4568.33,4561.35,4568.3"
2026-05-19 08:40:00+07:00,"4568.27,4572.53,4566.6,4570.79"
2026-05-19 08:45:00+07:00,"4570.77,4572.04,4565.43,4566.42"
2026-05-19 08:50:00+07:00,"4566.41,4568.75,4561.33,4567.53"
2026-05-19 08:55:00+07:00,"4567.58,4567.92,4562.85,4563.95"
2026-05-19 09:00:00+07:00,"4563.85,4563.85,4558.39,4561.27"
2026-05-19 09:05:00+07:00,"4561.33,4561.4,4554.79,4555.3"
2026-05-19 09:10:00+07:00,"4555.31,4557.95,4552.99,4554.57"
2026-05-19 09:15:00+07:00,"4554.6,4557.52,4551.18,4557.24"
2026-05-19 09:20:00+07:00,"4557.33,4560.16,4556.46,4558.34"
2026-05-19 09:25:00+07:00,"4558.28,4562.38,4557.52,4559.71"
2026-05-19 09:30:00+07:00,"4559.69,4560.21,4554.39,4555.19"
2026-05-19 09:35:00+07:00,"4555.22,4557.12,4552.06,4553.8"
2026-05-19 09:40:00+07:00,"4553.8,4559.72,4551.03,4556.2"
2026-05-19 09:45:00+07:00,"4556.18,4558.05,4550.25,4552.14"
2026-05-19 09:50:00+07:00,"4552.15,4554.77,4548.3,4550.71"
2026-05-19 09:55:00+07:00,"4550.72,4550.83,4546.09,4547.22"
2026-05-19 10:00:00+07:00,"4547.24,4550.23,4543.46,4547.17"
2026-05-19 10:05:00+07:00,"4547.16,4552.85,4547.14,4549.03"
2026-05-19 10:10:00+07:00,"4549.02,4552.21,4547.13,4551.97"
2026-05-19 10:15:00+07:00,"4551.99,4553.08,4548.63,4551.01"
2026-05-19 10:20:00+07:00,"4551.02,4551.91,4546.6,4548.38"
2026-05-19 10:25:00+07:00,"4548.41,4550.8,4547.57,4549.26"
2026-05-19 10:30:00+07:00,"4549.27,4550.7,4546.87,4549.81"
2026-05-19 10:35:00+07:00,"4549.8,4555.14,4549.6,4554.71"
2026-05-19 10:40:00+07:00,"4554.7,4554.7,4547.68,4547.83"
2026-05-19 10:45:00+07:00,"4547.81,4548.76,4544.44,4547.17"
2026-05-19 10:50:00+07:00,"4547.17,4549.48,4546.22,4548.68"
2026-05-19 10:55:00+07:00,"4548.67,4549.05,4542.31,4545.18"
2026-05-19 11:00:00+07:00,"4545.21,4545.5,4541.29,4544.1"
2026-05-19 11:05:00+07:00,"4544,4545.71,4540.99,4542.43"
2026-05-19 11:10:00+07:00,"4542.47,4544.47,4538.66,4540.33"
2026-05-19 11:15:00+07:00,"4540.26,4542.72,4538.43,4540.35"
2026-05-19 11:20:00+07:00,"4540.34,4543.24,4540,4542.54"
2026-05-19 11:25:00+07:00,"4542.59,4542.66,4538.22,4540.47"
2026-05-19 11:30:00+07:00,"4540.44,4541,4537.85,4538.83"
2026-05-19 11:35:00+07:00,"4538.81,4542.03,4538.71,4540.57"
2026-05-19 11:40:00+07:00,"4540.58,4542.48,4539.34,4539.88"
2026-05-19 11:45:00+07:00,"4539.88,4542.68,4539.67,4540.65"
2026-05-19 11:50:00+07:00,"4540.67,4542.91,4539.97,4542.4"
2026-05-19 11:55:00+07:00,"4542.41,4543.83,4541.57,4542.44"
2026-05-19 12:00:00+07:00,"4542.47,4544.91,4541.6,4544.33"
2026-05-19 12:05:00+07:00,"4544.32,4545.43,4540.1,4545.17"
2026-05-19 12:10:00+07:00,"4545.15,4546.56,4543.55,4544.82"
2026-05-19 12:15:00+07:00,"4544.85,4545.46,4541.35,4542.09"
2026-05-19 12:20:00+07:00,"4542.1,4542.57,4530.77,4535.52"
2026-05-19 12:25:00+07:00,"4535.49,4540.53,4533.13,4538.62"
2026-05-19 12:30:00+07:00,"4538.94,4540.53,4532.82,4536.89"
2026-05-19 12:35:00+07:00,"4536.91,4541.61,4534.66,4539.97"
2026-05-19 12:40:00+07:00,"4539.96,4544.52,4538,4538.62"
2026-05-19 12:45:00+07:00,"4538.63,4541.96,4533.07,4533.45"
2026-05-19 12:50:00+07:00,"4533.4,4541.52,4533.01,4539.85"
2026-05-19 12:55:00+07:00,"4539.83,4543.7,4538.36,4540.79"
2026-05-19 13:00:00+07:00,"4540.89,4541.38,4533.21,4538.81"
2026-05-19 13:05:00+07:00,"4538.8,4540.48,4535.97,4537.81"
2026-05-19 13:10:00+07:00,"4537.8,4546.13,4537.16,4542"
2026-05-19 13:15:00+07:00,"4541.98,4550.18,4540.57,4549.94"
2026-05-19 13:20:00+07:00,"4549.97,4551.35,4545.63,4549.39"
2026-05-19 13:25:00+07:00,"4549.37,4553.96,4547.53,4547.6"
2026-05-19 13:30:00+07:00,"4547.53,4551.22,4544.85,4550.14"
2026-05-19 13:35:00+07:00,"4550.18,4552.51,4546.39,4552.19"
2026-05-19 13:40:00+07:00,"4552.2,4552.85,4548.83,4552.1"
2026-05-19 13:45:00+07:00,"4552.1,4552.66,4543.1,4543.28"
2026-05-19 13:50:00+07:00,"4543.3,4547.55,4543.09,4546.79"
2026-05-19 13:55:00+07:00,"4546.77,4549.69,4546.72,4548.28"
2026-05-19 14:00:00+07:00,"4548.2,4549.18,4543.89,4547.95"
2026-05-19 14:05:00+07:00,"4547.94,4555.69,4546.82,4552.81"
2026-05-19 14:10:00+07:00,"4552.89,4554.05,4547.09,4548.8"
2026-05-19 14:15:00+07:00,"4548.79,4550.17,4546.76,4548.65"
2026-05-19 14:20:00+07:00,"4548.63,4550.17,4544.61,4547.16"
2026-05-19 14:25:00+07:00,"4547.1,4548.37,4543.1,4548.31"
2026-05-19 14:30:00+07:00,"4548.31,4549.48,4543.69,4544.15"
2026-05-19 14:35:00+07:00,"4544.14,4547.78,4542.35,4543.27"
2026-05-19 14:40:00+07:00,"4543.3,4545.13,4541.32,4542.29"
2026-05-19 14:45:00+07:00,"4542.3,4554.43,4541.93,4551.11"
2026-05-19 14:50:00+07:00,"4551.14,4553.84,4548.01,4552.12"
2026-05-19 14:55:00+07:00,"4552.18,4559.52,4552.05,4557.1"
2026-05-19 15:00:00+07:00,"4557.15,4559.23,4552.35,4552.87"
2026-05-19 15:05:00+07:00,"4552.82,4552.99,4543.94,4544.5"
2026-05-19 15:10:00+07:00,"4544.5,4548.15,4542.47,4546.37"
2026-05-19 15:15:00+07:00,"4546.35,4548.08,4544.28,4544.28"
2026-05-19 15:20:00+07:00,"4544.29,4545.05,4539.08,4540.64"
2026-05-19 15:25:00+07:00,"4540.63,4541.12,4536.18,4538.49"
2026-05-19 15:30:00+07:00,"4538.47,4544.65,4536.8,4544.64"
2026-05-19 15:35:00+07:00,"4544.62,4545.3,4542.34,4543.35"
2026-05-19 15:40:00+07:00,"4543.36,4543.78,4542.15,4543.31"
2026-05-19 15:45:00+07:00,"4543.32,4548.81,4542.95,4546.09"
2026-05-19 15:50:00+07:00,"4546.11,4547.52,4538.28,4542.71"
2026-05-19 15:55:00+07:00,"4542.69,4544.36,4542.03,4542.9"
2026-05-19 16:00:00+07:00,"4542.89,4542.89,4539.93,4541.51"
2026-05-19 16:05:00+07:00,"4541.46,4541.69,4536.92,4540.62"
2026-05-19 16:10:00+07:00,"4540.73,4541.08,4537.1,4539.72"
2026-05-19 16:15:00+07:00,"4539.53,4540.29,4535.78,4539.9"
2026-05-19 16:20:00+07:00,"4539.91,4546.84,4539.69,4546.37"
2026-05-19 16:25:00+07:00,"4546.38,4547.03,4540.14,4540.64"
2026-05-19 16:30:00+07:00,"4540.63,4543.42,4536.27,4539.38"
2026-05-19 16:35:00+07:00,"4539.4,4542.28,4537.23,4539.28"
2026-05-19 16:40:00+07:00,"4539.27,4540.67,4538.19,4539.66"
2026-05-19 16:45:00+07:00,"4539.64,4541.35,4538.43,4540.86"
2026-05-19 16:50:00+07:00,"4540.84,4543.89,4539.27,4543.25"
2026-05-19 16:55:00+07:00,"4543.2,4544.67,4540.79,4541.88"
2026-05-19 17:00:00+07:00,"4541.87,4541.91,4536.5,4536.65"
2026-05-19 17:05:00+07:00,"4536.67,4542.09,4535.84,4540.25"
2026-05-19 17:10:00+07:00,"4540.24,4542.47,4538.64,4541.53"
2026-05-19 17:15:00+07:00,"4541.59,4542.05,4538.24,4539.7"
2026-05-19 17:20:00+07:00,"4539.74,4541.67,4538.96,4540.81"
2026-05-19 17:25:00+07:00,"4540.8,4540.96,4539.21,4540.02"
2026-05-19 17:30:00+07:00,"4540.03,4542.66,4538.62,4541.17"
2026-05-19 17:35:00+07:00,"4541.11,4543.12,4534.03,4541.11"
2026-05-19 17:40:00+07:00,"4541.12,4541.49,4525.21,4529.17"
2026-05-19 17:45:00+07:00,"4529.16,4534.59,4527.46,4532.86"
2026-05-19 17:50:00+07:00,"4532.8,4535.95,4532.05,4535.18"
2026-05-19 17:55:00+07:00,"4535.32,4544.81,4535.03,4544.81"
2026-05-19 18:00:00+07:00,"4544.8,4548.27,4542.93,4543.62"
2026-05-19 18:05:00+07:00,"4543.61,4543.73,4540.6,4541.43"
2026-05-19 18:10:00+07:00,"4541.34,4542.43,4536.02,4536.87"
2026-05-19 18:15:00+07:00,"4536.88,4542.22,4535.69,4541"
2026-05-19 18:20:00+07:00,"4541.01,4542.32,4538.62,4541"
2026-05-19 18:25:00+07:00,"4541.15,4542.44,4536.76,4539.38"
2026-05-19 18:30:00+07:00,"4539.42,4541.06,4537.72,4539.28"
2026-05-19 18:35:00+07:00,"4539.29,4539.44,4536.73,4538.18"
2026-05-19 18:40:00+07:00,"4538.21,4543.32,4537.22,4541.76"
2026-05-19 18:45:00+07:00,"4541.83,4542.32,4537.26,4539.92"
2026-05-19 18:50:00+07:00,"4539.91,4540.1,4534.15,4535.02"
2026-05-19 18:55:00+07:00,"4535.04,4535.1,4529.74,4530.79"
2026-05-19 19:00:00+07:00,"4530.8,4536.18,4527.41,4535.45"
2026-05-19 19:05:00+07:00,"4535.46,4542.36,4533.23,4542.23"
2026-05-19 19:10:00+07:00,"4541.99,4546.77,4541.33,4542.29"
2026-05-19 19:15:00+07:00,"4542.3,4543.82,4536.82,4540.15"
2026-05-19 19:20:00+07:00,"4540.1,4544.36,4539.46,4543.87"
2026-05-19 19:25:00+07:00,"4543.96,4544.36,4540.46,4543.31"
2026-05-19 19:30:00+07:00,"4543,4547.08,4541.76,4543.7"
2026-05-19 19:35:00+07:00,"4543.69,4547.35,4541.36,4542.64"
2026-05-19 19:40:00+07:00,"4542.65,4546.3,4536.7,4537.57"
2026-05-19 19:45:00+07:00,"4537.56,4540.15,4535.66,4539.46"
2026-05-19 19:50:00+07:00,"4539.44,4541.46,4537.22,4541.08"
2026-05-19 19:55:00+07:00,"4541.12,4541.88,4536.61,4536.93"
2026-05-19 20:00:00+07:00,"4536.88,4537.54,4521.63,4523.64"
2026-05-19 20:05:00+07:00,"4523.63,4525.29,4514.57,4522.66"
2026-05-19 20:10:00+07:00,"4522.65,4526.63,4518.87,4524.43"
2026-05-19 20:15:00+07:00,"4524.38,4526.22,4516.18,4517.27"
2026-05-19 20:20:00+07:00,"4517.26,4520.07,4503.56,4505.11"
2026-05-19 20:25:00+07:00,"4505.09,4505.09,4490.66,4492.33"
2026-05-19 20:30:00+07:00,"4492.39,4495.94,4464.48,4481.5"
2026-05-19 20:35:00+07:00,"4481.69,4487.05,4470.82,4483.43"
2026-05-19 20:40:00+07:00,"4483.38,4483.68,4470.36,4476.22"
2026-05-19 20:45:00+07:00,"4476.24,4482.62,4473.79,4481.54"
2026-05-19 20:50:00+07:00,"4481.51,4505.42,4479.9,4504.57"
2026-05-19 20:55:00+07:00,"4504.57,4511.06,4497.87,4504.1"
2026-05-19 21:00:00+07:00,"4504.62,4512.31,4495.64,4511.61"
2026-05-19 21:05:00+07:00,"4511.5,4514.31,4494.54,4504.19"
2026-05-19 21:10:00+07:00,"4503.94,4504.18,4492.14,4492.8"
2026-05-19 21:15:00+07:00,"4492.79,4501.14,4491.85,4494.95"
2026-05-19 21:20:00+07:00,"4495.07,4496.11,4484.8,4486.64"
2026-05-19 21:25:00+07:00,"4486.72,4494.38,4484.52,4490.31"
2026-05-19 21:30:00+07:00,"4490.29,4498.27,4488.69,4490.29"
2026-05-19 21:35:00+07:00,"4490.12,4498.84,4488.96,4489.92"
2026-05-19 21:40:00+07:00,"4489.94,4498.03,4487.56,4494.62"
2026-05-19 21:45:00+07:00,"4494.57,4496.63,4487.87,4490.06"
2026-05-19 21:50:00+07:00,"4490.07,4494.12,4486.07,4486.72"
2026-05-19 21:55:00+07:00,"4486.73,4496.92,4486.65,4494.14"
2026-05-19 22:00:00+07:00,"4494.12,4500.2,4493.95,4496.79"
2026-05-19 22:05:00+07:00,"4496.78,4500.48,4489.9,4498.31"
2026-05-19 22:10:00+07:00,"4498.34,4500.11,4495.45,4499.27"
2026-05-19 22:15:00+07:00,"4499.24,4505.12,4498.28,4500.64"
2026-05-19 22:20:00+07:00,"4500.67,4502.36,4494,4495.12"
2026-05-19 22:25:00+07:00,"4495.04,4500.32,4494.28,4498.98"
2026-05-19 22:30:00+07:00,"4498.81,4507.68,4497.84,4503.35"
2026-05-19 22:35:00+07:00,"4503.43,4505.37,4498.82,4502.99"
2026-05-19 22:40:00+07:00,"4502.77,4505.29,4500.45,4502.23"
2026-05-19 22:45:00+07:00,"4502.24,4504.1,4500.02,4504.02"
2026-05-19 22:50:00+07:00,"4504.03,4505.66,4501.76,4503.09"
2026-05-19 22:55:00+07:00,"4503.1,4509.5,4503.05,4508.34"
2026-05-19 23:00:00+07:00,"4508.45,4510.5,4505.23,4505.78"
2026-05-19 23:05:00+07:00,"4505.81,4505.81,4497.11,4498.63"
2026-05-19 23:10:00+07:00,"4498.62,4501.36,4495.92,4501.07"
2026-05-19 23:15:00+07:00,"4501.02,4503.34,4498.73,4500.5"
2026-05-19 23:20:00+07:00,"4500.51,4506.01,4500.1,4505.9"
2026-05-19 23:25:00+07:00,"4505.89,4512.51,4505.82,4508.82"
2026-05-19 23:30:00+07:00,"4508.81,4512.59,4506.65,4507.44"
2026-05-19 23:35:00+07:00,"4507.42,4509.87,4505.77,4508.68"
2026-05-19 23:40:00+07:00,"4508.69,4509.59,4505.45,4505.9"
2026-05-19 23:45:00+07:00,"4505.91,4506.48,4504.55,4505.96"
2026-05-19 23:50:00+07:00,"4505.99,4507.91,4504.65,4505.58"
2026-05-19 23:55:00+07:00,"4505.79,4509.33,4504.91,4507.65"
2026-05-20 00:00:00+07:00,"4507.66,4510.01,4506.01,4506.94"
2026-05-20 00:05:00+07:00,"4506.91,4509.33,4505.86,4508.12"
2026-05-20 00:10:00+07:00,"4508.13,4510.95,4506.18,4510.3"
2026-05-20 00:15:00+07:00,"4510.28,4511.07,4507.77,4507.97"
2026-05-20 00:20:00+07:00,"4507.96,4508.07,4503.34,4503.7"
2026-05-20 00:25:00+07:00,"4503.74,4508.56,4503.73,4506.99"
2026-05-20 00:30:00+07:00,"4506.97,4508.42,4503.87,4504.15"
2026-05-20 00:35:00+07:00,"4504.18,4507.05,4503.57,4507.05"
2026-05-20 00:40:00+07:00,"4507.04,4507.25,4502.32,4504.53"
2026-05-20 00:45:00+07:00,"4504.54,4504.88,4500.22,4500.86"
2026-05-20 00:50:00+07:00,"4500.87,4501.97,4499.07,4499.66"
2026-05-20 00:55:00+07:00,"4499.67,4501.44,4499.38,4500.87"
2026-05-20 01:00:00+07:00,"4500.93,4501.81,4499.75,4501.02"
2026-05-20 01:05:00+07:00,"4501.03,4503.72,4499.69,4503.12"
2026-05-20 01:10:00+07:00,"4503.13,4503.57,4500.91,4501.11"
2026-05-20 01:15:00+07:00,"4501.1,4502.35,4499.48,4499.81"
2026-05-20 01:20:00+07:00,"4499.8,4499.94,4495.39,4498.58"
2026-05-20 01:25:00+07:00,"4498.58,4500.3,4495.89,4496.13"
2026-05-20 01:30:00+07:00,"4496.1,4499.16,4493,4497.75"
2026-05-20 01:35:00+07:00,"4497.76,4500.16,4496.12,4499.8"
2026-05-20 01:40:00+07:00,"4499.79,4500.98,4498.22,4499.07"
2026-05-20 01:45:00+07:00,"4499.06,4500.1,4498.02,4499.34"
2026-05-20 01:50:00+07:00,"4499.35,4499.71,4493.36,4493.84"
2026-05-20 01:55:00+07:00,"4493.84,4494.83,4490.37,4493.46"
2026-05-20 02:00:00+07:00,"4493.44,4496.64,4493.09,4493.82"
2026-05-20 02:05:00+07:00,"4493.88,4496.24,4493.88,4495.48"
2026-05-20 02:10:00+07:00,"4495.49,4497.62,4495.2,4496.89"
2026-05-20 02:15:00+07:00,"4496.91,4497.44,4492.08,4492.81"
2026-05-20 02:20:00+07:00,"4492.79,4493.17,4486.39,4486.68"
2026-05-20 02:25:00+07:00,"4486.72,4489,4485.41,4487.08"
2026-05-20 02:30:00+07:00,"4487.06,4489.97,4486.12,4486.32"
2026-05-20 02:35:00+07:00,"4486.33,4488.93,4486.26,4487.57"
2026-05-20 02:40:00+07:00,"4487.56,4488.87,4485.73,4488.44"
2026-05-20 02:45:00+07:00,"4488.4,4488.9,4485.94,4486.7"
2026-05-20 02:50:00+07:00,"4486.69,4487.07,4483.61,4483.74"
2026-05-20 02:55:00+07:00,"4483.75,4484.08,4481.22,4483.41"
2026-05-20 03:00:00+07:00,"4483.31,4484.19,4480.75,4482.51"
2026-05-20 03:05:00+07:00,"4482.52,4486.23,4481.56,4485.32"
2026-05-20 03:10:00+07:00,"4485.41,4487.09,4484.08,4485.51"
2026-05-20 03:15:00+07:00,"4485.49,4485.82,4483.39,4485.35"
2026-05-20 03:20:00+07:00,"4485.34,4488.18,4485.11,4487.31"
2026-05-20 03:25:00+07:00,"4487.3,4487.53,4485.66,4486.18"
2026-05-20 03:30:00+07:00,"4486.2,4486.38,4483.26,4483.85"
2026-05-20 03:35:00+07:00,"4483.84,4484.79,4482.98,4483.29"
2026-05-20 03:40:00+07:00,"4483.2,4484.53,4481.92,4483.44"
2026-05-20 03:45:00+07:00,"4483.43,4484.31,4482.58,4483.17"
2026-05-20 03:50:00+07:00,"4483.19,4484.13,4482.29,4482.63"
2026-05-20 03:55:00+07:00,"4482.62,4484.05,4481.65,4481.7"
2026-05-20 05:00:00+07:00,"4481.51,4485.1,4480.04,4484.42"
2026-05-20 05:05:00+07:00,"4484.42,4485.96,4482.57,4484.58"
2026-05-20 05:10:00+07:00,"4484.41,4484.79,4482.73,4482.81"
2026-05-20 05:15:00+07:00,"4482.8,4483,4477.91,4480"
2026-05-20 05:20:00+07:00,"4480.01,4481.33,4479.26,4480.7"
2026-05-20 05:25:00+07:00,"4480.69,4480.74,4478.24,4479.39"
2026-05-20 05:30:00+07:00,"4479.38,4484.03,4477.3,4483.53"
2026-05-20 05:35:00+07:00,"4483.57,4485.83,4479.87,4480.61"
2026-05-20 05:40:00+07:00,"4480.59,4484.26,4479.7,4482.03"
2026-05-20 05:45:00+07:00,"4482.01,4483.76,4480.13,4482.19"
2026-05-20 05:50:00+07:00,"4482.2,4482.98,4479.29,4481.28"
2026-05-20 05:55:00+07:00,"4481.29,4484.62,4481.08,4484.2"
2026-05-20 06:00:00+07:00,"4484.32,4484.32,4479.71,4483.64"
2026-05-20 06:05:00+07:00,"4483.63,4484.93,4481.53,4483.84"
2026-05-20 06:10:00+07:00,"4483.76,4486.75,4483.47,4486.24"
2026-05-20 06:15:00+07:00,"4485.9,4488.85,4483.38,4488.28"
2026-05-20 06:20:00+07:00,"4488.23,4488.57,4484.9,4486.66"
2026-05-20 06:25:00+07:00,"4486.65,4487.68,4485.62,4486.17"
2026-05-20 06:30:00+07:00,"4486.23,4493.76,4485.51,4493.11"
2026-05-20 06:35:00+07:00,"4493.09,4494.29,4489.28,4493.39"
2026-05-20 06:40:00+07:00,"4493.36,4496.48,4491.25,4492.39"
2026-05-20 06:45:00+07:00,"4492.38,4495.75,4489.87,4493.49"
2026-05-20 06:50:00+07:00,"4493.45,4494.63,4490.22,4490.91"
2026-05-20 06:55:00+07:00,"4490.97,4492.79,4488.05,4489.26"
2026-05-20 07:00:00+07:00,"4489.21,4490.09,4482.32,4486.38"
2026-05-20 07:05:00+07:00,"4486.4,4487.02,4479.44,4484.1"
2026-05-20 07:10:00+07:00,"4484.1,4490.79,4481.5,4488.54"
2026-05-20 07:15:00+07:00,"4488.55,4490.82,4482.53,4483.79"
2026-05-20 07:20:00+07:00,"4483.69,4492.03,4481.12,4492.03"
2026-05-20 07:25:00+07:00,"4492.04,4502.43,4490.14,4501.78"
2026-05-20 07:30:00+07:00,"4501.76,4507.94,4499.96,4503.07"
2026-05-20 07:35:00+07:00,"4503.1,4505.51,4499.8,4501.95"
2026-05-20 07:40:00+07:00,"4501.94,4507.04,4501.09,4505.12"
2026-05-20 07:45:00+07:00,"4505.14,4509.49,4503.09,4504.89"
2026-05-20 07:50:00+07:00,"4504.83,4505.51,4500.69,4503.43"
2026-05-20 07:55:00+07:00,"4503.45,4503.69,4498.02,4500.83"
2026-05-20 08:00:00+07:00,"4500.82,4506.21,4489.88,4493.77"
2026-05-20 08:05:00+07:00,"4493.76,4495.65,4487.9,4495.01"
2026-05-20 08:10:00+07:00,"4495.02,4500.48,4491.27,4492.37"
2026-05-20 08:15:00+07:00,"4492.43,4496.16,4491.56,4495.72"
2026-05-20 08:20:00+07:00,"4495.71,4496.82,4483.16,4484.6"
2026-05-20 08:25:00+07:00,"4484.68,4485.72,4472.82,4473.66"
2026-05-20 08:30:00+07:00,"4473.77,4477.15,4467.31,4473.12"
2026-05-20 08:35:00+07:00,"4473.18,4473.24,4455.78,4467.92"
2026-05-20 08:40:00+07:00,"4467.97,4469.22,4461.42,4466.71"
2026-05-20 08:45:00+07:00,"4466.76,4473.93,4462.98,4472.22"
2026-05-20 08:50:00+07:00,"4472.22,4488.35,4472.18,4481.57"
2026-05-20 08:55:00+07:00,"4481.62,4482.89,4478.55,4481.39"
2026-05-20 09:00:00+07:00,"4481.4,4485.39,4479.99,4484.97"
2026-05-20 09:05:00+07:00,"4484.98,4487.19,4478.31,4479.63"
2026-05-20 09:10:00+07:00,"4479.56,4482.07,4476.01,4481.19"
2026-05-20 09:15:00+07:00,"4481.22,4482.91,4476.34,4477.47"
2026-05-20 09:20:00+07:00,"4477.46,4487.21,4476.25,4484.49"
2026-05-20 09:25:00+07:00,"4484.54,4484.9,4479.24,4481.45"
2026-05-20 09:30:00+07:00,"4481.5,4483.33,4465.63,4470.54"
2026-05-20 09:35:00+07:00,"4470.52,4471.14,4465.46,4469.8"
2026-05-20 09:40:00+07:00,"4469.75,4471.71,4460.22,4460.53"
2026-05-20 09:45:00+07:00,"4460.52,4465.26,4459.48,4465.26"
2026-05-20 09:50:00+07:00,"4464.93,4466.1,4461.55,4463.49"
2026-05-20 09:55:00+07:00,"4463.49,4466.3,4458.3,4465.29"
2026-05-20 10:00:00+07:00,"4465.28,4467.32,4460.02,4463.12"
2026-05-20 10:05:00+07:00,"4463.16,4463.89,4453.07,4456.68"
2026-05-20 10:10:00+07:00,"4456.7,4461.35,4455.87,4458.02"
2026-05-20 10:15:00+07:00,"4457.97,4464.44,4457.05,4462.71"
2026-05-20 10:20:00+07:00,"4462.72,4463.32,4460.23,4462.36"
2026-05-20 10:25:00+07:00,"4462.28,4464.33,4459.79,4461.11"
2026-05-20 10:30:00+07:00,"4461.06,4461.83,4457.45,4458.87"
2026-05-20 10:35:00+07:00,"4458.92,4466.19,4458.69,4464.38"
2026-05-20 10:40:00+07:00,"4464.39,4466.24,4460.38,4460.77"
2026-05-20 10:45:00+07:00,"4460.78,4461.76,4458.19,4459.71"
2026-05-20 10:50:00+07:00,"4459.66,4461.73,4458.58,4460.95"
2026-05-20 10:55:00+07:00,"4460.88,4465.21,4460.02,4463.79"
2026-05-20 11:00:00+07:00,"4463.71,4470.34,4463.24,4468.61"
2026-05-20 11:05:00+07:00,"4468.6,4469.46,4466.62,4467.78"
2026-05-20 11:10:00+07:00,"4467.68,4469.75,4465.21,4469.16"
2026-05-20 11:15:00+07:00,"4469.16,4470.8,4465.5,4465.81"
2026-05-20 11:20:00+07:00,"4465.82,4467.36,4463.19,4466.84"
2026-05-20 11:25:00+07:00,"4466.79,4467.26,4462.2,4465.18"
2026-05-20 11:30:00+07:00,"4465.18,4466.05,4461.89,4462.79"
2026-05-20 11:35:00+07:00,"4462.72,4465.82,4460.74,4464.31"
2026-05-20 11:40:00+07:00,"4464.31,4465.91,4460.4,4463.16"
2026-05-20 11:45:00+07:00,"4463.26,4463.28,4456.47,4459.99"
2026-05-20 11:50:00+07:00,"4459.94,4463.4,4459.34,4461.46"
2026-05-20 11:55:00+07:00,"4461.48,4462.93,4459.77,4462.1"
2026-05-20 12:00:00+07:00,"4462.11,4471.83,4461.78,4471.16"
2026-05-20 12:05:00+07:00,"4471.11,4473.31,4467.62,4468.74"
2026-05-20 12:10:00+07:00,"4468.78,4469.97,4467.22,4469.43"
2026-05-20 12:15:00+07:00,"4469.44,4472.1,4467.57,4471.62"
2026-05-20 12:20:00+07:00,"4471.55,4475.46,4470.89,4470.89"
2026-05-20 12:25:00+07:00,"4470.94,4471.76,4467.12,4468.13"
2026-05-20 12:30:00+07:00,"4468.23,4479.19,4467.93,4477.15"
2026-05-20 12:35:00+07:00,"4477.1,4479.31,4474.77,4476.61"
2026-05-20 12:40:00+07:00,"4476.66,4478.32,4471.63,4472.21"
2026-05-20 12:45:00+07:00,"4472.16,4472.31,4463.28,4465.68"
2026-05-20 12:50:00+07:00,"4465.7,4472.35,4464.35,4471.44"
2026-05-20 12:55:00+07:00,"4471.43,4475.32,4471.11,4472.67"
2026-05-20 13:00:00+07:00,"4472.72,4477.72,4470.64,4472.89"
2026-05-20 13:05:00+07:00,"4472.9,4474.39,4469.12,4469.67"
2026-05-20 13:10:00+07:00,"4469.66,4472.14,4467.31,4472.14"
2026-05-20 13:15:00+07:00,"4472.19,4478.47,4471.75,4477.29"
2026-05-20 13:20:00+07:00,"4477.24,4477.88,4468.62,4468.63"
2026-05-20 13:25:00+07:00,"4468.61,4474.62,4467.51,4472.08"
2026-05-20 13:30:00+07:00,"4472.04,4472.84,4466.76,4466.99"
2026-05-20 13:35:00+07:00,"4466.98,4468.36,4461.57,4467.07"
2026-05-20 13:40:00+07:00,"4467.02,4467.17,4463.82,4467.17"
2026-05-20 13:45:00+07:00,"4467.18,4474.95,4465.28,4473.86"
2026-05-20 13:50:00+07:00,"4473.85,4478.52,4472.45,4474.81"
2026-05-20 13:55:00+07:00,"4474.75,4476.04,4471.35,4474.16"
2026-05-20 14:00:00+07:00,"4474.13,4479.41,4472.02,4477.42"
2026-05-20 14:05:00+07:00,"4477.4,4483.63,4475.34,4483.25"
2026-05-20 14:10:00+07:00,"4483.22,4485.54,4480.02,4481.15"
2026-05-20 14:15:00+07:00,"4481.16,4481.16,4477.92,4478.89"
2026-05-20 14:20:00+07:00,"4478.84,4484.39,4476.09,4480.3"
2026-05-20 14:25:00+07:00,"4480.35,4483.48,4479.5,4482.67"
2026-05-20 14:30:00+07:00,"4482.66,4486.15,4477.61,4478.35"
2026-05-20 14:35:00+07:00,"4478.36,4481.17,4475.96,4480.22"
2026-05-20 14:40:00+07:00,"4480.21,4483.77,4478.6,4481.38"
2026-05-20 14:45:00+07:00,"4481.36,4482,4476.23,4477.93"
2026-05-20 14:50:00+07:00,"4477.95,4479.2,4475.15,4479.17"
2026-05-20 14:55:00+07:00,"4479.12,4480.02,4476.88,4478.56"
2026-05-20 15:00:00+07:00,"4478.61,4481.63,4476.81,4481.21"
2026-05-20 15:05:00+07:00,"4481.2,4483.26,4476.85,4479.16"
2026-05-20 15:10:00+07:00,"4479.21,4484.42,4477.61,4482.44"
2026-05-20 15:15:00+07:00,"4482.43,4484.19,4479.74,4481.69"
2026-05-20 15:20:00+07:00,"4481.81,4486.7,4478.38,4484.35"
2026-05-20 15:25:00+07:00,"4484.36,4486.5,4482.55,4486.5"
2026-05-20 15:30:00+07:00,"4486.69,4489.83,4483.03,4483.19"
2026-05-20 15:35:00+07:00,"4483.25,4484.79,4478.66,4483.53"
2026-05-20 15:40:00+07:00,"4483.53,4483.79,4476.86,4479.2"
2026-05-20 15:45:00+07:00,"4479.23,4483.1,4478.98,4481.81"
2026-05-20 15:50:00+07:00,"4481.79,4489.52,4481.29,4489.12"
2026-05-20 15:55:00+07:00,"4489.13,4490.38,4483.4,4484.26"
2026-05-20 16:00:00+07:00,"4484.2,4486.18,4483.65,4484.7"
2026-05-20 16:05:00+07:00,"4484.68,4486.38,4481.44,4482.27"
2026-05-20 16:10:00+07:00,"4482.29,4482.6,4479.42,4480.36"
2026-05-20 16:15:00+07:00,"4480.27,4482.68,4479.11,4482.38"
2026-05-20 16:20:00+07:00,"4482.39,4483.67,4478.67,4479.5"
2026-05-20 16:25:00+07:00,"4479.51,4479.65,4472.46,4474.41"
2026-05-20 16:30:00+07:00,"4474.38,4482.9,4472.74,4482.22"
2026-05-20 16:35:00+07:00,"4482.23,4483.47,4480.07,4483.38"
2026-05-20 16:40:00+07:00,"4483.4,4484.91,4483.08,4483.23"
2026-05-20 16:45:00+07:00,"4483.24,4484.68,4481.82,4483.09"
2026-05-20 16:50:00+07:00,"4483.07,4490.25,4482.62,4489.38"
2026-05-20 16:55:00+07:00,"4489.39,4491.31,4484.28,4485"
2026-05-20 17:00:00+07:00,"4484.98,4487.72,4484.63,4486"
2026-05-20 17:05:00+07:00,"4486.05,4492.36,4485.94,4489.66"
2026-05-20 17:10:00+07:00,"4489.64,4491.17,4486.65,4488.04"
2026-05-20 17:15:00+07:00,"4488.05,4491.23,4487.1,4488.38"
2026-05-20 17:20:00+07:00,"4488.41,4492.59,4488.21,4491.56"
2026-05-20 17:25:00+07:00,"4491.5,4492.53,4488.28,4489.07"
2026-05-20 17:30:00+07:00,"4489.1,4492.69,4488.55,4492.63"
2026-05-20 17:35:00+07:00,"4492.65,4497.18,4492.23,4495.72"
2026-05-20 17:40:00+07:00,"4495.68,4497.01,4493.86,4494.35"
2026-05-20 17:45:00+07:00,"4494.29,4495.86,4492.11,4492.6"
2026-05-20 17:50:00+07:00,"4492.61,4495.15,4490.12,4494.6"
2026-05-20 17:55:00+07:00,"4494.59,4494.94,4492.55,4494.69"
2026-05-20 18:00:00+07:00,"4494.67,4497.08,4492.62,4494.4"
2026-05-20 18:05:00+07:00,"4494.43,4495.99,4493.81,4494.61"
2026-05-20 18:10:00+07:00,"4494.55,4496.33,4492.9,4493.11"
2026-05-20 18:15:00+07:00,"4493.11,4496.63,4491.64,4492.09"
2026-05-20 18:20:00+07:00,"4492.06,4496.57,4491.08,4495.84"
2026-05-20 18:25:00+07:00,"4495.86,4501.75,4495.37,4500.09"
2026-05-20 18:30:00+07:00,"4500.1,4500.42,4496.53,4498.88"
2026-05-20 18:35:00+07:00,"4498.87,4499.41,4496.09,4497.8"
2026-05-20 18:40:00+07:00,"4497.92,4498.56,4493.31,4495.19"
2026-05-20 18:45:00+07:00,"4495.19,4497.12,4491.92,4493.1"
2026-05-20 18:50:00+07:00,"4493.09,4498.21,4490.9,4497.91"
2026-05-20 18:55:00+07:00,"4497.9,4499.64,4496.09,4499.09"
2026-05-20 19:00:00+07:00,"4499.04,4501.19,4495.84,4496.45"
2026-05-20 19:05:00+07:00,"4496.51,4500.11,4495.77,4497.68"
2026-05-20 19:10:00+07:00,"4497.66,4497.92,4496.15,4496.7"
2026-05-20 19:15:00+07:00,"4496.69,4497.24,4493.9,4494.54"
2026-05-20 19:20:00+07:00,"4494.55,4497.18,4492.81,4496.22"
2026-05-20 19:25:00+07:00,"4496.48,4499.78,4496.1,4499.78"
2026-05-20 19:30:00+07:00,"4499.79,4504.65,4499.25,4503.59"
2026-05-20 19:35:00+07:00,"4503.57,4504.7,4500.95,4503.8"
2026-05-20 19:40:00+07:00,"4503.83,4504.62,4501.37,4502.81"
2026-05-20 19:45:00+07:00,"4502.83,4505.39,4501.84,4502.93"
2026-05-20 19:50:00+07:00,"4502.91,4502.98,4498.55,4498.6"
2026-05-20 19:55:00+07:00,"4498.61,4499.08,4493.78,4496.17"
2026-05-20 20:00:00+07:00,"4496.15,4501.47,4493.78,4497.71"
2026-05-20 20:05:00+07:00,"4497.79,4501.91,4496.41,4498.81"
2026-05-20 20:10:00+07:00,"4498.78,4506.23,4497.33,4505.36"
2026-05-20 20:15:00+07:00,"4505.39,4505.63,4498.96,4499.44"
2026-05-20 20:20:00+07:00,"4499.47,4500.54,4493.78,4494.41"
2026-05-20 20:25:00+07:00,"4494.4,4495.15,4488.96,4489.17"
2026-05-20 20:30:00+07:00,"4489.29,4493.33,4487.7,4491.51"
2026-05-20 20:35:00+07:00,"4491.58,4493.07,4484.63,4485.41"
2026-05-20 20:40:00+07:00,"4485.4,4490.66,4482.98,4489.82"
2026-05-20 20:45:00+07:00,"4489.82,4492.36,4485.98,4486.95"
2026-05-20 20:50:00+07:00,"4486.96,4489.65,4484.82,4486.14"
2026-05-20 20:55:00+07:00,"4486.15,4486.53,4481.94,4483.15"
2026-05-20 21:00:00+07:00,"4483.14,4485.42,4480.75,4481.46"
2026-05-20 21:05:00+07:00,"4481.35,4481.73,4474.68,4476.12"
2026-05-20 21:10:00+07:00,"4476.15,4480.59,4467.06,4476.94"
2026-05-20 21:15:00+07:00,"4476.89,4504.09,4476.47,4498.18"
2026-05-20 21:20:00+07:00,"4498.17,4510.58,4495.37,4502.79"
2026-05-20 21:25:00+07:00,"4502.72,4507.26,4499.11,4506.82"
2026-05-20 21:30:00+07:00,"4506.82,4528.91,4506.81,4524.46"
2026-05-20 21:35:00+07:00,"4524.45,4527.04,4515.14,4523.57"
2026-05-20 21:40:00+07:00,"4523.58,4524.08,4517.2,4520.63"
2026-05-20 21:45:00+07:00,"4520.73,4524.4,4516.43,4521.85"
2026-05-20 21:50:00+07:00,"4521.91,4529.99,4520.86,4529.55"
2026-05-20 21:55:00+07:00,"4529.69,4537.36,4528.56,4531.35"
2026-05-20 22:00:00+07:00,"4531.58,4535.58,4529.42,4530.37"
2026-05-20 22:05:00+07:00,"4530.38,4531.76,4523.77,4526.29"
2026-05-20 22:10:00+07:00,"4526.3,4526.92,4522.82,4524.62"
2026-05-20 22:15:00+07:00,"4524.61,4553.48,4524.32,4543.3"
2026-05-20 22:20:00+07:00,"4543.21,4545.55,4535.37,4536.03"
2026-05-20 22:25:00+07:00,"4536.04,4537.54,4528.55,4529.38"
2026-05-20 22:30:00+07:00,"4529.44,4535.11,4527.58,4535.03"
2026-05-20 22:35:00+07:00,"4535.05,4539.14,4534.67,4537.74"
2026-05-20 22:40:00+07:00,"4537.71,4539.48,4534.72,4536.96"
2026-05-20 22:45:00+07:00,"4536.98,4537.86,4535.04,4537.25"
2026-05-20 22:50:00+07:00,"4537.28,4537.8,4532.32,4533.43"
2026-05-20 22:55:00+07:00,"4533.37,4534.18,4527.09,4529.27"
2026-05-20 23:00:00+07:00,"4529.32,4532.21,4528.44,4532.13"
2026-05-20 23:05:00+07:00,"4532.14,4535.5,4531.47,4533.35"
2026-05-20 23:10:00+07:00,"4533.36,4534.92,4531.19,4533.79"
2026-05-20 23:15:00+07:00,"4533.84,4533.86,4529.59,4530.88"
2026-05-20 23:20:00+07:00,"4530.89,4531.31,4525.08,4526.08"
2026-05-20 23:25:00+07:00,"4526.07,4527.65,4524.12,4526.06"
2026-05-20 23:30:00+07:00,"4526.08,4529.66,4524.25,4525.74"
2026-05-20 23:35:00+07:00,"4525.83,4528.67,4525.38,4527.57"
2026-05-20 23:40:00+07:00,"4527.58,4533.92,4527.45,4533.59"
2026-05-20 23:45:00+07:00,"4533.57,4535.14,4529.77,4532.34"
2026-05-20 23:50:00+07:00,"4532.33,4533.49,4530.86,4532.69"
2026-05-20 23:55:00+07:00,"4532.71,4535.67,4531.28,4534.45"
2026-05-21 00:00:00+07:00,"4534.46,4535.06,4531.43,4532.15"
2026-05-21 00:05:00+07:00,"4532.18,4535.79,4531,4535.68"
2026-05-21 00:10:00+07:00,"4535.7,4538.59,4533.3,4534.5"
2026-05-21 00:15:00+07:00,"4534.5,4535.71,4532.9,4535.05"
2026-05-21 00:20:00+07:00,"4535.06,4536.98,4533.24,4534.05"
2026-05-21 00:25:00+07:00,"4534.08,4536.6,4530.83,4532.37"
2026-05-21 00:30:00+07:00,"4532.38,4535.43,4529.74,4531.05"
2026-05-21 00:35:00+07:00,"4531.05,4536.72,4530.21,4535.88"
2026-05-21 00:40:00+07:00,"4535.89,4536.16,4533,4533.18"
2026-05-21 00:45:00+07:00,"4533.24,4535.26,4532.37,4533.64"
2026-05-21 00:50:00+07:00,"4533.65,4534.39,4531.91,4532"
2026-05-21 00:55:00+07:00,"4532.01,4532.58,4530.28,4531.33"
2026-05-21 01:00:00+07:00,"4531.45,4533.16,4528.97,4532.31"
2026-05-21 01:05:00+07:00,"4532.32,4533.68,4530.55,4533"
2026-05-21 01:10:00+07:00,"4533.01,4534.02,4532.23,4532.91"
2026-05-21 01:15:00+07:00,"4532.9,4536.8,4532.81,4536.31"
2026-05-21 01:20:00+07:00,"4536.34,4536.62,4532.82,4533.78"
2026-05-21 01:25:00+07:00,"4533.76,4535.19,4531.89,4535.01"
2026-05-21 01:30:00+07:00,"4535,4539.96,4535,4539.87"
2026-05-21 01:35:00+07:00,"4539.9,4543.5,4539.59,4543"
2026-05-21 01:40:00+07:00,"4542.92,4543.31,4536.85,4537.09"
2026-05-21 01:45:00+07:00,"4537.13,4540.66,4536.73,4539.77"
2026-05-21 01:50:00+07:00,"4539.78,4543.32,4539.16,4542"
2026-05-21 01:55:00+07:00,"4542.01,4545.14,4541.85,4542.47"
2026-05-21 02:00:00+07:00,"4542.49,4544.83,4542.05,4542.68"
2026-05-21 02:05:00+07:00,"4542.67,4544.22,4541.56,4543.4"
2026-05-21 02:10:00+07:00,"4543.38,4545.34,4542.79,4543.94"
2026-05-21 02:15:00+07:00,"4543.94,4545.86,4543.57,4545.86"
2026-05-21 02:20:00+07:00,"4545.84,4546.07,4543.36,4544.2"
2026-05-21 02:25:00+07:00,"4544.25,4545.71,4543.62,4545.1"
2026-05-21 02:30:00+07:00,"4545.11,4547.37,4545.11,4545.65"
2026-05-21 02:35:00+07:00,"4545.64,4550.59,4545.19,4548.24"
2026-05-21 02:40:00+07:00,"4548.22,4549.45,4545.34,4546.54"
2026-05-21 02:45:00+07:00,"4546.56,4547.87,4545.64,4546.33"
2026-05-21 02:50:00+07:00,"4545.86,4548.68,4545.44,4548.12"
2026-05-21 02:55:00+07:00,"4548.11,4548.57,4545.25,4545.68"
2026-05-21 03:00:00+07:00,"4545.63,4548.07,4545.63,4546.75"
2026-05-21 03:05:00+07:00,"4546.76,4547.13,4545.24,4546.62"
2026-05-21 03:10:00+07:00,"4546.74,4550.51,4545.7,4546.7"
2026-05-21 03:15:00+07:00,"4546.71,4548.41,4545.12,4547.23"
2026-05-21 03:20:00+07:00,"4547.21,4547.21,4543.07,4545.26"
2026-05-21 03:25:00+07:00,"4545.25,4546.56,4545.03,4545.58"
2026-05-21 03:30:00+07:00,"4545.61,4546.38,4543.72,4544.17"
2026-05-21 03:35:00+07:00,"4544.16,4545.08,4543.14,4543.92"
2026-05-21 03:40:00+07:00,"4543.93,4544.3,4542.55,4543.55"
2026-05-21 03:45:00+07:00,"4543.39,4544.82,4542.45,4542.97"
2026-05-21 03:50:00+07:00,"4542.98,4544.04,4542.1,4543.09"
2026-05-21 03:55:00+07:00,"4543.08,4544.37,4541.94,4542.29"
2026-05-21 05:00:00+07:00,"4541.93,4548.49,4541.21,4544.51"
2026-05-21 05:05:00+07:00,"4544.56,4546.87,4539.04,4539.84"
2026-05-21 05:10:00+07:00,"4539.83,4542.67,4538.72,4540.2"
2026-05-21 05:15:00+07:00,"4540.19,4540.72,4537.19,4537.95"
2026-05-21 05:20:00+07:00,"4537.97,4538.75,4535.12,4536.86"
2026-05-21 05:25:00+07:00,"4536.83,4539.2,4536.22,4538.84"
2026-05-21 05:30:00+07:00,"4538.97,4542.65,4538.54,4541.34"
2026-05-21 05:35:00+07:00,"4541.36,4543.57,4540.43,4542.65"
2026-05-21 05:40:00+07:00,"4542.62,4543.2,4540.42,4542.26"
2026-05-21 05:45:00+07:00,"4542.24,4544.55,4540.4,4541.39"
2026-05-21 05:50:00+07:00,"4541.29,4542.06,4537.19,4540.64"
2026-05-21 05:55:00+07:00,"4540.65,4541.92,4537.88,4540.03"
2026-05-21 06:00:00+07:00,"4540.12,4542.21,4540.05,4542.04"
2026-05-21 06:05:00+07:00,"4542.04,4543.34,4538.64,4538.67"
2026-05-21 06:10:00+07:00,"4538.27,4540.51,4537.77,4539.98"
2026-05-21 06:15:00+07:00,"4539.97,4540.82,4538.46,4538.79"
2026-05-21 06:20:00+07:00,"4538.77,4539.42,4536.33,4537.2"
2026-05-21 06:25:00+07:00,"4537.25,4538.62,4534.5,4538.47"
2026-05-21 06:30:00+07:00,"4538.45,4541.24,4537.82,4540.04"
2026-05-21 06:35:00+07:00,"4540.26,4545.43,4539.76,4545.43"
2026-05-21 06:40:00+07:00,"4545.33,4545.33,4542.37,4542.91"
2026-05-21 06:45:00+07:00,"4542.86,4547.29,4541.71,4545.09"
2026-05-21 06:50:00+07:00,"4545.15,4545.43,4542.67,4544.84"
2026-05-21 06:55:00+07:00,"4544.83,4546.58,4543.79,4546.45"
2026-05-21 07:00:00+07:00,"4546.58,4548.87,4540.26,4542.4"
2026-05-21 07:05:00+07:00,"4542.46,4545.04,4539.94,4544.37"
2026-05-21 07:10:00+07:00,"4544.36,4545.77,4542.56,4545"
2026-05-21 07:15:00+07:00,"4544.95,4553.52,4540,4546"
2026-05-21 07:20:00+07:00,"4546.06,4546.47,4538.94,4540.89"
2026-05-21 07:25:00+07:00,"4541.05,4545.28,4537.19,4543.63"
2026-05-21 07:30:00+07:00,"4543.62,4545.15,4539.46,4544.63"
2026-05-21 07:35:00+07:00,"4544.68,4545.08,4542.3,4542.48"
2026-05-21 07:40:00+07:00,"4542.64,4544.08,4541.14,4543.72"
2026-05-21 07:45:00+07:00,"4543.72,4545.02,4542.03,4544.4"
2026-05-21 07:50:00+07:00,"4544.45,4548.8,4543.55,4547.6"
2026-05-21 07:55:00+07:00,"4547.5,4548.37,4544.86,4545.33"
2026-05-21 08:00:00+07:00,"4545.3,4549.32,4539.75,4543.74"
2026-05-21 08:05:00+07:00,"4543.79,4551.16,4541.01,4549.45"
2026-05-21 08:10:00+07:00,"4549.51,4560.29,4549.23,4560"
2026-05-21 08:15:00+07:00,"4560.03,4561.69,4558.16,4559.51"
2026-05-21 08:20:00+07:00,"4559.41,4568.13,4557.2,4565.06"
2026-05-21 08:25:00+07:00,"4565.11,4567.73,4560.58,4567.04"
2026-05-21 08:30:00+07:00,"4567.12,4569.61,4561.86,4562.94"
2026-05-21 08:35:00+07:00,"4562.96,4567.02,4561.62,4565.71"
2026-05-21 08:40:00+07:00,"4565.66,4570.72,4565.59,4567.85"
2026-05-21 08:45:00+07:00,"4567.95,4568.35,4565.17,4565.17"
2026-05-21 08:50:00+07:00,"4565.12,4565.85,4558.69,4559.94"
2026-05-21 08:55:00+07:00,"4559.92,4562.11,4559.33,4561.04"
2026-05-21 09:00:00+07:00,"4561.03,4565.02,4556.67,4556.7"
2026-05-21 09:05:00+07:00,"4556.78,4559.38,4554.97,4555.79"
2026-05-21 09:10:00+07:00,"4555.74,4555.92,4550.62,4551.83"
2026-05-21 09:15:00+07:00,"4551.88,4553.22,4547.01,4548.93"
2026-05-21 09:20:00+07:00,"4549.23,4549.77,4545.99,4548.07"
2026-05-21 09:25:00+07:00,"4548.05,4548.67,4539.54,4540.46"
2026-05-21 09:30:00+07:00,"4540.41,4542.57,4533.84,4537.03"
2026-05-21 09:35:00+07:00,"4536.98,4541.74,4536.97,4539.83"
2026-05-21 09:40:00+07:00,"4539.98,4540.29,4534.28,4536.39"
2026-05-21 09:45:00+07:00,"4536.34,4537.43,4531.44,4534.57"
2026-05-21 09:50:00+07:00,"4534.58,4536.68,4533.22,4534.03"
2026-05-21 09:55:00+07:00,"4534.02,4536.05,4532.55,4533.3"
2026-05-21 10:00:00+07:00,"4533.28,4535.37,4531.49,4534.96"
2026-05-21 10:05:00+07:00,"4534.97,4537.69,4534.27,4537.15"
2026-05-21 10:10:00+07:00,"4537.1,4539.13,4536.49,4537.98"
2026-05-21 10:15:00+07:00,"4537.94,4538.26,4533.04,4535.48"
2026-05-21 10:20:00+07:00,"4535.42,4540.42,4535.37,4537.69"
2026-05-21 10:25:00+07:00,"4537.7,4538.43,4533.96,4535.72"
2026-05-21 10:30:00+07:00,"4535.75,4537.33,4533.4,4534.39"
2026-05-21 10:35:00+07:00,"4534.41,4534.67,4531.63,4532.68"
2026-05-21 10:40:00+07:00,"4532.68,4536.35,4531.94,4533.94"
2026-05-21 10:45:00+07:00,"4533.92,4534.43,4531.44,4531.86"
2026-05-21 10:50:00+07:00,"4531.86,4532.07,4526.79,4527.93"
2026-05-21 10:55:00+07:00,"4527.94,4529.88,4527.26,4528.21"
2026-05-21 11:00:00+07:00,"4528.01,4533.1,4527.07,4531.95"
2026-05-21 11:05:00+07:00,"4532,4533.71,4530.72,4532.6"
2026-05-21 11:10:00+07:00,"4532.6,4536.63,4532.43,4536"
2026-05-21 11:15:00+07:00,"4536.05,4536.59,4534.25,4534.62"
2026-05-21 11:20:00+07:00,"4534.58,4537.22,4534.3,4536.71"
2026-05-21 11:25:00+07:00,"4536.72,4540.2,4536.72,4539.93"
2026-05-21 11:30:00+07:00,"4539.93,4540.54,4536.46,4536.92"
2026-05-21 11:35:00+07:00,"4536.93,4537.53,4533.81,4537.15"
2026-05-21 11:40:00+07:00,"4537.2,4538.19,4536.05,4537.13"
2026-05-21 11:45:00+07:00,"4537.19,4537.23,4535.37,4536.28"
2026-05-21 11:50:00+07:00,"4536.33,4538.78,4535.77,4535.95"
2026-05-21 11:55:00+07:00,"4536,4539.37,4536,4538.46"
2026-05-21 12:00:00+07:00,"4538.48,4540.41,4536.83,4538.14"
2026-05-21 12:05:00+07:00,"4538.17,4538.64,4530.61,4531.8"
2026-05-21 12:10:00+07:00,"4531.81,4533.13,4529.76,4530.62"
2026-05-21 12:15:00+07:00,"4530.65,4531.19,4526.32,4527.21"
2026-05-21 12:20:00+07:00,"4527.21,4527.54,4524.66,4525.06"
2026-05-21 12:25:00+07:00,"4525.08,4528.35,4521.39,4523.32"
2026-05-21 12:30:00+07:00,"4523.4,4527.04,4518.38,4525.71"
2026-05-21 12:35:00+07:00,"4525.71,4527.32,4521.37,4525.83"
2026-05-21 12:40:00+07:00,"4525.85,4526.82,4524.21,4525.88"
2026-05-21 12:45:00+07:00,"4525.85,4526.86,4517.96,4523.32"
2026-05-21 12:50:00+07:00,"4523.29,4529.94,4522.6,4529.63"
2026-05-21 12:55:00+07:00,"4529.65,4529.93,4525.67,4527.95"
2026-05-21 13:00:00+07:00,"4527.96,4535.5,4526.51,4533.57"
2026-05-21 13:05:00+07:00,"4533.59,4535.32,4531.09,4531.35"
2026-05-21 13:10:00+07:00,"4531.34,4532.54,4527.19,4531.63"
2026-05-21 13:15:00+07:00,"4531.68,4533.2,4528.53,4530.52"
2026-05-21 13:20:00+07:00,"4530.5,4539.94,4529.44,4534.23"
2026-05-21 13:25:00+07:00,"4534.2,4535.49,4530.04,4532.97"
2026-05-21 13:30:00+07:00,"4532.9,4535.09,4527.99,4529.76"
2026-05-21 13:35:00+07:00,"4529.79,4531.46,4527.37,4527.9"
2026-05-21 13:40:00+07:00,"4527.93,4528.19,4522.84,4524.94"
2026-05-21 13:45:00+07:00,"4524.96,4526.44,4521.62,4523.77"
2026-05-21 13:50:00+07:00,"4523.85,4524.5,4520.4,4522.45"
2026-05-21 13:55:00+07:00,"4522.41,4523.38,4518.71,4521.58"
2026-05-21 14:00:00+07:00,"4521.59,4524.31,4518.85,4520.84"
2026-05-21 14:05:00+07:00,"4520.83,4522.76,4517.96,4521.96"
2026-05-21 14:10:00+07:00,"4521.81,4522.37,4519.28,4520.67"
2026-05-21 14:15:00+07:00,"4520.65,4521.61,4517.24,4521.09"
2026-05-21 14:20:00+07:00,"4521.17,4523.94,4517.38,4518.27"
2026-05-21 14:25:00+07:00,"4518.16,4518.85,4511.82,4512.89"
2026-05-21 14:30:00+07:00,"4512.92,4517.45,4511.94,4516.86"
2026-05-21 14:35:00+07:00,"4516.83,4517.52,4514.47,4515.46"
2026-05-21 14:40:00+07:00,"4515.48,4517.32,4514.26,4516.5"
2026-05-21 14:45:00+07:00,"4516.49,4518.37,4514.26,4518.23"
2026-05-21 14:50:00+07:00,"4518.17,4523.37,4515.88,4521.15"
2026-05-21 14:55:00+07:00,"4521.11,4522.86,4519.49,4519.63"
2026-05-21 15:00:00+07:00,"4519.64,4523.69,4518.29,4523.25"
2026-05-21 15:05:00+07:00,"4523.28,4529.48,4522.31,4528.57"
2026-05-21 15:10:00+07:00,"4528.54,4536.23,4527.63,4534.27"
2026-05-21 15:15:00+07:00,"4534.34,4536.8,4530.1,4530.29"
2026-05-21 15:20:00+07:00,"4530.28,4533.11,4529.65,4532.84"
2026-05-21 15:25:00+07:00,"4532.95,4537.18,4529.2,4535.53"
2026-05-21 15:30:00+07:00,"4535.63,4535.85,4528.02,4529.52"
2026-05-21 15:35:00+07:00,"4529.55,4531.43,4525.99,4528.04"
2026-05-21 15:40:00+07:00,"4528.04,4532.55,4528.01,4529.09"
2026-05-21 15:45:00+07:00,"4529.12,4533.51,4528.01,4530.7"
2026-05-21 15:50:00+07:00,"4530.71,4533.16,4529.88,4532.51"
2026-05-21 15:55:00+07:00,"4532.5,4534.8,4532.28,4532.55"
2026-05-21 16:00:00+07:00,"4532.56,4534.05,4531.61,4532.37"
2026-05-21 16:05:00+07:00,"4532.4,4536.22,4531.9,4533.73"
2026-05-21 16:10:00+07:00,"4533.81,4540.64,4533.12,4537.74"
2026-05-21 16:15:00+07:00,"4537.68,4541.18,4536.32,4540.6"
2026-05-21 16:20:00+07:00,"4540.6,4542.75,4536.98,4537.29"
2026-05-21 16:25:00+07:00,"4537.3,4539.68,4535.46,4536.81"
2026-05-21 16:30:00+07:00,"4536.75,4542.79,4533.6,4535.41"
2026-05-21 16:35:00+07:00,"4535.44,4536.78,4532.37,4532.75"
2026-05-21 16:40:00+07:00,"4532.76,4534.92,4529.59,4529.98"
2026-05-21 16:45:00+07:00,"4530.05,4532.13,4527.84,4531.5"
2026-05-21 16:50:00+07:00,"4531.48,4533.18,4531.33,4532.81"
2026-05-21 16:55:00+07:00,"4532.82,4533.18,4529.73,4530.74"
2026-05-21 17:00:00+07:00,"4530.71,4533.78,4530.09,4533.68"
2026-05-21 17:05:00+07:00,"4533.51,4535.51,4530.59,4534.55"
2026-05-21 17:10:00+07:00,"4534.54,4535.35,4530.11,4532.88"
2026-05-21 17:15:00+07:00,"4532.87,4534.76,4530.71,4534.52"
2026-05-21 17:20:00+07:00,"4534.5,4534.73,4532.2,4534.27"
2026-05-21 17:25:00+07:00,"4534.24,4534.76,4510.79,4518.05"
2026-05-21 17:30:00+07:00,"4518.08,4518.42,4508.12,4514.81"
2026-05-21 17:35:00+07:00,"4514.8,4518.02,4507.61,4509.17"
2026-05-21 17:40:00+07:00,"4509.16,4518.49,4504.47,4517.09"
2026-05-21 17:45:00+07:00,"4517.1,4517.98,4513.08,4516.64"
2026-05-21 17:50:00+07:00,"4516.62,4517.31,4510.98,4515.92"
2026-05-21 17:55:00+07:00,"4515.91,4516.4,4510.8,4511.72"
2026-05-21 18:00:00+07:00,"4511.94,4520.5,4510.71,4516.47"
2026-05-21 18:05:00+07:00,"4516.46,4518.28,4514.75,4516.72"
2026-05-21 18:10:00+07:00,"4516.7,4518.27,4515.3,4516.36"
2026-05-21 18:15:00+07:00,"4516.38,4519.84,4515.77,4519.15"
2026-05-21 18:20:00+07:00,"4519.16,4521.47,4514.76,4515.91"
2026-05-21 18:25:00+07:00,"4515.9,4515.91,4512.49,4514.01"
2026-05-21 18:30:00+07:00,"4514.09,4516.14,4510.31,4510.84"
2026-05-21 18:35:00+07:00,"4510.85,4512.31,4508.16,4510.85"
2026-05-21 18:40:00+07:00,"4510.82,4514.18,4510.35,4512.26"
2026-05-21 18:45:00+07:00,"4512.27,4515.25,4511.8,4513.44"
2026-05-21 18:50:00+07:00,"4513.41,4517.49,4512.85,4514.14"
2026-05-21 18:55:00+07:00,"4514.14,4514.35,4510.94,4514.05"
2026-05-21 19:00:00+07:00,"4514.06,4517.07,4514.06,4515.61"
2026-05-21 19:05:00+07:00,"4515.6,4518.28,4513.75,4517.91"
2026-05-21 19:10:00+07:00,"4517.88,4519.28,4513.58,4514.64"
2026-05-21 19:15:00+07:00,"4514.66,4515.17,4509.85,4512.57"
2026-05-21 19:20:00+07:00,"4512.57,4513.05,4506.14,4506.74"
2026-05-21 19:25:00+07:00,"4506.85,4508.04,4504.08,4507.29"
2026-05-21 19:30:00+07:00,"4507.23,4518.24,4505.66,4514.77"
2026-05-21 19:35:00+07:00,"4514.78,4517.08,4508.48,4511.84"
2026-05-21 19:40:00+07:00,"4511.86,4515.11,4510.3,4514.94"
2026-05-21 19:45:00+07:00,"4514.93,4518.39,4509.77,4510.32"
2026-05-21 19:50:00+07:00,"4510.33,4511.27,4507.33,4508.25"
2026-05-21 19:55:00+07:00,"4508.24,4509.76,4501.41,4504.09"
2026-05-21 20:00:00+07:00,"4504.1,4512.27,4499.26,4512.23"
2026-05-21 20:05:00+07:00,"4512.24,4513.04,4501.87,4504.71"
2026-05-21 20:10:00+07:00,"4504.78,4505.44,4500.51,4502.42"
2026-05-21 20:15:00+07:00,"4502.39,4505.58,4496.94,4499.05"
2026-05-21 20:20:00+07:00,"4499.04,4503.31,4496.52,4498.24"
2026-05-21 20:25:00+07:00,"4498.25,4500.88,4495.31,4500.88"
2026-05-21 20:30:00+07:00,"4501.11,4501.53,4489.9,4494.17"
2026-05-21 20:35:00+07:00,"4494.19,4496.15,4488.95,4492.25"
2026-05-21 20:40:00+07:00,"4492.47,4502.74,4491.72,4497.73"
2026-05-21 20:45:00+07:00,"4497.73,4503.72,4494.66,4500.26"
2026-05-21 20:50:00+07:00,"4500.28,4521.11,4499.66,4518.02"
2026-05-21 20:55:00+07:00,"4517.98,4520.94,4511.7,4513.6"
2026-05-21 21:00:00+07:00,"4513.59,4515.64,4505.42,4507.26"
2026-05-21 21:05:00+07:00,"4507.15,4510.59,4502.65,4505.08"
2026-05-21 21:10:00+07:00,"4505.07,4510.59,4503.71,4507.8"
2026-05-21 21:15:00+07:00,"4507.87,4509.67,4498.37,4502.12"
2026-05-21 21:20:00+07:00,"4502.13,4504.2,4498.07,4502.33"
2026-05-21 21:25:00+07:00,"4502.32,4507.8,4501.17,4507.37"
2026-05-21 21:30:00+07:00,"4507.38,4510.21,4505.14,4507.32"
2026-05-21 21:35:00+07:00,"4507.34,4511.42,4506.42,4508.83"
2026-05-21 21:40:00+07:00,"4508.84,4509.13,4502.35,4504.88"
2026-05-21 21:45:00+07:00,"4504.81,4509.61,4501.52,4504.39"
2026-05-21 21:50:00+07:00,"4504.53,4509.48,4501.71,4509.21"
2026-05-21 21:55:00+07:00,"4509.22,4510.71,4507.05,4508.96"
2026-05-21 22:00:00+07:00,"4508.97,4510.11,4503.24,4504.88"
2026-05-21 22:05:00+07:00,"4504.88,4505.39,4496.27,4501.6"
2026-05-21 22:10:00+07:00,"4501.61,4515.23,4499.52,4510.01"
2026-05-21 22:15:00+07:00,"4509.91,4511.68,4507.1,4508.16"
2026-05-21 22:20:00+07:00,"4508.16,4509.91,4502.91,4504.6"
2026-05-21 22:25:00+07:00,"4504.57,4505.39,4502.24,4503.52"
2026-05-21 22:30:00+07:00,"4503.5,4508.88,4502.45,4507.26"
2026-05-21 22:35:00+07:00,"4507.27,4509.93,4506.54,4509.21"
2026-05-21 22:40:00+07:00,"4509.29,4509.5,4506.42,4507.06"
2026-05-21 22:45:00+07:00,"4507.04,4510.71,4506.55,4510.48"
2026-05-21 22:50:00+07:00,"4510.5,4512.87,4509.41,4510.93"
2026-05-21 22:55:00+07:00,"4510.93,4512.89,4509.38,4511.92"
2026-05-21 23:00:00+07:00,"4512.12,4519.21,4512.12,4515.6"
2026-05-21 23:05:00+07:00,"4515.55,4520.78,4514.97,4519.83"
2026-05-21 23:10:00+07:00,"4519.81,4520.08,4514.71,4517.18"
2026-05-21 23:15:00+07:00,"4517.16,4518.92,4514.4,4518.71"
2026-05-21 23:20:00+07:00,"4518.72,4519.03,4515.6,4516.97"
2026-05-21 23:25:00+07:00,"4516.98,4517.98,4515.9,4516.65"
2026-05-21 23:30:00+07:00,"4516.67,4518.92,4516.05,4517.99"
2026-05-21 23:35:00+07:00,"4518.01,4519.45,4516.02,4516.66"
2026-05-21 23:40:00+07:00,"4516.67,4518.35,4515.5,4518.21"
2026-05-21 23:45:00+07:00,"4518.22,4520.55,4517.28,4517.35"
2026-05-21 23:50:00+07:00,"4517.37,4519.05,4516.17,4517.57"
2026-05-21 23:55:00+07:00,"4517.59,4519.67,4516.99,4519.45"
2026-05-22 00:00:00+07:00,"4519.44,4522.17,4516.2,4516.29"
2026-05-22 00:05:00+07:00,"4516.28,4518.5,4514.19,4518.04"
2026-05-22 00:10:00+07:00,"4518.03,4531.93,4517.87,4526.51"
2026-05-22 00:15:00+07:00,"4526.61,4540.71,4526.14,4535.27"
2026-05-22 00:20:00+07:00,"4535.32,4546.47,4533.37,4536.86"
2026-05-22 00:25:00+07:00,"4536.88,4542.05,4535.46,4541.49"
2026-05-22 00:30:00+07:00,"4541.44,4549.05,4538.46,4542.41"
2026-05-22 00:35:00+07:00,"4542.42,4545,4541.76,4542.6"
2026-05-22 00:40:00+07:00,"4542.54,4548.32,4542.37,4548.21"
2026-05-22 00:45:00+07:00,"4548.2,4553.63,4544.73,4553.28"
2026-05-22 00:50:00+07:00,"4553.25,4557.97,4551.59,4556.65"
2026-05-22 00:55:00+07:00,"4556.73,4559.55,4551.31,4551.57"
2026-05-22 01:00:00+07:00,"4551.62,4556.28,4543.82,4544.48"
2026-05-22 01:05:00+07:00,"4544.47,4549.87,4542.82,4548.64"
2026-05-22 01:10:00+07:00,"4548.72,4549.33,4544.43,4545.99"
2026-05-22 01:15:00+07:00,"4545.95,4549.75,4544.42,4549.37"
2026-05-22 01:20:00+07:00,"4549.36,4550.71,4546.47,4550.36"
2026-05-22 01:25:00+07:00,"4550.4,4550.73,4547.09,4548.47"
2026-05-22 01:30:00+07:00,"4548.46,4549.55,4545.03,4546.42"
2026-05-22 01:35:00+07:00,"4546.48,4546.54,4542.86,4543.3"
2026-05-22 01:40:00+07:00,"4543.22,4547.25,4542.51,4545.3"
2026-05-22 01:45:00+07:00,"4545.29,4546.13,4535.48,4538.39"
2026-05-22 01:50:00+07:00,"4538.54,4541.74,4527.79,4528.09"
2026-05-22 01:55:00+07:00,"4528.11,4532.03,4527.25,4531.94"
2026-05-22 02:00:00+07:00,"4531.93,4537.32,4531.06,4535.78"
2026-05-22 02:05:00+07:00,"4535.83,4537.35,4529.63,4536.51"
2026-05-22 02:10:00+07:00,"4536.52,4537.86,4532.93,4537.78"
2026-05-22 02:15:00+07:00,"4537.73,4541.53,4537.66,4541.49"
2026-05-22 02:20:00+07:00,"4541.48,4542.17,4539.03,4539.6"
2026-05-22 02:25:00+07:00,"4539.57,4540.48,4537.46,4538.95"
2026-05-22 02:30:00+07:00,"4538.92,4540.74,4538.65,4539.22"
2026-05-22 02:35:00+07:00,"4539.26,4542.61,4539.12,4542.29"
2026-05-22 02:40:00+07:00,"4542.36,4543.41,4539.19,4539.36"
2026-05-22 02:45:00+07:00,"4539.35,4542.25,4539.05,4541.64"
2026-05-22 02:50:00+07:00,"4541.63,4543.3,4534.59,4536.36"
2026-05-22 02:55:00+07:00,"4536.39,4544.24,4535.11,4542.89"
2026-05-22 03:00:00+07:00,"4542.8,4544.31,4541.19,4542.09"
2026-05-22 03:05:00+07:00,"4542.08,4544.74,4541.03,4541.41"
2026-05-22 03:10:00+07:00,"4541.39,4543.32,4541.14,4542.5"
2026-05-22 03:15:00+07:00,"4542.49,4542.49,4541.23,4541.71"
2026-05-22 03:20:00+07:00,"4541.72,4542.72,4540.47,4540.94"
2026-05-22 03:25:00+07:00,"4540.95,4541.42,4540.24,4541.29"
2026-05-22 03:30:00+07:00,"4541.3,4542.26,4540.43,4540.93"
2026-05-22 03:35:00+07:00,"4540.96,4541.86,4540.26,4541.48"
2026-05-22 03:40:00+07:00,"4541.47,4541.87,4540.36,4540.8"
2026-05-22 03:45:00+07:00,"4540.64,4541.41,4540.21,4540.56"
2026-05-22 03:50:00+07:00,"4540.55,4542.17,4539.67,4541.6"
2026-05-22 03:55:00+07:00,"4541.61,4543.85,4541.38,4543.02"
2026-05-22 05:00:00+07:00,"4540.46,4546.16,4540.46,4544.79"
2026-05-22 05:05:00+07:00,"4544.8,4544.87,4540.28,4540.49"
2026-05-22 05:10:00+07:00,"4540.48,4543.27,4539.55,4541.97"
2026-05-22 05:15:00+07:00,"4541.97,4543.34,4541.43,4542.56"
2026-05-22 05:20:00+07:00,"4542.5,4542.57,4541.6,4541.87"
2026-05-22 05:25:00+07:00,"4541.89,4541.9,4539.81,4541.08"
2026-05-22 05:30:00+07:00,"4541.11,4541.67,4540.43,4540.99"
2026-05-22 05:35:00+07:00,"4541.01,4541.63,4539.84,4540.43"
2026-05-22 05:40:00+07:00,"4540.44,4543.71,4540.15,4542.55"
2026-05-22 05:45:00+07:00,"4542.57,4543.27,4541.75,4542.29"
2026-05-22 05:50:00+07:00,"4542.27,4542.44,4540.93,4541"
2026-05-22 05:55:00+07:00,"4541.01,4543.51,4540.69,4543.11"
2026-05-22 06:00:00+07:00,"4543.08,4545.31,4542.73,4543.52"
2026-05-22 06:05:00+07:00,"4543.56,4543.95,4542.56,4543.43"
2026-05-22 06:10:00+07:00,"4543.27,4544.45,4542.82,4543.7"
2026-05-22 06:15:00+07:00,"4543.71,4544.48,4541.08,4541.6"
2026-05-22 06:20:00+07:00,"4541.59,4541.88,4537.43,4539.2"
2026-05-22 06:25:00+07:00,"4539.19,4541.24,4538.68,4540.52"
2026-05-22 06:30:00+07:00,"4540.51,4540.57,4536.69,4537.75"
2026-05-22 06:35:00+07:00,"4537.74,4538.21,4535.36,4537.82"
2026-05-22 06:40:00+07:00,"4537.81,4537.91,4532.54,4532.66"
2026-05-22 06:45:00+07:00,"4532.77,4536.11,4532.43,4535.86"
2026-05-22 06:50:00+07:00,"4535.83,4536.65,4531.86,4533.01"
2026-05-22 06:55:00+07:00,"4533.01,4536.01,4532.99,4535.46"
2026-05-22 07:00:00+07:00,"4535.47,4537.26,4530.81,4532.16"
2026-05-22 07:05:00+07:00,"4532.14,4534.44,4531.38,4533.71"
2026-05-22 07:10:00+07:00,"4533.71,4533.71,4531.4,4531.42"
2026-05-22 07:15:00+07:00,"4531.44,4534.24,4530.2,4532.33"
2026-05-22 07:20:00+07:00,"4532.33,4537.54,4531.72,4534.09"
2026-05-22 07:25:00+07:00,"4534.13,4536.43,4532.96,4536.2"
2026-05-22 07:30:00+07:00,"4536.19,4538.89,4535.71,4537.03"
2026-05-22 07:35:00+07:00,"4537.06,4541.26,4536.15,4540.07"
2026-05-22 07:40:00+07:00,"4540.08,4541.14,4537.5,4538.04"
2026-05-22 07:45:00+07:00,"4538.01,4539.15,4533.92,4534.89"
2026-05-22 07:50:00+07:00,"4534.9,4536.09,4527.08,4529.21"
2026-05-22 07:55:00+07:00,"4529.11,4530.66,4525.43,4526.73"
2026-05-22 08:00:00+07:00,"4526.72,4536.54,4525.87,4530.05"
2026-05-22 08:05:00+07:00,"4530.19,4531.18,4523.37,4525.35"
2026-05-22 08:10:00+07:00,"4525.36,4530.07,4524.69,4529.94"
2026-05-22 08:15:00+07:00,"4529.81,4533.12,4528.59,4531.47"
2026-05-22 08:20:00+07:00,"4531.48,4533.56,4527.78,4528.31"
2026-05-22 08:25:00+07:00,"4528.4,4532.01,4526.49,4529.08"
2026-05-22 08:30:00+07:00,"4529.07,4529.94,4524.18,4525.74"
2026-05-22 08:35:00+07:00,"4525.68,4526.74,4521.75,4523.17"
2026-05-22 08:40:00+07:00,"4523.16,4527.73,4520.85,4525.14"
2026-05-22 08:45:00+07:00,"4525.15,4529.25,4524.78,4528"
2026-05-22 08:50:00+07:00,"4527.98,4532.26,4526.7,4527.6"
2026-05-22 08:55:00+07:00,"4527.57,4527.88,4525.06,4526.52"
2026-05-22 09:00:00+07:00,"4526.44,4528.83,4524.74,4527.02"
2026-05-22 09:05:00+07:00,"4527.03,4527.11,4521.5,4525.94"
2026-05-22 09:10:00+07:00,"4525.96,4529.5,4524.62,4527.64"
2026-05-22 09:15:00+07:00,"4527.72,4529.18,4523.86,4523.96"
2026-05-22 09:20:00+07:00,"4523.93,4526.07,4522.66,4524.35"
2026-05-22 09:25:00+07:00,"4524.36,4525.48,4523.52,4524.65"
2026-05-22 09:30:00+07:00,"4524.66,4524.68,4518.37,4519.96"
2026-05-22 09:35:00+07:00,"4520.04,4522.64,4519.75,4521.99"
2026-05-22 09:40:00+07:00,"4522,4524.61,4521.46,4522.5"
2026-05-22 09:45:00+07:00,"4522.56,4525.39,4521.82,4524.98"
2026-05-22 09:50:00+07:00,"4524.97,4527.14,4521.94,4522.2"
2026-05-22 09:55:00+07:00,"4522.21,4523.31,4519.57,4523.15"
2026-05-22 10:00:00+07:00,"4523.17,4525.18,4521.47,4524.94"
2026-05-22 10:05:00+07:00,"4524.95,4525.2,4521.08,4522.41"
2026-05-22 10:10:00+07:00,"4522.44,4524.68,4520.5,4521.13"
2026-05-22 10:15:00+07:00,"4521.21,4522.91,4520.02,4521.68"
2026-05-22 10:20:00+07:00,"4521.66,4523.06,4519.98,4520.57"
2026-05-22 10:25:00+07:00,"4520.56,4522.2,4519.14,4521.68"
2026-05-22 10:30:00+07:00,"4521.69,4526.23,4521.62,4524.24"
2026-05-22 10:35:00+07:00,"4524.27,4526.21,4522.89,4524.61"
2026-05-22 10:40:00+07:00,"4524.82,4527.77,4523.58,4526.78"
2026-05-22 10:45:00+07:00,"4526.77,4530.12,4526.76,4529.3"
2026-05-22 10:50:00+07:00,"4529.25,4529.51,4526.33,4527.43"
2026-05-22 10:55:00+07:00,"4527.42,4529.71,4527.17,4529.4"
2026-05-22 11:00:00+07:00,"4529.37,4530.22,4528.09,4528.62"
2026-05-22 11:05:00+07:00,"4528.62,4530.41,4528.09,4528.65"
2026-05-22 11:10:00+07:00,"4528.63,4530.04,4527.68,4529.14"
2026-05-22 11:15:00+07:00,"4529.12,4530.14,4528.08,4528.33"
2026-05-22 11:20:00+07:00,"4528.32,4529.37,4527.69,4528.24"
2026-05-22 11:25:00+07:00,"4528.25,4533.15,4527.93,4532.36"
2026-05-22 11:30:00+07:00,"4532.37,4532.96,4529.72,4530.09"
2026-05-22 11:35:00+07:00,"4530.08,4530.32,4526.05,4526.61"
2026-05-22 11:40:00+07:00,"4526.62,4529.34,4525.44,4529.13"
2026-05-22 11:45:00+07:00,"4529.15,4529.51,4528.15,4528.44"
2026-05-22 11:50:00+07:00,"4528.44,4530.33,4528.22,4528.98"
2026-05-22 11:55:00+07:00,"4528.99,4529.51,4527.05,4527.33"
2026-05-22 12:00:00+07:00,"4527.24,4529.9,4523.72,4525.86"
2026-05-22 12:05:00+07:00,"4525.85,4527.85,4525.73,4526.59"
2026-05-22 12:10:00+07:00,"4526.71,4526.92,4525.16,4525.51"
2026-05-22 12:15:00+07:00,"4525.61,4526.5,4523.34,4526.32"
2026-05-22 12:20:00+07:00,"4526.13,4528.89,4525.72,4527.15"
2026-05-22 12:25:00+07:00,"4527.16,4529.11,4525.98,4526.04"
2026-05-22 12:30:00+07:00,"4526.05,4531.4,4524.64,4528.63"
2026-05-22 12:35:00+07:00,"4528.69,4534.13,4528.05,4533.7"
2026-05-22 12:40:00+07:00,"4533.64,4534.29,4531.29,4534.18"
2026-05-22 12:45:00+07:00,"4534.17,4534.42,4531.15,4532.38"
2026-05-22 12:50:00+07:00,"4532.39,4534.21,4528.47,4528.97"
2026-05-22 12:55:00+07:00,"4528.96,4529.03,4506.62,4511.24"
2026-05-22 13:00:00+07:00,"4511.4,4519.44,4509.67,4518.94"
2026-05-22 13:05:00+07:00,"4518.91,4523.13,4518.4,4522.77"
2026-05-22 13:10:00+07:00,"4522.78,4524.53,4520.96,4521.71"
2026-05-22 13:15:00+07:00,"4521.66,4523.07,4516.28,4518.61"
2026-05-22 13:20:00+07:00,"4518.62,4525.86,4517.28,4522.65"
2026-05-22 13:25:00+07:00,"4522.66,4526.2,4521.87,4525.15"
2026-05-22 13:30:00+07:00,"4525.14,4527.57,4523.19,4525.85"
2026-05-22 13:35:00+07:00,"4525.85,4526.97,4522.64,4523.03"
2026-05-22 13:40:00+07:00,"4523.08,4526.6,4521.56,4526.54"
2026-05-22 13:45:00+07:00,"4526.6,4529.04,4525.15,4527.12"
2026-05-22 13:50:00+07:00,"4527.11,4528.36,4523.68,4525"
2026-05-22 13:55:00+07:00,"4525.01,4527.74,4524.96,4526.86"
2026-05-22 14:00:00+07:00,"4526.88,4527.03,4523.08,4526.23"
2026-05-22 14:05:00+07:00,"4526.25,4526.38,4522.73,4525.24"
2026-05-22 14:10:00+07:00,"4525.22,4526,4521.3,4522.36"
2026-05-22 14:15:00+07:00,"4522.36,4525.71,4521.98,4525.04"
2026-05-22 14:20:00+07:00,"4525.03,4527.32,4524.51,4526.44"
2026-05-22 14:25:00+07:00,"4526.45,4527.57,4524.42,4525.8"
2026-05-22 14:30:00+07:00,"4525.79,4525.92,4521.39,4522.64"
2026-05-22 14:35:00+07:00,"4522.67,4523.6,4517.24,4517.34"
2026-05-22 14:40:00+07:00,"4517.35,4521.06,4516.06,4519.92"
2026-05-22 14:45:00+07:00,"4519.91,4520.45,4517.5,4518.44"
2026-05-22 14:50:00+07:00,"4518.43,4523.05,4517.55,4521.69"
2026-05-22 14:55:00+07:00,"4521.74,4523.8,4521.14,4521.73"
2026-05-22 15:00:00+07:00,"4521.81,4525.99,4521.52,4524.92"
2026-05-22 15:05:00+07:00,"4524.9,4527.47,4523.75,4526.91"
2026-05-22 15:10:00+07:00,"4526.92,4530.14,4524.38,4524.76"
2026-05-22 15:15:00+07:00,"4524.63,4529.14,4523.6,4528"
2026-05-22 15:20:00+07:00,"4527.99,4531.38,4525.88,4527.94"
2026-05-22 15:25:00+07:00,"4527.93,4528.93,4524.37,4527.09"
2026-05-22 15:30:00+07:00,"4526.85,4527.56,4518.21,4519.91"
2026-05-22 15:35:00+07:00,"4519.91,4524.56,4517.03,4522.04"
2026-05-22 15:40:00+07:00,"4522.01,4523.17,4520.8,4522.42"
2026-05-22 15:45:00+07:00,"4522.46,4524.3,4522.42,4522.71"
2026-05-22 15:50:00+07:00,"4522.73,4524.94,4521.93,4524.18"
2026-05-22 15:55:00+07:00,"4524.17,4524.2,4521.57,4522"
2026-05-22 16:00:00+07:00,"4521.98,4524.9,4520.54,4523.98"
2026-05-22 16:05:00+07:00,"4523.95,4525.66,4520.24,4522.19"
2026-05-22 16:10:00+07:00,"4522.18,4523.15,4517.18,4517.26"
2026-05-22 16:15:00+07:00,"4517.11,4519.52,4515.1,4518.57"
2026-05-22 16:20:00+07:00,"4518.74,4519.89,4518.08,4519.28"
2026-05-22 16:25:00+07:00,"4519.26,4520.62,4517.05,4517.69"
2026-05-22 16:30:00+07:00,"4517.68,4519.43,4514.75,4519.43"
2026-05-22 16:35:00+07:00,"4519.37,4524.64,4518.42,4524.44"
2026-05-22 16:40:00+07:00,"4524.42,4526.23,4522.79,4525.07"
2026-05-22 16:45:00+07:00,"4525.06,4529.08,4524.55,4528.48"
2026-05-22 16:50:00+07:00,"4528.49,4536.5,4528.49,4533.12"
2026-05-22 16:55:00+07:00,"4533.14,4535.44,4532.04,4532.17"
2026-05-22 17:00:00+07:00,"4532.2,4532.77,4529.55,4529.75"
2026-05-22 17:05:00+07:00,"4529.72,4536.84,4529.59,4535.54"
2026-05-22 17:10:00+07:00,"4535.56,4537.16,4533.79,4533.95"
2026-05-22 17:15:00+07:00,"4534.21,4534.28,4531.4,4531.54"
2026-05-22 17:20:00+07:00,"4531.53,4531.55,4527.65,4529.75"
2026-05-22 17:25:00+07:00,"4529.76,4530.32,4524.58,4524.87"
2026-05-22 17:30:00+07:00,"4524.88,4525.5,4518.67,4519.01"
2026-05-22 17:35:00+07:00,"4519.03,4520.91,4514.5,4518.19"
2026-05-22 17:40:00+07:00,"4518.2,4518.38,4512.15,4512.59"
2026-05-22 17:45:00+07:00,"4512.56,4514.97,4510.06,4512.87"
2026-05-22 17:50:00+07:00,"4512.94,4515.07,4512.43,4512.43"
2026-05-22 17:55:00+07:00,"4512.45,4515.14,4511.83,4514.57"
2026-05-22 18:00:00+07:00,"4514.56,4516.6,4513.79,4516.38"
2026-05-22 18:05:00+07:00,"4516.39,4517.48,4515.44,4516.23"
2026-05-22 18:10:00+07:00,"4516.21,4516.33,4514.02,4515.99"
2026-05-22 18:15:00+07:00,"4515.98,4515.98,4511.92,4513.18"
2026-05-22 18:20:00+07:00,"4513.19,4513.94,4512.05,4512.58"
2026-05-22 18:25:00+07:00,"4512.58,4515.12,4511.69,4512.18"
2026-05-22 18:30:00+07:00,"4512.16,4517.53,4511.3,4517.34"
2026-05-22 18:35:00+07:00,"4517.23,4520.47,4516.69,4518.73"
2026-05-22 18:40:00+07:00,"4518.81,4523.15,4516.86,4521.65"
2026-05-22 18:45:00+07:00,"4521.65,4525.21,4521.08,4522.57"
2026-05-22 18:50:00+07:00,"4522.6,4524.01,4521.8,4523.26"
2026-05-22 18:55:00+07:00,"4523.27,4523.56,4519.99,4520.67"
2026-05-22 19:00:00+07:00,"4520.69,4522.32,4518.73,4521.58"
2026-05-22 19:05:00+07:00,"4521.56,4523.2,4519.16,4520.09"
2026-05-22 19:10:00+07:00,"4520.08,4530.07,4519.61,4529.29"
2026-05-22 19:15:00+07:00,"4529.29,4536.53,4526.01,4533.15"
2026-05-22 19:20:00+07:00,"4533.14,4534.59,4524.55,4527.49"
2026-05-22 19:25:00+07:00,"4527.47,4528.77,4520.94,4521.62"
2026-05-22 19:30:00+07:00,"4521.63,4523.97,4517.53,4518.19"
2026-05-22 19:35:00+07:00,"4518.21,4518.9,4515.03,4517.9"
2026-05-22 19:40:00+07:00,"4517.88,4519.67,4516.14,4518.81"
2026-05-22 19:45:00+07:00,"4518.8,4520.17,4517.32,4518.68"
2026-05-22 19:50:00+07:00,"4518.67,4521.55,4518.22,4519.93"
2026-05-22 19:55:00+07:00,"4520.13,4528.65,4519.17,4528.18"
2026-05-22 20:00:00+07:00,"4528.15,4530.84,4520.76,4523.79"
2026-05-22 20:05:00+07:00,"4523.78,4533.17,4522.8,4531.74"
2026-05-22 20:10:00+07:00,"4532.01,4534.96,4527.03,4528.34"
2026-05-22 20:15:00+07:00,"4528.32,4530.04,4525.55,4527.46"
2026-05-22 20:20:00+07:00,"4527.48,4528.74,4523.4,4523.61"
2026-05-22 20:25:00+07:00,"4523.81,4524.48,4521.13,4522.2"
2026-05-22 20:30:00+07:00,"4522.17,4527.3,4519.52,4522.64"
2026-05-22 20:35:00+07:00,"4522.74,4524.43,4518.21,4519.93"
2026-05-22 20:40:00+07:00,"4519.98,4520.13,4511.19,4517.74"
2026-05-22 20:45:00+07:00,"4517.71,4519.17,4510.38,4510.96"
2026-05-22 20:50:00+07:00,"4511.06,4517.78,4509.98,4517.15"
2026-05-22 20:55:00+07:00,"4517.1,4517.1,4511.67,4513.69"
2026-05-22 21:00:00+07:00,"4513.91,4513.91,4502.92,4507.9"
2026-05-22 21:05:00+07:00,"4507.96,4510.7,4504.61,4510"
2026-05-22 21:10:00+07:00,"4509.99,4511.28,4491.53,4497.47"
2026-05-22 21:15:00+07:00,"4497.47,4501.11,4492.33,4498.07"
2026-05-22 21:20:00+07:00,"4498.04,4499.6,4491.42,4494.73"
2026-05-22 21:25:00+07:00,"4494.66,4499.87,4491.66,4499.2"
2026-05-22 21:30:00+07:00,"4499.19,4502.38,4497.15,4500.82"
2026-05-22 21:35:00+07:00,"4500.81,4504.48,4498.13,4500.54"
2026-05-22 21:40:00+07:00,"4500.49,4506.42,4500.14,4504.56"
2026-05-22 21:45:00+07:00,"4504.54,4507.46,4504.03,4504.03"
2026-05-22 21:50:00+07:00,"4504.09,4504.72,4501.45,4503.8"
2026-05-22 21:55:00+07:00,"4503.74,4503.86,4500.34,4500.49"
2026-05-22 22:00:00+07:00,"4500.5,4506.01,4500.38,4505.72"
2026-05-22 22:05:00+07:00,"4505.71,4511.53,4505.34,4511.29"
2026-05-22 22:10:00+07:00,"4511.34,4512.16,4509.56,4511.29"
2026-05-22 22:15:00+07:00,"4511.34,4516.72,4510.96,4515.83"
2026-05-22 22:20:00+07:00,"4515.87,4515.99,4513.53,4514.3"
2026-05-22 22:25:00+07:00,"4514.31,4519.44,4513.54,4519.44"
2026-05-22 22:30:00+07:00,"4519.45,4522.43,4518.37,4519.29"
2026-05-22 22:35:00+07:00,"4519.31,4521.92,4518.29,4520.65"
2026-05-22 22:40:00+07:00,"4520.65,4521.38,4517.21,4518.12"
2026-05-22 22:45:00+07:00,"4518.07,4519.82,4514.6,4515.02"
2026-05-22 22:50:00+07:00,"4515.08,4518.09,4514.81,4516.94"
2026-05-22 22:55:00+07:00,"4516.94,4521.96,4516.92,4520.01"
2026-05-22 23:00:00+07:00,"4520.09,4520.43,4516.8,4519.02"
2026-05-22 23:05:00+07:00,"4519.08,4519.8,4516.82,4517.92"
2026-05-22 23:10:00+07:00,"4517.98,4520.08,4517.57,4519.37"
2026-05-22 23:15:00+07:00,"4519.31,4519.35,4516.81,4517.08"
2026-05-22 23:20:00+07:00,"4517.07,4520.77,4516.89,4520.45"
2026-05-22 23:25:00+07:00,"4520.41,4524.33,4520.08,4523.75"
2026-05-22 23:30:00+07:00,"4523.78,4526.94,4521.73,4522.28"
2026-05-22 23:35:00+07:00,"4522.35,4523,4518.74,4519.7"
2026-05-22 23:40:00+07:00,"4519.71,4519.75,4512.68,4514.97"
2026-05-22 23:45:00+07:00,"4514.96,4518.11,4513.4,4513.59"
2026-05-22 23:50:00+07:00,"4513.6,4514.91,4512.5,4513.92"
2026-05-22 23:55:00+07:00,"4513.93,4515.18,4512.38,4514.88"
2026-05-23 00:00:00+07:00,"4514.91,4519.24,4514.71,4518.79"
2026-05-23 00:05:00+07:00,"4518.8,4520.28,4517.92,4520"
2026-05-23 00:10:00+07:00,"4520.02,4521.06,4518.73,4519.37"
2026-05-23 00:15:00+07:00,"4519.36,4520.27,4514.72,4515.04"
2026-05-23 00:20:00+07:00,"4514.87,4516.99,4512.88,4515.96"
2026-05-23 00:25:00+07:00,"4516.09,4526.33,4515.58,4525.48"
2026-05-23 00:30:00+07:00,"4525.5,4528,4519.95,4520.17"
2026-05-23 00:35:00+07:00,"4520.2,4524.32,4519.33,4523.54"
2026-05-23 00:40:00+07:00,"4523.51,4524.39,4522.11,4522.11"
2026-05-23 00:45:00+07:00,"4522.13,4522.9,4520.83,4521.42"
2026-05-23 00:50:00+07:00,"4521.43,4522.29,4518.92,4519.87"
2026-05-23 00:55:00+07:00,"4519.99,4521.69,4518.56,4519.32"
2026-05-23 01:00:00+07:00,"4519.34,4519.42,4511.29,4515.72"
2026-05-23 01:05:00+07:00,"4515.74,4517.29,4514.18,4515.58"
2026-05-23 01:10:00+07:00,"4515.59,4515.67,4512.81,4513.91"
2026-05-23 01:15:00+07:00,"4513.92,4516.36,4512.48,4515.11"
2026-05-23 01:20:00+07:00,"4515.16,4518.28,4515,4516.52"
2026-05-23 01:25:00+07:00,"4516.5,4517.82,4515.34,4515.37"
2026-05-23 01:30:00+07:00,"4515.41,4517.12,4513.95,4516.92"
2026-05-23 01:35:00+07:00,"4517,4520.5,4514.68,4518.35"
2026-05-23 01:40:00+07:00,"4518.37,4518.65,4514.62,4515.05"
2026-05-23 01:45:00+07:00,"4515.06,4515.98,4512.87,4513.19"
2026-05-23 01:50:00+07:00,"4513.23,4515.95,4513.01,4515.35"
2026-05-23 01:55:00+07:00,"4515.4,4515.98,4513.08,4515.09"
2026-05-23 02:00:00+07:00,"4515.07,4515.93,4509.28,4510.65"
2026-05-23 02:05:00+07:00,"4510.73,4511.26,4507.75,4508.53"
2026-05-23 02:10:00+07:00,"4508.46,4509.85,4506.94,4507.22"
2026-05-23 02:15:00+07:00,"4507.23,4509.2,4506.95,4509.01"
2026-05-23 02:20:00+07:00,"4508.93,4509.01,4507.16,4507.94"
2026-05-23 02:25:00+07:00,"4507.93,4508.67,4506.29,4507.19"
2026-05-23 02:30:00+07:00,"4507.21,4508.75,4504.16,4508.15"
2026-05-23 02:35:00+07:00,"4508.09,4509.83,4507.21,4509.14"
2026-05-23 02:40:00+07:00,"4509.13,4510.92,4508.7,4509.53"
2026-05-23 02:45:00+07:00,"4509.56,4510.01,4506.92,4507.67"
2026-05-23 02:50:00+07:00,"4507.66,4508.35,4506.45,4507.68"
2026-05-23 02:55:00+07:00,"4507.66,4509.34,4507.2,4508.14"
2026-05-23 03:00:00+07:00,"4508.11,4509.41,4504.61,4506.2"
2026-05-23 03:05:00+07:00,"4506.21,4507.31,4505.32,4506.99"
2026-05-23 03:10:00+07:00,"4507,4508.18,4506.23,4507.84"
2026-05-23 03:15:00+07:00,"4507.85,4509.27,4506.71,4508.96"
2026-05-23 03:20:00+07:00,"4508.92,4510.21,4508.85,4509.58"
2026-05-23 03:25:00+07:00,"4509.59,4510.47,4508.27,4510.26"
2026-05-23 03:30:00+07:00,"4510.25,4510.46,4505.95,4507.07"
2026-05-23 03:35:00+07:00,"4507.1,4507.49,4505.54,4506.79"
2026-05-23 03:40:00+07:00,"4506.77,4506.77,4504.24,4504.65"
2026-05-23 03:45:00+07:00,"4504.61,4508.37,4504.01,4506.92"
2026-05-23 03:50:00+07:00,"4506.91,4507.34,4504.97,4507.13"
2026-05-23 03:55:00+07:00,"4507.12,4509.86,4506.53,4508.51"
