Date,Message
2007-02-19 06:00:00+07:00,"668.2,673.15,667.35,671.1"
2007-02-20 06:00:00+07:00,"671.05,671.75,655.7,659.75"
2007-02-21 06:00:00+07:00,"659.35,682.44,657.04,677.94"
2007-02-22 06:00:00+07:00,"677.89,680.95,674.9,675.25"
2007-02-23 06:00:00+07:00,"675.35,688.2,672.7,682.2"
2007-02-26 06:00:00+07:00,"683.25,688.05,682.35,686.6"
2007-02-27 06:00:00+07:00,"686.7,688.95,658.75,665.35"
2007-02-28 06:00:00+07:00,"665.3,677.5,661.05,673.85"
2007-03-01 06:00:00+07:00,"673.8,677.4,649.65,655.65"
2007-03-02 06:00:00+07:00,"656.15,664.05,639.55,642.15"
2007-03-05 06:00:00+07:00,"642.75,644.85,632.35,632.75"
2007-03-06 06:00:00+07:00,"632.8,647.8,632.65,647.65"
2007-03-07 06:00:00+07:00,"647.45,651.7,642.65,647.6"
2007-03-08 06:00:00+07:00,"647.75,655.75,647.6,652.35"
2007-03-09 06:00:00+07:00,"652.25,657.9,647.45,649.15"
2007-03-12 05:00:00+07:00,"649.3,653.85,645.6,649.2"
2007-03-13 05:00:00+07:00,"649.25,652.15,641.55,643.15"
2007-03-14 05:00:00+07:00,"643,645.9,636.8,644.55"
2007-03-15 05:00:00+07:00,"644.6,650.15,643.7,648.3"
2007-03-16 05:00:00+07:00,"648.55,655.35,645.9,653.1"
2007-03-19 05:00:00+07:00,"654.1,656.2,651.95,654.6"
2007-03-20 05:00:00+07:00,"654.65,660.85,652.6,658.6"
2007-03-21 05:00:00+07:00,"658.65,664.9,656.9,663.75"
2007-03-22 05:00:00+07:00,"663.7,666.55,661.9,663.4"
2007-03-23 05:00:00+07:00,"663.35,664.55,654.95,657.15"
2007-03-26 05:00:00+07:00,"658.1,665.05,657.85,663.6"
2007-03-27 05:00:00+07:00,"663.5,668.95,661.65,665.95"
2007-03-28 05:00:00+07:00,"665.9,669.2,663.35,665.3"
2007-03-29 05:00:00+07:00,"665.25,665.85,655.3,661.25"
2007-03-30 05:00:00+07:00,"661.05,667.6,660.8,663.45"
2007-04-02 05:00:00+07:00,"665.7,667.55,656.25,663.3"
2007-04-03 05:00:00+07:00,"663.25,667.4,661.8,663.6"
2007-04-04 05:00:00+07:00,"663.65,675.65,663.6,674.05"
2007-04-05 05:00:00+07:00,"674.1,675.35,671.5,674.65"
2007-04-06 05:00:00+07:00,"674.25,674.35,673.35,673.35"
2007-04-09 05:00:00+07:00,"672.55,677.65,670.55,672.25"
2007-04-10 05:00:00+07:00,"672.3,681.45,671.2,677.3"
2007-04-11 05:00:00+07:00,"677.25,680.65,674.25,677.4"
2007-04-12 05:00:00+07:00,"677.45,679.65,671.3,676.95"
2007-04-13 05:00:00+07:00,"677.05,685.55,676.3,684.85"
2007-04-16 05:00:00+07:00,"685.25,691.1,682.95,690.35"
2007-04-17 05:00:00+07:00,"690.4,690.7,685.95,687.45"
2007-04-18 05:00:00+07:00,"687.4,690.8,685.55,689.75"
2007-04-19 05:00:00+07:00,"689.5,691.5,679,684"
2007-04-20 05:00:00+07:00,"683.9,693.5,683.2,691.65"
2007-04-23 05:00:00+07:00,"692.6,693.55,686.8,689.8"
2007-04-24 05:00:00+07:00,"689.65,691.7,681.2,683.65"
2007-04-25 05:00:00+07:00,"683.7,686.65,682,684.9"
2007-04-26 05:00:00+07:00,"684.95,686.7,671.2,674.55"
2007-04-27 05:00:00+07:00,"674.45,681.7,670.65,681.2"
2007-04-30 05:00:00+07:00,"679.95,680.85,675.8,678.65"
2007-05-01 05:00:00+07:00,"678.35,678.95,671.75,674.01"
2007-05-02 05:00:00+07:00,"674.06,674.86,667.45,672.6"
2007-05-03 05:00:00+07:00,"672.65,682.4,671.9,681.85"
2007-05-04 05:00:00+07:00,"681.8,690.5,680.1,688.55"
2007-05-07 05:00:00+07:00,"688.05,690.7,686.4,688.05"
2007-05-08 05:00:00+07:00,"688.1,688.75,681.95,685.45"
2007-05-09 05:00:00+07:00,"685.4,686.55,675.65,680.7"
2007-05-10 05:00:00+07:00,"680.65,680.7,664.25,664.8"
2007-05-11 05:00:00+07:00,"664.85,672.75,664.65,670.8"
2007-05-14 05:00:00+07:00,"671.8,674.95,666.4,669.2"
2007-05-15 05:00:00+07:00,"669.15,673.35,664.95,672.15"
2007-05-16 05:00:00+07:00,"672.1,673.25,659.7,662.25"
2007-05-17 05:00:00+07:00,"662.2,664.55,653.6,657.65"
2007-05-18 05:00:00+07:00,"657.75,662.9,655.75,661.45"
2007-05-21 05:00:00+07:00,"661.75,663.65,657,662.95"
2007-05-22 05:00:00+07:00,"662.9,665.3,658.1,658.6"
2007-05-23 05:00:00+07:00,"658.8,664.45,657.35,662.35"
2007-05-24 05:00:00+07:00,"662.45,662.7,651.95,654.15"
2007-05-25 05:00:00+07:00,"654.2,656.8,653.4,655.75"
2007-05-28 05:00:00+07:00,"655.8,656.35,654.9,655.6"
2007-05-29 05:00:00+07:00,"655.5,661.65,654.7,657.05"
2007-05-30 05:00:00+07:00,"657.1,658.65,651.95,654.6"
2007-05-31 05:00:00+07:00,"654.65,661.7,654.5,660.8"
2007-06-01 05:00:00+07:00,"660.65,671.6,660.65,671.4"
2007-06-04 05:00:00+07:00,"671.1,673.85,668.5,671.35"
2007-06-05 05:00:00+07:00,"671.4,673.3,668.95,670.7"
2007-06-06 05:00:00+07:00,"670.65,671.95,665.05,669.95"
2007-06-07 05:00:00+07:00,"669.9,672.95,658.05,659.4"
2007-06-08 05:00:00+07:00,"659.45,661.4,644,648.45"
2007-06-11 05:00:00+07:00,"649.95,654.95,649.55,653.2"
2007-06-12 05:00:00+07:00,"653.05,654.6,645.7,647.55"
2007-06-13 05:00:00+07:00,"647.5,652.5,643,651.25"
2007-06-14 05:00:00+07:00,"651.2,654.1,645.9,652.9"
2007-06-15 05:00:00+07:00,"652.8,655.7,649.95,655.05"
2007-06-18 05:00:00+07:00,"656.2,659.2,654.6,656.85"
2007-06-19 05:00:00+07:00,"656.9,662.05,653.7,660.8"
2007-06-20 05:00:00+07:00,"660.65,661.5,652.45,654.2"
2007-06-21 05:00:00+07:00,"654.1,656.55,647.8,651.25"
2007-06-22 05:00:00+07:00,"651.3,656.3,650.6,653.9"
2007-06-25 05:00:00+07:00,"652.15,654.05,648.9,651.1"
2007-06-26 05:00:00+07:00,"651.25,651.85,638.85,641.85"
2007-06-27 05:00:00+07:00,"641.9,644.7,640.15,643"
2007-06-28 05:00:00+07:00,"643.05,649.8,642.9,648.35"
2007-06-29 05:00:00+07:00,"648.25,652.35,646.5,649.35"
2007-07-02 05:00:00+07:00,"650.3,658.6,648.6,656.2"
2007-07-03 05:00:00+07:00,"656.45,658.05,652.05,653.55"
2007-07-04 05:00:00+07:00,"653.6,654.8,653.2,654.05"
2007-07-05 05:00:00+07:00,"653.9,656.5,645.7,649.1"
2007-07-06 05:00:00+07:00,"649.2,656,645,655.65"
2007-07-09 05:00:00+07:00,"654.95,663.1,653.5,659.9"
2007-07-10 05:00:00+07:00,"659.8,664.9,658.7,663.55"
2007-07-11 05:00:00+07:00,"663.45,665.95,659.8,661.3"
2007-07-12 05:00:00+07:00,"661.25,669.3,660.7,666.3"
2007-07-13 05:00:00+07:00,"666.25,668.5,663.2,666.6"
2007-07-16 05:00:00+07:00,"666.85,668.7,663.45,665.45"
2007-07-17 05:00:00+07:00,"665.5,667.3,662.25,664.8"
2007-07-18 05:00:00+07:00,"664.85,674.15,664.7,673.2"
2007-07-19 05:00:00+07:00,"673.1,677.6,671.25,676.55"
2007-07-20 05:00:00+07:00,"676.65,686.75,675.1,683.1"
2007-07-23 05:00:00+07:00,"682.8,684.95,680.2,682.1"
2007-07-24 05:00:00+07:00,"682,687.75,680.6,681.25"
2007-07-25 05:00:00+07:00,"681.2,681.75,670.5,675.65"
2007-07-26 05:00:00+07:00,"675.6,676.85,654.5,662.65"
2007-07-27 05:00:00+07:00,"662.6,666.8,656.8,660.9"
2007-07-30 05:00:00+07:00,"661.2,665.7,659.8,665.15"
2007-07-31 05:00:00+07:00,"665.2,668.7,662.95,663.75"
2007-08-01 05:00:00+07:00,"663.8,667.5,659.1,665.35"
2007-08-02 05:00:00+07:00,"665.3,666.9,662.6,665.35"
2007-08-03 05:00:00+07:00,"665.3,675.35,664.95,673.45"
2007-08-06 05:00:00+07:00,"672.7,674.8,669,671.55"
2007-08-07 05:00:00+07:00,"671.5,672.5,665.95,671.35"
2007-08-08 05:00:00+07:00,"671.4,676.7,669.65,673.55"
2007-08-09 05:00:00+07:00,"673.5,674.4,659.2,661.8"
2007-08-10 05:00:00+07:00,"661.85,676.15,658,672.6"
2007-08-13 05:00:00+07:00,"670.45,672,668.35,668.9"
2007-08-14 05:00:00+07:00,"668.85,671.3,665.5,669.65"
2007-08-15 05:00:00+07:00,"669.6,670.9,662,667.9"
2007-08-16 05:00:00+07:00,"667.8,667.9,641.85,648.9"
2007-08-17 05:00:00+07:00,"648.85,664.05,645.5,657.5"
2007-08-20 05:00:00+07:00,"653.9,660.35,653.1,657.05"
2007-08-21 05:00:00+07:00,"657,659.9,654.3,657.35"
2007-08-22 05:00:00+07:00,"657.5,661.75,654.55,660.3"
2007-08-23 05:00:00+07:00,"660.4,664.95,658.45,659.5"
2007-08-24 05:00:00+07:00,"659.45,668.75,657.25,667.95"
2007-08-27 05:00:00+07:00,"667.4,668.4,665.4,666.1"
2007-08-28 05:00:00+07:00,"666.2,668.3,661.65,662.35"
2007-08-29 05:00:00+07:00,"662.4,668.85,661.1,666.4"
2007-08-30 05:00:00+07:00,"666.5,668.05,663.55,665.6"
2007-08-31 05:00:00+07:00,"664.6,674.5,664.3,672.3"
2007-09-03 05:00:00+07:00,"672.5,673.2,671.2,672"
2007-09-04 05:00:00+07:00,"672.1,683,671.1,681.2"
2007-09-05 05:00:00+07:00,"681.3,682.5,678,681.4"
2007-09-06 05:00:00+07:00,"681.5,697.4,679.8,694.9"
2007-09-07 05:00:00+07:00,"694.8,706.5,691.8,699.9"
2007-09-10 05:00:00+07:00,"699,706.6,698.8,702.6"
2007-09-11 05:00:00+07:00,"702.5,713.9,702,712"
2007-09-12 05:00:00+07:00,"712.1,713.9,705.4,711.1"
2007-09-13 05:00:00+07:00,"711,711.9,703,707.8"
2007-09-14 05:00:00+07:00,"707.7,717,703.6,707.2"
2007-09-17 05:00:00+07:00,"707.3,719.7,705.9,717.4"
2007-09-18 05:00:00+07:00,"717.2,726.8,711.3,723.1"
2007-09-19 05:00:00+07:00,"723.2,726.2,719.3,720.8"
2007-09-20 05:00:00+07:00,"720.6,738.1,720.5,733.3"
2007-09-21 05:00:00+07:00,"733.2,739.1,726.2,730.4"
2007-09-24 05:00:00+07:00,"731,735.9,725.7,729.9"
2007-09-25 05:00:00+07:00,"729.8,733.2,721.7,731.2"
2007-09-26 05:00:00+07:00,"731.1,736.5,725.9,728.3"
2007-09-27 05:00:00+07:00,"728.2,735.6,726.5,733.9"
2007-09-28 05:00:00+07:00,"734,745.5,732.9,742.6"
2007-10-01 05:00:00+07:00,"743.7,747.5,740.8,746.7"
2007-10-02 05:00:00+07:00,"746.4,747.4,724.2,731.2"
2007-10-03 05:00:00+07:00,"731.1,735.7,725.9,727.5"
2007-10-04 05:00:00+07:00,"727.6,738.2,720.3,737.5"
2007-10-05 05:00:00+07:00,"737.4,744,726.7,741.6"
2007-10-08 05:00:00+07:00,"740.9,742,730.8,732.8"
2007-10-09 05:00:00+07:00,"732.9,740.3,726.2,737.6"
2007-10-10 05:00:00+07:00,"737.8,745.7,737,740.5"
2007-10-11 05:00:00+07:00,"740.6,753.4,739.1,747.3"
2007-10-12 05:00:00+07:00,"747.4,752.1,744.5,749.2"
2007-10-15 05:00:00+07:00,"749,759.9,747.2,758.8"
2007-10-16 05:00:00+07:00,"759.1,766.6,753.2,760.1"
2007-10-17 05:00:00+07:00,"760,764.6,751.3,754.5"
2007-10-18 05:00:00+07:00,"754.8,768.6,754.2,767.7"
2007-10-19 05:00:00+07:00,"767.6,770.8,757.8,765.7"
2007-10-22 05:00:00+07:00,"766.2,768.1,745,753.7"
2007-10-23 05:00:00+07:00,"753.8,760.7,752.4,759.1"
2007-10-24 05:00:00+07:00,"759.2,763.8,753.5,763.2"
2007-10-25 05:00:00+07:00,"763.3,769.1,761.4,768.8"
2007-10-26 05:00:00+07:00,"768.7,785.6,767.9,784.7"
2007-10-29 05:00:00+07:00,"784.2,794.2,784.1,791.3"
2007-10-30 05:00:00+07:00,"791.2,791.9,778.8,781.3"
2007-10-31 05:00:00+07:00,"781.2,797,776.5,796.4"
2007-11-01 05:00:00+07:00,"796.3,799,783.6,786.8"
2007-11-02 05:00:00+07:00,"786.7,807.8,786.7,807.1"
2007-11-05 06:00:00+07:00,"806.9,811.3,800.5,805.7"
2007-11-06 06:00:00+07:00,"805.8,824.6,805.7,824.4"
2007-11-07 06:00:00+07:00,"824.3,845.4,821.9,830.4"
2007-11-08 06:00:00+07:00,"830.3,845.3,822.7,832.9"
2007-11-09 06:00:00+07:00,"832.7,838.4,826.4,830.7"
2007-11-12 06:00:00+07:00,"829.9,832.2,791.2,792.7"
2007-11-13 06:00:00+07:00,"792.6,808.7,790,801.3"
2007-11-14 06:00:00+07:00,"801.4,815.7,798.7,811.4"
2007-11-15 06:00:00+07:00,"811.5,817.8,782.2,787.8"
2007-11-16 06:00:00+07:00,"787.6,797.2,783.4,785.9"
2007-11-19 06:00:00+07:00,"786,793.8,774.7,781.5"
2007-11-20 06:00:00+07:00,"781.4,805.5,772.4,802.3"
2007-11-21 06:00:00+07:00,"802.4,807,794.3,800"
2007-11-22 06:00:00+07:00,"799.8,805.3,798,803.8"
2007-11-23 06:00:00+07:00,"803.7,825.4,802.5,823"
2007-11-26 06:00:00+07:00,"823.6,836.5,820.6,824.1"
2007-11-27 06:00:00+07:00,"823.8,828.9,807.2,812.2"
2007-11-28 06:00:00+07:00,"812.3,815.5,790.9,804.1"
2007-11-29 06:00:00+07:00,"804,807.7,792,792.8"
2007-11-30 06:00:00+07:00,"792.9,799.2,778.7,781.8"
2007-12-03 06:00:00+07:00,"782.9,794,776.6,793.8"
2007-12-04 06:00:00+07:00,"793.9,805,786.3,801"
2007-12-05 06:00:00+07:00,"801.1,806.5,790.9,795"
2007-12-06 06:00:00+07:00,"794.9,805.2,784.7,801.8"
2007-12-07 06:00:00+07:00,"801.9,805,791.5,795.6"
2007-12-10 06:00:00+07:00,"795.7,811.8,793.6,807.6"
2007-12-11 06:00:00+07:00,"807.7,813.1,795.6,796.4"
2007-12-12 06:00:00+07:00,"796.3,816.8,795.9,813.1"
2007-12-13 06:00:00+07:00,"813,813.5,791.9,796.9"
2007-12-14 06:00:00+07:00,"797,803.1,787.4,794.1"
2007-12-17 06:00:00+07:00,"793.7,798.5,784.9,792.8"
2007-12-18 06:00:00+07:00,"792.9,806.1,789.9,802.2"
2007-12-19 06:00:00+07:00,"801.9,804.3,797.4,801.8"
2007-12-20 06:00:00+07:00,"802,802.7,792.9,795.9"
2007-12-21 06:00:00+07:00,"795.7,812.1,795.1,809.6"
2007-12-24 06:00:00+07:00,"810.6,815.2,807.8,811.7"
2007-12-26 06:00:00+07:00,"812.4,825.7,812.1,824"
2007-12-27 06:00:00+07:00,"824.3,830.9,821.1,825"
2007-12-28 06:00:00+07:00,"825.1,839.7,824.3,838.9"
2007-12-31 06:00:00+07:00,"841,843.1,829.2,832.7"
2008-01-02 06:00:00+07:00,"835.5,860.9,834.8,856.8"
2008-01-03 06:00:00+07:00,"857.1,868.9,852.9,864.3"
2008-01-04 06:00:00+07:00,"864.4,868.5,853.9,860.6"
2008-01-07 06:00:00+07:00,"860.4,864.7,854.9,857.5"
2008-01-08 06:00:00+07:00,"857.6,880.8,856.4,877.4"
2008-01-09 06:00:00+07:00,"877.3,891.1,871.5,878.4"
2008-01-10 06:00:00+07:00,"878.4,894.8,865.9,892.6"
2008-01-11 06:00:00+07:00,"892.7,898,887,895.7"
2008-01-14 06:00:00+07:00,"895,914.1,891.2,903.6"
2008-01-15 06:00:00+07:00,"903.5,914.1,886.9,887.3"
2008-01-16 06:00:00+07:00,"887.6,899.4,874.1,876.8"
2008-01-17 06:00:00+07:00,"876.8,890.2,874.45,877.3"
2008-01-18 06:00:00+07:00,"877.2,888.4,870,884.35"
2008-01-21 06:00:00+07:00,"882.4,883.05,860.55,864.5"
2008-01-22 06:00:00+07:00,"864.6,894.5,849.2,891.75"
2008-01-23 06:00:00+07:00,"891.8,895.7,876.3,889.95"
2008-01-24 06:00:00+07:00,"890,913.15,888.85,912.4"
2008-01-25 06:00:00+07:00,"912.4,923.45,905.8,913.3"
2008-01-28 06:00:00+07:00,"911.3,929.35,910.4,928.4"
2008-01-29 06:00:00+07:00,"928.35,933.05,919.55,923.35"
2008-01-30 06:00:00+07:00,"923.35,936.75,915.65,928.95"
2008-01-31 06:00:00+07:00,"928.95,929.55,914.95,925.65"
2008-02-01 06:00:00+07:00,"925.8,936.65,903.6,903.95"
2008-02-04 06:00:00+07:00,"905.4,912.55,891.85,903.1"
2008-02-05 06:00:00+07:00,"903.15,906.85,884,887.65"
2008-02-06 06:00:00+07:00,"887.8,907.3,885.65,899.75"
2008-02-07 06:00:00+07:00,"899.7,910.85,896,910.15"
2008-02-08 06:00:00+07:00,"910.1,920.55,907.25,920.2"
2008-02-11 06:00:00+07:00,"921.75,927.1,915.75,922.85"
2008-02-12 06:00:00+07:00,"922.75,924.5,902.5,905.85"
2008-02-13 06:00:00+07:00,"906,910.7,896.05,906.05"
2008-02-14 06:00:00+07:00,"906.05,913.75,901.6,907.75"
2008-02-15 06:00:00+07:00,"907.8,915.45,897.5,902.05"
2008-02-18 06:00:00+07:00,"902.45,907.5,900.05,904.5"
2008-02-19 06:00:00+07:00,"904.55,930.5,904.45,927.35"
2008-02-20 06:00:00+07:00,"927.35,945.55,913.2,943.8"
2008-02-21 06:00:00+07:00,"943.85,953.85,937.65,945.5"
2008-02-22 06:00:00+07:00,"945.45,949.6,935.45,945.15"
2008-02-25 06:00:00+07:00,"945.45,951.95,932.9,939.05"
2008-02-26 06:00:00+07:00,"939.05,950.2,926,947.7"
2008-02-27 06:00:00+07:00,"947.8,964.9,947.6,957.6"
2008-02-28 06:00:00+07:00,"957.6,972.35,951.6,970.4"
2008-02-29 06:00:00+07:00,"970.45,975.95,964.2,973.05"
2008-03-03 06:00:00+07:00,"973.1,989.35,972.8,983.35"
2008-03-04 06:00:00+07:00,"983.35,987.95,956.35,963.65"
2008-03-05 06:00:00+07:00,"963.6,992.9,958.85,989.15"
2008-03-06 06:00:00+07:00,"989.2,992.2,964.8,978.25"
2008-03-07 06:00:00+07:00,"978.35,988.5,969.35,972.65"
2008-03-10 05:00:00+07:00,"972.9,980.7,960.9,972.7"
2008-03-11 05:00:00+07:00,"972.75,985.75,964.65,972.8"
2008-03-12 05:00:00+07:00,"972.9,982.95,968.05,982.55"
2008-03-13 05:00:00+07:00,"982.55,999.65,975,994.4"
2008-03-14 05:00:00+07:00,"994.4,1007.05,990,999.3"
2008-03-17 05:00:00+07:00,"1001.8,1032.35,993.6,1001.65"
2008-03-18 05:00:00+07:00,"1002,1012.15,976.35,981.6"
2008-03-19 05:00:00+07:00,"981.6,997.25,937.55,944.6"
2008-03-20 05:00:00+07:00,"944.6,945.3,904.33,909.5"
2008-03-21 05:00:00+07:00,"909.9,917.55,906.85,910.75"
2008-03-24 05:00:00+07:00,"914.85,927.1,906.1,915.05"
2008-03-25 05:00:00+07:00,"915.1,938.8,910,938.35"
2008-03-26 05:00:00+07:00,"938.35,954.45,927.8,953.7"
2008-03-27 05:00:00+07:00,"953.8,954.65,940.15,947.15"
2008-03-28 05:00:00+07:00,"947.1,950.75,922.9,930.1"
2008-03-31 05:00:00+07:00,"930.8,940.65,912.25,915.65"
2008-04-01 05:00:00+07:00,"915.7,920.7,872.2,882.05"
2008-04-02 05:00:00+07:00,"882.05,906.35,880.75,903.95"
2008-04-03 05:00:00+07:00,"904,908.8,887.75,902.55"
2008-04-04 05:00:00+07:00,"902.75,914.6,899,913.35"
2008-04-07 05:00:00+07:00,"912.3,929.3,910.5,919.45"
2008-04-08 05:00:00+07:00,"919.35,925.55,907.55,914.3"
2008-04-09 05:00:00+07:00,"914.25,935.45,902.9,933.65"
2008-04-10 05:00:00+07:00,"933.5,939.6,921.85,928.35"
2008-04-11 05:00:00+07:00,"928.5,932,917.2,924.95"
2008-04-14 05:00:00+07:00,"918.9,931.88,914.15,923.95"
2008-04-15 05:00:00+07:00,"923.95,936.3,922.5,927.5"
2008-04-16 05:00:00+07:00,"927.5,949,924.2,944.25"
2008-04-17 05:00:00+07:00,"944.3,952.6,937.15,938.3"
2008-04-18 05:00:00+07:00,"938.25,946.5,904.55,917.9"
2008-04-21 05:00:00+07:00,"916.85,928.55,910.9,916.4"
2008-04-22 05:00:00+07:00,"916.45,925.35,911.45,915.45"
2008-04-23 05:00:00+07:00,"915.45,922.75,896.65,903.75"
2008-04-24 05:00:00+07:00,"903.75,906.8,883,885.7"
2008-04-25 05:00:00+07:00,"885.75,896.3,877.6,884.15"
2008-04-28 05:00:00+07:00,"888.95,895.7,886.35,892.85"
2008-04-29 05:00:00+07:00,"892.8,893.35,868.45,870"
2008-04-30 05:00:00+07:00,"869.95,878.7,862.35,877.15"
2008-05-01 05:00:00+07:00,"877.05,881.6,847.05,852"
2008-05-02 05:00:00+07:00,"851.95,859.15,844.95,856.75"
2008-05-05 05:00:00+07:00,"858.25,874.25,858.15,873.75"
2008-05-06 05:00:00+07:00,"873.8,882.7,870.4,875.85"
2008-05-07 05:00:00+07:00,"875.8,881.1,863.25,868.2"
2008-05-08 05:00:00+07:00,"868.3,885.5,865.25,881.35"
2008-05-09 05:00:00+07:00,"881.3,889.5,870.2,885.25"
2008-05-12 05:00:00+07:00,"883.3,889.65,877.7,882.15"
2008-05-13 05:00:00+07:00,"882.15,885.35,861.05,866.55"
2008-05-14 05:00:00+07:00,"866.45,870.95,859.8,863.9"
2008-05-15 05:00:00+07:00,"863.95,887.55,862.05,881.6"
2008-05-16 05:00:00+07:00,"881.6,904.9,879.8,902.9"
2008-05-19 05:00:00+07:00,"903.5,913.6,900.55,904.85"
2008-05-20 05:00:00+07:00,"904.85,923.5,900.7,918.9"
2008-05-21 05:00:00+07:00,"918.85,932.55,916.25,932.3"
2008-05-22 05:00:00+07:00,"932.25,935.15,916.7,921.25"
2008-05-23 05:00:00+07:00,"921.2,929.05,914.9,924.75"
2008-05-26 05:00:00+07:00,"926.55,928.9,925.6,928.4"
2008-05-27 05:00:00+07:00,"928.4,930.65,903.85,905.75"
2008-05-28 05:00:00+07:00,"905.7,909.65,888.65,900.4"
2008-05-29 05:00:00+07:00,"900.4,903,873.05,877.3"
2008-05-30 05:00:00+07:00,"877.3,888.9,869.85,886.55"
2008-06-02 05:00:00+07:00,"887.6,897.25,880.9,890.85"
2008-06-03 05:00:00+07:00,"890.9,896.6,875.05,879.85"
2008-06-04 05:00:00+07:00,"879.9,886.55,875.65,878.85"
2008-06-05 05:00:00+07:00,"878.8,879.9,864.65,876.85"
2008-06-06 05:00:00+07:00,"876.8,901.45,869.15,901.05"
2008-06-09 05:00:00+07:00,"902.55,909.1,890.2,892.3"
2008-06-10 05:00:00+07:00,"892.25,894.65,863.75,866.25"
2008-06-11 05:00:00+07:00,"866.3,882.7,866,879.8"
2008-06-12 05:00:00+07:00,"879.8,881.85,857.05,867.85"
2008-06-13 05:00:00+07:00,"867.85,874.2,859.35,869.15"
2008-06-16 05:00:00+07:00,"869.1,894.45,866.35,881.85"
2008-06-17 05:00:00+07:00,"881.75,888.35,873.95,882.2"
2008-06-18 05:00:00+07:00,"882.15,895.2,879.9,893.75"
2008-06-19 05:00:00+07:00,"893.5,908.35,886.4,897.95"
2008-06-20 05:00:00+07:00,"897.8,907.6,895.8,901.35"
2008-06-23 05:00:00+07:00,"901.55,907.25,875.45,883"
2008-06-24 05:00:00+07:00,"883,893.8,881.5,889.05"
2008-06-25 05:00:00+07:00,"889,890.6,873.3,885.9"
2008-06-26 05:00:00+07:00,"885.9,918,875,916.75"
2008-06-27 05:00:00+07:00,"916.7,930.6,906.5,926.7"
2008-06-30 05:00:00+07:00,"928.95,935.1,918.35,925.05"
2008-07-01 05:00:00+07:00,"925,945.75,921.8,939.4"
2008-07-02 05:00:00+07:00,"939.45,945.5,931.5,944.7"
2008-07-03 05:00:00+07:00,"944.7,946.4,926.9,934"
2008-07-04 05:00:00+07:00,"934,936.2,928.9,932.9"
2008-07-07 05:00:00+07:00,"931.95,932.45,914.7,925.4"
2008-07-08 05:00:00+07:00,"925.4,933.25,912.25,919.3"
2008-07-09 05:00:00+07:00,"919.3,928.7,915.75,928.25"
2008-07-10 05:00:00+07:00,"928.25,947.55,921.05,946.45"
2008-07-11 05:00:00+07:00,"944.55,967.35,941.45,963.95"
2008-07-14 05:00:00+07:00,"965.4,975.05,953.45,971.95"
2008-07-15 05:00:00+07:00,"971.9,988.15,968.2,976.95"
2008-07-16 05:00:00+07:00,"976.95,981,957.6,959.65"
2008-07-17 05:00:00+07:00,"959.65,978.8,952.25,957.1"
2008-07-18 05:00:00+07:00,"957.15,964.45,949.55,954.65"
2008-07-21 05:00:00+07:00,"956.6,968.2,954.95,965.25"
2008-07-22 05:00:00+07:00,"965.3,975.95,943.4,945.85"
2008-07-23 05:00:00+07:00,"945.85,948.9,917.55,920.3"
2008-07-24 05:00:00+07:00,"920.35,931,915.9,927.45"
2008-07-25 05:00:00+07:00,"927.55,934.95,917,929.6"
2008-07-28 05:00:00+07:00,"928.5,932.7,922.35,930.1"
2008-07-29 05:00:00+07:00,"930.15,933.05,912.7,918.45"
2008-07-30 05:00:00+07:00,"918.4,919.3,893.5,905.55"
2008-07-31 05:00:00+07:00,"905.5,925.3,899.95,913.55"
2008-08-01 05:00:00+07:00,"913.65,916.9,901.45,908.7"
2008-08-04 05:00:00+07:00,"909.8,915.35,893.55,894.25"
2008-08-05 05:00:00+07:00,"894.2,895.2,872.4,873.8"
2008-08-06 05:00:00+07:00,"873.8,886.25,872.55,879.7"
2008-08-07 05:00:00+07:00,"879.75,884.85,867.6,872.5"
2008-08-08 05:00:00+07:00,"872.5,873.65,850.5,857.05"
2008-08-11 05:00:00+07:00,"855.5,865.75,817.95,823.15"
2008-08-12 05:00:00+07:00,"823.15,826.65,801.7,811.65"
2008-08-13 05:00:00+07:00,"811.7,829.6,804.95,826.4"
2008-08-14 05:00:00+07:00,"826.4,836.65,804.35,806.3"
2008-08-15 05:00:00+07:00,"806.15,807,772.6,786.95"
2008-08-18 05:00:00+07:00,"790.8,803.9,789,799.55"
2008-08-19 05:00:00+07:00,"799.5,816.55,782.1,813.6"
2008-08-20 05:00:00+07:00,"813.65,818.1,799.75,813"
2008-08-21 05:00:00+07:00,"813.15,839.05,799.9,836.4"
2008-08-22 05:00:00+07:00,"836.4,837.65,820.9,822.35"
2008-08-25 05:00:00+07:00,"822.85,825.8,815.85,821.6"
2008-08-26 05:00:00+07:00,"821.55,830.4,806.7,824.6"
2008-08-27 05:00:00+07:00,"824.55,834.95,820.85,826.6"
2008-08-28 05:00:00+07:00,"826.5,843.85,822.6,833.5"
2008-08-29 05:00:00+07:00,"833.4,838.5,827.2,830.05"
2008-09-01 05:00:00+07:00,"833.55,836.1,814.8,817.15"
2008-09-02 05:00:00+07:00,"817,819.6,790.3,804.85"
2008-09-03 05:00:00+07:00,"804.8,808.4,788.95,800.95"
2008-09-04 05:00:00+07:00,"800.9,814.65,793.55,795.95"
2008-09-05 05:00:00+07:00,"795.95,818.9,790.05,801.4"
2008-09-08 05:00:00+07:00,"808.15,817.9,796.45,801.85"
2008-09-09 05:00:00+07:00,"801.85,804.7,775.6,776.65"
2008-09-10 05:00:00+07:00,"776.6,783.35,751.15,751.95"
2008-09-11 05:00:00+07:00,"752,758,735.95,746.25"
2008-09-12 05:00:00+07:00,"746.3,766.4,743.7,766.25"
2008-09-15 05:00:00+07:00,"749.85,787.25,749.85,785.95"
2008-09-16 05:00:00+07:00,"785.9,789.6,771.8,779.25"
2008-09-17 05:00:00+07:00,"779.1,868,770.7,862.9"
2008-09-18 05:00:00+07:00,"863,919.4,829.25,852.3"
2008-09-19 05:00:00+07:00,"852.65,876.5,775.5,872.2"
2008-09-22 05:00:00+07:00,"867.4,908.35,864.25,896.55"
2008-09-23 05:00:00+07:00,"896.45,909.05,879.35,891.15"
2008-09-24 05:00:00+07:00,"891.15,901.4,874.75,882.3"
2008-09-25 05:00:00+07:00,"882.25,897.1,862.88,876.95"
2008-09-26 05:00:00+07:00,"877,911.7,865.5,878.8"
2008-09-29 05:00:00+07:00,"875.25,925.1,866.5,907.75"
2008-09-30 05:00:00+07:00,"907.75,914.25,855.35,871.05"
2008-10-01 05:00:00+07:00,"870.9,892.85,864.3,870.28"
2008-10-02 05:00:00+07:00,"870.35,888.25,829.15,835.7"
2008-10-03 05:00:00+07:00,"835.25,847.3,817.95,836.9"
2008-10-06 05:00:00+07:00,"831.95,875.7,824.37,858.85"
2008-10-07 05:00:00+07:00,"858.7,891.15,855.65,886.8"
2008-10-08 05:00:00+07:00,"886.85,920.75,877.55,906.35"
2008-10-09 05:00:00+07:00,"906.4,924.15,880.25,911.7"
2008-10-10 05:00:00+07:00,"911.75,930.95,824.3,841.85"
2008-10-13 05:00:00+07:00,"765.25,871.55,765.25,831.4"
2008-10-14 05:00:00+07:00,"831.6,853.65,828.65,835.95"
2008-10-15 05:00:00+07:00,"835.95,854.65,830.9,846.25"
2008-10-16 05:00:00+07:00,"846.05,849.15,783.85,803.8"
2008-10-17 05:00:00+07:00,"803.45,814.65,771.8,783.95"
2008-10-20 05:00:00+07:00,"759.7,809.8,759.7,796.6"
2008-10-21 05:00:00+07:00,"796.55,802.95,765.2,771.3"
2008-10-22 05:00:00+07:00,"771.3,776.55,719.75,729.65"
2008-10-23 05:00:00+07:00,"728.95,735.05,697.6,720.6"
2008-10-24 05:00:00+07:00,"720.65,749.15,681.05,732.85"
2008-10-27 05:00:00+07:00,"679.55,746.65,679.55,730"
2008-10-28 05:00:00+07:00,"730.05,755,723.55,745.95"
2008-10-29 05:00:00+07:00,"745.95,774.15,735.5,754.05"
2008-10-30 05:00:00+07:00,"754.15,777.1,732.85,738.4"
2008-10-31 05:00:00+07:00,"738.45,741.45,717,723.85"
2008-11-03 06:00:00+07:00,"724.2,738.8,722,723.45"
2008-11-04 06:00:00+07:00,"723.5,767.85,721.7,762"
2008-11-05 06:00:00+07:00,"762.05,769,736.1,739.95"
2008-11-06 06:00:00+07:00,"739.8,759.95,728,732"
2008-11-07 06:00:00+07:00,"732,744.7,725,736.35"
2008-11-10 06:00:00+07:00,"736.5,768.1,736.5,745.95"
2008-11-11 06:00:00+07:00,"745.95,750.4,726.3,730.95"
2008-11-12 06:00:00+07:00,"730.95,738.85,709.25,711.3"
2008-11-13 06:00:00+07:00,"711.25,739.3,699,735.85"
2008-11-14 06:00:00+07:00,"735.85,753.95,724.8,744.75"
2008-11-17 06:00:00+07:00,"738.65,749.25,730.6,737.4"
2008-11-18 06:00:00+07:00,"737.5,745.9,731.4,737.9"
2008-11-19 06:00:00+07:00,"737.9,762.65,731.4,734.7"
2008-11-20 06:00:00+07:00,"734.75,752.6,732.45,745.2"
2008-11-21 06:00:00+07:00,"745.25,802.15,742.45,800.2"
2008-11-24 06:00:00+07:00,"801.7,829.45,786.2,821.3"
2008-11-25 06:00:00+07:00,"821.25,830.7,802.8,820.1"
2008-11-26 06:00:00+07:00,"820.05,822.8,808.25,812.45"
2008-11-27 06:00:00+07:00,"812.45,817.35,809.5,815.25"
2008-11-28 06:00:00+07:00,"815.3,820.45,809,817.25"
2008-12-01 06:00:00+07:00,"818.25,818.65,767.7,768.5"
2008-12-02 06:00:00+07:00,"768.25,786.5,761.25,782.15"
2008-12-03 06:00:00+07:00,"781.5,782.7,763.8,773.75"
2008-12-04 06:00:00+07:00,"773.7,787.65,762.1,766.4"
2008-12-05 06:00:00+07:00,"766.45,772.6,741,757.15"
2008-12-08 06:00:00+07:00,"755.1,782,755.1,772.5"
2008-12-09 06:00:00+07:00,"772.5,780.05,762.1,776.3"
2008-12-10 06:00:00+07:00,"776.3,813,773.95,810"
2008-12-11 06:00:00+07:00,"809.9,834.45,801.85,820.65"
2008-12-12 06:00:00+07:00,"820.6,828.55,807.3,820.45"
2008-12-15 06:00:00+07:00,"823.7,842.55,820.9,837.7"
2008-12-16 06:00:00+07:00,"837.6,859.3,829.75,857.15"
2008-12-17 06:00:00+07:00,"857.1,881.65,845.9,867.2"
2008-12-18 06:00:00+07:00,"867.4,878.1,848.05,852.1"
2008-12-19 06:00:00+07:00,"852.1,853.4,829.5,838.45"
2008-12-22 06:00:00+07:00,"836.55,851.45,836.05,846.95"
2008-12-23 06:00:00+07:00,"846.95,848.55,829.15,839.7"
2008-12-24 06:00:00+07:00,"839.65,848.4,834.1,847.2"
2008-12-26 06:00:00+07:00,"847.15,872.55,843.2,869.05"
2008-12-29 06:00:00+07:00,"879.2,890.05,873.05,879.95"
2008-12-30 06:00:00+07:00,"879.75,883.8,863,872.9"
2008-12-31 06:00:00+07:00,"872.85,884.1,856.1,880.2"
2009-01-02 06:00:00+07:00,"870.8,879.85,867.05,875.9"
2009-01-05 06:00:00+07:00,"883.2,884.2,843.8,859.25"
2009-01-06 06:00:00+07:00,"859,869.9,838.5,863.2"
2009-01-07 06:00:00+07:00,"863.15,866.7,835.85,842.7"
2009-01-08 06:00:00+07:00,"842.65,864.15,835.3,856.4"
2009-01-09 06:00:00+07:00,"856.45,868,844.4,852.15"
2009-01-12 06:00:00+07:00,"855.85,856.4,815,820.4"
2009-01-13 06:00:00+07:00,"820.35,830.35,813.7,821.3"
2009-01-14 06:00:00+07:00,"821.25,828.8,806.5,811"
2009-01-15 06:00:00+07:00,"810.95,821.05,801.3,817.75"
2009-01-16 06:00:00+07:00,"817.7,843,815.5,840.35"
2009-01-19 06:00:00+07:00,"842.4,845.65,831.25,835.25"
2009-01-20 06:00:00+07:00,"835.25,865.85,823.3,856.55"
2009-01-21 06:00:00+07:00,"856.5,864.05,843,853.45"
2009-01-22 06:00:00+07:00,"853.5,862.6,843.05,856.35"
2009-01-23 06:00:00+07:00,"856.25,902.9,852.25,899.15"
2009-01-26 06:00:00+07:00,"897.15,915.65,888.2,902.45"
2009-01-27 06:00:00+07:00,"902.4,907.15,892,898.35"
2009-01-28 06:00:00+07:00,"898.4,903.1,882.25,886.85"
2009-01-29 06:00:00+07:00,"886.9,909.45,873.95,908.1"
2009-01-30 06:00:00+07:00,"908.1,929.2,901.25,927.4"
2009-02-02 06:00:00+07:00,"922.8,925.45,900.85,904.6"
2009-02-03 06:00:00+07:00,"904.5,912.4,888.8,899.95"
2009-02-04 06:00:00+07:00,"899.85,908.9,895.2,905.6"
2009-02-05 06:00:00+07:00,"905.6,924.1,893.65,914.2"
2009-02-06 06:00:00+07:00,"914.25,919.8,903.45,910.4"
2009-02-09 06:00:00+07:00,"910.15,911.35,890.45,894.4"
2009-02-10 06:00:00+07:00,"894,917.75,889.1,914.7"
2009-02-11 06:00:00+07:00,"914.7,947.15,902.8,938.3"
2009-02-12 06:00:00+07:00,"938.3,952.1,934.8,946.15"
2009-02-13 06:00:00+07:00,"945.95,946.95,932.2,941.3"
2009-02-16 06:00:00+07:00,"940.95,944.05,935.75,941.3"
2009-02-17 06:00:00+07:00,"941.25,974,939.65,969.6"
2009-02-18 06:00:00+07:00,"969.7,987.05,960.6,982.9"
2009-02-19 06:00:00+07:00,"982.8,986.25,968,974"
2009-02-20 06:00:00+07:00,"973.95,1006,970.15,993.5"
2009-02-23 06:00:00+07:00,"991.9,998,975.15,990.95"
2009-02-24 06:00:00+07:00,"990.95,995.3,959.05,962.1"
2009-02-25 06:00:00+07:00,"962.05,977.95,944,953.5"
2009-02-26 06:00:00+07:00,"953.45,956.4,931.75,945.3"
2009-02-27 06:00:00+07:00,"945.3,962.55,926.5,940.9"
2009-03-02 06:00:00+07:00,"948.05,958.15,921.65,925.55"
2009-03-03 06:00:00+07:00,"925.6,932.55,905.1,915.1"
2009-03-04 06:00:00+07:00,"915.15,922.55,899.85,906"
2009-03-05 06:00:00+07:00,"906,936.4,905.2,931.65"
2009-03-06 06:00:00+07:00,"931.65,944.7,929.95,938.6"
2009-03-09 05:00:00+07:00,"939.95,941.79,910.7,921.6"
2009-03-10 05:00:00+07:00,"921.55,922.4,890.7,897.45"
2009-03-11 05:00:00+07:00,"897.4,913.15,892.2,908.7"
2009-03-12 05:00:00+07:00,"908.7,930.65,905.35,926.55"
2009-03-13 05:00:00+07:00,"926.5,938.5,919.55,927.7"
2009-03-16 05:00:00+07:00,"925.15,929.55,915.3,922.5"
2009-03-17 05:00:00+07:00,"922.6,924.1,912,914.7"
2009-03-18 05:00:00+07:00,"914.65,947,883.45,940.65"
2009-03-19 05:00:00+07:00,"940.65,962.2,925.45,959.4"
2009-03-20 05:00:00+07:00,"959.35,966.8,946.3,952.1"
2009-03-23 05:00:00+07:00,"950.15,956.85,935.85,939.25"
2009-03-24 05:00:00+07:00,"939.2,943.9,916.81,925.15"
2009-03-25 05:00:00+07:00,"925.2,940.7,915.95,933.35"
2009-03-26 05:00:00+07:00,"933.35,945.2,931.35,933.77"
2009-03-27 05:00:00+07:00,"933.77,935.95,918.35,923.25"
2009-03-30 05:00:00+07:00,"922.45,931.75,908.25,917.15"
2009-03-31 05:00:00+07:00,"917.1,924.55,911.4,918.8"
2009-04-01 05:00:00+07:00,"918.8,933.15,916.4,926.57"
2009-04-02 05:00:00+07:00,"926.57,929.1,894.45,903.95"
2009-04-03 05:00:00+07:00,"903.9,909.23,890.45,892.3"
2009-04-06 05:00:00+07:00,"893.3,893.6,864.9,868.5"
2009-04-07 05:00:00+07:00,"868.5,884.75,866.45,880.6"
2009-04-08 05:00:00+07:00,"880.65,889.9,878.1,880.3"
2009-04-09 05:00:00+07:00,"880.3,886.25,874.7,878.75"
2009-04-10 05:00:00+07:00,"878.7,884.65,876.7,880.8"
2009-04-13 05:00:00+07:00,"882.6,899.5,882.5,893.45"
2009-04-14 05:00:00+07:00,"893.45,898.25,885.9,890.25"
2009-04-15 05:00:00+07:00,"890.2,899.25,885.3,890.6"
2009-04-16 05:00:00+07:00,"890.65,893.6,871.8,875.2"
2009-04-17 05:00:00+07:00,"875.25,876.7,864.7,866.7"
2009-04-20 05:00:00+07:00,"868.75,888.1,864.5,883.95"
2009-04-21 05:00:00+07:00,"883.4,894.9,878.45,883.3"
2009-04-22 05:00:00+07:00,"883.35,893.25,881.7,889.15"
2009-04-23 05:00:00+07:00,"889.1,908.75,889.1,904.1"
2009-04-24 05:00:00+07:00,"904.1,913.65,902.55,912.05"
2009-04-27 05:00:00+07:00,"912.2,918.2,904.85,906.25"
2009-04-28 05:00:00+07:00,"906.25,906.6,884.05,893"
2009-04-29 05:00:00+07:00,"893.05,902.75,887.55,897.5"
2009-04-30 05:00:00+07:00,"897.5,899.8,880.6,887.9"
2009-05-01 05:00:00+07:00,"887.95,889.6,880.1,885.05"
2009-05-04 05:00:00+07:00,"885.65,906.95,878.85,901.9"
2009-05-05 05:00:00+07:00,"901.9,915.55,894.36,896.8"
2009-05-06 05:00:00+07:00,"896.75,912.3,894.9,910.85"
2009-05-07 05:00:00+07:00,"910.85,925.3,908.55,910.35"
2009-05-08 05:00:00+07:00,"910.3,919.5,905.3,915.1"
2009-05-11 05:00:00+07:00,"916.15,917.55,908.3,912.85"
2009-05-12 05:00:00+07:00,"912.85,923.91,911.35,922.85"
2009-05-13 05:00:00+07:00,"923.25,930.45,917.25,925.8"
2009-05-14 05:00:00+07:00,"925.8,928.6,919.95,926"
2009-05-15 05:00:00+07:00,"926,933.8,922.15,931.05"
2009-05-18 05:00:00+07:00,"930.75,933.55,914.95,917.8"
2009-05-19 05:00:00+07:00,"917.85,929.25,916.35,924.55"
2009-05-20 05:00:00+07:00,"924.55,940.3,923.75,938.15"
2009-05-21 05:00:00+07:00,"938.15,956.1,935.75,953.3"
2009-05-22 05:00:00+07:00,"953.35,961.25,949.8,957.4"
2009-05-25 05:00:00+07:00,"953.85,959.7,952.55,958.4"
2009-05-26 05:00:00+07:00,"957.25,957.25,939.8,951.35"
2009-05-27 05:00:00+07:00,"951.35,959.25,946.45,949.3"
2009-05-28 05:00:00+07:00,"949.3,965,943.65,959"
2009-05-29 05:00:00+07:00,"958.95,980.05,956.2,978.6"
2009-06-01 05:00:00+07:00,"977.95,988.55,966.85,974.6"
2009-06-02 05:00:00+07:00,"974.65,986.5,969.25,981.35"
2009-06-03 05:00:00+07:00,"981.35,990.05,960.55,962.9"
2009-06-04 05:00:00+07:00,"962.95,981.7,960.65,979.85"
2009-06-05 05:00:00+07:00,"979.8,983.6,952.55,953.8"
2009-06-08 05:00:00+07:00,"955.4,959.45,943.2,951.5"
2009-06-09 05:00:00+07:00,"951.55,962.2,941.7,954.5"
2009-06-10 05:00:00+07:00,"954.48,965.3,946.75,954"
2009-06-11 05:00:00+07:00,"954,961.85,942.45,954.45"
2009-06-12 05:00:00+07:00,"954.6,957.95,935.75,938.75"
2009-06-15 05:00:00+07:00,"938.45,938.9,925.88,927.9"
2009-06-16 05:00:00+07:00,"927.85,939.4,927.5,934.4"
2009-06-17 05:00:00+07:00,"934.4,940.05,927.65,938.1"
2009-06-18 05:00:00+07:00,"938.1,941.55,929.96,932.95"
2009-06-19 05:00:00+07:00,"932.95,938.9,930.8,935.5"
2009-06-22 05:00:00+07:00,"933.6,934.6,918.05,921.8"
2009-06-23 05:00:00+07:00,"921.85,926.79,912.8,925.4"
2009-06-24 05:00:00+07:00,"925.4,942.4,922.2,931.25"
2009-06-25 05:00:00+07:00,"931.3,939.98,929.85,939.1"
2009-06-26 05:00:00+07:00,"939.1,948.3,936.33,939.85"
2009-06-29 05:00:00+07:00,"937.3,942.55,934.25,937.45"
2009-06-30 05:00:00+07:00,"937.5,944.8,923,926.1"
2009-07-01 05:00:00+07:00,"926.15,946.3,917.45,940.35"
2009-07-02 05:00:00+07:00,"940.35,941.2,926.3,929.4"
2009-07-03 05:00:00+07:00,"929.35,934.15,926.3,932.15"
2009-07-06 05:00:00+07:00,"932.1,932.1,920.43,924.7"
2009-07-07 05:00:00+07:00,"924.75,931.9,921.13,924.2"
2009-07-08 05:00:00+07:00,"924.25,925.45,904.9,909.2"
2009-07-09 05:00:00+07:00,"909.25,918.4,906.25,911.8"
2009-07-10 05:00:00+07:00,"911.75,915.15,906.75,912.45"
2009-07-13 05:00:00+07:00,"912.35,923.15,907.7,919.85"
2009-07-14 05:00:00+07:00,"919.9,927.4,917.6,925.25"
2009-07-15 05:00:00+07:00,"925.15,942,924.25,938.65"
2009-07-16 05:00:00+07:00,"938.75,940.05,932.5,936.95"
2009-07-17 05:00:00+07:00,"937.26,939.75,931.65,935.7"
2009-07-20 05:00:00+07:00,"934.35,954.95,934.35,948.45"
2009-07-21 05:00:00+07:00,"948.5,953.6,944.25,948.2"
2009-07-22 05:00:00+07:00,"948.25,954.55,944.6,950.85"
2009-07-23 05:00:00+07:00,"950.9,957.2,947.3,948.8"
2009-07-24 05:00:00+07:00,"948.7,954,946.25,951.45"
2009-07-27 05:00:00+07:00,"950.6,958.7,947.4,953.45"
2009-07-28 05:00:00+07:00,"953.4,956.5,934.1,937.1"
2009-07-29 05:00:00+07:00,"937.05,940.7,925.45,929.55"
2009-07-30 05:00:00+07:00,"929.55,936.9,928.45,934.05"
2009-07-31 05:00:00+07:00,"934,956.65,932.2,951"
2009-08-03 05:00:00+07:00,"953.75,962.05,951.4,956.5"
2009-08-04 05:00:00+07:00,"956.4,970,950.78,966.45"
2009-08-05 05:00:00+07:00,"966.5,967.85,958.83,963.05"
2009-08-06 05:00:00+07:00,"963.1,971.55,955.9,963"
2009-08-07 05:00:00+07:00,"962.95,964.9,953.05,954.95"
2009-08-10 05:00:00+07:00,"954.25,956.6,942.25,945.95"
2009-08-11 05:00:00+07:00,"946,949.6,941.75,945.75"
2009-08-12 05:00:00+07:00,"945.75,952,939.85,946.65"
2009-08-13 05:00:00+07:00,"946.7,960.6,941.45,954.6"
2009-08-14 05:00:00+07:00,"954.55,959.05,942.1,947.5"
2009-08-17 05:00:00+07:00,"946.6,947.7,930.15,934.25"
2009-08-18 05:00:00+07:00,"934.25,939.75,933.8,938.1"
2009-08-19 05:00:00+07:00,"938.15,945.03,931.8,941.7"
2009-08-20 05:00:00+07:00,"941.6,945.55,937.1,940.45"
2009-08-21 05:00:00+07:00,"940.4,957.85,937.7,953.47"
2009-08-24 05:00:00+07:00,"952.45,956.8,934.45,941.45"
2009-08-25 05:00:00+07:00,"941.5,954.25,941.35,944.35"
2009-08-26 05:00:00+07:00,"944.35,949.9,939.9,945.15"
2009-08-27 05:00:00+07:00,"945.2,950.4,941.5,947.65"
2009-08-28 05:00:00+07:00,"947.7,961.7,947.6,955.8"
2009-08-31 05:00:00+07:00,"955.6,960.4,944,950.95"
2009-09-01 05:00:00+07:00,"950.85,956.85,946.3,955.9"
2009-09-02 05:00:00+07:00,"955.85,980.25,951,978.15"
2009-09-03 05:00:00+07:00,"978.2,997.29,974.25,991.65"
2009-09-04 05:00:00+07:00,"991.65,996.3,985.35,993.65"
2009-09-07 05:00:00+07:00,"992.45,996.5,990.2,994.5"
2009-09-08 05:00:00+07:00,"994.4,1007.5,992.5,994.9"
2009-09-09 05:00:00+07:00,"995,1003,987.2,992"
2009-09-10 05:00:00+07:00,"991.9,998.3,982.7,995.9"
2009-09-11 05:00:00+07:00,"995.9,1011.6,994.4,1006"
2009-09-14 05:00:00+07:00,"1005,1008.75,993.29,999.74"
2009-09-15 05:00:00+07:00,"999.7,1009.44,992.05,1007.16"
2009-09-16 05:00:00+07:00,"1007.15,1020.55,1005.97,1016.9"
2009-09-17 05:00:00+07:00,"1016.85,1023.9,1010.08,1013.21"
2009-09-18 05:00:00+07:00,"1013.16,1017.63,1005.85,1006.15"
2009-09-21 05:00:00+07:00,"1006.75,1006.75,995.55,1003.21"
2009-09-22 05:00:00+07:00,"1003.26,1019.55,1002.25,1014.05"
2009-09-23 05:00:00+07:00,"1014.1,1018.3,1005.85,1008.15"
2009-09-24 05:00:00+07:00,"1008.2,1018.9,990.5,993.72"
2009-09-25 05:00:00+07:00,"993.72,998.95,985.05,988.95"
2009-09-28 05:00:00+07:00,"990.85,996.6,985.85,990.67"
2009-09-29 05:00:00+07:00,"990.62,995.68,984.9,992.05"
2009-09-30 05:00:00+07:00,"992.02,1009.05,991.4,1007.37"
2009-10-01 05:00:00+07:00,"1007.37,1009.55,997.6,998.85"
2009-10-02 05:00:00+07:00,"998.9,1007.35,986.4,1001.6"
2009-10-05 05:00:00+07:00,"1001.6,1017.45,999.8,1016.97"
2009-10-06 05:00:00+07:00,"1016.92,1043.45,1014.95,1041.67"
2009-10-07 05:00:00+07:00,"1041.72,1048.25,1036.3,1043.82"
2009-10-08 05:00:00+07:00,"1043.82,1061.28,1042.75,1054.65"
2009-10-09 05:00:00+07:00,"1054.6,1054.9,1043.45,1047.65"
2009-10-12 05:00:00+07:00,"1048.4,1058.9,1046.95,1056.7"
2009-10-13 05:00:00+07:00,"1056.65,1068.4,1050.95,1063.9"
2009-10-14 05:00:00+07:00,"1063.95,1070.45,1055.8,1062.05"
2009-10-15 05:00:00+07:00,"1062.05,1065.55,1046.25,1049.92"
2009-10-16 05:00:00+07:00,"1049.97,1056.65,1042.8,1052.15"
2009-10-19 05:00:00+07:00,"1052.05,1064.6,1047.75,1063.85"
2009-10-20 05:00:00+07:00,"1063.95,1067.9,1051.85,1054.9"
2009-10-21 05:00:00+07:00,"1054.95,1064.65,1047.55,1058.7"
2009-10-22 05:00:00+07:00,"1058.7,1061.45,1051.45,1059.77"
2009-10-23 05:00:00+07:00,"1059.77,1067.43,1049.95,1054.9"
2009-10-26 05:00:00+07:00,"1054.4,1059.7,1037.5,1038.45"
2009-10-27 05:00:00+07:00,"1038.5,1043.55,1032.35,1039.65"
2009-10-28 05:00:00+07:00,"1039.6,1041.6,1026.45,1027.77"
2009-10-29 05:00:00+07:00,"1027.8,1047.6,1026.37,1046.8"
2009-10-30 05:00:00+07:00,"1046.85,1048.9,1035.05,1045.2"
2009-11-02 06:00:00+07:00,"1041.8,1062.55,1040.75,1059.25"
2009-11-03 06:00:00+07:00,"1059.5,1087.6,1055.15,1084.05"
2009-11-04 06:00:00+07:00,"1084.05,1097.6,1079.8,1091.85"
2009-11-05 06:00:00+07:00,"1091.85,1094,1083.65,1089.95"
2009-11-06 06:00:00+07:00,"1089.8,1100.9,1086.35,1095.2"
2009-11-09 06:00:00+07:00,"1098.25,1110.93,1095.35,1103.75"
2009-11-10 06:00:00+07:00,"1103.7,1109.1,1096.85,1105.45"
2009-11-11 06:00:00+07:00,"1105.5,1118.4,1104.95,1117.07"
2009-11-12 06:00:00+07:00,"1116.97,1122.9,1102.4,1103.37"
2009-11-13 06:00:00+07:00,"1103.52,1119,1100.9,1118.7"
2009-11-16 06:00:00+07:00,"1118,1143.3,1118,1138.85"
2009-11-17 06:00:00+07:00,"1139.1,1141.6,1127.8,1141.4"
2009-11-18 06:00:00+07:00,"1141.38,1152.85,1135.8,1145.15"
2009-11-19 06:00:00+07:00,"1145.2,1145.95,1129.98,1144.22"
2009-11-20 06:00:00+07:00,"1144.22,1151,1132.55,1150.65"
2009-11-23 06:00:00+07:00,"1150.4,1173.55,1150.4,1165.72"
2009-11-24 06:00:00+07:00,"1165.67,1171.15,1157.62,1169.02"
2009-11-25 06:00:00+07:00,"1169.02,1191.55,1166.65,1191.4"
2009-11-26 06:00:00+07:00,"1191.4,1194.95,1180.1,1191.65"
2009-11-27 06:00:00+07:00,"1191.6,1191.6,1137.15,1176.35"
2009-11-30 06:00:00+07:00,"1176.7,1181.7,1163.85,1179.25"
2009-12-01 06:00:00+07:00,"1179.3,1201.35,1175.1,1196.25"
2009-12-02 06:00:00+07:00,"1196.3,1216.9,1194.9,1215.32"
2009-12-03 06:00:00+07:00,"1215.37,1226.15,1204.15,1207.27"
2009-12-04 06:00:00+07:00,"1207.2,1212.5,1147.25,1160.15"
2009-12-07 06:00:00+07:00,"1160.85,1164.95,1134.95,1157.81"
2009-12-08 06:00:00+07:00,"1157.85,1168.7,1124.35,1128.01"
2009-12-09 06:00:00+07:00,"1128.01,1146.85,1116.05,1128.25"
2009-12-10 06:00:00+07:00,"1128.25,1136.5,1120.85,1130.96"
2009-12-11 06:00:00+07:00,"1130.95,1142.05,1109.25,1115.1"
2009-12-14 06:00:00+07:00,"1114.55,1127.55,1110.5,1126.05"
2009-12-15 06:00:00+07:00,"1126.05,1128.7,1111.1,1124.75"
2009-12-16 06:00:00+07:00,"1124.75,1141.05,1121.15,1137.55"
2009-12-17 06:00:00+07:00,"1137.6,1141.55,1094.65,1098.4"
2009-12-18 06:00:00+07:00,"1098.35,1116.8,1096.25,1111.5"
2009-12-21 06:00:00+07:00,"1111.15,1119.1,1089.9,1092.95"
2009-12-22 06:00:00+07:00,"1093,1097.25,1074.4,1083.55"
2009-12-23 06:00:00+07:00,"1083.55,1095.6,1079.2,1087.2"
2009-12-24 06:00:00+07:00,"1087,1105.75,1086.95,1104.5"
2009-12-28 06:00:00+07:00,"1104.9,1113.65,1101.3,1106.85"
2009-12-29 06:00:00+07:00,"1106.85,1108.1,1096.4,1096.5"
2009-12-30 06:00:00+07:00,"1096.75,1097.9,1085.59,1092.5"
2009-12-31 06:00:00+07:00,"1092.59,1106.65,1092.2,1096.55"
2010-01-04 06:00:00+07:00,"1096.7,1123.65,1093.05,1121"
2010-01-05 06:00:00+07:00,"1121,1128.5,1115.05,1117.7"
2010-01-06 06:00:00+07:00,"1117.65,1140.3,1117.1,1137.7"
2010-01-07 06:00:00+07:00,"1137.75,1138.85,1128.3,1131.45"
2010-01-08 06:00:00+07:00,"1131.5,1139.3,1119.3,1136"
2010-01-11 06:00:00+07:00,"1137.45,1161.85,1137.45,1151.5"
2010-01-12 06:00:00+07:00,"1151.5,1158,1124.8,1127.7"
2010-01-13 06:00:00+07:00,"1127.8,1138.6,1118.2,1137.75"
2010-01-14 06:00:00+07:00,"1137.8,1145.9,1130.6,1142.3"
2010-01-15 06:00:00+07:00,"1142.3,1145.65,1126.6,1131.15"
2010-01-18 06:00:00+07:00,"1127.15,1137.1,1127.1,1133.65"
2010-01-19 06:00:00+07:00,"1133.6,1140.5,1128.65,1137.9"
2010-01-20 06:00:00+07:00,"1137.95,1141.35,1106.95,1111.05"
2010-01-21 06:00:00+07:00,"1111.1,1117.45,1088.35,1093.75"
2010-01-22 06:00:00+07:00,"1093.65,1098.55,1082,1093.3"
2010-01-25 06:00:00+07:00,"1092.15,1103.95,1092.15,1098.1"
2010-01-26 06:00:00+07:00,"1098.05,1103.3,1085.35,1097.2"
2010-01-27 06:00:00+07:00,"1097.2,1102.25,1083.1,1087.6"
2010-01-28 06:00:00+07:00,"1087.63,1096,1073.8,1086.7"
2010-01-29 06:00:00+07:00,"1086.75,1090.45,1074.4,1081.3"
2010-02-01 06:00:00+07:00,"1082.4,1107.55,1076.5,1104.95"
2010-02-02 06:00:00+07:00,"1104.95,1118.5,1098.75,1114.15"
2010-02-03 06:00:00+07:00,"1114.2,1124.9,1106.95,1109.45"
2010-02-04 06:00:00+07:00,"1109.5,1111,1059.35,1062.8"
2010-02-05 06:00:00+07:00,"1062.8,1068.45,1044.05,1067.05"
2010-02-08 06:00:00+07:00,"1065.8,1073.65,1061.45,1062.5"
2010-02-09 06:00:00+07:00,"1062.65,1083,1061.9,1077.75"
2010-02-10 06:00:00+07:00,"1077.8,1082.2,1063.05,1071.75"
2010-02-11 06:00:00+07:00,"1071.8,1097.8,1071.6,1095.15"
2010-02-12 06:00:00+07:00,"1095.1,1095.75,1077.55,1092.05"
2010-02-15 06:00:00+07:00,"1092.75,1102.2,1091.5,1100.5"
2010-02-16 06:00:00+07:00,"1098.95,1121,1097.85,1118.85"
2010-02-17 06:00:00+07:00,"1118.85,1127.3,1105,1106.5"
2010-02-18 06:00:00+07:00,"1106.45,1123.95,1097.65,1108.25"
2010-02-19 06:00:00+07:00,"1108.2,1126.7,1099.1,1117.6"
2010-02-22 06:00:00+07:00,"1125.1,1130.85,1109.85,1114.05"
2010-02-23 06:00:00+07:00,"1114.08,1121.05,1099.2,1103.15"
2010-02-24 06:00:00+07:00,"1103.2,1108.05,1089.85,1097.4"
2010-02-25 06:00:00+07:00,"1097.35,1109.1,1088.1,1106.15"
2010-02-26 06:00:00+07:00,"1106.15,1118.8,1104.1,1116.6"
2010-03-01 06:00:00+07:00,"1117.25,1123.35,1111.75,1118.6"
2010-03-02 06:00:00+07:00,"1118.6,1137.5,1114.8,1134.4"
2010-03-03 06:00:00+07:00,"1134.4,1144.85,1132.05,1139.6"
2010-03-04 06:00:00+07:00,"1139.6,1141.45,1125.55,1131.9"
2010-03-05 06:00:00+07:00,"1131.95,1140.45,1127.2,1131.45"
2010-03-08 06:00:00+07:00,"1136.4,1137.5,1118.35,1123.3"
2010-03-09 06:00:00+07:00,"1123.35,1124.35,1108.35,1121.55"
2010-03-10 06:00:00+07:00,"1121.55,1127.85,1103.1,1108.1"
2010-03-11 06:00:00+07:00,"1108.15,1111.53,1100.4,1109.2"
2010-03-12 06:00:00+07:00,"1109.15,1119.1,1098.2,1102.25"
2010-03-15 05:00:00+07:00,"1100.6,1108.7,1100.6,1108.1"
2010-03-16 05:00:00+07:00,"1108.15,1128.6,1108,1127.42"
2010-03-17 05:00:00+07:00,"1127.42,1133.2,1118.25,1120.1"
2010-03-18 05:00:00+07:00,"1120.15,1129.25,1117.95,1127.05"
2010-03-19 05:00:00+07:00,"1127.1,1127.1,1101.2,1105.65"
2010-03-22 05:00:00+07:00,"1106.75,1108.55,1092.2,1101.85"
2010-03-23 05:00:00+07:00,"1102.55,1107.85,1094.3,1104.85"
2010-03-24 05:00:00+07:00,"1104.85,1105.2,1084.95,1086.4"
2010-03-25 05:00:00+07:00,"1086.4,1095.6,1085.45,1090.15"
2010-03-26 05:00:00+07:00,"1090.15,1109.55,1088.55,1108.6"
2010-03-29 05:00:00+07:00,"1110.1,1114.55,1103.35,1109.45"
2010-03-30 05:00:00+07:00,"1109.45,1113.2,1101.45,1103.35"
2010-03-31 05:00:00+07:00,"1103.4,1117.95,1102.25,1112.85"
2010-04-01 05:00:00+07:00,"1112.95,1127.9,1111.3,1126.5"
2010-04-02 05:00:00+07:00,"1126.5,1126.75,1114.6,1125"
2010-04-05 05:00:00+07:00,"1119.85,1133.25,1119.85,1131.6"
2010-04-06 05:00:00+07:00,"1131.55,1138.5,1122.6,1133.95"
2010-04-07 05:00:00+07:00,"1133.9,1153.1,1132.3,1149.05"
2010-04-08 05:00:00+07:00,"1149.1,1153.6,1143.5,1150.25"
2010-04-09 05:00:00+07:00,"1150.25,1164.65,1149.3,1160.35"
2010-04-12 05:00:00+07:00,"1160.15,1169.4,1154.05,1156.05"
2010-04-13 05:00:00+07:00,"1156.05,1157.05,1144.8,1150.35"
2010-04-14 05:00:00+07:00,"1150.4,1161.9,1150.15,1155.05"
2010-04-15 05:00:00+07:00,"1155,1161.35,1149.8,1158.95"
2010-04-16 05:00:00+07:00,"1158.9,1160.2,1129.85,1136.25"
2010-04-19 05:00:00+07:00,"1135.4,1137.9,1123.75,1135.5"
2010-04-20 05:00:00+07:00,"1135.98,1145.93,1133.43,1140.53"
2010-04-21 05:00:00+07:00,"1140.55,1150.5,1137.63,1146.45"
2010-04-22 05:00:00+07:00,"1146.48,1149.28,1131.58,1141.38"
2010-04-23 05:00:00+07:00,"1140.95,1156.98,1134.84,1155.9"
2010-04-26 05:00:00+07:00,"1157.8,1159.86,1150.65,1153.53"
2010-04-27 05:00:00+07:00,"1153.48,1172.6,1145.98,1167.76"
2010-04-28 05:00:00+07:00,"1167.71,1174.38,1160.45,1165.55"
2010-04-29 05:00:00+07:00,"1165.58,1171.13,1161.9,1166.68"
2010-04-30 05:00:00+07:00,"1166.73,1181.63,1166.48,1178.25"
2010-05-03 05:00:00+07:00,"1176.85,1187.63,1176,1182.13"
2010-05-04 05:00:00+07:00,"1182.22,1192.13,1166.6,1170.98"
2010-05-05 05:00:00+07:00,"1171.03,1176.58,1156.35,1174.95"
2010-05-06 05:00:00+07:00,"1174.93,1211.53,1172.43,1208.18"
2010-05-07 05:00:00+07:00,"1207.98,1213.77,1192.6,1207.78"
2010-05-10 05:00:00+07:00,"1195.85,1205.65,1183.88,1202.65"
2010-05-11 05:00:00+07:00,"1202.8,1234.3,1200.94,1232.48"
2010-05-12 05:00:00+07:00,"1232.43,1248.43,1226.66,1238.65"
2010-05-13 05:00:00+07:00,"1238.67,1242.95,1227.15,1232.53"
2010-05-14 05:00:00+07:00,"1232.55,1249.28,1217.6,1230.03"
2010-05-17 05:00:00+07:00,"1230.65,1242.28,1219.08,1222.28"
2010-05-18 05:00:00+07:00,"1222.33,1229.13,1206.68,1224.85"
2010-05-19 05:00:00+07:00,"1224.86,1227.65,1186.6,1193.51"
2010-05-20 05:00:00+07:00,"1193.55,1197.95,1174.98,1182.15"
2010-05-21 05:00:00+07:00,"1182.26,1187.63,1166.05,1177.06"
2010-05-24 05:00:00+07:00,"1181.5,1196.75,1179.3,1191.45"
2010-05-25 05:00:00+07:00,"1191.48,1204.1,1185.2,1204"
2010-05-26 05:00:00+07:00,"1204.05,1216.5,1200.7,1211.5"
2010-05-27 05:00:00+07:00,"1211.55,1218.28,1205.7,1212.4"
2010-05-28 05:00:00+07:00,"1212.05,1215.3,1202,1214.45"
2010-05-31 05:00:00+07:00,"1213.95,1217.9,1209.7,1216"
2010-06-01 05:00:00+07:00,"1216.05,1228.75,1214.43,1225.43"
2010-06-02 05:00:00+07:00,"1225.44,1226.93,1213.51,1223.25"
2010-06-03 05:00:00+07:00,"1223.4,1224.6,1200.73,1206.45"
2010-06-04 05:00:00+07:00,"1206.47,1219.68,1196.75,1217.45"
2010-06-07 05:00:00+07:00,"1218.65,1244.53,1210.45,1240.03"
2010-06-08 05:00:00+07:00,"1240.08,1251.84,1233.3,1236.35"
2010-06-09 05:00:00+07:00,"1236.38,1240.8,1221.43,1233.25"
2010-06-10 05:00:00+07:00,"1233.2,1233.95,1214.63,1216.3"
2010-06-11 05:00:00+07:00,"1216.33,1230.45,1216.08,1226.6"
2010-06-14 05:00:00+07:00,"1230.4,1233.97,1216.2,1221"
2010-06-15 05:00:00+07:00,"1221.05,1236.65,1219.7,1233.95"
2010-06-16 05:00:00+07:00,"1233.9,1237.78,1226.85,1228.98"
2010-06-17 05:00:00+07:00,"1229,1251.03,1228.9,1244.83"
2010-06-18 05:00:00+07:00,"1244.75,1262.18,1241.58,1255.63"
2010-06-21 05:00:00+07:00,"1259.05,1265.05,1230.6,1233.53"
2010-06-22 05:00:00+07:00,"1233.55,1242.63,1231.55,1239.85"
2010-06-23 05:00:00+07:00,"1239.8,1246.25,1224.6,1237.15"
2010-06-24 05:00:00+07:00,"1237.2,1248.33,1227.63,1243.23"
2010-06-25 05:00:00+07:00,"1243.2,1258.2,1240.95,1254.48"
2010-06-28 05:00:00+07:00,"1253.95,1262.54,1235.55,1238.75"
2010-06-29 05:00:00+07:00,"1238.8,1244.98,1227.15,1240.4"
2010-06-30 05:00:00+07:00,"1240.38,1247.49,1234.55,1242.08"
2010-07-01 05:00:00+07:00,"1242.13,1243.74,1196.38,1198.78"
2010-07-02 05:00:00+07:00,"1198.8,1213.23,1198.25,1211.15"
2010-07-05 05:00:00+07:00,"1211.6,1214.35,1205.81,1208.65"
2010-07-06 05:00:00+07:00,"1208.45,1213.54,1189.15,1192.5"
2010-07-07 05:00:00+07:00,"1192.48,1203.85,1184.79,1202.35"
2010-07-08 05:00:00+07:00,"1202.4,1207.8,1187.3,1197.85"
2010-07-09 05:00:00+07:00,"1197.9,1213.6,1194.33,1209.6"
2010-07-12 05:00:00+07:00,"1211.45,1212.55,1196.2,1196.6"
2010-07-13 05:00:00+07:00,"1196.68,1217.78,1196,1212.14"
2010-07-14 05:00:00+07:00,"1212.16,1217.88,1202.5,1208.08"
2010-07-15 05:00:00+07:00,"1208.13,1217.15,1203.63,1208.05"
2010-07-16 05:00:00+07:00,"1208.03,1210.7,1185.98,1192.65"
2010-07-19 05:00:00+07:00,"1193.6,1194.9,1177.38,1182.7"
2010-07-20 05:00:00+07:00,"1182.68,1193.65,1175.55,1191.88"
2010-07-21 05:00:00+07:00,"1191.85,1197.9,1183.28,1184.7"
2010-07-22 05:00:00+07:00,"1184.65,1201.08,1181.03,1194.73"
2010-07-23 05:00:00+07:00,"1194.78,1203.85,1183.99,1187.18"
2010-07-26 05:00:00+07:00,"1187.6,1194.53,1179.7,1183.38"
2010-07-27 05:00:00+07:00,"1183.33,1186.95,1158,1161.5"
2010-07-28 05:00:00+07:00,"1161.4,1165.93,1156.85,1163.35"
2010-07-29 05:00:00+07:00,"1163.28,1169.4,1159.33,1168.08"
2010-07-30 05:00:00+07:00,"1168.05,1183.5,1165.73,1180.7"
2010-08-02 05:00:00+07:00,"1180.25,1190.3,1174.38,1182.62"
2010-08-03 05:00:00+07:00,"1182.67,1190.54,1179.32,1185.94"
2010-08-04 05:00:00+07:00,"1185.92,1202.84,1185.62,1194.78"
2010-08-05 05:00:00+07:00,"1194.81,1199.69,1189.8,1194.75"
2010-08-06 05:00:00+07:00,"1194.72,1210.82,1192.3,1205.16"
2010-08-09 05:00:00+07:00,"1204.1,1209.72,1198.9,1201.15"
2010-08-10 05:00:00+07:00,"1201.12,1207.37,1190.57,1204.04"
2010-08-11 05:00:00+07:00,"1204.07,1207.87,1192.3,1197.85"
2010-08-12 05:00:00+07:00,"1197.87,1215.23,1197.25,1213.64"
2010-08-13 05:00:00+07:00,"1213.55,1217.45,1210.55,1214.72"
2010-08-16 05:00:00+07:00,"1214.7,1227.3,1213.85,1224.96"
2010-08-17 05:00:00+07:00,"1225.02,1228.94,1222.4,1224.64"
2010-08-18 05:00:00+07:00,"1224.61,1232.37,1217.35,1229.2"
2010-08-19 05:00:00+07:00,"1229.23,1237.3,1227.7,1231.96"
2010-08-20 05:00:00+07:00,"1231.94,1233.12,1221.95,1227.3"
2010-08-23 05:00:00+07:00,"1226.7,1231.86,1221.74,1225.9"
2010-08-24 05:00:00+07:00,"1225.8,1235.4,1210.12,1230.4"
2010-08-25 05:00:00+07:00,"1230.35,1241.3,1228.95,1239.85"
2010-08-26 05:00:00+07:00,"1239.75,1244.05,1233.95,1237.35"
2010-08-27 05:00:00+07:00,"1237.45,1242.15,1231.84,1237.92"
2010-08-30 05:00:00+07:00,"1236.7,1238.25,1233.23,1236.68"
2010-08-31 05:00:00+07:00,"1236.7,1249.75,1231.7,1247.2"
2010-09-01 05:00:00+07:00,"1247.23,1254.58,1242.25,1244.03"
2010-09-02 05:00:00+07:00,"1244.08,1253.1,1243.35,1250.7"
2010-09-03 05:00:00+07:00,"1250.65,1253.65,1237.7,1246.5"
2010-09-06 05:00:00+07:00,"1247.35,1251.05,1246.65,1249.75"
2010-09-07 05:00:00+07:00,"1249.95,1259.55,1244.55,1255.3"
2010-09-08 05:00:00+07:00,"1255.35,1262.25,1253.18,1254.65"
2010-09-09 05:00:00+07:00,"1254.7,1258.65,1242.03,1243.48"
2010-09-10 05:00:00+07:00,"1243.55,1251,1236.43,1245.53"
2010-09-13 05:00:00+07:00,"1247.05,1249.05,1240.85,1245.38"
2010-09-14 05:00:00+07:00,"1245.45,1274.75,1244.68,1267.98"
2010-09-15 05:00:00+07:00,"1268.03,1271.8,1263.1,1267.9"
2010-09-16 05:00:00+07:00,"1267.88,1277.71,1264.68,1275"
2010-09-17 05:00:00+07:00,"1275.03,1282.75,1271.87,1274.6"
2010-09-20 05:00:00+07:00,"1274.63,1283.58,1274.13,1278.18"
2010-09-21 05:00:00+07:00,"1278.23,1290.5,1270.63,1286.9"
2010-09-22 05:00:00+07:00,"1286.85,1296.07,1286.2,1291.14"
2010-09-23 05:00:00+07:00,"1291.17,1295.89,1286.82,1292.22"
2010-09-24 05:00:00+07:00,"1292.17,1299.72,1291.43,1296.11"
2010-09-27 05:00:00+07:00,"1296.58,1299.9,1293.93,1294.18"
2010-09-28 05:00:00+07:00,"1294.13,1309.99,1282.91,1308.89"
2010-09-29 05:00:00+07:00,"1308.97,1313.4,1305.45,1309.64"
2010-09-30 05:00:00+07:00,"1309.67,1315.8,1295.93,1308.15"
2010-10-01 05:00:00+07:00,"1308.12,1320.49,1305.93,1319.15"
2010-10-04 05:00:00+07:00,"1318.48,1320.03,1312.23,1315.03"
2010-10-05 05:00:00+07:00,"1315.08,1341.58,1312.33,1340.48"
2010-10-06 05:00:00+07:00,"1340.58,1349.63,1338.88,1348.75"
2010-10-07 05:00:00+07:00,"1348.76,1364.78,1325.67,1333.37"
2010-10-08 05:00:00+07:00,"1333.34,1349.6,1324.84,1346.83"
2010-10-11 05:00:00+07:00,"1348.23,1355.43,1340.18,1353.81"
2010-10-12 05:00:00+07:00,"1353.8,1355.2,1340.56,1350.16"
2010-10-13 05:00:00+07:00,"1350.19,1374.24,1349.63,1371.9"
2010-10-14 05:00:00+07:00,"1371.85,1387.1,1370.5,1380.91"
2010-10-15 05:00:00+07:00,"1380.94,1385.43,1362.21,1368.37"
2010-10-18 05:00:00+07:00,"1369.13,1374.84,1352.69,1368.24"
2010-10-19 05:00:00+07:00,"1368.26,1370.98,1328.14,1331.8"
2010-10-20 05:00:00+07:00,"1331.75,1347,1330.48,1345.99"
2010-10-21 05:00:00+07:00,"1345.94,1349.06,1317.81,1325.46"
2010-10-22 05:00:00+07:00,"1325.5,1328.45,1315.07,1327.65"
2010-10-25 05:00:00+07:00,"1327.23,1349.05,1327.23,1339.69"
2010-10-26 05:00:00+07:00,"1339.72,1343.5,1327.94,1340.25"
2010-10-27 05:00:00+07:00,"1340.3,1343.48,1318.98,1325.15"
2010-10-28 05:00:00+07:00,"1325.13,1345.8,1322.84,1343.85"
2010-10-29 05:00:00+07:00,"1343.88,1359.28,1335.15,1357.52"
2010-11-01 05:00:00+07:00,"1358.03,1365.98,1348.98,1353.67"
2010-11-02 05:00:00+07:00,"1353.69,1359.8,1350.2,1357.25"
2010-11-03 05:00:00+07:00,"1357.15,1364.45,1325.43,1348.38"
2010-11-04 05:00:00+07:00,"1348.4,1393.3,1346.7,1392.28"
2010-11-05 05:00:00+07:00,"1392.3,1398.13,1373.23,1395.15"
2010-11-08 06:00:00+07:00,"1393.42,1410.38,1386.68,1409.35"
2010-11-09 06:00:00+07:00,"1409.33,1424.43,1382.65,1392.73"
2010-11-10 06:00:00+07:00,"1392.78,1410.08,1383.95,1403.78"
2010-11-11 06:00:00+07:00,"1403.83,1417.7,1397.15,1408.35"
2010-11-12 06:00:00+07:00,"1408.4,1409.75,1359.9,1368.38"
2010-11-15 06:00:00+07:00,"1369.53,1376.75,1355.75,1360.48"
2010-11-16 06:00:00+07:00,"1360.53,1364.65,1329.65,1339.55"
2010-11-17 06:00:00+07:00,"1339.5,1344.83,1330.71,1335.88"
2010-11-18 06:00:00+07:00,"1335.9,1359.15,1333.27,1353.15"
2010-11-19 06:00:00+07:00,"1353.13,1363.28,1341.55,1353.15"
2010-11-22 06:00:00+07:00,"1359.28,1367.75,1348.37,1366.62"
2010-11-23 06:00:00+07:00,"1366.63,1382.38,1356.13,1376.26"
2010-11-24 06:00:00+07:00,"1376.21,1381.38,1369.18,1373.18"
2010-11-25 06:00:00+07:00,"1373.23,1375.18,1368.03,1374.73"
2010-11-26 06:00:00+07:00,"1374.98,1375.03,1350.88,1363.53"
2010-11-29 06:00:00+07:00,"1364.05,1369.23,1353.15,1366.08"
2010-11-30 06:00:00+07:00,"1366.03,1389.78,1362.8,1385.73"
2010-12-01 06:00:00+07:00,"1385.86,1396.78,1381.75,1387.58"
2010-12-02 06:00:00+07:00,"1387.56,1398.38,1383.03,1384.93"
2010-12-03 06:00:00+07:00,"1384.96,1413.8,1384.48,1413.38"
2010-12-06 06:00:00+07:00,"1414.2,1427.4,1408.78,1423.5"
2010-12-07 06:00:00+07:00,"1423.53,1430.9,1396.38,1401.68"
2010-12-08 06:00:00+07:00,"1401.61,1404.26,1371.23,1381.73"
2010-12-09 06:00:00+07:00,"1381.76,1394.53,1380.08,1386.71"
2010-12-10 06:00:00+07:00,"1386.73,1392.05,1372.08,1386.6"
2010-12-13 06:00:00+07:00,"1385.68,1399.2,1380.1,1393.77"
2010-12-14 06:00:00+07:00,"1393.8,1408,1391.8,1395.91"
2010-12-15 06:00:00+07:00,"1395.96,1397.16,1378.36,1380.51"
2010-12-16 06:00:00+07:00,"1380.48,1386.24,1361.03,1369.86"
2010-12-17 06:00:00+07:00,"1369.88,1378.75,1364.65,1374.53"
2010-12-20 06:00:00+07:00,"1374.58,1388.04,1374.55,1385.06"
2010-12-21 06:00:00+07:00,"1385.03,1391.98,1380.78,1385.21"
2010-12-22 06:00:00+07:00,"1385.23,1390.91,1382.91,1385.08"
2010-12-23 06:00:00+07:00,"1385.06,1388.25,1372.05,1379.66"
2010-12-24 06:00:00+07:00,"1379.71,1385.21,1378.38,1384.66"
2010-12-27 06:00:00+07:00,"1384.64,1386.2,1371.96,1383.41"
2010-12-28 06:00:00+07:00,"1383.51,1406.53,1382.36,1405.64"
2010-12-29 06:00:00+07:00,"1405.67,1413.96,1401.05,1411.38"
2010-12-30 06:00:00+07:00,"1411.33,1414.66,1402.98,1404.41"
2010-12-31 06:00:00+07:00,"1404.45,1419.15,1403.87,1418.52"
2011-01-03 06:00:00+07:00,"1420.98,1423.83,1412.39,1414.53"
2011-01-04 06:00:00+07:00,"1414.57,1417.14,1374.7,1380.27"
2011-01-05 06:00:00+07:00,"1380.3,1384.7,1363.85,1377.93"
2011-01-06 06:00:00+07:00,"1377.96,1379.75,1364.7,1371.18"
2011-01-07 06:00:00+07:00,"1371.16,1378.68,1352.59,1368.75"
2011-01-10 06:00:00+07:00,"1369.51,1375.91,1365.32,1375.33"
2011-01-11 06:00:00+07:00,"1375.38,1386.6,1372.58,1381.18"
2011-01-12 06:00:00+07:00,"1381.23,1388.73,1376.59,1387.58"
2011-01-13 06:00:00+07:00,"1387.63,1393.01,1369.45,1372.98"
2011-01-14 06:00:00+07:00,"1373.33,1377.92,1354.95,1359.65"
2011-01-17 06:00:00+07:00,"1359.78,1365.66,1357.18,1361.23"
2011-01-18 06:00:00+07:00,"1361.28,1376.15,1360.38,1367.98"
2011-01-19 06:00:00+07:00,"1367.95,1379.17,1365.51,1369.66"
2011-01-20 06:00:00+07:00,"1369.79,1371.08,1343.25,1345.86"
2011-01-21 06:00:00+07:00,"1345.89,1350.18,1337.68,1342.88"
2011-01-24 06:00:00+07:00,"1342.45,1353,1332.23,1333.79"
2011-01-25 06:00:00+07:00,"1333.82,1338.33,1322.54,1332.07"
2011-01-26 06:00:00+07:00,"1332.09,1346.48,1324.9,1345.57"
2011-01-27 06:00:00+07:00,"1345.62,1347.76,1310.33,1313.58"
2011-01-28 06:00:00+07:00,"1313.63,1347.05,1307.95,1335.2"
2011-01-31 06:00:00+07:00,"1337.7,1345.8,1323.05,1332.45"
2011-02-01 06:00:00+07:00,"1332.4,1342.97,1325.58,1340.88"
2011-02-02 06:00:00+07:00,"1340.98,1343.38,1326.75,1334.85"
2011-02-03 06:00:00+07:00,"1334.9,1355.7,1324.93,1353.93"
2011-02-04 06:00:00+07:00,"1353.98,1358.64,1344.9,1349.05"
2011-02-07 06:00:00+07:00,"1348.55,1353.07,1342.78,1350.95"
2011-02-08 06:00:00+07:00,"1350.9,1367.75,1348.26,1363.55"
2011-02-09 06:00:00+07:00,"1363.6,1367,1357.97,1363.35"
2011-02-10 06:00:00+07:00,"1363.4,1365.86,1350.86,1363.5"
2011-02-11 06:00:00+07:00,"1363.55,1368.38,1353.98,1356.28"
2011-02-14 06:00:00+07:00,"1356.1,1366.57,1353.6,1361.48"
2011-02-15 06:00:00+07:00,"1361.5,1376.39,1360.7,1373.45"
2011-02-16 06:00:00+07:00,"1373.41,1381.81,1368.05,1374.08"
2011-02-17 06:00:00+07:00,"1374.18,1384.87,1374.13,1383.7"
2011-02-18 06:00:00+07:00,"1383.73,1391.79,1381.74,1387.55"
2011-02-21 06:00:00+07:00,"1388.85,1408.29,1388.85,1406.05"
2011-02-22 06:00:00+07:00,"1406.03,1410.95,1392.68,1398.68"
2011-02-23 06:00:00+07:00,"1398.63,1416.59,1395.45,1411.39"
2011-02-24 06:00:00+07:00,"1411.41,1418.09,1395.07,1402.3"
2011-02-25 06:00:00+07:00,"1402.35,1411.6,1399.7,1408"
2011-02-28 06:00:00+07:00,"1408.95,1416.24,1404.69,1411.03"
2011-03-01 06:00:00+07:00,"1411.08,1434.6,1409.25,1432.83"
2011-03-02 06:00:00+07:00,"1432.85,1440.3,1427.54,1434.03"
2011-03-03 06:00:00+07:00,"1434.28,1436.13,1410.08,1415.63"
2011-03-04 06:00:00+07:00,"1415.68,1431.95,1413.18,1428.05"
2011-03-07 06:00:00+07:00,"1432.2,1444.79,1428.02,1431.63"
2011-03-08 06:00:00+07:00,"1431.68,1436.66,1423.12,1428.58"
2011-03-09 06:00:00+07:00,"1428.53,1436.14,1422.83,1430.53"
2011-03-10 06:00:00+07:00,"1430.58,1431.68,1402.98,1411.4"
2011-03-11 06:00:00+07:00,"1411.35,1423.82,1404.68,1416.52"
2011-03-14 05:00:00+07:00,"1418.97,1432.37,1417.55,1426.15"
2011-03-15 05:00:00+07:00,"1426.3,1429,1380.9,1395.35"
2011-03-16 05:00:00+07:00,"1395.4,1406.15,1392.2,1398.6"
2011-03-17 05:00:00+07:00,"1398.7,1404.95,1386.25,1403.7"
2011-03-18 05:00:00+07:00,"1403.7,1423.76,1401.9,1418.45"
2011-03-21 05:00:00+07:00,"1419.5,1434.69,1419.5,1427.25"
2011-03-22 05:00:00+07:00,"1427.03,1432.05,1419.3,1427.35"
2011-03-23 05:00:00+07:00,"1427.38,1440.9,1425.5,1436.9"
2011-03-24 05:00:00+07:00,"1436.93,1447.53,1423.78,1429.85"
2011-03-25 05:00:00+07:00,"1429.88,1437.8,1422.1,1427.75"
2011-03-28 05:00:00+07:00,"1428.05,1428.75,1410.1,1420.03"
2011-03-29 05:00:00+07:00,"1419.95,1423.15,1411.04,1418.08"
2011-03-30 05:00:00+07:00,"1418.13,1429.92,1411.75,1422.55"
2011-03-31 05:00:00+07:00,"1422.7,1439.35,1420.15,1431.7"
2011-04-01 05:00:00+07:00,"1431.73,1436.35,1412.7,1427.3"
2011-04-04 05:00:00+07:00,"1427.8,1438.55,1427.6,1433.5"
2011-04-05 05:00:00+07:00,"1433.6,1456.78,1429.84,1455.4"
2011-04-06 05:00:00+07:00,"1455.45,1462.1,1451.2,1459.25"
2011-04-07 05:00:00+07:00,"1459.2,1465,1452.45,1457.65"
2011-04-08 05:00:00+07:00,"1457.55,1474.9,1456.03,1473.3"
2011-04-11 05:00:00+07:00,"1474.55,1476.24,1459.3,1462.93"
2011-04-12 05:00:00+07:00,"1462.9,1467.29,1444.02,1452.65"
2011-04-13 05:00:00+07:00,"1452.63,1462.25,1451.1,1456.85"
2011-04-14 05:00:00+07:00,"1456.9,1474.58,1452.3,1473.78"
2011-04-15 05:00:00+07:00,"1473.75,1487.93,1471.4,1487.25"
2011-04-18 05:00:00+07:00,"1485.45,1497.55,1477.3,1494.98"
2011-04-19 05:00:00+07:00,"1494.93,1499.38,1487.34,1495.9"
2011-04-20 05:00:00+07:00,"1495.85,1505.74,1492.95,1501.8"
2011-04-21 05:00:00+07:00,"1501.7,1508.83,1500.39,1504.4"
2011-04-22 05:00:00+07:00,"1504.35,1511.9,1503.35,1504.6"
2011-04-25 05:00:00+07:00,"1509.95,1518.12,1501.7,1506.8"
2011-04-26 05:00:00+07:00,"1506.8,1508.05,1492.72,1505.93"
2011-04-27 05:00:00+07:00,"1505.9,1530,1502.83,1526.6"
2011-04-28 05:00:00+07:00,"1526.58,1538.18,1523.85,1536.05"
2011-04-29 05:00:00+07:00,"1536.1,1569.03,1531.73,1562.25"
2011-05-02 05:00:00+07:00,"1570.45,1574.95,1539.95,1545.08"
2011-05-03 05:00:00+07:00,"1545.05,1550.95,1526.95,1535.58"
2011-05-04 05:00:00+07:00,"1535.63,1542.85,1505.53,1515.85"
2011-05-05 05:00:00+07:00,"1515.8,1521.88,1462.24,1473.85"
2011-05-06 05:00:00+07:00,"1475.5,1498.29,1470.9,1488.55"
2011-05-09 05:00:00+07:00,"1494.05,1513.85,1489,1512.98"
2011-05-10 05:00:00+07:00,"1511,1519.6,1505.8,1515.6"
2011-05-11 05:00:00+07:00,"1516.1,1526.55,1495.56,1501.3"
2011-05-12 05:00:00+07:00,"1499.35,1507.87,1478,1505.65"
2011-05-13 05:00:00+07:00,"1506.15,1516.5,1482.75,1492.84"
2011-05-16 05:00:00+07:00,"1492.85,1504.31,1486.85,1489.15"
2011-05-17 05:00:00+07:00,"1490.55,1497.55,1471.68,1486.45"
2011-05-18 05:00:00+07:00,"1486.5,1499.75,1484.75,1496.45"
2011-05-19 05:00:00+07:00,"1495.85,1499.55,1486.15,1492.95"
2011-05-20 05:00:00+07:00,"1493.7,1515.72,1486.6,1512.67"
2011-05-23 05:00:00+07:00,"1511.95,1518.65,1503.75,1516.66"
2011-05-24 05:00:00+07:00,"1517.3,1527.56,1513.1,1526.02"
2011-05-25 05:00:00+07:00,"1525.6,1532.08,1521.04,1524.9"
2011-05-26 05:00:00+07:00,"1524.95,1530.52,1514.45,1518.72"
2011-05-27 05:00:00+07:00,"1518.6,1538.21,1518.6,1536.2"
2011-05-30 05:00:00+07:00,"1536.57,1538.9,1534.05,1538.65"
2011-05-31 05:00:00+07:00,"1537.85,1540.65,1532.03,1535.3"
2011-06-01 05:00:00+07:00,"1535.55,1550.05,1529.3,1539.4"
2011-06-02 05:00:00+07:00,"1540.5,1544.32,1519.3,1533.25"
2011-06-03 05:00:00+07:00,"1533.6,1547.05,1523.78,1540.95"
2011-06-06 05:00:00+07:00,"1541.78,1553.37,1540.59,1544.06"
2011-06-07 05:00:00+07:00,"1543.88,1550.01,1535.97,1543.64"
2011-06-08 05:00:00+07:00,"1542.55,1546,1530.57,1537.21"
2011-06-09 05:00:00+07:00,"1538.35,1549.46,1533.12,1543.49"
2011-06-10 05:00:00+07:00,"1544.21,1544.94,1525.65,1530.56"
2011-06-13 05:00:00+07:00,"1529.75,1532.5,1510.75,1515.15"
2011-06-14 05:00:00+07:00,"1515.5,1525.95,1512.11,1523.53"
2011-06-15 05:00:00+07:00,"1524.4,1534.4,1513.78,1530.55"
2011-06-16 05:00:00+07:00,"1530,1532.85,1521.4,1529.11"
2011-06-17 05:00:00+07:00,"1528.3,1541.8,1522.38,1538.7"
2011-06-20 05:00:00+07:00,"1540.1,1546.68,1532.77,1540.45"
2011-06-21 05:00:00+07:00,"1540.75,1547.8,1538.45,1546"
2011-06-22 05:00:00+07:00,"1547.15,1557.91,1541.05,1548.75"
2011-06-23 05:00:00+07:00,"1547.4,1548.55,1512.6,1521.45"
2011-06-24 05:00:00+07:00,"1521.65,1525.55,1498.23,1499.74"
2011-06-27 05:00:00+07:00,"1499.9,1505.35,1490.7,1497.79"
2011-06-28 05:00:00+07:00,"1497.4,1506.25,1495.38,1501.15"
2011-06-29 05:00:00+07:00,"1501.95,1512.92,1500.15,1512.25"
2011-06-30 05:00:00+07:00,"1512.15,1513.76,1498.74,1500.08"
2011-07-01 05:00:00+07:00,"1501.4,1502.6,1477.99,1487.49"
2011-07-04 05:00:00+07:00,"1487.23,1496.45,1486.17,1495.59"
2011-07-05 05:00:00+07:00,"1494.9,1516.54,1493.11,1516"
2011-07-06 05:00:00+07:00,"1515.7,1533.56,1510.05,1528.47"
2011-07-07 05:00:00+07:00,"1528.5,1534.3,1522.52,1532.06"
2011-07-08 05:00:00+07:00,"1531.75,1545.2,1524.63,1542.06"
2011-07-11 05:00:00+07:00,"1542.48,1556.62,1541.37,1553.22"
2011-07-12 05:00:00+07:00,"1553.35,1573.45,1540.57,1567.53"
2011-07-13 05:00:00+07:00,"1566.95,1587.74,1564.15,1581.81"
2011-07-14 05:00:00+07:00,"1583.57,1594.15,1578.77,1587.1"
2011-07-15 05:00:00+07:00,"1586.85,1593.46,1575.7,1593.15"
2011-07-18 05:00:00+07:00,"1593.4,1607.3,1591.25,1604.35"
2011-07-19 05:00:00+07:00,"1605.35,1609.9,1582.3,1588.15"
2011-07-20 05:00:00+07:00,"1587.65,1601.4,1581,1600.35"
2011-07-21 05:00:00+07:00,"1601.25,1604.5,1584.65,1590.6"
2011-07-22 05:00:00+07:00,"1589.15,1607.05,1583.3,1602.45"
2011-07-25 05:00:00+07:00,"1609,1623.2,1603.48,1613.99"
2011-07-26 05:00:00+07:00,"1614.15,1620.1,1607.8,1618.97"
2011-07-27 05:00:00+07:00,"1619.3,1628.55,1608.75,1613.3"
2011-07-28 05:00:00+07:00,"1613.55,1620.05,1602.9,1615.93"
2011-07-29 05:00:00+07:00,"1616.6,1632.7,1610.5,1624.55"
2011-08-01 05:00:00+07:00,"1610.3,1631.74,1607.05,1619.35"
2011-08-02 05:00:00+07:00,"1619.3,1659.75,1616.25,1659.75"
2011-08-03 05:00:00+07:00,"1659.45,1673.03,1651.83,1661.35"
2011-08-04 05:00:00+07:00,"1660.4,1682,1639.91,1647.2"
2011-08-05 05:00:00+07:00,"1646.25,1670.04,1641.6,1660.75"
2011-08-08 05:00:00+07:00,"1683.98,1720.3,1682.25,1719.05"
2011-08-09 05:00:00+07:00,"1717.1,1779.55,1714.95,1739.96"
2011-08-10 05:00:00+07:00,"1742.8,1797.5,1737.44,1792.89"
2011-08-11 05:00:00+07:00,"1794.5,1814.65,1731.8,1763.6"
2011-08-12 05:00:00+07:00,"1765.05,1768,1723.05,1745.2"
2011-08-15 05:00:00+07:00,"1746.26,1765.65,1727.85,1765.43"
2011-08-16 05:00:00+07:00,"1765.85,1786.78,1761,1785.11"
2011-08-17 05:00:00+07:00,"1785.55,1794.51,1778.9,1790.85"
2011-08-18 05:00:00+07:00,"1789.05,1828.55,1783.61,1823.5"
2011-08-19 05:00:00+07:00,"1823.95,1877.59,1821.45,1848.05"
2011-08-22 05:00:00+07:00,"1864.67,1898.3,1857.5,1897.15"
2011-08-23 05:00:00+07:00,"1898.05,1911.8,1823.35,1828.1"
2011-08-24 05:00:00+07:00,"1829.6,1853.7,1749.6,1758.55"
2011-08-25 05:00:00+07:00,"1750.4,1774.79,1702.85,1774.79"
2011-08-26 05:00:00+07:00,"1771.8,1823.01,1757.45,1822.77"
2011-08-29 05:00:00+07:00,"1835.07,1835.17,1775.94,1788.14"
2011-08-30 05:00:00+07:00,"1789,1840.18,1783.54,1835.33"
2011-08-31 05:00:00+07:00,"1836.2,1839.8,1811.35,1825.7"
2011-09-01 05:00:00+07:00,"1825.7,1831,1813.45,1825.9"
2011-09-02 05:00:00+07:00,"1825,1884.5,1824.25,1882.2"
2011-09-05 05:00:00+07:00,"1880.05,1902.75,1874.21,1899.59"
2011-09-06 05:00:00+07:00,"1901.9,1920.7,1858.81,1874.95"
2011-09-07 05:00:00+07:00,"1870.8,1880.1,1792.59,1816.95"
2011-09-08 05:00:00+07:00,"1817.4,1870.6,1813.35,1869.65"
2011-09-09 05:00:00+07:00,"1869.65,1886,1822.8,1855.8"
2011-09-12 05:00:00+07:00,"1860.75,1861.5,1801.15,1814.8"
2011-09-13 05:00:00+07:00,"1814.75,1843.9,1794.34,1833.25"
2011-09-14 05:00:00+07:00,"1834.1,1844.7,1808.45,1819.45"
2011-09-15 05:00:00+07:00,"1819.5,1826.45,1772.45,1788.3"
2011-09-16 05:00:00+07:00,"1788.15,1821.43,1762.35,1807.15"
2011-09-19 05:00:00+07:00,"1814.95,1827.42,1770.35,1778.5"
2011-09-20 05:00:00+07:00,"1778.55,1811.4,1769.6,1803.15"
2011-09-21 05:00:00+07:00,"1802.95,1816.4,1778.4,1781.8"
2011-09-22 05:00:00+07:00,"1780.05,1786.15,1720.6,1740.25"
2011-09-23 05:00:00+07:00,"1738.45,1755,1628.2,1640.5"
2011-09-26 05:00:00+07:00,"1646.8,1663.3,1532.4,1626.55"
2011-09-27 05:00:00+07:00,"1625.6,1677.2,1614.45,1650.15"
2011-09-28 05:00:00+07:00,"1650.1,1669.25,1598.45,1608.75"
2011-09-29 05:00:00+07:00,"1606.9,1634.95,1582.8,1614.4"
2011-09-30 05:00:00+07:00,"1616.15,1640.4,1606.3,1622.65"
2011-10-03 05:00:00+07:00,"1626.05,1664.75,1621.65,1658.45"
2011-10-04 05:00:00+07:00,"1660.7,1678.7,1595.65,1623.3"
2011-10-05 05:00:00+07:00,"1624.55,1646.75,1597.55,1640.7"
2011-10-06 05:00:00+07:00,"1640.8,1654.85,1631.45,1651"
2011-10-07 05:00:00+07:00,"1650.75,1666.05,1626.2,1637"
2011-10-10 05:00:00+07:00,"1638.2,1677.5,1638.2,1676.23"
2011-10-11 05:00:00+07:00,"1682.46,1684.55,1653.7,1662.05"
2011-10-12 05:00:00+07:00,"1662.55,1692.1,1660.26,1676.25"
2011-10-13 05:00:00+07:00,"1675.65,1684.25,1652.63,1667.75"
2011-10-14 05:00:00+07:00,"1666.25,1683.6,1660.96,1679.75"
2011-10-17 05:00:00+07:00,"1680.85,1694.75,1664.36,1670.45"
2011-10-18 05:00:00+07:00,"1670.4,1676.55,1626.6,1657.65"
2011-10-19 05:00:00+07:00,"1655.7,1664.95,1639.53,1640.3"
2011-10-20 05:00:00+07:00,"1640.85,1644.8,1603.7,1620.51"
2011-10-21 05:00:00+07:00,"1619.25,1648.45,1611.25,1639.9"
2011-10-24 05:00:00+07:00,"1638.33,1661.8,1635.35,1653.33"
2011-10-25 05:00:00+07:00,"1653.2,1708.65,1643.18,1704.85"
2011-10-26 05:00:00+07:00,"1704.8,1726.4,1694.8,1724.45"
2011-10-27 05:00:00+07:00,"1725.15,1749.9,1706,1744.7"
2011-10-28 05:00:00+07:00,"1744.1,1752.4,1732.15,1743.55"
2011-10-31 05:00:00+07:00,"1743.48,1744.85,1704.62,1714.6"
2011-11-01 05:00:00+07:00,"1714.05,1723.9,1681.1,1719.55"
2011-11-02 05:00:00+07:00,"1719.85,1744.1,1714,1738.05"
2011-11-03 05:00:00+07:00,"1736.6,1767.55,1722.5,1763.35"
2011-11-04 05:00:00+07:00,"1763.9,1764,1748.44,1755.56"
2011-11-07 06:00:00+07:00,"1752.79,1797.98,1752.49,1794.35"
2011-11-08 06:00:00+07:00,"1794.22,1802.72,1776.75,1786.51"
2011-11-09 06:00:00+07:00,"1785.4,1799.62,1763.95,1769.5"
2011-11-10 06:00:00+07:00,"1769.6,1775.2,1735.75,1758.05"
2011-11-11 06:00:00+07:00,"1758.25,1788.45,1744.85,1787.85"
2011-11-14 06:00:00+07:00,"1788.05,1795.97,1773.6,1780.15"
2011-11-15 06:00:00+07:00,"1780.2,1785.98,1760.05,1780.4"
2011-11-16 06:00:00+07:00,"1780.7,1783.35,1753.19,1763.05"
2011-11-17 06:00:00+07:00,"1763.5,1766.75,1710.24,1721.4"
2011-11-18 06:00:00+07:00,"1722.15,1737.3,1710.78,1723.35"
2011-11-21 06:00:00+07:00,"1721.95,1726.32,1666.32,1677.04"
2011-11-22 06:00:00+07:00,"1677,1705.35,1667.68,1699.45"
2011-11-23 06:00:00+07:00,"1699,1709.94,1677.06,1691.85"
2011-11-24 06:00:00+07:00,"1691.85,1701.85,1687.7,1694.7"
2011-11-25 06:00:00+07:00,"1694.7,1697.7,1671.75,1680.3"
2011-11-28 06:00:00+07:00,"1684.11,1720.66,1682.65,1712.37"
2011-11-29 06:00:00+07:00,"1711.59,1720.13,1703.62,1715.45"
2011-11-30 06:00:00+07:00,"1715.4,1750.48,1700.88,1746.05"
2011-12-01 06:00:00+07:00,"1746.15,1754.1,1733.55,1744.35"
2011-12-02 06:00:00+07:00,"1744.5,1762.85,1737.9,1745.55"
2011-12-05 06:00:00+07:00,"1749.1,1754.6,1717.53,1722.65"
2011-12-06 06:00:00+07:00,"1723.35,1732.95,1701.87,1728.35"
2011-12-07 06:00:00+07:00,"1728.26,1742.54,1719.84,1741.6"
2011-12-08 06:00:00+07:00,"1742.66,1755.95,1703.79,1708"
2011-12-09 06:00:00+07:00,"1704.6,1723.8,1703.25,1711"
2011-12-12 06:00:00+07:00,"1713.4,1714.7,1657.06,1666.45"
2011-12-13 06:00:00+07:00,"1666.05,1678.04,1622.15,1631.4"
2011-12-14 06:00:00+07:00,"1631.05,1641.75,1563.32,1573.95"
2011-12-15 06:00:00+07:00,"1573.7,1593.95,1560.1,1570.25"
2011-12-16 06:00:00+07:00,"1569.86,1601.02,1569.85,1597.2"
2011-12-19 06:00:00+07:00,"1599.65,1608.5,1583.21,1594.08"
2011-12-20 06:00:00+07:00,"1592.4,1618.55,1591.75,1615.5"
2011-12-21 06:00:00+07:00,"1614.7,1641.54,1605.85,1615.1"
2011-12-22 06:00:00+07:00,"1614.9,1616.68,1597.55,1605.58"
2011-12-23 06:00:00+07:00,"1605.57,1613.65,1602.55,1607.21"
2011-12-27 06:00:00+07:00,"1604.88,1605.17,1589.5,1592.75"
2011-12-28 06:00:00+07:00,"1592.4,1592.79,1549.43,1556.45"
2011-12-29 06:00:00+07:00,"1556.2,1561.15,1522.45,1545"
2011-12-30 06:00:00+07:00,"1544.65,1581.21,1544.65,1564.35"
2012-01-03 06:00:00+07:00,"1569.05,1607.2,1566.65,1603.6"
2012-01-04 06:00:00+07:00,"1603.45,1618.3,1592.59,1611.65"
2012-01-05 06:00:00+07:00,"1611.45,1625.7,1596.64,1621.96"
2012-01-06 06:00:00+07:00,"1621.95,1630.93,1608.4,1616.3"
2012-01-09 06:00:00+07:00,"1615.55,1623.52,1604.86,1611"
2012-01-10 06:00:00+07:00,"1610.45,1640.17,1608.3,1631.95"
2012-01-11 06:00:00+07:00,"1631.2,1647.05,1629.95,1641.5"
2012-01-12 06:00:00+07:00,"1642.25,1661.8,1640,1649.6"
2012-01-13 06:00:00+07:00,"1648.8,1649.55,1625.1,1639.25"
2012-01-16 06:00:00+07:00,"1635.28,1646.89,1631.28,1643.55"
2012-01-17 06:00:00+07:00,"1642.58,1667.55,1641.6,1651.85"
2012-01-18 06:00:00+07:00,"1651.93,1662.24,1642.62,1659.55"
2012-01-19 06:00:00+07:00,"1660.45,1669.05,1649,1657.58"
2012-01-20 06:00:00+07:00,"1656.73,1666.71,1644.9,1666.3"
2012-01-23 06:00:00+07:00,"1664.78,1681.24,1662.35,1676.9"
2012-01-24 06:00:00+07:00,"1676.81,1679.7,1661.35,1665.7"
2012-01-25 06:00:00+07:00,"1666.17,1712.8,1648.84,1709.8"
2012-01-26 06:00:00+07:00,"1710.45,1730.46,1702.71,1720.19"
2012-01-27 06:00:00+07:00,"1720.46,1739.65,1714.25,1738.62"
2012-01-30 06:00:00+07:00,"1736.6,1739.73,1716.15,1729.31"
2012-01-31 06:00:00+07:00,"1731.56,1747.42,1725.87,1738.05"
2012-02-01 06:00:00+07:00,"1738.15,1750.98,1732.5,1743.4"
2012-02-02 06:00:00+07:00,"1743.4,1761.06,1740.91,1759.19"
2012-02-03 06:00:00+07:00,"1758.63,1763.12,1723.65,1725.6"
2012-02-06 06:00:00+07:00,"1728.15,1738.15,1711.75,1719.95"
2012-02-07 06:00:00+07:00,"1719.97,1749.75,1710.2,1745.1"
2012-02-08 06:00:00+07:00,"1744.55,1752,1724.45,1732.82"
2012-02-09 06:00:00+07:00,"1731.8,1752.3,1725.93,1730.5"
2012-02-10 06:00:00+07:00,"1728.75,1734.8,1704.64,1721.65"
2012-02-13 06:00:00+07:00,"1724.7,1733.31,1716.04,1722.3"
2012-02-14 06:00:00+07:00,"1722.05,1727.55,1712.08,1720.47"
2012-02-15 06:00:00+07:00,"1720.15,1737.34,1718.55,1728.2"
2012-02-16 06:00:00+07:00,"1727.95,1729.85,1705.1,1728.18"
2012-02-17 06:00:00+07:00,"1727.95,1735.65,1717.05,1723.1"
2012-02-20 06:00:00+07:00,"1726.8,1737.05,1726.03,1733.82"
2012-02-21 06:00:00+07:00,"1734.93,1759.82,1730.75,1759.06"
2012-02-22 06:00:00+07:00,"1759.15,1781.71,1749.27,1776.17"
2012-02-23 06:00:00+07:00,"1775.95,1787.34,1772.05,1780.15"
2012-02-24 06:00:00+07:00,"1779.95,1782.78,1770.3,1772.35"
2012-02-27 06:00:00+07:00,"1774.69,1779.15,1761.38,1767.35"
2012-02-28 06:00:00+07:00,"1768,1789.8,1765.57,1784"
2012-02-29 06:00:00+07:00,"1784,1790.55,1687.9,1696.6"
2012-03-01 06:00:00+07:00,"1696.1,1725.8,1694.36,1717.95"
2012-03-02 06:00:00+07:00,"1718.05,1724.11,1704.71,1711.58"
2012-03-05 06:00:00+07:00,"1710.8,1716.55,1693.63,1706.25"
2012-03-06 06:00:00+07:00,"1706.2,1708.95,1663.3,1674.22"
2012-03-07 06:00:00+07:00,"1673.75,1687.9,1671.25,1684.7"
2012-03-08 06:00:00+07:00,"1683.75,1703.87,1682.51,1699.78"
2012-03-09 06:00:00+07:00,"1699.45,1714.7,1676.52,1713.69"
2012-03-12 05:00:00+07:00,"1714.45,1716.55,1692.4,1701.13"
2012-03-13 05:00:00+07:00,"1699.7,1705.7,1661.8,1673.75"
2012-03-14 05:00:00+07:00,"1672.85,1682.25,1634.4,1644.5"
2012-03-15 05:00:00+07:00,"1643.55,1666.45,1636.1,1658.38"
2012-03-16 05:00:00+07:00,"1657.2,1664.85,1639.55,1659.65"
2012-03-19 05:00:00+07:00,"1658.6,1669.7,1652.17,1664.3"
2012-03-20 05:00:00+07:00,"1663.9,1664.5,1641.44,1650.55"
2012-03-21 05:00:00+07:00,"1649.7,1661.75,1646.45,1650.2"
2012-03-22 05:00:00+07:00,"1650.26,1656.4,1627.9,1645.79"
2012-03-23 05:00:00+07:00,"1645.25,1666.2,1642.06,1661.63"
2012-03-26 05:00:00+07:00,"1662.48,1693.6,1655.35,1689.95"
2012-03-27 05:00:00+07:00,"1689.05,1696.95,1679.35,1680.45"
2012-03-28 05:00:00+07:00,"1679.75,1684.39,1654.55,1663.45"
2012-03-29 05:00:00+07:00,"1663.3,1664.75,1644.95,1661.4"
2012-03-30 05:00:00+07:00,"1661.25,1670.85,1659.45,1668.01"
2012-04-02 05:00:00+07:00,"1669.53,1683.5,1662.95,1677.6"
2012-04-03 05:00:00+07:00,"1676.3,1680.85,1638.7,1646"
2012-04-04 05:00:00+07:00,"1644.85,1647.95,1612.1,1620.5"
2012-04-05 05:00:00+07:00,"1620.15,1633.47,1619.81,1631.05"
2012-04-06 05:00:00+07:00,"1630.45,1642.08,1629.25,1639.95"
2012-04-09 05:00:00+07:00,"1639.8,1648.63,1635.45,1640.15"
2012-04-10 05:00:00+07:00,"1640.25,1662.8,1631.7,1659.7"
2012-04-11 05:00:00+07:00,"1659,1662.31,1652.5,1658.8"
2012-04-12 05:00:00+07:00,"1658.95,1680.05,1650.35,1675.63"
2012-04-13 05:00:00+07:00,"1675,1677.97,1649.12,1658.1"
2012-04-16 05:00:00+07:00,"1657.2,1657.8,1641.05,1651.75"
2012-04-17 05:00:00+07:00,"1651.11,1657.31,1634.37,1649.5"
2012-04-18 05:00:00+07:00,"1649.65,1654.3,1637.75,1642.05"
2012-04-19 05:00:00+07:00,"1641.57,1653.7,1630.87,1642.6"
2012-04-20 05:00:00+07:00,"1642.2,1647.16,1638.34,1642.71"
2012-04-23 05:00:00+07:00,"1641.64,1643.15,1623.13,1638.43"
2012-04-24 05:00:00+07:00,"1637.35,1649.15,1633.75,1641.7"
2012-04-25 05:00:00+07:00,"1640.58,1646.15,1624.55,1643.48"
2012-04-26 05:00:00+07:00,"1643.91,1660.77,1641.75,1656.92"
2012-04-27 05:00:00+07:00,"1654.3,1667.48,1650.4,1662.45"
2012-04-30 05:00:00+07:00,"1664.29,1666.2,1645.8,1664.63"
2012-05-01 05:00:00+07:00,"1663.65,1671.53,1656.7,1662.2"
2012-05-02 05:00:00+07:00,"1661.95,1663,1645.83,1653.3"
2012-05-03 05:00:00+07:00,"1653.2,1653.5,1630.93,1635.76"
2012-05-04 05:00:00+07:00,"1635.81,1647.21,1626.46,1642.1"
2012-05-07 05:00:00+07:00,"1642.5,1642.5,1631.77,1638.26"
2012-05-08 05:00:00+07:00,"1637.61,1639.01,1595.2,1605.37"
2012-05-09 05:00:00+07:00,"1605.11,1606.31,1579.51,1589.36"
2012-05-10 05:00:00+07:00,"1589.31,1602.02,1585.56,1593.81"
2012-05-11 05:00:00+07:00,"1593.41,1594.96,1573.63,1579.2"
2012-05-14 05:00:00+07:00,"1585.07,1585.71,1556.06,1556.45"
2012-05-15 05:00:00+07:00,"1556.45,1563.69,1540.9,1543.75"
2012-05-16 05:00:00+07:00,"1543.15,1552.13,1526.91,1539.41"
2012-05-17 05:00:00+07:00,"1539.31,1579.76,1538.37,1573.96"
2012-05-18 05:00:00+07:00,"1573.71,1597.5,1567.86,1592.81"
2012-05-21 05:00:00+07:00,"1590.3,1599.11,1584.76,1592.96"
2012-05-22 05:00:00+07:00,"1592.85,1594.36,1561.36,1568.31"
2012-05-23 05:00:00+07:00,"1567.96,1568.41,1533.16,1561.21"
2012-05-24 05:00:00+07:00,"1560.76,1577.82,1551.3,1558.86"
2012-05-25 05:00:00+07:00,"1557.71,1574.11,1551.24,1572.56"
2012-05-28 05:00:00+07:00,"1574.01,1583.81,1571.09,1574.41"
2012-05-29 05:00:00+07:00,"1573.66,1582.65,1547.89,1554.93"
2012-05-30 05:00:00+07:00,"1554.93,1569.51,1531.97,1563.21"
2012-05-31 05:00:00+07:00,"1562.51,1573.23,1551.89,1560.21"
2012-06-01 05:00:00+07:00,"1559.96,1629.81,1544.96,1623.85"
2012-06-04 05:00:00+07:00,"1622.1,1627.96,1608.76,1618.61"
2012-06-05 05:00:00+07:00,"1618.26,1623.41,1611.84,1616.81"
2012-06-06 05:00:00+07:00,"1617.21,1640.91,1612.93,1619.19"
2012-06-07 05:00:00+07:00,"1619.99,1629,1578.17,1589.04"
2012-06-08 05:00:00+07:00,"1588.76,1594.97,1553.93,1592.87"
2012-06-11 05:00:00+07:00,"1601.01,1608.01,1581.51,1596.36"
2012-06-12 05:00:00+07:00,"1595.46,1617.53,1586.24,1609.62"
2012-06-13 05:00:00+07:00,"1609.56,1624.63,1605.91,1616.86"
2012-06-14 05:00:00+07:00,"1617.11,1627.88,1609.48,1623.51"
2012-06-15 05:00:00+07:00,"1622.71,1633.63,1619.54,1627.03"
2012-06-18 05:00:00+07:00,"1628.61,1629.99,1606.36,1627.81"
2012-06-19 05:00:00+07:00,"1627.86,1633.26,1617.27,1618.26"
2012-06-20 05:00:00+07:00,"1617.56,1622.51,1590.09,1607.21"
2012-06-21 05:00:00+07:00,"1606.41,1606.81,1564.12,1565.9"
2012-06-22 05:00:00+07:00,"1564.95,1573.3,1557.91,1572.36"
2012-06-25 05:00:00+07:00,"1567.4,1588.11,1566.24,1584.25"
2012-06-26 05:00:00+07:00,"1583.7,1586.7,1567.46,1572.7"
2012-06-27 05:00:00+07:00,"1571.85,1582.38,1562.4,1573.85"
2012-06-28 05:00:00+07:00,"1573.75,1578.75,1547.85,1552.2"
2012-06-29 05:00:00+07:00,"1552.2,1606.81,1550.6,1597"
2012-07-02 05:00:00+07:00,"1599,1602.37,1587.2,1596.8"
2012-07-03 05:00:00+07:00,"1596.65,1624.72,1594.55,1617.03"
2012-07-04 05:00:00+07:00,"1616.6,1620.09,1611.27,1615.35"
2012-07-05 05:00:00+07:00,"1615.3,1623.5,1597.05,1604.3"
2012-07-06 05:00:00+07:00,"1604.3,1609.52,1576.17,1583.45"
2012-07-09 05:00:00+07:00,"1581.65,1592.5,1575.8,1587.4"
2012-07-10 05:00:00+07:00,"1587.4,1601.07,1564.2,1566.9"
2012-07-11 05:00:00+07:00,"1566.25,1583,1565.44,1576.1"
2012-07-12 05:00:00+07:00,"1576.1,1577.61,1554.8,1571.35"
2012-07-13 05:00:00+07:00,"1571.95,1596.51,1565.7,1589"
2012-07-16 05:00:00+07:00,"1590.25,1594.61,1577.66,1589.2"
2012-07-17 05:00:00+07:00,"1588.55,1598.61,1571.1,1583"
2012-07-18 05:00:00+07:00,"1582.1,1585.75,1567.45,1573.25"
2012-07-19 05:00:00+07:00,"1573.15,1591.57,1572.5,1581.12"
2012-07-20 05:00:00+07:00,"1580.98,1587.01,1573.74,1584.22"
2012-07-23 05:00:00+07:00,"1581.12,1582.91,1563.31,1576.6"
2012-07-24 05:00:00+07:00,"1576.23,1584.42,1568.9,1580.75"
2012-07-25 05:00:00+07:00,"1580.69,1610.46,1578.82,1604.32"
2012-07-26 05:00:00+07:00,"1604.13,1621.7,1601.27,1615.59"
2012-07-27 05:00:00+07:00,"1615.42,1629.53,1611.8,1623.17"
2012-07-30 05:00:00+07:00,"1623.31,1626.07,1614.3,1621.95"
2012-07-31 05:00:00+07:00,"1621.65,1627.96,1610.93,1614.28"
2012-08-01 05:00:00+07:00,"1614.25,1618.54,1591.97,1599.31"
2012-08-02 05:00:00+07:00,"1599.41,1615.07,1584.94,1587.85"
2012-08-03 05:00:00+07:00,"1587.19,1606.66,1585.87,1603.4"
2012-08-06 05:00:00+07:00,"1604.4,1615.36,1602.2,1610.57"
2012-08-07 05:00:00+07:00,"1610.46,1618.4,1608.94,1611.95"
2012-08-08 05:00:00+07:00,"1611.79,1616.74,1603.37,1612.14"
2012-08-09 05:00:00+07:00,"1612.32,1618.33,1609.67,1617.17"
2012-08-10 05:00:00+07:00,"1616.58,1626.49,1605.55,1620.03"
2012-08-13 05:00:00+07:00,"1621.18,1625.63,1607.53,1609.62"
2012-08-14 05:00:00+07:00,"1609.76,1616.36,1590.03,1598.76"
2012-08-15 05:00:00+07:00,"1598.47,1606.42,1589.98,1603.07"
2012-08-16 05:00:00+07:00,"1602.49,1618.57,1600.87,1614.92"
2012-08-17 05:00:00+07:00,"1614.74,1620.17,1611.8,1615.57"
2012-08-20 05:00:00+07:00,"1616.67,1622.46,1609.73,1620.42"
2012-08-21 05:00:00+07:00,"1620.67,1641.32,1618.52,1637.72"
2012-08-22 05:00:00+07:00,"1637.09,1655.94,1634.52,1654.24"
2012-08-23 05:00:00+07:00,"1653.91,1674.89,1652.57,1670.13"
2012-08-24 05:00:00+07:00,"1669.76,1673.87,1662.61,1670.17"
2012-08-27 05:00:00+07:00,"1672.01,1676.87,1663.19,1663.64"
2012-08-28 05:00:00+07:00,"1663.35,1672.33,1657.38,1666.82"
2012-08-29 05:00:00+07:00,"1666.31,1669.92,1652.34,1656.07"
2012-08-30 05:00:00+07:00,"1656,1664.1,1651.19,1655.36"
2012-08-31 05:00:00+07:00,"1655.05,1692.97,1645.87,1691.82"
2012-09-03 05:00:00+07:00,"1690.67,1695.2,1685.46,1692.02"
2012-09-04 05:00:00+07:00,"1691.02,1698.95,1688.1,1695.46"
2012-09-05 05:00:00+07:00,"1695.62,1695.97,1687.42,1692.65"
2012-09-06 05:00:00+07:00,"1692.8,1713.75,1691.57,1699.95"
2012-09-07 05:00:00+07:00,"1700.26,1741.74,1689.16,1735.97"
2012-09-10 05:00:00+07:00,"1735.77,1740.01,1724.9,1725.93"
2012-09-11 05:00:00+07:00,"1726.03,1738.07,1724.92,1731.81"
2012-09-12 05:00:00+07:00,"1731.57,1747.01,1725.27,1730.48"
2012-09-13 05:00:00+07:00,"1729.94,1772.56,1715.84,1766.65"
2012-09-14 05:00:00+07:00,"1766.57,1777.8,1765.61,1770.47"
2012-09-17 05:00:00+07:00,"1771.53,1776.41,1754.34,1760.78"
2012-09-18 05:00:00+07:00,"1760.86,1773.34,1752.07,1771.28"
2012-09-19 05:00:00+07:00,"1771.6,1779.38,1762.09,1769.98"
2012-09-20 05:00:00+07:00,"1770.07,1772.25,1755.88,1768.2"
2012-09-21 05:00:00+07:00,"1768.02,1787.42,1766.72,1773.12"
2012-09-24 05:00:00+07:00,"1772.12,1772.37,1755.57,1764.32"
2012-09-25 05:00:00+07:00,"1764.37,1774.99,1758.87,1760.62"
2012-09-26 05:00:00+07:00,"1760.67,1765.48,1736.57,1752.62"
2012-09-27 05:00:00+07:00,"1752.57,1780.32,1750.97,1777.12"
2012-09-28 05:00:00+07:00,"1777.22,1783.22,1767.38,1771.77"
2012-10-01 05:00:00+07:00,"1770.99,1791.64,1763.35,1774.46"
2012-10-02 05:00:00+07:00,"1774.97,1784.33,1770.63,1774.37"
2012-10-03 05:00:00+07:00,"1774.27,1781.85,1770.91,1777.97"
2012-10-04 05:00:00+07:00,"1778.02,1795.18,1777.29,1790.37"
2012-10-05 05:00:00+07:00,"1790.27,1795.9,1773.04,1780.37"
2012-10-08 05:00:00+07:00,"1779.57,1779.94,1766.72,1774.08"
2012-10-09 05:00:00+07:00,"1774.87,1779.75,1760.56,1763.45"
2012-10-10 05:00:00+07:00,"1764.02,1768.2,1757.04,1761.35"
2012-10-11 05:00:00+07:00,"1762.37,1774.89,1758.55,1766.77"
2012-10-12 05:00:00+07:00,"1767.22,1773.2,1752.23,1753.8"
2012-10-15 05:00:00+07:00,"1753.27,1753.54,1728.62,1736.57"
2012-10-16 05:00:00+07:00,"1737.22,1748.2,1734.85,1747.22"
2012-10-17 05:00:00+07:00,"1747.47,1753.54,1742.84,1749.27"
2012-10-18 05:00:00+07:00,"1750.07,1752.19,1738.07,1740.52"
2012-10-19 05:00:00+07:00,"1741.42,1743.37,1716.25,1721.71"
2012-10-22 05:00:00+07:00,"1721.37,1729.42,1713.4,1728.57"
2012-10-23 05:00:00+07:00,"1728.52,1730.28,1703.91,1707.35"
2012-10-24 05:00:00+07:00,"1707.66,1714.31,1698.59,1702.02"
2012-10-25 05:00:00+07:00,"1701.92,1718,1701.42,1711.97"
2012-10-26 05:00:00+07:00,"1712.02,1718.67,1700.86,1710.82"
2012-10-29 05:00:00+07:00,"1710.87,1717.18,1706.12,1709.17"
2012-10-30 05:00:00+07:00,"1709.22,1715.21,1704.83,1709.72"
2012-10-31 05:00:00+07:00,"1709.67,1725.91,1708.82,1720.52"
2012-11-01 05:00:00+07:00,"1720.62,1726.95,1713.66,1714.27"
2012-11-02 05:00:00+07:00,"1714.22,1716.9,1674.52,1678.15"
2012-11-05 06:00:00+07:00,"1676.62,1686.26,1672.63,1684.77"
2012-11-06 06:00:00+07:00,"1684.82,1720.8,1683.62,1715.92"
2012-11-07 06:00:00+07:00,"1715.87,1731.98,1703.14,1717.47"
2012-11-08 06:00:00+07:00,"1717.41,1735.08,1712.72,1730.72"
2012-11-09 06:00:00+07:00,"1731.12,1738.79,1727.14,1730.82"
2012-11-12 06:00:00+07:00,"1730.97,1738.04,1725.91,1728.12"
2012-11-13 06:00:00+07:00,"1728.05,1732.99,1717.91,1724.16"
2012-11-14 06:00:00+07:00,"1724.62,1733.9,1720.74,1725.72"
2012-11-15 06:00:00+07:00,"1726.54,1727.93,1704.73,1715.5"
2012-11-16 06:00:00+07:00,"1716.07,1717.4,1705.8,1713.57"
2012-11-19 06:00:00+07:00,"1714.57,1735.47,1714.18,1730.87"
2012-11-20 06:00:00+07:00,"1731.5,1735.55,1722.19,1727.07"
2012-11-21 06:00:00+07:00,"1726.97,1731.99,1718.61,1728.87"
2012-11-22 06:00:00+07:00,"1728.47,1732.44,1727.38,1729.62"
2012-11-23 06:00:00+07:00,"1729.47,1754.34,1727.82,1747.12"
2012-11-26 06:00:00+07:00,"1750.67,1752.24,1745.97,1748.77"
2012-11-27 06:00:00+07:00,"1748.57,1751.82,1740.54,1742.22"
2012-11-28 06:00:00+07:00,"1741.77,1743.1,1705.99,1719.57"
2012-11-29 06:00:00+07:00,"1719.62,1728.62,1716.03,1725.57"
2012-11-30 06:00:00+07:00,"1725.62,1731.72,1708.54,1714.63"
2012-12-03 06:00:00+07:00,"1713.96,1722.82,1712.74,1715.82"
2012-12-04 06:00:00+07:00,"1715.76,1717.31,1691.19,1697.47"
2012-12-05 06:00:00+07:00,"1697.3,1706.92,1684.83,1693.82"
2012-12-06 06:00:00+07:00,"1693.69,1703.24,1685.92,1699.77"
2012-12-07 06:00:00+07:00,"1699.64,1705.38,1683.67,1704.05"
2012-12-10 06:00:00+07:00,"1704.02,1717.26,1702.69,1712.77"
2012-12-11 06:00:00+07:00,"1712.82,1714.44,1704.94,1710.06"
2012-12-12 06:00:00+07:00,"1710.16,1723.22,1707.11,1711.38"
2012-12-13 06:00:00+07:00,"1711.33,1711.65,1689.39,1696.93"
2012-12-14 06:00:00+07:00,"1697.13,1700.43,1693.36,1695.48"
2012-12-17 06:00:00+07:00,"1693.85,1699.71,1686.55,1698.07"
2012-12-18 06:00:00+07:00,"1698.17,1703.17,1660.99,1670.92"
2012-12-19 06:00:00+07:00,"1670.92,1676.68,1663.54,1667.12"
2012-12-20 06:00:00+07:00,"1667.17,1671.76,1635.75,1647.72"
2012-12-21 06:00:00+07:00,"1647.77,1659.67,1635.61,1657.03"
2012-12-24 06:00:00+07:00,"1656.88,1665.86,1651.97,1659.97"
2012-12-26 06:00:00+07:00,"1655.06,1667.83,1650.28,1659.62"
2012-12-27 06:00:00+07:00,"1659.37,1665.46,1652.62,1663.92"
2012-12-28 06:00:00+07:00,"1663.92,1666.32,1653.62,1655.37"
2012-12-31 06:00:00+07:00,"1655.59,1668.76,1655.37,1662.61"
2013-01-02 06:00:00+07:00,"1673.33,1694.82,1670.2,1686.64"
2013-01-03 06:00:00+07:00,"1686.62,1690,1660.77,1663.92"
2013-01-04 06:00:00+07:00,"1663.87,1664.16,1625.76,1655.87"
2013-01-07 06:00:00+07:00,"1655.92,1662.56,1642.71,1646.52"
2013-01-08 06:00:00+07:00,"1646.62,1662.45,1645.81,1659.11"
2013-01-09 06:00:00+07:00,"1659.01,1665.9,1651.49,1657.46"
2013-01-10 06:00:00+07:00,"1657.29,1678.76,1653.8,1674.33"
2013-01-11 06:00:00+07:00,"1674.29,1676.76,1653.34,1662.73"
2013-01-14 06:00:00+07:00,"1658.74,1674.72,1658.74,1667.55"
2013-01-15 06:00:00+07:00,"1667.41,1685.1,1666.5,1679.13"
2013-01-16 06:00:00+07:00,"1678.96,1684.77,1673.59,1679.08"
2013-01-17 06:00:00+07:00,"1680.34,1696.98,1666.69,1686.79"
2013-01-18 06:00:00+07:00,"1687.32,1694.89,1683.54,1683.54"
2013-01-21 06:00:00+07:00,"1685.65,1691.32,1684.9,1690.17"
2013-01-22 06:00:00+07:00,"1689.26,1696.03,1686.81,1691.8"
2013-01-23 06:00:00+07:00,"1691.02,1694.97,1683.7,1684.99"
2013-01-24 06:00:00+07:00,"1684.27,1686.12,1665.05,1667.22"
2013-01-25 06:00:00+07:00,"1667.67,1672.31,1656,1658.93"
2013-01-28 06:00:00+07:00,"1658.62,1662.34,1651.93,1655.23"
2013-01-29 06:00:00+07:00,"1654.36,1666,1654.36,1662.97"
2013-01-30 06:00:00+07:00,"1662.87,1683.77,1662.72,1676.89"
2013-01-31 06:00:00+07:00,"1675.32,1680.81,1657.85,1662.82"
2013-02-01 06:00:00+07:00,"1664,1682.04,1660.1,1667.19"
2013-02-04 06:00:00+07:00,"1668.54,1677.53,1661.4,1673.47"
2013-02-05 06:00:00+07:00,"1674.29,1685.38,1666.62,1671.99"
2013-02-06 06:00:00+07:00,"1672.71,1679.59,1668.27,1676.77"
2013-02-07 06:00:00+07:00,"1677.32,1683.07,1663.17,1670.49"
2013-02-08 06:00:00+07:00,"1671.41,1673.54,1665.16,1666.82"
2013-02-11 06:00:00+07:00,"1667.27,1669.53,1643.78,1647.15"
2013-02-12 06:00:00+07:00,"1647.8,1653.22,1639.13,1650.29"
2013-02-13 06:00:00+07:00,"1651.02,1653.46,1640.52,1641.58"
2013-02-14 06:00:00+07:00,"1642.3,1649.96,1632.82,1633.87"
2013-02-15 06:00:00+07:00,"1634.55,1636.11,1597.94,1609.5"
2013-02-18 06:00:00+07:00,"1609.5,1618.85,1607.07,1609.1"
2013-02-19 06:00:00+07:00,"1609.05,1615.18,1600.73,1604.22"
2013-02-20 06:00:00+07:00,"1604.95,1609.47,1558.57,1563.54"
2013-02-21 06:00:00+07:00,"1564.3,1584.84,1555.06,1575.42"
2013-02-22 06:00:00+07:00,"1575.8,1587.18,1569.97,1580.49"
2013-02-25 06:00:00+07:00,"1580.8,1596.92,1575.15,1592.67"
2013-02-26 06:00:00+07:00,"1593.1,1619.99,1584.44,1613.02"
2013-02-27 06:00:00+07:00,"1613.63,1614.72,1592.48,1596.32"
2013-02-28 06:00:00+07:00,"1597.15,1602.97,1575.02,1578.81"
2013-03-01 06:00:00+07:00,"1579.4,1587.19,1564.9,1576.15"
2013-03-04 06:00:00+07:00,"1578.2,1584.82,1569.41,1572.92"
2013-03-05 06:00:00+07:00,"1573.8,1586.42,1572.04,1574.59"
2013-03-06 06:00:00+07:00,"1574.65,1584.82,1567.34,1582.98"
2013-03-07 06:00:00+07:00,"1583.45,1585.45,1574.96,1578.02"
2013-03-08 06:00:00+07:00,"1578.6,1583.76,1561.51,1578.47"
2013-03-11 05:00:00+07:00,"1579.3,1583.31,1575.46,1581.46"
2013-03-12 05:00:00+07:00,"1581.2,1598.28,1580,1591.91"
2013-03-13 05:00:00+07:00,"1592.65,1599.37,1585.67,1586.67"
2013-03-14 05:00:00+07:00,"1587.85,1593.45,1577.02,1589.27"
2013-03-15 05:00:00+07:00,"1589.88,1598.93,1588.46,1592.02"
2013-03-18 05:00:00+07:00,"1597.84,1611.14,1591.02,1604.64"
2013-03-19 05:00:00+07:00,"1605.35,1615.59,1600.02,1611.91"
2013-03-20 05:00:00+07:00,"1612.7,1614.71,1600.88,1605.89"
2013-03-21 05:00:00+07:00,"1606.9,1616.57,1604.42,1613.92"
2013-03-22 05:00:00+07:00,"1614.4,1616,1603.61,1608.43"
2013-03-25 05:00:00+07:00,"1609.42,1613.57,1589.72,1604.81"
2013-03-26 05:00:00+07:00,"1604.75,1605.97,1594.57,1598.99"
2013-03-27 05:00:00+07:00,"1599.78,1608.33,1591.32,1604.43"
2013-03-28 05:00:00+07:00,"1604.98,1607.64,1593.97,1595.8"
2013-03-29 05:00:00+07:00,"1594.77,1597.17,1594.77,1594.87"
2013-04-01 05:00:00+07:00,"1597.45,1600.96,1594.77,1599.31"
2013-04-02 05:00:00+07:00,"1599.13,1603.85,1573.81,1575"
2013-04-03 05:00:00+07:00,"1575.7,1577.2,1549.79,1557.09"
2013-04-04 05:00:00+07:00,"1557.8,1559.49,1540.12,1553.83"
2013-04-05 05:00:00+07:00,"1554.63,1581.17,1549.32,1580.72"
2013-04-08 05:00:00+07:00,"1581,1582.95,1567.28,1572.86"
2013-04-09 05:00:00+07:00,"1573.05,1590.3,1570.47,1584.44"
2013-04-10 05:00:00+07:00,"1585.35,1588.52,1555.73,1557.58"
2013-04-11 05:00:00+07:00,"1558.23,1568.23,1553.36,1560.61"
2013-04-12 05:00:00+07:00,"1560.9,1564.63,1481.13,1482.26"
2013-04-15 05:00:00+07:00,"1481.15,1495.49,1335.2,1346.87"
2013-04-16 05:00:00+07:00,"1347.78,1403.37,1321.55,1366.75"
2013-04-17 05:00:00+07:00,"1367.3,1395.02,1364.93,1375.32"
2013-04-18 05:00:00+07:00,"1376.7,1401.98,1336.42,1389.42"
2013-04-19 05:00:00+07:00,"1390.18,1425.17,1385.77,1403.47"
2013-04-22 05:00:00+07:00,"1408.17,1439.02,1403.81,1425.66"
2013-04-23 05:00:00+07:00,"1426.21,1432.74,1404.94,1412.13"
2013-04-24 05:00:00+07:00,"1412.78,1433.88,1412.21,1431.12"
2013-04-25 05:00:00+07:00,"1431.45,1469.19,1427.01,1467.15"
2013-04-26 05:00:00+07:00,"1467.71,1485.27,1448.17,1460.96"
2013-04-29 05:00:00+07:00,"1466.27,1478.84,1462.17,1475.62"
2013-04-30 05:00:00+07:00,"1475.52,1480.12,1461.12,1475.63"
2013-05-01 05:00:00+07:00,"1476.4,1478,1440.42,1456.75"
2013-05-02 05:00:00+07:00,"1456.98,1473.63,1448.77,1466.23"
2013-05-03 05:00:00+07:00,"1466.77,1487.96,1456.06,1470.43"
2013-05-06 05:00:00+07:00,"1469.81,1478.82,1464.5,1469.13"
2013-05-07 05:00:00+07:00,"1468.64,1470.63,1441.33,1451.63"
2013-05-08 05:00:00+07:00,"1452.14,1476.68,1447.61,1473.25"
2013-05-09 05:00:00+07:00,"1473.83,1475.95,1453.42,1457.17"
2013-05-10 05:00:00+07:00,"1457.87,1462.12,1419.71,1447.31"
2013-05-13 05:00:00+07:00,"1449.03,1449.03,1425.88,1429.85"
2013-05-14 05:00:00+07:00,"1429.75,1445.37,1421.42,1424.52"
2013-05-15 05:00:00+07:00,"1425.07,1430.78,1388.65,1392.54"
2013-05-16 05:00:00+07:00,"1392.68,1398.32,1369.61,1385.05"
2013-05-17 05:00:00+07:00,"1385.57,1392.98,1355.25,1358.82"
2013-05-20 05:00:00+07:00,"1363.72,1399.44,1337.99,1392.37"
2013-05-21 05:00:00+07:00,"1393.04,1401.58,1359.66,1374.8"
2013-05-22 05:00:00+07:00,"1375.81,1414.2,1354.37,1369.25"
2013-05-23 05:00:00+07:00,"1370.12,1398.11,1356.76,1390.06"
2013-05-24 05:00:00+07:00,"1391.07,1398.17,1382.29,1385.72"
2013-05-27 05:00:00+07:00,"1385.99,1396.6,1384.3,1394.47"
2013-05-28 05:00:00+07:00,"1393.76,1401.96,1373.69,1380.18"
2013-05-29 05:00:00+07:00,"1381.04,1395.23,1380.1,1392.05"
2013-05-30 05:00:00+07:00,"1392.68,1417.97,1388.78,1413.18"
2013-05-31 05:00:00+07:00,"1413.39,1421.87,1384.76,1387.56"
2013-06-03 05:00:00+07:00,"1388.35,1416.92,1388.34,1410.38"
2013-06-04 05:00:00+07:00,"1410.85,1414.91,1389.08,1399.07"
2013-06-05 05:00:00+07:00,"1398.94,1410.4,1395.74,1402.37"
2013-06-06 05:00:00+07:00,"1402.9,1423.73,1391.82,1413.68"
2013-06-07 05:00:00+07:00,"1413.6,1417.9,1377.72,1382.28"
2013-06-10 05:00:00+07:00,"1383.01,1389.01,1375.92,1385.58"
2013-06-11 05:00:00+07:00,"1385.79,1387.51,1365.95,1377.74"
2013-06-12 05:00:00+07:00,"1377.83,1394.55,1373.87,1388.06"
2013-06-13 05:00:00+07:00,"1388.24,1394.86,1374.43,1384.5"
2013-06-14 05:00:00+07:00,"1385.23,1392.29,1378.42,1390.24"
2013-06-17 05:00:00+07:00,"1390.68,1391.91,1380.42,1384.45"
2013-06-18 05:00:00+07:00,"1385.03,1386.03,1361.11,1366.71"
2013-06-19 05:00:00+07:00,"1366.55,1376.51,1349.09,1350.38"
2013-06-20 05:00:00+07:00,"1350.95,1351.98,1276.26,1283.98"
2013-06-21 05:00:00+07:00,"1284.54,1302.4,1269.48,1295.47"
2013-06-24 05:00:00+07:00,"1297.17,1301.49,1276.1,1281.27"
2013-06-25 05:00:00+07:00,"1282.05,1289.37,1271.73,1276.75"
2013-06-26 05:00:00+07:00,"1277.35,1277.96,1221.8,1226.26"
2013-06-27 05:00:00+07:00,"1226.35,1244.67,1196.72,1199.23"
2013-06-28 05:00:00+07:00,"1200.15,1235.23,1180.18,1234.95"
2013-07-01 05:00:00+07:00,"1233.64,1261.67,1225.21,1251.66"
2013-07-02 05:00:00+07:00,"1252.05,1267.39,1239.58,1243.1"
2013-07-03 05:00:00+07:00,"1243.1,1259.95,1236.82,1251.09"
2013-07-04 05:00:00+07:00,"1252.65,1257.77,1244.72,1249.58"
2013-07-05 05:00:00+07:00,"1249.18,1250.57,1208.13,1222.85"
2013-07-08 05:00:00+07:00,"1222.54,1238.55,1215.65,1236.52"
2013-07-09 05:00:00+07:00,"1236.64,1260.42,1233.5,1250.45"
2013-07-10 05:00:00+07:00,"1251,1265.89,1243.97,1258.62"
2013-07-11 05:00:00+07:00,"1259.1,1298.73,1259.08,1285.01"
2013-07-12 05:00:00+07:00,"1285.55,1288.47,1267.8,1285.28"
2013-07-15 05:00:00+07:00,"1284.89,1294.65,1273.96,1283.7"
2013-07-16 05:00:00+07:00,"1284.35,1295.55,1277.06,1291.41"
2013-07-17 05:00:00+07:00,"1291.9,1300.49,1270.21,1275.05"
2013-07-18 05:00:00+07:00,"1274.29,1288.61,1274.08,1283.53"
2013-07-19 05:00:00+07:00,"1282.9,1297.87,1282.32,1295.77"
2013-07-22 05:00:00+07:00,"1297.12,1339.3,1296.02,1334.97"
2013-07-23 05:00:00+07:00,"1334.4,1346.67,1326.65,1344.32"
2013-07-24 05:00:00+07:00,"1347.52,1347.52,1313.12,1320.92"
2013-07-25 05:00:00+07:00,"1321.92,1337.72,1308.87,1332.7"
2013-07-26 05:00:00+07:00,"1333.3,1340.62,1312.3,1333.07"
2013-07-29 05:00:00+07:00,"1333.16,1338.25,1322.83,1327.42"
2013-07-30 05:00:00+07:00,"1326.65,1330.1,1317.53,1325.41"
2013-07-31 05:00:00+07:00,"1326.66,1339.15,1305.86,1324.53"
2013-08-01 05:00:00+07:00,"1323.47,1331.01,1307.77,1309.05"
2013-08-02 05:00:00+07:00,"1308.24,1318.42,1283.12,1312.4"
2013-08-05 05:00:00+07:00,"1312.59,1320.66,1297.43,1302.09"
2013-08-06 05:00:00+07:00,"1303.2,1307.05,1279.21,1282.09"
2013-08-07 05:00:00+07:00,"1282.41,1289.32,1272.82,1286.63"
2013-08-08 05:00:00+07:00,"1286.63,1314.19,1282.97,1312.85"
2013-08-09 05:00:00+07:00,"1312.08,1317.14,1305.02,1314.21"
2013-08-12 05:00:00+07:00,"1314.69,1343.97,1314.69,1337.69"
2013-08-13 05:00:00+07:00,"1336.11,1341.32,1318.67,1320.78"
2013-08-14 05:00:00+07:00,"1320.65,1336.2,1315.8,1335.7"
2013-08-15 05:00:00+07:00,"1335.67,1370.02,1318.79,1365.27"
2013-08-16 05:00:00+07:00,"1365.87,1379.52,1357.67,1376.53"
2013-08-19 05:00:00+07:00,"1378.67,1384.39,1362.47,1365.12"
2013-08-20 05:00:00+07:00,"1364.45,1377.51,1352.25,1370.38"
2013-08-21 05:00:00+07:00,"1371.04,1379.02,1359.85,1365.8"
2013-08-22 05:00:00+07:00,"1365.9,1381.7,1355.13,1375.81"
2013-08-23 05:00:00+07:00,"1375.65,1399.95,1368.57,1397.62"
2013-08-26 05:00:00+07:00,"1398.8,1406.73,1389.45,1403.79"
2013-08-27 05:00:00+07:00,"1404.71,1423.68,1395.68,1414.24"
2013-08-28 05:00:00+07:00,"1415.8,1433.7,1413.35,1416.69"
2013-08-29 05:00:00+07:00,"1417.91,1418.19,1402.41,1407.49"
2013-08-30 05:00:00+07:00,"1406.92,1411.27,1392.08,1394.83"
2013-09-02 05:00:00+07:00,"1393.47,1398.21,1373.74,1390.39"
2013-09-03 05:00:00+07:00,"1391.84,1416.3,1384.37,1411.47"
2013-09-04 05:00:00+07:00,"1411.15,1414.98,1384.67,1390.75"
2013-09-05 05:00:00+07:00,"1391.34,1399.78,1364.83,1366.93"
2013-09-06 05:00:00+07:00,"1366.3,1393.34,1358.43,1391.11"
2013-09-09 05:00:00+07:00,"1391.23,1394.31,1381.97,1386.08"
2013-09-10 05:00:00+07:00,"1386.66,1391.13,1357.76,1363.13"
2013-09-11 05:00:00+07:00,"1363.73,1368.56,1356.64,1365.17"
2013-09-12 05:00:00+07:00,"1365.61,1366.09,1320.42,1320.42"
2013-09-13 05:00:00+07:00,"1320.72,1330.87,1304.86,1326.18"
2013-09-16 05:00:00+07:00,"1335.19,1335.19,1303,1312.07"
2013-09-17 05:00:00+07:00,"1311.39,1323.92,1306.16,1309.76"
2013-09-18 05:00:00+07:00,"1309.92,1367.37,1291.76,1361.95"
2013-09-19 05:00:00+07:00,"1364.77,1375.24,1358.6,1366.06"
2013-09-20 05:00:00+07:00,"1365.64,1368.32,1324.78,1325.65"
2013-09-23 05:00:00+07:00,"1326.38,1331.72,1313.42,1321.81"
2013-09-24 05:00:00+07:00,"1321.58,1329.19,1305.68,1323.16"
2013-09-25 05:00:00+07:00,"1323.12,1338.07,1316.46,1333.59"
2013-09-26 05:00:00+07:00,"1332.77,1339.24,1318.78,1323.16"
2013-09-27 05:00:00+07:00,"1323.38,1344,1319.83,1336.4"
2013-09-30 05:00:00+07:00,"1342.18,1352.36,1322.58,1328.07"
2013-10-01 05:00:00+07:00,"1327.58,1337.44,1282.39,1287.76"
2013-10-02 05:00:00+07:00,"1286.49,1323.86,1277.8,1315.28"
2013-10-03 05:00:00+07:00,"1315.96,1322.37,1301.89,1316.1"
2013-10-04 05:00:00+07:00,"1316.22,1325.29,1305.64,1310.49"
2013-10-07 05:00:00+07:00,"1311.7,1328.82,1308.45,1322.76"
2013-10-08 05:00:00+07:00,"1322.14,1330.04,1315.53,1318.05"
2013-10-09 05:00:00+07:00,"1319.3,1321.95,1294.58,1304.64"
2013-10-10 05:00:00+07:00,"1306.88,1311.75,1281.91,1287.32"
2013-10-11 05:00:00+07:00,"1284.49,1294.54,1261.71,1272.09"
2013-10-14 05:00:00+07:00,"1276.72,1289.93,1268.48,1271.4"
2013-10-15 05:00:00+07:00,"1273.55,1287.98,1251.49,1282.11"
2013-10-16 05:00:00+07:00,"1281.32,1288.26,1269.19,1282.03"
2013-10-17 05:00:00+07:00,"1281.61,1324.32,1274.49,1319.94"
2013-10-18 05:00:00+07:00,"1318.77,1327.09,1311.62,1315.91"
2013-10-21 05:00:00+07:00,"1316.23,1324.14,1312.75,1315.08"
2013-10-22 05:00:00+07:00,"1314.94,1344.64,1310.08,1339.34"
2013-10-23 05:00:00+07:00,"1339.92,1342.19,1329.11,1332.56"
2013-10-24 05:00:00+07:00,"1331.89,1351.88,1330.39,1345.97"
2013-10-25 05:00:00+07:00,"1346.58,1355.75,1336.45,1350.36"
2013-10-28 05:00:00+07:00,"1353.77,1361.73,1346.29,1351.65"
2013-10-29 05:00:00+07:00,"1352.69,1360.49,1340.12,1344.77"
2013-10-30 05:00:00+07:00,"1344.3,1359.55,1334.54,1343.83"
2013-10-31 05:00:00+07:00,"1341.69,1342.94,1319,1322.8"
2013-11-01 05:00:00+07:00,"1322.17,1327.44,1306,1315.69"
2013-11-04 06:00:00+07:00,"1313.78,1322.43,1311.04,1314"
2013-11-05 06:00:00+07:00,"1313.97,1319.58,1305.84,1311.07"
2013-11-06 06:00:00+07:00,"1310.97,1322.04,1309.12,1317.21"
2013-11-07 06:00:00+07:00,"1317.45,1326.13,1296.85,1307.31"
2013-11-08 06:00:00+07:00,"1307.63,1313.63,1280.94,1288.55"
2013-11-11 06:00:00+07:00,"1287.84,1288.35,1279.13,1282.04"
2013-11-12 06:00:00+07:00,"1281.92,1285.23,1261.33,1267"
2013-11-13 06:00:00+07:00,"1265.89,1284.22,1265.82,1281.43"
2013-11-14 06:00:00+07:00,"1281.25,1294.16,1278.11,1286.51"
2013-11-15 06:00:00+07:00,"1287.05,1291.12,1280.32,1289.95"
2013-11-18 06:00:00+07:00,"1288.59,1289.5,1269.92,1274.52"
2013-11-19 06:00:00+07:00,"1275.59,1278.82,1269.09,1274.87"
2013-11-20 06:00:00+07:00,"1274.07,1276.44,1241.03,1243.94"
2013-11-21 06:00:00+07:00,"1242.04,1250.44,1236.71,1242.14"
2013-11-22 06:00:00+07:00,"1242.82,1248.96,1241.12,1243.2"
2013-11-25 06:00:00+07:00,"1242.34,1253.86,1226.49,1250.76"
2013-11-26 06:00:00+07:00,"1250.43,1258.06,1239.69,1242.12"
2013-11-27 06:00:00+07:00,"1241.24,1254.75,1236.19,1237.07"
2013-11-28 06:00:00+07:00,"1237.81,1245.67,1234.58,1243.67"
2013-11-29 06:00:00+07:00,"1244.13,1254.74,1240.76,1252.09"
2013-12-02 06:00:00+07:00,"1250.87,1250.87,1217.75,1218.84"
2013-12-03 06:00:00+07:00,"1220.23,1226.18,1215.18,1222.98"
2013-12-04 06:00:00+07:00,"1223.02,1251.4,1211.78,1242.87"
2013-12-05 06:00:00+07:00,"1243.16,1243.29,1216.97,1224.84"
2013-12-06 06:00:00+07:00,"1225.64,1244.89,1211.34,1228.59"
2013-12-09 06:00:00+07:00,"1230.57,1243.07,1225.24,1240.16"
2013-12-10 06:00:00+07:00,"1239.73,1267.84,1237.89,1261.77"
2013-12-11 06:00:00+07:00,"1261.26,1263.44,1251.07,1251.95"
2013-12-12 06:00:00+07:00,"1252.47,1257.02,1223.84,1225.2"
2013-12-13 06:00:00+07:00,"1224.82,1238.65,1220.52,1238.38"
2013-12-16 06:00:00+07:00,"1238.03,1251.95,1227.79,1240.98"
2013-12-17 06:00:00+07:00,"1240.49,1248.09,1227.39,1230.16"
2013-12-18 06:00:00+07:00,"1230.42,1244.6,1216.24,1217.47"
2013-12-19 06:00:00+07:00,"1217.56,1226.54,1187.2,1188.29"
2013-12-20 06:00:00+07:00,"1189.47,1207.52,1188.86,1203.02"
2013-12-23 06:00:00+07:00,"1202.85,1206.16,1192.64,1198.14"
2013-12-24 06:00:00+07:00,"1197.96,1205.54,1196.14,1204.39"
2013-12-26 06:00:00+07:00,"1203.29,1215.82,1201.09,1210.2"
2013-12-27 06:00:00+07:00,"1211.44,1219.15,1209.01,1212.97"
2013-12-30 06:00:00+07:00,"1214.03,1216.19,1194.9,1196.27"
2013-12-31 06:00:00+07:00,"1197.25,1214.56,1182.35,1205.74"
2014-01-02 06:00:00+07:00,"1204.01,1230.82,1203.64,1224.19"
2014-01-03 06:00:00+07:00,"1221.57,1240.16,1221.32,1236.11"
2014-01-06 06:00:00+07:00,"1237.01,1248.4,1224.24,1237.66"
2014-01-07 06:00:00+07:00,"1237.79,1245.34,1224.93,1231.86"
2014-01-08 06:00:00+07:00,"1230.82,1232.44,1218.42,1225.74"
2014-01-09 06:00:00+07:00,"1225.32,1231.44,1223.47,1227.71"
2014-01-10 06:00:00+07:00,"1227.45,1248.91,1227.19,1247.98"
2014-01-13 06:00:00+07:00,"1247.37,1255.1,1243.63,1252.97"
2014-01-14 06:00:00+07:00,"1252.87,1255.25,1241.65,1244.96"
2014-01-15 06:00:00+07:00,"1244.88,1245.04,1234.19,1241.59"
2014-01-16 06:00:00+07:00,"1241.99,1245.21,1236.34,1242.09"
2014-01-17 06:00:00+07:00,"1242.09,1254.87,1237.73,1253.8"
2014-01-20 06:00:00+07:00,"1253.06,1261.09,1251.6,1251.6"
2014-01-21 06:00:00+07:00,"1255.24,1255.89,1235.69,1241.14"
2014-01-22 06:00:00+07:00,"1240.72,1243.69,1235.86,1236.84"
2014-01-23 06:00:00+07:00,"1235.71,1265.38,1231.54,1264.04"
2014-01-24 06:00:00+07:00,"1263.39,1272.56,1256.84,1269.26"
2014-01-27 06:00:00+07:00,"1269.24,1279.03,1251.97,1256.77"
2014-01-28 06:00:00+07:00,"1254.37,1261.61,1248.48,1256.53"
2014-01-29 06:00:00+07:00,"1255.69,1269.99,1248.86,1266.64"
2014-01-30 06:00:00+07:00,"1266.21,1267.65,1238.04,1243.49"
2014-01-31 06:00:00+07:00,"1243.93,1254.94,1238.42,1243.92"
2014-02-03 06:00:00+07:00,"1242.68,1266.22,1240.84,1257.27"
2014-02-04 06:00:00+07:00,"1257.45,1260.94,1247.22,1254.39"
2014-02-05 06:00:00+07:00,"1254.25,1274.31,1252.34,1257.72"
2014-02-06 06:00:00+07:00,"1257.32,1266.93,1252.82,1257.94"
2014-02-07 06:00:00+07:00,"1256.81,1271.62,1256.17,1267.35"
2014-02-10 06:00:00+07:00,"1265.36,1277.84,1265.04,1274.47"
2014-02-11 06:00:00+07:00,"1274.05,1293.71,1273.74,1291.22"
2014-02-12 06:00:00+07:00,"1289.76,1296.24,1283.99,1290.94"
2014-02-13 06:00:00+07:00,"1290.48,1302.82,1286.24,1302.72"
2014-02-14 06:00:00+07:00,"1301.36,1321.16,1299.89,1318.16"
2014-02-17 06:00:00+07:00,"1323.86,1329.74,1320.92,1328.79"
2014-02-18 06:00:00+07:00,"1327.24,1332.02,1312.64,1321.84"
2014-02-19 06:00:00+07:00,"1321.57,1322.83,1308.79,1311.09"
2014-02-20 06:00:00+07:00,"1310.96,1324.94,1307.34,1322.65"
2014-02-21 06:00:00+07:00,"1322.81,1328.44,1315.98,1324.16"
2014-02-24 06:00:00+07:00,"1325.26,1339.01,1318.76,1336.74"
2014-02-25 06:00:00+07:00,"1335.74,1343.54,1331.19,1340.36"
2014-02-26 06:00:00+07:00,"1340.56,1345.34,1322.39,1330.54"
2014-02-27 06:00:00+07:00,"1329.22,1336.08,1323.92,1330.99"
2014-02-28 06:00:00+07:00,"1331.05,1333.29,1319.74,1326.27"
2014-03-03 06:00:00+07:00,"1332.27,1354.66,1330.44,1350.32"
2014-03-04 06:00:00+07:00,"1349.18,1352.49,1331.22,1334.29"
2014-03-05 06:00:00+07:00,"1334.36,1341.72,1332.64,1336.59"
2014-03-06 06:00:00+07:00,"1336.93,1352.15,1331.19,1350.5"
2014-03-07 06:00:00+07:00,"1350.57,1352.87,1328.13,1340.29"
2014-03-10 05:00:00+07:00,"1339.67,1344.57,1327.93,1339.42"
2014-03-11 05:00:00+07:00,"1339.47,1352.54,1337.79,1348.82"
2014-03-12 05:00:00+07:00,"1348.7,1370.84,1345.4,1366.49"
2014-03-13 05:00:00+07:00,"1366.1,1374.91,1364.46,1369.98"
2014-03-14 05:00:00+07:00,"1370.13,1387.84,1367.81,1382.72"
2014-03-17 05:00:00+07:00,"1382.28,1391.99,1361.89,1366.87"
2014-03-18 05:00:00+07:00,"1367.14,1367.54,1350.65,1355.55"
2014-03-19 05:00:00+07:00,"1354.69,1359.64,1327.53,1329.42"
2014-03-20 05:00:00+07:00,"1329.68,1334.59,1320.47,1327.71"
2014-03-21 05:00:00+07:00,"1327.07,1342.43,1327.04,1334.14"
2014-03-24 05:00:00+07:00,"1331.84,1334.21,1307.89,1308.51"
2014-03-25 05:00:00+07:00,"1308.44,1317.25,1305.64,1310.9"
2014-03-26 05:00:00+07:00,"1310.58,1316.34,1298.61,1304.36"
2014-03-27 05:00:00+07:00,"1304.33,1306.79,1289.09,1290.91"
2014-03-28 05:00:00+07:00,"1291.02,1298.68,1285.65,1295.49"
2014-03-31 05:00:00+07:00,"1293.7,1298.47,1282.42,1283.78"
2014-04-01 05:00:00+07:00,"1283.73,1287.99,1277.64,1278.49"
2014-04-02 05:00:00+07:00,"1278.77,1294.51,1278.25,1289.57"
2014-04-03 05:00:00+07:00,"1289.64,1293.89,1282.14,1286.39"
2014-04-04 05:00:00+07:00,"1285.99,1306.65,1284.17,1303.86"
2014-04-07 05:00:00+07:00,"1303.25,1304.14,1295.63,1297.01"
2014-04-08 05:00:00+07:00,"1296.65,1314.39,1296.32,1308.36"
2014-04-09 05:00:00+07:00,"1308.13,1315.03,1300.83,1311.66"
2014-04-10 05:00:00+07:00,"1312.04,1324.48,1310.74,1318.41"
2014-04-11 05:00:00+07:00,"1317.97,1323.8,1314.11,1318.22"
2014-04-14 05:00:00+07:00,"1320.3,1331.08,1318.68,1327.54"
2014-04-15 05:00:00+07:00,"1326.96,1328.14,1286.27,1302.45"
2014-04-16 05:00:00+07:00,"1302.35,1307.04,1293.5,1302.1"
2014-04-17 05:00:00+07:00,"1301.64,1304.1,1293.09,1294.91"
2014-04-18 05:00:00+07:00,"1294.23,1295.15,1294.23,1294.46"
2014-04-21 05:00:00+07:00,"1297.64,1301.47,1281.85,1289.69"
2014-04-22 05:00:00+07:00,"1289.51,1292.74,1276.97,1283.66"
2014-04-23 05:00:00+07:00,"1283.02,1288.98,1280.87,1283.66"
2014-04-24 05:00:00+07:00,"1283.72,1298.48,1268.48,1293.06"
2014-04-25 05:00:00+07:00,"1293,1304.95,1290.37,1302.63"
2014-04-28 05:00:00+07:00,"1302.04,1306.43,1291.96,1296.48"
2014-04-29 05:00:00+07:00,"1295.25,1301.31,1286.21,1295.61"
2014-04-30 05:00:00+07:00,"1295.5,1298.11,1284.99,1291.2"
2014-05-01 05:00:00+07:00,"1291.1,1292.83,1277.21,1284.07"
2014-05-02 05:00:00+07:00,"1283.83,1304.63,1274.09,1299.96"
2014-05-05 05:00:00+07:00,"1300.24,1315.56,1299.41,1309.94"
2014-05-06 05:00:00+07:00,"1309.64,1313.99,1304.31,1307.82"
2014-05-07 05:00:00+07:00,"1307.64,1314.46,1286.59,1289.71"
2014-05-08 05:00:00+07:00,"1289.51,1295.31,1285,1288.93"
2014-05-09 05:00:00+07:00,"1289.29,1294.34,1285.49,1288.53"
2014-05-12 05:00:00+07:00,"1288.99,1303.8,1277.69,1295.24"
2014-05-13 05:00:00+07:00,"1295.3,1298.67,1289.09,1293.3"
2014-05-14 05:00:00+07:00,"1293.11,1308.93,1291.52,1305.12"
2014-05-15 05:00:00+07:00,"1305.4,1307.04,1290.81,1295.74"
2014-05-16 05:00:00+07:00,"1296.06,1298.19,1287.75,1293.26"
2014-05-19 05:00:00+07:00,"1292,1305.34,1289.26,1292.21"
2014-05-20 05:00:00+07:00,"1292.51,1296.82,1285.92,1293.99"
2014-05-21 05:00:00+07:00,"1293.75,1296.24,1283.24,1291.52"
2014-05-22 05:00:00+07:00,"1291.49,1303.64,1290.03,1293.85"
2014-05-23 05:00:00+07:00,"1293.76,1295.46,1286.64,1292.19"
2014-05-26 05:00:00+07:00,"1291.09,1294.13,1291.09,1292.58"
2014-05-27 05:00:00+07:00,"1292.26,1293.29,1264.24,1264.24"
2014-05-28 05:00:00+07:00,"1264.38,1267.16,1255.94,1257.89"
2014-05-29 05:00:00+07:00,"1257.89,1260.43,1251.43,1255.21"
2014-05-30 05:00:00+07:00,"1255.25,1260.35,1242.2,1249.34"
2014-06-02 05:00:00+07:00,"1249.88,1250.74,1241,1243.4"
2014-06-03 05:00:00+07:00,"1243.28,1247.64,1240.58,1244.79"
2014-06-04 05:00:00+07:00,"1244.33,1249.09,1242.84,1243.66"
2014-06-05 05:00:00+07:00,"1243.5,1257.67,1241.07,1253.37"
2014-06-06 05:00:00+07:00,"1252.91,1257.71,1245.84,1253.04"
2014-06-09 05:00:00+07:00,"1252.49,1256.94,1251.48,1252.08"
2014-06-10 05:00:00+07:00,"1251.59,1263.57,1250.24,1259.59"
2014-06-11 05:00:00+07:00,"1259.76,1265.21,1257.69,1260.85"
2014-06-12 05:00:00+07:00,"1260.56,1274.78,1259.85,1273.09"
2014-06-13 05:00:00+07:00,"1272.64,1277.85,1270.79,1276.68"
2014-06-16 05:00:00+07:00,"1276.43,1284.84,1270.58,1271.56"
2014-06-17 05:00:00+07:00,"1271.3,1273.24,1258.62,1270.49"
2014-06-18 05:00:00+07:00,"1270.32,1278.39,1266.32,1277.17"
2014-06-19 05:00:00+07:00,"1277.55,1321.46,1275.94,1319.65"
2014-06-20 05:00:00+07:00,"1319.06,1321.83,1306.42,1314.96"
2014-06-23 05:00:00+07:00,"1313.71,1318.41,1309.94,1317.02"
2014-06-24 05:00:00+07:00,"1317.29,1325.79,1313.79,1317.97"
2014-06-25 05:00:00+07:00,"1318.24,1324.78,1307.52,1318.86"
2014-06-26 05:00:00+07:00,"1318.5,1319.74,1306.23,1316.2"
2014-06-27 05:00:00+07:00,"1315.96,1322.19,1312.59,1315.9"
2014-06-30 05:00:00+07:00,"1316.23,1329.46,1310.3,1327.03"
2014-07-01 05:00:00+07:00,"1327.09,1332.83,1323.79,1326.15"
2014-07-02 05:00:00+07:00,"1326.09,1331.93,1321.25,1326.57"
2014-07-03 05:00:00+07:00,"1326.6,1327.38,1309.59,1319.16"
2014-07-04 05:00:00+07:00,"1320,1323.15,1318.61,1320.34"
2014-07-07 05:00:00+07:00,"1320.39,1320.64,1311.43,1319.74"
2014-07-08 05:00:00+07:00,"1319.61,1324.72,1313.41,1319.11"
2014-07-09 05:00:00+07:00,"1318.94,1332.3,1317.77,1327.32"
2014-07-10 05:00:00+07:00,"1327.13,1345.03,1324.17,1335.36"
2014-07-11 05:00:00+07:00,"1335.04,1339.16,1333.69,1337.95"
2014-07-14 05:00:00+07:00,"1339.1,1339.47,1303.24,1306.43"
2014-07-15 05:00:00+07:00,"1306.98,1313.73,1292.14,1293.3"
2014-07-16 05:00:00+07:00,"1293.58,1303.69,1292.79,1298.36"
2014-07-17 05:00:00+07:00,"1298.64,1324.56,1297.56,1318.3"
2014-07-18 05:00:00+07:00,"1318.49,1324.56,1304.5,1310.43"
2014-07-21 05:00:00+07:00,"1310.22,1318.33,1307.36,1311.67"
2014-07-22 05:00:00+07:00,"1312,1315.72,1301.99,1305.55"
2014-07-23 05:00:00+07:00,"1307.6,1311.14,1303.08,1303.83"
2014-07-24 05:00:00+07:00,"1303.86,1305.09,1287.69,1293.03"
2014-07-25 05:00:00+07:00,"1293.99,1308.53,1290.88,1307.19"
2014-07-28 05:00:00+07:00,"1307.43,1309.21,1301.34,1303.83"
2014-07-29 05:00:00+07:00,"1303.78,1312.13,1296.12,1298.21"
2014-07-30 05:00:00+07:00,"1298.77,1303.57,1291.78,1295.36"
2014-07-31 05:00:00+07:00,"1295.39,1297.29,1280.94,1282.45"
2014-08-01 05:00:00+07:00,"1282.85,1296.99,1280.34,1293"
2014-08-04 05:00:00+07:00,"1293.85,1295.37,1286.09,1287.4"
2014-08-05 05:00:00+07:00,"1287.84,1293.96,1282.49,1287.92"
2014-08-06 05:00:00+07:00,"1287.88,1309.39,1287.55,1305.03"
2014-08-07 05:00:00+07:00,"1305.34,1314.39,1301.97,1311.71"
2014-08-08 05:00:00+07:00,"1312.19,1322.63,1305.07,1310.48"
2014-08-11 05:00:00+07:00,"1308.85,1311.42,1305.13,1307.63"
2014-08-12 05:00:00+07:00,"1307.87,1317.77,1305.62,1308.63"
2014-08-13 05:00:00+07:00,"1308.25,1314.95,1304.86,1312.04"
2014-08-14 05:00:00+07:00,"1311.97,1319.33,1308.73,1312.6"
2014-08-15 05:00:00+07:00,"1311.96,1315.11,1292.62,1304.68"
2014-08-18 05:00:00+07:00,"1302.81,1303.69,1295.59,1297.6"
2014-08-19 05:00:00+07:00,"1297.77,1302.26,1293.84,1294.94"
2014-08-20 05:00:00+07:00,"1295.88,1297.88,1287.81,1291.58"
2014-08-21 05:00:00+07:00,"1290.54,1291.01,1272.89,1275.95"
2014-08-22 05:00:00+07:00,"1277,1282.99,1274.14,1280"
2014-08-25 05:00:00+07:00,"1279.14,1281.04,1272.53,1276.1"
2014-08-26 05:00:00+07:00,"1276.21,1290.82,1275.08,1280.3"
2014-08-27 05:00:00+07:00,"1280.2,1287.31,1280.05,1282.53"
2014-08-28 05:00:00+07:00,"1282.33,1296.44,1282.13,1289.28"
2014-08-29 05:00:00+07:00,"1289,1291.34,1283.36,1286.75"
2014-09-01 05:00:00+07:00,"1287.54,1289.87,1284.79,1286.75"
2014-09-02 05:00:00+07:00,"1287.22,1287.54,1262.48,1264.59"
2014-09-03 05:00:00+07:00,"1265.58,1270.44,1261.22,1268.58"
2014-09-04 05:00:00+07:00,"1268.87,1277.23,1260.54,1261.55"
2014-09-05 05:00:00+07:00,"1260.9,1273.61,1257.26,1268.85"
2014-09-08 05:00:00+07:00,"1268.29,1271.79,1251.43,1254.97"
2014-09-09 05:00:00+07:00,"1256.31,1258.19,1247.66,1254.99"
2014-09-10 05:00:00+07:00,"1254.96,1257.74,1243.79,1249.41"
2014-09-11 05:00:00+07:00,"1248.72,1250.09,1234.91,1240.57"
2014-09-12 05:00:00+07:00,"1239.76,1241.55,1227.59,1229.24"
2014-09-15 05:00:00+07:00,"1227.25,1238.45,1225.56,1233.04"
2014-09-16 05:00:00+07:00,"1232.41,1242.18,1231.74,1235.23"
2014-09-17 05:00:00+07:00,"1232.79,1239.29,1221.39,1223.3"
2014-09-18 05:00:00+07:00,"1222.14,1227.84,1215.93,1224.7"
2014-09-19 05:00:00+07:00,"1224.84,1228.56,1213.75,1215.46"
2014-09-22 05:00:00+07:00,"1215.12,1220.36,1208.16,1214.86"
2014-09-23 05:00:00+07:00,"1214.84,1235.36,1213.96,1223.2"
2014-09-24 05:00:00+07:00,"1223.18,1226.02,1215.65,1216.86"
2014-09-25 05:00:00+07:00,"1216.77,1224.5,1206.84,1221.33"
2014-09-26 05:00:00+07:00,"1221.27,1231.2,1212.28,1218.1"
2014-09-29 05:00:00+07:00,"1218.67,1223.25,1214.84,1215.59"
2014-09-30 05:00:00+07:00,"1215.51,1220.08,1204.42,1207.97"
2014-10-01 05:00:00+07:00,"1207.89,1219.34,1204.57,1213.61"
2014-10-02 05:00:00+07:00,"1213.51,1222.34,1208.62,1214.35"
2014-10-03 05:00:00+07:00,"1214.19,1215.26,1189.95,1190.96"
2014-10-06 05:00:00+07:00,"1191.45,1208.95,1182.96,1207.04"
2014-10-07 05:00:00+07:00,"1206.99,1213.37,1202.85,1208.77"
2014-10-08 05:00:00+07:00,"1208.77,1224.09,1204.85,1220.94"
2014-10-09 05:00:00+07:00,"1220.58,1233.28,1218.95,1224.07"
2014-10-10 05:00:00+07:00,"1224.07,1225.42,1217.31,1223.01"
2014-10-13 05:00:00+07:00,"1225.33,1237.66,1223.2,1235.59"
2014-10-14 05:00:00+07:00,"1235.54,1238.1,1230.9,1232.49"
2014-10-15 05:00:00+07:00,"1232.46,1249.7,1221.77,1241.82"
2014-10-16 05:00:00+07:00,"1241.82,1245.17,1235.34,1238.61"
2014-10-17 05:00:00+07:00,"1238.63,1241.66,1231.61,1238.23"
2014-10-20 05:00:00+07:00,"1238.78,1248.67,1234.54,1246.71"
2014-10-21 05:00:00+07:00,"1246.68,1255.19,1245.29,1248.51"
2014-10-22 05:00:00+07:00,"1248.43,1249.68,1240.43,1240.9"
2014-10-23 05:00:00+07:00,"1240.9,1244.57,1226.25,1231.59"
2014-10-24 05:00:00+07:00,"1231.66,1234.25,1228.8,1230.84"
2014-10-27 05:00:00+07:00,"1229.47,1231.93,1225.41,1226.21"
2014-10-28 05:00:00+07:00,"1225.24,1235.57,1222.47,1228.26"
2014-10-29 05:00:00+07:00,"1228.25,1230.53,1208.29,1211.92"
2014-10-30 05:00:00+07:00,"1211.93,1216.7,1195.88,1198.64"
2014-10-31 05:00:00+07:00,"1198.46,1202.66,1161.13,1172.97"
2014-11-03 06:00:00+07:00,"1170.76,1173.8,1161.65,1165.43"
2014-11-04 06:00:00+07:00,"1165.41,1174.94,1163.87,1168.2"
2014-11-05 06:00:00+07:00,"1168.24,1169.66,1137.75,1140.18"
2014-11-06 06:00:00+07:00,"1140.55,1149.56,1138.06,1141.53"
2014-11-07 06:00:00+07:00,"1141.57,1178.71,1131.91,1177.47"
2014-11-10 06:00:00+07:00,"1177.28,1177.56,1147.26,1151.18"
2014-11-11 06:00:00+07:00,"1151.3,1173.2,1146.1,1163.98"
2014-11-12 06:00:00+07:00,"1163.98,1170.08,1157.27,1162.44"
2014-11-13 06:00:00+07:00,"1162.31,1167.95,1153.95,1162.19"
2014-11-14 06:00:00+07:00,"1162.08,1193.54,1146.85,1188.56"
2014-11-17 06:00:00+07:00,"1186.66,1194.19,1181.46,1186.54"
2014-11-18 06:00:00+07:00,"1186.51,1204.58,1183.37,1196.68"
2014-11-19 06:00:00+07:00,"1196.68,1202.18,1175.12,1182.38"
2014-11-20 06:00:00+07:00,"1182.38,1197.09,1176.79,1193.42"
2014-11-21 06:00:00+07:00,"1193.45,1207.75,1186.74,1201.3"
2014-11-24 06:00:00+07:00,"1200.6,1204.2,1192.75,1196.75"
2014-11-25 06:00:00+07:00,"1197.25,1202.95,1190.39,1200.42"
2014-11-26 06:00:00+07:00,"1200.45,1201.66,1194.83,1197.69"
2014-11-27 06:00:00+07:00,"1198.29,1199.64,1185.6,1190.73"
2014-11-28 06:00:00+07:00,"1190.71,1191.72,1165.18,1166.9"
2014-12-01 06:00:00+07:00,"1159.64,1221.06,1142.74,1211.82"
2014-12-02 06:00:00+07:00,"1211.61,1213.16,1191.92,1198.02"
2014-12-03 06:00:00+07:00,"1198.02,1215.04,1194.49,1209.29"
2014-12-04 06:00:00+07:00,"1209.27,1213.34,1201.23,1205.05"
2014-12-05 06:00:00+07:00,"1205.01,1207.55,1186.18,1192.25"
2014-12-08 06:00:00+07:00,"1190.69,1208.83,1187.1,1203.15"
2014-12-09 06:00:00+07:00,"1203.15,1238.22,1199.31,1230.85"
2014-12-10 06:00:00+07:00,"1230.85,1238.19,1224.55,1225.96"
2014-12-11 06:00:00+07:00,"1225.96,1232.67,1215.84,1227.13"
2014-12-12 06:00:00+07:00,"1227.53,1228.05,1214.27,1222.46"
2014-12-15 06:00:00+07:00,"1221.95,1224.17,1190.58,1192.96"
2014-12-16 06:00:00+07:00,"1193.17,1223.41,1187.44,1196.66"
2014-12-17 06:00:00+07:00,"1196.65,1202.78,1183.58,1189.39"
2014-12-18 06:00:00+07:00,"1189.32,1213.75,1188.37,1198.36"
2014-12-19 06:00:00+07:00,"1198.4,1201.26,1193.65,1195.84"
2014-12-22 06:00:00+07:00,"1193.43,1203.3,1170.6,1176.13"
2014-12-23 06:00:00+07:00,"1176.32,1184.83,1172.52,1176.23"
2014-12-24 06:00:00+07:00,"1176.26,1181.06,1172.78,1173.93"
2014-12-26 06:00:00+07:00,"1184.87,1199.04,1184.75,1195.75"
2014-12-29 06:00:00+07:00,"1194.16,1197.4,1178.75,1183.03"
2014-12-30 06:00:00+07:00,"1182.85,1210.61,1180.65,1200.23"
2014-12-31 06:00:00+07:00,"1200.31,1203.77,1199.27,1200.27"
2015-01-02 06:00:00+07:00,"1185.92,1194.98,1167.52,1188.51"
2015-01-05 06:00:00+07:00,"1187.63,1207.41,1178.1,1204.4"
2015-01-06 06:00:00+07:00,"1204.4,1223.03,1201.63,1218.24"
2015-01-07 06:00:00+07:00,"1218.19,1218.68,1208.94,1211.15"
2015-01-08 06:00:00+07:00,"1211.15,1216.61,1204.48,1208.61"
2015-01-09 06:00:00+07:00,"1208.65,1223.89,1206.96,1221.49"
2015-01-12 06:00:00+07:00,"1222.88,1235.81,1217.56,1233.23"
2015-01-13 06:00:00+07:00,"1233.23,1244.13,1227.2,1230.47"
2015-01-14 06:00:00+07:00,"1230.47,1244.3,1225.01,1228.53"
2015-01-15 06:00:00+07:00,"1228.48,1266.67,1226.04,1262.6"
2015-01-16 06:00:00+07:00,"1262.45,1281.98,1254.96,1279.92"
2015-01-19 06:00:00+07:00,"1280.3,1281.43,1272,1276.3"
2015-01-20 06:00:00+07:00,"1276.42,1297.03,1273.96,1294.53"
2015-01-21 06:00:00+07:00,"1294.5,1305.1,1284.59,1292.93"
2015-01-22 06:00:00+07:00,"1292.91,1307.44,1278.86,1301.88"
2015-01-23 06:00:00+07:00,"1301.49,1302.58,1284.32,1293.84"
2015-01-26 06:00:00+07:00,"1291.99,1299.04,1275.73,1281.17"
2015-01-27 06:00:00+07:00,"1281.12,1297.39,1272.18,1291.97"
2015-01-28 06:00:00+07:00,"1291.97,1293.52,1279.45,1284.19"
2015-01-29 06:00:00+07:00,"1284.19,1285.73,1251.8,1256.42"
2015-01-30 06:00:00+07:00,"1256.5,1284.61,1256.5,1282.91"
2015-02-02 06:00:00+07:00,"1282.4,1283.23,1266.23,1274.03"
2015-02-03 06:00:00+07:00,"1274.03,1285.67,1255.38,1260.02"
2015-02-04 06:00:00+07:00,"1260.03,1272.2,1256.55,1268.93"
2015-02-05 06:00:00+07:00,"1268.89,1273.89,1256.16,1264.51"
2015-02-06 06:00:00+07:00,"1264.51,1268.6,1228.13,1233.5"
2015-02-09 06:00:00+07:00,"1236,1243.53,1234.22,1238.7"
2015-02-10 06:00:00+07:00,"1238.75,1245.75,1230.86,1233.37"
2015-02-11 06:00:00+07:00,"1233.37,1238.62,1216.55,1218.74"
2015-02-12 06:00:00+07:00,"1218.79,1232.83,1217.96,1221.65"
2015-02-13 06:00:00+07:00,"1221.63,1234.81,1221.4,1229.23"
2015-02-16 06:00:00+07:00,"1227.01,1236.54,1227.01,1231.66"
2015-02-17 06:00:00+07:00,"1231.95,1233.8,1203.63,1209.35"
2015-02-18 06:00:00+07:00,"1209.35,1213.24,1197.44,1212"
2015-02-19 06:00:00+07:00,"1212.08,1222.86,1205.26,1206.4"
2015-02-20 06:00:00+07:00,"1206.39,1215.21,1198.17,1201.88"
2015-02-23 06:00:00+07:00,"1202.38,1210.12,1190.66,1201.45"
2015-02-24 06:00:00+07:00,"1201.45,1204.47,1190.31,1200.19"
2015-02-25 06:00:00+07:00,"1200.08,1211.78,1199.62,1204.81"
2015-02-26 06:00:00+07:00,"1204.63,1219.92,1203.55,1208.98"
2015-02-27 06:00:00+07:00,"1208.59,1219.29,1204.41,1212.97"
2015-03-02 06:00:00+07:00,"1213.69,1223.18,1204.58,1206.53"
2015-03-03 06:00:00+07:00,"1206.54,1214.74,1195.37,1203.46"
2015-03-04 06:00:00+07:00,"1203.46,1208.96,1198.17,1200.07"
2015-03-05 06:00:00+07:00,"1200.07,1209.36,1196.46,1198.09"
2015-03-06 06:00:00+07:00,"1198.09,1200.62,1163.77,1167.5"
2015-03-09 05:00:00+07:00,"1170,1175.24,1165.79,1166.97"
2015-03-10 05:00:00+07:00,"1166.97,1170.47,1155.26,1160.95"
2015-03-11 05:00:00+07:00,"1161,1165.13,1147.52,1155.19"
2015-03-12 05:00:00+07:00,"1154.99,1166.46,1148.53,1153.45"
2015-03-13 05:00:00+07:00,"1153.45,1161.68,1151.35,1157.52"
2015-03-16 05:00:00+07:00,"1158.53,1164.05,1150.34,1154.62"
2015-03-17 05:00:00+07:00,"1154.49,1159.67,1142.72,1149.3"
2015-03-18 05:00:00+07:00,"1149.1,1175.56,1145.88,1167.48"
2015-03-19 05:00:00+07:00,"1167.27,1177.73,1159.54,1170.95"
2015-03-20 05:00:00+07:00,"1170.84,1187.84,1168.7,1182.32"
2015-03-23 05:00:00+07:00,"1183.56,1191.51,1179.28,1189.39"
2015-03-24 05:00:00+07:00,"1189.37,1194.97,1185.39,1193.13"
2015-03-25 05:00:00+07:00,"1192.79,1199.62,1186.58,1195.26"
2015-03-26 05:00:00+07:00,"1195.16,1219.6,1194.43,1204.57"
2015-03-27 05:00:00+07:00,"1204.43,1206.13,1192.48,1198.44"
2015-03-30 05:00:00+07:00,"1198.6,1198.89,1182.32,1185.89"
2015-03-31 05:00:00+07:00,"1185.89,1190.67,1178.38,1183.34"
2015-04-01 05:00:00+07:00,"1183.34,1208.46,1180.78,1203.82"
2015-04-02 05:00:00+07:00,"1203.62,1207.23,1194.86,1202.39"
2015-04-06 05:00:00+07:00,"1214.37,1224.15,1213.68,1214.64"
2015-04-07 05:00:00+07:00,"1214.6,1215.69,1207.44,1209"
2015-04-08 05:00:00+07:00,"1208.88,1212.25,1197.44,1202.39"
2015-04-09 05:00:00+07:00,"1202.21,1203.19,1192.52,1194.68"
2015-04-10 05:00:00+07:00,"1194.57,1210.65,1193.21,1207.23"
2015-04-13 05:00:00+07:00,"1206.77,1209.43,1196.34,1198.55"
2015-04-14 05:00:00+07:00,"1198.52,1201.44,1183.93,1192.57"
2015-04-15 05:00:00+07:00,"1192.57,1204.57,1188.82,1202.46"
2015-04-16 05:00:00+07:00,"1202.46,1209.09,1194.67,1198.37"
2015-04-17 05:00:00+07:00,"1198.26,1207.74,1197.38,1203.97"
2015-04-20 05:00:00+07:00,"1204.34,1209.02,1191.32,1195.77"
2015-04-21 05:00:00+07:00,"1195.77,1204.21,1193.05,1202.43"
2015-04-22 05:00:00+07:00,"1202.01,1204.74,1185.65,1186.89"
2015-04-23 05:00:00+07:00,"1186.73,1197.91,1184.18,1193.78"
2015-04-24 05:00:00+07:00,"1193.78,1195.93,1175.12,1179.26"
2015-04-27 05:00:00+07:00,"1179.36,1207.13,1178.54,1201.81"
2015-04-28 05:00:00+07:00,"1201.63,1215.04,1199.13,1211.91"
2015-04-29 05:00:00+07:00,"1211.91,1213.98,1201.33,1204.43"
2015-04-30 05:00:00+07:00,"1204.1,1207.15,1177.04,1184.18"
2015-05-01 05:00:00+07:00,"1184.07,1185.2,1169.79,1178.2"
2015-05-04 05:00:00+07:00,"1177.22,1192.76,1177.22,1188.09"
2015-05-05 05:00:00+07:00,"1188.09,1199.72,1185.71,1193.13"
2015-05-06 05:00:00+07:00,"1193,1197.57,1188.13,1192.06"
2015-05-07 05:00:00+07:00,"1191.79,1192.82,1178.83,1184.18"
2015-05-08 05:00:00+07:00,"1184.2,1193.39,1181.66,1188.2"
2015-05-11 05:00:00+07:00,"1188.5,1191.68,1178.84,1183.89"
2015-05-12 05:00:00+07:00,"1183.7,1196.98,1180.79,1193.85"
2015-05-13 05:00:00+07:00,"1193.76,1218.79,1191.21,1215.57"
2015-05-14 05:00:00+07:00,"1215.01,1227.48,1212.29,1220.96"
2015-05-15 05:00:00+07:00,"1220.87,1226.12,1210.96,1223.97"
2015-05-18 05:00:00+07:00,"1223.16,1232.26,1221.55,1225.28"
2015-05-19 05:00:00+07:00,"1224.81,1225.59,1205.77,1207.49"
2015-05-20 05:00:00+07:00,"1207.49,1213.3,1203.25,1209.58"
2015-05-21 05:00:00+07:00,"1209.58,1212.73,1201.49,1206.13"
2015-05-22 05:00:00+07:00,"1205.72,1214.81,1201.46,1206"
2015-05-25 05:00:00+07:00,"1205.56,1208.61,1202.77,1207.07"
2015-05-26 05:00:00+07:00,"1206.9,1207.03,1185.59,1187.1"
2015-05-27 05:00:00+07:00,"1186.93,1190.88,1183.59,1187.78"
2015-05-28 05:00:00+07:00,"1187.59,1192.09,1180.59,1187.96"
2015-05-29 05:00:00+07:00,"1187.9,1193.93,1185.73,1190.04"
2015-06-01 05:00:00+07:00,"1190.56,1204.25,1184.35,1189"
2015-06-02 05:00:00+07:00,"1188.91,1196.26,1185.86,1192.86"
2015-06-03 05:00:00+07:00,"1193.15,1195.5,1179.49,1185.02"
2015-06-04 05:00:00+07:00,"1184.8,1186.39,1172.91,1176.74"
2015-06-05 05:00:00+07:00,"1176.56,1178.45,1162.73,1171.6"
2015-06-08 05:00:00+07:00,"1169.83,1177.58,1169.1,1173.91"
2015-06-09 05:00:00+07:00,"1173.86,1182.88,1172.49,1176.72"
2015-06-10 05:00:00+07:00,"1176.61,1192.24,1175.18,1185.8"
2015-06-11 05:00:00+07:00,"1185.83,1187.93,1175.67,1181.82"
2015-06-12 05:00:00+07:00,"1181.61,1184.26,1176.66,1181.43"
2015-06-15 05:00:00+07:00,"1180.75,1190.45,1172.76,1186.14"
2015-06-16 05:00:00+07:00,"1186.14,1187.84,1176.01,1181.82"
2015-06-17 05:00:00+07:00,"1181.75,1189.1,1174.57,1185.44"
2015-06-18 05:00:00+07:00,"1185.45,1205.66,1183.61,1201.75"
2015-06-19 05:00:00+07:00,"1201.7,1204.13,1198.34,1200.05"
2015-06-22 05:00:00+07:00,"1199.71,1200.95,1182.13,1185.76"
2015-06-23 05:00:00+07:00,"1185.64,1188.08,1176.21,1178.41"
2015-06-24 05:00:00+07:00,"1178.41,1180.2,1169.87,1175.18"
2015-06-25 05:00:00+07:00,"1174.86,1178.05,1171.6,1172.96"
2015-06-26 05:00:00+07:00,"1172.96,1178.59,1168.37,1175.09"
2015-06-29 05:00:00+07:00,"1184.62,1187.92,1173.79,1179.66"
2015-06-30 05:00:00+07:00,"1179.54,1180.44,1166.62,1172.12"
2015-07-01 05:00:00+07:00,"1172.12,1175.03,1167.54,1168.59"
2015-07-02 05:00:00+07:00,"1168.59,1169.31,1157,1166.04"
2015-07-03 05:00:00+07:00,"1165.93,1170.15,1164.68,1168.65"
2015-07-06 05:00:00+07:00,"1172.35,1174.79,1162.85,1170.06"
2015-07-07 05:00:00+07:00,"1169.93,1170.38,1147.37,1155.06"
2015-07-08 05:00:00+07:00,"1155.06,1164.62,1147.1,1157.87"
2015-07-09 05:00:00+07:00,"1157.87,1167.64,1155.61,1158.99"
2015-07-10 05:00:00+07:00,"1158.99,1165.36,1157.37,1163.28"
2015-07-13 05:00:00+07:00,"1162.21,1164.68,1151.1,1157.8"
2015-07-14 05:00:00+07:00,"1157.46,1159.68,1152.9,1155.9"
2015-07-15 05:00:00+07:00,"1155.62,1156.74,1143.31,1149.28"
2015-07-16 05:00:00+07:00,"1149.22,1149.42,1142.42,1145.12"
2015-07-17 05:00:00+07:00,"1144.54,1145.71,1131.09,1134.3"
2015-07-20 05:00:00+07:00,"1133.14,1133.25,1070.09,1096.4"
2015-07-21 05:00:00+07:00,"1098.31,1109.89,1096.94,1101.01"
2015-07-22 05:00:00+07:00,"1100.66,1103.44,1087.04,1093.96"
2015-07-23 05:00:00+07:00,"1093.92,1105.65,1087.26,1090.43"
2015-07-24 05:00:00+07:00,"1090.35,1101.5,1074.83,1098.91"
2015-07-27 05:00:00+07:00,"1098.96,1104.98,1088.55,1093.77"
2015-07-28 05:00:00+07:00,"1094.59,1098.94,1091.59,1095.16"
2015-07-29 05:00:00+07:00,"1095.11,1101.9,1090.4,1096.82"
2015-07-30 05:00:00+07:00,"1096.54,1098.58,1082.5,1088.31"
2015-07-31 05:00:00+07:00,"1088.27,1103.41,1079.97,1095.53"
2015-08-03 05:00:00+07:00,"1095.7,1097.71,1085.81,1086.48"
2015-08-04 05:00:00+07:00,"1086.4,1094.69,1080.95,1087.51"
2015-08-05 05:00:00+07:00,"1087.56,1092.5,1082.93,1084.76"
2015-08-06 05:00:00+07:00,"1084.37,1093.99,1083.45,1089.34"
2015-08-07 05:00:00+07:00,"1088.99,1099.42,1082.72,1093.91"
2015-08-10 05:00:00+07:00,"1093.87,1108.88,1089.67,1104.3"
2015-08-11 05:00:00+07:00,"1104.27,1119.35,1093.82,1108.74"
2015-08-12 05:00:00+07:00,"1108.7,1125.66,1101.76,1124.22"
2015-08-13 05:00:00+07:00,"1124.17,1126.71,1113.62,1114.91"
2015-08-14 05:00:00+07:00,"1114.88,1120.99,1111.72,1114.74"
2015-08-17 05:00:00+07:00,"1114.1,1122.76,1113.59,1117.37"
2015-08-18 05:00:00+07:00,"1117.34,1121.12,1109.61,1117.51"
2015-08-19 05:00:00+07:00,"1117.78,1134.59,1116.25,1133.78"
2015-08-20 05:00:00+07:00,"1133.8,1153.99,1132.59,1151.9"
2015-08-21 05:00:00+07:00,"1153.52,1168.23,1148.94,1160.24"
2015-08-24 05:00:00+07:00,"1160.53,1170.03,1145.65,1154.98"
2015-08-25 05:00:00+07:00,"1154.94,1156.58,1134.59,1140.46"
2015-08-26 05:00:00+07:00,"1140.31,1146.41,1117.62,1125.01"
2015-08-27 05:00:00+07:00,"1125.48,1129.22,1118.16,1124.68"
2015-08-28 05:00:00+07:00,"1125.61,1140.83,1123.74,1133.09"
2015-08-31 05:00:00+07:00,"1132.66,1136.65,1125.58,1134.69"
2015-09-01 05:00:00+07:00,"1134.69,1147.92,1134.06,1140.05"
2015-09-02 05:00:00+07:00,"1139.96,1142.4,1132,1133.79"
2015-09-03 05:00:00+07:00,"1133.74,1134.27,1121.84,1125.24"
2015-09-04 05:00:00+07:00,"1125.24,1132.29,1116.74,1121.85"
2015-09-07 05:00:00+07:00,"1123.56,1124.76,1116.09,1118.93"
2015-09-08 05:00:00+07:00,"1118.44,1126.69,1118.38,1121.25"
2015-09-09 05:00:00+07:00,"1120.86,1125.37,1101.24,1107.54"
2015-09-10 05:00:00+07:00,"1107.16,1114.95,1103.82,1110.53"
2015-09-11 05:00:00+07:00,"1110.02,1112.83,1098.69,1107.54"
2015-09-14 05:00:00+07:00,"1107.62,1110.42,1103.45,1108.76"
2015-09-15 05:00:00+07:00,"1108.51,1109.3,1102.51,1105.02"
2015-09-16 05:00:00+07:00,"1105.03,1124.11,1103.93,1119.25"
2015-09-17 05:00:00+07:00,"1118.81,1135.26,1115.36,1131.31"
2015-09-18 05:00:00+07:00,"1130.22,1141.69,1127.5,1138.94"
2015-09-21 05:00:00+07:00,"1139.35,1139.86,1129.51,1133.12"
2015-09-22 05:00:00+07:00,"1132.89,1136.46,1121.28,1124.47"
2015-09-23 05:00:00+07:00,"1124.03,1134.19,1121.79,1130.05"
2015-09-24 05:00:00+07:00,"1130.23,1156.64,1129.92,1151.67"
2015-09-25 05:00:00+07:00,"1150.82,1151.36,1140.73,1145.77"
2015-09-28 05:00:00+07:00,"1144.62,1148.15,1127.96,1130.92"
2015-09-29 05:00:00+07:00,"1131.53,1134.59,1124.41,1126.42"
2015-09-30 05:00:00+07:00,"1127.29,1128.1,1111.68,1114.71"
2015-10-01 05:00:00+07:00,"1114.82,1119.12,1111.04,1113.45"
2015-10-02 05:00:00+07:00,"1112.82,1141.23,1104.56,1138.29"
2015-10-05 05:00:00+07:00,"1137.66,1141.95,1130.13,1135.43"
2015-10-06 05:00:00+07:00,"1134.76,1151.13,1134.76,1146.91"
2015-10-07 05:00:00+07:00,"1146.42,1153.62,1141.76,1145.25"
2015-10-08 05:00:00+07:00,"1144.96,1151.23,1136.55,1138.8"
2015-10-09 05:00:00+07:00,"1138.31,1159.6,1138.31,1155.86"
2015-10-12 05:00:00+07:00,"1155.03,1169.01,1154.81,1163.51"
2015-10-13 05:00:00+07:00,"1162.61,1168.61,1151.77,1168.51"
2015-10-14 05:00:00+07:00,"1167.97,1189.72,1163.3,1183.85"
2015-10-15 05:00:00+07:00,"1183.89,1191.47,1174.25,1182.85"
2015-10-16 05:00:00+07:00,"1182.01,1184.34,1174.26,1176.79"
2015-10-19 05:00:00+07:00,"1176.21,1178.21,1168.51,1170.46"
2015-10-20 05:00:00+07:00,"1170.18,1180.72,1167.31,1175.84"
2015-10-21 05:00:00+07:00,"1175.07,1179.2,1163.79,1166.99"
2015-10-22 05:00:00+07:00,"1166.54,1171.72,1162.66,1165.84"
2015-10-23 05:00:00+07:00,"1165.42,1179.32,1158.93,1164.29"
2015-10-26 05:00:00+07:00,"1163.71,1169.69,1162.13,1162.83"
2015-10-27 05:00:00+07:00,"1162.61,1168.77,1160.74,1166.57"
2015-10-28 05:00:00+07:00,"1166.16,1182.88,1152.27,1155.98"
2015-10-29 05:00:00+07:00,"1155.97,1162.64,1144.55,1145.69"
2015-10-30 05:00:00+07:00,"1146.81,1149.99,1139.22,1141.8"
2015-11-02 06:00:00+07:00,"1141.11,1142.9,1132.48,1133.24"
2015-11-03 06:00:00+07:00,"1132.95,1138.22,1114.42,1117.27"
2015-11-04 06:00:00+07:00,"1117.5,1122.77,1106.34,1107.4"
2015-11-05 06:00:00+07:00,"1106.86,1111.43,1102.93,1103.47"
2015-11-06 06:00:00+07:00,"1103.61,1110.36,1085.37,1089.12"
2015-11-09 06:00:00+07:00,"1089.31,1095.7,1088.29,1091.81"
2015-11-10 06:00:00+07:00,"1091.37,1094.95,1085.22,1089.24"
2015-11-11 06:00:00+07:00,"1089.09,1093.78,1084.1,1085.96"
2015-11-12 06:00:00+07:00,"1085.69,1089.46,1073.91,1084.73"
2015-11-13 06:00:00+07:00,"1083.72,1088.58,1079.62,1083.58"
2015-11-16 06:00:00+07:00,"1089.16,1098.06,1081.26,1082.29"
2015-11-17 06:00:00+07:00,"1087.14,1091.04,1065.37,1069.7"
2015-11-18 06:00:00+07:00,"1070.73,1075.39,1064.13,1070.12"
2015-11-19 06:00:00+07:00,"1069.79,1087.27,1069.56,1081.62"
2015-11-20 06:00:00+07:00,"1079.98,1087.96,1075.8,1077.84"
2015-11-23 06:00:00+07:00,"1076.45,1077.08,1066.72,1068.58"
2015-11-24 06:00:00+07:00,"1068.64,1080.97,1068.53,1075"
2015-11-25 06:00:00+07:00,"1075.75,1080.7,1067.87,1070.65"
2015-11-26 06:00:00+07:00,"1071.06,1074.74,1069.55,1071.2"
2015-11-27 06:00:00+07:00,"1071.44,1073.72,1052.64,1058.08"
2015-11-30 06:00:00+07:00,"1057.52,1069.5,1053.12,1064.01"
2015-12-01 06:00:00+07:00,"1064.71,1074.56,1063.18,1068.57"
2015-12-02 06:00:00+07:00,"1067.86,1071.32,1050.49,1052.94"
2015-12-03 06:00:00+07:00,"1053.58,1065.35,1046.24,1061.43"
2015-12-04 06:00:00+07:00,"1062.22,1088.78,1058.11,1086.03"
2015-12-07 06:00:00+07:00,"1085.2,1086.58,1066.31,1070.78"
2015-12-08 06:00:00+07:00,"1070.4,1079.03,1067.55,1074.29"
2015-12-09 06:00:00+07:00,"1074.36,1085.28,1069.38,1072.16"
2015-12-10 06:00:00+07:00,"1071.62,1076.42,1069.33,1070.89"
2015-12-11 06:00:00+07:00,"1071.24,1079.54,1062.37,1074.62"
2015-12-14 06:00:00+07:00,"1073.16,1077.46,1058.47,1059.47"
2015-12-15 06:00:00+07:00,"1059.64,1068.56,1058.52,1060.51"
2015-12-16 06:00:00+07:00,"1060.37,1078.27,1060.37,1071.82"
2015-12-17 06:00:00+07:00,"1072.45,1073.04,1047.58,1050.53"
2015-12-18 06:00:00+07:00,"1052,1071.53,1050.7,1066.1"
2015-12-21 06:00:00+07:00,"1065.66,1081.67,1063.74,1077.73"
2015-12-22 06:00:00+07:00,"1078.13,1080.71,1071.73,1071.81"
2015-12-23 06:00:00+07:00,"1072.08,1075.41,1068.22,1069.73"
2015-12-24 06:00:00+07:00,"1069.51,1076.72,1069.51,1076.59"
2015-12-28 06:00:00+07:00,"1075.39,1076.8,1066.3,1068.57"
2015-12-29 06:00:00+07:00,"1068.26,1075.2,1067.35,1068.39"
2015-12-30 06:00:00+07:00,"1068.67,1072.13,1059.28,1060.88"
2015-12-31 06:00:00+07:00,"1060.89,1063.53,1058.36,1061.98"
2016-01-04 06:00:00+07:00,"1061.96,1083.42,1061.78,1073.98"
2016-01-05 06:00:00+07:00,"1073.69,1081.99,1072.53,1076.88"
2016-01-06 06:00:00+07:00,"1076.71,1095.19,1074.85,1093.04"
2016-01-07 06:00:00+07:00,"1093.24,1110,1091.34,1108.29"
2016-01-08 06:00:00+07:00,"1108.72,1113.05,1092.22,1103.93"
2016-01-11 06:00:00+07:00,"1103.6,1108.36,1093.39,1093.57"
2016-01-12 06:00:00+07:00,"1093.84,1099.13,1083.39,1085.68"
2016-01-13 06:00:00+07:00,"1086.62,1095.44,1079.75,1092.92"
2016-01-14 06:00:00+07:00,"1093.19,1095.24,1071.37,1077.73"
2016-01-15 06:00:00+07:00,"1079.19,1097.26,1076.18,1088.44"
2016-01-18 06:00:00+07:00,"1088.79,1093.32,1087.48,1089.17"
2016-01-19 06:00:00+07:00,"1088.96,1094.51,1082.44,1086.66"
2016-01-20 06:00:00+07:00,"1086.82,1109.24,1086.82,1100.29"
2016-01-21 06:00:00+07:00,"1100.16,1104.51,1092.36,1100.61"
2016-01-22 06:00:00+07:00,"1101.12,1102.83,1093.99,1097.22"
2016-01-25 06:00:00+07:00,"1097.2,1108.79,1097.17,1107.35"
2016-01-26 06:00:00+07:00,"1107.56,1122.94,1106.94,1119.26"
2016-01-27 06:00:00+07:00,"1119.07,1128.08,1114.8,1124.3"
2016-01-28 06:00:00+07:00,"1125.09,1125.85,1111.1,1114.51"
2016-01-29 06:00:00+07:00,"1114.16,1118.41,1108.34,1117.86"
2016-02-01 06:00:00+07:00,"1116.93,1129.72,1115.46,1127.86"
2016-02-02 06:00:00+07:00,"1127.72,1130.94,1122.24,1128.35"
2016-02-03 06:00:00+07:00,"1128.79,1145.48,1124.27,1141.94"
2016-02-04 06:00:00+07:00,"1141.56,1157.29,1139.56,1154.88"
2016-02-05 06:00:00+07:00,"1154.63,1174.47,1145.18,1172.66"
2016-02-08 06:00:00+07:00,"1173.19,1200.82,1164.19,1188.4"
2016-02-09 06:00:00+07:00,"1188.54,1198.84,1185.63,1188.46"
2016-02-10 06:00:00+07:00,"1188.84,1197.66,1181.26,1196.51"
2016-02-11 06:00:00+07:00,"1197.02,1263.32,1195.77,1246.14"
2016-02-12 06:00:00+07:00,"1246.44,1247.98,1232.5,1237.39"
2016-02-15 06:00:00+07:00,"1234.76,1234.81,1202.13,1208.29"
2016-02-16 06:00:00+07:00,"1208.04,1216.88,1190.94,1199.98"
2016-02-17 06:00:00+07:00,"1200.99,1213.71,1195.66,1208.29"
2016-02-18 06:00:00+07:00,"1208.36,1239.81,1200.66,1231.07"
2016-02-19 06:00:00+07:00,"1230.03,1234.45,1219.92,1225.94"
2016-02-22 06:00:00+07:00,"1225.41,1226.15,1201.89,1208.46"
2016-02-23 06:00:00+07:00,"1208.06,1228.05,1207.19,1225.39"
2016-02-24 06:00:00+07:00,"1224.89,1253.25,1221.79,1228.56"
2016-02-25 06:00:00+07:00,"1227.77,1243.15,1221.08,1232.86"
2016-02-26 06:00:00+07:00,"1231.07,1240.24,1211.42,1222.5"
2016-02-29 06:00:00+07:00,"1221.96,1241.05,1215.43,1238.45"
2016-03-01 06:00:00+07:00,"1237.86,1248.5,1227.13,1232.15"
2016-03-02 06:00:00+07:00,"1231.26,1244.06,1224.74,1239.76"
2016-03-03 06:00:00+07:00,"1239.86,1268.14,1237.41,1263.7"
2016-03-04 06:00:00+07:00,"1263.13,1279.71,1250.44,1258.42"
2016-03-07 06:00:00+07:00,"1259.2,1273.1,1256.65,1267.18"
2016-03-08 06:00:00+07:00,"1266.73,1277.97,1260.21,1261.27"
2016-03-09 06:00:00+07:00,"1261.26,1264.89,1242.92,1253"
2016-03-10 06:00:00+07:00,"1252.43,1273.36,1237.02,1272.27"
2016-03-11 06:00:00+07:00,"1270.46,1283.76,1248.18,1250.21"
2016-03-14 05:00:00+07:00,"1249.86,1261.05,1229.25,1234.87"
2016-03-15 05:00:00+07:00,"1235.65,1238.08,1225.71,1232.25"
2016-03-16 05:00:00+07:00,"1231.98,1263.8,1226.66,1262.21"
2016-03-17 05:00:00+07:00,"1260.79,1270.87,1254.38,1257.81"
2016-03-18 05:00:00+07:00,"1256.38,1266.8,1247.76,1255.19"
2016-03-21 05:00:00+07:00,"1254.55,1255.89,1240.6,1243.59"
2016-03-22 05:00:00+07:00,"1243.66,1260.13,1242.28,1248.09"
2016-03-23 05:00:00+07:00,"1247.65,1249.38,1215.3,1219.65"
2016-03-24 05:00:00+07:00,"1220.19,1223.71,1212.6,1217.03"
2016-03-28 05:00:00+07:00,"1215.48,1223.02,1208.23,1221.45"
2016-03-29 05:00:00+07:00,"1221.3,1243.05,1215.33,1241.46"
2016-03-30 05:00:00+07:00,"1240.57,1244.09,1223.14,1224.22"
2016-03-31 05:00:00+07:00,"1225.05,1240.33,1223.83,1232.61"
2016-04-01 05:00:00+07:00,"1231.95,1235.18,1209.04,1222.22"
2016-04-04 05:00:00+07:00,"1220.95,1222.56,1214.53,1215"
2016-04-05 05:00:00+07:00,"1215.32,1236.75,1214.77,1231.03"
2016-04-06 05:00:00+07:00,"1231.1,1232.17,1217.25,1222.06"
2016-04-07 05:00:00+07:00,"1222.38,1243.17,1222.38,1240.41"
2016-04-08 05:00:00+07:00,"1239.63,1242.68,1229.56,1239.62"
2016-04-11 05:00:00+07:00,"1239.39,1258.67,1239.31,1257.19"
2016-04-12 05:00:00+07:00,"1257.47,1262.61,1251.26,1255.3"
2016-04-13 05:00:00+07:00,"1254.85,1256.68,1239.72,1242.42"
2016-04-14 05:00:00+07:00,"1241.75,1244.12,1223.8,1227.53"
2016-04-15 05:00:00+07:00,"1226.39,1235.84,1225.28,1233.77"
2016-04-18 05:00:00+07:00,"1234.11,1241.53,1230.05,1232.06"
2016-04-19 05:00:00+07:00,"1231.99,1256.5,1227.66,1250.02"
2016-04-20 05:00:00+07:00,"1249.06,1257.96,1242.36,1244.15"
2016-04-21 05:00:00+07:00,"1242.63,1270.2,1242.53,1247.69"
2016-04-22 05:00:00+07:00,"1246.4,1252.5,1227.45,1232.02"
2016-04-25 05:00:00+07:00,"1232.68,1242.23,1230.03,1237.65"
2016-04-26 05:00:00+07:00,"1238.18,1244.86,1231.26,1243.14"
2016-04-27 05:00:00+07:00,"1244.1,1252.7,1239.47,1245.5"
2016-04-28 05:00:00+07:00,"1245.6,1269.48,1237.62,1265.5"
2016-04-29 05:00:00+07:00,"1265.6,1296.63,1265.07,1292.93"
2016-05-02 05:00:00+07:00,"1290.06,1303.67,1287.63,1291.32"
2016-05-03 05:00:00+07:00,"1291.03,1301.76,1282.23,1286.32"
2016-05-04 05:00:00+07:00,"1285.1,1289.68,1271.77,1279.35"
2016-05-05 05:00:00+07:00,"1279.38,1286.39,1268.82,1277.8"
2016-05-06 05:00:00+07:00,"1277.05,1295.46,1274.44,1288.49"
2016-05-09 05:00:00+07:00,"1284.1,1287.44,1261.21,1263.68"
2016-05-10 05:00:00+07:00,"1263.58,1269.66,1256.77,1266.12"
2016-05-11 05:00:00+07:00,"1265.68,1279.02,1264.67,1277.37"
2016-05-12 05:00:00+07:00,"1277.65,1280.91,1261.13,1263.25"
2016-05-13 05:00:00+07:00,"1263.02,1276.28,1262.82,1273.06"
2016-05-16 05:00:00+07:00,"1271.16,1288.63,1270.49,1273.63"
2016-05-17 05:00:00+07:00,"1273.09,1282.22,1268.84,1278.5"
2016-05-18 05:00:00+07:00,"1278.84,1281.4,1255.01,1258.11"
2016-05-19 05:00:00+07:00,"1257.6,1261.26,1244.04,1254.42"
2016-05-20 05:00:00+07:00,"1254.68,1260.13,1248.82,1251.86"
2016-05-23 05:00:00+07:00,"1250.53,1256.04,1243.05,1249.1"
2016-05-24 05:00:00+07:00,"1248.83,1252.11,1226.2,1226.82"
2016-05-25 05:00:00+07:00,"1227.09,1230.12,1217.77,1223.93"
2016-05-26 05:00:00+07:00,"1223.34,1234.39,1218.28,1219.58"
2016-05-27 05:00:00+07:00,"1219.85,1223.51,1206.69,1212.77"
2016-05-30 05:00:00+07:00,"1212.47,1213.22,1199.69,1204.96"
2016-05-31 05:00:00+07:00,"1205.51,1218.14,1204.86,1215.08"
2016-06-01 05:00:00+07:00,"1215.26,1220.37,1205.91,1212.78"
2016-06-02 05:00:00+07:00,"1213.26,1217.59,1209.79,1210.79"
2016-06-03 05:00:00+07:00,"1210.78,1244.63,1206.93,1244.23"
2016-06-06 05:00:00+07:00,"1242.38,1248.65,1239.99,1245.03"
2016-06-07 05:00:00+07:00,"1244.96,1246.51,1234.78,1243.79"
2016-06-08 05:00:00+07:00,"1243.88,1264.32,1242.98,1262.03"
2016-06-09 05:00:00+07:00,"1261.71,1271.66,1256.78,1269.21"
2016-06-10 05:00:00+07:00,"1268.54,1278.08,1264.55,1273.77"
2016-06-13 05:00:00+07:00,"1275.23,1287.13,1272.38,1283.43"
2016-06-14 05:00:00+07:00,"1282.84,1289.79,1276.28,1285.75"
2016-06-15 05:00:00+07:00,"1284.59,1296.85,1278.38,1291.43"
2016-06-16 05:00:00+07:00,"1291.85,1315.53,1277.33,1277.44"
2016-06-17 05:00:00+07:00,"1278.65,1299.45,1276.52,1298.41"
2016-06-20 05:00:00+07:00,"1288.76,1292.22,1277.96,1289.66"
2016-06-21 05:00:00+07:00,"1289.23,1294.25,1264.47,1268.37"
2016-06-22 05:00:00+07:00,"1268.3,1270.61,1261.14,1265.4"
2016-06-23 05:00:00+07:00,"1264.83,1271.44,1254.57,1255.16"
2016-06-24 05:00:00+07:00,"1251.21,1358.12,1250.18,1314.86"
2016-06-27 05:00:00+07:00,"1321.77,1335.37,1317.64,1323.5"
2016-06-28 05:00:00+07:00,"1324.37,1326.14,1305.42,1311.69"
2016-06-29 05:00:00+07:00,"1310.34,1327.79,1310.13,1318.96"
2016-06-30 05:00:00+07:00,"1317.35,1324.06,1312.76,1321.39"
2016-07-01 05:00:00+07:00,"1322.22,1344.32,1320.49,1341.34"
2016-07-04 05:00:00+07:00,"1341.91,1357.4,1335.87,1351.36"
2016-07-05 05:00:00+07:00,"1347.89,1357.62,1338.06,1355.98"
2016-07-06 05:00:00+07:00,"1354.86,1375.06,1354.76,1363.69"
2016-07-07 05:00:00+07:00,"1363.38,1370.67,1350.96,1360.46"
2016-07-08 05:00:00+07:00,"1359.21,1370.34,1335.02,1366.26"
2016-07-11 05:00:00+07:00,"1367.21,1375.04,1350.87,1355.12"
2016-07-12 05:00:00+07:00,"1354.83,1357.65,1330.31,1333.45"
2016-07-13 05:00:00+07:00,"1332.85,1345.22,1327.5,1342.43"
2016-07-14 05:00:00+07:00,"1343.41,1347.06,1320.29,1334.68"
2016-07-15 05:00:00+07:00,"1335.69,1338.55,1322.42,1337.22"
2016-07-18 05:00:00+07:00,"1332.38,1335.48,1323.4,1328.14"
2016-07-19 05:00:00+07:00,"1328.53,1334.91,1325.55,1331.61"
2016-07-20 05:00:00+07:00,"1331.45,1338.26,1312.54,1315.59"
2016-07-21 05:00:00+07:00,"1316.15,1333.77,1310.74,1330.72"
2016-07-22 05:00:00+07:00,"1330.92,1333.72,1319.69,1321.9"
2016-07-25 05:00:00+07:00,"1322.61,1323.76,1312.12,1314.6"
2016-07-26 05:00:00+07:00,"1315.16,1324.48,1313.81,1319.23"
2016-07-27 05:00:00+07:00,"1319.66,1342.35,1315.85,1339.63"
2016-07-28 05:00:00+07:00,"1339.33,1345.56,1332.45,1335.24"
2016-07-29 05:00:00+07:00,"1335.51,1354.98,1328.43,1350.78"
2016-08-01 05:00:00+07:00,"1349.26,1354.78,1346.21,1352.19"
2016-08-02 05:00:00+07:00,"1353.23,1367.24,1347.05,1363.25"
2016-08-03 05:00:00+07:00,"1363.09,1366.46,1354.11,1357.35"
2016-08-04 05:00:00+07:00,"1357.97,1365.04,1349.11,1359.06"
2016-08-05 05:00:00+07:00,"1360.44,1364.73,1334.67,1336.02"
2016-08-08 05:00:00+07:00,"1334.71,1338.22,1329.81,1334.32"
2016-08-09 05:00:00+07:00,"1334.62,1342.55,1330.58,1339.98"
2016-08-10 05:00:00+07:00,"1340.44,1357.21,1339.53,1345.71"
2016-08-11 05:00:00+07:00,"1346.84,1353.3,1335.67,1338.08"
2016-08-12 05:00:00+07:00,"1338.54,1356.4,1333.22,1335.68"
2016-08-15 05:00:00+07:00,"1337.51,1343.79,1335.69,1338.63"
2016-08-16 05:00:00+07:00,"1339.47,1358.03,1339.38,1345.59"
2016-08-17 05:00:00+07:00,"1345.47,1351.59,1335.71,1348.25"
2016-08-18 05:00:00+07:00,"1348.62,1356.03,1345.99,1351.45"
2016-08-19 05:00:00+07:00,"1352.41,1352.78,1337.71,1341.06"
2016-08-22 05:00:00+07:00,"1340.11,1341.16,1331.69,1338.27"
2016-08-23 05:00:00+07:00,"1339.12,1344.71,1335.19,1336.79"
2016-08-24 05:00:00+07:00,"1337.4,1340.06,1323.5,1323.5"
2016-08-25 05:00:00+07:00,"1323.78,1326.98,1317.98,1321.72"
2016-08-26 05:00:00+07:00,"1321.44,1342.18,1318.33,1320.86"
2016-08-29 05:00:00+07:00,"1320.47,1325.09,1314.94,1323.36"
2016-08-30 05:00:00+07:00,"1323.07,1325.46,1309.27,1310.69"
2016-08-31 05:00:00+07:00,"1311.65,1316.13,1304.18,1308.72"
2016-09-01 05:00:00+07:00,"1308.39,1315.07,1302.41,1311.63"
2016-09-02 05:00:00+07:00,"1314.1,1330.02,1306.23,1324.65"
2016-09-05 05:00:00+07:00,"1324.28,1328.57,1321.71,1326.66"
2016-09-06 05:00:00+07:00,"1326.12,1352.6,1324.83,1349.7"
2016-09-07 05:00:00+07:00,"1348.37,1352.56,1342.7,1346.96"
2016-09-08 05:00:00+07:00,"1344.72,1349.3,1335.5,1337.5"
2016-09-09 05:00:00+07:00,"1337.75,1339.51,1327.56,1327.89"
2016-09-12 05:00:00+07:00,"1327.79,1330.2,1320.35,1326.95"
2016-09-13 05:00:00+07:00,"1327.55,1331.95,1315.6,1318.17"
2016-09-14 05:00:00+07:00,"1318.99,1325.95,1313.46,1321.24"
2016-09-15 05:00:00+07:00,"1322.16,1327.73,1309.23,1314.22"
2016-09-16 05:00:00+07:00,"1314.35,1318,1306.14,1309.8"
2016-09-19 05:00:00+07:00,"1309.76,1318.37,1309.4,1316.87"
2016-09-20 05:00:00+07:00,"1313.13,1317.84,1311.83,1314.83"
2016-09-21 05:00:00+07:00,"1314.46,1336.94,1307.66,1334.62"
2016-09-22 05:00:00+07:00,"1334.5,1343.61,1331.2,1336.68"
2016-09-23 05:00:00+07:00,"1336.62,1340.55,1333.78,1337.43"
2016-09-26 05:00:00+07:00,"1336.78,1341.98,1332.67,1337.6"
2016-09-27 05:00:00+07:00,"1337.75,1339.46,1324.63,1325.45"
2016-09-28 05:00:00+07:00,"1326.54,1327.48,1318.02,1320.92"
2016-09-29 05:00:00+07:00,"1321.4,1325.76,1316.01,1320.19"
2016-09-30 05:00:00+07:00,"1319.89,1328.01,1313.2,1315.83"
2016-10-03 05:00:00+07:00,"1318.26,1319.6,1309.35,1311.55"
2016-10-04 05:00:00+07:00,"1311.36,1313.01,1266.97,1267.94"
2016-10-05 05:00:00+07:00,"1268.33,1277.06,1262.14,1266.1"
2016-10-06 05:00:00+07:00,"1266.66,1269.38,1249.88,1253.61"
2016-10-07 05:00:00+07:00,"1254.84,1265.37,1241.31,1256.69"
2016-10-10 05:00:00+07:00,"1256.76,1264.87,1256.55,1258.13"
2016-10-11 05:00:00+07:00,"1259.34,1262.15,1249.69,1249.69"
2016-10-12 05:00:00+07:00,"1252.41,1258.87,1249.78,1253.99"
2016-10-13 05:00:00+07:00,"1255.44,1262.22,1253.11,1257.54"
2016-10-14 05:00:00+07:00,"1257.8,1259.45,1245.98,1250.54"
2016-10-17 05:00:00+07:00,"1251.05,1257.17,1250.23,1253.5"
2016-10-18 05:00:00+07:00,"1255,1264.68,1254.99,1261.31"
2016-10-19 05:00:00+07:00,"1262.28,1273.27,1260.27,1267.18"
2016-10-20 05:00:00+07:00,"1269.51,1274.51,1264.76,1265.37"
2016-10-21 05:00:00+07:00,"1265.75,1268,1261.12,1265.97"
2016-10-24 05:00:00+07:00,"1265.67,1271.87,1260.39,1265.48"
2016-10-25 05:00:00+07:00,"1264.87,1276.64,1262.04,1274.56"
2016-10-26 05:00:00+07:00,"1273.09,1276.45,1264.7,1266.71"
2016-10-27 05:00:00+07:00,"1266.78,1272.7,1265.06,1266.31"
2016-10-28 05:00:00+07:00,"1268.19,1284.2,1261.98,1275.78"
2016-10-31 05:00:00+07:00,"1277.05,1279.45,1271.17,1276.55"
2016-11-01 05:00:00+07:00,"1277.19,1291.85,1275.49,1287.85"
2016-11-02 05:00:00+07:00,"1287.95,1307.94,1287.32,1296.72"
2016-11-03 05:00:00+07:00,"1296.29,1306.73,1285.63,1302.27"
2016-11-04 05:00:00+07:00,"1302.01,1307.13,1294.73,1304.6"
2016-11-07 06:00:00+07:00,"1292.8,1295.82,1278.15,1281.05"
2016-11-08 06:00:00+07:00,"1281.72,1290.62,1272.88,1276.24"
2016-11-09 06:00:00+07:00,"1275.45,1337.18,1267.94,1277.49"
2016-11-10 06:00:00+07:00,"1277.47,1292.29,1252.25,1258.64"
2016-11-11 06:00:00+07:00,"1258.84,1265.4,1218.94,1227.01"
2016-11-14 06:00:00+07:00,"1226.99,1231.2,1211.55,1220.92"
2016-11-15 06:00:00+07:00,"1221.41,1231.47,1218.86,1228.45"
2016-11-16 06:00:00+07:00,"1226.89,1233,1221.44,1224.52"
2016-11-17 06:00:00+07:00,"1224.74,1231.37,1210.9,1215.65"
2016-11-18 06:00:00+07:00,"1216.05,1217.68,1202.81,1207.96"
2016-11-21 06:00:00+07:00,"1207.67,1217.5,1205.52,1213.72"
2016-11-22 06:00:00+07:00,"1213.42,1220.99,1206.09,1210.83"
2016-11-23 06:00:00+07:00,"1212.33,1215.02,1181.67,1187.45"
2016-11-24 06:00:00+07:00,"1186.95,1190.78,1180.29,1184.07"
2016-11-25 06:00:00+07:00,"1185.59,1193.21,1170.88,1181.13"
2016-11-28 06:00:00+07:00,"1184.66,1197.61,1182.66,1193.37"
2016-11-29 06:00:00+07:00,"1193.42,1195.09,1181.08,1187.87"
2016-11-30 06:00:00+07:00,"1188.12,1194.88,1170.62,1172.72"
2016-12-01 06:00:00+07:00,"1173.38,1176.69,1160.71,1171.54"
2016-12-02 06:00:00+07:00,"1172.31,1178.09,1166.71,1177.01"
2016-12-05 06:00:00+07:00,"1180.75,1187.98,1157.13,1169.99"
2016-12-06 06:00:00+07:00,"1170.15,1175.24,1166.64,1169.54"
2016-12-07 06:00:00+07:00,"1169.27,1180.2,1165.61,1173.88"
2016-12-08 06:00:00+07:00,"1174.19,1178.63,1169.18,1170.26"
2016-12-09 06:00:00+07:00,"1170.39,1171.99,1156.26,1159.53"
2016-12-12 06:00:00+07:00,"1159.54,1165.82,1151.21,1161.76"
2016-12-13 06:00:00+07:00,"1162.5,1164.96,1154.56,1155.97"
2016-12-14 06:00:00+07:00,"1157.7,1165.23,1139.12,1143.48"
2016-12-15 06:00:00+07:00,"1141.43,1144.38,1122.81,1128.19"
2016-12-16 06:00:00+07:00,"1128.69,1141.27,1126.62,1134.51"
2016-12-19 06:00:00+07:00,"1133.4,1142.31,1133.4,1138.22"
2016-12-20 06:00:00+07:00,"1137.9,1139.72,1125.75,1131.97"
2016-12-21 06:00:00+07:00,"1132.24,1137.06,1129.33,1130.95"
2016-12-22 06:00:00+07:00,"1131.39,1134.06,1127.77,1127.99"
2016-12-23 06:00:00+07:00,"1128.38,1135.75,1128.14,1133.26"
2016-12-27 06:00:00+07:00,"1133.7,1150.63,1131.59,1137.69"
2016-12-28 06:00:00+07:00,"1138.18,1144.44,1136.48,1140.2"
2016-12-29 06:00:00+07:00,"1142.18,1159.52,1141.71,1157.32"
2016-12-30 06:00:00+07:00,"1158.11,1163.17,1149.67,1151.53"
2017-01-03 06:00:00+07:00,"1150.36,1164.2,1146.01,1157.97"
2017-01-04 06:00:00+07:00,"1158.41,1167.88,1156.16,1162.49"
2017-01-05 06:00:00+07:00,"1163.73,1184.94,1162.92,1179.8"
2017-01-06 06:00:00+07:00,"1180.08,1182.85,1170.89,1172.22"
2017-01-09 06:00:00+07:00,"1172.58,1186.15,1171.92,1180.8"
2017-01-10 06:00:00+07:00,"1180.75,1190.52,1180.2,1187.2"
2017-01-11 06:00:00+07:00,"1187.7,1198.23,1177.14,1191.42"
2017-01-12 06:00:00+07:00,"1190.8,1206.91,1190.58,1195.24"
2017-01-13 06:00:00+07:00,"1194.72,1200.85,1187.85,1197.31"
2017-01-16 06:00:00+07:00,"1199.49,1208.56,1198.12,1202.55"
2017-01-17 06:00:00+07:00,"1202.98,1218.82,1202.58,1216.87"
2017-01-18 06:00:00+07:00,"1217.35,1217.64,1202.38,1203.88"
2017-01-19 06:00:00+07:00,"1203.3,1206.44,1195.83,1204.51"
2017-01-20 06:00:00+07:00,"1204.83,1214.84,1198.59,1208.76"
2017-01-23 06:00:00+07:00,"1209.3,1219.43,1209.21,1217.81"
2017-01-24 06:00:00+07:00,"1218.17,1220.14,1206.6,1208.68"
2017-01-25 06:00:00+07:00,"1208.88,1211.84,1193.3,1200.45"
2017-01-26 06:00:00+07:00,"1200.92,1202.63,1184.4,1188.41"
2017-01-27 06:00:00+07:00,"1188.85,1191.59,1180.55,1191.18"
2017-01-30 06:00:00+07:00,"1192.4,1199.38,1188.24,1195.32"
2017-01-31 06:00:00+07:00,"1195.43,1215.29,1193.76,1210.45"
2017-02-01 06:00:00+07:00,"1209.91,1213.17,1198.18,1209.58"
2017-02-02 06:00:00+07:00,"1209.13,1225.28,1208.37,1215.67"
2017-02-03 06:00:00+07:00,"1215.39,1221.36,1207.08,1220.02"
2017-02-06 06:00:00+07:00,"1219.55,1235.69,1219.15,1235.27"
2017-02-07 06:00:00+07:00,"1234.79,1235.76,1227.71,1233.7"
2017-02-08 06:00:00+07:00,"1233.8,1244.68,1230.07,1241.22"
2017-02-09 06:00:00+07:00,"1240.75,1244.47,1225.76,1228.16"
2017-02-10 06:00:00+07:00,"1228.04,1237.13,1221.61,1233.42"
2017-02-13 06:00:00+07:00,"1232.3,1232.78,1219.32,1225.04"
2017-02-14 06:00:00+07:00,"1225.3,1234.53,1221.83,1228.13"
2017-02-15 06:00:00+07:00,"1227.34,1233.38,1216.73,1233.38"
2017-02-16 06:00:00+07:00,"1233.08,1242.38,1232.07,1238.93"
2017-02-17 06:00:00+07:00,"1238.94,1243.76,1234.46,1234.54"
2017-02-20 06:00:00+07:00,"1235.1,1238.98,1232.67,1237.41"
2017-02-21 06:00:00+07:00,"1237.54,1238.82,1226.14,1235.54"
2017-02-22 06:00:00+07:00,"1235.9,1240.63,1231.18,1237.3"
2017-02-23 06:00:00+07:00,"1237.42,1251.06,1235.75,1249.33"
2017-02-24 06:00:00+07:00,"1249.24,1260.1,1247.71,1256.98"
2017-02-27 06:00:00+07:00,"1257.45,1263.88,1250.98,1252.69"
2017-02-28 06:00:00+07:00,"1252.27,1258.37,1247.73,1248.06"
2017-03-01 06:00:00+07:00,"1247.9,1250.56,1236.96,1249.32"
2017-03-02 06:00:00+07:00,"1249,1249.84,1231,1234.15"
2017-03-03 06:00:00+07:00,"1234.02,1236.24,1222.91,1234.44"
2017-03-06 06:00:00+07:00,"1233.44,1236.8,1224.88,1225.24"
2017-03-07 06:00:00+07:00,"1225.51,1227.15,1214.15,1215.71"
2017-03-08 06:00:00+07:00,"1215.1,1218.53,1206.64,1208.08"
2017-03-09 06:00:00+07:00,"1207.92,1208.96,1199.21,1201.02"
2017-03-10 06:00:00+07:00,"1200.22,1206.29,1194.98,1204.63"
2017-03-13 05:00:00+07:00,"1204.6,1211.15,1202.43,1202.55"
2017-03-14 05:00:00+07:00,"1203.03,1207.62,1197.36,1198.44"
2017-03-15 05:00:00+07:00,"1198.51,1221.98,1197.55,1219.11"
2017-03-16 05:00:00+07:00,"1218.82,1233.62,1218,1226.29"
2017-03-17 05:00:00+07:00,"1226,1231.63,1224.48,1229.25"
2017-03-20 05:00:00+07:00,"1228.85,1235.5,1228.7,1233.59"
2017-03-21 05:00:00+07:00,"1233.76,1247.49,1226.88,1244.14"
2017-03-22 05:00:00+07:00,"1244.05,1251.25,1243.88,1248.8"
2017-03-23 05:00:00+07:00,"1248.57,1253.21,1242.74,1244.93"
2017-03-24 05:00:00+07:00,"1244.95,1251.84,1240.93,1244.65"
2017-03-27 05:00:00+07:00,"1245.3,1261.03,1245.3,1253.92"
2017-03-28 05:00:00+07:00,"1253.4,1258.4,1247.63,1251.26"
2017-03-29 05:00:00+07:00,"1250.61,1254.66,1247.26,1253.21"
2017-03-30 05:00:00+07:00,"1253.42,1253.78,1241.73,1241.79"
2017-03-31 05:00:00+07:00,"1241.5,1250.63,1239.67,1248.55"
2017-04-03 05:00:00+07:00,"1249.79,1253.71,1244.43,1252.93"
2017-04-04 05:00:00+07:00,"1253.42,1261.23,1253.36,1255.8"
2017-04-05 05:00:00+07:00,"1255.99,1257.31,1243.72,1255.02"
2017-04-06 05:00:00+07:00,"1255.45,1258.9,1249.72,1250.99"
2017-04-07 05:00:00+07:00,"1251.59,1270.84,1250.55,1253.86"
2017-04-10 05:00:00+07:00,"1253.87,1257.06,1247.1,1253.65"
2017-04-11 05:00:00+07:00,"1254.81,1275.09,1253.05,1273.07"
2017-04-12 05:00:00+07:00,"1274.67,1286.79,1271.84,1286.56"
2017-04-13 05:00:00+07:00,"1286.15,1288.55,1281.8,1286.49"
2017-04-17 05:00:00+07:00,"1293.6,1295.48,1281.33,1284.31"
2017-04-18 05:00:00+07:00,"1284.25,1292.29,1278.87,1288.92"
2017-04-19 05:00:00+07:00,"1289.35,1290.68,1274.06,1279.82"
2017-04-20 05:00:00+07:00,"1279.79,1283.4,1276.63,1281.29"
2017-04-21 05:00:00+07:00,"1281.4,1288.22,1278.44,1284.01"
2017-04-24 05:00:00+07:00,"1276.05,1277.35,1265.5,1275.55"
2017-04-25 05:00:00+07:00,"1276.19,1278.1,1261.55,1263.42"
2017-04-26 05:00:00+07:00,"1264.04,1270.56,1260.01,1267.72"
2017-04-27 05:00:00+07:00,"1268.08,1269.56,1261.22,1264.14"
2017-04-28 05:00:00+07:00,"1263.87,1268.54,1263,1267.95"
2017-05-01 05:00:00+07:00,"1268.04,1271.13,1254.15,1256.13"
2017-05-02 05:00:00+07:00,"1256.24,1257.72,1251.96,1256.86"
2017-05-03 05:00:00+07:00,"1256.32,1256.9,1235.89,1237.77"
2017-05-04 05:00:00+07:00,"1238.24,1241.25,1225.69,1227.4"
2017-05-05 05:00:00+07:00,"1227.86,1235.58,1226.02,1227.58"
2017-05-08 05:00:00+07:00,"1221.65,1236.52,1220.85,1225.03"
2017-05-09 05:00:00+07:00,"1225.7,1228.59,1214.26,1220.58"
2017-05-10 05:00:00+07:00,"1221.73,1225.61,1217.52,1218.85"
2017-05-11 05:00:00+07:00,"1218.51,1227.69,1216.93,1224.08"
2017-05-12 05:00:00+07:00,"1224.64,1231.72,1224.42,1228.24"
2017-05-15 05:00:00+07:00,"1227.98,1237.26,1226.92,1230.56"
2017-05-16 05:00:00+07:00,"1230.69,1239.05,1230.26,1236.21"
2017-05-17 05:00:00+07:00,"1236.97,1261.37,1236.45,1261.37"
2017-05-18 05:00:00+07:00,"1260.57,1264.97,1245.98,1246.71"
2017-05-19 05:00:00+07:00,"1246.93,1256.39,1246.22,1255.2"
2017-05-22 05:00:00+07:00,"1257.24,1262.52,1251.76,1259.98"
2017-05-23 05:00:00+07:00,"1260.01,1263.73,1250.61,1250.94"
2017-05-24 05:00:00+07:00,"1250.89,1259.36,1247.87,1259.36"
2017-05-25 05:00:00+07:00,"1257.99,1259.61,1253.76,1255.05"
2017-05-26 05:00:00+07:00,"1255.23,1269.43,1253.1,1266.49"
2017-05-29 05:00:00+07:00,"1267.56,1269.04,1265,1266.74"
2017-05-30 05:00:00+07:00,"1266.51,1270.43,1259.34,1262.77"
2017-05-31 05:00:00+07:00,"1262.62,1274.06,1259.57,1268.78"
2017-06-01 05:00:00+07:00,"1268.33,1270.27,1261.49,1264.61"
2017-06-02 05:00:00+07:00,"1265.39,1279.42,1259.05,1278.78"
2017-06-05 05:00:00+07:00,"1279.62,1283.41,1277.74,1279.07"
2017-06-06 05:00:00+07:00,"1279.52,1296.09,1279.5,1293.68"
2017-06-07 05:00:00+07:00,"1293.94,1294.89,1282.64,1286.57"
2017-06-08 05:00:00+07:00,"1286.61,1288.88,1271.31,1277.6"
2017-06-09 05:00:00+07:00,"1281.34,1281.44,1264.61,1266.47"
2017-06-12 05:00:00+07:00,"1267.35,1270.32,1263.56,1265.37"
2017-06-13 05:00:00+07:00,"1265.29,1268.91,1259.27,1265.9"
2017-06-14 05:00:00+07:00,"1266.04,1280.5,1257.12,1260.65"
2017-06-15 05:00:00+07:00,"1260.3,1266.66,1251.44,1254.38"
2017-06-16 05:00:00+07:00,"1253.86,1257.18,1251.8,1253.67"
2017-06-19 05:00:00+07:00,"1254.18,1255.64,1243.07,1243.85"
2017-06-20 05:00:00+07:00,"1243.68,1248.04,1241.26,1243.16"
2017-06-21 05:00:00+07:00,"1242.59,1247.79,1240.81,1247.18"
2017-06-22 05:00:00+07:00,"1246.1,1254.74,1245.24,1250.08"
2017-06-23 05:00:00+07:00,"1250.07,1258.81,1249.78,1256.6"
2017-06-26 05:00:00+07:00,"1255.56,1258.04,1236.33,1244.76"
2017-06-27 05:00:00+07:00,"1244.24,1253.11,1241.33,1247.15"
2017-06-28 05:00:00+07:00,"1246.65,1254.77,1246.19,1248.99"
2017-06-29 05:00:00+07:00,"1248.81,1253.22,1239.74,1244.4"
2017-06-30 05:00:00+07:00,"1245.04,1248.22,1239.16,1241.28"
2017-07-03 05:00:00+07:00,"1241.09,1242.66,1218.51,1219.88"
2017-07-04 05:00:00+07:00,"1219.58,1226.49,1219.58,1223.34"
2017-07-05 05:00:00+07:00,"1223.13,1228.79,1217.4,1226.54"
2017-07-06 05:00:00+07:00,"1226.49,1229.13,1222.46,1224.12"
2017-07-07 05:00:00+07:00,"1224.66,1228.4,1207.27,1212.85"
2017-07-10 05:00:00+07:00,"1211.91,1215.62,1204.64,1213.99"
2017-07-11 05:00:00+07:00,"1214.06,1217.39,1208.16,1217.16"
2017-07-12 05:00:00+07:00,"1216.57,1225.67,1213.61,1220.12"
2017-07-13 05:00:00+07:00,"1218.89,1224.37,1216.52,1217.09"
2017-07-14 05:00:00+07:00,"1216.67,1232.8,1215.1,1228.51"
2017-07-17 05:00:00+07:00,"1228.74,1236,1228.16,1233.66"
2017-07-18 05:00:00+07:00,"1233.81,1244.52,1232.78,1242.08"
2017-07-19 05:00:00+07:00,"1242.23,1244,1235.84,1240.88"
2017-07-20 05:00:00+07:00,"1240.91,1247.51,1235.22,1244"
2017-07-21 05:00:00+07:00,"1244.23,1255.71,1243.32,1254.87"
2017-07-24 05:00:00+07:00,"1255.31,1258.8,1251.83,1254.56"
2017-07-25 05:00:00+07:00,"1254.62,1257.7,1249.08,1250.05"
2017-07-26 05:00:00+07:00,"1250.16,1263.49,1243.73,1260.8"
2017-07-27 05:00:00+07:00,"1260.34,1265.28,1254.48,1258.52"
2017-07-28 05:00:00+07:00,"1258.85,1270.85,1257.37,1269.33"
2017-07-31 05:00:00+07:00,"1270.11,1271.17,1265.73,1268.89"
2017-08-01 05:00:00+07:00,"1268.8,1274.13,1262.5,1268.29"
2017-08-02 05:00:00+07:00,"1268.66,1272.75,1262.81,1266.15"
2017-08-03 05:00:00+07:00,"1266.48,1270.8,1256.78,1267.48"
2017-08-04 05:00:00+07:00,"1269.09,1270.13,1254.15,1258.53"
2017-08-07 05:00:00+07:00,"1258.62,1259.98,1255.78,1257.51"
2017-08-08 05:00:00+07:00,"1257.08,1265.25,1251.54,1260.62"
2017-08-09 05:00:00+07:00,"1259.8,1278.74,1259.8,1276.75"
2017-08-10 05:00:00+07:00,"1277.21,1287.84,1274.66,1285.76"
2017-08-11 05:00:00+07:00,"1286.49,1291.95,1281.32,1288.91"
2017-08-14 05:00:00+07:00,"1290.07,1290.23,1278.63,1281.55"
2017-08-15 05:00:00+07:00,"1281.78,1282.09,1267.32,1271.07"
2017-08-16 05:00:00+07:00,"1270.96,1283.84,1267.79,1282.56"
2017-08-17 05:00:00+07:00,"1284.1,1290.17,1281.74,1287.65"
2017-08-18 05:00:00+07:00,"1287.87,1300.82,1283.59,1284.33"
2017-08-21 05:00:00+07:00,"1283.43,1293.87,1280.58,1291.57"
2017-08-22 05:00:00+07:00,"1291.03,1292.56,1282.04,1286.18"
2017-08-23 05:00:00+07:00,"1284.75,1291.38,1282.77,1289.77"
2017-08-24 05:00:00+07:00,"1290.36,1291.2,1284.61,1285.9"
2017-08-25 05:00:00+07:00,"1286.11,1294.49,1276.36,1290.85"
2017-08-28 05:00:00+07:00,"1292.44,1312.13,1291.91,1310.34"
2017-08-29 05:00:00+07:00,"1315.27,1326,1305.08,1309.38"
2017-08-30 05:00:00+07:00,"1309.1,1313.73,1305.19,1307.91"
2017-08-31 05:00:00+07:00,"1308.35,1323.66,1299.22,1320.84"
2017-09-01 05:00:00+07:00,"1321.1,1328.83,1316.44,1324.84"
2017-09-04 05:00:00+07:00,"1335.96,1339.81,1332.17,1333.77"
2017-09-05 05:00:00+07:00,"1333.82,1344.39,1326.25,1339.35"
2017-09-06 05:00:00+07:00,"1339.4,1342.49,1331.66,1333.98"
2017-09-07 05:00:00+07:00,"1334.02,1349.9,1332.6,1348.87"
2017-09-08 05:00:00+07:00,"1348.88,1357.52,1342.79,1346.42"
2017-09-11 05:00:00+07:00,"1346.03,1346.03,1326.4,1326.97"
2017-09-12 05:00:00+07:00,"1327.42,1332.15,1322.64,1331.34"
2017-09-13 05:00:00+07:00,"1333.82,1334.68,1320.85,1322.74"
2017-09-14 05:00:00+07:00,"1323.64,1330.67,1315.76,1329.35"
2017-09-15 05:00:00+07:00,"1329.49,1334.38,1319.77,1320.1"
2017-09-18 05:00:00+07:00,"1319.19,1319.96,1304.66,1307.19"
2017-09-19 05:00:00+07:00,"1306.62,1311.67,1305.21,1310.55"
2017-09-20 05:00:00+07:00,"1310.64,1316.03,1296.07,1300.68"
2017-09-21 05:00:00+07:00,"1300.93,1301.76,1288.18,1290.87"
2017-09-22 05:00:00+07:00,"1291.01,1298.73,1290.91,1297.21"
2017-09-25 05:00:00+07:00,"1298.1,1311.76,1289.56,1310.29"
2017-09-26 05:00:00+07:00,"1310.4,1313.67,1292.2,1293.27"
2017-09-27 05:00:00+07:00,"1293.69,1296.24,1281.52,1282.27"
2017-09-28 05:00:00+07:00,"1281.99,1288.8,1277.75,1286.92"
2017-09-29 05:00:00+07:00,"1286.92,1290.35,1276.14,1279.79"
2017-10-02 05:00:00+07:00,"1279.39,1280.14,1269.55,1270.45"
2017-10-03 05:00:00+07:00,"1270.63,1274.75,1268.33,1271.15"
2017-10-04 05:00:00+07:00,"1271.55,1282.22,1270.64,1274.4"
2017-10-05 05:00:00+07:00,"1274.77,1279.01,1266.51,1268"
2017-10-06 05:00:00+07:00,"1268.07,1276.45,1260.66,1276.03"
2017-10-09 05:00:00+07:00,"1275.55,1285.51,1275.31,1283.68"
2017-10-10 05:00:00+07:00,"1284.19,1294.25,1282.11,1287.46"
2017-10-11 05:00:00+07:00,"1288.11,1293.56,1284.59,1291.44"
2017-10-12 05:00:00+07:00,"1291.74,1297.5,1289.66,1293.49"
2017-10-13 05:00:00+07:00,"1293.57,1303.76,1291.03,1303.58"
2017-10-16 05:00:00+07:00,"1303.11,1306.06,1290.49,1295.07"
2017-10-17 05:00:00+07:00,"1294.83,1296.27,1281.36,1285.13"
2017-10-18 05:00:00+07:00,"1284.6,1288.89,1277,1280.88"
2017-10-19 05:00:00+07:00,"1280.61,1290.47,1276.61,1289.69"
2017-10-20 05:00:00+07:00,"1289.91,1291.11,1277.99,1280.13"
2017-10-23 05:00:00+07:00,"1279.46,1283.29,1272.61,1281.98"
2017-10-24 05:00:00+07:00,"1282.19,1283.66,1273.76,1276.66"
2017-10-25 05:00:00+07:00,"1276.45,1280.07,1271.01,1277.43"
2017-10-26 05:00:00+07:00,"1277.16,1282.56,1265.73,1267.03"
2017-10-27 05:00:00+07:00,"1266.92,1274,1263.78,1273.87"
2017-10-30 05:00:00+07:00,"1272.92,1278.85,1268.98,1276.29"
2017-10-31 05:00:00+07:00,"1276.21,1278.17,1267.73,1270.78"
2017-11-01 05:00:00+07:00,"1270.64,1280.86,1267.99,1274.54"
2017-11-02 05:00:00+07:00,"1274.51,1284.14,1273.39,1275.9"
2017-11-03 05:00:00+07:00,"1276.18,1280.05,1265.58,1269.8"
2017-11-06 06:00:00+07:00,"1270.71,1282.93,1266.12,1281.83"
2017-11-07 06:00:00+07:00,"1281.58,1281.75,1271.91,1275.19"
2017-11-08 06:00:00+07:00,"1276.21,1287.22,1275.96,1281.37"
2017-11-09 06:00:00+07:00,"1281.8,1288.53,1279.98,1284.98"
2017-11-10 06:00:00+07:00,"1285.01,1287.08,1273.46,1275.69"
2017-11-13 06:00:00+07:00,"1275.09,1279.83,1274.32,1278.24"
2017-11-14 06:00:00+07:00,"1278.08,1283.61,1269.97,1280.12"
2017-11-15 06:00:00+07:00,"1280.1,1289.55,1276.7,1278.16"
2017-11-16 06:00:00+07:00,"1278.1,1281.79,1275,1278.56"
2017-11-17 06:00:00+07:00,"1278.23,1296.93,1278.23,1294.14"
2017-11-20 06:00:00+07:00,"1292.32,1294.77,1274.59,1276.8"
2017-11-21 06:00:00+07:00,"1277.21,1284.73,1276.27,1280.34"
2017-11-22 06:00:00+07:00,"1280.82,1294.66,1279.09,1292.05"
2017-11-23 06:00:00+07:00,"1291.62,1293.56,1287,1290.84"
2017-11-24 06:00:00+07:00,"1291.54,1293.26,1285.65,1288.28"
2017-11-27 06:00:00+07:00,"1288.32,1299.2,1286.76,1294.35"
2017-11-28 06:00:00+07:00,"1294.54,1297.42,1290.72,1293.61"
2017-11-29 06:00:00+07:00,"1293.51,1296.67,1282.04,1283.54"
2017-11-30 06:00:00+07:00,"1283.96,1285.31,1270.37,1274.86"
2017-12-01 06:00:00+07:00,"1274.81,1289.25,1271.65,1280.26"
2017-12-04 06:00:00+07:00,"1272.9,1277.14,1271.02,1276.02"
2017-12-05 06:00:00+07:00,"1276.42,1277.04,1261,1265.8"
2017-12-06 06:00:00+07:00,"1265.98,1269.26,1262.58,1263.29"
2017-12-07 06:00:00+07:00,"1263.62,1264.49,1243.9,1247.02"
2017-12-08 06:00:00+07:00,"1247.44,1252.35,1243.73,1248.44"
2017-12-11 06:00:00+07:00,"1247.83,1251.56,1240.7,1242.09"
2017-12-12 06:00:00+07:00,"1241.81,1246.21,1236.49,1244.37"
2017-12-13 06:00:00+07:00,"1244.01,1256.95,1240.28,1255.65"
2017-12-14 06:00:00+07:00,"1255.14,1259.09,1250.5,1252.63"
2017-12-15 06:00:00+07:00,"1252.89,1261.85,1252.87,1255.04"
2017-12-18 06:00:00+07:00,"1254.39,1264.02,1252.77,1262.01"
2017-12-19 06:00:00+07:00,"1261.63,1265.25,1259.24,1261.54"
2017-12-20 06:00:00+07:00,"1261.62,1267.9,1261.39,1265.39"
2017-12-21 06:00:00+07:00,"1265.75,1268.98,1262.8,1266.57"
2017-12-22 06:00:00+07:00,"1266.62,1276.19,1265.03,1274.82"
2017-12-26 06:00:00+07:00,"1274.28,1283.81,1273.47,1282.88"
2017-12-27 06:00:00+07:00,"1283.01,1288.98,1281.36,1287.16"
2017-12-28 06:00:00+07:00,"1287.17,1295.22,1287.07,1294.96"
2017-12-29 06:00:00+07:00,"1294.39,1307.56,1293.91,1302.69"
2018-01-02 06:00:00+07:00,"1302.38,1318.94,1302.38,1317.5"
2018-01-03 06:00:00+07:00,"1317.55,1321.39,1307.46,1313.1"
2018-01-04 06:00:00+07:00,"1313.04,1326.06,1305.85,1322.69"
2018-01-05 06:00:00+07:00,"1322.86,1323.41,1313.7,1319.29"
2018-01-08 06:00:00+07:00,"1320.78,1322.15,1314.8,1320.4"
2018-01-09 06:00:00+07:00,"1320.37,1320.38,1308.85,1312.76"
2018-01-10 06:00:00+07:00,"1311.74,1327.74,1308.13,1316.61"
2018-01-11 06:00:00+07:00,"1316.25,1323.94,1315.72,1322.36"
2018-01-12 06:00:00+07:00,"1322.14,1339.35,1321.59,1337.61"
2018-01-15 06:00:00+07:00,"1336.5,1344.72,1335.89,1340.03"
2018-01-16 06:00:00+07:00,"1340.34,1342.28,1331.84,1338.4"
2018-01-17 06:00:00+07:00,"1338.18,1343.91,1326.16,1326.26"
2018-01-18 06:00:00+07:00,"1326.42,1333.02,1324.29,1326.81"
2018-01-19 06:00:00+07:00,"1326.67,1337.92,1326.43,1331.67"
2018-01-22 06:00:00+07:00,"1335.69,1335.69,1328.44,1333.93"
2018-01-23 06:00:00+07:00,"1333.81,1341.76,1331.52,1341.32"
2018-01-24 06:00:00+07:00,"1341.59,1361.95,1339.53,1358.47"
2018-01-25 06:00:00+07:00,"1357.79,1366.07,1342.67,1348.28"
2018-01-26 06:00:00+07:00,"1346.95,1357.09,1344.63,1349.91"
2018-01-29 06:00:00+07:00,"1349.13,1352.41,1337.66,1340.3"
2018-01-30 06:00:00+07:00,"1340.61,1348.91,1334.44,1338.51"
2018-01-31 06:00:00+07:00,"1337.75,1347.54,1332.8,1345.05"
2018-02-01 06:00:00+07:00,"1344.7,1350.99,1337.26,1348.79"
2018-02-02 06:00:00+07:00,"1348.57,1350.05,1327.48,1332.93"
2018-02-05 06:00:00+07:00,"1331.79,1341.44,1329,1339.52"
2018-02-06 06:00:00+07:00,"1339.56,1346.09,1320.22,1324.39"
2018-02-07 06:00:00+07:00,"1324.05,1332.32,1311.88,1318.41"
2018-02-08 06:00:00+07:00,"1317.68,1322.02,1307.09,1318.84"
2018-02-09 06:00:00+07:00,"1318.09,1322.62,1311.19,1315.98"
2018-02-12 06:00:00+07:00,"1314.87,1326.54,1314.2,1322.52"
2018-02-13 06:00:00+07:00,"1322,1330.75,1321.64,1329.34"
2018-02-14 06:00:00+07:00,"1329.39,1355.49,1318.3,1350.4"
2018-02-15 06:00:00+07:00,"1349.7,1357.09,1348.54,1353.22"
2018-02-16 06:00:00+07:00,"1353.64,1361.71,1344.84,1347.1"
2018-02-19 06:00:00+07:00,"1347.83,1351.31,1345.81,1346.59"
2018-02-20 06:00:00+07:00,"1346.55,1348.17,1328.51,1329.44"
2018-02-21 06:00:00+07:00,"1328.87,1336.16,1322.39,1324.49"
2018-02-22 06:00:00+07:00,"1323.51,1332.14,1320.95,1332.04"
2018-02-23 06:00:00+07:00,"1330.95,1332.17,1325.83,1328.68"
2018-02-26 06:00:00+07:00,"1328.02,1340.98,1326.69,1333.29"
2018-02-27 06:00:00+07:00,"1333.25,1336.73,1313.55,1318.48"
2018-02-28 06:00:00+07:00,"1317.5,1322.46,1315.63,1318.08"
2018-03-01 06:00:00+07:00,"1318.38,1320.98,1302.84,1316.97"
2018-03-02 06:00:00+07:00,"1316.76,1325.42,1315.24,1322.42"
2018-03-05 06:00:00+07:00,"1323.25,1327.77,1317.57,1320.31"
2018-03-06 06:00:00+07:00,"1319.74,1338.5,1319.65,1334.61"
2018-03-07 06:00:00+07:00,"1337.82,1340.49,1322.3,1325.53"
2018-03-08 06:00:00+07:00,"1325.13,1328.97,1319.04,1321.91"
2018-03-09 06:00:00+07:00,"1321.55,1325.17,1312.94,1323.38"
2018-03-12 05:00:00+07:00,"1323.49,1324.28,1315.15,1323"
2018-03-13 05:00:00+07:00,"1322.78,1328.28,1314.24,1326.36"
2018-03-14 05:00:00+07:00,"1325.98,1330.05,1321.6,1324.94"
2018-03-15 05:00:00+07:00,"1324.3,1327.92,1314.99,1316.12"
2018-03-16 05:00:00+07:00,"1316.01,1321.79,1309.71,1313.79"
2018-03-19 05:00:00+07:00,"1313.31,1319.59,1307.83,1316.87"
2018-03-20 05:00:00+07:00,"1316.53,1318.28,1307.23,1311.02"
2018-03-21 05:00:00+07:00,"1310.63,1336.57,1309.84,1332.05"
2018-03-22 05:00:00+07:00,"1331.96,1334.91,1324.85,1328.91"
2018-03-23 05:00:00+07:00,"1328.98,1350.24,1328.98,1347.1"
2018-03-26 05:00:00+07:00,"1347.22,1355.9,1343.51,1353.48"
2018-03-27 05:00:00+07:00,"1353.28,1356.78,1339.93,1344.81"
2018-03-28 05:00:00+07:00,"1345.2,1347.04,1323.48,1324.78"
2018-03-29 05:00:00+07:00,"1324.54,1328.34,1321.32,1325.11"
2018-04-02 05:00:00+07:00,"1325.58,1344.81,1324.88,1341.28"
2018-04-03 05:00:00+07:00,"1340.26,1342.46,1329,1332.79"
2018-04-04 05:00:00+07:00,"1332.41,1348.07,1331.54,1333.22"
2018-04-05 05:00:00+07:00,"1332.67,1334.89,1322.8,1326.55"
2018-04-06 05:00:00+07:00,"1326.05,1335.3,1320.43,1333.18"
2018-04-09 05:00:00+07:00,"1333.83,1337.98,1326.9,1336.26"
2018-04-10 05:00:00+07:00,"1335.84,1342.56,1331.13,1339.55"
2018-04-11 05:00:00+07:00,"1338.83,1365.1,1338.71,1353.17"
2018-04-12 05:00:00+07:00,"1352.51,1353.18,1333.81,1335"
2018-04-13 05:00:00+07:00,"1334.53,1347.05,1333.89,1345.34"
2018-04-16 05:00:00+07:00,"1347.04,1350.51,1340.19,1345.82"
2018-04-17 05:00:00+07:00,"1345.94,1349.4,1337.68,1347.21"
2018-04-18 05:00:00+07:00,"1347.31,1355.7,1342.31,1349.3"
2018-04-19 05:00:00+07:00,"1349.28,1354.67,1340.94,1345.47"
2018-04-20 05:00:00+07:00,"1345.64,1346.2,1335.03,1335.48"
2018-04-23 05:00:00+07:00,"1334.37,1335.46,1322.19,1324.74"
2018-04-24 05:00:00+07:00,"1324.19,1332.63,1322.64,1330.39"
2018-04-25 05:00:00+07:00,"1329.69,1332.08,1318.88,1323.3"
2018-04-26 05:00:00+07:00,"1322.81,1326.54,1315.33,1316.89"
2018-04-27 05:00:00+07:00,"1316.59,1325.2,1315.47,1323.42"
2018-04-30 05:00:00+07:00,"1322.35,1325.43,1310.29,1315.28"
2018-05-01 05:00:00+07:00,"1314.76,1316.37,1301.88,1303.96"
2018-05-02 05:00:00+07:00,"1303.43,1313.4,1303.43,1304.77"
2018-05-03 05:00:00+07:00,"1304.46,1318.05,1304.46,1312.17"
2018-05-04 05:00:00+07:00,"1311.65,1315.29,1307.99,1315.01"
2018-05-07 05:00:00+07:00,"1314.88,1318.87,1310.22,1314.16"
2018-05-08 05:00:00+07:00,"1313.44,1317.73,1306,1314.37"
2018-05-09 05:00:00+07:00,"1314.3,1317.4,1304.36,1312.7"
2018-05-10 05:00:00+07:00,"1312.29,1322.75,1310.81,1321.3"
2018-05-11 05:00:00+07:00,"1321.13,1325.91,1317.14,1317.98"
2018-05-14 05:00:00+07:00,"1317.94,1322.31,1313,1313.37"
2018-05-15 05:00:00+07:00,"1312.86,1314.89,1288.71,1290.56"
2018-05-16 05:00:00+07:00,"1289.68,1296.91,1286.43,1290.75"
2018-05-17 05:00:00+07:00,"1290.43,1294.39,1285.08,1290.85"
2018-05-18 05:00:00+07:00,"1290.51,1294.2,1286.09,1293.03"
2018-05-21 05:00:00+07:00,"1290.01,1293.15,1282.03,1292.66"
2018-05-22 05:00:00+07:00,"1292.57,1296.1,1287.93,1291.32"
2018-05-23 05:00:00+07:00,"1291.15,1298.33,1288.02,1293.39"
2018-05-24 05:00:00+07:00,"1293.51,1306.6,1292.79,1304.76"
2018-05-25 05:00:00+07:00,"1304.18,1307.8,1299.86,1301.46"
2018-05-28 05:00:00+07:00,"1299.98,1300.34,1295.5,1298.04"
2018-05-29 05:00:00+07:00,"1297.54,1306.63,1292.91,1298.68"
2018-05-30 05:00:00+07:00,"1298.12,1304.31,1295.92,1301.3"
2018-05-31 05:00:00+07:00,"1301.09,1306.48,1297.58,1298.21"
2018-06-01 05:00:00+07:00,"1298.5,1300.57,1289.34,1293.15"
2018-06-04 05:00:00+07:00,"1292.45,1298.09,1290.29,1291.97"
2018-06-05 05:00:00+07:00,"1291.88,1300.54,1289.75,1296.42"
2018-06-06 05:00:00+07:00,"1296,1301.75,1293.8,1296.49"
2018-06-07 05:00:00+07:00,"1296.23,1303.1,1294.89,1297.11"
2018-06-08 05:00:00+07:00,"1296.65,1300.6,1293.03,1298.99"
2018-06-11 05:00:00+07:00,"1299.83,1302.17,1294.14,1300.27"
2018-06-12 05:00:00+07:00,"1299.96,1300.58,1292.97,1295.77"
2018-06-13 05:00:00+07:00,"1295.35,1301.24,1291.74,1299.48"
2018-06-14 05:00:00+07:00,"1298.97,1309.27,1297.53,1302.07"
2018-06-15 05:00:00+07:00,"1302.04,1303.09,1275.42,1279.61"
2018-06-18 05:00:00+07:00,"1277.12,1282.45,1277.05,1278.36"
2018-06-19 05:00:00+07:00,"1277.88,1284.08,1270.41,1274.51"
2018-06-20 05:00:00+07:00,"1274.52,1276.41,1267.69,1267.95"
2018-06-21 05:00:00+07:00,"1267.37,1270.11,1261.45,1267.07"
2018-06-22 05:00:00+07:00,"1266.35,1271.11,1266.35,1269.32"
2018-06-25 05:00:00+07:00,"1270.14,1272.59,1264.52,1265.46"
2018-06-26 05:00:00+07:00,"1265.38,1267.67,1254.79,1258.8"
2018-06-27 05:00:00+07:00,"1258.52,1260.05,1250.76,1252.03"
2018-06-28 05:00:00+07:00,"1251.59,1254.28,1245.96,1248.18"
2018-06-29 05:00:00+07:00,"1247.81,1255.6,1246.2,1252.62"
2018-07-02 05:00:00+07:00,"1251.71,1254.15,1239.7,1241.89"
2018-07-03 05:00:00+07:00,"1241.87,1256.89,1237.93,1252.78"
2018-07-04 05:00:00+07:00,"1252.06,1261.11,1252.06,1256.9"
2018-07-05 05:00:00+07:00,"1256.02,1259.75,1251.31,1257.63"
2018-07-06 05:00:00+07:00,"1257,1258.77,1252.84,1254.82"
2018-07-09 05:00:00+07:00,"1255.4,1265.95,1254.8,1257.68"
2018-07-10 05:00:00+07:00,"1257.24,1260.39,1247.37,1255.46"
2018-07-11 05:00:00+07:00,"1255.45,1256.88,1241.56,1242.08"
2018-07-12 05:00:00+07:00,"1241.56,1248.52,1241.32,1247.08"
2018-07-13 05:00:00+07:00,"1247.16,1248.09,1236.69,1241.48"
2018-07-16 05:00:00+07:00,"1240.48,1245.57,1238.35,1240.9"
2018-07-17 05:00:00+07:00,"1240.26,1245.01,1226.07,1227.64"
2018-07-18 05:00:00+07:00,"1226.69,1229.13,1221.1,1227.48"
2018-07-19 05:00:00+07:00,"1227.19,1229.01,1211.54,1222.7"
2018-07-20 05:00:00+07:00,"1223,1232.27,1215.7,1231.67"
2018-07-23 05:00:00+07:00,"1231.39,1235.1,1222.35,1224.49"
2018-07-24 05:00:00+07:00,"1224.09,1229.5,1218.18,1224.4"
2018-07-25 05:00:00+07:00,"1224.19,1234.16,1223.27,1231.47"
2018-07-26 05:00:00+07:00,"1231.25,1235.23,1222.36,1222.55"
2018-07-27 05:00:00+07:00,"1222.53,1227.33,1217.6,1222.9"
2018-07-30 05:00:00+07:00,"1222.47,1225.09,1219.02,1221.55"
2018-07-31 05:00:00+07:00,"1221.55,1228.56,1214,1223.7"
2018-08-01 05:00:00+07:00,"1223.46,1224.83,1215.8,1215.93"
2018-08-02 05:00:00+07:00,"1215.57,1221.1,1207.11,1207.79"
2018-08-03 05:00:00+07:00,"1207.13,1219.99,1204.49,1213.46"
2018-08-06 05:00:00+07:00,"1213.41,1217.89,1206.59,1207.34"
2018-08-07 05:00:00+07:00,"1207.08,1216.13,1207.08,1210.94"
2018-08-08 05:00:00+07:00,"1210.68,1215.85,1206.46,1213.65"
2018-08-09 05:00:00+07:00,"1213.49,1217.3,1210.8,1212.3"
2018-08-10 05:00:00+07:00,"1212.11,1217.1,1205.77,1211.27"
2018-08-13 05:00:00+07:00,"1210.64,1213.84,1191.7,1193.52"
2018-08-14 05:00:00+07:00,"1194.04,1198.67,1192.08,1193.93"
2018-08-15 05:00:00+07:00,"1194.16,1194.66,1173.11,1174.66"
2018-08-16 05:00:00+07:00,"1175.34,1181.99,1160.23,1174.05"
2018-08-17 05:00:00+07:00,"1173.35,1185.05,1171.92,1184.65"
2018-08-20 05:00:00+07:00,"1183.49,1190.86,1182.78,1190.47"
2018-08-21 05:00:00+07:00,"1190.44,1196.97,1187.69,1196.02"
2018-08-22 05:00:00+07:00,"1196.03,1201.58,1192.61,1195.44"
2018-08-23 05:00:00+07:00,"1195.66,1196.61,1183.89,1185.18"
2018-08-24 05:00:00+07:00,"1185.05,1208.51,1183.16,1205.85"
2018-08-27 05:00:00+07:00,"1207.53,1212.37,1203.15,1211.24"
2018-08-28 05:00:00+07:00,"1210.84,1214.29,1199.67,1201.04"
2018-08-29 05:00:00+07:00,"1200.53,1207.26,1200.49,1206.53"
2018-08-30 05:00:00+07:00,"1206.08,1207.86,1196.33,1199.81"
2018-08-31 05:00:00+07:00,"1199.92,1208.86,1198.32,1200.98"
2018-09-03 05:00:00+07:00,"1200.38,1203.84,1195.72,1201.29"
2018-09-04 05:00:00+07:00,"1200.84,1202.02,1189.62,1191.4"
2018-09-05 05:00:00+07:00,"1190.65,1198.38,1190.65,1196.68"
2018-09-06 05:00:00+07:00,"1196.24,1206.95,1195.79,1200.07"
2018-09-07 05:00:00+07:00,"1199.72,1203.51,1193.45,1195.69"
2018-09-10 05:00:00+07:00,"1195.22,1198.5,1191.51,1195.82"
2018-09-11 05:00:00+07:00,"1195.13,1199.42,1187.76,1198.62"
2018-09-12 05:00:00+07:00,"1198.04,1208.47,1192.73,1206.13"
2018-09-13 05:00:00+07:00,"1206.85,1212.64,1200.19,1201.39"
2018-09-14 05:00:00+07:00,"1201.37,1208.57,1192.94,1193.59"
2018-09-17 05:00:00+07:00,"1194.34,1204.83,1192.82,1201.33"
2018-09-18 05:00:00+07:00,"1201.56,1203.53,1195.89,1198.25"
2018-09-19 05:00:00+07:00,"1197.62,1206.19,1197.52,1203.9"
2018-09-20 05:00:00+07:00,"1203.35,1208.37,1201.32,1207.07"
2018-09-21 05:00:00+07:00,"1206.96,1211.05,1191.82,1199.34"
2018-09-24 05:00:00+07:00,"1199.19,1204.12,1194.45,1198.78"
2018-09-25 05:00:00+07:00,"1198.22,1203.32,1197.13,1201.12"
2018-09-26 05:00:00+07:00,"1200.64,1202.46,1190.52,1194.35"
2018-09-27 05:00:00+07:00,"1194.39,1198.61,1181.84,1182.74"
2018-09-28 05:00:00+07:00,"1182.57,1193.73,1180.76,1191.95"
2018-10-01 05:00:00+07:00,"1192.25,1192.42,1184.61,1188.73"
2018-10-02 05:00:00+07:00,"1188.4,1208.25,1188.26,1202.93"
2018-10-03 05:00:00+07:00,"1202.95,1208.3,1196.62,1197.28"
2018-10-04 05:00:00+07:00,"1197.13,1206.69,1195.99,1199.78"
2018-10-05 05:00:00+07:00,"1199.27,1205.8,1197.25,1202.67"
2018-10-08 05:00:00+07:00,"1202.98,1204.07,1183.04,1187.91"
2018-10-09 05:00:00+07:00,"1188.44,1191.93,1183.33,1189.7"
2018-10-10 05:00:00+07:00,"1189.41,1194.75,1185.33,1194.67"
2018-10-11 05:00:00+07:00,"1194.31,1226.32,1191.28,1224.17"
2018-10-12 05:00:00+07:00,"1223.85,1224.05,1215.83,1217.79"
2018-10-15 05:00:00+07:00,"1217.23,1233.27,1216.76,1226.84"
2018-10-16 05:00:00+07:00,"1226.62,1232.38,1223.48,1224.72"
2018-10-17 05:00:00+07:00,"1224.18,1229.49,1220.63,1222.22"
2018-10-18 05:00:00+07:00,"1221.79,1230.12,1218.65,1225.75"
2018-10-19 05:00:00+07:00,"1225.2,1230.8,1223.14,1226.18"
2018-10-22 05:00:00+07:00,"1226.99,1229.51,1220.12,1221.99"
2018-10-23 05:00:00+07:00,"1221.55,1239.71,1221.55,1230.1"
2018-10-24 05:00:00+07:00,"1230.11,1234.14,1225.63,1234.04"
2018-10-25 05:00:00+07:00,"1234.37,1239.16,1228.11,1232.1"
2018-10-26 05:00:00+07:00,"1232.11,1243.44,1230.07,1233.42"
2018-10-29 05:00:00+07:00,"1234.09,1235.38,1224.34,1229.32"
2018-10-30 05:00:00+07:00,"1229.44,1230.6,1219.92,1223.01"
2018-10-31 05:00:00+07:00,"1222.96,1223.31,1211.96,1214.61"
2018-11-01 05:00:00+07:00,"1215.19,1237.34,1214.7,1233.12"
2018-11-02 05:00:00+07:00,"1233.51,1236.4,1229.76,1232.75"
2018-11-05 06:00:00+07:00,"1232.87,1235.1,1226.87,1231.59"
2018-11-06 06:00:00+07:00,"1231.45,1235.93,1223.48,1226.91"
2018-11-07 06:00:00+07:00,"1227.16,1236.38,1223.04,1226.56"
2018-11-08 06:00:00+07:00,"1226.13,1227.07,1220.12,1223.48"
2018-11-09 06:00:00+07:00,"1223.21,1223.68,1206.77,1209.63"
2018-11-12 06:00:00+07:00,"1209.56,1211.46,1200.2,1200.42"
2018-11-13 06:00:00+07:00,"1200.31,1205.17,1196.31,1202.11"
2018-11-14 06:00:00+07:00,"1202.02,1216.56,1197.7,1210.76"
2018-11-15 06:00:00+07:00,"1210.64,1216.46,1207.94,1213.25"
2018-11-16 06:00:00+07:00,"1213.23,1225.3,1213.13,1221.42"
2018-11-19 06:00:00+07:00,"1221.92,1225.32,1218.01,1224.01"
2018-11-20 06:00:00+07:00,"1223.74,1228.74,1219.97,1221.55"
2018-11-21 06:00:00+07:00,"1221.35,1230.05,1219.79,1225.93"
2018-11-22 06:00:00+07:00,"1225.99,1229.11,1224.91,1227.35"
2018-11-23 06:00:00+07:00,"1226.73,1228.53,1220.25,1222.96"
2018-11-26 06:00:00+07:00,"1223.57,1228.05,1221.72,1222.23"
2018-11-27 06:00:00+07:00,"1221.64,1225.27,1211.9,1215.01"
2018-11-28 06:00:00+07:00,"1215.01,1226.67,1211.23,1220.85"
2018-11-29 06:00:00+07:00,"1221.01,1229,1220.49,1224.29"
2018-11-30 06:00:00+07:00,"1224.13,1225.56,1216.67,1222.11"
2018-12-03 06:00:00+07:00,"1222.95,1234.89,1221.32,1230.69"
2018-12-04 06:00:00+07:00,"1230.88,1241.96,1230.54,1238.45"
2018-12-05 06:00:00+07:00,"1239,1239.26,1233.33,1237.08"
2018-12-06 06:00:00+07:00,"1237.54,1244.35,1234.77,1237.79"
2018-12-07 06:00:00+07:00,"1237.65,1250.05,1237.3,1248.44"
2018-12-10 06:00:00+07:00,"1249.69,1250.84,1241.65,1244.36"
2018-12-11 06:00:00+07:00,"1244.43,1249.53,1241.07,1243.01"
2018-12-12 06:00:00+07:00,"1243.06,1247.23,1242.03,1245.57"
2018-12-13 06:00:00+07:00,"1245.54,1246.73,1240.16,1241.96"
2018-12-14 06:00:00+07:00,"1241.71,1243.06,1232.93,1238.23"
2018-12-17 06:00:00+07:00,"1239.09,1248.11,1235.83,1245.87"
2018-12-18 06:00:00+07:00,"1245.79,1250.41,1245.08,1249.43"
2018-12-19 06:00:00+07:00,"1249.78,1258.03,1241.71,1242.95"
2018-12-20 06:00:00+07:00,"1243.41,1266.47,1242.74,1259.69"
2018-12-21 06:00:00+07:00,"1260.04,1262.75,1253.96,1255.52"
2018-12-24 06:00:00+07:00,"1257.41,1270.05,1257.08,1269"
2018-12-26 06:00:00+07:00,"1268.66,1279.09,1264.3,1266.91"
2018-12-27 06:00:00+07:00,"1266.76,1278.99,1266.56,1275.61"
2018-12-28 06:00:00+07:00,"1275.4,1282.14,1274.39,1280.74"
2018-12-31 06:00:00+07:00,"1280.32,1284.06,1277.44,1282.43"
2019-01-02 06:00:00+07:00,"1282.55,1288.74,1278.73,1284.48"
2019-01-03 06:00:00+07:00,"1285.9,1294.9,1284.63,1294.15"
2019-01-04 06:00:00+07:00,"1293.9,1296.94,1276.71,1284.66"
2019-01-07 06:00:00+07:00,"1284.86,1295.06,1284.18,1289.1"
2019-01-08 06:00:00+07:00,"1288.87,1290.22,1279.39,1285.24"
2019-01-09 06:00:00+07:00,"1284.98,1293.86,1280.14,1293.21"
2019-01-10 06:00:00+07:00,"1293.8,1297.07,1286.15,1286.48"
2019-01-11 06:00:00+07:00,"1286.64,1295.15,1286.63,1287.43"
2019-01-14 06:00:00+07:00,"1287.41,1295.87,1287.4,1291.56"
2019-01-15 06:00:00+07:00,"1291.89,1294.75,1286.82,1289.34"
2019-01-16 06:00:00+07:00,"1289.66,1294.95,1287.91,1293.48"
2019-01-17 06:00:00+07:00,"1294.03,1295.36,1288.79,1291.95"
2019-01-18 06:00:00+07:00,"1292.12,1292.49,1280.65,1281.53"
2019-01-21 06:00:00+07:00,"1281.52,1283.48,1276.8,1280.23"
2019-01-22 06:00:00+07:00,"1279.61,1285.52,1277.45,1285.02"
2019-01-23 06:00:00+07:00,"1284.97,1286.52,1278.68,1282.67"
2019-01-24 06:00:00+07:00,"1282.74,1283.9,1276.85,1281.08"
2019-01-25 06:00:00+07:00,"1280.79,1303.94,1279.95,1303.09"
2019-01-28 06:00:00+07:00,"1302.19,1304.42,1297.71,1303.17"
2019-01-29 06:00:00+07:00,"1302.99,1311.97,1302.73,1311.45"
2019-01-30 06:00:00+07:00,"1311.87,1323.37,1309.09,1319.65"
2019-01-31 06:00:00+07:00,"1319.64,1326.28,1318.6,1321.36"
2019-02-01 06:00:00+07:00,"1321.2,1323.56,1316.17,1317.58"
2019-02-04 06:00:00+07:00,"1318.01,1319.03,1308.72,1312.1"
2019-02-05 06:00:00+07:00,"1312.25,1316.85,1310.75,1315.24"
2019-02-06 06:00:00+07:00,"1315.03,1315.69,1305.73,1306.5"
2019-02-07 06:00:00+07:00,"1306.75,1311.96,1302.79,1310.08"
2019-02-08 06:00:00+07:00,"1310.18,1315.65,1307.81,1314.1"
2019-02-11 06:00:00+07:00,"1314.16,1314.85,1303.73,1308.13"
2019-02-12 06:00:00+07:00,"1308.05,1314.8,1306.54,1310.75"
2019-02-13 06:00:00+07:00,"1310.74,1318.17,1305.06,1306.14"
2019-02-14 06:00:00+07:00,"1305.51,1314.41,1302.49,1312.41"
2019-02-15 06:00:00+07:00,"1312.47,1322.6,1311.42,1321.04"
2019-02-18 06:00:00+07:00,"1321.22,1327.63,1320.11,1326.35"
2019-02-19 06:00:00+07:00,"1326.18,1341.84,1322.88,1341.04"
2019-02-20 06:00:00+07:00,"1340.46,1346.64,1336.88,1338.47"
2019-02-21 06:00:00+07:00,"1338.69,1341.5,1321.23,1323.26"
2019-02-22 06:00:00+07:00,"1323.4,1333.12,1321.56,1327.91"
2019-02-25 06:00:00+07:00,"1329.15,1332.56,1325.17,1327.4"
2019-02-26 06:00:00+07:00,"1327.53,1330.2,1323.51,1328.93"
2019-02-27 06:00:00+07:00,"1328.7,1329.43,1316.98,1319.75"
2019-02-28 06:00:00+07:00,"1319.52,1327.29,1312.63,1313.13"
2019-03-01 06:00:00+07:00,"1313.48,1315.24,1290.21,1293.33"
2019-03-04 06:00:00+07:00,"1293.32,1296.88,1282.86,1286.62"
2019-03-05 06:00:00+07:00,"1286.76,1289.57,1281.27,1287.79"
2019-03-06 06:00:00+07:00,"1287.48,1290.95,1283.62,1286.4"
2019-03-07 06:00:00+07:00,"1286.1,1289,1280.87,1285.5"
2019-03-08 06:00:00+07:00,"1285.92,1300.75,1285.21,1298.31"
2019-03-11 05:00:00+07:00,"1297.54,1299.11,1290.49,1293.36"
2019-03-12 05:00:00+07:00,"1293.64,1302.21,1292.44,1301.41"
2019-03-13 05:00:00+07:00,"1301.3,1311.26,1300.65,1309.07"
2019-03-14 05:00:00+07:00,"1308.8,1309.85,1292.85,1296.14"
2019-03-15 05:00:00+07:00,"1296.09,1306.38,1294.03,1302.14"
2019-03-18 05:00:00+07:00,"1302.04,1306.74,1298.52,1303.59"
2019-03-19 05:00:00+07:00,"1303.76,1310.89,1303.25,1306.44"
2019-03-20 05:00:00+07:00,"1305.5,1317,1298.7,1312.51"
2019-03-21 05:00:00+07:00,"1312.93,1320.39,1303.29,1309.38"
2019-03-22 05:00:00+07:00,"1309.31,1314.96,1306.86,1313.29"
2019-03-25 05:00:00+07:00,"1313.51,1324.48,1311,1321.82"
2019-03-26 05:00:00+07:00,"1321.73,1322.48,1312.72,1315.57"
2019-03-27 05:00:00+07:00,"1315.8,1319.3,1308.17,1309.61"
2019-03-28 05:00:00+07:00,"1309.58,1312.34,1288.57,1290.27"
2019-03-29 05:00:00+07:00,"1290.45,1299.8,1286.8,1292.02"
2019-04-01 05:00:00+07:00,"1292.09,1297.03,1286.5,1287.62"
2019-04-02 05:00:00+07:00,"1287.47,1292.56,1285.34,1292.41"
2019-04-03 05:00:00+07:00,"1292.2,1294.56,1288.42,1289.82"
2019-04-04 05:00:00+07:00,"1289.99,1294.37,1280.95,1292.18"
2019-04-05 05:00:00+07:00,"1292.22,1293.49,1284.43,1291.5"
2019-04-08 05:00:00+07:00,"1291.62,1303.71,1291.6,1297.38"
2019-04-09 05:00:00+07:00,"1297.43,1306.18,1296.61,1304.04"
2019-04-10 05:00:00+07:00,"1303.88,1310.6,1300.97,1308.03"
2019-04-11 05:00:00+07:00,"1308.04,1308.51,1289.63,1292.58"
2019-04-12 05:00:00+07:00,"1292.43,1295.76,1290.07,1290.61"
2019-04-15 05:00:00+07:00,"1291.11,1291.99,1282.55,1287.88"
2019-04-16 05:00:00+07:00,"1287.8,1288.43,1272.98,1276.79"
2019-04-17 05:00:00+07:00,"1276.63,1279.79,1273.05,1273.99"
2019-04-18 05:00:00+07:00,"1273.87,1277.67,1271.2,1275.63"
2019-04-22 05:00:00+07:00,"1275.5,1279.82,1273.85,1274.87"
2019-04-23 05:00:00+07:00,"1275.05,1276.52,1266.35,1272.29"
2019-04-24 05:00:00+07:00,"1272.08,1278.55,1268.79,1275.6"
2019-04-25 05:00:00+07:00,"1275.82,1282.6,1274.6,1277.18"
2019-04-26 05:00:00+07:00,"1276.96,1288.69,1275.22,1285.88"
2019-04-29 05:00:00+07:00,"1286.32,1286.64,1278.1,1279.79"
2019-04-30 05:00:00+07:00,"1279.83,1286.23,1279.74,1283.42"
2019-05-01 05:00:00+07:00,"1283.48,1287.22,1272.96,1276.61"
2019-05-02 05:00:00+07:00,"1276.86,1277.99,1266.28,1270.54"
2019-05-03 05:00:00+07:00,"1270.71,1282.55,1268.65,1279.04"
2019-05-06 05:00:00+07:00,"1281.74,1285.78,1277,1280.36"
2019-05-07 05:00:00+07:00,"1281.56,1286.08,1278.22,1284.34"
2019-05-08 05:00:00+07:00,"1284.13,1291.48,1279.37,1280.76"
2019-05-09 05:00:00+07:00,"1280.94,1288.21,1279.62,1283.86"
2019-05-10 05:00:00+07:00,"1284.36,1289.39,1283.19,1285.82"
2019-05-13 05:00:00+07:00,"1286.89,1301.24,1281.98,1299.75"
2019-05-14 05:00:00+07:00,"1300.39,1303.31,1293.72,1296.87"
2019-05-15 05:00:00+07:00,"1297.17,1300.88,1293.04,1296.47"
2019-05-16 05:00:00+07:00,"1296.39,1298.75,1284.11,1286.59"
2019-05-17 05:00:00+07:00,"1286.71,1288.98,1274.92,1277.67"
2019-05-20 05:00:00+07:00,"1277.96,1279,1273.69,1277.72"
2019-05-21 05:00:00+07:00,"1277.65,1277.85,1269.55,1274.75"
2019-05-22 05:00:00+07:00,"1274.72,1277.31,1272.5,1273.34"
2019-05-23 05:00:00+07:00,"1273.74,1287.29,1272.84,1283.39"
2019-05-24 05:00:00+07:00,"1283.25,1285.23,1280.78,1284.75"
2019-05-27 05:00:00+07:00,"1285.71,1287.39,1283.8,1285.02"
2019-05-28 05:00:00+07:00,"1285.49,1286.61,1276.15,1279.37"
2019-05-29 05:00:00+07:00,"1279.5,1285.53,1279.12,1279.83"
2019-05-30 05:00:00+07:00,"1279.71,1289.2,1275.05,1288.4"
2019-05-31 05:00:00+07:00,"1288.36,1306.95,1288.02,1305.43"
2019-06-03 05:00:00+07:00,"1307.36,1327.98,1306.58,1324.73"
2019-06-04 05:00:00+07:00,"1325.02,1329.07,1320,1325.28"
2019-06-05 05:00:00+07:00,"1325.26,1344.08,1324.52,1330.21"
2019-06-06 05:00:00+07:00,"1331.86,1339.82,1328.63,1335.43"
2019-06-07 05:00:00+07:00,"1335.39,1348.27,1330.3,1340.48"
2019-06-10 05:00:00+07:00,"1335.4,1337.74,1325.1,1327.96"
2019-06-11 05:00:00+07:00,"1328.3,1329.88,1319.89,1326.67"
2019-06-12 05:00:00+07:00,"1326.97,1338.38,1326.02,1333.47"
2019-06-13 05:00:00+07:00,"1333.91,1343.14,1332.4,1341.95"
2019-06-14 05:00:00+07:00,"1342.25,1358.17,1337.86,1341.47"
2019-06-17 05:00:00+07:00,"1342.21,1343.55,1332.99,1339.64"
2019-06-18 05:00:00+07:00,"1340.3,1354.66,1338.63,1346.58"
2019-06-19 05:00:00+07:00,"1346.4,1362.54,1341.37,1360.3"
2019-06-20 05:00:00+07:00,"1360.34,1393.95,1357.97,1388.29"
2019-06-21 05:00:00+07:00,"1388.5,1411.87,1382.52,1399.34"
2019-06-24 05:00:00+07:00,"1401.92,1421.43,1399.83,1419.4"
2019-06-25 05:00:00+07:00,"1418.64,1439.17,1411.91,1423.26"
2019-06-26 05:00:00+07:00,"1423.62,1423.62,1401.74,1408.98"
2019-06-27 05:00:00+07:00,"1409.49,1412.12,1398.63,1409.83"
2019-06-28 05:00:00+07:00,"1409.76,1423.4,1405.69,1409.3"
2019-07-01 05:00:00+07:00,"1391.15,1397.67,1381.79,1384.22"
2019-07-02 05:00:00+07:00,"1383.98,1420.97,1383.9,1418.1"
2019-07-03 05:00:00+07:00,"1419.73,1436.07,1412.07,1418.6"
2019-07-04 05:00:00+07:00,"1420.04,1421.69,1410.18,1414.94"
2019-07-05 05:00:00+07:00,"1415.97,1424.2,1386.78,1398.82"
2019-07-08 05:00:00+07:00,"1400.89,1407.62,1391.8,1395.26"
2019-07-09 05:00:00+07:00,"1395.25,1400.07,1385.83,1397.57"
2019-07-10 05:00:00+07:00,"1397.88,1418.95,1389.93,1418.82"
2019-07-11 05:00:00+07:00,"1418.93,1425.17,1400.92,1403.8"
2019-07-12 05:00:00+07:00,"1403.96,1416.89,1403.11,1415.29"
2019-07-15 05:00:00+07:00,"1415.14,1419.74,1407.74,1413.91"
2019-07-16 05:00:00+07:00,"1414.83,1418.26,1400.66,1405.77"
2019-07-17 05:00:00+07:00,"1407.02,1426.76,1400.13,1426.14"
2019-07-18 05:00:00+07:00,"1428.54,1448.05,1414.6,1446.08"
2019-07-19 05:00:00+07:00,"1446.91,1452.93,1420.2,1425.35"
2019-07-22 05:00:00+07:00,"1426.75,1430.04,1422.25,1424.61"
2019-07-23 05:00:00+07:00,"1425.52,1430.13,1414.25,1417.49"
2019-07-24 05:00:00+07:00,"1416.83,1429.5,1416.31,1425.48"
2019-07-25 05:00:00+07:00,"1425.35,1433.82,1411.08,1414.14"
2019-07-26 05:00:00+07:00,"1414.71,1424.81,1413.51,1418.38"
2019-07-29 05:00:00+07:00,"1419.15,1428.11,1414.86,1426.78"
2019-07-30 05:00:00+07:00,"1426.44,1433.19,1422.75,1430.72"
2019-07-31 05:00:00+07:00,"1430.83,1434.16,1410.54,1412.65"
2019-08-01 05:00:00+07:00,"1411.58,1446.08,1400.53,1444.68"
2019-08-02 05:00:00+07:00,"1446.51,1447.96,1430.3,1440.65"
2019-08-05 05:00:00+07:00,"1442.48,1469.75,1436.74,1463.82"
2019-08-06 05:00:00+07:00,"1469.08,1474.9,1456.46,1474.35"
2019-08-07 05:00:00+07:00,"1473.81,1510.38,1472.91,1501.11"
2019-08-08 05:00:00+07:00,"1499.43,1509.5,1490.05,1501.07"
2019-08-09 05:00:00+07:00,"1508.8,1508.8,1494.83,1497.18"
2019-08-12 05:00:00+07:00,"1496.78,1519.87,1487.52,1511.1"
2019-08-13 05:00:00+07:00,"1510.45,1535.03,1479.94,1501.14"
2019-08-14 05:00:00+07:00,"1501.82,1524.01,1494.2,1516.37"
2019-08-15 05:00:00+07:00,"1516.5,1527.05,1507.96,1523.14"
2019-08-16 05:00:00+07:00,"1522.06,1528.01,1503.75,1513.32"
2019-08-19 05:00:00+07:00,"1509.99,1512.96,1493.28,1495.92"
2019-08-20 05:00:00+07:00,"1496.86,1508.55,1492.94,1507.28"
2019-08-21 05:00:00+07:00,"1506.5,1507.51,1496.55,1502.49"
2019-08-22 05:00:00+07:00,"1502.78,1504.52,1492.51,1498.02"
2019-08-23 05:00:00+07:00,"1498.75,1530.23,1493.56,1526.66"
2019-08-26 05:00:00+07:00,"1539.07,1555.1,1525.07,1527.29"
2019-08-27 05:00:00+07:00,"1527.61,1544.67,1525.67,1542.51"
2019-08-28 05:00:00+07:00,"1541.55,1546.87,1531.96,1539.13"
2019-08-29 05:00:00+07:00,"1538.89,1550.38,1519.7,1527.4"
2019-08-30 05:00:00+07:00,"1527.74,1533.16,1517.05,1520.35"
2019-09-02 05:00:00+07:00,"1531.39,1534.02,1519.3,1529.12"
2019-09-03 05:00:00+07:00,"1528.16,1549.73,1521.67,1547.58"
2019-09-04 05:00:00+07:00,"1546.42,1557.03,1533.89,1552.48"
2019-09-05 05:00:00+07:00,"1552.21,1552.76,1506.29,1518.97"
2019-09-06 05:00:00+07:00,"1519.07,1527.91,1502.64,1506.69"
2019-09-09 05:00:00+07:00,"1505.42,1515.51,1497.64,1498.88"
2019-09-10 05:00:00+07:00,"1498.45,1500.96,1484.5,1485.22"
2019-09-11 05:00:00+07:00,"1485.54,1498.26,1485.11,1496.78"
2019-09-12 05:00:00+07:00,"1497.82,1524.24,1492.41,1499.02"
2019-09-13 05:00:00+07:00,"1499.16,1509.05,1485.82,1488.43"
2019-09-16 05:00:00+07:00,"1502.89,1508.12,1495.95,1498.21"
2019-09-17 05:00:00+07:00,"1498.6,1507.11,1493.47,1501.32"
2019-09-18 05:00:00+07:00,"1501.26,1511.57,1483.42,1494.06"
2019-09-19 05:00:00+07:00,"1493.41,1504.49,1491.41,1498.8"
2019-09-20 05:00:00+07:00,"1498.86,1517.08,1497.95,1516.64"
2019-09-23 05:00:00+07:00,"1511.63,1526.82,1510.99,1522.02"
2019-09-24 05:00:00+07:00,"1522.11,1535.66,1515.62,1532.16"
2019-09-25 05:00:00+07:00,"1531.55,1535.13,1500.52,1503.52"
2019-09-26 05:00:00+07:00,"1504.35,1512.32,1500.87,1504.44"
2019-09-27 05:00:00+07:00,"1504.51,1506.99,1486.95,1496.8"
2019-09-30 05:00:00+07:00,"1494.95,1500.46,1464.52,1472.5"
2019-10-01 05:00:00+07:00,"1472.94,1487.24,1459.09,1479.01"
2019-10-02 05:00:00+07:00,"1479.73,1505.12,1474.58,1499.8"
2019-10-03 05:00:00+07:00,"1499.46,1519.56,1495.79,1504.91"
2019-10-04 05:00:00+07:00,"1505.45,1514.38,1495.88,1504.63"
2019-10-07 05:00:00+07:00,"1508.66,1509.36,1488.08,1493.2"
2019-10-08 05:00:00+07:00,"1493.82,1509.68,1486.9,1505.52"
2019-10-09 05:00:00+07:00,"1505.89,1512.36,1499.91,1505.58"
2019-10-10 05:00:00+07:00,"1506.07,1516.98,1491.14,1493.49"
2019-10-11 05:00:00+07:00,"1494.53,1503.19,1474.03,1488.66"
2019-10-14 05:00:00+07:00,"1487.14,1497.13,1482.83,1493.08"
2019-10-15 05:00:00+07:00,"1492.45,1498.42,1477.21,1481.02"
2019-10-16 05:00:00+07:00,"1481.36,1491.55,1477.08,1489.91"
2019-10-17 05:00:00+07:00,"1490.17,1497.33,1483.48,1491.8"
2019-10-18 05:00:00+07:00,"1492.1,1494.1,1484.92,1490.38"
2019-10-21 05:00:00+07:00,"1491.52,1495.2,1481.65,1484.41"
2019-10-22 05:00:00+07:00,"1484.92,1488.98,1482.76,1487.54"
2019-10-23 05:00:00+07:00,"1488.41,1496.3,1487.77,1491.9"
2019-10-24 05:00:00+07:00,"1491.7,1504.02,1488,1503.63"
2019-10-25 05:00:00+07:00,"1503.48,1517.97,1500.63,1504.42"
2019-10-28 05:00:00+07:00,"1503.77,1508.24,1490.04,1492.42"
2019-10-29 05:00:00+07:00,"1492.35,1494.81,1483.53,1487.7"
2019-10-30 05:00:00+07:00,"1487.95,1496.63,1481.16,1495.66"
2019-10-31 05:00:00+07:00,"1495.52,1514.23,1493.78,1512.53"
2019-11-01 05:00:00+07:00,"1512.9,1515.97,1503.3,1514.15"
2019-11-04 06:00:00+07:00,"1512.5,1514.82,1504.46,1509.5"
2019-11-05 06:00:00+07:00,"1509.51,1509.69,1479.43,1483.45"
2019-11-06 06:00:00+07:00,"1482.69,1494.21,1482.65,1490.4"
2019-11-07 06:00:00+07:00,"1490.04,1492.19,1460.7,1468.49"
2019-11-08 06:00:00+07:00,"1467.99,1472.98,1456.25,1458.98"
2019-11-11 06:00:00+07:00,"1459.76,1466.47,1448.21,1455.84"
2019-11-12 06:00:00+07:00,"1455.15,1460.42,1445.62,1456.17"
2019-11-13 06:00:00+07:00,"1456.22,1467.1,1456.08,1463.36"
2019-11-14 06:00:00+07:00,"1463.56,1474.59,1461.16,1471.21"
2019-11-15 06:00:00+07:00,"1471.16,1471.39,1462.45,1467.72"
2019-11-18 06:00:00+07:00,"1467.65,1474,1456.35,1471.23"
2019-11-19 06:00:00+07:00,"1471.29,1475.18,1464.8,1472.42"
2019-11-20 06:00:00+07:00,"1472.8,1478.82,1465.94,1471.5"
2019-11-21 06:00:00+07:00,"1474.96,1475.68,1462.39,1464.35"
2019-11-22 06:00:00+07:00,"1464.54,1473.23,1461.39,1462.02"
2019-11-25 06:00:00+07:00,"1460.72,1462.15,1454.07,1455.07"
2019-11-26 06:00:00+07:00,"1455.24,1462.88,1450.09,1461.3"
2019-11-27 06:00:00+07:00,"1461.72,1461.84,1452.54,1454.29"
2019-11-28 06:00:00+07:00,"1454.67,1458.26,1454.26,1455.82"
2019-11-29 06:00:00+07:00,"1455.7,1466.58,1453.07,1463.9"
2019-12-02 06:00:00+07:00,"1463.23,1465.48,1453.94,1462.33"
2019-12-03 06:00:00+07:00,"1462.34,1481.74,1459.86,1477.25"
2019-12-04 06:00:00+07:00,"1477.02,1484.05,1471.48,1474.49"
2019-12-05 06:00:00+07:00,"1474.76,1480.35,1473,1475.84"
2019-12-06 06:00:00+07:00,"1475.91,1479.64,1458.73,1459.95"
2019-12-09 06:00:00+07:00,"1458.91,1465.41,1458.72,1461.51"
2019-12-10 06:00:00+07:00,"1461.53,1469.19,1460.05,1464.23"
2019-12-11 06:00:00+07:00,"1464.19,1478.92,1462.74,1474.78"
2019-12-12 06:00:00+07:00,"1474.63,1486.66,1464.01,1469.76"
2019-12-13 06:00:00+07:00,"1467.6,1478.06,1461.83,1475.66"
2019-12-16 06:00:00+07:00,"1475.9,1479.87,1473.78,1476.15"
2019-12-17 06:00:00+07:00,"1476.15,1480.51,1474.24,1476.1"
2019-12-18 06:00:00+07:00,"1476.17,1479.31,1470.5,1475.43"
2019-12-19 06:00:00+07:00,"1475.05,1481.69,1473.28,1478.84"
2019-12-20 06:00:00+07:00,"1478.91,1480.99,1475.86,1477.92"
2019-12-23 06:00:00+07:00,"1477.89,1486.14,1477.53,1485.38"
2019-12-24 06:00:00+07:00,"1485.45,1500.43,1484.37,1499.14"
2019-12-26 06:00:00+07:00,"1499.21,1512.59,1497.41,1510.98"
2019-12-27 06:00:00+07:00,"1510.98,1515.32,1507.36,1510.9"
2019-12-30 06:00:00+07:00,"1511.64,1516.12,1510.79,1514.84"
2019-12-31 06:00:00+07:00,"1514.77,1525.32,1514.75,1519.76"
2020-01-02 06:00:00+07:00,"1516.81,1531.31,1516.81,1529.03"
2020-01-03 06:00:00+07:00,"1528.91,1553.46,1527.95,1552.04"
2020-01-06 06:00:00+07:00,"1559.65,1587.74,1558.93,1565.57"
2020-01-07 06:00:00+07:00,"1564.53,1577.3,1555.23,1574"
2020-01-08 06:00:00+07:00,"1576.57,1611.26,1552.19,1556.25"
2020-01-09 06:00:00+07:00,"1556.46,1561.33,1540.17,1552.27"
2020-01-10 06:00:00+07:00,"1552.1,1563.07,1545.69,1561.81"
2020-01-13 06:00:00+07:00,"1559.72,1561.45,1546.47,1547.73"
2020-01-14 06:00:00+07:00,"1548,1548.83,1535.89,1546.32"
2020-01-15 06:00:00+07:00,"1546.21,1558.15,1545.89,1556.13"
2020-01-16 06:00:00+07:00,"1556.4,1558.06,1548,1552.4"
2020-01-17 06:00:00+07:00,"1551.98,1561.22,1549.34,1557.17"
2020-01-20 06:00:00+07:00,"1557.15,1562.77,1556.32,1560.71"
2020-01-21 06:00:00+07:00,"1560.3,1568.52,1546.29,1558.07"
2020-01-22 06:00:00+07:00,"1558.45,1559.18,1550.16,1558.95"
2020-01-23 06:00:00+07:00,"1558.66,1567.9,1551.87,1562.63"
2020-01-24 06:00:00+07:00,"1562.28,1575.75,1556.53,1571.26"
2020-01-27 06:00:00+07:00,"1581.07,1588.46,1575.86,1581.77"
2020-01-28 06:00:00+07:00,"1581.22,1583,1565.5,1567.3"
2020-01-29 06:00:00+07:00,"1566.75,1577.97,1563.36,1576.76"
2020-01-30 06:00:00+07:00,"1576.53,1585.93,1572.34,1574.08"
2020-01-31 06:00:00+07:00,"1573.88,1590.54,1570.9,1588.23"
2020-02-03 06:00:00+07:00,"1589.45,1593.33,1569.76,1576.58"
2020-02-04 06:00:00+07:00,"1577.08,1579.56,1549.08,1552.82"
2020-02-05 06:00:00+07:00,"1553.13,1562.41,1547.45,1556.13"
2020-02-06 06:00:00+07:00,"1555.87,1568.25,1552.52,1566.61"
2020-02-07 06:00:00+07:00,"1566.12,1574.08,1560.28,1570.22"
2020-02-10 06:00:00+07:00,"1572.27,1577.01,1568.02,1572.07"
2020-02-11 06:00:00+07:00,"1572.18,1574.02,1562.16,1567.72"
2020-02-12 06:00:00+07:00,"1567.55,1570.43,1561.88,1565.82"
2020-02-13 06:00:00+07:00,"1566.17,1578.26,1565.6,1576.1"
2020-02-14 06:00:00+07:00,"1576.22,1585,1573.06,1583.96"
2020-02-17 06:00:00+07:00,"1581.58,1583.78,1578.86,1581.06"
2020-02-18 06:00:00+07:00,"1583.53,1605.09,1582.98,1601.3"
2020-02-19 06:00:00+07:00,"1601.33,1612.93,1599.53,1611.6"
2020-02-20 06:00:00+07:00,"1611.09,1623.72,1603.93,1619.48"
2020-02-21 06:00:00+07:00,"1620.31,1649.18,1618.97,1643.19"
2020-02-24 06:00:00+07:00,"1660.77,1689.31,1650.91,1658.47"
2020-02-25 06:00:00+07:00,"1658.35,1660.78,1625.11,1634.72"
2020-02-26 06:00:00+07:00,"1636.89,1654.99,1624.92,1640.69"
2020-02-27 06:00:00+07:00,"1640.68,1660.35,1635.35,1644.42"
2020-02-28 06:00:00+07:00,"1642.57,1649.49,1562.9,1585.98"
2020-03-02 06:00:00+07:00,"1589.08,1610.98,1575.28,1589.53"
2020-03-03 06:00:00+07:00,"1587.45,1649.24,1587.34,1640.76"
2020-03-04 06:00:00+07:00,"1638.28,1652.39,1631.84,1636.87"
2020-03-05 06:00:00+07:00,"1637.54,1674.64,1635.03,1672.27"
2020-03-06 06:00:00+07:00,"1672.03,1692.06,1642.1,1674.17"
2020-03-09 05:00:00+07:00,"1699.47,1703.12,1657.27,1679.77"
2020-03-10 05:00:00+07:00,"1679.06,1680.32,1641.69,1649.35"
2020-03-11 05:00:00+07:00,"1649.61,1671.22,1632.93,1635.25"
2020-03-12 05:00:00+07:00,"1636.77,1650.32,1561.17,1577.61"
2020-03-13 05:00:00+07:00,"1576.19,1597.91,1504.3,1529"
2020-03-16 05:00:00+07:00,"1551.23,1575.34,1451.18,1514.18"
2020-03-17 05:00:00+07:00,"1500.49,1553.88,1465.48,1528.23"
2020-03-18 05:00:00+07:00,"1528.22,1546.29,1472.62,1485.74"
2020-03-19 05:00:00+07:00,"1485.81,1500.84,1464,1472.53"
2020-03-20 05:00:00+07:00,"1470.36,1515.93,1457.18,1498.22"
2020-03-23 05:00:00+07:00,"1507.93,1561.41,1482.28,1553.04"
2020-03-24 05:00:00+07:00,"1553.32,1632.29,1553.32,1625.89"
2020-03-25 05:00:00+07:00,"1627.87,1638.3,1587.02,1616.45"
2020-03-26 05:00:00+07:00,"1615.19,1644.15,1594.99,1628.77"
2020-03-27 05:00:00+07:00,"1633.52,1634.85,1613.46,1625.38"
2020-03-30 05:00:00+07:00,"1621.52,1632.5,1610.96,1622.19"
2020-03-31 05:00:00+07:00,"1621.22,1623.34,1574.33,1576.28"
2020-04-01 05:00:00+07:00,"1577.61,1600.1,1567.63,1590.67"
2020-04-02 05:00:00+07:00,"1589.57,1620.5,1582.66,1612.98"
2020-04-03 05:00:00+07:00,"1616.33,1626.14,1605.39,1617.19"
2020-04-06 05:00:00+07:00,"1618.76,1670.1,1608.73,1660.23"
2020-04-07 05:00:00+07:00,"1662.62,1673.48,1642.03,1647.01"
2020-04-08 05:00:00+07:00,"1645.84,1657.15,1640.05,1644.9"
2020-04-09 05:00:00+07:00,"1643.62,1690.62,1643.35,1682.44"
2020-04-13 05:00:00+07:00,"1682.87,1724.02,1673.14,1713.75"
2020-04-14 05:00:00+07:00,"1712.07,1747.42,1708.25,1726.56"
2020-04-15 05:00:00+07:00,"1728.14,1730.73,1706.89,1716.6"
2020-04-16 05:00:00+07:00,"1716.34,1738.76,1707.33,1717.33"
2020-04-17 05:00:00+07:00,"1713.88,1718.4,1679.41,1682.28"
2020-04-20 05:00:00+07:00,"1681.17,1702.45,1671.21,1695.37"
2020-04-21 05:00:00+07:00,"1693.92,1697.79,1659.44,1685.6"
2020-04-22 05:00:00+07:00,"1686.5,1718.91,1679.68,1713.82"
2020-04-23 05:00:00+07:00,"1712.8,1738.86,1707.4,1730.47"
2020-04-24 05:00:00+07:00,"1729.63,1736.18,1710.62,1727.18"
2020-04-27 05:00:00+07:00,"1725.26,1727.58,1706.11,1714.06"
2020-04-28 05:00:00+07:00,"1712.92,1716.31,1691.77,1708.43"
2020-04-29 05:00:00+07:00,"1708.56,1718.11,1697.58,1712.33"
2020-04-30 05:00:00+07:00,"1711.26,1721.97,1681.35,1686.79"
2020-05-01 05:00:00+07:00,"1685.47,1705.41,1670.52,1699.67"
2020-05-04 05:00:00+07:00,"1698.13,1713.05,1691.61,1700.85"
2020-05-05 05:00:00+07:00,"1701.82,1712.33,1689.81,1705.41"
2020-05-06 05:00:00+07:00,"1705.45,1708.19,1682.18,1685.3"
2020-05-07 05:00:00+07:00,"1684.66,1722.03,1683.8,1715.76"
2020-05-08 05:00:00+07:00,"1714.59,1723.59,1700.37,1701.57"
2020-05-11 05:00:00+07:00,"1702.64,1712.22,1691.46,1697.48"
2020-05-12 05:00:00+07:00,"1697.02,1711.03,1693.68,1702.11"
2020-05-13 05:00:00+07:00,"1702.81,1718.21,1699.02,1716.23"
2020-05-14 05:00:00+07:00,"1716.5,1736.47,1710.97,1730.01"
2020-05-15 05:00:00+07:00,"1729.41,1751.43,1728.63,1741.8"
2020-05-18 05:00:00+07:00,"1745.11,1765.13,1727.47,1732.83"
2020-05-19 05:00:00+07:00,"1732.1,1748.13,1725.85,1744.63"
2020-05-20 05:00:00+07:00,"1744.93,1754.06,1742.04,1747.71"
2020-05-21 05:00:00+07:00,"1746.48,1748.64,1717.21,1727.03"
2020-05-22 05:00:00+07:00,"1725.59,1740.23,1724.47,1734.02"
2020-05-25 05:00:00+07:00,"1733.51,1733.66,1721.73,1726.53"
2020-05-26 05:00:00+07:00,"1727.86,1735.51,1708.59,1710.68"
2020-05-27 05:00:00+07:00,"1711.49,1716,1693.79,1709.41"
2020-05-28 05:00:00+07:00,"1710.75,1727.72,1704.94,1718.05"
2020-05-29 05:00:00+07:00,"1718.95,1737.57,1712.68,1728.92"
2020-06-01 05:00:00+07:00,"1736.15,1744.55,1727.1,1739.76"
2020-06-02 05:00:00+07:00,"1738.73,1745.22,1721.55,1727.92"
2020-06-03 05:00:00+07:00,"1726.99,1731.79,1689.48,1698.11"
2020-06-04 05:00:00+07:00,"1699.79,1721.77,1697.03,1714.11"
2020-06-05 05:00:00+07:00,"1714.93,1716.25,1670.71,1685.35"
2020-06-08 05:00:00+07:00,"1683.3,1700.62,1677.3,1698.11"
2020-06-09 05:00:00+07:00,"1698.85,1720.86,1692.24,1714.58"
2020-06-10 05:00:00+07:00,"1714.99,1739.95,1708.02,1738.44"
2020-06-11 05:00:00+07:00,"1737.58,1744.92,1721.66,1727.11"
2020-06-12 05:00:00+07:00,"1727.93,1743.13,1722.27,1730.11"
2020-06-15 05:00:00+07:00,"1730.02,1734.1,1704.15,1724.97"
2020-06-16 05:00:00+07:00,"1724.92,1732.81,1716.74,1726.31"
2020-06-17 05:00:00+07:00,"1725.48,1730.2,1712.64,1726.35"
2020-06-18 05:00:00+07:00,"1726.27,1737.65,1717.51,1722.31"
2020-06-19 05:00:00+07:00,"1722.84,1745.29,1721.5,1742.96"
2020-06-22 05:00:00+07:00,"1744.63,1763.12,1742.84,1754.71"
2020-06-23 05:00:00+07:00,"1754.33,1771.2,1747.27,1767.75"
2020-06-24 05:00:00+07:00,"1769.48,1779.29,1760.81,1761.44"
2020-06-25 05:00:00+07:00,"1760.36,1768.88,1753.88,1763.78"
2020-06-26 05:00:00+07:00,"1763.74,1772.06,1747.54,1770.81"
2020-06-29 05:00:00+07:00,"1773.78,1775.45,1765.71,1772.38"
2020-06-30 05:00:00+07:00,"1772.61,1785.93,1764.71,1780.52"
2020-07-01 05:00:00+07:00,"1781.43,1789.12,1759.35,1770.46"
2020-07-02 05:00:00+07:00,"1769.42,1779.46,1757.52,1775.44"
2020-07-03 05:00:00+07:00,"1776.33,1777.14,1772.75,1774.93"
2020-07-06 05:00:00+07:00,"1773.48,1787.17,1769.98,1784.57"
2020-07-07 05:00:00+07:00,"1784.75,1797.64,1773.66,1795.28"
2020-07-08 05:00:00+07:00,"1795.5,1817.96,1791.63,1808.83"
2020-07-09 05:00:00+07:00,"1808.85,1815.94,1795.8,1803.13"
2020-07-10 05:00:00+07:00,"1802.8,1810.69,1794.17,1798.35"
2020-07-13 05:00:00+07:00,"1800.23,1813.38,1797.8,1802.41"
2020-07-14 05:00:00+07:00,"1802.17,1810.95,1790.11,1809.22"
2020-07-15 05:00:00+07:00,"1808.48,1815.01,1802.52,1810.02"
2020-07-16 05:00:00+07:00,"1810.29,1813.27,1794.95,1796.8"
2020-07-17 05:00:00+07:00,"1796.66,1811.97,1795.76,1809.4"
2020-07-20 05:00:00+07:00,"1808.23,1820.54,1805.65,1817.66"
2020-07-21 05:00:00+07:00,"1817.57,1843.5,1815.61,1841.5"
2020-07-22 05:00:00+07:00,"1840.82,1872.15,1840.4,1871.57"
2020-07-23 05:00:00+07:00,"1871.58,1898.41,1863.65,1887.2"
2020-07-24 05:00:00+07:00,"1886.21,1906.53,1881.26,1900.79"
2020-07-27 05:00:00+07:00,"1901.32,1945.67,1899.65,1941.96"
2020-07-28 05:00:00+07:00,"1941.3,1981.08,1906.68,1959.85"
2020-07-29 05:00:00+07:00,"1960.13,1980.72,1941.47,1970.48"
2020-07-30 05:00:00+07:00,"1970.13,1971.58,1939.6,1955.98"
2020-07-31 05:00:00+07:00,"1956.33,1983.26,1955.12,1975.17"
2020-08-03 05:00:00+07:00,"1981.55,1985.09,1960.6,1976.72"
2020-08-04 05:00:00+07:00,"1976.52,2019.88,1967.46,2019.13"
2020-08-05 05:00:00+07:00,"2019.11,2055.5,2009.57,2037.78"
2020-08-06 05:00:00+07:00,"2038.39,2069.68,2034.56,2063.16"
2020-08-07 05:00:00+07:00,"2066.09,2074.99,2015.57,2034.73"
2020-08-10 05:00:00+07:00,"2032.51,2049.94,2019.28,2027.38"
2020-08-11 05:00:00+07:00,"2027.94,2030,1901.29,1911.57"
2020-08-12 05:00:00+07:00,"1913.25,1949.64,1862.6,1916.76"
2020-08-13 05:00:00+07:00,"1917.01,1966.3,1912.78,1953.33"
2020-08-14 05:00:00+07:00,"1953.7,1962.27,1932.26,1944.02"
2020-08-17 05:00:00+07:00,"1945.34,1990.69,1929.61,1985.16"
2020-08-18 05:00:00+07:00,"1984.91,2015.65,1980.55,2001.81"
2020-08-19 05:00:00+07:00,"2003.23,2006.59,1924.69,1929.19"
2020-08-20 05:00:00+07:00,"1928.59,1955.32,1924.54,1946.74"
2020-08-21 05:00:00+07:00,"1946.37,1955.97,1911.44,1940.04"
2020-08-24 05:00:00+07:00,"1937.76,1961.89,1923.8,1929.1"
2020-08-25 05:00:00+07:00,"1929.77,1937.47,1914.36,1927.98"
2020-08-26 05:00:00+07:00,"1929.2,1954.87,1902.82,1954.11"
2020-08-27 05:00:00+07:00,"1953.77,1976.7,1909.94,1929.05"
2020-08-28 05:00:00+07:00,"1930.81,1973.87,1923.31,1964.78"
2020-08-31 05:00:00+07:00,"1967.9,1976.46,1954.31,1967.48"
2020-09-01 05:00:00+07:00,"1967.97,1992.35,1963.19,1970.37"
2020-09-02 05:00:00+07:00,"1969.85,1973.3,1932.65,1942.92"
2020-09-03 05:00:00+07:00,"1942.38,1951.07,1921.82,1930.3"
2020-09-04 05:00:00+07:00,"1931.82,1947.2,1916.41,1933.44"
2020-09-07 05:00:00+07:00,"1930.97,1941.4,1924.43,1928.51"
2020-09-08 05:00:00+07:00,"1930.37,1940.86,1906.46,1931.48"
2020-09-09 05:00:00+07:00,"1931.79,1950.87,1919.96,1946.52"
2020-09-10 05:00:00+07:00,"1945.37,1966.4,1941.37,1946.22"
2020-09-11 05:00:00+07:00,"1946.43,1954.78,1937.11,1940.02"
2020-09-14 05:00:00+07:00,"1940.52,1962.48,1937.06,1956.58"
2020-09-15 05:00:00+07:00,"1957.56,1972.2,1948.53,1954.2"
2020-09-16 05:00:00+07:00,"1954.56,1973.5,1949.91,1959.51"
2020-09-17 05:00:00+07:00,"1959.59,1960.96,1932.83,1944.28"
2020-09-18 05:00:00+07:00,"1945.32,1960.09,1943.98,1950.03"
2020-09-21 05:00:00+07:00,"1950.2,1955.62,1882.49,1912.64"
2020-09-22 05:00:00+07:00,"1911.48,1920.05,1894.73,1900.07"
2020-09-23 05:00:00+07:00,"1899.96,1905.35,1855.72,1863.11"
2020-09-24 05:00:00+07:00,"1863.43,1877.11,1848.85,1867.58"
2020-09-25 05:00:00+07:00,"1869,1875.22,1852.39,1861.12"
2020-09-28 05:00:00+07:00,"1862.36,1883.09,1848.97,1881.35"
2020-09-29 05:00:00+07:00,"1881.28,1899.06,1875.5,1897.23"
2020-09-30 05:00:00+07:00,"1897.95,1902.31,1881.39,1885.3"
2020-10-01 05:00:00+07:00,"1886.05,1911.96,1884.55,1905.97"
2020-10-02 05:00:00+07:00,"1905.43,1917.07,1889.81,1898.6"
2020-10-05 05:00:00+07:00,"1901.74,1918.8,1887.02,1913.34"
2020-10-06 05:00:00+07:00,"1912.46,1921.1,1874.67,1877.88"
2020-10-07 05:00:00+07:00,"1879.22,1897.97,1872.81,1887.55"
2020-10-08 05:00:00+07:00,"1887.31,1900.64,1882.03,1893.55"
2020-10-09 05:00:00+07:00,"1894.25,1930.52,1893.62,1929.82"
2020-10-12 05:00:00+07:00,"1927.11,1933.26,1918.26,1922.52"
2020-10-13 05:00:00+07:00,"1923.19,1925.36,1886.38,1890.99"
2020-10-14 05:00:00+07:00,"1892.34,1912.93,1882.38,1901.17"
2020-10-15 05:00:00+07:00,"1901.71,1908.9,1889.5,1908.25"
2020-10-16 05:00:00+07:00,"1908.05,1913.86,1897.79,1898.7"
2020-10-19 05:00:00+07:00,"1899.58,1918.5,1896.94,1904.2"
2020-10-20 05:00:00+07:00,"1904.17,1914.11,1894.72,1907.01"
2020-10-21 05:00:00+07:00,"1908.85,1931.43,1908.54,1924.64"
2020-10-22 05:00:00+07:00,"1924.2,1926.01,1894.51,1903.71"
2020-10-23 05:00:00+07:00,"1904.53,1914.27,1894.36,1901.46"
2020-10-26 05:00:00+07:00,"1901.95,1908.6,1891.24,1902.23"
2020-10-27 05:00:00+07:00,"1902.28,1911.4,1897.85,1907.6"
2020-10-28 05:00:00+07:00,"1907.56,1910.85,1869.31,1876.97"
2020-10-29 05:00:00+07:00,"1876.12,1884.99,1859.95,1867.67"
2020-10-30 05:00:00+07:00,"1868.46,1889.77,1864.36,1878.75"
2020-11-02 06:00:00+07:00,"1877.25,1896.08,1873.4,1895.64"
2020-11-03 06:00:00+07:00,"1895.75,1910.58,1886.96,1909.42"
2020-11-04 06:00:00+07:00,"1908.28,1916.41,1882.98,1903.01"
2020-11-05 06:00:00+07:00,"1903.15,1952.75,1902.47,1949.3"
2020-11-06 06:00:00+07:00,"1947.28,1960.37,1935.59,1950.93"
2020-11-09 06:00:00+07:00,"1955.17,1965.53,1850.45,1861.9"
2020-11-10 06:00:00+07:00,"1862.16,1890.36,1860.02,1877.17"
2020-11-11 06:00:00+07:00,"1876.76,1884.33,1856.3,1865.13"
2020-11-12 06:00:00+07:00,"1865.64,1883.87,1862.68,1876.72"
2020-11-13 06:00:00+07:00,"1876.11,1896.69,1873.98,1889.25"
2020-11-16 06:00:00+07:00,"1888.85,1899.04,1863.61,1888.54"
2020-11-17 06:00:00+07:00,"1888.72,1893.52,1876.98,1880.1"
2020-11-18 06:00:00+07:00,"1880.81,1884.84,1863.65,1872.29"
2020-11-19 06:00:00+07:00,"1872.75,1874.08,1852.72,1866.02"
2020-11-20 06:00:00+07:00,"1862.79,1879.75,1860.86,1870.73"
2020-11-23 06:00:00+07:00,"1871.19,1876.12,1830.96,1837.84"
2020-11-24 06:00:00+07:00,"1837.94,1839,1800.35,1807.45"
2020-11-25 06:00:00+07:00,"1807.77,1817.71,1801.64,1807.7"
2020-11-26 06:00:00+07:00,"1808.27,1818.29,1805.78,1810.33"
2020-11-27 06:00:00+07:00,"1811.53,1813.83,1774.32,1786.77"
2020-11-30 06:00:00+07:00,"1788.24,1789.94,1764.41,1776.76"
2020-12-01 06:00:00+07:00,"1777.88,1817.3,1775.73,1814.97"
2020-12-02 06:00:00+07:00,"1814.16,1832.46,1807.46,1830.51"
2020-12-03 06:00:00+07:00,"1830.48,1843.95,1823.68,1840.95"
2020-12-04 06:00:00+07:00,"1841.23,1848.16,1829.18,1838.67"
2020-12-07 06:00:00+07:00,"1838.53,1868.58,1821.52,1862.21"
2020-12-08 06:00:00+07:00,"1862.2,1875.28,1860.22,1870.32"
2020-12-09 06:00:00+07:00,"1870.36,1870.53,1825.36,1839.91"
2020-12-10 06:00:00+07:00,"1839.32,1849.97,1828.61,1836.71"
2020-12-11 06:00:00+07:00,"1836.38,1847.7,1823.92,1839.56"
2020-12-14 06:00:00+07:00,"1839.17,1839.17,1818.74,1826.96"
2020-12-15 06:00:00+07:00,"1827.3,1855.36,1825.54,1853.3"
2020-12-16 06:00:00+07:00,"1853.59,1865.73,1844.8,1864.62"
2020-12-17 06:00:00+07:00,"1863.69,1896.14,1861.96,1885.5"
2020-12-18 06:00:00+07:00,"1885.16,1889.57,1877.4,1881.5"
2020-12-21 06:00:00+07:00,"1882.21,1906.8,1854.6,1876.65"
2020-12-22 06:00:00+07:00,"1877.46,1884.24,1858.95,1860"
2020-12-23 06:00:00+07:00,"1860.29,1878.53,1856.98,1873.23"
2020-12-24 06:00:00+07:00,"1873.49,1883.54,1869.52,1879.19"
2020-12-28 06:00:00+07:00,"1883.74,1900.26,1869.13,1873.57"
2020-12-29 06:00:00+07:00,"1874.78,1886.42,1871.67,1878.31"
2020-12-30 06:00:00+07:00,"1878.33,1894.53,1876.07,1894.52"
2020-12-31 06:00:00+07:00,"1893.49,1900.99,1885.4,1898.34"
2021-01-04 06:00:00+07:00,"1909.39,1944.47,1907.72,1942.87"
2021-01-05 06:00:00+07:00,"1942.5,1953.01,1934.35,1949.98"
2021-01-06 06:00:00+07:00,"1949.93,1959.42,1900.91,1918.86"
2021-01-07 06:00:00+07:00,"1920.75,1927.68,1906.87,1913.55"
2021-01-08 06:00:00+07:00,"1915.64,1917.51,1828.31,1849.63"
2021-01-11 06:00:00+07:00,"1847.95,1856.77,1817.01,1843.47"
2021-01-12 06:00:00+07:00,"1844.82,1863.8,1836.87,1854.6"
2021-01-13 06:00:00+07:00,"1854.48,1863.01,1841.89,1844.93"
2021-01-14 06:00:00+07:00,"1846.68,1857.58,1829.56,1846.13"
2021-01-15 06:00:00+07:00,"1846.87,1856.85,1823.3,1828.25"
2021-01-18 06:00:00+07:00,"1829.38,1840.79,1805.11,1837.6"
2021-01-19 06:00:00+07:00,"1837.91,1845.58,1833,1840.02"
2021-01-20 06:00:00+07:00,"1840.07,1871.67,1832.54,1871.37"
2021-01-21 06:00:00+07:00,"1871.43,1875.11,1858.34,1869.69"
2021-01-22 06:00:00+07:00,"1869.64,1870.81,1837.27,1855.51"
2021-01-25 06:00:00+07:00,"1857.15,1867.89,1847.19,1855.94"
2021-01-26 06:00:00+07:00,"1855.81,1861.72,1848.43,1850.72"
2021-01-27 06:00:00+07:00,"1850.71,1853.11,1831.45,1844.08"
2021-01-28 06:00:00+07:00,"1844.15,1864.06,1833.98,1842.37"
2021-01-29 06:00:00+07:00,"1842.36,1875.67,1839.59,1848.14"
2021-02-01 06:00:00+07:00,"1864.09,1871.75,1849.1,1860.61"
2021-02-02 06:00:00+07:00,"1860.06,1864.09,1829.55,1838.08"
2021-02-03 06:00:00+07:00,"1837.77,1844.91,1829.71,1834.06"
2021-02-04 06:00:00+07:00,"1833.73,1834.8,1785.08,1793.9"
2021-02-05 06:00:00+07:00,"1795.3,1815.17,1792.01,1814.1"
2021-02-08 06:00:00+07:00,"1815.16,1839.14,1807.74,1830.61"
2021-02-09 06:00:00+07:00,"1829.62,1848.59,1829.06,1838.45"
2021-02-10 06:00:00+07:00,"1838.41,1855.37,1833.99,1843.32"
2021-02-11 06:00:00+07:00,"1843.45,1847.54,1821.11,1825.47"
2021-02-12 06:00:00+07:00,"1825.96,1830.68,1810.51,1824.31"
2021-02-15 06:00:00+07:00,"1824.79,1827.05,1816.02,1818.77"
2021-02-16 06:00:00+07:00,"1818.86,1826.49,1789.49,1794.35"
2021-02-17 06:00:00+07:00,"1794.35,1795.13,1769.58,1776.06"
2021-02-18 06:00:00+07:00,"1776.27,1789.65,1768.37,1775.77"
2021-02-19 06:00:00+07:00,"1777.11,1791.61,1760.58,1783.93"
2021-02-22 06:00:00+07:00,"1782.18,1812.64,1780.6,1809.65"
2021-02-23 06:00:00+07:00,"1810.29,1815.98,1795.61,1805.58"
2021-02-24 06:00:00+07:00,"1806.05,1813.87,1783.52,1804.85"
2021-02-25 06:00:00+07:00,"1804.27,1804.61,1765.55,1770.05"
2021-02-26 06:00:00+07:00,"1771.28,1775.81,1719.83,1734.42"
2021-03-01 06:00:00+07:00,"1734.78,1759.83,1719.62,1724.64"
2021-03-02 06:00:00+07:00,"1724.65,1739.1,1707.23,1738.22"
2021-03-03 06:00:00+07:00,"1737.82,1740.56,1701.93,1710.84"
2021-03-04 06:00:00+07:00,"1711.45,1723.2,1690.48,1697.65"
2021-03-05 06:00:00+07:00,"1698.09,1707.57,1687.16,1700.78"
2021-03-08 06:00:00+07:00,"1705.1,1714.31,1676.83,1683.34"
2021-03-09 06:00:00+07:00,"1683.29,1720.63,1680.08,1715.76"
2021-03-10 06:00:00+07:00,"1715.44,1726.8,1708.14,1726.66"
2021-03-11 06:00:00+07:00,"1726.47,1739.87,1719.27,1722.57"
2021-03-12 06:00:00+07:00,"1722.14,1729.23,1699.16,1726.86"
2021-03-15 05:00:00+07:00,"1728.64,1734.53,1721.61,1731.71"
2021-03-16 05:00:00+07:00,"1731.77,1741.13,1726.2,1731.57"
2021-03-17 05:00:00+07:00,"1732.22,1751.63,1723.99,1745.22"
2021-03-18 05:00:00+07:00,"1745.95,1755.54,1719.35,1736.38"
2021-03-19 05:00:00+07:00,"1735.94,1746.72,1728.48,1745.25"
2021-03-22 05:00:00+07:00,"1745.49,1745.49,1727.32,1738.86"
2021-03-23 05:00:00+07:00,"1739.33,1742.5,1724.68,1726.94"
2021-03-24 05:00:00+07:00,"1727.2,1738.37,1723.92,1734.14"
2021-03-25 05:00:00+07:00,"1734.76,1745.48,1721.8,1726.55"
2021-03-26 05:00:00+07:00,"1727.37,1736.71,1721.55,1732.39"
2021-03-29 05:00:00+07:00,"1732.44,1733.17,1705.77,1711.92"
2021-03-30 05:00:00+07:00,"1712.65,1714.4,1678.77,1684.83"
2021-03-31 05:00:00+07:00,"1684.99,1715.33,1677.88,1707.37"
2021-04-01 05:00:00+07:00,"1707.77,1730.48,1705.79,1729.89"
2021-04-05 05:00:00+07:00,"1727.2,1733.54,1721.32,1728.29"
2021-04-06 05:00:00+07:00,"1728.38,1745.44,1727.16,1743.41"
2021-04-07 05:00:00+07:00,"1743.03,1744.39,1730.62,1737.61"
2021-04-08 05:00:00+07:00,"1738.03,1758.68,1733.15,1755.5"
2021-04-09 05:00:00+07:00,"1755.56,1757.33,1731.25,1743.9"
2021-04-12 05:00:00+07:00,"1743.63,1745,1727.4,1732.84"
2021-04-13 05:00:00+07:00,"1733.06,1748.94,1723.7,1745.28"
2021-04-14 05:00:00+07:00,"1745.9,1749.36,1732.57,1736.31"
2021-04-15 05:00:00+07:00,"1736.63,1769.64,1734.37,1763.58"
2021-04-16 05:00:00+07:00,"1763.72,1783.77,1759.78,1776.62"
2021-04-19 05:00:00+07:00,"1777.86,1790.06,1766.8,1771.39"
2021-04-20 05:00:00+07:00,"1771.12,1780.43,1763.61,1778.72"
2021-04-21 05:00:00+07:00,"1778.36,1797.64,1776.46,1793.68"
2021-04-22 05:00:00+07:00,"1794.04,1797.89,1777.41,1784.08"
2021-04-23 05:00:00+07:00,"1783.75,1795.94,1769.96,1777.11"
2021-04-26 05:00:00+07:00,"1776.06,1783.49,1768.76,1781.3"
2021-04-27 05:00:00+07:00,"1781.2,1785.55,1773.74,1776.64"
2021-04-28 05:00:00+07:00,"1776.69,1782.53,1762.65,1781.69"
2021-04-29 05:00:00+07:00,"1781.95,1789.95,1756.15,1771.92"
2021-04-30 05:00:00+07:00,"1772.76,1773.25,1764.2,1768.88"
2021-05-03 05:00:00+07:00,"1767.63,1797.95,1766.06,1792.98"
2021-05-04 05:00:00+07:00,"1792.1,1799.09,1770.67,1778.73"
2021-05-05 05:00:00+07:00,"1778.31,1787.97,1770.35,1786.88"
2021-05-06 05:00:00+07:00,"1787.05,1818.1,1781.96,1814.89"
2021-05-07 05:00:00+07:00,"1814.05,1843.33,1812.88,1830.92"
2021-05-10 05:00:00+07:00,"1832.68,1845.48,1829.97,1835.68"
2021-05-11 05:00:00+07:00,"1836.23,1841.8,1817.98,1837.39"
2021-05-12 05:00:00+07:00,"1837.3,1843.75,1813.27,1815.44"
2021-05-13 05:00:00+07:00,"1816.02,1828.78,1808.73,1826.43"
2021-05-14 05:00:00+07:00,"1826.5,1846.41,1819.8,1843.43"
2021-05-17 05:00:00+07:00,"1842.6,1868.46,1841.93,1866.86"
2021-05-18 05:00:00+07:00,"1866.81,1875.02,1863.2,1869.5"
2021-05-19 05:00:00+07:00,"1869.2,1890.11,1852.17,1869.39"
2021-05-20 05:00:00+07:00,"1870.4,1883.86,1863.81,1877.03"
2021-05-21 05:00:00+07:00,"1877.18,1889.37,1870.19,1881.51"
2021-05-24 05:00:00+07:00,"1881.4,1887.06,1875.23,1880.75"
2021-05-25 05:00:00+07:00,"1880.91,1900.25,1872.7,1899.12"
2021-05-26 05:00:00+07:00,"1898.95,1912.78,1890.65,1896.62"
2021-05-27 05:00:00+07:00,"1896.23,1903.68,1888.17,1896.51"
2021-05-28 05:00:00+07:00,"1896.77,1905.96,1882.25,1903.83"
2021-05-31 05:00:00+07:00,"1903.14,1910.63,1902.04,1906.59"
2021-06-01 05:00:00+07:00,"1906.99,1916.55,1892.39,1900.35"
2021-06-02 05:00:00+07:00,"1900.04,1909.11,1894.35,1908.25"
2021-06-03 05:00:00+07:00,"1908.17,1909.62,1865.4,1870.47"
2021-06-04 05:00:00+07:00,"1871.42,1896.17,1855.45,1891.21"
2021-06-07 05:00:00+07:00,"1890.13,1900.13,1881.48,1898.98"
2021-06-08 05:00:00+07:00,"1898.96,1903.75,1883.77,1892.84"
2021-06-09 05:00:00+07:00,"1892.08,1898.92,1887.26,1888.55"
2021-06-10 05:00:00+07:00,"1888.95,1899.92,1869.79,1898.41"
2021-06-11 05:00:00+07:00,"1898.13,1902.95,1874.35,1877.47"
2021-06-14 05:00:00+07:00,"1877.08,1877.62,1844.73,1866.07"
2021-06-15 05:00:00+07:00,"1866.52,1869.14,1851.57,1858.76"
2021-06-16 05:00:00+07:00,"1859.18,1863.77,1803.41,1811.87"
2021-06-17 05:00:00+07:00,"1813.19,1825.3,1767.24,1773.16"
2021-06-18 05:00:00+07:00,"1774.19,1797.05,1760.93,1764.43"
2021-06-21 05:00:00+07:00,"1767.03,1786.44,1766.44,1782.94"
2021-06-22 05:00:00+07:00,"1783.29,1790.09,1772.41,1778.75"
2021-06-23 05:00:00+07:00,"1779.31,1794.92,1773.19,1779.06"
2021-06-24 05:00:00+07:00,"1778.39,1787.97,1772.89,1774.93"
2021-06-25 05:00:00+07:00,"1775.83,1790.36,1773.67,1781.25"
2021-06-28 05:00:00+07:00,"1781.54,1785.78,1770.63,1778.1"
2021-06-29 05:00:00+07:00,"1778.39,1778.98,1750.78,1761.08"
2021-06-30 05:00:00+07:00,"1761.91,1774.39,1753.36,1770.42"
2021-07-01 05:00:00+07:00,"1770.24,1782.82,1765.68,1776.72"
2021-07-02 05:00:00+07:00,"1776.85,1795.06,1774.29,1787.4"
2021-07-05 05:00:00+07:00,"1787.6,1794.43,1784.47,1791.79"
2021-07-06 05:00:00+07:00,"1791.51,1815.01,1790.07,1797.11"
2021-07-07 05:00:00+07:00,"1796.42,1809.73,1793.85,1803.62"
2021-07-08 05:00:00+07:00,"1803.65,1818.37,1794.57,1802.37"
2021-07-09 05:00:00+07:00,"1802.88,1812.37,1796.65,1808.22"
2021-07-12 05:00:00+07:00,"1807.65,1810.82,1791.67,1806.09"
2021-07-13 05:00:00+07:00,"1806.03,1817.14,1798.56,1807.59"
2021-07-14 05:00:00+07:00,"1807.72,1829.77,1804.48,1827.38"
2021-07-15 05:00:00+07:00,"1827.07,1834.12,1820.22,1829.47"
2021-07-16 05:00:00+07:00,"1829.64,1831.55,1808.82,1811.99"
2021-07-19 05:00:00+07:00,"1811.52,1817.27,1794.97,1812.74"
2021-07-20 05:00:00+07:00,"1812.97,1824.99,1805.06,1810.35"
2021-07-21 05:00:00+07:00,"1810.38,1813.74,1794.75,1803.38"
2021-07-22 05:00:00+07:00,"1803.63,1808.04,1792.71,1806.59"
2021-07-23 05:00:00+07:00,"1807.15,1810.33,1789.38,1802.15"
2021-07-26 05:00:00+07:00,"1802.19,1811.51,1796.36,1797.49"
2021-07-27 05:00:00+07:00,"1797.83,1805.23,1793.55,1798.9"
2021-07-28 05:00:00+07:00,"1800.04,1809.84,1792.67,1806.94"
2021-07-29 05:00:00+07:00,"1807.09,1832.67,1806.89,1828"
2021-07-30 05:00:00+07:00,"1828.45,1831.34,1810.19,1814.08"
2021-08-02 05:00:00+07:00,"1813.95,1819.53,1805.69,1813.44"
2021-08-03 05:00:00+07:00,"1813.05,1815.07,1807,1810.32"
2021-08-04 05:00:00+07:00,"1810.29,1831.71,1806.32,1811.86"
2021-08-05 05:00:00+07:00,"1811.99,1814.86,1797.78,1804.01"
2021-08-06 05:00:00+07:00,"1804.75,1804.83,1758.69,1763.87"
2021-08-09 05:00:00+07:00,"1763.05,1764.6,1706.74,1729.47"
2021-08-10 05:00:00+07:00,"1730.26,1738.27,1717.73,1729.17"
2021-08-11 05:00:00+07:00,"1729.34,1754.45,1724.02,1751.52"
2021-08-12 05:00:00+07:00,"1751.22,1758.16,1741.59,1752.62"
2021-08-13 05:00:00+07:00,"1753.05,1779.99,1751.67,1779.57"
2021-08-16 05:00:00+07:00,"1779.88,1789.3,1770.81,1787.12"
2021-08-17 05:00:00+07:00,"1787.37,1795.54,1780.58,1786.01"
2021-08-18 05:00:00+07:00,"1785.94,1793.8,1777.24,1787.46"
2021-08-19 05:00:00+07:00,"1787.66,1792.44,1774.41,1779.87"
2021-08-20 05:00:00+07:00,"1780.21,1788.42,1778.3,1781.18"
2021-08-23 05:00:00+07:00,"1781.01,1806.4,1776.44,1805.44"
2021-08-24 05:00:00+07:00,"1805.15,1809.58,1800.74,1802.98"
2021-08-25 05:00:00+07:00,"1802.78,1802.82,1782.38,1790.45"
2021-08-26 05:00:00+07:00,"1790.94,1798.2,1780.05,1791.98"
2021-08-27 05:00:00+07:00,"1792.48,1819.31,1785.82,1817"
2021-08-30 05:00:00+07:00,"1818.67,1823.2,1807.75,1810.25"
2021-08-31 05:00:00+07:00,"1809.9,1819.13,1801.58,1813.7"
2021-09-01 05:00:00+07:00,"1814.32,1819.96,1808.66,1814.14"
2021-09-02 05:00:00+07:00,"1813.73,1817.15,1804.85,1809.5"
2021-09-03 05:00:00+07:00,"1809.32,1833.97,1808.9,1827.62"
2021-09-06 05:00:00+07:00,"1828.33,1830.22,1821.37,1823.22"
2021-09-07 05:00:00+07:00,"1824.01,1827.27,1792.26,1794.27"
2021-09-08 05:00:00+07:00,"1794.98,1802.16,1782.47,1789.52"
2021-09-09 05:00:00+07:00,"1789.89,1800.92,1784.07,1794.17"
2021-09-10 05:00:00+07:00,"1794.04,1803.86,1787.19,1787.66"
2021-09-13 05:00:00+07:00,"1789,1798.39,1783.6,1793.44"
2021-09-14 05:00:00+07:00,"1793.37,1808.66,1780.17,1804.58"
2021-09-15 05:00:00+07:00,"1804.35,1806.85,1790.75,1793.61"
2021-09-16 05:00:00+07:00,"1794.09,1796.16,1745.31,1753.4"
2021-09-17 05:00:00+07:00,"1753.65,1767.48,1747.27,1754.56"
2021-09-20 05:00:00+07:00,"1753.86,1766.96,1742.19,1764.19"
2021-09-21 05:00:00+07:00,"1764.56,1781.66,1757.88,1774.27"
2021-09-22 05:00:00+07:00,"1774.96,1787.17,1764.7,1768.01"
2021-09-23 05:00:00+07:00,"1768.43,1776.51,1737.87,1742.39"
2021-09-24 05:00:00+07:00,"1744.45,1757.61,1740.44,1750.5"
2021-09-27 05:00:00+07:00,"1748.41,1760.84,1744.82,1750.21"
2021-09-28 05:00:00+07:00,"1750.32,1754.45,1728.13,1733.88"
2021-09-29 05:00:00+07:00,"1734.14,1745.52,1721.63,1726.48"
2021-09-30 05:00:00+07:00,"1726.88,1764.16,1722.14,1757"
2021-10-01 05:00:00+07:00,"1756.39,1764.27,1749.74,1760.34"
2021-10-04 05:00:00+07:00,"1760.76,1770.56,1747.69,1769.29"
2021-10-05 05:00:00+07:00,"1769.46,1769.46,1748.62,1759.86"
2021-10-06 05:00:00+07:00,"1759.88,1765.13,1745.92,1762.61"
2021-10-07 05:00:00+07:00,"1763.03,1766.92,1751.88,1755.17"
2021-10-08 05:00:00+07:00,"1755.97,1781.31,1753.33,1757.18"
2021-10-11 05:00:00+07:00,"1757.7,1760.97,1750.14,1754.27"
2021-10-12 05:00:00+07:00,"1753.91,1769.31,1750.75,1760.02"
2021-10-13 05:00:00+07:00,"1760.01,1796.02,1757.86,1792.97"
2021-10-14 05:00:00+07:00,"1792.78,1800.57,1786.68,1795.95"
2021-10-15 05:00:00+07:00,"1795.72,1796.46,1764.82,1767.49"
2021-10-18 05:00:00+07:00,"1766.66,1772.1,1760.27,1764.74"
2021-10-19 05:00:00+07:00,"1764.96,1785.11,1763.32,1769.46"
2021-10-20 05:00:00+07:00,"1769.2,1788.42,1766.86,1781.95"
2021-10-21 05:00:00+07:00,"1782.32,1789.43,1776.51,1782.92"
2021-10-22 05:00:00+07:00,"1783.28,1813.77,1782.92,1792.89"
2021-10-25 05:00:00+07:00,"1792.58,1810.01,1792.29,1807.67"
2021-10-26 05:00:00+07:00,"1807.33,1808.17,1782.4,1792.77"
2021-10-27 05:00:00+07:00,"1793.12,1799.05,1783.51,1796.91"
2021-10-28 05:00:00+07:00,"1796.58,1810.41,1792.33,1798.81"
2021-10-29 05:00:00+07:00,"1799.55,1801.17,1771.98,1783.26"
2021-11-01 05:00:00+07:00,"1783.31,1795.74,1779.96,1793.14"
2021-11-02 05:00:00+07:00,"1793.11,1796.41,1786.39,1787.91"
2021-11-03 05:00:00+07:00,"1787.79,1788.19,1758.68,1769.6"
2021-11-04 05:00:00+07:00,"1770.47,1798.92,1770.43,1791.63"
2021-11-05 05:00:00+07:00,"1790.95,1818.28,1785.02,1818.15"
2021-11-08 06:00:00+07:00,"1817.42,1826.4,1812.46,1824.27"
2021-11-09 06:00:00+07:00,"1824.84,1832.71,1819.15,1831.81"
2021-11-10 06:00:00+07:00,"1831.99,1868.23,1822.3,1849.21"
2021-11-11 06:00:00+07:00,"1849.52,1865.98,1842.91,1861.94"
2021-11-12 06:00:00+07:00,"1861.82,1868.68,1845.23,1864.53"
2021-11-15 06:00:00+07:00,"1866.61,1870.33,1856.37,1862.73"
2021-11-16 06:00:00+07:00,"1862.76,1877.11,1849.67,1850.48"
2021-11-17 06:00:00+07:00,"1850.09,1868.09,1849.68,1867.32"
2021-11-18 06:00:00+07:00,"1866.88,1870.29,1855.08,1858.89"
2021-11-19 06:00:00+07:00,"1859.13,1865.73,1843.1,1846.08"
2021-11-22 06:00:00+07:00,"1844.96,1849.11,1802.21,1804.7"
2021-11-23 06:00:00+07:00,"1806.83,1812.39,1781.94,1789"
2021-11-24 06:00:00+07:00,"1789.14,1796.41,1778.33,1788.48"
2021-11-25 06:00:00+07:00,"1788.95,1795.1,1786.02,1788.4"
2021-11-26 06:00:00+07:00,"1789.9,1815.5,1780.36,1792.47"
2021-11-29 06:00:00+07:00,"1785.67,1799.4,1780.56,1784.61"
2021-11-30 06:00:00+07:00,"1785.08,1808.71,1769.84,1774.84"
2021-12-01 06:00:00+07:00,"1774.69,1794.55,1772.21,1781.8"
2021-12-02 06:00:00+07:00,"1781.44,1783.38,1761.79,1768.18"
2021-12-03 06:00:00+07:00,"1769.67,1786.1,1766.13,1783.5"
2021-12-06 06:00:00+07:00,"1785.1,1787.66,1775.66,1778.4"
2021-12-07 06:00:00+07:00,"1778.91,1787.72,1772.34,1784.1"
2021-12-08 06:00:00+07:00,"1784.42,1793.08,1779.67,1783"
2021-12-09 06:00:00+07:00,"1783.05,1787.63,1773.29,1775.12"
2021-12-10 06:00:00+07:00,"1775.84,1789.5,1770.11,1782.77"
2021-12-13 06:00:00+07:00,"1781.93,1791.58,1781.69,1786.57"
2021-12-14 06:00:00+07:00,"1786.34,1789.49,1766.4,1770.55"
2021-12-15 06:00:00+07:00,"1771.11,1780.88,1754.51,1777.04"
2021-12-16 06:00:00+07:00,"1778.16,1799.67,1775.54,1799.17"
2021-12-17 06:00:00+07:00,"1798.88,1814.25,1795.8,1798.11"
2021-12-20 06:00:00+07:00,"1799.04,1804.12,1788.34,1790.86"
2021-12-21 06:00:00+07:00,"1791.32,1800.43,1784.83,1788.92"
2021-12-22 06:00:00+07:00,"1789.15,1805.04,1785.83,1803.54"
2021-12-23 06:00:00+07:00,"1804.06,1810.71,1798.94,1808.47"
2021-12-27 06:00:00+07:00,"1807.17,1813.48,1802.98,1811.87"
2021-12-28 06:00:00+07:00,"1811.39,1820.23,1805.03,1806.08"
2021-12-29 06:00:00+07:00,"1806.42,1807.68,1789.41,1804.36"
2021-12-30 06:00:00+07:00,"1804.42,1817.17,1796.14,1814.57"
2021-12-31 06:00:00+07:00,"1814.72,1830.33,1814.24,1829.24"
2022-01-03 06:00:00+07:00,"1829.53,1831.78,1798.35,1801.25"
2022-01-04 06:00:00+07:00,"1802.13,1816.7,1798.49,1814.52"
2022-01-05 06:00:00+07:00,"1814.3,1829.62,1808.29,1810.34"
2022-01-06 06:00:00+07:00,"1810.53,1811.49,1786.35,1790.89"
2022-01-07 06:00:00+07:00,"1791.08,1798.66,1782.66,1796.93"
2022-01-10 06:00:00+07:00,"1794.62,1802.33,1790.31,1801.72"
2022-01-11 06:00:00+07:00,"1800.66,1823.26,1800.07,1821.45"
2022-01-12 06:00:00+07:00,"1820.74,1828.04,1814.69,1826.11"
2022-01-13 06:00:00+07:00,"1826.06,1828.16,1812.4,1822.55"
2022-01-14 06:00:00+07:00,"1821.45,1829.14,1814.66,1817.57"
2022-01-17 06:00:00+07:00,"1817.68,1823.2,1813.07,1819.11"
2022-01-18 06:00:00+07:00,"1818.43,1822.76,1805.77,1813.67"
2022-01-19 06:00:00+07:00,"1813.73,1843.34,1810.24,1840.42"
2022-01-20 06:00:00+07:00,"1839.75,1847.9,1835.89,1839.48"
2022-01-21 06:00:00+07:00,"1839.05,1843.13,1828.47,1834.55"
2022-01-24 06:00:00+07:00,"1833.25,1844.29,1829.67,1842.94"
2022-01-25 06:00:00+07:00,"1843.08,1853.83,1834.83,1847.98"
2022-01-26 06:00:00+07:00,"1847.71,1850.08,1814.86,1819.37"
2022-01-27 06:00:00+07:00,"1819.92,1822.1,1791.77,1797.11"
2022-01-28 06:00:00+07:00,"1797.85,1799.34,1780.22,1791.69"
2022-01-31 06:00:00+07:00,"1790.22,1799.98,1785.59,1797.28"
2022-02-01 06:00:00+07:00,"1797.85,1808.76,1795.77,1800.98"
2022-02-02 06:00:00+07:00,"1800.4,1810.79,1794.44,1806.78"
2022-02-03 06:00:00+07:00,"1806.88,1808.98,1788.62,1804.84"
2022-02-04 06:00:00+07:00,"1805.33,1814.89,1792.15,1807.85"
2022-02-07 06:00:00+07:00,"1807.8,1823.57,1807.76,1820.45"
2022-02-08 06:00:00+07:00,"1820.87,1828.81,1815.4,1825.93"
2022-02-09 06:00:00+07:00,"1825.87,1835.82,1824.66,1832.91"
2022-02-10 06:00:00+07:00,"1833.1,1841.96,1821.54,1826.64"
2022-02-11 06:00:00+07:00,"1826.6,1865.35,1820.95,1859.04"
2022-02-14 06:00:00+07:00,"1860.2,1874.1,1850.81,1871.32"
2022-02-15 06:00:00+07:00,"1871.5,1879.52,1844.47,1853.5"
2022-02-16 06:00:00+07:00,"1853.75,1872.59,1850.28,1869.46"
2022-02-17 06:00:00+07:00,"1869.77,1901.09,1867.8,1898.33"
2022-02-18 06:00:00+07:00,"1898.31,1900.27,1886.58,1897.71"
2022-02-21 06:00:00+07:00,"1900.7,1906.38,1887.57,1903.62"
2022-02-22 06:00:00+07:00,"1910.44,1914.01,1891.42,1898.38"
2022-02-23 06:00:00+07:00,"1899,1910.5,1889.58,1908.87"
2022-02-24 06:00:00+07:00,"1909.56,1974.4,1880.98,1903.91"
2022-02-25 06:00:00+07:00,"1904.83,1921.32,1883.12,1889.02"
2022-02-28 06:00:00+07:00,"1921.38,1928.72,1890.93,1908.71"
2022-03-01 06:00:00+07:00,"1907.33,1950.17,1901.41,1944.97"
2022-03-02 06:00:00+07:00,"1943.58,1947.88,1913.84,1928.55"
2022-03-03 06:00:00+07:00,"1929.04,1941.32,1921.99,1936.28"
2022-03-04 06:00:00+07:00,"1936.88,1970.72,1929.62,1970.47"
2022-03-07 06:00:00+07:00,"1976.37,2002.54,1961.02,1997.59"
2022-03-08 06:00:00+07:00,"1996.7,2070.21,1980.87,2049.73"
2022-03-09 06:00:00+07:00,"2049.42,2059.18,1975.84,1991.82"
2022-03-10 06:00:00+07:00,"1991.4,2009.15,1970.86,1996.68"
2022-03-11 06:00:00+07:00,"1996.78,1999.02,1958.58,1988.03"
2022-03-14 05:00:00+07:00,"1988.48,1989.93,1949.77,1950.58"
2022-03-15 05:00:00+07:00,"1952.24,1954.17,1906.97,1917.68"
2022-03-16 05:00:00+07:00,"1919.09,1929.41,1895.38,1926.07"
2022-03-17 05:00:00+07:00,"1927.45,1949.75,1923.13,1942.48"
2022-03-18 05:00:00+07:00,"1942.67,1945.36,1918.18,1921.18"
2022-03-21 05:00:00+07:00,"1922.89,1940.92,1917.85,1935.76"
2022-03-22 05:00:00+07:00,"1935.71,1938.3,1910.47,1921.34"
2022-03-23 05:00:00+07:00,"1921.34,1948.38,1915.58,1944.14"
2022-03-24 05:00:00+07:00,"1943.76,1965.69,1937.48,1957.73"
2022-03-25 05:00:00+07:00,"1958.19,1964.33,1943.14,1958.16"
2022-03-28 05:00:00+07:00,"1957.09,1958.94,1916.99,1922.65"
2022-03-29 05:00:00+07:00,"1922.41,1929.34,1890.1,1919.41"
2022-03-30 05:00:00+07:00,"1920.03,1938.54,1915.92,1932.43"
2022-03-31 05:00:00+07:00,"1933.08,1949.8,1919.18,1937.23"
2022-04-01 05:00:00+07:00,"1937.5,1939.56,1918.01,1924.95"
2022-04-04 05:00:00+07:00,"1925.43,1936.9,1915.43,1932.62"
2022-04-05 05:00:00+07:00,"1932.7,1944.57,1917.94,1923.44"
2022-04-06 05:00:00+07:00,"1923.84,1933.5,1915.14,1925.19"
2022-04-07 05:00:00+07:00,"1924.63,1937.79,1920.5,1931.53"
2022-04-08 05:00:00+07:00,"1931.47,1948.14,1927.7,1947.24"
2022-04-11 05:00:00+07:00,"1946.51,1969.42,1939.97,1953.64"
2022-04-12 05:00:00+07:00,"1954.03,1978.61,1949.59,1966.45"
2022-04-13 05:00:00+07:00,"1966.96,1981.52,1962.77,1978.1"
2022-04-14 05:00:00+07:00,"1977.35,1980.34,1960.42,1973.38"
2022-04-18 05:00:00+07:00,"1972.83,1998.39,1971.33,1978.61"
2022-04-19 05:00:00+07:00,"1977.1,1981.9,1943.6,1949.97"
2022-04-20 05:00:00+07:00,"1950.19,1958.25,1939.27,1957.49"
2022-04-21 05:00:00+07:00,"1957.04,1957.43,1936.69,1951.17"
2022-04-22 05:00:00+07:00,"1950.91,1955.63,1926.54,1931.43"
2022-04-25 05:00:00+07:00,"1930.54,1934.44,1891.48,1897.87"
2022-04-26 05:00:00+07:00,"1898.6,1911.25,1895.65,1905.14"
2022-04-27 05:00:00+07:00,"1905.73,1906.95,1881.34,1885.83"
2022-04-28 05:00:00+07:00,"1885.9,1896.78,1872.01,1894.53"
2022-04-29 05:00:00+07:00,"1894.63,1919.89,1892.86,1897.2"
2022-05-02 05:00:00+07:00,"1896.7,1899.9,1855.22,1862.81"
2022-05-03 05:00:00+07:00,"1863.34,1878.11,1850.41,1868.15"
2022-05-04 05:00:00+07:00,"1868.25,1889.51,1861.46,1881.19"
2022-05-05 05:00:00+07:00,"1882.94,1909.72,1872.58,1877.04"
2022-05-06 05:00:00+07:00,"1876.96,1892.49,1866.13,1883.28"
2022-05-09 05:00:00+07:00,"1883.31,1885.66,1851.75,1853.74"
2022-05-10 05:00:00+07:00,"1854.28,1865.43,1835.41,1838.38"
2022-05-11 05:00:00+07:00,"1838.66,1857.82,1832.02,1852.38"
2022-05-12 05:00:00+07:00,"1851.81,1858.76,1821.33,1821.75"
2022-05-13 05:00:00+07:00,"1822.29,1828.79,1799.15,1811.66"
2022-05-16 05:00:00+07:00,"1810.2,1826.93,1786.8,1823.88"
2022-05-17 05:00:00+07:00,"1825.51,1836.11,1812.87,1814.83"
2022-05-18 05:00:00+07:00,"1814.6,1824.63,1807.33,1816.45"
2022-05-19 05:00:00+07:00,"1816.5,1849.21,1810.9,1842.01"
2022-05-20 05:00:00+07:00,"1841.59,1849.43,1832.34,1846.51"
2022-05-23 05:00:00+07:00,"1848.62,1865.37,1843.19,1853.43"
2022-05-24 05:00:00+07:00,"1853.49,1869.68,1849.26,1866.36"
2022-05-25 05:00:00+07:00,"1865.24,1868.07,1843.12,1853.15"
2022-05-26 05:00:00+07:00,"1852.8,1854.28,1840.84,1850.58"
2022-05-27 05:00:00+07:00,"1850.34,1861.95,1847.94,1853.63"
2022-05-30 05:00:00+07:00,"1852.84,1863.99,1848.69,1854.86"
2022-05-31 05:00:00+07:00,"1855.79,1857.14,1835.05,1837.41"
2022-06-01 05:00:00+07:00,"1836.71,1849.99,1828.52,1846.21"
2022-06-02 05:00:00+07:00,"1846.69,1870.46,1844.04,1868.46"
2022-06-03 05:00:00+07:00,"1869.1,1874.1,1847.39,1850.95"
2022-06-06 05:00:00+07:00,"1849.82,1857.84,1840.7,1841.46"
2022-06-07 05:00:00+07:00,"1841.16,1855.53,1836.98,1852.33"
2022-06-08 05:00:00+07:00,"1852.67,1859.67,1844.6,1853.08"
2022-06-09 05:00:00+07:00,"1852.67,1855.3,1840.03,1847.94"
2022-06-10 05:00:00+07:00,"1847.9,1875.77,1825.09,1871.31"
2022-06-13 05:00:00+07:00,"1875.14,1878.86,1818.91,1819.27"
2022-06-14 05:00:00+07:00,"1820.42,1831.56,1805.23,1808.23"
2022-06-15 05:00:00+07:00,"1808.44,1841.74,1807.4,1833.65"
2022-06-16 05:00:00+07:00,"1833.42,1857.43,1816.07,1856.63"
2022-06-17 05:00:00+07:00,"1855.42,1855.63,1833.87,1839.64"
2022-06-20 05:00:00+07:00,"1837.4,1846.13,1834.71,1838.26"
2022-06-21 05:00:00+07:00,"1838.28,1843.65,1828.58,1832.97"
2022-06-22 05:00:00+07:00,"1832.93,1847.4,1823.44,1837.82"
2022-06-23 05:00:00+07:00,"1837.6,1846.08,1822.48,1822.56"
2022-06-24 05:00:00+07:00,"1822.98,1831.64,1816.99,1827.28"
2022-06-27 05:00:00+07:00,"1835.6,1841.09,1820.74,1822.6"
2022-06-28 05:00:00+07:00,"1822.46,1829.49,1818.41,1819.85"
2022-06-29 05:00:00+07:00,"1820.03,1833.02,1811.99,1817.75"
2022-06-30 05:00:00+07:00,"1817.6,1824.77,1802.71,1807.13"
2022-07-01 05:00:00+07:00,"1807.1,1811.64,1784.52,1810.73"
2022-07-04 05:00:00+07:00,"1811.05,1814.29,1803.96,1807.52"
2022-07-05 05:00:00+07:00,"1807.65,1812.12,1763.85,1764.77"
2022-07-06 05:00:00+07:00,"1766.16,1772.77,1732.26,1739.05"
2022-07-07 05:00:00+07:00,"1739.55,1749,1736.41,1740.08"
2022-07-08 05:00:00+07:00,"1740.2,1751.63,1733.12,1742.15"
2022-07-11 05:00:00+07:00,"1741.62,1744.45,1731.34,1734.02"
2022-07-12 05:00:00+07:00,"1733.3,1744.13,1723.16,1726.08"
2022-07-13 05:00:00+07:00,"1725.96,1745.41,1707.19,1735.48"
2022-07-14 05:00:00+07:00,"1735.35,1736.28,1697.52,1709.82"
2022-07-15 05:00:00+07:00,"1710.52,1716.6,1699.08,1707.54"
2022-07-18 05:00:00+07:00,"1707.21,1723.87,1705.89,1709.04"
2022-07-19 05:00:00+07:00,"1709.41,1718.4,1705.29,1711.57"
2022-07-20 05:00:00+07:00,"1711.74,1714.14,1692.1,1696.52"
2022-07-21 05:00:00+07:00,"1696.47,1720.11,1680.84,1718.12"
2022-07-22 05:00:00+07:00,"1717.99,1739.14,1712.84,1727.32"
2022-07-25 05:00:00+07:00,"1726.81,1736.23,1714.82,1719.62"
2022-07-26 05:00:00+07:00,"1719.19,1728.2,1713.6,1717.27"
2022-07-27 05:00:00+07:00,"1717.07,1740.14,1711.55,1734.52"
2022-07-28 05:00:00+07:00,"1734.11,1757,1733.94,1755.93"
2022-07-29 05:00:00+07:00,"1755.54,1767.92,1752.58,1766.08"
2022-08-01 05:00:00+07:00,"1764.99,1775.11,1758.23,1772.1"
2022-08-02 05:00:00+07:00,"1771.8,1788.04,1760.45,1761.1"
2022-08-03 05:00:00+07:00,"1760.83,1772.68,1754.21,1765.4"
2022-08-04 05:00:00+07:00,"1765.2,1794.98,1763.13,1791.1"
2022-08-05 05:00:00+07:00,"1790.65,1794.88,1764.86,1774.9"
2022-08-08 05:00:00+07:00,"1772.95,1790.04,1770.66,1788.96"
2022-08-09 05:00:00+07:00,"1788.8,1800.42,1783.17,1794.22"
2022-08-10 05:00:00+07:00,"1794.95,1807.77,1787.44,1792.15"
2022-08-11 05:00:00+07:00,"1792.3,1799.32,1783.43,1789.31"
2022-08-12 05:00:00+07:00,"1789.26,1802.5,1784.91,1802.05"
2022-08-15 05:00:00+07:00,"1802.26,1802.26,1772.98,1779.27"
2022-08-16 05:00:00+07:00,"1779.96,1783.08,1771.44,1775.41"
2022-08-17 05:00:00+07:00,"1775.04,1782.31,1759.77,1761.89"
2022-08-18 05:00:00+07:00,"1762.31,1772.38,1755.3,1758.33"
2022-08-19 05:00:00+07:00,"1759.01,1759.18,1745.49,1746.8"
2022-08-22 05:00:00+07:00,"1746.88,1749.06,1727.97,1736.05"
2022-08-23 05:00:00+07:00,"1736.06,1753.96,1730.8,1747.84"
2022-08-24 05:00:00+07:00,"1747.83,1755.8,1742.44,1751.31"
2022-08-25 05:00:00+07:00,"1751.17,1765.48,1749.97,1758.46"
2022-08-26 05:00:00+07:00,"1758.58,1758.91,1734.16,1737.85"
2022-08-29 05:00:00+07:00,"1735.91,1745.35,1720.31,1737.41"
2022-08-30 05:00:00+07:00,"1737.47,1740.52,1721.19,1724.2"
2022-08-31 05:00:00+07:00,"1723.07,1726.54,1709.56,1710.9"
2022-09-01 05:00:00+07:00,"1710.87,1711.33,1688.8,1697.46"
2022-09-02 05:00:00+07:00,"1696.72,1718.03,1695.32,1712.03"
2022-09-05 05:00:00+07:00,"1711.12,1715.74,1707.72,1709.94"
2022-09-06 05:00:00+07:00,"1709.7,1726.69,1699.81,1701.74"
2022-09-07 05:00:00+07:00,"1702.03,1719.2,1691.3,1718.17"
2022-09-08 05:00:00+07:00,"1718.22,1728.04,1704.08,1708.41"
2022-09-09 05:00:00+07:00,"1708.62,1729.45,1708.38,1717.21"
2022-09-12 05:00:00+07:00,"1718.02,1735.04,1711.83,1724.6"
2022-09-13 05:00:00+07:00,"1724.59,1731.76,1697.01,1702.2"
2022-09-14 05:00:00+07:00,"1701.37,1707.09,1693.72,1697.3"
2022-09-15 05:00:00+07:00,"1697.08,1697.85,1660.51,1664.5"
2022-09-16 05:00:00+07:00,"1664.96,1680.07,1654.25,1675.17"
2022-09-19 05:00:00+07:00,"1674.6,1678.81,1659.63,1675.61"
2022-09-20 05:00:00+07:00,"1675.66,1679.48,1660.03,1664.75"
2022-09-21 05:00:00+07:00,"1664.77,1687.94,1654.34,1673.6"
2022-09-22 05:00:00+07:00,"1671.18,1684.92,1655.67,1671.23"
2022-09-23 05:00:00+07:00,"1671.42,1675.93,1639.87,1643.37"
2022-09-26 05:00:00+07:00,"1644.1,1649.78,1621.03,1622.6"
2022-09-27 05:00:00+07:00,"1622.88,1642.43,1622.67,1629.08"
2022-09-28 05:00:00+07:00,"1629.04,1662.71,1614.7,1659.82"
2022-09-29 05:00:00+07:00,"1659.53,1664.73,1641.49,1660.35"
2022-09-30 05:00:00+07:00,"1660.17,1675.07,1659.23,1660.6"
2022-10-03 05:00:00+07:00,"1662.65,1701.41,1659.69,1699.57"
2022-10-04 05:00:00+07:00,"1698.2,1729.12,1695.14,1726.26"
2022-10-05 05:00:00+07:00,"1724.8,1727.72,1700.52,1716.09"
2022-10-06 05:00:00+07:00,"1716.01,1725.56,1706.9,1712.37"
2022-10-07 05:00:00+07:00,"1712.15,1714.82,1690.52,1694.6"
2022-10-10 05:00:00+07:00,"1696.28,1699.88,1665.68,1667.97"
2022-10-11 05:00:00+07:00,"1668.42,1683.9,1661,1666.08"
2022-10-12 05:00:00+07:00,"1666.37,1678.37,1661.26,1673.06"
2022-10-13 05:00:00+07:00,"1673.64,1682.46,1642.38,1666.02"
2022-10-14 05:00:00+07:00,"1666.07,1671.79,1640.16,1643.74"
2022-10-17 05:00:00+07:00,"1644.12,1668.42,1643.8,1650.5"
2022-10-18 05:00:00+07:00,"1650.2,1660.96,1645.83,1651.96"
2022-10-19 05:00:00+07:00,"1651.97,1654.5,1627.77,1629.01"
2022-10-20 05:00:00+07:00,"1629.12,1645.64,1622.39,1628.05"
2022-10-21 05:00:00+07:00,"1628.04,1657.77,1617.21,1657.62"
2022-10-24 05:00:00+07:00,"1661.87,1670.52,1643.82,1649.31"
2022-10-25 05:00:00+07:00,"1650.07,1662.33,1638.28,1653.03"
2022-10-26 05:00:00+07:00,"1652.54,1674.86,1649.73,1664.57"
2022-10-27 05:00:00+07:00,"1664.07,1670.84,1654.86,1663.25"
2022-10-28 05:00:00+07:00,"1662.6,1667.02,1637.8,1644.32"
2022-10-31 05:00:00+07:00,"1642.92,1645.57,1631.71,1633.52"
2022-11-01 05:00:00+07:00,"1632.82,1657.03,1630.57,1647.62"
2022-11-02 05:00:00+07:00,"1647.77,1669.45,1634.73,1635.1"
2022-11-03 05:00:00+07:00,"1634.87,1640.97,1616.65,1629.57"
2022-11-04 05:00:00+07:00,"1629.11,1681.72,1628.42,1681.25"
2022-11-07 06:00:00+07:00,"1676.17,1681.87,1666.82,1675.3"
2022-11-08 06:00:00+07:00,"1674.95,1716.92,1664.7,1712.33"
2022-11-09 06:00:00+07:00,"1711.46,1722.4,1702.25,1706.97"
2022-11-10 06:00:00+07:00,"1706,1757.15,1703.79,1755.5"
2022-11-11 06:00:00+07:00,"1754.2,1772.56,1747.29,1771.23"
2022-11-14 06:00:00+07:00,"1762.43,1775.06,1753.29,1771.13"
2022-11-15 06:00:00+07:00,"1770.61,1786.5,1767.07,1778.68"
2022-11-16 06:00:00+07:00,"1777.82,1785.03,1770.31,1773.75"
2022-11-17 06:00:00+07:00,"1773.59,1774.81,1754.03,1760.14"
2022-11-18 06:00:00+07:00,"1760.68,1767.74,1747.52,1750.62"
2022-11-21 06:00:00+07:00,"1751.8,1753.07,1732.51,1737.74"
2022-11-22 06:00:00+07:00,"1738.78,1749.77,1737.05,1739.95"
2022-11-23 06:00:00+07:00,"1740.17,1753.47,1728.22,1749.43"
2022-11-24 06:00:00+07:00,"1749.27,1758.63,1748.88,1755.2"
2022-11-25 06:00:00+07:00,"1754.48,1761.15,1745.96,1754.55"
2022-11-28 06:00:00+07:00,"1755.08,1763.72,1739.59,1741.47"
2022-11-29 06:00:00+07:00,"1740.44,1759.01,1739.5,1749.66"
2022-11-30 06:00:00+07:00,"1749.42,1770.01,1744.85,1768.48"
2022-12-01 06:00:00+07:00,"1768.93,1804.04,1768.47,1802.82"
2022-12-02 06:00:00+07:00,"1802.05,1804.46,1778.56,1797.74"
2022-12-05 06:00:00+07:00,"1796.63,1810.11,1765.78,1768.63"
2022-12-06 06:00:00+07:00,"1768.15,1780.9,1767.31,1770.97"
2022-12-07 06:00:00+07:00,"1771.13,1790.57,1768.74,1786.03"
2022-12-08 06:00:00+07:00,"1785.89,1794.87,1781.41,1788.9"
2022-12-09 06:00:00+07:00,"1789.72,1806.13,1788.51,1797.34"
2022-12-12 06:00:00+07:00,"1796.8,1797.17,1777.48,1781.31"
2022-12-13 06:00:00+07:00,"1781.08,1824.55,1780.92,1810.48"
2022-12-14 06:00:00+07:00,"1810.67,1814.18,1795.04,1807.27"
2022-12-15 06:00:00+07:00,"1807.17,1808.61,1773.73,1776.77"
2022-12-16 06:00:00+07:00,"1776.92,1794.28,1774.33,1793.14"
2022-12-19 06:00:00+07:00,"1793.15,1798.78,1783.82,1787.63"
2022-12-20 06:00:00+07:00,"1787.67,1821.21,1784.6,1817.7"
2022-12-21 06:00:00+07:00,"1817.93,1823.87,1811.87,1814.2"
2022-12-22 06:00:00+07:00,"1813.83,1820.45,1784.88,1792.4"
2022-12-23 06:00:00+07:00,"1793.17,1803.29,1791.19,1798.32"
2022-12-27 06:00:00+07:00,"1800.34,1833.36,1800.03,1813.51"
2022-12-28 06:00:00+07:00,"1813.54,1814.61,1797.06,1804.23"
2022-12-29 06:00:00+07:00,"1804.21,1820.17,1803.75,1814.83"
2022-12-30 06:00:00+07:00,"1814.43,1826.13,1813.45,1823.92"
2023-01-03 06:00:00+07:00,"1826.46,1849.98,1824.86,1839.43"
2023-01-04 06:00:00+07:00,"1838.77,1865.15,1836.21,1854.6"
2023-01-05 06:00:00+07:00,"1854.2,1858.98,1825.08,1832.96"
2023-01-06 06:00:00+07:00,"1832.21,1869.9,1831.39,1865.79"
2023-01-09 06:00:00+07:00,"1867.82,1881.5,1866.35,1871.65"
2023-01-10 06:00:00+07:00,"1870.99,1880.73,1867.78,1876.87"
2023-01-11 06:00:00+07:00,"1876.67,1886.64,1867.12,1875.68"
2023-01-12 06:00:00+07:00,"1874.85,1901.6,1871.88,1896.75"
2023-01-13 06:00:00+07:00,"1895.64,1921.98,1892.28,1920.29"
2023-01-16 06:00:00+07:00,"1918.88,1928.99,1902.58,1915.65"
2023-01-17 06:00:00+07:00,"1914.9,1919.07,1903.78,1908.48"
2023-01-18 06:00:00+07:00,"1908.31,1925.91,1896.58,1904.26"
2023-01-19 06:00:00+07:00,"1903.94,1935.17,1900.95,1932.11"
2023-01-20 06:00:00+07:00,"1931.71,1937.49,1920.62,1926.04"
2023-01-23 06:00:00+07:00,"1927.19,1935.53,1911.11,1930.85"
2023-01-24 06:00:00+07:00,"1930.86,1942.5,1917.15,1937.2"
2023-01-25 06:00:00+07:00,"1937,1948.06,1919.85,1946.09"
2023-01-26 06:00:00+07:00,"1946.41,1949.16,1918.56,1928.97"
2023-01-27 06:00:00+07:00,"1928.08,1935.01,1916.63,1928.1"
2023-01-30 06:00:00+07:00,"1928.26,1934.47,1920.65,1923.09"
2023-01-31 06:00:00+07:00,"1922.84,1931.13,1900.66,1928.11"
2023-02-01 06:00:00+07:00,"1927.9,1954.46,1920.52,1949.96"
2023-02-02 06:00:00+07:00,"1951.16,1959.77,1911.28,1912.57"
2023-02-03 06:00:00+07:00,"1911.84,1918.61,1861.37,1864.94"
2023-02-06 06:00:00+07:00,"1861.15,1881.34,1860.38,1867.56"
2023-02-07 06:00:00+07:00,"1867.55,1884.41,1864.99,1873.66"
2023-02-08 06:00:00+07:00,"1873.84,1886.35,1868.27,1875.39"
2023-02-09 06:00:00+07:00,"1875.27,1890.2,1858.87,1861.61"
2023-02-10 06:00:00+07:00,"1862.71,1872.22,1852.74,1865.43"
2023-02-13 06:00:00+07:00,"1864.55,1866.61,1850.47,1853.43"
2023-02-14 06:00:00+07:00,"1853.75,1870.61,1843.22,1854.36"
2023-02-15 06:00:00+07:00,"1854.05,1860.19,1830.53,1835.81"
2023-02-16 06:00:00+07:00,"1836.13,1845.27,1827.58,1836.38"
2023-02-17 06:00:00+07:00,"1836.42,1843.62,1818.92,1842.39"
2023-02-20 06:00:00+07:00,"1841.51,1847.5,1837.32,1841.33"
2023-02-21 06:00:00+07:00,"1841.53,1843.83,1830.21,1834.89"
2023-02-22 06:00:00+07:00,"1834.64,1846,1823.54,1825.15"
2023-02-23 06:00:00+07:00,"1825.85,1833.8,1817.37,1822.23"
2023-02-24 06:00:00+07:00,"1822.25,1827.79,1808.94,1810.92"
2023-02-27 06:00:00+07:00,"1812.86,1820.17,1806.5,1817.18"
2023-02-28 06:00:00+07:00,"1817.05,1831.17,1804.65,1826.66"
2023-03-01 06:00:00+07:00,"1826.72,1844.59,1823.07,1836.55"
2023-03-02 06:00:00+07:00,"1837.23,1838.97,1829.91,1835.62"
2023-03-03 06:00:00+07:00,"1836.07,1856.7,1836.01,1856.3"
2023-03-06 06:00:00+07:00,"1854.18,1858.31,1845.14,1846.6"
2023-03-07 06:00:00+07:00,"1846.5,1851.67,1812.7,1812.99"
2023-03-08 06:00:00+07:00,"1814.07,1824.26,1809.37,1813.69"
2023-03-09 06:00:00+07:00,"1814.18,1835.52,1811.82,1830.72"
2023-03-10 06:00:00+07:00,"1831.39,1870.15,1827.72,1867.17"
2023-03-13 05:00:00+07:00,"1878.98,1914.61,1871.41,1913.46"
2023-03-14 05:00:00+07:00,"1913.35,1914.12,1895.41,1903.89"
2023-03-15 05:00:00+07:00,"1904.13,1937.36,1885.63,1918.09"
2023-03-16 05:00:00+07:00,"1918.99,1933.51,1907.58,1919.28"
2023-03-17 05:00:00+07:00,"1919.52,1989.09,1918.24,1988.93"
2023-03-20 05:00:00+07:00,"1984.42,2009.76,1965.86,1978.62"
2023-03-21 05:00:00+07:00,"1978.84,1985.18,1935.37,1940.38"
2023-03-22 05:00:00+07:00,"1939.77,1978.78,1934.24,1969.54"
2023-03-23 05:00:00+07:00,"1969.37,2003.32,1964.52,1993.82"
2023-03-24 05:00:00+07:00,"1993.52,2002.92,1975.05,1978.42"
2023-03-27 05:00:00+07:00,"1978.35,1979.14,1944.02,1956.35"
2023-03-28 05:00:00+07:00,"1956.51,1975.27,1949.14,1973.57"
2023-03-29 05:00:00+07:00,"1973.37,1974.35,1958.61,1964.32"
2023-03-30 05:00:00+07:00,"1963.19,1984.31,1955.33,1980.17"
2023-03-31 05:00:00+07:00,"1980.42,1987.54,1966.84,1969.27"
2023-04-03 05:00:00+07:00,"1967.79,1990.49,1949.76,1984.42"
2023-04-04 05:00:00+07:00,"1983.97,2025.01,1976.88,2020.51"
2023-04-05 05:00:00+07:00,"2020.69,2032.03,2009.83,2020.67"
2023-04-06 05:00:00+07:00,"2020.62,2021.34,2000.84,2007.13"
2023-04-10 05:00:00+07:00,"1998.08,2006.33,1981.57,1991.15"
2023-04-11 05:00:00+07:00,"1991.03,2007.48,1988.78,2003.54"
2023-04-12 05:00:00+07:00,"2002.94,2028.31,2001.35,2014.76"
2023-04-13 05:00:00+07:00,"2014.22,2048.74,2013.94,2040"
2023-04-14 05:00:00+07:00,"2040.44,2047.45,1992.35,2004.01"
2023-04-17 05:00:00+07:00,"2000.57,2015.05,1981.05,1995.02"
2023-04-18 05:00:00+07:00,"1995.07,2011.87,1991.18,2005.12"
2023-04-19 05:00:00+07:00,"2004.76,2008.17,1969.2,1994.61"
2023-04-20 05:00:00+07:00,"1994.48,2012.3,1990.49,2004.69"
2023-04-21 05:00:00+07:00,"2004.1,2005.57,1971.49,1983.01"
2023-04-24 05:00:00+07:00,"1981.12,1990.87,1974.02,1989.01"
2023-04-25 05:00:00+07:00,"1988.77,2003.86,1976.12,1997.02"
2023-04-26 05:00:00+07:00,"1996.2,2009.33,1983.27,1989.27"
2023-04-27 05:00:00+07:00,"1989.68,2003.21,1974.06,1987.77"
2023-04-28 05:00:00+07:00,"1987.52,1994.94,1976,1989.47"
2023-05-01 05:00:00+07:00,"1990.39,2006,1977.06,1982.39"
2023-05-02 05:00:00+07:00,"1982.07,2019.32,1978.44,2016.46"
2023-05-03 05:00:00+07:00,"2015.93,2040.38,2006.9,2038.41"
2023-05-04 05:00:00+07:00,"2059.7,2080.34,2030.32,2050.09"
2023-05-05 05:00:00+07:00,"2049.03,2052.98,1999.49,2016.75"
2023-05-08 05:00:00+07:00,"2016.05,2029.37,2014.2,2021.35"
2023-05-09 05:00:00+07:00,"2020.89,2037.62,2019.54,2034.39"
2023-05-10 05:00:00+07:00,"2034.31,2048.22,2021.5,2030.18"
2023-05-11 05:00:00+07:00,"2029.94,2041.02,2011.16,2014.97"
2023-05-12 05:00:00+07:00,"2014.86,2022.58,2000.84,2010.72"
2023-05-15 05:00:00+07:00,"2008.09,2022.17,2007.17,2016.31"
2023-05-16 05:00:00+07:00,"2015.96,2018.33,1985.46,1988.84"
2023-05-17 05:00:00+07:00,"1988.63,1993.03,1975.02,1981.52"
2023-05-18 05:00:00+07:00,"1980.89,1986.02,1951.94,1957.42"
2023-05-19 05:00:00+07:00,"1957.92,1984.21,1954.03,1977.68"
2023-05-22 05:00:00+07:00,"1978.44,1982.64,1968.83,1971.69"
2023-05-23 05:00:00+07:00,"1971.78,1977.68,1954.23,1974.93"
2023-05-24 05:00:00+07:00,"1974.68,1985.29,1956.7,1957.19"
2023-05-25 05:00:00+07:00,"1957.97,1964.75,1938.88,1940.71"
2023-05-26 05:00:00+07:00,"1940.57,1957.22,1936.69,1946.24"
2023-05-29 05:00:00+07:00,"1941.58,1949.72,1940.2,1942.98"
2023-05-30 05:00:00+07:00,"1943.44,1963.48,1932.01,1959.25"
2023-05-31 05:00:00+07:00,"1959.22,1974.72,1953.66,1962.57"
2023-06-01 05:00:00+07:00,"1962.74,1983.11,1953.33,1977.41"
2023-06-02 05:00:00+07:00,"1977.09,1983.41,1947.52,1948.11"
2023-06-05 05:00:00+07:00,"1945.82,1963.99,1938.11,1961.71"
2023-06-06 05:00:00+07:00,"1961.27,1966.37,1954.3,1963.24"
2023-06-07 05:00:00+07:00,"1963.39,1970.17,1939.74,1939.84"
2023-06-08 05:00:00+07:00,"1940.32,1970.53,1939.64,1965.49"
2023-06-09 05:00:00+07:00,"1965.79,1973.04,1956.57,1960.84"
2023-06-12 05:00:00+07:00,"1959.65,1966.95,1949.14,1957.39"
2023-06-13 05:00:00+07:00,"1957.29,1971.09,1940.01,1943.41"
2023-06-14 05:00:00+07:00,"1943.09,1960.21,1939.66,1941.78"
2023-06-15 05:00:00+07:00,"1941.54,1960.26,1924.58,1957.89"
2023-06-16 05:00:00+07:00,"1957.39,1967.88,1953.25,1957.6"
2023-06-19 05:00:00+07:00,"1957.62,1958.67,1947.75,1950.33"
2023-06-20 05:00:00+07:00,"1950.64,1956.73,1929.74,1936.2"
2023-06-21 05:00:00+07:00,"1935.88,1939.47,1919.15,1932.65"
2023-06-22 05:00:00+07:00,"1932.3,1934.87,1912.36,1913.66"
2023-06-23 05:00:00+07:00,"1913.79,1937.29,1910.05,1920.77"
2023-06-26 05:00:00+07:00,"1924.42,1933.32,1921.5,1923.02"
2023-06-27 05:00:00+07:00,"1923.29,1930.65,1910.96,1913.59"
2023-06-28 05:00:00+07:00,"1913.36,1917.19,1902.81,1907.36"
2023-06-29 05:00:00+07:00,"1907.74,1913.09,1892.96,1908.14"
2023-06-30 05:00:00+07:00,"1908.17,1922.78,1900.52,1919.5"
2023-07-03 05:00:00+07:00,"1919.04,1930.94,1910.01,1921.44"
2023-07-04 05:00:00+07:00,"1921.07,1930.67,1919.87,1925.89"
2023-07-05 05:00:00+07:00,"1925.6,1935.02,1914.78,1915.1"
2023-07-06 05:00:00+07:00,"1915.24,1927.61,1902.61,1910.82"
2023-07-07 05:00:00+07:00,"1910.77,1934.89,1909.53,1925.48"
2023-07-10 05:00:00+07:00,"1925.09,1928.15,1912.64,1925.19"
2023-07-11 05:00:00+07:00,"1925.24,1938.43,1924.36,1932.1"
2023-07-12 05:00:00+07:00,"1932.24,1959.66,1932.19,1957.34"
2023-07-13 05:00:00+07:00,"1956.6,1963.49,1952.39,1960.42"
2023-07-14 05:00:00+07:00,"1960.39,1963.73,1950.91,1955.38"
2023-07-17 05:00:00+07:00,"1954.67,1959.81,1945.75,1954.83"
2023-07-18 05:00:00+07:00,"1954.44,1984.36,1954.44,1978.75"
2023-07-19 05:00:00+07:00,"1978.75,1980.86,1969.73,1976.86"
2023-07-20 05:00:00+07:00,"1976.53,1987.43,1965.32,1969.37"
2023-07-21 05:00:00+07:00,"1969.78,1973.74,1956.79,1961.79"
2023-07-24 05:00:00+07:00,"1961.83,1967.82,1953.43,1954.77"
2023-07-25 05:00:00+07:00,"1955.08,1965.71,1951.38,1964.85"
2023-07-26 05:00:00+07:00,"1964.88,1978.33,1961.98,1972.1"
2023-07-27 05:00:00+07:00,"1971.51,1982.15,1942.56,1945.53"
2023-07-28 05:00:00+07:00,"1946.23,1963.51,1945.44,1959.18"
2023-07-31 05:00:00+07:00,"1958.86,1972.36,1950.83,1965.39"
2023-08-01 05:00:00+07:00,"1965.69,1965.97,1941.24,1944.06"
2023-08-02 05:00:00+07:00,"1949.36,1954.77,1933.01,1934.77"
2023-08-03 05:00:00+07:00,"1934.47,1938.85,1929.5,1934.05"
2023-08-04 05:00:00+07:00,"1934.12,1946.8,1923.52,1942.76"
2023-08-07 05:00:00+07:00,"1942.12,1946.68,1931.44,1936.45"
2023-08-08 05:00:00+07:00,"1936.07,1938.04,1922.74,1925.04"
2023-08-09 05:00:00+07:00,"1924.98,1932.32,1913.99,1914.65"
2023-08-10 05:00:00+07:00,"1914.87,1930.11,1912.12,1912.22"
2023-08-11 05:00:00+07:00,"1912.61,1920.88,1910.77,1913.59"
2023-08-14 05:00:00+07:00,"1913.09,1916.19,1902.67,1907.34"
2023-08-15 05:00:00+07:00,"1907.27,1911.63,1896.36,1901.74"
2023-08-16 05:00:00+07:00,"1901.31,1907.17,1891.73,1891.79"
2023-08-17 05:00:00+07:00,"1891.73,1903.41,1884.99,1889.24"
2023-08-18 05:00:00+07:00,"1889.39,1896.83,1886.72,1889.22"
2023-08-21 05:00:00+07:00,"1889.39,1898.73,1884.76,1894.65"
2023-08-22 05:00:00+07:00,"1894.76,1904.43,1889.09,1897.27"
2023-08-23 05:00:00+07:00,"1897.47,1920.35,1897.22,1915.37"
2023-08-24 05:00:00+07:00,"1915.29,1923.31,1911.73,1916.7"
2023-08-25 05:00:00+07:00,"1916.87,1922.34,1903.76,1914.55"
2023-08-28 05:00:00+07:00,"1915.34,1926.03,1912.77,1920.09"
2023-08-29 05:00:00+07:00,"1920.07,1938.14,1914.4,1937.34"
2023-08-30 05:00:00+07:00,"1937.06,1948.99,1934.92,1942.23"
2023-08-31 05:00:00+07:00,"1942.14,1947.85,1939.07,1940.02"
2023-09-01 05:00:00+07:00,"1940,1952.91,1934.48,1940.16"
2023-09-04 05:00:00+07:00,"1940.16,1946.25,1936.77,1938.31"
2023-09-05 05:00:00+07:00,"1938.41,1938.92,1925.32,1925.95"
2023-09-06 05:00:00+07:00,"1926.1,1929.12,1915.25,1916.37"
2023-09-07 05:00:00+07:00,"1916.61,1923.58,1916.25,1919.57"
2023-09-08 05:00:00+07:00,"1919.56,1929.69,1917.31,1918.99"
2023-09-11 05:00:00+07:00,"1919.65,1930.69,1916.53,1922.27"
2023-09-12 05:00:00+07:00,"1922.5,1924.49,1907.55,1913.29"
2023-09-13 05:00:00+07:00,"1912.85,1915.7,1905.42,1908.09"
2023-09-14 05:00:00+07:00,"1909.03,1912.85,1900.93,1910.52"
2023-09-15 05:00:00+07:00,"1910.55,1930.38,1909.71,1923.68"
2023-09-18 05:00:00+07:00,"1923.54,1934.18,1922.51,1933.57"
2023-09-19 05:00:00+07:00,"1933.5,1937.33,1929.76,1931.31"
2023-09-20 05:00:00+07:00,"1932.04,1947.4,1927.9,1930.32"
2023-09-21 05:00:00+07:00,"1930.5,1931.43,1913.89,1919.97"
2023-09-22 05:00:00+07:00,"1919.19,1929.06,1919.09,1925.33"
2023-09-25 05:00:00+07:00,"1924.74,1927.16,1915.11,1915.77"
2023-09-26 05:00:00+07:00,"1915.75,1916.75,1899.1,1900.54"
2023-09-27 05:00:00+07:00,"1900.31,1903.9,1872.5,1874.99"
2023-09-28 05:00:00+07:00,"1875.75,1879.62,1857.63,1864.81"
2023-09-29 05:00:00+07:00,"1864.72,1879.84,1846.28,1848.53"
2023-10-02 05:00:00+07:00,"1848.14,1848.88,1827.16,1827.79"
2023-10-03 05:00:00+07:00,"1828.57,1833.33,1815.19,1822.9"
2023-10-04 05:00:00+07:00,"1822.87,1830.5,1816.59,1821.04"
2023-10-05 05:00:00+07:00,"1821.89,1829.14,1813.03,1820.14"
2023-10-06 05:00:00+07:00,"1820.05,1834.84,1810.39,1832.45"
2023-10-09 05:00:00+07:00,"1848.55,1863.47,1844.18,1861.3"
2023-10-10 05:00:00+07:00,"1861.31,1865.42,1852.94,1860.38"
2023-10-11 05:00:00+07:00,"1860.09,1877.19,1858.58,1874.23"
2023-10-12 05:00:00+07:00,"1874.29,1885.04,1867.87,1868.7"
2023-10-13 05:00:00+07:00,"1869.05,1932.83,1868.95,1932.73"
2023-10-16 05:00:00+07:00,"1928.41,1928.41,1908.13,1920.12"
2023-10-17 05:00:00+07:00,"1919.99,1931.55,1912.37,1923.03"
2023-10-18 05:00:00+07:00,"1923.1,1962.63,1923.09,1947.54"
2023-10-19 05:00:00+07:00,"1947.51,1977.68,1945.19,1974.3"
2023-10-20 05:00:00+07:00,"1974.19,1997.14,1971.96,1981.46"
2023-10-23 05:00:00+07:00,"1967.36,1982.76,1964.13,1972.7"
2023-10-24 05:00:00+07:00,"1972.76,1980.82,1953.45,1970.98"
2023-10-25 05:00:00+07:00,"1971.48,1987.22,1962.87,1979.49"
2023-10-26 05:00:00+07:00,"1979.84,1993.44,1971.72,1984.87"
2023-10-27 05:00:00+07:00,"1984.44,2009.45,1976.81,2006.17"
2023-10-30 05:00:00+07:00,"2003.6,2006.67,1990.91,1996.12"
2023-10-31 05:00:00+07:00,"1995.21,2007.94,1978.76,1983.93"
2023-11-01 05:00:00+07:00,"1984.28,1992.02,1969.81,1982.67"
2023-11-02 05:00:00+07:00,"1983.63,1991.04,1978.79,1985.82"
2023-11-03 05:00:00+07:00,"1986,2004.07,1983.19,1992.61"
2023-11-06 06:00:00+07:00,"1992.36,1993.06,1977.37,1977.77"
2023-11-07 06:00:00+07:00,"1977.97,1978.25,1956.67,1969.07"
2023-11-08 06:00:00+07:00,"1968.94,1970.97,1947.39,1950.17"
2023-11-09 06:00:00+07:00,"1950.49,1965.54,1944.67,1958.47"
2023-11-10 06:00:00+07:00,"1958.66,1960.8,1933.06,1938.15"
2023-11-13 06:00:00+07:00,"1938.5,1949.16,1931.63,1946.17"
2023-11-14 06:00:00+07:00,"1946.24,1970.89,1943.69,1963.07"
2023-11-15 06:00:00+07:00,"1962.78,1975.13,1955.4,1959.24"
2023-11-16 06:00:00+07:00,"1959.92,1987.96,1956.41,1981.22"
2023-11-17 06:00:00+07:00,"1980.46,1993.35,1978.59,1980.73"
2023-11-20 06:00:00+07:00,"1978.41,1985.12,1965.45,1977.64"
2023-11-21 06:00:00+07:00,"1977.86,2007.52,1977.66,1998.25"
2023-11-22 06:00:00+07:00,"1998.47,2006.33,1986.89,1989.83"
2023-11-23 06:00:00+07:00,"1988.76,1998.48,1988.66,1992.31"
2023-11-24 06:00:00+07:00,"1992.75,2003.63,1991.4,2002.15"
2023-11-27 06:00:00+07:00,"2001.92,2018,2000.47,2014.14"
2023-11-28 06:00:00+07:00,"2013.83,2043.01,2011.7,2041.03"
2023-11-29 06:00:00+07:00,"2040.9,2051.97,2035.29,2044.11"
2023-11-30 06:00:00+07:00,"2044.64,2047.18,2031.01,2036.05"
2023-12-01 06:00:00+07:00,"2036.63,2075.34,2033.86,2071.96"
2023-12-04 06:00:00+07:00,"2072.9,2142.8,2020.1,2028.99"
2023-12-05 06:00:00+07:00,"2029.56,2041.14,2009.88,2019.31"
2023-12-06 06:00:00+07:00,"2019.12,2035.85,2017.19,2025.22"
2023-12-07 06:00:00+07:00,"2025.85,2039.91,2020.13,2028.49"
2023-12-08 06:00:00+07:00,"2028.69,2033.95,1994.64,2004.27"
2023-12-11 06:00:00+07:00,"2004.26,2007.82,1975.87,1981.65"
2023-12-12 06:00:00+07:00,"1982.04,1996.69,1977.18,1979.26"
2023-12-13 06:00:00+07:00,"1979.57,2027.75,1973,2027.19"
2023-12-14 06:00:00+07:00,"2026.16,2047.87,2024.12,2036.16"
2023-12-15 06:00:00+07:00,"2036.35,2044.89,2015.56,2019.54"
2023-12-18 06:00:00+07:00,"2019.39,2033.66,2015.97,2027.16"
2023-12-19 06:00:00+07:00,"2027.29,2046.96,2021.64,2040.08"
2023-12-20 06:00:00+07:00,"2040.03,2043.45,2027.43,2031.25"
2023-12-21 06:00:00+07:00,"2031.53,2045.96,2031.51,2045.73"
2023-12-22 06:00:00+07:00,"2048.34,2070.63,2046.8,2052.81"
2023-12-26 06:00:00+07:00,"2053.74,2069,2053.46,2067.5"
2023-12-27 06:00:00+07:00,"2068.02,2084.46,2061.48,2077.45"
2023-12-28 06:00:00+07:00,"2077.59,2088.42,2064.65,2065.21"
2023-12-29 06:00:00+07:00,"2065.93,2074.73,2058.19,2062.62"
2024-01-02 06:00:00+07:00,"2062.83,2078.86,2055.9,2058.86"
2024-01-03 06:00:00+07:00,"2059.15,2065.88,2030.58,2041.22"
2024-01-04 06:00:00+07:00,"2041.66,2050.95,2036.27,2043.23"
2024-01-05 06:00:00+07:00,"2043.86,2063.95,2024.44,2045.32"
2024-01-08 06:00:00+07:00,"2044.14,2046.57,2016.77,2028.15"
2024-01-09 06:00:00+07:00,"2028.12,2041.92,2026.1,2030.16"
2024-01-10 06:00:00+07:00,"2030.15,2040.22,2020.43,2024.27"
2024-01-11 06:00:00+07:00,"2024.31,2039.52,2013.33,2028.44"
2024-01-12 06:00:00+07:00,"2028.69,2062.25,2028.52,2048.82"
2024-01-15 06:00:00+07:00,"2047.96,2058.6,2045.76,2054.9"
2024-01-16 06:00:00+07:00,"2054.27,2055.57,2024.26,2028.18"
2024-01-17 06:00:00+07:00,"2028.17,2032.91,2001.82,2006.07"
2024-01-18 06:00:00+07:00,"2005.57,2023.22,2005.37,2022.98"
2024-01-19 06:00:00+07:00,"2023.31,2039.34,2020.38,2029.4"
2024-01-22 06:00:00+07:00,"2029.54,2032.1,2016.54,2021.57"
2024-01-23 06:00:00+07:00,"2021.81,2037.87,2019.6,2029.08"
2024-01-24 06:00:00+07:00,"2028.95,2036.64,2011.2,2013.45"
2024-01-25 06:00:00+07:00,"2013.47,2025.31,2009.49,2020.65"
2024-01-26 06:00:00+07:00,"2020.15,2026.91,2015.95,2018.27"
2024-01-29 06:00:00+07:00,"2025.71,2037.56,2019.27,2032.66"
2024-01-30 06:00:00+07:00,"2032.76,2048.59,2029.07,2036.83"
2024-01-31 06:00:00+07:00,"2036.84,2056,2030.84,2039.16"
2024-02-01 06:00:00+07:00,"2039.84,2065.39,2030.01,2054.97"
2024-02-02 06:00:00+07:00,"2054.4,2057.62,2027.75,2039.43"
2024-02-05 06:00:00+07:00,"2039.45,2042.24,2014.88,2025"
2024-02-06 06:00:00+07:00,"2024.76,2038.89,2022.9,2035.82"
2024-02-07 06:00:00+07:00,"2035.73,2044.62,2030.61,2034.96"
2024-02-08 06:00:00+07:00,"2035.01,2038.69,2020.15,2034.29"
2024-02-09 06:00:00+07:00,"2034.08,2037.22,2020.27,2024.41"
2024-02-12 06:00:00+07:00,"2023.45,2027.53,2011.87,2019.89"
2024-02-13 06:00:00+07:00,"2019.56,2031.96,1990.16,1992.9"
2024-02-14 06:00:00+07:00,"1993.37,1996.1,1984.2,1992.05"
2024-02-15 06:00:00+07:00,"1991.92,2008.27,1990.23,2004.2"
2024-02-16 06:00:00+07:00,"2003.85,2015.21,1995.07,2013.09"
2024-02-19 06:00:00+07:00,"2014.77,2022.96,2011.82,2017.97"
2024-02-20 06:00:00+07:00,"2017.9,2030.89,2015,2024.19"
2024-02-21 06:00:00+07:00,"2023.98,2032.25,2020.02,2025.94"
2024-02-22 06:00:00+07:00,"2025.74,2034.89,2019.6,2024.23"
2024-02-23 06:00:00+07:00,"2024.04,2041.31,2016.04,2035.23"
2024-02-26 06:00:00+07:00,"2034.62,2037.01,2025.05,2031.11"
2024-02-27 06:00:00+07:00,"2030.94,2039.46,2028.77,2030.33"
2024-02-28 06:00:00+07:00,"2030.51,2037.9,2024.47,2034.33"
2024-02-29 06:00:00+07:00,"2034.82,2050.75,2028.06,2044.08"
2024-03-01 06:00:00+07:00,"2043.46,2088.28,2039.04,2082.65"
2024-03-04 06:00:00+07:00,"2082.41,2119.86,2079.39,2114.23"
2024-03-05 06:00:00+07:00,"2114.54,2141.79,2110.42,2127.8"
2024-03-06 06:00:00+07:00,"2127.93,2152.18,2123.63,2147.99"
2024-03-07 06:00:00+07:00,"2148.62,2164.76,2144.12,2159.89"
2024-03-08 06:00:00+07:00,"2159.55,2195.15,2153.94,2178.93"
2024-03-11 05:00:00+07:00,"2180.54,2188.93,2174.8,2182.72"
2024-03-12 05:00:00+07:00,"2182.5,2184.75,2150.61,2158.15"
2024-03-13 05:00:00+07:00,"2158.16,2179.82,2155.8,2174.24"
2024-03-14 05:00:00+07:00,"2174.32,2176.97,2152.7,2162.16"
2024-03-15 05:00:00+07:00,"2162.12,2172.67,2155.17,2155.7"
2024-03-18 05:00:00+07:00,"2154.56,2163.53,2146.09,2160.35"
2024-03-19 05:00:00+07:00,"2160.16,2162.81,2147.08,2157.59"
2024-03-20 05:00:00+07:00,"2157.76,2188.81,2149.58,2186.22"
2024-03-21 05:00:00+07:00,"2186.5,2222.76,2166.27,2181.3"
2024-03-22 05:00:00+07:00,"2181.16,2186.05,2157.06,2165.03"
2024-03-25 05:00:00+07:00,"2165.56,2181.28,2163.5,2171.66"
2024-03-26 05:00:00+07:00,"2171.45,2200.02,2167.61,2178.61"
2024-03-27 05:00:00+07:00,"2177.6,2197.58,2172.78,2194.83"
2024-03-28 05:00:00+07:00,"2193.51,2236.15,2187.33,2232.78"
2024-04-01 05:00:00+07:00,"2239.96,2265.61,2228.46,2251.33"
2024-04-02 05:00:00+07:00,"2251.21,2281,2246.66,2280.46"
2024-04-03 05:00:00+07:00,"2280.11,2301.12,2265.39,2299.7"
2024-04-04 05:00:00+07:00,"2299.16,2305.6,2279.89,2290.92"
2024-04-05 05:00:00+07:00,"2290.98,2330.46,2267.74,2329.51"
2024-04-08 05:00:00+07:00,"2322.9,2353.93,2302.88,2338.98"
2024-04-09 05:00:00+07:00,"2338.85,2365.33,2336.84,2352.41"
2024-04-10 05:00:00+07:00,"2352.59,2360.09,2319.27,2333.62"
2024-04-11 05:00:00+07:00,"2332.81,2377.69,2325.65,2372.38"
2024-04-12 05:00:00+07:00,"2371.63,2431.46,2333.78,2344.04"
2024-04-15 05:00:00+07:00,"2353.76,2387.61,2324.21,2383.19"
2024-04-16 05:00:00+07:00,"2382.14,2398.31,2362.98,2382.69"
2024-04-17 05:00:00+07:00,"2381.12,2395.59,2354.38,2361.11"
2024-04-18 05:00:00+07:00,"2361.36,2392.84,2361.36,2378.9"
2024-04-19 05:00:00+07:00,"2378.12,2417.85,2372.78,2392.2"
2024-04-22 05:00:00+07:00,"2387.36,2388.49,2324.56,2327.1"
2024-04-23 05:00:00+07:00,"2327.14,2334.43,2291.3,2322.11"
2024-04-24 05:00:00+07:00,"2321.56,2337.29,2311.78,2315.94"
2024-04-25 05:00:00+07:00,"2314.96,2344.85,2304.94,2332.43"
2024-04-26 05:00:00+07:00,"2331.36,2352.58,2326.24,2337.96"
2024-04-29 05:00:00+07:00,"2335.16,2346.75,2319.73,2335.4"
2024-04-30 05:00:00+07:00,"2335.1,2336.24,2285.1,2286.14"
2024-05-01 05:00:00+07:00,"2285.36,2328.34,2281.61,2319.32"
2024-05-02 05:00:00+07:00,"2318.99,2326.49,2285.42,2303.65"
2024-05-03 05:00:00+07:00,"2303.61,2320.63,2277.04,2301.4"
2024-05-06 05:00:00+07:00,"2303.57,2332.03,2291.8,2323.93"
2024-05-07 05:00:00+07:00,"2323.8,2329.98,2309.98,2313.97"
2024-05-08 05:00:00+07:00,"2313.4,2321.43,2303.63,2308.78"
2024-05-09 05:00:00+07:00,"2308,2347.24,2306.55,2345.95"
2024-05-10 05:00:00+07:00,"2345.81,2378.43,2345.19,2360.36"
2024-05-13 05:00:00+07:00,"2362.37,2364.49,2332.06,2336.3"
2024-05-14 05:00:00+07:00,"2335.1,2359.7,2334.83,2357.88"
2024-05-15 05:00:00+07:00,"2357.35,2390.23,2351.76,2385.85"
2024-05-16 05:00:00+07:00,"2385.33,2397.39,2370.96,2376.66"
2024-05-17 05:00:00+07:00,"2376.78,2422.66,2373.92,2414.64"
2024-05-20 05:00:00+07:00,"2418.13,2450.05,2407.2,2426.27"
2024-05-21 05:00:00+07:00,"2426.17,2433.93,2406.19,2420.8"
2024-05-22 05:00:00+07:00,"2420.76,2426.52,2374.91,2378.63"
2024-05-23 05:00:00+07:00,"2377.45,2383.71,2326.96,2328.52"
2024-05-24 05:00:00+07:00,"2328.93,2347.4,2325.37,2333.85"
2024-05-27 05:00:00+07:00,"2335.77,2358.53,2332.11,2350.72"
2024-05-28 05:00:00+07:00,"2350.97,2364.09,2340.24,2361.17"
2024-05-29 05:00:00+07:00,"2360.89,2362.31,2334.46,2338.09"
2024-05-30 05:00:00+07:00,"2337.35,2351.8,2322.61,2342.97"
2024-05-31 05:00:00+07:00,"2344.29,2359.66,2320.55,2327.3"
2024-06-03 05:00:00+07:00,"2327.77,2354.68,2314.71,2350.68"
2024-06-04 05:00:00+07:00,"2351.18,2352.82,2315.57,2326.84"
2024-06-05 05:00:00+07:00,"2326.46,2357.4,2325.88,2355.15"
2024-06-06 05:00:00+07:00,"2356.57,2378.51,2353.43,2375.67"
2024-06-07 05:00:00+07:00,"2375.37,2387.69,2286.71,2293.81"
2024-06-10 05:00:00+07:00,"2293.97,2313.83,2287.74,2310.9"
2024-06-11 05:00:00+07:00,"2311.92,2319.96,2297.7,2316.86"
2024-06-12 05:00:00+07:00,"2316.68,2341.63,2310.63,2324.85"
2024-06-13 05:00:00+07:00,"2324.57,2326.63,2295.47,2303.83"
2024-06-14 05:00:00+07:00,"2303.48,2336.61,2301.52,2332.63"
2024-06-17 05:00:00+07:00,"2330.9,2332.61,2309.96,2319.08"
2024-06-18 05:00:00+07:00,"2318.6,2333.14,2306.59,2329.33"
2024-06-19 05:00:00+07:00,"2329.17,2334.97,2323.72,2327.66"
2024-06-20 05:00:00+07:00,"2328.46,2365.5,2327.75,2360.04"
2024-06-21 05:00:00+07:00,"2360.37,2368.74,2316.71,2321.68"
2024-06-24 05:00:00+07:00,"2321.37,2334.73,2317.69,2334.31"
2024-06-25 05:00:00+07:00,"2333.93,2337.11,2315.43,2319.46"
2024-06-26 05:00:00+07:00,"2319.25,2324.02,2293.57,2298.13"
2024-06-27 05:00:00+07:00,"2298.16,2330.88,2296.45,2327.43"
2024-06-28 05:00:00+07:00,"2327.68,2339.68,2319.04,2326.45"
2024-07-01 05:00:00+07:00,"2325.2,2338.5,2318.49,2331.7"
2024-07-02 05:00:00+07:00,"2331.47,2336.83,2319.02,2329.31"
2024-07-03 05:00:00+07:00,"2329.3,2364.92,2326.88,2356.05"
2024-07-04 05:00:00+07:00,"2356.81,2362.54,2350.5,2356.99"
2024-07-05 05:00:00+07:00,"2356.19,2392.93,2348.27,2391.47"
2024-07-08 05:00:00+07:00,"2385.77,2391.09,2350.96,2359.15"
2024-07-09 05:00:00+07:00,"2358.75,2371.58,2349.38,2363.81"
2024-07-10 05:00:00+07:00,"2363.52,2386.66,2362.78,2371.31"
2024-07-11 05:00:00+07:00,"2370.88,2424.54,2370.65,2415.28"
2024-07-12 05:00:00+07:00,"2415.37,2418.23,2391.45,2411.02"
2024-07-15 05:00:00+07:00,"2411.77,2439.76,2401.33,2422.22"
2024-07-16 05:00:00+07:00,"2422.17,2469.72,2419.95,2468.67"
2024-07-17 05:00:00+07:00,"2468.29,2483.67,2451.48,2458.65"
2024-07-18 05:00:00+07:00,"2458.51,2474.9,2440.31,2445.08"
2024-07-19 05:00:00+07:00,"2445.37,2445.58,2393.83,2400.65"
2024-07-22 05:00:00+07:00,"2401.57,2412.17,2383.8,2396.34"
2024-07-23 05:00:00+07:00,"2396.07,2412.04,2388.27,2409.51"
2024-07-24 05:00:00+07:00,"2408.72,2432,2396.75,2397.22"
2024-07-25 05:00:00+07:00,"2398.1,2401.15,2353.1,2364.58"
2024-07-26 05:00:00+07:00,"2364.09,2390.76,2355.82,2387"
2024-07-29 05:00:00+07:00,"2387.38,2403.08,2369.59,2383.49"
2024-07-30 05:00:00+07:00,"2383.21,2412.83,2376.45,2410.83"
2024-07-31 05:00:00+07:00,"2410.55,2451.01,2403.87,2447.22"
2024-08-01 05:00:00+07:00,"2448.78,2462.31,2430.17,2446.26"
2024-08-02 05:00:00+07:00,"2446.58,2477.64,2410.77,2442.5"
2024-08-05 05:00:00+07:00,"2443.78,2458.75,2364.23,2409.96"
2024-08-06 05:00:00+07:00,"2409.51,2418.29,2381.37,2389.89"
2024-08-07 05:00:00+07:00,"2389.68,2407.01,2378.97,2382.93"
2024-08-08 05:00:00+07:00,"2382.77,2427.64,2380.66,2427.29"
2024-08-09 05:00:00+07:00,"2426.77,2437.01,2416.89,2431.03"
2024-08-12 05:00:00+07:00,"2429.39,2473.1,2423.8,2471.98"
2024-08-13 05:00:00+07:00,"2470.21,2476.98,2458.45,2464.96"
2024-08-14 05:00:00+07:00,"2465.99,2479.86,2438.05,2447.95"
2024-08-15 05:00:00+07:00,"2447.22,2470.11,2432.15,2456.48"
2024-08-16 05:00:00+07:00,"2456.36,2509.73,2450.74,2507.71"
2024-08-19 05:00:00+07:00,"2508.2,2510.25,2485.67,2504.2"
2024-08-20 05:00:00+07:00,"2503.51,2531.74,2497.33,2514"
2024-08-21 05:00:00+07:00,"2513.6,2519.9,2493.76,2512.32"
2024-08-22 05:00:00+07:00,"2511.65,2514.67,2470.84,2484.64"
2024-08-23 05:00:00+07:00,"2484.6,2518.32,2484.36,2512.35"
2024-08-26 05:00:00+07:00,"2511.4,2526.87,2508.72,2517.91"
2024-08-27 05:00:00+07:00,"2517.85,2526,2503.47,2524.63"
2024-08-28 05:00:00+07:00,"2524.55,2529.03,2493.64,2504.59"
2024-08-29 05:00:00+07:00,"2504.39,2528.67,2503.6,2521.12"
2024-08-30 05:00:00+07:00,"2520.84,2526.9,2494.12,2503.13"
2024-09-02 05:00:00+07:00,"2500.79,2507.27,2490.01,2499.22"
2024-09-03 05:00:00+07:00,"2499.8,2506.24,2473.21,2492.95"
2024-09-04 05:00:00+07:00,"2492.81,2500.25,2471.91,2495.49"
2024-09-05 05:00:00+07:00,"2495.06,2523.47,2493.81,2516.6"
2024-09-06 05:00:00+07:00,"2516.62,2529.23,2485.11,2497.4"
2024-09-09 05:00:00+07:00,"2496.4,2507.22,2485.52,2506.23"
2024-09-10 05:00:00+07:00,"2506.23,2518.51,2500.08,2516.6"
2024-09-11 05:00:00+07:00,"2516.38,2529.11,2501,2511.29"
2024-09-12 05:00:00+07:00,"2511.5,2560.02,2510.93,2558.91"
2024-09-13 05:00:00+07:00,"2558.57,2586.1,2556.78,2579.13"
2024-09-16 05:00:00+07:00,"2579.35,2589.75,2575.24,2582.67"
2024-09-17 05:00:00+07:00,"2582.44,2587.01,2560.69,2569.68"
2024-09-18 05:00:00+07:00,"2569.83,2600.06,2546.88,2559.09"
2024-09-19 05:00:00+07:00,"2558.87,2594.78,2550.92,2586.76"
2024-09-20 05:00:00+07:00,"2586.83,2625.83,2584.79,2622.16"
2024-09-23 05:00:00+07:00,"2621.02,2634.76,2613.81,2628.25"
2024-09-24 05:00:00+07:00,"2628.35,2664.38,2622.63,2657.38"
2024-09-25 05:00:00+07:00,"2657.52,2670.76,2649.69,2657.27"
2024-09-26 05:00:00+07:00,"2656.82,2685.71,2654.69,2672.19"
2024-09-27 05:00:00+07:00,"2672.06,2674.27,2643.06,2658.46"
2024-09-30 05:00:00+07:00,"2658.25,2665.98,2624.74,2634.39"
2024-10-01 05:00:00+07:00,"2634.59,2673.04,2632.3,2663.38"
2024-10-02 05:00:00+07:00,"2663.05,2663.32,2641.2,2658.53"
2024-10-03 05:00:00+07:00,"2658.7,2662.93,2637.69,2656.08"
2024-10-04 05:00:00+07:00,"2655.79,2670.13,2631.88,2653.44"
2024-10-07 05:00:00+07:00,"2651.21,2659.53,2637.71,2642.62"
2024-10-08 05:00:00+07:00,"2642.86,2653.03,2604.74,2621.83"
2024-10-09 05:00:00+07:00,"2621.36,2624.34,2605.1,2607.73"
2024-10-10 05:00:00+07:00,"2607.51,2631.53,2602.19,2630.14"
2024-10-11 05:00:00+07:00,"2629.81,2661.39,2628.04,2657.33"
2024-10-14 05:00:00+07:00,"2655.92,2666.79,2643.19,2648.68"
2024-10-15 05:00:00+07:00,"2648.58,2668.95,2638.14,2662.72"
2024-10-16 05:00:00+07:00,"2662.96,2685.53,2658.74,2673.68"
2024-10-17 05:00:00+07:00,"2673.72,2696.73,2673.13,2692.93"
2024-10-18 05:00:00+07:00,"2692.32,2722.58,2692.11,2721.45"
2024-10-21 05:00:00+07:00,"2721.19,2740.54,2714.14,2719.55"
2024-10-22 05:00:00+07:00,"2719.79,2748.97,2718.83,2748.97"
2024-10-23 05:00:00+07:00,"2748.43,2758.44,2708.68,2715.33"
2024-10-24 05:00:00+07:00,"2715.81,2743.31,2715.19,2736.13"
2024-10-25 05:00:00+07:00,"2735.39,2747.82,2716.93,2747.41"
2024-10-28 05:00:00+07:00,"2735.75,2746.01,2724.73,2742.53"
2024-10-29 05:00:00+07:00,"2742.45,2774.88,2739.89,2774.66"
2024-10-30 05:00:00+07:00,"2774.47,2790.04,2770.91,2787.53"
2024-10-31 05:00:00+07:00,"2787.59,2790.12,2731.59,2743.66"
2024-11-01 05:00:00+07:00,"2743.91,2762.38,2733.06,2735.97"
2024-11-04 06:00:00+07:00,"2734.06,2748.21,2730.13,2736.72"
2024-11-05 06:00:00+07:00,"2736.29,2750.08,2724.64,2743.66"
2024-11-06 06:00:00+07:00,"2743.79,2749.71,2652.29,2658.78"
2024-11-07 06:00:00+07:00,"2660.5,2710.21,2643.12,2706.18"
2024-11-08 06:00:00+07:00,"2705.7,2710.48,2680.43,2683.98"
2024-11-11 06:00:00+07:00,"2685.07,2686.33,2610.51,2619.32"
2024-11-12 06:00:00+07:00,"2619.27,2627.07,2589.74,2598.33"
2024-11-13 06:00:00+07:00,"2598.38,2618.87,2572.67,2573.11"
2024-11-14 06:00:00+07:00,"2572.92,2581.25,2536.76,2564.88"
2024-11-15 06:00:00+07:00,"2565.68,2576.21,2554.49,2562.78"
2024-11-18 06:00:00+07:00,"2565.41,2615.11,2564.43,2611.61"
2024-11-19 06:00:00+07:00,"2611.91,2639.58,2610.29,2631.94"
2024-11-20 06:00:00+07:00,"2632.13,2655.43,2618.76,2649.98"
2024-11-21 06:00:00+07:00,"2650.02,2673.61,2649.06,2669.65"
2024-11-22 06:00:00+07:00,"2670.06,2716.45,2668.11,2715.81"
2024-11-25 06:00:00+07:00,"2715.11,2721.36,2615.54,2625.72"
2024-11-26 06:00:00+07:00,"2626.16,2641.81,2610.74,2638.96"
2024-11-27 06:00:00+07:00,"2638.86,2658.28,2620.79,2631.4"
2024-11-28 06:00:00+07:00,"2631.33,2664.55,2630.09,2659.95"
2024-11-29 06:00:00+07:00,"2659.76,2666.41,2648.47,2650.75"
2024-12-02 06:00:00+07:00,"2628.53,2651.71,2621.79,2639.74"
2024-12-03 06:00:00+07:00,"2639.74,2655.68,2635.09,2648.34"
2024-12-04 06:00:00+07:00,"2648.34,2656.93,2632.36,2646.43"
2024-12-05 06:00:00+07:00,"2646.4,2655.46,2613.19,2642.17"
2024-12-06 06:00:00+07:00,"2642.19,2645.63,2623.91,2632.99"
2024-12-09 06:00:00+07:00,"2636.04,2676.56,2635.84,2670.5"
2024-12-10 06:00:00+07:00,"2670.5,2704.68,2661.19,2689.91"
2024-12-11 06:00:00+07:00,"2689.83,2726.28,2674.67,2712.44"
2024-12-12 06:00:00+07:00,"2712.41,2720.39,2674.96,2687.31"
2024-12-13 06:00:00+07:00,"2687.28,2690.65,2646.14,2648.57"
2024-12-16 06:00:00+07:00,"2652.69,2664.63,2648.58,2651.75"
2024-12-17 06:00:00+07:00,"2651.75,2657.02,2633,2645.14"
2024-12-18 06:00:00+07:00,"2644.93,2649.71,2583.16,2609.21"
2024-12-19 06:00:00+07:00,"2609.08,2626.34,2587.02,2598.01"
2024-12-20 06:00:00+07:00,"2598.01,2631.84,2596.42,2623.21"
2024-12-23 06:00:00+07:00,"2625.62,2633.41,2608.1,2620.15"
2024-12-24 06:00:00+07:00,"2620.09,2621.52,2610.1,2616.57"
2024-12-25 06:00:00+07:00,"2617.46,2629.18,2615.13,2627.36"
2024-12-30 06:00:00+07:00,"2622.19,2624.6,2596.15,2606.49"
2024-12-31 06:00:00+07:00,"2606.42,2627.5,2602.56,2624.44"
2025-01-01 06:00:00+07:00,"2625.15,2636.48,2621.7,2634.13"
2025-01-02 06:00:00+07:00,"2633.82,2665.26,2631.09,2663.05"
2025-01-03 06:00:00+07:00,"2663.08,2663.08,2636.54,2639.54"
2025-01-06 06:00:00+07:00,"2635.48,2649.31,2614.55,2638.25"
2025-01-07 06:00:00+07:00,"2638.43,2664.28,2636.86,2647.13"
2025-01-08 06:00:00+07:00,"2647.06,2669.9,2645.63,2658.74"
2025-01-09 06:00:00+07:00,"2658.74,2678.34,2657.39,2671.83"
2025-01-10 06:00:00+07:00,"2672.08,2698.08,2663.79,2690.06"
2025-01-13 06:00:00+07:00,"2686.23,2691.51,2656.97,2673.47"
2025-01-14 06:00:00+07:00,"2673.47,2678.4,2659.84,2675.57"
2025-01-15 06:00:00+07:00,"2675.59,2702.24,2674.52,2697.3"
2025-01-16 06:00:00+07:00,"2697.3,2724.77,2690.15,2714.74"
2025-01-17 06:00:00+07:00,"2714.81,2717.3,2699.14,2702.61"
2025-01-20 06:00:00+07:00,"2705.69,2727.92,2701.71,2727.19"
2025-01-21 06:00:00+07:00,"2727.21,2752.9,2716.4,2752.07"
2025-01-22 06:00:00+07:00,"2752.25,2763.47,2745.75,2751.69"
2025-01-23 06:00:00+07:00,"2751.7,2777.22,2735.95,2772.16"
2025-01-24 06:00:00+07:00,"2772.29,2786.03,2769.86,2771.01"
2025-01-27 06:00:00+07:00,"2758.06,2771.99,2730.51,2742.31"
2025-01-28 06:00:00+07:00,"2742.52,2766.31,2734.74,2762.42"
2025-01-29 06:00:00+07:00,"2762.4,2766.13,2744.69,2760.43"
2025-01-30 06:00:00+07:00,"2760.46,2799.52,2758.83,2795.75"
2025-01-31 06:00:00+07:00,"2795.73,2817.31,2791.08,2798.78"
2025-02-03 06:00:00+07:00,"2780.85,2830.71,2780.11,2819.09"
2025-02-04 06:00:00+07:00,"2819.22,2858.08,2807.21,2855.3"
2025-02-05 06:00:00+07:00,"2855.31,2882.28,2853.76,2868.54"
2025-02-06 06:00:00+07:00,"2868.68,2871.26,2834.24,2866.58"
2025-02-07 06:00:00+07:00,"2866.68,2886.81,2852.54,2860.61"
2025-02-10 06:00:00+07:00,"2879.24,2942.7,2876.07,2916.58"
2025-02-11 06:00:00+07:00,"2916.32,2929.47,2881.55,2885.34"
2025-02-12 06:00:00+07:00,"2885.46,2919.22,2864.21,2918.41"
2025-02-13 06:00:00+07:00,"2918.46,2933.8,2905.96,2928.43"
2025-02-14 06:00:00+07:00,"2928.59,2939.98,2876.96,2882.46"
2025-02-17 06:00:00+07:00,"2899.31,2911.06,2888.18,2910.88"
2025-02-18 06:00:00+07:00,"2910.9,2939.74,2907.15,2929.24"
2025-02-19 06:00:00+07:00,"2929.25,2947,2918.46,2940.02"
2025-02-20 06:00:00+07:00,"2940,2955.07,2924.01,2928.51"
2025-02-21 06:00:00+07:00,"2928.47,2942.85,2916.74,2935.97"
2025-02-24 06:00:00+07:00,"2940.91,2956.25,2930.72,2936.91"
2025-02-25 06:00:00+07:00,"2936.88,2944.84,2888.29,2914.9"
2025-02-26 06:00:00+07:00,"2914.89,2921.11,2890.82,2897.46"
2025-02-27 06:00:00+07:00,"2897.5,2898.67,2856.94,2863.44"
2025-02-28 06:00:00+07:00,"2863.45,2867.04,2832.64,2857.49"
2025-03-03 06:00:00+07:00,"2867.4,2895.24,2858.97,2891.3"
2025-03-04 06:00:00+07:00,"2891.37,2927.8,2884.43,2910.55"
2025-03-05 06:00:00+07:00,"2910.58,2929.93,2894.36,2917.4"
2025-03-06 06:00:00+07:00,"2917.43,2923.01,2891.33,2906.54"
2025-03-07 06:00:00+07:00,"2906.55,2930.51,2901.99,2909.71"
2025-03-10 05:00:00+07:00,"2911.08,2915.48,2880.11,2896.92"
2025-03-11 05:00:00+07:00,"2896.99,2922.14,2892.68,2914.95"
2025-03-12 05:00:00+07:00,"2915.05,2947.16,2906.05,2945.55"
2025-03-13 05:00:00+07:00,"2945.57,2992.9,2932.93,2992.6"
2025-03-14 05:00:00+07:00,"2992.53,3004.94,2978.4,2984.99"
2025-03-17 05:00:00+07:00,"2986.94,3015.14,2982.17,3011.37"
2025-03-18 05:00:00+07:00,"3011.38,3039.02,3006.21,3036.14"
2025-03-19 05:00:00+07:00,"3036.2,3056.33,3022.73,3049.9"
2025-03-20 05:00:00+07:00,"3049.91,3057.56,3025.64,3030.71"
2025-03-21 05:00:00+07:00,"3030.72,3038.29,2999.37,3023.73"
2025-03-24 05:00:00+07:00,"3016.81,3033.54,3002.41,3015.35"
2025-03-25 05:00:00+07:00,"3015.41,3035.96,3010.56,3017.7"
2025-03-26 05:00:00+07:00,"3017.68,3034.12,3012.19,3033.51"
2025-03-27 05:00:00+07:00,"3033.5,3077.5,3026.64,3075.07"
2025-03-28 05:00:00+07:00,"3075.07,3086.83,3065.97,3085.25"
2025-03-31 05:00:00+07:00,"3107.04,3147.4,3099.66,3145.93"
2025-04-01 05:00:00+07:00,"3145.91,3149.02,3100.8,3125.66"
2025-04-02 05:00:00+07:00,"3125.65,3167.92,3104.73,3148.17"
2025-04-03 05:00:00+07:00,"3148.18,3149.75,3053.97,3098.56"
2025-04-04 05:00:00+07:00,"3098.55,3136.75,3015.55,3037.99"
2025-04-07 05:00:00+07:00,"3018.82,3046.19,2956.51,2994.64"
2025-04-08 05:00:00+07:00,"2994.65,3022.62,2969.97,3004.56"
2025-04-09 05:00:00+07:00,"3004.55,3132.07,2999.56,3125.32"
2025-04-10 05:00:00+07:00,"3125.3,3220.14,3103.19,3217.64"
2025-04-11 05:00:00+07:00,"3217.9,3245.53,3187.14,3237.9"
2025-04-14 05:00:00+07:00,"3232.51,3238.22,3193.59,3228.32"
2025-04-15 05:00:00+07:00,"3228.33,3281.75,3211.55,3281.48"
2025-04-16 05:00:00+07:00,"3281.49,3357.87,3269.31,3344.4"
2025-04-17 05:00:00+07:00,"3344.37,3345.49,3283.76,3327.49"
2025-04-21 05:00:00+07:00,"3382.6,3494.92,3369.5,3487.71"
2025-04-22 05:00:00+07:00,"3487.79,3500.04,3315.36,3339.1"
2025-04-23 05:00:00+07:00,"3339.11,3367.74,3259.98,3326.86"
2025-04-24 05:00:00+07:00,"3326.85,3370.99,3306.53,3323.81"
2025-04-25 05:00:00+07:00,"3323.84,3327.96,3264.93,3319.62"
2025-04-28 05:00:00+07:00,"3290.7,3353.15,3272.98,3315.99"
2025-04-29 05:00:00+07:00,"3316.12,3330.05,3299.65,3304.92"
2025-04-30 05:00:00+07:00,"3304.93,3319.81,3228.87,3229.52"
2025-05-01 05:00:00+07:00,"3229.52,3258.57,3201.98,3255.15"
2025-05-02 05:00:00+07:00,"3255.16,3269.25,3222.67,3240.76"
2025-05-05 05:00:00+07:00,"3254.37,3387.11,3253.59,3360.58"
2025-05-06 05:00:00+07:00,"3360.59,3434.9,3350.07,3375.7"
2025-05-07 05:00:00+07:00,"3375.71,3414.76,3363.63,3396.89"
2025-05-08 05:00:00+07:00,"3396.87,3399.5,3274.74,3308.16"
2025-05-09 05:00:00+07:00,"3308.16,3347.49,3308.15,3325.66"
2025-05-12 05:00:00+07:00,"3283.5,3283.64,3207.79,3236.84"
2025-05-13 05:00:00+07:00,"3236.83,3265.67,3225.46,3228.28"
2025-05-14 05:00:00+07:00,"3228.28,3243.8,3148.37,3150.66"
2025-05-15 05:00:00+07:00,"3150.61,3252.33,3120.78,3211.81"
2025-05-16 05:00:00+07:00,"3211.73,3231.37,3154.3,3203.44"
2025-05-19 05:00:00+07:00,"3212.29,3248.64,3204.58,3211.35"
2025-05-20 05:00:00+07:00,"3211.28,3314.52,3207.98,3307.75"
2025-05-21 05:00:00+07:00,"3307.74,3345.27,3291.14,3335.4"
2025-05-22 05:00:00+07:00,"3335.39,3339.37,3279.64,3302.07"
2025-05-23 05:00:00+07:00,"3302.06,3366.15,3302,3357.93"
2025-05-26 05:00:00+07:00,"3347.79,3352.05,3323.3,3341.41"
2025-05-27 05:00:00+07:00,"3341.42,3341.62,3284.66,3297.63"
2025-05-28 05:00:00+07:00,"3297.64,3325.7,3245.32,3274.4"
2025-05-29 05:00:00+07:00,"3274.45,3331.32,3265.91,3294.67"
2025-05-30 05:00:00+07:00,"3294.52,3308.39,3271.3,3289.6"
2025-06-02 05:00:00+07:00,"3308.51,3392.34,3308.51,3361.28"
2025-06-03 05:00:00+07:00,"3361.3,3372.71,3333.24,3359.15"
2025-06-04 05:00:00+07:00,"3359.2,3384.73,3343.48,3369.9"
2025-06-05 05:00:00+07:00,"3369.91,3403.73,3339.27,3369.54"
2025-06-06 05:00:00+07:00,"3369.56,3375.84,3307.09,3309.69"
2025-06-09 05:00:00+07:00,"3310.66,3338.37,3301.77,3307.43"
2025-06-10 05:00:00+07:00,"3307.48,3349.35,3302.8,3339.25"
2025-06-11 05:00:00+07:00,"3339.24,3377.98,3319.23,3373.61"
2025-06-12 05:00:00+07:00,"3373.66,3444.62,3338.55,3425.4"
2025-06-13 05:00:00+07:00,"3425.4,3446.97,3407.71,3432.9"
2025-06-16 05:00:00+07:00,"3431.37,3433.55,3372.7,3387.83"
2025-06-17 05:00:00+07:00,"3387.78,3400.29,3365.93,3390.94"
2025-06-18 05:00:00+07:00,"3390.89,3400.12,3362.46,3373.44"
2025-06-19 05:00:00+07:00,"3373.45,3379.18,3344.73,3355.37"
2025-06-20 05:00:00+07:00,"3355.34,3374.52,3340.29,3368.49"
2025-06-23 05:00:00+07:00,"3363.22,3393.61,3333.47,3352.56"
2025-06-24 05:00:00+07:00,"3352.22,3353.5,3295.16,3328.19"
2025-06-25 05:00:00+07:00,"3328.2,3343.31,3311.89,3338.16"
2025-06-26 05:00:00+07:00,"3338.18,3350.47,3292.53,3294.53"
2025-06-27 05:00:00+07:00,"3294.53,3301.02,3255.92,3274.17"
2025-06-30 05:00:00+07:00,"3278.85,3322.78,3274.5,3321.3"
2025-07-01 05:00:00+07:00,"3321.29,3358.11,3318.85,3339.75"
2025-07-02 05:00:00+07:00,"3339.76,3365.62,3327.55,3347.35"
2025-07-03 05:00:00+07:00,"3347.36,3363.51,3311.7,3338.18"
2025-07-04 05:00:00+07:00,"3338.17,3345.17,3330.75,3336.69"
2025-07-07 05:00:00+07:00,"3311.12,3345.9,3296.5,3331.42"
2025-07-08 05:00:00+07:00,"3331.39,3339.69,3284.9,3293.18"
2025-07-09 05:00:00+07:00,"3293.2,3326.34,3282.53,3315.65"
2025-07-10 05:00:00+07:00,"3315.64,3336.14,3310.05,3333.93"
2025-07-11 05:00:00+07:00,"3333.92,3368.81,3329.7,3355.58"
2025-07-14 05:00:00+07:00,"3357.12,3374.98,3340.95,3358.06"
2025-07-15 05:00:00+07:00,"3358.05,3366.5,3320.06,3334.53"
2025-07-16 05:00:00+07:00,"3323.79,3377.41,3319.77,3346.96"
2025-07-17 05:00:00+07:00,"3349.73,3352.3,3309.74,3339.55"
2025-07-18 05:00:00+07:00,"3340.23,3361.21,3331.87,3349.87"
2025-07-21 05:00:00+07:00,"3348.87,3401.64,3344.94,3396.74"
2025-07-22 05:00:00+07:00,"3398.3,3433.59,3383.18,3431.69"
2025-07-23 05:00:00+07:00,"3431.42,3438.73,3381.32,3387.24"
2025-07-24 05:00:00+07:00,"3389.97,3393.19,3351.35,3368.2"
2025-07-25 05:00:00+07:00,"3368.5,3373.5,3325.02,3337.48"
2025-07-28 05:00:00+07:00,"3324.83,3345.34,3301.71,3315.05"
2025-07-29 05:00:00+07:00,"3314.67,3334.25,3308.18,3326.89"
2025-07-30 05:00:00+07:00,"3327.21,3334.11,3268.15,3275.74"
2025-07-31 05:00:00+07:00,"3275.39,3314.84,3273.95,3290.1"
2025-08-01 05:00:00+07:00,"3289.74,3363.56,3281.66,3362.69"
2025-08-04 05:00:00+07:00,"3366.2,3385.52,3345,3373.95"
2025-08-05 05:00:00+07:00,"3374.72,3390.54,3349.97,3380.86"
2025-08-06 05:00:00+07:00,"3381.03,3385.49,3358.24,3369.03"
2025-08-07 05:00:00+07:00,"3371.25,3402.06,3365.21,3397.78"
2025-08-08 05:00:00+07:00,"3403.31,3408.01,3377.19,3398.35"
2025-08-11 05:00:00+07:00,"3403.82,3405.17,3341.33,3342.79"
2025-08-12 05:00:00+07:00,"3343.24,3359.52,3330.97,3348.14"
2025-08-13 05:00:00+07:00,"3350.08,3370.84,3342.67,3355.99"
2025-08-14 05:00:00+07:00,"3356.94,3374.78,3329.95,3335.54"
2025-08-15 05:00:00+07:00,"3337.07,3348.89,3332.21,3336.2"
2025-08-18 05:00:00+07:00,"3337.23,3358.39,3323.48,3332.79"
2025-08-19 05:00:00+07:00,"3333.95,3345.16,3314.95,3315.97"
2025-08-20 05:00:00+07:00,"3317.03,3350.37,3311.41,3348.59"
2025-08-21 05:00:00+07:00,"3350.09,3352.26,3325.12,3338.72"
2025-08-22 05:00:00+07:00,"3339.13,3378.74,3321.54,3371.86"
2025-08-25 05:00:00+07:00,"3371.27,3376.39,3359.65,3366.09"
2025-08-26 05:00:00+07:00,"3365.75,3393.46,3351.32,3393.29"
2025-08-27 05:00:00+07:00,"3394.17,3398.99,3373.68,3396.81"
2025-08-28 05:00:00+07:00,"3398.23,3423.28,3384.49,3416.85"
2025-08-29 05:00:00+07:00,"3418.08,3453.93,3404.27,3448.05"
2025-09-01 05:00:00+07:00,"3445.58,3490.03,3437.2,3476.58"
2025-09-02 05:00:00+07:00,"3475.5,3540.01,3470.5,3533.17"
2025-09-03 05:00:00+07:00,"3531.49,3578.62,3526.37,3559.17"
2025-09-04 05:00:00+07:00,"3560.59,3563.93,3512.08,3545.64"
2025-09-05 05:00:00+07:00,"3544.5,3600.21,3539.97,3586.39"
2025-09-08 05:00:00+07:00,"3582.59,3646.49,3579.33,3635.82"
2025-09-09 05:00:00+07:00,"3635.17,3675,3625.09,3625.11"
2025-09-10 05:00:00+07:00,"3626.11,3657.51,3620.38,3640.58"
2025-09-11 05:00:00+07:00,"3643.04,3649,3613.7,3634.36"
2025-09-12 05:00:00+07:00,"3634.58,3656.74,3630.57,3643.02"
2025-09-15 05:00:00+07:00,"3643.03,3685.73,3626.61,3679.1"
2025-09-16 05:00:00+07:00,"3680.63,3703.17,3674.63,3689.92"
2025-09-17 05:00:00+07:00,"3689.71,3707.72,3645.94,3659.64"
2025-09-18 05:00:00+07:00,"3661.3,3673.05,3627.87,3644.77"
2025-09-19 05:00:00+07:00,"3643.74,3685.41,3632.23,3685.28"
2025-09-22 05:00:00+07:00,"3685.21,3748.97,3683.64,3746.49"
2025-09-23 05:00:00+07:00,"3745.52,3791.15,3736.66,3764.72"
2025-09-24 05:00:00+07:00,"3766.52,3779.28,3717.48,3735.8"
2025-09-25 05:00:00+07:00,"3739.26,3761.44,3722.14,3748.79"
2025-09-26 05:00:00+07:00,"3748.89,3783.67,3734.49,3760.51"
2025-09-29 05:00:00+07:00,"3761.06,3833.94,3760.93,3833.18"
2025-09-30 05:00:00+07:00,"3831.14,3871.71,3793.29,3858.86"
2025-10-01 05:00:00+07:00,"3858.06,3895.36,3853.34,3865.61"
2025-10-02 05:00:00+07:00,"3869.41,3896.86,3819.54,3856.46"
2025-10-03 05:00:00+07:00,"3857.23,3891.57,3838.31,3887.09"
2025-10-06 05:00:00+07:00,"3887.43,3969.97,3884.22,3960.46"
2025-10-07 05:00:00+07:00,"3959.27,3991.06,3940.74,3984.45"
2025-10-08 05:00:00+07:00,"3985.36,4059.28,3983.39,4040.54"
2025-10-09 05:00:00+07:00,"4041.08,4057.91,3944.69,3976.59"
2025-10-10 05:00:00+07:00,"3980.49,4023.14,3947.07,4018.36"
2025-10-13 05:00:00+07:00,"4028.06,4117.01,4008.23,4109.93"
2025-10-14 05:00:00+07:00,"4110.87,4179.55,4090.65,4142.18"
2025-10-15 05:00:00+07:00,"4144.15,4218.19,4140.42,4207.51"
2025-10-16 05:00:00+07:00,"4210.51,4330.81,4199.82,4328.49"
2025-10-17 05:00:00+07:00,"4336.73,4379.4,4186.23,4251.75"
2025-10-20 05:00:00+07:00,"4244.16,4381.61,4218.99,4356.26"
2025-10-21 05:00:00+07:00,"4359.15,4375.4,4082.19,4124.72"
2025-10-22 05:00:00+07:00,"4126.18,4161.27,4005.18,4098.67"
2025-10-23 05:00:00+07:00,"4104.81,4154.71,4066.12,4126.31"
2025-10-24 05:00:00+07:00,"4129.78,4144.34,4043.88,4111.71"
2025-10-27 05:00:00+07:00,"4078.53,4109.14,3971.48,3982.11"
2025-10-28 05:00:00+07:00,"3981.22,4019.83,3886.5,3952.24"
2025-10-29 05:00:00+07:00,"3956.49,4030.26,3917.62,3929.46"
2025-10-30 05:00:00+07:00,"3927.06,4027.18,3915.51,4024.91"
2025-10-31 05:00:00+07:00,"4023.6,4046.13,3972.55,4001.99"
2025-11-03 06:00:00+07:00,"3985.95,4030.39,3962.6,4001.61"
2025-11-04 06:00:00+07:00,"4002.63,4005.91,3928.76,3932.31"
2025-11-05 06:00:00+07:00,"3934.05,3990.67,3929.53,3979.35"
2025-11-06 06:00:00+07:00,"3977.54,4019.69,3964.51,3977.27"
2025-11-07 06:00:00+07:00,"3975.4,4027.35,3974.99,4000.32"
2025-11-10 06:00:00+07:00,"4000.09,4116.76,3999.67,4115.9"
2025-11-11 06:00:00+07:00,"4116.32,4149.09,4097.21,4126.51"
2025-11-12 06:00:00+07:00,"4130.25,4211.9,4098.88,4195.28"
2025-11-13 06:00:00+07:00,"4202.72,4244.94,4145.45,4171.55"
2025-11-14 06:00:00+07:00,"4172.55,4211.28,4032.31,4082.5"
2025-11-17 06:00:00+07:00,"4082.73,4106.66,4006.76,4044.87"
2025-11-18 06:00:00+07:00,"4050.87,4082.59,3997.92,4066.97"
2025-11-19 06:00:00+07:00,"4069.11,4132.74,4055.62,4077.69"
2025-11-20 06:00:00+07:00,"4080.27,4109.93,4038.79,4077.42"
2025-11-21 06:00:00+07:00,"4075.74,4101.18,4022.15,4065.51"
2025-11-24 06:00:00+07:00,"4068.91,4139.94,4039.97,4135.39"
2025-11-25 06:00:00+07:00,"4134.44,4158.96,4109.95,4130.82"
2025-11-26 06:00:00+07:00,"4132.56,4173.3,4129.71,4163.09"
2025-11-27 06:00:00+07:00,"4164.97,4168.9,4142.54,4157.55"
2025-11-28 06:00:00+07:00,"4160.35,4226.78,4156.95,4210.8"
2025-12-01 06:00:00+07:00,"4229.94,4264.79,4205.61,4231.52"
2025-12-02 06:00:00+07:00,"4229.8,4236.21,4163.55,4206.73"
2025-12-03 06:00:00+07:00,"4205.5,4241.68,4194.39,4203.03"
2025-12-04 06:00:00+07:00,"4205.32,4219.47,4174.89,4207.77"
2025-12-05 06:00:00+07:00,"4207.56,4259.3,4192.21,4197.77"
2025-12-08 06:00:00+07:00,"4196.6,4218.72,4176.01,4190"
2025-12-09 06:00:00+07:00,"4191.47,4221.04,4169.93,4207.63"
2025-12-10 06:00:00+07:00,"4209.79,4238.63,4181.86,4228.21"
2025-12-11 06:00:00+07:00,"4229.95,4286.04,4204.09,4280.44"
2025-12-12 06:00:00+07:00,"4282.15,4353.68,4257.62,4299.37"
2025-12-15 06:00:00+07:00,"4295.73,4350.13,4285.39,4305.36"
2025-12-16 06:00:00+07:00,"4307.86,4334.92,4271.53,4302.53"
2025-12-17 06:00:00+07:00,"4301.92,4349.26,4301.72,4337.87"
2025-12-18 06:00:00+07:00,"4339.53,4374.67,4308.5,4331.92"
2025-12-19 06:00:00+07:00,"4334.21,4356.22,4309.36,4337.76"
2025-12-22 06:00:00+07:00,"4338.82,4449.18,4337.96,4443.21"
2025-12-23 06:00:00+07:00,"4448.14,4499.9,4430.72,4484.28"
2025-12-24 06:00:00+07:00,"4486.13,4525.74,4448.32,4477.63"
2025-12-26 06:00:00+07:00,"4475.76,4549.94,4475.53,4533.59"
2025-12-29 06:00:00+07:00,"4547.67,4548.65,4302.68,4332.09"
2025-12-30 06:00:00+07:00,"4336.45,4404.34,4323.44,4338.69"
2025-12-31 06:00:00+07:00,"4342.19,4373.4,4274.54,4318.53"
2026-01-02 06:00:00+07:00,"4329.74,4402.51,4309.71,4331.96"
2026-01-05 06:00:00+07:00,"4350.56,4455.73,4345.83,4448.32"
2026-01-06 06:00:00+07:00,"4447.86,4497.52,4427.9,4495.03"
2026-01-07 06:00:00+07:00,"4496.18,4500.79,4423.43,4455.87"
2026-01-08 06:00:00+07:00,"4459.54,4479.7,4407.76,4478.22"
2026-01-09 06:00:00+07:00,"4480.2,4517.34,4452.81,4509.03"
2026-01-12 06:00:00+07:00,"4519.76,4630.28,4513.88,4598.87"
2026-01-13 06:00:00+07:00,"4606.58,4634.69,4569.74,4586.63"
2026-01-14 06:00:00+07:00,"4591.43,4642.89,4589.68,4627.23"
2026-01-15 06:00:00+07:00,"4631.71,4632.31,4581.32,4616.01"
2026-01-16 06:00:00+07:00,"4618.02,4621.03,4537.23,4596.6"
2026-01-19 06:00:00+07:00,"4634.26,4690.41,4629.15,4670.92"
2026-01-20 06:00:00+07:00,"4674.69,4766.35,4659.57,4763.66"
2026-01-21 06:00:00+07:00,"4761.38,4888.3,4755.7,4832.84"
2026-01-22 06:00:00+07:00,"4832.72,4940.94,4772.29,4936.14"
2026-01-23 06:00:00+07:00,"4944.22,4989.98,4899.92,4983.88"
2026-01-26 06:00:00+07:00,"5009.1,5110.99,4990.06,5010.85"
2026-01-27 06:00:00+07:00,"5024.66,5190.6,5013.78,5179.97"
2026-01-28 06:00:00+07:00,"5172.07,5419.17,5157.47,5414.92"
2026-01-29 06:00:00+07:00,"5422.84,5598.21,5100.11,5380.32"
2026-01-30 06:00:00+07:00,"5400.89,5450.93,4693.02,4890.31"
2026-02-02 06:00:00+07:00,"4779.95,4884.9,4403.16,4660.09"
2026-02-03 06:00:00+07:00,"4678.58,4993.81,4678.52,4946.76"
2026-02-04 06:00:00+07:00,"4962.79,5092,4851.83,4964.86"
2026-02-05 06:00:00+07:00,"4980.34,5024.01,4759.91,4776.59"
2026-02-06 06:00:00+07:00,"4762.65,4971.45,4655.52,4966.94"
2026-02-09 06:00:00+07:00,"4991.22,5086.88,4965.31,5059.51"
2026-02-10 06:00:00+07:00,"5068.1,5078.56,4988.56,5025.23"
2026-02-11 06:00:00+07:00,"5027.83,5118.89,5019.74,5084.27"
2026-02-12 06:00:00+07:00,"5096.09,5099.9,4879.2,4922.11"
2026-02-13 06:00:00+07:00,"4890.21,5046.07,4888.5,5042.22"
2026-02-16 06:00:00+07:00,"5035.24,5035.78,4965.12,4992.29"
2026-02-17 06:00:00+07:00,"4992.09,5000.67,4843.94,4878.76"
2026-02-18 06:00:00+07:00,"4872.66,5010.9,4854.19,4976.61"
2026-02-19 06:00:00+07:00,"4977.46,5022.3,4959.8,4996.28"
2026-02-20 06:00:00+07:00,"5003.98,5107.42,4981.79,5106.91"
2026-02-23 06:00:00+07:00,"5109.77,5237.95,5107.74,5227.67"
2026-02-24 06:00:00+07:00,"5231.57,5249.96,5091.25,5141.97"
2026-02-25 06:00:00+07:00,"5140.93,5217.68,5119.26,5164.84"
2026-02-26 06:00:00+07:00,"5165.41,5206.18,5129.55,5184.03"
2026-02-27 06:00:00+07:00,"5188.49,5281.54,5166.4,5278.07"
2026-03-02 06:00:00+07:00,"5316.6,5419.37,5260.18,5321.52"
2026-03-03 06:00:00+07:00,"5334.61,5379.96,4995.75,5087.68"
2026-03-04 06:00:00+07:00,"5109.81,5206.23,5084.47,5139.3"
2026-03-05 06:00:00+07:00,"5150.23,5195.16,5050.42,5083.64"
2026-03-06 06:00:00+07:00,"5084.41,5176.46,5061.73,5171.49"
2026-03-09 05:00:00+07:00,"5190.59,5192.82,5014.98,5138.56"
2026-03-10 05:00:00+07:00,"5149.54,5238.72,5117.31,5189"
2026-03-11 05:00:00+07:00,"5189.7,5223.48,5148.84,5176.11"
2026-03-12 05:00:00+07:00,"5181.94,5191.79,5054.52,5078.45"
2026-03-13 05:00:00+07:00,"5075.61,5128.43,5009.62,5018.57"
2026-03-16 05:00:00+07:00,"5011.83,5038.95,4967.1,5004.76"
2026-03-17 05:00:00+07:00,"5010.81,5044.64,4972.96,5005.88"
2026-03-18 05:00:00+07:00,"5005.48,5016.45,4806.64,4818.16"
2026-03-19 05:00:00+07:00,"4825.05,4867.21,4502.35,4649.28"
2026-03-20 05:00:00+07:00,"4650.73,4736.07,4476.3,4490.88"
2026-03-23 05:00:00+07:00,"4448.16,4535.89,4097.96,4406.72"
2026-03-24 05:00:00+07:00,"4412.89,4484.37,4305.99,4471.13"
2026-03-25 05:00:00+07:00,"4472,4602.91,4455.63,4508.17"
2026-03-26 05:00:00+07:00,"4512.69,4544.44,4350.87,4382.28"
2026-03-27 05:00:00+07:00,"4377.35,4556.28,4375.26,4492.09"
2026-03-30 05:00:00+07:00,"4493.7,4581.91,4417.45,4510.95"
2026-03-31 05:00:00+07:00,"4511.85,4687.37,4482.5,4669.86"
2026-04-01 05:00:00+07:00,"4670.07,4793.28,4661.24,4758.38"
2026-04-02 05:00:00+07:00,"4760.17,4800.61,4553.44,4676.41"
2026-04-06 05:00:00+07:00,"4661.7,4706.67,4585.54,4648.67"
2026-04-07 05:00:00+07:00,"4650.64,4719.34,4607.33,4704.68"
2026-04-08 05:00:00+07:00,"4709.53,4858.68,4699.31,4719.4"
2026-04-09 05:00:00+07:00,"4721.06,4801.43,4698.34,4764.55"
2026-04-10 05:00:00+07:00,"4769.14,4795.29,4717.22,4746.28"
2026-04-13 05:00:00+07:00,"4705.56,4801.63,4629.45,4742.04"
2026-04-14 05:00:00+07:00,"4744.25,4846.37,4744.06,4840.73"
2026-04-15 05:00:00+07:00,"4838.96,4871.52,4785.66,4790.68"
2026-04-16 05:00:00+07:00,"4789.79,4838.58,4770.96,4789.39"
2026-04-17 05:00:00+07:00,"4789.62,4889.47,4767.68,4828.82"
2026-04-20 05:00:00+07:00,"4791.5,4827.71,4736.64,4820.21"
2026-04-21 05:00:00+07:00,"4822.05,4833.59,4668,4719.44"
2026-04-22 05:00:00+07:00,"4719.25,4772.52,4715.4,4738.93"
2026-04-23 05:00:00+07:00,"4740.63,4754.12,4664.05,4692.33"
2026-04-24 05:00:00+07:00,"4696.06,4740.37,4657.37,4709.17"
2026-04-27 05:00:00+07:00,"4697.76,4730.1,4667.03,4681.97"
2026-04-28 05:00:00+07:00,"4681.76,4701.71,4554.77,4594.88"
2026-04-29 05:00:00+07:00,"4595.27,4610.5,4510.11,4543.77"
2026-04-30 05:00:00+07:00,"4544.16,4647.41,4539.14,4621.29"
2026-05-01 05:00:00+07:00,"4624.92,4660.76,4560.08,4613.55"
2026-05-04 05:00:00+07:00,"4631.02,4637.66,4500.23,4521.43"
2026-05-05 05:00:00+07:00,"4521.63,4586.82,4513.34,4554.75"
2026-05-06 05:00:00+07:00,"4556.08,4723.43,4546.29,4690.83"
2026-05-07 05:00:00+07:00,"4688.18,4764.8,4684.63,4685.13"
2026-05-08 05:00:00+07:00,"4677.9,4749.68,4676.79,4713.86"
2026-05-11 05:00:00+07:00,"4682.55,4748.63,4647.76,4735.61"
2026-05-12 05:00:00+07:00,"4734.96,4773.52,4637.94,4713.46"
2026-05-13 05:00:00+07:00,"4714.73,4727.11,4669.31,4686.76"
2026-05-14 05:00:00+07:00,"4691.1,4719.35,4644.25,4649.29"
2026-05-15 05:00:00+07:00,"4652.2,4665.39,4511.37,4538.69"
2026-05-18 05:00:00+07:00,"4532.19,4584.5,4480.11,4566.14"
2026-05-19 05:00:00+07:00,"4564.92,4589.78,4464.48,4481.7"
2026-05-20 05:00:00+07:00,"4481.51,4553.48,4453.07,4542.29"
2026-05-21 05:00:00+07:00,"4541.93,4570.72,4488.95,4543.02"
2026-05-22 05:00:00+07:00,"4540.46,4546.16,4491.42,4508.51"
